DATE,HOUR,RENTED_BIKE_COUNT
01/01/2014,0,115
01/01/2014,1,204
01/01/2014,2,161
01/01/2014,3,144
01/01/2014,4,61
01/01/2014,5,41
01/01/2014,6,38
01/01/2014,7,58
01/01/2014,8,91
01/01/2014,9,129
01/01/2014,10,191
01/01/2014,11,309
01/01/2014,12,424
01/01/2014,13,468
01/01/2014,14,552
01/01/2014,15,542
01/01/2014,16,620
01/01/2014,17,480
01/01/2014,18,382
01/01/2014,19,299
01/01/2014,20,261
01/01/2014,21,223
01/01/2014,22,157
01/01/2014,23,109
01/01/2015,0,114
01/01/2015,1,152
01/01/2015,2,146
01/01/2015,3,83
01/01/2015,4,40
01/01/2015,5,28
01/01/2015,6,36
01/01/2015,7,52
01/01/2015,8,70
01/01/2015,9,122
01/01/2015,10,214
01/01/2015,11,317
01/01/2015,12,351
01/01/2015,13,427
01/01/2015,14,443
01/01/2015,15,497
01/01/2015,16,542
01/01/2015,17,413
01/01/2015,18,340
01/01/2015,19,245
01/01/2015,20,213
01/01/2015,21,190
01/01/2015,22,166
01/01/2015,23,116
01/01/2016,0,297
01/01/2016,1,372
01/01/2016,2,287
01/01/2016,3,223
01/01/2016,4,94
01/01/2016,5,48
01/01/2016,6,76
01/01/2016,7,97
01/01/2016,8,178
01/01/2016,9,302
01/01/2016,10,455
01/01/2016,11,741
01/01/2016,12,874
01/01/2016,13,1032
01/01/2016,14,967
01/01/2016,15,998
01/01/2016,16,978
01/01/2016,17,710
01/01/2016,18,620
01/01/2016,19,493
01/01/2016,20,390
01/01/2016,21,273
01/01/2016,22,276
01/01/2016,23,228
01/01/2018,0,119
01/01/2018,1,168
01/01/2018,2,98
01/01/2018,3,72
01/01/2018,4,34
01/01/2018,5,26
01/01/2018,6,39
01/01/2018,7,68
01/01/2018,8,116
01/01/2018,9,162
01/01/2018,10,218
01/01/2018,11,349
01/01/2018,12,385
01/01/2018,13,444
01/01/2018,14,449
01/01/2018,15,484
01/01/2018,16,463
01/01/2018,17,435
01/01/2018,18,409
01/01/2018,19,291
01/01/2018,20,243
01/01/2018,21,193
01/01/2018,22,155
01/01/2018,23,80
01/02/2014,0,184
01/02/2014,1,114
01/02/2014,2,93
01/02/2014,3,55
01/02/2014,4,39
01/02/2014,5,33
01/02/2014,6,64
01/02/2014,7,131
01/02/2014,8,311
01/02/2014,9,555
01/02/2014,10,729
01/02/2014,11,984
01/02/2014,12,1113
01/02/2014,13,1215
01/02/2014,14,1174
01/02/2014,15,1184
01/02/2014,16,1149
01/02/2014,17,896
01/02/2014,18,777
01/02/2014,19,603
01/02/2014,20,449
01/02/2014,21,312
01/02/2014,22,321
01/02/2014,23,286
01/02/2015,0,88
01/02/2015,1,57
01/02/2015,2,33
01/02/2015,3,23
01/02/2015,4,14
01/02/2015,5,14
01/02/2015,6,26
01/02/2015,7,52
01/02/2015,8,157
01/02/2015,9,232
01/02/2015,10,422
01/02/2015,11,528
01/02/2015,12,546
01/02/2015,13,572
01/02/2015,14,614
01/02/2015,15,592
01/02/2015,16,608
01/02/2015,17,622
01/02/2015,18,450
01/02/2015,19,206
01/02/2015,20,162
01/02/2015,21,111
01/02/2015,22,210
01/02/2015,23,102
01/02/2016,0,132
01/02/2016,1,68
01/02/2016,2,31
01/02/2016,3,21
01/02/2016,4,44
01/02/2016,5,217
01/02/2016,6,769
01/02/2016,7,1667
01/02/2016,8,2973
01/02/2016,9,2010
01/02/2016,10,886
01/02/2016,11,910
01/02/2016,12,1105
01/02/2016,13,1032
01/02/2016,14,1159
01/02/2016,15,1063
01/02/2016,16,1012
01/02/2016,17,2070
01/02/2016,18,2687
01/02/2016,19,1752
01/02/2016,20,1138
01/02/2016,21,803
01/02/2016,22,514
01/02/2016,23,271
01/02/2018,0,184
01/02/2018,1,88
01/02/2018,2,45
01/02/2018,3,28
01/02/2018,4,39
01/02/2018,5,295
01/02/2018,6,1046
01/02/2018,7,2300
01/02/2018,8,4080
01/02/2018,9,2811
01/02/2018,10,1374
01/02/2018,11,1345
01/02/2018,12,1649
01/02/2018,13,1595
01/02/2018,14,1713
01/02/2018,15,1851
01/02/2018,16,2356
01/02/2018,17,3661
01/02/2018,18,3395
01/02/2018,19,2187
01/02/2018,20,1448
01/02/2018,21,1147
01/02/2018,22,660
01/02/2018,23,264
01/03/2014,0,119
01/03/2014,1,62
01/03/2014,2,39
01/03/2014,3,22
01/03/2014,4,30
01/03/2014,5,29
01/03/2014,6,61
01/03/2014,7,103
01/03/2014,8,243
01/03/2014,9,422
01/03/2014,10,515
01/03/2014,11,686
01/03/2014,12,752
01/03/2014,13,810
01/03/2014,14,848
01/03/2014,15,914
01/03/2014,16,837
01/03/2014,17,734
01/03/2014,18,586
01/03/2014,19,442
01/03/2014,20,317
01/03/2014,21,216
01/03/2014,22,221
01/03/2014,23,194
01/03/2015,0,108
01/03/2015,1,67
01/03/2015,2,53
01/03/2015,3,30
01/03/2015,4,27
01/03/2015,5,16
01/03/2015,6,35
01/03/2015,7,84
01/03/2015,8,167
01/03/2015,9,310
01/03/2015,10,390
01/03/2015,11,483
01/03/2015,12,380
01/03/2015,13,196
01/03/2015,14,106
01/03/2015,15,93
01/03/2015,16,42
01/03/2015,17,51
01/03/2015,18,62
01/03/2015,19,33
01/03/2015,20,33
01/03/2015,21,40
01/03/2015,22,41
01/03/2015,23,32
01/03/2016,0,132
01/03/2016,1,72
01/03/2016,2,36
01/03/2016,3,31
01/03/2016,4,52
01/03/2016,5,255
01/03/2016,6,939
01/03/2016,7,2056
01/03/2016,8,3577
01/03/2016,9,2305
01/03/2016,10,1222
01/03/2016,11,1076
01/03/2016,12,1225
01/03/2016,13,1441
01/03/2016,14,1399
01/03/2016,15,1476
01/03/2016,16,1908
01/03/2016,17,3183
01/03/2016,18,3024
01/03/2016,19,1961
01/03/2016,20,1267
01/03/2016,21,902
01/03/2016,22,618
01/03/2016,23,352
01/03/2018,0,329
01/03/2018,1,146
01/03/2018,2,86
01/03/2018,3,32
01/03/2018,4,72
01/03/2018,5,372
01/03/2018,6,1404
01/03/2018,7,3200
01/03/2018,8,5657
01/03/2018,9,3693
01/03/2018,10,2129
01/03/2018,11,1923
01/03/2018,12,2198
01/03/2018,13,2303
01/03/2018,14,2388
01/03/2018,15,2624
01/03/2018,16,3272
01/03/2018,17,4848
01/03/2018,18,4568
01/03/2018,19,2593
01/03/2018,20,1179
01/03/2018,21,266
01/03/2018,22,184
01/03/2018,23,98
01/04/2014,0,105
01/04/2014,1,45
01/04/2014,2,31
01/04/2014,3,12
01/04/2014,4,35
01/04/2014,5,116
01/04/2014,6,520
01/04/2014,7,1214
01/04/2014,8,2312
01/04/2014,9,1686
01/04/2014,10,966
01/04/2014,11,818
01/04/2014,12,1060
01/04/2014,13,1130
01/04/2014,14,1185
01/04/2014,15,1252
01/04/2014,16,1593
01/04/2014,17,2770
01/04/2014,18,2844
01/04/2014,19,1745
01/04/2014,20,957
01/04/2014,21,728
01/04/2014,22,523
01/04/2014,23,261
01/04/2015,0,101
01/04/2015,1,43
01/04/2015,2,32
01/04/2015,3,13
01/04/2015,4,28
01/04/2015,5,128
01/04/2015,6,488
01/04/2015,7,1072
01/04/2015,8,1932
01/04/2015,9,1348
01/04/2015,10,753
01/04/2015,11,721
01/04/2015,12,860
01/04/2015,13,905
01/04/2015,14,893
01/04/2015,15,997
01/04/2015,16,1354
01/04/2015,17,2371
01/04/2015,18,2434
01/04/2015,19,1538
01/04/2015,20,907
01/04/2015,21,619
01/04/2015,22,334
01/04/2015,23,275
01/04/2016,0,305
01/04/2016,1,155
01/04/2016,2,87
01/04/2016,3,50
01/04/2016,4,70
01/04/2016,5,200
01/04/2016,6,834
01/04/2016,7,1405
01/04/2016,8,2571
01/04/2016,9,2664
01/04/2016,10,1400
01/04/2016,11,1458
01/04/2016,12,1338
01/04/2016,13,1739
01/04/2016,14,1981
01/04/2016,15,2328
01/04/2016,16,3065
01/04/2016,17,4144
01/04/2016,18,3428
01/04/2016,19,1627
01/04/2016,20,1234
01/04/2016,21,957
01/04/2016,22,777
01/04/2016,23,632
01/04/2017,0,94
01/04/2017,1,93
01/04/2017,2,43
01/04/2017,3,41
01/04/2017,4,22
01/04/2017,5,26
01/04/2017,6,104
01/04/2017,7,285
01/04/2017,8,702
01/04/2017,9,1075
01/04/2017,10,1403
01/04/2017,11,1719
01/04/2017,12,1982
01/04/2017,13,2024
01/04/2017,14,1982
01/04/2017,15,2022
01/04/2017,16,2075
01/04/2017,17,2068
01/04/2017,18,1797
01/04/2017,19,1427
01/04/2017,20,973
01/04/2017,21,726
01/04/2017,22,643
01/04/2017,23,523
01/04/2018,0,366
01/04/2018,1,252
01/04/2018,2,145
01/04/2018,3,91
01/04/2018,4,65
01/04/2018,5,53
01/04/2018,6,119
01/04/2018,7,345
01/04/2018,8,744
01/04/2018,9,1284
01/04/2018,10,1970
01/04/2018,11,2487
01/04/2018,12,2731
01/04/2018,13,3097
01/04/2018,14,3188
01/04/2018,15,3043
01/04/2018,16,3053
01/04/2018,17,2792
01/04/2018,18,2452
01/04/2018,19,1800
01/04/2018,20,1179
01/04/2018,21,882
01/04/2018,22,606
01/04/2018,23,405
01/05/2014,0,23
01/05/2014,1,20
01/05/2014,2,8
01/05/2014,3,12
01/05/2014,4,18
01/05/2014,5,94
01/05/2014,6,381
01/05/2014,7,790
01/05/2014,8,1708
01/05/2014,9,1313
01/05/2014,10,752
01/05/2014,11,823
01/05/2014,12,1239
01/05/2014,13,1359
01/05/2014,14,1425
01/05/2014,15,1611
01/05/2014,16,1989
01/05/2014,17,3368
01/05/2014,18,3610
01/05/2014,19,2464
01/05/2014,20,1539
01/05/2014,21,1075
01/05/2014,22,633
01/05/2014,23,508
01/05/2015,0,217
01/05/2015,1,106
01/05/2015,2,48
01/05/2015,3,30
01/05/2015,4,38
01/05/2015,5,156
01/05/2015,6,708
01/05/2015,7,1421
01/05/2015,8,2632
01/05/2015,9,2124
01/05/2015,10,1223
01/05/2015,11,1161
01/05/2015,12,1400
01/05/2015,13,1506
01/05/2015,14,1616
01/05/2015,15,1785
01/05/2015,16,2186
01/05/2015,17,3096
01/05/2015,18,2446
01/05/2015,19,1587
01/05/2015,20,910
01/05/2015,21,616
01/05/2015,22,528
01/05/2015,23,384
01/05/2016,0,433
01/05/2016,1,244
01/05/2016,2,188
01/05/2016,3,110
01/05/2016,4,64
01/05/2016,5,57
01/05/2016,6,120
01/05/2016,7,237
01/05/2016,8,357
01/05/2016,9,415
01/05/2016,10,364
01/05/2016,11,500
01/05/2016,12,502
01/05/2016,13,717
01/05/2016,14,904
01/05/2016,15,1128
01/05/2016,16,857
01/05/2016,17,773
01/05/2016,18,713
01/05/2016,19,601
01/05/2016,20,439
01/05/2016,21,358
01/05/2016,22,372
01/05/2016,23,244
01/05/2017,0,261
01/05/2017,1,110
01/05/2017,2,52
01/05/2017,3,26
01/05/2017,4,53
01/05/2017,5,365
01/05/2017,6,1324
01/05/2017,7,2809
01/05/2017,8,4773
01/05/2017,9,3430
01/05/2017,10,2058
01/05/2017,11,1950
01/05/2017,12,2361
01/05/2017,13,2651
01/05/2017,14,2881
01/05/2017,15,3026
01/05/2017,16,3835
01/05/2017,17,6583
01/05/2017,18,6684
01/05/2017,19,4457
01/05/2017,20,2894
01/05/2017,21,1761
01/05/2017,22,1266
01/05/2017,23,608
01/05/2018,0,238
01/05/2018,1,111
01/05/2018,2,80
01/05/2018,3,66
01/05/2018,4,77
01/05/2018,5,477
01/05/2018,6,1859
01/05/2018,7,3977
01/05/2018,8,6662
01/05/2018,9,4330
01/05/2018,10,2727
01/05/2018,11,2830
01/05/2018,12,3157
01/05/2018,13,3273
01/05/2018,14,3460
01/05/2018,15,3602
01/05/2018,16,4728
01/05/2018,17,8000
01/05/2018,18,8227
01/05/2018,19,5628
01/05/2018,20,3636
01/05/2018,21,2387
01/05/2018,22,1582
01/05/2018,23,921
01/06/2014,0,416
01/06/2014,1,290
01/06/2014,2,160
01/06/2014,3,105
01/06/2014,4,64
01/06/2014,5,58
01/06/2014,6,125
01/06/2014,7,247
01/06/2014,8,571
01/06/2014,9,1057
01/06/2014,10,1601
01/06/2014,11,2020
01/06/2014,12,2485
01/06/2014,13,2574
01/06/2014,14,2821
01/06/2014,15,2869
01/06/2014,16,2819
01/06/2014,17,2805
01/06/2014,18,2495
01/06/2014,19,2056
01/06/2014,20,1541
01/06/2014,21,978
01/06/2014,22,727
01/06/2014,23,449
01/06/2015,0,79
01/06/2015,1,61
01/06/2015,2,28
01/06/2015,3,10
01/06/2015,4,11
01/06/2015,5,106
01/06/2015,6,517
01/06/2015,7,1066
01/06/2015,8,1481
01/06/2015,9,1590
01/06/2015,10,372
01/06/2015,11,109
01/06/2015,12,216
01/06/2015,13,613
01/06/2015,14,741
01/06/2015,15,930
01/06/2015,16,1211
01/06/2015,17,2202
01/06/2015,18,1963
01/06/2015,19,765
01/06/2015,20,579
01/06/2015,21,323
01/06/2015,22,185
01/06/2015,23,125
01/06/2016,0,317
01/06/2016,1,155
01/06/2016,2,80
01/06/2016,3,48
01/06/2016,4,59
01/06/2016,5,321
01/06/2016,6,1506
01/06/2016,7,3215
01/06/2016,8,5284
01/06/2016,9,3635
01/06/2016,10,2136
01/06/2016,11,2101
01/06/2016,12,2338
01/06/2016,13,2445
01/06/2016,14,2452
01/06/2016,15,2736
01/06/2016,16,3349
01/06/2016,17,5751
01/06/2016,18,5919
01/06/2016,19,4101
01/06/2016,20,2774
01/06/2016,21,1883
01/06/2016,22,1279
01/06/2016,23,781
01/06/2017,0,450
01/06/2017,1,194
01/06/2017,2,87
01/06/2017,3,59
01/06/2017,4,84
01/06/2017,5,472
01/06/2017,6,1771
01/06/2017,7,3674
01/06/2017,8,6244
01/06/2017,9,4466
01/06/2017,10,2631
01/06/2017,11,2631
01/06/2017,12,3059
01/06/2017,13,3038
01/06/2017,14,3317
01/06/2017,15,3390
01/06/2017,16,4316
01/06/2017,17,7117
01/06/2017,18,6961
01/06/2017,19,4777
01/06/2017,20,3454
01/06/2017,21,2302
01/06/2017,22,1696
01/06/2017,23,1213
01/07/2013,0,229
01/07/2013,1,106
01/07/2013,2,74
01/07/2013,3,41
01/07/2013,4,37
01/07/2013,5,128
01/07/2013,6,442
01/07/2013,7,875
01/07/2013,8,1738
01/07/2013,9,955
01/07/2013,10,258
01/07/2013,11,182
01/07/2013,12,438
01/07/2013,13,514
01/07/2013,14,456
01/07/2013,15,586
01/07/2013,16,885
01/07/2013,17,1750
01/07/2013,18,1989
01/07/2013,19,1729
01/07/2013,20,1275
01/07/2013,21,870
01/07/2013,22,672
01/07/2013,23,421
01/07/2014,0,276
01/07/2014,1,130
01/07/2014,2,84
01/07/2014,3,48
01/07/2014,4,50
01/07/2014,5,211
01/07/2014,6,999
01/07/2014,7,1877
01/07/2014,8,3201
01/07/2014,9,2334
01/07/2014,10,1319
01/07/2014,11,1226
01/07/2014,12,1417
01/07/2014,13,1473
01/07/2014,14,1615
01/07/2014,15,2124
01/07/2014,16,2022
01/07/2014,17,2599
01/07/2014,18,3797
01/07/2014,19,2935
01/07/2014,20,2053
01/07/2014,21,1397
01/07/2014,22,1021
01/07/2014,23,646
01/07/2015,0,250
01/07/2015,1,126
01/07/2015,2,50
01/07/2015,3,37
01/07/2015,4,28
01/07/2015,5,173
01/07/2015,6,779
01/07/2015,7,1688
01/07/2015,8,3499
01/07/2015,9,2618
01/07/2015,10,1521
01/07/2015,11,1373
01/07/2015,12,1649
01/07/2015,13,1651
01/07/2015,14,1700
01/07/2015,15,1879
01/07/2015,16,2399
01/07/2015,17,4029
01/07/2015,18,4145
01/07/2015,19,2864
01/07/2015,20,1967
01/07/2015,21,1339
01/07/2015,22,1106
01/07/2015,23,669
01/07/2016,0,567
01/07/2016,1,280
01/07/2016,2,163
01/07/2016,3,105
01/07/2016,4,95
01/07/2016,5,301
01/07/2016,6,1131
01/07/2016,7,2115
01/07/2016,8,3919
01/07/2016,9,3227
01/07/2016,10,2140
01/07/2016,11,2223
01/07/2016,12,2622
01/07/2016,13,3165
01/07/2016,14,3490
01/07/2016,15,3192
01/07/2016,16,2947
01/07/2016,17,2003
01/07/2016,18,1673
01/07/2016,19,1816
01/07/2016,20,838
01/07/2016,21,762
01/07/2016,22,385
01/07/2016,23,510
01/07/2017,0,610
01/07/2017,1,404
01/07/2017,2,232
01/07/2017,3,148
01/07/2017,4,97
01/07/2017,5,122
01/07/2017,6,310
01/07/2017,7,603
01/07/2017,8,1197
01/07/2017,9,1921
01/07/2017,10,2514
01/07/2017,11,3044
01/07/2017,12,3186
01/07/2017,13,3198
01/07/2017,14,2825
01/07/2017,15,2281
01/07/2017,16,3053
01/07/2017,17,2988
01/07/2017,18,2708
01/07/2017,19,856
01/07/2017,20,1427
01/07/2017,21,1157
01/07/2017,22,1016
01/07/2017,23,840
01/08/2013,0,405
01/08/2013,1,185
01/08/2013,2,125
01/08/2013,3,62
01/08/2013,4,58
01/08/2013,5,189
01/08/2013,6,811
01/08/2013,7,1716
01/08/2013,8,3086
01/08/2013,9,2008
01/08/2013,10,851
01/08/2013,11,428
01/08/2013,12,264
01/08/2013,13,232
01/08/2013,14,304
01/08/2013,15,261
01/08/2013,16,774
01/08/2013,17,1856
01/08/2013,18,2434
01/08/2013,19,1280
01/08/2013,20,879
01/08/2013,21,729
01/08/2013,22,770
01/08/2013,23,431
01/08/2014,0,393
01/08/2014,1,171
01/08/2014,2,126
01/08/2014,3,53
01/08/2014,4,69
01/08/2014,5,208
01/08/2014,6,823
01/08/2014,7,1632
01/08/2014,8,2950
01/08/2014,9,2272
01/08/2014,10,1365
01/08/2014,11,1406
01/08/2014,12,1682
01/08/2014,13,1884
01/08/2014,14,1922
01/08/2014,15,1952
01/08/2014,16,2496
01/08/2014,17,2958
01/08/2014,18,2711
01/08/2014,19,1966
01/08/2014,20,1329
01/08/2014,21,953
01/08/2014,22,722
01/08/2014,23,611
01/08/2015,0,561
01/08/2015,1,363
01/08/2015,2,211
01/08/2015,3,135
01/08/2015,4,102
01/08/2015,5,65
01/08/2015,6,228
01/08/2015,7,516
01/08/2015,8,1037
01/08/2015,9,1770
01/08/2015,10,2328
01/08/2015,11,3028
01/08/2015,12,3286
01/08/2015,13,2643
01/08/2015,14,2513
01/08/2015,15,2658
01/08/2015,16,2467
01/08/2015,17,2419
01/08/2015,18,2236
01/08/2015,19,2025
01/08/2015,20,1597
01/08/2015,21,1220
01/08/2015,22,979
01/08/2015,23,792
01/08/2016,0,134
01/08/2016,1,98
01/08/2016,2,60
01/08/2016,3,36
01/08/2016,4,73
01/08/2016,5,309
01/08/2016,6,1241
01/08/2016,7,2525
01/08/2016,8,4437
01/08/2016,9,3356
01/08/2016,10,1746
01/08/2016,11,1551
01/08/2016,12,1953
01/08/2016,13,2159
01/08/2016,14,2220
01/08/2016,15,2317
01/08/2016,16,3209
01/08/2016,17,5627
01/08/2016,18,5898
01/08/2016,19,3942
01/08/2016,20,2703
01/08/2016,21,1785
01/08/2016,22,1266
01/08/2016,23,756
01/08/2017,0,415
01/08/2017,1,185
01/08/2017,2,100
01/08/2017,3,60
01/08/2017,4,103
01/08/2017,5,566
01/08/2017,6,2098
01/08/2017,7,3881
01/08/2017,8,6300
01/08/2017,9,4469
01/08/2017,10,2432
01/08/2017,11,2311
01/08/2017,12,2719
01/08/2017,13,2821
01/08/2017,14,2771
01/08/2017,15,3015
01/08/2017,16,3954
01/08/2017,17,7025
01/08/2017,18,7478
01/08/2017,19,5237
01/08/2017,20,3582
01/08/2017,21,2367
01/08/2017,22,1728
01/08/2017,23,1060
01/09/2013,0,480
01/09/2013,1,320
01/09/2013,2,195
01/09/2013,3,121
01/09/2013,4,77
01/09/2013,5,52
01/09/2013,6,81
01/09/2013,7,211
01/09/2013,8,440
01/09/2013,9,868
01/09/2013,10,1201
01/09/2013,11,1388
01/09/2013,12,1804
01/09/2013,13,1973
01/09/2013,14,2171
01/09/2013,15,2204
01/09/2013,16,2196
01/09/2013,17,2163
01/09/2013,18,1987
01/09/2013,19,1617
01/09/2013,20,1188
01/09/2013,21,984
01/09/2013,22,854
01/09/2013,23,660
01/09/2014,0,312
01/09/2014,1,178
01/09/2014,2,125
01/09/2014,3,88
01/09/2014,4,64
01/09/2014,5,44
01/09/2014,6,114
01/09/2014,7,222
01/09/2014,8,480
01/09/2014,9,811
01/09/2014,10,1220
01/09/2014,11,1631
01/09/2014,12,1853
01/09/2014,13,2024
01/09/2014,14,2117
01/09/2014,15,2038
01/09/2014,16,2066
01/09/2014,17,1885
01/09/2014,18,1862
01/09/2014,19,1591
01/09/2014,20,1078
01/09/2014,21,826
01/09/2014,22,597
01/09/2014,23,349
01/09/2015,0,313
01/09/2015,1,151
01/09/2015,2,91
01/09/2015,3,34
01/09/2015,4,47
01/09/2015,5,282
01/09/2015,6,1207
01/09/2015,7,2392
01/09/2015,8,4103
01/09/2015,9,2984
01/09/2015,10,1624
01/09/2015,11,1553
01/09/2015,12,1838
01/09/2015,13,1867
01/09/2015,14,1844
01/09/2015,15,1971
01/09/2015,16,2630
01/09/2015,17,4599
01/09/2015,18,4901
01/09/2015,19,3478
01/09/2015,20,2131
01/09/2015,21,1573
01/09/2015,22,1109
01/09/2015,23,569
01/09/2016,0,483
01/09/2016,1,130
01/09/2016,2,100
01/09/2016,3,61
01/09/2016,4,48
01/09/2016,5,269
01/09/2016,6,905
01/09/2016,7,1392
01/09/2016,8,2710
01/09/2016,9,1237
01/09/2016,10,1098
01/09/2016,11,1618
01/09/2016,12,2220
01/09/2016,13,2408
01/09/2016,14,1035
01/09/2016,15,1037
01/09/2016,16,2686
01/09/2016,17,4704
01/09/2016,18,4793
01/09/2016,19,3442
01/09/2016,20,2175
01/09/2016,21,1615
01/09/2016,22,1218
01/09/2016,23,803
01/09/2017,0,535
01/09/2017,1,292
01/09/2017,2,125
01/09/2017,3,82
01/09/2017,4,87
01/09/2017,5,371
01/09/2017,6,1363
01/09/2017,7,2636
01/09/2017,8,4842
01/09/2017,9,3944
01/09/2017,10,2757
01/09/2017,11,2788
01/09/2017,12,3501
01/09/2017,13,4027
01/09/2017,14,3786
01/09/2017,15,3348
01/09/2017,16,3556
01/09/2017,17,4182
01/09/2017,18,4188
01/09/2017,19,3069
01/09/2017,20,1952
01/09/2017,21,1442
01/09/2017,22,1128
01/09/2017,23,880
01/10/2013,0,275
01/10/2013,1,140
01/10/2013,2,68
01/10/2013,3,37
01/10/2013,4,59
01/10/2013,5,224
01/10/2013,6,959
01/10/2013,7,2193
01/10/2013,8,3770
01/10/2013,9,2674
01/10/2013,10,1545
01/10/2013,11,1579
01/10/2013,12,1902
01/10/2013,13,1967
01/10/2013,14,1885
01/10/2013,15,2078
01/10/2013,16,2698
01/10/2013,17,4288
01/10/2013,18,4396
01/10/2013,19,2847
01/10/2013,20,1920
01/10/2013,21,1406
01/10/2013,22,1033
01/10/2013,23,632
01/10/2014,0,180
01/10/2014,1,117
01/10/2014,2,49
01/10/2014,3,26
01/10/2014,4,60
01/10/2014,5,229
01/10/2014,6,858
01/10/2014,7,1601
01/10/2014,8,2382
01/10/2014,9,1955
01/10/2014,10,1181
01/10/2014,11,839
01/10/2014,12,808
01/10/2014,13,1037
01/10/2014,14,1323
01/10/2014,15,1321
01/10/2014,16,1533
01/10/2014,17,2827
01/10/2014,18,3444
01/10/2014,19,2229
01/10/2014,20,1597
01/10/2014,21,1153
01/10/2014,22,725
01/10/2014,23,468
01/10/2015,0,315
01/10/2015,1,160
01/10/2015,2,67
01/10/2015,3,45
01/10/2015,4,62
01/10/2015,5,280
01/10/2015,6,1229
01/10/2015,7,2751
01/10/2015,8,4853
01/10/2015,9,3277
01/10/2015,10,1854
01/10/2015,11,1731
01/10/2015,12,2043
01/10/2015,13,2077
01/10/2015,14,2087
01/10/2015,15,2149
01/10/2015,16,2100
01/10/2015,17,1964
01/10/2015,18,1399
01/10/2015,19,1166
01/10/2015,20,976
01/10/2015,21,789
01/10/2015,22,768
01/10/2015,23,577
01/10/2017,0,687
01/10/2017,1,497
01/10/2017,2,323
01/10/2017,3,190
01/10/2017,4,111
01/10/2017,5,99
01/10/2017,6,285
01/10/2017,7,684
01/10/2017,8,1344
01/10/2017,9,2198
01/10/2017,10,3299
01/10/2017,11,3921
01/10/2017,12,4547
01/10/2017,13,4744
01/10/2017,14,4938
01/10/2017,15,4877
01/10/2017,16,5170
01/10/2017,17,4795
01/10/2017,18,4282
01/10/2017,19,3149
01/10/2017,20,2084
01/10/2017,21,1530
01/10/2017,22,1087
01/10/2017,23,664
01/11/2013,0,273
01/11/2013,1,256
01/11/2013,2,182
01/11/2013,3,87
01/11/2013,4,78
01/11/2013,5,193
01/11/2013,6,688
01/11/2013,7,1098
01/11/2013,8,1705
01/11/2013,9,1393
01/11/2013,10,607
01/11/2013,11,1068
01/11/2013,12,1405
01/11/2013,13,1652
01/11/2013,14,1892
01/11/2013,15,2085
01/11/2013,16,2555
01/11/2013,17,3730
01/11/2013,18,3270
01/11/2013,19,2150
01/11/2013,20,1385
01/11/2013,21,1032
01/11/2013,22,881
01/11/2013,23,719
01/11/2014,0,152
01/11/2014,1,240
01/11/2014,2,162
01/11/2014,3,151
01/11/2014,4,52
01/11/2014,5,33
01/11/2014,6,28
01/11/2014,7,123
01/11/2014,8,159
01/11/2014,9,248
01/11/2014,10,246
01/11/2014,11,267
01/11/2014,12,236
01/11/2014,13,254
01/11/2014,14,389
01/11/2014,15,494
01/11/2014,16,467
01/11/2014,17,556
01/11/2014,18,549
01/11/2014,19,451
01/11/2014,20,225
01/11/2014,21,171
01/11/2014,22,188
01/11/2014,23,161
01/11/2015,0,615
01/11/2015,1,789
01/11/2015,2,252
01/11/2015,3,165
01/11/2015,4,90
01/11/2015,5,104
01/11/2015,6,177
01/11/2015,7,356
01/11/2015,8,717
01/11/2015,9,1293
01/11/2015,10,1719
01/11/2015,11,2202
01/11/2015,12,2518
01/11/2015,13,2623
01/11/2015,14,2675
01/11/2015,15,2837
01/11/2015,16,2917
01/11/2015,17,2382
01/11/2015,18,1953
01/11/2015,19,1435
01/11/2015,20,1017
01/11/2015,21,805
01/11/2015,22,588
01/11/2015,23,393
01/11/2017,0,366
01/11/2017,1,205
01/11/2017,2,101
01/11/2017,3,68
01/11/2017,4,80
01/11/2017,5,442
01/11/2017,6,1630
01/11/2017,7,3604
01/11/2017,8,6348
01/11/2017,9,4484
01/11/2017,10,2455
01/11/2017,11,2193
01/11/2017,12,2499
01/11/2017,13,2732
01/11/2017,14,2920
01/11/2017,15,3069
01/11/2017,16,3827
01/11/2017,17,6384
01/11/2017,18,6381
01/11/2017,19,4016
01/11/2017,20,2806
01/11/2017,21,1973
01/11/2017,22,1420
01/11/2017,23,770
01/12/2013,0,198
01/12/2013,1,137
01/12/2013,2,91
01/12/2013,3,57
01/12/2013,4,39
01/12/2013,5,35
01/12/2013,6,55
01/12/2013,7,102
01/12/2013,8,271
01/12/2013,9,472
01/12/2013,10,756
01/12/2013,11,876
01/12/2013,12,1126
01/12/2013,13,1184
01/12/2013,14,1211
01/12/2013,15,1280
01/12/2013,16,1271
01/12/2013,17,1044
01/12/2013,18,901
01/12/2013,19,684
01/12/2013,20,538
01/12/2013,21,429
01/12/2013,22,347
01/12/2013,23,222
01/12/2014,0,125
01/12/2014,1,57
01/12/2014,2,32
01/12/2014,3,30
01/12/2014,4,38
01/12/2014,5,175
01/12/2014,6,719
01/12/2014,7,1455
01/12/2014,8,2336
01/12/2014,9,1740
01/12/2014,10,980
01/12/2014,11,824
01/12/2014,12,1030
01/12/2014,13,1015
01/12/2014,14,1172
01/12/2014,15,1243
01/12/2014,16,1400
01/12/2014,17,1382
01/12/2014,18,679
01/12/2014,19,705
01/12/2014,20,382
01/12/2014,21,435
01/12/2014,22,354
01/12/2014,23,211
01/12/2015,0,136
01/12/2015,1,54
01/12/2015,2,27
01/12/2015,3,15
01/12/2015,4,19
01/12/2015,5,129
01/12/2015,6,434
01/12/2015,7,1330
01/12/2015,8,2868
01/12/2015,9,2003
01/12/2015,10,960
01/12/2015,11,622
01/12/2015,12,718
01/12/2015,13,749
01/12/2015,14,633
01/12/2015,15,567
01/12/2015,16,778
01/12/2015,17,1928
01/12/2015,18,1664
01/12/2015,19,970
01/12/2015,20,656
01/12/2015,21,436
01/12/2015,22,410
01/12/2015,23,293
01/12/2017,0,371
01/12/2017,1,168
01/12/2017,2,99
01/12/2017,3,48
01/12/2017,4,90
01/12/2017,5,371
01/12/2017,6,1294
01/12/2017,7,3138
01/12/2017,8,5613
01/12/2017,9,4025
01/12/2017,10,2243
01/12/2017,11,2206
01/12/2017,12,2437
01/12/2017,13,2638
01/12/2017,14,2721
01/12/2017,15,2955
01/12/2017,16,3589
01/12/2017,17,4839
01/12/2017,18,4234
01/12/2017,19,2804
01/12/2017,20,1844
01/12/2017,21,1253
01/12/2017,22,939
01/12/2017,23,789
02/01/2014,0,65
02/01/2014,1,31
02/01/2014,2,18
02/01/2014,3,7
02/01/2014,4,19
02/01/2014,5,54
02/01/2014,6,255
02/01/2014,7,482
02/01/2014,8,877
02/01/2014,9,757
02/01/2014,10,422
02/01/2014,11,423
02/01/2014,12,469
02/01/2014,13,444
02/01/2014,14,496
02/01/2014,15,561
02/01/2014,16,780
02/01/2014,17,1078
02/01/2014,18,872
02/01/2014,19,240
02/01/2014,20,117
02/01/2014,21,66
02/01/2014,22,34
02/01/2014,23,33
02/01/2015,0,80
02/01/2015,1,59
02/01/2015,2,37
02/01/2015,3,18
02/01/2015,4,20
02/01/2015,5,54
02/01/2015,6,229
02/01/2015,7,421
02/01/2015,8,720
02/01/2015,9,626
02/01/2015,10,513
02/01/2015,11,603
02/01/2015,12,804
02/01/2015,13,805
02/01/2015,14,837
02/01/2015,15,924
02/01/2015,16,1061
02/01/2015,17,1027
02/01/2015,18,783
02/01/2015,19,582
02/01/2015,20,409
02/01/2015,21,255
02/01/2015,22,240
02/01/2015,23,197
02/01/2016,0,157
02/01/2016,1,102
02/01/2016,2,51
02/01/2016,3,28
02/01/2016,4,41
02/01/2016,5,33
02/01/2016,6,71
02/01/2016,7,155
02/01/2016,8,343
02/01/2016,9,667
02/01/2016,10,904
02/01/2016,11,1114
02/01/2016,12,1294
02/01/2016,13,1373
02/01/2016,14,1460
02/01/2016,15,1408
02/01/2016,16,1309
02/01/2016,17,985
02/01/2016,18,867
02/01/2016,19,671
02/01/2016,20,511
02/01/2016,21,390
02/01/2016,22,353
02/01/2016,23,300
02/01/2018,0,51
02/01/2018,1,22
02/01/2018,2,16
02/01/2018,3,7
02/01/2018,4,31
02/01/2018,5,181
02/01/2018,6,575
02/01/2018,7,1120
02/01/2018,8,1939
02/01/2018,9,1384
02/01/2018,10,668
02/01/2018,11,610
02/01/2018,12,784
02/01/2018,13,856
02/01/2018,14,965
02/01/2018,15,994
02/01/2018,16,1388
02/01/2018,17,2257
02/01/2018,18,2068
02/01/2018,19,1224
02/01/2018,20,759
02/01/2018,21,436
02/01/2018,22,314
02/01/2018,23,169
02/02/2014,0,211
02/02/2014,1,180
02/02/2014,2,102
02/02/2014,3,50
02/02/2014,4,55
02/02/2014,5,17
02/02/2014,6,36
02/02/2014,7,123
02/02/2014,8,283
02/02/2014,9,480
02/02/2014,10,759
02/02/2014,11,1032
02/02/2014,12,1242
02/02/2014,13,1365
02/02/2014,14,1428
02/02/2014,15,1286
02/02/2014,16,1258
02/02/2014,17,1309
02/02/2014,18,787
02/02/2014,19,353
02/02/2014,20,237
02/02/2014,21,287
02/02/2014,22,672
02/02/2014,23,264
02/02/2015,0,44
02/02/2015,1,13
02/02/2015,2,2
02/02/2015,3,4
02/02/2015,4,5
02/02/2015,5,10
02/02/2015,6,39
02/02/2015,7,70
02/02/2015,8,107
02/02/2015,9,119
02/02/2015,10,60
02/02/2015,11,68
02/02/2015,12,71
02/02/2015,13,54
02/02/2015,14,44
02/02/2015,15,41
02/02/2015,16,80
02/02/2015,17,133
02/02/2015,18,160
02/02/2015,19,126
02/02/2015,20,69
02/02/2015,21,55
02/02/2015,22,49
02/02/2015,23,36
02/02/2016,0,147
02/02/2016,1,39
02/02/2016,2,28
02/02/2016,3,14
02/02/2016,4,39
02/02/2016,5,236
02/02/2016,6,900
02/02/2016,7,1861
02/02/2016,8,3220
02/02/2016,9,2168
02/02/2016,10,1009
02/02/2016,11,962
02/02/2016,12,1124
02/02/2016,13,1269
02/02/2016,14,1327
02/02/2016,15,1464
02/02/2016,16,1870
02/02/2016,17,3009
02/02/2016,18,2922
02/02/2016,19,1947
02/02/2016,20,1242
02/02/2016,21,793
02/02/2016,22,632
02/02/2016,23,306
02/02/2018,0,140
02/02/2018,1,46
02/02/2018,2,17
02/02/2018,3,27
02/02/2018,4,40
02/02/2018,5,248
02/02/2018,6,854
02/02/2018,7,1807
02/02/2018,8,3291
02/02/2018,9,2457
02/02/2018,10,1229
02/02/2018,11,1167
02/02/2018,12,1260
02/02/2018,13,1257
02/02/2018,14,1317
02/02/2018,15,1406
02/02/2018,16,1836
02/02/2018,17,2609
02/02/2018,18,2093
02/02/2018,19,1254
02/02/2018,20,777
02/02/2018,21,484
02/02/2018,22,399
02/02/2018,23,298
02/03/2014,0,161
02/03/2014,1,116
02/03/2014,2,79
02/03/2014,3,41
02/03/2014,4,30
02/03/2014,5,24
02/03/2014,6,35
02/03/2014,7,88
02/03/2014,8,183
02/03/2014,9,304
02/03/2014,10,459
02/03/2014,11,614
02/03/2014,12,701
02/03/2014,13,775
02/03/2014,14,815
02/03/2014,15,707
02/03/2014,16,714
02/03/2014,17,601
02/03/2014,18,555
02/03/2014,19,447
02/03/2014,20,275
02/03/2014,21,188
02/03/2014,22,168
02/03/2014,23,115
02/03/2015,0,18
02/03/2015,1,14
02/03/2015,2,5
02/03/2015,3,6
02/03/2015,4,14
02/03/2015,5,52
02/03/2015,6,133
02/03/2015,7,214
02/03/2015,8,510
02/03/2015,9,495
02/03/2015,10,248
02/03/2015,11,228
02/03/2015,12,293
02/03/2015,13,286
02/03/2015,14,345
02/03/2015,15,401
02/03/2015,16,543
02/03/2015,17,994
02/03/2015,18,967
02/03/2015,19,603
02/03/2015,20,359
02/03/2015,21,250
02/03/2015,22,208
02/03/2015,23,97
02/03/2016,0,177
02/03/2016,1,54
02/03/2016,2,28
02/03/2016,3,17
02/03/2016,4,30
02/03/2016,5,81
02/03/2016,6,633
02/03/2016,7,1679
02/03/2016,8,3375
02/03/2016,9,2293
02/03/2016,10,1062
02/03/2016,11,934
02/03/2016,12,1080
02/03/2016,13,1172
02/03/2016,14,1244
02/03/2016,15,1258
02/03/2016,16,1606
02/03/2016,17,2773
02/03/2016,18,2593
02/03/2016,19,1665
02/03/2016,20,1027
02/03/2016,21,698
02/03/2016,22,449
02/03/2016,23,267
02/03/2018,0,29
02/03/2018,1,33
02/03/2018,2,3
02/03/2018,3,5
02/03/2018,4,15
02/03/2018,5,95
02/03/2018,6,260
02/03/2018,7,440
02/03/2018,8,694
02/03/2018,9,444
02/03/2018,10,257
02/03/2018,11,183
02/03/2018,12,179
02/03/2018,13,201
02/03/2018,14,258
02/03/2018,15,321
02/03/2018,16,394
02/03/2018,17,531
02/03/2018,18,410
02/03/2018,19,544
02/03/2018,20,495
02/03/2018,21,408
02/03/2018,22,357
02/03/2018,23,299
02/04/2014,0,127
02/04/2014,1,60
02/04/2014,2,39
02/04/2014,3,24
02/04/2014,4,34
02/04/2014,5,137
02/04/2014,6,662
02/04/2014,7,1317
02/04/2014,8,2410
02/04/2014,9,1739
02/04/2014,10,804
02/04/2014,11,440
02/04/2014,12,602
02/04/2014,13,810
02/04/2014,14,885
02/04/2014,15,1006
02/04/2014,16,1473
02/04/2014,17,2608
02/04/2014,18,2878
02/04/2014,19,1747
02/04/2014,20,1076
02/04/2014,21,756
02/04/2014,22,579
02/04/2014,23,302
02/04/2015,0,143
02/04/2015,1,70
02/04/2015,2,26
02/04/2015,3,17
02/04/2015,4,33
02/04/2015,5,118
02/04/2015,6,573
02/04/2015,7,1235
02/04/2015,8,2279
02/04/2015,9,1673
02/04/2015,10,911
02/04/2015,11,913
02/04/2015,12,1143
02/04/2015,13,1224
02/04/2015,14,1323
02/04/2015,15,1417
02/04/2015,16,1798
02/04/2015,17,2607
02/04/2015,18,2545
02/04/2015,19,1544
02/04/2015,20,1037
02/04/2015,21,713
02/04/2015,22,525
02/04/2015,23,360
02/04/2016,0,474
02/04/2016,1,293
02/04/2016,2,180
02/04/2016,3,106
02/04/2016,4,64
02/04/2016,5,44
02/04/2016,6,165
02/04/2016,7,352
02/04/2016,8,382
02/04/2016,9,356
02/04/2016,10,350
02/04/2016,11,846
02/04/2016,12,1426
02/04/2016,13,1680
02/04/2016,14,1909
02/04/2016,15,2150
02/04/2016,16,2292
02/04/2016,17,2222
02/04/2016,18,2066
02/04/2016,19,1569
02/04/2016,20,1026
02/04/2016,21,729
02/04/2016,22,596
02/04/2016,23,562
02/04/2017,0,399
02/04/2017,1,252
02/04/2017,2,211
02/04/2017,3,98
02/04/2017,4,54
02/04/2017,5,49
02/04/2017,6,117
02/04/2017,7,295
02/04/2017,8,642
02/04/2017,9,1207
02/04/2017,10,1899
02/04/2017,11,2661
02/04/2017,12,3288
02/04/2017,13,3770
02/04/2017,14,3965
02/04/2017,15,4147
02/04/2017,16,4091
02/04/2017,17,3745
02/04/2017,18,3185
02/04/2017,19,2258
02/04/2017,20,1320
02/04/2017,21,954
02/04/2017,22,772
02/04/2017,23,401
02/04/2018,0,183
02/04/2018,1,122
02/04/2018,2,57
02/04/2018,3,23
02/04/2018,4,46
02/04/2018,5,125
02/04/2018,6,214
02/04/2018,7,227
02/04/2018,8,376
02/04/2018,9,454
02/04/2018,10,402
02/04/2018,11,602
02/04/2018,12,796
02/04/2018,13,1001
02/04/2018,14,997
02/04/2018,15,1303
02/04/2018,16,1928
02/04/2018,17,3407
02/04/2018,18,3590
02/04/2018,19,2417
02/04/2018,20,1587
02/04/2018,21,1035
02/04/2018,22,647
02/04/2018,23,524
02/05/2014,0,297
02/05/2014,1,167
02/05/2014,2,72
02/05/2014,3,27
02/05/2014,4,50
02/05/2014,5,152
02/05/2014,6,744
02/05/2014,7,1468
02/05/2014,8,2675
02/05/2014,9,2172
02/05/2014,10,1247
02/05/2014,11,1318
02/05/2014,12,1675
02/05/2014,13,1715
02/05/2014,14,1821
02/05/2014,15,1982
02/05/2014,16,2584
02/05/2014,17,3583
02/05/2014,18,3255
02/05/2014,19,2108
02/05/2014,20,1217
02/05/2014,21,837
02/05/2014,22,675
02/05/2014,23,536
02/05/2015,0,280
02/05/2015,1,160
02/05/2015,2,109
02/05/2015,3,69
02/05/2015,4,51
02/05/2015,5,45
02/05/2015,6,129
02/05/2015,7,307
02/05/2015,8,693
02/05/2015,9,1199
02/05/2015,10,1568
02/05/2015,11,1995
02/05/2015,12,2260
02/05/2015,13,2437
02/05/2015,14,2320
02/05/2015,15,2383
02/05/2015,16,2296
02/05/2015,17,2095
02/05/2015,18,1636
02/05/2015,19,1337
02/05/2015,20,824
02/05/2015,21,643
02/05/2015,22,516
02/05/2015,23,391
02/05/2016,0,127
02/05/2016,1,57
02/05/2016,2,40
02/05/2016,3,28
02/05/2016,4,48
02/05/2016,5,231
02/05/2016,6,967
02/05/2016,7,2022
02/05/2016,8,3757
02/05/2016,9,2559
02/05/2016,10,1357
02/05/2016,11,1199
02/05/2016,12,1523
02/05/2016,13,1610
02/05/2016,14,1763
02/05/2016,15,1952
02/05/2016,16,2543
02/05/2016,17,4624
02/05/2016,18,4849
02/05/2016,19,2971
02/05/2016,20,1866
02/05/2016,21,1200
02/05/2016,22,822
02/05/2016,23,422
02/05/2017,0,303
02/05/2017,1,130
02/05/2017,2,57
02/05/2017,3,41
02/05/2017,4,72
02/05/2017,5,450
02/05/2017,6,1678
02/05/2017,7,3089
02/05/2017,8,5884
02/05/2017,9,4219
02/05/2017,10,2536
02/05/2017,11,2489
02/05/2017,12,2805
02/05/2017,13,2833
02/05/2017,14,2950
02/05/2017,15,3212
02/05/2017,16,3953
02/05/2017,17,6581
02/05/2017,18,6654
02/05/2017,19,4395
02/05/2017,20,2763
02/05/2017,21,1998
02/05/2017,22,1346
02/05/2017,23,769
02/05/2018,0,441
02/05/2018,1,199
02/05/2018,2,89
02/05/2018,3,47
02/05/2018,4,102
02/05/2018,5,485
02/05/2018,6,1909
02/05/2018,7,4301
02/05/2018,8,7351
02/05/2018,9,5080
02/05/2018,10,2772
02/05/2018,11,2750
02/05/2018,12,3335
02/05/2018,13,3527
02/05/2018,14,3589
02/05/2018,15,3932
02/05/2018,16,4861
02/05/2018,17,8305
02/05/2018,18,8601
02/05/2018,19,5800
02/05/2018,20,3729
02/05/2018,21,2595
02/05/2018,22,1930
02/05/2018,23,1043
02/06/2014,0,200
02/06/2014,1,112
02/06/2014,2,36
02/06/2014,3,26
02/06/2014,4,43
02/06/2014,5,207
02/06/2014,6,913
02/06/2014,7,1916
02/06/2014,8,2866
02/06/2014,9,2163
02/06/2014,10,1193
02/06/2014,11,1228
02/06/2014,12,1521
02/06/2014,13,1496
02/06/2014,14,1625
02/06/2014,15,1800
02/06/2014,16,2228
02/06/2014,17,3755
02/06/2014,18,3888
02/06/2014,19,2803
02/06/2014,20,1870
02/06/2014,21,1300
02/06/2014,22,805
02/06/2014,23,525
02/06/2015,0,74
02/06/2015,1,35
02/06/2015,2,8
02/06/2015,3,8
02/06/2015,4,25
02/06/2015,5,119
02/06/2015,6,434
02/06/2015,7,766
02/06/2015,8,1151
02/06/2015,9,1022
02/06/2015,10,698
02/06/2015,11,654
02/06/2015,12,751
02/06/2015,13,610
02/06/2015,14,516
02/06/2015,15,367
02/06/2015,16,645
02/06/2015,17,1136
02/06/2015,18,1159
02/06/2015,19,652
02/06/2015,20,371
02/06/2015,21,291
02/06/2015,22,239
02/06/2015,23,253
02/06/2016,0,339
02/06/2016,1,177
02/06/2016,2,87
02/06/2016,3,60
02/06/2016,4,58
02/06/2016,5,333
02/06/2016,6,1440
02/06/2016,7,3077
02/06/2016,8,5375
02/06/2016,9,3521
02/06/2016,10,2102
02/06/2016,11,2031
02/06/2016,12,2434
02/06/2016,13,2560
02/06/2016,14,2658
02/06/2016,15,2720
02/06/2016,16,3629
02/06/2016,17,5696
02/06/2016,18,5720
02/06/2016,19,3826
02/06/2016,20,2620
02/06/2016,21,1750
02/06/2016,22,1285
02/06/2016,23,903
02/06/2017,0,657
02/06/2017,1,268
02/06/2017,2,132
02/06/2017,3,76
02/06/2017,4,73
02/06/2017,5,416
02/06/2017,6,1579
02/06/2017,7,3507
02/06/2017,8,5994
02/06/2017,9,4395
02/06/2017,10,2710
02/06/2017,11,2743
02/06/2017,12,3274
02/06/2017,13,3551
02/06/2017,14,3989
02/06/2017,15,4333
02/06/2017,16,5168
02/06/2017,17,6903
02/06/2017,18,5849
02/06/2017,19,4122
02/06/2017,20,2848
02/06/2017,21,1844
02/06/2017,22,1422
02/06/2017,23,1054
02/07/2013,0,229
02/07/2013,1,100
02/07/2013,2,57
02/07/2013,3,49
02/07/2013,4,30
02/07/2013,5,92
02/07/2013,6,490
02/07/2013,7,1127
02/07/2013,8,1963
02/07/2013,9,1416
02/07/2013,10,881
02/07/2013,11,853
02/07/2013,12,985
02/07/2013,13,833
02/07/2013,14,1106
02/07/2013,15,1113
02/07/2013,16,1596
02/07/2013,17,2715
02/07/2013,18,2907
02/07/2013,19,2093
02/07/2013,20,562
02/07/2013,21,626
02/07/2013,22,497
02/07/2013,23,425
02/07/2014,0,327
02/07/2014,1,151
02/07/2014,2,73
02/07/2014,3,58
02/07/2014,4,51
02/07/2014,5,219
02/07/2014,6,980
02/07/2014,7,1778
02/07/2014,8,2919
02/07/2014,9,2392
02/07/2014,10,1261
02/07/2014,11,1162
02/07/2014,12,1414
02/07/2014,13,1499
02/07/2014,14,1444
02/07/2014,15,1635
02/07/2014,16,2062
02/07/2014,17,3361
02/07/2014,18,1741
02/07/2014,19,566
02/07/2014,20,470
02/07/2014,21,451
02/07/2014,22,235
02/07/2014,23,333
02/07/2015,0,323
02/07/2015,1,155
02/07/2015,2,88
02/07/2015,3,60
02/07/2015,4,64
02/07/2015,5,236
02/07/2015,6,911
02/07/2015,7,1793
02/07/2015,8,3245
02/07/2015,9,2537
02/07/2015,10,1547
02/07/2015,11,1458
02/07/2015,12,1744
02/07/2015,13,2056
02/07/2015,14,2260
02/07/2015,15,2584
02/07/2015,16,3006
02/07/2015,17,3195
02/07/2015,18,2757
02/07/2015,19,1983
02/07/2015,20,1145
02/07/2015,21,1005
02/07/2015,22,783
02/07/2015,23,624
02/07/2016,0,355
02/07/2016,1,249
02/07/2016,2,177
02/07/2016,3,132
02/07/2016,4,68
02/07/2016,5,83
02/07/2016,6,238
02/07/2016,7,453
02/07/2016,8,894
02/07/2016,9,1451
02/07/2016,10,2085
02/07/2016,11,2466
02/07/2016,12,2807
02/07/2016,13,2947
02/07/2016,14,3071
02/07/2016,15,3002
02/07/2016,16,2782
02/07/2016,17,2711
02/07/2016,18,2845
02/07/2016,19,2207
02/07/2016,20,1823
02/07/2016,21,1272
02/07/2016,22,931
02/07/2016,23,788
02/07/2017,0,605
02/07/2017,1,389
02/07/2017,2,232
02/07/2017,3,179
02/07/2017,4,110
02/07/2017,5,112
02/07/2017,6,244
02/07/2017,7,494
02/07/2017,8,969
02/07/2017,9,1765
02/07/2017,10,2323
02/07/2017,11,2921
02/07/2017,12,3346
02/07/2017,13,3274
02/07/2017,14,3379
02/07/2017,15,3479
02/07/2017,16,3489
02/07/2017,17,3261
02/07/2017,18,3319
02/07/2017,19,2866
02/07/2017,20,2453
02/07/2017,21,1691
02/07/2017,22,1262
02/07/2017,23,874
02/08/2013,0,276
02/08/2013,1,177
02/08/2013,2,86
02/08/2013,3,68
02/08/2013,4,53
02/08/2013,5,141
02/08/2013,6,716
02/08/2013,7,1588
02/08/2013,8,2850
02/08/2013,9,2100
02/08/2013,10,1222
02/08/2013,11,1392
02/08/2013,12,1864
02/08/2013,13,1961
02/08/2013,14,2040
02/08/2013,15,2318
02/08/2013,16,2835
02/08/2013,17,3618
02/08/2013,18,3393
02/08/2013,19,2478
02/08/2013,20,1641
02/08/2013,21,1210
02/08/2013,22,979
02/08/2013,23,786
02/08/2014,0,481
02/08/2014,1,346
02/08/2014,2,201
02/08/2014,3,101
02/08/2014,4,29
02/08/2014,5,17
02/08/2014,6,34
02/08/2014,7,70
02/08/2014,8,220
02/08/2014,9,722
02/08/2014,10,1316
02/08/2014,11,2016
02/08/2014,12,2376
02/08/2014,13,2344
02/08/2014,14,2302
02/08/2014,15,2444
02/08/2014,16,2273
02/08/2014,17,2234
02/08/2014,18,1963
02/08/2014,19,1705
02/08/2014,20,1299
02/08/2014,21,964
02/08/2014,22,717
02/08/2014,23,610
02/08/2015,0,517
02/08/2015,1,376
02/08/2015,2,280
02/08/2015,3,164
02/08/2015,4,105
02/08/2015,5,67
02/08/2015,6,175
02/08/2015,7,320
02/08/2015,8,655
02/08/2015,9,1156
02/08/2015,10,1624
02/08/2015,11,2070
02/08/2015,12,2363
02/08/2015,13,2496
02/08/2015,14,2502
02/08/2015,15,2510
02/08/2015,16,2653
02/08/2015,17,2693
02/08/2015,18,2530
02/08/2015,19,2224
02/08/2015,20,1602
02/08/2015,21,1175
02/08/2015,22,846
02/08/2015,23,519
02/08/2016,0,372
02/08/2016,1,172
02/08/2016,2,115
02/08/2016,3,61
02/08/2016,4,69
02/08/2016,5,387
02/08/2016,6,1509
02/08/2016,7,3123
02/08/2016,8,5455
02/08/2016,9,3869
02/08/2016,10,2055
02/08/2016,11,1959
02/08/2016,12,2386
02/08/2016,13,2427
02/08/2016,14,2509
02/08/2016,15,2643
02/08/2016,16,3502
02/08/2016,17,6109
02/08/2016,18,6518
02/08/2016,19,4268
02/08/2016,20,2929
02/08/2016,21,1979
02/08/2016,22,1466
02/08/2016,23,882
02/08/2017,0,558
02/08/2017,1,237
02/08/2017,2,89
02/08/2017,3,74
02/08/2017,4,102
02/08/2017,5,524
02/08/2017,6,1996
02/08/2017,7,3802
02/08/2017,8,6291
02/08/2017,9,4290
02/08/2017,10,2414
02/08/2017,11,2405
02/08/2017,12,1832
02/08/2017,13,1524
02/08/2017,14,2312
02/08/2017,15,2767
02/08/2017,16,3126
02/08/2017,17,2448
02/08/2017,18,5628
02/08/2017,19,4901
02/08/2017,20,3541
02/08/2017,21,2436
02/08/2017,22,1728
02/08/2017,23,1159
02/09/2013,0,482
02/09/2013,1,277
02/09/2013,2,184
02/09/2013,3,125
02/09/2013,4,96
02/09/2013,5,87
02/09/2013,6,100
02/09/2013,7,211
02/09/2013,8,450
02/09/2013,9,856
02/09/2013,10,1213
02/09/2013,11,1535
02/09/2013,12,1917
02/09/2013,13,1908
02/09/2013,14,926
02/09/2013,15,683
02/09/2013,16,1541
02/09/2013,17,1930
02/09/2013,18,2121
02/09/2013,19,1678
02/09/2013,20,1106
02/09/2013,21,853
02/09/2013,22,666
02/09/2013,23,471
02/09/2014,0,232
02/09/2014,1,107
02/09/2014,2,55
02/09/2014,3,33
02/09/2014,4,38
02/09/2014,5,191
02/09/2014,6,794
02/09/2014,7,1582
02/09/2014,8,2518
02/09/2014,9,2041
02/09/2014,10,1157
02/09/2014,11,1076
02/09/2014,12,1309
02/09/2014,13,1350
02/09/2014,14,1343
02/09/2014,15,1487
02/09/2014,16,1990
02/09/2014,17,3424
02/09/2014,18,3616
02/09/2014,19,2464
02/09/2014,20,1605
02/09/2014,21,984
02/09/2014,22,699
02/09/2014,23,412
02/09/2015,0,298
02/09/2015,1,101
02/09/2015,2,59
02/09/2015,3,41
02/09/2015,4,65
02/09/2015,5,256
02/09/2015,6,1209
02/09/2015,7,2268
02/09/2015,8,4209
02/09/2015,9,3030
02/09/2015,10,1807
02/09/2015,11,1616
02/09/2015,12,1931
02/09/2015,13,1893
02/09/2015,14,1783
02/09/2015,15,2143
02/09/2015,16,2579
02/09/2015,17,4409
02/09/2015,18,4682
02/09/2015,19,3342
02/09/2015,20,2116
02/09/2015,21,1564
02/09/2015,22,1104
02/09/2015,23,720
02/09/2016,0,494
02/09/2016,1,251
02/09/2016,2,138
02/09/2016,3,93
02/09/2016,4,98
02/09/2016,5,262
02/09/2016,6,1179
02/09/2016,7,2402
02/09/2016,8,4230
02/09/2016,9,3336
02/09/2016,10,2414
02/09/2016,11,2614
02/09/2016,12,3054
02/09/2016,13,3627
02/09/2016,14,3851
02/09/2016,15,4337
02/09/2016,16,4412
02/09/2016,17,4465
02/09/2016,18,3759
02/09/2016,19,2825
02/09/2016,20,1900
02/09/2016,21,1196
02/09/2016,22,1165
02/09/2016,23,905
02/09/2017,0,670
02/09/2017,1,391
02/09/2017,2,189
02/09/2017,3,152
02/09/2017,4,111
02/09/2017,5,88
02/09/2017,6,251
02/09/2017,7,611
02/09/2017,8,1082
02/09/2017,9,2003
02/09/2017,10,2529
02/09/2017,11,3248
02/09/2017,12,3584
02/09/2017,13,3888
02/09/2017,14,3888
02/09/2017,15,3973
02/09/2017,16,3931
02/09/2017,17,2729
02/09/2017,18,2469
02/09/2017,19,1217
02/09/2017,20,301
02/09/2017,21,144
02/09/2017,22,180
02/09/2017,23,183
02/10/2013,0,358
02/10/2013,1,139
02/10/2013,2,96
02/10/2013,3,36
02/10/2013,4,52
02/10/2013,5,223
02/10/2013,6,991
02/10/2013,7,2150
02/10/2013,8,3687
02/10/2013,9,2810
02/10/2013,10,1580
02/10/2013,11,1578
02/10/2013,12,2018
02/10/2013,13,2074
02/10/2013,14,1997
02/10/2013,15,2124
02/10/2013,16,2701
02/10/2013,17,4331
02/10/2013,18,4280
02/10/2013,19,2858
02/10/2013,20,1813
02/10/2013,21,1527
02/10/2013,22,1172
02/10/2013,23,788
02/10/2014,0,247
02/10/2014,1,96
02/10/2014,2,57
02/10/2014,3,36
02/10/2014,4,40
02/10/2014,5,205
02/10/2014,6,952
02/10/2014,7,1996
02/10/2014,8,3352
02/10/2014,9,2478
02/10/2014,10,1360
02/10/2014,11,1275
02/10/2014,12,1560
02/10/2014,13,1580
02/10/2014,14,1664
02/10/2014,15,1827
02/10/2014,16,2153
02/10/2014,17,3494
02/10/2014,18,3524
02/10/2014,19,2315
02/10/2014,20,1571
02/10/2014,21,1208
02/10/2014,22,880
02/10/2014,23,622
02/10/2015,0,399
02/10/2015,1,175
02/10/2015,2,68
02/10/2015,3,25
02/10/2015,4,35
02/10/2015,5,144
02/10/2015,6,459
02/10/2015,7,768
02/10/2015,8,1611
02/10/2015,9,958
02/10/2015,10,478
02/10/2015,11,452
02/10/2015,12,639
02/10/2015,13,344
02/10/2015,14,381
02/10/2015,15,291
02/10/2015,16,358
02/10/2015,17,461
02/10/2015,18,404
02/10/2015,19,289
02/10/2015,20,216
02/10/2015,21,190
02/10/2015,22,166
02/10/2015,23,133
02/10/2017,0,354
02/10/2017,1,137
02/10/2017,2,67
02/10/2017,3,41
02/10/2017,4,95
02/10/2017,5,464
02/10/2017,6,1795
02/10/2017,7,3987
02/10/2017,8,6142
02/10/2017,9,4053
02/10/2017,10,2439
02/10/2017,11,2326
02/10/2017,12,2839
02/10/2017,13,2956
02/10/2017,14,3140
02/10/2017,15,3472
02/10/2017,16,4644
02/10/2017,17,7636
02/10/2017,18,7501
02/10/2017,19,4606
02/10/2017,20,2943
02/10/2017,21,1912
02/10/2017,22,1323
02/10/2017,23,639
02/11/2013,0,502
02/11/2013,1,293
02/11/2013,2,230
02/11/2013,3,148
02/11/2013,4,102
02/11/2013,5,64
02/11/2013,6,122
02/11/2013,7,355
02/11/2013,8,746
02/11/2013,9,1303
02/11/2013,10,1735
02/11/2013,11,2149
02/11/2013,12,2551
02/11/2013,13,2812
02/11/2013,14,2903
02/11/2013,15,3319
02/11/2013,16,2458
02/11/2013,17,2393
02/11/2013,18,1954
02/11/2013,19,1456
02/11/2013,20,1100
02/11/2013,21,846
02/11/2013,22,784
02/11/2013,23,688
02/11/2014,0,126
02/11/2014,1,148
02/11/2014,2,51
02/11/2014,3,46
02/11/2014,4,22
02/11/2014,5,41
02/11/2014,6,91
02/11/2014,7,188
02/11/2014,8,444
02/11/2014,9,653
02/11/2014,10,1055
02/11/2014,11,1212
02/11/2014,12,1250
02/11/2014,13,1276
02/11/2014,14,1350
02/11/2014,15,1205
02/11/2014,16,1268
02/11/2014,17,1011
02/11/2014,18,808
02/11/2014,19,656
02/11/2014,20,472
02/11/2014,21,324
02/11/2014,22,266
02/11/2014,23,137
02/11/2015,0,216
02/11/2015,1,92
02/11/2015,2,49
02/11/2015,3,31
02/11/2015,4,62
02/11/2015,5,284
02/11/2015,6,1229
02/11/2015,7,2843
02/11/2015,8,4616
02/11/2015,9,3108
02/11/2015,10,1850
02/11/2015,11,1754
02/11/2015,12,2022
02/11/2015,13,2178
02/11/2015,14,2200
02/11/2015,15,2473
02/11/2015,16,3016
02/11/2015,17,4665
02/11/2015,18,4439
02/11/2015,19,2878
02/11/2015,20,1866
02/11/2015,21,1295
02/11/2015,22,877
02/11/2015,23,491
02/11/2017,0,501
02/11/2017,1,184
02/11/2017,2,89
02/11/2017,3,59
02/11/2017,4,82
02/11/2017,5,438
02/11/2017,6,1689
02/11/2017,7,3886
02/11/2017,8,7039
02/11/2017,9,4956
02/11/2017,10,2921
02/11/2017,11,2649
02/11/2017,12,3118
02/11/2017,13,3298
02/11/2017,14,3443
02/11/2017,15,3782
02/11/2017,16,4793
02/11/2017,17,7694
02/11/2017,18,7214
02/11/2017,19,4626
02/11/2017,20,3174
02/11/2017,21,2384
02/11/2017,22,1690
02/11/2017,23,1101
02/12/2013,0,135
02/12/2013,1,64
02/12/2013,2,35
02/12/2013,3,20
02/12/2013,4,37
02/12/2013,5,162
02/12/2013,6,663
02/12/2013,7,1396
02/12/2013,8,2431
02/12/2013,9,1828
02/12/2013,10,960
02/12/2013,11,807
02/12/2013,12,1068
02/12/2013,13,1092
02/12/2013,14,1154
02/12/2013,15,1254
02/12/2013,16,1583
02/12/2013,17,2539
02/12/2013,18,2759
02/12/2013,19,1761
02/12/2013,20,1157
02/12/2013,21,818
02/12/2013,22,522
02/12/2013,23,331
02/12/2014,0,124
02/12/2014,1,58
02/12/2014,2,28
02/12/2014,3,23
02/12/2014,4,27
02/12/2014,5,144
02/12/2014,6,651
02/12/2014,7,1318
02/12/2014,8,2163
02/12/2014,9,1517
02/12/2014,10,706
02/12/2014,11,651
02/12/2014,12,575
02/12/2014,13,303
02/12/2014,14,404
02/12/2014,15,556
02/12/2014,16,806
02/12/2014,17,1467
02/12/2014,18,1567
02/12/2014,19,970
02/12/2014,20,621
02/12/2014,21,346
02/12/2014,22,225
02/12/2014,23,117
02/12/2015,0,169
02/12/2015,1,75
02/12/2015,2,41
02/12/2015,3,29
02/12/2015,4,33
02/12/2015,5,180
02/12/2015,6,703
02/12/2015,7,1569
02/12/2015,8,2924
02/12/2015,9,1381
02/12/2015,10,702
02/12/2015,11,917
02/12/2015,12,970
02/12/2015,13,1059
02/12/2015,14,1197
02/12/2015,15,931
02/12/2015,16,862
02/12/2015,17,2056
02/12/2015,18,2829
02/12/2015,19,1804
02/12/2015,20,1220
02/12/2015,21,977
02/12/2015,22,680
02/12/2015,23,474
02/12/2017,0,523
02/12/2017,1,380
02/12/2017,2,222
02/12/2017,3,121
02/12/2017,4,104
02/12/2017,5,73
02/12/2017,6,228
02/12/2017,7,598
02/12/2017,8,1286
02/12/2017,9,1995
02/12/2017,10,2768
02/12/2017,11,3160
02/12/2017,12,3493
02/12/2017,13,3631
02/12/2017,14,3329
02/12/2017,15,3351
02/12/2017,16,3024
02/12/2017,17,2531
02/12/2017,18,2175
02/12/2017,19,1879
02/12/2017,20,1309
02/12/2017,21,1043
02/12/2017,22,925
02/12/2017,23,775
03/01/2014,0,15
03/01/2014,1,12
03/01/2014,2,6
03/01/2014,3,5
03/01/2014,4,3
03/01/2014,5,1
03/01/2014,6,18
03/01/2014,7,29
03/01/2014,8,53
03/01/2014,9,59
03/01/2014,10,45
03/01/2014,11,50
03/01/2014,12,68
03/01/2014,13,63
03/01/2014,14,72
03/01/2014,15,86
03/01/2014,16,103
03/01/2014,17,126
03/01/2014,18,96
03/01/2014,19,77
03/01/2014,20,57
03/01/2014,21,47
03/01/2014,22,36
03/01/2014,23,17
03/01/2015,0,114
03/01/2015,1,84
03/01/2015,2,56
03/01/2015,3,36
03/01/2015,4,37
03/01/2015,5,25
03/01/2015,6,46
03/01/2015,7,110
03/01/2015,8,253
03/01/2015,9,463
03/01/2015,10,592
03/01/2015,11,727
03/01/2015,12,560
03/01/2015,13,309
03/01/2015,14,193
03/01/2015,15,174
03/01/2015,16,148
03/01/2015,17,106
03/01/2015,18,108
03/01/2015,19,68
03/01/2015,20,88
03/01/2015,21,64
03/01/2015,22,68
03/01/2015,23,49
03/01/2016,0,202
03/01/2016,1,144
03/01/2016,2,87
03/01/2016,3,70
03/01/2016,4,45
03/01/2016,5,42
03/01/2016,6,58
03/01/2016,7,157
03/01/2016,8,319
03/01/2016,9,613
03/01/2016,10,958
03/01/2016,11,1306
03/01/2016,12,1485
03/01/2016,13,1472
03/01/2016,14,1490
03/01/2016,15,1378
03/01/2016,16,1485
03/01/2016,17,1104
03/01/2016,18,918
03/01/2016,19,733
03/01/2016,20,539
03/01/2016,21,403
03/01/2016,22,313
03/01/2016,23,178
03/01/2018,0,109
03/01/2018,1,35
03/01/2018,2,39
03/01/2018,3,19
03/01/2018,4,43
03/01/2018,5,222
03/01/2018,6,745
03/01/2018,7,1462
03/01/2018,8,2651
03/01/2018,9,1883
03/01/2018,10,940
03/01/2018,11,853
03/01/2018,12,922
03/01/2018,13,990
03/01/2018,14,1150
03/01/2018,15,1212
03/01/2018,16,1643
03/01/2018,17,2681
03/01/2018,18,2576
03/01/2018,19,1657
03/01/2018,20,1037
03/01/2018,21,677
03/01/2018,22,474
03/01/2018,23,279
03/02/2014,0,115
03/02/2014,1,53
03/02/2014,2,11
03/02/2014,3,7
03/02/2014,4,10
03/02/2014,5,39
03/02/2014,6,110
03/02/2014,7,129
03/02/2014,8,178
03/02/2014,9,151
03/02/2014,10,79
03/02/2014,11,49
03/02/2014,12,56
03/02/2014,13,67
03/02/2014,14,74
03/02/2014,15,84
03/02/2014,16,118
03/02/2014,17,198
03/02/2014,18,312
03/02/2014,19,260
03/02/2014,20,175
03/02/2014,21,160
03/02/2014,22,100
03/02/2014,23,65
03/02/2015,0,14
03/02/2015,1,9
03/02/2015,2,5
03/02/2015,3,2
03/02/2015,4,7
03/02/2015,5,28
03/02/2015,6,90
03/02/2015,7,191
03/02/2015,8,386
03/02/2015,9,320
03/02/2015,10,193
03/02/2015,11,144
03/02/2015,12,194
03/02/2015,13,174
03/02/2015,14,244
03/02/2015,15,255
03/02/2015,16,351
03/02/2015,17,578
03/02/2015,18,553
03/02/2015,19,355
03/02/2015,20,253
03/02/2015,21,197
03/02/2015,22,133
03/02/2015,23,78
03/02/2016,0,167
03/02/2016,1,85
03/02/2016,2,40
03/02/2016,3,25
03/02/2016,4,50
03/02/2016,5,232
03/02/2016,6,898
03/02/2016,7,1224
03/02/2016,8,2394
03/02/2016,9,1984
03/02/2016,10,1012
03/02/2016,11,773
03/02/2016,12,521
03/02/2016,13,279
03/02/2016,14,230
03/02/2016,15,218
03/02/2016,16,292
03/02/2016,17,896
03/02/2016,18,1525
03/02/2016,19,935
03/02/2016,20,858
03/02/2016,21,713
03/02/2016,22,511
03/02/2016,23,341
03/02/2018,0,174
03/02/2018,1,119
03/02/2018,2,72
03/02/2018,3,56
03/02/2018,4,34
03/02/2018,5,46
03/02/2018,6,122
03/02/2018,7,333
03/02/2018,8,585
03/02/2018,9,913
03/02/2018,10,1220
03/02/2018,11,1418
03/02/2018,12,1581
03/02/2018,13,1625
03/02/2018,14,1547
03/02/2018,15,1609
03/02/2018,16,1547
03/02/2018,17,1369
03/02/2018,18,1107
03/02/2018,19,946
03/02/2018,20,679
03/02/2018,21,509
03/02/2018,22,475
03/02/2018,23,299
03/03/2014,0,114
03/03/2014,1,22
03/03/2014,2,16
03/03/2014,3,4
03/03/2014,4,8
03/03/2014,5,40
03/03/2014,6,166
03/03/2014,7,343
03/03/2014,8,666
03/03/2014,9,549
03/03/2014,10,293
03/03/2014,11,261
03/03/2014,12,261
03/03/2014,13,311
03/03/2014,14,311
03/03/2014,15,385
03/03/2014,16,468
03/03/2014,17,969
03/03/2014,18,933
03/03/2014,19,614
03/03/2014,20,375
03/03/2014,21,284
03/03/2014,22,202
03/03/2014,23,113
03/03/2015,0,47
03/03/2015,1,16
03/03/2015,2,18
03/03/2015,3,8
03/03/2015,4,11
03/03/2015,5,80
03/03/2015,6,318
03/03/2015,7,625
03/03/2015,8,1146
03/03/2015,9,813
03/03/2015,10,426
03/03/2015,11,344
03/03/2015,12,386
03/03/2015,13,406
03/03/2015,14,421
03/03/2015,15,327
03/03/2015,16,291
03/03/2015,17,290
03/03/2015,18,218
03/03/2015,19,124
03/03/2015,20,59
03/03/2015,21,59
03/03/2015,22,45
03/03/2015,23,55
03/03/2016,0,113
03/03/2016,1,47
03/03/2016,2,32
03/03/2016,3,12
03/03/2016,4,36
03/03/2016,5,196
03/03/2016,6,720
03/03/2016,7,1478
03/03/2016,8,2662
03/03/2016,9,1889
03/03/2016,10,960
03/03/2016,11,918
03/03/2016,12,1068
03/03/2016,13,1023
03/03/2016,14,1102
03/03/2016,15,1176
03/03/2016,16,1565
03/03/2016,17,2596
03/03/2016,18,2386
03/03/2016,19,1558
03/03/2016,20,1005
03/03/2016,21,708
03/03/2016,22,500
03/03/2016,23,311
03/03/2018,0,208
03/03/2018,1,150
03/03/2018,2,99
03/03/2018,3,53
03/03/2018,4,47
03/03/2018,5,42
03/03/2018,6,185
03/03/2018,7,455
03/03/2018,8,883
03/03/2018,9,1342
03/03/2018,10,1822
03/03/2018,11,2286
03/03/2018,12,2608
03/03/2018,13,2809
03/03/2018,14,2580
03/03/2018,15,2557
03/03/2018,16,2482
03/03/2018,17,2094
03/03/2018,18,1779
03/03/2018,19,1339
03/03/2018,20,845
03/03/2018,21,677
03/03/2018,22,567
03/03/2018,23,455
03/04/2014,0,174
03/04/2014,1,99
03/04/2014,2,34
03/04/2014,3,20
03/04/2014,4,28
03/04/2014,5,140
03/04/2014,6,621
03/04/2014,7,1375
03/04/2014,8,2660
03/04/2014,9,1960
03/04/2014,10,1019
03/04/2014,11,901
03/04/2014,12,1184
03/04/2014,13,1302
03/04/2014,14,1280
03/04/2014,15,1434
03/04/2014,16,1801
03/04/2014,17,2954
03/04/2014,18,3021
03/04/2014,19,1878
03/04/2014,20,1201
03/04/2014,21,779
03/04/2014,22,321
03/04/2014,23,135
03/04/2015,0,265
03/04/2015,1,121
03/04/2015,2,77
03/04/2015,3,34
03/04/2015,4,31
03/04/2015,5,89
03/04/2015,6,314
03/04/2015,7,705
03/04/2015,8,1553
03/04/2015,9,1463
03/04/2015,10,565
03/04/2015,11,657
03/04/2015,12,496
03/04/2015,13,361
03/04/2015,14,749
03/04/2015,15,1029
03/04/2015,16,1103
03/04/2015,17,1377
03/04/2015,18,1250
03/04/2015,19,873
03/04/2015,20,577
03/04/2015,21,427
03/04/2015,22,362
03/04/2015,23,296
03/04/2016,0,373
03/04/2016,1,123
03/04/2016,2,107
03/04/2016,3,86
03/04/2016,4,42
03/04/2016,5,24
03/04/2016,6,57
03/04/2016,7,137
03/04/2016,8,291
03/04/2016,9,548
03/04/2016,10,875
03/04/2016,11,1066
03/04/2016,12,1177
03/04/2016,13,1322
03/04/2016,14,1342
03/04/2016,15,1333
03/04/2016,16,1263
03/04/2016,17,1363
03/04/2016,18,1264
03/04/2016,19,923
03/04/2016,20,607
03/04/2016,21,482
03/04/2016,22,308
03/04/2016,23,209
03/04/2017,0,215
03/04/2017,1,69
03/04/2017,2,44
03/04/2017,3,35
03/04/2017,4,50
03/04/2017,5,318
03/04/2017,6,1168
03/04/2017,7,2671
03/04/2017,8,4627
03/04/2017,9,2997
03/04/2017,10,1541
03/04/2017,11,1499
03/04/2017,12,1887
03/04/2017,13,2009
03/04/2017,14,2251
03/04/2017,15,2298
03/04/2017,16,2984
03/04/2017,17,5104
03/04/2017,18,4788
03/04/2017,19,3037
03/04/2017,20,1831
03/04/2017,21,1151
03/04/2017,22,728
03/04/2017,23,183
03/04/2018,0,227
03/04/2018,1,108
03/04/2018,2,72
03/04/2018,3,41
03/04/2018,4,66
03/04/2018,5,350
03/04/2018,6,1193
03/04/2018,7,2303
03/04/2018,8,4312
03/04/2018,9,3157
03/04/2018,10,1466
03/04/2018,11,783
03/04/2018,12,509
03/04/2018,13,488
03/04/2018,14,571
03/04/2018,15,608
03/04/2018,16,922
03/04/2018,17,1377
03/04/2018,18,2130
03/04/2018,19,1725
03/04/2018,20,1309
03/04/2018,21,1040
03/04/2018,22,713
03/04/2018,23,411
03/05/2014,0,421
03/05/2014,1,270
03/05/2014,2,161
03/05/2014,3,110
03/05/2014,4,58
03/05/2014,5,60
03/05/2014,6,124
03/05/2014,7,281
03/05/2014,8,722
03/05/2014,9,1192
03/05/2014,10,1637
03/05/2014,11,2052
03/05/2014,12,2423
03/05/2014,13,2455
03/05/2014,14,2450
03/05/2014,15,2497
03/05/2014,16,2343
03/05/2014,17,1905
03/05/2014,18,1632
03/05/2014,19,801
03/05/2014,20,490
03/05/2014,21,579
03/05/2014,22,441
03/05/2014,23,397
03/05/2015,0,240
03/05/2015,1,513
03/05/2015,2,146
03/05/2015,3,111
03/05/2015,4,61
03/05/2015,5,48
03/05/2015,6,98
03/05/2015,7,210
03/05/2015,8,502
03/05/2015,9,905
03/05/2015,10,1450
03/05/2015,11,1961
03/05/2015,12,2254
03/05/2015,13,2534
03/05/2015,14,2669
03/05/2015,15,2480
03/05/2015,16,2383
03/05/2015,17,2514
03/05/2015,18,2204
03/05/2015,19,1650
03/05/2015,20,1106
03/05/2015,21,759
03/05/2015,22,555
03/05/2015,23,341
03/05/2016,0,83
03/05/2016,1,32
03/05/2016,2,18
03/05/2016,3,11
03/05/2016,4,14
03/05/2016,5,57
03/05/2016,6,239
03/05/2016,7,831
03/05/2016,8,1434
03/05/2016,9,1032
03/05/2016,10,440
03/05/2016,11,421
03/05/2016,12,793
03/05/2016,13,957
03/05/2016,14,1046
03/05/2016,15,1258
03/05/2016,16,2008
03/05/2016,17,3394
03/05/2016,18,3244
03/05/2016,19,2007
03/05/2016,20,1404
03/05/2016,21,974
03/05/2016,22,734
03/05/2016,23,427
03/05/2017,0,333
03/05/2017,1,151
03/05/2017,2,63
03/05/2017,3,42
03/05/2017,4,70
03/05/2017,5,458
03/05/2017,6,1680
03/05/2017,7,3681
03/05/2017,8,6181
03/05/2017,9,4021
03/05/2017,10,2257
03/05/2017,11,2209
03/05/2017,12,2540
03/05/2017,13,2651
03/05/2017,14,2816
03/05/2017,15,3045
03/05/2017,16,3749
03/05/2017,17,6536
03/05/2017,18,6380
03/05/2017,19,4280
03/05/2017,20,2554
03/05/2017,21,1698
03/05/2017,22,1162
03/05/2017,23,695
03/05/2018,0,495
03/05/2018,1,245
03/05/2018,2,140
03/05/2018,3,58
03/05/2018,4,115
03/05/2018,5,467
03/05/2018,6,1842
03/05/2018,7,4135
03/05/2018,8,7070
03/05/2018,9,4949
03/05/2018,10,2828
03/05/2018,11,2909
03/05/2018,12,3115
03/05/2018,13,3241
03/05/2018,14,3248
03/05/2018,15,3494
03/05/2018,16,4707
03/05/2018,17,7470
03/05/2018,18,7573
03/05/2018,19,3552
03/05/2018,20,2675
03/05/2018,21,2206
03/05/2018,22,1482
03/05/2018,23,1040
03/06/2014,0,220
03/06/2014,1,104
03/06/2014,2,62
03/06/2014,3,31
03/06/2014,4,47
03/06/2014,5,222
03/06/2014,6,1016
03/06/2014,7,2159
03/06/2014,8,3430
03/06/2014,9,2471
03/06/2014,10,1306
03/06/2014,11,1384
03/06/2014,12,1604
03/06/2014,13,1551
03/06/2014,14,1576
03/06/2014,15,1741
03/06/2014,16,2235
03/06/2014,17,2994
03/06/2014,18,609
03/06/2014,19,1201
03/06/2014,20,1237
03/06/2014,21,1015
03/06/2014,22,774
03/06/2014,23,512
03/06/2015,0,154
03/06/2015,1,81
03/06/2015,2,45
03/06/2015,3,24
03/06/2015,4,45
03/06/2015,5,210
03/06/2015,6,857
03/06/2015,7,1928
03/06/2015,8,3184
03/06/2015,9,2305
03/06/2015,10,1314
03/06/2015,11,1303
03/06/2015,12,1552
03/06/2015,13,1606
03/06/2015,14,1730
03/06/2015,15,1795
03/06/2015,16,2338
03/06/2015,17,3779
03/06/2015,18,3817
03/06/2015,19,2495
03/06/2015,20,1691
03/06/2015,21,1096
03/06/2015,22,725
03/06/2015,23,516
03/06/2016,0,457
03/06/2016,1,207
03/06/2016,2,126
03/06/2016,3,94
03/06/2016,4,103
03/06/2016,5,298
03/06/2016,6,1161
03/06/2016,7,1767
03/06/2016,8,1960
03/06/2016,9,1599
03/06/2016,10,1333
03/06/2016,11,1688
03/06/2016,12,2078
03/06/2016,13,2311
03/06/2016,14,2300
03/06/2016,15,2252
03/06/2016,16,3342
03/06/2016,17,4363
03/06/2016,18,3925
03/06/2016,19,2698
03/06/2016,20,1801
03/06/2016,21,1320
03/06/2016,22,969
03/06/2016,23,823
03/06/2017,0,782
03/06/2017,1,460
03/06/2017,2,288
03/06/2017,3,171
03/06/2017,4,98
03/06/2017,5,119
03/06/2017,6,330
03/06/2017,7,434
03/06/2017,8,1018
03/06/2017,9,2090
03/06/2017,10,2946
03/06/2017,11,3953
03/06/2017,12,4487
03/06/2017,13,4915
03/06/2017,14,5054
03/06/2017,15,4711
03/06/2017,16,4598
03/06/2017,17,5045
03/06/2017,18,4167
03/06/2017,19,3652
03/06/2017,20,2561
03/06/2017,21,1775
03/06/2017,22,1464
03/06/2017,23,1146
03/07/2013,0,237
03/07/2013,1,121
03/07/2013,2,73
03/07/2013,3,53
03/07/2013,4,28
03/07/2013,5,109
03/07/2013,6,501
03/07/2013,7,995
03/07/2013,8,2026
03/07/2013,9,1605
03/07/2013,10,933
03/07/2013,11,1008
03/07/2013,12,1364
03/07/2013,13,1589
03/07/2013,14,604
03/07/2013,15,1382
03/07/2013,16,1869
03/07/2013,17,2252
03/07/2013,18,1607
03/07/2013,19,813
03/07/2013,20,907
03/07/2013,21,736
03/07/2013,22,579
03/07/2013,23,473
03/07/2014,0,224
03/07/2014,1,125
03/07/2014,2,60
03/07/2014,3,50
03/07/2014,4,42
03/07/2014,5,145
03/07/2014,6,668
03/07/2014,7,1442
03/07/2014,8,2594
03/07/2014,9,2087
03/07/2014,10,1239
03/07/2014,11,1298
03/07/2014,12,1671
03/07/2014,13,1962
03/07/2014,14,2188
03/07/2014,15,2434
03/07/2014,16,2495
03/07/2014,17,2490
03/07/2014,18,2087
03/07/2014,19,918
03/07/2014,20,279
03/07/2014,21,302
03/07/2014,22,428
03/07/2014,23,359
03/07/2015,0,426
03/07/2015,1,218
03/07/2015,2,169
03/07/2015,3,97
03/07/2015,4,77
03/07/2015,5,100
03/07/2015,6,236
03/07/2015,7,454
03/07/2015,8,793
03/07/2015,9,1052
03/07/2015,10,1346
03/07/2015,11,1818
03/07/2015,12,1853
03/07/2015,13,2112
03/07/2015,14,2234
03/07/2015,15,2349
03/07/2015,16,2260
03/07/2015,17,2171
03/07/2015,18,1969
03/07/2015,19,1664
03/07/2015,20,1262
03/07/2015,21,956
03/07/2015,22,702
03/07/2015,23,610
03/07/2016,0,554
03/07/2016,1,361
03/07/2016,2,262
03/07/2016,3,168
03/07/2016,4,98
03/07/2016,5,80
03/07/2016,6,167
03/07/2016,7,358
03/07/2016,8,763
03/07/2016,9,1254
03/07/2016,10,1752
03/07/2016,11,2309
03/07/2016,12,2700
03/07/2016,13,2838
03/07/2016,14,3058
03/07/2016,15,2983
03/07/2016,16,2938
03/07/2016,17,2972
03/07/2016,18,2751
03/07/2016,19,2340
03/07/2016,20,1658
03/07/2016,21,1286
03/07/2016,22,992
03/07/2016,23,706
03/07/2017,0,526
03/07/2017,1,272
03/07/2017,2,156
03/07/2017,3,66
03/07/2017,4,68
03/07/2017,5,251
03/07/2017,6,811
03/07/2017,7,1554
03/07/2017,8,2522
03/07/2017,9,2343
03/07/2017,10,2173
03/07/2017,11,2691
03/07/2017,12,3034
03/07/2017,13,3591
03/07/2017,14,3546
03/07/2017,15,3829
03/07/2017,16,3576
03/07/2017,17,3543
03/07/2017,18,3568
03/07/2017,19,3144
03/07/2017,20,2630
03/07/2017,21,1879
03/07/2017,22,1408
03/07/2017,23,1012
03/08/2013,0,597
03/08/2013,1,395
03/08/2013,2,289
03/08/2013,3,202
03/08/2013,4,131
03/08/2013,5,80
03/08/2013,6,146
03/08/2013,7,310
03/08/2013,8,649
03/08/2013,9,1206
03/08/2013,10,1445
03/08/2013,11,1447
03/08/2013,12,1689
03/08/2013,13,1426
03/08/2013,14,2153
03/08/2013,15,2630
03/08/2013,16,2753
03/08/2013,17,2630
03/08/2013,18,2553
03/08/2013,19,2281
03/08/2013,20,1595
03/08/2013,21,1137
03/08/2013,22,1008
03/08/2013,23,788
03/08/2014,0,497
03/08/2014,1,310
03/08/2014,2,171
03/08/2014,3,111
03/08/2014,4,96
03/08/2014,5,62
03/08/2014,6,64
03/08/2014,7,69
03/08/2014,8,216
03/08/2014,9,594
03/08/2014,10,1170
03/08/2014,11,1660
03/08/2014,12,1895
03/08/2014,13,2143
03/08/2014,14,2205
03/08/2014,15,2202
03/08/2014,16,2186
03/08/2014,17,2253
03/08/2014,18,2082
03/08/2014,19,1826
03/08/2014,20,1344
03/08/2014,21,967
03/08/2014,22,739
03/08/2014,23,414
03/08/2015,0,274
03/08/2015,1,135
03/08/2015,2,57
03/08/2015,3,38
03/08/2015,4,52
03/08/2015,5,248
03/08/2015,6,993
03/08/2015,7,2192
03/08/2015,8,3536
03/08/2015,9,2505
03/08/2015,10,1319
03/08/2015,11,1320
03/08/2015,12,1575
03/08/2015,13,1588
03/08/2015,14,1702
03/08/2015,15,1791
03/08/2015,16,2303
03/08/2015,17,4301
03/08/2015,18,4597
03/08/2015,19,3215
03/08/2015,20,2282
03/08/2015,21,1357
03/08/2015,22,935
03/08/2015,23,573
03/08/2016,0,374
03/08/2016,1,197
03/08/2016,2,92
03/08/2016,3,52
03/08/2016,4,82
03/08/2016,5,367
03/08/2016,6,1586
03/08/2016,7,3152
03/08/2016,8,5367
03/08/2016,9,3981
03/08/2016,10,2164
03/08/2016,11,2120
03/08/2016,12,2349
03/08/2016,13,2488
03/08/2016,14,2521
03/08/2016,15,2645
03/08/2016,16,3526
03/08/2016,17,6096
03/08/2016,18,6210
03/08/2016,19,4399
03/08/2016,20,2777
03/08/2016,21,1991
03/08/2016,22,1485
03/08/2016,23,982
03/08/2017,0,500
03/08/2017,1,213
03/08/2017,2,105
03/08/2017,3,73
03/08/2017,4,92
03/08/2017,5,531
03/08/2017,6,1873
03/08/2017,7,3629
03/08/2017,8,6215
03/08/2017,9,4354
03/08/2017,10,2484
03/08/2017,11,2360
03/08/2017,12,2913
03/08/2017,13,2928
03/08/2017,14,2817
03/08/2017,15,3162
03/08/2017,16,3996
03/08/2017,17,7091
03/08/2017,18,7118
03/08/2017,19,5105
03/08/2017,20,3291
03/08/2017,21,2345
03/08/2017,22,1806
03/08/2017,23,1148
03/09/2013,0,243
03/09/2013,1,118
03/09/2013,2,47
03/09/2013,3,14
03/09/2013,4,33
03/09/2013,5,177
03/09/2013,6,797
03/09/2013,7,1610
03/09/2013,8,2734
03/09/2013,9,1985
03/09/2013,10,1105
03/09/2013,11,1086
03/09/2013,12,1389
03/09/2013,13,1522
03/09/2013,14,1525
03/09/2013,15,1602
03/09/2013,16,2154
03/09/2013,17,3666
03/09/2013,18,3659
03/09/2013,19,2684
03/09/2013,20,1783
03/09/2013,21,1221
03/09/2013,22,780
03/09/2013,23,477
03/09/2014,0,220
03/09/2014,1,112
03/09/2014,2,66
03/09/2014,3,31
03/09/2014,4,44
03/09/2014,5,239
03/09/2014,6,994
03/09/2014,7,1958
03/09/2014,8,3253
03/09/2014,9,2445
03/09/2014,10,1395
03/09/2014,11,1287
03/09/2014,12,1571
03/09/2014,13,1660
03/09/2014,14,1527
03/09/2014,15,1710
03/09/2014,16,2190
03/09/2014,17,3797
03/09/2014,18,3839
03/09/2014,19,2805
03/09/2014,20,1789
03/09/2014,21,1217
03/09/2014,22,841
03/09/2014,23,545
03/09/2015,0,392
03/09/2015,1,168
03/09/2015,2,83
03/09/2015,3,48
03/09/2015,4,60
03/09/2015,5,229
03/09/2015,6,1101
03/09/2015,7,2294
03/09/2015,8,4072
03/09/2015,9,3091
03/09/2015,10,1819
03/09/2015,11,1697
03/09/2015,12,1875
03/09/2015,13,1987
03/09/2015,14,1861
03/09/2015,15,2145
03/09/2015,16,2787
03/09/2015,17,4272
03/09/2015,18,4419
03/09/2015,19,3117
03/09/2015,20,2072
03/09/2015,21,1462
03/09/2015,22,1100
03/09/2015,23,728
03/09/2016,0,623
03/09/2016,1,364
03/09/2016,2,265
03/09/2016,3,167
03/09/2016,4,110
03/09/2016,5,84
03/09/2016,6,221
03/09/2016,7,512
03/09/2016,8,1065
03/09/2016,9,1691
03/09/2016,10,2350
03/09/2016,11,2896
03/09/2016,12,3175
03/09/2016,13,3437
03/09/2016,14,3607
03/09/2016,15,3611
03/09/2016,16,3581
03/09/2016,17,3491
03/09/2016,18,3047
03/09/2016,19,2502
03/09/2016,20,1656
03/09/2016,21,1233
03/09/2016,22,1084
03/09/2016,23,858
03/09/2017,0,147
03/09/2017,1,127
03/09/2017,2,99
03/09/2017,3,15
03/09/2017,4,19
03/09/2017,5,40
03/09/2017,6,120
03/09/2017,7,264
03/09/2017,8,366
03/09/2017,9,306
03/09/2017,10,851
03/09/2017,11,1105
03/09/2017,12,1468
03/09/2017,13,2257
03/09/2017,14,2688
03/09/2017,15,3097
03/09/2017,16,3379
03/09/2017,17,3410
03/09/2017,18,3446
03/09/2017,19,2613
03/09/2017,20,1677
03/09/2017,21,1364
03/09/2017,22,1182
03/09/2017,23,915
03/10/2013,0,389
03/10/2013,1,202
03/10/2013,2,90
03/10/2013,3,42
03/10/2013,4,57
03/10/2013,5,227
03/10/2013,6,954
03/10/2013,7,2132
03/10/2013,8,3598
03/10/2013,9,2694
03/10/2013,10,1657
03/10/2013,11,1566
03/10/2013,12,2070
03/10/2013,13,2030
03/10/2013,14,2051
03/10/2013,15,2063
03/10/2013,16,2735
03/10/2013,17,4298
03/10/2013,18,3884
03/10/2013,19,2610
03/10/2013,20,1939
03/10/2013,21,1368
03/10/2013,22,1070
03/10/2013,23,730
03/10/2014,0,355
03/10/2014,1,170
03/10/2014,2,99
03/10/2014,3,56
03/10/2014,4,57
03/10/2014,5,196
03/10/2014,6,815
03/10/2014,7,1805
03/10/2014,8,3058
03/10/2014,9,2556
03/10/2014,10,1475
03/10/2014,11,1488
03/10/2014,12,1855
03/10/2014,13,1905
03/10/2014,14,2026
03/10/2014,15,2287
03/10/2014,16,2887
03/10/2014,17,3655
03/10/2014,18,3116
03/10/2014,19,1824
03/10/2014,20,1159
03/10/2014,21,866
03/10/2014,22,673
03/10/2014,23,561
03/10/2015,0,82
03/10/2015,1,42
03/10/2015,2,33
03/10/2015,3,29
03/10/2015,4,30
03/10/2015,5,30
03/10/2015,6,52
03/10/2015,7,157
03/10/2015,8,296
03/10/2015,9,460
03/10/2015,10,833
03/10/2015,11,1120
03/10/2015,12,1407
03/10/2015,13,1593
03/10/2015,14,1508
03/10/2015,15,1281
03/10/2015,16,1348
03/10/2015,17,1413
03/10/2015,18,1299
03/10/2015,19,1081
03/10/2015,20,782
03/10/2015,21,627
03/10/2015,22,555
03/10/2015,23,506
03/10/2017,0,391
03/10/2017,1,147
03/10/2017,2,65
03/10/2017,3,41
03/10/2017,4,91
03/10/2017,5,545
03/10/2017,6,2023
03/10/2017,7,4449
03/10/2017,8,7207
03/10/2017,9,4668
03/10/2017,10,2728
03/10/2017,11,2456
03/10/2017,12,2900
03/10/2017,13,3181
03/10/2017,14,3334
03/10/2017,15,3615
03/10/2017,16,4661
03/10/2017,17,7806
03/10/2017,18,7280
03/10/2017,19,4388
03/10/2017,20,2899
03/10/2017,21,2095
03/10/2017,22,1331
03/10/2017,23,804
03/11/2013,0,498
03/11/2013,1,517
03/11/2013,2,159
03/11/2013,3,94
03/11/2013,4,56
03/11/2013,5,67
03/11/2013,6,147
03/11/2013,7,307
03/11/2013,8,560
03/11/2013,9,1057
03/11/2013,10,1450
03/11/2013,11,1544
03/11/2013,12,1909
03/11/2013,13,1900
03/11/2013,14,1750
03/11/2013,15,1747
03/11/2013,16,1871
03/11/2013,17,1516
03/11/2013,18,1121
03/11/2013,19,817
03/11/2013,20,614
03/11/2013,21,470
03/11/2013,22,379
03/11/2013,23,248
03/11/2014,0,84
03/11/2014,1,47
03/11/2014,2,24
03/11/2014,3,17
03/11/2014,4,36
03/11/2014,5,175
03/11/2014,6,752
03/11/2014,7,1624
03/11/2014,8,2734
03/11/2014,9,1932
03/11/2014,10,1001
03/11/2014,11,1014
03/11/2014,12,1199
03/11/2014,13,1271
03/11/2014,14,1297
03/11/2014,15,1490
03/11/2014,16,1877
03/11/2014,17,2818
03/11/2014,18,2772
03/11/2014,19,1755
03/11/2014,20,1188
03/11/2014,21,744
03/11/2014,22,579
03/11/2014,23,327
03/11/2015,0,281
03/11/2015,1,93
03/11/2015,2,62
03/11/2015,3,33
03/11/2015,4,72
03/11/2015,5,330
03/11/2015,6,1405
03/11/2015,7,3069
03/11/2015,8,4994
03/11/2015,9,3541
03/11/2015,10,1999
03/11/2015,11,1993
03/11/2015,12,2336
03/11/2015,13,2554
03/11/2015,14,2613
03/11/2015,15,2711
03/11/2015,16,3248
03/11/2015,17,4817
03/11/2015,18,4696
03/11/2015,19,3101
03/11/2015,20,2089
03/11/2015,21,1628
03/11/2015,22,1102
03/11/2015,23,559
03/11/2017,0,646
03/11/2017,1,313
03/11/2017,2,152
03/11/2017,3,82
03/11/2017,4,95
03/11/2017,5,426
03/11/2017,6,1596
03/11/2017,7,3641
03/11/2017,8,6901
03/11/2017,9,5157
03/11/2017,10,3379
03/11/2017,11,3207
03/11/2017,12,4005
03/11/2017,13,3940
03/11/2017,14,4236
03/11/2017,15,4521
03/11/2017,16,5707
03/11/2017,17,7563
03/11/2017,18,6072
03/11/2017,19,3778
03/11/2017,20,2514
03/11/2017,21,1585
03/11/2017,22,1323
03/11/2017,23,979
03/12/2013,0,170
03/12/2013,1,59
03/12/2013,2,44
03/12/2013,3,19
03/12/2013,4,34
03/12/2013,5,166
03/12/2013,6,737
03/12/2013,7,1586
03/12/2013,8,2971
03/12/2013,9,2146
03/12/2013,10,1014
03/12/2013,11,946
03/12/2013,12,1191
03/12/2013,13,1232
03/12/2013,14,1264
03/12/2013,15,1400
03/12/2013,16,1715
03/12/2013,17,2766
03/12/2013,18,2867
03/12/2013,19,1970
03/12/2013,20,1249
03/12/2013,21,920
03/12/2013,22,597
03/12/2013,23,368
03/12/2014,0,98
03/12/2014,1,39
03/12/2014,2,31
03/12/2014,3,11
03/12/2014,4,35
03/12/2014,5,123
03/12/2014,6,449
03/12/2014,7,742
03/12/2014,8,1311
03/12/2014,9,939
03/12/2014,10,481
03/12/2014,11,470
03/12/2014,12,332
03/12/2014,13,229
03/12/2014,14,282
03/12/2014,15,508
03/12/2014,16,744
03/12/2014,17,1410
03/12/2014,18,1664
03/12/2014,19,1236
03/12/2014,20,846
03/12/2014,21,664
03/12/2014,22,495
03/12/2014,23,333
03/12/2015,0,318
03/12/2015,1,128
03/12/2015,2,65
03/12/2015,3,30
03/12/2015,4,62
03/12/2015,5,249
03/12/2015,6,970
03/12/2015,7,2222
03/12/2015,8,3974
03/12/2015,9,2703
03/12/2015,10,1390
03/12/2015,11,1298
03/12/2015,12,1393
03/12/2015,13,1406
03/12/2015,14,1504
03/12/2015,15,1625
03/12/2015,16,2077
03/12/2015,17,3265
03/12/2015,18,3401
03/12/2015,19,2120
03/12/2015,20,1461
03/12/2015,21,1091
03/12/2015,22,674
03/12/2015,23,491
03/12/2017,0,657
03/12/2017,1,402
03/12/2017,2,279
03/12/2017,3,148
03/12/2017,4,83
03/12/2017,5,71
03/12/2017,6,167
03/12/2017,7,436
03/12/2017,8,926
03/12/2017,9,1591
03/12/2017,10,2227
03/12/2017,11,2759
03/12/2017,12,3058
03/12/2017,13,3101
03/12/2017,14,2850
03/12/2017,15,2738
03/12/2017,16,2698
03/12/2017,17,2372
03/12/2017,18,2018
03/12/2017,19,1652
03/12/2017,20,1243
03/12/2017,21,1065
03/12/2017,22,712
03/12/2017,23,475
04/01/2014,0,18
04/01/2014,1,11
04/01/2014,2,13
04/01/2014,3,15
04/01/2014,4,5
04/01/2014,5,13
04/01/2014,6,13
04/01/2014,7,27
04/01/2014,8,55
04/01/2014,9,91
04/01/2014,10,122
04/01/2014,11,151
04/01/2014,12,169
04/01/2014,13,161
04/01/2014,14,213
04/01/2014,15,231
04/01/2014,16,224
04/01/2014,17,170
04/01/2014,18,154
04/01/2014,19,113
04/01/2014,20,111
04/01/2014,21,63
04/01/2014,22,83
04/01/2014,23,66
04/01/2015,0,36
04/01/2015,1,43
04/01/2015,2,28
04/01/2015,3,37
04/01/2015,4,18
04/01/2015,5,23
04/01/2015,6,33
04/01/2015,7,49
04/01/2015,8,127
04/01/2015,9,223
04/01/2015,10,438
04/01/2015,11,566
04/01/2015,12,690
04/01/2015,13,764
04/01/2015,14,769
04/01/2015,15,837
04/01/2015,16,831
04/01/2015,17,678
04/01/2015,18,625
04/01/2015,19,410
04/01/2015,20,173
04/01/2015,21,163
04/01/2015,22,173
04/01/2015,23,115
04/01/2016,0,92
04/01/2016,1,54
04/01/2016,2,21
04/01/2016,3,25
04/01/2016,4,52
04/01/2016,5,199
04/01/2016,6,756
04/01/2016,7,1443
04/01/2016,8,2592
04/01/2016,9,1663
04/01/2016,10,721
04/01/2016,11,681
04/01/2016,12,777
04/01/2016,13,779
04/01/2016,14,866
04/01/2016,15,950
04/01/2016,16,1163
04/01/2016,17,2187
04/01/2016,18,2009
04/01/2016,19,1194
04/01/2016,20,642
04/01/2016,21,376
04/01/2016,22,217
04/01/2016,23,134
04/01/2018,0,141
04/01/2018,1,54
04/01/2018,2,35
04/01/2018,3,23
04/01/2018,4,35
04/01/2018,5,109
04/01/2018,6,173
04/01/2018,7,197
04/01/2018,8,185
04/01/2018,9,103
04/01/2018,10,49
04/01/2018,11,21
04/01/2018,12,33
04/01/2018,13,41
04/01/2018,14,40
04/01/2018,15,64
04/01/2018,16,84
04/01/2018,17,98
04/01/2018,18,130
04/01/2018,19,102
04/01/2018,20,87
04/01/2018,21,47
04/01/2018,22,42
04/01/2018,23,29
04/02/2014,0,33
04/02/2014,1,10
04/02/2014,2,6
04/02/2014,3,5
04/02/2014,4,4
04/02/2014,5,44
04/02/2014,6,185
04/02/2014,7,384
04/02/2014,8,703
04/02/2014,9,575
04/02/2014,10,317
04/02/2014,11,275
04/02/2014,12,351
04/02/2014,13,390
04/02/2014,14,418
04/02/2014,15,463
04/02/2014,16,613
04/02/2014,17,973
04/02/2014,18,976
04/02/2014,19,713
04/02/2014,20,487
04/02/2014,21,384
04/02/2014,22,238
04/02/2014,23,162
04/02/2015,0,35
04/02/2015,1,20
04/02/2015,2,13
04/02/2015,3,11
04/02/2015,4,16
04/02/2015,5,76
04/02/2015,6,248
04/02/2015,7,488
04/02/2015,8,840
04/02/2015,9,645
04/02/2015,10,315
04/02/2015,11,305
04/02/2015,12,372
04/02/2015,13,397
04/02/2015,14,403
04/02/2015,15,461
04/02/2015,16,584
04/02/2015,17,949
04/02/2015,18,957
04/02/2015,19,643
04/02/2015,20,474
04/02/2015,21,329
04/02/2015,22,241
04/02/2015,23,151
04/02/2016,0,194
04/02/2016,1,65
04/02/2016,2,43
04/02/2016,3,35
04/02/2016,4,50
04/02/2016,5,182
04/02/2016,6,649
04/02/2016,7,1574
04/02/2016,8,3005
04/02/2016,9,2284
04/02/2016,10,1129
04/02/2016,11,1052
04/02/2016,12,1298
04/02/2016,13,1201
04/02/2016,14,1308
04/02/2016,15,1427
04/02/2016,16,1837
04/02/2016,17,3039
04/02/2016,18,2893
04/02/2016,19,1875
04/02/2016,20,1084
04/02/2016,21,748
04/02/2016,22,495
04/02/2016,23,299
04/02/2018,0,260
04/02/2018,1,163
04/02/2018,2,101
04/02/2018,3,66
04/02/2018,4,32
04/02/2018,5,29
04/02/2018,6,88
04/02/2018,7,249
04/02/2018,8,629
04/02/2018,9,1011
04/02/2018,10,1404
04/02/2018,11,1726
04/02/2018,12,1577
04/02/2018,13,1298
04/02/2018,14,1397
04/02/2018,15,1227
04/02/2018,16,970
04/02/2018,17,515
04/02/2018,18,338
04/02/2018,19,155
04/02/2018,20,104
04/02/2018,21,80
04/02/2018,22,303
04/02/2018,23,237
04/03/2014,0,44
04/03/2014,1,25
04/03/2014,2,10
04/03/2014,3,7
04/03/2014,4,17
04/03/2014,5,70
04/03/2014,6,262
04/03/2014,7,530
04/03/2014,8,969
04/03/2014,9,771
04/03/2014,10,388
04/03/2014,11,336
04/03/2014,12,409
04/03/2014,13,437
04/03/2014,14,466
04/03/2014,15,513
04/03/2014,16,675
04/03/2014,17,1192
04/03/2014,18,1102
04/03/2014,19,761
04/03/2014,20,558
04/03/2014,21,382
04/03/2014,22,281
04/03/2014,23,193
04/03/2015,0,31
04/03/2015,1,13
04/03/2015,2,4
04/03/2015,3,6
04/03/2015,4,16
04/03/2015,5,63
04/03/2015,6,157
04/03/2015,7,314
04/03/2015,8,535
04/03/2015,9,449
04/03/2015,10,306
04/03/2015,11,308
04/03/2015,12,342
04/03/2015,13,387
04/03/2015,14,386
04/03/2015,15,453
04/03/2015,16,620
04/03/2015,17,1014
04/03/2015,18,911
04/03/2015,19,584
04/03/2015,20,332
04/03/2015,21,136
04/03/2015,22,88
04/03/2015,23,59
04/03/2016,0,170
04/03/2016,1,69
04/03/2016,2,32
04/03/2016,3,19
04/03/2016,4,22
04/03/2016,5,94
04/03/2016,6,381
04/03/2016,7,775
04/03/2016,8,1144
04/03/2016,9,839
04/03/2016,10,413
04/03/2016,11,555
04/03/2016,12,705
04/03/2016,13,869
04/03/2016,14,1045
04/03/2016,15,1247
04/03/2016,16,1571
04/03/2016,17,2269
04/03/2016,18,1939
04/03/2016,19,1246
04/03/2016,20,767
04/03/2016,21,498
04/03/2016,22,407
04/03/2016,23,293
04/03/2018,0,426
04/03/2018,1,293
04/03/2018,2,187
04/03/2018,3,116
04/03/2018,4,54
04/03/2018,5,52
04/03/2018,6,108
04/03/2018,7,366
04/03/2018,8,702
04/03/2018,9,1163
04/03/2018,10,1660
04/03/2018,11,2071
04/03/2018,12,2328
04/03/2018,13,2314
04/03/2018,14,2230
04/03/2018,15,2297
04/03/2018,16,2209
04/03/2018,17,1980
04/03/2018,18,1538
04/03/2018,19,1220
04/03/2018,20,712
04/03/2018,21,523
04/03/2018,22,408
04/03/2018,23,305
04/04/2014,0,61
04/04/2014,1,56
04/04/2014,2,31
04/04/2014,3,22
04/04/2014,4,29
04/04/2014,5,90
04/04/2014,6,247
04/04/2014,7,591
04/04/2014,8,1459
04/04/2014,9,1375
04/04/2014,10,821
04/04/2014,11,654
04/04/2014,12,716
04/04/2014,13,783
04/04/2014,14,632
04/04/2014,15,713
04/04/2014,16,1078
04/04/2014,17,1315
04/04/2014,18,835
04/04/2014,19,368
04/04/2014,20,241
04/04/2014,21,176
04/04/2014,22,163
04/04/2014,23,110
04/04/2015,0,187
04/04/2015,1,154
04/04/2015,2,150
04/04/2015,3,72
04/04/2015,4,41
04/04/2015,5,40
04/04/2015,6,82
04/04/2015,7,192
04/04/2015,8,316
04/04/2015,9,629
04/04/2015,10,915
04/04/2015,11,1025
04/04/2015,12,1136
04/04/2015,13,1350
04/04/2015,14,1304
04/04/2015,15,1370
04/04/2015,16,1229
04/04/2015,17,1131
04/04/2015,18,970
04/04/2015,19,697
04/04/2015,20,452
04/04/2015,21,334
04/04/2015,22,318
04/04/2015,23,261
04/04/2016,0,116
04/04/2016,1,58
04/04/2016,2,23
04/04/2016,3,14
04/04/2016,4,41
04/04/2016,5,192
04/04/2016,6,681
04/04/2016,7,1103
04/04/2016,8,1586
04/04/2016,9,715
04/04/2016,10,468
04/04/2016,11,324
04/04/2016,12,381
04/04/2016,13,370
04/04/2016,14,244
04/04/2016,15,327
04/04/2016,16,391
04/04/2016,17,604
04/04/2016,18,1527
04/04/2016,19,1074
04/04/2016,20,865
04/04/2016,21,618
04/04/2016,22,353
04/04/2016,23,227
04/04/2017,0,6
04/04/2017,1,5
04/04/2017,3,3
04/04/2017,4,23
04/04/2017,5,161
04/04/2017,6,655
04/04/2017,7,1386
04/04/2017,8,2631
04/04/2017,9,2055
04/04/2017,10,903
04/04/2017,11,927
04/04/2017,12,1207
04/04/2017,13,1273
04/04/2017,14,1434
04/04/2017,15,1050
04/04/2017,16,1974
04/04/2017,17,3738
04/04/2017,18,3897
04/04/2017,19,2655
04/04/2017,20,1616
04/04/2017,21,1134
04/04/2017,22,812
04/04/2017,23,446
04/04/2018,0,221
04/04/2018,1,114
04/04/2018,2,93
04/04/2018,3,38
04/04/2018,4,61
04/04/2018,5,301
04/04/2018,6,912
04/04/2018,7,1816
04/04/2018,8,3414
04/04/2018,9,2778
04/04/2018,10,1508
04/04/2018,11,1496
04/04/2018,12,1611
04/04/2018,13,776
04/04/2018,14,1170
04/04/2018,15,1675
04/04/2018,16,2491
04/04/2018,17,4439
04/04/2018,18,4610
04/04/2018,19,2918
04/04/2018,20,1823
04/04/2018,21,1230
04/04/2018,22,793
04/04/2018,23,465
04/05/2014,0,318
04/05/2014,1,211
04/05/2014,2,149
04/05/2014,3,75
04/05/2014,4,54
04/05/2014,5,50
04/05/2014,6,108
04/05/2014,7,223
04/05/2014,8,477
04/05/2014,9,768
04/05/2014,10,1135
04/05/2014,11,1521
04/05/2014,12,1821
04/05/2014,13,1781
04/05/2014,14,1759
04/05/2014,15,1946
04/05/2014,16,2052
04/05/2014,17,1506
04/05/2014,18,1678
04/05/2014,19,1433
04/05/2014,20,877
04/05/2014,21,590
04/05/2014,22,469
04/05/2014,23,276
04/05/2015,0,141
04/05/2015,1,85
04/05/2015,2,48
04/05/2015,3,18
04/05/2015,4,40
04/05/2015,5,181
04/05/2015,6,813
04/05/2015,7,1635
04/05/2015,8,2818
04/05/2015,9,2156
04/05/2015,10,1243
04/05/2015,11,1201
04/05/2015,12,1517
04/05/2015,13,1513
04/05/2015,14,1519
04/05/2015,15,1594
04/05/2015,16,2154
04/05/2015,17,3530
04/05/2015,18,3540
04/05/2015,19,2409
04/05/2015,20,1672
04/05/2015,21,1071
04/05/2015,22,727
04/05/2015,23,441
04/05/2016,0,217
04/05/2016,1,74
04/05/2016,2,56
04/05/2016,3,38
04/05/2016,4,36
04/05/2016,5,229
04/05/2016,6,688
04/05/2016,7,1771
04/05/2016,8,3692
04/05/2016,9,2898
04/05/2016,10,1606
04/05/2016,11,1352
04/05/2016,12,1598
04/05/2016,13,1495
04/05/2016,14,1249
04/05/2016,15,1419
04/05/2016,16,1604
04/05/2016,17,2610
04/05/2016,18,3051
04/05/2016,19,2006
04/05/2016,20,1467
04/05/2016,21,1083
04/05/2016,22,872
04/05/2016,23,508
04/05/2017,0,324
04/05/2017,1,148
04/05/2017,2,82
04/05/2017,3,40
04/05/2017,4,62
04/05/2017,5,382
04/05/2017,6,1553
04/05/2017,7,3566
04/05/2017,8,5931
04/05/2017,9,4060
04/05/2017,10,2408
04/05/2017,11,2353
04/05/2017,12,2753
04/05/2017,13,2765
04/05/2017,14,2951
04/05/2017,15,3024
04/05/2017,16,3826
04/05/2017,17,5907
04/05/2017,18,5739
04/05/2017,19,3744
04/05/2017,20,2209
04/05/2017,21,1647
04/05/2017,22,1271
04/05/2017,23,684
04/05/2018,0,551
04/05/2018,1,289
04/05/2018,2,145
04/05/2018,3,78
04/05/2018,4,98
04/05/2018,5,481
04/05/2018,6,1678
04/05/2018,7,3827
04/05/2018,8,6594
04/05/2018,9,4709
04/05/2018,10,2963
04/05/2018,11,3027
04/05/2018,12,3548
04/05/2018,13,3506
04/05/2018,14,3763
04/05/2018,15,4167
04/05/2018,16,5483
04/05/2018,17,7451
04/05/2018,18,6442
04/05/2018,19,4530
04/05/2018,20,2876
04/05/2018,21,2037
04/05/2018,22,1652
04/05/2018,23,1304
04/06/2014,0,291
04/06/2014,1,111
04/06/2014,2,57
04/06/2014,3,27
04/06/2014,4,49
04/06/2014,5,242
04/06/2014,6,1032
04/06/2014,7,2093
04/06/2014,8,3197
04/06/2014,9,2385
04/06/2014,10,1357
04/06/2014,11,1252
04/06/2014,12,1566
04/06/2014,13,1669
04/06/2014,14,1638
04/06/2014,15,1794
04/06/2014,16,2271
04/06/2014,17,3791
04/06/2014,18,3730
04/06/2014,19,2739
04/06/2014,20,1844
04/06/2014,21,1262
04/06/2014,22,972
04/06/2014,23,699
04/06/2015,0,247
04/06/2015,1,113
04/06/2015,2,57
04/06/2015,3,25
04/06/2015,4,38
04/06/2015,5,216
04/06/2015,6,818
04/06/2015,7,1803
04/06/2015,8,3185
04/06/2015,9,2350
04/06/2015,10,1229
04/06/2015,11,1239
04/06/2015,12,1472
04/06/2015,13,1401
04/06/2015,14,1579
04/06/2015,15,1628
04/06/2015,16,2103
04/06/2015,17,3509
04/06/2015,18,3448
04/06/2015,19,2326
04/06/2015,20,1626
04/06/2015,21,1008
04/06/2015,22,808
04/06/2015,23,544
04/06/2016,0,617
04/06/2016,1,358
04/06/2016,2,253
04/06/2016,3,153
04/06/2016,4,93
04/06/2016,5,95
04/06/2016,6,280
04/06/2016,7,611
04/06/2016,8,1076
04/06/2016,9,1808
04/06/2016,10,2426
04/06/2016,11,3099
04/06/2016,12,3475
04/06/2016,13,3766
04/06/2016,14,3747
04/06/2016,15,3771
04/06/2016,16,3796
04/06/2016,17,3544
04/06/2016,18,2953
04/06/2016,19,1263
04/06/2016,20,1067
04/06/2016,21,1029
04/06/2016,22,847
04/06/2016,23,850
04/06/2017,0,845
04/06/2017,1,538
04/06/2017,2,313
04/06/2017,3,202
04/06/2017,4,108
04/06/2017,5,114
04/06/2017,6,239
04/06/2017,7,599
04/06/2017,8,1259
04/06/2017,9,2140
04/06/2017,10,3244
04/06/2017,11,3795
04/06/2017,12,4158
04/06/2017,13,3420
04/06/2017,14,2951
04/06/2017,15,2249
04/06/2017,16,2294
04/06/2017,17,2579
04/06/2017,18,2372
04/06/2017,19,2125
04/06/2017,20,1747
04/06/2017,21,1193
04/06/2017,22,977
04/06/2017,23,677
04/07/2013,0,311
04/07/2013,1,220
04/07/2013,2,143
04/07/2013,3,94
04/07/2013,4,84
04/07/2013,5,45
04/07/2013,6,110
04/07/2013,7,193
04/07/2013,8,369
04/07/2013,9,628
04/07/2013,10,965
04/07/2013,11,1255
04/07/2013,12,1593
04/07/2013,13,1721
04/07/2013,14,1869
04/07/2013,15,1874
04/07/2013,16,1918
04/07/2013,17,1847
04/07/2013,18,1653
04/07/2013,19,1407
04/07/2013,20,1262
04/07/2013,21,757
04/07/2013,22,1260
04/07/2013,23,748
04/07/2014,0,279
04/07/2014,1,179
04/07/2014,2,124
04/07/2014,3,100
04/07/2014,4,67
04/07/2014,5,61
04/07/2014,6,141
04/07/2014,7,248
04/07/2014,8,448
04/07/2014,9,694
04/07/2014,10,1003
04/07/2014,11,1464
04/07/2014,12,891
04/07/2014,13,438
04/07/2014,14,336
04/07/2014,15,450
04/07/2014,16,453
04/07/2014,17,653
04/07/2014,18,1140
04/07/2014,19,1098
04/07/2014,20,984
04/07/2014,21,691
04/07/2014,22,1098
04/07/2014,23,572
04/07/2015,0,404
04/07/2015,1,262
04/07/2015,2,159
04/07/2015,3,90
04/07/2015,4,59
04/07/2015,5,60
04/07/2015,6,117
04/07/2015,7,223
04/07/2015,8,417
04/07/2015,9,759
04/07/2015,10,1178
04/07/2015,11,1497
04/07/2015,12,1533
04/07/2015,13,913
04/07/2015,14,1185
04/07/2015,15,1697
04/07/2015,16,1980
04/07/2015,17,1915
04/07/2015,18,1619
04/07/2015,19,1558
04/07/2015,20,1102
04/07/2015,21,800
04/07/2015,22,1355
04/07/2015,23,824
04/07/2016,0,537
04/07/2016,1,252
04/07/2016,2,173
04/07/2016,3,116
04/07/2016,4,73
04/07/2016,5,66
04/07/2016,6,196
04/07/2016,7,399
04/07/2016,8,709
04/07/2016,9,1252
04/07/2016,10,1884
04/07/2016,11,2497
04/07/2016,12,2874
04/07/2016,13,3209
04/07/2016,14,3099
04/07/2016,15,3315
04/07/2016,16,3218
04/07/2016,17,3042
04/07/2016,18,2596
04/07/2016,19,2096
04/07/2016,20,1022
04/07/2016,21,714
04/07/2016,22,1282
04/07/2016,23,239
04/07/2017,0,675
04/07/2017,1,420
04/07/2017,2,202
04/07/2017,3,111
04/07/2017,4,92
04/07/2017,5,157
04/07/2017,6,260
04/07/2017,7,633
04/07/2017,8,1095
04/07/2017,9,1775
04/07/2017,10,2484
04/07/2017,11,3261
04/07/2017,12,3492
04/07/2017,13,3807
04/07/2017,14,3955
04/07/2017,15,4076
04/07/2017,16,3952
04/07/2017,17,3753
04/07/2017,18,3472
04/07/2017,19,3023
04/07/2017,20,2621
04/07/2017,21,1802
04/07/2017,22,3219
04/07/2017,23,1587
04/08/2013,0,685
04/08/2013,1,474
04/08/2013,2,319
04/08/2013,3,190
04/08/2013,4,159
04/08/2013,5,81
04/08/2013,6,116
04/08/2013,7,231
04/08/2013,8,560
04/08/2013,9,996
04/08/2013,10,1592
04/08/2013,11,2155
04/08/2013,12,2665
04/08/2013,13,2789
04/08/2013,14,2935
04/08/2013,15,3046
04/08/2013,16,2993
04/08/2013,17,3039
04/08/2013,18,2914
04/08/2013,19,2540
04/08/2013,20,1924
04/08/2013,21,1313
04/08/2013,22,981
04/08/2013,23,556
04/08/2014,0,228
04/08/2014,1,125
04/08/2014,2,56
04/08/2014,3,42
04/08/2014,4,46
04/08/2014,5,215
04/08/2014,6,888
04/08/2014,7,1717
04/08/2014,8,2834
04/08/2014,9,2210
04/08/2014,10,1293
04/08/2014,11,1200
04/08/2014,12,1426
04/08/2014,13,1495
04/08/2014,14,1579
04/08/2014,15,1668
04/08/2014,16,2181
04/08/2014,17,3667
04/08/2014,18,3826
04/08/2014,19,2694
04/08/2014,20,1942
04/08/2014,21,1184
04/08/2014,22,813
04/08/2014,23,493
04/08/2015,0,273
04/08/2015,1,175
04/08/2015,2,58
04/08/2015,3,20
04/08/2015,4,23
04/08/2015,5,238
04/08/2015,6,986
04/08/2015,7,2108
04/08/2015,8,3946
04/08/2015,9,2863
04/08/2015,10,1485
04/08/2015,11,1520
04/08/2015,12,1662
04/08/2015,13,1733
04/08/2015,14,1752
04/08/2015,15,1851
04/08/2015,16,2443
04/08/2015,17,4365
04/08/2015,18,4506
04/08/2015,19,3244
04/08/2015,20,2291
04/08/2015,21,1490
04/08/2015,22,1145
04/08/2015,23,606
04/08/2016,0,508
04/08/2016,1,239
04/08/2016,2,127
04/08/2016,3,75
04/08/2016,4,76
04/08/2016,5,355
04/08/2016,6,1498
04/08/2016,7,3070
04/08/2016,8,5371
04/08/2016,9,3901
04/08/2016,10,2173
04/08/2016,11,2051
04/08/2016,12,2381
04/08/2016,13,2512
04/08/2016,14,2501
04/08/2016,15,2759
04/08/2016,16,3568
04/08/2016,17,5923
04/08/2016,18,6007
04/08/2016,19,4121
04/08/2016,20,2878
04/08/2016,21,1930
04/08/2016,22,1516
04/08/2016,23,1064
04/08/2017,0,616
04/08/2017,1,320
04/08/2017,2,144
04/08/2017,3,107
04/08/2017,4,99
04/08/2017,5,417
04/08/2017,6,1261
04/08/2017,7,688
04/08/2017,8,3073
04/08/2017,9,3491
04/08/2017,10,2472
04/08/2017,11,2602
04/08/2017,12,3075
04/08/2017,13,3365
04/08/2017,14,3731
04/08/2017,15,3975
04/08/2017,16,4926
04/08/2017,17,5949
04/08/2017,18,5052
04/08/2017,19,3886
04/08/2017,20,2707
04/08/2017,21,1879
04/08/2017,22,1419
04/08/2017,23,1140
04/09/2013,0,275
04/09/2013,1,124
04/09/2013,2,62
04/09/2013,3,44
04/09/2013,4,41
04/09/2013,5,216
04/09/2013,6,900
04/09/2013,7,2065
04/09/2013,8,3292
04/09/2013,9,2358
04/09/2013,10,1386
04/09/2013,11,1382
04/09/2013,12,1709
04/09/2013,13,1812
04/09/2013,14,1782
04/09/2013,15,1892
04/09/2013,16,2403
04/09/2013,17,3772
04/09/2013,18,3671
04/09/2013,19,2746
04/09/2013,20,1869
04/09/2013,21,1321
04/09/2013,22,1046
04/09/2013,23,630
04/09/2014,0,300
04/09/2014,1,152
04/09/2014,2,80
04/09/2014,3,41
04/09/2014,4,59
04/09/2014,5,235
04/09/2014,6,947
04/09/2014,7,2005
04/09/2014,8,3295
04/09/2014,9,2436
04/09/2014,10,1422
04/09/2014,11,1385
04/09/2014,12,1693
04/09/2014,13,1762
04/09/2014,14,1735
04/09/2014,15,1839
04/09/2014,16,2317
04/09/2014,17,3764
04/09/2014,18,3805
04/09/2014,19,2728
04/09/2014,20,1698
04/09/2014,21,1211
04/09/2014,22,883
04/09/2014,23,704
04/09/2015,0,441
04/09/2015,1,258
04/09/2015,2,119
04/09/2015,3,66
04/09/2015,4,61
04/09/2015,5,208
04/09/2015,6,869
04/09/2015,7,1853
04/09/2015,8,3367
04/09/2015,9,2703
04/09/2015,10,1878
04/09/2015,11,1856
04/09/2015,12,2238
04/09/2015,13,2563
04/09/2015,14,2735
04/09/2015,15,3209
04/09/2015,16,3232
04/09/2015,17,3370
04/09/2015,18,2806
04/09/2015,19,2115
04/09/2015,20,1335
04/09/2015,21,1087
04/09/2015,22,881
04/09/2015,23,706
04/09/2016,0,600
04/09/2016,1,380
04/09/2016,2,242
04/09/2016,3,166
04/09/2016,4,107
04/09/2016,5,84
04/09/2016,6,141
04/09/2016,7,377
04/09/2016,8,754
04/09/2016,9,1514
04/09/2016,10,2414
04/09/2016,11,2983
04/09/2016,12,3707
04/09/2016,13,3931
04/09/2016,14,4063
04/09/2016,15,4349
04/09/2016,16,4270
04/09/2016,17,3884
04/09/2016,18,3770
04/09/2016,19,2818
04/09/2016,20,1958
04/09/2016,21,1427
04/09/2016,22,1201
04/09/2016,23,883
04/09/2017,0,670
04/09/2017,1,370
04/09/2017,2,219
04/09/2017,3,140
04/09/2017,4,110
04/09/2017,5,83
04/09/2017,6,294
04/09/2017,7,546
04/09/2017,8,1154
04/09/2017,9,1984
04/09/2017,10,3058
04/09/2017,11,3838
04/09/2017,12,4560
04/09/2017,13,4813
04/09/2017,14,4975
04/09/2017,15,5052
04/09/2017,16,4941
04/09/2017,17,4762
04/09/2017,18,4386
04/09/2017,19,3464
04/09/2017,20,2270
04/09/2017,21,1645
04/09/2017,22,1214
04/09/2017,23,737
04/10/2013,0,418
04/10/2013,1,258
04/10/2013,2,127
04/10/2013,3,64
04/10/2013,4,56
04/10/2013,5,197
04/10/2013,6,873
04/10/2013,7,1980
04/10/2013,8,3550
04/10/2013,9,2721
04/10/2013,10,1695
04/10/2013,11,1633
04/10/2013,12,2041
04/10/2013,13,2189
04/10/2013,14,2214
04/10/2013,15,2358
04/10/2013,16,3006
04/10/2013,17,4272
04/10/2013,18,3636
04/10/2013,19,2400
04/10/2013,20,1607
04/10/2013,21,1134
04/10/2013,22,949
04/10/2013,23,817
04/10/2014,0,444
04/10/2014,1,259
04/10/2014,2,173
04/10/2014,3,89
04/10/2014,4,79
04/10/2014,5,34
04/10/2014,6,48
04/10/2014,7,102
04/10/2014,8,282
04/10/2014,9,198
04/10/2014,10,114
04/10/2014,11,188
04/10/2014,12,231
04/10/2014,13,463
04/10/2014,14,800
04/10/2014,15,1321
04/10/2014,16,1653
04/10/2014,17,1699
04/10/2014,18,1608
04/10/2014,19,1129
04/10/2014,20,764
04/10/2014,21,684
04/10/2014,22,566
04/10/2014,23,426
04/10/2015,0,422
04/10/2015,1,327
04/10/2015,2,231
04/10/2015,3,149
04/10/2015,4,84
04/10/2015,5,51
04/10/2015,6,118
04/10/2015,7,237
04/10/2015,8,506
04/10/2015,9,988
04/10/2015,10,1433
04/10/2015,11,1813
04/10/2015,12,2404
04/10/2015,13,2614
04/10/2015,14,2684
04/10/2015,15,2796
04/10/2015,16,3051
04/10/2015,17,2886
04/10/2015,18,2519
04/10/2015,19,1862
04/10/2015,20,1078
04/10/2015,21,923
04/10/2015,22,632
04/10/2015,23,406
04/10/2017,0,451
04/10/2017,1,188
04/10/2017,2,78
04/10/2017,3,50
04/10/2017,4,87
04/10/2017,5,546
04/10/2017,6,2000
04/10/2017,7,4351
04/10/2017,8,7169
04/10/2017,9,4787
04/10/2017,10,2746
04/10/2017,11,2483
04/10/2017,12,3213
04/10/2017,13,3302
04/10/2017,14,3470
04/10/2017,15,3673
04/10/2017,16,4768
04/10/2017,17,7951
04/10/2017,18,7499
04/10/2017,19,4804
04/10/2017,20,3098
04/10/2017,21,2244
04/10/2017,22,1532
04/10/2017,23,964
04/11/2013,0,93
04/11/2013,1,60
04/11/2013,2,24
04/11/2013,3,17
04/11/2013,4,38
04/11/2013,5,158
04/11/2013,6,785
04/11/2013,7,1538
04/11/2013,8,2703
04/11/2013,9,1891
04/11/2013,10,1081
04/11/2013,11,1081
04/11/2013,12,1231
04/11/2013,13,1310
04/11/2013,14,1308
04/11/2013,15,1495
04/11/2013,16,1788
04/11/2013,17,2857
04/11/2013,18,2768
04/11/2013,19,1994
04/11/2013,20,1220
04/11/2013,21,771
04/11/2013,22,594
04/11/2013,23,337
04/11/2014,0,217
04/11/2014,1,79
04/11/2014,2,35
04/11/2014,3,17
04/11/2014,4,44
04/11/2014,5,201
04/11/2014,6,889
04/11/2014,7,1910
04/11/2014,8,3086
04/11/2014,9,2220
04/11/2014,10,1322
04/11/2014,11,1257
04/11/2014,12,1365
04/11/2014,13,1523
04/11/2014,14,1522
04/11/2014,15,1672
04/11/2014,16,1987
04/11/2014,17,3125
04/11/2014,18,3117
04/11/2014,19,2017
04/11/2014,20,1440
04/11/2014,21,963
04/11/2014,22,746
04/11/2014,23,420
04/11/2015,0,287
04/11/2015,1,136
04/11/2015,2,69
04/11/2015,3,42
04/11/2015,4,63
04/11/2015,5,315
04/11/2015,6,1415
04/11/2015,7,3172
04/11/2015,8,5254
04/11/2015,9,3562
04/11/2015,10,2038
04/11/2015,11,1992
04/11/2015,12,2172
04/11/2015,13,2378
04/11/2015,14,2595
04/11/2015,15,2698
04/11/2015,16,3321
04/11/2015,17,4953
04/11/2015,18,4628
04/11/2015,19,2972
04/11/2015,20,2067
04/11/2015,21,1604
04/11/2015,22,1078
04/11/2015,23,676
04/11/2017,0,601
04/11/2017,1,416
04/11/2017,2,279
04/11/2017,3,176
04/11/2017,4,97
04/11/2017,5,109
04/11/2017,6,307
04/11/2017,7,853
04/11/2017,8,1633
04/11/2017,9,2665
04/11/2017,10,3346
04/11/2017,11,4078
04/11/2017,12,4582
04/11/2017,13,4824
04/11/2017,14,4755
04/11/2017,15,4968
04/11/2017,16,4671
04/11/2017,17,4104
04/11/2017,18,3242
04/11/2017,19,2406
04/11/2017,20,1786
04/11/2017,21,1404
04/11/2017,22,1163
04/11/2017,23,970
04/12/2013,0,189
04/12/2013,1,87
04/12/2013,2,56
04/12/2013,3,37
04/12/2013,4,38
04/12/2013,5,154
04/12/2013,6,731
04/12/2013,7,1581
04/12/2013,8,3063
04/12/2013,9,2258
04/12/2013,10,1141
04/12/2013,11,1080
04/12/2013,12,1267
04/12/2013,13,1280
04/12/2013,14,1281
04/12/2013,15,1349
04/12/2013,16,1703
04/12/2013,17,2755
04/12/2013,18,2864
04/12/2013,19,1884
04/12/2013,20,1315
04/12/2013,21,999
04/12/2013,22,663
04/12/2013,23,424
04/12/2014,0,153
04/12/2014,1,65
04/12/2014,2,45
04/12/2014,3,20
04/12/2014,4,36
04/12/2014,5,148
04/12/2014,6,629
04/12/2014,7,1291
04/12/2014,8,2265
04/12/2014,9,1718
04/12/2014,10,924
04/12/2014,11,811
04/12/2014,12,957
04/12/2014,13,992
04/12/2014,14,1045
04/12/2014,15,1105
04/12/2014,16,1292
04/12/2014,17,1987
04/12/2014,18,1998
04/12/2014,19,1338
04/12/2014,20,930
04/12/2014,21,676
04/12/2014,22,543
04/12/2014,23,367
04/12/2015,0,269
04/12/2015,1,147
04/12/2015,2,69
04/12/2015,3,43
04/12/2015,4,55
04/12/2015,5,241
04/12/2015,6,933
04/12/2015,7,2122
04/12/2015,8,3825
04/12/2015,9,2827
04/12/2015,10,1411
04/12/2015,11,1391
04/12/2015,12,1617
04/12/2015,13,1713
04/12/2015,14,1811
04/12/2015,15,2051
04/12/2015,16,2468
04/12/2015,17,3500
04/12/2015,18,3035
04/12/2015,19,1943
04/12/2015,20,1199
04/12/2015,21,854
04/12/2015,22,682
04/12/2015,23,531
04/12/2017,0,249
04/12/2017,1,101
04/12/2017,2,80
04/12/2017,3,50
04/12/2017,4,68
04/12/2017,5,408
04/12/2017,6,1429
04/12/2017,7,3093
04/12/2017,8,5249
04/12/2017,9,3689
04/12/2017,10,1911
04/12/2017,11,1768
04/12/2017,12,2144
04/12/2017,13,2259
04/12/2017,14,2317
04/12/2017,15,2589
04/12/2017,16,3174
04/12/2017,17,5062
04/12/2017,18,5159
04/12/2017,19,3452
04/12/2017,20,2300
04/12/2017,21,1500
04/12/2017,22,1017
04/12/2017,23,562
05/01/2014,0,65
05/01/2014,1,41
05/01/2014,2,33
05/01/2014,3,23
05/01/2014,4,17
05/01/2014,5,8
05/01/2014,6,21
05/01/2014,7,42
05/01/2014,8,68
05/01/2014,9,65
05/01/2014,10,78
05/01/2014,11,126
05/01/2014,12,126
05/01/2014,13,199
05/01/2014,14,191
05/01/2014,15,254
05/01/2014,16,262
05/01/2014,17,232
05/01/2014,18,217
05/01/2014,19,170
05/01/2014,20,141
05/01/2014,21,120
05/01/2014,22,96
05/01/2014,23,83
05/01/2015,0,64
05/01/2015,1,50
05/01/2015,2,29
05/01/2015,3,15
05/01/2015,4,24
05/01/2015,5,143
05/01/2015,6,575
05/01/2015,7,1070
05/01/2015,8,1721
05/01/2015,9,1147
05/01/2015,10,486
05/01/2015,11,463
05/01/2015,12,566
05/01/2015,13,598
05/01/2015,14,652
05/01/2015,15,690
05/01/2015,16,958
05/01/2015,17,1632
05/01/2015,18,1571
05/01/2015,19,912
05/01/2015,20,496
05/01/2015,21,313
05/01/2015,22,207
05/01/2015,23,124
05/01/2016,0,71
05/01/2016,1,27
05/01/2016,2,10
05/01/2016,3,6
05/01/2016,4,20
05/01/2016,5,164
05/01/2016,6,530
05/01/2016,7,1089
05/01/2016,8,1935
05/01/2016,9,1413
05/01/2016,10,636
05/01/2016,11,538
05/01/2016,12,609
05/01/2016,13,673
05/01/2016,14,758
05/01/2016,15,868
05/01/2016,16,1173
05/01/2016,17,2145
05/01/2016,18,2120
05/01/2016,19,1311
05/01/2016,20,860
05/01/2016,21,509
05/01/2016,22,402
05/01/2016,23,186
05/01/2018,0,27
05/01/2018,1,13
05/01/2018,2,2
05/01/2018,3,3
05/01/2018,4,8
05/01/2018,5,32
05/01/2018,6,110
05/01/2018,7,244
05/01/2018,8,475
05/01/2018,9,370
05/01/2018,10,221
05/01/2018,11,195
05/01/2018,12,249
05/01/2018,13,258
05/01/2018,14,268
05/01/2018,15,297
05/01/2018,16,389
05/01/2018,17,552
05/01/2018,18,480
05/01/2018,19,308
05/01/2018,20,171
05/01/2018,21,130
05/01/2018,22,99
05/01/2018,23,71
05/02/2014,0,64
05/02/2014,1,14
05/02/2014,2,12
05/02/2014,3,2
05/02/2014,4,2
05/02/2014,5,12
05/02/2014,6,29
05/02/2014,7,38
05/02/2014,8,54
05/02/2014,9,137
05/02/2014,10,115
05/02/2014,11,92
05/02/2014,12,79
05/02/2014,13,118
05/02/2014,14,130
05/02/2014,15,126
05/02/2014,16,204
05/02/2014,17,326
05/02/2014,18,345
05/02/2014,19,273
05/02/2014,20,191
05/02/2014,21,187
05/02/2014,22,120
05/02/2014,23,76
05/02/2015,0,67
05/02/2015,1,44
05/02/2015,2,21
05/02/2015,3,10
05/02/2015,4,14
05/02/2015,5,91
05/02/2015,6,317
05/02/2015,7,636
05/02/2015,8,1089
05/02/2015,9,797
05/02/2015,10,420
05/02/2015,11,354
05/02/2015,12,384
05/02/2015,13,388
05/02/2015,14,403
05/02/2015,15,431
05/02/2015,16,554
05/02/2015,17,992
05/02/2015,18,836
05/02/2015,19,536
05/02/2015,20,318
05/02/2015,21,231
05/02/2015,22,167
05/02/2015,23,108
05/02/2016,0,126
05/02/2016,1,65
05/02/2016,2,26
05/02/2016,3,13
05/02/2016,4,13
05/02/2016,5,65
05/02/2016,6,187
05/02/2016,7,289
05/02/2016,8,514
05/02/2016,9,550
05/02/2016,10,308
05/02/2016,11,354
05/02/2016,12,531
05/02/2016,13,726
05/02/2016,14,954
05/02/2016,15,1057
05/02/2016,16,1338
05/02/2016,17,1988
05/02/2016,18,1682
05/02/2016,19,1140
05/02/2016,20,677
05/02/2016,21,443
05/02/2016,22,358
05/02/2016,23,266
05/02/2018,0,126
05/02/2018,1,52
05/02/2018,2,18
05/02/2018,3,29
05/02/2018,4,35
05/02/2018,5,280
05/02/2018,6,885
05/02/2018,7,2055
05/02/2018,8,3067
05/02/2018,9,2294
05/02/2018,10,1100
05/02/2018,11,973
05/02/2018,12,1147
05/02/2018,13,1187
05/02/2018,14,1253
05/02/2018,15,1411
05/02/2018,16,1850
05/02/2018,17,3161
05/02/2018,18,3203
05/02/2018,19,1950
05/02/2018,20,1266
05/02/2018,21,881
05/02/2018,22,540
05/02/2018,23,305
05/03/2014,0,75
05/03/2014,1,28
05/03/2014,2,19
05/03/2014,3,11
05/03/2014,4,19
05/03/2014,5,88
05/03/2014,6,401
05/03/2014,7,803
05/03/2014,8,1474
05/03/2014,9,1116
05/03/2014,10,541
05/03/2014,11,498
05/03/2014,12,603
05/03/2014,13,609
05/03/2014,14,624
05/03/2014,15,688
05/03/2014,16,869
05/03/2014,17,1495
05/03/2014,18,1433
05/03/2014,19,966
05/03/2014,20,599
05/03/2014,21,393
05/03/2014,22,305
05/03/2014,23,144
05/03/2015,0,29
05/03/2015,1,15
05/03/2015,2,11
05/03/2015,3,3
05/03/2015,4,10
05/03/2015,5,38
05/03/2015,6,147
05/03/2015,7,153
05/03/2015,8,202
05/03/2015,9,137
05/03/2015,10,79
05/03/2015,11,36
05/03/2015,12,35
05/03/2015,13,37
05/03/2015,14,61
05/03/2015,15,58
05/03/2015,16,64
05/03/2015,17,88
05/03/2015,18,150
05/03/2015,19,106
05/03/2015,20,62
05/03/2015,21,46
05/03/2015,22,41
05/03/2015,23,29
05/03/2016,0,244
05/03/2016,1,124
05/03/2016,2,95
05/03/2016,3,49
05/03/2016,4,33
05/03/2016,5,53
05/03/2016,6,112
05/03/2016,7,249
05/03/2016,8,549
05/03/2016,9,853
05/03/2016,10,1084
05/03/2016,11,1368
05/03/2016,12,1498
05/03/2016,13,1590
05/03/2016,14,1614
05/03/2016,15,1676
05/03/2016,16,1555
05/03/2016,17,1399
05/03/2016,18,1112
05/03/2016,19,949
05/03/2016,20,624
05/03/2016,21,471
05/03/2016,22,399
05/03/2016,23,323
05/03/2018,0,240
05/03/2018,1,80
05/03/2018,2,50
05/03/2018,3,30
05/03/2018,4,59
05/03/2018,5,307
05/03/2018,6,1137
05/03/2018,7,2320
05/03/2018,8,4051
05/03/2018,9,2666
05/03/2018,10,1438
05/03/2018,11,1248
05/03/2018,12,1548
05/03/2018,13,1504
05/03/2018,14,1694
05/03/2018,15,1870
05/03/2018,16,2397
05/03/2018,17,4028
05/03/2018,18,3952
05/03/2018,19,2408
05/03/2018,20,1574
05/03/2018,21,1073
05/03/2018,22,723
05/03/2018,23,377
05/04/2014,0,92
05/04/2014,1,75
05/04/2014,2,71
05/04/2014,3,41
05/04/2014,4,24
05/04/2014,5,38
05/04/2014,6,103
05/04/2014,7,228
05/04/2014,8,451
05/04/2014,9,843
05/04/2014,10,1168
05/04/2014,11,1422
05/04/2014,12,1640
05/04/2014,13,1612
05/04/2014,14,1665
05/04/2014,15,1733
05/04/2014,16,1723
05/04/2014,17,1690
05/04/2014,18,1352
05/04/2014,19,1028
05/04/2014,20,578
05/04/2014,21,401
05/04/2014,22,389
05/04/2014,23,288
05/04/2015,0,180
05/04/2015,1,112
05/04/2015,2,77
05/04/2015,3,49
05/04/2015,4,34
05/04/2015,5,26
05/04/2015,6,49
05/04/2015,7,114
05/04/2015,8,282
05/04/2015,9,546
05/04/2015,10,869
05/04/2015,11,1094
05/04/2015,12,1186
05/04/2015,13,1359
05/04/2015,14,1232
05/04/2015,15,1191
05/04/2015,16,1049
05/04/2015,17,1142
05/04/2015,18,992
05/04/2015,19,763
05/04/2015,20,511
05/04/2015,21,417
05/04/2015,22,328
05/04/2015,23,197
05/04/2016,0,117
05/04/2016,1,44
05/04/2016,2,16
05/04/2016,3,13
05/04/2016,4,31
05/04/2016,5,174
05/04/2016,6,705
05/04/2016,7,1447
05/04/2016,8,2660
05/04/2016,9,1933
05/04/2016,10,987
05/04/2016,11,954
05/04/2016,12,974
05/04/2016,13,1031
05/04/2016,14,1178
05/04/2016,15,1305
05/04/2016,16,1721
05/04/2016,17,2996
05/04/2016,18,3204
05/04/2016,19,1945
05/04/2016,20,1169
05/04/2016,21,800
05/04/2016,22,551
05/04/2016,23,283
05/04/2017,0,179
05/04/2017,1,97
05/04/2017,2,47
05/04/2017,3,19
05/04/2017,4,61
05/04/2017,5,309
05/04/2017,6,1172
05/04/2017,7,2698
05/04/2017,8,4930
05/04/2017,9,3581
05/04/2017,10,1975
05/04/2017,11,1773
05/04/2017,12,2016
05/04/2017,13,2187
05/04/2017,14,2308
05/04/2017,15,2548
05/04/2017,16,3320
05/04/2017,17,5407
05/04/2017,18,5268
05/04/2017,19,3191
05/04/2017,20,1896
05/04/2017,21,1297
05/04/2017,22,842
05/04/2017,23,515
05/04/2018,0,208
05/04/2018,1,110
05/04/2018,2,61
05/04/2018,3,27
05/04/2018,4,55
05/04/2018,5,310
05/04/2018,6,994
05/04/2018,7,2147
05/04/2018,8,4023
05/04/2018,9,3116
05/04/2018,10,1629
05/04/2018,11,1539
05/04/2018,12,1865
05/04/2018,13,1919
05/04/2018,14,1951
05/04/2018,15,2094
05/04/2018,16,2520
05/04/2018,17,4187
05/04/2018,18,4294
05/04/2018,19,2704
05/04/2018,20,1578
05/04/2018,21,1099
05/04/2018,22,830
05/04/2018,23,554
05/05/2014,0,135
05/05/2014,1,49
05/05/2014,2,29
05/05/2014,3,16
05/05/2014,4,33
05/05/2014,5,171
05/05/2014,6,745
05/05/2014,7,1572
05/05/2014,8,2767
05/05/2014,9,1972
05/05/2014,10,1001
05/05/2014,11,1037
05/05/2014,12,1376
05/05/2014,13,1442
05/05/2014,14,1449
05/05/2014,15,1582
05/05/2014,16,2020
05/05/2014,17,3421
05/05/2014,18,3444
05/05/2014,19,2391
05/05/2014,20,1502
05/05/2014,21,1000
05/05/2014,22,729
05/05/2014,23,405
05/05/2015,0,239
05/05/2015,1,93
05/05/2015,2,52
05/05/2015,3,31
05/05/2015,4,48
05/05/2015,5,216
05/05/2015,6,889
05/05/2015,7,1986
05/05/2015,8,3304
05/05/2015,9,2369
05/05/2015,10,1236
05/05/2015,11,1183
05/05/2015,12,1385
05/05/2015,13,1586
05/05/2015,14,1447
05/05/2015,15,1575
05/05/2015,16,2130
05/05/2015,17,3533
05/05/2015,18,3449
05/05/2015,19,2394
05/05/2015,20,1522
05/05/2015,21,1055
05/05/2015,22,802
05/05/2015,23,488
05/05/2016,0,228
05/05/2016,1,111
05/05/2016,2,61
05/05/2016,3,33
05/05/2016,4,56
05/05/2016,5,245
05/05/2016,6,1060
05/05/2016,7,2167
05/05/2016,8,4024
05/05/2016,9,2910
05/05/2016,10,1560
05/05/2016,11,1540
05/05/2016,12,1738
05/05/2016,13,1780
05/05/2016,14,1937
05/05/2016,15,2005
05/05/2016,16,2509
05/05/2016,17,4237
05/05/2016,18,4315
05/05/2016,19,2735
05/05/2016,20,1791
05/05/2016,21,1260
05/05/2016,22,952
05/05/2016,23,649
05/05/2017,0,376
05/05/2017,1,180
05/05/2017,2,80
05/05/2017,3,49
05/05/2017,4,64
05/05/2017,5,284
05/05/2017,6,772
05/05/2017,7,961
05/05/2017,8,2326
05/05/2017,9,1555
05/05/2017,10,441
05/05/2017,11,120
05/05/2017,12,127
05/05/2017,13,121
05/05/2017,14,301
05/05/2017,15,1371
05/05/2017,16,2007
05/05/2017,17,3534
05/05/2017,18,3303
05/05/2017,19,2310
05/05/2017,20,1484
05/05/2017,21,1115
05/05/2017,22,637
05/05/2017,23,491
05/05/2018,0,863
05/05/2018,1,543
05/05/2018,2,334
05/05/2018,3,204
05/05/2018,4,143
05/05/2018,5,128
05/05/2018,6,393
05/05/2018,7,880
05/05/2018,8,1772
05/05/2018,9,2967
05/05/2018,10,3954
05/05/2018,11,4926
05/05/2018,12,5275
05/05/2018,13,5771
05/05/2018,14,5717
05/05/2018,15,5612
05/05/2018,16,5420
05/05/2018,17,4835
05/05/2018,18,3886
05/05/2018,19,3276
05/05/2018,20,2217
05/05/2018,21,1622
05/05/2018,22,1413
05/05/2018,23,1178
05/06/2014,0,291
05/06/2014,1,107
05/06/2014,2,44
05/06/2014,3,22
05/06/2014,4,24
05/06/2014,5,50
05/06/2014,6,152
05/06/2014,7,354
05/06/2014,8,714
05/06/2014,9,318
05/06/2014,10,264
05/06/2014,11,603
05/06/2014,12,1011
05/06/2014,13,1335
05/06/2014,14,1527
05/06/2014,15,1662
05/06/2014,16,2083
05/06/2014,17,3298
05/06/2014,18,3366
05/06/2014,19,2647
05/06/2014,20,1824
05/06/2014,21,1267
05/06/2014,22,950
05/06/2014,23,706
05/06/2015,0,354
05/06/2015,1,177
05/06/2015,2,67
05/06/2015,3,55
05/06/2015,4,35
05/06/2015,5,190
05/06/2015,6,826
05/06/2015,7,1762
05/06/2015,8,3103
05/06/2015,9,2266
05/06/2015,10,810
05/06/2015,11,629
05/06/2015,12,1100
05/06/2015,13,1327
05/06/2015,14,1757
05/06/2015,15,2045
05/06/2015,16,2689
05/06/2015,17,3668
05/06/2015,18,2930
05/06/2015,19,1964
05/06/2015,20,1263
05/06/2015,21,959
05/06/2015,22,755
05/06/2015,23,563
05/06/2016,0,613
05/06/2016,1,410
05/06/2016,2,279
05/06/2016,3,174
05/06/2016,4,102
05/06/2016,5,78
05/06/2016,6,159
05/06/2016,7,362
05/06/2016,8,543
05/06/2016,9,1051
05/06/2016,10,1531
05/06/2016,11,416
05/06/2016,12,1002
05/06/2016,13,1470
05/06/2016,14,2118
05/06/2016,15,2510
05/06/2016,16,2484
05/06/2016,17,2625
05/06/2016,18,1422
05/06/2016,19,439
05/06/2016,20,800
05/06/2016,21,673
05/06/2016,22,697
05/06/2016,23,439
05/06/2017,0,243
05/06/2017,1,80
05/06/2017,2,50
05/06/2017,3,23
05/06/2017,4,49
05/06/2017,5,393
05/06/2017,6,1340
05/06/2017,7,3063
05/06/2017,8,5364
05/06/2017,9,3720
05/06/2017,10,2104
05/06/2017,11,2076
05/06/2017,12,2363
05/06/2017,13,2523
05/06/2017,14,2694
05/06/2017,15,2822
05/06/2017,16,3792
05/06/2017,17,6424
05/06/2017,18,6360
05/06/2017,19,4258
05/06/2017,20,2677
05/06/2017,21,1628
05/06/2017,22,1206
05/06/2017,23,631
05/07/2013,0,421
05/07/2013,1,228
05/07/2013,2,151
05/07/2013,3,83
05/07/2013,4,50
05/07/2013,5,52
05/07/2013,6,226
05/07/2013,7,505
05/07/2013,8,940
05/07/2013,9,952
05/07/2013,10,837
05/07/2013,11,1085
05/07/2013,12,1407
05/07/2013,13,1528
05/07/2013,14,1607
05/07/2013,15,1624
05/07/2013,16,1621
05/07/2013,17,1773
05/07/2013,18,1685
05/07/2013,19,1486
05/07/2013,20,1222
05/07/2013,21,958
05/07/2013,22,758
05/07/2013,23,643
05/07/2014,0,362
05/07/2014,1,221
05/07/2014,2,139
05/07/2014,3,83
05/07/2014,4,70
05/07/2014,5,51
05/07/2014,6,119
05/07/2014,7,247
05/07/2014,8,475
05/07/2014,9,802
05/07/2014,10,1214
05/07/2014,11,1514
05/07/2014,12,1665
05/07/2014,13,1676
05/07/2014,14,1894
05/07/2014,15,2050
05/07/2014,16,1877
05/07/2014,17,1614
05/07/2014,18,1560
05/07/2014,19,1699
05/07/2014,20,1272
05/07/2014,21,987
05/07/2014,22,758
05/07/2014,23,564
05/07/2015,0,536
05/07/2015,1,318
05/07/2015,2,189
05/07/2015,3,133
05/07/2015,4,85
05/07/2015,5,70
05/07/2015,6,103
05/07/2015,7,220
05/07/2015,8,448
05/07/2015,9,843
05/07/2015,10,1145
05/07/2015,11,1644
05/07/2015,12,1951
05/07/2015,13,2082
05/07/2015,14,2083
05/07/2015,15,2244
05/07/2015,16,2186
05/07/2015,17,2105
05/07/2015,18,2181
05/07/2015,19,1806
05/07/2015,20,1288
05/07/2015,21,1031
05/07/2015,22,757
05/07/2015,23,472
05/07/2016,0,53
05/07/2016,1,39
05/07/2016,2,29
05/07/2016,3,16
05/07/2016,4,44
05/07/2016,5,187
05/07/2016,6,836
05/07/2016,7,1875
05/07/2016,8,3483
05/07/2016,9,2875
05/07/2016,10,1534
05/07/2016,11,1609
05/07/2016,12,1861
05/07/2016,13,2028
05/07/2016,14,2069
05/07/2016,15,2289
05/07/2016,16,2952
05/07/2016,17,4823
05/07/2016,18,5203
05/07/2016,19,3691
05/07/2016,20,2668
05/07/2016,21,1709
05/07/2016,22,1144
05/07/2016,23,727
05/07/2017,0,656
05/07/2017,1,296
05/07/2017,2,113
05/07/2017,3,71
05/07/2017,4,81
05/07/2017,5,435
05/07/2017,6,1543
05/07/2017,7,3047
05/07/2017,8,4985
05/07/2017,9,3592
05/07/2017,10,2131
05/07/2017,11,2026
05/07/2017,12,2519
05/07/2017,13,2792
05/07/2017,14,2719
05/07/2017,15,2852
05/07/2017,16,3963
05/07/2017,17,6816
05/07/2017,18,6891
05/07/2017,19,4852
05/07/2017,20,3311
05/07/2017,21,2224
05/07/2017,22,1518
05/07/2017,23,888
05/08/2013,0,310
05/08/2013,1,164
05/08/2013,2,73
05/08/2013,3,37
05/08/2013,4,40
05/08/2013,5,201
05/08/2013,6,744
05/08/2013,7,1649
05/08/2013,8,3016
05/08/2013,9,2183
05/08/2013,10,1160
05/08/2013,11,1235
05/08/2013,12,1641
05/08/2013,13,1735
05/08/2013,14,1630
05/08/2013,15,1828
05/08/2013,16,2345
05/08/2013,17,4069
05/08/2013,18,4302
05/08/2013,19,3184
05/08/2013,20,2175
05/08/2013,21,1398
05/08/2013,22,1002
05/08/2013,23,655
05/08/2014,0,257
05/08/2014,1,105
05/08/2014,2,69
05/08/2014,3,33
05/08/2014,4,57
05/08/2014,5,245
05/08/2014,6,960
05/08/2014,7,1793
05/08/2014,8,3070
05/08/2014,9,2219
05/08/2014,10,1252
05/08/2014,11,1198
05/08/2014,12,1512
05/08/2014,13,1590
05/08/2014,14,1545
05/08/2014,15,1631
05/08/2014,16,2134
05/08/2014,17,3539
05/08/2014,18,3776
05/08/2014,19,2717
05/08/2014,20,1834
05/08/2014,21,1288
05/08/2014,22,944
05/08/2014,23,624
05/08/2015,0,344
05/08/2015,1,117
05/08/2015,2,66
05/08/2015,3,59
05/08/2015,4,78
05/08/2015,5,260
05/08/2015,6,1192
05/08/2015,7,2203
05/08/2015,8,4023
05/08/2015,9,2802
05/08/2015,10,1595
05/08/2015,11,1413
05/08/2015,12,1708
05/08/2015,13,1820
05/08/2015,14,1737
05/08/2015,15,1887
05/08/2015,16,2594
05/08/2015,17,4259
05/08/2015,18,4344
05/08/2015,19,3034
05/08/2015,20,2114
05/08/2015,21,1488
05/08/2015,22,1208
05/08/2015,23,730
05/08/2016,0,599
05/08/2016,1,290
05/08/2016,2,182
05/08/2016,3,105
05/08/2016,4,88
05/08/2016,5,341
05/08/2016,6,1293
05/08/2016,7,2649
05/08/2016,8,4697
05/08/2016,9,3671
05/08/2016,10,2283
05/08/2016,11,2150
05/08/2016,12,2566
05/08/2016,13,2944
05/08/2016,14,3007
05/08/2016,15,3416
05/08/2016,16,4290
05/08/2016,17,5369
05/08/2016,18,4486
05/08/2016,19,3104
05/08/2016,20,2113
05/08/2016,21,1490
05/08/2016,22,1203
05/08/2016,23,961
05/08/2017,0,719
05/08/2017,1,570
05/08/2017,2,357
05/08/2017,3,206
05/08/2017,4,141
05/08/2017,5,43
05/08/2017,6,137
05/08/2017,7,593
05/08/2017,8,1332
05/08/2017,9,2267
05/08/2017,10,3604
05/08/2017,11,4855
05/08/2017,12,5136
05/08/2017,13,4841
05/08/2017,14,4709
05/08/2017,15,4771
05/08/2017,16,4587
05/08/2017,17,4624
05/08/2017,18,4418
05/08/2017,19,3760
05/08/2017,20,2602
05/08/2017,21,1968
05/08/2017,22,1551
05/08/2017,23,1180
05/09/2013,0,364
05/09/2013,1,180
05/09/2013,2,76
05/09/2013,3,56
05/09/2013,4,39
05/09/2013,5,178
05/09/2013,6,805
05/09/2013,7,1739
05/09/2013,8,2994
05/09/2013,9,2385
05/09/2013,10,1317
05/09/2013,11,1330
05/09/2013,12,1709
05/09/2013,13,1727
05/09/2013,14,1745
05/09/2013,15,1842
05/09/2013,16,2277
05/09/2013,17,3640
05/09/2013,18,3820
05/09/2013,19,2853
05/09/2013,20,1775
05/09/2013,21,1292
05/09/2013,22,968
05/09/2013,23,714
05/09/2014,0,447
05/09/2014,1,203
05/09/2014,2,75
05/09/2014,3,60
05/09/2014,4,61
05/09/2014,5,200
05/09/2014,6,869
05/09/2014,7,1886
05/09/2014,8,3256
05/09/2014,9,2349
05/09/2014,10,1432
05/09/2014,11,1470
05/09/2014,12,1710
05/09/2014,13,1741
05/09/2014,14,1890
05/09/2014,15,2019
05/09/2014,16,2590
05/09/2014,17,3490
05/09/2014,18,3165
05/09/2014,19,2170
05/09/2014,20,1332
05/09/2014,21,1006
05/09/2014,22,756
05/09/2014,23,654
05/09/2015,0,488
05/09/2015,1,345
05/09/2015,2,231
05/09/2015,3,128
05/09/2015,4,89
05/09/2015,5,66
05/09/2015,6,152
05/09/2015,7,425
05/09/2015,8,800
05/09/2015,9,1314
05/09/2015,10,1738
05/09/2015,11,2309
05/09/2015,12,2628
05/09/2015,13,2840
05/09/2015,14,2840
05/09/2015,15,2834
05/09/2015,16,3073
05/09/2015,17,2762
05/09/2015,18,2700
05/09/2015,19,2137
05/09/2015,20,1415
05/09/2015,21,1080
05/09/2015,22,888
05/09/2015,23,723
05/09/2016,0,613
05/09/2016,1,405
05/09/2016,2,234
05/09/2016,3,158
05/09/2016,4,113
05/09/2016,5,88
05/09/2016,6,194
05/09/2016,7,410
05/09/2016,8,840
05/09/2016,9,1485
05/09/2016,10,2289
05/09/2016,11,2924
05/09/2016,12,3426
05/09/2016,13,3638
05/09/2016,14,4047
05/09/2016,15,4262
05/09/2016,16,4337
05/09/2016,17,4166
05/09/2016,18,3787
05/09/2016,19,2991
05/09/2016,20,1925
05/09/2016,21,1420
05/09/2016,22,1017
05/09/2016,23,667
05/09/2017,0,392
05/09/2017,1,157
05/09/2017,2,83
05/09/2017,3,58
05/09/2017,4,81
05/09/2017,5,477
05/09/2017,6,1859
05/09/2017,7,3856
05/09/2017,8,6269
05/09/2017,9,4190
05/09/2017,10,2400
05/09/2017,11,2511
05/09/2017,12,2888
05/09/2017,13,2920
05/09/2017,14,2867
05/09/2017,15,3203
05/09/2017,16,4149
05/09/2017,17,7497
05/09/2017,18,7815
05/09/2017,19,4986
05/09/2017,20,2815
05/09/2017,21,1942
05/09/2017,22,1251
05/09/2017,23,779
05/10/2013,0,588
05/10/2013,1,397
05/10/2013,2,293
05/10/2013,3,144
05/10/2013,4,75
05/10/2013,5,78
05/10/2013,6,145
05/10/2013,7,405
05/10/2013,8,834
05/10/2013,9,1345
05/10/2013,10,1765
05/10/2013,11,2178
05/10/2013,12,2574
05/10/2013,13,2813
05/10/2013,14,2798
05/10/2013,15,3136
05/10/2013,16,3158
05/10/2013,17,3051
05/10/2013,18,2527
05/10/2013,19,1831
05/10/2013,20,1248
05/10/2013,21,1057
05/10/2013,22,970
05/10/2013,23,771
05/10/2014,0,347
05/10/2014,1,241
05/10/2014,2,162
05/10/2014,3,98
05/10/2014,4,65
05/10/2014,5,59
05/10/2014,6,88
05/10/2014,7,233
05/10/2014,8,497
05/10/2014,9,868
05/10/2014,10,1328
05/10/2014,11,1715
05/10/2014,12,2020
05/10/2014,13,2130
05/10/2014,14,2059
05/10/2014,15,2098
05/10/2014,16,2319
05/10/2014,17,1915
05/10/2014,18,1697
05/10/2014,19,1199
05/10/2014,20,938
05/10/2014,21,627
05/10/2014,22,466
05/10/2014,23,287
05/10/2015,0,193
05/10/2015,1,112
05/10/2015,2,63
05/10/2015,3,30
05/10/2015,4,57
05/10/2015,5,283
05/10/2015,6,1177
05/10/2015,7,2562
05/10/2015,8,4249
05/10/2015,9,3049
05/10/2015,10,1613
05/10/2015,11,1553
05/10/2015,12,1868
05/10/2015,13,1948
05/10/2015,14,2078
05/10/2015,15,2287
05/10/2015,16,3033
05/10/2015,17,5216
05/10/2015,18,5205
05/10/2015,19,3152
05/10/2015,20,1999
05/10/2015,21,1398
05/10/2015,22,914
05/10/2015,23,542
05/10/2017,0,433
05/10/2017,1,215
05/10/2017,2,95
05/10/2017,3,59
05/10/2017,4,85
05/10/2017,5,482
05/10/2017,6,1883
05/10/2017,7,4138
05/10/2017,8,7183
05/10/2017,9,4866
05/10/2017,10,2802
05/10/2017,11,2806
05/10/2017,12,3188
05/10/2017,13,3450
05/10/2017,14,3449
05/10/2017,15,3796
05/10/2017,16,4660
05/10/2017,17,7512
05/10/2017,18,7366
05/10/2017,19,4540
05/10/2017,20,3135
05/10/2017,21,2085
05/10/2017,22,1136
05/10/2017,23,810
05/11/2013,0,182
05/11/2013,1,61
05/11/2013,2,41
05/11/2013,3,15
05/11/2013,4,48
05/11/2013,5,171
05/11/2013,6,886
05/11/2013,7,1797
05/11/2013,8,3191
05/11/2013,9,2310
05/11/2013,10,1256
05/11/2013,11,1261
05/11/2013,12,1508
05/11/2013,13,1593
05/11/2013,14,1511
05/11/2013,15,1649
05/11/2013,16,2077
05/11/2013,17,3046
05/11/2013,18,3139
05/11/2013,19,2211
05/11/2013,20,1350
05/11/2013,21,988
05/11/2013,22,752
05/11/2013,23,450
05/11/2014,0,189
05/11/2014,1,90
05/11/2014,2,46
05/11/2014,3,32
05/11/2014,4,46
05/11/2014,5,222
05/11/2014,6,961
05/11/2014,7,1947
05/11/2014,8,3240
05/11/2014,9,2335
05/11/2014,10,1241
05/11/2014,11,1137
05/11/2014,12,1345
05/11/2014,13,1415
05/11/2014,14,1449
05/11/2014,15,1555
05/11/2014,16,2016
05/11/2014,17,2991
05/11/2014,18,2923
05/11/2014,19,2000
05/11/2014,20,1340
05/11/2014,21,889
05/11/2014,22,695
05/11/2014,23,435
05/11/2015,0,308
05/11/2015,1,133
05/11/2015,2,90
05/11/2015,3,37
05/11/2015,4,67
05/11/2015,5,276
05/11/2015,6,1330
05/11/2015,7,3024
05/11/2015,8,5063
05/11/2015,9,3486
05/11/2015,10,1692
05/11/2015,11,1291
05/11/2015,12,1924
05/11/2015,13,2179
05/11/2015,14,2262
05/11/2015,15,2324
05/11/2015,16,2015
05/11/2015,17,3990
05/11/2015,18,3642
05/11/2015,19,2612
05/11/2015,20,1902
05/11/2015,21,1481
05/11/2015,22,1154
05/11/2015,23,724
05/11/2017,0,715
05/11/2017,1,546
05/11/2017,2,145
05/11/2017,3,127
05/11/2017,4,86
05/11/2017,5,155
05/11/2017,6,288
05/11/2017,7,712
05/11/2017,8,1339
05/11/2017,9,2255
05/11/2017,10,3057
05/11/2017,11,3430
05/11/2017,12,2978
05/11/2017,13,2497
05/11/2017,14,2178
05/11/2017,15,1915
05/11/2017,16,2429
05/11/2017,17,2264
05/11/2017,18,2125
05/11/2017,19,1790
05/11/2017,20,1434
05/11/2017,21,1172
05/11/2017,22,854
05/11/2017,23,452
05/12/2013,0,217
05/12/2013,1,96
05/12/2013,2,61
05/12/2013,3,26
05/12/2013,4,33
05/12/2013,5,122
05/12/2013,6,615
05/12/2013,7,1359
05/12/2013,8,2574
05/12/2013,9,2080
05/12/2013,10,1116
05/12/2013,11,1024
05/12/2013,12,1257
05/12/2013,13,1242
05/12/2013,14,1259
05/12/2013,15,1368
05/12/2013,16,1646
05/12/2013,17,2777
05/12/2013,18,2751
05/12/2013,19,1918
05/12/2013,20,1286
05/12/2013,21,928
05/12/2013,22,715
05/12/2013,23,518
05/12/2014,0,202
05/12/2014,1,86
05/12/2014,2,52
05/12/2014,3,32
05/12/2014,4,35
05/12/2014,5,138
05/12/2014,6,554
05/12/2014,7,1155
05/12/2014,8,2199
05/12/2014,9,1575
05/12/2014,10,863
05/12/2014,11,794
05/12/2014,12,973
05/12/2014,13,916
05/12/2014,14,1055
05/12/2014,15,1067
05/12/2014,16,1390
05/12/2014,17,1298
05/12/2014,18,682
05/12/2014,19,302
05/12/2014,20,178
05/12/2014,21,111
05/12/2014,22,90
05/12/2014,23,71
05/12/2015,0,400
05/12/2015,1,223
05/12/2015,2,183
05/12/2015,3,118
05/12/2015,4,69
05/12/2015,5,40
05/12/2015,6,139
05/12/2015,7,409
05/12/2015,8,771
05/12/2015,9,1238
05/12/2015,10,1604
05/12/2015,11,1996
05/12/2015,12,2353
05/12/2015,13,2465
05/12/2015,14,2426
05/12/2015,15,2501
05/12/2015,16,2203
05/12/2015,17,1789
05/12/2015,18,1497
05/12/2015,19,1201
05/12/2015,20,860
05/12/2015,21,657
05/12/2015,22,673
05/12/2015,23,543
05/12/2017,0,293
05/12/2017,1,112
05/12/2017,2,66
05/12/2017,3,44
05/12/2017,4,66
05/12/2017,5,449
05/12/2017,6,1632
05/12/2017,7,3368
05/12/2017,8,5476
05/12/2017,9,3678
05/12/2017,10,2013
05/12/2017,11,1854
05/12/2017,12,2159
05/12/2017,13,2244
05/12/2017,14,2280
05/12/2017,15,2009
05/12/2017,16,2863
05/12/2017,17,4945
05/12/2017,18,3827
05/12/2017,19,1057
05/12/2017,20,411
05/12/2017,21,325
05/12/2017,22,275
05/12/2017,23,346
06/01/2014,0,42
06/01/2014,1,16
06/01/2014,2,13
06/01/2014,3,4
06/01/2014,4,23
06/01/2014,5,84
06/01/2014,6,366
06/01/2014,7,388
06/01/2014,8,377
06/01/2014,9,413
06/01/2014,10,216
06/01/2014,11,335
06/01/2014,12,346
06/01/2014,13,342
06/01/2014,14,473
06/01/2014,15,623
06/01/2014,16,784
06/01/2014,17,1303
06/01/2014,18,1369
06/01/2014,19,848
06/01/2014,20,558
06/01/2014,21,293
06/01/2014,22,209
06/01/2014,23,85
06/01/2015,0,74
06/01/2015,1,20
06/01/2015,2,16
06/01/2015,3,9
06/01/2015,4,23
06/01/2015,5,116
06/01/2015,6,497
06/01/2015,7,875
06/01/2015,8,1241
06/01/2015,9,479
06/01/2015,10,221
06/01/2015,11,149
06/01/2015,12,216
06/01/2015,13,198
06/01/2015,14,273
06/01/2015,15,334
06/01/2015,16,478
06/01/2015,17,989
06/01/2015,18,997
06/01/2015,19,628
06/01/2015,20,388
06/01/2015,21,250
06/01/2015,22,164
06/01/2015,23,104
06/01/2016,0,100
06/01/2016,1,68
06/01/2016,2,29
06/01/2016,3,27
06/01/2016,4,46
06/01/2016,5,204
06/01/2016,6,738
06/01/2016,7,1435
06/01/2016,8,2755
06/01/2016,9,1891
06/01/2016,10,901
06/01/2016,11,838
06/01/2016,12,990
06/01/2016,13,1080
06/01/2016,14,1201
06/01/2016,15,1255
06/01/2016,16,1601
06/01/2016,17,2702
06/01/2016,18,2594
06/01/2016,19,1726
06/01/2016,20,980
06/01/2016,21,705
06/01/2016,22,448
06/01/2016,23,255
06/01/2018,0,54
06/01/2018,1,35
06/01/2018,2,27
06/01/2018,3,13
06/01/2018,4,10
06/01/2018,5,12
06/01/2018,6,46
06/01/2018,7,77
06/01/2018,8,148
06/01/2018,9,198
06/01/2018,10,306
06/01/2018,11,381
06/01/2018,12,410
06/01/2018,13,393
06/01/2018,14,391
06/01/2018,15,372
06/01/2018,16,338
06/01/2018,17,277
06/01/2018,18,223
06/01/2018,19,197
06/01/2018,20,138
06/01/2018,21,97
06/01/2018,22,89
06/01/2018,23,63
06/02/2014,0,51
06/02/2014,1,22
06/02/2014,2,8
06/02/2014,3,4
06/02/2014,4,9
06/02/2014,5,35
06/02/2014,6,156
06/02/2014,7,284
06/02/2014,8,591
06/02/2014,9,512
06/02/2014,10,320
06/02/2014,11,248
06/02/2014,12,325
06/02/2014,13,380
06/02/2014,14,411
06/02/2014,15,393
06/02/2014,16,514
06/02/2014,17,780
06/02/2014,18,725
06/02/2014,19,532
06/02/2014,20,361
06/02/2014,21,239
06/02/2014,22,183
06/02/2014,23,113
06/02/2015,0,51
06/02/2015,1,27
06/02/2015,2,6
06/02/2015,3,11
06/02/2015,4,16
06/02/2015,5,51
06/02/2015,6,220
06/02/2015,7,494
06/02/2015,8,865
06/02/2015,9,646
06/02/2015,10,349
06/02/2015,11,309
06/02/2015,12,325
06/02/2015,13,383
06/02/2015,14,472
06/02/2015,15,493
06/02/2015,16,685
06/02/2015,17,957
06/02/2015,18,846
06/02/2015,19,552
06/02/2015,20,316
06/02/2015,21,195
06/02/2015,22,163
06/02/2015,23,143
06/02/2016,0,183
06/02/2016,1,136
06/02/2016,2,93
06/02/2016,3,72
06/02/2016,4,32
06/02/2016,5,44
06/02/2016,6,92
06/02/2016,7,213
06/02/2016,8,493
06/02/2016,9,828
06/02/2016,10,1056
06/02/2016,11,1258
06/02/2016,12,1514
06/02/2016,13,1578
06/02/2016,14,1495
06/02/2016,15,1512
06/02/2016,16,1585
06/02/2016,17,1187
06/02/2016,18,991
06/02/2016,19,810
06/02/2016,20,631
06/02/2016,21,434
06/02/2016,22,371
06/02/2016,23,325
06/02/2018,0,130
06/02/2018,1,60
06/02/2018,2,31
06/02/2018,3,14
06/02/2018,4,55
06/02/2018,5,318
06/02/2018,6,1117
06/02/2018,7,2415
06/02/2018,8,3955
06/02/2018,9,2570
06/02/2018,10,1243
06/02/2018,11,1155
06/02/2018,12,1285
06/02/2018,13,1356
06/02/2018,14,1499
06/02/2018,15,1655
06/02/2018,16,2083
06/02/2018,17,3599
06/02/2018,18,3533
06/02/2018,19,2267
06/02/2018,20,1521
06/02/2018,21,1094
06/02/2018,22,734
06/02/2018,23,413
06/03/2014,0,76
06/03/2014,1,41
06/03/2014,2,11
06/03/2014,3,16
06/03/2014,4,24
06/03/2014,5,89
06/03/2014,6,355
06/03/2014,7,714
06/03/2014,8,1298
06/03/2014,9,974
06/03/2014,10,514
06/03/2014,11,455
06/03/2014,12,585
06/03/2014,13,589
06/03/2014,14,603
06/03/2014,15,626
06/03/2014,16,782
06/03/2014,17,1376
06/03/2014,18,1300
06/03/2014,19,893
06/03/2014,20,540
06/03/2014,21,420
06/03/2014,22,303
06/03/2014,23,189
06/03/2015,0,16
06/03/2015,1,14
06/03/2015,2,4
06/03/2015,3,5
06/03/2015,4,6
06/03/2015,5,27
06/03/2015,6,96
06/03/2015,7,173
06/03/2015,8,358
06/03/2015,9,359
06/03/2015,10,225
06/03/2015,11,194
06/03/2015,12,258
06/03/2015,13,285
06/03/2015,14,320
06/03/2015,15,343
06/03/2015,16,430
06/03/2015,17,618
06/03/2015,18,552
06/03/2015,19,350
06/03/2015,20,202
06/03/2015,21,132
06/03/2015,22,99
06/03/2015,23,96
06/03/2016,0,266
06/03/2016,1,200
06/03/2016,2,118
06/03/2016,3,69
06/03/2016,4,47
06/03/2016,5,24
06/03/2016,6,75
06/03/2016,7,202
06/03/2016,8,400
06/03/2016,9,770
06/03/2016,10,1035
06/03/2016,11,1336
06/03/2016,12,1567
06/03/2016,13,1787
06/03/2016,14,1749
06/03/2016,15,1881
06/03/2016,16,1890
06/03/2016,17,1612
06/03/2016,18,1272
06/03/2016,19,856
06/03/2016,20,612
06/03/2016,21,469
06/03/2016,22,358
06/03/2016,23,237
06/03/2018,0,200
06/03/2018,1,84
06/03/2018,2,42
06/03/2018,3,38
06/03/2018,4,47
06/03/2018,5,340
06/03/2018,6,1279
06/03/2018,7,2819
06/03/2018,8,4986
06/03/2018,9,3308
06/03/2018,10,1714
06/03/2018,11,1644
06/03/2018,12,1872
06/03/2018,13,2028
06/03/2018,14,2144
06/03/2018,15,2212
06/03/2018,16,2690
06/03/2018,17,4343
06/03/2018,18,4098
06/03/2018,19,2609
06/03/2018,20,1713
06/03/2018,21,1241
06/03/2018,22,811
06/03/2018,23,427
06/04/2014,0,235
06/04/2014,1,172
06/04/2014,2,90
06/04/2014,3,54
06/04/2014,4,43
06/04/2014,5,28
06/04/2014,6,72
06/04/2014,7,150
06/04/2014,8,333
06/04/2014,9,575
06/04/2014,10,945
06/04/2014,11,1340
06/04/2014,12,1622
06/04/2014,13,1904
06/04/2014,14,2035
06/04/2014,15,2158
06/04/2014,16,2218
06/04/2014,17,2121
06/04/2014,18,1798
06/04/2014,19,1187
06/04/2014,20,682
06/04/2014,21,436
06/04/2014,22,350
06/04/2014,23,202
06/04/2015,0,130
06/04/2015,1,51
06/04/2015,2,24
06/04/2015,3,10
06/04/2015,4,24
06/04/2015,5,153
06/04/2015,6,535
06/04/2015,7,1123
06/04/2015,8,2026
06/04/2015,9,1575
06/04/2015,10,897
06/04/2015,11,856
06/04/2015,12,1041
06/04/2015,13,1108
06/04/2015,14,1085
06/04/2015,15,1231
06/04/2015,16,1677
06/04/2015,17,2757
06/04/2015,18,2736
06/04/2015,19,1722
06/04/2015,20,1055
06/04/2015,21,671
06/04/2015,22,485
06/04/2015,23,419
06/04/2016,0,133
06/04/2016,1,45
06/04/2016,2,32
06/04/2016,3,13
06/04/2016,4,32
06/04/2016,5,191
06/04/2016,6,809
06/04/2016,7,1699
06/04/2016,8,3171
06/04/2016,9,2318
06/04/2016,10,1258
06/04/2016,11,1082
06/04/2016,12,1285
06/04/2016,13,1350
06/04/2016,14,1521
06/04/2016,15,1458
06/04/2016,16,1824
06/04/2016,17,2975
06/04/2016,18,3136
06/04/2016,19,1947
06/04/2016,20,1189
06/04/2016,21,931
06/04/2016,22,585
06/04/2016,23,381
06/04/2017,0,232
06/04/2017,1,89
06/04/2017,2,47
06/04/2017,3,35
06/04/2017,4,40
06/04/2017,5,183
06/04/2017,6,501
06/04/2017,7,1058
06/04/2017,8,1633
06/04/2017,9,991
06/04/2017,10,390
06/04/2017,11,339
06/04/2017,12,360
06/04/2017,13,446
06/04/2017,14,643
06/04/2017,15,562
06/04/2017,16,235
06/04/2017,17,1392
06/04/2017,18,3002
06/04/2017,19,2238
06/04/2017,20,1397
06/04/2017,21,967
06/04/2017,22,782
06/04/2017,23,458
06/04/2018,0,291
06/04/2018,1,153
06/04/2018,2,86
06/04/2018,3,53
06/04/2018,4,66
06/04/2018,5,282
06/04/2018,6,998
06/04/2018,7,1873
06/04/2018,8,1508
06/04/2018,9,945
06/04/2018,10,883
06/04/2018,11,1177
06/04/2018,12,1517
06/04/2018,13,1886
06/04/2018,14,2007
06/04/2018,15,2337
06/04/2018,16,3210
06/04/2018,17,4590
06/04/2018,18,4336
06/04/2018,19,2720
06/04/2018,20,1717
06/04/2018,21,1257
06/04/2018,22,992
06/04/2018,23,740
06/05/2014,0,188
06/05/2014,1,98
06/05/2014,2,42
06/05/2014,3,45
06/05/2014,4,54
06/05/2014,5,186
06/05/2014,6,819
06/05/2014,7,1764
06/05/2014,8,3059
06/05/2014,9,2249
06/05/2014,10,1200
06/05/2014,11,1105
06/05/2014,12,1392
06/05/2014,13,1455
06/05/2014,14,1520
06/05/2014,15,1590
06/05/2014,16,2032
06/05/2014,17,3528
06/05/2014,18,3619
06/05/2014,19,2501
06/05/2014,20,1599
06/05/2014,21,1032
06/05/2014,22,736
06/05/2014,23,420
06/05/2015,0,262
06/05/2015,1,110
06/05/2015,2,50
06/05/2015,3,51
06/05/2015,4,46
06/05/2015,5,217
06/05/2015,6,724
06/05/2015,7,1472
06/05/2015,8,2964
06/05/2015,9,1896
06/05/2015,10,1179
06/05/2015,11,1097
06/05/2015,12,1276
06/05/2015,13,1359
06/05/2015,14,1468
06/05/2015,15,1478
06/05/2015,16,1947
06/05/2015,17,3402
06/05/2015,18,3445
06/05/2015,19,2302
06/05/2015,20,1467
06/05/2015,21,927
06/05/2015,22,723
06/05/2015,23,451
06/05/2016,0,382
06/05/2016,1,160
06/05/2016,2,84
06/05/2016,3,41
06/05/2016,4,32
06/05/2016,5,89
06/05/2016,6,249
06/05/2016,7,599
06/05/2016,8,810
06/05/2016,9,762
06/05/2016,10,302
06/05/2016,11,565
06/05/2016,12,597
06/05/2016,13,824
06/05/2016,14,1213
06/05/2016,15,1517
06/05/2016,16,1962
06/05/2016,17,2774
06/05/2016,18,2319
06/05/2016,19,1158
06/05/2016,20,825
06/05/2016,21,609
06/05/2016,22,551
06/05/2016,23,436
06/05/2017,0,415
06/05/2017,1,227
06/05/2017,2,129
06/05/2017,3,79
06/05/2017,4,57
06/05/2017,5,54
06/05/2017,6,253
06/05/2017,7,565
06/05/2017,8,1196
06/05/2017,9,2034
06/05/2017,10,2925
06/05/2017,11,3736
06/05/2017,12,3940
06/05/2017,13,4447
06/05/2017,14,4171
06/05/2017,15,3996
06/05/2017,16,3899
06/05/2017,17,3750
06/05/2017,18,3486
06/05/2017,19,2781
06/05/2017,20,1443
06/05/2017,21,1199
06/05/2017,22,1044
06/05/2017,23,792
06/05/2018,0,828
06/05/2018,1,616
06/05/2018,2,397
06/05/2018,3,188
06/05/2018,4,143
06/05/2018,5,119
06/05/2018,6,264
06/05/2018,7,561
06/05/2018,8,1169
06/05/2018,9,2141
06/05/2018,10,3061
06/05/2018,11,3749
06/05/2018,12,4200
06/05/2018,13,4174
06/05/2018,14,4177
06/05/2018,15,4213
06/05/2018,16,4161
06/05/2018,17,3835
06/05/2018,18,3601
06/05/2018,19,2760
06/05/2018,20,1814
06/05/2018,21,1406
06/05/2018,22,959
06/05/2018,23,457
06/06/2014,0,426
06/06/2014,1,198
06/06/2014,2,110
06/06/2014,3,47
06/06/2014,4,59
06/06/2014,5,194
06/06/2014,6,869
06/06/2014,7,1797
06/06/2014,8,3238
06/06/2014,9,2434
06/06/2014,10,1558
06/06/2014,11,1569
06/06/2014,12,1904
06/06/2014,13,2153
06/06/2014,14,2243
06/06/2014,15,2354
06/06/2014,16,2853
06/06/2014,17,3729
06/06/2014,18,3190
06/06/2014,19,2371
06/06/2014,20,1629
06/06/2014,21,1094
06/06/2014,22,905
06/06/2014,23,795
06/06/2015,0,433
06/06/2015,1,274
06/06/2015,2,168
06/06/2015,3,107
06/06/2015,4,76
06/06/2015,5,15
06/06/2015,6,81
06/06/2015,7,299
06/06/2015,8,522
06/06/2015,9,861
06/06/2015,10,1012
06/06/2015,11,1631
06/06/2015,12,1953
06/06/2015,13,2246
06/06/2015,14,2379
06/06/2015,15,2293
06/06/2015,16,2129
06/06/2015,17,2385
06/06/2015,18,1999
06/06/2015,19,1848
06/06/2015,20,1223
06/06/2015,21,872
06/06/2015,22,882
06/06/2015,23,646
06/06/2016,0,256
06/06/2016,1,127
06/06/2016,2,84
06/06/2016,3,56
06/06/2016,4,68
06/06/2016,5,324
06/06/2016,6,1419
06/06/2016,7,2943
06/06/2016,8,4760
06/06/2016,9,3324
06/06/2016,10,1870
06/06/2016,11,1884
06/06/2016,12,2191
06/06/2016,13,2266
06/06/2016,14,2497
06/06/2016,15,2648
06/06/2016,16,3333
06/06/2016,17,5669
06/06/2016,18,5772
06/06/2016,19,4010
06/06/2016,20,2875
06/06/2016,21,1873
06/06/2016,22,1248
06/06/2016,23,652
06/06/2017,0,265
06/06/2017,1,118
06/06/2017,2,53
06/06/2017,3,28
06/06/2017,4,76
06/06/2017,5,448
06/06/2017,6,1402
06/06/2017,7,1767
06/06/2017,8,2364
06/06/2017,9,3096
06/06/2017,10,1790
06/06/2017,11,1539
06/06/2017,12,1463
06/06/2017,13,1001
06/06/2017,14,1729
06/06/2017,15,2253
06/06/2017,16,3136
06/06/2017,17,5369
06/06/2017,18,5318
06/06/2017,19,3320
06/06/2017,20,1757
06/06/2017,21,1279
06/06/2017,22,1030
06/06/2017,23,667
06/07/2013,0,423
06/07/2013,1,247
06/07/2013,2,203
06/07/2013,3,122
06/07/2013,4,89
06/07/2013,5,61
06/07/2013,6,103
06/07/2013,7,249
06/07/2013,8,460
06/07/2013,9,770
06/07/2013,10,1062
06/07/2013,11,1235
06/07/2013,12,1401
06/07/2013,13,1404
06/07/2013,14,1602
06/07/2013,15,1607
06/07/2013,16,1591
06/07/2013,17,1604
06/07/2013,18,1604
06/07/2013,19,1386
06/07/2013,20,1228
06/07/2013,21,826
06/07/2013,22,681
06/07/2013,23,509
06/07/2014,0,396
06/07/2014,1,269
06/07/2014,2,150
06/07/2014,3,135
06/07/2014,4,68
06/07/2014,5,57
06/07/2014,6,112
06/07/2014,7,253
06/07/2014,8,463
06/07/2014,9,766
06/07/2014,10,1183
06/07/2014,11,1462
06/07/2014,12,1739
06/07/2014,13,1959
06/07/2014,14,2120
06/07/2014,15,2041
06/07/2014,16,2072
06/07/2014,17,1873
06/07/2014,18,1848
06/07/2014,19,1661
06/07/2014,20,1252
06/07/2014,21,877
06/07/2014,22,639
06/07/2014,23,427
06/07/2015,0,231
06/07/2015,1,116
06/07/2015,2,54
06/07/2015,3,47
06/07/2015,4,48
06/07/2015,5,196
06/07/2015,6,924
06/07/2015,7,1806
06/07/2015,8,3195
06/07/2015,9,2371
06/07/2015,10,1232
06/07/2015,11,1223
06/07/2015,12,1473
06/07/2015,13,1445
06/07/2015,14,1581
06/07/2015,15,1708
06/07/2015,16,2147
06/07/2015,17,4090
06/07/2015,18,4078
06/07/2015,19,2878
06/07/2015,20,1894
06/07/2015,21,1253
06/07/2015,22,783
06/07/2015,23,478
06/07/2016,0,348
06/07/2016,1,144
06/07/2016,2,79
06/07/2016,3,49
06/07/2016,4,75
06/07/2016,5,356
06/07/2016,6,1434
06/07/2016,7,2904
06/07/2016,8,4904
06/07/2016,9,3606
06/07/2016,10,1951
06/07/2016,11,1768
06/07/2016,12,2117
06/07/2016,13,2183
06/07/2016,14,2108
06/07/2016,15,2234
06/07/2016,16,2851
06/07/2016,17,5351
06/07/2016,18,5616
06/07/2016,19,4090
06/07/2016,20,2913
06/07/2016,21,2107
06/07/2016,22,1326
06/07/2016,23,839
06/07/2017,0,490
06/07/2017,1,218
06/07/2017,2,71
06/07/2017,3,66
06/07/2017,4,101
06/07/2017,5,481
06/07/2017,6,1765
06/07/2017,7,3414
06/07/2017,8,5408
06/07/2017,9,3874
06/07/2017,10,1986
06/07/2017,11,2063
06/07/2017,12,2675
06/07/2017,13,2800
06/07/2017,14,2846
06/07/2017,15,3074
06/07/2017,16,4067
06/07/2017,17,6794
06/07/2017,18,6906
06/07/2017,19,4907
06/07/2017,20,3329
06/07/2017,21,2310
06/07/2017,22,1557
06/07/2017,23,945
06/08/2013,0,349
06/08/2013,1,134
06/08/2013,2,69
06/08/2013,3,28
06/08/2013,4,40
06/08/2013,5,197
06/08/2013,6,863
06/08/2013,7,1845
06/08/2013,8,3297
06/08/2013,9,2380
06/08/2013,10,1334
06/08/2013,11,1367
06/08/2013,12,1692
06/08/2013,13,1828
06/08/2013,14,1656
06/08/2013,15,1711
06/08/2013,16,2337
06/08/2013,17,3856
06/08/2013,18,4097
06/08/2013,19,3196
06/08/2013,20,2269
06/08/2013,21,1402
06/08/2013,22,1076
06/08/2013,23,679
06/08/2014,0,306
06/08/2014,1,134
06/08/2014,2,77
06/08/2014,3,47
06/08/2014,4,53
06/08/2014,5,229
06/08/2014,6,991
06/08/2014,7,1854
06/08/2014,8,3198
06/08/2014,9,2527
06/08/2014,10,1355
06/08/2014,11,1280
06/08/2014,12,1499
06/08/2014,13,1584
06/08/2014,14,1517
06/08/2014,15,1625
06/08/2014,16,2155
06/08/2014,17,3734
06/08/2014,18,4039
06/08/2014,19,3002
06/08/2014,20,1944
06/08/2014,21,1434
06/08/2014,22,1046
06/08/2014,23,706
06/08/2015,0,374
06/08/2015,1,191
06/08/2015,2,90
06/08/2015,3,45
06/08/2015,4,53
06/08/2015,5,277
06/08/2015,6,1102
06/08/2015,7,2227
06/08/2015,8,3950
06/08/2015,9,2859
06/08/2015,10,1611
06/08/2015,11,1646
06/08/2015,12,1792
06/08/2015,13,1941
06/08/2015,14,1842
06/08/2015,15,2109
06/08/2015,16,2625
06/08/2015,17,4447
06/08/2015,18,4457
06/08/2015,19,3144
06/08/2015,20,2107
06/08/2015,21,1436
06/08/2015,22,1072
06/08/2015,23,886
06/08/2016,0,756
06/08/2016,1,483
06/08/2016,2,329
06/08/2016,3,210
06/08/2016,4,146
06/08/2016,5,104
06/08/2016,6,294
06/08/2016,7,692
06/08/2016,8,1224
06/08/2016,9,2109
06/08/2016,10,3142
06/08/2016,11,3906
06/08/2016,12,4067
06/08/2016,13,3438
06/08/2016,14,3307
06/08/2016,15,3492
06/08/2016,16,2650
06/08/2016,17,2813
06/08/2016,18,2842
06/08/2016,19,2493
06/08/2016,20,1938
06/08/2016,21,1496
06/08/2016,22,1245
06/08/2016,23,1037
06/08/2017,0,838
06/08/2017,1,582
06/08/2017,2,355
06/08/2017,3,235
06/08/2017,4,187
06/08/2017,5,121
06/08/2017,6,267
06/08/2017,7,578
06/08/2017,8,1190
06/08/2017,9,2074
06/08/2017,10,2796
06/08/2017,11,3760
06/08/2017,12,4608
06/08/2017,13,4699
06/08/2017,14,4941
06/08/2017,15,4887
06/08/2017,16,4848
06/08/2017,17,4771
06/08/2017,18,4384
06/08/2017,19,3782
06/08/2017,20,2701
06/08/2017,21,1745
06/08/2017,22,1324
06/08/2017,23,803
06/09/2013,0,413
06/09/2013,1,202
06/09/2013,2,90
06/09/2013,3,44
06/09/2013,4,47
06/09/2013,5,186
06/09/2013,6,752
06/09/2013,7,1712
06/09/2013,8,2808
06/09/2013,9,2319
06/09/2013,10,1391
06/09/2013,11,1507
06/09/2013,12,1867
06/09/2013,13,1851
06/09/2013,14,1870
06/09/2013,15,2036
06/09/2013,16,2712
06/09/2013,17,3759
06/09/2013,18,3395
06/09/2013,19,2463
06/09/2013,20,1602
06/09/2013,21,1130
06/09/2013,22,962
06/09/2013,23,750
06/09/2014,0,492
06/09/2014,1,329
06/09/2014,2,225
06/09/2014,3,186
06/09/2014,4,95
06/09/2014,5,59
06/09/2014,6,171
06/09/2014,7,380
06/09/2014,8,726
06/09/2014,9,1237
06/09/2014,10,1534
06/09/2014,11,1880
06/09/2014,12,2153
06/09/2014,13,2176
06/09/2014,14,2131
06/09/2014,15,1979
06/09/2014,16,1984
06/09/2014,17,1969
06/09/2014,18,1769
06/09/2014,19,1585
06/09/2014,20,1082
06/09/2014,21,853
06/09/2014,22,641
06/09/2014,23,197
06/09/2015,0,466
06/09/2015,1,316
06/09/2015,2,244
06/09/2015,3,176
06/09/2015,4,86
06/09/2015,5,44
06/09/2015,6,130
06/09/2015,7,313
06/09/2015,8,636
06/09/2015,9,1121
06/09/2015,10,1847
06/09/2015,11,2317
06/09/2015,12,2556
06/09/2015,13,2689
06/09/2015,14,2966
06/09/2015,15,2826
06/09/2015,16,2858
06/09/2015,17,2782
06/09/2015,18,2559
06/09/2015,19,2087
06/09/2015,20,1365
06/09/2015,21,1132
06/09/2015,22,971
06/09/2015,23,712
06/09/2016,0,339
06/09/2016,1,172
06/09/2016,2,91
06/09/2016,3,43
06/09/2016,4,87
06/09/2016,5,421
06/09/2016,6,1486
06/09/2016,7,3139
06/09/2016,8,4651
06/09/2016,9,3609
06/09/2016,10,2098
06/09/2016,11,1972
06/09/2016,12,2327
06/09/2016,13,2533
06/09/2016,14,2470
06/09/2016,15,2520
06/09/2016,16,3217
06/09/2016,17,5761
06/09/2016,18,6141
06/09/2016,19,4036
06/09/2016,20,2397
06/09/2016,21,1450
06/09/2016,22,998
06/09/2016,23,489
06/09/2017,0,409
06/09/2017,1,149
06/09/2017,2,74
06/09/2017,3,58
06/09/2017,4,92
06/09/2017,5,484
06/09/2017,6,1579
06/09/2017,7,3057
06/09/2017,8,4271
06/09/2017,9,3816
06/09/2017,10,1874
06/09/2017,11,1888
06/09/2017,12,2365
06/09/2017,13,1532
06/09/2017,14,1225
06/09/2017,15,1753
06/09/2017,16,2923
06/09/2017,17,4816
06/09/2017,18,5378
06/09/2017,19,2892
06/09/2017,20,852
06/09/2017,21,344
06/09/2017,22,282
06/09/2017,23,182
06/10/2013,0,689
06/10/2013,1,490
06/10/2013,2,377
06/10/2013,3,244
06/10/2013,4,120
06/10/2013,5,61
06/10/2013,6,113
06/10/2013,7,284
06/10/2013,8,610
06/10/2013,9,1018
06/10/2013,10,1355
06/10/2013,11,1706
06/10/2013,12,1985
06/10/2013,13,1997
06/10/2013,14,2133
06/10/2013,15,2105
06/10/2013,16,2341
06/10/2013,17,2281
06/10/2013,18,1943
06/10/2013,19,1498
06/10/2013,20,1171
06/10/2013,21,882
06/10/2013,22,669
06/10/2013,23,502
06/10/2014,0,173
06/10/2014,1,73
06/10/2014,2,40
06/10/2014,3,26
06/10/2014,4,31
06/10/2014,5,183
06/10/2014,6,813
06/10/2014,7,1700
06/10/2014,8,2922
06/10/2014,9,2199
06/10/2014,10,1247
06/10/2014,11,1221
06/10/2014,12,1412
06/10/2014,13,1551
06/10/2014,14,1570
06/10/2014,15,1832
06/10/2014,16,2061
06/10/2014,17,3669
06/10/2014,18,3452
06/10/2014,19,2135
06/10/2014,20,1416
06/10/2014,21,965
06/10/2014,22,617
06/10/2014,23,434
06/10/2015,0,261
06/10/2015,1,116
06/10/2015,2,56
06/10/2015,3,40
06/10/2015,4,62
06/10/2015,5,302
06/10/2015,6,1321
06/10/2015,7,2865
06/10/2015,8,5059
06/10/2015,9,3480
06/10/2015,10,1916
06/10/2015,11,1867
06/10/2015,12,2110
06/10/2015,13,2242
06/10/2015,14,2242
06/10/2015,15,2560
06/10/2015,16,3231
06/10/2015,17,5489
06/10/2015,18,5408
06/10/2015,19,3325
06/10/2015,20,2227
06/10/2015,21,1647
06/10/2015,22,1146
06/10/2015,23,747
06/10/2017,0,503
06/10/2017,1,267
06/10/2017,2,124
06/10/2017,3,88
06/10/2017,4,89
06/10/2017,5,429
06/10/2017,6,1699
06/10/2017,7,3794
06/10/2017,8,6660
06/10/2017,9,4774
06/10/2017,10,2857
06/10/2017,11,2936
06/10/2017,12,3499
06/10/2017,13,3801
06/10/2017,14,4090
06/10/2017,15,4353
06/10/2017,16,5481
06/10/2017,17,7372
06/10/2017,18,6176
06/10/2017,19,3907
06/10/2017,20,2536
06/10/2017,21,1876
06/10/2017,22,1610
06/10/2017,23,1336
06/11/2013,0,251
06/11/2013,1,106
06/11/2013,2,59
06/11/2013,3,31
06/11/2013,4,42
06/11/2013,5,190
06/11/2013,6,917
06/11/2013,7,2054
06/11/2013,8,3626
06/11/2013,9,2541
06/11/2013,10,1435
06/11/2013,11,1338
06/11/2013,12,1693
06/11/2013,13,1700
06/11/2013,14,1721
06/11/2013,15,1773
06/11/2013,16,2143
06/11/2013,17,3370
06/11/2013,18,3368
06/11/2013,19,2324
06/11/2013,20,1543
06/11/2013,21,1095
06/11/2013,22,930
06/11/2013,23,576
06/11/2014,0,219
06/11/2014,1,81
06/11/2014,2,35
06/11/2014,3,14
06/11/2014,4,15
06/11/2014,5,70
06/11/2014,6,225
06/11/2014,7,390
06/11/2014,8,646
06/11/2014,9,478
06/11/2014,10,209
06/11/2014,11,211
06/11/2014,12,405
06/11/2014,13,378
06/11/2014,14,537
06/11/2014,15,769
06/11/2014,16,904
06/11/2014,17,1355
06/11/2014,18,1649
06/11/2014,19,1231
06/11/2014,20,895
06/11/2014,21,674
06/11/2014,22,531
06/11/2014,23,362
06/11/2015,0,373
06/11/2015,1,218
06/11/2015,2,99
06/11/2015,3,67
06/11/2015,4,74
06/11/2015,5,278
06/11/2015,6,1195
06/11/2015,7,2699
06/11/2015,8,4642
06/11/2015,9,3375
06/11/2015,10,1965
06/11/2015,11,2006
06/11/2015,12,2431
06/11/2015,13,2417
06/11/2015,14,2651
06/11/2015,15,2888
06/11/2015,16,3702
06/11/2015,17,4741
06/11/2015,18,3919
06/11/2015,19,2519
06/11/2015,20,1706
06/11/2015,21,1239
06/11/2015,22,1065
06/11/2015,23,893
06/11/2017,0,265
06/11/2017,1,138
06/11/2017,2,73
06/11/2017,3,60
06/11/2017,4,78
06/11/2017,5,447
06/11/2017,6,1769
06/11/2017,7,3824
06/11/2017,8,5920
06/11/2017,9,3864
06/11/2017,10,2350
06/11/2017,11,2135
06/11/2017,12,2593
06/11/2017,13,2695
06/11/2017,14,2629
06/11/2017,15,2747
06/11/2017,16,3775
06/11/2017,17,6168
06/11/2017,18,6224
06/11/2017,19,3947
06/11/2017,20,2498
06/11/2017,21,1770
06/11/2017,22,1052
06/11/2017,23,585
06/12/2013,0,281
06/12/2013,1,146
06/12/2013,2,101
06/12/2013,3,37
06/12/2013,4,42
06/12/2013,5,141
06/12/2013,6,282
06/12/2013,7,918
06/12/2013,8,1203
06/12/2013,9,909
06/12/2013,10,398
06/12/2013,11,419
06/12/2013,12,551
06/12/2013,13,611
06/12/2013,14,511
06/12/2013,15,581
06/12/2013,16,691
06/12/2013,17,1297
06/12/2013,18,844
06/12/2013,19,280
06/12/2013,20,183
06/12/2013,21,125
06/12/2013,22,101
06/12/2013,23,84
06/12/2014,0,101
06/12/2014,1,74
06/12/2014,2,35
06/12/2014,3,36
06/12/2014,4,23
06/12/2014,5,18
06/12/2014,6,62
06/12/2014,7,113
06/12/2014,8,327
06/12/2014,9,491
06/12/2014,10,640
06/12/2014,11,371
06/12/2014,12,267
06/12/2014,13,255
06/12/2014,14,190
06/12/2014,15,168
06/12/2014,16,154
06/12/2014,17,193
06/12/2014,18,171
06/12/2014,19,108
06/12/2014,20,77
06/12/2014,21,68
06/12/2014,22,56
06/12/2014,23,49
06/12/2015,0,425
06/12/2015,1,317
06/12/2015,2,225
06/12/2015,3,144
06/12/2015,4,75
06/12/2015,5,44
06/12/2015,6,89
06/12/2015,7,223
06/12/2015,8,506
06/12/2015,9,1037
06/12/2015,10,1520
06/12/2015,11,2016
06/12/2015,12,2429
06/12/2015,13,2434
06/12/2015,14,2387
06/12/2015,15,2194
06/12/2015,16,2094
06/12/2015,17,1768
06/12/2015,18,1413
06/12/2015,19,1197
06/12/2015,20,943
06/12/2015,21,668
06/12/2015,22,495
06/12/2015,23,300
06/12/2017,0,289
06/12/2017,1,134
06/12/2017,2,79
06/12/2017,3,34
06/12/2017,4,85
06/12/2017,5,398
06/12/2017,6,1568
06/12/2017,7,3105
06/12/2017,8,5408
06/12/2017,9,3431
06/12/2017,10,1777
06/12/2017,11,1634
06/12/2017,12,1977
06/12/2017,13,2059
06/12/2017,14,2088
06/12/2017,15,2225
06/12/2017,16,2866
06/12/2017,17,4365
06/12/2017,18,4574
06/12/2017,19,3054
06/12/2017,20,2067
06/12/2017,21,1433
06/12/2017,22,1074
06/12/2017,23,611
07/01/2014,0,51
07/01/2014,1,21
07/01/2014,2,7
07/01/2014,3,3
07/01/2014,4,15
07/01/2014,5,37
07/01/2014,6,189
07/01/2014,7,404
07/01/2014,8,719
07/01/2014,9,556
07/01/2014,10,240
07/01/2014,11,191
07/01/2014,12,218
07/01/2014,13,239
07/01/2014,14,258
07/01/2014,15,292
07/01/2014,16,394
07/01/2014,17,674
07/01/2014,18,698
07/01/2014,19,454
07/01/2014,20,252
07/01/2014,21,174
07/01/2014,22,122
07/01/2014,23,59
07/01/2015,0,45
07/01/2015,1,33
07/01/2015,2,20
07/01/2015,3,7
07/01/2015,4,20
07/01/2015,5,93
07/01/2015,6,337
07/01/2015,7,648
07/01/2015,8,1130
07/01/2015,9,828
07/01/2015,10,381
07/01/2015,11,333
07/01/2015,12,386
07/01/2015,13,407
07/01/2015,14,468
07/01/2015,15,492
07/01/2015,16,616
07/01/2015,17,1051
07/01/2015,18,983
07/01/2015,19,598
07/01/2015,20,334
07/01/2015,21,196
07/01/2015,22,151
07/01/2015,23,89
07/01/2016,0,125
07/01/2016,1,69
07/01/2016,2,30
07/01/2016,3,20
07/01/2016,4,37
07/01/2016,5,199
07/01/2016,6,853
07/01/2016,7,1730
07/01/2016,8,3114
07/01/2016,9,2150
07/01/2016,10,1033
07/01/2016,11,943
07/01/2016,12,1152
07/01/2016,13,1176
07/01/2016,14,1250
07/01/2016,15,1391
07/01/2016,16,1713
07/01/2016,17,2994
07/01/2016,18,2909
07/01/2016,19,1922
07/01/2016,20,1230
07/01/2016,21,787
07/01/2016,22,597
07/01/2016,23,349
07/01/2018,0,59
07/01/2018,1,26
07/01/2018,2,20
07/01/2018,3,12
07/01/2018,4,13
07/01/2018,5,10
07/01/2018,6,25
07/01/2018,7,78
07/01/2018,8,139
07/01/2018,9,267
07/01/2018,10,335
07/01/2018,11,436
07/01/2018,12,483
07/01/2018,13,517
07/01/2018,14,469
07/01/2018,15,540
07/01/2018,16,485
07/01/2018,17,423
07/01/2018,18,398
07/01/2018,19,293
07/01/2018,20,209
07/01/2018,21,169
07/01/2018,22,140
07/01/2018,23,94
07/02/2014,0,64
07/02/2014,1,23
07/02/2014,2,24
07/02/2014,3,16
07/02/2014,4,20
07/02/2014,5,54
07/02/2014,6,204
07/02/2014,7,428
07/02/2014,8,812
07/02/2014,9,665
07/02/2014,10,364
07/02/2014,11,323
07/02/2014,12,418
07/02/2014,13,433
07/02/2014,14,486
07/02/2014,15,484
07/02/2014,16,635
07/02/2014,17,928
07/02/2014,18,788
07/02/2014,19,545
07/02/2014,20,271
07/02/2014,21,199
07/02/2014,22,188
07/02/2014,23,123
07/02/2015,0,102
07/02/2015,1,78
07/02/2015,2,37
07/02/2015,3,28
07/02/2015,4,17
07/02/2015,5,23
07/02/2015,6,48
07/02/2015,7,106
07/02/2015,8,224
07/02/2015,9,349
07/02/2015,10,482
07/02/2015,11,382
07/02/2015,12,397
07/02/2015,13,475
07/02/2015,14,505
07/02/2015,15,583
07/02/2015,16,609
07/02/2015,17,557
07/02/2015,18,468
07/02/2015,19,421
07/02/2015,20,252
07/02/2015,21,225
07/02/2015,22,229
07/02/2015,23,193
07/02/2016,0,240
07/02/2016,1,176
07/02/2016,2,127
07/02/2016,3,74
07/02/2016,4,46
07/02/2016,5,32
07/02/2016,6,67
07/02/2016,7,187
07/02/2016,8,396
07/02/2016,9,763
07/02/2016,10,1013
07/02/2016,11,1437
07/02/2016,12,1484
07/02/2016,13,1676
07/02/2016,14,1695
07/02/2016,15,1651
07/02/2016,16,1571
07/02/2016,17,1538
07/02/2016,18,1093
07/02/2016,19,510
07/02/2016,20,376
07/02/2016,21,341
07/02/2016,22,695
07/02/2016,23,417
07/02/2018,0,178
07/02/2018,1,79
07/02/2018,2,43
07/02/2018,3,24
07/02/2018,4,40
07/02/2018,5,316
07/02/2018,6,1027
07/02/2018,7,2165
07/02/2018,8,2519
07/02/2018,9,1013
07/02/2018,10,427
07/02/2018,11,365
07/02/2018,12,319
07/02/2018,13,255
07/02/2018,14,286
07/02/2018,15,375
07/02/2018,16,498
07/02/2018,17,743
07/02/2018,18,1068
07/02/2018,19,1244
07/02/2018,20,742
07/02/2018,21,648
07/02/2018,22,576
07/02/2018,23,339
07/03/2014,0,97
07/03/2014,1,46
07/03/2014,2,35
07/03/2014,3,19
07/03/2014,4,27
07/03/2014,5,94
07/03/2014,6,374
07/03/2014,7,712
07/03/2014,8,1393
07/03/2014,9,1048
07/03/2014,10,494
07/03/2014,11,478
07/03/2014,12,631
07/03/2014,13,645
07/03/2014,14,682
07/03/2014,15,783
07/03/2014,16,1025
07/03/2014,17,1569
07/03/2014,18,1178
07/03/2014,19,769
07/03/2014,20,448
07/03/2014,21,300
07/03/2014,22,258
07/03/2014,23,199
07/03/2015,0,58
07/03/2015,1,41
07/03/2015,2,27
07/03/2015,3,19
07/03/2015,4,16
07/03/2015,5,14
07/03/2015,6,34
07/03/2015,7,71
07/03/2015,8,164
07/03/2015,9,224
07/03/2015,10,363
07/03/2015,11,405
07/03/2015,12,464
07/03/2015,13,541
07/03/2015,14,480
07/03/2015,15,462
07/03/2015,16,474
07/03/2015,17,472
07/03/2015,18,357
07/03/2015,19,243
07/03/2015,20,192
07/03/2015,21,158
07/03/2015,22,156
07/03/2015,23,155
07/03/2016,0,110
07/03/2016,1,54
07/03/2016,2,22
07/03/2016,3,19
07/03/2016,4,35
07/03/2016,5,214
07/03/2016,6,840
07/03/2016,7,1856
07/03/2016,8,3195
07/03/2016,9,2216
07/03/2016,10,1078
07/03/2016,11,968
07/03/2016,12,1259
07/03/2016,13,1286
07/03/2016,14,1454
07/03/2016,15,1576
07/03/2016,16,2188
07/03/2016,17,3803
07/03/2016,18,3554
07/03/2016,19,2241
07/03/2016,20,1468
07/03/2016,21,1046
07/03/2016,22,631
07/03/2016,23,379
07/03/2018,0,232
07/03/2018,1,77
07/03/2018,2,18
07/03/2018,3,18
07/03/2018,4,37
07/03/2018,5,145
07/03/2018,6,466
07/03/2018,7,953
07/03/2018,8,2055
07/03/2018,9,998
07/03/2018,10,525
07/03/2018,11,375
07/03/2018,12,268
07/03/2018,13,200
07/03/2018,14,275
07/03/2018,15,217
07/03/2018,16,214
07/03/2018,17,203
07/03/2018,18,206
07/03/2018,19,167
07/03/2018,20,115
07/03/2018,21,139
07/03/2018,22,166
07/03/2018,23,119
07/04/2014,0,94
07/04/2014,1,44
07/04/2014,2,45
07/04/2014,3,16
07/04/2014,4,37
07/04/2014,5,142
07/04/2014,6,613
07/04/2014,7,1243
07/04/2014,8,2365
07/04/2014,9,1626
07/04/2014,10,804
07/04/2014,11,756
07/04/2014,12,959
07/04/2014,13,979
07/04/2014,14,919
07/04/2014,15,821
07/04/2014,16,1161
07/04/2014,17,981
07/04/2014,18,376
07/04/2014,19,266
07/04/2014,20,117
07/04/2014,21,126
07/04/2014,22,95
07/04/2014,23,92
07/04/2015,0,187
07/04/2015,1,83
07/04/2015,2,41
07/04/2015,3,21
07/04/2015,4,29
07/04/2015,5,175
07/04/2015,6,594
07/04/2015,7,914
07/04/2015,8,1849
07/04/2015,9,1499
07/04/2015,10,850
07/04/2015,11,762
07/04/2015,12,823
07/04/2015,13,789
07/04/2015,14,820
07/04/2015,15,886
07/04/2015,16,1192
07/04/2015,17,1881
07/04/2015,18,1471
07/04/2015,19,328
07/04/2015,20,369
07/04/2015,21,373
07/04/2015,22,225
07/04/2015,23,101
07/04/2016,0,197
07/04/2016,1,81
07/04/2016,2,47
07/04/2016,3,35
07/04/2016,4,46
07/04/2016,5,216
07/04/2016,6,949
07/04/2016,7,1964
07/04/2016,8,3695
07/04/2016,9,2615
07/04/2016,10,1368
07/04/2016,11,1137
07/04/2016,12,896
07/04/2016,13,482
07/04/2016,14,711
07/04/2016,15,981
07/04/2016,16,1689
07/04/2016,17,3478
07/04/2016,18,3569
07/04/2016,19,2348
07/04/2016,20,1577
07/04/2016,21,1077
07/04/2016,22,755
07/04/2016,23,489
07/04/2017,0,254
07/04/2017,1,105
07/04/2017,2,63
07/04/2017,3,40
07/04/2017,4,47
07/04/2017,5,240
07/04/2017,6,1029
07/04/2017,7,2292
07/04/2017,8,4057
07/04/2017,9,2968
07/04/2017,10,1491
07/04/2017,11,1452
07/04/2017,12,1536
07/04/2017,13,1718
07/04/2017,14,1800
07/04/2017,15,2024
07/04/2017,16,2526
07/04/2017,17,3872
07/04/2017,18,3299
07/04/2017,19,2033
07/04/2017,20,1201
07/04/2017,21,767
07/04/2017,22,548
07/04/2017,23,417
07/04/2018,0,515
07/04/2018,1,315
07/04/2018,2,193
07/04/2018,3,97
07/04/2018,4,63
07/04/2018,5,77
07/04/2018,6,205
07/04/2018,7,478
07/04/2018,8,898
07/04/2018,9,1538
07/04/2018,10,1835
07/04/2018,11,2387
07/04/2018,12,2645
07/04/2018,13,2677
07/04/2018,14,2905
07/04/2018,15,3115
07/04/2018,16,2934
07/04/2018,17,2785
07/04/2018,18,2398
07/04/2018,19,1848
07/04/2018,20,1176
07/04/2018,21,909
07/04/2018,22,703
07/04/2018,23,549
07/05/2014,0,226
07/05/2014,1,106
07/05/2014,2,41
07/05/2014,3,24
07/05/2014,4,51
07/05/2014,5,157
07/05/2014,6,862
07/05/2014,7,1758
07/05/2014,8,3269
07/05/2014,9,2350
07/05/2014,10,1317
07/05/2014,11,1278
07/05/2014,12,1584
07/05/2014,13,1689
07/05/2014,14,1548
07/05/2014,15,1669
07/05/2014,16,2164
07/05/2014,17,3517
07/05/2014,18,3482
07/05/2014,19,2213
07/05/2014,20,1403
07/05/2014,21,944
07/05/2014,22,782
07/05/2014,23,448
07/05/2015,0,193
07/05/2015,1,107
07/05/2015,2,57
07/05/2015,3,27
07/05/2015,4,40
07/05/2015,5,195
07/05/2015,6,900
07/05/2015,7,1921
07/05/2015,8,3281
07/05/2015,9,2534
07/05/2015,10,1467
07/05/2015,11,1346
07/05/2015,12,1683
07/05/2015,13,1666
07/05/2015,14,1703
07/05/2015,15,1829
07/05/2015,16,2361
07/05/2015,17,3778
07/05/2015,18,3524
07/05/2015,19,2456
07/05/2015,20,1481
07/05/2015,21,1035
07/05/2015,22,786
07/05/2015,23,501
07/05/2016,0,350
07/05/2016,1,182
07/05/2016,2,147
07/05/2016,3,82
07/05/2016,4,43
07/05/2016,5,52
07/05/2016,6,153
07/05/2016,7,324
07/05/2016,8,746
07/05/2016,9,1224
07/05/2016,10,1787
07/05/2016,11,2255
07/05/2016,12,2493
07/05/2016,13,2779
07/05/2016,14,2798
07/05/2016,15,2684
07/05/2016,16,2736
07/05/2016,17,2528
07/05/2016,18,2165
07/05/2016,19,1991
07/05/2016,20,1245
07/05/2016,21,933
07/05/2016,22,741
07/05/2016,23,640
07/05/2017,0,531
07/05/2017,1,372
07/05/2017,2,257
07/05/2017,3,188
07/05/2017,4,73
07/05/2017,5,77
07/05/2017,6,191
07/05/2017,7,493
07/05/2017,8,1095
07/05/2017,9,1865
07/05/2017,10,2678
07/05/2017,11,3101
07/05/2017,12,3432
07/05/2017,13,2962
07/05/2017,14,2802
07/05/2017,15,2549
07/05/2017,16,1848
07/05/2017,17,2002
07/05/2017,18,2462
07/05/2017,19,1971
07/05/2017,20,1374
07/05/2017,21,882
07/05/2017,22,676
07/05/2017,23,412
07/05/2018,0,308
07/05/2018,1,188
07/05/2018,2,93
07/05/2018,3,48
07/05/2018,4,98
07/05/2018,5,471
07/05/2018,6,1819
07/05/2018,7,3952
07/05/2018,8,6582
07/05/2018,9,4555
07/05/2018,10,2579
07/05/2018,11,2574
07/05/2018,12,3117
07/05/2018,13,3253
07/05/2018,14,3459
07/05/2018,15,3729
07/05/2018,16,4713
07/05/2018,17,7793
07/05/2018,18,7646
07/05/2018,19,4956
07/05/2018,20,2996
07/05/2018,21,1950
07/05/2018,22,1362
07/05/2018,23,676
07/06/2014,0,554
07/06/2014,1,340
07/06/2014,2,212
07/06/2014,3,105
07/06/2014,4,76
07/06/2014,5,70
07/06/2014,6,181
07/06/2014,7,466
07/06/2014,8,802
07/06/2014,9,1292
07/06/2014,10,1707
07/06/2014,11,2031
07/06/2014,12,2414
07/06/2014,13,2628
07/06/2014,14,2561
07/06/2014,15,2572
07/06/2014,16,2467
07/06/2014,17,2432
07/06/2014,18,2220
07/06/2014,19,1934
07/06/2014,20,1535
07/06/2014,21,1021
07/06/2014,22,836
07/06/2014,23,748
07/06/2015,0,540
07/06/2015,1,335
07/06/2015,2,207
07/06/2015,3,121
07/06/2015,4,79
07/06/2015,5,68
07/06/2015,6,127
07/06/2015,7,276
07/06/2015,8,606
07/06/2015,9,1085
07/06/2015,10,1569
07/06/2015,11,2098
07/06/2015,12,2364
07/06/2015,13,2719
07/06/2015,14,2753
07/06/2015,15,2853
07/06/2015,16,2806
07/06/2015,17,2565
07/06/2015,18,2378
07/06/2015,19,1907
07/06/2015,20,1376
07/06/2015,21,814
07/06/2015,22,624
07/06/2015,23,503
07/06/2016,0,399
07/06/2016,1,131
07/06/2016,2,78
07/06/2016,3,38
07/06/2016,4,64
07/06/2016,5,389
07/06/2016,6,1453
07/06/2016,7,3276
07/06/2016,8,5397
07/06/2016,9,3441
07/06/2016,10,2047
07/06/2016,11,1890
07/06/2016,12,2235
07/06/2016,13,2396
07/06/2016,14,2402
07/06/2016,15,2355
07/06/2016,16,2664
07/06/2016,17,5355
07/06/2016,18,5637
07/06/2016,19,3852
07/06/2016,20,2614
07/06/2016,21,1707
07/06/2016,22,1292
07/06/2016,23,700
07/06/2017,0,304
07/06/2017,1,136
07/06/2017,2,83
07/06/2017,3,38
07/06/2017,4,75
07/06/2017,5,464
07/06/2017,6,1692
07/06/2017,7,3631
07/06/2017,8,6250
07/06/2017,9,4432
07/06/2017,10,2437
07/06/2017,11,2294
07/06/2017,12,2697
07/06/2017,13,2840
07/06/2017,14,2993
07/06/2017,15,3224
07/06/2017,16,4062
07/06/2017,17,7151
07/06/2017,18,7000
07/06/2017,19,4998
07/06/2017,20,3293
07/06/2017,21,2114
07/06/2017,22,1458
07/06/2017,23,787
07/07/2013,0,402
07/07/2013,1,281
07/07/2013,2,212
07/07/2013,3,121
07/07/2013,4,88
07/07/2013,5,60
07/07/2013,6,87
07/07/2013,7,192
07/07/2013,8,386
07/07/2013,9,693
07/07/2013,10,854
07/07/2013,11,1173
07/07/2013,12,1381
07/07/2013,13,1519
07/07/2013,14,1609
07/07/2013,15,1612
07/07/2013,16,1637
07/07/2013,17,1585
07/07/2013,18,1671
07/07/2013,19,1558
07/07/2013,20,1331
07/07/2013,21,949
07/07/2013,22,662
07/07/2013,23,414
07/07/2014,0,196
07/07/2014,1,96
07/07/2014,2,53
07/07/2014,3,52
07/07/2014,4,45
07/07/2014,5,194
07/07/2014,6,828
07/07/2014,7,1652
07/07/2014,8,2777
07/07/2014,9,2033
07/07/2014,10,1078
07/07/2014,11,1033
07/07/2014,12,1266
07/07/2014,13,1354
07/07/2014,14,1363
07/07/2014,15,1481
07/07/2014,16,1973
07/07/2014,17,3406
07/07/2014,18,3706
07/07/2014,19,2641
07/07/2014,20,2001
07/07/2014,21,1266
07/07/2014,22,862
07/07/2014,23,507
07/07/2015,0,227
07/07/2015,1,122
07/07/2015,2,72
07/07/2015,3,31
07/07/2015,4,39
07/07/2015,5,233
07/07/2015,6,1071
07/07/2015,7,2084
07/07/2015,8,3557
07/07/2015,9,2674
07/07/2015,10,1323
07/07/2015,11,1296
07/07/2015,12,1580
07/07/2015,13,1525
07/07/2015,14,1511
07/07/2015,15,1662
07/07/2015,16,2228
07/07/2015,17,3465
07/07/2015,18,4096
07/07/2015,19,3011
07/07/2015,20,2101
07/07/2015,21,1372
07/07/2015,22,975
07/07/2015,23,582
07/07/2016,0,442
07/07/2016,1,181
07/07/2016,2,115
07/07/2016,3,56
07/07/2016,4,63
07/07/2016,5,359
07/07/2016,6,1482
07/07/2016,7,2882
07/07/2016,8,4823
07/07/2016,9,3455
07/07/2016,10,1976
07/07/2016,11,1696
07/07/2016,12,1942
07/07/2016,13,2051
07/07/2016,14,2017
07/07/2016,15,2126
07/07/2016,16,2843
07/07/2016,17,5021
07/07/2016,18,5004
07/07/2016,19,3632
07/07/2016,20,2613
07/07/2016,21,1802
07/07/2016,22,1294
07/07/2016,23,867
07/07/2017,0,526
07/07/2017,1,272
07/07/2017,2,123
07/07/2017,3,44
07/07/2017,4,86
07/07/2017,5,366
07/07/2017,6,1235
07/07/2017,7,2027
07/07/2017,8,2651
07/07/2017,9,2760
07/07/2017,10,502
07/07/2017,11,189
07/07/2017,12,1023
07/07/2017,13,2253
07/07/2017,14,2805
07/07/2017,15,3520
07/07/2017,16,4488
07/07/2017,17,5595
07/07/2017,18,4850
07/07/2017,19,3805
07/07/2017,20,2361
07/07/2017,21,719
07/07/2017,22,999
07/07/2017,23,869
07/08/2013,0,370
07/08/2013,1,188
07/08/2013,2,85
07/08/2013,3,46
07/08/2013,4,45
07/08/2013,5,179
07/08/2013,6,827
07/08/2013,7,1683
07/08/2013,8,3107
07/08/2013,9,2515
07/08/2013,10,1291
07/08/2013,11,1213
07/08/2013,12,1626
07/08/2013,13,1766
07/08/2013,14,1579
07/08/2013,15,1608
07/08/2013,16,2163
07/08/2013,17,3150
07/08/2013,18,3443
07/08/2013,19,2757
07/08/2013,20,1838
07/08/2013,21,1238
07/08/2013,22,986
07/08/2013,23,693
07/08/2014,0,342
07/08/2014,1,164
07/08/2014,2,71
07/08/2014,3,42
07/08/2014,4,51
07/08/2014,5,213
07/08/2014,6,946
07/08/2014,7,1793
07/08/2014,8,3139
07/08/2014,9,2434
07/08/2014,10,1336
07/08/2014,11,1408
07/08/2014,12,1686
07/08/2014,13,1650
07/08/2014,14,1666
07/08/2014,15,1858
07/08/2014,16,2285
07/08/2014,17,3645
07/08/2014,18,3958
07/08/2014,19,2801
07/08/2014,20,1841
07/08/2014,21,1222
07/08/2014,22,1080
07/08/2014,23,731
07/08/2015,0,492
07/08/2015,1,215
07/08/2015,2,119
07/08/2015,3,75
07/08/2015,4,70
07/08/2015,5,224
07/08/2015,6,960
07/08/2015,7,1913
07/08/2015,8,3596
07/08/2015,9,2830
07/08/2015,10,1631
07/08/2015,11,1741
07/08/2015,12,1991
07/08/2015,13,2214
07/08/2015,14,2368
07/08/2015,15,2660
07/08/2015,16,3222
07/08/2015,17,4034
07/08/2015,18,3432
07/08/2015,19,2546
07/08/2015,20,1665
07/08/2015,21,1219
07/08/2015,22,1019
07/08/2015,23,763
07/08/2016,0,747
07/08/2016,1,523
07/08/2016,2,292
07/08/2016,3,214
07/08/2016,4,149
07/08/2016,5,75
07/08/2016,6,190
07/08/2016,7,460
07/08/2016,8,906
07/08/2016,9,1662
07/08/2016,10,2358
07/08/2016,11,2973
07/08/2016,12,3229
07/08/2016,13,3395
07/08/2016,14,3553
07/08/2016,15,3637
07/08/2016,16,3671
07/08/2016,17,3604
07/08/2016,18,3484
07/08/2016,19,3030
07/08/2016,20,2217
07/08/2016,21,1553
07/08/2016,22,1038
07/08/2016,23,671
07/08/2017,0,421
07/08/2017,1,203
07/08/2017,2,77
07/08/2017,3,47
07/08/2017,4,78
07/08/2017,5,388
07/08/2017,6,1463
07/08/2017,7,2421
07/08/2017,8,3403
07/08/2017,9,1370
07/08/2017,10,1068
07/08/2017,11,511
07/08/2017,12,516
07/08/2017,13,598
07/08/2017,14,387
07/08/2017,15,459
07/08/2017,16,604
07/08/2017,17,2434
07/08/2017,18,1700
07/08/2017,19,1676
07/08/2017,20,1036
07/08/2017,21,1147
07/08/2017,22,877
07/08/2017,23,511
07/09/2013,0,577
07/09/2013,1,364
07/09/2013,2,255
07/09/2013,3,147
07/09/2013,4,100
07/09/2013,5,67
07/09/2013,6,145
07/09/2013,7,375
07/09/2013,8,790
07/09/2013,9,1226
07/09/2013,10,1718
07/09/2013,11,2273
07/09/2013,12,2637
07/09/2013,13,2753
07/09/2013,14,2825
07/09/2013,15,3001
07/09/2013,16,3091
07/09/2013,17,2994
07/09/2013,18,2604
07/09/2013,19,2142
07/09/2013,20,1430
07/09/2013,21,1116
07/09/2013,22,999
07/09/2013,23,790
07/09/2014,0,356
07/09/2014,1,305
07/09/2014,2,231
07/09/2014,3,167
07/09/2014,4,87
07/09/2014,5,51
07/09/2014,6,116
07/09/2014,7,277
07/09/2014,8,673
07/09/2014,9,1064
07/09/2014,10,1641
07/09/2014,11,2155
07/09/2014,12,2514
07/09/2014,13,2484
07/09/2014,14,2335
07/09/2014,15,2240
07/09/2014,16,2535
07/09/2014,17,2522
07/09/2014,18,2386
07/09/2014,19,1989
07/09/2014,20,1385
07/09/2014,21,959
07/09/2014,22,762
07/09/2014,23,487
07/09/2015,0,522
07/09/2015,1,298
07/09/2015,2,201
07/09/2015,3,104
07/09/2015,4,72
07/09/2015,5,55
07/09/2015,6,139
07/09/2015,7,345
07/09/2015,8,733
07/09/2015,9,1343
07/09/2015,10,1756
07/09/2015,11,2362
07/09/2015,12,2575
07/09/2015,13,2847
07/09/2015,14,2861
07/09/2015,15,2806
07/09/2015,16,2945
07/09/2015,17,2812
07/09/2015,18,2746
07/09/2015,19,2221
07/09/2015,20,1518
07/09/2015,21,1126
07/09/2015,22,805
07/09/2015,23,490
07/09/2016,0,277
07/09/2016,1,116
07/09/2016,2,55
07/09/2016,3,38
07/09/2016,4,76
07/09/2016,5,450
07/09/2016,6,1718
07/09/2016,7,3677
07/09/2016,8,6119
07/09/2016,9,4247
07/09/2016,10,2185
07/09/2016,11,2300
07/09/2016,12,2555
07/09/2016,13,2648
07/09/2016,14,2661
07/09/2016,15,2878
07/09/2016,16,3749
07/09/2016,17,6417
07/09/2016,18,6769
07/09/2016,19,4568
07/09/2016,20,2837
07/09/2016,21,1958
07/09/2016,22,1384
07/09/2016,23,818
07/09/2017,0,182
07/09/2017,1,123
07/09/2017,2,66
07/09/2017,3,32
07/09/2017,4,87
07/09/2017,5,467
07/09/2017,6,1794
07/09/2017,7,4150
07/09/2017,8,6979
07/09/2017,9,4701
07/09/2017,10,2771
07/09/2017,11,2662
07/09/2017,12,2959
07/09/2017,13,3033
07/09/2017,14,3368
07/09/2017,15,3493
07/09/2017,16,4532
07/09/2017,17,7460
07/09/2017,18,7739
07/09/2017,19,5009
07/09/2017,20,3147
07/09/2017,21,2188
07/09/2017,22,1547
07/09/2017,23,1030
07/10/2013,0,254
07/10/2013,1,100
07/10/2013,2,60
07/10/2013,3,35
07/10/2013,4,58
07/10/2013,5,230
07/10/2013,6,882
07/10/2013,7,1837
07/10/2013,8,3034
07/10/2013,9,2301
07/10/2013,10,1272
07/10/2013,11,1166
07/10/2013,12,864
07/10/2013,13,991
07/10/2013,14,1358
07/10/2013,15,1430
07/10/2013,16,354
07/10/2013,17,1453
07/10/2013,18,1727
07/10/2013,19,1901
07/10/2013,20,1478
07/10/2013,21,1044
07/10/2013,22,727
07/10/2013,23,460
07/10/2014,0,210
07/10/2014,1,97
07/10/2014,2,41
07/10/2014,3,33
07/10/2014,4,42
07/10/2014,5,202
07/10/2014,6,893
07/10/2014,7,1925
07/10/2014,8,3356
07/10/2014,9,2418
07/10/2014,10,1372
07/10/2014,11,1290
07/10/2014,12,1516
07/10/2014,13,1453
07/10/2014,14,1533
07/10/2014,15,1621
07/10/2014,16,2123
07/10/2014,17,3332
07/10/2014,18,3513
07/10/2014,19,2354
07/10/2014,20,1503
07/10/2014,21,1091
07/10/2014,22,739
07/10/2014,23,235
07/10/2015,0,363
07/10/2015,1,156
07/10/2015,2,71
07/10/2015,3,34
07/10/2015,4,71
07/10/2015,5,294
07/10/2015,6,1368
07/10/2015,7,2949
07/10/2015,8,5175
07/10/2015,9,3600
07/10/2015,10,1926
07/10/2015,11,1776
07/10/2015,12,2158
07/10/2015,13,2163
07/10/2015,14,2370
07/10/2015,15,2581
07/10/2015,16,3318
07/10/2015,17,5507
07/10/2015,18,5281
07/10/2015,19,3286
07/10/2015,20,2169
07/10/2015,21,1616
07/10/2015,22,1223
07/10/2015,23,686
07/10/2017,0,943
07/10/2017,1,629
07/10/2017,2,419
07/10/2017,3,277
07/10/2017,4,138
07/10/2017,5,116
07/10/2017,6,362
07/10/2017,7,856
07/10/2017,8,1766
07/10/2017,9,2780
07/10/2017,10,3817
07/10/2017,11,4882
07/10/2017,12,5265
07/10/2017,13,5310
07/10/2017,14,5394
07/10/2017,15,5390
07/10/2017,16,5462
07/10/2017,17,5027
07/10/2017,18,4551
07/10/2017,19,3252
07/10/2017,20,2263
07/10/2017,21,1730
07/10/2017,22,1657
07/10/2017,23,1349
07/11/2013,0,282
07/11/2013,1,135
07/11/2013,2,69
07/11/2013,3,44
07/11/2013,4,59
07/11/2013,5,177
07/11/2013,6,874
07/11/2013,7,1940
07/11/2013,8,3442
07/11/2013,9,2548
07/11/2013,10,880
07/11/2013,11,394
07/11/2013,12,715
07/11/2013,13,609
07/11/2013,14,474
07/11/2013,15,757
07/11/2013,16,1464
07/11/2013,17,2771
07/11/2013,18,2730
07/11/2013,19,1960
07/11/2013,20,1342
07/11/2013,21,875
07/11/2013,22,702
07/11/2013,23,476
07/11/2014,0,195
07/11/2014,1,99
07/11/2014,2,60
07/11/2014,3,26
07/11/2014,4,45
07/11/2014,5,172
07/11/2014,6,774
07/11/2014,7,1615
07/11/2014,8,2751
07/11/2014,9,2107
07/11/2014,10,1177
07/11/2014,11,1183
07/11/2014,12,1373
07/11/2014,13,1280
07/11/2014,14,1281
07/11/2014,15,1470
07/11/2014,16,1831
07/11/2014,17,2523
07/11/2014,18,1993
07/11/2014,19,1337
07/11/2014,20,738
07/11/2014,21,569
07/11/2014,22,420
07/11/2014,23,336
07/11/2015,0,604
07/11/2015,1,392
07/11/2015,2,258
07/11/2015,3,169
07/11/2015,4,112
07/11/2015,5,89
07/11/2015,6,209
07/11/2015,7,513
07/11/2015,8,1100
07/11/2015,9,1783
07/11/2015,10,2308
07/11/2015,11,2852
07/11/2015,12,3193
07/11/2015,13,3240
07/11/2015,14,3165
07/11/2015,15,3222
07/11/2015,16,2917
07/11/2015,17,2261
07/11/2015,18,1935
07/11/2015,19,1615
07/11/2015,20,1118
07/11/2015,21,982
07/11/2015,22,834
07/11/2015,23,715
07/11/2017,0,304
07/11/2017,1,121
07/11/2017,2,50
07/11/2017,3,29
07/11/2017,4,83
07/11/2017,5,495
07/11/2017,6,1801
07/11/2017,7,4025
07/11/2017,8,6630
07/11/2017,9,4519
07/11/2017,10,2611
07/11/2017,11,2340
07/11/2017,12,2557
07/11/2017,13,2481
07/11/2017,14,2582
07/11/2017,15,1621
07/11/2017,16,643
07/11/2017,17,821
07/11/2017,18,718
07/11/2017,19,672
07/11/2017,20,454
07/11/2017,21,301
07/11/2017,22,306
07/11/2017,23,198
07/12/2013,0,51
07/12/2013,1,85
07/12/2013,2,64
07/12/2013,3,38
07/12/2013,4,40
07/12/2013,5,42
07/12/2013,6,74
07/12/2013,7,233
07/12/2013,8,466
07/12/2013,9,762
07/12/2013,10,996
07/12/2013,11,1201
07/12/2013,12,1387
07/12/2013,13,1504
07/12/2013,14,1432
07/12/2013,15,1367
07/12/2013,16,1407
07/12/2013,17,1052
07/12/2013,18,899
07/12/2013,19,807
07/12/2013,20,527
07/12/2013,21,414
07/12/2013,22,369
07/12/2013,23,328
07/12/2014,0,56
07/12/2014,1,81
07/12/2014,2,81
07/12/2014,3,42
07/12/2014,4,28
07/12/2014,5,21
07/12/2014,6,47
07/12/2014,7,108
07/12/2014,8,234
07/12/2014,9,484
07/12/2014,10,700
07/12/2014,11,818
07/12/2014,12,927
07/12/2014,13,977
07/12/2014,14,1048
07/12/2014,15,959
07/12/2014,16,941
07/12/2014,17,738
07/12/2014,18,671
07/12/2014,19,498
07/12/2014,20,375
07/12/2014,21,297
07/12/2014,22,217
07/12/2014,23,162
07/12/2015,0,171
07/12/2015,1,81
07/12/2015,2,38
07/12/2015,3,24
07/12/2015,4,55
07/12/2015,5,239
07/12/2015,6,974
07/12/2015,7,2108
07/12/2015,8,3597
07/12/2015,9,2434
07/12/2015,10,1326
07/12/2015,11,1152
07/12/2015,12,1392
07/12/2015,13,1416
07/12/2015,14,1676
07/12/2015,15,1810
07/12/2015,16,2251
07/12/2015,17,3599
07/12/2015,18,3763
07/12/2015,19,2441
07/12/2015,20,1492
07/12/2015,21,1043
07/12/2015,22,681
07/12/2015,23,376
07/12/2017,0,305
07/12/2017,1,136
07/12/2017,2,81
07/12/2017,3,46
07/12/2017,4,71
07/12/2017,5,372
07/12/2017,6,1327
07/12/2017,7,2929
07/12/2017,8,5174
07/12/2017,9,3625
07/12/2017,10,1834
07/12/2017,11,1741
07/12/2017,12,1950
07/12/2017,13,2049
07/12/2017,14,2097
07/12/2017,15,2243
07/12/2017,16,2914
07/12/2017,17,4376
07/12/2017,18,4256
07/12/2017,19,2875
07/12/2017,20,1903
07/12/2017,21,1325
07/12/2017,22,1068
07/12/2017,23,670
08/01/2014,0,27
08/01/2014,1,16
08/01/2014,2,8
08/01/2014,3,2
08/01/2014,4,14
08/01/2014,5,61
08/01/2014,6,223
08/01/2014,7,452
08/01/2014,8,890
08/01/2014,9,734
08/01/2014,10,372
08/01/2014,11,302
08/01/2014,12,370
08/01/2014,13,367
08/01/2014,14,427
08/01/2014,15,481
08/01/2014,16,621
08/01/2014,17,1043
08/01/2014,18,1059
08/01/2014,19,725
08/01/2014,20,390
08/01/2014,21,285
08/01/2014,22,244
08/01/2014,23,133
08/01/2015,0,41
08/01/2015,1,19
08/01/2015,2,12
08/01/2015,3,8
08/01/2015,4,20
08/01/2015,5,79
08/01/2015,6,257
08/01/2015,7,540
08/01/2015,8,970
08/01/2015,9,654
08/01/2015,10,358
08/01/2015,11,262
08/01/2015,12,326
08/01/2015,13,351
08/01/2015,14,420
08/01/2015,15,431
08/01/2015,16,594
08/01/2015,17,990
08/01/2015,18,935
08/01/2015,19,608
08/01/2015,20,373
08/01/2015,21,237
08/01/2015,22,168
08/01/2015,23,126
08/01/2016,0,190
08/01/2016,1,84
08/01/2016,2,49
08/01/2016,3,25
08/01/2016,4,47
08/01/2016,5,226
08/01/2016,6,859
08/01/2016,7,1719
08/01/2016,8,3225
08/01/2016,9,2291
08/01/2016,10,1103
08/01/2016,11,1039
08/01/2016,12,1243
08/01/2016,13,1295
08/01/2016,14,1460
08/01/2016,15,1504
08/01/2016,16,2045
08/01/2016,17,3055
08/01/2016,18,2799
08/01/2016,19,1759
08/01/2016,20,1046
08/01/2016,21,691
08/01/2016,22,555
08/01/2016,23,400
08/01/2018,0,43
08/01/2018,1,24
08/01/2018,2,17
08/01/2018,3,13
08/01/2018,4,35
08/01/2018,5,164
08/01/2018,6,486
08/01/2018,7,1085
08/01/2018,8,1801
08/01/2018,9,1369
08/01/2018,10,668
08/01/2018,11,524
08/01/2018,12,551
08/01/2018,13,673
08/01/2018,14,726
08/01/2018,15,690
08/01/2018,16,856
08/01/2018,17,1496
08/01/2018,18,1687
08/01/2018,19,1175
08/01/2018,20,749
08/01/2018,21,460
08/01/2018,22,338
08/01/2018,23,191
08/02/2014,0,118
08/02/2014,1,59
08/02/2014,2,36
08/02/2014,3,27
08/02/2014,4,16
08/02/2014,5,24
08/02/2014,6,39
08/02/2014,7,72
08/02/2014,8,168
08/02/2014,9,304
08/02/2014,10,371
08/02/2014,11,509
08/02/2014,12,520
08/02/2014,13,511
08/02/2014,14,540
08/02/2014,15,509
08/02/2014,16,504
08/02/2014,17,424
08/02/2014,18,336
08/02/2014,19,310
08/02/2014,20,218
08/02/2014,21,143
08/02/2014,22,123
08/02/2014,23,105
08/02/2015,0,140
08/02/2015,1,84
08/02/2015,2,75
08/02/2015,3,43
08/02/2015,4,35
08/02/2015,5,30
08/02/2015,6,57
08/02/2015,7,80
08/02/2015,8,169
08/02/2015,9,312
08/02/2015,10,444
08/02/2015,11,515
08/02/2015,12,548
08/02/2015,13,580
08/02/2015,14,557
08/02/2015,15,586
08/02/2015,16,548
08/02/2015,17,483
08/02/2015,18,378
08/02/2015,19,312
08/02/2015,20,231
08/02/2015,21,191
08/02/2015,22,156
08/02/2015,23,108
08/02/2016,0,114
08/02/2016,1,58
08/02/2016,2,24
08/02/2016,3,16
08/02/2016,4,33
08/02/2016,5,173
08/02/2016,6,654
08/02/2016,7,1358
08/02/2016,8,2480
08/02/2016,9,1750
08/02/2016,10,523
08/02/2016,11,360
08/02/2016,12,510
08/02/2016,13,617
08/02/2016,14,779
08/02/2016,15,852
08/02/2016,16,1226
08/02/2016,17,2106
08/02/2016,18,1943
08/02/2016,19,1381
08/02/2016,20,905
08/02/2016,21,578
08/02/2016,22,414
08/02/2016,23,172
08/02/2018,0,153
08/02/2018,1,84
08/02/2018,2,29
08/02/2018,3,17
08/02/2018,4,41
08/02/2018,5,310
08/02/2018,6,940
08/02/2018,7,1985
08/02/2018,8,3527
08/02/2018,9,2392
08/02/2018,10,1289
08/02/2018,11,1145
08/02/2018,12,1388
08/02/2018,13,1341
08/02/2018,14,1512
08/02/2018,15,1622
08/02/2018,16,2013
08/02/2018,17,3325
08/02/2018,18,3061
08/02/2018,19,2019
08/02/2018,20,1375
08/02/2018,21,939
08/02/2018,22,671
08/02/2018,23,386
08/03/2014,0,183
08/03/2014,1,88
08/03/2014,2,66
08/03/2014,3,36
08/03/2014,4,30
08/03/2014,5,31
08/03/2014,6,73
08/03/2014,7,152
08/03/2014,8,343
08/03/2014,9,577
08/03/2014,10,822
08/03/2014,11,1096
08/03/2014,12,1372
08/03/2014,13,1651
08/03/2014,14,1683
08/03/2014,15,1750
08/03/2014,16,1682
08/03/2014,17,1430
08/03/2014,18,936
08/03/2014,19,805
08/03/2014,20,534
08/03/2014,21,376
08/03/2014,22,334
08/03/2014,23,300
08/03/2015,0,99
08/03/2015,1,81
08/03/2015,3,75
08/03/2015,4,40
08/03/2015,5,36
08/03/2015,6,40
08/03/2015,7,56
08/03/2015,8,118
08/03/2015,9,238
08/03/2015,10,365
08/03/2015,11,459
08/03/2015,12,604
08/03/2015,13,730
08/03/2015,14,694
08/03/2015,15,722
08/03/2015,16,817
08/03/2015,17,667
08/03/2015,18,666
08/03/2015,19,478
08/03/2015,20,317
08/03/2015,21,257
08/03/2015,22,213
08/03/2015,23,126
08/03/2016,0,192
08/03/2016,1,77
08/03/2016,2,29
08/03/2016,3,26
08/03/2016,4,53
08/03/2016,5,262
08/03/2016,6,1121
08/03/2016,7,2322
08/03/2016,8,4200
08/03/2016,9,2786
08/03/2016,10,1369
08/03/2016,11,1292
08/03/2016,12,1585
08/03/2016,13,1776
08/03/2016,14,1729
08/03/2016,15,1805
08/03/2016,16,2351
08/03/2016,17,4149
08/03/2016,18,3606
08/03/2016,19,2191
08/03/2016,20,1514
08/03/2016,21,1024
08/03/2016,22,665
08/03/2016,23,397
08/03/2018,0,79
08/03/2018,1,36
08/03/2018,2,24
08/03/2018,3,16
08/03/2018,4,22
08/03/2018,5,137
08/03/2018,6,580
08/03/2018,7,1272
08/03/2018,8,2545
08/03/2018,9,1940
08/03/2018,10,1134
08/03/2018,11,965
08/03/2018,12,1279
08/03/2018,13,1271
08/03/2018,14,1443
08/03/2018,15,1581
08/03/2018,16,2093
08/03/2018,17,3280
08/03/2018,18,3065
08/03/2018,19,2111
08/03/2018,20,1448
08/03/2018,21,1015
08/03/2018,22,673
08/03/2018,23,431
08/04/2014,0,54
08/04/2014,1,25
08/04/2014,2,16
08/04/2014,3,9
08/04/2014,4,12
08/04/2014,5,89
08/04/2014,6,183
08/04/2014,7,711
08/04/2014,8,1280
08/04/2014,9,912
08/04/2014,10,650
08/04/2014,11,682
08/04/2014,12,977
08/04/2014,13,1103
08/04/2014,14,1113
08/04/2014,15,1286
08/04/2014,16,1591
08/04/2014,17,2956
08/04/2014,18,3137
08/04/2014,19,2090
08/04/2014,20,1264
08/04/2014,21,852
08/04/2014,22,574
08/04/2014,23,318
08/04/2015,0,72
08/04/2015,1,33
08/04/2015,2,19
08/04/2015,3,26
08/04/2015,4,20
08/04/2015,5,148
08/04/2015,6,545
08/04/2015,7,1072
08/04/2015,8,1902
08/04/2015,9,1522
08/04/2015,10,779
08/04/2015,11,684
08/04/2015,12,684
08/04/2015,13,744
08/04/2015,14,799
08/04/2015,15,865
08/04/2015,16,1046
08/04/2015,17,1955
08/04/2015,18,2024
08/04/2015,19,1181
08/04/2015,20,783
08/04/2015,21,458
08/04/2015,22,340
08/04/2015,23,171
08/04/2016,0,248
08/04/2016,1,103
08/04/2016,2,50
08/04/2016,3,41
08/04/2016,4,40
08/04/2016,5,194
08/04/2016,6,865
08/04/2016,7,1827
08/04/2016,8,3504
08/04/2016,9,2527
08/04/2016,10,1132
08/04/2016,11,1238
08/04/2016,12,1386
08/04/2016,13,1496
08/04/2016,14,1577
08/04/2016,15,1628
08/04/2016,16,2162
08/04/2016,17,3320
08/04/2016,18,2934
08/04/2016,19,1750
08/04/2016,20,1034
08/04/2016,21,725
08/04/2016,22,567
08/04/2016,23,469
08/04/2017,0,295
08/04/2017,1,181
08/04/2017,2,147
08/04/2017,3,74
08/04/2017,4,40
08/04/2017,5,49
08/04/2017,6,167
08/04/2017,7,432
08/04/2017,8,933
08/04/2017,9,1466
08/04/2017,10,1949
08/04/2017,11,2516
08/04/2017,12,2971
08/04/2017,13,3281
08/04/2017,14,3260
08/04/2017,15,3392
08/04/2017,16,3434
08/04/2017,17,3156
08/04/2017,18,2605
08/04/2017,19,2079
08/04/2017,20,1244
08/04/2017,21,903
08/04/2017,22,750
08/04/2017,23,612
08/04/2018,0,375
08/04/2018,1,289
08/04/2018,2,164
08/04/2018,3,94
08/04/2018,4,59
08/04/2018,5,41
08/04/2018,6,100
08/04/2018,7,265
08/04/2018,8,668
08/04/2018,9,1165
08/04/2018,10,1655
08/04/2018,11,2182
08/04/2018,12,2664
08/04/2018,13,2683
08/04/2018,14,2716
08/04/2018,15,2730
08/04/2018,16,2482
08/04/2018,17,2131
08/04/2018,18,1921
08/04/2018,19,1539
08/04/2018,20,924
08/04/2018,21,706
08/04/2018,22,527
08/04/2018,23,330
08/05/2014,0,227
08/05/2014,1,90
08/05/2014,2,16
08/05/2014,3,7
08/05/2014,4,12
08/05/2014,5,36
08/05/2014,6,178
08/05/2014,7,359
08/05/2014,8,668
08/05/2014,9,549
08/05/2014,10,373
08/05/2014,11,577
08/05/2014,12,788
08/05/2014,13,839
08/05/2014,14,921
08/05/2014,15,1133
08/05/2014,16,1439
08/05/2014,17,2321
08/05/2014,18,2356
08/05/2014,19,1736
08/05/2014,20,1090
08/05/2014,21,815
08/05/2014,22,660
08/05/2014,23,429
08/05/2015,0,238
08/05/2015,1,124
08/05/2015,2,68
08/05/2015,3,50
08/05/2015,4,52
08/05/2015,5,167
08/05/2015,6,816
08/05/2015,7,1730
08/05/2015,8,3109
08/05/2015,9,2426
08/05/2015,10,1408
08/05/2015,11,1379
08/05/2015,12,1751
08/05/2015,13,1757
08/05/2015,14,1901
08/05/2015,15,2097
08/05/2015,16,2730
08/05/2015,17,3716
08/05/2015,18,3215
08/05/2015,19,2059
08/05/2015,20,1313
08/05/2015,21,853
08/05/2015,22,768
08/05/2015,23,577
08/05/2016,0,450
08/05/2016,1,289
08/05/2016,2,199
08/05/2016,3,100
08/05/2016,4,88
08/05/2016,5,46
08/05/2016,6,123
08/05/2016,7,119
08/05/2016,8,209
08/05/2016,9,643
08/05/2016,10,1075
08/05/2016,11,1915
08/05/2016,12,2401
08/05/2016,13,2859
08/05/2016,14,2950
08/05/2016,15,3231
08/05/2016,16,3182
08/05/2016,17,2981
08/05/2016,18,2708
08/05/2016,19,2150
08/05/2016,20,1423
08/05/2016,21,965
08/05/2016,22,662
08/05/2016,23,429
08/05/2017,0,226
08/05/2017,1,93
08/05/2017,2,51
08/05/2017,3,42
08/05/2017,4,73
08/05/2017,5,364
08/05/2017,6,1424
08/05/2017,7,2983
08/05/2017,8,5078
08/05/2017,9,3413
08/05/2017,10,1884
08/05/2017,11,1897
08/05/2017,12,2166
08/05/2017,13,2269
08/05/2017,14,2397
08/05/2017,15,2582
08/05/2017,16,3235
08/05/2017,17,5936
08/05/2017,18,5846
08/05/2017,19,3943
08/05/2017,20,2454
08/05/2017,21,1577
08/05/2017,22,1029
08/05/2017,23,591
08/05/2018,0,348
08/05/2018,1,154
08/05/2018,2,81
08/05/2018,3,52
08/05/2018,4,90
08/05/2018,5,541
08/05/2018,6,2039
08/05/2018,7,4543
08/05/2018,8,7404
08/05/2018,9,5071
08/05/2018,10,2860
08/05/2018,11,2999
08/05/2018,12,3448
08/05/2018,13,3419
08/05/2018,14,3578
08/05/2018,15,3811
08/05/2018,16,4797
08/05/2018,17,8182
08/05/2018,18,8063
08/05/2018,19,5157
08/05/2018,20,3260
08/05/2018,21,2176
08/05/2018,22,1413
08/05/2018,23,827
08/06/2014,0,626
08/06/2014,1,383
08/06/2014,2,285
08/06/2014,3,161
08/06/2014,4,112
08/06/2014,5,55
08/06/2014,6,137
08/06/2014,7,258
08/06/2014,8,591
08/06/2014,9,1116
08/06/2014,10,1604
08/06/2014,11,1944
08/06/2014,12,2232
08/06/2014,13,2517
08/06/2014,14,2583
08/06/2014,15,2590
08/06/2014,16,2577
08/06/2014,17,2462
08/06/2014,18,2367
08/06/2014,19,1864
08/06/2014,20,1389
08/06/2014,21,980
08/06/2014,22,792
08/06/2014,23,537
08/06/2015,0,219
08/06/2015,1,94
08/06/2015,2,63
08/06/2015,3,29
08/06/2015,4,44
08/06/2015,5,213
08/06/2015,6,884
08/06/2015,7,1855
08/06/2015,8,3218
08/06/2015,9,2231
08/06/2015,10,973
08/06/2015,11,1132
08/06/2015,12,1422
08/06/2015,13,1522
08/06/2015,14,1554
08/06/2015,15,1687
08/06/2015,16,2273
08/06/2015,17,4044
08/06/2015,18,4082
08/06/2015,19,2731
08/06/2015,20,1760
08/06/2015,21,942
08/06/2015,22,451
08/06/2015,23,162
08/06/2016,0,331
08/06/2016,1,141
08/06/2016,2,83
08/06/2016,3,51
08/06/2016,4,71
08/06/2016,5,337
08/06/2016,6,1428
08/06/2016,7,3137
08/06/2016,8,5494
08/06/2016,9,3754
08/06/2016,10,2037
08/06/2016,11,1890
08/06/2016,12,741
08/06/2016,13,169
08/06/2016,14,246
08/06/2016,15,793
08/06/2016,16,1873
08/06/2016,17,4690
08/06/2016,18,5527
08/06/2016,19,3720
08/06/2016,20,2438
08/06/2016,21,1515
08/06/2016,22,1125
08/06/2016,23,659
08/06/2017,0,457
08/06/2017,1,132
08/06/2017,2,71
08/06/2017,3,54
08/06/2017,4,73
08/06/2017,5,450
08/06/2017,6,1781
08/06/2017,7,3708
08/06/2017,8,6145
08/06/2017,9,4286
08/06/2017,10,2500
08/06/2017,11,2323
08/06/2017,12,2840
08/06/2017,13,2860
08/06/2017,14,2960
08/06/2017,15,3294
08/06/2017,16,4033
08/06/2017,17,6578
08/06/2017,18,6606
08/06/2017,19,4280
08/06/2017,20,2910
08/06/2017,21,1965
08/06/2017,22,1483
08/06/2017,23,864
08/07/2013,0,203
08/07/2013,1,119
08/07/2013,2,68
08/07/2013,3,35
08/07/2013,4,57
08/07/2013,5,155
08/07/2013,6,500
08/07/2013,7,1081
08/07/2013,8,1896
08/07/2013,9,1446
08/07/2013,10,798
08/07/2013,11,768
08/07/2013,12,1124
08/07/2013,13,1158
08/07/2013,14,1128
08/07/2013,15,1174
08/07/2013,16,1494
08/07/2013,17,2229
08/07/2013,18,1044
08/07/2013,19,1181
08/07/2013,20,1666
08/07/2013,21,1159
08/07/2013,22,684
08/07/2013,23,448
08/07/2014,0,229
08/07/2014,1,45
08/07/2014,2,41
08/07/2014,3,23
08/07/2014,4,45
08/07/2014,5,217
08/07/2014,6,949
08/07/2014,7,1869
08/07/2014,8,2927
08/07/2014,9,2404
08/07/2014,10,1237
08/07/2014,11,1087
08/07/2014,12,1291
08/07/2014,13,1404
08/07/2014,14,1302
08/07/2014,15,1559
08/07/2014,16,1813
08/07/2014,17,3298
08/07/2014,18,3903
08/07/2014,19,2734
08/07/2014,20,1968
08/07/2014,21,1302
08/07/2014,22,633
08/07/2014,23,433
08/07/2015,0,289
08/07/2015,1,118
08/07/2015,2,78
08/07/2015,3,39
08/07/2015,4,63
08/07/2015,5,273
08/07/2015,6,1051
08/07/2015,7,2092
08/07/2015,8,3670
08/07/2015,9,2645
08/07/2015,10,1402
08/07/2015,11,1311
08/07/2015,12,1518
08/07/2015,13,1536
08/07/2015,14,1547
08/07/2015,15,1696
08/07/2015,16,1653
08/07/2015,17,2695
08/07/2015,18,3828
08/07/2015,19,2706
08/07/2015,20,1921
08/07/2015,21,1341
08/07/2015,22,1003
08/07/2015,23,572
08/07/2016,0,475
08/07/2016,1,211
08/07/2016,2,134
08/07/2016,3,75
08/07/2016,4,89
08/07/2016,5,328
08/07/2016,6,1240
08/07/2016,7,2559
08/07/2016,8,4490
08/07/2016,9,3401
08/07/2016,10,1948
08/07/2016,11,1940
08/07/2016,12,2194
08/07/2016,13,2505
08/07/2016,14,2645
08/07/2016,15,2747
08/07/2016,16,3797
08/07/2016,17,4497
08/07/2016,18,1969
08/07/2016,19,2310
08/07/2016,20,1846
08/07/2016,21,1321
08/07/2016,22,922
08/07/2016,23,776
08/07/2017,0,636
08/07/2017,1,403
08/07/2017,2,290
08/07/2017,3,181
08/07/2017,4,121
08/07/2017,5,126
08/07/2017,6,368
08/07/2017,7,722
08/07/2017,8,1390
08/07/2017,9,2325
08/07/2017,10,3182
08/07/2017,11,3753
08/07/2017,12,4179
08/07/2017,13,4375
08/07/2017,14,4400
08/07/2017,15,4578
08/07/2017,16,4660
08/07/2017,17,4304
08/07/2017,18,3943
08/07/2017,19,3498
08/07/2017,20,2738
08/07/2017,21,1940
08/07/2017,22,1657
08/07/2017,23,1246
08/08/2013,0,350
08/08/2013,1,182
08/08/2013,2,37
08/08/2013,3,18
08/08/2013,4,42
08/08/2013,5,184
08/08/2013,6,790
08/08/2013,7,1521
08/08/2013,8,2905
08/08/2013,9,2169
08/08/2013,10,1269
08/08/2013,11,1227
08/08/2013,12,1565
08/08/2013,13,1587
08/08/2013,14,1352
08/08/2013,15,916
08/08/2013,16,1615
08/08/2013,17,2831
08/08/2013,18,1443
08/08/2013,19,1998
08/08/2013,20,1492
08/08/2013,21,1156
08/08/2013,22,1022
08/08/2013,23,695
08/08/2014,0,418
08/08/2014,1,215
08/08/2014,2,108
08/08/2014,3,73
08/08/2014,4,64
08/08/2014,5,203
08/08/2014,6,792
08/08/2014,7,1615
08/08/2014,8,2793
08/08/2014,9,2368
08/08/2014,10,1344
08/08/2014,11,1381
08/08/2014,12,1696
08/08/2014,13,1917
08/08/2014,14,2014
08/08/2014,15,2266
08/08/2014,16,2684
08/08/2014,17,3347
08/08/2014,18,2848
08/08/2014,19,1997
08/08/2014,20,1377
08/08/2014,21,1013
08/08/2014,22,850
08/08/2014,23,690
08/08/2015,0,491
08/08/2015,1,329
08/08/2015,2,258
08/08/2015,3,166
08/08/2015,4,94
08/08/2015,5,97
08/08/2015,6,181
08/08/2015,7,542
08/08/2015,8,1042
08/08/2015,9,1922
08/08/2015,10,2723
08/08/2015,11,3611
08/08/2015,12,3695
08/08/2015,13,2974
08/08/2015,14,2915
08/08/2015,15,3076
08/08/2015,16,2997
08/08/2015,17,2647
08/08/2015,18,2496
08/08/2015,19,2141
08/08/2015,20,1523
08/08/2015,21,1144
08/08/2015,22,898
08/08/2015,23,761
08/08/2016,0,368
08/08/2016,1,166
08/08/2016,2,65
08/08/2016,3,45
08/08/2016,4,63
08/08/2016,5,293
08/08/2016,6,1330
08/08/2016,7,2776
08/08/2016,8,4769
08/08/2016,9,3284
08/08/2016,10,1952
08/08/2016,11,1771
08/08/2016,12,2065
08/08/2016,13,2337
08/08/2016,14,2430
08/08/2016,15,2399
08/08/2016,16,3166
08/08/2016,17,5765
08/08/2016,18,6058
08/08/2016,19,4461
08/08/2016,20,2938
08/08/2016,21,1779
08/08/2016,22,1285
08/08/2016,23,697
08/08/2017,0,282
08/08/2017,1,124
08/08/2017,2,74
08/08/2017,3,56
08/08/2017,4,83
08/08/2017,5,526
08/08/2017,6,1874
08/08/2017,7,3335
08/08/2017,8,5250
08/08/2017,9,3897
08/08/2017,10,2220
08/08/2017,11,2233
08/08/2017,12,2785
08/08/2017,13,2932
08/08/2017,14,2902
08/08/2017,15,3101
08/08/2017,16,4164
08/08/2017,17,7294
08/08/2017,18,7837
08/08/2017,19,5432
08/08/2017,20,3717
08/08/2017,21,2436
08/08/2017,22,1727
08/08/2017,23,952
08/09/2013,0,666
08/09/2013,1,461
08/09/2013,2,303
08/09/2013,3,188
08/09/2013,4,111
08/09/2013,5,62
08/09/2013,6,114
08/09/2013,7,288
08/09/2013,8,573
08/09/2013,9,1141
08/09/2013,10,1697
08/09/2013,11,2230
08/09/2013,12,2762
08/09/2013,13,2672
08/09/2013,14,2698
08/09/2013,15,2674
08/09/2013,16,2983
08/09/2013,17,2909
08/09/2013,18,2598
08/09/2013,19,2109
08/09/2013,20,1469
08/09/2013,21,1076
08/09/2013,22,864
08/09/2013,23,548
08/09/2014,0,230
08/09/2014,1,89
08/09/2014,2,77
08/09/2014,3,28
08/09/2014,4,53
08/09/2014,5,214
08/09/2014,6,935
08/09/2014,7,1931
08/09/2014,8,3157
08/09/2014,9,2263
08/09/2014,10,1272
08/09/2014,11,1182
08/09/2014,12,1509
08/09/2014,13,1592
08/09/2014,14,1648
08/09/2014,15,1736
08/09/2014,16,2318
08/09/2014,17,3768
08/09/2014,18,3832
08/09/2014,19,2552
08/09/2014,20,1596
08/09/2014,21,1079
08/09/2014,22,829
08/09/2014,23,445
08/09/2015,0,295
08/09/2015,1,160
08/09/2015,2,74
08/09/2015,3,44
08/09/2015,4,56
08/09/2015,5,262
08/09/2015,6,1185
08/09/2015,7,2388
08/09/2015,8,3960
08/09/2015,9,2952
08/09/2015,10,1732
08/09/2015,11,1617
08/09/2015,12,1742
08/09/2015,13,1890
08/09/2015,14,1743
08/09/2015,15,1945
08/09/2015,16,2597
08/09/2015,17,4674
08/09/2015,18,4804
08/09/2015,19,3427
08/09/2015,20,2166
08/09/2015,21,1431
08/09/2015,22,1012
08/09/2015,23,610
08/09/2016,0,403
08/09/2016,1,235
08/09/2016,2,129
08/09/2016,3,57
08/09/2016,4,77
08/09/2016,5,411
08/09/2016,6,1593
08/09/2016,7,3665
08/09/2016,8,6201
08/09/2016,9,4193
08/09/2016,10,2345
08/09/2016,11,2335
08/09/2016,12,2655
08/09/2016,13,2695
08/09/2016,14,2833
08/09/2016,15,3131
08/09/2016,16,3907
08/09/2016,17,6330
08/09/2016,18,6570
08/09/2016,19,4553
08/09/2016,20,2816
08/09/2016,21,1919
08/09/2016,22,1532
08/09/2016,23,1011
08/09/2017,0,662
08/09/2017,1,281
08/09/2017,2,149
08/09/2017,3,86
08/09/2017,4,95
08/09/2017,5,450
08/09/2017,6,1714
08/09/2017,7,3948
08/09/2017,8,6800
08/09/2017,9,4821
08/09/2017,10,2776
08/09/2017,11,2853
08/09/2017,12,3242
08/09/2017,13,3568
08/09/2017,14,3688
08/09/2017,15,3940
08/09/2017,16,5221
08/09/2017,17,7513
08/09/2017,18,6728
08/09/2017,19,4324
08/09/2017,20,2536
08/09/2017,21,1712
08/09/2017,22,1385
08/09/2017,23,1082
08/10/2013,0,236
08/10/2013,1,114
08/10/2013,2,61
08/10/2013,3,29
08/10/2013,4,52
08/10/2013,5,203
08/10/2013,6,885
08/10/2013,7,2026
08/10/2013,8,3349
08/10/2013,9,2498
08/10/2013,10,1465
08/10/2013,11,1398
08/10/2013,12,1828
08/10/2013,13,1942
08/10/2013,14,1927
08/10/2013,15,2010
08/10/2013,16,2553
08/10/2013,17,4276
08/10/2013,18,4125
08/10/2013,19,2815
08/10/2013,20,1720
08/10/2013,21,1319
08/10/2013,22,963
08/10/2013,23,571
08/10/2014,0,97
08/10/2014,1,47
08/10/2014,2,44
08/10/2014,3,27
08/10/2014,4,50
08/10/2014,5,210
08/10/2014,6,923
08/10/2014,7,1869
08/10/2014,8,3161
08/10/2014,9,2504
08/10/2014,10,1358
08/10/2014,11,1270
08/10/2014,12,1593
08/10/2014,13,1607
08/10/2014,14,1703
08/10/2014,15,1770
08/10/2014,16,2201
08/10/2014,17,3557
08/10/2014,18,3541
08/10/2014,19,2337
08/10/2014,20,1457
08/10/2014,21,995
08/10/2014,22,772
08/10/2014,23,514
08/10/2015,0,388
08/10/2015,1,169
08/10/2015,2,89
08/10/2015,3,57
08/10/2015,4,71
08/10/2015,5,292
08/10/2015,6,1239
08/10/2015,7,2812
08/10/2015,8,5122
08/10/2015,9,3627
08/10/2015,10,2074
08/10/2015,11,1865
08/10/2015,12,2351
08/10/2015,13,2305
08/10/2015,14,2500
08/10/2015,15,2558
08/10/2015,16,3291
08/10/2015,17,5297
08/10/2015,18,5154
08/10/2015,19,3197
08/10/2015,20,2168
08/10/2015,21,1543
08/10/2015,22,1239
08/10/2015,23,771
08/10/2017,0,999
08/10/2017,1,670
08/10/2017,2,416
08/10/2017,3,270
08/10/2017,4,170
08/10/2017,5,122
08/10/2017,6,343
08/10/2017,7,545
08/10/2017,8,635
08/10/2017,9,748
08/10/2017,10,1547
08/10/2017,11,1271
08/10/2017,12,2449
08/10/2017,13,3074
08/10/2017,14,3423
08/10/2017,15,3829
08/10/2017,16,4171
08/10/2017,17,4100
08/10/2017,18,3770
08/10/2017,19,2721
08/10/2017,20,1996
08/10/2017,21,1609
08/10/2017,22,1319
08/10/2017,23,847
08/11/2013,0,287
08/11/2013,1,123
08/11/2013,2,78
08/11/2013,3,38
08/11/2013,4,51
08/11/2013,5,174
08/11/2013,6,748
08/11/2013,7,1653
08/11/2013,8,2907
08/11/2013,9,2204
08/11/2013,10,1249
08/11/2013,11,1269
08/11/2013,12,1448
08/11/2013,13,1536
08/11/2013,14,1568
08/11/2013,15,1699
08/11/2013,16,2041
08/11/2013,17,2754
08/11/2013,18,2518
08/11/2013,19,1640
08/11/2013,20,956
08/11/2013,21,731
08/11/2013,22,569
08/11/2013,23,445
08/11/2014,0,230
08/11/2014,1,170
08/11/2014,2,106
08/11/2014,3,62
08/11/2014,4,48
08/11/2014,5,28
08/11/2014,6,89
08/11/2014,7,249
08/11/2014,8,581
08/11/2014,9,898
08/11/2014,10,1155
08/11/2014,11,1402
08/11/2014,12,1538
08/11/2014,13,1569
08/11/2014,14,1545
08/11/2014,15,1596
08/11/2014,16,1470
08/11/2014,17,1128
08/11/2014,18,947
08/11/2014,19,806
08/11/2014,20,593
08/11/2014,21,450
08/11/2014,22,409
08/11/2014,23,374
08/11/2015,0,519
08/11/2015,1,362
08/11/2015,2,213
08/11/2015,3,152
08/11/2015,4,70
08/11/2015,5,48
08/11/2015,6,111
08/11/2015,7,285
08/11/2015,8,798
08/11/2015,9,1337
08/11/2015,10,2058
08/11/2015,11,2588
08/11/2015,12,3075
08/11/2015,13,3124
08/11/2015,14,3132
08/11/2015,15,3002
08/11/2015,16,2944
08/11/2015,17,2245
08/11/2015,18,1927
08/11/2015,19,1404
08/11/2015,20,987
08/11/2015,21,846
08/11/2015,22,623
08/11/2015,23,467
08/11/2017,0,184
08/11/2017,1,100
08/11/2017,2,72
08/11/2017,3,41
08/11/2017,4,84
08/11/2017,5,416
08/11/2017,6,1650
08/11/2017,7,3592
08/11/2017,8,5612
08/11/2017,9,3931
08/11/2017,10,2122
08/11/2017,11,1964
08/11/2017,12,2435
08/11/2017,13,2449
08/11/2017,14,2487
08/11/2017,15,2767
08/11/2017,16,3422
08/11/2017,17,5470
08/11/2017,18,5609
08/11/2017,19,3568
08/11/2017,20,2427
08/11/2017,21,1737
08/11/2017,22,1298
08/11/2017,23,774
08/12/2013,0,261
08/12/2013,1,229
08/12/2013,2,148
08/12/2013,3,74
08/12/2013,4,44
08/12/2013,5,31
08/12/2013,6,56
08/12/2013,7,115
08/12/2013,8,296
08/12/2013,9,535
08/12/2013,10,756
08/12/2013,11,957
08/12/2013,12,1033
08/12/2013,13,1082
08/12/2013,14,1009
08/12/2013,15,981
08/12/2013,16,833
08/12/2013,17,383
08/12/2013,18,349
08/12/2013,19,283
08/12/2013,20,230
08/12/2013,21,171
08/12/2013,22,156
08/12/2013,23,78
08/12/2014,0,84
08/12/2014,1,29
08/12/2014,2,31
08/12/2014,3,19
08/12/2014,4,22
08/12/2014,5,134
08/12/2014,6,504
08/12/2014,7,970
08/12/2014,8,1649
08/12/2014,9,1219
08/12/2014,10,573
08/12/2014,11,508
08/12/2014,12,590
08/12/2014,13,615
08/12/2014,14,686
08/12/2014,15,751
08/12/2014,16,978
08/12/2014,17,1663
08/12/2014,18,1709
08/12/2014,19,1049
08/12/2014,20,737
08/12/2014,21,481
08/12/2014,22,360
08/12/2014,23,196
08/12/2015,0,187
08/12/2015,1,105
08/12/2015,2,38
08/12/2015,3,20
08/12/2015,4,51
08/12/2015,5,278
08/12/2015,6,1054
08/12/2015,7,2379
08/12/2015,8,4169
08/12/2015,9,2785
08/12/2015,10,1490
08/12/2015,11,1267
08/12/2015,12,1374
08/12/2015,13,1568
08/12/2015,14,1675
08/12/2015,15,1740
08/12/2015,16,2120
08/12/2015,17,3457
08/12/2015,18,3589
08/12/2015,19,2410
08/12/2015,20,1630
08/12/2015,21,1056
08/12/2015,22,721
08/12/2015,23,451
08/12/2017,0,357
08/12/2017,1,157
08/12/2017,2,89
08/12/2017,3,45
08/12/2017,4,74
08/12/2017,5,332
08/12/2017,6,1140
08/12/2017,7,2566
08/12/2017,8,4673
08/12/2017,9,3336
08/12/2017,10,1909
08/12/2017,11,1687
08/12/2017,12,2010
08/12/2017,13,2011
08/12/2017,14,2114
08/12/2017,15,2380
08/12/2017,16,2907
08/12/2017,17,3959
08/12/2017,18,3438
08/12/2017,19,2201
08/12/2017,20,1436
08/12/2017,21,998
08/12/2017,22,841
08/12/2017,23,670
09/01/2014,0,64
09/01/2014,1,19
09/01/2014,2,16
09/01/2014,3,4
09/01/2014,4,14
09/01/2014,5,72
09/01/2014,6,344
09/01/2014,7,743
09/01/2014,8,1379
09/01/2014,9,1077
09/01/2014,10,490
09/01/2014,11,413
09/01/2014,12,535
09/01/2014,13,589
09/01/2014,14,677
09/01/2014,15,670
09/01/2014,16,809
09/01/2014,17,1494
09/01/2014,18,1484
09/01/2014,19,970
09/01/2014,20,584
09/01/2014,21,409
09/01/2014,22,307
09/01/2014,23,191
09/01/2015,0,72
09/01/2015,1,32
09/01/2015,2,25
09/01/2015,3,9
09/01/2015,4,16
09/01/2015,5,98
09/01/2015,6,356
09/01/2015,7,206
09/01/2015,8,347
09/01/2015,9,386
09/01/2015,10,234
09/01/2015,11,245
09/01/2015,12,315
09/01/2015,13,415
09/01/2015,14,478
09/01/2015,15,523
09/01/2015,16,723
09/01/2015,17,1004
09/01/2015,18,969
09/01/2015,19,566
09/01/2015,20,369
09/01/2015,21,234
09/01/2015,22,182
09/01/2015,23,126
09/01/2016,0,264
09/01/2016,1,212
09/01/2016,2,117
09/01/2016,3,85
09/01/2016,4,57
09/01/2016,5,45
09/01/2016,6,121
09/01/2016,7,268
09/01/2016,8,582
09/01/2016,9,1116
09/01/2016,10,1374
09/01/2016,11,1649
09/01/2016,12,1560
09/01/2016,13,1738
09/01/2016,14,1805
09/01/2016,15,1928
09/01/2016,16,1871
09/01/2016,17,1464
09/01/2016,18,1309
09/01/2016,19,1083
09/01/2016,20,772
09/01/2016,21,538
09/01/2016,22,488
09/01/2016,23,400
09/01/2018,0,111
09/01/2018,1,36
09/01/2018,2,27
09/01/2018,3,14
09/01/2018,4,39
09/01/2018,5,228
09/01/2018,6,718
09/01/2018,7,1551
09/01/2018,8,2794
09/01/2018,9,2019
09/01/2018,10,1002
09/01/2018,11,805
09/01/2018,12,977
09/01/2018,13,1068
09/01/2018,14,1190
09/01/2018,15,1245
09/01/2018,16,1660
09/01/2018,17,2766
09/01/2018,18,2658
09/01/2018,19,1727
09/01/2018,20,1063
09/01/2018,21,684
09/01/2018,22,477
09/01/2018,23,232
09/02/2014,0,90
09/02/2014,1,67
09/02/2014,2,48
09/02/2014,3,31
09/02/2014,4,15
09/02/2014,5,19
09/02/2014,6,26
09/02/2014,7,52
09/02/2014,8,123
09/02/2014,9,216
09/02/2014,10,358
09/02/2014,11,441
09/02/2014,12,512
09/02/2014,13,454
09/02/2014,14,479
09/02/2014,15,504
09/02/2014,16,522
09/02/2014,17,463
09/02/2014,18,217
09/02/2014,19,103
09/02/2014,20,66
09/02/2014,21,69
09/02/2014,22,71
09/02/2014,23,50
09/02/2015,0,53
09/02/2015,1,24
09/02/2015,2,10
09/02/2015,3,5
09/02/2015,4,19
09/02/2015,5,68
09/02/2015,6,109
09/02/2015,7,179
09/02/2015,8,386
09/02/2015,9,418
09/02/2015,10,142
09/02/2015,11,153
09/02/2015,12,197
09/02/2015,13,218
09/02/2015,14,247
09/02/2015,15,299
09/02/2015,16,376
09/02/2015,17,624
09/02/2015,18,619
09/02/2015,19,413
09/02/2015,20,235
09/02/2015,21,168
09/02/2015,22,121
09/02/2015,23,77
09/02/2016,0,90
09/02/2016,1,41
09/02/2016,2,22
09/02/2016,3,13
09/02/2016,4,33
09/02/2016,5,182
09/02/2016,6,690
09/02/2016,7,1400
09/02/2016,8,2572
09/02/2016,9,1791
09/02/2016,10,904
09/02/2016,11,777
09/02/2016,12,840
09/02/2016,13,934
09/02/2016,14,980
09/02/2016,15,1061
09/02/2016,16,1379
09/02/2016,17,2427
09/02/2016,18,2402
09/02/2016,19,1687
09/02/2016,20,992
09/02/2016,21,740
09/02/2016,22,495
09/02/2016,23,289
09/02/2018,0,157
09/02/2018,1,75
09/02/2018,2,39
09/02/2018,3,36
09/02/2018,4,58
09/02/2018,5,259
09/02/2018,6,924
09/02/2018,7,1969
09/02/2018,8,3569
09/02/2018,9,2474
09/02/2018,10,1267
09/02/2018,11,1250
09/02/2018,12,1423
09/02/2018,13,1563
09/02/2018,14,1584
09/02/2018,15,1779
09/02/2018,16,2237
09/02/2018,17,3309
09/02/2018,18,2691
09/02/2018,19,1788
09/02/2018,20,1178
09/02/2018,21,796
09/02/2018,22,633
09/02/2018,23,509
09/03/2014,0,227
09/03/2014,1,159
09/03/2014,3,122
09/03/2014,4,87
09/03/2014,5,48
09/03/2014,6,34
09/03/2014,7,85
09/03/2014,8,213
09/03/2014,9,346
09/03/2014,10,576
09/03/2014,11,768
09/03/2014,12,954
09/03/2014,13,1090
09/03/2014,14,1096
09/03/2014,15,1207
09/03/2014,16,1232
09/03/2014,17,1133
09/03/2014,18,994
09/03/2014,19,698
09/03/2014,20,469
09/03/2014,21,331
09/03/2014,22,247
09/03/2014,23,146
09/03/2015,0,77
09/03/2015,1,33
09/03/2015,2,18
09/03/2015,3,22
09/03/2015,4,19
09/03/2015,5,88
09/03/2015,6,265
09/03/2015,7,446
09/03/2015,8,1108
09/03/2015,9,1034
09/03/2015,10,537
09/03/2015,11,514
09/03/2015,12,584
09/03/2015,13,621
09/03/2015,14,720
09/03/2015,15,849
09/03/2015,16,1012
09/03/2015,17,1933
09/03/2015,18,2002
09/03/2015,19,1207
09/03/2015,20,724
09/03/2015,21,528
09/03/2015,22,319
09/03/2015,23,218
09/03/2016,0,222
09/03/2016,1,86
09/03/2016,2,51
09/03/2016,3,22
09/03/2016,4,50
09/03/2016,5,271
09/03/2016,6,1130
09/03/2016,7,2334
09/03/2016,8,4347
09/03/2016,9,2910
09/03/2016,10,1462
09/03/2016,11,1493
09/03/2016,12,1878
09/03/2016,13,1959
09/03/2016,14,2067
09/03/2016,15,2195
09/03/2016,16,2864
09/03/2016,17,4553
09/03/2016,18,4213
09/03/2016,19,2724
09/03/2016,20,1862
09/03/2016,21,1313
09/03/2016,22,890
09/03/2016,23,594
09/03/2018,0,262
09/03/2018,1,118
09/03/2018,2,54
09/03/2018,3,29
09/03/2018,4,42
09/03/2018,5,252
09/03/2018,6,931
09/03/2018,7,2055
09/03/2018,8,3826
09/03/2018,9,2649
09/03/2018,10,1544
09/03/2018,11,1465
09/03/2018,12,1725
09/03/2018,13,1697
09/03/2018,14,1906
09/03/2018,15,1955
09/03/2018,16,2601
09/03/2018,17,3714
09/03/2018,18,3064
09/03/2018,19,1958
09/03/2018,20,1200
09/03/2018,21,795
09/03/2018,22,574
09/03/2018,23,496
09/04/2014,0,146
09/04/2014,1,76
09/04/2014,2,40
09/04/2014,3,13
09/04/2014,4,37
09/04/2014,5,157
09/04/2014,6,694
09/04/2014,7,1443
09/04/2014,8,2779
09/04/2014,9,1997
09/04/2014,10,1080
09/04/2014,11,967
09/04/2014,12,1189
09/04/2014,13,1266
09/04/2014,14,1311
09/04/2014,15,1368
09/04/2014,16,1733
09/04/2014,17,3004
09/04/2014,18,2906
09/04/2014,19,1919
09/04/2014,20,1111
09/04/2014,21,794
09/04/2014,22,570
09/04/2014,23,331
09/04/2015,0,83
09/04/2015,1,42
09/04/2015,2,16
09/04/2015,3,7
09/04/2015,4,21
09/04/2015,5,127
09/04/2015,6,492
09/04/2015,7,912
09/04/2015,8,1713
09/04/2015,9,1334
09/04/2015,10,705
09/04/2015,11,584
09/04/2015,12,731
09/04/2015,13,639
09/04/2015,14,778
09/04/2015,15,757
09/04/2015,16,1041
09/04/2015,17,1805
09/04/2015,18,1811
09/04/2015,19,1127
09/04/2015,20,711
09/04/2015,21,488
09/04/2015,22,377
09/04/2015,23,245
09/04/2016,0,356
09/04/2016,1,179
09/04/2016,2,127
09/04/2016,3,92
09/04/2016,4,57
09/04/2016,5,46
09/04/2016,6,137
09/04/2016,7,318
09/04/2016,8,633
09/04/2016,9,1038
09/04/2016,10,1243
09/04/2016,11,1531
09/04/2016,12,1065
09/04/2016,13,499
09/04/2016,14,394
09/04/2016,15,365
09/04/2016,16,494
09/04/2016,17,635
09/04/2016,18,802
09/04/2016,19,824
09/04/2016,20,642
09/04/2016,21,473
09/04/2016,22,420
09/04/2016,23,332
09/04/2017,0,435
09/04/2017,1,291
09/04/2017,2,227
09/04/2017,3,103
09/04/2017,4,53
09/04/2017,5,41
09/04/2017,6,153
09/04/2017,7,393
09/04/2017,8,811
09/04/2017,9,1436
09/04/2017,10,2307
09/04/2017,11,2973
09/04/2017,12,3812
09/04/2017,13,4211
09/04/2017,14,4499
09/04/2017,15,4714
09/04/2017,16,4304
09/04/2017,17,3978
09/04/2017,18,3261
09/04/2017,19,2287
09/04/2017,20,1487
09/04/2017,21,926
09/04/2017,22,731
09/04/2017,23,463
09/04/2018,0,161
09/04/2018,1,78
09/04/2018,2,51
09/04/2018,3,33
09/04/2018,4,45
09/04/2018,5,305
09/04/2018,6,1082
09/04/2018,7,2390
09/04/2018,8,4232
09/04/2018,9,2953
09/04/2018,10,1490
09/04/2018,11,1410
09/04/2018,12,1719
09/04/2018,13,1782
09/04/2018,14,1927
09/04/2018,15,2121
09/04/2018,16,2735
09/04/2018,17,4614
09/04/2018,18,4376
09/04/2018,19,2815
09/04/2018,20,1832
09/04/2018,21,1199
09/04/2018,22,761
09/04/2018,23,398
09/05/2014,0,261
09/05/2014,1,157
09/05/2014,2,71
09/05/2014,3,15
09/05/2014,4,28
09/05/2014,5,117
09/05/2014,6,490
09/05/2014,7,881
09/05/2014,8,1949
09/05/2014,9,1786
09/05/2014,10,1055
09/05/2014,11,935
09/05/2014,12,1052
09/05/2014,13,1258
09/05/2014,14,1353
09/05/2014,15,1439
09/05/2014,16,1930
09/05/2014,17,2562
09/05/2014,18,1936
09/05/2014,19,1143
09/05/2014,20,761
09/05/2014,21,536
09/05/2014,22,507
09/05/2014,23,419
09/05/2015,0,434
09/05/2015,1,266
09/05/2015,2,174
09/05/2015,3,91
09/05/2015,4,92
09/05/2015,5,64
09/05/2015,6,138
09/05/2015,7,330
09/05/2015,8,697
09/05/2015,9,1075
09/05/2015,10,1408
09/05/2015,11,1681
09/05/2015,12,1836
09/05/2015,13,2046
09/05/2015,14,2006
09/05/2015,15,2001
09/05/2015,16,2055
09/05/2015,17,1909
09/05/2015,18,1760
09/05/2015,19,1391
09/05/2015,20,952
09/05/2015,21,744
09/05/2015,22,667
09/05/2015,23,512
09/05/2016,0,235
09/05/2016,1,91
09/05/2016,2,49
09/05/2016,3,57
09/05/2016,4,55
09/05/2016,5,253
09/05/2016,6,1100
09/05/2016,7,2442
09/05/2016,8,4506
09/05/2016,9,3137
09/05/2016,10,1802
09/05/2016,11,1756
09/05/2016,12,2067
09/05/2016,13,2210
09/05/2016,14,2176
09/05/2016,15,2282
09/05/2016,16,2943
09/05/2016,17,5053
09/05/2016,18,5175
09/05/2016,19,3492
09/05/2016,20,2093
09/05/2016,21,1388
09/05/2016,22,850
09/05/2016,23,512
09/05/2017,0,263
09/05/2017,1,116
09/05/2017,2,52
09/05/2017,3,49
09/05/2017,4,63
09/05/2017,5,430
09/05/2017,6,1587
09/05/2017,7,3383
09/05/2017,8,5958
09/05/2017,9,4154
09/05/2017,10,2212
09/05/2017,11,1999
09/05/2017,12,2325
09/05/2017,13,2551
09/05/2017,14,2696
09/05/2017,15,2723
09/05/2017,16,3446
09/05/2017,17,6254
09/05/2017,18,6310
09/05/2017,19,4039
09/05/2017,20,2409
09/05/2017,21,1541
09/05/2017,22,1252
09/05/2017,23,649
09/05/2018,0,395
09/05/2018,1,212
09/05/2018,2,118
09/05/2018,3,68
09/05/2018,4,99
09/05/2018,5,563
09/05/2018,6,2095
09/05/2018,7,4722
09/05/2018,8,7640
09/05/2018,9,5232
09/05/2018,10,3043
09/05/2018,11,3101
09/05/2018,12,3628
09/05/2018,13,3842
09/05/2018,14,3957
09/05/2018,15,4045
09/05/2018,16,5090
09/05/2018,17,8330
09/05/2018,18,8471
09/05/2018,19,5550
09/05/2018,20,3488
09/05/2018,21,2111
09/05/2018,22,1637
09/05/2018,23,1021
09/06/2014,0,259
09/06/2014,1,108
09/06/2014,2,57
09/06/2014,3,32
09/06/2014,4,20
09/06/2014,5,33
09/06/2014,6,121
09/06/2014,7,200
09/06/2014,8,276
09/06/2014,9,205
09/06/2014,10,287
09/06/2014,11,400
09/06/2014,12,754
09/06/2014,13,970
09/06/2014,14,1126
09/06/2014,15,1313
09/06/2014,16,1637
09/06/2014,17,2705
09/06/2014,18,2836
09/06/2014,19,1976
09/06/2014,20,1274
09/06/2014,21,869
09/06/2014,22,708
09/06/2014,23,445
09/06/2015,0,94
09/06/2015,1,71
09/06/2015,2,34
09/06/2015,3,22
09/06/2015,4,33
09/06/2015,5,227
09/06/2015,6,945
09/06/2015,7,1679
09/06/2015,8,3088
09/06/2015,9,2256
09/06/2015,10,1255
09/06/2015,11,1254
09/06/2015,12,1460
09/06/2015,13,1610
09/06/2015,14,1674
09/06/2015,15,1715
09/06/2015,16,2287
09/06/2015,17,3976
09/06/2015,18,4226
09/06/2015,19,2830
09/06/2015,20,1989
09/06/2015,21,1266
09/06/2015,22,918
09/06/2015,23,503
09/06/2016,0,346
09/06/2016,1,147
09/06/2016,2,84
09/06/2016,3,42
09/06/2016,4,69
09/06/2016,5,312
09/06/2016,6,1351
09/06/2016,7,2976
09/06/2016,8,5158
09/06/2016,9,3648
09/06/2016,10,2069
09/06/2016,11,1984
09/06/2016,12,2381
09/06/2016,13,2412
09/06/2016,14,2474
09/06/2016,15,2680
09/06/2016,16,3372
09/06/2016,17,5570
09/06/2016,18,5673
09/06/2016,19,3793
09/06/2016,20,2509
09/06/2016,21,1690
09/06/2016,22,1297
09/06/2016,23,868
09/06/2017,0,482
09/06/2017,1,250
09/06/2017,2,148
09/06/2017,3,73
09/06/2017,4,78
09/06/2017,5,398
09/06/2017,6,1549
09/06/2017,7,3420
09/06/2017,8,5977
09/06/2017,9,4323
09/06/2017,10,2626
09/06/2017,11,2675
09/06/2017,12,3259
09/06/2017,13,3536
09/06/2017,14,3893
09/06/2017,15,4364
09/06/2017,16,5261
09/06/2017,17,6877
09/06/2017,18,5780
09/06/2017,19,4104
09/06/2017,20,2906
09/06/2017,21,1877
09/06/2017,22,1496
09/06/2017,23,1154
09/07/2013,0,236
09/07/2013,1,107
09/07/2013,2,57
09/07/2013,3,32
09/07/2013,4,32
09/07/2013,5,161
09/07/2013,6,656
09/07/2013,7,1268
09/07/2013,8,2362
09/07/2013,9,1777
09/07/2013,10,927
09/07/2013,11,951
09/07/2013,12,1157
09/07/2013,13,1149
09/07/2013,14,1082
09/07/2013,15,1173
09/07/2013,16,1547
09/07/2013,17,2837
09/07/2013,18,3249
09/07/2013,19,2427
09/07/2013,20,1161
09/07/2013,21,1030
09/07/2013,22,772
09/07/2013,23,491
09/07/2014,0,245
09/07/2014,1,124
09/07/2014,2,68
09/07/2014,3,36
09/07/2014,4,49
09/07/2014,5,200
09/07/2014,6,1037
09/07/2014,7,1826
09/07/2014,8,3294
09/07/2014,9,2479
09/07/2014,10,1365
09/07/2014,11,1228
09/07/2014,12,1325
09/07/2014,13,1470
09/07/2014,14,1454
09/07/2014,15,1713
09/07/2014,16,1953
09/07/2014,17,3196
09/07/2014,18,3466
09/07/2014,19,3060
09/07/2014,20,1845
09/07/2014,21,1339
09/07/2014,22,994
09/07/2014,23,660
09/07/2015,0,347
09/07/2015,1,152
09/07/2015,2,81
09/07/2015,3,40
09/07/2015,4,40
09/07/2015,5,271
09/07/2015,6,1021
09/07/2015,7,1774
09/07/2015,8,1530
09/07/2015,9,2287
09/07/2015,10,1368
09/07/2015,11,1301
09/07/2015,12,1631
09/07/2015,13,1660
09/07/2015,14,1693
09/07/2015,15,1798
09/07/2015,16,2397
09/07/2015,17,3868
09/07/2015,18,3768
09/07/2015,19,2729
09/07/2015,20,1152
09/07/2015,21,201
09/07/2015,22,419
09/07/2015,23,450
09/07/2016,0,628
09/07/2016,1,422
09/07/2016,2,260
09/07/2016,3,200
09/07/2016,4,104
09/07/2016,5,107
09/07/2016,6,290
09/07/2016,7,521
09/07/2016,8,1053
09/07/2016,9,1540
09/07/2016,10,2232
09/07/2016,11,2652
09/07/2016,12,3160
09/07/2016,13,3405
09/07/2016,14,3487
09/07/2016,15,3438
09/07/2016,16,3401
09/07/2016,17,3110
09/07/2016,18,2691
09/07/2016,19,2320
09/07/2016,20,1495
09/07/2016,21,991
09/07/2016,22,411
09/07/2016,23,224
09/07/2017,0,909
09/07/2017,1,613
09/07/2017,2,365
09/07/2017,3,241
09/07/2017,4,158
09/07/2017,5,118
09/07/2017,6,289
09/07/2017,7,550
09/07/2017,8,1199
09/07/2017,9,1994
09/07/2017,10,2943
09/07/2017,11,3807
09/07/2017,12,4386
09/07/2017,13,4504
09/07/2017,14,4866
09/07/2017,15,4736
09/07/2017,16,4836
09/07/2017,17,4836
09/07/2017,18,4532
09/07/2017,19,3824
09/07/2017,20,3057
09/07/2017,21,2087
09/07/2017,22,1438
09/07/2017,23,830
09/08/2013,0,414
09/08/2013,1,218
09/08/2013,2,93
09/08/2013,3,62
09/08/2013,4,44
09/08/2013,5,122
09/08/2013,6,222
09/08/2013,7,990
09/08/2013,8,2434
09/08/2013,9,2084
09/08/2013,10,1194
09/08/2013,11,1138
09/08/2013,12,1427
09/08/2013,13,1664
09/08/2013,14,1848
09/08/2013,15,1974
09/08/2013,16,2442
09/08/2013,17,2561
09/08/2013,18,2578
09/08/2013,19,1880
09/08/2013,20,1213
09/08/2013,21,961
09/08/2013,22,779
09/08/2013,23,675
09/08/2014,0,478
09/08/2014,1,324
09/08/2014,2,241
09/08/2014,3,155
09/08/2014,4,105
09/08/2014,5,70
09/08/2014,6,178
09/08/2014,7,452
09/08/2014,8,914
09/08/2014,9,1626
09/08/2014,10,2232
09/08/2014,11,2612
09/08/2014,12,2811
09/08/2014,13,2524
09/08/2014,14,2514
09/08/2014,15,2360
09/08/2014,16,2399
09/08/2014,17,2146
09/08/2014,18,2053
09/08/2014,19,1710
09/08/2014,20,1260
09/08/2014,21,1018
09/08/2014,22,811
09/08/2014,23,643
09/08/2015,0,532
09/08/2015,1,372
09/08/2015,2,242
09/08/2015,3,126
09/08/2015,4,99
09/08/2015,5,54
09/08/2015,6,158
09/08/2015,7,295
09/08/2015,8,605
09/08/2015,9,1101
09/08/2015,10,1685
09/08/2015,11,2175
09/08/2015,12,2440
09/08/2015,13,2583
09/08/2015,14,2767
09/08/2015,15,2791
09/08/2015,16,2792
09/08/2015,17,2728
09/08/2015,18,2706
09/08/2015,19,2307
09/08/2015,20,1619
09/08/2015,21,1152
09/08/2015,22,855
09/08/2015,23,532
09/08/2016,0,389
09/08/2016,1,154
09/08/2016,2,97
09/08/2016,3,45
09/08/2016,4,72
09/08/2016,5,423
09/08/2016,6,1614
09/08/2016,7,3161
09/08/2016,8,5453
09/08/2016,9,3674
09/08/2016,10,2089
09/08/2016,11,1983
09/08/2016,12,2277
09/08/2016,13,2487
09/08/2016,14,2289
09/08/2016,15,2480
09/08/2016,16,3305
09/08/2016,17,6029
09/08/2016,18,6242
09/08/2016,19,4565
09/08/2016,20,2966
09/08/2016,21,2068
09/08/2016,22,1415
09/08/2016,23,835
09/08/2017,0,501
09/08/2017,1,215
09/08/2017,2,103
09/08/2017,3,62
09/08/2017,4,97
09/08/2017,5,528
09/08/2017,6,1951
09/08/2017,7,3751
09/08/2017,8,6208
09/08/2017,9,4362
09/08/2017,10,2540
09/08/2017,11,2537
09/08/2017,12,2934
09/08/2017,13,3091
09/08/2017,14,2960
09/08/2017,15,3151
09/08/2017,16,4124
09/08/2017,17,7224
09/08/2017,18,7388
09/08/2017,19,5346
09/08/2017,20,3514
09/08/2017,21,2498
09/08/2017,22,1735
09/08/2017,23,1064
09/09/2013,0,242
09/09/2013,1,108
09/09/2013,2,51
09/09/2013,3,36
09/09/2013,4,40
09/09/2013,5,198
09/09/2013,6,884
09/09/2013,7,1954
09/09/2013,8,2954
09/09/2013,9,2247
09/09/2013,10,1367
09/09/2013,11,1387
09/09/2013,12,1614
09/09/2013,13,1695
09/09/2013,14,1658
09/09/2013,15,1807
09/09/2013,16,2343
09/09/2013,17,3835
09/09/2013,18,4014
09/09/2013,19,2649
09/09/2013,20,1568
09/09/2013,21,1305
09/09/2013,22,921
09/09/2013,23,517
09/09/2014,0,219
09/09/2014,1,98
09/09/2014,2,53
09/09/2014,3,28
09/09/2014,4,63
09/09/2014,5,233
09/09/2014,6,1054
09/09/2014,7,2216
09/09/2014,8,3568
09/09/2014,9,2495
09/09/2014,10,1387
09/09/2014,11,1401
09/09/2014,12,1682
09/09/2014,13,1560
09/09/2014,14,1510
09/09/2014,15,877
09/09/2014,16,1815
09/09/2014,17,3643
09/09/2014,18,3824
09/09/2014,19,2491
09/09/2014,20,1710
09/09/2014,21,1190
09/09/2014,22,865
09/09/2014,23,536
09/09/2015,0,325
09/09/2015,1,143
09/09/2015,2,93
09/09/2015,3,42
09/09/2015,4,58
09/09/2015,5,276
09/09/2015,6,1276
09/09/2015,7,2636
09/09/2015,8,4564
09/09/2015,9,3289
09/09/2015,10,1820
09/09/2015,11,1696
09/09/2015,12,1927
09/09/2015,13,1842
09/09/2015,14,2045
09/09/2015,15,2027
09/09/2015,16,2016
09/09/2015,17,4386
09/09/2015,18,4768
09/09/2015,19,3463
09/09/2015,20,2204
09/09/2015,21,1573
09/09/2015,22,918
09/09/2015,23,618
09/09/2016,0,616
09/09/2016,1,273
09/09/2016,2,121
09/09/2016,3,77
09/09/2016,4,84
09/09/2016,5,376
09/09/2016,6,1388
09/09/2016,7,3150
09/09/2016,8,5564
09/09/2016,9,3922
09/09/2016,10,2418
09/09/2016,11,2358
09/09/2016,12,2760
09/09/2016,13,2935
09/09/2016,14,3156
09/09/2016,15,3278
09/09/2016,16,4274
09/09/2016,17,5978
09/09/2016,18,5209
09/09/2016,19,3475
09/09/2016,20,2074
09/09/2016,21,1367
09/09/2016,22,1074
09/09/2016,23,886
09/09/2017,0,788
09/09/2017,1,488
09/09/2017,2,314
09/09/2017,3,191
09/09/2017,4,131
09/09/2017,5,99
09/09/2017,6,355
09/09/2017,7,806
09/09/2017,8,1693
09/09/2017,9,2589
09/09/2017,10,3609
09/09/2017,11,4521
09/09/2017,12,5247
09/09/2017,13,5262
09/09/2017,14,5254
09/09/2017,15,5301
09/09/2017,16,5148
09/09/2017,17,4597
09/09/2017,18,4214
09/09/2017,19,3307
09/09/2017,20,2251
09/09/2017,21,1623
09/09/2017,22,1271
09/09/2017,23,1096
09/10/2013,0,273
09/10/2013,1,133
09/10/2013,2,60
09/10/2013,3,33
09/10/2013,4,60
09/10/2013,5,222
09/10/2013,6,927
09/10/2013,7,2055
09/10/2013,8,3622
09/10/2013,9,2593
09/10/2013,10,1475
09/10/2013,11,1310
09/10/2013,12,1637
09/10/2013,13,1787
09/10/2013,14,1757
09/10/2013,15,1893
09/10/2013,16,2403
09/10/2013,17,3886
09/10/2013,18,3693
09/10/2013,19,2551
09/10/2013,20,1787
09/10/2013,21,1284
09/10/2013,22,907
09/10/2013,23,621
09/10/2014,0,245
09/10/2014,1,125
09/10/2014,2,66
09/10/2014,3,40
09/10/2014,4,40
09/10/2014,5,184
09/10/2014,6,805
09/10/2014,7,1641
09/10/2014,8,2974
09/10/2014,9,2322
09/10/2014,10,1372
09/10/2014,11,1278
09/10/2014,12,1566
09/10/2014,13,1643
09/10/2014,14,1662
09/10/2014,15,1771
09/10/2014,16,2106
09/10/2014,17,3306
09/10/2014,18,3311
09/10/2014,19,2127
09/10/2014,20,1425
09/10/2014,21,1013
09/10/2014,22,733
09/10/2014,23,448
09/10/2015,0,476
09/10/2015,1,241
09/10/2015,2,137
09/10/2015,3,74
09/10/2015,4,77
09/10/2015,5,277
09/10/2015,6,1114
09/10/2015,7,2475
09/10/2015,8,4677
09/10/2015,9,3292
09/10/2015,10,1918
09/10/2015,11,1944
09/10/2015,12,2330
09/10/2015,13,2511
09/10/2015,14,2747
09/10/2015,15,2929
09/10/2015,16,3149
09/10/2015,17,1916
09/10/2015,18,534
09/10/2015,19,1139
09/10/2015,20,1036
09/10/2015,21,860
09/10/2015,22,737
09/10/2015,23,693
09/10/2017,0,459
09/10/2017,1,303
09/10/2017,2,149
09/10/2017,3,76
09/10/2017,4,86
09/10/2017,5,214
09/10/2017,6,916
09/10/2017,7,2008
09/10/2017,8,4187
09/10/2017,9,3441
09/10/2017,10,1539
09/10/2017,11,1014
09/10/2017,12,738
09/10/2017,13,737
09/10/2017,14,1302
09/10/2017,15,1515
09/10/2017,16,2202
09/10/2017,17,4240
09/10/2017,18,4130
09/10/2017,19,3351
09/10/2017,20,2163
09/10/2017,21,1643
09/10/2017,22,1213
09/10/2017,23,765
09/11/2013,0,338
09/11/2013,1,219
09/11/2013,2,133
09/11/2013,3,79
09/11/2013,4,52
09/11/2013,5,43
09/11/2013,6,122
09/11/2013,7,264
09/11/2013,8,631
09/11/2013,9,1000
09/11/2013,10,1275
09/11/2013,11,1549
09/11/2013,12,1877
09/11/2013,13,1947
09/11/2013,14,2046
09/11/2013,15,2029
09/11/2013,16,1899
09/11/2013,17,1453
09/11/2013,18,1234
09/11/2013,19,1115
09/11/2013,20,748
09/11/2013,21,575
09/11/2013,22,590
09/11/2013,23,516
09/11/2014,0,312
09/11/2014,1,271
09/11/2014,2,188
09/11/2014,3,88
09/11/2014,4,78
09/11/2014,5,42
09/11/2014,6,73
09/11/2014,7,185
09/11/2014,8,366
09/11/2014,9,719
09/11/2014,10,1070
09/11/2014,11,1411
09/11/2014,12,1614
09/11/2014,13,1597
09/11/2014,14,1673
09/11/2014,15,1622
09/11/2014,16,1732
09/11/2014,17,1349
09/11/2014,18,1106
09/11/2014,19,861
09/11/2014,20,652
09/11/2014,21,502
09/11/2014,22,437
09/11/2014,23,259
09/11/2015,0,215
09/11/2015,1,90
09/11/2015,2,68
09/11/2015,3,38
09/11/2015,4,54
09/11/2015,5,257
09/11/2015,6,1164
09/11/2015,7,2680
09/11/2015,8,4455
09/11/2015,9,3023
09/11/2015,10,1696
09/11/2015,11,1605
09/11/2015,12,1958
09/11/2015,13,1926
09/11/2015,14,2100
09/11/2015,15,2200
09/11/2015,16,2726
09/11/2015,17,4446
09/11/2015,18,4258
09/11/2015,19,2826
09/11/2015,20,1874
09/11/2015,21,1246
09/11/2015,22,828
09/11/2015,23,529
09/11/2017,0,341
09/11/2017,1,145
09/11/2017,2,56
09/11/2017,3,41
09/11/2017,4,66
09/11/2017,5,391
09/11/2017,6,1572
09/11/2017,7,3842
09/11/2017,8,6472
09/11/2017,9,4284
09/11/2017,10,2430
09/11/2017,11,2256
09/11/2017,12,2669
09/11/2017,13,2580
09/11/2017,14,2949
09/11/2017,15,3070
09/11/2017,16,3523
09/11/2017,17,5650
09/11/2017,18,5556
09/11/2017,19,3828
09/11/2017,20,2576
09/11/2017,21,1887
09/11/2017,22,1386
09/11/2017,23,847
09/12/2013,0,41
09/12/2013,1,18
09/12/2013,2,21
09/12/2013,3,4
09/12/2013,4,12
09/12/2013,5,40
09/12/2013,6,155
09/12/2013,7,303
09/12/2013,8,761
09/12/2013,9,995
09/12/2013,10,543
09/12/2013,11,428
09/12/2013,12,589
09/12/2013,13,647
09/12/2013,14,715
09/12/2013,15,843
09/12/2013,16,1083
09/12/2013,17,1903
09/12/2013,18,1960
09/12/2013,19,1450
09/12/2013,20,953
09/12/2013,21,631
09/12/2013,22,461
09/12/2013,23,268
09/12/2014,0,113
09/12/2014,1,55
09/12/2014,2,21
09/12/2014,3,4
09/12/2014,4,8
09/12/2014,5,20
09/12/2014,6,68
09/12/2014,7,120
09/12/2014,8,179
09/12/2014,9,160
09/12/2014,10,81
09/12/2014,11,84
09/12/2014,12,89
09/12/2014,13,75
09/12/2014,14,61
09/12/2014,15,223
09/12/2014,16,478
09/12/2014,17,1035
09/12/2014,18,1215
09/12/2014,19,974
09/12/2014,20,642
09/12/2014,21,472
09/12/2014,22,317
09/12/2014,23,219
09/12/2015,0,195
09/12/2015,1,125
09/12/2015,2,58
09/12/2015,3,44
09/12/2015,4,59
09/12/2015,5,27
09/12/2015,6,713
09/12/2015,7,2207
09/12/2015,8,4329
09/12/2015,9,2746
09/12/2015,10,1420
09/12/2015,11,1285
09/12/2015,12,1491
09/12/2015,13,1452
09/12/2015,14,1556
09/12/2015,15,1722
09/12/2015,16,2163
09/12/2015,17,3466
09/12/2015,18,3615
09/12/2015,19,2435
09/12/2015,20,1621
09/12/2015,21,1191
09/12/2015,22,842
09/12/2015,23,544
09/12/2017,0,485
09/12/2017,1,288
09/12/2017,2,198
09/12/2017,3,111
09/12/2017,4,79
09/12/2017,5,80
09/12/2017,6,207
09/12/2017,7,490
09/12/2017,8,900
09/12/2017,9,1273
09/12/2017,10,1072
09/12/2017,11,850
09/12/2017,12,724
09/12/2017,13,565
09/12/2017,14,522
09/12/2017,15,478
09/12/2017,16,421
09/12/2017,17,385
09/12/2017,18,353
09/12/2017,19,322
09/12/2017,20,271
09/12/2017,21,232
09/12/2017,22,243
09/12/2017,23,255
10/01/2014,0,97
10/01/2014,1,54
10/01/2014,2,38
10/01/2014,3,18
10/01/2014,4,19
10/01/2014,5,97
10/01/2014,6,427
10/01/2014,7,783
10/01/2014,8,1359
10/01/2014,9,470
10/01/2014,10,205
10/01/2014,11,295
10/01/2014,12,438
10/01/2014,13,493
10/01/2014,14,445
10/01/2014,15,451
10/01/2014,16,586
10/01/2014,17,1036
10/01/2014,18,1021
10/01/2014,19,569
10/01/2014,20,344
10/01/2014,21,218
10/01/2014,22,208
10/01/2014,23,176
10/01/2015,0,102
10/01/2015,1,56
10/01/2015,2,35
10/01/2015,3,24
10/01/2015,4,28
10/01/2015,5,24
10/01/2015,6,39
10/01/2015,7,94
10/01/2015,8,195
10/01/2015,9,298
10/01/2015,10,403
10/01/2015,11,479
10/01/2015,12,521
10/01/2015,13,553
10/01/2015,14,579
10/01/2015,15,519
10/01/2015,16,553
10/01/2015,17,396
10/01/2015,18,311
10/01/2015,19,282
10/01/2015,20,201
10/01/2015,21,165
10/01/2015,22,140
10/01/2015,23,112
10/01/2016,0,366
10/01/2016,1,244
10/01/2016,2,169
10/01/2016,3,31
10/01/2016,4,17
10/01/2016,5,6
10/01/2016,6,11
10/01/2016,7,24
10/01/2016,8,88
10/01/2016,9,403
10/01/2016,10,510
10/01/2016,11,784
10/01/2016,12,890
10/01/2016,13,1352
10/01/2016,14,1637
10/01/2016,15,1390
10/01/2016,16,1396
10/01/2016,17,1188
10/01/2016,18,1126
10/01/2016,19,964
10/01/2016,20,675
10/01/2016,21,462
10/01/2016,22,348
10/01/2016,23,194
10/01/2018,0,127
10/01/2018,1,48
10/01/2018,2,35
10/01/2018,3,17
10/01/2018,4,33
10/01/2018,5,250
10/01/2018,6,823
10/01/2018,7,1822
10/01/2018,8,3261
10/01/2018,9,2346
10/01/2018,10,1170
10/01/2018,11,965
10/01/2018,12,1073
10/01/2018,13,1196
10/01/2018,14,1285
10/01/2018,15,1499
10/01/2018,16,1849
10/01/2018,17,2855
10/01/2018,18,2868
10/01/2018,19,1827
10/01/2018,20,1145
10/01/2018,21,842
10/01/2018,22,559
10/01/2018,23,357
10/02/2014,0,21
10/02/2014,1,11
10/02/2014,2,6
10/02/2014,3,1
10/02/2014,4,6
10/02/2014,5,48
10/02/2014,6,146
10/02/2014,7,308
10/02/2014,8,611
10/02/2014,9,490
10/02/2014,10,244
10/02/2014,11,227
10/02/2014,12,250
10/02/2014,13,310
10/02/2014,14,336
10/02/2014,15,372
10/02/2014,16,440
10/02/2014,17,812
10/02/2014,18,749
10/02/2014,19,570
10/02/2014,20,365
10/02/2014,21,231
10/02/2014,22,186
10/02/2014,23,106
10/02/2015,0,36
10/02/2015,1,22
10/02/2015,2,6
10/02/2015,3,5
10/02/2015,4,15
10/02/2015,5,89
10/02/2015,6,232
10/02/2015,7,489
10/02/2015,8,873
10/02/2015,9,803
10/02/2015,10,351
10/02/2015,11,337
10/02/2015,12,431
10/02/2015,13,457
10/02/2015,14,494
10/02/2015,15,565
10/02/2015,16,722
10/02/2015,17,1251
10/02/2015,18,1135
10/02/2015,19,797
10/02/2015,20,489
10/02/2015,21,353
10/02/2015,22,237
10/02/2015,23,139
10/02/2016,0,136
10/02/2016,1,59
10/02/2016,2,28
10/02/2016,3,19
10/02/2016,4,32
10/02/2016,5,205
10/02/2016,6,730
10/02/2016,7,1195
10/02/2016,8,2139
10/02/2016,9,1791
10/02/2016,10,911
10/02/2016,11,815
10/02/2016,12,945
10/02/2016,13,1018
10/02/2016,14,1064
10/02/2016,15,1115
10/02/2016,16,1532
10/02/2016,17,2458
10/02/2016,18,2276
10/02/2016,19,1508
10/02/2016,20,1019
10/02/2016,21,693
10/02/2016,22,477
10/02/2016,23,255
10/02/2018,0,347
10/02/2018,1,226
10/02/2018,2,153
10/02/2018,3,88
10/02/2018,4,69
10/02/2018,5,81
10/02/2018,6,188
10/02/2018,7,454
10/02/2018,8,951
10/02/2018,9,1508
10/02/2018,10,1919
10/02/2018,11,2305
10/02/2018,12,1725
10/02/2018,13,1079
10/02/2018,14,564
10/02/2018,15,586
10/02/2018,16,1038
10/02/2018,17,1139
10/02/2018,18,705
10/02/2018,19,263
10/02/2018,20,217
10/02/2018,21,190
10/02/2018,22,276
10/02/2018,23,253
10/03/2014,0,104
10/03/2014,1,44
10/03/2014,2,23
10/03/2014,3,7
10/03/2014,4,16
10/03/2014,5,100
10/03/2014,6,434
10/03/2014,7,874
10/03/2014,8,1503
10/03/2014,9,1204
10/03/2014,10,589
10/03/2014,11,512
10/03/2014,12,698
10/03/2014,13,675
10/03/2014,14,732
10/03/2014,15,869
10/03/2014,16,1131
10/03/2014,17,2001
10/03/2014,18,2189
10/03/2014,19,1385
10/03/2014,20,896
10/03/2014,21,600
10/03/2014,22,416
10/03/2014,23,229
10/03/2015,0,90
10/03/2015,1,45
10/03/2015,2,19
10/03/2015,3,10
10/03/2015,4,32
10/03/2015,5,101
10/03/2015,6,475
10/03/2015,7,977
10/03/2015,8,1793
10/03/2015,9,1399
10/03/2015,10,702
10/03/2015,11,603
10/03/2015,12,734
10/03/2015,13,733
10/03/2015,14,736
10/03/2015,15,776
10/03/2015,16,633
10/03/2015,17,661
10/03/2015,18,532
10/03/2015,19,296
10/03/2015,20,185
10/03/2015,21,117
10/03/2015,22,61
10/03/2015,23,71
10/03/2016,0,295
10/03/2016,1,127
10/03/2016,2,80
10/03/2016,3,44
10/03/2016,4,51
10/03/2016,5,268
10/03/2016,6,1075
10/03/2016,7,2549
10/03/2016,8,4357
10/03/2016,9,3107
10/03/2016,10,1680
10/03/2016,11,1610
10/03/2016,12,1803
10/03/2016,13,1902
10/03/2016,14,2024
10/03/2016,15,2139
10/03/2016,16,2644
10/03/2016,17,4675
10/03/2016,18,4171
10/03/2016,19,2624
10/03/2016,20,1922
10/03/2016,21,1435
10/03/2016,22,973
10/03/2016,23,697
10/03/2018,0,353
10/03/2018,1,190
10/03/2018,2,121
10/03/2018,3,76
10/03/2018,4,76
10/03/2018,5,69
10/03/2018,6,202
10/03/2018,7,455
10/03/2018,8,862
10/03/2018,9,1346
10/03/2018,10,1746
10/03/2018,11,2036
10/03/2018,12,2228
10/03/2018,13,2208
10/03/2018,14,2141
10/03/2018,15,2158
10/03/2018,16,1991
10/03/2018,17,1902
10/03/2018,18,1491
10/03/2018,19,1180
10/03/2018,20,914
10/03/2018,21,629
10/03/2018,22,559
10/03/2018,23,511
10/04/2014,0,168
10/04/2014,1,86
10/04/2014,2,47
10/04/2014,3,23
10/04/2014,4,31
10/04/2014,5,133
10/04/2014,6,673
10/04/2014,7,1425
10/04/2014,8,2719
10/04/2014,9,2089
10/04/2014,10,1084
10/04/2014,11,1066
10/04/2014,12,1301
10/04/2014,13,1384
10/04/2014,14,1329
10/04/2014,15,1323
10/04/2014,16,1779
10/04/2014,17,2824
10/04/2014,18,2950
10/04/2014,19,1941
10/04/2014,20,1256
10/04/2014,21,785
10/04/2014,22,619
10/04/2014,23,428
10/04/2015,0,111
10/04/2015,1,47
10/04/2015,2,22
10/04/2015,3,17
10/04/2015,4,11
10/04/2015,5,52
10/04/2015,6,177
10/04/2015,7,653
10/04/2015,8,1373
10/04/2015,9,989
10/04/2015,10,594
10/04/2015,11,587
10/04/2015,12,697
10/04/2015,13,735
10/04/2015,14,862
10/04/2015,15,951
10/04/2015,16,1402
10/04/2015,17,2034
10/04/2015,18,1842
10/04/2015,19,1219
10/04/2015,20,722
10/04/2015,21,486
10/04/2015,22,418
10/04/2015,23,316
10/04/2016,0,262
10/04/2016,1,126
10/04/2016,2,101
10/04/2016,3,82
10/04/2016,4,47
10/04/2016,5,33
10/04/2016,6,86
10/04/2016,7,224
10/04/2016,8,418
10/04/2016,9,858
10/04/2016,10,1274
10/04/2016,11,1647
10/04/2016,12,1884
10/04/2016,13,2085
10/04/2016,14,2317
10/04/2016,15,2236
10/04/2016,16,2251
10/04/2016,17,2041
10/04/2016,18,1729
10/04/2016,19,1333
10/04/2016,20,836
10/04/2016,21,639
10/04/2016,22,457
10/04/2016,23,263
10/04/2017,0,197
10/04/2017,1,91
10/04/2017,2,64
10/04/2017,3,31
10/04/2017,4,58
10/04/2017,5,331
10/04/2017,6,1215
10/04/2017,7,2599
10/04/2017,8,4392
10/04/2017,9,3204
10/04/2017,10,1895
10/04/2017,11,2007
10/04/2017,12,2326
10/04/2017,13,2463
10/04/2017,14,2612
10/04/2017,15,2800
10/04/2017,16,3626
10/04/2017,17,5818
10/04/2017,18,5826
10/04/2017,19,3679
10/04/2017,20,2134
10/04/2017,21,1443
10/04/2017,22,1034
10/04/2017,23,579
10/04/2018,0,185
10/04/2018,1,99
10/04/2018,2,29
10/04/2018,3,17
10/04/2018,4,44
10/04/2018,5,274
10/04/2018,6,1083
10/04/2018,7,2334
10/04/2018,8,4146
10/04/2018,9,3174
10/04/2018,10,1660
10/04/2018,11,1539
10/04/2018,12,1791
10/04/2018,13,1800
10/04/2018,14,2017
10/04/2018,15,2189
10/04/2018,16,2898
10/04/2018,17,4886
10/04/2018,18,5057
10/04/2018,19,3148
10/04/2018,20,1947
10/04/2018,21,1338
10/04/2018,22,894
10/04/2018,23,502
10/05/2014,0,327
10/05/2014,1,222
10/05/2014,2,165
10/05/2014,3,66
10/05/2014,4,60
10/05/2014,5,36
10/05/2014,6,99
10/05/2014,7,274
10/05/2014,8,564
10/05/2014,9,990
10/05/2014,10,1445
10/05/2014,11,1820
10/05/2014,12,2240
10/05/2014,13,2369
10/05/2014,14,1977
10/05/2014,15,1480
10/05/2014,16,1911
10/05/2014,17,1068
10/05/2014,18,1139
10/05/2014,19,1233
10/05/2014,20,747
10/05/2014,21,614
10/05/2014,22,541
10/05/2014,23,445
10/05/2015,0,425
10/05/2015,1,253
10/05/2015,2,184
10/05/2015,3,103
10/05/2015,4,94
10/05/2015,5,45
10/05/2015,6,109
10/05/2015,7,272
10/05/2015,8,553
10/05/2015,9,1015
10/05/2015,10,1513
10/05/2015,11,1736
10/05/2015,12,2003
10/05/2015,13,2139
10/05/2015,14,2134
10/05/2015,15,2205
10/05/2015,16,2342
10/05/2015,17,2137
10/05/2015,18,2019
10/05/2015,19,1842
10/05/2015,20,1361
10/05/2015,21,953
10/05/2015,22,683
10/05/2015,23,453
10/05/2016,0,266
10/05/2016,1,95
10/05/2016,2,66
10/05/2016,3,30
10/05/2016,4,57
10/05/2016,5,282
10/05/2016,6,1265
10/05/2016,7,2821
10/05/2016,8,4808
10/05/2016,9,3345
10/05/2016,10,1796
10/05/2016,11,1696
10/05/2016,12,1876
10/05/2016,13,2014
10/05/2016,14,1959
10/05/2016,15,2058
10/05/2016,16,2705
10/05/2016,17,4738
10/05/2016,18,4851
10/05/2016,19,3195
10/05/2016,20,2085
10/05/2016,21,1337
10/05/2016,22,928
10/05/2016,23,576
10/05/2017,0,295
10/05/2017,1,140
10/05/2017,2,74
10/05/2017,3,46
10/05/2017,4,68
10/05/2017,5,447
10/05/2017,6,1580
10/05/2017,7,3440
10/05/2017,8,6071
10/05/2017,9,4093
10/05/2017,10,2253
10/05/2017,11,2130
10/05/2017,12,2479
10/05/2017,13,2641
10/05/2017,14,2714
10/05/2017,15,2805
10/05/2017,16,3696
10/05/2017,17,6250
10/05/2017,18,6654
10/05/2017,19,4282
10/05/2017,20,2588
10/05/2017,21,1716
10/05/2017,22,1235
10/05/2017,23,757
10/05/2018,0,431
10/05/2018,1,197
10/05/2018,2,115
10/05/2018,3,56
10/05/2018,4,100
10/05/2018,5,513
10/05/2018,6,1832
10/05/2018,7,4010
10/05/2018,8,7103
10/05/2018,9,5067
10/05/2018,10,2962
10/05/2018,11,2869
10/05/2018,12,3092
10/05/2018,13,2834
10/05/2018,14,3168
10/05/2018,15,3642
10/05/2018,16,4486
10/05/2018,17,7393
10/05/2018,18,7336
10/05/2018,19,4848
10/05/2018,20,2850
10/05/2018,21,847
10/05/2018,22,945
10/05/2018,23,759
10/06/2014,0,212
10/06/2014,1,109
10/06/2014,2,46
10/06/2014,3,24
10/06/2014,4,38
10/06/2014,5,200
10/06/2014,6,877
10/06/2014,7,1696
10/06/2014,8,3015
10/06/2014,9,2212
10/06/2014,10,1229
10/06/2014,11,1236
10/06/2014,12,1377
10/06/2014,13,1400
10/06/2014,14,1568
10/06/2014,15,1603
10/06/2014,16,2208
10/06/2014,17,3680
10/06/2014,18,3720
10/06/2014,19,2567
10/06/2014,20,1799
10/06/2014,21,1181
10/06/2014,22,851
10/06/2014,23,587
10/06/2015,0,338
10/06/2015,1,141
10/06/2015,2,62
10/06/2015,3,33
10/06/2015,4,39
10/06/2015,5,260
10/06/2015,6,1109
10/06/2015,7,2167
10/06/2015,8,3793
10/06/2015,9,2711
10/06/2015,10,1494
10/06/2015,11,1418
10/06/2015,12,1723
10/06/2015,13,1675
10/06/2015,14,1789
10/06/2015,15,1867
10/06/2015,16,2405
10/06/2015,17,4115
10/06/2015,18,4271
10/06/2015,19,3029
10/06/2015,20,1945
10/06/2015,21,1330
10/06/2015,22,1044
10/06/2015,23,592
10/06/2016,0,492
10/06/2016,1,243
10/06/2016,2,107
10/06/2016,3,77
10/06/2016,4,67
10/06/2016,5,289
10/06/2016,6,1207
10/06/2016,7,2645
10/06/2016,8,4872
10/06/2016,9,3627
10/06/2016,10,2182
10/06/2016,11,2169
10/06/2016,12,2552
10/06/2016,13,2905
10/06/2016,14,3149
10/06/2016,15,3296
10/06/2016,16,4242
10/06/2016,17,5369
10/06/2016,18,4570
10/06/2016,19,3297
10/06/2016,20,2274
10/06/2016,21,1593
10/06/2016,22,1172
10/06/2016,23,903
10/06/2017,0,941
10/06/2017,1,540
10/06/2017,2,323
10/06/2017,3,217
10/06/2017,4,121
10/06/2017,5,129
10/06/2017,6,358
10/06/2017,7,818
10/06/2017,8,1501
10/06/2017,9,2494
10/06/2017,10,3347
10/06/2017,11,4022
10/06/2017,12,4411
10/06/2017,13,4731
10/06/2017,14,4655
10/06/2017,15,4561
10/06/2017,16,4557
10/06/2017,17,4250
10/06/2017,18,3929
10/06/2017,19,3498
10/06/2017,20,2752
10/06/2017,21,1947
10/06/2017,22,1614
10/06/2017,23,1371
10/07/2013,0,252
10/07/2013,1,98
10/07/2013,2,42
10/07/2013,3,35
10/07/2013,4,52
10/07/2013,5,163
10/07/2013,6,639
10/07/2013,7,1317
10/07/2013,8,1785
10/07/2013,9,1056
10/07/2013,10,817
10/07/2013,11,911
10/07/2013,12,1185
10/07/2013,13,1032
10/07/2013,14,1109
10/07/2013,15,1184
10/07/2013,16,1558
10/07/2013,17,2824
10/07/2013,18,2657
10/07/2013,19,2256
10/07/2013,20,1792
10/07/2013,21,1332
10/07/2013,22,991
10/07/2013,23,645
10/07/2014,0,331
10/07/2014,1,169
10/07/2014,2,77
10/07/2014,3,47
10/07/2014,4,52
10/07/2014,5,212
10/07/2014,6,905
10/07/2014,7,1906
10/07/2014,8,3290
10/07/2014,9,2475
10/07/2014,10,1348
10/07/2014,11,1211
10/07/2014,12,1576
10/07/2014,13,1552
10/07/2014,14,1616
10/07/2014,15,1681
10/07/2014,16,2250
10/07/2014,17,3810
10/07/2014,18,3822
10/07/2014,19,2787
10/07/2014,20,1995
10/07/2014,21,1370
10/07/2014,22,1099
10/07/2014,23,707
10/07/2015,0,255
10/07/2015,1,149
10/07/2015,2,88
10/07/2015,3,74
10/07/2015,4,57
10/07/2015,5,241
10/07/2015,6,859
10/07/2015,7,1845
10/07/2015,8,3326
10/07/2015,9,2644
10/07/2015,10,1583
10/07/2015,11,1590
10/07/2015,12,1999
10/07/2015,13,2160
10/07/2015,14,2241
10/07/2015,15,2422
10/07/2015,16,2936
10/07/2015,17,3825
10/07/2015,18,3356
10/07/2015,19,2472
10/07/2015,20,1619
10/07/2015,21,1120
10/07/2015,22,921
10/07/2015,23,777
10/07/2016,0,362
10/07/2016,1,321
10/07/2016,2,266
10/07/2016,3,182
10/07/2016,4,122
10/07/2016,5,62
10/07/2016,6,187
10/07/2016,7,427
10/07/2016,8,856
10/07/2016,9,1553
10/07/2016,10,2201
10/07/2016,11,2863
10/07/2016,12,3453
10/07/2016,13,3645
10/07/2016,14,3820
10/07/2016,15,3254
10/07/2016,16,2911
10/07/2016,17,3298
10/07/2016,18,3492
10/07/2016,19,2867
10/07/2016,20,2383
10/07/2016,21,1634
10/07/2016,22,1130
10/07/2016,23,702
10/07/2017,0,400
10/07/2017,1,177
10/07/2017,2,99
10/07/2017,3,58
10/07/2017,4,84
10/07/2017,5,485
10/07/2017,6,1742
10/07/2017,7,3487
10/07/2017,8,5528
10/07/2017,9,3846
10/07/2017,10,2121
10/07/2017,11,2112
10/07/2017,12,2508
10/07/2017,13,2569
10/07/2017,14,2711
10/07/2017,15,2947
10/07/2017,16,3776
10/07/2017,17,6821
10/07/2017,18,6904
10/07/2017,19,4883
10/07/2017,20,3400
10/07/2017,21,2010
10/07/2017,22,1381
10/07/2017,23,858
10/08/2013,0,507
10/08/2013,1,356
10/08/2013,2,232
10/08/2013,3,155
10/08/2013,4,98
10/08/2013,5,63
10/08/2013,6,192
10/08/2013,7,444
10/08/2013,8,951
10/08/2013,9,1607
10/08/2013,10,2376
10/08/2013,11,2910
10/08/2013,12,3199
10/08/2013,13,2903
10/08/2013,14,2868
10/08/2013,15,2942
10/08/2013,16,2822
10/08/2013,17,2860
10/08/2013,18,2491
10/08/2013,19,2230
10/08/2013,20,1660
10/08/2013,21,1258
10/08/2013,22,1080
10/08/2013,23,997
10/08/2014,0,509
10/08/2014,1,326
10/08/2014,2,230
10/08/2014,3,141
10/08/2014,4,77
10/08/2014,5,65
10/08/2014,6,115
10/08/2014,7,282
10/08/2014,8,511
10/08/2014,9,922
10/08/2014,10,1373
10/08/2014,11,1765
10/08/2014,12,2045
10/08/2014,13,2124
10/08/2014,14,2150
10/08/2014,15,2258
10/08/2014,16,2170
10/08/2014,17,2116
10/08/2014,18,2104
10/08/2014,19,1792
10/08/2014,20,1351
10/08/2014,21,1052
10/08/2014,22,768
10/08/2014,23,503
10/08/2015,0,277
10/08/2015,1,136
10/08/2015,2,60
10/08/2015,3,46
10/08/2015,4,45
10/08/2015,5,205
10/08/2015,6,1076
10/08/2015,7,2046
10/08/2015,8,3687
10/08/2015,9,2626
10/08/2015,10,1453
10/08/2015,11,1551
10/08/2015,12,1711
10/08/2015,13,1798
10/08/2015,14,1803
10/08/2015,15,1929
10/08/2015,16,2570
10/08/2015,17,4459
10/08/2015,18,4452
10/08/2015,19,3203
10/08/2015,20,2002
10/08/2015,21,1338
10/08/2015,22,915
10/08/2015,23,482
10/08/2016,0,413
10/08/2016,1,210
10/08/2016,2,78
10/08/2016,3,65
10/08/2016,4,79
10/08/2016,5,372
10/08/2016,6,1519
10/08/2016,7,3043
10/08/2016,8,5036
10/08/2016,9,3790
10/08/2016,10,2028
10/08/2016,11,1818
10/08/2016,12,1659
10/08/2016,13,1151
10/08/2016,14,1969
10/08/2016,15,2327
10/08/2016,16,3181
10/08/2016,17,5448
10/08/2016,18,5528
10/08/2016,19,4067
10/08/2016,20,2480
10/08/2016,21,1759
10/08/2016,22,1287
10/08/2016,23,807
10/08/2017,0,498
10/08/2017,1,245
10/08/2017,2,113
10/08/2017,3,77
10/08/2017,4,75
10/08/2017,5,494
10/08/2017,6,1850
10/08/2017,7,3529
10/08/2017,8,6184
10/08/2017,9,4330
10/08/2017,10,2459
10/08/2017,11,2535
10/08/2017,12,2916
10/08/2017,13,2952
10/08/2017,14,3111
10/08/2017,15,3116
10/08/2017,16,4070
10/08/2017,17,7115
10/08/2017,18,7000
10/08/2017,19,4952
10/08/2017,20,3402
10/08/2017,21,2349
10/08/2017,22,1770
10/08/2017,23,1107
10/09/2013,0,270
10/09/2013,1,110
10/09/2013,2,61
10/09/2013,3,30
10/09/2013,4,49
10/09/2013,5,218
10/09/2013,6,978
10/09/2013,7,2099
10/09/2013,8,3213
10/09/2013,9,2393
10/09/2013,10,1376
10/09/2013,11,1378
10/09/2013,12,1694
10/09/2013,13,1641
10/09/2013,14,1661
10/09/2013,15,1709
10/09/2013,16,2258
10/09/2013,17,3990
10/09/2013,18,3946
10/09/2013,19,2821
10/09/2013,20,1987
10/09/2013,21,1325
10/09/2013,22,1069
10/09/2013,23,678
10/09/2014,0,269
10/09/2014,1,133
10/09/2014,2,68
10/09/2014,3,36
10/09/2014,4,55
10/09/2014,5,246
10/09/2014,6,1003
10/09/2014,7,2108
10/09/2014,8,3585
10/09/2014,9,2608
10/09/2014,10,1444
10/09/2014,11,1436
10/09/2014,12,1694
10/09/2014,13,1669
10/09/2014,14,1790
10/09/2014,15,1805
10/09/2014,16,2445
10/09/2014,17,3924
10/09/2014,18,4059
10/09/2014,19,2740
10/09/2014,20,1783
10/09/2014,21,1249
10/09/2014,22,907
10/09/2014,23,597
10/09/2015,0,241
10/09/2015,1,79
10/09/2015,2,69
10/09/2015,3,30
10/09/2015,4,24
10/09/2015,5,171
10/09/2015,6,812
10/09/2015,7,642
10/09/2015,8,1699
10/09/2015,9,1688
10/09/2015,10,1159
10/09/2015,11,1145
10/09/2015,12,1530
10/09/2015,13,1445
10/09/2015,14,1438
10/09/2015,15,1388
10/09/2015,16,2204
10/09/2015,17,2209
10/09/2015,18,1470
10/09/2015,19,1404
10/09/2015,20,566
10/09/2015,21,329
10/09/2015,22,250
10/09/2015,23,261
10/09/2016,0,667
10/09/2016,1,450
10/09/2016,2,311
10/09/2016,3,200
10/09/2016,4,115
10/09/2016,5,122
10/09/2016,6,296
10/09/2016,7,772
10/09/2016,8,1456
10/09/2016,9,2308
10/09/2016,10,3052
10/09/2016,11,3654
10/09/2016,12,4015
10/09/2016,13,3959
10/09/2016,14,3988
10/09/2016,15,3630
10/09/2016,16,3682
10/09/2016,17,3616
10/09/2016,18,3339
10/09/2016,19,2829
10/09/2016,20,1951
10/09/2016,21,1479
10/09/2016,22,1403
10/09/2016,23,1161
10/09/2017,0,834
10/09/2017,1,581
10/09/2017,2,353
10/09/2017,3,207
10/09/2017,4,144
10/09/2017,5,90
10/09/2017,6,303
10/09/2017,7,662
10/09/2017,8,1397
10/09/2017,9,2300
10/09/2017,10,3370
10/09/2017,11,4323
10/09/2017,12,5160
10/09/2017,13,5154
10/09/2017,14,5182
10/09/2017,15,5274
10/09/2017,16,5611
10/09/2017,17,5037
10/09/2017,18,4725
10/09/2017,19,3725
10/09/2017,20,2527
10/09/2017,21,1782
10/09/2017,22,1205
10/09/2017,23,765
10/10/2013,0,308
10/10/2013,1,139
10/10/2013,2,74
10/10/2013,3,38
10/10/2013,4,51
10/10/2013,5,205
10/10/2013,6,747
10/10/2013,7,1260
10/10/2013,8,2058
10/10/2013,9,1802
10/10/2013,10,1262
10/10/2013,11,1215
10/10/2013,12,1500
10/10/2013,13,1564
10/10/2013,14,1669
10/10/2013,15,1783
10/10/2013,16,2206
10/10/2013,17,3352
10/10/2013,18,3320
10/10/2013,19,2261
10/10/2013,20,1597
10/10/2013,21,1190
10/10/2013,22,922
10/10/2013,23,648
10/10/2014,0,279
10/10/2014,1,164
10/10/2014,2,72
10/10/2014,3,49
10/10/2014,4,50
10/10/2014,5,166
10/10/2014,6,746
10/10/2014,7,1551
10/10/2014,8,3008
10/10/2014,9,2369
10/10/2014,10,1336
10/10/2014,11,1289
10/10/2014,12,1601
10/10/2014,13,1654
10/10/2014,14,1825
10/10/2014,15,1876
10/10/2014,16,2484
10/10/2014,17,3181
10/10/2014,18,2611
10/10/2014,19,1686
10/10/2014,20,1058
10/10/2014,21,716
10/10/2014,22,611
10/10/2014,23,505
10/10/2015,0,482
10/10/2015,1,331
10/10/2015,2,236
10/10/2015,3,120
10/10/2015,4,80
10/10/2015,5,90
10/10/2015,6,168
10/10/2015,7,391
10/10/2015,8,925
10/10/2015,9,1603
10/10/2015,10,2207
10/10/2015,11,2859
10/10/2015,12,3195
10/10/2015,13,3515
10/10/2015,14,3624
10/10/2015,15,3532
10/10/2015,16,3603
10/10/2015,17,3420
10/10/2015,18,2844
10/10/2015,19,1988
10/10/2015,20,1327
10/10/2015,21,1100
10/10/2015,22,937
10/10/2015,23,768
10/10/2017,0,397
10/10/2017,1,170
10/10/2017,2,93
10/10/2017,3,79
10/10/2017,4,96
10/10/2017,5,561
10/10/2017,6,2010
10/10/2017,7,4404
10/10/2017,8,6942
10/10/2017,9,4746
10/10/2017,10,2784
10/10/2017,11,2783
10/10/2017,12,3154
10/10/2017,13,3405
10/10/2017,14,3461
10/10/2017,15,3980
10/10/2017,16,4911
10/10/2017,17,8262
10/10/2017,18,8351
10/10/2017,19,5128
10/10/2017,20,3258
10/10/2017,21,2396
10/10/2017,22,1738
10/10/2017,23,1009
10/11/2013,0,415
10/11/2013,1,327
10/11/2013,2,253
10/11/2013,3,115
10/11/2013,4,66
10/11/2013,5,45
10/11/2013,6,82
10/11/2013,7,213
10/11/2013,8,484
10/11/2013,9,850
10/11/2013,10,1339
10/11/2013,11,1797
10/11/2013,12,1972
10/11/2013,13,1936
10/11/2013,14,1472
10/11/2013,15,1355
10/11/2013,16,1549
10/11/2013,17,1320
10/11/2013,18,1145
10/11/2013,19,973
10/11/2013,20,797
10/11/2013,21,531
10/11/2013,22,418
10/11/2013,23,258
10/11/2014,0,149
10/11/2014,1,83
10/11/2014,2,36
10/11/2014,3,27
10/11/2014,4,36
10/11/2014,5,181
10/11/2014,6,747
10/11/2014,7,1636
10/11/2014,8,2695
10/11/2014,9,2023
10/11/2014,10,1034
10/11/2014,11,975
10/11/2014,12,1317
10/11/2014,13,1285
10/11/2014,14,1460
10/11/2014,15,1449
10/11/2014,16,1911
10/11/2014,17,2936
10/11/2014,18,2882
10/11/2014,19,1863
10/11/2014,20,1160
10/11/2014,21,780
10/11/2014,22,603
10/11/2014,23,387
10/11/2015,0,217
10/11/2015,1,111
10/11/2015,2,58
10/11/2015,3,38
10/11/2015,4,59
10/11/2015,5,305
10/11/2015,6,1213
10/11/2015,7,2134
10/11/2015,8,2016
10/11/2015,9,1602
10/11/2015,10,538
10/11/2015,11,410
10/11/2015,12,475
10/11/2015,13,495
10/11/2015,14,722
10/11/2015,15,799
10/11/2015,16,1186
10/11/2015,17,2653
10/11/2015,18,2687
10/11/2015,19,1559
10/11/2015,20,1227
10/11/2015,21,516
10/11/2015,22,350
10/11/2015,23,215
10/11/2017,0,377
10/11/2017,1,215
10/11/2017,2,109
10/11/2017,3,51
10/11/2017,4,78
10/11/2017,5,327
10/11/2017,6,1163
10/11/2017,7,2682
10/11/2017,8,4581
10/11/2017,9,3393
10/11/2017,10,1913
10/11/2017,11,1755
10/11/2017,12,2155
10/11/2017,13,1969
10/11/2017,14,2165
10/11/2017,15,2148
10/11/2017,16,2581
10/11/2017,17,3495
10/11/2017,18,2797
10/11/2017,19,1728
10/11/2017,20,1069
10/11/2017,21,739
10/11/2017,22,544
10/11/2017,23,398
10/12/2013,0,142
10/12/2013,1,70
10/12/2013,2,35
10/12/2013,3,22
10/12/2013,4,41
10/12/2013,5,139
10/12/2013,6,564
10/12/2013,7,946
10/12/2013,8,617
10/12/2013,9,440
10/12/2013,10,287
10/12/2013,11,289
10/12/2013,12,360
10/12/2013,13,396
10/12/2013,14,494
10/12/2013,15,677
10/12/2013,16,924
10/12/2013,17,1604
10/12/2013,18,1654
10/12/2013,19,1198
10/12/2013,20,783
10/12/2013,21,538
10/12/2013,22,395
10/12/2013,23,235
10/12/2014,0,116
10/12/2014,1,49
10/12/2014,2,23
10/12/2014,3,23
10/12/2014,4,31
10/12/2014,5,137
10/12/2014,6,526
10/12/2014,7,989
10/12/2014,8,1015
10/12/2014,9,964
10/12/2014,10,519
10/12/2014,11,400
10/12/2014,12,364
10/12/2014,13,359
10/12/2014,14,506
10/12/2014,15,485
10/12/2014,16,536
10/12/2014,17,733
10/12/2014,18,699
10/12/2014,19,505
10/12/2014,20,464
10/12/2014,21,395
10/12/2014,22,347
10/12/2014,23,214
10/12/2015,0,280
10/12/2015,1,161
10/12/2015,2,67
10/12/2015,3,34
10/12/2015,4,67
10/12/2015,5,278
10/12/2015,6,976
10/12/2015,7,2315
10/12/2015,8,4341
10/12/2015,9,3051
10/12/2015,10,1521
10/12/2015,11,1531
10/12/2015,12,1754
10/12/2015,13,1807
10/12/2015,14,1922
10/12/2015,15,1965
10/12/2015,16,2534
10/12/2015,17,3696
10/12/2015,18,3661
10/12/2015,19,2502
10/12/2015,20,1685
10/12/2015,21,1249
10/12/2015,22,995
10/12/2015,23,707
10/12/2017,0,224
10/12/2017,1,145
10/12/2017,2,110
10/12/2017,3,58
10/12/2017,4,55
10/12/2017,5,28
10/12/2017,6,78
10/12/2017,7,185
10/12/2017,8,460
10/12/2017,9,752
10/12/2017,10,1065
10/12/2017,11,1423
10/12/2017,12,1641
10/12/2017,13,1804
10/12/2017,14,1803
10/12/2017,15,1826
10/12/2017,16,1908
10/12/2017,17,1535
10/12/2017,18,1343
10/12/2017,19,1065
10/12/2017,20,861
10/12/2017,21,625
10/12/2017,22,514
10/12/2017,23,307
11/01/2014,0,129
11/01/2014,1,72
11/01/2014,2,37
11/01/2014,3,36
11/01/2014,4,20
11/01/2014,5,29
11/01/2014,6,59
11/01/2014,7,88
11/01/2014,8,211
11/01/2014,9,416
11/01/2014,10,502
11/01/2014,11,612
11/01/2014,12,767
11/01/2014,13,718
11/01/2014,14,791
11/01/2014,15,772
11/01/2014,16,630
11/01/2014,17,191
11/01/2014,18,141
11/01/2014,19,303
11/01/2014,20,371
11/01/2014,21,270
11/01/2014,22,254
11/01/2014,23,276
11/01/2015,0,88
11/01/2015,1,58
11/01/2015,2,40
11/01/2015,3,36
11/01/2015,4,18
11/01/2015,5,20
11/01/2015,6,38
11/01/2015,7,47
11/01/2015,8,170
11/01/2015,9,294
11/01/2015,10,451
11/01/2015,11,522
11/01/2015,12,643
11/01/2015,13,628
11/01/2015,14,630
11/01/2015,15,644
11/01/2015,16,745
11/01/2015,17,638
11/01/2015,18,503
11/01/2015,19,406
11/01/2015,20,292
11/01/2015,21,227
11/01/2015,22,213
11/01/2015,23,116
11/01/2016,0,130
11/01/2016,1,54
11/01/2016,2,20
11/01/2016,3,16
11/01/2016,4,39
11/01/2016,5,192
11/01/2016,6,781
11/01/2016,7,1582
11/01/2016,8,2731
11/01/2016,9,1793
11/01/2016,10,880
11/01/2016,11,812
11/01/2016,12,837
11/01/2016,13,885
11/01/2016,14,927
11/01/2016,15,1039
11/01/2016,16,1441
11/01/2016,17,2480
11/01/2016,18,2495
11/01/2016,19,1598
11/01/2016,20,976
11/01/2016,21,617
11/01/2016,22,388
11/01/2016,23,224
11/01/2018,0,174
11/01/2018,1,86
11/01/2018,2,35
11/01/2018,3,27
11/01/2018,4,44
11/01/2018,5,265
11/01/2018,6,1016
11/01/2018,7,2118
11/01/2018,8,3906
11/01/2018,9,2689
11/01/2018,10,1328
11/01/2018,11,1175
11/01/2018,12,1358
11/01/2018,13,1434
11/01/2018,14,1624
11/01/2018,15,1801
11/01/2018,16,2154
11/01/2018,17,3524
11/01/2018,18,3383
11/01/2018,19,2184
11/01/2018,20,1453
11/01/2018,21,956
11/01/2018,22,760
11/01/2018,23,467
11/02/2014,0,40
11/02/2014,1,15
11/02/2014,2,16
11/02/2014,3,4
11/02/2014,4,7
11/02/2014,5,50
11/02/2014,6,211
11/02/2014,7,471
11/02/2014,8,891
11/02/2014,9,657
11/02/2014,10,339
11/02/2014,11,250
11/02/2014,12,357
11/02/2014,13,355
11/02/2014,14,389
11/02/2014,15,445
11/02/2014,16,572
11/02/2014,17,914
11/02/2014,18,801
11/02/2014,19,622
11/02/2014,20,407
11/02/2014,21,259
11/02/2014,22,169
11/02/2014,23,102
11/02/2015,0,79
11/02/2015,1,37
11/02/2015,2,14
11/02/2015,3,7
11/02/2015,4,22
11/02/2015,5,85
11/02/2015,6,326
11/02/2015,7,631
11/02/2015,8,1190
11/02/2015,9,814
11/02/2015,10,494
11/02/2015,11,424
11/02/2015,12,467
11/02/2015,13,482
11/02/2015,14,566
11/02/2015,15,583
11/02/2015,16,732
11/02/2015,17,1236
11/02/2015,18,1193
11/02/2015,19,807
11/02/2015,20,486
11/02/2015,21,376
11/02/2015,22,245
11/02/2015,23,143
11/02/2016,0,140
11/02/2016,1,61
11/02/2016,2,34
11/02/2016,3,17
11/02/2016,4,29
11/02/2016,5,150
11/02/2016,6,619
11/02/2016,7,1290
11/02/2016,8,2462
11/02/2016,9,1751
11/02/2016,10,807
11/02/2016,11,668
11/02/2016,12,765
11/02/2016,13,765
11/02/2016,14,792
11/02/2016,15,830
11/02/2016,16,1080
11/02/2016,17,1941
11/02/2016,18,1726
11/02/2016,19,1143
11/02/2016,20,703
11/02/2016,21,461
11/02/2016,22,321
11/02/2016,23,193
11/02/2018,0,125
11/02/2018,1,95
11/02/2018,2,73
11/02/2018,3,47
11/02/2018,4,29
11/02/2018,5,21
11/02/2018,6,45
11/02/2018,7,109
11/02/2018,8,193
11/02/2018,9,248
11/02/2018,10,439
11/02/2018,11,471
11/02/2018,12,471
11/02/2018,13,260
11/02/2018,14,452
11/02/2018,15,632
11/02/2018,16,731
11/02/2018,17,668
11/02/2018,18,920
11/02/2018,19,760
11/02/2018,20,660
11/02/2018,21,583
11/02/2018,22,460
11/02/2018,23,317
11/03/2014,0,115
11/03/2014,1,69
11/03/2014,2,30
11/03/2014,3,14
11/03/2014,4,35
11/03/2014,5,137
11/03/2014,6,535
11/03/2014,7,1134
11/03/2014,8,2204
11/03/2014,9,1623
11/03/2014,10,881
11/03/2014,11,807
11/03/2014,12,1033
11/03/2014,13,1168
11/03/2014,14,1175
11/03/2014,15,1306
11/03/2014,16,1593
11/03/2014,17,2796
11/03/2014,18,2897
11/03/2014,19,1838
11/03/2014,20,1177
11/03/2014,21,798
11/03/2014,22,609
11/03/2014,23,382
11/03/2015,0,47
11/03/2015,1,39
11/03/2015,2,18
11/03/2015,3,18
11/03/2015,4,22
11/03/2015,5,138
11/03/2015,6,440
11/03/2015,7,963
11/03/2015,8,1759
11/03/2015,9,1389
11/03/2015,10,714
11/03/2015,11,681
11/03/2015,12,798
11/03/2015,13,857
11/03/2015,14,937
11/03/2015,15,1010
11/03/2015,16,1360
11/03/2015,17,2323
11/03/2015,18,2412
11/03/2015,19,1448
11/03/2015,20,867
11/03/2015,21,654
11/03/2015,22,423
11/03/2015,23,244
11/03/2016,0,305
11/03/2016,1,182
11/03/2016,2,67
11/03/2016,3,28
11/03/2016,4,40
11/03/2016,5,199
11/03/2016,6,806
11/03/2016,7,2069
11/03/2016,8,3899
11/03/2016,9,2955
11/03/2016,10,1591
11/03/2016,11,1582
11/03/2016,12,1901
11/03/2016,13,2093
11/03/2016,14,2193
11/03/2016,15,2449
11/03/2016,16,3013
11/03/2016,17,4314
11/03/2016,18,3232
11/03/2016,19,2015
11/03/2016,20,1233
11/03/2016,21,798
11/03/2016,22,703
11/03/2016,23,528
11/03/2018,0,320
11/03/2018,1,232
11/03/2018,3,164
11/03/2018,4,101
11/03/2018,5,66
11/03/2018,6,95
11/03/2018,7,264
11/03/2018,8,537
11/03/2018,9,894
11/03/2018,10,1384
11/03/2018,11,1762
11/03/2018,12,2158
11/03/2018,13,2391
11/03/2018,14,2508
11/03/2018,15,2684
11/03/2018,16,2773
11/03/2018,17,2594
11/03/2018,18,2416
11/03/2018,19,1519
11/03/2018,20,1105
11/03/2018,21,771
11/03/2018,22,563
11/03/2018,23,296
11/04/2014,0,229
11/04/2014,1,112
11/04/2014,2,63
11/04/2014,3,49
11/04/2014,4,40
11/04/2014,5,151
11/04/2014,6,603
11/04/2014,7,1355
11/04/2014,8,2685
11/04/2014,9,2025
11/04/2014,10,1087
11/04/2014,11,1018
11/04/2014,12,1280
11/04/2014,13,1400
11/04/2014,14,1454
11/04/2014,15,1539
11/04/2014,16,2058
11/04/2014,17,2853
11/04/2014,18,2515
11/04/2014,19,1675
11/04/2014,20,992
11/04/2014,21,655
11/04/2014,22,551
11/04/2014,23,409
11/04/2015,0,243
11/04/2015,1,124
11/04/2015,2,107
11/04/2015,3,94
11/04/2015,4,49
11/04/2015,5,33
11/04/2015,6,95
11/04/2015,7,229
11/04/2015,8,482
11/04/2015,9,809
11/04/2015,10,1025
11/04/2015,11,1332
11/04/2015,12,1556
11/04/2015,13,1669
11/04/2015,14,1651
11/04/2015,15,1784
11/04/2015,16,1771
11/04/2015,17,1576
11/04/2015,18,1356
11/04/2015,19,1015
11/04/2015,20,595
11/04/2015,21,414
11/04/2015,22,331
11/04/2015,23,303
11/04/2016,0,148
11/04/2016,1,59
11/04/2016,2,26
11/04/2016,3,19
11/04/2016,4,39
11/04/2016,5,197
11/04/2016,6,774
11/04/2016,7,1696
11/04/2016,8,3257
11/04/2016,9,2304
11/04/2016,10,1172
11/04/2016,11,1128
11/04/2016,12,1367
11/04/2016,13,1527
11/04/2016,14,1641
11/04/2016,15,1856
11/04/2016,16,2401
11/04/2016,17,3920
11/04/2016,18,2981
11/04/2016,19,1907
11/04/2016,20,1485
11/04/2016,21,1025
11/04/2016,22,693
11/04/2016,23,426
11/04/2017,0,292
11/04/2017,1,135
11/04/2017,2,63
11/04/2017,3,43
11/04/2017,4,71
11/04/2017,5,361
11/04/2017,6,1441
11/04/2017,7,2996
11/04/2017,8,5223
11/04/2017,9,3832
11/04/2017,10,2277
11/04/2017,11,2366
11/04/2017,12,2658
11/04/2017,13,2822
11/04/2017,14,2851
11/04/2017,15,3039
11/04/2017,16,3936
11/04/2017,17,6347
11/04/2017,18,6338
11/04/2017,19,4186
11/04/2017,20,2444
11/04/2017,21,1703
11/04/2017,22,1204
11/04/2017,23,682
11/04/2018,0,268
11/04/2018,1,101
11/04/2018,2,46
11/04/2018,3,36
11/04/2018,4,46
11/04/2018,5,374
11/04/2018,6,1387
11/04/2018,7,2990
11/04/2018,8,5208
11/04/2018,9,3629
11/04/2018,10,1948
11/04/2018,11,1793
11/04/2018,12,2084
11/04/2018,13,2216
11/04/2018,14,2319
11/04/2018,15,2463
11/04/2018,16,3018
11/04/2018,17,5022
11/04/2018,18,5240
11/04/2018,19,3257
11/04/2018,20,1989
11/04/2018,21,1462
11/04/2018,22,1089
11/04/2018,23,627
11/05/2014,0,130
11/05/2014,1,160
11/05/2014,2,132
11/05/2014,3,71
11/05/2014,4,63
11/05/2014,5,58
11/05/2014,6,103
11/05/2014,7,218
11/05/2014,8,540
11/05/2014,9,990
11/05/2014,10,1479
11/05/2014,11,1945
11/05/2014,12,2213
11/05/2014,13,2522
11/05/2014,14,2575
11/05/2014,15,2472
11/05/2014,16,2498
11/05/2014,17,2462
11/05/2014,18,2279
11/05/2014,19,1827
11/05/2014,20,1423
11/05/2014,21,983
11/05/2014,22,766
11/05/2014,23,417
11/05/2015,0,211
11/05/2015,1,104
11/05/2015,2,54
11/05/2015,3,37
11/05/2015,4,43
11/05/2015,5,234
11/05/2015,6,853
11/05/2015,7,1794
11/05/2015,8,2953
11/05/2015,9,1961
11/05/2015,10,1332
11/05/2015,11,1135
11/05/2015,12,1409
11/05/2015,13,1552
11/05/2015,14,1555
11/05/2015,15,1410
11/05/2015,16,1966
11/05/2015,17,3722
11/05/2015,18,3550
11/05/2015,19,2560
11/05/2015,20,1636
11/05/2015,21,1083
11/05/2015,22,749
11/05/2015,23,479
11/05/2016,0,290
11/05/2016,1,129
11/05/2016,2,68
11/05/2016,3,33
11/05/2016,4,78
11/05/2016,5,317
11/05/2016,6,1324
11/05/2016,7,2859
11/05/2016,8,5097
11/05/2016,9,3568
11/05/2016,10,1979
11/05/2016,11,1853
11/05/2016,12,2255
11/05/2016,13,2267
11/05/2016,14,2371
11/05/2016,15,2481
11/05/2016,16,3206
11/05/2016,17,5652
11/05/2016,18,5543
11/05/2016,19,3778
11/05/2016,20,2412
11/05/2016,21,1706
11/05/2016,22,1217
11/05/2016,23,698
11/05/2017,0,354
11/05/2017,1,158
11/05/2017,2,95
11/05/2017,3,42
11/05/2017,4,69
11/05/2017,5,400
11/05/2017,6,1507
11/05/2017,7,3471
11/05/2017,8,5955
11/05/2017,9,4055
11/05/2017,10,2205
11/05/2017,11,2182
11/05/2017,12,2588
11/05/2017,13,2580
11/05/2017,14,2768
11/05/2017,15,2866
11/05/2017,16,3637
11/05/2017,17,6157
11/05/2017,18,6086
11/05/2017,19,3924
11/05/2017,20,2514
11/05/2017,21,1591
11/05/2017,22,1225
11/05/2017,23,779
11/05/2018,0,454
11/05/2018,1,247
11/05/2018,2,137
11/05/2018,3,82
11/05/2018,4,96
11/05/2018,5,482
11/05/2018,6,1800
11/05/2018,7,3902
11/05/2018,8,6794
11/05/2018,9,4984
11/05/2018,10,3204
11/05/2018,11,3339
11/05/2018,12,3753
11/05/2018,13,3940
11/05/2018,14,4293
11/05/2018,15,4752
11/05/2018,16,5972
11/05/2018,17,8238
11/05/2018,18,6865
11/05/2018,19,4549
11/05/2018,20,2685
11/05/2018,21,1942
11/05/2018,22,1549
11/05/2018,23,1207
11/06/2014,0,283
11/06/2014,1,123
11/06/2014,2,38
11/06/2014,3,34
11/06/2014,4,48
11/06/2014,5,141
11/06/2014,6,501
11/06/2014,7,1009
11/06/2014,8,2510
11/06/2014,9,1936
11/06/2014,10,1211
11/06/2014,11,1186
11/06/2014,12,1408
11/06/2014,13,1458
11/06/2014,14,1548
11/06/2014,15,1663
11/06/2014,16,2024
11/06/2014,17,3219
11/06/2014,18,3405
11/06/2014,19,2443
11/06/2014,20,1748
11/06/2014,21,1132
11/06/2014,22,827
11/06/2014,23,653
11/06/2015,0,318
11/06/2015,1,134
11/06/2015,2,72
11/06/2015,3,35
11/06/2015,4,38
11/06/2015,5,272
11/06/2015,6,1084
11/06/2015,7,2131
11/06/2015,8,3618
11/06/2015,9,2607
11/06/2015,10,1432
11/06/2015,11,1395
11/06/2015,12,1515
11/06/2015,13,1627
11/06/2015,14,1653
11/06/2015,15,1766
11/06/2015,16,2300
11/06/2015,17,3715
11/06/2015,18,3945
11/06/2015,19,2759
11/06/2015,20,1981
11/06/2015,21,1260
11/06/2015,22,986
11/06/2015,23,757
11/06/2016,0,722
11/06/2016,1,387
11/06/2016,2,268
11/06/2016,3,195
11/06/2016,4,128
11/06/2016,5,100
11/06/2016,6,269
11/06/2016,7,583
11/06/2016,8,1066
11/06/2016,9,1777
11/06/2016,10,2481
11/06/2016,11,3106
11/06/2016,12,3477
11/06/2016,13,3312
11/06/2016,14,3395
11/06/2016,15,3214
11/06/2016,16,3078
11/06/2016,17,3035
11/06/2016,18,2827
11/06/2016,19,2420
11/06/2016,20,1772
11/06/2016,21,1344
11/06/2016,22,1079
11/06/2016,23,995
11/06/2017,0,875
11/06/2017,1,574
11/06/2017,2,339
11/06/2017,3,249
11/06/2017,4,146
11/06/2017,5,111
11/06/2017,6,229
11/06/2017,7,601
11/06/2017,8,1250
11/06/2017,9,2186
11/06/2017,10,2955
11/06/2017,11,3493
11/06/2017,12,3955
11/06/2017,13,4121
11/06/2017,14,4106
11/06/2017,15,3963
11/06/2017,16,3967
11/06/2017,17,4052
11/06/2017,18,3916
11/06/2017,19,3410
11/06/2017,20,2728
11/06/2017,21,1934
11/06/2017,22,1399
11/06/2017,23,868
11/07/2013,0,328
11/07/2013,1,149
11/07/2013,2,73
11/07/2013,3,36
11/07/2013,4,32
11/07/2013,5,96
11/07/2013,6,505
11/07/2013,7,1194
11/07/2013,8,2250
11/07/2013,9,1675
11/07/2013,10,875
11/07/2013,11,957
11/07/2013,12,1270
11/07/2013,13,1108
11/07/2013,14,1074
11/07/2013,15,1226
11/07/2013,16,1302
11/07/2013,17,1937
11/07/2013,18,2049
11/07/2013,19,1923
11/07/2013,20,1471
11/07/2013,21,1202
11/07/2013,22,998
11/07/2013,23,687
11/07/2014,0,408
11/07/2014,1,248
11/07/2014,2,108
11/07/2014,3,76
11/07/2014,4,46
11/07/2014,5,184
11/07/2014,6,870
11/07/2014,7,1715
11/07/2014,8,3144
11/07/2014,9,2401
11/07/2014,10,1362
11/07/2014,11,1302
11/07/2014,12,1665
11/07/2014,13,1877
11/07/2014,14,1954
11/07/2014,15,2068
11/07/2014,16,2686
11/07/2014,17,3351
11/07/2014,18,3025
11/07/2014,19,2283
11/07/2014,20,1623
11/07/2014,21,1110
11/07/2014,22,844
11/07/2014,23,650
11/07/2015,0,568
11/07/2015,1,364
11/07/2015,2,243
11/07/2015,3,188
11/07/2015,4,95
11/07/2015,5,70
11/07/2015,6,209
11/07/2015,7,424
11/07/2015,8,748
11/07/2015,9,1291
11/07/2015,10,1720
11/07/2015,11,2059
11/07/2015,12,2444
11/07/2015,13,2610
11/07/2015,14,2519
11/07/2015,15,2485
11/07/2015,16,2585
11/07/2015,17,2470
11/07/2015,18,2265
11/07/2015,19,1949
11/07/2015,20,1523
11/07/2015,21,1191
11/07/2015,22,947
11/07/2015,23,752
11/07/2016,0,322
11/07/2016,1,148
11/07/2016,2,80
11/07/2016,3,46
11/07/2016,4,58
11/07/2016,5,370
11/07/2016,6,1403
11/07/2016,7,3004
11/07/2016,8,4781
11/07/2016,9,3474
11/07/2016,10,1821
11/07/2016,11,1704
11/07/2016,12,2240
11/07/2016,13,2307
11/07/2016,14,2267
11/07/2016,15,2490
11/07/2016,16,3224
11/07/2016,17,5782
11/07/2016,18,6246
11/07/2016,19,4432
11/07/2016,20,2855
11/07/2016,21,1854
11/07/2016,22,1308
11/07/2016,23,654
11/07/2017,0,351
11/07/2017,1,150
11/07/2017,2,80
11/07/2017,3,48
11/07/2017,4,85
11/07/2017,5,557
11/07/2017,6,1855
11/07/2017,7,3697
11/07/2017,8,6054
11/07/2017,9,4045
11/07/2017,10,2216
11/07/2017,11,2076
11/07/2017,12,2450
11/07/2017,13,2679
11/07/2017,14,2703
11/07/2017,15,2882
11/07/2017,16,3709
11/07/2017,17,6237
11/07/2017,18,6754
11/07/2017,19,4812
11/07/2017,20,3425
11/07/2017,21,2385
11/07/2017,22,1710
11/07/2017,23,711
11/08/2013,0,704
11/08/2013,1,404
11/08/2013,2,327
11/08/2013,3,189
11/08/2013,4,125
11/08/2013,5,75
11/08/2013,6,112
11/08/2013,7,250
11/08/2013,8,583
11/08/2013,9,1030
11/08/2013,10,1630
11/08/2013,11,2156
11/08/2013,12,2402
11/08/2013,13,2714
11/08/2013,14,2761
11/08/2013,15,2916
11/08/2013,16,2777
11/08/2013,17,2861
11/08/2013,18,2653
11/08/2013,19,2386
11/08/2013,20,1581
11/08/2013,21,1048
11/08/2013,22,840
11/08/2013,23,536
11/08/2014,0,279
11/08/2014,1,128
11/08/2014,2,62
11/08/2014,3,33
11/08/2014,4,44
11/08/2014,5,181
11/08/2014,6,887
11/08/2014,7,1668
11/08/2014,8,2905
11/08/2014,9,2200
11/08/2014,10,1181
11/08/2014,11,1170
11/08/2014,12,1356
11/08/2014,13,1483
11/08/2014,14,1459
11/08/2014,15,1640
11/08/2014,16,2167
11/08/2014,17,3628
11/08/2014,18,3989
11/08/2014,19,2820
11/08/2014,20,1874
11/08/2014,21,1141
11/08/2014,22,827
11/08/2014,23,542
11/08/2015,0,294
11/08/2015,1,136
11/08/2015,2,75
11/08/2015,3,35
11/08/2015,4,53
11/08/2015,5,158
11/08/2015,6,157
11/08/2015,7,271
11/08/2015,8,1189
11/08/2015,9,1049
11/08/2015,10,340
11/08/2015,11,562
11/08/2015,12,979
11/08/2015,13,1166
11/08/2015,14,1416
11/08/2015,15,1528
11/08/2015,16,2026
11/08/2015,17,3079
11/08/2015,18,3515
11/08/2015,19,2573
11/08/2015,20,1734
11/08/2015,21,1255
11/08/2015,22,925
11/08/2015,23,551
11/08/2016,0,439
11/08/2016,1,238
11/08/2016,2,109
11/08/2016,3,55
11/08/2016,4,77
11/08/2016,5,323
11/08/2016,6,1362
11/08/2016,7,2801
11/08/2016,8,4713
11/08/2016,9,3502
11/08/2016,10,1998
11/08/2016,11,1888
11/08/2016,12,2119
11/08/2016,13,2152
11/08/2016,14,2194
11/08/2016,15,2240
11/08/2016,16,2937
11/08/2016,17,4748
11/08/2016,18,3666
11/08/2016,19,3531
11/08/2016,20,2503
11/08/2016,21,1693
11/08/2016,22,1250
11/08/2016,23,892
11/08/2017,0,648
11/08/2017,1,318
11/08/2017,2,157
11/08/2017,3,98
11/08/2017,4,98
11/08/2017,5,408
11/08/2017,6,1627
11/08/2017,7,2975
11/08/2017,8,5516
11/08/2017,9,4235
11/08/2017,10,2630
11/08/2017,11,2694
11/08/2017,12,3341
11/08/2017,13,3632
11/08/2017,14,3734
11/08/2017,15,4075
11/08/2017,16,5129
11/08/2017,17,6290
11/08/2017,18,5370
11/08/2017,19,3952
11/08/2017,20,2360
11/08/2017,21,1458
11/08/2017,22,1310
11/08/2017,23,1085
11/09/2013,0,368
11/09/2013,1,176
11/09/2013,2,79
11/09/2013,3,49
11/09/2013,4,49
11/09/2013,5,216
11/09/2013,6,929
11/09/2013,7,1992
11/09/2013,8,3115
11/09/2013,9,2450
11/09/2013,10,1451
11/09/2013,11,1311
11/09/2013,12,1591
11/09/2013,13,1631
11/09/2013,14,1516
11/09/2013,15,1651
11/09/2013,16,2137
11/09/2013,17,3566
11/09/2013,18,3821
11/09/2013,19,2691
11/09/2013,20,1841
11/09/2013,21,1424
11/09/2013,22,1040
11/09/2013,23,718
11/09/2014,0,295
11/09/2014,1,133
11/09/2014,2,72
11/09/2014,3,48
11/09/2014,4,58
11/09/2014,5,212
11/09/2014,6,1001
11/09/2014,7,2035
11/09/2014,8,3441
11/09/2014,9,2587
11/09/2014,10,1366
11/09/2014,11,1369
11/09/2014,12,1635
11/09/2014,13,1675
11/09/2014,14,1701
11/09/2014,15,1859
11/09/2014,16,2312
11/09/2014,17,3763
11/09/2014,18,3807
11/09/2014,19,2763
11/09/2014,20,1866
11/09/2014,21,1289
11/09/2014,22,1041
11/09/2014,23,753
11/09/2015,0,207
11/09/2015,1,133
11/09/2015,2,85
11/09/2015,3,33
11/09/2015,4,60
11/09/2015,5,236
11/09/2015,6,1049
11/09/2015,7,2458
11/09/2015,8,4332
11/09/2015,9,3257
11/09/2015,10,1882
11/09/2015,11,1826
11/09/2015,12,2153
11/09/2015,13,2361
11/09/2015,14,2590
11/09/2015,15,2705
11/09/2015,16,3567
11/09/2015,17,5175
11/09/2015,18,4546
11/09/2015,19,3244
11/09/2015,20,2039
11/09/2015,21,1519
11/09/2015,22,1193
11/09/2015,23,963
11/09/2016,0,897
11/09/2016,1,595
11/09/2016,2,397
11/09/2016,3,235
11/09/2016,4,158
11/09/2016,5,83
11/09/2016,6,211
11/09/2016,7,539
11/09/2016,8,1124
11/09/2016,9,2041
11/09/2016,10,2883
11/09/2016,11,3478
11/09/2016,12,4278
11/09/2016,13,4101
11/09/2016,14,4318
11/09/2016,15,4290
11/09/2016,16,4646
11/09/2016,17,4427
11/09/2016,18,4097
11/09/2016,19,3372
11/09/2016,20,2376
11/09/2016,21,1743
11/09/2016,22,1180
11/09/2016,23,776
11/09/2017,0,405
11/09/2017,1,169
11/09/2017,2,109
11/09/2017,3,52
11/09/2017,4,91
11/09/2017,5,493
11/09/2017,6,1841
11/09/2017,7,4278
11/09/2017,8,6885
11/09/2017,9,4454
11/09/2017,10,2562
11/09/2017,11,2577
11/09/2017,12,3020
11/09/2017,13,3137
11/09/2017,14,3396
11/09/2017,15,3747
11/09/2017,16,4806
11/09/2017,17,8037
11/09/2017,18,8374
11/09/2017,19,5290
11/09/2017,20,3426
11/09/2017,21,2382
11/09/2017,22,1465
11/09/2017,23,921
11/10/2013,0,317
11/10/2013,1,174
11/10/2013,2,97
11/10/2013,3,51
11/10/2013,4,58
11/10/2013,5,160
11/10/2013,6,727
11/10/2013,7,1645
11/10/2013,8,3002
11/10/2013,9,2350
11/10/2013,10,1434
11/10/2013,11,1282
11/10/2013,12,1354
11/10/2013,13,1669
11/10/2013,14,1721
11/10/2013,15,1954
11/10/2013,16,2626
11/10/2013,17,3521
11/10/2013,18,3151
11/10/2013,19,2020
11/10/2013,20,1415
11/10/2013,21,1091
11/10/2013,22,830
11/10/2013,23,708
11/10/2014,0,395
11/10/2014,1,259
11/10/2014,2,116
11/10/2014,3,107
11/10/2014,4,28
11/10/2014,5,20
11/10/2014,6,42
11/10/2014,7,107
11/10/2014,8,154
11/10/2014,9,209
11/10/2014,10,194
11/10/2014,11,422
11/10/2014,12,602
11/10/2014,13,941
11/10/2014,14,1144
11/10/2014,15,1413
11/10/2014,16,1410
11/10/2014,17,1292
11/10/2014,18,1162
11/10/2014,19,900
11/10/2014,20,660
11/10/2014,21,504
11/10/2014,22,458
11/10/2014,23,426
11/10/2015,0,629
11/10/2015,1,403
11/10/2015,2,264
11/10/2015,3,168
11/10/2015,4,94
11/10/2015,5,61
11/10/2015,6,167
11/10/2015,7,316
11/10/2015,8,673
11/10/2015,9,1409
11/10/2015,10,2070
11/10/2015,11,2879
11/10/2015,12,3121
11/10/2015,13,3450
11/10/2015,14,3627
11/10/2015,15,3666
11/10/2015,16,3839
11/10/2015,17,3508
11/10/2015,18,2875
11/10/2015,19,1916
11/10/2015,20,1397
11/10/2015,21,1075
11/10/2015,22,810
11/10/2015,23,550
11/10/2017,0,450
11/10/2017,1,217
11/10/2017,2,133
11/10/2017,3,69
11/10/2017,4,98
11/10/2017,5,532
11/10/2017,6,1955
11/10/2017,7,4458
11/10/2017,8,7297
11/10/2017,9,4853
11/10/2017,10,2907
11/10/2017,11,2679
11/10/2017,12,3101
11/10/2017,13,3183
11/10/2017,14,3236
11/10/2017,15,3713
11/10/2017,16,4699
11/10/2017,17,6233
11/10/2017,18,3364
11/10/2017,19,3585
11/10/2017,20,2515
11/10/2017,21,2006
11/10/2017,22,1422
11/10/2017,23,884
11/11/2013,0,144
11/11/2013,1,94
11/11/2013,2,59
11/11/2013,3,32
11/11/2013,4,41
11/11/2013,5,123
11/11/2013,6,555
11/11/2013,7,1296
11/11/2013,8,2529
11/11/2013,9,2019
11/11/2013,10,1124
11/11/2013,11,1059
11/11/2013,12,1339
11/11/2013,13,1364
11/11/2013,14,1454
11/11/2013,15,1483
11/11/2013,16,1751
11/11/2013,17,2807
11/11/2013,18,2885
11/11/2013,19,1957
11/11/2013,20,1291
11/11/2013,21,914
11/11/2013,22,604
11/11/2013,23,371
11/11/2014,0,219
11/11/2014,1,117
11/11/2014,2,48
11/11/2014,3,36
11/11/2014,4,37
11/11/2014,5,156
11/11/2014,6,652
11/11/2014,7,1550
11/11/2014,8,2790
11/11/2014,9,2185
11/11/2014,10,1237
11/11/2014,11,1207
11/11/2014,12,1379
11/11/2014,13,1415
11/11/2014,14,1549
11/11/2014,15,1648
11/11/2014,16,1984
11/11/2014,17,2905
11/11/2014,18,2880
11/11/2014,19,1906
11/11/2014,20,1371
11/11/2014,21,1011
11/11/2014,22,680
11/11/2014,23,396
11/11/2015,0,82
11/11/2015,1,37
11/11/2015,2,32
11/11/2015,3,21
11/11/2015,4,31
11/11/2015,5,115
11/11/2015,6,522
11/11/2015,7,1270
11/11/2015,8,3428
11/11/2015,9,2874
11/11/2015,10,1665
11/11/2015,11,1593
11/11/2015,12,1881
11/11/2015,13,1924
11/11/2015,14,2053
11/11/2015,15,2364
11/11/2015,16,2690
11/11/2015,17,3795
11/11/2015,18,3936
11/11/2015,19,2702
11/11/2015,20,1799
11/11/2015,21,1333
11/11/2015,22,992
11/11/2015,23,566
11/11/2017,0,279
11/11/2017,1,191
11/11/2017,2,118
11/11/2017,3,69
11/11/2017,4,45
11/11/2017,5,59
11/11/2017,6,162
11/11/2017,7,479
11/11/2017,8,912
11/11/2017,9,1454
11/11/2017,10,1917
11/11/2017,11,2293
11/11/2017,12,2462
11/11/2017,13,2516
11/11/2017,14,2430
11/11/2017,15,2485
11/11/2017,16,2368
11/11/2017,17,1887
11/11/2017,18,1636
11/11/2017,19,1337
11/11/2017,20,1009
11/11/2017,21,784
11/11/2017,22,688
11/11/2017,23,562
11/12/2013,0,113
11/12/2013,1,48
11/12/2013,2,43
11/12/2013,3,23
11/12/2013,4,26
11/12/2013,5,115
11/12/2013,6,488
11/12/2013,7,1067
11/12/2013,8,1923
11/12/2013,9,1525
11/12/2013,10,794
11/12/2013,11,684
11/12/2013,12,846
11/12/2013,13,882
11/12/2013,14,859
11/12/2013,15,905
11/12/2013,16,1137
11/12/2013,17,1916
11/12/2013,18,1849
11/12/2013,19,1344
11/12/2013,20,810
11/12/2013,21,632
11/12/2013,22,482
11/12/2013,23,255
11/12/2014,0,109
11/12/2014,1,62
11/12/2014,2,31
11/12/2014,3,16
11/12/2014,4,24
11/12/2014,5,117
11/12/2014,6,482
11/12/2014,7,957
11/12/2014,8,1800
11/12/2014,9,1462
11/12/2014,10,808
11/12/2014,11,623
11/12/2014,12,752
11/12/2014,13,784
11/12/2014,14,823
11/12/2014,15,874
11/12/2014,16,1151
11/12/2014,17,1674
11/12/2014,18,1939
11/12/2014,19,1328
11/12/2014,20,895
11/12/2014,21,611
11/12/2014,22,470
11/12/2014,23,349
11/12/2015,0,370
11/12/2015,1,193
11/12/2015,2,96
11/12/2015,3,58
11/12/2015,4,64
11/12/2015,5,231
11/12/2015,6,911
11/12/2015,7,2110
11/12/2015,8,4109
11/12/2015,9,2974
11/12/2015,10,1623
11/12/2015,11,1658
11/12/2015,12,1911
11/12/2015,13,1898
11/12/2015,14,2169
11/12/2015,15,2313
11/12/2015,16,2852
11/12/2015,17,3823
11/12/2015,18,3296
11/12/2015,19,2216
11/12/2015,20,1508
11/12/2015,21,1070
11/12/2015,22,839
11/12/2015,23,768
11/12/2017,0,171
11/12/2017,1,74
11/12/2017,2,39
11/12/2017,3,32
11/12/2017,4,80
11/12/2017,5,348
11/12/2017,6,1161
11/12/2017,7,2490
11/12/2017,8,5123
11/12/2017,9,3814
11/12/2017,10,1747
11/12/2017,11,1447
11/12/2017,12,1676
11/12/2017,13,1669
11/12/2017,14,1852
11/12/2017,15,2039
11/12/2017,16,2554
11/12/2017,17,4191
11/12/2017,18,4218
11/12/2017,19,2715
11/12/2017,20,1791
11/12/2017,21,1238
11/12/2017,22,874
11/12/2017,23,495
12/01/2014,0,172
12/01/2014,1,136
12/01/2014,2,88
12/01/2014,3,74
12/01/2014,4,52
12/01/2014,5,27
12/01/2014,6,42
12/01/2014,7,109
12/01/2014,8,219
12/01/2014,9,430
12/01/2014,10,731
12/01/2014,11,922
12/01/2014,12,1090
12/01/2014,13,1178
12/01/2014,14,1177
12/01/2014,15,1164
12/01/2014,16,1222
12/01/2014,17,955
12/01/2014,18,809
12/01/2014,19,609
12/01/2014,20,444
12/01/2014,21,353
12/01/2014,22,304
12/01/2014,23,208
12/01/2015,0,72
12/01/2015,1,36
12/01/2015,2,17
12/01/2015,3,12
12/01/2015,4,16
12/01/2015,5,130
12/01/2015,6,382
12/01/2015,7,676
12/01/2015,8,804
12/01/2015,9,427
12/01/2015,10,181
12/01/2015,11,137
12/01/2015,12,136
12/01/2015,13,115
12/01/2015,14,138
12/01/2015,15,213
12/01/2015,16,457
12/01/2015,17,1156
12/01/2015,18,1307
12/01/2015,19,880
12/01/2015,20,636
12/01/2015,21,333
12/01/2015,22,234
12/01/2015,23,150
12/01/2016,0,133
12/01/2016,1,45
12/01/2016,2,21
12/01/2016,3,17
12/01/2016,4,48
12/01/2016,5,230
12/01/2016,6,784
12/01/2016,7,1610
12/01/2016,8,3005
12/01/2016,9,2063
12/01/2016,10,1011
12/01/2016,11,887
12/01/2016,12,1027
12/01/2016,13,1055
12/01/2016,14,1104
12/01/2016,15,1195
12/01/2016,16,1435
12/01/2016,17,2381
12/01/2016,18,2724
12/01/2016,19,1795
12/01/2016,20,1194
12/01/2016,21,702
12/01/2016,22,493
12/01/2016,23,252
12/01/2018,0,227
12/01/2018,1,117
12/01/2018,2,63
12/01/2018,3,35
12/01/2018,4,47
12/01/2018,5,253
12/01/2018,6,831
12/01/2018,7,1538
12/01/2018,8,2640
12/01/2018,9,1837
12/01/2018,10,986
12/01/2018,11,935
12/01/2018,12,824
12/01/2018,13,768
12/01/2018,14,510
12/01/2018,15,806
12/01/2018,16,1785
12/01/2018,17,2763
12/01/2018,18,2335
12/01/2018,19,967
12/01/2018,20,924
12/01/2018,21,443
12/01/2018,22,357
12/01/2018,23,263
12/02/2014,0,35
12/02/2014,1,20
12/02/2014,2,7
12/02/2014,3,3
12/02/2014,4,11
12/02/2014,5,64
12/02/2014,6,201
12/02/2014,7,435
12/02/2014,8,873
12/02/2014,9,669
12/02/2014,10,359
12/02/2014,11,328
12/02/2014,12,362
12/02/2014,13,423
12/02/2014,14,396
12/02/2014,15,448
12/02/2014,16,576
12/02/2014,17,856
12/02/2014,18,848
12/02/2014,19,640
12/02/2014,20,415
12/02/2014,21,298
12/02/2014,22,202
12/02/2014,23,111
12/02/2015,0,79
12/02/2015,1,50
12/02/2015,2,23
12/02/2015,3,9
12/02/2015,4,16
12/02/2015,5,95
12/02/2015,6,387
12/02/2015,7,708
12/02/2015,8,1271
12/02/2015,9,990
12/02/2015,10,502
12/02/2015,11,428
12/02/2015,12,382
12/02/2015,13,439
12/02/2015,14,478
12/02/2015,15,507
12/02/2015,16,705
12/02/2015,17,1225
12/02/2015,18,1135
12/02/2015,19,728
12/02/2015,20,425
12/02/2015,21,344
12/02/2015,22,213
12/02/2015,23,130
12/02/2016,0,113
12/02/2016,1,59
12/02/2016,2,30
12/02/2016,3,13
12/02/2016,4,31
12/02/2016,5,127
12/02/2016,6,448
12/02/2016,7,982
12/02/2016,8,1744
12/02/2016,9,1385
12/02/2016,10,738
12/02/2016,11,695
12/02/2016,12,792
12/02/2016,13,835
12/02/2016,14,931
12/02/2016,15,1017
12/02/2016,16,1213
12/02/2016,17,1634
12/02/2016,18,1416
12/02/2016,19,889
12/02/2016,20,552
12/02/2016,21,350
12/02/2016,22,260
12/02/2016,23,195
12/02/2018,0,168
12/02/2018,1,79
12/02/2018,2,46
12/02/2018,3,30
12/02/2018,4,66
12/02/2018,5,348
12/02/2018,6,1116
12/02/2018,7,2351
12/02/2018,8,3865
12/02/2018,9,2406
12/02/2018,10,1186
12/02/2018,11,1192
12/02/2018,12,1515
12/02/2018,13,1523
12/02/2018,14,1648
12/02/2018,15,1755
12/02/2018,16,2365
12/02/2018,17,3850
12/02/2018,18,3696
12/02/2018,19,2408
12/02/2018,20,1550
12/02/2018,21,1024
12/02/2018,22,641
12/02/2018,23,311
12/03/2014,0,158
12/03/2014,1,85
12/03/2014,2,46
12/03/2014,3,18
12/03/2014,4,27
12/03/2014,5,143
12/03/2014,6,530
12/03/2014,7,1026
12/03/2014,8,2251
12/03/2014,9,1792
12/03/2014,10,899
12/03/2014,11,779
12/03/2014,12,950
12/03/2014,13,860
12/03/2014,14,862
12/03/2014,15,936
12/03/2014,16,871
12/03/2014,17,544
12/03/2014,18,553
12/03/2014,19,865
12/03/2014,20,346
12/03/2014,21,184
12/03/2014,22,203
12/03/2014,23,173
12/03/2015,0,139
12/03/2015,1,50
12/03/2015,2,25
12/03/2015,3,10
12/03/2015,4,18
12/03/2015,5,97
12/03/2015,6,500
12/03/2015,7,1066
12/03/2015,8,1926
12/03/2015,9,1427
12/03/2015,10,734
12/03/2015,11,646
12/03/2015,12,760
12/03/2015,13,750
12/03/2015,14,789
12/03/2015,15,868
12/03/2015,16,1108
12/03/2015,17,1905
12/03/2015,18,1831
12/03/2015,19,1188
12/03/2015,20,697
12/03/2015,21,453
12/03/2015,22,343
12/03/2015,23,200
12/03/2016,0,349
12/03/2016,1,269
12/03/2016,2,133
12/03/2016,3,76
12/03/2016,4,68
12/03/2016,5,63
12/03/2016,6,169
12/03/2016,7,399
12/03/2016,8,839
12/03/2016,9,1461
12/03/2016,10,2048
12/03/2016,11,2451
12/03/2016,12,2938
12/03/2016,13,3235
12/03/2016,14,3243
12/03/2016,15,3336
12/03/2016,16,2945
12/03/2016,17,2523
12/03/2016,18,1907
12/03/2016,19,1431
12/03/2016,20,931
12/03/2016,21,815
12/03/2016,22,631
12/03/2016,23,511
12/03/2018,0,182
12/03/2018,1,85
12/03/2018,2,52
12/03/2018,3,51
12/03/2018,4,49
12/03/2018,5,321
12/03/2018,6,1018
12/03/2018,7,2229
12/03/2018,8,3986
12/03/2018,9,2737
12/03/2018,10,1474
12/03/2018,11,1289
12/03/2018,12,1607
12/03/2018,13,1612
12/03/2018,14,1665
12/03/2018,15,1807
12/03/2018,16,2328
12/03/2018,17,3930
12/03/2018,18,4083
12/03/2018,19,2660
12/03/2018,20,1663
12/03/2018,21,977
12/03/2018,22,368
12/03/2018,23,167
12/04/2014,0,312
12/04/2014,1,226
12/04/2014,2,158
12/04/2014,3,80
12/04/2014,4,54
12/04/2014,5,50
12/04/2014,6,111
12/04/2014,7,276
12/04/2014,8,601
12/04/2014,9,1004
12/04/2014,10,1414
12/04/2014,11,1877
12/04/2014,12,2308
12/04/2014,13,2511
12/04/2014,14,2495
12/04/2014,15,2633
12/04/2014,16,2576
12/04/2014,17,2362
12/04/2014,18,2021
12/04/2014,19,1515
12/04/2014,20,893
12/04/2014,21,585
12/04/2014,22,599
12/04/2014,23,447
12/04/2015,0,278
12/04/2015,1,185
12/04/2015,2,114
12/04/2015,3,61
12/04/2015,4,39
12/04/2015,5,19
12/04/2015,6,70
12/04/2015,7,165
12/04/2015,8,361
12/04/2015,9,777
12/04/2015,10,1107
12/04/2015,11,1417
12/04/2015,12,1676
12/04/2015,13,1805
12/04/2015,14,1909
12/04/2015,15,1977
12/04/2015,16,1920
12/04/2015,17,1694
12/04/2015,18,1526
12/04/2015,19,1094
12/04/2015,20,699
12/04/2015,21,491
12/04/2015,22,327
12/04/2015,23,243
12/04/2016,0,187
12/04/2016,1,83
12/04/2016,2,52
12/04/2016,3,35
12/04/2016,4,51
12/04/2016,5,165
12/04/2016,6,750
12/04/2016,7,974
12/04/2016,8,802
12/04/2016,9,602
12/04/2016,10,523
12/04/2016,11,469
12/04/2016,12,546
12/04/2016,13,902
12/04/2016,14,1373
12/04/2016,15,1637
12/04/2016,16,2194
12/04/2016,17,3559
12/04/2016,18,3403
12/04/2016,19,2315
12/04/2016,20,1332
12/04/2016,21,895
12/04/2016,22,594
12/04/2016,23,322
12/04/2017,0,330
12/04/2017,1,154
12/04/2017,2,77
12/04/2017,3,40
12/04/2017,4,52
12/04/2017,5,392
12/04/2017,6,1361
12/04/2017,7,2994
12/04/2017,8,5310
12/04/2017,9,3739
12/04/2017,10,2082
12/04/2017,11,1369
12/04/2017,12,1438
12/04/2017,13,1670
12/04/2017,14,2044
12/04/2017,15,2413
12/04/2017,16,3319
12/04/2017,17,5797
12/04/2017,18,6172
12/04/2017,19,4150
12/04/2017,20,2451
12/04/2017,21,1754
12/04/2017,22,1284
12/04/2017,23,796
12/04/2018,0,249
12/04/2018,1,99
12/04/2018,2,70
12/04/2018,3,41
12/04/2018,4,53
12/04/2018,5,393
12/04/2018,6,1423
12/04/2018,7,3117
12/04/2018,8,5542
12/04/2018,9,3950
12/04/2018,10,2105
12/04/2018,11,2020
12/04/2018,12,2426
12/04/2018,13,2478
12/04/2018,14,2554
12/04/2018,15,2671
12/04/2018,16,3365
12/04/2018,17,5371
12/04/2018,18,5529
12/04/2018,19,3698
12/04/2018,20,2407
12/04/2018,21,1668
12/04/2018,22,1164
12/04/2018,23,775
12/05/2014,0,219
12/05/2014,1,87
12/05/2014,2,66
12/05/2014,3,30
12/05/2014,4,43
12/05/2014,5,172
12/05/2014,6,794
12/05/2014,7,1738
12/05/2014,8,3099
12/05/2014,9,2120
12/05/2014,10,1183
12/05/2014,11,1078
12/05/2014,12,1382
12/05/2014,13,1497
12/05/2014,14,1501
12/05/2014,15,1563
12/05/2014,16,2034
12/05/2014,17,3447
12/05/2014,18,3407
12/05/2014,19,2343
12/05/2014,20,1554
12/05/2014,21,1057
12/05/2014,22,767
12/05/2014,23,463
12/05/2015,0,231
12/05/2015,1,115
12/05/2015,2,66
12/05/2015,3,36
12/05/2015,4,58
12/05/2015,5,234
12/05/2015,6,1025
12/05/2015,7,2088
12/05/2015,8,3244
12/05/2015,9,2286
12/05/2015,10,1344
12/05/2015,11,1321
12/05/2015,12,1486
12/05/2015,13,1615
12/05/2015,14,1603
12/05/2015,15,1689
12/05/2015,16,2281
12/05/2015,17,3761
12/05/2015,18,3828
12/05/2015,19,2624
12/05/2015,20,1698
12/05/2015,21,1272
12/05/2015,22,842
12/05/2015,23,478
12/05/2016,0,381
12/05/2016,1,176
12/05/2016,2,107
12/05/2016,3,59
12/05/2016,4,71
12/05/2016,5,273
12/05/2016,6,1269
12/05/2016,7,2781
12/05/2016,8,4988
12/05/2016,9,3622
12/05/2016,10,2071
12/05/2016,11,2102
12/05/2016,12,2375
12/05/2016,13,2541
12/05/2016,14,2754
12/05/2016,15,2818
12/05/2016,16,3432
12/05/2016,17,5506
12/05/2016,18,5470
12/05/2016,19,3654
12/05/2016,20,2304
12/05/2016,21,1592
12/05/2016,22,1215
12/05/2016,23,712
12/05/2017,0,412
12/05/2017,1,226
12/05/2017,2,96
12/05/2017,3,49
12/05/2017,4,82
12/05/2017,5,370
12/05/2017,6,1434
12/05/2017,7,3113
12/05/2017,8,5831
12/05/2017,9,4032
12/05/2017,10,2347
12/05/2017,11,2314
12/05/2017,12,2760
12/05/2017,13,2899
12/05/2017,14,3161
12/05/2017,15,3407
12/05/2017,16,4154
12/05/2017,17,6280
12/05/2017,18,5180
12/05/2017,19,3321
12/05/2017,20,2021
12/05/2017,21,1273
12/05/2017,22,1054
12/05/2017,23,859
12/05/2018,0,786
12/05/2018,1,510
12/05/2018,2,252
12/05/2018,3,155
12/05/2018,4,105
12/05/2018,5,57
12/05/2018,6,205
12/05/2018,7,572
12/05/2018,8,980
12/05/2018,9,1841
12/05/2018,10,1434
12/05/2018,11,2010
12/05/2018,12,2898
12/05/2018,13,3324
12/05/2018,14,3494
12/05/2018,15,3675
12/05/2018,16,3601
12/05/2018,17,2871
12/05/2018,18,1595
12/05/2018,19,885
12/05/2018,20,818
12/05/2018,21,927
12/05/2018,22,830
12/05/2018,23,710
12/06/2014,0,264
12/06/2014,1,158
12/06/2014,2,43
12/06/2014,3,24
12/06/2014,4,36
12/06/2014,5,192
12/06/2014,6,733
12/06/2014,7,1277
12/06/2014,8,2285
12/06/2014,9,2088
12/06/2014,10,998
12/06/2014,11,1067
12/06/2014,12,1302
12/06/2014,13,1355
12/06/2014,14,1462
12/06/2014,15,1695
12/06/2014,16,2055
12/06/2014,17,2928
12/06/2014,18,3360
12/06/2014,19,2218
12/06/2014,20,1319
12/06/2014,21,976
12/06/2014,22,728
12/06/2014,23,521
12/06/2015,0,397
12/06/2015,1,209
12/06/2015,2,129
12/06/2015,3,51
12/06/2015,4,44
12/06/2015,5,231
12/06/2015,6,853
12/06/2015,7,1870
12/06/2015,8,3369
12/06/2015,9,2405
12/06/2015,10,1431
12/06/2015,11,1417
12/06/2015,12,1656
12/06/2015,13,1751
12/06/2015,14,1956
12/06/2015,15,2162
12/06/2015,16,2672
12/06/2015,17,3546
12/06/2015,18,3009
12/06/2015,19,2073
12/06/2015,20,1366
12/06/2015,21,1054
12/06/2015,22,823
12/06/2015,23,662
12/06/2016,0,685
12/06/2016,1,463
12/06/2016,2,325
12/06/2016,3,229
12/06/2016,4,136
12/06/2016,5,85
12/06/2016,6,198
12/06/2016,7,444
12/06/2016,8,794
12/06/2016,9,1420
12/06/2016,10,2132
12/06/2016,11,2893
12/06/2016,12,3153
12/06/2016,13,3354
12/06/2016,14,3541
12/06/2016,15,3568
12/06/2016,16,3378
12/06/2016,17,3613
12/06/2016,18,3257
12/06/2016,19,2754
12/06/2016,20,1939
12/06/2016,21,1041
12/06/2016,22,729
12/06/2016,23,506
12/06/2017,0,403
12/06/2017,1,190
12/06/2017,2,104
12/06/2017,3,59
12/06/2017,4,96
12/06/2017,5,440
12/06/2017,6,1627
12/06/2017,7,3401
12/06/2017,8,5399
12/06/2017,9,3671
12/06/2017,10,1963
12/06/2017,11,1938
12/06/2017,12,2364
12/06/2017,13,2394
12/06/2017,14,2510
12/06/2017,15,2668
12/06/2017,16,3516
12/06/2017,17,6191
12/06/2017,18,6512
12/06/2017,19,4721
12/06/2017,20,3375
12/06/2017,21,2122
12/06/2017,22,1394
12/06/2017,23,813
12/07/2013,0,414
12/07/2013,1,206
12/07/2013,2,124
12/07/2013,3,65
12/07/2013,4,43
12/07/2013,5,118
12/07/2013,6,491
12/07/2013,7,1151
12/07/2013,8,1595
12/07/2013,9,1691
12/07/2013,10,999
12/07/2013,11,1007
12/07/2013,12,1343
12/07/2013,13,1458
12/07/2013,14,882
12/07/2013,15,1068
12/07/2013,16,1686
12/07/2013,17,1830
12/07/2013,18,1284
12/07/2013,19,679
12/07/2013,20,248
12/07/2013,21,286
12/07/2013,22,228
12/07/2013,23,110
12/07/2014,0,472
12/07/2014,1,311
12/07/2014,2,204
12/07/2014,3,160
12/07/2014,4,95
12/07/2014,5,65
12/07/2014,6,203
12/07/2014,7,360
12/07/2014,8,764
12/07/2014,9,1240
12/07/2014,10,1506
12/07/2014,11,1994
12/07/2014,12,2116
12/07/2014,13,2228
12/07/2014,14,2238
12/07/2014,15,2378
12/07/2014,16,2131
12/07/2014,17,1960
12/07/2014,18,2196
12/07/2014,19,1938
12/07/2014,20,1470
12/07/2014,21,1051
12/07/2014,22,878
12/07/2014,23,760
12/07/2015,0,552
12/07/2015,1,387
12/07/2015,2,260
12/07/2015,3,186
12/07/2015,4,120
12/07/2015,5,65
12/07/2015,6,139
12/07/2015,7,290
12/07/2015,8,614
12/07/2015,9,1056
12/07/2015,10,1571
12/07/2015,11,2005
12/07/2015,12,2266
12/07/2015,13,2604
12/07/2015,14,2628
12/07/2015,15,2635
12/07/2015,16,2467
12/07/2015,17,2509
12/07/2015,18,2508
12/07/2015,19,2015
12/07/2015,20,1640
12/07/2015,21,1167
12/07/2015,22,821
12/07/2015,23,532
12/07/2016,0,367
12/07/2016,1,164
12/07/2016,2,107
12/07/2016,3,45
12/07/2016,4,82
12/07/2016,5,413
12/07/2016,6,1622
12/07/2016,7,3242
12/07/2016,8,5431
12/07/2016,9,3860
12/07/2016,10,2068
12/07/2016,11,1969
12/07/2016,12,2287
12/07/2016,13,2343
12/07/2016,14,2435
12/07/2016,15,2526
12/07/2016,16,3329
12/07/2016,17,5816
12/07/2016,18,6164
12/07/2016,19,4426
12/07/2016,20,3159
12/07/2016,21,2249
12/07/2016,22,1496
12/07/2016,23,937
12/07/2017,0,348
12/07/2017,1,199
12/07/2017,2,101
12/07/2017,3,51
12/07/2017,4,78
12/07/2017,5,532
12/07/2017,6,1789
12/07/2017,7,3575
12/07/2017,8,6014
12/07/2017,9,4240
12/07/2017,10,2280
12/07/2017,11,2156
12/07/2017,12,2494
12/07/2017,13,2703
12/07/2017,14,2732
12/07/2017,15,2914
12/07/2017,16,3847
12/07/2017,17,6463
12/07/2017,18,6774
12/07/2017,19,4627
12/07/2017,20,3110
12/07/2017,21,2022
12/07/2017,22,1690
12/07/2017,23,1047
12/08/2013,0,281
12/08/2013,1,111
12/08/2013,2,75
12/08/2013,3,35
12/08/2013,4,49
12/08/2013,5,186
12/08/2013,6,552
12/08/2013,7,430
12/08/2013,8,2144
12/08/2013,9,2077
12/08/2013,10,1027
12/08/2013,11,1091
12/08/2013,12,1416
12/08/2013,13,1472
12/08/2013,14,1479
12/08/2013,15,1533
12/08/2013,16,2158
12/08/2013,17,3545
12/08/2013,18,3790
12/08/2013,19,3082
12/08/2013,20,2052
12/08/2013,21,1312
12/08/2013,22,981
12/08/2013,23,579
12/08/2014,0,271
12/08/2014,1,120
12/08/2014,2,77
12/08/2014,3,32
12/08/2014,4,55
12/08/2014,5,203
12/08/2014,6,976
12/08/2014,7,1898
12/08/2014,8,3151
12/08/2014,9,2296
12/08/2014,10,1251
12/08/2014,11,1226
12/08/2014,12,1486
12/08/2014,13,1462
12/08/2014,14,1262
12/08/2014,15,862
12/08/2014,16,1180
12/08/2014,17,2572
12/08/2014,18,2549
12/08/2014,19,987
12/08/2014,20,1040
12/08/2014,21,572
12/08/2014,22,450
12/08/2014,23,283
12/08/2015,0,337
12/08/2015,1,155
12/08/2015,2,82
12/08/2015,3,47
12/08/2015,4,77
12/08/2015,5,258
12/08/2015,6,1216
12/08/2015,7,2249
12/08/2015,8,3987
12/08/2015,9,2945
12/08/2015,10,1652
12/08/2015,11,1602
12/08/2015,12,1814
12/08/2015,13,1899
12/08/2015,14,1898
12/08/2015,15,2093
12/08/2015,16,2596
12/08/2015,17,4635
12/08/2015,18,4713
12/08/2015,19,3197
12/08/2015,20,2132
12/08/2015,21,1450
12/08/2015,22,1197
12/08/2015,23,763
12/08/2016,0,339
12/08/2016,1,91
12/08/2016,2,88
12/08/2016,3,79
12/08/2016,4,69
12/08/2016,5,273
12/08/2016,6,1155
12/08/2016,7,2324
12/08/2016,8,4158
12/08/2016,9,3308
12/08/2016,10,1959
12/08/2016,11,1882
12/08/2016,12,2177
12/08/2016,13,2432
12/08/2016,14,2473
12/08/2016,15,2881
12/08/2016,16,3484
12/08/2016,17,4214
12/08/2016,18,3831
12/08/2016,19,2464
12/08/2016,20,1856
12/08/2016,21,1307
12/08/2016,22,1008
12/08/2016,23,898
12/08/2017,0,715
12/08/2017,1,299
12/08/2017,2,105
12/08/2017,3,109
12/08/2017,4,108
12/08/2017,5,118
12/08/2017,6,305
12/08/2017,7,834
12/08/2017,8,1689
12/08/2017,9,3112
12/08/2017,10,4535
12/08/2017,11,5596
12/08/2017,12,5898
12/08/2017,13,5062
12/08/2017,14,4785
12/08/2017,15,4711
12/08/2017,16,4527
12/08/2017,17,4218
12/08/2017,18,3998
12/08/2017,19,3397
12/08/2017,20,2229
12/08/2017,21,1653
12/08/2017,22,1426
12/08/2017,23,1111
12/09/2013,0,377
12/09/2013,1,226
12/09/2013,2,115
12/09/2013,3,58
12/09/2013,4,54
12/09/2013,5,239
12/09/2013,6,876
12/09/2013,7,1983
12/09/2013,8,3366
12/09/2013,9,2411
12/09/2013,10,1427
12/09/2013,11,1357
12/09/2013,12,1698
12/09/2013,13,947
12/09/2013,14,1270
12/09/2013,15,1653
12/09/2013,16,2295
12/09/2013,17,3706
12/09/2013,18,3771
12/09/2013,19,1019
12/09/2013,20,406
12/09/2013,21,638
12/09/2013,22,780
12/09/2013,23,580
12/09/2014,0,350
12/09/2014,1,210
12/09/2014,2,120
12/09/2014,3,53
12/09/2014,4,54
12/09/2014,5,206
12/09/2014,6,900
12/09/2014,7,1965
12/09/2014,8,3248
12/09/2014,9,2606
12/09/2014,10,1557
12/09/2014,11,1517
12/09/2014,12,1826
12/09/2014,13,1939
12/09/2014,14,2089
12/09/2014,15,2238
12/09/2014,16,2867
12/09/2014,17,3812
12/09/2014,18,3583
12/09/2014,19,2392
12/09/2014,20,1443
12/09/2014,21,930
12/09/2014,22,701
12/09/2014,23,598
12/09/2015,0,701
12/09/2015,1,406
12/09/2015,2,313
12/09/2015,3,191
12/09/2015,4,122
12/09/2015,5,80
12/09/2015,6,192
12/09/2015,7,458
12/09/2015,8,999
12/09/2015,9,1674
12/09/2015,10,2324
12/09/2015,11,2759
12/09/2015,12,3060
12/09/2015,13,3175
12/09/2015,14,3196
12/09/2015,15,3121
12/09/2015,16,2936
12/09/2015,17,2514
12/09/2015,18,1686
12/09/2015,19,1344
12/09/2015,20,571
12/09/2015,21,762
12/09/2015,22,650
12/09/2015,23,427
12/09/2016,0,374
12/09/2016,1,164
12/09/2016,2,93
12/09/2016,3,56
12/09/2016,4,89
12/09/2016,5,417
12/09/2016,6,1640
12/09/2016,7,3593
12/09/2016,8,5671
12/09/2016,9,3815
12/09/2016,10,2350
12/09/2016,11,2203
12/09/2016,12,2743
12/09/2016,13,2740
12/09/2016,14,2858
12/09/2016,15,3171
12/09/2016,16,3889
12/09/2016,17,6911
12/09/2016,18,7024
12/09/2016,19,4553
12/09/2016,20,2733
12/09/2016,21,1922
12/09/2016,22,1318
12/09/2016,23,776
12/09/2017,0,432
12/09/2017,1,158
12/09/2017,2,91
12/09/2017,3,44
12/09/2017,4,110
12/09/2017,5,552
12/09/2017,6,2087
12/09/2017,7,4750
12/09/2017,8,7627
12/09/2017,9,4882
12/09/2017,10,2682
12/09/2017,11,2746
12/09/2017,12,3128
12/09/2017,13,3271
12/09/2017,14,3321
12/09/2017,15,3680
12/09/2017,16,4700
12/09/2017,17,8101
12/09/2017,18,8364
12/09/2017,19,5414
12/09/2017,20,3358
12/09/2017,21,2458
12/09/2017,22,1620
12/09/2017,23,1004
12/10/2013,0,531
12/10/2013,1,356
12/10/2013,2,245
12/10/2013,3,150
12/10/2013,4,94
12/10/2013,5,67
12/10/2013,6,176
12/10/2013,7,373
12/10/2013,8,764
12/10/2013,9,1296
12/10/2013,10,1654
12/10/2013,11,2089
12/10/2013,12,2527
12/10/2013,13,2840
12/10/2013,14,2840
12/10/2013,15,2951
12/10/2013,16,3054
12/10/2013,17,2850
12/10/2013,18,2344
12/10/2013,19,1630
12/10/2013,20,1177
12/10/2013,21,908
12/10/2013,22,832
12/10/2013,23,709
12/10/2014,0,336
12/10/2014,1,258
12/10/2014,2,180
12/10/2014,3,94
12/10/2014,4,62
12/10/2014,5,41
12/10/2014,6,124
12/10/2014,7,174
12/10/2014,8,361
12/10/2014,9,726
12/10/2014,10,1250
12/10/2014,11,1629
12/10/2014,12,1978
12/10/2014,13,2053
12/10/2014,14,2061
12/10/2014,15,2130
12/10/2014,16,2344
12/10/2014,17,2183
12/10/2014,18,1732
12/10/2014,19,1315
12/10/2014,20,840
12/10/2014,21,564
12/10/2014,22,517
12/10/2014,23,442
12/10/2015,0,365
12/10/2015,1,195
12/10/2015,2,99
12/10/2015,3,41
12/10/2015,4,75
12/10/2015,5,193
12/10/2015,6,739
12/10/2015,7,1718
12/10/2015,8,3521
12/10/2015,9,2840
12/10/2015,10,1900
12/10/2015,11,2117
12/10/2015,12,2527
12/10/2015,13,2734
12/10/2015,14,2789
12/10/2015,15,2860
12/10/2015,16,3455
12/10/2015,17,4940
12/10/2015,18,4798
12/10/2015,19,2908
12/10/2015,20,1939
12/10/2015,21,1317
12/10/2015,22,929
12/10/2015,23,585
12/10/2017,0,494
12/10/2017,1,161
12/10/2017,2,83
12/10/2017,3,39
12/10/2017,4,40
12/10/2017,5,263
12/10/2017,6,1117
12/10/2017,7,2785
12/10/2017,8,5264
12/10/2017,9,3727
12/10/2017,10,2154
12/10/2017,11,2329
12/10/2017,12,2920
12/10/2017,13,3002
12/10/2017,14,3203
12/10/2017,15,3577
12/10/2017,16,4387
12/10/2017,17,6947
12/10/2017,18,6765
12/10/2017,19,4413
12/10/2017,20,2965
12/10/2017,21,2135
12/10/2017,22,1533
12/10/2017,23,945
12/11/2013,0,208
12/11/2013,1,73
12/11/2013,2,30
12/11/2013,3,25
12/11/2013,4,55
12/11/2013,5,143
12/11/2013,6,324
12/11/2013,7,614
12/11/2013,8,1289
12/11/2013,9,1453
12/11/2013,10,889
12/11/2013,11,829
12/11/2013,12,906
12/11/2013,13,978
12/11/2013,14,1033
12/11/2013,15,1113
12/11/2013,16,1399
12/11/2013,17,2231
12/11/2013,18,2295
12/11/2013,19,1565
12/11/2013,20,990
12/11/2013,21,747
12/11/2013,22,450
12/11/2013,23,286
12/11/2014,0,217
12/11/2014,1,114
12/11/2014,2,57
12/11/2014,3,24
12/11/2014,4,39
12/11/2014,5,202
12/11/2014,6,838
12/11/2014,7,1548
12/11/2014,8,2588
12/11/2014,9,2200
12/11/2014,10,1170
12/11/2014,11,995
12/11/2014,12,1239
12/11/2014,13,1347
12/11/2014,14,1367
12/11/2014,15,1500
12/11/2014,16,1884
12/11/2014,17,2752
12/11/2014,18,2719
12/11/2014,19,1882
12/11/2014,20,1229
12/11/2014,21,835
12/11/2014,22,696
12/11/2014,23,365
12/11/2015,0,274
12/11/2015,1,158
12/11/2015,2,60
12/11/2015,3,39
12/11/2015,4,65
12/11/2015,5,292
12/11/2015,6,1176
12/11/2015,7,2316
12/11/2015,8,4350
12/11/2015,9,3135
12/11/2015,10,1576
12/11/2015,11,1126
12/11/2015,12,1151
12/11/2015,13,1199
12/11/2015,14,1393
12/11/2015,15,1711
12/11/2015,16,2322
12/11/2015,17,3870
12/11/2015,18,3943
12/11/2015,19,2652
12/11/2015,20,1695
12/11/2015,21,1271
12/11/2015,22,934
12/11/2015,23,611
12/11/2017,0,415
12/11/2017,1,275
12/11/2017,2,210
12/11/2017,3,143
12/11/2017,4,56
12/11/2017,5,53
12/11/2017,6,146
12/11/2017,7,388
12/11/2017,8,828
12/11/2017,9,1467
12/11/2017,10,2059
12/11/2017,11,2497
12/11/2017,12,2862
12/11/2017,13,3071
12/11/2017,14,2951
12/11/2017,15,3085
12/11/2017,16,2873
12/11/2017,17,2353
12/11/2017,18,1888
12/11/2017,19,1569
12/11/2017,20,1257
12/11/2017,21,880
12/11/2017,22,709
12/11/2017,23,436
12/12/2013,0,149
12/12/2013,1,74
12/12/2013,2,45
12/12/2013,3,24
12/12/2013,4,25
12/12/2013,5,118
12/12/2013,6,471
12/12/2013,7,1001
12/12/2013,8,1822
12/12/2013,9,1456
12/12/2013,10,749
12/12/2013,11,606
12/12/2013,12,782
12/12/2013,13,751
12/12/2013,14,810
12/12/2013,15,894
12/12/2013,16,1145
12/12/2013,17,1605
12/12/2013,18,1691
12/12/2013,19,1030
12/12/2013,20,681
12/12/2013,21,560
12/12/2013,22,432
12/12/2013,23,293
12/12/2014,0,199
12/12/2014,1,95
12/12/2014,2,43
12/12/2014,3,35
12/12/2014,4,37
12/12/2014,5,99
12/12/2014,6,490
12/12/2014,7,992
12/12/2014,8,1855
12/12/2014,9,1422
12/12/2014,10,818
12/12/2014,11,786
12/12/2014,12,892
12/12/2014,13,909
12/12/2014,14,991
12/12/2014,15,1008
12/12/2014,16,1282
12/12/2014,17,1766
12/12/2014,18,1478
12/12/2014,19,993
12/12/2014,20,642
12/12/2014,21,450
12/12/2014,22,326
12/12/2014,23,284
12/12/2015,0,598
12/12/2015,1,366
12/12/2015,2,228
12/12/2015,3,179
12/12/2015,4,99
12/12/2015,5,57
12/12/2015,6,151
12/12/2015,7,422
12/12/2015,8,800
12/12/2015,9,1482
12/12/2015,10,1988
12/12/2015,11,2581
12/12/2015,12,2837
12/12/2015,13,3014
12/12/2015,14,2687
12/12/2015,15,2832
12/12/2015,16,2589
12/12/2015,17,2017
12/12/2015,18,1770
12/12/2015,19,1492
12/12/2015,20,1124
12/12/2015,21,997
12/12/2015,22,873
12/12/2015,23,774
12/12/2017,0,223
12/12/2017,1,117
12/12/2017,2,62
12/12/2017,3,40
12/12/2017,4,72
12/12/2017,5,404
12/12/2017,6,1442
12/12/2017,7,2896
12/12/2017,8,5166
12/12/2017,9,3633
12/12/2017,10,1834
12/12/2017,11,1671
12/12/2017,12,1850
12/12/2017,13,1551
12/12/2017,14,1518
12/12/2017,15,2050
12/12/2017,16,2723
12/12/2017,17,4217
12/12/2017,18,4341
12/12/2017,19,2630
12/12/2017,20,1703
12/12/2017,21,1151
12/12/2017,22,849
12/12/2017,23,477
13/01/2014,0,103
13/01/2014,1,29
13/01/2014,2,22
13/01/2014,3,13
13/01/2014,4,30
13/01/2014,5,132
13/01/2014,6,530
13/01/2014,7,1121
13/01/2014,8,2091
13/01/2014,9,1552
13/01/2014,10,746
13/01/2014,11,697
13/01/2014,12,905
13/01/2014,13,983
13/01/2014,14,946
13/01/2014,15,1082
13/01/2014,16,1336
13/01/2014,17,2159
13/01/2014,18,2269
13/01/2014,19,1496
13/01/2014,20,992
13/01/2014,21,692
13/01/2014,22,461
13/01/2014,23,246
13/01/2015,0,112
13/01/2015,1,29
13/01/2015,2,28
13/01/2015,3,16
13/01/2015,4,20
13/01/2015,5,124
13/01/2015,6,512
13/01/2015,7,932
13/01/2015,8,1525
13/01/2015,9,1114
13/01/2015,10,500
13/01/2015,11,446
13/01/2015,12,515
13/01/2015,13,521
13/01/2015,14,523
13/01/2015,15,540
13/01/2015,16,776
13/01/2015,17,1300
13/01/2015,18,1249
13/01/2015,19,819
13/01/2015,20,521
13/01/2015,21,305
13/01/2015,22,238
13/01/2015,23,132
13/01/2016,0,130
13/01/2016,1,37
13/01/2016,2,33
13/01/2016,3,17
13/01/2016,4,34
13/01/2016,5,194
13/01/2016,6,664
13/01/2016,7,1383
13/01/2016,8,2563
13/01/2016,9,1770
13/01/2016,10,864
13/01/2016,11,665
13/01/2016,12,760
13/01/2016,13,852
13/01/2016,14,904
13/01/2016,15,943
13/01/2016,16,1366
13/01/2016,17,2225
13/01/2016,18,2177
13/01/2016,19,1412
13/01/2016,20,919
13/01/2016,21,615
13/01/2016,22,374
13/01/2016,23,232
13/01/2018,0,270
13/01/2018,1,164
13/01/2018,2,105
13/01/2018,3,45
13/01/2018,4,36
13/01/2018,5,57
13/01/2018,6,164
13/01/2018,7,338
13/01/2018,8,645
13/01/2018,9,1010
13/01/2018,10,1294
13/01/2018,11,1486
13/01/2018,12,1545
13/01/2018,13,1669
13/01/2018,14,1613
13/01/2018,15,1610
13/01/2018,16,1456
13/01/2018,17,1043
13/01/2018,18,972
13/01/2018,19,732
13/01/2018,20,543
13/01/2018,21,374
13/01/2018,22,301
13/01/2018,23,288
13/02/2014,0,40
13/02/2014,1,8
13/02/2014,2,10
13/02/2014,3,6
13/02/2014,4,4
13/02/2014,5,10
13/02/2014,6,30
13/02/2014,7,24
13/02/2014,8,28
13/02/2014,9,25
13/02/2014,10,13
13/02/2014,11,11
13/02/2014,12,20
13/02/2014,13,21
13/02/2014,14,45
13/02/2014,15,55
13/02/2014,16,67
13/02/2014,17,93
13/02/2014,18,105
13/02/2014,19,112
13/02/2014,20,55
13/02/2014,21,20
13/02/2014,22,38
13/02/2014,23,36
13/02/2015,0,69
13/02/2015,1,28
13/02/2015,2,11
13/02/2015,3,11
13/02/2015,4,17
13/02/2015,5,55
13/02/2015,6,195
13/02/2015,7,437
13/02/2015,8,786
13/02/2015,9,622
13/02/2015,10,371
13/02/2015,11,282
13/02/2015,12,330
13/02/2015,13,397
13/02/2015,14,475
13/02/2015,15,447
13/02/2015,16,554
13/02/2015,17,791
13/02/2015,18,642
13/02/2015,19,428
13/02/2015,20,270
13/02/2015,21,189
13/02/2015,22,124
13/02/2015,23,111
13/02/2016,0,153
13/02/2016,1,88
13/02/2016,2,63
13/02/2016,3,37
13/02/2016,4,34
13/02/2016,5,31
13/02/2016,6,59
13/02/2016,7,151
13/02/2016,8,303
13/02/2016,9,398
13/02/2016,10,549
13/02/2016,11,640
13/02/2016,12,637
13/02/2016,13,589
13/02/2016,14,543
13/02/2016,15,465
13/02/2016,16,448
13/02/2016,17,392
13/02/2016,18,335
13/02/2016,19,246
13/02/2016,20,164
13/02/2016,21,104
13/02/2016,22,117
13/02/2016,23,79
13/02/2018,0,156
13/02/2018,1,66
13/02/2018,2,25
13/02/2018,3,27
13/02/2018,4,45
13/02/2018,5,303
13/02/2018,6,1079
13/02/2018,7,2313
13/02/2018,8,4033
13/02/2018,9,2622
13/02/2018,10,1372
13/02/2018,11,1201
13/02/2018,12,1515
13/02/2018,13,1603
13/02/2018,14,1633
13/02/2018,15,1761
13/02/2018,16,2224
13/02/2018,17,3661
13/02/2018,18,3475
13/02/2018,19,2279
13/02/2018,20,1545
13/02/2018,21,1100
13/02/2018,22,699
13/02/2018,23,452
13/03/2014,0,77
13/03/2014,1,37
13/03/2014,2,16
13/03/2014,3,15
13/03/2014,4,15
13/03/2014,5,67
13/03/2014,6,260
13/03/2014,7,562
13/03/2014,8,1056
13/03/2014,9,892
13/03/2014,10,419
13/03/2014,11,365
13/03/2014,12,438
13/03/2014,13,453
13/03/2014,14,457
13/03/2014,15,520
13/03/2014,16,717
13/03/2014,17,1229
13/03/2014,18,1181
13/03/2014,19,874
13/03/2014,20,568
13/03/2014,21,353
13/03/2014,22,243
13/03/2014,23,165
13/03/2015,0,113
13/03/2015,1,50
13/03/2015,2,22
13/03/2015,3,20
13/03/2015,4,21
13/03/2015,5,83
13/03/2015,6,409
13/03/2015,7,815
13/03/2015,8,1621
13/03/2015,9,1360
13/03/2015,10,685
13/03/2015,11,623
13/03/2015,12,818
13/03/2015,13,831
13/03/2015,14,923
13/03/2015,15,976
13/03/2015,16,1241
13/03/2015,17,1782
13/03/2015,18,1433
13/03/2015,19,893
13/03/2015,20,553
13/03/2015,21,372
13/03/2015,22,275
13/03/2015,23,226
13/03/2016,0,429
13/03/2016,1,295
13/03/2016,3,206
13/03/2016,4,134
13/03/2016,5,53
13/03/2016,6,84
13/03/2016,7,204
13/03/2016,8,516
13/03/2016,9,874
13/03/2016,10,1387
13/03/2016,11,2014
13/03/2016,12,2291
13/03/2016,13,2526
13/03/2016,14,2570
13/03/2016,15,2703
13/03/2016,16,2628
13/03/2016,17,2591
13/03/2016,18,2192
13/03/2016,19,1531
13/03/2016,20,948
13/03/2016,21,637
13/03/2016,22,460
13/03/2016,23,277
13/03/2018,0,81
13/03/2018,1,36
13/03/2018,2,27
13/03/2018,3,13
13/03/2018,4,33
13/03/2018,5,141
13/03/2018,6,436
13/03/2018,7,639
13/03/2018,8,1276
13/03/2018,9,1118
13/03/2018,10,548
13/03/2018,11,543
13/03/2018,12,634
13/03/2018,13,710
13/03/2018,14,1105
13/03/2018,15,1483
13/03/2018,16,2045
13/03/2018,17,3181
13/03/2018,18,3409
13/03/2018,19,2169
13/03/2018,20,1469
13/03/2018,21,983
13/03/2018,22,660
13/03/2018,23,398
13/04/2014,0,376
13/04/2014,1,259
13/04/2014,2,138
13/04/2014,3,89
13/04/2014,4,69
13/04/2014,5,34
13/04/2014,6,84
13/04/2014,7,211
13/04/2014,8,390
13/04/2014,9,791
13/04/2014,10,1329
13/04/2014,11,1773
13/04/2014,12,2209
13/04/2014,13,2504
13/04/2014,14,2524
13/04/2014,15,2594
13/04/2014,16,2548
13/04/2014,17,2382
13/04/2014,18,2099
13/04/2014,19,1710
13/04/2014,20,1076
13/04/2014,21,766
13/04/2014,22,562
13/04/2014,23,354
13/04/2015,0,126
13/04/2015,1,47
13/04/2015,2,29
13/04/2015,3,23
13/04/2015,4,28
13/04/2015,5,146
13/04/2015,6,680
13/04/2015,7,1345
13/04/2015,8,2336
13/04/2015,9,1709
13/04/2015,10,910
13/04/2015,11,831
13/04/2015,12,1025
13/04/2015,13,1094
13/04/2015,14,1170
13/04/2015,15,1215
13/04/2015,16,1582
13/04/2015,17,2967
13/04/2015,18,2958
13/04/2015,19,1963
13/04/2015,20,1107
13/04/2015,21,798
13/04/2015,22,521
13/04/2015,23,315
13/04/2016,0,157
13/04/2016,1,71
13/04/2016,2,47
13/04/2016,3,30
13/04/2016,4,36
13/04/2016,5,234
13/04/2016,6,936
13/04/2016,7,2058
13/04/2016,8,3934
13/04/2016,9,2767
13/04/2016,10,1476
13/04/2016,11,1414
13/04/2016,12,1663
13/04/2016,13,1660
13/04/2016,14,1907
13/04/2016,15,1807
13/04/2016,16,2550
13/04/2016,17,4049
13/04/2016,18,4161
13/04/2016,19,2658
13/04/2016,20,1581
13/04/2016,21,1098
13/04/2016,22,768
13/04/2016,23,477
13/04/2017,0,373
13/04/2017,1,154
13/04/2017,2,84
13/04/2017,3,47
13/04/2017,4,60
13/04/2017,5,280
13/04/2017,6,1284
13/04/2017,7,2791
13/04/2017,8,4925
13/04/2017,9,3519
13/04/2017,10,1977
13/04/2017,11,2058
13/04/2017,12,2333
13/04/2017,13,2571
13/04/2017,14,2763
13/04/2017,15,3181
13/04/2017,16,3926
13/04/2017,17,5639
13/04/2017,18,5662
13/04/2017,19,3646
13/04/2017,20,2236
13/04/2017,21,1510
13/04/2017,22,1108
13/04/2017,23,788
13/04/2018,0,452
13/04/2018,1,227
13/04/2018,2,118
13/04/2018,3,86
13/04/2018,4,79
13/04/2018,5,435
13/04/2018,6,1441
13/04/2018,7,3069
13/04/2018,8,5535
13/04/2018,9,4281
13/04/2018,10,2476
13/04/2018,11,2476
13/04/2018,12,3020
13/04/2018,13,3270
13/04/2018,14,3556
13/04/2018,15,3935
13/04/2018,16,5182
13/04/2018,17,7083
13/04/2018,18,6127
13/04/2018,19,3980
13/04/2018,20,2425
13/04/2018,21,1674
13/04/2018,22,1427
13/04/2018,23,1156
13/05/2014,0,226
13/05/2014,1,124
13/05/2014,2,87
13/05/2014,3,42
13/05/2014,4,61
13/05/2014,5,201
13/05/2014,6,923
13/05/2014,7,1882
13/05/2014,8,3114
13/05/2014,9,2276
13/05/2014,10,1200
13/05/2014,11,1150
13/05/2014,12,1481
13/05/2014,13,1570
13/05/2014,14,1583
13/05/2014,15,1706
13/05/2014,16,2034
13/05/2014,17,3551
13/05/2014,18,3679
13/05/2014,19,2493
13/05/2014,20,1474
13/05/2014,21,882
13/05/2014,22,717
13/05/2014,23,391
13/05/2015,0,229
13/05/2015,1,95
13/05/2015,2,51
13/05/2015,3,37
13/05/2015,4,44
13/05/2015,5,250
13/05/2015,6,1001
13/05/2015,7,2005
13/05/2015,8,3214
13/05/2015,9,2276
13/05/2015,10,1362
13/05/2015,11,1346
13/05/2015,12,1508
13/05/2015,13,1609
13/05/2015,14,1633
13/05/2015,15,1740
13/05/2015,16,2204
13/05/2015,17,3644
13/05/2015,18,3571
13/05/2015,19,2333
13/05/2015,20,1271
13/05/2015,21,818
13/05/2015,22,620
13/05/2015,23,541
13/05/2016,0,389
13/05/2016,1,175
13/05/2016,2,117
13/05/2016,3,68
13/05/2016,4,75
13/05/2016,5,259
13/05/2016,6,1071
13/05/2016,7,2381
13/05/2016,8,4703
13/05/2016,9,3416
13/05/2016,10,1894
13/05/2016,11,1782
13/05/2016,12,2030
13/05/2016,13,2177
13/05/2016,14,1221
13/05/2016,15,708
13/05/2016,16,540
13/05/2016,17,928
13/05/2016,18,2360
13/05/2016,19,1957
13/05/2016,20,1460
13/05/2016,21,1031
13/05/2016,22,906
13/05/2016,23,743
13/05/2017,0,611
13/05/2017,1,350
13/05/2017,2,202
13/05/2017,3,109
13/05/2017,4,68
13/05/2017,5,35
13/05/2017,6,69
13/05/2017,7,194
13/05/2017,8,312
13/05/2017,9,378
13/05/2017,10,400
13/05/2017,11,445
13/05/2017,12,404
13/05/2017,13,320
13/05/2017,14,267
13/05/2017,15,247
13/05/2017,16,230
13/05/2017,17,219
13/05/2017,18,181
13/05/2017,19,208
13/05/2017,20,135
13/05/2017,21,103
13/05/2017,22,107
13/05/2017,23,110
13/05/2018,0,580
13/05/2018,1,348
13/05/2018,2,230
13/05/2018,3,130
13/05/2018,4,97
13/05/2018,5,75
13/05/2018,6,253
13/05/2018,7,535
13/05/2018,8,1026
13/05/2018,9,1787
13/05/2018,10,2524
13/05/2018,11,2838
13/05/2018,12,1492
13/05/2018,13,760
13/05/2018,14,829
13/05/2018,15,1423
13/05/2018,16,1853
13/05/2018,17,2203
13/05/2018,18,2274
13/05/2018,19,2035
13/05/2018,20,1313
13/05/2018,21,465
13/05/2018,22,505
13/05/2018,23,411
13/06/2014,0,221
13/06/2014,1,73
13/06/2014,2,30
13/06/2014,3,16
13/06/2014,4,30
13/06/2014,5,110
13/06/2014,6,368
13/06/2014,7,980
13/06/2014,8,1171
13/06/2014,9,250
13/06/2014,10,443
13/06/2014,11,763
13/06/2014,12,1291
13/06/2014,13,1551
13/06/2014,14,1795
13/06/2014,15,1837
13/06/2014,16,2306
13/06/2014,17,2721
13/06/2014,18,191
13/06/2014,19,286
13/06/2014,20,426
13/06/2014,21,552
13/06/2014,22,480
13/06/2014,23,417
13/06/2015,0,496
13/06/2015,1,317
13/06/2015,2,215
13/06/2015,3,143
13/06/2015,4,89
13/06/2015,5,84
13/06/2015,6,200
13/06/2015,7,401
13/06/2015,8,730
13/06/2015,9,1269
13/06/2015,10,1694
13/06/2015,11,2014
13/06/2015,12,2157
13/06/2015,13,2380
13/06/2015,14,2343
13/06/2015,15,2497
13/06/2015,16,2514
13/06/2015,17,2206
13/06/2015,18,2139
13/06/2015,19,1915
13/06/2015,20,1491
13/06/2015,21,1116
13/06/2015,22,788
13/06/2015,23,782
13/06/2016,0,240
13/06/2016,1,113
13/06/2016,2,48
13/06/2016,3,29
13/06/2016,4,42
13/06/2016,5,300
13/06/2016,6,1260
13/06/2016,7,2721
13/06/2016,8,4730
13/06/2016,9,3294
13/06/2016,10,1806
13/06/2016,11,1775
13/06/2016,12,2055
13/06/2016,13,2290
13/06/2016,14,2386
13/06/2016,15,2493
13/06/2016,16,3188
13/06/2016,17,5650
13/06/2016,18,5414
13/06/2016,19,3645
13/06/2016,20,2465
13/06/2016,21,1491
13/06/2016,22,986
13/06/2016,23,648
13/06/2017,0,486
13/06/2017,1,227
13/06/2017,2,80
13/06/2017,3,57
13/06/2017,4,97
13/06/2017,5,551
13/06/2017,6,1908
13/06/2017,7,3833
13/06/2017,8,6128
13/06/2017,9,4039
13/06/2017,10,2306
13/06/2017,11,2141
13/06/2017,12,2333
13/06/2017,13,2463
13/06/2017,14,2449
13/06/2017,15,2694
13/06/2017,16,3347
13/06/2017,17,6275
13/06/2017,18,6544
13/06/2017,19,4694
13/06/2017,20,3373
13/06/2017,21,2410
13/06/2017,22,1606
13/06/2017,23,880
13/07/2013,0,145
13/07/2013,1,160
13/07/2013,2,119
13/07/2013,3,94
13/07/2013,4,53
13/07/2013,5,46
13/07/2013,6,137
13/07/2013,7,259
13/07/2013,8,490
13/07/2013,9,907
13/07/2013,10,1251
13/07/2013,11,1732
13/07/2013,12,1975
13/07/2013,13,2286
13/07/2013,14,2394
13/07/2013,15,2170
13/07/2013,16,2289
13/07/2013,17,1834
13/07/2013,18,1867
13/07/2013,19,1799
13/07/2013,20,1469
13/07/2013,21,1022
13/07/2013,22,882
13/07/2013,23,739
13/07/2014,0,555
13/07/2014,1,374
13/07/2014,2,268
13/07/2014,3,160
13/07/2014,4,98
13/07/2014,5,72
13/07/2014,6,122
13/07/2014,7,258
13/07/2014,8,502
13/07/2014,9,916
13/07/2014,10,1004
13/07/2014,11,1606
13/07/2014,12,2028
13/07/2014,13,2368
13/07/2014,14,2549
13/07/2014,15,1598
13/07/2014,16,1122
13/07/2014,17,1632
13/07/2014,18,2330
13/07/2014,19,1781
13/07/2014,20,1396
13/07/2014,21,1041
13/07/2014,22,713
13/07/2014,23,376
13/07/2015,0,240
13/07/2015,1,123
13/07/2015,2,81
13/07/2015,3,30
13/07/2015,4,41
13/07/2015,5,246
13/07/2015,6,1026
13/07/2015,7,2103
13/07/2015,8,3491
13/07/2015,9,2405
13/07/2015,10,1368
13/07/2015,11,1281
13/07/2015,12,1560
13/07/2015,13,1571
13/07/2015,14,1639
13/07/2015,15,1726
13/07/2015,16,2404
13/07/2015,17,4240
13/07/2015,18,4347
13/07/2015,19,3314
13/07/2015,20,2189
13/07/2015,21,1475
13/07/2015,22,989
13/07/2015,23,596
13/07/2016,0,431
13/07/2016,1,223
13/07/2016,2,93
13/07/2016,3,68
13/07/2016,4,80
13/07/2016,5,387
13/07/2016,6,1604
13/07/2016,7,3110
13/07/2016,8,5364
13/07/2016,9,3975
13/07/2016,10,2096
13/07/2016,11,1976
13/07/2016,12,2266
13/07/2016,13,2228
13/07/2016,14,2375
13/07/2016,15,2582
13/07/2016,16,3535
13/07/2016,17,5826
13/07/2016,18,5988
13/07/2016,19,3983
13/07/2016,20,2812
13/07/2016,21,2092
13/07/2016,22,1419
13/07/2016,23,973
13/07/2017,0,500
13/07/2017,1,235
13/07/2017,2,107
13/07/2017,3,49
13/07/2017,4,103
13/07/2017,5,478
13/07/2017,6,1797
13/07/2017,7,3442
13/07/2017,8,5669
13/07/2017,9,4153
13/07/2017,10,2268
13/07/2017,11,2152
13/07/2017,12,2545
13/07/2017,13,2648
13/07/2017,14,2664
13/07/2017,15,2784
13/07/2017,16,3741
13/07/2017,17,4984
13/07/2017,18,4897
13/07/2017,19,3731
13/07/2017,20,2882
13/07/2017,21,2079
13/07/2017,22,1617
13/07/2017,23,950
13/08/2013,0,269
13/08/2013,1,157
13/08/2013,2,84
13/08/2013,3,30
13/08/2013,4,33
13/08/2013,5,200
13/08/2013,6,743
13/08/2013,7,749
13/08/2013,8,492
13/08/2013,9,170
13/08/2013,10,102
13/08/2013,11,106
13/08/2013,12,180
13/08/2013,13,858
13/08/2013,14,1174
13/08/2013,15,1351
13/08/2013,16,1911
13/08/2013,17,3228
13/08/2013,18,3478
13/08/2013,19,2660
13/08/2013,20,1843
13/08/2013,21,1359
13/08/2013,22,738
13/08/2013,23,522
13/08/2014,0,113
13/08/2014,1,16
13/08/2014,2,15
13/08/2014,3,8
13/08/2014,4,18
13/08/2014,5,118
13/08/2014,6,352
13/08/2014,7,603
13/08/2014,8,1862
13/08/2014,9,1326
13/08/2014,10,781
13/08/2014,11,1012
13/08/2014,12,1206
13/08/2014,13,1317
13/08/2014,14,1342
13/08/2014,15,1593
13/08/2014,16,2017
13/08/2014,17,3477
13/08/2014,18,3636
13/08/2014,19,2691
13/08/2014,20,1772
13/08/2014,21,1166
13/08/2014,22,924
13/08/2014,23,612
13/08/2015,0,395
13/08/2015,1,188
13/08/2015,2,95
13/08/2015,3,54
13/08/2015,4,45
13/08/2015,5,262
13/08/2015,6,1141
13/08/2015,7,2242
13/08/2015,8,3935
13/08/2015,9,2950
13/08/2015,10,1680
13/08/2015,11,1584
13/08/2015,12,1835
13/08/2015,13,1942
13/08/2015,14,1920
13/08/2015,15,1954
13/08/2015,16,2609
13/08/2015,17,4333
13/08/2015,18,4441
13/08/2015,19,3061
13/08/2015,20,2140
13/08/2015,21,1421
13/08/2015,22,1175
13/08/2015,23,768
13/08/2016,0,583
13/08/2016,1,452
13/08/2016,2,255
13/08/2016,3,168
13/08/2016,4,111
13/08/2016,5,96
13/08/2016,6,305
13/08/2016,7,729
13/08/2016,8,1473
13/08/2016,9,2315
13/08/2016,10,3259
13/08/2016,11,3762
13/08/2016,12,3607
13/08/2016,13,2881
13/08/2016,14,2680
13/08/2016,15,2646
13/08/2016,16,2521
13/08/2016,17,2335
13/08/2016,18,2229
13/08/2016,19,2007
13/08/2016,20,1619
13/08/2016,21,1107
13/08/2016,22,934
13/08/2016,23,838
13/08/2017,0,877
13/08/2017,1,521
13/08/2017,2,353
13/08/2017,3,229
13/08/2017,4,140
13/08/2017,5,136
13/08/2017,6,324
13/08/2017,7,574
13/08/2017,8,1274
13/08/2017,9,2211
13/08/2017,10,3175
13/08/2017,11,3841
13/08/2017,12,4521
13/08/2017,13,4769
13/08/2017,14,4798
13/08/2017,15,4947
13/08/2017,16,4911
13/08/2017,17,4596
13/08/2017,18,4574
13/08/2017,19,3820
13/08/2017,20,2831
13/08/2017,21,1914
13/08/2017,22,1379
13/08/2017,23,803
13/09/2013,0,372
13/09/2013,1,185
13/09/2013,2,111
13/09/2013,3,60
13/09/2013,4,38
13/09/2013,5,165
13/09/2013,6,733
13/09/2013,7,1902
13/09/2013,8,3243
13/09/2013,9,2483
13/09/2013,10,1202
13/09/2013,11,1222
13/09/2013,12,1690
13/09/2013,13,2046
13/09/2013,14,2111
13/09/2013,15,2243
13/09/2013,16,2967
13/09/2013,17,3903
13/09/2013,18,3414
13/09/2013,19,2355
13/09/2013,20,1555
13/09/2013,21,1049
13/09/2013,22,834
13/09/2013,23,618
13/09/2014,0,511
13/09/2014,1,305
13/09/2014,2,192
13/09/2014,3,116
13/09/2014,4,93
13/09/2014,5,49
13/09/2014,6,138
13/09/2014,7,331
13/09/2014,8,757
13/09/2014,9,1155
13/09/2014,10,1566
13/09/2014,11,1826
13/09/2014,12,2018
13/09/2014,13,2040
13/09/2014,14,1694
13/09/2014,15,401
13/09/2014,16,549
13/09/2014,17,819
13/09/2014,18,767
13/09/2014,19,500
13/09/2014,20,258
13/09/2014,21,373
13/09/2014,22,413
13/09/2014,23,422
13/09/2015,0,419
13/09/2015,1,376
13/09/2015,2,256
13/09/2015,3,185
13/09/2015,4,123
13/09/2015,5,74
13/09/2015,6,137
13/09/2015,7,394
13/09/2015,8,713
13/09/2015,9,1399
13/09/2015,10,2161
13/09/2015,11,2741
13/09/2015,12,3296
13/09/2015,13,3367
13/09/2015,14,3479
13/09/2015,15,2839
13/09/2015,16,2348
13/09/2015,17,2596
13/09/2015,18,2448
13/09/2015,19,2002
13/09/2015,20,1294
13/09/2015,21,941
13/09/2015,22,702
13/09/2015,23,504
13/09/2016,0,350
13/09/2016,1,193
13/09/2016,2,77
13/09/2016,3,66
13/09/2016,4,101
13/09/2016,5,466
13/09/2016,6,1863
13/09/2016,7,4170
13/09/2016,8,6607
13/09/2016,9,4298
13/09/2016,10,2528
13/09/2016,11,2369
13/09/2016,12,2729
13/09/2016,13,2871
13/09/2016,14,2834
13/09/2016,15,3053
13/09/2016,16,3899
13/09/2016,17,6950
13/09/2016,18,7274
13/09/2016,19,4703
13/09/2016,20,2961
13/09/2016,21,2184
13/09/2016,22,1461
13/09/2016,23,832
13/09/2017,0,436
13/09/2017,1,184
13/09/2017,2,101
13/09/2017,3,46
13/09/2017,4,87
13/09/2017,5,552
13/09/2017,6,2072
13/09/2017,7,4692
13/09/2017,8,7558
13/09/2017,9,4861
13/09/2017,10,2829
13/09/2017,11,2734
13/09/2017,12,3196
13/09/2017,13,3327
13/09/2017,14,3545
13/09/2017,15,3357
13/09/2017,16,3241
13/09/2017,17,6466
13/09/2017,18,7402
13/09/2017,19,4756
13/09/2017,20,3167
13/09/2017,21,2382
13/09/2017,22,1584
13/09/2017,23,991
13/10/2013,0,599
13/10/2013,1,396
13/10/2013,2,308
13/10/2013,3,166
13/10/2013,4,126
13/10/2013,5,55
13/10/2013,6,146
13/10/2013,7,233
13/10/2013,8,567
13/10/2013,9,1014
13/10/2013,10,1436
13/10/2013,11,1880
13/10/2013,12,2267
13/10/2013,13,2525
13/10/2013,14,2518
13/10/2013,15,2535
13/10/2013,16,2791
13/10/2013,17,2674
13/10/2013,18,2042
13/10/2013,19,1467
13/10/2013,20,1110
13/10/2013,21,781
13/10/2013,22,723
13/10/2013,23,473
13/10/2014,0,190
13/10/2014,1,127
13/10/2014,2,59
13/10/2014,3,32
13/10/2014,4,46
13/10/2014,5,109
13/10/2014,6,511
13/10/2014,7,983
13/10/2014,8,2039
13/10/2014,9,1661
13/10/2014,10,1122
13/10/2014,11,1124
13/10/2014,12,1321
13/10/2014,13,1348
13/10/2014,14,1505
13/10/2014,15,1534
13/10/2014,16,1807
13/10/2014,17,2808
13/10/2014,18,2069
13/10/2014,19,910
13/10/2014,20,512
13/10/2014,21,329
13/10/2014,22,394
13/10/2014,23,212
13/10/2015,0,332
13/10/2015,1,148
13/10/2015,2,81
13/10/2015,3,39
13/10/2015,4,61
13/10/2015,5,289
13/10/2015,6,1062
13/10/2015,7,2482
13/10/2015,8,5075
13/10/2015,9,3562
13/10/2015,10,2065
13/10/2015,11,1954
13/10/2015,12,2160
13/10/2015,13,2168
13/10/2015,14,2192
13/10/2015,15,2374
13/10/2015,16,3188
13/10/2015,17,5506
13/10/2015,18,5306
13/10/2015,19,3339
13/10/2015,20,2225
13/10/2015,21,1607
13/10/2015,22,1092
13/10/2015,23,740
13/10/2017,0,586
13/10/2017,1,270
13/10/2017,2,116
13/10/2017,3,76
13/10/2017,4,102
13/10/2017,5,440
13/10/2017,6,1596
13/10/2017,7,3746
13/10/2017,8,6680
13/10/2017,9,4477
13/10/2017,10,2660
13/10/2017,11,2717
13/10/2017,12,3307
13/10/2017,13,3378
13/10/2017,14,3735
13/10/2017,15,4042
13/10/2017,16,5130
13/10/2017,17,7240
13/10/2017,18,6112
13/10/2017,19,3794
13/10/2017,20,2527
13/10/2017,21,1693
13/10/2017,22,1380
13/10/2017,23,1216
13/11/2013,0,142
13/11/2013,1,67
13/11/2013,2,32
13/11/2013,3,13
13/11/2013,4,46
13/11/2013,5,148
13/11/2013,6,663
13/11/2013,7,1360
13/11/2013,8,2497
13/11/2013,9,1825
13/11/2013,10,943
13/11/2013,11,959
13/11/2013,12,1020
13/11/2013,13,1052
13/11/2013,14,1067
13/11/2013,15,1165
13/11/2013,16,1469
13/11/2013,17,2335
13/11/2013,18,2424
13/11/2013,19,1605
13/11/2013,20,1104
13/11/2013,21,772
13/11/2013,22,545
13/11/2013,23,380
13/11/2014,0,191
13/11/2014,1,63
13/11/2014,2,47
13/11/2014,3,32
13/11/2014,4,43
13/11/2014,5,171
13/11/2014,6,722
13/11/2014,7,1549
13/11/2014,8,2723
13/11/2014,9,1992
13/11/2014,10,1136
13/11/2014,11,1058
13/11/2014,12,1177
13/11/2014,13,1138
13/11/2014,14,1119
13/11/2014,15,1219
13/11/2014,16,1460
13/11/2014,17,1706
13/11/2014,18,1419
13/11/2014,19,872
13/11/2014,20,333
13/11/2014,21,203
13/11/2014,22,161
13/11/2014,23,118
13/11/2015,0,387
13/11/2015,1,214
13/11/2015,2,117
13/11/2015,3,58
13/11/2015,4,59
13/11/2015,5,245
13/11/2015,6,1059
13/11/2015,7,2391
13/11/2015,8,4315
13/11/2015,9,3201
13/11/2015,10,1717
13/11/2015,11,1671
13/11/2015,12,2009
13/11/2015,13,2049
13/11/2015,14,2200
13/11/2015,15,2409
13/11/2015,16,2978
13/11/2015,17,3686
13/11/2015,18,3104
13/11/2015,19,1941
13/11/2015,20,1185
13/11/2015,21,803
13/11/2015,22,656
13/11/2015,23,516
13/11/2017,0,226
13/11/2017,1,99
13/11/2017,2,50
13/11/2017,3,27
13/11/2017,4,79
13/11/2017,5,410
13/11/2017,6,1432
13/11/2017,7,1552
13/11/2017,8,2353
13/11/2017,9,1806
13/11/2017,10,824
13/11/2017,11,995
13/11/2017,12,1618
13/11/2017,13,1744
13/11/2017,14,2072
13/11/2017,15,2307
13/11/2017,16,3135
13/11/2017,17,4954
13/11/2017,18,4971
13/11/2017,19,3086
13/11/2017,20,2102
13/11/2017,21,1356
13/11/2017,22,1009
13/11/2017,23,546
13/12/2013,0,158
13/12/2013,1,79
13/12/2013,2,53
13/12/2013,3,20
13/12/2013,4,26
13/12/2013,5,121
13/12/2013,6,387
13/12/2013,7,861
13/12/2013,8,1676
13/12/2013,9,1405
13/12/2013,10,854
13/12/2013,11,715
13/12/2013,12,874
13/12/2013,13,906
13/12/2013,14,978
13/12/2013,15,1037
13/12/2013,16,1274
13/12/2013,17,1769
13/12/2013,18,1576
13/12/2013,19,1146
13/12/2013,20,718
13/12/2013,21,510
13/12/2013,22,422
13/12/2013,23,323
13/12/2014,0,249
13/12/2014,1,152
13/12/2014,2,97
13/12/2014,3,45
13/12/2014,4,37
13/12/2014,5,40
13/12/2014,6,78
13/12/2014,7,157
13/12/2014,8,347
13/12/2014,9,573
13/12/2014,10,773
13/12/2014,11,950
13/12/2014,12,1032
13/12/2014,13,1191
13/12/2014,14,1156
13/12/2014,15,1097
13/12/2014,16,1029
13/12/2014,17,781
13/12/2014,18,694
13/12/2014,19,596
13/12/2014,20,466
13/12/2014,21,386
13/12/2014,22,344
13/12/2014,23,279
13/12/2015,0,663
13/12/2015,1,553
13/12/2015,2,284
13/12/2015,3,153
13/12/2015,4,100
13/12/2015,5,46
13/12/2015,6,121
13/12/2015,7,309
13/12/2015,8,657
13/12/2015,9,1284
13/12/2015,10,1889
13/12/2015,11,2464
13/12/2015,12,3022
13/12/2015,13,3190
13/12/2015,14,3241
13/12/2015,15,3080
13/12/2015,16,2891
13/12/2015,17,2082
13/12/2015,18,1660
13/12/2015,19,1430
13/12/2015,20,1048
13/12/2015,21,838
13/12/2015,22,597
13/12/2015,23,399
13/12/2017,0,214
13/12/2017,1,89
13/12/2017,2,49
13/12/2017,3,29
13/12/2017,4,64
13/12/2017,5,305
13/12/2017,6,1021
13/12/2017,7,2276
13/12/2017,8,3922
13/12/2017,9,2650
13/12/2017,10,1298
13/12/2017,11,1147
13/12/2017,12,1330
13/12/2017,13,1428
13/12/2017,14,1507
13/12/2017,15,1647
13/12/2017,16,1967
13/12/2017,17,3194
13/12/2017,18,2993
13/12/2017,19,1984
13/12/2017,20,1359
13/12/2017,21,985
13/12/2017,22,731
13/12/2017,23,434
14/01/2014,0,124
14/01/2014,1,63
14/01/2014,2,39
14/01/2014,3,15
14/01/2014,4,32
14/01/2014,5,118
14/01/2014,6,513
14/01/2014,7,641
14/01/2014,8,788
14/01/2014,9,700
14/01/2014,10,405
14/01/2014,11,299
14/01/2014,12,361
14/01/2014,13,242
14/01/2014,14,225
14/01/2014,15,264
14/01/2014,16,477
14/01/2014,17,760
14/01/2014,18,1137
14/01/2014,19,1043
14/01/2014,20,631
14/01/2014,21,541
14/01/2014,22,346
14/01/2014,23,235
14/01/2015,0,78
14/01/2015,1,31
14/01/2015,2,12
14/01/2015,3,8
14/01/2015,4,29
14/01/2015,5,111
14/01/2015,6,427
14/01/2015,7,796
14/01/2015,8,1450
14/01/2015,9,972
14/01/2015,10,473
14/01/2015,11,469
14/01/2015,12,505
14/01/2015,13,543
14/01/2015,14,580
14/01/2015,15,638
14/01/2015,16,774
14/01/2015,17,1331
14/01/2015,18,1491
14/01/2015,19,955
14/01/2015,20,571
14/01/2015,21,406
14/01/2015,22,280
14/01/2015,23,156
14/01/2016,0,119
14/01/2016,1,56
14/01/2016,2,37
14/01/2016,3,22
14/01/2016,4,32
14/01/2016,5,196
14/01/2016,6,691
14/01/2016,7,1445
14/01/2016,8,2610
14/01/2016,9,1905
14/01/2016,10,930
14/01/2016,11,785
14/01/2016,12,877
14/01/2016,13,905
14/01/2016,14,1036
14/01/2016,15,1084
14/01/2016,16,1568
14/01/2016,17,2550
14/01/2016,18,2604
14/01/2016,19,1652
14/01/2016,20,1050
14/01/2016,21,754
14/01/2016,22,529
14/01/2016,23,343
14/01/2018,0,199
14/01/2018,1,103
14/01/2018,2,69
14/01/2018,3,44
14/01/2018,4,35
14/01/2018,5,28
14/01/2018,6,64
14/01/2018,7,168
14/01/2018,8,344
14/01/2018,9,565
14/01/2018,10,824
14/01/2018,11,967
14/01/2018,12,1056
14/01/2018,13,1165
14/01/2018,14,1108
14/01/2018,15,1133
14/01/2018,16,1037
14/01/2018,17,852
14/01/2018,18,746
14/01/2018,19,584
14/01/2018,20,487
14/01/2018,21,365
14/01/2018,22,274
14/01/2018,23,182
14/02/2014,0,14
14/02/2014,1,6
14/02/2014,2,1
14/02/2014,4,1
14/02/2014,5,10
14/02/2014,6,26
14/02/2014,7,56
14/02/2014,8,194
14/02/2014,9,219
14/02/2014,10,138
14/02/2014,11,140
14/02/2014,12,180
14/02/2014,13,218
14/02/2014,14,235
14/02/2014,15,290
14/02/2014,16,362
14/02/2014,17,475
14/02/2014,18,403
14/02/2014,19,255
14/02/2014,20,138
14/02/2014,21,108
14/02/2014,22,67
14/02/2014,23,73
14/02/2015,0,97
14/02/2015,1,52
14/02/2015,2,31
14/02/2015,3,27
14/02/2015,4,21
14/02/2015,5,16
14/02/2015,6,39
14/02/2015,7,79
14/02/2015,8,160
14/02/2015,9,296
14/02/2015,10,373
14/02/2015,11,399
14/02/2015,12,455
14/02/2015,13,481
14/02/2015,14,439
14/02/2015,15,345
14/02/2015,16,296
14/02/2015,17,239
14/02/2015,18,225
14/02/2015,19,185
14/02/2015,20,119
14/02/2015,21,100
14/02/2015,22,98
14/02/2015,23,42
14/02/2016,0,62
14/02/2016,1,37
14/02/2016,2,23
14/02/2016,3,13
14/02/2016,4,13
14/02/2016,5,12
14/02/2016,6,31
14/02/2016,7,63
14/02/2016,8,118
14/02/2016,9,191
14/02/2016,10,269
14/02/2016,11,346
14/02/2016,12,394
14/02/2016,13,382
14/02/2016,14,391
14/02/2016,15,438
14/02/2016,16,431
14/02/2016,17,405
14/02/2016,18,315
14/02/2016,19,256
14/02/2016,20,170
14/02/2016,21,118
14/02/2016,22,105
14/02/2016,23,70
14/02/2018,0,190
14/02/2018,1,77
14/02/2018,2,44
14/02/2018,3,30
14/02/2018,4,43
14/02/2018,5,308
14/02/2018,6,1157
14/02/2018,7,2440
14/02/2018,8,4242
14/02/2018,9,2957
14/02/2018,10,1626
14/02/2018,11,1496
14/02/2018,12,1807
14/02/2018,13,1864
14/02/2018,14,1991
14/02/2018,15,2210
14/02/2018,16,2761
14/02/2018,17,4603
14/02/2018,18,4109
14/02/2018,19,2446
14/02/2018,20,1475
14/02/2018,21,987
14/02/2018,22,554
14/02/2018,23,174
14/03/2014,0,76
14/03/2014,1,41
14/03/2014,2,24
14/03/2014,3,14
14/03/2014,4,34
14/03/2014,5,87
14/03/2014,6,355
14/03/2014,7,721
14/03/2014,8,1448
14/03/2014,9,1091
14/03/2014,10,561
14/03/2014,11,575
14/03/2014,12,628
14/03/2014,13,726
14/03/2014,14,853
14/03/2014,15,980
14/03/2014,16,1366
14/03/2014,17,2058
14/03/2014,18,1823
14/03/2014,19,1171
14/03/2014,20,650
14/03/2014,21,425
14/03/2014,22,327
14/03/2014,23,265
14/03/2015,0,167
14/03/2015,1,99
14/03/2015,2,80
14/03/2015,3,35
14/03/2015,4,14
14/03/2015,5,12
14/03/2015,6,22
14/03/2015,7,33
14/03/2015,8,65
14/03/2015,9,88
14/03/2015,10,124
14/03/2015,11,156
14/03/2015,12,165
14/03/2015,13,238
14/03/2015,14,295
14/03/2015,15,419
14/03/2015,16,383
14/03/2015,17,334
14/03/2015,18,362
14/03/2015,19,319
14/03/2015,20,134
14/03/2015,21,78
14/03/2015,22,110
14/03/2015,23,174
14/03/2016,0,161
14/03/2016,1,81
14/03/2016,2,45
14/03/2016,3,19
14/03/2016,4,29
14/03/2016,5,145
14/03/2016,6,554
14/03/2016,7,810
14/03/2016,8,760
14/03/2016,9,500
14/03/2016,10,575
14/03/2016,11,590
14/03/2016,12,644
14/03/2016,13,254
14/03/2016,14,395
14/03/2016,15,462
14/03/2016,16,615
14/03/2016,17,1371
14/03/2016,18,1196
14/03/2016,19,757
14/03/2016,20,431
14/03/2016,21,228
14/03/2016,22,172
14/03/2016,23,136
14/03/2018,0,179
14/03/2018,1,81
14/03/2018,2,36
14/03/2018,3,38
14/03/2018,4,68
14/03/2018,5,346
14/03/2018,6,988
14/03/2018,7,2147
14/03/2018,8,3971
14/03/2018,9,3016
14/03/2018,10,1514
14/03/2018,11,1369
14/03/2018,12,1618
14/03/2018,13,1617
14/03/2018,14,1663
14/03/2018,15,1847
14/03/2018,16,2228
14/03/2018,17,3801
14/03/2018,18,3679
14/03/2018,19,2176
14/03/2018,20,1343
14/03/2018,21,812
14/03/2018,22,554
14/03/2018,23,286
14/04/2014,0,196
14/04/2014,1,105
14/04/2014,2,58
14/04/2014,3,18
14/04/2014,4,31
14/04/2014,5,173
14/04/2014,6,682
14/04/2014,7,1517
14/04/2014,8,2775
14/04/2014,9,1911
14/04/2014,10,1142
14/04/2014,11,1121
14/04/2014,12,1420
14/04/2014,13,1457
14/04/2014,14,1460
14/04/2014,15,1666
14/04/2014,16,2065
14/04/2014,17,3226
14/04/2014,18,3021
14/04/2014,19,1913
14/04/2014,20,1171
14/04/2014,21,761
14/04/2014,22,551
14/04/2014,23,392
14/04/2015,0,152
14/04/2015,1,66
14/04/2015,2,33
14/04/2015,3,25
14/04/2015,4,29
14/04/2015,5,185
14/04/2015,6,747
14/04/2015,7,1303
14/04/2015,8,1557
14/04/2015,9,1535
14/04/2015,10,901
14/04/2015,11,696
14/04/2015,12,970
14/04/2015,13,1005
14/04/2015,14,1165
14/04/2015,15,1183
14/04/2015,16,1554
14/04/2015,17,2613
14/04/2015,18,2631
14/04/2015,19,1711
14/04/2015,20,1078
14/04/2015,21,704
14/04/2015,22,552
14/04/2015,23,308
14/04/2016,0,193
14/04/2016,1,104
14/04/2016,2,47
14/04/2016,3,31
14/04/2016,4,52
14/04/2016,5,207
14/04/2016,6,956
14/04/2016,7,2115
14/04/2016,8,4010
14/04/2016,9,2863
14/04/2016,10,1497
14/04/2016,11,1469
14/04/2016,12,1659
14/04/2016,13,1807
14/04/2016,14,1929
14/04/2016,15,2044
14/04/2016,16,2620
14/04/2016,17,4368
14/04/2016,18,4204
14/04/2016,19,2579
14/04/2016,20,1511
14/04/2016,21,1035
14/04/2016,22,688
14/04/2016,23,517
14/04/2017,0,414
14/04/2017,1,183
14/04/2017,2,126
14/04/2017,3,52
14/04/2017,4,60
14/04/2017,5,220
14/04/2017,6,731
14/04/2017,7,1618
14/04/2017,8,3577
14/04/2017,9,3220
14/04/2017,10,2450
14/04/2017,11,2806
14/04/2017,12,3257
14/04/2017,13,3513
14/04/2017,14,3869
14/04/2017,15,4215
14/04/2017,16,4745
14/04/2017,17,5250
14/04/2017,18,4546
14/04/2017,19,2968
14/04/2017,20,1597
14/04/2017,21,1180
14/04/2017,22,980
14/04/2017,23,655
14/04/2018,0,842
14/04/2018,1,459
14/04/2018,2,285
14/04/2018,3,144
14/04/2018,4,111
14/04/2018,5,112
14/04/2018,6,341
14/04/2018,7,821
14/04/2018,8,1697
14/04/2018,9,2744
14/04/2018,10,3819
14/04/2018,11,4944
14/04/2018,12,5947
14/04/2018,13,6264
14/04/2018,14,6139
14/04/2018,15,6025
14/04/2018,16,5843
14/04/2018,17,5276
14/04/2018,18,4108
14/04/2018,19,2498
14/04/2018,20,1533
14/04/2018,21,1099
14/04/2018,22,856
14/04/2018,23,690
14/05/2014,0,199
14/05/2014,1,111
14/05/2014,2,58
14/05/2014,3,27
14/05/2014,4,48
14/05/2014,5,197
14/05/2014,6,796
14/05/2014,7,1703
14/05/2014,8,3003
14/05/2014,9,2183
14/05/2014,10,1097
14/05/2014,11,1108
14/05/2014,12,1354
14/05/2014,13,1532
14/05/2014,14,1501
14/05/2014,15,1546
14/05/2014,16,1968
14/05/2014,17,3181
14/05/2014,18,3172
14/05/2014,19,1949
14/05/2014,20,1235
14/05/2014,21,901
14/05/2014,22,706
14/05/2014,23,469
14/05/2015,0,224
14/05/2015,1,96
14/05/2015,2,52
14/05/2015,3,28
14/05/2015,4,36
14/05/2015,5,199
14/05/2015,6,964
14/05/2015,7,1948
14/05/2015,8,3333
14/05/2015,9,2450
14/05/2015,10,1616
14/05/2015,11,1609
14/05/2015,12,1948
14/05/2015,13,2097
14/05/2015,14,2155
14/05/2015,15,2346
14/05/2015,16,2862
14/05/2015,17,4296
14/05/2015,18,4323
14/05/2015,19,3148
14/05/2015,20,1996
14/05/2015,21,1368
14/05/2015,22,1041
14/05/2015,23,691
14/05/2016,0,524
14/05/2016,1,333
14/05/2016,2,250
14/05/2016,3,149
14/05/2016,4,96
14/05/2016,5,85
14/05/2016,6,243
14/05/2016,7,595
14/05/2016,8,1267
14/05/2016,9,2073
14/05/2016,10,2829
14/05/2016,11,3338
14/05/2016,12,3749
14/05/2016,13,3994
14/05/2016,14,3795
14/05/2016,15,3619
14/05/2016,16,3670
14/05/2016,17,3513
14/05/2016,18,2467
14/05/2016,19,1755
14/05/2016,20,1234
14/05/2016,21,937
14/05/2016,22,848
14/05/2016,23,700
14/05/2017,0,158
14/05/2017,1,142
14/05/2017,2,124
14/05/2017,3,82
14/05/2017,4,50
14/05/2017,5,61
14/05/2017,6,159
14/05/2017,7,477
14/05/2017,8,949
14/05/2017,9,1701
14/05/2017,10,2653
14/05/2017,11,3204
14/05/2017,12,3710
14/05/2017,13,3720
14/05/2017,14,3722
14/05/2017,15,2934
14/05/2017,16,3245
14/05/2017,17,2181
14/05/2017,18,2881
14/05/2017,19,2322
14/05/2017,20,1698
14/05/2017,21,1196
14/05/2017,22,890
14/05/2017,23,470
14/05/2018,0,220
14/05/2018,1,115
14/05/2018,2,34
14/05/2018,3,29
14/05/2018,4,72
14/05/2018,5,427
14/05/2018,6,1431
14/05/2018,7,3160
14/05/2018,8,5776
14/05/2018,9,4216
14/05/2018,10,2391
14/05/2018,11,2445
14/05/2018,12,2668
14/05/2018,13,2862
14/05/2018,14,3235
14/05/2018,15,3530
14/05/2018,16,4628
14/05/2018,17,7682
14/05/2018,18,7759
14/05/2018,19,5002
14/05/2018,20,3170
14/05/2018,21,1923
14/05/2018,22,1225
14/05/2018,23,729
14/06/2014,0,349
14/06/2014,1,234
14/06/2014,2,140
14/06/2014,3,99
14/06/2014,4,78
14/06/2014,5,60
14/06/2014,6,151
14/06/2014,7,323
14/06/2014,8,730
14/06/2014,9,1225
14/06/2014,10,1747
14/06/2014,11,2095
14/06/2014,12,2209
14/06/2014,13,2437
14/06/2014,14,2480
14/06/2014,15,2444
14/06/2014,16,2484
14/06/2014,17,2449
14/06/2014,18,1830
14/06/2014,19,1352
14/06/2014,20,1421
14/06/2014,21,817
14/06/2014,22,669
14/06/2014,23,594
14/06/2015,0,589
14/06/2015,1,441
14/06/2015,2,256
14/06/2015,3,157
14/06/2015,4,114
14/06/2015,5,85
14/06/2015,6,131
14/06/2015,7,296
14/06/2015,8,655
14/06/2015,9,1105
14/06/2015,10,1494
14/06/2015,11,1977
14/06/2015,12,2206
14/06/2015,13,2346
14/06/2015,14,2401
14/06/2015,15,2405
14/06/2015,16,2467
14/06/2015,17,2455
14/06/2015,18,2314
14/06/2015,19,1933
14/06/2015,20,1520
14/06/2015,21,638
14/06/2015,22,132
14/06/2015,23,67
14/06/2016,0,372
14/06/2016,1,132
14/06/2016,2,71
14/06/2016,3,44
14/06/2016,4,71
14/06/2016,5,331
14/06/2016,6,1478
14/06/2016,7,3226
14/06/2016,8,5261
14/06/2016,9,3767
14/06/2016,10,2038
14/06/2016,11,1876
14/06/2016,12,2320
14/06/2016,13,2455
14/06/2016,14,2487
14/06/2016,15,2583
14/06/2016,16,3417
14/06/2016,17,5737
14/06/2016,18,5890
14/06/2016,19,4166
14/06/2016,20,2916
14/06/2016,21,1973
14/06/2016,22,1366
14/06/2016,23,836
14/06/2017,0,366
14/06/2017,1,176
14/06/2017,2,101
14/06/2017,3,50
14/06/2017,4,75
14/06/2017,5,252
14/06/2017,6,1513
14/06/2017,7,1944
14/06/2017,8,3898
14/06/2017,9,4000
14/06/2017,10,2658
14/06/2017,11,2468
14/06/2017,12,2811
14/06/2017,13,3005
14/06/2017,14,2908
14/06/2017,15,3185
14/06/2017,16,4072
14/06/2017,17,6744
14/06/2017,18,6695
14/06/2017,19,4750
14/06/2017,20,3358
14/06/2017,21,2467
14/06/2017,22,1950
14/06/2017,23,1067
14/07/2013,0,549
14/07/2013,1,413
14/07/2013,2,277
14/07/2013,3,190
14/07/2013,4,126
14/07/2013,5,65
14/07/2013,6,109
14/07/2013,7,219
14/07/2013,8,525
14/07/2013,9,890
14/07/2013,10,1295
14/07/2013,11,1743
14/07/2013,12,2105
14/07/2013,13,2173
14/07/2013,14,2422
14/07/2013,15,2250
14/07/2013,16,2450
14/07/2013,17,2299
14/07/2013,18,2361
14/07/2013,19,2218
14/07/2013,20,1842
14/07/2013,21,1330
14/07/2013,22,846
14/07/2013,23,590
14/07/2014,0,32
14/07/2014,1,23
14/07/2014,2,27
14/07/2014,3,29
14/07/2014,4,44
14/07/2014,5,205
14/07/2014,6,837
14/07/2014,7,1664
14/07/2014,8,2790
14/07/2014,9,2020
14/07/2014,10,1033
14/07/2014,11,986
14/07/2014,12,1281
14/07/2014,13,1348
14/07/2014,14,1418
14/07/2014,15,1538
14/07/2014,16,2006
14/07/2014,17,3383
14/07/2014,18,2711
14/07/2014,19,1586
14/07/2014,20,436
14/07/2014,21,233
14/07/2014,22,106
14/07/2014,23,89
14/07/2015,0,328
14/07/2015,1,119
14/07/2015,2,67
14/07/2015,3,34
14/07/2015,4,53
14/07/2015,5,288
14/07/2015,6,1171
14/07/2015,7,2312
14/07/2015,8,3853
14/07/2015,9,2716
14/07/2015,10,1331
14/07/2015,11,1255
14/07/2015,12,1164
14/07/2015,13,606
14/07/2015,14,770
14/07/2015,15,1294
14/07/2015,16,2190
14/07/2015,17,4016
14/07/2015,18,4059
14/07/2015,19,3022
14/07/2015,20,2112
14/07/2015,21,1381
14/07/2015,22,1055
14/07/2015,23,606
14/07/2016,0,517
14/07/2016,1,209
14/07/2016,2,95
14/07/2016,3,67
14/07/2016,4,72
14/07/2016,5,372
14/07/2016,6,1411
14/07/2016,7,2853
14/07/2016,8,4917
14/07/2016,9,3733
14/07/2016,10,2028
14/07/2016,11,1921
14/07/2016,12,2180
14/07/2016,13,2318
14/07/2016,14,2239
14/07/2016,15,2339
14/07/2016,16,1789
14/07/2016,17,4789
14/07/2016,18,5552
14/07/2016,19,3846
14/07/2016,20,2696
14/07/2016,21,1969
14/07/2016,22,1417
14/07/2016,23,1021
14/07/2017,0,519
14/07/2017,1,259
14/07/2017,2,162
14/07/2017,3,79
14/07/2017,4,81
14/07/2017,5,408
14/07/2017,6,1108
14/07/2017,7,1086
14/07/2017,8,2552
14/07/2017,9,1076
14/07/2017,10,631
14/07/2017,11,1345
14/07/2017,12,1999
14/07/2017,13,1833
14/07/2017,14,1334
14/07/2017,15,1684
14/07/2017,16,1379
14/07/2017,17,3367
14/07/2017,18,3399
14/07/2017,19,2725
14/07/2017,20,1884
14/07/2017,21,1156
14/07/2017,22,991
14/07/2017,23,794
14/08/2013,0,298
14/08/2013,1,170
14/08/2013,2,65
14/08/2013,3,52
14/08/2013,4,46
14/08/2013,5,177
14/08/2013,6,828
14/08/2013,7,1792
14/08/2013,8,3188
14/08/2013,9,2500
14/08/2013,10,1365
14/08/2013,11,1373
14/08/2013,12,1837
14/08/2013,13,1903
14/08/2013,14,1736
14/08/2013,15,1784
14/08/2013,16,2424
14/08/2013,17,4004
14/08/2013,18,4203
14/08/2013,19,3073
14/08/2013,20,2087
14/08/2013,21,1488
14/08/2013,22,1093
14/08/2013,23,664
14/08/2014,0,281
14/08/2014,1,143
14/08/2014,2,78
14/08/2014,3,52
14/08/2014,4,61
14/08/2014,5,191
14/08/2014,6,889
14/08/2014,7,1714
14/08/2014,8,3025
14/08/2014,9,2443
14/08/2014,10,1399
14/08/2014,11,1358
14/08/2014,12,1668
14/08/2014,13,1758
14/08/2014,14,1680
14/08/2014,15,1719
14/08/2014,16,2205
14/08/2014,17,3516
14/08/2014,18,3726
14/08/2014,19,2598
14/08/2014,20,1780
14/08/2014,21,1192
14/08/2014,22,933
14/08/2014,23,745
14/08/2015,0,415
14/08/2015,1,217
14/08/2015,2,128
14/08/2015,3,57
14/08/2015,4,50
14/08/2015,5,215
14/08/2015,6,927
14/08/2015,7,1864
14/08/2015,8,3441
14/08/2015,9,2798
14/08/2015,10,1645
14/08/2015,11,1550
14/08/2015,12,1971
14/08/2015,13,2194
14/08/2015,14,2336
14/08/2015,15,2538
14/08/2015,16,3251
14/08/2015,17,3939
14/08/2015,18,3442
14/08/2015,19,2537
14/08/2015,20,1679
14/08/2015,21,1140
14/08/2015,22,929
14/08/2015,23,720
14/08/2016,0,604
14/08/2016,1,380
14/08/2016,2,286
14/08/2016,3,180
14/08/2016,4,125
14/08/2016,5,111
14/08/2016,6,210
14/08/2016,7,425
14/08/2016,8,871
14/08/2016,9,1436
14/08/2016,10,1828
14/08/2016,11,2180
14/08/2016,12,2422
14/08/2016,13,2488
14/08/2016,14,2464
14/08/2016,15,2449
14/08/2016,16,2591
14/08/2016,17,2605
14/08/2016,18,2657
14/08/2016,19,2279
14/08/2016,20,1593
14/08/2016,21,1167
14/08/2016,22,988
14/08/2016,23,622
14/08/2017,0,443
14/08/2017,1,208
14/08/2017,2,90
14/08/2017,3,50
14/08/2017,4,91
14/08/2017,5,407
14/08/2017,6,1616
14/08/2017,7,3265
14/08/2017,8,5296
14/08/2017,9,3860
14/08/2017,10,2204
14/08/2017,11,2193
14/08/2017,12,2582
14/08/2017,13,2687
14/08/2017,14,2884
14/08/2017,15,3065
14/08/2017,16,4085
14/08/2017,17,7012
14/08/2017,18,7051
14/08/2017,19,4945
14/08/2017,20,3270
14/08/2017,21,2096
14/08/2017,22,1270
14/08/2017,23,812
14/09/2013,0,463
14/09/2013,1,302
14/09/2013,2,232
14/09/2013,3,157
14/09/2013,4,99
14/09/2013,5,52
14/09/2013,6,136
14/09/2013,7,348
14/09/2013,8,670
14/09/2013,9,1247
14/09/2013,10,1689
14/09/2013,11,2153
14/09/2013,12,2587
14/09/2013,13,2773
14/09/2013,14,2742
14/09/2013,15,2742
14/09/2013,16,2759
14/09/2013,17,2660
14/09/2013,18,2388
14/09/2013,19,1765
14/09/2013,20,1188
14/09/2013,21,960
14/09/2013,22,808
14/09/2013,23,687
14/09/2014,0,388
14/09/2014,1,249
14/09/2014,2,198
14/09/2014,3,114
14/09/2014,4,88
14/09/2014,5,49
14/09/2014,6,94
14/09/2014,7,241
14/09/2014,8,513
14/09/2014,9,1035
14/09/2014,10,1559
14/09/2014,11,2025
14/09/2014,12,2347
14/09/2014,13,2424
14/09/2014,14,2468
14/09/2014,15,2613
14/09/2014,16,2653
14/09/2014,17,2496
14/09/2014,18,2421
14/09/2014,19,1746
14/09/2014,20,1168
14/09/2014,21,796
14/09/2014,22,603
14/09/2014,23,400
14/09/2015,0,291
14/09/2015,1,91
14/09/2015,2,46
14/09/2015,3,25
14/09/2015,4,53
14/09/2015,5,231
14/09/2015,6,1107
14/09/2015,7,2260
14/09/2015,8,3904
14/09/2015,9,2987
14/09/2015,10,1735
14/09/2015,11,1732
14/09/2015,12,1995
14/09/2015,13,2107
14/09/2015,14,2205
14/09/2015,15,2412
14/09/2015,16,2983
14/09/2015,17,5051
14/09/2015,18,5072
14/09/2015,19,3463
14/09/2015,20,2037
14/09/2015,21,1288
14/09/2015,22,993
14/09/2015,23,600
14/09/2016,0,395
14/09/2016,1,236
14/09/2016,2,69
14/09/2016,3,52
14/09/2016,4,89
14/09/2016,5,474
14/09/2016,6,1729
14/09/2016,7,4070
14/09/2016,8,6703
14/09/2016,9,4472
14/09/2016,10,2540
14/09/2016,11,2342
14/09/2016,12,2847
14/09/2016,13,2951
14/09/2016,14,2916
14/09/2016,15,3120
14/09/2016,16,4133
14/09/2016,17,3076
14/09/2016,18,5068
14/09/2016,19,4336
14/09/2016,20,2991
14/09/2016,21,2128
14/09/2016,22,1498
14/09/2016,23,968
14/09/2017,0,508
14/09/2017,1,242
14/09/2017,2,130
14/09/2017,3,59
14/09/2017,4,100
14/09/2017,5,530
14/09/2017,6,1959
14/09/2017,7,4502
14/09/2017,8,7515
14/09/2017,9,4697
14/09/2017,10,2744
14/09/2017,11,2550
14/09/2017,12,3137
14/09/2017,13,3159
14/09/2017,14,3330
14/09/2017,15,3567
14/09/2017,16,4389
14/09/2017,17,7349
14/09/2017,18,7680
14/09/2017,19,5194
14/09/2017,20,3447
14/09/2017,21,2366
14/09/2017,22,1753
14/09/2017,23,1164
14/10/2013,0,279
14/10/2013,1,135
14/10/2013,2,75
14/10/2013,3,61
14/10/2013,4,46
14/10/2013,5,125
14/10/2013,6,491
14/10/2013,7,1228
14/10/2013,8,2403
14/10/2013,9,1954
14/10/2013,10,1282
14/10/2013,11,1419
14/10/2013,12,1811
14/10/2013,13,2019
14/10/2013,14,2025
14/10/2013,15,2160
14/10/2013,16,2489
14/10/2013,17,3489
14/10/2013,18,3485
14/10/2013,19,2331
14/10/2013,20,1413
14/10/2013,21,1091
14/10/2013,22,728
14/10/2013,23,479
14/10/2014,0,142
14/10/2014,1,83
14/10/2014,2,55
14/10/2014,3,32
14/10/2014,4,40
14/10/2014,5,187
14/10/2014,6,882
14/10/2014,7,1766
14/10/2014,8,2849
14/10/2014,9,2186
14/10/2014,10,1192
14/10/2014,11,1246
14/10/2014,12,1409
14/10/2014,13,1519
14/10/2014,14,1600
14/10/2014,15,1684
14/10/2014,16,2218
14/10/2014,17,3782
14/10/2014,18,3654
14/10/2014,19,2279
14/10/2014,20,1508
14/10/2014,21,1104
14/10/2014,22,756
14/10/2014,23,441
14/10/2015,0,339
14/10/2015,1,169
14/10/2015,2,56
14/10/2015,3,42
14/10/2015,4,75
14/10/2015,5,299
14/10/2015,6,1333
14/10/2015,7,2932
14/10/2015,8,5261
14/10/2015,9,3786
14/10/2015,10,2019
14/10/2015,11,1841
14/10/2015,12,2154
14/10/2015,13,2347
14/10/2015,14,2336
14/10/2015,15,2356
14/10/2015,16,3096
14/10/2015,17,5242
14/10/2015,18,5268
14/10/2015,19,3302
14/10/2015,20,2202
14/10/2015,21,1670
14/10/2015,22,1152
14/10/2015,23,721
14/10/2017,0,872
14/10/2017,1,519
14/10/2017,2,241
14/10/2017,3,157
14/10/2017,4,114
14/10/2017,5,128
14/10/2017,6,335
14/10/2017,7,712
14/10/2017,8,1477
14/10/2017,9,2549
14/10/2017,10,3378
14/10/2017,11,4080
14/10/2017,12,4676
14/10/2017,13,4735
14/10/2017,14,5210
14/10/2017,15,5212
14/10/2017,16,4955
14/10/2017,17,4855
14/10/2017,18,4120
14/10/2017,19,3221
14/10/2017,20,2368
14/10/2017,21,1945
14/10/2017,22,1636
14/10/2017,23,1282
14/11/2013,0,153
14/11/2013,1,78
14/11/2013,2,50
14/11/2013,3,15
14/11/2013,4,31
14/11/2013,5,136
14/11/2013,6,673
14/11/2013,7,1427
14/11/2013,8,2680
14/11/2013,9,2021
14/11/2013,10,1087
14/11/2013,11,1082
14/11/2013,12,1167
14/11/2013,13,1252
14/11/2013,14,1314
14/11/2013,15,1392
14/11/2013,16,1767
14/11/2013,17,2679
14/11/2013,18,2833
14/11/2013,19,1887
14/11/2013,20,1199
14/11/2013,21,895
14/11/2013,22,674
14/11/2013,23,548
14/11/2014,0,80
14/11/2014,1,39
14/11/2014,2,32
14/11/2014,3,22
14/11/2014,4,40
14/11/2014,5,110
14/11/2014,6,606
14/11/2014,7,1261
14/11/2014,8,2346
14/11/2014,9,1650
14/11/2014,10,872
14/11/2014,11,859
14/11/2014,12,998
14/11/2014,13,1057
14/11/2014,14,1200
14/11/2014,15,1199
14/11/2014,16,1592
14/11/2014,17,2240
14/11/2014,18,1819
14/11/2014,19,1150
14/11/2014,20,718
14/11/2014,21,451
14/11/2014,22,385
14/11/2014,23,356
14/11/2015,0,371
14/11/2015,1,239
14/11/2015,2,157
14/11/2015,3,104
14/11/2015,4,59
14/11/2015,5,64
14/11/2015,6,157
14/11/2015,7,355
14/11/2015,8,803
14/11/2015,9,1286
14/11/2015,10,1759
14/11/2015,11,1931
14/11/2015,12,2163
14/11/2015,13,2459
14/11/2015,14,2285
14/11/2015,15,2294
14/11/2015,16,2053
14/11/2015,17,1702
14/11/2015,18,1285
14/11/2015,19,1140
14/11/2015,20,891
14/11/2015,21,652
14/11/2015,22,577
14/11/2015,23,513
14/11/2017,0,269
14/11/2017,1,137
14/11/2017,2,73
14/11/2017,3,49
14/11/2017,4,77
14/11/2017,5,432
14/11/2017,6,1593
14/11/2017,7,3587
14/11/2017,8,5925
14/11/2017,9,3998
14/11/2017,10,2198
14/11/2017,11,1988
14/11/2017,12,2238
14/11/2017,13,2295
14/11/2017,14,2405
14/11/2017,15,2639
14/11/2017,16,3171
14/11/2017,17,5216
14/11/2017,18,5209
14/11/2017,19,3181
14/11/2017,20,2280
14/11/2017,21,1578
14/11/2017,22,1100
14/11/2017,23,641
14/12/2013,0,285
14/12/2013,1,194
14/12/2013,2,130
14/12/2013,3,44
14/12/2013,4,41
14/12/2013,5,28
14/12/2013,6,70
14/12/2013,7,139
14/12/2013,8,275
14/12/2013,9,273
14/12/2013,10,305
14/12/2013,11,330
14/12/2013,12,311
14/12/2013,13,272
14/12/2013,14,190
14/12/2013,15,207
14/12/2013,16,129
14/12/2013,17,112
14/12/2013,18,98
14/12/2013,19,81
14/12/2013,20,56
14/12/2013,21,48
14/12/2013,22,42
14/12/2013,23,41
14/12/2014,0,251
14/12/2014,1,177
14/12/2014,2,111
14/12/2014,3,80
14/12/2014,4,57
14/12/2014,5,20
14/12/2014,6,47
14/12/2014,7,105
14/12/2014,8,257
14/12/2014,9,434
14/12/2014,10,752
14/12/2014,11,847
14/12/2014,12,1005
14/12/2014,13,1049
14/12/2014,14,1092
14/12/2014,15,1032
14/12/2014,16,1113
14/12/2014,17,862
14/12/2014,18,734
14/12/2014,19,592
14/12/2014,20,459
14/12/2014,21,342
14/12/2014,22,313
14/12/2014,23,210
14/12/2015,0,228
14/12/2015,1,97
14/12/2015,2,57
14/12/2015,3,43
14/12/2015,4,65
14/12/2015,5,236
14/12/2015,6,984
14/12/2015,7,2192
14/12/2015,8,3776
14/12/2015,9,2682
14/12/2015,10,1387
14/12/2015,11,1251
14/12/2015,12,1556
14/12/2015,13,1592
14/12/2015,14,1738
14/12/2015,15,1969
14/12/2015,16,2390
14/12/2015,17,3831
14/12/2015,18,3550
14/12/2015,19,1094
14/12/2015,20,622
14/12/2015,21,533
14/12/2015,22,339
14/12/2015,23,306
14/12/2017,0,167
14/12/2017,1,66
14/12/2017,2,30
14/12/2017,3,18
14/12/2017,4,35
14/12/2017,5,181
14/12/2017,6,604
14/12/2017,7,942
14/12/2017,8,2125
14/12/2017,9,1954
14/12/2017,10,1208
14/12/2017,11,1130
14/12/2017,12,1338
14/12/2017,13,1388
14/12/2017,14,1536
14/12/2017,15,1674
14/12/2017,16,1978
14/12/2017,17,3031
14/12/2017,18,2851
14/12/2017,19,1749
14/12/2017,20,1223
14/12/2017,21,921
14/12/2017,22,845
14/12/2017,23,501
15/01/2014,0,121
15/01/2014,1,53
15/01/2014,2,29
15/01/2014,3,19
15/01/2014,4,25
15/01/2014,5,129
15/01/2014,6,537
15/01/2014,7,1161
15/01/2014,8,2336
15/01/2014,9,1748
15/01/2014,10,950
15/01/2014,11,771
15/01/2014,12,908
15/01/2014,13,919
15/01/2014,14,977
15/01/2014,15,1022
15/01/2014,16,1279
15/01/2014,17,2331
15/01/2014,18,2411
15/01/2014,19,1534
15/01/2014,20,944
15/01/2014,21,689
15/01/2014,22,449
15/01/2014,23,288
15/01/2015,0,91
15/01/2015,1,49
15/01/2015,2,26
15/01/2015,3,14
15/01/2015,4,25
15/01/2015,5,122
15/01/2015,6,482
15/01/2015,7,932
15/01/2015,8,1575
15/01/2015,9,1196
15/01/2015,10,531
15/01/2015,11,487
15/01/2015,12,602
15/01/2015,13,609
15/01/2015,14,653
15/01/2015,15,678
15/01/2015,16,889
15/01/2015,17,1387
15/01/2015,18,1395
15/01/2015,19,898
15/01/2015,20,570
15/01/2015,21,410
15/01/2015,22,278
15/01/2015,23,176
15/01/2016,0,181
15/01/2016,1,105
15/01/2016,2,47
15/01/2016,3,30
15/01/2016,4,53
15/01/2016,5,195
15/01/2016,6,744
15/01/2016,7,1609
15/01/2016,8,3145
15/01/2016,9,2291
15/01/2016,10,1194
15/01/2016,11,1058
15/01/2016,12,1305
15/01/2016,13,1402
15/01/2016,14,1552
15/01/2016,15,1689
15/01/2016,16,2139
15/01/2016,17,2918
15/01/2016,18,2613
15/01/2016,19,1627
15/01/2016,20,1028
15/01/2016,21,575
15/01/2016,22,555
15/01/2016,23,380
15/01/2018,0,130
15/01/2018,1,53
15/01/2018,2,31
15/01/2018,3,23
15/01/2018,4,31
15/01/2018,5,84
15/01/2018,6,286
15/01/2018,7,544
15/01/2018,8,944
15/01/2018,9,1057
15/01/2018,10,933
15/01/2018,11,1047
15/01/2018,12,1145
15/01/2018,13,1226
15/01/2018,14,1331
15/01/2018,15,1399
15/01/2018,16,1350
15/01/2018,17,1593
15/01/2018,18,1463
15/01/2018,19,1133
15/01/2018,20,743
15/01/2018,21,478
15/01/2018,22,390
15/01/2018,23,223
15/02/2014,0,36
15/02/2014,1,40
15/02/2014,2,28
15/02/2014,3,18
15/02/2014,4,20
15/02/2014,5,12
15/02/2014,6,35
15/02/2014,7,74
15/02/2014,8,107
15/02/2014,9,190
15/02/2014,10,218
15/02/2014,11,176
15/02/2014,12,191
15/02/2014,13,192
15/02/2014,14,191
15/02/2014,15,223
15/02/2014,16,128
15/02/2014,17,73
15/02/2014,18,50
15/02/2014,19,55
15/02/2014,20,65
15/02/2014,21,41
15/02/2014,22,56
15/02/2014,23,42
15/02/2015,0,43
15/02/2015,1,27
15/02/2015,2,20
15/02/2015,3,12
15/02/2015,4,10
15/02/2015,5,11
15/02/2015,6,16
15/02/2015,7,30
15/02/2015,8,81
15/02/2015,9,98
15/02/2015,10,181
15/02/2015,11,221
15/02/2015,12,226
15/02/2015,13,228
15/02/2015,14,229
15/02/2015,15,218
15/02/2015,16,204
15/02/2015,17,192
15/02/2015,18,165
15/02/2015,19,142
15/02/2015,20,81
15/02/2015,21,49
15/02/2015,22,47
15/02/2015,23,50
15/02/2016,0,73
15/02/2016,1,47
15/02/2016,2,23
15/02/2016,3,15
15/02/2016,4,16
15/02/2016,5,43
15/02/2016,6,117
15/02/2016,7,274
15/02/2016,8,510
15/02/2016,9,587
15/02/2016,10,527
15/02/2016,11,629
15/02/2016,12,536
15/02/2016,13,510
15/02/2016,14,456
15/02/2016,15,314
15/02/2016,16,271
15/02/2016,17,234
15/02/2016,18,204
15/02/2016,19,193
15/02/2016,20,128
15/02/2016,21,70
15/02/2016,22,50
15/02/2016,23,57
15/02/2018,0,160
15/02/2018,1,83
15/02/2018,2,41
15/02/2018,3,27
15/02/2018,4,53
15/02/2018,5,332
15/02/2018,6,1180
15/02/2018,7,2760
15/02/2018,8,4927
15/02/2018,9,3299
15/02/2018,10,1808
15/02/2018,11,1652
15/02/2018,12,2010
15/02/2018,13,2010
15/02/2018,14,2200
15/02/2018,15,2429
15/02/2018,16,3001
15/02/2018,17,4838
15/02/2018,18,4447
15/02/2018,19,3038
15/02/2018,20,2116
15/02/2018,21,1014
15/02/2018,22,487
15/02/2018,23,281
15/03/2014,0,223
15/03/2014,1,159
15/03/2014,2,89
15/03/2014,3,54
15/03/2014,4,47
15/03/2014,5,34
15/03/2014,6,64
15/03/2014,7,165
15/03/2014,8,359
15/03/2014,9,680
15/03/2014,10,999
15/03/2014,11,1263
15/03/2014,12,1563
15/03/2014,13,1688
15/03/2014,14,1773
15/03/2014,15,1698
15/03/2014,16,1674
15/03/2014,17,1608
15/03/2014,18,1376
15/03/2014,19,919
15/03/2014,20,567
15/03/2014,21,416
15/03/2014,22,370
15/03/2014,23,265
15/03/2015,0,128
15/03/2015,1,94
15/03/2015,2,54
15/03/2015,3,45
15/03/2015,4,29
15/03/2015,5,34
15/03/2015,6,71
15/03/2015,7,121
15/03/2015,8,281
15/03/2015,9,439
15/03/2015,10,626
15/03/2015,11,694
15/03/2015,12,781
15/03/2015,13,738
15/03/2015,14,786
15/03/2015,15,706
15/03/2015,16,681
15/03/2015,17,623
15/03/2015,18,613
15/03/2015,19,447
15/03/2015,20,328
15/03/2015,21,208
15/03/2015,22,180
15/03/2015,23,131
15/03/2016,0,85
15/03/2016,1,46
15/03/2016,2,26
15/03/2016,3,15
15/03/2016,4,36
15/03/2016,5,210
15/03/2016,6,698
15/03/2016,7,1526
15/03/2016,8,2928
15/03/2016,9,2132
15/03/2016,10,1120
15/03/2016,11,1068
15/03/2016,12,1279
15/03/2016,13,1394
15/03/2016,14,1489
15/03/2016,15,1566
15/03/2016,16,2060
15/03/2016,17,3561
15/03/2016,18,3829
15/03/2016,19,2567
15/03/2016,20,1584
15/03/2016,21,1129
15/03/2016,22,771
15/03/2016,23,477
15/03/2018,0,170
15/03/2018,1,88
15/03/2018,2,42
15/03/2018,3,30
15/03/2018,4,49
15/03/2018,5,321
15/03/2018,6,994
15/03/2018,7,2164
15/03/2018,8,3993
15/03/2018,9,2876
15/03/2018,10,1507
15/03/2018,11,1596
15/03/2018,12,1779
15/03/2018,13,1861
15/03/2018,14,1874
15/03/2018,15,2059
15/03/2018,16,2582
15/03/2018,17,4380
15/03/2018,18,4462
15/03/2018,19,2758
15/03/2018,20,1569
15/03/2018,21,1126
15/03/2018,22,835
15/03/2018,23,459
15/04/2014,0,173
15/04/2014,1,82
15/04/2014,2,51
15/04/2014,3,24
15/04/2014,4,30
15/04/2014,5,82
15/04/2014,6,368
15/04/2014,7,949
15/04/2014,8,1763
15/04/2014,9,1187
15/04/2014,10,499
15/04/2014,11,317
15/04/2014,12,245
15/04/2014,13,366
15/04/2014,14,329
15/04/2014,15,550
15/04/2014,16,989
15/04/2014,17,1062
15/04/2014,18,737
15/04/2014,19,346
15/04/2014,20,166
15/04/2014,21,88
15/04/2014,22,71
15/04/2014,23,49
15/04/2015,0,153
15/04/2015,1,71
15/04/2015,2,37
15/04/2015,3,28
15/04/2015,4,32
15/04/2015,5,190
15/04/2015,6,765
15/04/2015,7,1555
15/04/2015,8,2605
15/04/2015,9,1926
15/04/2015,10,1077
15/04/2015,11,1000
15/04/2015,12,1193
15/04/2015,13,1216
15/04/2015,14,1362
15/04/2015,15,1390
15/04/2015,16,1811
15/04/2015,17,2964
15/04/2015,18,2980
15/04/2015,19,2051
15/04/2015,20,1224
15/04/2015,21,892
15/04/2015,22,673
15/04/2015,23,399
15/04/2016,0,272
15/04/2016,1,104
15/04/2016,2,75
15/04/2016,3,57
15/04/2016,4,52
15/04/2016,5,217
15/04/2016,6,846
15/04/2016,7,2046
15/04/2016,8,3807
15/04/2016,9,2957
15/04/2016,10,1623
15/04/2016,11,1651
15/04/2016,12,1966
15/04/2016,13,2064
15/04/2016,14,2233
15/04/2016,15,2452
15/04/2016,16,3122
15/04/2016,17,4525
15/04/2016,18,3760
15/04/2016,19,2434
15/04/2016,20,1394
15/04/2016,21,823
15/04/2016,22,645
15/04/2016,23,551
15/04/2017,0,516
15/04/2017,1,289
15/04/2017,2,213
15/04/2017,3,110
15/04/2017,4,65
15/04/2017,5,61
15/04/2017,6,191
15/04/2017,7,476
15/04/2017,8,1130
15/04/2017,9,1978
15/04/2017,10,2661
15/04/2017,11,3338
15/04/2017,12,3636
15/04/2017,13,3840
15/04/2017,14,3674
15/04/2017,15,3753
15/04/2017,16,3740
15/04/2017,17,3330
15/04/2017,18,2949
15/04/2017,19,2161
15/04/2017,20,1498
15/04/2017,21,1120
15/04/2017,22,1007
15/04/2017,23,795
15/04/2018,0,443
15/04/2018,1,274
15/04/2018,2,153
15/04/2018,3,96
15/04/2018,4,66
15/04/2018,5,44
15/04/2018,6,149
15/04/2018,7,364
15/04/2018,8,764
15/04/2018,9,1184
15/04/2018,10,1674
15/04/2018,11,1928
15/04/2018,12,2173
15/04/2018,13,2131
15/04/2018,14,2043
15/04/2018,15,1944
15/04/2018,16,1870
15/04/2018,17,1517
15/04/2018,18,764
15/04/2018,19,279
15/04/2018,20,162
15/04/2018,21,192
15/04/2018,22,130
15/04/2018,23,96
15/05/2014,0,211
15/05/2014,1,60
15/05/2014,2,26
15/05/2014,3,19
15/05/2014,4,33
15/05/2014,5,119
15/05/2014,6,374
15/05/2014,7,1000
15/05/2014,8,2375
15/05/2014,9,1890
15/05/2014,10,1082
15/05/2014,11,736
15/05/2014,12,819
15/05/2014,13,1034
15/05/2014,14,1162
15/05/2014,15,1394
15/05/2014,16,1825
15/05/2014,17,3162
15/05/2014,18,2998
15/05/2014,19,2080
15/05/2014,20,1409
15/05/2014,21,987
15/05/2014,22,744
15/05/2014,23,518
15/05/2015,0,275
15/05/2015,1,168
15/05/2015,2,68
15/05/2015,3,51
15/05/2015,4,41
15/05/2015,5,198
15/05/2015,6,839
15/05/2015,7,1721
15/05/2015,8,3103
15/05/2015,9,2381
15/05/2015,10,1491
15/05/2015,11,1450
15/05/2015,12,1786
15/05/2015,13,1887
15/05/2015,14,2034
15/05/2015,15,2283
15/05/2015,16,2815
15/05/2015,17,3701
15/05/2015,18,3128
15/05/2015,19,2077
15/05/2015,20,1278
15/05/2015,21,824
15/05/2015,22,736
15/05/2015,23,610
15/05/2016,0,529
15/05/2016,1,357
15/05/2016,2,217
15/05/2016,3,118
15/05/2016,4,72
15/05/2016,5,69
15/05/2016,6,143
15/05/2016,7,355
15/05/2016,8,862
15/05/2016,9,1472
15/05/2016,10,2060
15/05/2016,11,2200
15/05/2016,12,2263
15/05/2016,13,2471
15/05/2016,14,2408
15/05/2016,15,2293
15/05/2016,16,2260
15/05/2016,17,2307
15/05/2016,18,2105
15/05/2016,19,1606
15/05/2016,20,1074
15/05/2016,21,590
15/05/2016,22,527
15/05/2016,23,303
15/05/2017,0,246
15/05/2017,1,111
15/05/2017,2,83
15/05/2017,3,34
15/05/2017,4,67
15/05/2017,5,390
15/05/2017,6,1523
15/05/2017,7,3045
15/05/2017,8,5334
15/05/2017,9,3465
15/05/2017,10,1893
15/05/2017,11,1825
15/05/2017,12,2264
15/05/2017,13,2215
15/05/2017,14,2431
15/05/2017,15,2745
15/05/2017,16,3624
15/05/2017,17,6388
15/05/2017,18,6477
15/05/2017,19,4266
15/05/2017,20,2805
15/05/2017,21,1689
15/05/2017,22,1155
15/05/2017,23,640
15/05/2018,0,355
15/05/2018,1,197
15/05/2018,2,103
15/05/2018,3,50
15/05/2018,4,85
15/05/2018,5,527
15/05/2018,6,1860
15/05/2018,7,4197
15/05/2018,8,7154
15/05/2018,9,4827
15/05/2018,10,2788
15/05/2018,11,2779
15/05/2018,12,3093
15/05/2018,13,3207
15/05/2018,14,3362
15/05/2018,15,3549
15/05/2018,16,4807
15/05/2018,17,2264
15/05/2018,18,1028
15/05/2018,19,991
15/05/2018,20,1967
15/05/2018,21,1613
15/05/2018,22,1187
15/05/2018,23,836
15/06/2014,0,444
15/06/2014,1,220
15/06/2014,2,202
15/06/2014,3,110
15/06/2014,4,62
15/06/2014,5,60
15/06/2014,6,112
15/06/2014,7,299
15/06/2014,8,557
15/06/2014,9,989
15/06/2014,10,1447
15/06/2014,11,1901
15/06/2014,12,2146
15/06/2014,13,2303
15/06/2014,14,2455
15/06/2014,15,2330
15/06/2014,16,2335
15/06/2014,17,2408
15/06/2014,18,2171
15/06/2014,19,1853
15/06/2014,20,1612
15/06/2014,21,1047
15/06/2014,22,796
15/06/2014,23,523
15/06/2015,0,66
15/06/2015,1,35
15/06/2015,2,8
15/06/2015,3,19
15/06/2015,4,12
15/06/2015,5,105
15/06/2015,6,604
15/06/2015,7,1413
15/06/2015,8,2730
15/06/2015,9,2079
15/06/2015,10,1167
15/06/2015,11,1140
15/06/2015,12,1290
15/06/2015,13,1334
15/06/2015,14,806
15/06/2015,15,704
15/06/2015,16,688
15/06/2015,17,1919
15/06/2015,18,2949
15/06/2015,19,2395
15/06/2015,20,1547
15/06/2015,21,950
15/06/2015,22,701
15/06/2015,23,426
15/06/2016,0,389
15/06/2016,1,168
15/06/2016,2,82
15/06/2016,3,49
15/06/2016,4,64
15/06/2016,5,345
15/06/2016,6,1479
15/06/2016,7,3125
15/06/2016,8,5498
15/06/2016,9,3798
15/06/2016,10,2085
15/06/2016,11,2032
15/06/2016,12,2342
15/06/2016,13,2412
15/06/2016,14,2473
15/06/2016,15,2642
15/06/2016,16,3286
15/06/2016,17,5868
15/06/2016,18,6008
15/06/2016,19,4002
15/06/2016,20,2566
15/06/2016,21,1899
15/06/2016,22,1543
15/06/2016,23,894
15/06/2017,0,569
15/06/2017,1,237
15/06/2017,2,126
15/06/2017,3,59
15/06/2017,4,99
15/06/2017,5,483
15/06/2017,6,1682
15/06/2017,7,3586
15/06/2017,8,5983
15/06/2017,9,4136
15/06/2017,10,2506
15/06/2017,11,2557
15/06/2017,12,2841
15/06/2017,13,3068
15/06/2017,14,3025
15/06/2017,15,3349
15/06/2017,16,4257
15/06/2017,17,6851
15/06/2017,18,6708
15/06/2017,19,4656
15/06/2017,20,3175
15/06/2017,21,2125
15/06/2017,22,1689
15/06/2017,23,996
15/07/2013,0,278
15/07/2013,1,115
15/07/2013,2,69
15/07/2013,3,35
15/07/2013,4,34
15/07/2013,5,148
15/07/2013,6,625
15/07/2013,7,1381
15/07/2013,8,2359
15/07/2013,9,1775
15/07/2013,10,925
15/07/2013,11,887
15/07/2013,12,1118
15/07/2013,13,1206
15/07/2013,14,1170
15/07/2013,15,1231
15/07/2013,16,1608
15/07/2013,17,3018
15/07/2013,18,3140
15/07/2013,19,2497
15/07/2013,20,1775
15/07/2013,21,1263
15/07/2013,22,857
15/07/2013,23,555
15/07/2014,0,101
15/07/2014,1,87
15/07/2014,2,35
15/07/2014,3,22
15/07/2014,4,44
15/07/2014,5,242
15/07/2014,6,999
15/07/2014,7,1799
15/07/2014,8,3071
15/07/2014,9,2445
15/07/2014,10,1184
15/07/2014,11,1121
15/07/2014,12,1312
15/07/2014,13,1493
15/07/2014,14,429
15/07/2014,15,536
15/07/2014,16,1282
15/07/2014,17,2982
15/07/2014,18,2017
15/07/2014,19,332
15/07/2014,20,193
15/07/2014,21,377
15/07/2014,22,505
15/07/2014,23,355
15/07/2015,0,330
15/07/2015,1,167
15/07/2015,2,85
15/07/2015,3,36
15/07/2015,4,65
15/07/2015,5,278
15/07/2015,6,1053
15/07/2015,7,2065
15/07/2015,8,3597
15/07/2015,9,2567
15/07/2015,10,1060
15/07/2015,11,578
15/07/2015,12,623
15/07/2015,13,1183
15/07/2015,14,1359
15/07/2015,15,1527
15/07/2015,16,2121
15/07/2015,17,3890
15/07/2015,18,4189
15/07/2015,19,3019
15/07/2015,20,2012
15/07/2015,21,1414
15/07/2015,22,1074
15/07/2015,23,687
15/07/2016,0,521
15/07/2016,1,267
15/07/2016,2,155
15/07/2016,3,85
15/07/2016,4,97
15/07/2016,5,345
15/07/2016,6,1226
15/07/2016,7,2406
15/07/2016,8,4245
15/07/2016,9,3519
15/07/2016,10,2033
15/07/2016,11,1902
15/07/2016,12,2336
15/07/2016,13,2594
15/07/2016,14,2842
15/07/2016,15,2991
15/07/2016,16,3647
15/07/2016,17,4642
15/07/2016,18,4042
15/07/2016,19,2917
15/07/2016,20,2129
15/07/2016,21,1478
15/07/2016,22,1188
15/07/2016,23,965
15/07/2017,0,528
15/07/2017,1,383
15/07/2017,2,263
15/07/2017,3,149
15/07/2017,4,97
15/07/2017,5,114
15/07/2017,6,298
15/07/2017,7,686
15/07/2017,8,1337
15/07/2017,9,2320
15/07/2017,10,3095
15/07/2017,11,3896
15/07/2017,12,4434
15/07/2017,13,4597
15/07/2017,14,4653
15/07/2017,15,4747
15/07/2017,16,4543
15/07/2017,17,4615
15/07/2017,18,4240
15/07/2017,19,3778
15/07/2017,20,2870
15/07/2017,21,1999
15/07/2017,22,1580
15/07/2017,23,1277
15/08/2013,0,366
15/08/2013,1,175
15/08/2013,2,93
15/08/2013,3,58
15/08/2013,4,59
15/08/2013,5,174
15/08/2013,6,769
15/08/2013,7,1708
15/08/2013,8,3217
15/08/2013,9,2459
15/08/2013,10,1384
15/08/2013,11,1361
15/08/2013,12,1727
15/08/2013,13,1785
15/08/2013,14,1662
15/08/2013,15,1774
15/08/2013,16,2264
15/08/2013,17,3864
15/08/2013,18,4067
15/08/2013,19,3097
15/08/2013,20,1952
15/08/2013,21,1427
15/08/2013,22,1153
15/08/2013,23,791
15/08/2014,0,397
15/08/2014,1,184
15/08/2014,2,94
15/08/2014,3,50
15/08/2014,4,68
15/08/2014,5,189
15/08/2014,6,766
15/08/2014,7,1526
15/08/2014,8,2808
15/08/2014,9,2248
15/08/2014,10,1416
15/08/2014,11,1381
15/08/2014,12,1680
15/08/2014,13,1823
15/08/2014,14,1944
15/08/2014,15,2168
15/08/2014,16,2527
15/08/2014,17,3189
15/08/2014,18,2606
15/08/2014,19,1900
15/08/2014,20,1217
15/08/2014,21,882
15/08/2014,22,769
15/08/2014,23,648
15/08/2015,0,498
15/08/2015,1,367
15/08/2015,2,246
15/08/2015,3,158
15/08/2015,4,114
15/08/2015,5,80
15/08/2015,6,210
15/08/2015,7,543
15/08/2015,8,1165
15/08/2015,9,2072
15/08/2015,10,2973
15/08/2015,11,3669
15/08/2015,12,3686
15/08/2015,13,2874
15/08/2015,14,2872
15/08/2015,15,2543
15/08/2015,16,2528
15/08/2015,17,2621
15/08/2015,18,2372
15/08/2015,19,2036
15/08/2015,20,1476
15/08/2015,21,1077
15/08/2015,22,916
15/08/2015,23,725
15/08/2016,0,338
15/08/2016,1,163
15/08/2016,2,77
15/08/2016,3,50
15/08/2016,4,83
15/08/2016,5,356
15/08/2016,6,1378
15/08/2016,7,2721
15/08/2016,8,4493
15/08/2016,9,3188
15/08/2016,10,1779
15/08/2016,11,1662
15/08/2016,12,1893
15/08/2016,13,1970
15/08/2016,14,2068
15/08/2016,15,2169
15/08/2016,16,2928
15/08/2016,17,5476
15/08/2016,18,5644
15/08/2016,19,4091
15/08/2016,20,2871
15/08/2016,21,1775
15/08/2016,22,1176
15/08/2016,23,714
15/08/2017,0,397
15/08/2017,1,161
15/08/2017,2,46
15/08/2017,3,19
15/08/2017,4,51
15/08/2017,5,361
15/08/2017,6,1662
15/08/2017,7,3570
15/08/2017,8,5932
15/08/2017,9,4250
15/08/2017,10,2438
15/08/2017,11,2120
15/08/2017,12,1678
15/08/2017,13,986
15/08/2017,14,579
15/08/2017,15,1302
15/08/2017,16,2559
15/08/2017,17,5778
15/08/2017,18,6583
15/08/2017,19,4415
15/08/2017,20,3000
15/08/2017,21,2113
15/08/2017,22,1544
15/08/2017,23,917
15/09/2013,0,459
15/09/2013,1,361
15/09/2013,2,307
15/09/2013,3,146
15/09/2013,4,105
15/09/2013,5,64
15/09/2013,6,94
15/09/2013,7,258
15/09/2013,8,564
15/09/2013,9,1052
15/09/2013,10,1622
15/09/2013,11,2093
15/09/2013,12,2611
15/09/2013,13,2780
15/09/2013,14,2729
15/09/2013,15,2745
15/09/2013,16,2948
15/09/2013,17,2786
15/09/2013,18,2585
15/09/2013,19,1988
15/09/2013,20,1429
15/09/2013,21,1027
15/09/2013,22,711
15/09/2013,23,450
15/09/2014,0,193
15/09/2014,1,83
15/09/2014,2,60
15/09/2014,3,30
15/09/2014,4,44
15/09/2014,5,204
15/09/2014,6,884
15/09/2014,7,1905
15/09/2014,8,3063
15/09/2014,9,2262
15/09/2014,10,1298
15/09/2014,11,1322
15/09/2014,12,1533
15/09/2014,13,1680
15/09/2014,14,1715
15/09/2014,15,1798
15/09/2014,16,2374
15/09/2014,17,4140
15/09/2014,18,4015
15/09/2014,19,2688
15/09/2014,20,1563
15/09/2014,21,1052
15/09/2014,22,739
15/09/2014,23,400
15/09/2015,0,329
15/09/2015,1,138
15/09/2015,2,75
15/09/2015,3,45
15/09/2015,4,49
15/09/2015,5,307
15/09/2015,6,1295
15/09/2015,7,2691
15/09/2015,8,4656
15/09/2015,9,3361
15/09/2015,10,1974
15/09/2015,11,1800
15/09/2015,12,2087
15/09/2015,13,2145
15/09/2015,14,2267
15/09/2015,15,2375
15/09/2015,16,3035
15/09/2015,17,5172
15/09/2015,18,5284
15/09/2015,19,3644
15/09/2015,20,2349
15/09/2015,21,1707
15/09/2015,22,1220
15/09/2015,23,724
15/09/2016,0,470
15/09/2016,1,220
15/09/2016,2,115
15/09/2016,3,64
15/09/2016,4,99
15/09/2016,5,429
15/09/2016,6,1704
15/09/2016,7,4131
15/09/2016,8,6599
15/09/2016,9,4397
15/09/2016,10,2605
15/09/2016,11,2517
15/09/2016,12,2885
15/09/2016,13,3052
15/09/2016,14,3251
15/09/2016,15,3384
15/09/2016,16,4478
15/09/2016,17,7164
15/09/2016,18,7224
15/09/2016,19,4807
15/09/2016,20,2954
15/09/2016,21,2079
15/09/2016,22,1591
15/09/2016,23,1112
15/09/2017,0,570
15/09/2017,1,327
15/09/2017,2,140
15/09/2017,3,87
15/09/2017,4,120
15/09/2017,5,446
15/09/2017,6,1803
15/09/2017,7,4103
15/09/2017,8,7135
15/09/2017,9,4786
15/09/2017,10,2928
15/09/2017,11,2891
15/09/2017,12,3381
15/09/2017,13,3659
15/09/2017,14,3807
15/09/2017,15,4273
15/09/2017,16,5443
15/09/2017,17,7847
15/09/2017,18,6693
15/09/2017,19,4356
15/09/2017,20,2737
15/09/2017,21,1910
15/09/2017,22,1570
15/09/2017,23,1285
15/10/2013,0,272
15/10/2013,1,111
15/10/2013,2,58
15/10/2013,3,37
15/10/2013,4,50
15/10/2013,5,202
15/10/2013,6,884
15/10/2013,7,1982
15/10/2013,8,3673
15/10/2013,9,2586
15/10/2013,10,1424
15/10/2013,11,1360
15/10/2013,12,1782
15/10/2013,13,1855
15/10/2013,14,1400
15/10/2013,15,1913
15/10/2013,16,2387
15/10/2013,17,4238
15/10/2013,18,4077
15/10/2013,19,2576
15/10/2013,20,1826
15/10/2013,21,1306
15/10/2013,22,954
15/10/2013,23,581
15/10/2014,0,240
15/10/2014,1,122
15/10/2014,2,66
15/10/2014,3,34
15/10/2014,4,39
15/10/2014,5,221
15/10/2014,6,921
15/10/2014,7,2003
15/10/2014,8,3278
15/10/2014,9,2414
15/10/2014,10,1260
15/10/2014,11,1276
15/10/2014,12,1453
15/10/2014,13,1506
15/10/2014,14,1661
15/10/2014,15,1689
15/10/2014,16,2226
15/10/2014,17,2850
15/10/2014,18,1838
15/10/2014,19,1571
15/10/2014,20,926
15/10/2014,21,535
15/10/2014,22,341
15/10/2014,23,273
15/10/2015,0,358
15/10/2015,1,155
15/10/2015,2,92
15/10/2015,3,54
15/10/2015,4,56
15/10/2015,5,305
15/10/2015,6,1267
15/10/2015,7,2710
15/10/2015,8,5101
15/10/2015,9,3529
15/10/2015,10,1982
15/10/2015,11,1888
15/10/2015,12,2171
15/10/2015,13,2241
15/10/2015,14,2431
15/10/2015,15,2605
15/10/2015,16,3250
15/10/2015,17,5143
15/10/2015,18,4882
15/10/2015,19,3171
15/10/2015,20,2021
15/10/2015,21,1511
15/10/2015,22,1092
15/10/2015,23,768
15/10/2017,0,930
15/10/2017,1,724
15/10/2017,2,467
15/10/2017,3,253
15/10/2017,4,165
15/10/2017,5,103
15/10/2017,6,218
15/10/2017,7,560
15/10/2017,8,1264
15/10/2017,9,2244
15/10/2017,10,3181
15/10/2017,11,3845
15/10/2017,12,4733
15/10/2017,13,4982
15/10/2017,14,5079
15/10/2017,15,5087
15/10/2017,16,5110
15/10/2017,17,4883
15/10/2017,18,4033
15/10/2017,19,3041
15/10/2017,20,2115
15/10/2017,21,1624
15/10/2017,22,1153
15/10/2017,23,735
15/11/2013,0,241
15/11/2013,1,128
15/11/2013,2,82
15/11/2013,3,36
15/11/2013,4,45
15/11/2013,5,149
15/11/2013,6,657
15/11/2013,7,1514
15/11/2013,8,2897
15/11/2013,9,2157
15/11/2013,10,1129
15/11/2013,11,1126
15/11/2013,12,1390
15/11/2013,13,1546
15/11/2013,14,1619
15/11/2013,15,1675
15/11/2013,16,2140
15/11/2013,17,2986
15/11/2013,18,2612
15/11/2013,19,1764
15/11/2013,20,1104
15/11/2013,21,852
15/11/2013,22,637
15/11/2013,23,565
15/11/2014,0,261
15/11/2014,1,151
15/11/2014,2,108
15/11/2014,3,64
15/11/2014,4,41
15/11/2014,5,35
15/11/2014,6,79
15/11/2014,7,190
15/11/2014,8,477
15/11/2014,9,679
15/11/2014,10,884
15/11/2014,11,1096
15/11/2014,12,1157
15/11/2014,13,1283
15/11/2014,14,1163
15/11/2014,15,1180
15/11/2014,16,1182
15/11/2014,17,917
15/11/2014,18,849
15/11/2014,19,694
15/11/2014,20,505
15/11/2014,21,392
15/11/2014,22,352
15/11/2014,23,318
15/11/2015,0,402
15/11/2015,1,309
15/11/2015,2,186
15/11/2015,3,121
15/11/2015,4,61
15/11/2015,5,47
15/11/2015,6,88
15/11/2015,7,249
15/11/2015,8,537
15/11/2015,9,926
15/11/2015,10,1490
15/11/2015,11,1910
15/11/2015,12,2313
15/11/2015,13,2366
15/11/2015,14,2464
15/11/2015,15,2543
15/11/2015,16,2459
15/11/2015,17,1890
15/11/2015,18,1557
15/11/2015,19,1238
15/11/2015,20,1072
15/11/2015,21,766
15/11/2015,22,618
15/11/2015,23,378
15/11/2017,0,284
15/11/2017,1,107
15/11/2017,2,57
15/11/2017,3,46
15/11/2017,4,59
15/11/2017,5,418
15/11/2017,6,1621
15/11/2017,7,3528
15/11/2017,8,6033
15/11/2017,9,4029
15/11/2017,10,2261
15/11/2017,11,1994
15/11/2017,12,2323
15/11/2017,13,2381
15/11/2017,14,2559
15/11/2017,15,2794
15/11/2017,16,3390
15/11/2017,17,5277
15/11/2017,18,5311
15/11/2017,19,3483
15/11/2017,20,2396
15/11/2017,21,1762
15/11/2017,22,1311
15/11/2017,23,806
15/12/2013,0,23
15/12/2013,1,22
15/12/2013,2,19
15/12/2013,3,12
15/12/2013,4,12
15/12/2013,5,10
15/12/2013,6,34
15/12/2013,7,37
15/12/2013,8,101
15/12/2013,9,185
15/12/2013,10,348
15/12/2013,11,557
15/12/2013,12,583
15/12/2013,13,621
15/12/2013,14,680
15/12/2013,15,716
15/12/2013,16,724
15/12/2013,17,647
15/12/2013,18,572
15/12/2013,19,504
15/12/2013,20,364
15/12/2013,21,284
15/12/2013,22,244
15/12/2013,23,163
15/12/2014,0,97
15/12/2014,1,52
15/12/2014,2,24
15/12/2014,3,29
15/12/2014,4,36
15/12/2014,5,136
15/12/2014,6,535
15/12/2014,7,1075
15/12/2014,8,1926
15/12/2014,9,1462
15/12/2014,10,725
15/12/2014,11,686
15/12/2014,12,849
15/12/2014,13,882
15/12/2014,14,970
15/12/2014,15,1038
15/12/2014,16,1326
15/12/2014,17,2040
15/12/2014,18,1957
15/12/2014,19,1354
15/12/2014,20,853
15/12/2014,21,583
15/12/2014,22,474
15/12/2014,23,273
15/12/2015,0,200
15/12/2015,1,113
15/12/2015,2,30
15/12/2015,3,32
15/12/2015,4,59
15/12/2015,5,314
15/12/2015,6,1116
15/12/2015,7,2543
15/12/2015,8,4387
15/12/2015,9,2921
15/12/2015,10,1630
15/12/2015,11,1450
15/12/2015,12,1704
15/12/2015,13,1739
15/12/2015,14,1833
15/12/2015,15,1923
15/12/2015,16,2432
15/12/2015,17,3744
15/12/2015,18,3725
15/12/2015,19,2450
15/12/2015,20,1660
15/12/2015,21,1190
15/12/2015,22,920
15/12/2015,23,546
15/12/2017,0,284
15/12/2017,1,121
15/12/2017,2,64
15/12/2017,3,60
15/12/2017,4,50
15/12/2017,5,239
15/12/2017,6,835
15/12/2017,7,1859
15/12/2017,8,3392
15/12/2017,9,2705
15/12/2017,10,1475
15/12/2017,11,1286
15/12/2017,12,1573
15/12/2017,13,1594
15/12/2017,14,1593
15/12/2017,15,1217
15/12/2017,16,922
15/12/2017,17,937
15/12/2017,18,808
15/12/2017,19,559
15/12/2017,20,474
15/12/2017,21,335
15/12/2017,22,302
15/12/2017,23,260
16/01/2014,0,147
16/01/2014,1,70
16/01/2014,2,45
16/01/2014,3,24
16/01/2014,4,27
16/01/2014,5,130
16/01/2014,6,601
16/01/2014,7,1170
16/01/2014,8,2174
16/01/2014,9,1694
16/01/2014,10,807
16/01/2014,11,692
16/01/2014,12,823
16/01/2014,13,906
16/01/2014,14,867
16/01/2014,15,959
16/01/2014,16,1207
16/01/2014,17,2096
16/01/2014,18,1991
16/01/2014,19,1323
16/01/2014,20,826
16/01/2014,21,634
16/01/2014,22,470
16/01/2014,23,270
16/01/2015,0,87
16/01/2015,1,48
16/01/2015,2,26
16/01/2015,3,20
16/01/2015,4,21
16/01/2015,5,117
16/01/2015,6,459
16/01/2015,7,880
16/01/2015,8,1595
16/01/2015,9,1208
16/01/2015,10,639
16/01/2015,11,546
16/01/2015,12,685
16/01/2015,13,722
16/01/2015,14,758
16/01/2015,15,880
16/01/2015,16,1069
16/01/2015,17,1379
16/01/2015,18,1133
16/01/2015,19,667
16/01/2015,20,369
16/01/2015,21,229
16/01/2015,22,181
16/01/2015,23,125
16/01/2016,0,309
16/01/2016,1,123
16/01/2016,2,24
16/01/2016,3,32
16/01/2016,4,30
16/01/2016,5,28
16/01/2016,6,60
16/01/2016,7,144
16/01/2016,8,403
16/01/2016,9,730
16/01/2016,10,1033
16/01/2016,11,1383
16/01/2016,12,1697
16/01/2016,13,1973
16/01/2016,14,1903
16/01/2016,15,1944
16/01/2016,16,1828
16/01/2016,17,1375
16/01/2016,18,1062
16/01/2016,19,949
16/01/2016,20,706
16/01/2016,21,523
16/01/2016,22,504
16/01/2016,23,415
16/01/2018,0,132
16/01/2018,1,42
16/01/2018,2,21
16/01/2018,3,29
16/01/2018,4,51
16/01/2018,5,298
16/01/2018,6,939
16/01/2018,7,1947
16/01/2018,8,3385
16/01/2018,9,2228
16/01/2018,10,1107
16/01/2018,11,1042
16/01/2018,12,1273
16/01/2018,13,1340
16/01/2018,14,1468
16/01/2018,15,1444
16/01/2018,16,1891
16/01/2018,17,3172
16/01/2018,18,3230
16/01/2018,19,2068
16/01/2018,20,1364
16/01/2018,21,903
16/01/2018,22,612
16/01/2018,23,292
16/02/2014,0,34
16/02/2014,1,16
16/02/2014,2,23
16/02/2014,3,10
16/02/2014,4,10
16/02/2014,5,6
16/02/2014,6,9
16/02/2014,7,31
16/02/2014,8,57
16/02/2014,9,117
16/02/2014,10,175
16/02/2014,11,214
16/02/2014,12,228
16/02/2014,13,259
16/02/2014,14,256
16/02/2014,15,273
16/02/2014,16,282
16/02/2014,17,258
16/02/2014,18,228
16/02/2014,19,167
16/02/2014,20,118
16/02/2014,21,96
16/02/2014,22,85
16/02/2014,23,51
16/02/2015,0,25
16/02/2015,1,19
16/02/2015,2,4
16/02/2015,3,9
16/02/2015,4,8
16/02/2015,5,17
16/02/2015,6,38
16/02/2015,7,82
16/02/2015,8,166
16/02/2015,9,171
16/02/2015,10,160
16/02/2015,11,212
16/02/2015,12,242
16/02/2015,13,263
16/02/2015,14,291
16/02/2015,15,314
16/02/2015,16,339
16/02/2015,17,406
16/02/2015,18,362
16/02/2015,19,302
16/02/2015,20,222
16/02/2015,21,151
16/02/2015,22,108
16/02/2015,23,87
16/02/2016,0,34
16/02/2016,1,20
16/02/2016,2,12
16/02/2016,3,14
16/02/2016,4,23
16/02/2016,5,138
16/02/2016,6,456
16/02/2016,7,920
16/02/2016,8,1654
16/02/2016,9,736
16/02/2016,10,543
16/02/2016,11,396
16/02/2016,12,294
16/02/2016,13,134
16/02/2016,14,80
16/02/2016,15,293
16/02/2016,16,842
16/02/2016,17,1852
16/02/2016,18,2069
16/02/2016,19,1571
16/02/2016,20,1016
16/02/2016,21,722
16/02/2016,22,464
16/02/2016,23,259
16/02/2018,0,188
16/02/2018,1,109
16/02/2018,2,59
16/02/2018,3,39
16/02/2018,4,47
16/02/2018,5,210
16/02/2018,6,623
16/02/2018,7,1133
16/02/2018,8,2907
16/02/2018,9,2828
16/02/2018,10,1771
16/02/2018,11,1635
16/02/2018,12,1996
16/02/2018,13,2043
16/02/2018,14,1675
16/02/2018,15,1069
16/02/2018,16,1162
16/02/2018,17,2698
16/02/2018,18,2642
16/02/2018,19,1641
16/02/2018,20,1040
16/02/2018,21,719
16/02/2018,22,547
16/02/2018,23,410
16/03/2014,0,201
16/03/2014,1,161
16/03/2014,2,96
16/03/2014,3,42
16/03/2014,4,32
16/03/2014,5,29
16/03/2014,6,81
16/03/2014,7,109
16/03/2014,8,278
16/03/2014,9,440
16/03/2014,10,603
16/03/2014,11,796
16/03/2014,12,899
16/03/2014,13,873
16/03/2014,14,942
16/03/2014,15,814
16/03/2014,16,779
16/03/2014,17,677
16/03/2014,18,645
16/03/2014,19,481
16/03/2014,20,319
16/03/2014,21,258
16/03/2014,22,178
16/03/2014,23,118
16/03/2015,0,69
16/03/2015,1,38
16/03/2015,2,20
16/03/2015,3,13
16/03/2015,4,26
16/03/2015,5,96
16/03/2015,6,435
16/03/2015,7,922
16/03/2015,8,1673
16/03/2015,9,1294
16/03/2015,10,523
16/03/2015,11,510
16/03/2015,12,636
16/03/2015,13,696
16/03/2015,14,741
16/03/2015,15,888
16/03/2015,16,1070
16/03/2015,17,2114
16/03/2015,18,2098
16/03/2015,19,1216
16/03/2015,20,738
16/03/2015,21,443
16/03/2015,22,310
16/03/2015,23,218
16/03/2016,0,213
16/03/2016,1,121
16/03/2016,2,44
16/03/2016,3,33
16/03/2016,4,58
16/03/2016,5,245
16/03/2016,6,926
16/03/2016,7,2154
16/03/2016,8,3995
16/03/2016,9,2962
16/03/2016,10,1494
16/03/2016,11,1451
16/03/2016,12,1698
16/03/2016,13,1864
16/03/2016,14,1942
16/03/2016,15,2080
16/03/2016,16,2625
16/03/2016,17,4164
16/03/2016,18,2872
16/03/2016,19,1752
16/03/2016,20,1356
16/03/2016,21,974
16/03/2016,22,627
16/03/2016,23,417
16/03/2018,0,249
16/03/2018,1,147
16/03/2018,2,72
16/03/2018,3,43
16/03/2018,4,42
16/03/2018,5,274
16/03/2018,6,917
16/03/2018,7,2013
16/03/2018,8,3833
16/03/2018,9,2913
16/03/2018,10,1551
16/03/2018,11,1460
16/03/2018,12,1612
16/03/2018,13,1704
16/03/2018,14,1801
16/03/2018,15,1977
16/03/2018,16,2467
16/03/2018,17,3625
16/03/2018,18,3181
16/03/2018,19,2058
16/03/2018,20,1149
16/03/2018,21,796
16/03/2018,22,600
16/03/2018,23,437
16/04/2014,0,14
16/04/2014,1,17
16/04/2014,2,16
16/04/2014,3,5
16/04/2014,4,20
16/04/2014,5,115
16/04/2014,6,429
16/04/2014,7,876
16/04/2014,8,1670
16/04/2014,9,1307
16/04/2014,10,730
16/04/2014,11,722
16/04/2014,12,897
16/04/2014,13,905
16/04/2014,14,956
16/04/2014,15,999
16/04/2014,16,1265
16/04/2014,17,2322
16/04/2014,18,2599
16/04/2014,19,1711
16/04/2014,20,1023
16/04/2014,21,665
16/04/2014,22,504
16/04/2014,23,315
16/04/2015,0,181
16/04/2015,1,81
16/04/2015,2,52
16/04/2015,3,21
16/04/2015,4,34
16/04/2015,5,154
16/04/2015,6,753
16/04/2015,7,1582
16/04/2015,8,2664
16/04/2015,9,2056
16/04/2015,10,1105
16/04/2015,11,1032
16/04/2015,12,1272
16/04/2015,13,1280
16/04/2015,14,1296
16/04/2015,15,1438
16/04/2015,16,1821
16/04/2015,17,2877
16/04/2015,18,2778
16/04/2015,19,1819
16/04/2015,20,1075
16/04/2015,21,836
16/04/2015,22,565
16/04/2015,23,408
16/04/2016,0,340
16/04/2016,1,219
16/04/2016,2,141
16/04/2016,3,95
16/04/2016,4,68
16/04/2016,5,67
16/04/2016,6,159
16/04/2016,7,414
16/04/2016,8,892
16/04/2016,9,1481
16/04/2016,10,1999
16/04/2016,11,2541
16/04/2016,12,3089
16/04/2016,13,3361
16/04/2016,14,3394
16/04/2016,15,3291
16/04/2016,16,3334
16/04/2016,17,3222
16/04/2016,18,2900
16/04/2016,19,2060
16/04/2016,20,1140
16/04/2016,21,745
16/04/2016,22,620
16/04/2016,23,576
16/04/2017,0,566
16/04/2017,1,378
16/04/2017,2,247
16/04/2017,3,144
16/04/2017,4,104
16/04/2017,5,64
16/04/2017,6,160
16/04/2017,7,432
16/04/2017,8,952
16/04/2017,9,1779
16/04/2017,10,2769
16/04/2017,11,3527
16/04/2017,12,4212
16/04/2017,13,4580
16/04/2017,14,4675
16/04/2017,15,4525
16/04/2017,16,3699
16/04/2017,17,3593
16/04/2017,18,3594
16/04/2017,19,2934
16/04/2017,20,2091
16/04/2017,21,1452
16/04/2017,22,1026
16/04/2017,23,637
16/04/2018,0,66
16/04/2018,1,15
16/04/2018,2,6
16/04/2018,3,6
16/04/2018,4,14
16/04/2018,5,64
16/04/2018,6,161
16/04/2018,7,331
16/04/2018,8,362
16/04/2018,9,201
16/04/2018,10,165
16/04/2018,11,356
16/04/2018,12,810
16/04/2018,13,1246
16/04/2018,14,1676
16/04/2018,15,2110
16/04/2018,16,2690
16/04/2018,17,4456
16/04/2018,18,4378
16/04/2018,19,2871
16/04/2018,20,1837
16/04/2018,21,1245
16/04/2018,22,758
16/04/2018,23,465
16/05/2014,0,277
16/05/2014,1,151
16/05/2014,2,56
16/05/2014,3,42
16/05/2014,4,42
16/05/2014,5,157
16/05/2014,6,632
16/05/2014,7,1315
16/05/2014,8,2536
16/05/2014,9,2002
16/05/2014,10,1064
16/05/2014,11,1050
16/05/2014,12,1105
16/05/2014,13,858
16/05/2014,14,504
16/05/2014,15,692
16/05/2014,16,989
16/05/2014,17,1323
16/05/2014,18,1463
16/05/2014,19,946
16/05/2014,20,148
16/05/2014,21,182
16/05/2014,22,61
16/05/2014,23,189
16/05/2015,0,436
16/05/2015,1,262
16/05/2015,2,157
16/05/2015,3,92
16/05/2015,4,69
16/05/2015,5,95
16/05/2015,6,151
16/05/2015,7,349
16/05/2015,8,363
16/05/2015,9,707
16/05/2015,10,1379
16/05/2015,11,1898
16/05/2015,12,2220
16/05/2015,13,2105
16/05/2015,14,2229
16/05/2015,15,2322
16/05/2015,16,2464
16/05/2015,17,2298
16/05/2015,18,2045
16/05/2015,19,1355
16/05/2015,20,330
16/05/2015,21,212
16/05/2015,22,140
16/05/2015,23,204
16/05/2016,0,152
16/05/2016,1,71
16/05/2016,2,37
16/05/2016,3,15
16/05/2016,4,53
16/05/2016,5,265
16/05/2016,6,1055
16/05/2016,7,2186
16/05/2016,8,3874
16/05/2016,9,2657
16/05/2016,10,1486
16/05/2016,11,1440
16/05/2016,12,1744
16/05/2016,13,1840
16/05/2016,14,1993
16/05/2016,15,2361
16/05/2016,16,2876
16/05/2016,17,4994
16/05/2016,18,5136
16/05/2016,19,3401
16/05/2016,20,2294
16/05/2016,21,1362
16/05/2016,22,942
16/05/2016,23,553
16/05/2017,0,283
16/05/2017,1,152
16/05/2017,2,73
16/05/2017,3,40
16/05/2017,4,71
16/05/2017,5,487
16/05/2017,6,1828
16/05/2017,7,3863
16/05/2017,8,6413
16/05/2017,9,4196
16/05/2017,10,2263
16/05/2017,11,2289
16/05/2017,12,2676
16/05/2017,13,2813
16/05/2017,14,2958
16/05/2017,15,3301
16/05/2017,16,4134
16/05/2017,17,7225
16/05/2017,18,7044
16/05/2017,19,4801
16/05/2017,20,3113
16/05/2017,21,2110
16/05/2017,22,1483
16/05/2017,23,888
16/05/2018,0,401
16/05/2018,1,213
16/05/2018,2,110
16/05/2018,3,61
16/05/2018,4,97
16/05/2018,5,493
16/05/2018,6,1888
16/05/2018,7,3853
16/05/2018,8,6166
16/05/2018,9,3869
16/05/2018,10,1724
16/05/2018,11,1394
16/05/2018,12,1083
16/05/2018,13,535
16/05/2018,14,684
16/05/2018,15,749
16/05/2018,16,908
16/05/2018,17,1329
16/05/2018,18,1714
16/05/2018,19,1349
16/05/2018,20,1274
16/05/2018,21,1346
16/05/2018,22,914
16/05/2018,23,612
16/06/2014,0,236
16/06/2014,1,117
16/06/2014,2,68
16/06/2014,3,27
16/06/2014,4,34
16/06/2014,5,226
16/06/2014,6,876
16/06/2014,7,1746
16/06/2014,8,2980
16/06/2014,9,2174
16/06/2014,10,1158
16/06/2014,11,1231
16/06/2014,12,1446
16/06/2014,13,1474
16/06/2014,14,1686
16/06/2014,15,1821
16/06/2014,16,2249
16/06/2014,17,4282
16/06/2014,18,3558
16/06/2014,19,2350
16/06/2014,20,2323
16/06/2014,21,1329
16/06/2014,22,985
16/06/2014,23,556
16/06/2015,0,214
16/06/2015,1,129
16/06/2015,2,59
16/06/2015,3,43
16/06/2015,4,53
16/06/2015,5,256
16/06/2015,6,1110
16/06/2015,7,2076
16/06/2015,8,3483
16/06/2015,9,2437
16/06/2015,10,1415
16/06/2015,11,1250
16/06/2015,12,1579
16/06/2015,13,1376
16/06/2015,14,1310
16/06/2015,15,1566
16/06/2015,16,2220
16/06/2015,17,1421
16/06/2015,18,2929
16/06/2015,19,2653
16/06/2015,20,1943
16/06/2015,21,1259
16/06/2015,22,860
16/06/2015,23,506
16/06/2016,0,446
16/06/2016,1,220
16/06/2016,2,101
16/06/2016,3,47
16/06/2016,4,56
16/06/2016,5,291
16/06/2016,6,442
16/06/2016,7,1195
16/06/2016,8,3595
16/06/2016,9,3465
16/06/2016,10,2028
16/06/2016,11,1734
16/06/2016,12,2074
16/06/2016,13,2183
16/06/2016,14,2130
16/06/2016,15,2383
16/06/2016,16,3028
16/06/2016,17,5231
16/06/2016,18,5157
16/06/2016,19,3677
16/06/2016,20,2571
16/06/2016,21,1774
16/06/2016,22,1355
16/06/2016,23,1015
16/06/2017,0,556
16/06/2017,1,250
16/06/2017,2,170
16/06/2017,3,74
16/06/2017,4,88
16/06/2017,5,402
16/06/2017,6,1479
16/06/2017,7,3001
16/06/2017,8,5251
16/06/2017,9,3839
16/06/2017,10,2271
16/06/2017,11,2288
16/06/2017,12,2563
16/06/2017,13,2853
16/06/2017,14,3171
16/06/2017,15,3530
16/06/2017,16,4372
16/06/2017,17,5964
16/06/2017,18,4711
16/06/2017,19,3273
16/06/2017,20,2270
16/06/2017,21,1613
16/06/2017,22,1370
16/06/2017,23,1044
16/07/2013,0,298
16/07/2013,1,125
16/07/2013,2,72
16/07/2013,3,46
16/07/2013,4,41
16/07/2013,5,171
16/07/2013,6,674
16/07/2013,7,1504
16/07/2013,8,2736
16/07/2013,9,1993
16/07/2013,10,1052
16/07/2013,11,961
16/07/2013,12,1230
16/07/2013,13,1312
16/07/2013,14,1203
16/07/2013,15,1257
16/07/2013,16,1646
16/07/2013,17,3023
16/07/2013,18,3174
16/07/2013,19,2491
16/07/2013,20,1920
16/07/2013,21,1387
16/07/2013,22,945
16/07/2013,23,581
16/07/2014,0,212
16/07/2014,1,109
16/07/2014,2,55
16/07/2014,3,40
16/07/2014,4,40
16/07/2014,5,227
16/07/2014,6,858
16/07/2014,7,1674
16/07/2014,8,2569
16/07/2014,9,2394
16/07/2014,10,1245
16/07/2014,11,1167
16/07/2014,12,1439
16/07/2014,13,1617
16/07/2014,14,1471
16/07/2014,15,1649
16/07/2014,16,2218
16/07/2014,17,3724
16/07/2014,18,4217
16/07/2014,19,3074
16/07/2014,20,2121
16/07/2014,21,1457
16/07/2014,22,1056
16/07/2014,23,758
16/07/2015,0,342
16/07/2015,1,172
16/07/2015,2,72
16/07/2015,3,38
16/07/2015,4,59
16/07/2015,5,266
16/07/2015,6,1064
16/07/2015,7,2133
16/07/2015,8,3935
16/07/2015,9,2892
16/07/2015,10,1546
16/07/2015,11,1587
16/07/2015,12,1935
16/07/2015,13,1944
16/07/2015,14,1939
16/07/2015,15,2125
16/07/2015,16,2702
16/07/2015,17,4414
16/07/2015,18,4433
16/07/2015,19,3138
16/07/2015,20,2157
16/07/2015,21,1480
16/07/2015,22,1225
16/07/2015,23,758
16/07/2016,0,703
16/07/2016,1,459
16/07/2016,2,292
16/07/2016,3,187
16/07/2016,4,115
16/07/2016,5,118
16/07/2016,6,301
16/07/2016,7,648
16/07/2016,8,1147
16/07/2016,9,1914
16/07/2016,10,2464
16/07/2016,11,2879
16/07/2016,12,2912
16/07/2016,13,3157
16/07/2016,14,3233
16/07/2016,15,3104
16/07/2016,16,1757
16/07/2016,17,2479
16/07/2016,18,2599
16/07/2016,19,2483
16/07/2016,20,1894
16/07/2016,21,1449
16/07/2016,22,1119
16/07/2016,23,993
16/07/2017,0,893
16/07/2017,1,591
16/07/2017,2,441
16/07/2017,3,256
16/07/2017,4,188
16/07/2017,5,157
16/07/2017,6,321
16/07/2017,7,621
16/07/2017,8,1238
16/07/2017,9,2100
16/07/2017,10,2934
16/07/2017,11,3834
16/07/2017,12,4277
16/07/2017,13,4471
16/07/2017,14,4720
16/07/2017,15,4670
16/07/2017,16,4729
16/07/2017,17,4593
16/07/2017,18,4430
16/07/2017,19,3939
16/07/2017,20,3149
16/07/2017,21,1912
16/07/2017,22,1529
16/07/2017,23,840
16/08/2013,0,460
16/08/2013,1,236
16/08/2013,2,122
16/08/2013,3,59
16/08/2013,4,50
16/08/2013,5,158
16/08/2013,6,692
16/08/2013,7,1521
16/08/2013,8,2774
16/08/2013,9,2265
16/08/2013,10,1382
16/08/2013,11,1403
16/08/2013,12,1898
16/08/2013,13,2116
16/08/2013,14,2061
16/08/2013,15,2365
16/08/2013,16,2823
16/08/2013,17,3486
16/08/2013,18,3159
16/08/2013,19,2350
16/08/2013,20,1708
16/08/2013,21,1182
16/08/2013,22,983
16/08/2013,23,738
16/08/2014,0,458
16/08/2014,1,347
16/08/2014,2,214
16/08/2014,3,150
16/08/2014,4,107
16/08/2014,5,58
16/08/2014,6,160
16/08/2014,7,457
16/08/2014,8,996
16/08/2014,9,1597
16/08/2014,10,2182
16/08/2014,11,2722
16/08/2014,12,2836
16/08/2014,13,2604
16/08/2014,14,2372
16/08/2014,15,2444
16/08/2014,16,2452
16/08/2014,17,2313
16/08/2014,18,2172
16/08/2014,19,1796
16/08/2014,20,1260
16/08/2014,21,943
16/08/2014,22,756
16/08/2014,23,621
16/08/2015,0,551
16/08/2015,1,319
16/08/2015,2,252
16/08/2015,3,152
16/08/2015,4,106
16/08/2015,5,87
16/08/2015,6,130
16/08/2015,7,299
16/08/2015,8,613
16/08/2015,9,1252
16/08/2015,10,1663
16/08/2015,11,2007
16/08/2015,12,2173
16/08/2015,13,2409
16/08/2015,14,2288
16/08/2015,15,2445
16/08/2015,16,2495
16/08/2015,17,2401
16/08/2015,18,2435
16/08/2015,19,2144
16/08/2015,20,1520
16/08/2015,21,1201
16/08/2015,22,857
16/08/2015,23,545
16/08/2016,0,352
16/08/2016,1,188
16/08/2016,2,103
16/08/2016,3,67
16/08/2016,4,79
16/08/2016,5,392
16/08/2016,6,1557
16/08/2016,7,3003
16/08/2016,8,4902
16/08/2016,9,3558
16/08/2016,10,1918
16/08/2016,11,1847
16/08/2016,12,2157
16/08/2016,13,2254
16/08/2016,14,2206
16/08/2016,15,2289
16/08/2016,16,3037
16/08/2016,17,5355
16/08/2016,18,5674
16/08/2016,19,3995
16/08/2016,20,2120
16/08/2016,21,1573
16/08/2016,22,1108
16/08/2016,23,692
16/08/2017,0,454
16/08/2017,1,216
16/08/2017,2,95
16/08/2017,3,60
16/08/2017,4,86
16/08/2017,5,508
16/08/2017,6,1918
16/08/2017,7,3713
16/08/2017,8,6259
16/08/2017,9,4671
16/08/2017,10,2499
16/08/2017,11,2478
16/08/2017,12,3012
16/08/2017,13,3039
16/08/2017,14,3060
16/08/2017,15,3154
16/08/2017,16,4264
16/08/2017,17,7178
16/08/2017,18,7409
16/08/2017,19,5387
16/08/2017,20,3633
16/08/2017,21,2464
16/08/2017,22,1809
16/08/2017,23,1070
16/09/2013,0,245
16/09/2013,1,118
16/09/2013,2,36
16/09/2013,3,26
16/09/2013,4,35
16/09/2013,5,212
16/09/2013,6,827
16/09/2013,7,1871
16/09/2013,8,1158
16/09/2013,9,1603
16/09/2013,10,1017
16/09/2013,11,1062
16/09/2013,12,1355
16/09/2013,13,1625
16/09/2013,14,1716
16/09/2013,15,1746
16/09/2013,16,2248
16/09/2013,17,3845
16/09/2013,18,3699
16/09/2013,19,2469
16/09/2013,20,1809
16/09/2013,21,1167
16/09/2013,22,857
16/09/2013,23,541
16/09/2014,0,235
16/09/2014,1,90
16/09/2014,2,61
16/09/2014,3,23
16/09/2014,4,49
16/09/2014,5,225
16/09/2014,6,1012
16/09/2014,7,1277
16/09/2014,8,520
16/09/2014,9,366
16/09/2014,10,589
16/09/2014,11,437
16/09/2014,12,1119
16/09/2014,13,1436
16/09/2014,14,1515
16/09/2014,15,1603
16/09/2014,16,2159
16/09/2014,17,3408
16/09/2014,18,3443
16/09/2014,19,2258
16/09/2014,20,1526
16/09/2014,21,1078
16/09/2014,22,747
16/09/2014,23,457
16/09/2015,0,419
16/09/2015,1,202
16/09/2015,2,91
16/09/2015,3,57
16/09/2015,4,69
16/09/2015,5,305
16/09/2015,6,1267
16/09/2015,7,2970
16/09/2015,8,4949
16/09/2015,9,3653
16/09/2015,10,1974
16/09/2015,11,1950
16/09/2015,12,2273
16/09/2015,13,2219
16/09/2015,14,2419
16/09/2015,15,2456
16/09/2015,16,3252
16/09/2015,17,5199
16/09/2015,18,5339
16/09/2015,19,3778
16/09/2015,20,2409
16/09/2015,21,1825
16/09/2015,22,1252
16/09/2015,23,852
16/09/2016,0,567
16/09/2016,1,304
16/09/2016,2,121
16/09/2016,3,64
16/09/2016,4,92
16/09/2016,5,391
16/09/2016,6,1476
16/09/2016,7,3589
16/09/2016,8,6409
16/09/2016,9,4462
16/09/2016,10,2793
16/09/2016,11,2738
16/09/2016,12,3135
16/09/2016,13,3206
16/09/2016,14,3593
16/09/2016,15,3800
16/09/2016,16,4990
16/09/2016,17,7094
16/09/2016,18,6082
16/09/2016,19,3986
16/09/2016,20,2229
16/09/2016,21,1666
16/09/2016,22,1342
16/09/2016,23,1146
16/09/2017,0,904
16/09/2017,1,546
16/09/2017,2,355
16/09/2017,3,232
16/09/2017,4,151
16/09/2017,5,154
16/09/2017,6,348
16/09/2017,7,857
16/09/2017,8,1694
16/09/2017,9,2722
16/09/2017,10,3605
16/09/2017,11,4227
16/09/2017,12,4920
16/09/2017,13,5028
16/09/2017,14,4992
16/09/2017,15,5230
16/09/2017,16,5059
16/09/2017,17,4788
16/09/2017,18,4429
16/09/2017,19,3485
16/09/2017,20,2511
16/09/2017,21,1908
16/09/2017,22,1592
16/09/2017,23,1299
16/10/2013,0,285
16/10/2013,1,110
16/10/2013,2,79
16/10/2013,3,31
16/10/2013,4,53
16/10/2013,5,201
16/10/2013,6,811
16/10/2013,7,1845
16/10/2013,8,3502
16/10/2013,9,2666
16/10/2013,10,1464
16/10/2013,11,1455
16/10/2013,12,1814
16/10/2013,13,1751
16/10/2013,14,1805
16/10/2013,15,1856
16/10/2013,16,2351
16/10/2013,17,3969
16/10/2013,18,3699
16/10/2013,19,2606
16/10/2013,20,1736
16/10/2013,21,1291
16/10/2013,22,949
16/10/2013,23,582
16/10/2014,0,174
16/10/2014,1,65
16/10/2014,2,31
16/10/2014,3,17
16/10/2014,4,10
16/10/2014,5,113
16/10/2014,6,506
16/10/2014,7,1014
16/10/2014,8,2005
16/10/2014,9,1287
16/10/2014,10,336
16/10/2014,11,577
16/10/2014,12,1052
16/10/2014,13,1345
16/10/2014,14,1535
16/10/2014,15,1729
16/10/2014,16,2113
16/10/2014,17,3306
16/10/2014,18,3359
16/10/2014,19,2180
16/10/2014,20,1449
16/10/2014,21,1072
16/10/2014,22,858
16/10/2014,23,621
16/10/2015,0,414
16/10/2015,1,204
16/10/2015,2,102
16/10/2015,3,61
16/10/2015,4,67
16/10/2015,5,264
16/10/2015,6,1065
16/10/2015,7,2401
16/10/2015,8,4684
16/10/2015,9,3606
16/10/2015,10,2028
16/10/2015,11,1979
16/10/2015,12,2238
16/10/2015,13,2356
16/10/2015,14,2644
16/10/2015,15,2687
16/10/2015,16,3527
16/10/2015,17,5106
16/10/2015,18,4156
16/10/2015,19,2501
16/10/2015,20,1638
16/10/2015,21,1106
16/10/2015,22,921
16/10/2015,23,729
16/10/2017,0,353
16/10/2017,1,181
16/10/2017,2,78
16/10/2017,3,59
16/10/2017,4,75
16/10/2017,5,430
16/10/2017,6,1792
16/10/2017,7,3861
16/10/2017,8,6675
16/10/2017,9,4549
16/10/2017,10,2386
16/10/2017,11,2092
16/10/2017,12,2608
16/10/2017,13,2760
16/10/2017,14,3058
16/10/2017,15,3104
16/10/2017,16,4023
16/10/2017,17,6838
16/10/2017,18,6802
16/10/2017,19,4011
16/10/2017,20,2597
16/10/2017,21,1701
16/10/2017,22,1074
16/10/2017,23,623
16/11/2013,0,412
16/11/2013,1,298
16/11/2013,2,183
16/11/2013,3,128
16/11/2013,4,64
16/11/2013,5,42
16/11/2013,6,66
16/11/2013,7,139
16/11/2013,8,494
16/11/2013,9,934
16/11/2013,10,1380
16/11/2013,11,1838
16/11/2013,12,2235
16/11/2013,13,2304
16/11/2013,14,2547
16/11/2013,15,2499
16/11/2013,16,2362
16/11/2013,17,1721
16/11/2013,18,1407
16/11/2013,19,1235
16/11/2013,20,925
16/11/2013,21,718
16/11/2013,22,639
16/11/2013,23,624
16/11/2014,0,277
16/11/2014,1,187
16/11/2014,2,138
16/11/2014,3,74
16/11/2014,4,53
16/11/2014,5,24
16/11/2014,6,59
16/11/2014,7,155
16/11/2014,8,322
16/11/2014,9,559
16/11/2014,10,788
16/11/2014,11,1035
16/11/2014,12,1193
16/11/2014,13,1111
16/11/2014,14,1118
16/11/2014,15,1050
16/11/2014,16,1211
16/11/2014,17,956
16/11/2014,18,874
16/11/2014,19,733
16/11/2014,20,511
16/11/2014,21,397
16/11/2014,22,284
16/11/2014,23,163
16/11/2015,0,232
16/11/2015,1,90
16/11/2015,2,41
16/11/2015,3,25
16/11/2015,4,54
16/11/2015,5,257
16/11/2015,6,1132
16/11/2015,7,2545
16/11/2015,8,4322
16/11/2015,9,2922
16/11/2015,10,1547
16/11/2015,11,1455
16/11/2015,12,1706
16/11/2015,13,1844
16/11/2015,14,2080
16/11/2015,15,2221
16/11/2015,16,2724
16/11/2015,17,4311
16/11/2015,18,4219
16/11/2015,19,2851
16/11/2015,20,1771
16/11/2015,21,1260
16/11/2015,22,856
16/11/2015,23,451
16/11/2017,0,392
16/11/2017,1,187
16/11/2017,2,98
16/11/2017,3,41
16/11/2017,4,64
16/11/2017,5,151
16/11/2017,6,521
16/11/2017,7,2039
16/11/2017,8,5078
16/11/2017,9,3988
16/11/2017,10,2305
16/11/2017,11,2188
16/11/2017,12,2532
16/11/2017,13,2656
16/11/2017,14,2258
16/11/2017,15,2676
16/11/2017,16,3375
16/11/2017,17,5094
16/11/2017,18,5118
16/11/2017,19,3199
16/11/2017,20,2274
16/11/2017,21,1719
16/11/2017,22,1036
16/11/2017,23,748
16/12/2013,0,83
16/12/2013,1,44
16/12/2013,2,20
16/12/2013,3,13
16/12/2013,4,33
16/12/2013,5,113
16/12/2013,6,416
16/12/2013,7,851
16/12/2013,8,1559
16/12/2013,9,1219
16/12/2013,10,578
16/12/2013,11,555
16/12/2013,12,607
16/12/2013,13,668
16/12/2013,14,742
16/12/2013,15,735
16/12/2013,16,1023
16/12/2013,17,1674
16/12/2013,18,1653
16/12/2013,19,1132
16/12/2013,20,730
16/12/2013,21,534
16/12/2013,22,369
16/12/2013,23,211
16/12/2014,0,137
16/12/2014,1,68
16/12/2014,2,39
16/12/2014,3,21
16/12/2014,4,43
16/12/2014,5,161
16/12/2014,6,609
16/12/2014,7,1335
16/12/2014,8,2174
16/12/2014,9,1689
16/12/2014,10,829
16/12/2014,11,785
16/12/2014,12,909
16/12/2014,13,961
16/12/2014,14,975
16/12/2014,15,1027
16/12/2014,16,1063
16/12/2014,17,1212
16/12/2014,18,1367
16/12/2014,19,604
16/12/2014,20,284
16/12/2014,21,227
16/12/2014,22,161
16/12/2014,23,136
16/12/2015,0,272
16/12/2015,1,147
16/12/2015,2,75
16/12/2015,3,36
16/12/2015,4,50
16/12/2015,5,287
16/12/2015,6,1052
16/12/2015,7,2397
16/12/2015,8,4139
16/12/2015,9,2874
16/12/2015,10,1574
16/12/2015,11,1332
16/12/2015,12,1507
16/12/2015,13,1676
16/12/2015,14,1742
16/12/2015,15,1809
16/12/2015,16,2265
16/12/2015,17,3424
16/12/2015,18,3482
16/12/2015,19,2415
16/12/2015,20,1394
16/12/2015,21,652
16/12/2015,22,636
16/12/2015,23,406
16/12/2017,0,204
16/12/2017,1,120
16/12/2017,2,72
16/12/2017,3,69
16/12/2017,4,35
16/12/2017,5,43
16/12/2017,6,126
16/12/2017,7,271
16/12/2017,8,561
16/12/2017,9,870
16/12/2017,10,1137
16/12/2017,11,1349
16/12/2017,12,1498
16/12/2017,13,1679
16/12/2017,14,1691
16/12/2017,15,1597
16/12/2017,16,1546
16/12/2017,17,1335
16/12/2017,18,1262
16/12/2017,19,1067
16/12/2017,20,838
16/12/2017,21,639
16/12/2017,22,540
16/12/2017,23,511
17/01/2014,0,147
17/01/2014,1,80
17/01/2014,2,40
17/01/2014,3,29
17/01/2014,4,31
17/01/2014,5,123
17/01/2014,6,498
17/01/2014,7,971
17/01/2014,8,2120
17/01/2014,9,1676
17/01/2014,10,830
17/01/2014,11,819
17/01/2014,12,995
17/01/2014,13,1030
17/01/2014,14,1097
17/01/2014,15,1170
17/01/2014,16,1550
17/01/2014,17,2093
17/01/2014,18,1853
17/01/2014,19,1201
17/01/2014,20,712
17/01/2014,21,516
17/01/2014,22,439
17/01/2014,23,281
17/01/2015,0,103
17/01/2015,1,64
17/01/2015,2,47
17/01/2015,3,27
17/01/2015,4,19
17/01/2015,5,25
17/01/2015,6,51
17/01/2015,7,97
17/01/2015,8,200
17/01/2015,9,357
17/01/2015,10,509
17/01/2015,11,552
17/01/2015,12,577
17/01/2015,13,691
17/01/2015,14,695
17/01/2015,15,714
17/01/2015,16,657
17/01/2015,17,506
17/01/2015,18,468
17/01/2015,19,357
17/01/2015,20,257
17/01/2015,21,193
17/01/2015,22,182
17/01/2015,23,143
17/01/2016,0,349
17/01/2016,1,203
17/01/2016,2,151
17/01/2016,3,100
17/01/2016,4,47
17/01/2016,5,33
17/01/2016,6,79
17/01/2016,7,163
17/01/2016,8,408
17/01/2016,9,612
17/01/2016,10,997
17/01/2016,11,1196
17/01/2016,12,1370
17/01/2016,13,1300
17/01/2016,14,1242
17/01/2016,15,981
17/01/2016,16,588
17/01/2016,17,407
17/01/2016,18,385
17/01/2016,19,348
17/01/2016,20,326
17/01/2016,21,273
17/01/2016,22,264
17/01/2016,23,202
17/01/2018,0,142
17/01/2018,1,68
17/01/2018,2,21
17/01/2018,3,24
17/01/2018,4,36
17/01/2018,5,209
17/01/2018,6,423
17/01/2018,7,763
17/01/2018,8,1297
17/01/2018,9,1020
17/01/2018,10,564
17/01/2018,11,465
17/01/2018,12,686
17/01/2018,13,729
17/01/2018,14,1012
17/01/2018,15,1052
17/01/2018,16,1524
17/01/2018,17,2459
17/01/2018,18,2454
17/01/2018,19,1613
17/01/2018,20,999
17/01/2018,21,684
17/01/2018,22,515
17/01/2018,23,251
17/02/2014,0,43
17/02/2014,1,22
17/02/2014,2,20
17/02/2014,3,8
17/02/2014,4,11
17/02/2014,5,20
17/02/2014,6,51
17/02/2014,7,96
17/02/2014,8,226
17/02/2014,9,242
17/02/2014,10,268
17/02/2014,11,279
17/02/2014,12,345
17/02/2014,13,327
17/02/2014,14,363
17/02/2014,15,364
17/02/2014,16,384
17/02/2014,17,438
17/02/2014,18,400
17/02/2014,19,307
17/02/2014,20,225
17/02/2014,21,180
17/02/2014,22,152
17/02/2014,23,83
17/02/2015,0,33
17/02/2015,1,18
17/02/2015,2,12
17/02/2015,3,4
17/02/2015,4,4
17/02/2015,5,17
17/02/2015,6,45
17/02/2015,7,62
17/02/2015,8,148
17/02/2015,9,184
17/02/2015,10,108
17/02/2015,11,126
17/02/2015,12,152
17/02/2015,13,256
17/02/2015,14,236
17/02/2015,15,331
17/02/2015,16,408
17/02/2015,17,673
17/02/2015,18,633
17/02/2015,19,499
17/02/2015,20,353
17/02/2015,21,224
17/02/2015,22,157
17/02/2015,23,101
17/02/2016,0,126
17/02/2016,1,69
17/02/2016,2,37
17/02/2016,3,20
17/02/2016,4,43
17/02/2016,5,191
17/02/2016,6,785
17/02/2016,7,1519
17/02/2016,8,2804
17/02/2016,9,2049
17/02/2016,10,926
17/02/2016,11,792
17/02/2016,12,964
17/02/2016,13,985
17/02/2016,14,990
17/02/2016,15,1008
17/02/2016,16,1328
17/02/2016,17,2258
17/02/2016,18,2381
17/02/2016,19,1660
17/02/2016,20,1094
17/02/2016,21,758
17/02/2016,22,473
17/02/2016,23,312
17/02/2018,0,264
17/02/2018,1,186
17/02/2018,2,97
17/02/2018,3,64
17/02/2018,4,42
17/02/2018,5,55
17/02/2018,6,160
17/02/2018,7,364
17/02/2018,8,733
17/02/2018,9,1138
17/02/2018,10,1467
17/02/2018,11,1788
17/02/2018,12,2139
17/02/2018,13,1962
17/02/2018,14,1827
17/02/2018,15,1796
17/02/2018,16,1559
17/02/2018,17,1009
17/02/2018,18,526
17/02/2018,19,263
17/02/2018,20,153
17/02/2018,21,110
17/02/2018,22,112
17/02/2018,23,107
17/03/2014,0,55
17/03/2014,1,18
17/03/2014,2,15
17/03/2014,3,7
17/03/2014,4,20
17/03/2014,5,91
17/03/2014,6,343
17/03/2014,7,626
17/03/2014,8,1210
17/03/2014,9,830
17/03/2014,10,454
17/03/2014,11,368
17/03/2014,12,493
17/03/2014,13,514
17/03/2014,14,576
17/03/2014,15,666
17/03/2014,16,782
17/03/2014,17,1469
17/03/2014,18,1507
17/03/2014,19,959
17/03/2014,20,641
17/03/2014,21,410
17/03/2014,22,300
17/03/2014,23,149
17/03/2015,0,109
17/03/2015,1,51
17/03/2015,2,26
17/03/2015,3,9
17/03/2015,4,21
17/03/2015,5,134
17/03/2015,6,538
17/03/2015,7,856
17/03/2015,8,1001
17/03/2015,9,1004
17/03/2015,10,617
17/03/2015,11,619
17/03/2015,12,737
17/03/2015,13,750
17/03/2015,14,750
17/03/2015,15,850
17/03/2015,16,1087
17/03/2015,17,1735
17/03/2015,18,1686
17/03/2015,19,972
17/03/2015,20,525
17/03/2015,21,351
17/03/2015,22,259
17/03/2015,23,170
17/03/2016,0,213
17/03/2016,1,98
17/03/2016,2,61
17/03/2016,3,37
17/03/2016,4,55
17/03/2016,5,264
17/03/2016,6,918
17/03/2016,7,2009
17/03/2016,8,3969
17/03/2016,9,2900
17/03/2016,10,1538
17/03/2016,11,1427
17/03/2016,12,1629
17/03/2016,13,1759
17/03/2016,14,1741
17/03/2016,15,1814
17/03/2016,16,2383
17/03/2016,17,2836
17/03/2016,18,3497
17/03/2016,19,2358
17/03/2016,20,1466
17/03/2016,21,1060
17/03/2016,22,800
17/03/2016,23,558
17/03/2018,0,298
17/03/2018,1,176
17/03/2018,2,111
17/03/2018,3,73
17/03/2018,4,47
17/03/2018,5,51
17/03/2018,6,161
17/03/2018,7,374
17/03/2018,8,808
17/03/2018,9,1287
17/03/2018,10,1664
17/03/2018,11,1928
17/03/2018,12,2349
17/03/2018,13,2331
17/03/2018,14,2471
17/03/2018,15,2489
17/03/2018,16,2401
17/03/2018,17,2150
17/03/2018,18,1940
17/03/2018,19,1656
17/03/2018,20,1037
17/03/2018,21,777
17/03/2018,22,619
17/03/2018,23,474
17/04/2014,0,140
17/04/2014,1,68
17/04/2014,2,38
17/04/2014,3,18
17/04/2014,4,33
17/04/2014,5,120
17/04/2014,6,488
17/04/2014,7,1018
17/04/2014,8,2133
17/04/2014,9,1735
17/04/2014,10,913
17/04/2014,11,905
17/04/2014,12,1024
17/04/2014,13,1026
17/04/2014,14,1069
17/04/2014,15,1119
17/04/2014,16,1469
17/04/2014,17,2359
17/04/2014,18,2503
17/04/2014,19,1614
17/04/2014,20,967
17/04/2014,21,655
17/04/2014,22,531
17/04/2014,23,337
17/04/2015,0,204
17/04/2015,1,83
17/04/2015,2,56
17/04/2015,3,38
17/04/2015,4,20
17/04/2015,5,56
17/04/2015,6,423
17/04/2015,7,1026
17/04/2015,8,2120
17/04/2015,9,1760
17/04/2015,10,1000
17/04/2015,11,896
17/04/2015,12,1095
17/04/2015,13,1088
17/04/2015,14,1275
17/04/2015,15,1376
17/04/2015,16,1929
17/04/2015,17,2891
17/04/2015,18,2456
17/04/2015,19,1738
17/04/2015,20,969
17/04/2015,21,695
17/04/2015,22,537
17/04/2015,23,444
17/04/2016,0,433
17/04/2016,1,269
17/04/2016,2,177
17/04/2016,3,97
17/04/2016,4,67
17/04/2016,5,63
17/04/2016,6,135
17/04/2016,7,298
17/04/2016,8,701
17/04/2016,9,1384
17/04/2016,10,1971
17/04/2016,11,2758
17/04/2016,12,3192
17/04/2016,13,3762
17/04/2016,14,3904
17/04/2016,15,3741
17/04/2016,16,3754
17/04/2016,17,3310
17/04/2016,18,3237
17/04/2016,19,2342
17/04/2016,20,1346
17/04/2016,21,926
17/04/2016,22,602
17/04/2016,23,374
17/04/2017,0,307
17/04/2017,1,159
17/04/2017,2,80
17/04/2017,3,34
17/04/2017,4,63
17/04/2017,5,316
17/04/2017,6,1251
17/04/2017,7,2854
17/04/2017,8,4864
17/04/2017,9,3345
17/04/2017,10,1897
17/04/2017,11,1968
17/04/2017,12,2424
17/04/2017,13,2519
17/04/2017,14,2645
17/04/2017,15,2823
17/04/2017,16,3599
17/04/2017,17,6246
17/04/2017,18,6142
17/04/2017,19,4104
17/04/2017,20,2519
17/04/2017,21,1558
17/04/2017,22,995
17/04/2017,23,535
17/04/2018,0,196
17/04/2018,1,109
17/04/2018,2,74
17/04/2018,3,45
17/04/2018,4,92
17/04/2018,5,391
17/04/2018,6,1297
17/04/2018,7,2932
17/04/2018,8,4927
17/04/2018,9,3490
17/04/2018,10,1969
17/04/2018,11,1796
17/04/2018,12,1986
17/04/2018,13,2000
17/04/2018,14,1977
17/04/2018,15,2141
17/04/2018,16,2754
17/04/2018,17,4701
17/04/2018,18,4494
17/04/2018,19,2930
17/04/2018,20,1881
17/04/2018,21,1173
17/04/2018,22,888
17/04/2018,23,446
17/05/2014,0,231
17/05/2014,1,138
17/05/2014,2,106
17/05/2014,3,81
17/05/2014,4,58
17/05/2014,5,88
17/05/2014,6,164
17/05/2014,7,318
17/05/2014,8,726
17/05/2014,9,1236
17/05/2014,10,1691
17/05/2014,11,2139
17/05/2014,12,2366
17/05/2014,13,2644
17/05/2014,14,2623
17/05/2014,15,2634
17/05/2014,16,2568
17/05/2014,17,2513
17/05/2014,18,2267
17/05/2014,19,1799
17/05/2014,20,1275
17/05/2014,21,867
17/05/2014,22,729
17/05/2014,23,651
17/05/2015,0,245
17/05/2015,1,191
17/05/2015,2,121
17/05/2015,3,96
17/05/2015,4,54
17/05/2015,5,42
17/05/2015,6,94
17/05/2015,7,286
17/05/2015,8,646
17/05/2015,9,1160
17/05/2015,10,1719
17/05/2015,11,2129
17/05/2015,12,2508
17/05/2015,13,2739
17/05/2015,14,2686
17/05/2015,15,2730
17/05/2015,16,2731
17/05/2015,17,2614
17/05/2015,18,2416
17/05/2015,19,2049
17/05/2015,20,1455
17/05/2015,21,974
17/05/2015,22,792
17/05/2015,23,492
17/05/2016,0,270
17/05/2016,1,112
17/05/2016,2,70
17/05/2016,3,45
17/05/2016,4,51
17/05/2016,5,310
17/05/2016,6,1253
17/05/2016,7,2727
17/05/2016,8,4780
17/05/2016,9,3331
17/05/2016,10,1859
17/05/2016,11,1785
17/05/2016,12,1950
17/05/2016,13,1953
17/05/2016,14,2052
17/05/2016,15,1891
17/05/2016,16,2693
17/05/2016,17,4025
17/05/2016,18,4535
17/05/2016,19,3037
17/05/2016,20,1915
17/05/2016,21,1330
17/05/2016,22,880
17/05/2016,23,542
17/05/2017,0,451
17/05/2017,1,188
17/05/2017,2,100
17/05/2017,3,43
17/05/2017,4,82
17/05/2017,5,499
17/05/2017,6,1782
17/05/2017,7,3978
17/05/2017,8,6394
17/05/2017,9,4313
17/05/2017,10,2549
17/05/2017,11,2403
17/05/2017,12,2712
17/05/2017,13,2853
17/05/2017,14,3054
17/05/2017,15,3176
17/05/2017,16,4116
17/05/2017,17,6926
17/05/2017,18,7023
17/05/2017,19,4860
17/05/2017,20,3330
17/05/2017,21,2248
17/05/2017,22,1694
17/05/2017,23,1020
17/05/2018,0,264
17/05/2018,1,105
17/05/2018,2,77
17/05/2018,3,55
17/05/2018,4,44
17/05/2018,5,174
17/05/2018,6,368
17/05/2018,7,993
17/05/2018,8,2354
17/05/2018,9,2529
17/05/2018,10,1384
17/05/2018,11,1423
17/05/2018,12,1657
17/05/2018,13,2296
17/05/2018,14,2549
17/05/2018,15,2995
17/05/2018,16,3983
17/05/2018,17,6601
17/05/2018,18,6855
17/05/2018,19,4756
17/05/2018,20,3287
17/05/2018,21,2220
17/05/2018,22,1756
17/05/2018,23,1064
17/06/2014,0,272
17/06/2014,1,110
17/06/2014,2,70
17/06/2014,3,30
17/06/2014,4,37
17/06/2014,5,239
17/06/2014,6,985
17/06/2014,7,1967
17/06/2014,8,3358
17/06/2014,9,2350
17/06/2014,10,1320
17/06/2014,11,1239
17/06/2014,12,1560
17/06/2014,13,1521
17/06/2014,14,1621
17/06/2014,15,1548
17/06/2014,16,2051
17/06/2014,17,3803
17/06/2014,18,3609
17/06/2014,19,2612
17/06/2014,20,1935
17/06/2014,21,1381
17/06/2014,22,888
17/06/2014,23,591
17/06/2015,0,461
17/06/2015,1,165
17/06/2015,2,71
17/06/2015,3,52
17/06/2015,4,58
17/06/2015,5,290
17/06/2015,6,1081
17/06/2015,7,2143
17/06/2015,8,3770
17/06/2015,9,2680
17/06/2015,10,1549
17/06/2015,11,1419
17/06/2015,12,1630
17/06/2015,13,1745
17/06/2015,14,1807
17/06/2015,15,1824
17/06/2015,16,2342
17/06/2015,17,4117
17/06/2015,18,3977
17/06/2015,19,2510
17/06/2015,20,1614
17/06/2015,21,1145
17/06/2015,22,987
17/06/2015,23,593
17/06/2016,0,623
17/06/2016,1,217
17/06/2016,2,126
17/06/2016,3,70
17/06/2016,4,71
17/06/2016,5,298
17/06/2016,6,1222
17/06/2016,7,2639
17/06/2016,8,4758
17/06/2016,9,3650
17/06/2016,10,2185
17/06/2016,11,2330
17/06/2016,12,2799
17/06/2016,13,2918
17/06/2016,14,3158
17/06/2016,15,3485
17/06/2016,16,4286
17/06/2016,17,5568
17/06/2016,18,4681
17/06/2016,19,3295
17/06/2016,20,2267
17/06/2016,21,1557
17/06/2016,22,1110
17/06/2016,23,923
17/06/2017,0,744
17/06/2017,1,454
17/06/2017,2,322
17/06/2017,3,204
17/06/2017,4,117
17/06/2017,5,134
17/06/2017,6,296
17/06/2017,7,657
17/06/2017,8,1230
17/06/2017,9,2021
17/06/2017,10,2842
17/06/2017,11,3232
17/06/2017,12,585
17/06/2017,13,247
17/06/2017,14,1307
17/06/2017,15,2752
17/06/2017,16,3474
17/06/2017,17,3488
17/06/2017,18,3171
17/06/2017,19,2434
17/06/2017,20,1675
17/06/2017,21,1305
17/06/2017,22,1240
17/06/2017,23,969
17/07/2013,0,355
17/07/2013,1,160
17/07/2013,2,101
17/07/2013,3,44
17/07/2013,4,34
17/07/2013,5,150
17/07/2013,6,668
17/07/2013,7,1434
17/07/2013,8,2576
17/07/2013,9,2032
17/07/2013,10,1112
17/07/2013,11,978
17/07/2013,12,1346
17/07/2013,13,1271
17/07/2013,14,1221
17/07/2013,15,1246
17/07/2013,16,1757
17/07/2013,17,2947
17/07/2013,18,3347
17/07/2013,19,2542
17/07/2013,20,1936
17/07/2013,21,1444
17/07/2013,22,1121
17/07/2013,23,728
17/07/2014,0,408
17/07/2014,1,174
17/07/2014,2,74
17/07/2014,3,41
17/07/2014,4,56
17/07/2014,5,248
17/07/2014,6,983
17/07/2014,7,1935
17/07/2014,8,3495
17/07/2014,9,2711
17/07/2014,10,1447
17/07/2014,11,1296
17/07/2014,12,1660
17/07/2014,13,1658
17/07/2014,14,1688
17/07/2014,15,1779
17/07/2014,16,2325
17/07/2014,17,3860
17/07/2014,18,4198
17/07/2014,19,3062
17/07/2014,20,2159
17/07/2014,21,1452
17/07/2014,22,1153
17/07/2014,23,757
17/07/2015,0,440
17/07/2015,1,207
17/07/2015,2,116
17/07/2015,3,66
17/07/2015,4,58
17/07/2015,5,246
17/07/2015,6,958
17/07/2015,7,1910
17/07/2015,8,3419
17/07/2015,9,2776
17/07/2015,10,1591
17/07/2015,11,1541
17/07/2015,12,1922
17/07/2015,13,2197
17/07/2015,14,2174
17/07/2015,15,2497
17/07/2015,16,3084
17/07/2015,17,3962
17/07/2015,18,3509
17/07/2015,19,2354
17/07/2015,20,1699
17/07/2015,21,1154
17/07/2015,22,958
17/07/2015,23,757
17/07/2016,0,704
17/07/2016,1,457
17/07/2016,2,334
17/07/2016,3,208
17/07/2016,4,132
17/07/2016,5,101
17/07/2016,6,189
17/07/2016,7,420
17/07/2016,8,860
17/07/2016,9,1551
17/07/2016,10,2154
17/07/2016,11,2712
17/07/2016,12,3140
17/07/2016,13,3299
17/07/2016,14,3372
17/07/2016,15,3346
17/07/2016,16,3334
17/07/2016,17,3307
17/07/2016,18,3218
17/07/2016,19,2950
17/07/2016,20,2143
17/07/2016,21,1579
17/07/2016,22,1107
17/07/2016,23,730
17/07/2017,0,432
17/07/2017,1,168
17/07/2017,2,71
17/07/2017,3,58
17/07/2017,4,99
17/07/2017,5,435
17/07/2017,6,1713
17/07/2017,7,3354
17/07/2017,8,5442
17/07/2017,9,4035
17/07/2017,10,2180
17/07/2017,11,2116
17/07/2017,12,2585
17/07/2017,13,2602
17/07/2017,14,2645
17/07/2017,15,2933
17/07/2017,16,3898
17/07/2017,17,6903
17/07/2017,18,7398
17/07/2017,19,5192
17/07/2017,20,3603
17/07/2017,21,2250
17/07/2017,22,1553
17/07/2017,23,890
17/08/2013,0,580
17/08/2013,1,395
17/08/2013,2,269
17/08/2013,3,185
17/08/2013,4,90
17/08/2013,5,59
17/08/2013,6,202
17/08/2013,7,473
17/08/2013,8,1045
17/08/2013,9,1680
17/08/2013,10,2336
17/08/2013,11,2964
17/08/2013,12,3266
17/08/2013,13,3053
17/08/2013,14,2913
17/08/2013,15,3024
17/08/2013,16,2936
17/08/2013,17,2655
17/08/2013,18,2625
17/08/2013,19,2150
17/08/2013,20,1531
17/08/2013,21,1084
17/08/2013,22,970
17/08/2013,23,800
17/08/2014,0,413
17/08/2014,1,298
17/08/2014,2,238
17/08/2014,3,135
17/08/2014,4,98
17/08/2014,5,68
17/08/2014,6,108
17/08/2014,7,229
17/08/2014,8,373
17/08/2014,9,654
17/08/2014,10,1336
17/08/2014,11,1771
17/08/2014,12,2142
17/08/2014,13,2193
17/08/2014,14,2303
17/08/2014,15,2448
17/08/2014,16,2278
17/08/2014,17,2299
17/08/2014,18,2309
17/08/2014,19,1976
17/08/2014,20,1391
17/08/2014,21,1068
17/08/2014,22,750
17/08/2014,23,539
17/08/2015,0,288
17/08/2015,1,127
17/08/2015,2,75
17/08/2015,3,39
17/08/2015,4,58
17/08/2015,5,237
17/08/2015,6,1017
17/08/2015,7,1914
17/08/2015,8,3375
17/08/2015,9,2550
17/08/2015,10,1408
17/08/2015,11,1302
17/08/2015,12,1515
17/08/2015,13,1484
17/08/2015,14,1521
17/08/2015,15,1716
17/08/2015,16,2209
17/08/2015,17,4121
17/08/2015,18,4453
17/08/2015,19,3135
17/08/2015,20,2071
17/08/2015,21,1355
17/08/2015,22,950
17/08/2015,23,529
17/08/2016,0,372
17/08/2016,1,106
17/08/2016,2,68
17/08/2016,3,46
17/08/2016,4,74
17/08/2016,5,378
17/08/2016,6,1492
17/08/2016,7,2957
17/08/2016,8,5008
17/08/2016,9,3766
17/08/2016,10,2034
17/08/2016,11,2023
17/08/2016,12,2106
17/08/2016,13,2356
17/08/2016,14,2341
17/08/2016,15,2439
17/08/2016,16,3324
17/08/2016,17,5771
17/08/2016,18,5961
17/08/2016,19,4252
17/08/2016,20,2852
17/08/2016,21,1953
17/08/2016,22,1372
17/08/2016,23,938
17/08/2017,0,517
17/08/2017,1,259
17/08/2017,2,154
17/08/2017,3,54
17/08/2017,4,89
17/08/2017,5,456
17/08/2017,6,1789
17/08/2017,7,3481
17/08/2017,8,6062
17/08/2017,9,4426
17/08/2017,10,2526
17/08/2017,11,2478
17/08/2017,12,3041
17/08/2017,13,3060
17/08/2017,14,3241
17/08/2017,15,3218
17/08/2017,16,4266
17/08/2017,17,7234
17/08/2017,18,7053
17/08/2017,19,5079
17/08/2017,20,3197
17/08/2017,21,2186
17/08/2017,22,1694
17/08/2017,23,1096
17/09/2013,0,262
17/09/2013,1,102
17/09/2013,2,32
17/09/2013,3,27
17/09/2013,4,43
17/09/2013,5,212
17/09/2013,6,984
17/09/2013,7,2120
17/09/2013,8,3472
17/09/2013,9,2603
17/09/2013,10,1393
17/09/2013,11,1337
17/09/2013,12,1770
17/09/2013,13,1832
17/09/2013,14,1874
17/09/2013,15,1972
17/09/2013,16,2560
17/09/2013,17,4121
17/09/2013,18,4169
17/09/2013,19,2883
17/09/2013,20,1847
17/09/2013,21,1255
17/09/2013,22,869
17/09/2013,23,544
17/09/2014,0,255
17/09/2014,1,118
17/09/2014,2,68
17/09/2014,3,34
17/09/2014,4,52
17/09/2014,5,250
17/09/2014,6,985
17/09/2014,7,2093
17/09/2014,8,3432
17/09/2014,9,2577
17/09/2014,10,1381
17/09/2014,11,1371
17/09/2014,12,1775
17/09/2014,13,1765
17/09/2014,14,1863
17/09/2014,15,1998
17/09/2014,16,2399
17/09/2014,17,3920
17/09/2014,18,3895
17/09/2014,19,2752
17/09/2014,20,1813
17/09/2014,21,1255
17/09/2014,22,826
17/09/2014,23,576
17/09/2015,0,425
17/09/2015,1,193
17/09/2015,2,92
17/09/2015,3,66
17/09/2015,4,76
17/09/2015,5,282
17/09/2015,6,1189
17/09/2015,7,2843
17/09/2015,8,4962
17/09/2015,9,3564
17/09/2015,10,2081
17/09/2015,11,1938
17/09/2015,12,2213
17/09/2015,13,2224
17/09/2015,14,2252
17/09/2015,15,2463
17/09/2015,16,3270
17/09/2015,17,5236
17/09/2015,18,5203
17/09/2015,19,3611
17/09/2015,20,2456
17/09/2015,21,1834
17/09/2015,22,1298
17/09/2015,23,934
17/09/2016,0,775
17/09/2016,1,503
17/09/2016,2,282
17/09/2016,3,199
17/09/2016,4,109
17/09/2016,5,108
17/09/2016,6,276
17/09/2016,7,775
17/09/2016,8,1517
17/09/2016,9,2509
17/09/2016,10,3263
17/09/2016,11,4078
17/09/2016,12,4607
17/09/2016,13,4991
17/09/2016,14,4947
17/09/2016,15,5255
17/09/2016,16,5127
17/09/2016,17,4859
17/09/2016,18,4523
17/09/2016,19,3176
17/09/2016,20,2152
17/09/2016,21,1793
17/09/2016,22,1655
17/09/2016,23,1721
17/09/2017,0,1033
17/09/2017,1,690
17/09/2017,2,425
17/09/2017,3,237
17/09/2017,4,173
17/09/2017,5,119
17/09/2017,6,386
17/09/2017,7,614
17/09/2017,8,1367
17/09/2017,9,2267
17/09/2017,10,3311
17/09/2017,11,4184
17/09/2017,12,4839
17/09/2017,13,5267
17/09/2017,14,5082
17/09/2017,15,5177
17/09/2017,16,5206
17/09/2017,17,5097
17/09/2017,18,4774
17/09/2017,19,3616
17/09/2017,20,2271
17/09/2017,21,1781
17/09/2017,22,1235
17/09/2017,23,816
17/10/2013,0,364
17/10/2013,1,172
17/10/2013,2,82
17/10/2013,3,50
17/10/2013,4,64
17/10/2013,5,217
17/10/2013,6,860
17/10/2013,7,1721
17/10/2013,8,3411
17/10/2013,9,2507
17/10/2013,10,1463
17/10/2013,11,1331
17/10/2013,12,1826
17/10/2013,13,1871
17/10/2013,14,1925
17/10/2013,15,2042
17/10/2013,16,2610
17/10/2013,17,3867
17/10/2013,18,3881
17/10/2013,19,2516
17/10/2013,20,1499
17/10/2013,21,978
17/10/2013,22,918
17/10/2013,23,713
17/10/2014,0,346
17/10/2014,1,180
17/10/2014,2,103
17/10/2014,3,53
17/10/2014,4,59
17/10/2014,5,174
17/10/2014,6,813
17/10/2014,7,1734
17/10/2014,8,3190
17/10/2014,9,2408
17/10/2014,10,1348
17/10/2014,11,1436
17/10/2014,12,1757
17/10/2014,13,1867
17/10/2014,14,1837
17/10/2014,15,2056
17/10/2014,16,2711
17/10/2014,17,3738
17/10/2014,18,3038
17/10/2014,19,1907
17/10/2014,20,1178
17/10/2014,21,901
17/10/2014,22,685
17/10/2014,23,613
17/10/2015,0,579
17/10/2015,1,396
17/10/2015,2,193
17/10/2015,3,120
17/10/2015,4,74
17/10/2015,5,73
17/10/2015,6,198
17/10/2015,7,468
17/10/2015,8,894
17/10/2015,9,1625
17/10/2015,10,2094
17/10/2015,11,2526
17/10/2015,12,2802
17/10/2015,13,2915
17/10/2015,14,2725
17/10/2015,15,2807
17/10/2015,16,2663
17/10/2015,17,2432
17/10/2015,18,1988
17/10/2015,19,1456
17/10/2015,20,888
17/10/2015,21,763
17/10/2015,22,589
17/10/2015,23,541
17/10/2017,0,292
17/10/2017,1,145
17/10/2017,2,53
17/10/2017,3,47
17/10/2017,4,74
17/10/2017,5,496
17/10/2017,6,1850
17/10/2017,7,3902
17/10/2017,8,6770
17/10/2017,9,4494
17/10/2017,10,2448
17/10/2017,11,2200
17/10/2017,12,2671
17/10/2017,13,2829
17/10/2017,14,3108
17/10/2017,15,3357
17/10/2017,16,4425
17/10/2017,17,7281
17/10/2017,18,6964
17/10/2017,19,4102
17/10/2017,20,2724
17/10/2017,21,2103
17/10/2017,22,1365
17/10/2017,23,780
17/11/2013,0,502
17/11/2013,1,421
17/11/2013,2,289
17/11/2013,3,176
17/11/2013,4,103
17/11/2013,5,53
17/11/2013,6,89
17/11/2013,7,208
17/11/2013,8,513
17/11/2013,9,863
17/11/2013,10,1144
17/11/2013,11,944
17/11/2013,12,1272
17/11/2013,13,1386
17/11/2013,14,1319
17/11/2013,15,1473
17/11/2013,16,1578
17/11/2013,17,1387
17/11/2013,18,1180
17/11/2013,19,965
17/11/2013,20,802
17/11/2013,21,563
17/11/2013,22,453
17/11/2013,23,312
17/11/2014,0,57
17/11/2014,1,30
17/11/2014,2,16
17/11/2014,3,7
17/11/2014,4,13
17/11/2014,5,40
17/11/2014,6,201
17/11/2014,7,346
17/11/2014,8,597
17/11/2014,9,608
17/11/2014,10,283
17/11/2014,11,213
17/11/2014,12,175
17/11/2014,13,118
17/11/2014,14,91
17/11/2014,15,237
17/11/2014,16,316
17/11/2014,17,657
17/11/2014,18,1253
17/11/2014,19,947
17/11/2014,20,713
17/11/2014,21,546
17/11/2014,22,393
17/11/2014,23,259
17/11/2015,0,212
17/11/2015,1,93
17/11/2015,2,51
17/11/2015,3,29
17/11/2015,4,51
17/11/2015,5,278
17/11/2015,6,1149
17/11/2015,7,2680
17/11/2015,8,4492
17/11/2015,9,3065
17/11/2015,10,1609
17/11/2015,11,1449
17/11/2015,12,1625
17/11/2015,13,1758
17/11/2015,14,1746
17/11/2015,15,2004
17/11/2015,16,2430
17/11/2015,17,3869
17/11/2015,18,3795
17/11/2015,19,2440
17/11/2015,20,1611
17/11/2015,21,1143
17/11/2015,22,910
17/11/2015,23,450
17/11/2017,0,362
17/11/2017,1,151
17/11/2017,2,94
17/11/2017,3,47
17/11/2017,4,69
17/11/2017,5,362
17/11/2017,6,1328
17/11/2017,7,2953
17/11/2017,8,5434
17/11/2017,9,3941
17/11/2017,10,2182
17/11/2017,11,2058
17/11/2017,12,2491
17/11/2017,13,2591
17/11/2017,14,2746
17/11/2017,15,2985
17/11/2017,16,3644
17/11/2017,17,4692
17/11/2017,18,4012
17/11/2017,19,2514
17/11/2017,20,1601
17/11/2017,21,1106
17/11/2017,22,928
17/11/2017,23,700
17/12/2013,0,152
17/12/2013,1,56
17/12/2013,2,27
17/12/2013,3,16
17/12/2013,4,28
17/12/2013,5,103
17/12/2013,6,263
17/12/2013,7,374
17/12/2013,8,773
17/12/2013,9,738
17/12/2013,10,422
17/12/2013,11,243
17/12/2013,12,255
17/12/2013,13,218
17/12/2013,14,333
17/12/2013,15,313
17/12/2013,16,343
17/12/2013,17,696
17/12/2013,18,805
17/12/2013,19,583
17/12/2013,20,415
17/12/2013,21,325
17/12/2013,22,236
17/12/2013,23,146
17/12/2014,0,66
17/12/2014,1,66
17/12/2014,2,29
17/12/2014,3,20
17/12/2014,4,35
17/12/2014,5,136
17/12/2014,6,560
17/12/2014,7,1168
17/12/2014,8,2103
17/12/2014,9,1639
17/12/2014,10,853
17/12/2014,11,853
17/12/2014,12,953
17/12/2014,13,990
17/12/2014,14,1013
17/12/2014,15,1056
17/12/2014,16,1320
17/12/2014,17,2005
17/12/2014,18,1919
17/12/2014,19,1273
17/12/2014,20,878
17/12/2014,21,601
17/12/2014,22,495
17/12/2014,23,315
17/12/2015,0,279
17/12/2015,1,129
17/12/2015,2,76
17/12/2015,3,49
17/12/2015,4,71
17/12/2015,5,261
17/12/2015,6,951
17/12/2015,7,2074
17/12/2015,8,3908
17/12/2015,9,2789
17/12/2015,10,857
17/12/2015,11,379
17/12/2015,12,297
17/12/2015,13,306
17/12/2015,14,299
17/12/2015,15,240
17/12/2015,16,402
17/12/2015,17,1037
17/12/2015,18,2119
17/12/2015,19,1650
17/12/2015,20,1300
17/12/2015,21,1020
17/12/2015,22,842
17/12/2015,23,626
17/12/2017,0,397
17/12/2017,1,296
17/12/2017,2,175
17/12/2017,3,126
17/12/2017,4,67
17/12/2017,5,40
17/12/2017,6,108
17/12/2017,7,294
17/12/2017,8,604
17/12/2017,9,1020
17/12/2017,10,1320
17/12/2017,11,1566
17/12/2017,12,1929
17/12/2017,13,1958
17/12/2017,14,1900
17/12/2017,15,1994
17/12/2017,16,1965
17/12/2017,17,1631
17/12/2017,18,1440
17/12/2017,19,1082
17/12/2017,20,878
17/12/2017,21,682
17/12/2017,22,567
17/12/2017,23,364
18/01/2014,0,257
18/01/2014,1,132
18/01/2014,2,90
18/01/2014,3,58
18/01/2014,4,49
18/01/2014,5,39
18/01/2014,6,87
18/01/2014,7,138
18/01/2014,8,317
18/01/2014,9,318
18/01/2014,10,309
18/01/2014,11,562
18/01/2014,12,615
18/01/2014,13,809
18/01/2014,14,902
18/01/2014,15,939
18/01/2014,16,902
18/01/2014,17,724
18/01/2014,18,606
18/01/2014,19,529
18/01/2014,20,391
18/01/2014,21,252
18/01/2014,22,230
18/01/2014,23,183
18/01/2015,0,134
18/01/2015,1,90
18/01/2015,2,73
18/01/2015,3,31
18/01/2015,4,26
18/01/2015,5,28
18/01/2015,6,48
18/01/2015,7,53
18/01/2015,8,52
18/01/2015,9,75
18/01/2015,10,68
18/01/2015,11,58
18/01/2015,12,49
18/01/2015,13,62
18/01/2015,14,49
18/01/2015,15,47
18/01/2015,16,53
18/01/2015,17,51
18/01/2015,18,105
18/01/2015,19,175
18/01/2015,20,126
18/01/2015,21,101
18/01/2015,22,133
18/01/2015,23,108
18/01/2016,0,133
18/01/2016,1,91
18/01/2016,2,37
18/01/2016,3,26
18/01/2016,4,36
18/01/2016,5,66
18/01/2016,6,195
18/01/2016,7,335
18/01/2016,8,732
18/01/2016,9,781
18/01/2016,10,704
18/01/2016,11,776
18/01/2016,12,896
18/01/2016,13,878
18/01/2016,14,982
18/01/2016,15,918
18/01/2016,16,952
18/01/2016,17,1081
18/01/2016,18,1069
18/01/2016,19,801
18/01/2016,20,482
18/01/2016,21,351
18/01/2016,22,249
18/01/2016,23,147
18/01/2018,0,113
18/01/2018,1,59
18/01/2018,2,22
18/01/2018,3,20
18/01/2018,4,43
18/01/2018,5,239
18/01/2018,6,834
18/01/2018,7,1770
18/01/2018,8,3147
18/01/2018,9,2214
18/01/2018,10,1165
18/01/2018,11,1009
18/01/2018,12,1123
18/01/2018,13,1146
18/01/2018,14,1321
18/01/2018,15,1398
18/01/2018,16,1814
18/01/2018,17,2828
18/01/2018,18,2745
18/01/2018,19,1820
18/01/2018,20,1179
18/01/2018,21,753
18/01/2018,22,583
18/01/2018,23,317
18/02/2014,0,31
18/02/2014,1,16
18/02/2014,2,12
18/02/2014,3,5
18/02/2014,4,12
18/02/2014,5,29
18/02/2014,6,61
18/02/2014,7,69
18/02/2014,8,127
18/02/2014,9,171
18/02/2014,10,155
18/02/2014,11,154
18/02/2014,12,197
18/02/2014,13,210
18/02/2014,14,275
18/02/2014,15,319
18/02/2014,16,421
18/02/2014,17,674
18/02/2014,18,754
18/02/2014,19,534
18/02/2014,20,371
18/02/2014,21,248
18/02/2014,22,185
18/02/2014,23,110
18/02/2015,0,51
18/02/2015,1,23
18/02/2015,2,15
18/02/2015,3,12
18/02/2015,4,14
18/02/2015,5,80
18/02/2015,6,227
18/02/2015,7,503
18/02/2015,8,939
18/02/2015,9,658
18/02/2015,10,402
18/02/2015,11,317
18/02/2015,12,381
18/02/2015,13,451
18/02/2015,14,439
18/02/2015,15,482
18/02/2015,16,631
18/02/2015,17,980
18/02/2015,18,1022
18/02/2015,19,524
18/02/2015,20,386
18/02/2015,21,331
18/02/2015,22,182
18/02/2015,23,120
18/02/2016,0,151
18/02/2016,1,70
18/02/2016,2,37
18/02/2016,3,27
18/02/2016,4,28
18/02/2016,5,180
18/02/2016,6,678
18/02/2016,7,1356
18/02/2016,8,2463
18/02/2016,9,1867
18/02/2016,10,914
18/02/2016,11,818
18/02/2016,12,915
18/02/2016,13,890
18/02/2016,14,954
18/02/2016,15,1037
18/02/2016,16,1334
18/02/2016,17,2267
18/02/2016,18,2304
18/02/2016,19,1523
18/02/2016,20,946
18/02/2016,21,685
18/02/2016,22,496
18/02/2016,23,321
18/02/2018,0,85
18/02/2018,1,97
18/02/2018,2,59
18/02/2018,3,50
18/02/2018,4,27
18/02/2018,5,44
18/02/2018,6,68
18/02/2018,7,190
18/02/2018,8,440
18/02/2018,9,702
18/02/2018,10,1120
18/02/2018,11,1468
18/02/2018,12,1785
18/02/2018,13,2156
18/02/2018,14,2061
18/02/2018,15,2182
18/02/2018,16,2195
18/02/2018,17,1944
18/02/2018,18,1406
18/02/2018,19,1083
18/02/2018,20,811
18/02/2018,21,651
18/02/2018,22,499
18/02/2018,23,415
18/03/2014,0,75
18/03/2014,1,38
18/03/2014,2,31
18/03/2014,3,9
18/03/2014,4,27
18/03/2014,5,109
18/03/2014,6,433
18/03/2014,7,875
18/03/2014,8,1686
18/03/2014,9,1271
18/03/2014,10,639
18/03/2014,11,513
18/03/2014,12,650
18/03/2014,13,653
18/03/2014,14,771
18/03/2014,15,835
18/03/2014,16,1045
18/03/2014,17,1859
18/03/2014,18,1973
18/03/2014,19,1250
18/03/2014,20,781
18/03/2014,21,542
18/03/2014,22,405
18/03/2014,23,209
18/03/2015,0,76
18/03/2015,1,38
18/03/2015,2,18
18/03/2015,3,10
18/03/2015,4,19
18/03/2015,5,108
18/03/2015,6,444
18/03/2015,7,813
18/03/2015,8,1502
18/03/2015,9,1058
18/03/2015,10,554
18/03/2015,11,493
18/03/2015,12,557
18/03/2015,13,577
18/03/2015,14,595
18/03/2015,15,676
18/03/2015,16,852
18/03/2015,17,1540
18/03/2015,18,1521
18/03/2015,19,929
18/03/2015,20,608
18/03/2015,21,376
18/03/2015,22,290
18/03/2015,23,188
18/03/2016,0,318
18/03/2016,1,141
18/03/2016,2,84
18/03/2016,3,38
18/03/2016,4,53
18/03/2016,5,218
18/03/2016,6,774
18/03/2016,7,1833
18/03/2016,8,3636
18/03/2016,9,2803
18/03/2016,10,1521
18/03/2016,11,1452
18/03/2016,12,1719
18/03/2016,13,1729
18/03/2016,14,1893
18/03/2016,15,1951
18/03/2016,16,2474
18/03/2016,17,3799
18/03/2016,18,3190
18/03/2016,19,2006
18/03/2016,20,1185
18/03/2016,21,773
18/03/2016,22,567
18/03/2016,23,490
18/03/2018,0,332
18/03/2018,1,219
18/03/2018,2,158
18/03/2018,3,79
18/03/2018,4,74
18/03/2018,5,109
18/03/2018,6,176
18/03/2018,7,348
18/03/2018,8,681
18/03/2018,9,1069
18/03/2018,10,1455
18/03/2018,11,1759
18/03/2018,12,2012
18/03/2018,13,2094
18/03/2018,14,2136
18/03/2018,15,2172
18/03/2018,16,2190
18/03/2018,17,2114
18/03/2018,18,1913
18/03/2018,19,1421
18/03/2018,20,1009
18/03/2018,21,803
18/03/2018,22,499
18/03/2018,23,336
18/04/2014,0,167
18/04/2014,1,100
18/04/2014,2,42
18/04/2014,3,30
18/04/2014,4,29
18/04/2014,5,88
18/04/2014,6,304
18/04/2014,7,592
18/04/2014,8,1436
18/04/2014,9,1526
18/04/2014,10,977
18/04/2014,11,1050
18/04/2014,12,1267
18/04/2014,13,1320
18/04/2014,14,1447
18/04/2014,15,1560
18/04/2014,16,1709
18/04/2014,17,2045
18/04/2014,18,1870
18/04/2014,19,1252
18/04/2014,20,767
18/04/2014,21,469
18/04/2014,22,426
18/04/2014,23,297
18/04/2015,0,341
18/04/2015,1,229
18/04/2015,2,157
18/04/2015,3,87
18/04/2015,4,58
18/04/2015,5,43
18/04/2015,6,164
18/04/2015,7,290
18/04/2015,8,679
18/04/2015,9,1065
18/04/2015,10,1524
18/04/2015,11,1999
18/04/2015,12,2395
18/04/2015,13,2426
18/04/2015,14,2494
18/04/2015,15,2423
18/04/2015,16,2347
18/04/2015,17,2350
18/04/2015,18,2137
18/04/2015,19,1799
18/04/2015,20,1162
18/04/2015,21,749
18/04/2015,22,671
18/04/2015,23,585
18/04/2016,0,189
18/04/2016,1,92
18/04/2016,2,44
18/04/2016,3,33
18/04/2016,4,59
18/04/2016,5,268
18/04/2016,6,1073
18/04/2016,7,2394
18/04/2016,8,4168
18/04/2016,9,2879
18/04/2016,10,1662
18/04/2016,11,1658
18/04/2016,12,1936
18/04/2016,13,2047
18/04/2016,14,2222
18/04/2016,15,2258
18/04/2016,16,3055
18/04/2016,17,5172
18/04/2016,18,5077
18/04/2016,19,3264
18/04/2016,20,1898
18/04/2016,21,1260
18/04/2016,22,884
18/04/2016,23,402
18/04/2017,0,247
18/04/2017,1,98
18/04/2017,2,52
18/04/2017,3,25
18/04/2017,4,64
18/04/2017,5,340
18/04/2017,6,1537
18/04/2017,7,3225
18/04/2017,8,5463
18/04/2017,9,3919
18/04/2017,10,2228
18/04/2017,11,2181
18/04/2017,12,2484
18/04/2017,13,2689
18/04/2017,14,2749
18/04/2017,15,2947
18/04/2017,16,3518
18/04/2017,17,5890
18/04/2017,18,5724
18/04/2017,19,3525
18/04/2017,20,2062
18/04/2017,21,1386
18/04/2017,22,976
18/04/2017,23,480
18/04/2018,0,210
18/04/2018,1,89
18/04/2018,2,81
18/04/2018,3,38
18/04/2018,4,58
18/04/2018,5,374
18/04/2018,6,1302
18/04/2018,7,2811
18/04/2018,8,4945
18/04/2018,9,3582
18/04/2018,10,2063
18/04/2018,11,1859
18/04/2018,12,2138
18/04/2018,13,2270
18/04/2018,14,2477
18/04/2018,15,2615
18/04/2018,16,3331
18/04/2018,17,5754
18/04/2018,18,5696
18/04/2018,19,3599
18/04/2018,20,2351
18/04/2018,21,1565
18/04/2018,22,1215
18/04/2018,23,687
18/05/2014,0,499
18/05/2014,1,357
18/05/2014,2,200
18/05/2014,3,108
18/05/2014,4,71
18/05/2014,5,54
18/05/2014,6,115
18/05/2014,7,214
18/05/2014,8,548
18/05/2014,9,975
18/05/2014,10,1437
18/05/2014,11,1946
18/05/2014,12,2256
18/05/2014,13,2415
18/05/2014,14,2389
18/05/2014,15,2448
18/05/2014,16,2356
18/05/2014,17,2342
18/05/2014,18,2188
18/05/2014,19,1657
18/05/2014,20,1216
18/05/2014,21,766
18/05/2014,22,548
18/05/2014,23,331
18/05/2015,0,306
18/05/2015,1,163
18/05/2015,2,91
18/05/2015,3,67
18/05/2015,4,61
18/05/2015,5,228
18/05/2015,6,895
18/05/2015,7,1657
18/05/2015,8,2885
18/05/2015,9,2014
18/05/2015,10,1298
18/05/2015,11,1127
18/05/2015,12,1403
18/05/2015,13,1363
18/05/2015,14,1553
18/05/2015,15,1563
18/05/2015,16,2043
18/05/2015,17,3577
18/05/2015,18,3462
18/05/2015,19,2253
18/05/2015,20,1361
18/05/2015,21,967
18/05/2015,22,773
18/05/2015,23,449
18/05/2016,0,285
18/05/2016,1,116
18/05/2016,2,62
18/05/2016,3,54
18/05/2016,4,55
18/05/2016,5,293
18/05/2016,6,1219
18/05/2016,7,2633
18/05/2016,8,4611
18/05/2016,9,3279
18/05/2016,10,1912
18/05/2016,11,1852
18/05/2016,12,2176
18/05/2016,13,2143
18/05/2016,14,2459
18/05/2016,15,2524
18/05/2016,16,3058
18/05/2016,17,4666
18/05/2016,18,3967
18/05/2016,19,3107
18/05/2016,20,1851
18/05/2016,21,1185
18/05/2016,22,750
18/05/2016,23,546
18/05/2017,0,505
18/05/2017,1,250
18/05/2017,2,152
18/05/2017,3,76
18/05/2017,4,75
18/05/2017,5,446
18/05/2017,6,1664
18/05/2017,7,3838
18/05/2017,8,5975
18/05/2017,9,4256
18/05/2017,10,2410
18/05/2017,11,2367
18/05/2017,12,2563
18/05/2017,13,2641
18/05/2017,14,2835
18/05/2017,15,3061
18/05/2017,16,3829
18/05/2017,17,6530
18/05/2017,18,6778
18/05/2017,19,4750
18/05/2017,20,3323
18/05/2017,21,2398
18/05/2017,22,1818
18/05/2017,23,1213
18/05/2018,0,524
18/05/2018,1,317
18/05/2018,2,206
18/05/2018,3,85
18/05/2018,4,101
18/05/2018,5,454
18/05/2018,6,1610
18/05/2018,7,3433
18/05/2018,8,6008
18/05/2018,9,4351
18/05/2018,10,2585
18/05/2018,11,2727
18/05/2018,12,3049
18/05/2018,13,3136
18/05/2018,14,3395
18/05/2018,15,3811
18/05/2018,16,4816
18/05/2018,17,6660
18/05/2018,18,5757
18/05/2018,19,3806
18/05/2018,20,2394
18/05/2018,21,1573
18/05/2018,22,1302
18/05/2018,23,1013
18/06/2014,0,278
18/06/2014,1,135
18/06/2014,2,78
18/06/2014,3,61
18/06/2014,4,58
18/06/2014,5,218
18/06/2014,6,974
18/06/2014,7,1861
18/06/2014,8,3240
18/06/2014,9,2434
18/06/2014,10,1414
18/06/2014,11,1317
18/06/2014,12,1465
18/06/2014,13,1457
18/06/2014,14,1587
18/06/2014,15,1555
18/06/2014,16,2045
18/06/2014,17,3611
18/06/2014,18,3776
18/06/2014,19,2813
18/06/2014,20,2017
18/06/2014,21,1414
18/06/2014,22,1062
18/06/2014,23,661
18/06/2015,0,316
18/06/2015,1,162
18/06/2015,2,62
18/06/2015,3,47
18/06/2015,4,51
18/06/2015,5,228
18/06/2015,6,981
18/06/2015,7,1947
18/06/2015,8,3504
18/06/2015,9,2458
18/06/2015,10,1257
18/06/2015,11,1276
18/06/2015,12,1565
18/06/2015,13,1664
18/06/2015,14,1589
18/06/2015,15,1682
18/06/2015,16,2161
18/06/2015,17,3777
18/06/2015,18,3715
18/06/2015,19,2592
18/06/2015,20,1694
18/06/2015,21,1167
18/06/2015,22,920
18/06/2015,23,649
18/06/2016,0,654
18/06/2016,1,413
18/06/2016,2,259
18/06/2016,3,209
18/06/2016,4,88
18/06/2016,5,105
18/06/2016,6,298
18/06/2016,7,614
18/06/2016,8,1142
18/06/2016,9,1855
18/06/2016,10,2579
18/06/2016,11,3297
18/06/2016,12,3726
18/06/2016,13,3959
18/06/2016,14,4020
18/06/2016,15,4136
18/06/2016,16,4145
18/06/2016,17,4056
18/06/2016,18,3710
18/06/2016,19,3204
18/06/2016,20,2340
18/06/2016,21,1618
18/06/2016,22,1358
18/06/2016,23,1116
18/06/2017,0,791
18/06/2017,1,527
18/06/2017,2,344
18/06/2017,3,233
18/06/2017,4,151
18/06/2017,5,90
18/06/2017,6,213
18/06/2017,7,502
18/06/2017,8,1015
18/06/2017,9,1760
18/06/2017,10,2330
18/06/2017,11,3196
18/06/2017,12,3617
18/06/2017,13,4003
18/06/2017,14,4114
18/06/2017,15,4254
18/06/2017,16,4180
18/06/2017,17,4153
18/06/2017,18,3940
18/06/2017,19,3321
18/06/2017,20,2697
18/06/2017,21,1941
18/06/2017,22,1295
18/06/2017,23,805
18/07/2013,0,342
18/07/2013,1,137
18/07/2013,2,86
18/07/2013,3,51
18/07/2013,4,33
18/07/2013,5,118
18/07/2013,6,653
18/07/2013,7,1370
18/07/2013,8,2530
18/07/2013,9,1927
18/07/2013,10,981
18/07/2013,11,932
18/07/2013,12,1228
18/07/2013,13,1272
18/07/2013,14,1182
18/07/2013,15,1294
18/07/2013,16,1625
18/07/2013,17,2845
18/07/2013,18,2942
18/07/2013,19,2411
18/07/2013,20,1813
18/07/2013,21,1319
18/07/2013,22,1038
18/07/2013,23,740
18/07/2014,0,451
18/07/2014,1,224
18/07/2014,2,113
18/07/2014,3,67
18/07/2014,4,78
18/07/2014,5,200
18/07/2014,6,834
18/07/2014,7,1790
18/07/2014,8,3220
18/07/2014,9,2499
18/07/2014,10,1457
18/07/2014,11,1412
18/07/2014,12,1673
18/07/2014,13,1919
18/07/2014,14,2101
18/07/2014,15,2265
18/07/2014,16,2733
18/07/2014,17,3445
18/07/2014,18,3055
18/07/2014,19,2300
18/07/2014,20,1646
18/07/2014,21,1078
18/07/2014,22,861
18/07/2014,23,684
18/07/2015,0,594
18/07/2015,1,414
18/07/2015,2,282
18/07/2015,3,162
18/07/2015,4,113
18/07/2015,5,84
18/07/2015,6,169
18/07/2015,7,352
18/07/2015,8,519
18/07/2015,9,429
18/07/2015,10,1141
18/07/2015,11,1755
18/07/2015,12,2177
18/07/2015,13,2438
18/07/2015,14,2374
18/07/2015,15,2550
18/07/2015,16,2464
18/07/2015,17,2484
18/07/2015,18,2185
18/07/2015,19,1934
18/07/2015,20,1524
18/07/2015,21,1154
18/07/2015,22,858
18/07/2015,23,714
18/07/2016,0,334
18/07/2016,1,154
18/07/2016,2,74
18/07/2016,3,47
18/07/2016,4,66
18/07/2016,5,318
18/07/2016,6,1358
18/07/2016,7,2727
18/07/2016,8,4561
18/07/2016,9,3336
18/07/2016,10,1710
18/07/2016,11,1597
18/07/2016,12,1886
18/07/2016,13,1866
18/07/2016,14,1922
18/07/2016,15,2040
18/07/2016,16,2235
18/07/2016,17,2222
18/07/2016,18,5245
18/07/2016,19,3876
18/07/2016,20,2665
18/07/2016,21,1677
18/07/2016,22,1122
18/07/2016,23,649
18/07/2017,0,375
18/07/2017,1,191
18/07/2017,2,91
18/07/2017,3,73
18/07/2017,4,94
18/07/2017,5,558
18/07/2017,6,2030
18/07/2017,7,3928
18/07/2017,8,6076
18/07/2017,9,4384
18/07/2017,10,2372
18/07/2017,11,2323
18/07/2017,12,2620
18/07/2017,13,2786
18/07/2017,14,2804
18/07/2017,15,2892
18/07/2017,16,3995
18/07/2017,17,6995
18/07/2017,18,7302
18/07/2017,19,5144
18/07/2017,20,3750
18/07/2017,21,2568
18/07/2017,22,1842
18/07/2017,23,1041
18/08/2013,0,608
18/08/2013,1,374
18/08/2013,2,265
18/08/2013,3,172
18/08/2013,4,128
18/08/2013,5,54
18/08/2013,6,113
18/08/2013,7,226
18/08/2013,8,493
18/08/2013,9,930
18/08/2013,10,1361
18/08/2013,11,1740
18/08/2013,12,2096
18/08/2013,13,2373
18/08/2013,14,2469
18/08/2013,15,2249
18/08/2013,16,2423
18/08/2013,17,2270
18/08/2013,18,1992
18/08/2013,19,1815
18/08/2013,20,1227
18/08/2013,21,952
18/08/2013,22,749
18/08/2013,23,533
18/08/2014,0,277
18/08/2014,1,142
18/08/2014,2,53
18/08/2014,3,34
18/08/2014,4,51
18/08/2014,5,218
18/08/2014,6,819
18/08/2014,7,1663
18/08/2014,8,2634
18/08/2014,9,2174
18/08/2014,10,1179
18/08/2014,11,1234
18/08/2014,12,1489
18/08/2014,13,1587
18/08/2014,14,1571
18/08/2014,15,1756
18/08/2014,16,2234
18/08/2014,17,3719
18/08/2014,18,4092
18/08/2014,19,2962
18/08/2014,20,1923
18/08/2014,21,1172
18/08/2014,22,852
18/08/2014,23,504
18/08/2015,0,302
18/08/2015,1,121
18/08/2015,2,66
18/08/2015,3,39
18/08/2015,4,50
18/08/2015,5,149
18/08/2015,6,919
18/08/2015,7,2005
18/08/2015,8,3816
18/08/2015,9,2747
18/08/2015,10,1569
18/08/2015,11,1410
18/08/2015,12,1604
18/08/2015,13,1711
18/08/2015,14,1697
18/08/2015,15,1745
18/08/2015,16,2487
18/08/2015,17,4348
18/08/2015,18,4489
18/08/2015,19,3308
18/08/2015,20,2158
18/08/2015,21,1463
18/08/2015,22,1065
18/08/2015,23,648
18/08/2016,0,462
18/08/2016,1,203
18/08/2016,2,118
18/08/2016,3,51
18/08/2016,4,52
18/08/2016,5,324
18/08/2016,6,1367
18/08/2016,7,2764
18/08/2016,8,4870
18/08/2016,9,3744
18/08/2016,10,2205
18/08/2016,11,1933
18/08/2016,12,2217
18/08/2016,13,2545
18/08/2016,14,2413
18/08/2016,15,2617
18/08/2016,16,3407
18/08/2016,17,5627
18/08/2016,18,5585
18/08/2016,19,4080
18/08/2016,20,2592
18/08/2016,21,1746
18/08/2016,22,1337
18/08/2016,23,959
18/08/2017,0,631
18/08/2017,1,304
18/08/2017,2,162
18/08/2017,3,89
18/08/2017,4,103
18/08/2017,5,373
18/08/2017,6,1313
18/08/2017,7,1170
18/08/2017,8,988
18/08/2017,9,2043
18/08/2017,10,1346
18/08/2017,11,1582
18/08/2017,12,2288
18/08/2017,13,2471
18/08/2017,14,2796
18/08/2017,15,3085
18/08/2017,16,3697
18/08/2017,17,4170
18/08/2017,18,3167
18/08/2017,19,765
18/08/2017,20,1189
18/08/2017,21,1123
18/08/2017,22,925
18/08/2017,23,840
18/09/2013,0,286
18/09/2013,1,126
18/09/2013,2,55
18/09/2013,3,39
18/09/2013,4,40
18/09/2013,5,201
18/09/2013,6,891
18/09/2013,7,2147
18/09/2013,8,3412
18/09/2013,9,2588
18/09/2013,10,1508
18/09/2013,11,1437
18/09/2013,12,1790
18/09/2013,13,1859
18/09/2013,14,1826
18/09/2013,15,1965
18/09/2013,16,2423
18/09/2013,17,3977
18/09/2013,18,4094
18/09/2013,19,2577
18/09/2013,20,1774
18/09/2013,21,1371
18/09/2013,22,998
18/09/2013,23,573
18/09/2014,0,264
18/09/2014,1,117
18/09/2014,2,54
18/09/2014,3,45
18/09/2014,4,57
18/09/2014,5,227
18/09/2014,6,926
18/09/2014,7,2062
18/09/2014,8,3455
18/09/2014,9,2554
18/09/2014,10,1482
18/09/2014,11,1401
18/09/2014,12,1768
18/09/2014,13,1852
18/09/2014,14,1826
18/09/2014,15,1873
18/09/2014,16,2456
18/09/2014,17,3950
18/09/2014,18,3817
18/09/2014,19,2644
18/09/2014,20,1713
18/09/2014,21,1259
18/09/2014,22,944
18/09/2014,23,635
18/09/2015,0,561
18/09/2015,1,237
18/09/2015,2,141
18/09/2015,3,92
18/09/2015,4,70
18/09/2015,5,269
18/09/2015,6,1145
18/09/2015,7,2673
18/09/2015,8,4765
18/09/2015,9,3484
18/09/2015,10,2139
18/09/2015,11,2121
18/09/2015,12,2469
18/09/2015,13,2540
18/09/2015,14,2645
18/09/2015,15,2803
18/09/2015,16,3732
18/09/2015,17,5181
18/09/2015,18,4688
18/09/2015,19,3126
18/09/2015,20,1907
18/09/2015,21,1411
18/09/2015,22,1113
18/09/2015,23,973
18/09/2016,0,1149
18/09/2016,1,732
18/09/2016,2,400
18/09/2016,3,280
18/09/2016,4,170
18/09/2016,5,128
18/09/2016,6,280
18/09/2016,7,533
18/09/2016,8,1151
18/09/2016,9,2013
18/09/2016,10,2890
18/09/2016,11,3747
18/09/2016,12,4262
18/09/2016,13,4272
18/09/2016,14,4101
18/09/2016,15,4235
18/09/2016,16,4436
18/09/2016,17,4290
18/09/2016,18,4062
18/09/2016,19,3142
18/09/2016,20,2132
18/09/2016,21,1553
18/09/2016,22,1098
18/09/2016,23,630
18/09/2017,0,372
18/09/2017,1,207
18/09/2017,2,89
18/09/2017,3,59
18/09/2017,4,96
18/09/2017,5,441
18/09/2017,6,1797
18/09/2017,7,3843
18/09/2017,8,5170
18/09/2017,9,3904
18/09/2017,10,2358
18/09/2017,11,2457
18/09/2017,12,2798
18/09/2017,13,2865
18/09/2017,14,3020
18/09/2017,15,3270
18/09/2017,16,4326
18/09/2017,17,7360
18/09/2017,18,7486
18/09/2017,19,4643
18/09/2017,20,3214
18/09/2017,21,2086
18/09/2017,22,1415
18/09/2017,23,854
18/10/2013,0,380
18/10/2013,1,210
18/10/2013,2,104
18/10/2013,3,54
18/10/2013,4,69
18/10/2013,5,174
18/10/2013,6,788
18/10/2013,7,1751
18/10/2013,8,3287
18/10/2013,9,2636
18/10/2013,10,1579
18/10/2013,11,1584
18/10/2013,12,1955
18/10/2013,13,2121
18/10/2013,14,2206
18/10/2013,15,2371
18/10/2013,16,2969
18/10/2013,17,3908
18/10/2013,18,3397
18/10/2013,19,2383
18/10/2013,20,1512
18/10/2013,21,1052
18/10/2013,22,840
18/10/2013,23,792
18/10/2014,0,440
18/10/2014,1,313
18/10/2014,2,211
18/10/2014,3,145
18/10/2014,4,83
18/10/2014,5,59
18/10/2014,6,127
18/10/2014,7,353
18/10/2014,8,745
18/10/2014,9,1109
18/10/2014,10,1524
18/10/2014,11,1926
18/10/2014,12,2070
18/10/2014,13,2153
18/10/2014,14,2234
18/10/2014,15,2241
18/10/2014,16,2037
18/10/2014,17,1980
18/10/2014,18,1530
18/10/2014,19,1197
18/10/2014,20,861
18/10/2014,21,597
18/10/2014,22,615
18/10/2014,23,428
18/10/2015,0,407
18/10/2015,1,253
18/10/2015,2,162
18/10/2015,3,87
18/10/2015,4,82
18/10/2015,5,45
18/10/2015,6,86
18/10/2015,7,277
18/10/2015,8,554
18/10/2015,9,1139
18/10/2015,10,1496
18/10/2015,11,1955
18/10/2015,12,2203
18/10/2015,13,2084
18/10/2015,14,2112
18/10/2015,15,2101
18/10/2015,16,2099
18/10/2015,17,1988
18/10/2015,18,1577
18/10/2015,19,1170
18/10/2015,20,787
18/10/2015,21,589
18/10/2015,22,431
18/10/2015,23,294
18/10/2017,0,378
18/10/2017,1,179
18/10/2017,2,62
18/10/2017,3,53
18/10/2017,4,65
18/10/2017,5,502
18/10/2017,6,1804
18/10/2017,7,4079
18/10/2017,8,7231
18/10/2017,9,4693
18/10/2017,10,2674
18/10/2017,11,2590
18/10/2017,12,3123
18/10/2017,13,3222
18/10/2017,14,3509
18/10/2017,15,3862
18/10/2017,16,4618
18/10/2017,17,7698
18/10/2017,18,7347
18/10/2017,19,4574
18/10/2017,20,3124
18/10/2017,21,2280
18/10/2017,22,1647
18/10/2017,23,920
18/11/2013,0,155
18/11/2013,1,74
18/11/2013,2,42
18/11/2013,3,14
18/11/2013,4,13
18/11/2013,5,130
18/11/2013,6,580
18/11/2013,7,1548
18/11/2013,8,3070
18/11/2013,9,2251
18/11/2013,10,1194
18/11/2013,11,1178
18/11/2013,12,1382
18/11/2013,13,1531
18/11/2013,14,1550
18/11/2013,15,1670
18/11/2013,16,1963
18/11/2013,17,3248
18/11/2013,18,3236
18/11/2013,19,2242
18/11/2013,20,1503
18/11/2013,21,997
18/11/2013,22,644
18/11/2013,23,400
18/11/2014,0,137
18/11/2014,1,49
18/11/2014,2,28
18/11/2014,3,17
18/11/2014,4,35
18/11/2014,5,139
18/11/2014,6,590
18/11/2014,7,1167
18/11/2014,8,1971
18/11/2014,9,1423
18/11/2014,10,699
18/11/2014,11,615
18/11/2014,12,722
18/11/2014,13,726
18/11/2014,14,781
18/11/2014,15,748
18/11/2014,16,1047
18/11/2014,17,1707
18/11/2014,18,1551
18/11/2014,19,998
18/11/2014,20,629
18/11/2014,21,467
18/11/2014,22,280
18/11/2014,23,165
18/11/2015,0,201
18/11/2015,1,105
18/11/2015,2,50
18/11/2015,3,39
18/11/2015,4,62
18/11/2015,5,290
18/11/2015,6,1136
18/11/2015,7,2739
18/11/2015,8,4682
18/11/2015,9,3139
18/11/2015,10,1654
18/11/2015,11,1590
18/11/2015,12,1724
18/11/2015,13,1771
18/11/2015,14,1859
18/11/2015,15,2095
18/11/2015,16,2509
18/11/2015,17,4122
18/11/2015,18,4159
18/11/2015,19,2782
18/11/2015,20,1924
18/11/2015,21,1359
18/11/2015,22,895
18/11/2015,23,599
18/11/2017,0,452
18/11/2017,1,337
18/11/2017,2,184
18/11/2017,3,130
18/11/2017,4,77
18/11/2017,5,100
18/11/2017,6,256
18/11/2017,7,623
18/11/2017,8,1244
18/11/2017,9,1925
18/11/2017,10,2452
18/11/2017,11,2868
18/11/2017,12,3216
18/11/2017,13,3029
18/11/2017,14,2371
18/11/2017,15,1957
18/11/2017,16,1182
18/11/2017,17,947
18/11/2017,18,734
18/11/2017,19,919
18/11/2017,20,729
18/11/2017,21,696
18/11/2017,22,692
18/11/2017,23,625
18/12/2013,0,89
18/12/2013,1,42
18/12/2013,2,26
18/12/2013,3,12
18/12/2013,4,22
18/12/2013,5,80
18/12/2013,6,319
18/12/2013,7,712
18/12/2013,8,1320
18/12/2013,9,1128
18/12/2013,10,620
18/12/2013,11,569
18/12/2013,12,702
18/12/2013,13,742
18/12/2013,14,789
18/12/2013,15,844
18/12/2013,16,990
18/12/2013,17,1443
18/12/2013,18,1494
18/12/2013,19,1068
18/12/2013,20,740
18/12/2013,21,483
18/12/2013,22,407
18/12/2013,23,283
18/12/2014,0,167
18/12/2014,1,76
18/12/2014,2,49
18/12/2014,3,24
18/12/2014,4,24
18/12/2014,5,128
18/12/2014,6,558
18/12/2014,7,1076
18/12/2014,8,1933
18/12/2014,9,1526
18/12/2014,10,867
18/12/2014,11,703
18/12/2014,12,842
18/12/2014,13,928
18/12/2014,14,974
18/12/2014,15,1024
18/12/2014,16,1234
18/12/2014,17,1800
18/12/2014,18,1711
18/12/2014,19,1151
18/12/2014,20,825
18/12/2014,21,605
18/12/2014,22,463
18/12/2014,23,363
18/12/2015,0,377
18/12/2015,1,237
18/12/2015,2,126
18/12/2015,3,59
18/12/2015,4,80
18/12/2015,5,235
18/12/2015,6,877
18/12/2015,7,1827
18/12/2015,8,3142
18/12/2015,9,2457
18/12/2015,10,1101
18/12/2015,11,1074
18/12/2015,12,1448
18/12/2015,13,1657
18/12/2015,14,1878
18/12/2015,15,1941
18/12/2015,16,2532
18/12/2015,17,3049
18/12/2015,18,2351
18/12/2015,19,1568
18/12/2015,20,1022
18/12/2015,21,655
18/12/2015,22,560
18/12/2015,23,451
18/12/2017,0,202
18/12/2017,1,104
18/12/2017,2,42
18/12/2017,3,17
18/12/2017,4,70
18/12/2017,5,282
18/12/2017,6,975
18/12/2017,7,2219
18/12/2017,8,4004
18/12/2017,9,2843
18/12/2017,10,1486
18/12/2017,11,1458
18/12/2017,12,1707
18/12/2017,13,1815
18/12/2017,14,2006
18/12/2017,15,2190
18/12/2017,16,2713
18/12/2017,17,4234
18/12/2017,18,4360
18/12/2017,19,2910
18/12/2017,20,1827
18/12/2017,21,1269
18/12/2017,22,875
18/12/2017,23,560
19/01/2014,0,151
19/01/2014,1,98
19/01/2014,2,67
19/01/2014,3,38
19/01/2014,4,34
19/01/2014,5,15
19/01/2014,6,38
19/01/2014,7,83
19/01/2014,8,196
19/01/2014,9,319
19/01/2014,10,524
19/01/2014,11,670
19/01/2014,12,760
19/01/2014,13,852
19/01/2014,14,937
19/01/2014,15,805
19/01/2014,16,720
19/01/2014,17,584
19/01/2014,18,556
19/01/2014,19,450
19/01/2014,20,333
19/01/2014,21,274
19/01/2014,22,343
19/01/2014,23,181
19/01/2015,0,87
19/01/2015,1,54
19/01/2015,2,27
19/01/2015,3,26
19/01/2015,4,18
19/01/2015,5,52
19/01/2015,6,127
19/01/2015,7,294
19/01/2015,8,606
19/01/2015,9,649
19/01/2015,10,572
19/01/2015,11,597
19/01/2015,12,735
19/01/2015,13,730
19/01/2015,14,792
19/01/2015,15,776
19/01/2015,16,826
19/01/2015,17,900
19/01/2015,18,914
19/01/2015,19,722
19/01/2015,20,454
19/01/2015,21,341
19/01/2015,22,269
19/01/2015,23,142
19/01/2016,0,72
19/01/2016,1,24
19/01/2016,2,14
19/01/2016,3,14
19/01/2016,4,31
19/01/2016,5,153
19/01/2016,6,507
19/01/2016,7,1067
19/01/2016,8,1882
19/01/2016,9,1405
19/01/2016,10,637
19/01/2016,11,583
19/01/2016,12,628
19/01/2016,13,634
19/01/2016,14,699
19/01/2016,15,800
19/01/2016,16,1111
19/01/2016,17,1919
19/01/2016,18,1870
19/01/2016,19,1298
19/01/2016,20,813
19/01/2016,21,589
19/01/2016,22,335
19/01/2016,23,196
19/01/2018,0,166
19/01/2018,1,84
19/01/2018,2,38
19/01/2018,3,22
19/01/2018,4,44
19/01/2018,5,236
19/01/2018,6,834
19/01/2018,7,1817
19/01/2018,8,3375
19/01/2018,9,2473
19/01/2018,10,1272
19/01/2018,11,1141
19/01/2018,12,1387
19/01/2018,13,1387
19/01/2018,14,1582
19/01/2018,15,1745
19/01/2018,16,2203
19/01/2018,17,3277
19/01/2018,18,2744
19/01/2018,19,1793
19/01/2018,20,1124
19/01/2018,21,773
19/01/2018,22,554
19/01/2018,23,454
19/02/2014,0,37
19/02/2014,1,19
19/02/2014,2,22
19/02/2014,3,8
19/02/2014,4,15
19/02/2014,5,71
19/02/2014,6,251
19/02/2014,7,506
19/02/2014,8,971
19/02/2014,9,771
19/02/2014,10,421
19/02/2014,11,133
19/02/2014,12,81
19/02/2014,13,174
19/02/2014,14,279
19/02/2014,15,425
19/02/2014,16,586
19/02/2014,17,877
19/02/2014,18,927
19/02/2014,19,682
19/02/2014,20,464
19/02/2014,21,361
19/02/2014,22,258
19/02/2014,23,167
19/02/2015,0,69
19/02/2015,1,38
19/02/2015,2,18
19/02/2015,3,8
19/02/2015,4,11
19/02/2015,5,61
19/02/2015,6,251
19/02/2015,7,456
19/02/2015,8,866
19/02/2015,9,665
19/02/2015,10,372
19/02/2015,11,309
19/02/2015,12,326
19/02/2015,13,328
19/02/2015,14,306
19/02/2015,15,355
19/02/2015,16,503
19/02/2015,17,838
19/02/2015,18,773
19/02/2015,19,510
19/02/2015,20,302
19/02/2015,21,205
19/02/2015,22,157
19/02/2015,23,72
19/02/2016,0,148
19/02/2016,1,61
19/02/2016,2,45
19/02/2016,3,33
19/02/2016,4,41
19/02/2016,5,164
19/02/2016,6,619
19/02/2016,7,1228
19/02/2016,8,2323
19/02/2016,9,1815
19/02/2016,10,950
19/02/2016,11,867
19/02/2016,12,983
19/02/2016,13,995
19/02/2016,14,1104
19/02/2016,15,1169
19/02/2016,16,1601
19/02/2016,17,2291
19/02/2016,18,2027
19/02/2016,19,1274
19/02/2016,20,851
19/02/2016,21,603
19/02/2016,22,416
19/02/2016,23,351
19/02/2018,0,244
19/02/2018,1,118
19/02/2018,2,69
19/02/2018,3,54
19/02/2018,4,37
19/02/2018,5,115
19/02/2018,6,330
19/02/2018,7,680
19/02/2018,8,1488
19/02/2018,9,1565
19/02/2018,10,1674
19/02/2018,11,1931
19/02/2018,12,2044
19/02/2018,13,2124
19/02/2018,14,2133
19/02/2018,15,2231
19/02/2018,16,2118
19/02/2018,17,1838
19/02/2018,18,1411
19/02/2018,19,1111
19/02/2018,20,746
19/02/2018,21,733
19/02/2018,22,533
19/02/2018,23,350
19/03/2014,0,90
19/03/2014,1,48
19/03/2014,2,35
19/03/2014,3,19
19/03/2014,4,18
19/03/2014,5,103
19/03/2014,6,474
19/03/2014,7,899
19/03/2014,8,1784
19/03/2014,9,1466
19/03/2014,10,744
19/03/2014,11,597
19/03/2014,12,692
19/03/2014,13,688
19/03/2014,14,786
19/03/2014,15,748
19/03/2014,16,512
19/03/2014,17,1178
19/03/2014,18,1317
19/03/2014,19,467
19/03/2014,20,442
19/03/2014,21,118
19/03/2014,22,73
19/03/2014,23,43
19/03/2015,0,88
19/03/2015,1,47
19/03/2015,2,15
19/03/2015,3,10
19/03/2015,4,19
19/03/2015,5,100
19/03/2015,6,396
19/03/2015,7,801
19/03/2015,8,1610
19/03/2015,9,1139
19/03/2015,10,619
19/03/2015,11,608
19/03/2015,12,658
19/03/2015,13,663
19/03/2015,14,682
19/03/2015,15,771
19/03/2015,16,1007
19/03/2015,17,1802
19/03/2015,18,1757
19/03/2015,19,1026
19/03/2015,20,612
19/03/2015,21,450
19/03/2015,22,347
19/03/2015,23,219
19/03/2016,0,330
19/03/2016,1,193
19/03/2016,2,107
19/03/2016,3,77
19/03/2016,4,39
19/03/2016,5,43
19/03/2016,6,111
19/03/2016,7,275
19/03/2016,8,618
19/03/2016,9,1113
19/03/2016,10,1439
19/03/2016,11,1833
19/03/2016,12,2089
19/03/2016,13,2198
19/03/2016,14,2122
19/03/2016,15,2062
19/03/2016,16,1954
19/03/2016,17,1959
19/03/2016,18,1738
19/03/2016,19,1275
19/03/2016,20,802
19/03/2016,21,635
19/03/2016,22,579
19/03/2016,23,457
19/03/2018,0,162
19/03/2018,1,111
19/03/2018,2,76
19/03/2018,3,33
19/03/2018,4,49
19/03/2018,5,323
19/03/2018,6,1054
19/03/2018,7,2197
19/03/2018,8,3979
19/03/2018,9,2767
19/03/2018,10,1329
19/03/2018,11,1343
19/03/2018,12,1682
19/03/2018,13,1697
19/03/2018,14,1790
19/03/2018,15,1994
19/03/2018,16,2706
19/03/2018,17,4545
19/03/2018,18,4534
19/03/2018,19,2873
19/03/2018,20,1742
19/03/2018,21,1169
19/03/2018,22,719
19/03/2018,23,404
19/04/2014,0,213
19/04/2014,1,123
19/04/2014,2,92
19/04/2014,3,56
19/04/2014,4,33
19/04/2014,5,39
19/04/2014,6,81
19/04/2014,7,212
19/04/2014,8,480
19/04/2014,9,840
19/04/2014,10,1204
19/04/2014,11,1695
19/04/2014,12,2041
19/04/2014,13,2191
19/04/2014,14,2295
19/04/2014,15,2429
19/04/2014,16,2312
19/04/2014,17,2228
19/04/2014,18,1949
19/04/2014,19,1408
19/04/2014,20,886
19/04/2014,21,625
19/04/2014,22,512
19/04/2014,23,425
19/04/2015,0,477
19/04/2015,1,319
19/04/2015,2,168
19/04/2015,3,111
19/04/2015,4,75
19/04/2015,5,38
19/04/2015,6,98
19/04/2015,7,213
19/04/2015,8,453
19/04/2015,9,834
19/04/2015,10,1196
19/04/2015,11,1728
19/04/2015,12,1950
19/04/2015,13,1931
19/04/2015,14,1970
19/04/2015,15,1951
19/04/2015,16,2005
19/04/2015,17,1730
19/04/2015,18,1455
19/04/2015,19,1038
19/04/2015,20,677
19/04/2015,21,495
19/04/2015,22,355
19/04/2015,23,208
19/04/2016,0,198
19/04/2016,1,89
19/04/2016,2,61
19/04/2016,3,34
19/04/2016,4,65
19/04/2016,5,283
19/04/2016,6,1257
19/04/2016,7,2741
19/04/2016,8,4756
19/04/2016,9,3264
19/04/2016,10,1749
19/04/2016,11,1709
19/04/2016,12,2103
19/04/2016,13,2150
19/04/2016,14,2237
19/04/2016,15,2351
19/04/2016,16,3000
19/04/2016,17,5020
19/04/2016,18,5032
19/04/2016,19,3156
19/04/2016,20,2061
19/04/2016,21,1356
19/04/2016,22,913
19/04/2016,23,490
19/04/2017,0,250
19/04/2017,1,114
19/04/2017,2,53
19/04/2017,3,27
19/04/2017,4,50
19/04/2017,5,368
19/04/2017,6,1502
19/04/2017,7,3070
19/04/2017,8,5360
19/04/2017,9,3540
19/04/2017,10,1948
19/04/2017,11,1763
19/04/2017,12,1978
19/04/2017,13,2077
19/04/2017,14,2032
19/04/2017,15,2237
19/04/2017,16,2657
19/04/2017,17,4694
19/04/2017,18,4610
19/04/2017,19,2974
19/04/2017,20,1731
19/04/2017,21,1215
19/04/2017,22,964
19/04/2017,23,573
19/04/2018,0,312
19/04/2018,1,163
19/04/2018,2,78
19/04/2018,3,45
19/04/2018,4,57
19/04/2018,5,281
19/04/2018,6,864
19/04/2018,7,1872
19/04/2018,8,4528
19/04/2018,9,3551
19/04/2018,10,1848
19/04/2018,11,1319
19/04/2018,12,1623
19/04/2018,13,1073
19/04/2018,14,657
19/04/2018,15,1235
19/04/2018,16,2404
19/04/2018,17,4350
19/04/2018,18,4563
19/04/2018,19,3012
19/04/2018,20,1799
19/04/2018,21,1189
19/04/2018,22,891
19/04/2018,23,584
19/05/2014,0,177
19/05/2014,1,102
19/05/2014,2,53
19/05/2014,3,20
19/05/2014,4,45
19/05/2014,5,178
19/05/2014,6,810
19/05/2014,7,1668
19/05/2014,8,2954
19/05/2014,9,2084
19/05/2014,10,1171
19/05/2014,11,1236
19/05/2014,12,1441
19/05/2014,13,1508
19/05/2014,14,1520
19/05/2014,15,1587
19/05/2014,16,2090
19/05/2014,17,3518
19/05/2014,18,3414
19/05/2014,19,2531
19/05/2014,20,1498
19/05/2014,21,994
19/05/2014,22,669
19/05/2014,23,424
19/05/2015,0,207
19/05/2015,1,105
19/05/2015,2,63
19/05/2015,3,37
19/05/2015,4,37
19/05/2015,5,206
19/05/2015,6,843
19/05/2015,7,1638
19/05/2015,8,2902
19/05/2015,9,2288
19/05/2015,10,1295
19/05/2015,11,1152
19/05/2015,12,1322
19/05/2015,13,1464
19/05/2015,14,1583
19/05/2015,15,1802
19/05/2015,16,2297
19/05/2015,17,3878
19/05/2015,18,3847
19/05/2015,19,2610
19/05/2015,20,1646
19/05/2015,21,1179
19/05/2015,22,913
19/05/2015,23,581
19/05/2016,0,287
19/05/2016,1,131
19/05/2016,2,83
19/05/2016,3,44
19/05/2016,4,57
19/05/2016,5,283
19/05/2016,6,1329
19/05/2016,7,2649
19/05/2016,8,4777
19/05/2016,9,3258
19/05/2016,10,1941
19/05/2016,11,1918
19/05/2016,12,2220
19/05/2016,13,2382
19/05/2016,14,2385
19/05/2016,15,2472
19/05/2016,16,3239
19/05/2016,17,5220
19/05/2016,18,5304
19/05/2016,19,3480
19/05/2016,20,2312
19/05/2016,21,1489
19/05/2016,22,1171
19/05/2016,23,751
19/05/2017,0,578
19/05/2017,1,308
19/05/2017,2,146
19/05/2017,3,72
19/05/2017,4,121
19/05/2017,5,445
19/05/2017,6,1553
19/05/2017,7,3390
19/05/2017,8,5598
19/05/2017,9,4244
19/05/2017,10,2588
19/05/2017,11,2506
19/05/2017,12,2925
19/05/2017,13,3053
19/05/2017,14,3194
19/05/2017,15,3535
19/05/2017,16,4682
19/05/2017,17,6441
19/05/2017,18,5601
19/05/2017,19,3949
19/05/2017,20,2611
19/05/2017,21,1888
19/05/2017,22,1528
19/05/2017,23,1187
19/05/2018,0,681
19/05/2018,1,447
19/05/2018,2,283
19/05/2018,3,204
19/05/2018,4,113
19/05/2018,5,160
19/05/2018,6,155
19/05/2018,7,169
19/05/2018,8,411
19/05/2018,9,618
19/05/2018,10,709
19/05/2018,11,896
19/05/2018,12,513
19/05/2018,13,421
19/05/2018,14,816
19/05/2018,15,1158
19/05/2018,16,1568
19/05/2018,17,1930
19/05/2018,18,1648
19/05/2018,19,1619
19/05/2018,20,1312
19/05/2018,21,981
19/05/2018,22,604
19/05/2018,23,610
19/06/2014,0,360
19/06/2014,1,168
19/06/2014,2,79
19/06/2014,3,42
19/06/2014,4,54
19/06/2014,5,229
19/06/2014,6,872
19/06/2014,7,1738
19/06/2014,8,2930
19/06/2014,9,2211
19/06/2014,10,1218
19/06/2014,11,1097
19/06/2014,12,1353
19/06/2014,13,1306
19/06/2014,14,915
19/06/2014,15,1293
19/06/2014,16,1913
19/06/2014,17,3571
19/06/2014,18,3595
19/06/2014,19,2529
19/06/2014,20,1916
19/06/2014,21,895
19/06/2014,22,828
19/06/2014,23,612
19/06/2015,0,357
19/06/2015,1,184
19/06/2015,2,87
19/06/2015,3,53
19/06/2015,4,54
19/06/2015,5,224
19/06/2015,6,878
19/06/2015,7,1791
19/06/2015,8,3346
19/06/2015,9,2550
19/06/2015,10,1514
19/06/2015,11,1525
19/06/2015,12,1789
19/06/2015,13,2057
19/06/2015,14,2158
19/06/2015,15,2287
19/06/2015,16,2880
19/06/2015,17,3810
19/06/2015,18,3308
19/06/2015,19,2322
19/06/2015,20,1525
19/06/2015,21,1037
19/06/2015,22,875
19/06/2015,23,769
19/06/2016,0,792
19/06/2016,1,489
19/06/2016,2,300
19/06/2016,3,267
19/06/2016,4,146
19/06/2016,5,86
19/06/2016,6,174
19/06/2016,7,471
19/06/2016,8,897
19/06/2016,9,1526
19/06/2016,10,2280
19/06/2016,11,2920
19/06/2016,12,3377
19/06/2016,13,3604
19/06/2016,14,3842
19/06/2016,15,3950
19/06/2016,16,3741
19/06/2016,17,3974
19/06/2016,18,3725
19/06/2016,19,3186
19/06/2016,20,2249
19/06/2016,21,1371
19/06/2016,22,1028
19/06/2016,23,875
19/06/2017,0,426
19/06/2017,1,210
19/06/2017,2,105
19/06/2017,3,49
19/06/2017,4,94
19/06/2017,5,411
19/06/2017,6,1606
19/06/2017,7,3166
19/06/2017,8,5272
19/06/2017,9,3758
19/06/2017,10,2006
19/06/2017,11,2067
19/06/2017,12,2338
19/06/2017,13,2482
19/06/2017,14,2525
19/06/2017,15,2687
19/06/2017,16,2939
19/06/2017,17,1623
19/06/2017,18,1215
19/06/2017,19,811
19/06/2017,20,685
19/06/2017,21,621
19/06/2017,22,719
19/06/2017,23,495
19/07/2013,0,413
19/07/2013,1,211
19/07/2013,2,132
19/07/2013,3,65
19/07/2013,4,52
19/07/2013,5,123
19/07/2013,6,528
19/07/2013,7,1180
19/07/2013,8,2301
19/07/2013,9,1778
19/07/2013,10,958
19/07/2013,11,955
19/07/2013,12,1165
19/07/2013,13,1395
19/07/2013,14,1317
19/07/2013,15,1491
19/07/2013,16,1948
19/07/2013,17,2519
19/07/2013,18,2358
19/07/2013,19,1843
19/07/2013,20,1389
19/07/2013,21,971
19/07/2013,22,789
19/07/2013,23,710
19/07/2014,0,517
19/07/2014,1,295
19/07/2014,2,240
19/07/2014,3,181
19/07/2014,4,114
19/07/2014,5,69
19/07/2014,6,180
19/07/2014,7,349
19/07/2014,8,702
19/07/2014,9,1175
19/07/2014,10,1544
19/07/2014,11,1905
19/07/2014,12,2177
19/07/2014,13,2318
19/07/2014,14,2364
19/07/2014,15,2394
19/07/2014,16,2349
19/07/2014,17,2271
19/07/2014,18,2056
19/07/2014,19,1897
19/07/2014,20,1520
19/07/2014,21,1085
19/07/2014,22,900
19/07/2014,23,689
19/07/2015,0,525
19/07/2015,1,358
19/07/2015,2,206
19/07/2015,3,155
19/07/2015,4,112
19/07/2015,5,75
19/07/2015,6,124
19/07/2015,7,340
19/07/2015,8,605
19/07/2015,9,1146
19/07/2015,10,1609
19/07/2015,11,1979
19/07/2015,12,2283
19/07/2015,13,2218
19/07/2015,14,2189
19/07/2015,15,2033
19/07/2015,16,2175
19/07/2015,17,2196
19/07/2015,18,2235
19/07/2015,19,1908
19/07/2015,20,1577
19/07/2015,21,1150
19/07/2015,22,815
19/07/2015,23,518
19/07/2016,0,333
19/07/2016,1,148
19/07/2016,2,95
19/07/2016,3,54
19/07/2016,4,83
19/07/2016,5,382
19/07/2016,6,1625
19/07/2016,7,3197
19/07/2016,8,5325
19/07/2016,9,3593
19/07/2016,10,1967
19/07/2016,11,1938
19/07/2016,12,2207
19/07/2016,13,2215
19/07/2016,14,2221
19/07/2016,15,2473
19/07/2016,16,3333
19/07/2016,17,5753
19/07/2016,18,6000
19/07/2016,19,4253
19/07/2016,20,3008
19/07/2016,21,2065
19/07/2016,22,1389
19/07/2016,23,936
19/07/2017,0,543
19/07/2017,1,206
19/07/2017,2,124
19/07/2017,3,55
19/07/2017,4,78
19/07/2017,5,540
19/07/2017,6,1882
19/07/2017,7,3738
19/07/2017,8,6016
19/07/2017,9,4363
19/07/2017,10,2326
19/07/2017,11,2244
19/07/2017,12,2569
19/07/2017,13,2691
19/07/2017,14,2587
19/07/2017,15,2862
19/07/2017,16,3765
19/07/2017,17,6547
19/07/2017,18,6913
19/07/2017,19,4909
19/07/2017,20,3502
19/07/2017,21,2428
19/07/2017,22,1878
19/07/2017,23,1149
19/08/2013,0,269
19/08/2013,1,144
19/08/2013,2,61
19/08/2013,3,38
19/08/2013,4,45
19/08/2013,5,157
19/08/2013,6,765
19/08/2013,7,1509
19/08/2013,8,2728
19/08/2013,9,2103
19/08/2013,10,1140
19/08/2013,11,1137
19/08/2013,12,1517
19/08/2013,13,1556
19/08/2013,14,1519
19/08/2013,15,1597
19/08/2013,16,2138
19/08/2013,17,3537
19/08/2013,18,3760
19/08/2013,19,2892
19/08/2013,20,1863
19/08/2013,21,1229
19/08/2013,22,894
19/08/2013,23,529
19/08/2014,0,277
19/08/2014,1,127
19/08/2014,2,72
19/08/2014,3,38
19/08/2014,4,47
19/08/2014,5,213
19/08/2014,6,969
19/08/2014,7,1963
19/08/2014,8,3245
19/08/2014,9,2479
19/08/2014,10,1346
19/08/2014,11,1314
19/08/2014,12,1385
19/08/2014,13,1440
19/08/2014,14,1532
19/08/2014,15,1681
19/08/2014,16,2239
19/08/2014,17,3791
19/08/2014,18,3914
19/08/2014,19,2853
19/08/2014,20,1810
19/08/2014,21,1216
19/08/2014,22,888
19/08/2014,23,528
19/08/2015,0,303
19/08/2015,1,147
19/08/2015,2,91
19/08/2015,3,49
19/08/2015,4,60
19/08/2015,5,264
19/08/2015,6,1189
19/08/2015,7,2165
19/08/2015,8,3863
19/08/2015,9,2838
19/08/2015,10,1474
19/08/2015,11,1429
19/08/2015,12,1675
19/08/2015,13,1774
19/08/2015,14,1646
19/08/2015,15,1945
19/08/2015,16,2475
19/08/2015,17,4273
19/08/2015,18,4426
19/08/2015,19,3220
19/08/2015,20,2093
19/08/2015,21,1508
19/08/2015,22,1116
19/08/2015,23,703
19/08/2016,0,550
19/08/2016,1,276
19/08/2016,2,170
19/08/2016,3,86
19/08/2016,4,94
19/08/2016,5,334
19/08/2016,6,1221
19/08/2016,7,2535
19/08/2016,8,4430
19/08/2016,9,3631
19/08/2016,10,2191
19/08/2016,11,2323
19/08/2016,12,2463
19/08/2016,13,2975
19/08/2016,14,2946
19/08/2016,15,3274
19/08/2016,16,4072
19/08/2016,17,4985
19/08/2016,18,4443
19/08/2016,19,3072
19/08/2016,20,2039
19/08/2016,21,1440
19/08/2016,22,1235
19/08/2016,23,884
19/08/2017,0,566
19/08/2017,1,418
19/08/2017,2,293
19/08/2017,3,166
19/08/2017,4,117
19/08/2017,5,131
19/08/2017,6,351
19/08/2017,7,904
19/08/2017,8,1831
19/08/2017,9,3203
19/08/2017,10,4667
19/08/2017,11,5676
19/08/2017,12,6019
19/08/2017,13,4884
19/08/2017,14,4845
19/08/2017,15,4837
19/08/2017,16,4674
19/08/2017,17,4396
19/08/2017,18,3907
19/08/2017,19,3589
19/08/2017,20,2459
19/08/2017,21,1854
19/08/2017,22,1481
19/08/2017,23,1174
19/09/2013,0,358
19/09/2013,1,152
19/09/2013,2,69
19/09/2013,3,49
19/09/2013,4,45
19/09/2013,5,194
19/09/2013,6,882
19/09/2013,7,2013
19/09/2013,8,3527
19/09/2013,9,2504
19/09/2013,10,1465
19/09/2013,11,1457
19/09/2013,12,1887
19/09/2013,13,1952
19/09/2013,14,1986
19/09/2013,15,2079
19/09/2013,16,2550
19/09/2013,17,4114
19/09/2013,18,3992
19/09/2013,19,2754
19/09/2013,20,1891
19/09/2013,21,1370
19/09/2013,22,1144
19/09/2013,23,766
19/09/2014,0,322
19/09/2014,1,151
19/09/2014,2,112
19/09/2014,3,51
19/09/2014,4,53
19/09/2014,5,177
19/09/2014,6,789
19/09/2014,7,1858
19/09/2014,8,3181
19/09/2014,9,2481
19/09/2014,10,1455
19/09/2014,11,1508
19/09/2014,12,1710
19/09/2014,13,1838
19/09/2014,14,2038
19/09/2014,15,2102
19/09/2014,16,2729
19/09/2014,17,3534
19/09/2014,18,3097
19/09/2014,19,1937
19/09/2014,20,1302
19/09/2014,21,958
19/09/2014,22,714
19/09/2014,23,616
19/09/2015,0,681
19/09/2015,1,467
19/09/2015,2,319
19/09/2015,3,174
19/09/2015,4,106
19/09/2015,5,77
19/09/2015,6,226
19/09/2015,7,501
19/09/2015,8,1070
19/09/2015,9,1749
19/09/2015,10,2365
19/09/2015,11,2978
19/09/2015,12,3343
19/09/2015,13,3507
19/09/2015,14,3502
19/09/2015,15,3811
19/09/2015,16,3786
19/09/2015,17,3551
19/09/2015,18,3330
19/09/2015,19,2425
19/09/2015,20,1708
19/09/2015,21,1308
19/09/2015,22,1087
19/09/2015,23,940
19/09/2016,0,351
19/09/2016,1,121
19/09/2016,2,86
19/09/2016,3,42
19/09/2016,4,81
19/09/2016,5,325
19/09/2016,6,710
19/09/2016,7,1327
19/09/2016,8,2289
19/09/2016,9,654
19/09/2016,10,302
19/09/2016,11,461
19/09/2016,12,1134
19/09/2016,13,1634
19/09/2016,14,1766
19/09/2016,15,1240
19/09/2016,16,2379
19/09/2016,17,4719
19/09/2016,18,4979
19/09/2016,19,3680
19/09/2016,20,2451
19/09/2016,21,1630
19/09/2016,22,1181
19/09/2016,23,675
19/09/2017,0,454
19/09/2017,1,236
19/09/2017,2,114
19/09/2017,3,51
19/09/2017,4,91
19/09/2017,5,556
19/09/2017,6,2019
19/09/2017,7,4309
19/09/2017,8,7448
19/09/2017,9,4772
19/09/2017,10,2643
19/09/2017,11,2477
19/09/2017,12,2866
19/09/2017,13,2994
19/09/2017,14,2893
19/09/2017,15,934
19/09/2017,16,1280
19/09/2017,17,5431
19/09/2017,18,6653
19/09/2017,19,2745
19/09/2017,20,2557
19/09/2017,21,2027
19/09/2017,22,1464
19/09/2017,23,896
19/10/2013,0,531
19/10/2013,1,350
19/10/2013,2,236
19/10/2013,3,157
19/10/2013,4,92
19/10/2013,5,68
19/10/2013,6,132
19/10/2013,7,394
19/10/2013,8,850
19/10/2013,9,1268
19/10/2013,10,1668
19/10/2013,11,2130
19/10/2013,12,2419
19/10/2013,13,2530
19/10/2013,14,2543
19/10/2013,15,2777
19/10/2013,16,2573
19/10/2013,17,2355
19/10/2013,18,2005
19/10/2013,19,1284
19/10/2013,20,1054
19/10/2013,21,850
19/10/2013,22,798
19/10/2013,23,484
19/10/2014,0,380
19/10/2014,1,235
19/10/2014,2,142
19/10/2014,3,119
19/10/2014,4,78
19/10/2014,5,37
19/10/2014,6,85
19/10/2014,7,219
19/10/2014,8,465
19/10/2014,9,730
19/10/2014,10,1109
19/10/2014,11,1359
19/10/2014,12,1668
19/10/2014,13,1732
19/10/2014,14,1669
19/10/2014,15,1703
19/10/2014,16,1736
19/10/2014,17,1525
19/10/2014,18,1233
19/10/2014,19,921
19/10/2014,20,674
19/10/2014,21,437
19/10/2014,22,374
19/10/2014,23,210
19/10/2015,0,165
19/10/2015,1,77
19/10/2015,2,31
19/10/2015,3,20
19/10/2015,4,52
19/10/2015,5,212
19/10/2015,6,912
19/10/2015,7,2078
19/10/2015,8,3853
19/10/2015,9,2675
19/10/2015,10,1353
19/10/2015,11,1304
19/10/2015,12,1432
19/10/2015,13,1494
19/10/2015,14,1721
19/10/2015,15,1937
19/10/2015,16,2466
19/10/2015,17,4376
19/10/2015,18,4175
19/10/2015,19,2432
19/10/2015,20,1566
19/10/2015,21,1113
19/10/2015,22,697
19/10/2015,23,429
19/10/2017,0,481
19/10/2017,1,183
19/10/2017,2,116
19/10/2017,3,48
19/10/2017,4,76
19/10/2017,5,457
19/10/2017,6,1791
19/10/2017,7,4111
19/10/2017,8,7230
19/10/2017,9,4986
19/10/2017,10,2865
19/10/2017,11,2804
19/10/2017,12,3393
19/10/2017,13,3384
19/10/2017,14,3607
19/10/2017,15,3847
19/10/2017,16,4926
19/10/2017,17,7857
19/10/2017,18,7533
19/10/2017,19,4541
19/10/2017,20,3040
19/10/2017,21,2284
19/10/2017,22,1712
19/10/2017,23,1039
19/11/2013,0,175
19/11/2013,1,71
19/11/2013,2,42
19/11/2013,3,28
19/11/2013,4,37
19/11/2013,5,187
19/11/2013,6,805
19/11/2013,7,1723
19/11/2013,8,3107
19/11/2013,9,2188
19/11/2013,10,1238
19/11/2013,11,1015
19/11/2013,12,1220
19/11/2013,13,1320
19/11/2013,14,1270
19/11/2013,15,1362
19/11/2013,16,1663
19/11/2013,17,2722
19/11/2013,18,2709
19/11/2013,19,1696
19/11/2013,20,1100
19/11/2013,21,812
19/11/2013,22,576
19/11/2013,23,351
19/11/2014,0,97
19/11/2014,1,43
19/11/2014,2,27
19/11/2014,3,17
19/11/2014,4,31
19/11/2014,5,119
19/11/2014,6,556
19/11/2014,7,943
19/11/2014,8,1766
19/11/2014,9,1340
19/11/2014,10,684
19/11/2014,11,579
19/11/2014,12,645
19/11/2014,13,730
19/11/2014,14,806
19/11/2014,15,851
19/11/2014,16,1077
19/11/2014,17,1724
19/11/2014,18,1696
19/11/2014,19,1044
19/11/2014,20,748
19/11/2014,21,518
19/11/2014,22,410
19/11/2014,23,243
19/11/2015,0,312
19/11/2015,1,155
19/11/2015,2,77
19/11/2015,3,45
19/11/2015,4,69
19/11/2015,5,259
19/11/2015,6,1134
19/11/2015,7,2605
19/11/2015,8,4733
19/11/2015,9,3201
19/11/2015,10,1207
19/11/2015,11,958
19/11/2015,12,1145
19/11/2015,13,1014
19/11/2015,14,874
19/11/2015,15,1017
19/11/2015,16,584
19/11/2015,17,597
19/11/2015,18,519
19/11/2015,19,474
19/11/2015,20,251
19/11/2015,21,175
19/11/2015,22,188
19/11/2015,23,297
19/11/2017,0,521
19/11/2017,1,372
19/11/2017,2,188
19/11/2017,3,106
19/11/2017,4,45
19/11/2017,5,32
19/11/2017,6,74
19/11/2017,7,286
19/11/2017,8,860
19/11/2017,9,1548
19/11/2017,10,2145
19/11/2017,11,2579
19/11/2017,12,2879
19/11/2017,13,3025
19/11/2017,14,2822
19/11/2017,15,2736
19/11/2017,16,2661
19/11/2017,17,2245
19/11/2017,18,1938
19/11/2017,19,1532
19/11/2017,20,1147
19/11/2017,21,883
19/11/2017,22,620
19/11/2017,23,354
19/12/2013,0,177
19/12/2013,1,61
19/12/2013,2,48
19/12/2013,3,26
19/12/2013,4,28
19/12/2013,5,119
19/12/2013,6,430
19/12/2013,7,866
19/12/2013,8,1789
19/12/2013,9,1380
19/12/2013,10,813
19/12/2013,11,683
19/12/2013,12,873
19/12/2013,13,910
19/12/2013,14,1010
19/12/2013,15,1016
19/12/2013,16,1265
19/12/2013,17,1785
19/12/2013,18,1738
19/12/2013,19,1324
19/12/2013,20,863
19/12/2013,21,632
19/12/2013,22,551
19/12/2013,23,379
19/12/2014,0,206
19/12/2014,1,135
19/12/2014,2,46
19/12/2014,3,27
19/12/2014,4,39
19/12/2014,5,122
19/12/2014,6,472
19/12/2014,7,940
19/12/2014,8,1668
19/12/2014,9,1414
19/12/2014,10,829
19/12/2014,11,744
19/12/2014,12,894
19/12/2014,13,976
19/12/2014,14,987
19/12/2014,15,1103
19/12/2014,16,1329
19/12/2014,17,1630
19/12/2014,18,1288
19/12/2014,19,831
19/12/2014,20,532
19/12/2014,21,397
19/12/2014,22,320
19/12/2014,23,271
19/12/2015,0,345
19/12/2015,1,217
19/12/2015,2,141
19/12/2015,3,88
19/12/2015,4,49
19/12/2015,5,50
19/12/2015,6,95
19/12/2015,7,260
19/12/2015,8,536
19/12/2015,9,919
19/12/2015,10,1187
19/12/2015,11,1442
19/12/2015,12,1591
19/12/2015,13,1662
19/12/2015,14,1546
19/12/2015,15,1579
19/12/2015,16,1386
19/12/2015,17,1083
19/12/2015,18,927
19/12/2015,19,812
19/12/2015,20,625
19/12/2015,21,451
19/12/2015,22,418
19/12/2015,23,369
19/12/2017,0,312
19/12/2017,1,159
19/12/2017,2,86
19/12/2017,3,32
19/12/2017,4,73
19/12/2017,5,385
19/12/2017,6,1322
19/12/2017,7,3128
19/12/2017,8,5292
19/12/2017,9,3740
19/12/2017,10,2058
19/12/2017,11,1958
19/12/2017,12,2278
19/12/2017,13,2390
19/12/2017,14,2501
19/12/2017,15,2674
19/12/2017,16,3342
19/12/2017,17,4793
19/12/2017,18,4645
19/12/2017,19,3136
19/12/2017,20,1963
19/12/2017,21,1442
19/12/2017,22,1089
19/12/2017,23,705
20/01/2014,0,115
20/01/2014,1,69
20/01/2014,2,31
20/01/2014,3,24
20/01/2014,4,27
20/01/2014,5,43
20/01/2014,6,180
20/01/2014,7,324
20/01/2014,8,687
20/01/2014,9,770
20/01/2014,10,660
20/01/2014,11,721
20/01/2014,12,915
20/01/2014,13,985
20/01/2014,14,1064
20/01/2014,15,1101
20/01/2014,16,1018
20/01/2014,17,1129
20/01/2014,18,1202
20/01/2014,19,834
20/01/2014,20,591
20/01/2014,21,401
20/01/2014,22,328
20/01/2014,23,188
20/01/2015,0,75
20/01/2015,1,21
20/01/2015,2,25
20/01/2015,3,5
20/01/2015,4,27
20/01/2015,5,141
20/01/2015,6,566
20/01/2015,7,1070
20/01/2015,8,1723
20/01/2015,9,1254
20/01/2015,10,593
20/01/2015,11,548
20/01/2015,12,676
20/01/2015,13,676
20/01/2015,14,730
20/01/2015,15,737
20/01/2015,16,1014
20/01/2015,17,1759
20/01/2015,18,1747
20/01/2015,19,1072
20/01/2015,20,713
20/01/2015,21,457
20/01/2015,22,335
20/01/2015,23,165
20/01/2016,0,93
20/01/2016,1,51
20/01/2016,2,17
20/01/2016,3,10
20/01/2016,4,37
20/01/2016,5,189
20/01/2016,6,739
20/01/2016,7,1422
20/01/2016,8,2764
20/01/2016,9,1850
20/01/2016,10,952
20/01/2016,11,784
20/01/2016,12,899
20/01/2016,13,920
20/01/2016,14,1012
20/01/2016,15,1155
20/01/2016,16,1430
20/01/2016,17,2499
20/01/2016,18,2465
20/01/2016,19,1684
20/01/2016,20,1033
20/01/2016,21,665
20/01/2016,22,489
20/01/2016,23,261
20/01/2018,0,293
20/01/2018,1,192
20/01/2018,2,119
20/01/2018,3,64
20/01/2018,4,60
20/01/2018,5,72
20/01/2018,6,162
20/01/2018,7,383
20/01/2018,8,838
20/01/2018,9,1317
20/01/2018,10,1806
20/01/2018,11,2210
20/01/2018,12,2490
20/01/2018,13,2649
20/01/2018,14,2843
20/01/2018,15,2677
20/01/2018,16,2489
20/01/2018,17,1997
20/01/2018,18,1560
20/01/2018,19,1354
20/01/2018,20,979
20/01/2018,21,756
20/01/2018,22,675
20/01/2018,23,522
20/02/2014,0,69
20/02/2014,1,34
20/02/2014,2,22
20/02/2014,3,7
20/02/2014,4,11
20/02/2014,5,80
20/02/2014,6,295
20/02/2014,7,691
20/02/2014,8,1309
20/02/2014,9,936
20/02/2014,10,489
20/02/2014,11,445
20/02/2014,12,580
20/02/2014,13,634
20/02/2014,14,612
20/02/2014,15,561
20/02/2014,16,772
20/02/2014,17,1178
20/02/2014,18,1220
20/02/2014,19,777
20/02/2014,20,440
20/02/2014,21,249
20/02/2014,22,203
20/02/2014,23,178
20/02/2015,0,42
20/02/2015,1,30
20/02/2015,2,16
20/02/2015,3,6
20/02/2015,4,8
20/02/2015,5,42
20/02/2015,6,142
20/02/2015,7,287
20/02/2015,8,529
20/02/2015,9,454
20/02/2015,10,260
20/02/2015,11,205
20/02/2015,12,255
20/02/2015,13,300
20/02/2015,14,315
20/02/2015,15,350
20/02/2015,16,481
20/02/2015,17,736
20/02/2015,18,647
20/02/2015,19,429
20/02/2015,20,232
20/02/2015,21,157
20/02/2015,22,129
20/02/2015,23,107
20/02/2016,0,274
20/02/2016,1,167
20/02/2016,2,115
20/02/2016,3,80
20/02/2016,4,52
20/02/2016,5,38
20/02/2016,6,132
20/02/2016,7,280
20/02/2016,8,573
20/02/2016,9,991
20/02/2016,10,1273
20/02/2016,11,1634
20/02/2016,12,1985
20/02/2016,13,2135
20/02/2016,14,2102
20/02/2016,15,2322
20/02/2016,16,2575
20/02/2016,17,2234
20/02/2016,18,1557
20/02/2016,19,1279
20/02/2016,20,916
20/02/2016,21,677
20/02/2016,22,578
20/02/2016,23,515
20/02/2018,0,161
20/02/2018,1,85
20/02/2018,2,53
20/02/2018,3,22
20/02/2018,4,59
20/02/2018,5,315
20/02/2018,6,1016
20/02/2018,7,2180
20/02/2018,8,3884
20/02/2018,9,2894
20/02/2018,10,1550
20/02/2018,11,1431
20/02/2018,12,1837
20/02/2018,13,2050
20/02/2018,14,2211
20/02/2018,15,2421
20/02/2018,16,3248
20/02/2018,17,5384
20/02/2018,18,4959
20/02/2018,19,3287
20/02/2018,20,2255
20/02/2018,21,1545
20/02/2018,22,1055
20/02/2018,23,578
20/03/2014,0,32
20/03/2014,1,29
20/03/2014,2,19
20/03/2014,3,10
20/03/2014,4,27
20/03/2014,5,101
20/03/2014,6,501
20/03/2014,7,909
20/03/2014,8,1865
20/03/2014,9,1503
20/03/2014,10,784
20/03/2014,11,693
20/03/2014,12,913
20/03/2014,13,884
20/03/2014,14,940
20/03/2014,15,959
20/03/2014,16,1314
20/03/2014,17,2250
20/03/2014,18,2304
20/03/2014,19,1443
20/03/2014,20,902
20/03/2014,21,606
20/03/2014,22,452
20/03/2014,23,255
20/03/2015,0,141
20/03/2015,1,42
20/03/2015,2,27
20/03/2015,3,19
20/03/2015,4,20
20/03/2015,5,84
20/03/2015,6,400
20/03/2015,7,762
20/03/2015,8,1512
20/03/2015,9,1114
20/03/2015,10,654
20/03/2015,11,512
20/03/2015,12,563
20/03/2015,13,333
20/03/2015,14,280
20/03/2015,15,247
20/03/2015,16,265
20/03/2015,17,354
20/03/2015,18,294
20/03/2015,19,154
20/03/2015,20,94
20/03/2015,21,62
20/03/2015,22,66
20/03/2015,23,53
20/03/2016,0,349
20/03/2016,1,212
20/03/2016,2,136
20/03/2016,3,79
20/03/2016,4,52
20/03/2016,5,36
20/03/2016,6,138
20/03/2016,7,218
20/03/2016,8,487
20/03/2016,9,769
20/03/2016,10,1044
20/03/2016,11,1250
20/03/2016,12,1340
20/03/2016,13,1462
20/03/2016,14,1485
20/03/2016,15,1587
20/03/2016,16,1602
20/03/2016,17,1384
20/03/2016,18,1125
20/03/2016,19,862
20/03/2016,20,513
20/03/2016,21,303
20/03/2016,22,146
20/03/2016,23,99
20/03/2018,0,182
20/03/2018,1,84
20/03/2018,2,37
20/03/2018,3,32
20/03/2018,4,58
20/03/2018,5,328
20/03/2018,6,1126
20/03/2018,7,2378
20/03/2018,8,4642
20/03/2018,9,3106
20/03/2018,10,1478
20/03/2018,11,1198
20/03/2018,12,1429
20/03/2018,13,1443
20/03/2018,14,1438
20/03/2018,15,1640
20/03/2018,16,2162
20/03/2018,17,3542
20/03/2018,18,3481
20/03/2018,19,2243
20/03/2018,20,1406
20/03/2018,21,1009
20/03/2018,22,688
20/03/2018,23,402
20/04/2014,0,324
20/04/2014,1,196
20/04/2014,2,126
20/04/2014,3,49
20/04/2014,4,39
20/04/2014,5,26
20/04/2014,6,85
20/04/2014,7,135
20/04/2014,8,374
20/04/2014,9,702
20/04/2014,10,1136
20/04/2014,11,1390
20/04/2014,12,1647
20/04/2014,13,1768
20/04/2014,14,1701
20/04/2014,15,1781
20/04/2014,16,1632
20/04/2014,17,1479
20/04/2014,18,1270
20/04/2014,19,916
20/04/2014,20,608
20/04/2014,21,480
20/04/2014,22,345
20/04/2014,23,255
20/04/2015,0,122
20/04/2015,1,41
20/04/2015,2,18
20/04/2015,3,15
20/04/2015,4,21
20/04/2015,5,121
20/04/2015,6,487
20/04/2015,7,417
20/04/2015,8,410
20/04/2015,9,151
20/04/2015,10,67
20/04/2015,11,92
20/04/2015,12,87
20/04/2015,13,181
20/04/2015,14,345
20/04/2015,15,471
20/04/2015,16,940
20/04/2015,17,1892
20/04/2015,18,1964
20/04/2015,19,1257
20/04/2015,20,868
20/04/2015,21,581
20/04/2015,22,413
20/04/2015,23,241
20/04/2016,0,210
20/04/2016,1,121
20/04/2016,2,56
20/04/2016,3,38
20/04/2016,4,65
20/04/2016,5,267
20/04/2016,6,1173
20/04/2016,7,2586
20/04/2016,8,4580
20/04/2016,9,3290
20/04/2016,10,1759
20/04/2016,11,1678
20/04/2016,12,1992
20/04/2016,13,1973
20/04/2016,14,2217
20/04/2016,15,2261
20/04/2016,16,2932
20/04/2016,17,4873
20/04/2016,18,4824
20/04/2016,19,3136
20/04/2016,20,1834
20/04/2016,21,1249
20/04/2016,22,882
20/04/2016,23,551
20/04/2017,0,269
20/04/2017,1,123
20/04/2017,2,59
20/04/2017,3,33
20/04/2017,4,57
20/04/2017,5,300
20/04/2017,6,945
20/04/2017,7,718
20/04/2017,8,2129
20/04/2017,9,2878
20/04/2017,10,1873
20/04/2017,11,1799
20/04/2017,12,2240
20/04/2017,13,2318
20/04/2017,14,2607
20/04/2017,15,2830
20/04/2017,16,3472
20/04/2017,17,5391
20/04/2017,18,5271
20/04/2017,19,3345
20/04/2017,20,2190
20/04/2017,21,1545
20/04/2017,22,1176
20/04/2017,23,696
20/04/2018,0,282
20/04/2018,1,159
20/04/2018,2,64
20/04/2018,3,44
20/04/2018,4,54
20/04/2018,5,323
20/04/2018,6,1125
20/04/2018,7,2454
20/04/2018,8,4383
20/04/2018,9,3286
20/04/2018,10,1985
20/04/2018,11,2044
20/04/2018,12,2387
20/04/2018,13,2604
20/04/2018,14,2751
20/04/2018,15,2839
20/04/2018,16,3760
20/04/2018,17,5286
20/04/2018,18,4372
20/04/2018,19,2793
20/04/2018,20,1567
20/04/2018,21,1057
20/04/2018,22,802
20/04/2018,23,631
20/05/2014,0,197
20/05/2014,1,112
20/05/2014,2,57
20/05/2014,3,31
20/05/2014,4,41
20/05/2014,5,212
20/05/2014,6,933
20/05/2014,7,1966
20/05/2014,8,3227
20/05/2014,9,2293
20/05/2014,10,1344
20/05/2014,11,1359
20/05/2014,12,1647
20/05/2014,13,1633
20/05/2014,14,1733
20/05/2014,15,1834
20/05/2014,16,2361
20/05/2014,17,3826
20/05/2014,18,3779
20/05/2014,19,2628
20/05/2014,20,1687
20/05/2014,21,1153
20/05/2014,22,933
20/05/2014,23,581
20/05/2015,0,301
20/05/2015,1,125
20/05/2015,2,77
20/05/2015,3,41
20/05/2015,4,49
20/05/2015,5,250
20/05/2015,6,1039
20/05/2015,7,1987
20/05/2015,8,3366
20/05/2015,9,2257
20/05/2015,10,1296
20/05/2015,11,1259
20/05/2015,12,1425
20/05/2015,13,1548
20/05/2015,14,1730
20/05/2015,15,1709
20/05/2015,16,2193
20/05/2015,17,3576
20/05/2015,18,3575
20/05/2015,19,2441
20/05/2015,20,1411
20/05/2015,21,980
20/05/2015,22,706
20/05/2015,23,482
20/05/2016,0,386
20/05/2016,1,205
20/05/2016,2,99
20/05/2016,3,73
20/05/2016,4,70
20/05/2016,5,250
20/05/2016,6,1122
20/05/2016,7,2531
20/05/2016,8,4577
20/05/2016,9,3446
20/05/2016,10,2276
20/05/2016,11,2324
20/05/2016,12,2765
20/05/2016,13,2903
20/05/2016,14,3143
20/05/2016,15,3327
20/05/2016,16,4200
20/05/2016,17,5597
20/05/2016,18,4749
20/05/2016,19,3252
20/05/2016,20,2063
20/05/2016,21,1347
20/05/2016,22,979
20/05/2016,23,859
20/05/2017,0,777
20/05/2017,1,458
20/05/2017,2,260
20/05/2017,3,161
20/05/2017,4,138
20/05/2017,5,217
20/05/2017,6,397
20/05/2017,7,706
20/05/2017,8,1451
20/05/2017,9,2293
20/05/2017,10,2807
20/05/2017,11,3347
20/05/2017,12,3656
20/05/2017,13,3796
20/05/2017,14,3943
20/05/2017,15,4001
20/05/2017,16,3869
20/05/2017,17,3756
20/05/2017,18,3376
20/05/2017,19,2875
20/05/2017,20,2003
20/05/2017,21,1460
20/05/2017,22,1117
20/05/2017,23,995
20/05/2018,0,534
20/05/2018,1,357
20/05/2018,2,310
20/05/2018,3,196
20/05/2018,4,130
20/05/2018,5,108
20/05/2018,6,179
20/05/2018,7,455
20/05/2018,8,1006
20/05/2018,9,1747
20/05/2018,10,2803
20/05/2018,11,3715
20/05/2018,12,4560
20/05/2018,13,5018
20/05/2018,14,5243
20/05/2018,15,5250
20/05/2018,16,5180
20/05/2018,17,4969
20/05/2018,18,4397
20/05/2018,19,4037
20/05/2018,20,2734
20/05/2018,21,1846
20/05/2018,22,1401
20/05/2018,23,774
20/06/2014,0,404
20/06/2014,1,192
20/06/2014,2,117
20/06/2014,3,67
20/06/2014,4,57
20/06/2014,5,176
20/06/2014,6,811
20/06/2014,7,1684
20/06/2014,8,2909
20/06/2014,9,2372
20/06/2014,10,1456
20/06/2014,11,1416
20/06/2014,12,1671
20/06/2014,13,1786
20/06/2014,14,2009
20/06/2014,15,2162
20/06/2014,16,2632
20/06/2014,17,3347
20/06/2014,18,2900
20/06/2014,19,2095
20/06/2014,20,1562
20/06/2014,21,1091
20/06/2014,22,820
20/06/2014,23,669
20/06/2015,0,513
20/06/2015,1,315
20/06/2015,2,267
20/06/2015,3,176
20/06/2015,4,89
20/06/2015,5,68
20/06/2015,6,190
20/06/2015,7,354
20/06/2015,8,657
20/06/2015,9,1210
20/06/2015,10,1504
20/06/2015,11,1664
20/06/2015,12,1473
20/06/2015,13,1722
20/06/2015,14,1936
20/06/2015,15,2034
20/06/2015,16,1793
20/06/2015,17,1676
20/06/2015,18,1567
20/06/2015,19,1264
20/06/2015,20,1031
20/06/2015,21,719
20/06/2015,22,709
20/06/2015,23,649
20/06/2016,0,366
20/06/2016,1,170
20/06/2016,2,86
20/06/2016,3,53
20/06/2016,4,63
20/06/2016,5,328
20/06/2016,6,1408
20/06/2016,7,2744
20/06/2016,8,4778
20/06/2016,9,3361
20/06/2016,10,1938
20/06/2016,11,1767
20/06/2016,12,2101
20/06/2016,13,2305
20/06/2016,14,2389
20/06/2016,15,2584
20/06/2016,16,3326
20/06/2016,17,5740
20/06/2016,18,5791
20/06/2016,19,4206
20/06/2016,20,2877
20/06/2016,21,1893
20/06/2016,22,1238
20/06/2016,23,735
20/06/2017,0,181
20/06/2017,1,97
20/06/2017,2,49
20/06/2017,3,43
20/06/2017,4,76
20/06/2017,5,520
20/06/2017,6,1912
20/06/2017,7,3802
20/06/2017,8,5345
20/06/2017,9,3874
20/06/2017,10,2263
20/06/2017,11,2302
20/06/2017,12,2711
20/06/2017,13,2761
20/06/2017,14,2895
20/06/2017,15,3132
20/06/2017,16,3972
20/06/2017,17,7183
20/06/2017,18,7350
20/06/2017,19,5113
20/06/2017,20,3706
20/06/2017,21,2502
20/06/2017,22,1786
20/06/2017,23,1098
20/07/2013,0,493
20/07/2013,1,335
20/07/2013,2,210
20/07/2013,3,173
20/07/2013,4,82
20/07/2013,5,52
20/07/2013,6,172
20/07/2013,7,311
20/07/2013,8,606
20/07/2013,9,947
20/07/2013,10,1312
20/07/2013,11,1717
20/07/2013,12,1970
20/07/2013,13,1945
20/07/2013,14,2034
20/07/2013,15,2136
20/07/2013,16,2155
20/07/2013,17,1958
20/07/2013,18,1541
20/07/2013,19,1606
20/07/2013,20,1321
20/07/2013,21,786
20/07/2013,22,754
20/07/2013,23,662
20/07/2014,0,591
20/07/2014,1,375
20/07/2014,2,253
20/07/2014,3,172
20/07/2014,4,106
20/07/2014,5,66
20/07/2014,6,124
20/07/2014,7,243
20/07/2014,8,472
20/07/2014,9,887
20/07/2014,10,1340
20/07/2014,11,1789
20/07/2014,12,2200
20/07/2014,13,2456
20/07/2014,14,2616
20/07/2014,15,2649
20/07/2014,16,2710
20/07/2014,17,2416
20/07/2014,18,2502
20/07/2014,19,2130
20/07/2014,20,1657
20/07/2014,21,1098
20/07/2014,22,892
20/07/2014,23,552
20/07/2015,0,237
20/07/2015,1,113
20/07/2015,2,64
20/07/2015,3,37
20/07/2015,4,41
20/07/2015,5,229
20/07/2015,6,960
20/07/2015,7,1910
20/07/2015,8,3369
20/07/2015,9,2365
20/07/2015,10,1274
20/07/2015,11,1170
20/07/2015,12,1278
20/07/2015,13,1370
20/07/2015,14,1323
20/07/2015,15,1492
20/07/2015,16,2010
20/07/2015,17,3914
20/07/2015,18,4078
20/07/2015,19,2990
20/07/2015,20,2025
20/07/2015,21,1259
20/07/2015,22,843
20/07/2015,23,538
20/07/2016,0,436
20/07/2016,1,219
20/07/2016,2,97
20/07/2016,3,62
20/07/2016,4,79
20/07/2016,5,409
20/07/2016,6,1613
20/07/2016,7,3243
20/07/2016,8,5421
20/07/2016,9,3916
20/07/2016,10,2087
20/07/2016,11,2116
20/07/2016,12,2434
20/07/2016,13,2468
20/07/2016,14,2356
20/07/2016,15,2588
20/07/2016,16,3432
20/07/2016,17,5993
20/07/2016,18,6109
20/07/2016,19,4364
20/07/2016,20,3017
20/07/2016,21,2133
20/07/2016,22,1601
20/07/2016,23,1032
20/07/2017,0,562
20/07/2017,1,225
20/07/2017,2,118
20/07/2017,3,70
20/07/2017,4,107
20/07/2017,5,510
20/07/2017,6,1813
20/07/2017,7,3575
20/07/2017,8,5744
20/07/2017,9,4215
20/07/2017,10,2378
20/07/2017,11,2255
20/07/2017,12,2496
20/07/2017,13,2513
20/07/2017,14,2479
20/07/2017,15,2724
20/07/2017,16,3743
20/07/2017,17,6389
20/07/2017,18,6397
20/07/2017,19,4527
20/07/2017,20,2473
20/07/2017,21,1796
20/07/2017,22,1568
20/07/2017,23,986
20/08/2013,0,270
20/08/2013,1,140
20/08/2013,2,75
20/08/2013,3,38
20/08/2013,4,44
20/08/2013,5,202
20/08/2013,6,842
20/08/2013,7,1809
20/08/2013,8,3147
20/08/2013,9,2258
20/08/2013,10,1169
20/08/2013,11,1165
20/08/2013,12,1562
20/08/2013,13,1571
20/08/2013,14,1581
20/08/2013,15,1620
20/08/2013,16,2184
20/08/2013,17,3765
20/08/2013,18,3969
20/08/2013,19,3046
20/08/2013,20,2056
20/08/2013,21,1424
20/08/2013,22,1162
20/08/2013,23,744
20/08/2014,0,307
20/08/2014,1,124
20/08/2014,2,74
20/08/2014,3,55
20/08/2014,4,42
20/08/2014,5,222
20/08/2014,6,917
20/08/2014,7,1849
20/08/2014,8,3149
20/08/2014,9,2316
20/08/2014,10,1303
20/08/2014,11,1336
20/08/2014,12,1615
20/08/2014,13,1698
20/08/2014,14,1581
20/08/2014,15,1674
20/08/2014,16,2411
20/08/2014,17,3715
20/08/2014,18,3776
20/08/2014,19,2700
20/08/2014,20,1699
20/08/2014,21,1266
20/08/2014,22,1036
20/08/2014,23,667
20/08/2015,0,375
20/08/2015,1,168
20/08/2015,2,89
20/08/2015,3,58
20/08/2015,4,56
20/08/2015,5,232
20/08/2015,6,1005
20/08/2015,7,2025
20/08/2015,8,3758
20/08/2015,9,2733
20/08/2015,10,1482
20/08/2015,11,1445
20/08/2015,12,1710
20/08/2015,13,1701
20/08/2015,14,1778
20/08/2015,15,1854
20/08/2015,16,2483
20/08/2015,17,4116
20/08/2015,18,4377
20/08/2015,19,2892
20/08/2015,20,1858
20/08/2015,21,1318
20/08/2015,22,1070
20/08/2015,23,697
20/08/2016,0,650
20/08/2016,1,419
20/08/2016,2,290
20/08/2016,3,185
20/08/2016,4,140
20/08/2016,5,131
20/08/2016,6,321
20/08/2016,7,799
20/08/2016,8,1577
20/08/2016,9,2665
20/08/2016,10,3766
20/08/2016,11,4210
20/08/2016,12,2851
20/08/2016,13,2672
20/08/2016,14,3317
20/08/2016,15,3375
20/08/2016,16,3606
20/08/2016,17,3392
20/08/2016,18,3133
20/08/2016,19,2724
20/08/2016,20,1922
20/08/2016,21,1510
20/08/2016,22,1181
20/08/2016,23,981
20/08/2017,0,842
20/08/2017,1,544
20/08/2017,2,370
20/08/2017,3,223
20/08/2017,4,139
20/08/2017,5,124
20/08/2017,6,278
20/08/2017,7,669
20/08/2017,8,1161
20/08/2017,9,2078
20/08/2017,10,2998
20/08/2017,11,3688
20/08/2017,12,4276
20/08/2017,13,4531
20/08/2017,14,4516
20/08/2017,15,4756
20/08/2017,16,4801
20/08/2017,17,4611
20/08/2017,18,4547
20/08/2017,19,3756
20/08/2017,20,2709
20/08/2017,21,1733
20/08/2017,22,1267
20/08/2017,23,825
20/09/2013,0,434
20/09/2013,1,193
20/09/2013,2,108
20/09/2013,3,71
20/09/2013,4,69
20/09/2013,5,176
20/09/2013,6,819
20/09/2013,7,1871
20/09/2013,8,3353
20/09/2013,9,2498
20/09/2013,10,1494
20/09/2013,11,1695
20/09/2013,12,1981
20/09/2013,13,2207
20/09/2013,14,2203
20/09/2013,15,2315
20/09/2013,16,3083
20/09/2013,17,4120
20/09/2013,18,3702
20/09/2013,19,2386
20/09/2013,20,1564
20/09/2013,21,1229
20/09/2013,22,973
20/09/2013,23,838
20/09/2014,0,428
20/09/2014,1,318
20/09/2014,2,198
20/09/2014,3,127
20/09/2014,4,64
20/09/2014,5,53
20/09/2014,6,167
20/09/2014,7,396
20/09/2014,8,780
20/09/2014,9,1313
20/09/2014,10,1734
20/09/2014,11,2079
20/09/2014,12,2401
20/09/2014,13,2537
20/09/2014,14,2563
20/09/2014,15,2620
20/09/2014,16,2399
20/09/2014,17,2504
20/09/2014,18,2096
20/09/2014,19,1632
20/09/2014,20,1185
20/09/2014,21,904
20/09/2014,22,768
20/09/2014,23,745
20/09/2015,0,753
20/09/2015,1,474
20/09/2015,2,322
20/09/2015,3,229
20/09/2015,4,132
20/09/2015,5,79
20/09/2015,6,167
20/09/2015,7,396
20/09/2015,8,868
20/09/2015,9,1489
20/09/2015,10,2200
20/09/2015,11,2907
20/09/2015,12,3228
20/09/2015,13,3385
20/09/2015,14,3552
20/09/2015,15,3417
20/09/2015,16,3591
20/09/2015,17,3682
20/09/2015,18,3307
20/09/2015,19,2361
20/09/2015,20,1480
20/09/2015,21,1107
20/09/2015,22,809
20/09/2015,23,527
20/09/2016,0,346
20/09/2016,1,143
20/09/2016,2,85
20/09/2016,3,41
20/09/2016,4,85
20/09/2016,5,448
20/09/2016,6,1723
20/09/2016,7,3955
20/09/2016,8,6329
20/09/2016,9,4395
20/09/2016,10,2572
20/09/2016,11,2372
20/09/2016,12,2754
20/09/2016,13,2835
20/09/2016,14,3013
20/09/2016,15,3193
20/09/2016,16,4153
20/09/2016,17,7021
20/09/2016,18,7220
20/09/2016,19,4691
20/09/2016,20,2979
20/09/2016,21,2196
20/09/2016,22,1481
20/09/2016,23,861
20/09/2017,0,421
20/09/2017,1,198
20/09/2017,2,92
20/09/2017,3,45
20/09/2017,4,94
20/09/2017,5,543
20/09/2017,6,2002
20/09/2017,7,4468
20/09/2017,8,7149
20/09/2017,9,4724
20/09/2017,10,2709
20/09/2017,11,2535
20/09/2017,12,2937
20/09/2017,13,3205
20/09/2017,14,3391
20/09/2017,15,3691
20/09/2017,16,4747
20/09/2017,17,7446
20/09/2017,18,7605
20/09/2017,19,4887
20/09/2017,20,3147
20/09/2017,21,2375
20/09/2017,22,1684
20/09/2017,23,1055
20/10/2013,0,504
20/10/2013,1,432
20/10/2013,2,236
20/10/2013,3,148
20/10/2013,4,81
20/10/2013,5,47
20/10/2013,6,90
20/10/2013,7,257
20/10/2013,8,585
20/10/2013,9,1046
20/10/2013,10,1515
20/10/2013,11,2031
20/10/2013,12,2322
20/10/2013,13,2557
20/10/2013,14,2552
20/10/2013,15,2626
20/10/2013,16,2784
20/10/2013,17,2747
20/10/2013,18,2232
20/10/2013,19,1558
20/10/2013,20,1100
20/10/2013,21,813
20/10/2013,22,594
20/10/2013,23,399
20/10/2014,0,107
20/10/2014,1,58
20/10/2014,2,38
20/10/2014,3,17
20/10/2014,4,40
20/10/2014,5,180
20/10/2014,6,736
20/10/2014,7,1462
20/10/2014,8,2596
20/10/2014,9,1940
20/10/2014,10,1070
20/10/2014,11,977
20/10/2014,12,1269
20/10/2014,13,1257
20/10/2014,14,1312
20/10/2014,15,1528
20/10/2014,16,1934
20/10/2014,17,3163
20/10/2014,18,3110
20/10/2014,19,1951
20/10/2014,20,1278
20/10/2014,21,872
20/10/2014,22,662
20/10/2014,23,357
20/10/2015,0,200
20/10/2015,1,108
20/10/2015,2,47
20/10/2015,3,33
20/10/2015,4,51
20/10/2015,5,289
20/10/2015,6,1191
20/10/2015,7,2558
20/10/2015,8,4720
20/10/2015,9,3275
20/10/2015,10,1742
20/10/2015,11,1555
20/10/2015,12,1826
20/10/2015,13,1996
20/10/2015,14,2104
20/10/2015,15,2338
20/10/2015,16,3076
20/10/2015,17,5246
20/10/2015,18,4806
20/10/2015,19,3105
20/10/2015,20,2105
20/10/2015,21,1407
20/10/2015,22,1003
20/10/2015,23,595
20/10/2017,0,593
20/10/2017,1,273
20/10/2017,2,129
20/10/2017,3,78
20/10/2017,4,94
20/10/2017,5,441
20/10/2017,6,1660
20/10/2017,7,3807
20/10/2017,8,6799
20/10/2017,9,5039
20/10/2017,10,3066
20/10/2017,11,3049
20/10/2017,12,3619
20/10/2017,13,3815
20/10/2017,14,4073
20/10/2017,15,4526
20/10/2017,16,5826
20/10/2017,17,7830
20/10/2017,18,6312
20/10/2017,19,3920
20/10/2017,20,2654
20/10/2017,21,1946
20/10/2017,22,1409
20/10/2017,23,1215
20/11/2013,0,166
20/11/2013,1,84
20/11/2013,2,35
20/11/2013,3,16
20/11/2013,4,34
20/11/2013,5,148
20/11/2013,6,727
20/11/2013,7,1500
20/11/2013,8,2744
20/11/2013,9,2118
20/11/2013,10,1028
20/11/2013,11,1025
20/11/2013,12,1134
20/11/2013,13,1195
20/11/2013,14,1214
20/11/2013,15,1327
20/11/2013,16,1708
20/11/2013,17,2588
20/11/2013,18,2680
20/11/2013,19,1752
20/11/2013,20,1135
20/11/2013,21,881
20/11/2013,22,618
20/11/2013,23,372
20/11/2014,0,111
20/11/2014,1,55
20/11/2014,2,32
20/11/2014,3,24
20/11/2014,4,34
20/11/2014,5,121
20/11/2014,6,562
20/11/2014,7,1261
20/11/2014,8,2131
20/11/2014,9,1645
20/11/2014,10,861
20/11/2014,11,812
20/11/2014,12,925
20/11/2014,13,1008
20/11/2014,14,996
20/11/2014,15,1091
20/11/2014,16,1317
20/11/2014,17,2095
20/11/2014,18,1943
20/11/2014,19,1317
20/11/2014,20,858
20/11/2014,21,605
20/11/2014,22,492
20/11/2014,23,315
20/11/2015,0,216
20/11/2015,1,155
20/11/2015,2,105
20/11/2015,3,48
20/11/2015,4,58
20/11/2015,5,254
20/11/2015,6,1027
20/11/2015,7,2143
20/11/2015,8,3543
20/11/2015,9,2609
20/11/2015,10,1581
20/11/2015,11,1606
20/11/2015,12,1945
20/11/2015,13,2120
20/11/2015,14,2220
20/11/2015,15,2397
20/11/2015,16,3051
20/11/2015,17,4110
20/11/2015,18,3297
20/11/2015,19,2095
20/11/2015,20,1340
20/11/2015,21,935
20/11/2015,22,782
20/11/2015,23,568
20/11/2017,0,185
20/11/2017,1,102
20/11/2017,2,45
20/11/2017,3,30
20/11/2017,4,72
20/11/2017,5,379
20/11/2017,6,1339
20/11/2017,7,2903
20/11/2017,8,4960
20/11/2017,9,3321
20/11/2017,10,1699
20/11/2017,11,1601
20/11/2017,12,1887
20/11/2017,13,1964
20/11/2017,14,2165
20/11/2017,15,2317
20/11/2017,16,2911
20/11/2017,17,4692
20/11/2017,18,4678
20/11/2017,19,3048
20/11/2017,20,2040
20/11/2017,21,1329
20/11/2017,22,929
20/11/2017,23,525
20/12/2013,0,304
20/12/2013,1,139
20/12/2013,2,88
20/12/2013,3,45
20/12/2013,4,48
20/12/2013,5,133
20/12/2013,6,429
20/12/2013,7,965
20/12/2013,8,1940
20/12/2013,9,1721
20/12/2013,10,986
20/12/2013,11,940
20/12/2013,12,1170
20/12/2013,13,1269
20/12/2013,14,1290
20/12/2013,15,1451
20/12/2013,16,1691
20/12/2013,17,2108
20/12/2013,18,1775
20/12/2013,19,1277
20/12/2013,20,860
20/12/2013,21,542
20/12/2013,22,485
20/12/2013,23,410
20/12/2014,0,184
20/12/2014,1,130
20/12/2014,2,76
20/12/2014,3,41
20/12/2014,4,36
20/12/2014,5,27
20/12/2014,6,72
20/12/2014,7,97
20/12/2014,8,295
20/12/2014,9,463
20/12/2014,10,616
20/12/2014,11,730
20/12/2014,12,803
20/12/2014,13,803
20/12/2014,14,820
20/12/2014,15,842
20/12/2014,16,844
20/12/2014,17,659
20/12/2014,18,532
20/12/2014,19,447
20/12/2014,20,344
20/12/2014,21,254
20/12/2014,22,241
20/12/2014,23,226
20/12/2015,0,292
20/12/2015,1,227
20/12/2015,2,145
20/12/2015,3,97
20/12/2015,4,66
20/12/2015,5,42
20/12/2015,6,59
20/12/2015,7,177
20/12/2015,8,391
20/12/2015,9,674
20/12/2015,10,1043
20/12/2015,11,1312
20/12/2015,12,1508
20/12/2015,13,1524
20/12/2015,14,1560
20/12/2015,15,1603
20/12/2015,16,1458
20/12/2015,17,1289
20/12/2015,18,969
20/12/2015,19,800
20/12/2015,20,628
20/12/2015,21,532
20/12/2015,22,396
20/12/2015,23,238
20/12/2017,0,359
20/12/2017,1,199
20/12/2017,2,98
20/12/2017,3,59
20/12/2017,4,76
20/12/2017,5,361
20/12/2017,6,1233
20/12/2017,7,2628
20/12/2017,8,4616
20/12/2017,9,3330
20/12/2017,10,1808
20/12/2017,11,1685
20/12/2017,12,1998
20/12/2017,13,2054
20/12/2017,14,2178
20/12/2017,15,2227
20/12/2017,16,2738
20/12/2017,17,3891
20/12/2017,18,3602
20/12/2017,19,2396
20/12/2017,20,1517
20/12/2017,21,1072
20/12/2017,22,800
20/12/2017,23,538
21/01/2014,0,75
21/01/2014,1,32
21/01/2014,2,16
21/01/2014,3,7
21/01/2014,4,24
21/01/2014,5,110
21/01/2014,6,393
21/01/2014,7,854
21/01/2014,8,874
21/01/2014,9,368
21/01/2014,10,152
21/01/2014,11,96
21/01/2014,12,78
21/01/2014,13,92
21/01/2014,14,67
21/01/2014,15,88
21/01/2014,16,92
21/01/2014,17,92
21/01/2014,18,105
21/01/2014,19,65
21/01/2014,20,49
21/01/2014,21,28
21/01/2014,22,26
21/01/2014,23,21
21/01/2015,0,76
21/01/2015,1,39
21/01/2015,2,23
21/01/2015,3,14
21/01/2015,4,21
21/01/2015,5,133
21/01/2015,6,539
21/01/2015,7,1038
21/01/2015,8,1770
21/01/2015,9,1266
21/01/2015,10,591
21/01/2015,11,503
21/01/2015,12,561
21/01/2015,13,645
21/01/2015,14,693
21/01/2015,15,710
21/01/2015,16,942
21/01/2015,17,1578
21/01/2015,18,1556
21/01/2015,19,991
21/01/2015,20,636
21/01/2015,21,438
21/01/2015,22,307
21/01/2015,23,164
21/01/2016,0,137
21/01/2016,1,65
21/01/2016,2,27
21/01/2016,3,25
21/01/2016,4,43
21/01/2016,5,193
21/01/2016,6,767
21/01/2016,7,1484
21/01/2016,8,2820
21/01/2016,9,1964
21/01/2016,10,959
21/01/2016,11,873
21/01/2016,12,908
21/01/2016,13,987
21/01/2016,14,1112
21/01/2016,15,1195
21/01/2016,16,1431
21/01/2016,17,2464
21/01/2016,18,2337
21/01/2016,19,1556
21/01/2016,20,973
21/01/2016,21,639
21/01/2016,22,436
21/01/2016,23,277
21/01/2018,0,385
21/01/2018,1,270
21/01/2018,2,174
21/01/2018,3,102
21/01/2018,4,64
21/01/2018,5,47
21/01/2018,6,132
21/01/2018,7,361
21/01/2018,8,641
21/01/2018,9,1167
21/01/2018,10,1670
21/01/2018,11,2141
21/01/2018,12,2510
21/01/2018,13,2719
21/01/2018,14,2881
21/01/2018,15,2731
21/01/2018,16,2411
21/01/2018,17,1830
21/01/2018,18,1755
21/01/2018,19,1184
21/01/2018,20,961
21/01/2018,21,865
21/01/2018,22,576
21/01/2018,23,331
21/02/2014,0,90
21/02/2014,1,48
21/02/2014,2,33
21/02/2014,3,15
21/02/2014,4,23
21/02/2014,5,74
21/02/2014,6,223
21/02/2014,7,422
21/02/2014,8,725
21/02/2014,9,658
21/02/2014,10,352
21/02/2014,11,319
21/02/2014,12,468
21/02/2014,13,483
21/02/2014,14,508
21/02/2014,15,258
21/02/2014,16,506
21/02/2014,17,859
21/02/2014,18,841
21/02/2014,19,649
21/02/2014,20,421
21/02/2014,21,304
21/02/2014,22,227
21/02/2014,23,174
21/02/2015,0,67
21/02/2015,1,43
21/02/2015,2,31
21/02/2015,3,18
21/02/2015,4,16
21/02/2015,5,15
21/02/2015,6,41
21/02/2015,7,77
21/02/2015,8,176
21/02/2015,9,295
21/02/2015,10,361
21/02/2015,11,422
21/02/2015,12,465
21/02/2015,13,473
21/02/2015,14,172
21/02/2015,15,106
21/02/2015,16,101
21/02/2015,17,66
21/02/2015,18,69
21/02/2015,19,41
21/02/2015,20,40
21/02/2015,21,15
21/02/2015,22,20
21/02/2015,23,27
21/02/2016,0,367
21/02/2016,1,282
21/02/2016,2,179
21/02/2016,3,112
21/02/2016,4,59
21/02/2016,5,39
21/02/2016,6,106
21/02/2016,7,219
21/02/2016,8,520
21/02/2016,9,845
21/02/2016,10,1298
21/02/2016,11,1644
21/02/2016,12,1890
21/02/2016,13,2000
21/02/2016,14,2125
21/02/2016,15,2089
21/02/2016,16,2060
21/02/2016,17,1617
21/02/2016,18,837
21/02/2016,19,687
21/02/2016,20,466
21/02/2016,21,242
21/02/2016,22,182
21/02/2016,23,187
21/02/2018,0,278
21/02/2018,1,130
21/02/2018,2,87
21/02/2018,3,38
21/02/2018,4,62
21/02/2018,5,389
21/02/2018,6,1316
21/02/2018,7,2792
21/02/2018,8,5050
21/02/2018,9,3629
21/02/2018,10,2059
21/02/2018,11,2006
21/02/2018,12,2478
21/02/2018,13,2767
21/02/2018,14,2878
21/02/2018,15,3167
21/02/2018,16,3906
21/02/2018,17,6262
21/02/2018,18,5379
21/02/2018,19,3499
21/02/2018,20,2210
21/02/2018,21,1133
21/02/2018,22,961
21/02/2018,23,639
21/03/2014,0,138
21/03/2014,1,81
21/03/2014,2,40
21/03/2014,3,29
21/03/2014,4,30
21/03/2014,5,122
21/03/2014,6,463
21/03/2014,7,990
21/03/2014,8,2032
21/03/2014,9,1513
21/03/2014,10,846
21/03/2014,11,799
21/03/2014,12,931
21/03/2014,13,974
21/03/2014,14,1097
21/03/2014,15,1147
21/03/2014,16,1614
21/03/2014,17,2388
21/03/2014,18,2095
21/03/2014,19,1320
21/03/2014,20,760
21/03/2014,21,537
21/03/2014,22,420
21/03/2014,23,352
21/03/2015,0,53
21/03/2015,1,30
21/03/2015,2,28
21/03/2015,3,14
21/03/2015,4,15
21/03/2015,5,20
21/03/2015,6,32
21/03/2015,7,57
21/03/2015,8,157
21/03/2015,9,231
21/03/2015,10,417
21/03/2015,11,541
21/03/2015,12,757
21/03/2015,13,814
21/03/2015,14,835
21/03/2015,15,908
21/03/2015,16,916
21/03/2015,17,913
21/03/2015,18,746
21/03/2015,19,600
21/03/2015,20,377
21/03/2015,21,322
21/03/2015,22,273
21/03/2015,23,282
21/03/2016,0,54
21/03/2016,1,30
21/03/2016,2,14
21/03/2016,3,13
21/03/2016,4,24
21/03/2016,5,126
21/03/2016,6,502
21/03/2016,7,1157
21/03/2016,8,2421
21/03/2016,9,1981
21/03/2016,10,1049
21/03/2016,11,995
21/03/2016,12,1147
21/03/2016,13,1232
21/03/2016,14,1327
21/03/2016,15,1365
21/03/2016,16,1873
21/03/2016,17,3122
21/03/2016,18,3236
21/03/2016,19,1966
21/03/2016,20,1187
21/03/2016,21,829
21/03/2016,22,502
21/03/2016,23,262
21/03/2018,0,224
21/03/2018,1,110
21/03/2018,2,62
21/03/2018,3,51
21/03/2018,4,51
21/03/2018,5,241
21/03/2018,6,602
21/03/2018,7,715
21/03/2018,8,843
21/03/2018,9,338
21/03/2018,10,125
21/03/2018,11,157
21/03/2018,12,219
21/03/2018,13,17
21/04/2014,0,112
21/04/2014,1,58
21/04/2014,2,30
21/04/2014,3,20
21/04/2014,4,27
21/04/2014,5,133
21/04/2014,6,590
21/04/2014,7,1188
21/04/2014,8,2462
21/04/2014,9,1805
21/04/2014,10,998
21/04/2014,11,1017
21/04/2014,12,1190
21/04/2014,13,1335
21/04/2014,14,1364
21/04/2014,15,1330
21/04/2014,16,1847
21/04/2014,17,3235
21/04/2014,18,3368
21/04/2014,19,2214
21/04/2014,20,1270
21/04/2014,21,737
21/04/2014,22,493
21/04/2014,23,301
21/04/2015,0,107
21/04/2015,1,52
21/04/2015,2,12
21/04/2015,3,6
21/04/2015,4,13
21/04/2015,5,101
21/04/2015,6,536
21/04/2015,7,1382
21/04/2015,8,1965
21/04/2015,9,1100
21/04/2015,10,1009
21/04/2015,11,1023
21/04/2015,12,1200
21/04/2015,13,1306
21/04/2015,14,1340
21/04/2015,15,1362
21/04/2015,16,1795
21/04/2015,17,2880
21/04/2015,18,2819
21/04/2015,19,1931
21/04/2015,20,1196
21/04/2015,21,791
21/04/2015,22,618
21/04/2015,23,324
21/04/2016,0,272
21/04/2016,1,110
21/04/2016,2,50
21/04/2016,3,35
21/04/2016,4,58
21/04/2016,5,233
21/04/2016,6,1158
21/04/2016,7,2442
21/04/2016,8,4562
21/04/2016,9,3271
21/04/2016,10,1791
21/04/2016,11,1775
21/04/2016,12,1945
21/04/2016,13,2075
21/04/2016,14,2270
21/04/2016,15,2326
21/04/2016,16,2978
21/04/2016,17,4808
21/04/2016,18,4934
21/04/2016,19,3236
21/04/2016,20,2017
21/04/2016,21,1396
21/04/2016,22,1113
21/04/2016,23,715
21/04/2017,0,309
21/04/2017,1,44
21/04/2017,2,65
21/04/2017,3,33
21/04/2017,4,51
21/04/2017,5,279
21/04/2017,6,776
21/04/2017,7,1014
21/04/2017,8,2336
21/04/2017,9,3005
21/04/2017,10,1825
21/04/2017,11,1734
21/04/2017,12,2095
21/04/2017,13,2208
21/04/2017,14,2535
21/04/2017,15,2612
21/04/2017,16,3405
21/04/2017,17,4951
21/04/2017,18,3970
21/04/2017,19,2558
21/04/2017,20,1633
21/04/2017,21,1030
21/04/2017,22,788
21/04/2017,23,612
21/04/2018,0,466
21/04/2018,1,312
21/04/2018,2,171
21/04/2018,3,100
21/04/2018,4,78
21/04/2018,5,90
21/04/2018,6,298
21/04/2018,7,729
21/04/2018,8,1383
21/04/2018,9,2403
21/04/2018,10,3505
21/04/2018,11,4331
21/04/2018,12,5416
21/04/2018,13,6063
21/04/2018,14,6395
21/04/2018,15,6132
21/04/2018,16,5990
21/04/2018,17,5606
21/04/2018,18,4790
21/04/2018,19,3428
21/04/2018,20,2180
21/04/2018,21,1530
21/04/2018,22,1229
21/04/2018,23,974
21/05/2014,0,275
21/05/2014,1,158
21/05/2014,2,68
21/05/2014,3,48
21/05/2014,4,50
21/05/2014,5,227
21/05/2014,6,948
21/05/2014,7,1907
21/05/2014,8,3298
21/05/2014,9,2362
21/05/2014,10,1258
21/05/2014,11,1265
21/05/2014,12,1564
21/05/2014,13,1618
21/05/2014,14,1510
21/05/2014,15,1777
21/05/2014,16,2214
21/05/2014,17,3563
21/05/2014,18,3641
21/05/2014,19,2473
21/05/2014,20,1659
21/05/2014,21,1136
21/05/2014,22,881
21/05/2014,23,520
21/05/2015,0,232
21/05/2015,1,108
21/05/2015,2,63
21/05/2015,3,27
21/05/2015,4,43
21/05/2015,5,197
21/05/2015,6,894
21/05/2015,7,1881
21/05/2015,8,3142
21/05/2015,9,2333
21/05/2015,10,1295
21/05/2015,11,1118
21/05/2015,12,1372
21/05/2015,13,1437
21/05/2015,14,1569
21/05/2015,15,1587
21/05/2015,16,2132
21/05/2015,17,3243
21/05/2015,18,3096
21/05/2015,19,2063
21/05/2015,20,1376
21/05/2015,21,890
21/05/2015,22,654
21/05/2015,23,462
21/05/2016,0,578
21/05/2016,1,378
21/05/2016,2,227
21/05/2016,3,142
21/05/2016,4,99
21/05/2016,5,159
21/05/2016,6,253
21/05/2016,7,518
21/05/2016,8,950
21/05/2016,9,1539
21/05/2016,10,2114
21/05/2016,11,2492
21/05/2016,12,2927
21/05/2016,13,2926
21/05/2016,14,2570
21/05/2016,15,2616
21/05/2016,16,2616
21/05/2016,17,2646
21/05/2016,18,1786
21/05/2016,19,535
21/05/2016,20,748
21/05/2016,21,712
21/05/2016,22,523
21/05/2016,23,465
21/05/2017,0,699
21/05/2017,1,400
21/05/2017,2,263
21/05/2017,3,186
21/05/2017,4,117
21/05/2017,5,99
21/05/2017,6,243
21/05/2017,7,513
21/05/2017,8,1130
21/05/2017,9,2089
21/05/2017,10,2981
21/05/2017,11,3952
21/05/2017,12,4661
21/05/2017,13,5037
21/05/2017,14,5136
21/05/2017,15,5084
21/05/2017,16,5008
21/05/2017,17,4967
21/05/2017,18,4293
21/05/2017,19,3055
21/05/2017,20,2048
21/05/2017,21,1331
21/05/2017,22,962
21/05/2017,23,620
21/05/2018,0,451
21/05/2018,1,193
21/05/2018,2,118
21/05/2018,3,101
21/05/2018,4,109
21/05/2018,5,542
21/05/2018,6,1790
21/05/2018,7,3895
21/05/2018,8,6524
21/05/2018,9,4451
21/05/2018,10,2650
21/05/2018,11,2794
21/05/2018,12,3157
21/05/2018,13,3248
21/05/2018,14,3430
21/05/2018,15,3832
21/05/2018,16,4837
21/05/2018,17,8010
21/05/2018,18,7871
21/05/2018,19,5360
21/05/2018,20,3437
21/05/2018,21,2186
21/05/2018,22,1398
21/05/2018,23,836
21/06/2014,0,495
21/06/2014,1,358
21/06/2014,2,179
21/06/2014,3,96
21/06/2014,4,76
21/06/2014,5,71
21/06/2014,6,170
21/06/2014,7,364
21/06/2014,8,786
21/06/2014,9,1310
21/06/2014,10,1739
21/06/2014,11,2036
21/06/2014,12,2269
21/06/2014,13,2271
21/06/2014,14,2512
21/06/2014,15,2432
21/06/2014,16,2299
21/06/2014,17,2608
21/06/2014,18,2192
21/06/2014,19,1990
21/06/2014,20,1496
21/06/2014,21,1064
21/06/2014,22,802
21/06/2014,23,673
21/06/2015,0,406
21/06/2015,1,176
21/06/2015,2,70
21/06/2015,3,76
21/06/2015,4,45
21/06/2015,5,28
21/06/2015,6,53
21/06/2015,7,158
21/06/2015,8,357
21/06/2015,9,773
21/06/2015,10,1221
21/06/2015,11,1655
21/06/2015,12,1961
21/06/2015,13,2209
21/06/2015,14,2273
21/06/2015,15,2380
21/06/2015,16,2465
21/06/2015,17,2409
21/06/2015,18,1682
21/06/2015,19,1594
21/06/2015,20,1516
21/06/2015,21,1081
21/06/2015,22,776
21/06/2015,23,562
21/06/2016,0,362
21/06/2016,1,189
21/06/2016,2,82
21/06/2016,3,67
21/06/2016,4,76
21/06/2016,5,369
21/06/2016,6,1235
21/06/2016,7,2660
21/06/2016,8,5115
21/06/2016,9,3823
21/06/2016,10,2084
21/06/2016,11,1951
21/06/2016,12,2162
21/06/2016,13,2374
21/06/2016,14,2342
21/06/2016,15,2464
21/06/2016,16,3319
21/06/2016,17,5649
21/06/2016,18,5975
21/06/2016,19,4078
21/06/2016,20,3024
21/06/2016,21,1797
21/06/2016,22,1280
21/06/2016,23,1087
21/06/2017,0,496
21/06/2017,1,244
21/06/2017,2,126
21/06/2017,3,91
21/06/2017,4,95
21/06/2017,5,544
21/06/2017,6,1939
21/06/2017,7,3843
21/06/2017,8,6270
21/06/2017,9,4386
21/06/2017,10,2476
21/06/2017,11,2441
21/06/2017,12,2834
21/06/2017,13,2780
21/06/2017,14,2909
21/06/2017,15,3220
21/06/2017,16,4084
21/06/2017,17,6992
21/06/2017,18,7206
21/06/2017,19,4938
21/06/2017,20,3681
21/06/2017,21,2536
21/06/2017,22,1927
21/06/2017,23,1160
21/07/2013,0,525
21/07/2013,1,423
21/07/2013,2,242
21/07/2013,3,171
21/07/2013,4,89
21/07/2013,5,54
21/07/2013,6,141
21/07/2013,7,224
21/07/2013,8,520
21/07/2013,9,892
21/07/2013,10,1339
21/07/2013,11,1742
21/07/2013,12,2085
21/07/2013,13,2349
21/07/2013,14,2419
21/07/2013,15,2473
21/07/2013,16,2622
21/07/2013,17,2668
21/07/2013,18,2570
21/07/2013,19,2121
21/07/2013,20,1838
21/07/2013,21,1234
21/07/2013,22,951
21/07/2013,23,605
21/07/2014,0,269
21/07/2014,1,150
21/07/2014,2,78
21/07/2014,3,43
21/07/2014,4,45
21/07/2014,5,218
21/07/2014,6,909
21/07/2014,7,1808
21/07/2014,8,3130
21/07/2014,9,2334
21/07/2014,10,1201
21/07/2014,11,1176
21/07/2014,12,1460
21/07/2014,13,1568
21/07/2014,14,1483
21/07/2014,15,1631
21/07/2014,16,2213
21/07/2014,17,3891
21/07/2014,18,4162
21/07/2014,19,3021
21/07/2014,20,2041
21/07/2014,21,1324
21/07/2014,22,970
21/07/2014,23,545
21/07/2015,0,306
21/07/2015,1,138
21/07/2015,2,49
21/07/2015,3,37
21/07/2015,4,49
21/07/2015,5,303
21/07/2015,6,1095
21/07/2015,7,2111
21/07/2015,8,3712
21/07/2015,9,2661
21/07/2015,10,1436
21/07/2015,11,1335
21/07/2015,12,1528
21/07/2015,13,1575
21/07/2015,14,1640
21/07/2015,15,1718
21/07/2015,16,2306
21/07/2015,17,4223
21/07/2015,18,4370
21/07/2015,19,2966
21/07/2015,20,1986
21/07/2015,21,1278
21/07/2015,22,1026
21/07/2015,23,651
21/07/2016,0,453
21/07/2016,1,217
21/07/2016,2,119
21/07/2016,3,77
21/07/2016,4,69
21/07/2016,5,395
21/07/2016,6,1541
21/07/2016,7,3044
21/07/2016,8,5276
21/07/2016,9,3826
21/07/2016,10,2185
21/07/2016,11,1956
21/07/2016,12,2211
21/07/2016,13,2433
21/07/2016,14,2355
21/07/2016,15,2479
21/07/2016,16,3184
21/07/2016,17,5505
21/07/2016,18,5765
21/07/2016,19,4153
21/07/2016,20,2852
21/07/2016,21,2028
21/07/2016,22,1567
21/07/2016,23,1152
21/07/2017,0,637
21/07/2017,1,326
21/07/2017,2,173
21/07/2017,3,95
21/07/2017,4,87
21/07/2017,5,448
21/07/2017,6,1584
21/07/2017,7,3217
21/07/2017,8,5317
21/07/2017,9,4023
21/07/2017,10,2418
21/07/2017,11,2435
21/07/2017,12,2780
21/07/2017,13,3176
21/07/2017,14,3230
21/07/2017,15,3588
21/07/2017,16,4411
21/07/2017,17,5779
21/07/2017,18,5167
21/07/2017,19,3878
21/07/2017,20,2695
21/07/2017,21,1885
21/07/2017,22,1547
21/07/2017,23,1176
21/08/2013,0,334
21/08/2013,1,168
21/08/2013,2,92
21/08/2013,3,64
21/08/2013,4,44
21/08/2013,5,195
21/08/2013,6,827
21/08/2013,7,1716
21/08/2013,8,3173
21/08/2013,9,2309
21/08/2013,10,1262
21/08/2013,11,1284
21/08/2013,12,1644
21/08/2013,13,1747
21/08/2013,14,1626
21/08/2013,15,1715
21/08/2013,16,2202
21/08/2013,17,3737
21/08/2013,18,3864
21/08/2013,19,2918
21/08/2013,20,2071
21/08/2013,21,1421
21/08/2013,22,1166
21/08/2013,23,736
21/08/2014,0,323
21/08/2014,1,155
21/08/2014,2,96
21/08/2014,3,39
21/08/2014,4,54
21/08/2014,5,141
21/08/2014,6,781
21/08/2014,7,1682
21/08/2014,8,3032
21/08/2014,9,2367
21/08/2014,10,1412
21/08/2014,11,1339
21/08/2014,12,1502
21/08/2014,13,1585
21/08/2014,14,1597
21/08/2014,15,1731
21/08/2014,16,2199
21/08/2014,17,3511
21/08/2014,18,3714
21/08/2014,19,2621
21/08/2014,20,1767
21/08/2014,21,1194
21/08/2014,22,833
21/08/2014,23,129
21/08/2015,0,273
21/08/2015,1,96
21/08/2015,2,36
21/08/2015,3,16
21/08/2015,4,34
21/08/2015,5,170
21/08/2015,6,743
21/08/2015,7,1714
21/08/2015,8,3220
21/08/2015,9,2602
21/08/2015,10,1626
21/08/2015,11,1499
21/08/2015,12,1979
21/08/2015,13,2120
21/08/2015,14,2252
21/08/2015,15,2504
21/08/2015,16,3131
21/08/2015,17,3734
21/08/2015,18,3405
21/08/2015,19,2448
21/08/2015,20,1577
21/08/2015,21,1178
21/08/2015,22,864
21/08/2015,23,817
21/08/2016,0,773
21/08/2016,1,516
21/08/2016,2,329
21/08/2016,3,184
21/08/2016,4,135
21/08/2016,5,86
21/08/2016,6,232
21/08/2016,7,451
21/08/2016,8,750
21/08/2016,9,1482
21/08/2016,10,2258
21/08/2016,11,2813
21/08/2016,12,3275
21/08/2016,13,3542
21/08/2016,14,3601
21/08/2016,15,3680
21/08/2016,16,3433
21/08/2016,17,2510
21/08/2016,18,989
21/08/2016,19,832
21/08/2016,20,953
21/08/2016,21,957
21/08/2016,22,781
21/08/2016,23,489
21/08/2017,0,423
21/08/2017,1,203
21/08/2017,2,116
21/08/2017,3,57
21/08/2017,4,100
21/08/2017,5,382
21/08/2017,6,1655
21/08/2017,7,3223
21/08/2017,8,5294
21/08/2017,9,3802
21/08/2017,10,2203
21/08/2017,11,2205
21/08/2017,12,2817
21/08/2017,13,3140
21/08/2017,14,2931
21/08/2017,15,3184
21/08/2017,16,3722
21/08/2017,17,6727
21/08/2017,18,6908
21/08/2017,19,4864
21/08/2017,20,3144
21/08/2017,21,1940
21/08/2017,22,1350
21/08/2017,23,669
21/09/2013,0,625
21/09/2013,1,404
21/09/2013,2,248
21/09/2013,3,190
21/09/2013,4,100
21/09/2013,5,78
21/09/2013,6,166
21/09/2013,7,403
21/09/2013,8,821
21/09/2013,9,1288
21/09/2013,10,1774
21/09/2013,11,2151
21/09/2013,12,2412
21/09/2013,13,2484
21/09/2013,14,2761
21/09/2013,15,2782
21/09/2013,16,2850
21/09/2013,17,2824
21/09/2013,18,2460
21/09/2013,19,1853
21/09/2013,20,1260
21/09/2013,21,985
21/09/2013,22,640
21/09/2013,23,267
21/09/2014,0,548
21/09/2014,1,201
21/09/2014,2,188
21/09/2014,3,105
21/09/2014,4,83
21/09/2014,5,51
21/09/2014,6,119
21/09/2014,7,224
21/09/2014,8,519
21/09/2014,9,1062
21/09/2014,10,1496
21/09/2014,11,1784
21/09/2014,12,2074
21/09/2014,13,2031
21/09/2014,14,2188
21/09/2014,15,2076
21/09/2014,16,2402
21/09/2014,17,2200
21/09/2014,18,2105
21/09/2014,19,1592
21/09/2014,20,1199
21/09/2014,21,812
21/09/2014,22,610
21/09/2014,23,411
21/09/2015,0,275
21/09/2015,1,108
21/09/2015,2,70
21/09/2015,3,32
21/09/2015,4,53
21/09/2015,5,283
21/09/2015,6,1222
21/09/2015,7,2814
21/09/2015,8,4721
21/09/2015,9,3321
21/09/2015,10,1738
21/09/2015,11,1695
21/09/2015,12,1890
21/09/2015,13,2068
21/09/2015,14,2232
21/09/2015,15,2360
21/09/2015,16,3167
21/09/2015,17,5354
21/09/2015,18,5223
21/09/2015,19,3269
21/09/2015,20,2154
21/09/2015,21,1519
21/09/2015,22,984
21/09/2015,23,628
21/09/2016,0,379
21/09/2016,1,197
21/09/2016,2,94
21/09/2016,3,63
21/09/2016,4,105
21/09/2016,5,454
21/09/2016,6,1791
21/09/2016,7,3994
21/09/2016,8,6703
21/09/2016,9,4391
21/09/2016,10,2567
21/09/2016,11,2519
21/09/2016,12,2800
21/09/2016,13,2937
21/09/2016,14,3129
21/09/2016,15,3216
21/09/2016,16,4233
21/09/2016,17,6847
21/09/2016,18,6675
21/09/2016,19,4659
21/09/2016,20,3038
21/09/2016,21,2140
21/09/2016,22,1574
21/09/2016,23,958
21/09/2017,0,557
21/09/2017,1,227
21/09/2017,2,128
21/09/2017,3,58
21/09/2017,4,90
21/09/2017,5,463
21/09/2017,6,1784
21/09/2017,7,3662
21/09/2017,8,6419
21/09/2017,9,4700
21/09/2017,10,2755
21/09/2017,11,2541
21/09/2017,12,3139
21/09/2017,13,3148
21/09/2017,14,3247
21/09/2017,15,3424
21/09/2017,16,4267
21/09/2017,17,7002
21/09/2017,18,7335
21/09/2017,19,4717
21/09/2017,20,3043
21/09/2017,21,2304
21/09/2017,22,1723
21/09/2017,23,1009
21/10/2013,0,233
21/10/2013,1,100
21/10/2013,2,63
21/10/2013,3,28
21/10/2013,4,44
21/10/2013,5,195
21/10/2013,6,804
21/10/2013,7,1826
21/10/2013,8,3184
21/10/2013,9,2349
21/10/2013,10,1227
21/10/2013,11,1262
21/10/2013,12,1626
21/10/2013,13,1649
21/10/2013,14,1779
21/10/2013,15,1933
21/10/2013,16,2380
21/10/2013,17,3925
21/10/2013,18,3900
21/10/2013,19,2456
21/10/2013,20,1661
21/10/2013,21,1153
21/10/2013,22,794
21/10/2013,23,441
21/10/2014,0,168
21/10/2014,1,105
21/10/2014,2,46
21/10/2014,3,31
21/10/2014,4,46
21/10/2014,5,205
21/10/2014,6,904
21/10/2014,7,1854
21/10/2014,8,3127
21/10/2014,9,2273
21/10/2014,10,1263
21/10/2014,11,1218
21/10/2014,12,1417
21/10/2014,13,1443
21/10/2014,14,1545
21/10/2014,15,1549
21/10/2014,16,2067
21/10/2014,17,3433
21/10/2014,18,3199
21/10/2014,19,2025
21/10/2014,20,1378
21/10/2014,21,942
21/10/2014,22,691
21/10/2014,23,401
21/10/2015,0,295
21/10/2015,1,144
21/10/2015,2,90
21/10/2015,3,63
21/10/2015,4,72
21/10/2015,5,280
21/10/2015,6,1222
21/10/2015,7,2788
21/10/2015,8,5120
21/10/2015,9,3632
21/10/2015,10,1989
21/10/2015,11,1841
21/10/2015,12,2217
21/10/2015,13,2237
21/10/2015,14,2369
21/10/2015,15,2537
21/10/2015,16,3193
21/10/2015,17,5338
21/10/2015,18,5077
21/10/2015,19,3262
21/10/2015,20,2046
21/10/2015,21,1535
21/10/2015,22,1133
21/10/2015,23,641
21/10/2017,0,874
21/10/2017,1,537
21/10/2017,2,351
21/10/2017,3,200
21/10/2017,4,137
21/10/2017,5,102
21/10/2017,6,335
21/10/2017,7,851
21/10/2017,8,1874
21/10/2017,9,2871
21/10/2017,10,3965
21/10/2017,11,4663
21/10/2017,12,5440
21/10/2017,13,5836
21/10/2017,14,5835
21/10/2017,15,6194
21/10/2017,16,5891
21/10/2017,17,5384
21/10/2017,18,4259
21/10/2017,19,3270
21/10/2017,20,2284
21/10/2017,21,1745
21/10/2017,22,1613
21/10/2017,23,1363
21/11/2013,0,174
21/11/2013,1,88
21/11/2013,2,36
21/11/2013,3,34
21/11/2013,4,21
21/11/2013,5,167
21/11/2013,6,713
21/11/2013,7,1467
21/11/2013,8,2935
21/11/2013,9,2151
21/11/2013,10,1167
21/11/2013,11,1099
21/11/2013,12,1330
21/11/2013,13,1348
21/11/2013,14,1352
21/11/2013,15,1486
21/11/2013,16,1809
21/11/2013,17,2768
21/11/2013,18,3010
21/11/2013,19,1958
21/11/2013,20,1349
21/11/2013,21,1000
21/11/2013,22,776
21/11/2013,23,514
21/11/2014,0,163
21/11/2014,1,83
21/11/2014,2,42
21/11/2014,3,27
21/11/2014,4,28
21/11/2014,5,103
21/11/2014,6,522
21/11/2014,7,1039
21/11/2014,8,1914
21/11/2014,9,1457
21/11/2014,10,790
21/11/2014,11,712
21/11/2014,12,862
21/11/2014,13,901
21/11/2014,14,983
21/11/2014,15,1012
21/11/2014,16,1302
21/11/2014,17,1831
21/11/2014,18,1479
21/11/2014,19,977
21/11/2014,20,585
21/11/2014,21,410
21/11/2014,22,334
21/11/2014,23,250
21/11/2015,0,433
21/11/2015,1,282
21/11/2015,2,168
21/11/2015,3,112
21/11/2015,4,61
21/11/2015,5,56
21/11/2015,6,156
21/11/2015,7,359
21/11/2015,8,775
21/11/2015,9,1327
21/11/2015,10,1840
21/11/2015,11,2182
21/11/2015,12,2493
21/11/2015,13,2583
21/11/2015,14,2564
21/11/2015,15,2641
21/11/2015,16,2296
21/11/2015,17,1812
21/11/2015,18,1590
21/11/2015,19,1273
21/11/2015,20,912
21/11/2015,21,756
21/11/2015,22,754
21/11/2015,23,613
21/11/2017,0,269
21/11/2017,1,138
21/11/2017,2,52
21/11/2017,3,41
21/11/2017,4,69
21/11/2017,5,407
21/11/2017,6,1467
21/11/2017,7,3136
21/11/2017,8,5663
21/11/2017,9,3851
21/11/2017,10,2233
21/11/2017,11,2020
21/11/2017,12,2255
21/11/2017,13,2592
21/11/2017,14,2827
21/11/2017,15,2999
21/11/2017,16,3651
21/11/2017,17,5206
21/11/2017,18,4875
21/11/2017,19,3186
21/11/2017,20,2187
21/11/2017,21,1560
21/11/2017,22,1101
21/11/2017,23,666
21/12/2013,0,250
21/12/2013,1,185
21/12/2013,2,139
21/12/2013,3,97
21/12/2013,4,58
21/12/2013,5,41
21/12/2013,6,69
21/12/2013,7,197
21/12/2013,8,414
21/12/2013,9,666
21/12/2013,10,1036
21/12/2013,11,1289
21/12/2013,12,1415
21/12/2013,13,1638
21/12/2013,14,1732
21/12/2013,15,1874
21/12/2013,16,1608
21/12/2013,17,1289
21/12/2013,18,1010
21/12/2013,19,834
21/12/2013,20,638
21/12/2013,21,516
21/12/2013,22,512
21/12/2013,23,433
21/12/2014,0,172
21/12/2014,1,102
21/12/2014,2,92
21/12/2014,3,50
21/12/2014,4,38
21/12/2014,5,29
21/12/2014,6,38
21/12/2014,7,92
21/12/2014,8,219
21/12/2014,9,373
21/12/2014,10,558
21/12/2014,11,658
21/12/2014,12,724
21/12/2014,13,730
21/12/2014,14,745
21/12/2014,15,787
21/12/2014,16,767
21/12/2014,17,597
21/12/2014,18,571
21/12/2014,19,447
21/12/2014,20,301
21/12/2014,21,256
21/12/2014,22,240
21/12/2014,23,161
21/12/2015,0,142
21/12/2015,1,83
21/12/2015,2,43
21/12/2015,3,29
21/12/2015,4,36
21/12/2015,5,194
21/12/2015,6,743
21/12/2015,7,1532
21/12/2015,8,2836
21/12/2015,9,2117
21/12/2015,10,1138
21/12/2015,11,1112
21/12/2015,12,1484
21/12/2015,13,1489
21/12/2015,14,1617
21/12/2015,15,1659
21/12/2015,16,2077
21/12/2015,17,3161
21/12/2015,18,3012
21/12/2015,19,2069
21/12/2015,20,1247
21/12/2015,21,904
21/12/2015,22,676
21/12/2015,23,400
21/12/2017,0,274
21/12/2017,1,141
21/12/2017,2,62
21/12/2017,3,33
21/12/2017,4,69
21/12/2017,5,282
21/12/2017,6,999
21/12/2017,7,2111
21/12/2017,8,3910
21/12/2017,9,2975
21/12/2017,10,1743
21/12/2017,11,1638
21/12/2017,12,1909
21/12/2017,13,2014
21/12/2017,14,2114
21/12/2017,15,2221
21/12/2017,16,2716
21/12/2017,17,3609
21/12/2017,18,3126
21/12/2017,19,2106
21/12/2017,20,1363
21/12/2017,21,930
21/12/2017,22,764
21/12/2017,23,483
22/01/2014,0,9
22/01/2014,1,1
22/01/2014,2,3
22/01/2014,3,2
22/01/2014,4,1
22/01/2014,5,8
22/01/2014,6,27
22/01/2014,7,86
22/01/2014,8,138
22/01/2014,9,150
22/01/2014,10,96
22/01/2014,11,89
22/01/2014,12,104
22/01/2014,13,127
22/01/2014,14,143
22/01/2014,15,132
22/01/2014,16,188
22/01/2014,17,284
22/01/2014,18,297
22/01/2014,19,191
22/01/2014,20,137
22/01/2014,21,115
22/01/2014,22,72
22/01/2014,23,51
22/01/2015,0,103
22/01/2015,1,36
22/01/2015,2,32
22/01/2015,3,15
22/01/2015,4,31
22/01/2015,5,124
22/01/2015,6,498
22/01/2015,7,1017
22/01/2015,8,1812
22/01/2015,9,1255
22/01/2015,10,629
22/01/2015,11,552
22/01/2015,12,621
22/01/2015,13,663
22/01/2015,14,669
22/01/2015,15,743
22/01/2015,16,1013
22/01/2015,17,1698
22/01/2015,18,1608
22/01/2015,19,1065
22/01/2015,20,675
22/01/2015,21,443
22/01/2015,22,355
22/01/2015,23,207
22/01/2016,0,161
22/01/2016,1,81
22/01/2016,2,38
22/01/2016,3,22
22/01/2016,4,38
22/01/2016,5,169
22/01/2016,6,662
22/01/2016,7,1276
22/01/2016,8,2481
22/01/2016,9,1792
22/01/2016,10,896
22/01/2016,11,796
22/01/2016,12,953
22/01/2016,13,1017
22/01/2016,14,1145
22/01/2016,15,1217
22/01/2016,16,1513
22/01/2016,17,2233
22/01/2016,18,1822
22/01/2016,19,1146
22/01/2016,20,669
22/01/2016,21,482
22/01/2016,22,280
22/01/2016,23,61
22/01/2018,0,173
22/01/2018,1,66
22/01/2018,2,31
22/01/2018,3,21
22/01/2018,4,52
22/01/2018,5,308
22/01/2018,6,1141
22/01/2018,7,2392
22/01/2018,8,4173
22/01/2018,9,2782
22/01/2018,10,1391
22/01/2018,11,1274
22/01/2018,12,1628
22/01/2018,13,1598
22/01/2018,14,1713
22/01/2018,15,1952
22/01/2018,16,2377
22/01/2018,17,3782
22/01/2018,18,3989
22/01/2018,19,2410
22/01/2018,20,1568
22/01/2018,21,971
22/01/2018,22,696
22/01/2018,23,377
22/02/2014,0,152
22/02/2014,1,107
22/02/2014,2,78
22/02/2014,3,38
22/02/2014,4,26
22/02/2014,5,17
22/02/2014,6,54
22/02/2014,7,135
22/02/2014,8,282
22/02/2014,9,468
22/02/2014,10,658
22/02/2014,11,875
22/02/2014,12,1032
22/02/2014,13,1270
22/02/2014,14,1374
22/02/2014,15,1443
22/02/2014,16,1279
22/02/2014,17,1076
22/02/2014,18,732
22/02/2014,19,566
22/02/2014,20,447
22/02/2014,21,347
22/02/2014,22,330
22/02/2014,23,258
22/02/2015,0,20
22/02/2015,1,15
22/02/2015,2,11
22/02/2015,3,14
22/02/2015,4,13
22/02/2015,5,8
22/02/2015,6,14
22/02/2015,7,13
22/02/2015,8,64
22/02/2015,9,86
22/02/2015,10,161
22/02/2015,11,229
22/02/2015,12,338
22/02/2015,13,409
22/02/2015,14,381
22/02/2015,15,461
22/02/2015,16,479
22/02/2015,17,446
22/02/2015,18,347
22/02/2015,19,259
22/02/2015,20,167
22/02/2015,21,128
22/02/2015,22,130
22/02/2015,23,81
22/02/2016,0,118
22/02/2016,1,61
22/02/2016,2,43
22/02/2016,3,17
22/02/2016,4,42
22/02/2016,5,235
22/02/2016,6,794
22/02/2016,7,1741
22/02/2016,8,3072
22/02/2016,9,2030
22/02/2016,10,1014
22/02/2016,11,936
22/02/2016,12,1173
22/02/2016,13,1209
22/02/2016,14,1380
22/02/2016,15,1421
22/02/2016,16,1875
22/02/2016,17,3242
22/02/2016,18,3048
22/02/2016,19,1894
22/02/2016,20,1215
22/02/2016,21,856
22/02/2016,22,556
22/02/2016,23,261
22/02/2018,0,305
22/02/2018,1,159
22/02/2018,2,76
22/02/2018,3,57
22/02/2018,4,58
22/02/2018,5,320
22/02/2018,6,1150
22/02/2018,7,1687
22/02/2018,8,3596
22/02/2018,9,2704
22/02/2018,10,1431
22/02/2018,11,1325
22/02/2018,12,1500
22/02/2018,13,1101
22/02/2018,14,760
22/02/2018,15,772
22/02/2018,16,609
22/02/2018,17,1264
22/02/2018,18,2390
22/02/2018,19,2012
22/02/2018,20,1383
22/02/2018,21,1033
22/02/2018,22,809
22/02/2018,23,509
22/03/2014,0,245
22/03/2014,1,169
22/03/2014,2,83
22/03/2014,3,60
22/03/2014,4,33
22/03/2014,5,24
22/03/2014,6,75
22/03/2014,7,167
22/03/2014,8,375
22/03/2014,9,710
22/03/2014,10,952
22/03/2014,11,1278
22/03/2014,12,1449
22/03/2014,13,1697
22/03/2014,14,1862
22/03/2014,15,1970
22/03/2014,16,1940
22/03/2014,17,1943
22/03/2014,18,1630
22/03/2014,19,1216
22/03/2014,20,721
22/03/2014,21,480
22/03/2014,22,425
22/03/2014,23,376
22/03/2015,0,170
22/03/2015,1,125
22/03/2015,2,94
22/03/2015,3,48
22/03/2015,4,33
22/03/2015,5,19
22/03/2015,6,41
22/03/2015,7,80
22/03/2015,8,190
22/03/2015,9,385
22/03/2015,10,541
22/03/2015,11,703
22/03/2015,12,847
22/03/2015,13,896
22/03/2015,14,901
22/03/2015,15,902
22/03/2015,16,825
22/03/2015,17,764
22/03/2015,18,758
22/03/2015,19,484
22/03/2015,20,308
22/03/2015,21,243
22/03/2015,22,184
22/03/2015,23,135
22/03/2016,0,148
22/03/2016,1,59
22/03/2016,2,33
22/03/2016,3,15
22/03/2016,4,37
22/03/2016,5,226
22/03/2016,6,831
22/03/2016,7,1751
22/03/2016,8,3474
22/03/2016,9,2505
22/03/2016,10,1214
22/03/2016,11,1121
22/03/2016,12,1391
22/03/2016,13,1553
22/03/2016,14,1541
22/03/2016,15,1713
22/03/2016,16,2167
22/03/2016,17,3920
22/03/2016,18,3877
22/03/2016,19,2390
22/03/2016,20,1450
22/03/2016,21,1045
22/03/2016,22,658
22/03/2016,23,378
22/03/2018,6,294
22/03/2018,7,781
22/03/2018,8,1722
22/03/2018,9,1544
22/03/2018,10,898
22/03/2018,11,880
22/03/2018,12,1202
22/03/2018,13,1215
22/03/2018,14,1473
22/03/2018,15,1604
22/03/2018,16,2114
22/03/2018,17,3694
22/03/2018,18,3669
22/03/2018,19,2381
22/03/2018,20,1557
22/03/2018,21,1021
22/03/2018,22,787
22/03/2018,23,472
22/04/2014,0,160
22/04/2014,1,91
22/04/2014,2,35
22/04/2014,3,18
22/04/2014,4,48
22/04/2014,5,167
22/04/2014,6,744
22/04/2014,7,1541
22/04/2014,8,2866
22/04/2014,9,1985
22/04/2014,10,1061
22/04/2014,11,1139
22/04/2014,12,1301
22/04/2014,13,1373
22/04/2014,14,1403
22/04/2014,15,1523
22/04/2014,16,1580
22/04/2014,17,2273
22/04/2014,18,3062
22/04/2014,19,1729
22/04/2014,20,1195
22/04/2014,21,889
22/04/2014,22,668
22/04/2014,23,408
22/04/2015,0,166
22/04/2015,1,81
22/04/2015,2,30
22/04/2015,3,23
22/04/2015,4,24
22/04/2015,5,169
22/04/2015,6,780
22/04/2015,7,1645
22/04/2015,8,2823
22/04/2015,9,2019
22/04/2015,10,1173
22/04/2015,11,1084
22/04/2015,12,1329
22/04/2015,13,1364
22/04/2015,14,1339
22/04/2015,15,728
22/04/2015,16,677
22/04/2015,17,1422
22/04/2015,18,1287
22/04/2015,19,1355
22/04/2015,20,942
22/04/2015,21,704
22/04/2015,22,537
22/04/2015,23,296
22/04/2016,0,405
22/04/2016,1,205
22/04/2016,2,99
22/04/2016,3,64
22/04/2016,4,64
22/04/2016,5,244
22/04/2016,6,1017
22/04/2016,7,2407
22/04/2016,8,4369
22/04/2016,9,3440
22/04/2016,10,2025
22/04/2016,11,2068
22/04/2016,12,2575
22/04/2016,13,2638
22/04/2016,14,2938
22/04/2016,15,3095
22/04/2016,16,3920
22/04/2016,17,5055
22/04/2016,18,4251
22/04/2016,19,2954
22/04/2016,20,1885
22/04/2016,21,1224
22/04/2016,22,1029
22/04/2016,23,844
22/04/2017,0,423
22/04/2017,1,262
22/04/2017,2,196
22/04/2017,3,120
22/04/2017,4,73
22/04/2017,5,79
22/04/2017,6,246
22/04/2017,7,578
22/04/2017,8,1174
22/04/2017,9,1915
22/04/2017,10,2734
22/04/2017,11,3565
22/04/2017,12,2784
22/04/2017,13,2729
22/04/2017,14,2276
22/04/2017,15,2030
22/04/2017,16,2003
22/04/2017,17,2289
22/04/2017,18,2202
22/04/2017,19,2170
22/04/2017,20,1613
22/04/2017,21,1218
22/04/2017,22,1019
22/04/2017,23,898
22/04/2018,0,653
22/04/2018,1,399
22/04/2018,2,234
22/04/2018,3,138
22/04/2018,4,84
22/04/2018,5,75
22/04/2018,6,204
22/04/2018,7,595
22/04/2018,8,1007
22/04/2018,9,2030
22/04/2018,10,3134
22/04/2018,11,3930
22/04/2018,12,4655
22/04/2018,13,5183
22/04/2018,14,5489
22/04/2018,15,5517
22/04/2018,16,5322
22/04/2018,17,4793
22/04/2018,18,3948
22/04/2018,19,2756
22/04/2018,20,1698
22/04/2018,21,1173
22/04/2018,22,765
22/04/2018,23,502
22/05/2014,0,291
22/05/2014,1,154
22/05/2014,2,84
22/05/2014,3,22
22/05/2014,4,12
22/05/2014,5,112
22/05/2014,6,384
22/05/2014,7,1216
22/05/2014,8,2560
22/05/2014,9,2120
22/05/2014,10,1215
22/05/2014,11,771
22/05/2014,12,1208
22/05/2014,13,1271
22/05/2014,14,1302
22/05/2014,15,1533
22/05/2014,16,1836
22/05/2014,17,2861
22/05/2014,18,1084
22/05/2014,19,1506
22/05/2014,20,1174
22/05/2014,21,798
22/05/2014,22,555
22/05/2014,23,466
22/05/2015,0,289
22/05/2015,1,137
22/05/2015,2,63
22/05/2015,3,49
22/05/2015,4,48
22/05/2015,5,174
22/05/2015,6,772
22/05/2015,7,1598
22/05/2015,8,2809
22/05/2015,9,2229
22/05/2015,10,1417
22/05/2015,11,1576
22/05/2015,12,1802
22/05/2015,13,2185
22/05/2015,14,2530
22/05/2015,15,2262
22/05/2015,16,2586
22/05/2015,17,2639
22/05/2015,18,2288
22/05/2015,19,1656
22/05/2015,20,1020
22/05/2015,21,746
22/05/2015,22,583
22/05/2015,23,433
22/05/2016,0,349
22/05/2016,1,258
22/05/2016,2,224
22/05/2016,3,126
22/05/2016,4,47
22/05/2016,5,25
22/05/2016,6,80
22/05/2016,7,263
22/05/2016,8,635
22/05/2016,9,1210
22/05/2016,10,1828
22/05/2016,11,2416
22/05/2016,12,2941
22/05/2016,13,3197
22/05/2016,14,3528
22/05/2016,15,3596
22/05/2016,16,3485
22/05/2016,17,3409
22/05/2016,18,3229
22/05/2016,19,2626
22/05/2016,20,1807
22/05/2016,21,1150
22/05/2016,22,877
22/05/2016,23,496
22/05/2017,0,272
22/05/2017,1,112
22/05/2017,2,59
22/05/2017,3,27
22/05/2017,4,41
22/05/2017,5,265
22/05/2017,6,1152
22/05/2017,7,2602
22/05/2017,8,3742
22/05/2017,9,1474
22/05/2017,10,508
22/05/2017,11,371
22/05/2017,12,549
22/05/2017,13,385
22/05/2017,14,398
22/05/2017,15,330
22/05/2017,16,668
22/05/2017,17,1529
22/05/2017,18,3014
22/05/2017,19,2671
22/05/2017,20,1716
22/05/2017,21,1282
22/05/2017,22,922
22/05/2017,23,538
22/05/2018,0,423
22/05/2018,1,230
22/05/2018,2,107
22/05/2018,3,78
22/05/2018,4,107
22/05/2018,5,560
22/05/2018,6,2105
22/05/2018,7,4445
22/05/2018,8,7264
22/05/2018,9,4190
22/05/2018,10,1764
22/05/2018,11,2100
22/05/2018,12,2552
22/05/2018,13,2440
22/05/2018,14,1444
22/05/2018,15,628
22/05/2018,16,887
22/05/2018,17,3487
22/05/2018,18,4462
22/05/2018,19,2955
22/05/2018,20,2492
22/05/2018,21,1757
22/05/2018,22,1270
22/05/2018,23,761
22/06/2014,0,548
22/06/2014,1,349
22/06/2014,2,217
22/06/2014,3,170
22/06/2014,4,118
22/06/2014,5,69
22/06/2014,6,134
22/06/2014,7,242
22/06/2014,8,520
22/06/2014,9,955
22/06/2014,10,1490
22/06/2014,11,1964
22/06/2014,12,2192
22/06/2014,13,2340
22/06/2014,14,2518
22/06/2014,15,2552
22/06/2014,16,2614
22/06/2014,17,2796
22/06/2014,18,1789
22/06/2014,19,1323
22/06/2014,20,2088
22/06/2014,21,1169
22/06/2014,22,769
22/06/2014,23,491
22/06/2015,0,250
22/06/2015,1,117
22/06/2015,2,61
22/06/2015,3,44
22/06/2015,4,52
22/06/2015,5,206
22/06/2015,6,964
22/06/2015,7,2010
22/06/2015,8,3358
22/06/2015,9,2523
22/06/2015,10,1377
22/06/2015,11,1406
22/06/2015,12,1500
22/06/2015,13,1662
22/06/2015,14,1696
22/06/2015,15,1793
22/06/2015,16,2342
22/06/2015,17,4152
22/06/2015,18,4196
22/06/2015,19,2873
22/06/2015,20,2181
22/06/2015,21,1339
22/06/2015,22,994
22/06/2015,23,581
22/06/2016,0,427
22/06/2016,1,196
22/06/2016,2,77
22/06/2016,3,53
22/06/2016,4,80
22/06/2016,5,327
22/06/2016,6,1499
22/06/2016,7,3085
22/06/2016,8,5382
22/06/2016,9,3972
22/06/2016,10,2065
22/06/2016,11,1898
22/06/2016,12,2310
22/06/2016,13,2487
22/06/2016,14,2486
22/06/2016,15,2502
22/06/2016,16,3274
22/06/2016,17,5787
22/06/2016,18,6130
22/06/2016,19,4275
22/06/2016,20,2931
22/06/2016,21,2143
22/06/2016,22,1436
22/06/2016,23,927
22/06/2017,0,569
22/06/2017,1,257
22/06/2017,2,119
22/06/2017,3,78
22/06/2017,4,86
22/06/2017,5,487
22/06/2017,6,1789
22/06/2017,7,3685
22/06/2017,8,6068
22/06/2017,9,4429
22/06/2017,10,2510
22/06/2017,11,2509
22/06/2017,12,2929
22/06/2017,13,2953
22/06/2017,14,3019
22/06/2017,15,3189
22/06/2017,16,4282
22/06/2017,17,6696
22/06/2017,18,6782
22/06/2017,19,4824
22/06/2017,20,3435
22/06/2017,21,2378
22/06/2017,22,2006
22/06/2017,23,1229
22/07/2013,0,273
22/07/2013,1,136
22/07/2013,2,64
22/07/2013,3,36
22/07/2013,4,40
22/07/2013,5,135
22/07/2013,6,627
22/07/2013,7,1411
22/07/2013,8,2648
22/07/2013,9,1973
22/07/2013,10,1037
22/07/2013,11,1005
22/07/2013,12,795
22/07/2013,13,1148
22/07/2013,14,1174
22/07/2013,15,1331
22/07/2013,16,1768
22/07/2013,17,3012
22/07/2013,18,2823
22/07/2013,19,2008
22/07/2013,20,1333
22/07/2013,21,530
22/07/2013,22,350
22/07/2013,23,322
22/07/2014,0,225
22/07/2014,1,125
22/07/2014,2,64
22/07/2014,3,47
22/07/2014,4,61
22/07/2014,5,241
22/07/2014,6,1040
22/07/2014,7,2025
22/07/2014,8,3344
22/07/2014,9,2587
22/07/2014,10,1417
22/07/2014,11,1276
22/07/2014,12,1514
22/07/2014,13,1531
22/07/2014,14,1463
22/07/2014,15,1581
22/07/2014,16,2192
22/07/2014,17,3911
22/07/2014,18,3958
22/07/2014,19,3108
22/07/2014,20,2110
22/07/2014,21,1388
22/07/2014,22,1006
22/07/2014,23,672
22/07/2015,0,336
22/07/2015,1,156
22/07/2015,2,79
22/07/2015,3,41
22/07/2015,4,70
22/07/2015,5,266
22/07/2015,6,1180
22/07/2015,7,2286
22/07/2015,8,3977
22/07/2015,9,2984
22/07/2015,10,1618
22/07/2015,11,1563
22/07/2015,12,1837
22/07/2015,13,1895
22/07/2015,14,1807
22/07/2015,15,1959
22/07/2015,16,2531
22/07/2015,17,4328
22/07/2015,18,4547
22/07/2015,19,3203
22/07/2015,20,2231
22/07/2015,21,1543
22/07/2015,22,1247
22/07/2015,23,873
22/07/2016,0,676
22/07/2016,1,285
22/07/2016,2,170
22/07/2016,3,105
22/07/2016,4,110
22/07/2016,5,357
22/07/2016,6,1227
22/07/2016,7,2492
22/07/2016,8,4497
22/07/2016,9,3678
22/07/2016,10,2083
22/07/2016,11,2008
22/07/2016,12,2417
22/07/2016,13,2624
22/07/2016,14,2711
22/07/2016,15,2904
22/07/2016,16,3662
22/07/2016,17,4657
22/07/2016,18,3857
22/07/2016,19,2961
22/07/2016,20,2038
22/07/2016,21,1528
22/07/2016,22,1190
22/07/2016,23,954
22/07/2017,0,861
22/07/2017,1,527
22/07/2017,2,384
22/07/2017,3,193
22/07/2017,4,129
22/07/2017,5,141
22/07/2017,6,449
22/07/2017,7,813
22/07/2017,8,1512
22/07/2017,9,2301
22/07/2017,10,2994
22/07/2017,11,3653
22/07/2017,12,3964
22/07/2017,13,4087
22/07/2017,14,3848
22/07/2017,15,3927
22/07/2017,16,3904
22/07/2017,17,3836
22/07/2017,18,3343
22/07/2017,19,2527
22/07/2017,20,2007
22/07/2017,21,1213
22/07/2017,22,1143
22/07/2017,23,255
22/08/2013,0,374
22/08/2013,1,201
22/08/2013,2,94
22/08/2013,3,60
22/08/2013,4,51
22/08/2013,5,163
22/08/2013,6,777
22/08/2013,7,1610
22/08/2013,8,2917
22/08/2013,9,605
22/08/2013,10,453
22/08/2013,11,919
22/08/2013,12,1407
22/08/2013,13,657
22/08/2013,14,324
22/08/2013,15,579
22/08/2013,16,1421
22/08/2013,17,3268
22/08/2013,18,3440
22/08/2013,19,2585
22/08/2013,20,1711
22/08/2013,21,1298
22/08/2013,22,999
22/08/2013,23,716
22/08/2014,0,76
22/08/2014,1,45
22/08/2014,2,32
22/08/2014,3,46
22/08/2014,4,63
22/08/2014,5,182
22/08/2014,6,737
22/08/2014,7,1442
22/08/2014,8,2663
22/08/2014,9,2212
22/08/2014,10,1264
22/08/2014,11,1313
22/08/2014,12,1560
22/08/2014,13,1880
22/08/2014,14,1857
22/08/2014,15,2012
22/08/2014,16,2221
22/08/2014,17,2819
22/08/2014,18,2566
22/08/2014,19,1870
22/08/2014,20,1170
22/08/2014,21,909
22/08/2014,22,796
22/08/2014,23,671
22/08/2015,0,545
22/08/2015,1,378
22/08/2015,2,232
22/08/2015,3,166
22/08/2015,4,101
22/08/2015,5,73
22/08/2015,6,193
22/08/2015,7,406
22/08/2015,8,771
22/08/2015,9,1338
22/08/2015,10,1845
22/08/2015,11,2285
22/08/2015,12,2588
22/08/2015,13,2733
22/08/2015,14,2815
22/08/2015,15,2863
22/08/2015,16,2830
22/08/2015,17,2735
22/08/2015,18,2555
22/08/2015,19,2261
22/08/2015,20,1533
22/08/2015,21,1182
22/08/2015,22,1058
22/08/2015,23,791
22/08/2016,0,292
22/08/2016,1,151
22/08/2016,2,73
22/08/2016,3,61
22/08/2016,4,72
22/08/2016,5,335
22/08/2016,6,1446
22/08/2016,7,2909
22/08/2016,8,4996
22/08/2016,9,3424
22/08/2016,10,1908
22/08/2016,11,1853
22/08/2016,12,2337
22/08/2016,13,2185
22/08/2016,14,2487
22/08/2016,15,2531
22/08/2016,16,3497
22/08/2016,17,6260
22/08/2016,18,6515
22/08/2016,19,4577
22/08/2016,20,2758
22/08/2016,21,1843
22/08/2016,22,1233
22/08/2016,23,661
22/08/2017,0,397
22/08/2017,1,198
22/08/2017,2,86
22/08/2017,3,51
22/08/2017,4,107
22/08/2017,5,439
22/08/2017,6,1827
22/08/2017,7,3479
22/08/2017,8,5831
22/08/2017,9,4065
22/08/2017,10,2341
22/08/2017,11,2267
22/08/2017,12,2588
22/08/2017,13,2583
22/08/2017,14,2598
22/08/2017,15,2704
22/08/2017,16,3603
22/08/2017,17,6564
22/08/2017,18,7006
22/08/2017,19,4960
22/08/2017,20,3136
22/08/2017,21,2155
22/08/2017,22,1335
22/08/2017,23,221
22/09/2013,0,95
22/09/2013,1,66
22/09/2013,2,58
22/09/2013,3,55
22/09/2013,4,56
22/09/2013,5,37
22/09/2013,6,96
22/09/2013,7,229
22/09/2013,8,608
22/09/2013,9,1096
22/09/2013,10,1654
22/09/2013,11,2173
22/09/2013,12,2695
22/09/2013,13,2632
22/09/2013,14,2842
22/09/2013,15,2912
22/09/2013,16,2927
22/09/2013,17,2637
22/09/2013,18,2212
22/09/2013,19,1651
22/09/2013,20,1133
22/09/2013,21,822
22/09/2013,22,663
22/09/2013,23,409
22/09/2014,0,191
22/09/2014,1,79
22/09/2014,2,45
22/09/2014,3,35
22/09/2014,4,41
22/09/2014,5,181
22/09/2014,6,829
22/09/2014,7,1847
22/09/2014,8,3274
22/09/2014,9,2402
22/09/2014,10,1290
22/09/2014,11,1305
22/09/2014,12,1515
22/09/2014,13,1543
22/09/2014,14,1688
22/09/2014,15,1841
22/09/2014,16,2246
22/09/2014,17,3737
22/09/2014,18,3536
22/09/2014,19,2280
22/09/2014,20,1406
22/09/2014,21,923
22/09/2014,22,630
22/09/2014,23,375
22/09/2015,0,302
22/09/2015,1,128
22/09/2015,2,57
22/09/2015,3,39
22/09/2015,4,56
22/09/2015,5,301
22/09/2015,6,1362
22/09/2015,7,2961
22/09/2015,8,5139
22/09/2015,9,3516
22/09/2015,10,2011
22/09/2015,11,1836
22/09/2015,12,2010
22/09/2015,13,2201
22/09/2015,14,2271
22/09/2015,15,2466
22/09/2015,16,3474
22/09/2015,17,5157
22/09/2015,18,4939
22/09/2015,19,3106
22/09/2015,20,2032
22/09/2015,21,1573
22/09/2015,22,1095
22/09/2015,23,653
22/09/2016,0,467
22/09/2016,1,236
22/09/2016,2,102
22/09/2016,3,69
22/09/2016,4,96
22/09/2016,5,473
22/09/2016,6,1722
22/09/2016,7,4028
22/09/2016,8,6749
22/09/2016,9,4488
22/09/2016,10,2719
22/09/2016,11,2502
22/09/2016,12,3019
22/09/2016,13,3052
22/09/2016,14,3209
22/09/2016,15,3325
22/09/2016,16,4394
22/09/2016,17,7129
22/09/2016,18,7102
22/09/2016,19,4760
22/09/2016,20,3065
22/09/2016,21,2230
22/09/2016,22,1753
22/09/2016,23,1121
22/09/2017,0,656
22/09/2017,1,331
22/09/2017,2,143
22/09/2017,3,85
22/09/2017,4,97
22/09/2017,5,441
22/09/2017,6,1617
22/09/2017,7,3466
22/09/2017,8,6266
22/09/2017,9,4742
22/09/2017,10,3008
22/09/2017,11,2873
22/09/2017,12,3432
22/09/2017,13,3736
22/09/2017,14,3753
22/09/2017,15,4200
22/09/2017,16,5447
22/09/2017,17,7382
22/09/2017,18,6817
22/09/2017,19,4282
22/09/2017,20,2568
22/09/2017,21,1921
22/09/2017,22,1668
22/09/2017,23,1196
22/10/2013,0,248
22/10/2013,1,102
22/10/2013,2,48
22/10/2013,3,26
22/10/2013,4,55
22/10/2013,5,202
22/10/2013,6,963
22/10/2013,7,1944
22/10/2013,8,3464
22/10/2013,9,2640
22/10/2013,10,1498
22/10/2013,11,1384
22/10/2013,12,1767
22/10/2013,13,1817
22/10/2013,14,1589
22/10/2013,15,1602
22/10/2013,16,2282
22/10/2013,17,3860
22/10/2013,18,4024
22/10/2013,19,2535
22/10/2013,20,1711
22/10/2013,21,1225
22/10/2013,22,876
22/10/2013,23,476
22/10/2014,0,205
22/10/2014,1,97
22/10/2014,2,42
22/10/2014,3,8
22/10/2014,4,9
22/10/2014,5,35
22/10/2014,6,121
22/10/2014,7,266
22/10/2014,8,387
22/10/2014,9,436
22/10/2014,10,475
22/10/2014,11,462
22/10/2014,12,659
22/10/2014,13,776
22/10/2014,14,951
22/10/2014,15,1134
22/10/2014,16,1195
22/10/2014,17,607
22/10/2014,18,503
22/10/2014,19,243
22/10/2014,20,212
22/10/2014,21,148
22/10/2014,22,128
22/10/2014,23,70
22/10/2015,0,407
22/10/2015,1,193
22/10/2015,2,80
22/10/2015,3,56
22/10/2015,4,70
22/10/2015,5,286
22/10/2015,6,1157
22/10/2015,7,2716
22/10/2015,8,4957
22/10/2015,9,3596
22/10/2015,10,2078
22/10/2015,11,1908
22/10/2015,12,2311
22/10/2015,13,2334
22/10/2015,14,2539
22/10/2015,15,2616
22/10/2015,16,3284
22/10/2015,17,5291
22/10/2015,18,4857
22/10/2015,19,3152
22/10/2015,20,2052
22/10/2015,21,1638
22/10/2015,22,1242
22/10/2015,23,784
22/10/2017,0,934
22/10/2017,1,645
22/10/2017,2,419
22/10/2017,3,256
22/10/2017,4,147
22/10/2017,5,77
22/10/2017,6,246
22/10/2017,7,597
22/10/2017,8,1393
22/10/2017,9,2518
22/10/2017,10,3663
22/10/2017,11,4587
22/10/2017,12,5401
22/10/2017,13,5599
22/10/2017,14,5791
22/10/2017,15,5855
22/10/2017,16,5637
22/10/2017,17,5424
22/10/2017,18,4397
22/10/2017,19,2933
22/10/2017,20,2157
22/10/2017,21,1588
22/10/2017,22,1183
22/10/2017,23,703
22/11/2013,0,299
22/11/2013,1,140
22/11/2013,2,87
22/11/2013,3,51
22/11/2013,4,42
22/11/2013,5,147
22/11/2013,6,595
22/11/2013,7,1160
22/11/2013,8,1868
22/11/2013,9,1465
22/11/2013,10,509
22/11/2013,11,766
22/11/2013,12,1182
22/11/2013,13,1321
22/11/2013,14,1567
22/11/2013,15,1726
22/11/2013,16,2027
22/11/2013,17,2863
22/11/2013,18,2631
22/11/2013,19,1805
22/11/2013,20,1143
22/11/2013,21,780
22/11/2013,22,703
22/11/2013,23,571
22/11/2014,0,223
22/11/2014,1,125
22/11/2014,2,80
22/11/2014,3,57
22/11/2014,4,35
22/11/2014,5,25
22/11/2014,6,74
22/11/2014,7,181
22/11/2014,8,347
22/11/2014,9,626
22/11/2014,10,759
22/11/2014,11,950
22/11/2014,12,1123
22/11/2014,13,1149
22/11/2014,14,1104
22/11/2014,15,1139
22/11/2014,16,1041
22/11/2014,17,809
22/11/2014,18,751
22/11/2014,19,597
22/11/2014,20,468
22/11/2014,21,355
22/11/2014,22,366
22/11/2014,23,298
22/11/2015,0,513
22/11/2015,1,339
22/11/2015,2,242
22/11/2015,3,116
22/11/2015,4,70
22/11/2015,5,60
22/11/2015,6,108
22/11/2015,7,275
22/11/2015,8,624
22/11/2015,9,1128
22/11/2015,10,1563
22/11/2015,11,1928
22/11/2015,12,2089
22/11/2015,13,2129
22/11/2015,14,1884
22/11/2015,15,2039
22/11/2015,16,1944
22/11/2015,17,1651
22/11/2015,18,1366
22/11/2015,19,1090
22/11/2015,20,809
22/11/2015,21,631
22/11/2015,22,478
22/11/2015,23,267
22/11/2017,0,372
22/11/2017,1,194
22/11/2017,2,108
22/11/2017,3,65
22/11/2017,4,69
22/11/2017,5,324
22/11/2017,6,827
22/11/2017,7,794
22/11/2017,8,1139
22/11/2017,9,1782
22/11/2017,10,1649
22/11/2017,11,1741
22/11/2017,12,2126
22/11/2017,13,2702
22/11/2017,14,3039
22/11/2017,15,3315
22/11/2017,16,3196
22/11/2017,17,2809
22/11/2017,18,2099
22/11/2017,19,1416
22/11/2017,20,944
22/11/2017,21,684
22/11/2017,22,519
22/11/2017,23,385
22/12/2013,0,343
22/12/2013,1,229
22/12/2013,2,162
22/12/2013,3,106
22/12/2013,4,51
22/12/2013,5,31
22/12/2013,6,69
22/12/2013,7,132
22/12/2013,8,289
22/12/2013,9,538
22/12/2013,10,894
22/12/2013,11,1170
22/12/2013,12,1488
22/12/2013,13,1388
22/12/2013,14,1449
22/12/2013,15,1314
22/12/2013,16,1347
22/12/2013,17,845
22/12/2013,18,721
22/12/2013,19,693
22/12/2013,20,570
22/12/2013,21,468
22/12/2013,22,447
22/12/2013,23,319
22/12/2014,0,82
22/12/2014,1,50
22/12/2014,2,23
22/12/2014,3,26
22/12/2014,4,23
22/12/2014,5,99
22/12/2014,6,432
22/12/2014,7,835
22/12/2014,8,1337
22/12/2014,9,1153
22/12/2014,10,635
22/12/2014,11,621
22/12/2014,12,816
22/12/2014,13,799
22/12/2014,14,927
22/12/2014,15,723
22/12/2014,16,886
22/12/2014,17,1258
22/12/2014,18,990
22/12/2014,19,728
22/12/2014,20,508
22/12/2014,21,308
22/12/2014,22,145
22/12/2014,23,156
22/12/2015,0,258
22/12/2015,1,140
22/12/2015,2,71
22/12/2015,3,34
22/12/2015,4,53
22/12/2015,5,214
22/12/2015,6,748
22/12/2015,7,1575
22/12/2015,8,2305
22/12/2015,9,945
22/12/2015,10,794
22/12/2015,11,322
22/12/2015,12,696
22/12/2015,13,786
22/12/2015,14,1084
22/12/2015,15,1285
22/12/2015,16,1799
22/12/2015,17,2595
22/12/2015,18,2500
22/12/2015,19,1720
22/12/2015,20,1163
22/12/2015,21,841
22/12/2015,22,634
22/12/2015,23,379
22/12/2017,0,334
22/12/2017,1,173
22/12/2017,2,83
22/12/2017,3,58
22/12/2017,4,66
22/12/2017,5,247
22/12/2017,6,785
22/12/2017,7,1564
22/12/2017,8,2960
22/12/2017,9,2485
22/12/2017,10,1725
22/12/2017,11,1868
22/12/2017,12,2233
22/12/2017,13,2405
22/12/2017,14,2643
22/12/2017,15,2835
22/12/2017,16,2882
22/12/2017,17,2599
22/12/2017,18,2112
22/12/2017,19,1455
22/12/2017,20,1020
22/12/2017,21,771
22/12/2017,22,602
22/12/2017,23,436
23/01/2014,0,22
23/01/2014,1,8
23/01/2014,2,10
23/01/2014,3,6
23/01/2014,4,5
23/01/2014,5,29
23/01/2014,6,120
23/01/2014,7,251
23/01/2014,8,435
23/01/2014,9,343
23/01/2014,10,198
23/01/2014,11,184
23/01/2014,12,234
23/01/2014,13,230
23/01/2014,14,252
23/01/2014,15,295
23/01/2014,16,315
23/01/2014,17,528
23/01/2014,18,553
23/01/2014,19,368
23/01/2014,20,281
23/01/2014,21,190
23/01/2014,22,146
23/01/2014,23,68
23/01/2015,0,94
23/01/2015,1,38
23/01/2015,2,27
23/01/2015,3,13
23/01/2015,4,21
23/01/2015,5,117
23/01/2015,6,471
23/01/2015,7,1000
23/01/2015,8,1715
23/01/2015,9,1230
23/01/2015,10,630
23/01/2015,11,572
23/01/2015,12,723
23/01/2015,13,756
23/01/2015,14,911
23/01/2015,15,883
23/01/2015,16,1219
23/01/2015,17,1613
23/01/2015,18,1378
23/01/2015,19,883
23/01/2015,20,544
23/01/2015,21,342
23/01/2015,22,297
23/01/2015,23,260
23/01/2018,0,172
23/01/2018,1,85
23/01/2018,2,38
23/01/2018,3,28
23/01/2018,4,49
23/01/2018,5,337
23/01/2018,6,581
23/01/2018,7,1407
23/01/2018,8,2199
23/01/2018,9,1048
23/01/2018,10,821
23/01/2018,11,803
23/01/2018,12,819
23/01/2018,13,1281
23/01/2018,14,1699
23/01/2018,15,2119
23/01/2018,16,2104
23/01/2018,17,3498
23/01/2018,18,3497
23/01/2018,19,2374
23/01/2018,20,1531
23/01/2018,21,1124
23/01/2018,22,754
23/01/2018,23,429
23/02/2014,0,205
23/02/2014,1,144
23/02/2014,2,97
23/02/2014,3,70
23/02/2014,4,40
23/02/2014,5,26
23/02/2014,6,54
23/02/2014,7,120
23/02/2014,8,251
23/02/2014,9,443
23/02/2014,10,682
23/02/2014,11,912
23/02/2014,12,1112
23/02/2014,13,1228
23/02/2014,14,1372
23/02/2014,15,1416
23/02/2014,16,1393
23/02/2014,17,1185
23/02/2014,18,844
23/02/2014,19,548
23/02/2014,20,448
23/02/2014,21,338
23/02/2014,22,271
23/02/2014,23,125
23/02/2015,0,76
23/02/2015,1,23
23/02/2015,2,12
23/02/2015,3,11
23/02/2015,4,13
23/02/2015,5,74
23/02/2015,6,254
23/02/2015,7,503
23/02/2015,8,805
23/02/2015,9,582
23/02/2015,10,317
23/02/2015,11,244
23/02/2015,12,299
23/02/2015,13,291
23/02/2015,14,323
23/02/2015,15,348
23/02/2015,16,495
23/02/2015,17,927
23/02/2015,18,759
23/02/2015,19,459
23/02/2015,20,270
23/02/2015,21,178
23/02/2015,22,124
23/02/2015,23,71
23/02/2016,0,103
23/02/2016,1,51
23/02/2016,2,28
23/02/2016,3,24
23/02/2016,4,47
23/02/2016,5,216
23/02/2016,6,895
23/02/2016,7,1815
23/02/2016,8,3215
23/02/2016,9,2188
23/02/2016,10,1020
23/02/2016,11,631
23/02/2016,12,385
23/02/2016,13,295
23/02/2016,14,316
23/02/2016,15,406
23/02/2016,16,712
23/02/2016,17,958
23/02/2016,18,1183
23/02/2016,19,750
23/02/2016,20,343
23/02/2016,21,239
23/02/2016,22,200
23/02/2016,23,113
23/02/2018,0,282
23/02/2018,1,139
23/02/2018,2,72
23/02/2018,3,50
23/02/2018,4,53
23/02/2018,5,329
23/02/2018,6,1001
23/02/2018,7,1959
23/02/2018,8,2980
23/02/2018,9,1956
23/02/2018,10,938
23/02/2018,11,896
23/02/2018,12,1110
23/02/2018,13,1130
23/02/2018,14,1145
23/02/2018,15,1303
23/02/2018,16,1514
23/02/2018,17,1969
23/02/2018,18,1897
23/02/2018,19,1677
23/02/2018,20,1188
23/02/2018,21,867
23/02/2018,22,650
23/02/2018,23,529
23/03/2014,0,268
23/03/2014,1,178
23/03/2014,2,99
23/03/2014,3,54
23/03/2014,4,35
23/03/2014,5,15
23/03/2014,6,56
23/03/2014,7,90
23/03/2014,8,245
23/03/2014,9,487
23/03/2014,10,698
23/03/2014,11,906
23/03/2014,12,1011
23/03/2014,13,1111
23/03/2014,14,1079
23/03/2014,15,1002
23/03/2014,16,1006
23/03/2014,17,896
23/03/2014,18,877
23/03/2014,19,593
23/03/2014,20,388
23/03/2014,21,294
23/03/2014,22,228
23/03/2014,23,124
23/03/2015,0,59
23/03/2015,1,29
23/03/2015,2,13
23/03/2015,3,14
23/03/2015,4,23
23/03/2015,5,97
23/03/2015,6,405
23/03/2015,7,783
23/03/2015,8,1293
23/03/2015,9,996
23/03/2015,10,519
23/03/2015,11,458
23/03/2015,12,551
23/03/2015,13,547
23/03/2015,14,583
23/03/2015,15,621
23/03/2015,16,935
23/03/2015,17,1603
23/03/2015,18,1691
23/03/2015,19,969
23/03/2015,20,585
23/03/2015,21,390
23/03/2015,22,244
23/03/2015,23,130
23/03/2016,0,171
23/03/2016,1,82
23/03/2016,2,54
23/03/2016,3,32
23/03/2016,4,47
23/03/2016,5,243
23/03/2016,6,996
23/03/2016,7,2104
23/03/2016,8,4032
23/03/2016,9,3000
23/03/2016,10,1508
23/03/2016,11,1499
23/03/2016,12,1695
23/03/2016,13,1862
23/03/2016,14,1990
23/03/2016,15,2005
23/03/2016,16,2788
23/03/2016,17,4647
23/03/2016,18,4580
23/03/2016,19,3033
23/03/2016,20,1826
23/03/2016,21,1274
23/03/2016,22,915
23/03/2016,23,600
23/03/2018,0,248
23/03/2018,1,121
23/03/2018,2,56
23/03/2018,3,34
23/03/2018,4,57
23/03/2018,5,285
23/03/2018,6,963
23/03/2018,7,1919
23/03/2018,8,3815
23/03/2018,9,2907
23/03/2018,10,1557
23/03/2018,11,1556
23/03/2018,12,1943
23/03/2018,13,1979
23/03/2018,14,2197
23/03/2018,15,2274
23/03/2018,16,2831
23/03/2018,17,4224
23/03/2018,18,3632
23/03/2018,19,2363
23/03/2018,20,1328
23/03/2018,21,924
23/03/2018,22,763
23/03/2018,23,552
23/04/2014,0,216
23/04/2014,1,91
23/04/2014,2,37
23/04/2014,3,8
23/04/2014,4,46
23/04/2014,5,185
23/04/2014,6,785
23/04/2014,7,1633
23/04/2014,8,2954
23/04/2014,9,2017
23/04/2014,10,1036
23/04/2014,11,932
23/04/2014,12,1128
23/04/2014,13,1250
23/04/2014,14,1253
23/04/2014,15,1302
23/04/2014,16,1616
23/04/2014,17,2983
23/04/2014,18,3011
23/04/2014,19,1879
23/04/2014,20,1098
23/04/2014,21,714
23/04/2014,22,496
23/04/2014,23,279
23/04/2015,0,157
23/04/2015,1,81
23/04/2015,2,27
23/04/2015,3,13
23/04/2015,4,26
23/04/2015,5,152
23/04/2015,6,690
23/04/2015,7,1405
23/04/2015,8,2395
23/04/2015,9,1907
23/04/2015,10,946
23/04/2015,11,887
23/04/2015,12,941
23/04/2015,13,949
23/04/2015,14,1052
23/04/2015,15,1124
23/04/2015,16,1247
23/04/2015,17,2251
23/04/2015,18,2170
23/04/2015,19,1441
23/04/2015,20,899
23/04/2015,21,610
23/04/2015,22,439
23/04/2015,23,265
23/04/2016,0,375
23/04/2016,1,157
23/04/2016,2,93
23/04/2016,3,36
23/04/2016,4,47
23/04/2016,5,55
23/04/2016,6,140
23/04/2016,7,310
23/04/2016,8,372
23/04/2016,9,946
23/04/2016,10,1290
23/04/2016,11,1919
23/04/2016,12,2600
23/04/2016,13,2915
23/04/2016,14,3274
23/04/2016,15,3379
23/04/2016,16,3592
23/04/2016,17,3275
23/04/2016,18,2903
23/04/2016,19,2196
23/04/2016,20,1364
23/04/2016,21,974
23/04/2016,22,790
23/04/2016,23,645
23/04/2017,0,538
23/04/2017,1,362
23/04/2017,2,182
23/04/2017,3,134
23/04/2017,4,82
23/04/2017,5,65
23/04/2017,6,167
23/04/2017,7,523
23/04/2017,8,1012
23/04/2017,9,1846
23/04/2017,10,2646
23/04/2017,11,3610
23/04/2017,12,4429
23/04/2017,13,4856
23/04/2017,14,5035
23/04/2017,15,4800
23/04/2017,16,4487
23/04/2017,17,4247
23/04/2017,18,3659
23/04/2017,19,2507
23/04/2017,20,1565
23/04/2017,21,1122
23/04/2017,22,760
23/04/2017,23,473
23/04/2018,0,256
23/04/2018,1,132
23/04/2018,2,64
23/04/2018,3,35
23/04/2018,4,59
23/04/2018,5,409
23/04/2018,6,1415
23/04/2018,7,3253
23/04/2018,8,5709
23/04/2018,9,3854
23/04/2018,10,2245
23/04/2018,11,2255
23/04/2018,12,2673
23/04/2018,13,2690
23/04/2018,14,2938
23/04/2018,15,3144
23/04/2018,16,3876
23/04/2018,17,6707
23/04/2018,18,6615
23/04/2018,19,3974
23/04/2018,20,2359
23/04/2018,21,1578
23/04/2018,22,978
23/04/2018,23,549
23/05/2014,0,249
23/05/2014,1,148
23/05/2014,2,73
23/05/2014,3,39
23/05/2014,4,49
23/05/2014,5,152
23/05/2014,6,685
23/05/2014,7,1376
23/05/2014,8,2635
23/05/2014,9,2040
23/05/2014,10,1157
23/05/2014,11,1289
23/05/2014,12,1497
23/05/2014,13,1952
23/05/2014,14,2194
23/05/2014,15,1960
23/05/2014,16,1672
23/05/2014,17,1844
23/05/2014,18,2146
23/05/2014,19,1028
23/05/2014,20,91
23/05/2014,21,63
23/05/2014,22,93
23/05/2014,23,52
23/05/2015,0,248
23/05/2015,1,147
23/05/2015,2,105
23/05/2015,3,64
23/05/2015,4,55
23/05/2015,5,53
23/05/2015,6,125
23/05/2015,7,278
23/05/2015,8,538
23/05/2015,9,921
23/05/2015,10,1286
23/05/2015,11,1577
23/05/2015,12,1875
23/05/2015,13,2125
23/05/2015,14,2075
23/05/2015,15,2217
23/05/2015,16,2202
23/05/2015,17,2056
23/05/2015,18,1790
23/05/2015,19,1536
23/05/2015,20,949
23/05/2015,21,666
23/05/2015,22,573
23/05/2015,23,449
23/05/2016,0,273
23/05/2016,1,131
23/05/2016,2,64
23/05/2016,3,32
23/05/2016,4,63
23/05/2016,5,309
23/05/2016,6,1183
23/05/2016,7,2694
23/05/2016,8,4715
23/05/2016,9,3248
23/05/2016,10,1890
23/05/2016,11,1893
23/05/2016,12,2220
23/05/2016,13,2362
23/05/2016,14,2457
23/05/2016,15,2700
23/05/2016,16,3375
23/05/2016,17,5464
23/05/2016,18,5099
23/05/2016,19,3452
23/05/2016,20,2166
23/05/2016,21,1362
23/05/2016,22,879
23/05/2016,23,547
23/05/2017,0,259
23/05/2017,1,126
23/05/2017,2,66
23/05/2017,3,32
23/05/2017,4,76
23/05/2017,5,462
23/05/2017,6,1811
23/05/2017,7,3703
23/05/2017,8,5599
23/05/2017,9,3694
23/05/2017,10,2063
23/05/2017,11,2248
23/05/2017,12,2488
23/05/2017,13,2599
23/05/2017,14,2746
23/05/2017,15,3098
23/05/2017,16,3897
23/05/2017,17,6691
23/05/2017,18,6906
23/05/2017,19,4392
23/05/2017,20,3089
23/05/2017,21,1968
23/05/2017,22,1330
23/05/2017,23,689
23/05/2018,0,421
23/05/2018,1,223
23/05/2018,2,72
23/05/2018,3,14
23/05/2018,4,39
23/05/2018,5,411
23/05/2018,6,1784
23/05/2018,7,3903
23/05/2018,8,6838
23/05/2018,9,4618
23/05/2018,10,2605
23/05/2018,11,2522
23/05/2018,12,3048
23/05/2018,13,3172
23/05/2018,14,3379
23/05/2018,15,3825
23/05/2018,16,4772
23/05/2018,17,7990
23/05/2018,18,8127
23/05/2018,19,5604
23/05/2018,20,3867
23/05/2018,21,2452
23/05/2018,22,1817
23/05/2018,23,1152
23/06/2014,0,238
23/06/2014,1,122
23/06/2014,2,59
23/06/2014,3,39
23/06/2014,4,46
23/06/2014,5,185
23/06/2014,6,864
23/06/2014,7,1785
23/06/2014,8,2896
23/06/2014,9,2119
23/06/2014,10,1102
23/06/2014,11,1076
23/06/2014,12,1354
23/06/2014,13,1406
23/06/2014,14,1521
23/06/2014,15,1675
23/06/2014,16,2042
23/06/2014,17,3259
23/06/2014,18,3672
23/06/2014,19,2714
23/06/2014,20,1883
23/06/2014,21,1220
23/06/2014,22,815
23/06/2014,23,488
23/06/2015,0,298
23/06/2015,1,129
23/06/2015,2,84
23/06/2015,3,33
23/06/2015,4,58
23/06/2015,5,276
23/06/2015,6,1147
23/06/2015,7,2169
23/06/2015,8,3706
23/06/2015,9,2706
23/06/2015,10,1386
23/06/2015,11,1335
23/06/2015,12,1515
23/06/2015,13,1560
23/06/2015,14,1588
23/06/2015,15,1622
23/06/2015,16,2067
23/06/2015,17,3534
23/06/2015,18,1739
23/06/2015,19,1275
23/06/2015,20,1507
23/06/2015,21,1137
23/06/2015,22,856
23/06/2015,23,567
23/06/2016,0,450
23/06/2016,1,220
23/06/2016,2,108
23/06/2016,3,59
23/06/2016,4,72
23/06/2016,5,333
23/06/2016,6,1326
23/06/2016,7,2885
23/06/2016,8,5317
23/06/2016,9,3747
23/06/2016,10,2040
23/06/2016,11,2046
23/06/2016,12,2166
23/06/2016,13,2347
23/06/2016,14,2485
23/06/2016,15,2648
23/06/2016,16,3315
23/06/2016,17,5452
23/06/2016,18,5411
23/06/2016,19,3912
23/06/2016,20,2605
23/06/2016,21,1887
23/06/2016,22,1410
23/06/2016,23,965
23/06/2017,0,690
23/06/2017,1,359
23/06/2017,2,177
23/06/2017,3,110
23/06/2017,4,101
23/06/2017,5,379
23/06/2017,6,1512
23/06/2017,7,3090
23/06/2017,8,5581
23/06/2017,9,4041
23/06/2017,10,2452
23/06/2017,11,2293
23/06/2017,12,2835
23/06/2017,13,2712
23/06/2017,14,3102
23/06/2017,15,3616
23/06/2017,16,4656
23/06/2017,17,5754
23/06/2017,18,4609
23/06/2017,19,2912
23/06/2017,20,1110
23/06/2017,21,1158
23/06/2017,22,1081
23/06/2017,23,993
23/07/2013,0,158
23/07/2013,1,92
23/07/2013,2,30
23/07/2013,3,6
23/07/2013,4,8
23/07/2013,5,116
23/07/2013,6,608
23/07/2013,7,1489
23/07/2013,8,2879
23/07/2013,9,2120
23/07/2013,10,1094
23/07/2013,11,1074
23/07/2013,12,1401
23/07/2013,13,1445
23/07/2013,14,1400
23/07/2013,15,1456
23/07/2013,16,1939
23/07/2013,17,3014
23/07/2013,18,3761
23/07/2013,19,2870
23/07/2013,20,2103
23/07/2013,21,1525
23/07/2013,22,1082
23/07/2013,23,706
23/07/2014,0,331
23/07/2014,1,155
23/07/2014,2,71
23/07/2014,3,36
23/07/2014,4,52
23/07/2014,5,247
23/07/2014,6,1049
23/07/2014,7,1978
23/07/2014,8,3294
23/07/2014,9,2547
23/07/2014,10,1438
23/07/2014,11,1298
23/07/2014,12,1513
23/07/2014,13,1545
23/07/2014,14,1456
23/07/2014,15,1645
23/07/2014,16,2151
23/07/2014,17,3623
23/07/2014,18,3925
23/07/2014,19,2761
23/07/2014,20,1496
23/07/2014,21,604
23/07/2014,22,565
23/07/2014,23,393
23/07/2015,0,413
23/07/2015,1,174
23/07/2015,2,88
23/07/2015,3,51
23/07/2015,4,50
23/07/2015,5,252
23/07/2015,6,1125
23/07/2015,7,2247
23/07/2015,8,3902
23/07/2015,9,2950
23/07/2015,10,1634
23/07/2015,11,1519
23/07/2015,12,1802
23/07/2015,13,1829
23/07/2015,14,1850
23/07/2015,15,1925
23/07/2015,16,2520
23/07/2015,17,4504
23/07/2015,18,4511
23/07/2015,19,3105
23/07/2015,20,2129
23/07/2015,21,1501
23/07/2015,22,1217
23/07/2015,23,877
23/07/2016,0,683
23/07/2016,1,476
23/07/2016,2,296
23/07/2016,3,185
23/07/2016,4,99
23/07/2016,5,111
23/07/2016,6,299
23/07/2016,7,652
23/07/2016,8,1198
23/07/2016,9,1750
23/07/2016,10,2261
23/07/2016,11,2654
23/07/2016,12,2764
23/07/2016,13,2675
23/07/2016,14,2794
23/07/2016,15,2763
23/07/2016,16,2709
23/07/2016,17,2701
23/07/2016,18,2719
23/07/2016,19,2217
23/07/2016,20,1946
23/07/2016,21,1426
23/07/2016,22,1167
23/07/2016,23,978
23/07/2017,0,104
23/07/2017,1,145
23/07/2017,2,229
23/07/2017,3,206
23/07/2017,4,82
23/07/2017,5,103
23/07/2017,6,215
23/07/2017,7,497
23/07/2017,8,1016
23/07/2017,9,1950
23/07/2017,10,2725
23/07/2017,11,3107
23/07/2017,12,2590
23/07/2017,13,3155
23/07/2017,14,3768
23/07/2017,15,4254
23/07/2017,16,4422
23/07/2017,17,4209
23/07/2017,18,4239
23/07/2017,19,3572
23/07/2017,20,2756
23/07/2017,21,1731
23/07/2017,22,1199
23/07/2017,23,668
23/08/2013,0,360
23/08/2013,1,203
23/08/2013,2,132
23/08/2013,3,83
23/08/2013,4,60
23/08/2013,5,175
23/08/2013,6,675
23/08/2013,7,1448
23/08/2013,8,2599
23/08/2013,9,1968
23/08/2013,10,1347
23/08/2013,11,1366
23/08/2013,12,1847
23/08/2013,13,2012
23/08/2013,14,1942
23/08/2013,15,2184
23/08/2013,16,2527
23/08/2013,17,3095
23/08/2013,18,2861
23/08/2013,19,2232
23/08/2013,20,1518
23/08/2013,21,1125
23/08/2013,22,991
23/08/2013,23,753
23/08/2014,0,464
23/08/2014,1,273
23/08/2014,2,188
23/08/2014,3,135
23/08/2014,4,109
23/08/2014,5,73
23/08/2014,6,167
23/08/2014,7,337
23/08/2014,8,653
23/08/2014,9,1065
23/08/2014,10,1433
23/08/2014,11,1780
23/08/2014,12,2058
23/08/2014,13,2231
23/08/2014,14,2292
23/08/2014,15,2264
23/08/2014,16,2198
23/08/2014,17,2048
23/08/2014,18,1957
23/08/2014,19,1642
23/08/2014,20,1025
23/08/2014,21,754
23/08/2014,22,675
23/08/2014,23,608
23/08/2015,0,621
23/08/2015,1,409
23/08/2015,2,259
23/08/2015,3,175
23/08/2015,4,131
23/08/2015,5,60
23/08/2015,6,140
23/08/2015,7,289
23/08/2015,8,575
23/08/2015,9,1085
23/08/2015,10,1627
23/08/2015,11,2112
23/08/2015,12,2515
23/08/2015,13,2747
23/08/2015,14,2860
23/08/2015,15,2803
23/08/2015,16,2761
23/08/2015,17,2905
23/08/2015,18,2577
23/08/2015,19,2295
23/08/2015,20,1641
23/08/2015,21,1149
23/08/2015,22,806
23/08/2015,23,529
23/08/2016,0,348
23/08/2016,1,172
23/08/2016,2,87
23/08/2016,3,57
23/08/2016,4,80
23/08/2016,5,387
23/08/2016,6,1718
23/08/2016,7,3352
23/08/2016,8,5567
23/08/2016,9,3941
23/08/2016,10,2114
23/08/2016,11,2099
23/08/2016,12,2492
23/08/2016,13,2528
23/08/2016,14,2594
23/08/2016,15,2753
23/08/2016,16,3588
23/08/2016,17,6352
23/08/2016,18,6385
23/08/2016,19,4702
23/08/2016,20,2963
23/08/2016,21,2011
23/08/2016,22,1502
23/08/2016,23,882
23/08/2017,0,70
23/08/2017,1,115
23/08/2017,2,92
23/08/2017,3,50
23/08/2017,4,87
23/08/2017,5,486
23/08/2017,6,1701
23/08/2017,7,3335
23/08/2017,8,5973
23/08/2017,9,4606
23/08/2017,10,2522
23/08/2017,11,2509
23/08/2017,12,2862
23/08/2017,13,2915
23/08/2017,14,2926
23/08/2017,15,3188
23/08/2017,16,4063
23/08/2017,17,6843
23/08/2017,18,7286
23/08/2017,19,5203
23/08/2017,20,3332
23/08/2017,21,2192
23/08/2017,22,1680
23/08/2017,23,1034
23/09/2013,0,177
23/09/2013,1,79
23/09/2013,2,44
23/09/2013,3,26
23/09/2013,4,39
23/09/2013,5,218
23/09/2013,6,810
23/09/2013,7,1875
23/09/2013,8,3050
23/09/2013,9,2360
23/09/2013,10,1316
23/09/2013,11,1342
23/09/2013,12,1637
23/09/2013,13,1642
23/09/2013,14,1755
23/09/2013,15,1885
23/09/2013,16,2395
23/09/2013,17,3887
23/09/2013,18,3921
23/09/2013,19,2662
23/09/2013,20,1718
23/09/2013,21,1112
23/09/2013,22,782
23/09/2013,23,420
23/09/2014,0,182
23/09/2014,1,92
23/09/2014,2,45
23/09/2014,3,25
23/09/2014,4,40
23/09/2014,5,216
23/09/2014,6,964
23/09/2014,7,2064
23/09/2014,8,3443
23/09/2014,9,2541
23/09/2014,10,1458
23/09/2014,11,1378
23/09/2014,12,1585
23/09/2014,13,1709
23/09/2014,14,1677
23/09/2014,15,1903
23/09/2014,16,2435
23/09/2014,17,4031
23/09/2014,18,3894
23/09/2014,19,2583
23/09/2014,20,1632
23/09/2014,21,1170
23/09/2014,22,796
23/09/2014,23,484
23/09/2015,0,358
23/09/2015,1,127
23/09/2015,2,75
23/09/2015,3,44
23/09/2015,4,65
23/09/2015,5,265
23/09/2015,6,1255
23/09/2015,7,2467
23/09/2015,8,4332
23/09/2015,9,3315
23/09/2015,10,2031
23/09/2015,11,1944
23/09/2015,12,2193
23/09/2015,13,2272
23/09/2015,14,2271
23/09/2015,15,2571
23/09/2015,16,3312
23/09/2015,17,5128
23/09/2015,18,5218
23/09/2015,19,3334
23/09/2015,20,2202
23/09/2015,21,1655
23/09/2015,22,1205
23/09/2015,23,727
23/09/2016,0,625
23/09/2016,1,266
23/09/2016,2,183
23/09/2016,3,95
23/09/2016,4,102
23/09/2016,5,392
23/09/2016,6,1515
23/09/2016,7,3649
23/09/2016,8,6478
23/09/2016,9,4332
23/09/2016,10,2667
23/09/2016,11,2740
23/09/2016,12,3125
23/09/2016,13,3227
23/09/2016,14,3571
23/09/2016,15,3778
23/09/2016,16,5125
23/09/2016,17,6946
23/09/2016,18,5753
23/09/2016,19,3907
23/09/2016,20,2570
23/09/2016,21,1808
23/09/2016,22,1450
23/09/2016,23,1213
23/09/2017,0,887
23/09/2017,1,603
23/09/2017,2,386
23/09/2017,3,232
23/09/2017,4,148
23/09/2017,5,129
23/09/2017,6,329
23/09/2017,7,860
23/09/2017,8,1804
23/09/2017,9,2861
23/09/2017,10,3787
23/09/2017,11,4558
23/09/2017,12,5095
23/09/2017,13,5177
23/09/2017,14,5160
23/09/2017,15,5269
23/09/2017,16,4959
23/09/2017,17,4685
23/09/2017,18,4599
23/09/2017,19,3667
23/09/2017,20,2409
23/09/2017,21,1971
23/09/2017,22,1660
23/09/2017,23,1452
23/10/2013,0,239
23/10/2013,1,107
23/10/2013,2,56
23/10/2013,3,35
23/10/2013,4,49
23/10/2013,5,173
23/10/2013,6,845
23/10/2013,7,1854
23/10/2013,8,3403
23/10/2013,9,2442
23/10/2013,10,1367
23/10/2013,11,1220
23/10/2013,12,1462
23/10/2013,13,1482
23/10/2013,14,1480
23/10/2013,15,1705
23/10/2013,16,2209
23/10/2013,17,3601
23/10/2013,18,3217
23/10/2013,19,1754
23/10/2013,20,1430
23/10/2013,21,1088
23/10/2013,22,711
23/10/2013,23,436
23/10/2014,0,110
23/10/2014,1,58
23/10/2014,2,52
23/10/2014,3,26
23/10/2014,4,27
23/10/2014,5,74
23/10/2014,6,230
23/10/2014,7,394
23/10/2014,8,387
23/10/2014,9,564
23/10/2014,10,420
23/10/2014,11,233
23/10/2014,12,199
23/10/2014,13,256
23/10/2014,14,248
23/10/2014,15,513
23/10/2014,16,1041
23/10/2014,17,2128
23/10/2014,18,2131
23/10/2014,19,1545
23/10/2014,20,1068
23/10/2014,21,696
23/10/2014,22,598
23/10/2014,23,373
23/10/2015,0,463
23/10/2015,1,235
23/10/2015,2,138
23/10/2015,3,66
23/10/2015,4,64
23/10/2015,5,244
23/10/2015,6,1019
23/10/2015,7,2441
23/10/2015,8,4592
23/10/2015,9,3486
23/10/2015,10,1996
23/10/2015,11,1879
23/10/2015,12,2243
23/10/2015,13,2317
23/10/2015,14,2570
23/10/2015,15,2830
23/10/2015,16,3526
23/10/2015,17,4785
23/10/2015,18,3762
23/10/2015,19,2324
23/10/2015,20,1368
23/10/2015,21,966
23/10/2015,22,724
23/10/2015,23,641
23/10/2017,0,333
23/10/2017,1,170
23/10/2017,2,86
23/10/2017,3,48
23/10/2017,4,93
23/10/2017,5,450
23/10/2017,6,1753
23/10/2017,7,4042
23/10/2017,8,6839
23/10/2017,9,4515
23/10/2017,10,2769
23/10/2017,11,2760
23/10/2017,12,3036
23/10/2017,13,3267
23/10/2017,14,3427
23/10/2017,15,3768
23/10/2017,16,4795
23/10/2017,17,7806
23/10/2017,18,7510
23/10/2017,19,4534
23/10/2017,20,2983
23/10/2017,21,2130
23/10/2017,22,1372
23/10/2017,23,788
23/11/2013,0,420
23/11/2013,1,259
23/11/2013,2,179
23/11/2013,3,120
23/11/2013,4,58
23/11/2013,5,39
23/11/2013,6,120
23/11/2013,7,264
23/11/2013,8,515
23/11/2013,9,939
23/11/2013,10,1163
23/11/2013,11,1502
23/11/2013,12,1765
23/11/2013,13,1960
23/11/2013,14,1854
23/11/2013,15,1802
23/11/2013,16,1525
23/11/2013,17,1178
23/11/2013,18,1033
23/11/2013,19,754
23/11/2013,20,521
23/11/2013,21,409
23/11/2013,22,333
23/11/2013,23,284
23/11/2014,0,240
23/11/2014,1,173
23/11/2014,2,116
23/11/2014,3,78
23/11/2014,4,49
23/11/2014,5,29
23/11/2014,6,76
23/11/2014,7,172
23/11/2014,8,319
23/11/2014,9,559
23/11/2014,10,798
23/11/2014,11,1056
23/11/2014,12,1272
23/11/2014,13,1413
23/11/2014,14,1509
23/11/2014,15,1536
23/11/2014,16,1490
23/11/2014,17,1223
23/11/2014,18,1026
23/11/2014,19,746
23/11/2014,20,605
23/11/2014,21,527
23/11/2014,22,394
23/11/2014,23,263
23/11/2015,0,152
23/11/2015,1,59
23/11/2015,2,44
23/11/2015,3,16
23/11/2015,4,48
23/11/2015,5,200
23/11/2015,6,912
23/11/2015,7,2028
23/11/2015,8,3531
23/11/2015,9,2290
23/11/2015,10,1201
23/11/2015,11,1107
23/11/2015,12,1261
23/11/2015,13,1359
23/11/2015,14,1398
23/11/2015,15,1607
23/11/2015,16,1927
23/11/2015,17,3185
23/11/2015,18,3009
23/11/2015,19,1950
23/11/2015,20,1172
23/11/2015,21,843
23/11/2015,22,539
23/11/2015,23,298
23/11/2017,0,239
23/11/2017,1,145
23/11/2017,2,82
23/11/2017,3,61
23/11/2017,4,52
23/11/2017,5,75
23/11/2017,6,172
23/11/2017,7,365
23/11/2017,8,614
23/11/2017,9,886
23/11/2017,10,1066
23/11/2017,11,1301
23/11/2017,12,1327
23/11/2017,13,1277
23/11/2017,14,1212
23/11/2017,15,1119
23/11/2017,16,889
23/11/2017,17,579
23/11/2017,18,407
23/11/2017,19,353
23/11/2017,20,373
23/11/2017,21,358
23/11/2017,22,424
23/11/2017,23,329
23/12/2013,0,173
23/12/2013,1,83
23/12/2013,2,51
23/12/2013,3,34
23/12/2013,4,30
23/12/2013,5,57
23/12/2013,6,109
23/12/2013,7,175
23/12/2013,8,269
23/12/2013,9,443
23/12/2013,10,397
23/12/2013,11,259
23/12/2013,12,291
23/12/2013,13,243
23/12/2013,14,264
23/12/2013,15,396
23/12/2013,16,431
23/12/2013,17,859
23/12/2013,18,704
23/12/2013,19,615
23/12/2013,20,370
23/12/2013,21,255
23/12/2013,22,264
23/12/2013,23,184
23/12/2014,0,90
23/12/2014,1,26
23/12/2014,2,21
23/12/2014,3,24
23/12/2014,4,23
23/12/2014,5,57
23/12/2014,6,243
23/12/2014,7,424
23/12/2014,8,756
23/12/2014,9,589
23/12/2014,10,416
23/12/2014,11,443
23/12/2014,12,523
23/12/2014,13,509
23/12/2014,14,599
23/12/2014,15,669
23/12/2014,16,870
23/12/2014,17,908
23/12/2014,18,814
23/12/2014,19,458
23/12/2014,20,310
23/12/2014,21,284
23/12/2014,22,209
23/12/2014,23,157
23/12/2015,0,246
23/12/2015,1,176
23/12/2015,2,67
23/12/2015,3,48
23/12/2015,4,59
23/12/2015,5,159
23/12/2015,6,650
23/12/2015,7,1274
23/12/2015,8,2328
23/12/2015,9,1930
23/12/2015,10,1310
23/12/2015,11,1050
23/12/2015,12,1108
23/12/2015,13,897
23/12/2015,14,1078
23/12/2015,15,412
23/12/2015,16,189
23/12/2015,17,308
23/12/2015,18,476
23/12/2015,19,265
23/12/2015,20,218
23/12/2015,21,236
23/12/2015,22,150
23/12/2015,23,183
23/12/2017,0,315
23/12/2017,1,184
23/12/2017,2,114
23/12/2017,3,101
23/12/2017,4,38
23/12/2017,5,37
23/12/2017,6,77
23/12/2017,7,176
23/12/2017,8,224
23/12/2017,9,324
23/12/2017,10,384
23/12/2017,11,325
23/12/2017,12,281
23/12/2017,13,529
23/12/2017,14,924
23/12/2017,15,1261
23/12/2017,16,1138
23/12/2017,17,946
23/12/2017,18,408
23/12/2017,19,428
23/12/2017,20,400
23/12/2017,21,378
23/12/2017,22,331
23/12/2017,23,285
24/01/2014,0,56
24/01/2014,1,20
24/01/2014,2,12
24/01/2014,3,9
24/01/2014,4,13
24/01/2014,5,34
24/01/2014,6,146
24/01/2014,7,314
24/01/2014,8,582
24/01/2014,9,520
24/01/2014,10,267
24/01/2014,11,222
24/01/2014,12,281
24/01/2014,13,295
24/01/2014,14,361
24/01/2014,15,332
24/01/2014,16,455
24/01/2014,17,703
24/01/2014,18,573
24/01/2014,19,395
24/01/2014,20,218
24/01/2014,21,153
24/01/2014,22,114
24/01/2014,23,101
24/01/2015,0,118
24/01/2015,1,51
24/01/2015,2,23
24/01/2015,3,10
24/01/2015,4,14
24/01/2015,5,10
24/01/2015,6,14
24/01/2015,7,29
24/01/2015,8,74
24/01/2015,9,132
24/01/2015,10,188
24/01/2015,11,255
24/01/2015,12,286
24/01/2015,13,368
24/01/2015,14,365
24/01/2015,15,463
24/01/2015,16,410
24/01/2015,17,407
24/01/2015,18,386
24/01/2015,19,351
24/01/2015,20,285
24/01/2015,21,197
24/01/2015,22,191
24/01/2015,23,187
24/01/2018,0,183
24/01/2018,1,80
24/01/2018,2,41
24/01/2018,3,30
24/01/2018,4,44
24/01/2018,5,344
24/01/2018,6,1134
24/01/2018,7,2639
24/01/2018,8,4455
24/01/2018,9,3006
24/01/2018,10,1554
24/01/2018,11,1378
24/01/2018,12,1595
24/01/2018,13,1598
24/01/2018,14,1653
24/01/2018,15,1796
24/01/2018,16,2167
24/01/2018,17,3518
24/01/2018,18,3364
24/01/2018,19,2171
24/01/2018,20,1365
24/01/2018,21,1020
24/01/2018,22,614
24/01/2018,23,329
24/02/2014,0,62
24/02/2014,1,26
24/02/2014,2,16
24/02/2014,3,12
24/02/2014,4,17
24/02/2014,5,80
24/02/2014,6,429
24/02/2014,7,847
24/02/2014,8,1469
24/02/2014,9,1056
24/02/2014,10,509
24/02/2014,11,443
24/02/2014,12,538
24/02/2014,13,560
24/02/2014,14,539
24/02/2014,15,653
24/02/2014,16,789
24/02/2014,17,1390
24/02/2014,18,1312
24/02/2014,19,847
24/02/2014,20,580
24/02/2014,21,335
24/02/2014,22,282
24/02/2014,23,131
24/02/2015,0,37
24/02/2015,1,18
24/02/2015,2,7
24/02/2015,3,5
24/02/2015,4,15
24/02/2015,5,52
24/02/2015,6,196
24/02/2015,7,414
24/02/2015,8,777
24/02/2015,9,566
24/02/2015,10,273
24/02/2015,11,232
24/02/2015,12,268
24/02/2015,13,272
24/02/2015,14,310
24/02/2015,15,345
24/02/2015,16,472
24/02/2015,17,823
24/02/2015,18,813
24/02/2015,19,539
24/02/2015,20,388
24/02/2015,21,303
24/02/2015,22,161
24/02/2015,23,116
24/02/2016,0,61
24/02/2016,1,23
24/02/2016,2,11
24/02/2016,3,9
24/02/2016,4,25
24/02/2016,5,102
24/02/2016,6,367
24/02/2016,7,656
24/02/2016,8,1031
24/02/2016,9,691
24/02/2016,10,394
24/02/2016,11,164
24/02/2016,12,122
24/02/2016,13,190
24/02/2016,14,365
24/02/2016,15,570
24/02/2016,16,621
24/02/2016,17,927
24/02/2016,18,1566
24/02/2016,19,682
24/02/2016,20,529
24/02/2016,21,337
24/02/2016,22,193
24/02/2016,23,125
24/02/2018,0,421
24/02/2018,1,242
24/02/2018,2,152
24/02/2018,3,118
24/02/2018,4,70
24/02/2018,5,83
24/02/2018,6,237
24/02/2018,7,519
24/02/2018,8,1075
24/02/2018,9,1808
24/02/2018,10,2324
24/02/2018,11,2776
24/02/2018,12,2779
24/02/2018,13,2674
24/02/2018,14,2481
24/02/2018,15,898
24/02/2018,16,1198
24/02/2018,17,1221
24/02/2018,18,1292
24/02/2018,19,1051
24/02/2018,20,790
24/02/2018,21,478
24/02/2018,22,430
24/02/2018,23,433
24/03/2014,0,63
24/03/2014,1,28
24/03/2014,2,16
24/03/2014,3,7
24/03/2014,4,17
24/03/2014,5,94
24/03/2014,6,356
24/03/2014,7,667
24/03/2014,8,1290
24/03/2014,9,960
24/03/2014,10,549
24/03/2014,11,470
24/03/2014,12,518
24/03/2014,13,568
24/03/2014,14,634
24/03/2014,15,690
24/03/2014,16,835
24/03/2014,17,1621
24/03/2014,18,1683
24/03/2014,19,1069
24/03/2014,20,611
24/03/2014,21,420
24/03/2014,22,288
24/03/2014,23,144
24/03/2015,0,74
24/03/2015,1,27
24/03/2015,2,22
24/03/2015,3,19
24/03/2015,4,24
24/03/2015,5,104
24/03/2015,6,451
24/03/2015,7,925
24/03/2015,8,1671
24/03/2015,9,1209
24/03/2015,10,611
24/03/2015,11,540
24/03/2015,12,597
24/03/2015,13,644
24/03/2015,14,731
24/03/2015,15,802
24/03/2015,16,1095
24/03/2015,17,1958
24/03/2015,18,1819
24/03/2015,19,1108
24/03/2015,20,683
24/03/2015,21,495
24/03/2015,22,373
24/03/2015,23,184
24/03/2016,0,281
24/03/2016,1,116
24/03/2016,2,51
24/03/2016,3,27
24/03/2016,4,47
24/03/2016,5,212
24/03/2016,6,888
24/03/2016,7,1957
24/03/2016,8,3630
24/03/2016,9,2986
24/03/2016,10,1505
24/03/2016,11,1603
24/03/2016,12,1760
24/03/2016,13,1879
24/03/2016,14,1945
24/03/2016,15,2168
24/03/2016,16,2604
24/03/2016,17,3641
24/03/2016,18,3509
24/03/2016,19,2142
24/03/2016,20,1329
24/03/2016,21,1024
24/03/2016,22,730
24/03/2016,23,461
24/03/2018,0,383
24/03/2018,1,244
24/03/2018,2,129
24/03/2018,3,82
24/03/2018,4,60
24/03/2018,5,58
24/03/2018,6,170
24/03/2018,7,463
24/03/2018,8,906
24/03/2018,9,1489
24/03/2018,10,1982
24/03/2018,11,2471
24/03/2018,12,2879
24/03/2018,13,3115
24/03/2018,14,3292
24/03/2018,15,3217
24/03/2018,16,3206
24/03/2018,17,2821
24/03/2018,18,2493
24/03/2018,19,1739
24/03/2018,20,1079
24/03/2018,21,888
24/03/2018,22,683
24/03/2018,23,549
24/04/2014,0,181
24/04/2014,1,55
24/04/2014,2,47
24/04/2014,3,34
24/04/2014,4,32
24/04/2014,5,153
24/04/2014,6,639
24/04/2014,7,1413
24/04/2014,8,2554
24/04/2014,9,1968
24/04/2014,10,1068
24/04/2014,11,986
24/04/2014,12,1241
24/04/2014,13,1355
24/04/2014,14,1387
24/04/2014,15,1491
24/04/2014,16,1855
24/04/2014,17,3060
24/04/2014,18,3240
24/04/2014,19,2088
24/04/2014,20,1287
24/04/2014,21,836
24/04/2014,22,669
24/04/2014,23,468
24/04/2015,0,143
24/04/2015,1,80
24/04/2015,2,45
24/04/2015,3,17
24/04/2015,4,25
24/04/2015,5,134
24/04/2015,6,553
24/04/2015,7,1154
24/04/2015,8,1959
24/04/2015,9,1625
24/04/2015,10,875
24/04/2015,11,851
24/04/2015,12,993
24/04/2015,13,1065
24/04/2015,14,1178
24/04/2015,15,1280
24/04/2015,16,1722
24/04/2015,17,2417
24/04/2015,18,2032
24/04/2015,19,1174
24/04/2015,20,702
24/04/2015,21,390
24/04/2015,22,335
24/04/2015,23,232
24/04/2016,0,446
24/04/2016,1,307
24/04/2016,2,139
24/04/2016,3,99
24/04/2016,4,52
24/04/2016,5,61
24/04/2016,6,122
24/04/2016,7,363
24/04/2016,8,690
24/04/2016,9,1330
24/04/2016,10,2102
24/04/2016,11,2674
24/04/2016,12,3234
24/04/2016,13,3424
24/04/2016,14,3540
24/04/2016,15,3687
24/04/2016,16,3691
24/04/2016,17,3579
24/04/2016,18,3017
24/04/2016,19,2078
24/04/2016,20,1300
24/04/2016,21,798
24/04/2016,22,658
24/04/2016,23,475
24/04/2017,0,226
24/04/2017,1,100
24/04/2017,2,46
24/04/2017,3,32
24/04/2017,4,67
24/04/2017,5,347
24/04/2017,6,1406
24/04/2017,7,2852
24/04/2017,8,4991
24/04/2017,9,3377
24/04/2017,10,1936
24/04/2017,11,1824
24/04/2017,12,2070
24/04/2017,13,2202
24/04/2017,14,2225
24/04/2017,15,2327
24/04/2017,16,3227
24/04/2017,17,5518
24/04/2017,18,5368
24/04/2017,19,3558
24/04/2017,20,2176
24/04/2017,21,1414
24/04/2017,22,897
24/04/2017,23,506
24/04/2018,0,315
24/04/2018,1,165
24/04/2018,2,76
24/04/2018,3,47
24/04/2018,4,62
24/04/2018,5,426
24/04/2018,6,1697
24/04/2018,7,3636
24/04/2018,8,6474
24/04/2018,9,4416
24/04/2018,10,2482
24/04/2018,11,2332
24/04/2018,12,2662
24/04/2018,13,2791
24/04/2018,14,2794
24/04/2018,15,3004
24/04/2018,16,3839
24/04/2018,17,6455
24/04/2018,18,6272
24/04/2018,19,3854
24/04/2018,20,2422
24/04/2018,21,1513
24/04/2018,22,612
24/04/2018,23,181
24/05/2014,0,36
24/05/2014,1,57
24/05/2014,2,69
24/05/2014,3,50
24/05/2014,4,49
24/05/2014,5,53
24/05/2014,6,133
24/05/2014,7,211
24/05/2014,8,444
24/05/2014,9,814
24/05/2014,10,1163
24/05/2014,11,1586
24/05/2014,12,1711
24/05/2014,13,1935
24/05/2014,14,1859
24/05/2014,15,1824
24/05/2014,16,1356
24/05/2014,17,240
24/05/2014,18,421
24/05/2014,19,742
24/05/2014,20,681
24/05/2014,21,516
24/05/2014,22,451
24/05/2014,23,397
24/05/2015,0,275
24/05/2015,1,171
24/05/2015,2,143
24/05/2015,3,77
24/05/2015,4,61
24/05/2015,5,40
24/05/2015,6,88
24/05/2015,7,233
24/05/2015,8,450
24/05/2015,9,849
24/05/2015,10,1360
24/05/2015,11,1698
24/05/2015,12,2086
24/05/2015,13,2118
24/05/2015,14,2161
24/05/2015,15,2182
24/05/2015,16,2252
24/05/2015,17,2110
24/05/2015,18,2017
24/05/2015,19,1643
24/05/2015,20,1145
24/05/2015,21,843
24/05/2015,22,619
24/05/2015,23,530
24/05/2016,0,236
24/05/2016,1,109
24/05/2016,2,33
24/05/2016,3,24
24/05/2016,4,25
24/05/2016,5,118
24/05/2016,6,387
24/05/2016,7,725
24/05/2016,8,1868
24/05/2016,9,1624
24/05/2016,10,1189
24/05/2016,11,1400
24/05/2016,12,1679
24/05/2016,13,1811
24/05/2016,14,2033
24/05/2016,15,2240
24/05/2016,16,2815
24/05/2016,17,4256
24/05/2016,18,4294
24/05/2016,19,2869
24/05/2016,20,2011
24/05/2016,21,1489
24/05/2016,22,955
24/05/2016,23,606
24/05/2017,0,386
24/05/2017,1,183
24/05/2017,2,110
24/05/2017,3,40
24/05/2017,4,62
24/05/2017,5,284
24/05/2017,6,951
24/05/2017,7,3045
24/05/2017,8,5913
24/05/2017,9,4368
24/05/2017,10,2359
24/05/2017,11,2233
24/05/2017,12,2791
24/05/2017,13,2936
24/05/2017,14,2907
24/05/2017,15,3158
24/05/2017,16,3934
24/05/2017,17,6644
24/05/2017,18,6731
24/05/2017,19,4572
24/05/2017,20,2935
24/05/2017,21,1858
24/05/2017,22,1409
24/05/2017,23,813
24/05/2018,0,535
24/05/2018,1,271
24/05/2018,2,125
24/05/2018,3,100
24/05/2018,4,107
24/05/2018,5,499
24/05/2018,6,1932
24/05/2018,7,4056
24/05/2018,8,7114
24/05/2018,9,4911
24/05/2018,10,3005
24/05/2018,11,2798
24/05/2018,12,3413
24/05/2018,13,3523
24/05/2018,14,3599
24/05/2018,15,4056
24/05/2018,16,5066
24/05/2018,17,7914
24/05/2018,18,7591
24/05/2018,19,5217
24/05/2018,20,3523
24/05/2018,21,2460
24/05/2018,22,1777
24/05/2018,23,1218
24/06/2014,0,294
24/06/2014,1,108
24/06/2014,2,59
24/06/2014,3,32
24/06/2014,4,43
24/06/2014,5,241
24/06/2014,6,980
24/06/2014,7,1964
24/06/2014,8,3313
24/06/2014,9,2502
24/06/2014,10,1300
24/06/2014,11,1388
24/06/2014,12,1528
24/06/2014,13,1449
24/06/2014,14,1619
24/06/2014,15,1712
24/06/2014,16,2181
24/06/2014,17,3603
24/06/2014,18,3998
24/06/2014,19,2808
24/06/2014,20,1979
24/06/2014,21,1325
24/06/2014,22,925
24/06/2014,23,546
24/06/2015,0,277
24/06/2015,1,158
24/06/2015,2,76
24/06/2015,3,55
24/06/2015,4,45
24/06/2015,5,278
24/06/2015,6,1147
24/06/2015,7,2321
24/06/2015,8,3878
24/06/2015,9,2842
24/06/2015,10,1575
24/06/2015,11,1375
24/06/2015,12,1670
24/06/2015,13,1717
24/06/2015,14,1826
24/06/2015,15,1846
24/06/2015,16,2501
24/06/2015,17,4228
24/06/2015,18,4260
24/06/2015,19,3141
24/06/2015,20,2356
24/06/2015,21,1635
24/06/2015,22,1147
24/06/2015,23,716
24/06/2016,0,507
24/06/2016,1,257
24/06/2016,2,166
24/06/2016,3,99
24/06/2016,4,100
24/06/2016,5,429
24/06/2016,6,1238
24/06/2016,7,2596
24/06/2016,8,4762
24/06/2016,9,3557
24/06/2016,10,2217
24/06/2016,11,2156
24/06/2016,12,2605
24/06/2016,13,2948
24/06/2016,14,3118
24/06/2016,15,3436
24/06/2016,16,4243
24/06/2016,17,5497
24/06/2016,18,4651
24/06/2016,19,3270
24/06/2016,20,2399
24/06/2016,21,1700
24/06/2016,22,1239
24/06/2016,23,996
24/06/2017,0,683
24/06/2017,1,310
24/06/2017,2,216
24/06/2017,3,128
24/06/2017,4,113
24/06/2017,5,63
24/06/2017,6,50
24/06/2017,7,77
24/06/2017,8,439
24/06/2017,9,1596
24/06/2017,10,2792
24/06/2017,11,3574
24/06/2017,12,4249
24/06/2017,13,4489
24/06/2017,14,4484
24/06/2017,15,4502
24/06/2017,16,4471
24/06/2017,17,4317
24/06/2017,18,4072
24/06/2017,19,3498
24/06/2017,20,2669
24/06/2017,21,2209
24/06/2017,22,1717
24/06/2017,23,1435
24/07/2013,0,365
24/07/2013,1,162
24/07/2013,2,70
24/07/2013,3,52
24/07/2013,4,29
24/07/2013,5,164
24/07/2013,6,742
24/07/2013,7,1643
24/07/2013,8,3019
24/07/2013,9,2228
24/07/2013,10,1179
24/07/2013,11,1123
24/07/2013,12,1582
24/07/2013,13,1600
24/07/2013,14,1513
24/07/2013,15,1615
24/07/2013,16,2047
24/07/2013,17,3445
24/07/2013,18,3732
24/07/2013,19,3094
24/07/2013,20,2226
24/07/2013,21,1532
24/07/2013,22,1257
24/07/2013,23,852
24/07/2014,0,181
24/07/2014,1,123
24/07/2014,2,78
24/07/2014,3,38
24/07/2014,4,49
24/07/2014,5,244
24/07/2014,6,946
24/07/2014,7,1878
24/07/2014,8,3202
24/07/2014,9,2539
24/07/2014,10,1280
24/07/2014,11,1226
24/07/2014,12,1565
24/07/2014,13,1619
24/07/2014,14,1628
24/07/2014,15,1729
24/07/2014,16,2359
24/07/2014,17,3883
24/07/2014,18,4043
24/07/2014,19,2903
24/07/2014,20,1942
24/07/2014,21,1374
24/07/2014,22,1088
24/07/2014,23,776
24/07/2015,0,519
24/07/2015,1,274
24/07/2015,2,114
24/07/2015,3,55
24/07/2015,4,60
24/07/2015,5,229
24/07/2015,6,936
24/07/2015,7,1912
24/07/2015,8,3560
24/07/2015,9,2764
24/07/2015,10,1558
24/07/2015,11,1625
24/07/2015,12,1901
24/07/2015,13,2174
24/07/2015,14,2299
24/07/2015,15,2490
24/07/2015,16,3261
24/07/2015,17,4107
24/07/2015,18,3372
24/07/2015,19,2463
24/07/2015,20,1726
24/07/2015,21,1206
24/07/2015,22,986
24/07/2015,23,739
24/07/2016,0,677
24/07/2016,1,522
24/07/2016,2,313
24/07/2016,3,195
24/07/2016,4,157
24/07/2016,5,117
24/07/2016,6,210
24/07/2016,7,442
24/07/2016,8,926
24/07/2016,9,1561
24/07/2016,10,2121
24/07/2016,11,2591
24/07/2016,12,2933
24/07/2016,13,3067
24/07/2016,14,3003
24/07/2016,15,3017
24/07/2016,16,3180
24/07/2016,17,3251
24/07/2016,18,3102
24/07/2016,19,2806
24/07/2016,20,2119
24/07/2016,21,1521
24/07/2016,22,1132
24/07/2016,23,674
24/07/2017,0,313
24/07/2017,1,171
24/07/2017,2,66
24/07/2017,3,66
24/07/2017,4,59
24/07/2017,5,73
24/07/2017,6,590
24/07/2017,7,2055
24/07/2017,8,3139
24/07/2017,9,1247
24/07/2017,10,247
24/07/2017,11,701
24/07/2017,12,1562
24/07/2017,13,2046
24/07/2017,14,2316
24/07/2017,15,2745
24/07/2017,16,3594
24/07/2017,17,6282
24/07/2017,18,6263
24/07/2017,19,4499
24/07/2017,20,2282
24/07/2017,21,1581
24/07/2017,22,1179
24/07/2017,23,716
24/08/2013,0,619
24/08/2013,1,399
24/08/2013,2,259
24/08/2013,3,147
24/08/2013,4,81
24/08/2013,5,55
24/08/2013,6,142
24/08/2013,7,319
24/08/2013,8,660
24/08/2013,9,1161
24/08/2013,10,1726
24/08/2013,11,2068
24/08/2013,12,2504
24/08/2013,13,2692
24/08/2013,14,2768
24/08/2013,15,2755
24/08/2013,16,2836
24/08/2013,17,2637
24/08/2013,18,2583
24/08/2013,19,2176
24/08/2013,20,1465
24/08/2013,21,1111
24/08/2013,22,972
24/08/2013,23,806
24/08/2014,0,431
24/08/2014,1,360
24/08/2014,2,272
24/08/2014,3,130
24/08/2014,4,85
24/08/2014,5,63
24/08/2014,6,125
24/08/2014,7,219
24/08/2014,8,458
24/08/2014,9,934
24/08/2014,10,1397
24/08/2014,11,1774
24/08/2014,12,2130
24/08/2014,13,2354
24/08/2014,14,2380
24/08/2014,15,2350
24/08/2014,16,2466
24/08/2014,17,2327
24/08/2014,18,2106
24/08/2014,19,1906
24/08/2014,20,1254
24/08/2014,21,813
24/08/2014,22,707
24/08/2014,23,452
24/08/2015,0,251
24/08/2015,1,137
24/08/2015,2,61
24/08/2015,3,28
24/08/2015,4,67
24/08/2015,5,228
24/08/2015,6,992
24/08/2015,7,2019
24/08/2015,8,3475
24/08/2015,9,2562
24/08/2015,10,1337
24/08/2015,11,1374
24/08/2015,12,1606
24/08/2015,13,1644
24/08/2015,14,1705
24/08/2015,15,1862
24/08/2015,16,2415
24/08/2015,17,4319
24/08/2015,18,4631
24/08/2015,19,3309
24/08/2015,20,2035
24/08/2015,21,1336
24/08/2015,22,983
24/08/2015,23,567
24/08/2016,0,430
24/08/2016,1,224
24/08/2016,2,92
24/08/2016,3,52
24/08/2016,4,84
24/08/2016,5,393
24/08/2016,6,1629
24/08/2016,7,3245
24/08/2016,8,5608
24/08/2016,9,3935
24/08/2016,10,2221
24/08/2016,11,2169
24/08/2016,12,2431
24/08/2016,13,2521
24/08/2016,14,2445
24/08/2016,15,2632
24/08/2016,16,3480
24/08/2016,17,6300
24/08/2016,18,6464
24/08/2016,19,4520
24/08/2016,20,2962
24/08/2016,21,2025
24/08/2016,22,1416
24/08/2016,23,876
24/08/2017,0,546
24/08/2017,1,254
24/08/2017,2,120
24/08/2017,3,85
24/08/2017,4,94
24/08/2017,5,464
24/08/2017,6,1766
24/08/2017,7,3381
24/08/2017,8,6158
24/08/2017,9,4526
24/08/2017,10,2633
24/08/2017,11,2509
24/08/2017,12,2984
24/08/2017,13,3088
24/08/2017,14,3005
24/08/2017,15,3234
24/08/2017,16,4254
24/08/2017,17,7123
24/08/2017,18,6991
24/08/2017,19,5012
24/08/2017,20,3125
24/08/2017,21,2153
24/08/2017,22,1673
24/08/2017,23,1129
24/09/2013,0,232
24/09/2013,1,115
24/09/2013,2,59
24/09/2013,3,27
24/09/2013,4,40
24/09/2013,5,211
24/09/2013,6,912
24/09/2013,7,1968
24/09/2013,8,3453
24/09/2013,9,2499
24/09/2013,10,1507
24/09/2013,11,1400
24/09/2013,12,1847
24/09/2013,13,1882
24/09/2013,14,1864
24/09/2013,15,1971
24/09/2013,16,2599
24/09/2013,17,4187
24/09/2013,18,4183
24/09/2013,19,2654
24/09/2013,20,1878
24/09/2013,21,1315
24/09/2013,22,995
24/09/2013,23,619
24/09/2014,0,258
24/09/2014,1,105
24/09/2014,2,50
24/09/2014,3,39
24/09/2014,4,44
24/09/2014,5,241
24/09/2014,6,1068
24/09/2014,7,2133
24/09/2014,8,3490
24/09/2014,9,2478
24/09/2014,10,1436
24/09/2014,11,1354
24/09/2014,12,1649
24/09/2014,13,1697
24/09/2014,14,1873
24/09/2014,15,1912
24/09/2014,16,2328
24/09/2014,17,3691
24/09/2014,18,3654
24/09/2014,19,2256
24/09/2014,20,1424
24/09/2014,21,1031
24/09/2014,22,767
24/09/2014,23,503
24/09/2015,0,391
24/09/2015,1,158
24/09/2015,2,92
24/09/2015,3,71
24/09/2015,4,72
24/09/2015,5,314
24/09/2015,6,1300
24/09/2015,7,2966
24/09/2015,8,5089
24/09/2015,9,3571
24/09/2015,10,2191
24/09/2015,11,2057
24/09/2015,12,2321
24/09/2015,13,2387
24/09/2015,14,2462
24/09/2015,15,2755
24/09/2015,16,3449
24/09/2015,17,5483
24/09/2015,18,5517
24/09/2015,19,3453
24/09/2015,20,2447
24/09/2015,21,1772
24/09/2015,22,1455
24/09/2015,23,933
24/09/2016,0,638
24/09/2016,1,76
24/09/2016,2,177
24/09/2016,3,193
24/09/2016,4,116
24/09/2016,5,72
24/09/2016,6,243
24/09/2016,7,577
24/09/2016,8,1239
24/09/2016,9,2134
24/09/2016,10,2945
24/09/2016,11,3645
24/09/2016,12,4150
24/09/2016,13,4479
24/09/2016,14,4844
24/09/2016,15,4857
24/09/2016,16,4798
24/09/2016,17,4746
24/09/2016,18,4154
24/09/2016,19,3061
24/09/2016,20,1989
24/09/2016,21,1543
24/09/2016,22,1405
24/09/2016,23,1178
24/09/2017,0,966
24/09/2017,1,739
24/09/2017,2,439
24/09/2017,3,287
24/09/2017,4,172
24/09/2017,5,158
24/09/2017,6,401
24/09/2017,7,714
24/09/2017,8,1441
24/09/2017,9,2394
24/09/2017,10,3394
24/09/2017,11,4125
24/09/2017,12,4699
24/09/2017,13,4753
24/09/2017,14,4474
24/09/2017,15,4423
24/09/2017,16,4927
24/09/2017,17,4809
24/09/2017,18,4570
24/09/2017,19,3477
24/09/2017,20,2521
24/09/2017,21,1665
24/09/2017,22,1180
24/09/2017,23,730
24/10/2013,0,212
24/10/2013,1,96
24/10/2013,2,49
24/10/2013,3,34
24/10/2013,4,55
24/10/2013,5,182
24/10/2013,6,826
24/10/2013,7,1752
24/10/2013,8,3287
24/10/2013,9,2356
24/10/2013,10,1346
24/10/2013,11,1155
24/10/2013,12,1559
24/10/2013,13,1651
24/10/2013,14,1610
24/10/2013,15,1750
24/10/2013,16,2129
24/10/2013,17,3297
24/10/2013,18,3204
24/10/2013,19,2130
24/10/2013,20,1410
24/10/2013,21,981
24/10/2013,22,688
24/10/2013,23,492
24/10/2014,0,243
24/10/2014,1,123
24/10/2014,2,81
24/10/2014,3,35
24/10/2014,4,56
24/10/2014,5,148
24/10/2014,6,678
24/10/2014,7,1552
24/10/2014,8,2692
24/10/2014,9,2202
24/10/2014,10,1196
24/10/2014,11,1200
24/10/2014,12,1440
24/10/2014,13,1588
24/10/2014,14,1679
24/10/2014,15,1874
24/10/2014,16,2411
24/10/2014,17,3302
24/10/2014,18,2717
24/10/2014,19,1654
24/10/2014,20,1105
24/10/2014,21,723
24/10/2014,22,647
24/10/2014,23,491
24/10/2015,0,472
24/10/2015,1,284
24/10/2015,2,186
24/10/2015,3,108
24/10/2015,4,64
24/10/2015,5,57
24/10/2015,6,155
24/10/2015,7,428
24/10/2015,8,909
24/10/2015,9,1479
24/10/2015,10,1887
24/10/2015,11,2287
24/10/2015,12,2662
24/10/2015,13,2796
24/10/2015,14,2753
24/10/2015,15,2816
24/10/2015,16,2779
24/10/2015,17,2504
24/10/2015,18,1954
24/10/2015,19,1668
24/10/2015,20,1148
24/10/2015,21,842
24/10/2015,22,788
24/10/2015,23,687
24/10/2017,0,401
24/10/2017,1,164
24/10/2017,2,100
24/10/2017,3,86
24/10/2017,4,97
24/10/2017,5,405
24/10/2017,6,1709
24/10/2017,7,2057
24/10/2017,8,4951
24/10/2017,9,4192
24/10/2017,10,2537
24/10/2017,11,2429
24/10/2017,12,2515
24/10/2017,13,1184
24/10/2017,14,1244
24/10/2017,15,1297
24/10/2017,16,2171
24/10/2017,17,5268
24/10/2017,18,5670
24/10/2017,19,3377
24/10/2017,20,2297
24/10/2017,21,1782
24/10/2017,22,1358
24/10/2017,23,786
24/11/2013,0,235
24/11/2013,1,137
24/11/2013,2,93
24/11/2013,3,48
24/11/2013,4,35
24/11/2013,5,23
24/11/2013,6,42
24/11/2013,7,107
24/11/2013,8,251
24/11/2013,9,459
24/11/2013,10,611
24/11/2013,11,713
24/11/2013,12,874
24/11/2013,13,828
24/11/2013,14,763
24/11/2013,15,808
24/11/2013,16,808
24/11/2013,17,631
24/11/2013,18,556
24/11/2013,19,405
24/11/2013,20,345
24/11/2013,21,274
24/11/2013,22,202
24/11/2013,23,144
24/11/2014,0,136
24/11/2014,1,48
24/11/2014,2,11
24/11/2014,3,9
24/11/2014,4,11
24/11/2014,5,51
24/11/2014,6,306
24/11/2014,7,642
24/11/2014,8,1730
24/11/2014,9,1486
24/11/2014,10,858
24/11/2014,11,748
24/11/2014,12,1149
24/11/2014,13,1200
24/11/2014,14,1332
24/11/2014,15,1404
24/11/2014,16,1738
24/11/2014,17,2680
24/11/2014,18,2720
24/11/2014,19,1802
24/11/2014,20,1202
24/11/2014,21,813
24/11/2014,22,593
24/11/2014,23,362
24/11/2015,0,182
24/11/2015,1,71
24/11/2015,2,41
24/11/2015,3,17
24/11/2015,4,44
24/11/2015,5,221
24/11/2015,6,949
24/11/2015,7,2081
24/11/2015,8,3671
24/11/2015,9,2510
24/11/2015,10,1341
24/11/2015,11,1161
24/11/2015,12,1399
24/11/2015,13,1457
24/11/2015,14,1636
24/11/2015,15,1705
24/11/2015,16,2104
24/11/2015,17,3264
24/11/2015,18,3127
24/11/2015,19,2068
24/11/2015,20,1325
24/11/2015,21,895
24/11/2015,22,578
24/11/2015,23,371
24/11/2017,0,201
24/11/2017,1,97
24/11/2017,2,54
24/11/2017,3,33
24/11/2017,4,29
24/11/2017,5,96
24/11/2017,6,296
24/11/2017,7,601
24/11/2017,8,1000
24/11/2017,9,1079
24/11/2017,10,1214
24/11/2017,11,1487
24/11/2017,12,1780
24/11/2017,13,2191
24/11/2017,14,2268
24/11/2017,15,2274
24/11/2017,16,2138
24/11/2017,17,1749
24/11/2017,18,1408
24/11/2017,19,1124
24/11/2017,20,813
24/11/2017,21,707
24/11/2017,22,594
24/11/2017,23,491
24/12/2013,0,125
24/12/2013,1,53
24/12/2013,2,39
24/12/2013,3,23
24/12/2013,4,22
24/12/2013,5,69
24/12/2013,6,230
24/12/2013,7,407
24/12/2013,8,871
24/12/2013,9,778
24/12/2013,10,626
24/12/2013,11,791
24/12/2013,12,956
24/12/2013,13,1160
24/12/2013,14,1145
24/12/2013,15,1058
24/12/2013,16,857
24/12/2013,17,605
24/12/2013,18,417
24/12/2013,19,263
24/12/2013,20,160
24/12/2013,21,154
24/12/2013,22,127
24/12/2013,23,89
24/12/2014,0,98
24/12/2014,1,57
24/12/2014,2,46
24/12/2014,3,32
24/12/2014,4,23
24/12/2014,5,47
24/12/2014,6,123
24/12/2014,7,324
24/12/2014,8,563
24/12/2014,9,286
24/12/2014,10,106
24/12/2014,11,166
24/12/2014,12,140
24/12/2014,13,177
24/12/2014,14,247
24/12/2014,15,488
24/12/2014,16,288
24/12/2014,17,205
24/12/2014,18,215
24/12/2014,19,182
24/12/2014,20,131
24/12/2014,21,122
24/12/2014,22,116
24/12/2014,23,103
24/12/2015,0,152
24/12/2015,1,82
24/12/2015,2,61
24/12/2015,3,42
24/12/2015,4,47
24/12/2015,5,102
24/12/2015,6,381
24/12/2015,7,666
24/12/2015,8,1250
24/12/2015,9,1175
24/12/2015,10,1158
24/12/2015,11,1267
24/12/2015,12,1365
24/12/2015,13,1735
24/12/2015,14,1637
24/12/2015,15,1772
24/12/2015,16,1552
24/12/2015,17,1038
24/12/2015,18,843
24/12/2015,19,559
24/12/2015,20,428
24/12/2015,21,406
24/12/2015,22,393
24/12/2015,23,336
24/12/2017,0,222
24/12/2017,1,148
24/12/2017,2,82
24/12/2017,3,60
24/12/2017,4,30
24/12/2017,5,33
24/12/2017,6,104
24/12/2017,7,263
24/12/2017,8,460
24/12/2017,9,736
24/12/2017,10,1107
24/12/2017,11,1245
24/12/2017,12,1320
24/12/2017,13,1308
24/12/2017,14,1282
24/12/2017,15,1170
24/12/2017,16,1041
24/12/2017,17,756
24/12/2017,18,556
24/12/2017,19,429
24/12/2017,20,307
24/12/2017,21,223
24/12/2017,22,193
24/12/2017,23,141
25/01/2014,0,69
25/01/2014,1,39
25/01/2014,2,27
25/01/2014,3,25
25/01/2014,4,10
25/01/2014,5,16
25/01/2014,6,39
25/01/2014,7,62
25/01/2014,8,159
25/01/2014,9,280
25/01/2014,10,355
25/01/2014,11,446
25/01/2014,12,515
25/01/2014,13,501
25/01/2014,14,319
25/01/2014,15,286
25/01/2014,16,214
25/01/2014,17,181
25/01/2014,18,174
25/01/2014,19,173
25/01/2014,20,136
25/01/2014,21,109
25/01/2014,22,126
25/01/2014,23,77
25/01/2015,0,131
25/01/2015,1,109
25/01/2015,2,63
25/01/2015,3,54
25/01/2015,4,28
25/01/2015,5,23
25/01/2015,6,47
25/01/2015,7,92
25/01/2015,8,179
25/01/2015,9,366
25/01/2015,10,549
25/01/2015,11,724
25/01/2015,12,800
25/01/2015,13,892
25/01/2015,14,856
25/01/2015,15,886
25/01/2015,16,909
25/01/2015,17,744
25/01/2015,18,612
25/01/2015,19,440
25/01/2015,20,330
25/01/2015,21,218
25/01/2015,22,216
25/01/2015,23,111
25/01/2018,0,153
25/01/2018,1,66
25/01/2018,2,26
25/01/2018,3,20
25/01/2018,4,45
25/01/2018,5,288
25/01/2018,6,923
25/01/2018,7,2013
25/01/2018,8,3595
25/01/2018,9,2428
25/01/2018,10,1206
25/01/2018,11,1068
25/01/2018,12,1265
25/01/2018,13,1357
25/01/2018,14,1514
25/01/2018,15,1548
25/01/2018,16,1950
25/01/2018,17,3301
25/01/2018,18,3037
25/01/2018,19,1987
25/01/2018,20,1299
25/01/2018,21,947
25/01/2018,22,684
25/01/2018,23,427
25/02/2014,0,53
25/02/2014,1,18
25/02/2014,2,22
25/02/2014,3,12
25/02/2014,4,18
25/02/2014,5,94
25/02/2014,6,395
25/02/2014,7,820
25/02/2014,8,1479
25/02/2014,9,1014
25/02/2014,10,488
25/02/2014,11,392
25/02/2014,12,528
25/02/2014,13,547
25/02/2014,14,556
25/02/2014,15,596
25/02/2014,16,790
25/02/2014,17,1336
25/02/2014,18,1278
25/02/2014,19,877
25/02/2014,20,602
25/02/2014,21,479
25/02/2014,22,271
25/02/2014,23,165
25/02/2015,0,50
25/02/2015,1,19
25/02/2015,2,18
25/02/2015,3,9
25/02/2015,4,19
25/02/2015,5,88
25/02/2015,6,302
25/02/2015,7,587
25/02/2015,8,1111
25/02/2015,9,817
25/02/2015,10,416
25/02/2015,11,405
25/02/2015,12,422
25/02/2015,13,485
25/02/2015,14,499
25/02/2015,15,503
25/02/2015,16,699
25/02/2015,17,1175
25/02/2015,18,1139
25/02/2015,19,713
25/02/2015,20,512
25/02/2015,21,366
25/02/2015,22,240
25/02/2015,23,157
25/02/2016,0,115
25/02/2016,1,47
25/02/2016,2,41
25/02/2016,3,28
25/02/2016,4,36
25/02/2016,5,215
25/02/2016,6,859
25/02/2016,7,1948
25/02/2016,8,3181
25/02/2016,9,2109
25/02/2016,10,1072
25/02/2016,11,1008
25/02/2016,12,1184
25/02/2016,13,1178
25/02/2016,14,1113
25/02/2016,15,938
25/02/2016,16,1110
25/02/2016,17,2323
25/02/2016,18,2372
25/02/2016,19,1584
25/02/2016,20,1101
25/02/2016,21,754
25/02/2016,22,468
25/02/2016,23,318
25/02/2018,0,368
25/02/2018,1,246
25/02/2018,2,165
25/02/2018,3,84
25/02/2018,4,22
25/02/2018,5,13
25/02/2018,6,22
25/02/2018,7,85
25/02/2018,8,220
25/02/2018,9,363
25/02/2018,10,454
25/02/2018,11,569
25/02/2018,12,880
25/02/2018,13,1039
25/02/2018,14,1275
25/02/2018,15,1548
25/02/2018,16,1751
25/02/2018,17,1677
25/02/2018,18,1518
25/02/2018,19,1272
25/02/2018,20,937
25/02/2018,21,757
25/02/2018,22,556
25/02/2018,23,329
25/03/2014,0,73
25/03/2014,1,31
25/03/2014,2,17
25/03/2014,3,12
25/03/2014,4,27
25/03/2014,5,97
25/03/2014,6,396
25/03/2014,7,823
25/03/2014,8,1612
25/03/2014,9,1225
25/03/2014,10,623
25/03/2014,11,507
25/03/2014,12,705
25/03/2014,13,723
25/03/2014,14,756
25/03/2014,15,815
25/03/2014,16,1070
25/03/2014,17,1702
25/03/2014,18,1839
25/03/2014,19,1159
25/03/2014,20,776
25/03/2014,21,526
25/03/2014,22,324
25/03/2014,23,199
25/03/2015,0,102
25/03/2015,1,39
25/03/2015,2,27
25/03/2015,3,19
25/03/2015,4,21
25/03/2015,5,128
25/03/2015,6,497
25/03/2015,7,1021
25/03/2015,8,1947
25/03/2015,9,1442
25/03/2015,10,735
25/03/2015,11,673
25/03/2015,12,796
25/03/2015,13,790
25/03/2015,14,802
25/03/2015,15,411
25/03/2015,16,475
25/03/2015,17,1250
25/03/2015,18,1496
25/03/2015,19,756
25/03/2015,20,416
25/03/2015,21,399
25/03/2015,22,274
25/03/2015,23,154
25/03/2016,0,307
25/03/2016,1,150
25/03/2016,2,82
25/03/2016,3,54
25/03/2016,4,58
25/03/2016,5,137
25/03/2016,6,504
25/03/2016,7,997
25/03/2016,8,2493
25/03/2016,9,2517
25/03/2016,10,1692
25/03/2016,11,1831
25/03/2016,12,1518
25/03/2016,13,1903
25/03/2016,14,2264
25/03/2016,15,2605
25/03/2016,16,2894
25/03/2016,17,3506
25/03/2016,18,3148
25/03/2016,19,2047
25/03/2016,20,1324
25/03/2016,21,864
25/03/2016,22,679
25/03/2016,23,523
25/03/2018,0,397
25/03/2018,1,224
25/03/2018,2,149
25/03/2018,3,95
25/03/2018,4,69
25/03/2018,5,43
25/03/2018,6,129
25/03/2018,7,295
25/03/2018,8,621
25/03/2018,9,1187
25/03/2018,10,1601
25/03/2018,11,2017
25/03/2018,12,2211
25/03/2018,13,2325
25/03/2018,14,2154
25/03/2018,15,2081
25/03/2018,16,2103
25/03/2018,17,2077
25/03/2018,18,1893
25/03/2018,19,1411
25/03/2018,20,912
25/03/2018,21,710
25/03/2018,22,528
25/03/2018,23,330
25/04/2014,0,238
25/04/2014,1,116
25/04/2014,2,61
25/04/2014,3,29
25/04/2014,4,42
25/04/2014,5,162
25/04/2014,6,618
25/04/2014,7,1403
25/04/2014,8,2694
25/04/2014,9,2115
25/04/2014,10,1127
25/04/2014,11,1160
25/04/2014,12,1447
25/04/2014,13,1522
25/04/2014,14,1573
25/04/2014,15,1724
25/04/2014,16,2210
25/04/2014,17,2989
25/04/2014,18,2615
25/04/2014,19,1709
25/04/2014,20,906
25/04/2014,21,631
25/04/2014,22,475
25/04/2014,23,353
25/04/2015,0,209
25/04/2015,1,125
25/04/2015,2,89
25/04/2015,3,51
25/04/2015,4,40
25/04/2015,5,34
25/04/2015,6,96
25/04/2015,7,216
25/04/2015,8,474
25/04/2015,9,822
25/04/2015,10,1067
25/04/2015,11,1393
25/04/2015,12,1673
25/04/2015,13,1834
25/04/2015,14,1942
25/04/2015,15,2030
25/04/2015,16,1887
25/04/2015,17,1728
25/04/2015,18,1687
25/04/2015,19,1392
25/04/2015,20,863
25/04/2015,21,574
25/04/2015,22,447
25/04/2015,23,409
25/04/2016,0,201
25/04/2016,1,91
25/04/2016,2,45
25/04/2016,3,39
25/04/2016,4,57
25/04/2016,5,263
25/04/2016,6,1022
25/04/2016,7,2192
25/04/2016,8,4044
25/04/2016,9,3033
25/04/2016,10,1472
25/04/2016,11,1574
25/04/2016,12,1989
25/04/2016,13,1900
25/04/2016,14,1938
25/04/2016,15,2166
25/04/2016,16,2838
25/04/2016,17,4992
25/04/2016,18,4892
25/04/2016,19,3124
25/04/2016,20,1894
25/04/2016,21,1202
25/04/2016,22,880
25/04/2016,23,460
25/04/2017,0,223
25/04/2017,1,94
25/04/2017,2,51
25/04/2017,3,19
25/04/2017,4,42
25/04/2017,5,257
25/04/2017,6,781
25/04/2017,7,1531
25/04/2017,8,3590
25/04/2017,9,2704
25/04/2017,10,878
25/04/2017,11,1011
25/04/2017,12,1357
25/04/2017,13,1489
25/04/2017,14,1370
25/04/2017,15,1108
25/04/2017,16,755
25/04/2017,17,813
25/04/2017,18,926
25/04/2017,19,473
25/04/2017,20,280
25/04/2017,21,204
25/04/2017,22,202
25/04/2017,23,174
25/04/2018,0,124
25/04/2018,1,57
25/04/2018,2,35
25/04/2018,3,21
25/04/2018,4,29
25/04/2018,5,166
25/04/2018,6,288
25/04/2018,7,380
25/04/2018,8,1384
25/04/2018,9,2391
25/04/2018,10,1326
25/04/2018,11,1182
25/04/2018,12,1475
25/04/2018,13,1283
25/04/2018,14,1120
25/04/2018,15,1401
25/04/2018,16,1890
25/04/2018,17,4015
25/04/2018,18,4315
25/04/2018,19,3045
25/04/2018,20,2022
25/04/2018,21,1462
25/04/2018,22,1101
25/04/2018,23,702
25/05/2014,0,268
25/05/2014,1,203
25/05/2014,2,135
25/05/2014,3,86
25/05/2014,4,61
25/05/2014,5,35
25/05/2014,6,106
25/05/2014,7,202
25/05/2014,8,447
25/05/2014,9,816
25/05/2014,10,1366
25/05/2014,11,1680
25/05/2014,12,1950
25/05/2014,13,2148
25/05/2014,14,2222
25/05/2014,15,2267
25/05/2014,16,2219
25/05/2014,17,2152
25/05/2014,18,1948
25/05/2014,19,1793
25/05/2014,20,1191
25/05/2014,21,985
25/05/2014,22,746
25/05/2014,23,611
25/05/2015,0,384
25/05/2015,1,208
25/05/2015,2,118
25/05/2015,3,82
25/05/2015,4,53
25/05/2015,5,52
25/05/2015,6,119
25/05/2015,7,258
25/05/2015,8,529
25/05/2015,9,936
25/05/2015,10,1484
25/05/2015,11,1840
25/05/2015,12,2143
25/05/2015,13,2496
25/05/2015,14,2465
25/05/2015,15,2509
25/05/2015,16,2478
25/05/2015,17,2280
25/05/2015,18,2316
25/05/2015,19,1875
25/05/2015,20,1372
25/05/2015,21,1004
25/05/2015,22,715
25/05/2015,23,448
25/05/2016,0,273
25/05/2016,1,136
25/05/2016,2,76
25/05/2016,3,54
25/05/2016,4,74
25/05/2016,5,347
25/05/2016,6,1372
25/05/2016,7,3008
25/05/2016,8,5060
25/05/2016,9,3644
25/05/2016,10,2024
25/05/2016,11,2009
25/05/2016,12,2498
25/05/2016,13,2476
25/05/2016,14,2587
25/05/2016,15,2642
25/05/2016,16,3376
25/05/2016,17,5670
25/05/2016,18,5542
25/05/2016,19,3931
25/05/2016,20,2630
25/05/2016,21,1750
25/05/2016,22,1417
25/05/2016,23,843
25/05/2017,0,438
25/05/2017,1,227
25/05/2017,2,94
25/05/2017,3,54
25/05/2017,4,59
25/05/2017,5,181
25/05/2017,6,467
25/05/2017,7,737
25/05/2017,8,1240
25/05/2017,9,629
25/05/2017,10,392
25/05/2017,11,284
25/05/2017,12,392
25/05/2017,13,497
25/05/2017,14,537
25/05/2017,15,773
25/05/2017,16,1317
25/05/2017,17,2545
25/05/2017,18,2175
25/05/2017,19,1469
25/05/2017,20,1193
25/05/2017,21,971
25/05/2017,22,594
25/05/2017,23,230
25/05/2018,0,654
25/05/2018,1,352
25/05/2018,2,201
25/05/2018,3,117
25/05/2018,4,131
25/05/2018,5,505
25/05/2018,6,1554
25/05/2018,7,3415
25/05/2018,8,5782
25/05/2018,9,4444
25/05/2018,10,3033
25/05/2018,11,3201
25/05/2018,12,3895
25/05/2018,13,4435
25/05/2018,14,5181
25/05/2018,15,4690
25/05/2018,16,5615
25/05/2018,17,5698
25/05/2018,18,5060
25/05/2018,19,3891
25/05/2018,20,2803
25/05/2018,21,1874
25/05/2018,22,1544
25/05/2018,23,1270
25/06/2014,0,318
25/06/2014,1,116
25/06/2014,2,75
25/06/2014,3,44
25/06/2014,4,52
25/06/2014,5,202
25/06/2014,6,973
25/06/2014,7,1855
25/06/2014,8,3252
25/06/2014,9,2420
25/06/2014,10,1278
25/06/2014,11,1255
25/06/2014,12,1479
25/06/2014,13,1510
25/06/2014,14,1593
25/06/2014,15,1731
25/06/2014,16,2097
25/06/2014,17,3527
25/06/2014,18,3750
25/06/2014,19,2371
25/06/2014,20,1594
25/06/2014,21,1277
25/06/2014,22,978
25/06/2014,23,593
25/06/2015,0,377
25/06/2015,1,195
25/06/2015,2,110
25/06/2015,3,51
25/06/2015,4,58
25/06/2015,5,259
25/06/2015,6,1034
25/06/2015,7,2203
25/06/2015,8,3731
25/06/2015,9,2785
25/06/2015,10,1615
25/06/2015,11,1496
25/06/2015,12,1735
25/06/2015,13,1831
25/06/2015,14,1859
25/06/2015,15,1938
25/06/2015,16,2431
25/06/2015,17,4093
25/06/2015,18,4211
25/06/2015,19,2806
25/06/2015,20,1931
25/06/2015,21,1253
25/06/2015,22,1053
25/06/2015,23,618
25/06/2016,0,731
25/06/2016,1,467
25/06/2016,2,322
25/06/2016,3,240
25/06/2016,4,162
25/06/2016,5,135
25/06/2016,6,326
25/06/2016,7,601
25/06/2016,8,1173
25/06/2016,9,1785
25/06/2016,10,2527
25/06/2016,11,3064
25/06/2016,12,3479
25/06/2016,13,3732
25/06/2016,14,3657
25/06/2016,15,2821
25/06/2016,16,2954
25/06/2016,17,2906
25/06/2016,18,3084
25/06/2016,19,2795
25/06/2016,20,2174
25/06/2016,21,1486
25/06/2016,22,1346
25/06/2016,23,1033
25/06/2017,0,1141
25/06/2017,1,691
25/06/2017,2,462
25/06/2017,3,306
25/06/2017,4,180
25/06/2017,5,153
25/06/2017,6,293
25/06/2017,7,685
25/06/2017,8,1297
25/06/2017,9,2092
25/06/2017,10,3123
25/06/2017,11,3743
25/06/2017,12,3855
25/06/2017,13,4221
25/06/2017,14,4136
25/06/2017,15,4298
25/06/2017,16,4261
25/06/2017,17,4275
25/06/2017,18,4072
25/06/2017,19,3555
25/06/2017,20,2957
25/06/2017,21,2179
25/06/2017,22,1723
25/06/2017,23,957
25/07/2013,0,331
25/07/2013,1,175
25/07/2013,2,85
25/07/2013,3,41
25/07/2013,4,50
25/07/2013,5,146
25/07/2013,6,719
25/07/2013,7,1566
25/07/2013,8,2857
25/07/2013,9,2178
25/07/2013,10,1218
25/07/2013,11,1034
25/07/2013,12,1339
25/07/2013,13,1424
25/07/2013,14,1283
25/07/2013,15,1482
25/07/2013,16,1782
25/07/2013,17,3259
25/07/2013,18,3421
25/07/2013,19,2525
25/07/2013,20,1704
25/07/2013,21,1194
25/07/2013,22,898
25/07/2013,23,373
25/07/2014,0,447
25/07/2014,1,230
25/07/2014,2,136
25/07/2014,3,58
25/07/2014,4,65
25/07/2014,5,230
25/07/2014,6,899
25/07/2014,7,1838
25/07/2014,8,3174
25/07/2014,9,2361
25/07/2014,10,1452
25/07/2014,11,1498
25/07/2014,12,1824
25/07/2014,13,2043
25/07/2014,14,2161
25/07/2014,15,2309
25/07/2014,16,2820
25/07/2014,17,3460
25/07/2014,18,3107
25/07/2014,19,2198
25/07/2014,20,1495
25/07/2014,21,1039
25/07/2014,22,860
25/07/2014,23,680
25/07/2015,0,531
25/07/2015,1,341
25/07/2015,2,250
25/07/2015,3,160
25/07/2015,4,100
25/07/2015,5,82
25/07/2015,6,163
25/07/2015,7,413
25/07/2015,8,800
25/07/2015,9,1291
25/07/2015,10,1654
25/07/2015,11,2155
25/07/2015,12,2384
25/07/2015,13,2543
25/07/2015,14,2457
25/07/2015,15,2624
25/07/2015,16,2543
25/07/2015,17,2456
25/07/2015,18,2408
25/07/2015,19,1935
25/07/2015,20,1558
25/07/2015,21,1077
25/07/2015,22,964
25/07/2015,23,750
25/07/2016,0,403
25/07/2016,1,187
25/07/2016,2,101
25/07/2016,3,52
25/07/2016,4,83
25/07/2016,5,302
25/07/2016,6,1270
25/07/2016,7,2593
25/07/2016,8,4423
25/07/2016,9,3331
25/07/2016,10,1777
25/07/2016,11,1635
25/07/2016,12,1874
25/07/2016,13,1910
25/07/2016,14,1839
25/07/2016,15,2142
25/07/2016,16,2391
25/07/2016,17,1623
25/07/2016,18,1227
25/07/2016,19,2173
25/07/2016,20,1346
25/07/2016,21,1222
25/07/2016,22,900
25/07/2016,23,575
25/07/2017,0,371
25/07/2017,1,151
25/07/2017,2,76
25/07/2017,3,47
25/07/2017,4,78
25/07/2017,5,511
25/07/2017,6,1795
25/07/2017,7,3666
25/07/2017,8,6186
25/07/2017,9,4322
25/07/2017,10,2364
25/07/2017,11,2211
25/07/2017,12,2646
25/07/2017,13,2843
25/07/2017,14,2912
25/07/2017,15,3029
25/07/2017,16,4057
25/07/2017,17,7221
25/07/2017,18,7244
25/07/2017,19,4970
25/07/2017,20,3484
25/07/2017,21,2411
25/07/2017,22,1701
25/07/2017,23,1040
25/08/2013,0,607
25/08/2013,1,419
25/08/2013,2,305
25/08/2013,3,171
25/08/2013,4,129
25/08/2013,5,52
25/08/2013,6,100
25/08/2013,7,239
25/08/2013,8,553
25/08/2013,9,1032
25/08/2013,10,1429
25/08/2013,11,2081
25/08/2013,12,2306
25/08/2013,13,2624
25/08/2013,14,2732
25/08/2013,15,2751
25/08/2013,16,2739
25/08/2013,17,2695
25/08/2013,18,2687
25/08/2013,19,2303
25/08/2013,20,1453
25/08/2013,21,1040
25/08/2013,22,800
25/08/2013,23,508
25/08/2014,0,252
25/08/2014,1,113
25/08/2014,2,61
25/08/2014,3,52
25/08/2014,4,47
25/08/2014,5,202
25/08/2014,6,839
25/08/2014,7,1663
25/08/2014,8,2718
25/08/2014,9,2141
25/08/2014,10,1121
25/08/2014,11,1214
25/08/2014,12,1459
25/08/2014,13,1494
25/08/2014,14,1494
25/08/2014,15,1570
25/08/2014,16,2247
25/08/2014,17,3612
25/08/2014,18,3699
25/08/2014,19,2785
25/08/2014,20,1790
25/08/2014,21,1066
25/08/2014,22,768
25/08/2014,23,485
25/08/2015,0,331
25/08/2015,1,164
25/08/2015,2,72
25/08/2015,3,56
25/08/2015,4,62
25/08/2015,5,269
25/08/2015,6,1133
25/08/2015,7,2222
25/08/2015,8,3859
25/08/2015,9,2916
25/08/2015,10,1524
25/08/2015,11,1488
25/08/2015,12,1744
25/08/2015,13,1753
25/08/2015,14,1794
25/08/2015,15,1781
25/08/2015,16,2458
25/08/2015,17,4356
25/08/2015,18,4575
25/08/2015,19,3488
25/08/2015,20,2169
25/08/2015,21,1514
25/08/2015,22,1252
25/08/2015,23,675
25/08/2016,0,417
25/08/2016,1,198
25/08/2016,2,98
25/08/2016,3,56
25/08/2016,4,94
25/08/2016,5,322
25/08/2016,6,1516
25/08/2016,7,3061
25/08/2016,8,5357
25/08/2016,9,4082
25/08/2016,10,2196
25/08/2016,11,2157
25/08/2016,12,2476
25/08/2016,13,2560
25/08/2016,14,2524
25/08/2016,15,2696
25/08/2016,16,3544
25/08/2016,17,4608
25/08/2016,18,5556
25/08/2016,19,3716
25/08/2016,20,2220
25/08/2016,21,1752
25/08/2016,22,1366
25/08/2016,23,915
25/08/2017,0,618
25/08/2017,1,337
25/08/2017,2,144
25/08/2017,3,97
25/08/2017,4,92
25/08/2017,5,373
25/08/2017,6,1553
25/08/2017,7,3130
25/08/2017,8,5518
25/08/2017,9,4295
25/08/2017,10,2638
25/08/2017,11,2668
25/08/2017,12,3327
25/08/2017,13,3648
25/08/2017,14,3812
25/08/2017,15,4245
25/08/2017,16,5314
25/08/2017,17,6401
25/08/2017,18,5266
25/08/2017,19,3854
25/08/2017,20,2508
25/08/2017,21,1811
25/08/2017,22,1443
25/08/2017,23,1125
25/09/2013,0,280
25/09/2013,1,141
25/09/2013,2,48
25/09/2013,3,58
25/09/2013,4,47
25/09/2013,5,202
25/09/2013,6,881
25/09/2013,7,1865
25/09/2013,8,3466
25/09/2013,9,2563
25/09/2013,10,1528
25/09/2013,11,1475
25/09/2013,12,1881
25/09/2013,13,1864
25/09/2013,14,1869
25/09/2013,15,1995
25/09/2013,16,2525
25/09/2013,17,3953
25/09/2013,18,4018
25/09/2013,19,2713
25/09/2013,20,1828
25/09/2013,21,1371
25/09/2013,22,979
25/09/2013,23,673
25/09/2014,0,240
25/09/2014,1,129
25/09/2014,2,64
25/09/2014,3,47
25/09/2014,4,48
25/09/2014,5,156
25/09/2014,6,568
25/09/2014,7,414
25/09/2014,8,484
25/09/2014,9,908
25/09/2014,10,237
25/09/2014,11,284
25/09/2014,12,398
25/09/2014,13,491
25/09/2014,14,687
25/09/2014,15,905
25/09/2014,16,1368
25/09/2014,17,1937
25/09/2014,18,2394
25/09/2014,19,1681
25/09/2014,20,1142
25/09/2014,21,902
25/09/2014,22,680
25/09/2014,23,486
25/09/2015,0,530
25/09/2015,1,273
25/09/2015,2,120
25/09/2015,3,71
25/09/2015,4,81
25/09/2015,5,266
25/09/2015,6,1208
25/09/2015,7,2717
25/09/2015,8,4706
25/09/2015,9,3452
25/09/2015,10,2194
25/09/2015,11,2178
25/09/2015,12,2503
25/09/2015,13,2624
25/09/2015,14,3003
25/09/2015,15,3203
25/09/2015,16,3951
25/09/2015,17,5385
25/09/2015,18,4664
25/09/2015,19,2966
25/09/2015,20,1859
25/09/2015,21,1340
25/09/2015,22,1168
25/09/2015,23,906
25/09/2016,0,780
25/09/2016,1,522
25/09/2016,2,380
25/09/2016,3,246
25/09/2016,4,135
25/09/2016,5,96
25/09/2016,6,256
25/09/2016,7,486
25/09/2016,8,1078
25/09/2016,9,1917
25/09/2016,10,3006
25/09/2016,11,3844
25/09/2016,12,4653
25/09/2016,13,4630
25/09/2016,14,4631
25/09/2016,15,4757
25/09/2016,16,5011
25/09/2016,17,4772
25/09/2016,18,4016
25/09/2016,19,3179
25/09/2016,20,2026
25/09/2016,21,1489
25/09/2016,22,1085
25/09/2016,23,573
25/09/2017,0,369
25/09/2017,1,155
25/09/2017,2,74
25/09/2017,3,58
25/09/2017,4,99
25/09/2017,5,480
25/09/2017,6,1890
25/09/2017,7,4228
25/09/2017,8,6951
25/09/2017,9,4398
25/09/2017,10,2589
25/09/2017,11,2394
25/09/2017,12,2830
25/09/2017,13,2874
25/09/2017,14,3151
25/09/2017,15,3383
25/09/2017,16,4429
25/09/2017,17,7888
25/09/2017,18,8054
25/09/2017,19,5116
25/09/2017,20,3369
25/09/2017,21,2169
25/09/2017,22,1455
25/09/2017,23,797
25/10/2013,0,262
25/10/2013,1,129
25/10/2013,2,69
25/10/2013,3,48
25/10/2013,4,47
25/10/2013,5,165
25/10/2013,6,693
25/10/2013,7,1538
25/10/2013,8,2947
25/10/2013,9,2266
25/10/2013,10,1273
25/10/2013,11,1308
25/10/2013,12,1598
25/10/2013,13,1677
25/10/2013,14,1625
25/10/2013,15,1817
25/10/2013,16,2352
25/10/2013,17,3348
25/10/2013,18,2822
25/10/2013,19,1775
25/10/2013,20,1158
25/10/2013,21,817
25/10/2013,22,661
25/10/2013,23,584
25/10/2014,0,430
25/10/2014,1,266
25/10/2014,2,181
25/10/2014,3,101
25/10/2014,4,49
25/10/2014,5,41
25/10/2014,6,119
25/10/2014,7,251
25/10/2014,8,651
25/10/2014,9,1007
25/10/2014,10,1437
25/10/2014,11,1765
25/10/2014,12,1950
25/10/2014,13,2093
25/10/2014,14,2289
25/10/2014,15,2342
25/10/2014,16,2383
25/10/2014,17,2092
25/10/2014,18,1625
25/10/2014,19,1194
25/10/2014,20,824
25/10/2014,21,715
25/10/2014,22,614
25/10/2014,23,533
25/10/2015,0,533
25/10/2015,1,377
25/10/2015,2,331
25/10/2015,3,189
25/10/2015,4,118
25/10/2015,5,61
25/10/2015,6,73
25/10/2015,7,215
25/10/2015,8,400
25/10/2015,9,733
25/10/2015,10,1346
25/10/2015,11,1942
25/10/2015,12,2160
25/10/2015,13,2451
25/10/2015,14,2773
25/10/2015,15,2918
25/10/2015,16,3187
25/10/2015,17,2867
25/10/2015,18,2175
25/10/2015,19,1547
25/10/2015,20,1126
25/10/2015,21,864
25/10/2015,22,542
25/10/2015,23,361
25/10/2017,0,409
25/10/2017,1,171
25/10/2017,2,100
25/10/2017,3,74
25/10/2017,4,107
25/10/2017,5,536
25/10/2017,6,1947
25/10/2017,7,4278
25/10/2017,8,7377
25/10/2017,9,5122
25/10/2017,10,2740
25/10/2017,11,2721
25/10/2017,12,3015
25/10/2017,13,3282
25/10/2017,14,3432
25/10/2017,15,3569
25/10/2017,16,4558
25/10/2017,17,7645
25/10/2017,18,7435
25/10/2017,19,4772
25/10/2017,20,3109
25/10/2017,21,2302
25/10/2017,22,1684
25/10/2017,23,902
25/11/2013,0,76
25/11/2013,1,39
25/11/2013,2,20
25/11/2013,3,16
25/11/2013,4,18
25/11/2013,5,128
25/11/2013,6,466
25/11/2013,7,1027
25/11/2013,8,1920
25/11/2013,9,1417
25/11/2013,10,714
25/11/2013,11,651
25/11/2013,12,831
25/11/2013,13,851
25/11/2013,14,924
25/11/2013,15,1008
25/11/2013,16,1249
25/11/2013,17,2030
25/11/2013,18,2112
25/11/2013,19,1441
25/11/2013,20,926
25/11/2013,21,613
25/11/2013,22,406
25/11/2013,23,233
25/11/2014,0,199
25/11/2014,1,102
25/11/2014,2,50
25/11/2014,3,28
25/11/2014,4,60
25/11/2014,5,157
25/11/2014,6,816
25/11/2014,7,1636
25/11/2014,8,2773
25/11/2014,9,2008
25/11/2014,10,1123
25/11/2014,11,958
25/11/2014,12,1165
25/11/2014,13,1159
25/11/2014,14,1237
25/11/2014,15,1359
25/11/2014,16,1668
25/11/2014,17,2558
25/11/2014,18,2236
25/11/2014,19,1557
25/11/2014,20,1073
25/11/2014,21,747
25/11/2014,22,574
25/11/2014,23,337
25/11/2015,0,216
25/11/2015,1,104
25/11/2015,2,68
25/11/2015,3,48
25/11/2015,4,53
25/11/2015,5,198
25/11/2015,6,832
25/11/2015,7,1678
25/11/2015,8,3001
25/11/2015,9,2297
25/11/2015,10,1440
25/11/2015,11,1421
25/11/2015,12,1816
25/11/2015,13,2055
25/11/2015,14,2346
25/11/2015,15,2680
25/11/2015,16,2693
25/11/2015,17,2256
25/11/2015,18,1705
25/11/2015,19,1214
25/11/2015,20,784
25/11/2015,21,551
25/11/2015,22,494
25/11/2015,23,345
25/11/2017,0,283
25/11/2017,1,174
25/11/2017,2,139
25/11/2017,3,96
25/11/2017,4,60
25/11/2017,5,59
25/11/2017,6,164
25/11/2017,7,426
25/11/2017,8,763
25/11/2017,9,1311
25/11/2017,10,1834
25/11/2017,11,2302
25/11/2017,12,2677
25/11/2017,13,2796
25/11/2017,14,2811
25/11/2017,15,3036
25/11/2017,16,2724
25/11/2017,17,2121
25/11/2017,18,1774
25/11/2017,19,1526
25/11/2017,20,1202
25/11/2017,21,881
25/11/2017,22,736
25/11/2017,23,623
25/12/2013,0,69
25/12/2013,1,52
25/12/2013,2,30
25/12/2013,3,20
25/12/2013,4,14
25/12/2013,5,12
25/12/2013,6,20
25/12/2013,7,40
25/12/2013,8,70
25/12/2013,9,140
25/12/2013,10,199
25/12/2013,11,215
25/12/2013,12,288
25/12/2013,13,333
25/12/2013,14,283
25/12/2013,15,268
25/12/2013,16,243
25/12/2013,17,196
25/12/2013,18,177
25/12/2013,19,156
25/12/2013,20,109
25/12/2013,21,126
25/12/2013,22,110
25/12/2013,23,90
25/12/2014,0,80
25/12/2014,1,67
25/12/2014,2,32
25/12/2014,3,22
25/12/2014,4,12
25/12/2014,5,11
25/12/2014,6,7
25/12/2014,7,32
25/12/2014,8,80
25/12/2014,9,136
25/12/2014,10,232
25/12/2014,11,358
25/12/2014,12,413
25/12/2014,13,539
25/12/2014,14,504
25/12/2014,15,494
25/12/2014,16,404
25/12/2014,17,273
25/12/2014,18,270
25/12/2014,19,256
25/12/2014,20,180
25/12/2014,21,181
25/12/2014,22,176
25/12/2014,23,131
25/12/2015,0,285
25/12/2015,1,183
25/12/2015,2,123
25/12/2015,3,61
25/12/2015,4,30
25/12/2015,5,30
25/12/2015,6,57
25/12/2015,7,136
25/12/2015,8,269
25/12/2015,9,480
25/12/2015,10,784
25/12/2015,11,1061
25/12/2015,12,1261
25/12/2015,13,1259
25/12/2015,14,1485
25/12/2015,15,1597
25/12/2015,16,945
25/12/2015,17,522
25/12/2015,18,294
25/12/2015,19,351
25/12/2015,20,248
25/12/2015,21,297
25/12/2015,22,321
25/12/2015,23,254
25/12/2017,0,91
25/12/2017,1,53
25/12/2017,2,57
25/12/2017,3,36
25/12/2017,4,33
25/12/2017,5,31
25/12/2017,6,54
25/12/2017,7,124
25/12/2017,8,205
25/12/2017,9,359
25/12/2017,10,435
25/12/2017,11,540
25/12/2017,12,547
25/12/2017,13,587
25/12/2017,14,583
25/12/2017,15,586
25/12/2017,16,525
25/12/2017,17,378
25/12/2017,18,295
25/12/2017,19,225
25/12/2017,20,213
25/12/2017,21,185
25/12/2017,22,197
25/12/2017,23,140
26/01/2014,0,82
26/01/2014,1,49
26/01/2014,2,22
26/01/2014,3,21
26/01/2014,4,27
26/01/2014,5,16
26/01/2014,6,23
26/01/2014,7,47
26/01/2014,8,106
26/01/2014,9,172
26/01/2014,10,287
26/01/2014,11,372
26/01/2014,12,411
26/01/2014,13,432
26/01/2014,14,436
26/01/2014,15,353
26/01/2014,16,427
26/01/2014,17,417
26/01/2014,18,362
26/01/2014,19,281
26/01/2014,20,230
26/01/2014,21,179
26/01/2014,22,134
26/01/2014,23,94
26/01/2015,0,59
26/01/2015,1,30
26/01/2015,2,24
26/01/2015,3,12
26/01/2015,4,22
26/01/2015,5,123
26/01/2015,6,336
26/01/2015,7,624
26/01/2015,8,916
26/01/2015,9,403
26/01/2015,10,228
26/01/2015,11,202
26/01/2015,12,260
26/01/2015,13,241
26/01/2015,14,161
26/01/2015,15,125
26/01/2015,16,106
26/01/2015,17,102
26/01/2015,18,72
26/01/2015,19,42
26/01/2015,20,25
26/01/2015,21,10
26/01/2015,22,6
26/01/2015,23,12
26/01/2018,0,194
26/01/2018,1,101
26/01/2018,2,61
26/01/2018,3,34
26/01/2018,4,62
26/01/2018,5,252
26/01/2018,6,865
26/01/2018,7,1973
26/01/2018,8,3527
26/01/2018,9,2674
26/01/2018,10,1417
26/01/2018,11,1309
26/01/2018,12,1561
26/01/2018,13,1647
26/01/2018,14,1828
26/01/2018,15,1951
26/01/2018,16,2439
26/01/2018,17,3417
26/01/2018,18,3002
26/01/2018,19,1814
26/01/2018,20,1097
26/01/2018,21,738
26/01/2018,22,633
26/01/2018,23,477
26/02/2014,0,74
26/02/2014,1,30
26/02/2014,2,10
26/02/2014,3,14
26/02/2014,4,20
26/02/2014,5,90
26/02/2014,6,340
26/02/2014,7,734
26/02/2014,8,1318
26/02/2014,9,752
26/02/2014,10,241
26/02/2014,11,264
26/02/2014,12,400
26/02/2014,13,476
26/02/2014,14,498
26/02/2014,15,567
26/02/2014,16,756
26/02/2014,17,1331
26/02/2014,18,1220
26/02/2014,19,770
26/02/2014,20,522
26/02/2014,21,356
26/02/2014,22,244
26/02/2014,23,161
26/02/2015,0,86
26/02/2015,1,30
26/02/2015,2,10
26/02/2015,3,7
26/02/2015,4,8
26/02/2015,5,80
26/02/2015,6,299
26/02/2015,7,662
26/02/2015,8,1169
26/02/2015,9,841
26/02/2015,10,412
26/02/2015,11,313
26/02/2015,12,379
26/02/2015,13,396
26/02/2015,14,434
26/02/2015,15,455
26/02/2015,16,613
26/02/2015,17,1022
26/02/2015,18,1002
26/02/2015,19,596
26/02/2015,20,436
26/02/2015,21,283
26/02/2015,22,219
26/02/2015,23,149
26/02/2016,0,166
26/02/2016,1,80
26/02/2016,2,54
26/02/2016,3,33
26/02/2016,4,41
26/02/2016,5,168
26/02/2016,6,669
26/02/2016,7,1405
26/02/2016,8,2524
26/02/2016,9,1829
26/02/2016,10,944
26/02/2016,11,935
26/02/2016,12,996
26/02/2016,13,1166
26/02/2016,14,1186
26/02/2016,15,1269
26/02/2016,16,1541
26/02/2016,17,2486
26/02/2016,18,1929
26/02/2016,19,1249
26/02/2016,20,789
26/02/2016,21,494
26/02/2016,22,359
26/02/2016,23,261
26/02/2018,0,186
26/02/2018,1,90
26/02/2018,2,39
26/02/2018,3,27
26/02/2018,4,46
26/02/2018,5,347
26/02/2018,6,1308
26/02/2018,7,2730
26/02/2018,8,4504
26/02/2018,9,2864
26/02/2018,10,1474
26/02/2018,11,1379
26/02/2018,12,1707
26/02/2018,13,1780
26/02/2018,14,1966
26/02/2018,15,2123
26/02/2018,16,2804
26/02/2018,17,4896
26/02/2018,18,4672
26/02/2018,19,2967
26/02/2018,20,1976
26/02/2018,21,1313
26/02/2018,22,908
26/02/2018,23,464
26/03/2014,0,90
26/03/2014,1,34
26/03/2014,2,24
26/03/2014,3,21
26/03/2014,4,26
26/03/2014,5,112
26/03/2014,6,449
26/03/2014,7,860
26/03/2014,8,1615
26/03/2014,9,1168
26/03/2014,10,646
26/03/2014,11,516
26/03/2014,12,649
26/03/2014,13,592
26/03/2014,14,652
26/03/2014,15,686
26/03/2014,16,838
26/03/2014,17,1543
26/03/2014,18,1584
26/03/2014,19,1007
26/03/2014,20,548
26/03/2014,21,399
26/03/2014,22,264
26/03/2014,23,177
26/03/2015,0,92
26/03/2015,1,35
26/03/2015,2,22
26/03/2015,3,19
26/03/2015,4,29
26/03/2015,5,125
26/03/2015,6,500
26/03/2015,7,965
26/03/2015,8,1766
26/03/2015,9,1189
26/03/2015,10,565
26/03/2015,11,439
26/03/2015,12,376
26/03/2015,13,436
26/03/2015,14,448
26/03/2015,15,598
26/03/2015,16,922
26/03/2015,17,1659
26/03/2015,18,1863
26/03/2015,19,1259
26/03/2015,20,798
26/03/2015,21,543
26/03/2015,22,173
26/03/2015,23,133
26/03/2016,0,357
26/03/2016,1,207
26/03/2016,2,132
26/03/2016,3,88
26/03/2016,4,57
26/03/2016,5,34
26/03/2016,6,98
26/03/2016,7,296
26/03/2016,8,623
26/03/2016,9,1103
26/03/2016,10,1636
26/03/2016,11,2068
26/03/2016,12,2397
26/03/2016,13,2735
26/03/2016,14,2755
26/03/2016,15,2806
26/03/2016,16,2483
26/03/2016,17,2165
26/03/2016,18,1831
26/03/2016,19,1309
26/03/2016,20,802
26/03/2016,21,608
26/03/2016,22,477
26/03/2016,23,411
26/03/2018,0,151
26/03/2018,1,80
26/03/2018,2,40
26/03/2018,3,23
26/03/2018,4,52
26/03/2018,5,321
26/03/2018,6,1046
26/03/2018,7,2155
26/03/2018,8,4075
26/03/2018,9,2888
26/03/2018,10,1479
26/03/2018,11,1376
26/03/2018,12,1694
26/03/2018,13,1843
26/03/2018,14,1909
26/03/2018,15,2155
26/03/2018,16,2840
26/03/2018,17,4743
26/03/2018,18,4574
26/03/2018,19,2823
26/03/2018,20,1718
26/03/2018,21,1085
26/03/2018,22,808
26/03/2018,23,417
26/04/2014,0,160
26/04/2014,1,107
26/04/2014,2,31
26/04/2014,3,10
26/04/2014,4,7
26/04/2014,5,15
26/04/2014,6,67
26/04/2014,7,179
26/04/2014,8,449
26/04/2014,9,862
26/04/2014,10,1314
26/04/2014,11,1778
26/04/2014,12,2021
26/04/2014,13,2347
26/04/2014,14,2359
26/04/2014,15,2332
26/04/2014,16,1651
26/04/2014,17,898
26/04/2014,18,828
26/04/2014,19,893
26/04/2014,20,562
26/04/2014,21,347
26/04/2014,22,341
26/04/2014,23,341
26/04/2015,0,341
26/04/2015,1,209
26/04/2015,2,145
26/04/2015,3,87
26/04/2015,4,56
26/04/2015,5,24
26/04/2015,6,84
26/04/2015,7,217
26/04/2015,8,384
26/04/2015,9,772
26/04/2015,10,1245
26/04/2015,11,1629
26/04/2015,12,1848
26/04/2015,13,1960
26/04/2015,14,2139
26/04/2015,15,1913
26/04/2015,16,1917
26/04/2015,17,1798
26/04/2015,18,1536
26/04/2015,19,1250
26/04/2015,20,816
26/04/2015,21,565
26/04/2015,22,398
26/04/2015,23,261
26/04/2016,0,216
26/04/2016,1,88
26/04/2016,2,60
26/04/2016,3,15
26/04/2016,4,24
26/04/2016,5,189
26/04/2016,6,945
26/04/2016,7,2177
26/04/2016,8,4125
26/04/2016,9,3123
26/04/2016,10,1554
26/04/2016,11,1414
26/04/2016,12,1629
26/04/2016,13,1766
26/04/2016,14,1838
26/04/2016,15,1472
26/04/2016,16,934
26/04/2016,17,2810
26/04/2016,18,3862
26/04/2016,19,2535
26/04/2016,20,1660
26/04/2016,21,1042
26/04/2016,22,745
26/04/2016,23,420
26/04/2017,0,148
26/04/2017,1,86
26/04/2017,2,36
26/04/2017,3,14
26/04/2017,4,26
26/04/2017,5,186
26/04/2017,6,599
26/04/2017,7,663
26/04/2017,8,2785
26/04/2017,9,2083
26/04/2017,10,1599
26/04/2017,11,1096
26/04/2017,12,1557
26/04/2017,13,1870
26/04/2017,14,2007
26/04/2017,15,1940
26/04/2017,16,2637
26/04/2017,17,4790
26/04/2017,18,4874
26/04/2017,19,3257
26/04/2017,20,2256
26/04/2017,21,1509
26/04/2017,22,1161
26/04/2017,23,548
26/04/2018,0,214
26/04/2018,1,76
26/04/2018,2,87
26/04/2018,3,58
26/04/2018,4,61
26/04/2018,5,411
26/04/2018,6,1574
26/04/2018,7,3589
26/04/2018,8,6129
26/04/2018,9,4413
26/04/2018,10,2704
26/04/2018,11,2591
26/04/2018,12,3054
26/04/2018,13,3100
26/04/2018,14,3244
26/04/2018,15,3680
26/04/2018,16,4437
26/04/2018,17,7032
26/04/2018,18,7210
26/04/2018,19,4812
26/04/2018,20,2901
26/04/2018,21,2172
26/04/2018,22,1547
26/04/2018,23,981
26/05/2014,0,401
26/05/2014,1,254
26/05/2014,2,142
26/05/2014,3,94
26/05/2014,4,52
26/05/2014,5,47
26/05/2014,6,117
26/05/2014,7,246
26/05/2014,8,559
26/05/2014,9,928
26/05/2014,10,1345
26/05/2014,11,1739
26/05/2014,12,2033
26/05/2014,13,2224
26/05/2014,14,2235
26/05/2014,15,2275
26/05/2014,16,2252
26/05/2014,17,2224
26/05/2014,18,2211
26/05/2014,19,1856
26/05/2014,20,1395
26/05/2014,21,1042
26/05/2014,22,758
26/05/2014,23,501
26/05/2015,0,227
26/05/2015,1,113
26/05/2015,2,51
26/05/2015,3,42
26/05/2015,4,31
26/05/2015,5,216
26/05/2015,6,976
26/05/2015,7,1966
26/05/2015,8,3218
26/05/2015,9,2289
26/05/2015,10,1436
26/05/2015,11,1316
26/05/2015,12,1623
26/05/2015,13,1636
26/05/2015,14,1715
26/05/2015,15,1803
26/05/2015,16,2269
26/05/2015,17,3961
26/05/2015,18,3823
26/05/2015,19,2802
26/05/2015,20,1689
26/05/2015,21,1149
26/05/2015,22,879
26/05/2015,23,556
26/05/2016,0,479
26/05/2016,1,226
26/05/2016,2,88
26/05/2016,3,54
26/05/2016,4,80
26/05/2016,5,314
26/05/2016,6,1301
26/05/2016,7,2869
26/05/2016,8,4940
26/05/2016,9,3601
26/05/2016,10,2284
26/05/2016,11,2086
26/05/2016,12,2379
26/05/2016,13,2448
26/05/2016,14,2511
26/05/2016,15,2669
26/05/2016,16,3416
26/05/2016,17,5268
26/05/2016,18,5208
26/05/2016,19,3638
26/05/2016,20,2475
26/05/2016,21,1688
26/05/2016,22,1246
26/05/2016,23,865
26/05/2017,0,199
26/05/2017,1,116
26/05/2017,2,61
26/05/2017,3,51
26/05/2017,4,40
26/05/2017,5,192
26/05/2017,6,523
26/05/2017,7,1828
26/05/2017,8,4124
26/05/2017,9,3775
26/05/2017,10,2474
26/05/2017,11,2537
26/05/2017,12,2995
26/05/2017,13,3740
26/05/2017,14,4134
26/05/2017,15,4588
26/05/2017,16,4664
26/05/2017,17,4845
26/05/2017,18,4066
26/05/2017,19,3208
26/05/2017,20,2108
26/05/2017,21,1418
26/05/2017,22,1168
26/05/2017,23,914
26/05/2018,0,831
26/05/2018,1,505
26/05/2018,2,317
26/05/2018,3,188
26/05/2018,4,121
26/05/2018,5,131
26/05/2018,6,350
26/05/2018,7,763
26/05/2018,8,1476
26/05/2018,9,2353
26/05/2018,10,3307
26/05/2018,11,3719
26/05/2018,12,4129
26/05/2018,13,4338
26/05/2018,14,4282
26/05/2018,15,3978
26/05/2018,16,3915
26/05/2018,17,3914
26/05/2018,18,3514
26/05/2018,19,3090
26/05/2018,20,2377
26/05/2018,21,1604
26/05/2018,22,1256
26/05/2018,23,1139
26/06/2014,0,181
26/06/2014,1,80
26/06/2014,2,36
26/06/2014,3,29
26/06/2014,4,35
26/06/2014,5,199
26/06/2014,6,872
26/06/2014,7,1865
26/06/2014,8,3243
26/06/2014,9,2337
26/06/2014,10,1355
26/06/2014,11,1580
26/06/2014,12,1392
26/06/2014,13,1371
26/06/2014,14,1862
26/06/2014,15,1765
26/06/2014,16,2126
26/06/2014,17,3489
26/06/2014,18,3593
26/06/2014,19,2578
26/06/2014,20,1808
26/06/2014,21,1327
26/06/2014,22,1013
26/06/2014,23,710
26/06/2015,0,347
26/06/2015,1,168
26/06/2015,2,105
26/06/2015,3,54
26/06/2015,4,50
26/06/2015,5,229
26/06/2015,6,916
26/06/2015,7,1841
26/06/2015,8,3422
26/06/2015,9,2580
26/06/2015,10,1514
26/06/2015,11,1590
26/06/2015,12,1846
26/06/2015,13,2081
26/06/2015,14,2067
26/06/2015,15,2471
26/06/2015,16,3115
26/06/2015,17,3832
26/06/2015,18,3382
26/06/2015,19,2325
26/06/2015,20,1649
26/06/2015,21,1215
26/06/2015,22,1001
26/06/2015,23,814
26/06/2016,0,733
26/06/2016,1,501
26/06/2016,2,353
26/06/2016,3,228
26/06/2016,4,134
26/06/2016,5,129
26/06/2016,6,228
26/06/2016,7,450
26/06/2016,8,946
26/06/2016,9,1534
26/06/2016,10,2369
26/06/2016,11,3021
26/06/2016,12,3004
26/06/2016,13,3312
26/06/2016,14,3484
26/06/2016,15,3493
26/06/2016,16,3568
26/06/2016,17,3518
26/06/2016,18,3393
26/06/2016,19,2943
26/06/2016,20,2263
26/06/2016,21,1382
26/06/2016,22,1132
26/06/2016,23,874
26/06/2017,0,543
26/06/2017,1,259
26/06/2017,2,134
26/06/2017,3,68
26/06/2017,4,91
26/06/2017,5,430
26/06/2017,6,1601
26/06/2017,7,3214
26/06/2017,8,5282
26/06/2017,9,3831
26/06/2017,10,2234
26/06/2017,11,2220
26/06/2017,12,2667
26/06/2017,13,2845
26/06/2017,14,2927
26/06/2017,15,3056
26/06/2017,16,4047
26/06/2017,17,6951
26/06/2017,18,7123
26/06/2017,19,5094
26/06/2017,20,3455
26/06/2017,21,2247
26/06/2017,22,1451
26/06/2017,23,899
26/07/2013,0,295
26/07/2013,1,206
26/07/2013,2,132
26/07/2013,3,59
26/07/2013,4,51
26/07/2013,5,138
26/07/2013,6,602
26/07/2013,7,1343
26/07/2013,8,2795
26/07/2013,9,2136
26/07/2013,10,1239
26/07/2013,11,1283
26/07/2013,12,1757
26/07/2013,13,1882
26/07/2013,14,1945
26/07/2013,15,2138
26/07/2013,16,2681
26/07/2013,17,3481
26/07/2013,18,3274
26/07/2013,19,2309
26/07/2013,20,1679
26/07/2013,21,1228
26/07/2013,22,1048
26/07/2013,23,833
26/07/2014,0,484
26/07/2014,1,374
26/07/2014,2,218
26/07/2014,3,186
26/07/2014,4,106
26/07/2014,5,63
26/07/2014,6,185
26/07/2014,7,405
26/07/2014,8,688
26/07/2014,9,1101
26/07/2014,10,1487
26/07/2014,11,1728
26/07/2014,12,1839
26/07/2014,13,2250
26/07/2014,14,2305
26/07/2014,15,2259
26/07/2014,16,2214
26/07/2014,17,1740
26/07/2014,18,1969
26/07/2014,19,1686
26/07/2014,20,1420
26/07/2014,21,924
26/07/2014,22,874
26/07/2014,23,674
26/07/2015,0,553
26/07/2015,1,357
26/07/2015,2,250
26/07/2015,3,186
26/07/2015,4,118
26/07/2015,5,91
26/07/2015,6,127
26/07/2015,7,296
26/07/2015,8,551
26/07/2015,9,1157
26/07/2015,10,1607
26/07/2015,11,2087
26/07/2015,12,2297
26/07/2015,13,2503
26/07/2015,14,2475
26/07/2015,15,2625
26/07/2015,16,2455
26/07/2015,17,2521
26/07/2015,18,2471
26/07/2015,19,2141
26/07/2015,20,1413
26/07/2015,21,1048
26/07/2015,22,758
26/07/2015,23,456
26/07/2016,0,328
26/07/2016,1,149
26/07/2016,2,96
26/07/2016,3,49
26/07/2016,4,83
26/07/2016,5,427
26/07/2016,6,1662
26/07/2016,7,3193
26/07/2016,8,4891
26/07/2016,9,3312
26/07/2016,10,1845
26/07/2016,11,1771
26/07/2016,12,2037
26/07/2016,13,2081
26/07/2016,14,2087
26/07/2016,15,2156
26/07/2016,16,3103
26/07/2016,17,5476
26/07/2016,18,6023
26/07/2016,19,4457
26/07/2016,20,3014
26/07/2016,21,2234
26/07/2016,22,1484
26/07/2016,23,954
26/07/2017,0,461
26/07/2017,1,229
26/07/2017,2,100
26/07/2017,3,59
26/07/2017,4,91
26/07/2017,5,566
26/07/2017,6,2030
26/07/2017,7,3795
26/07/2017,8,6453
26/07/2017,9,4645
26/07/2017,10,2659
26/07/2017,11,2457
26/07/2017,12,2898
26/07/2017,13,3175
26/07/2017,14,3119
26/07/2017,15,3375
26/07/2017,16,4542
26/07/2017,17,7409
26/07/2017,18,7743
26/07/2017,19,5370
26/07/2017,20,3691
26/07/2017,21,2487
26/07/2017,22,1844
26/07/2017,23,1125
26/08/2013,0,257
26/08/2013,1,110
26/08/2013,2,81
26/08/2013,3,40
26/08/2013,4,30
26/08/2013,5,152
26/08/2013,6,706
26/08/2013,7,1552
26/08/2013,8,2686
26/08/2013,9,1979
26/08/2013,10,1111
26/08/2013,11,1050
26/08/2013,12,1418
26/08/2013,13,1463
26/08/2013,14,1455
26/08/2013,15,1544
26/08/2013,16,1981
26/08/2013,17,3000
26/08/2013,18,3549
26/08/2013,19,2517
26/08/2013,20,1584
26/08/2013,21,969
26/08/2013,22,468
26/08/2013,23,277
26/08/2014,0,266
26/08/2014,1,155
26/08/2014,2,72
26/08/2014,3,55
26/08/2014,4,49
26/08/2014,5,206
26/08/2014,6,970
26/08/2014,7,1860
26/08/2014,8,3144
26/08/2014,9,2303
26/08/2014,10,1253
26/08/2014,11,1205
26/08/2014,12,1403
26/08/2014,13,1534
26/08/2014,14,1476
26/08/2014,15,1665
26/08/2014,16,2187
26/08/2014,17,3710
26/08/2014,18,3959
26/08/2014,19,2705
26/08/2014,20,1723
26/08/2014,21,1193
26/08/2014,22,873
26/08/2014,23,553
26/08/2015,0,319
26/08/2015,1,164
26/08/2015,2,71
26/08/2015,3,36
26/08/2015,4,60
26/08/2015,5,262
26/08/2015,6,1193
26/08/2015,7,2249
26/08/2015,8,3981
26/08/2015,9,3055
26/08/2015,10,1649
26/08/2015,11,1539
26/08/2015,12,1814
26/08/2015,13,1863
26/08/2015,14,1792
26/08/2015,15,1992
26/08/2015,16,2512
26/08/2015,17,4536
26/08/2015,18,4687
26/08/2015,19,3433
26/08/2015,20,2117
26/08/2015,21,1504
26/08/2015,22,1186
26/08/2015,23,818
26/08/2016,0,488
26/08/2016,1,294
26/08/2016,2,153
26/08/2016,3,85
26/08/2016,4,85
26/08/2016,5,328
26/08/2016,6,1197
26/08/2016,7,2588
26/08/2016,8,4599
26/08/2016,9,3698
26/08/2016,10,2151
26/08/2016,11,2180
26/08/2016,12,2524
26/08/2016,13,2925
26/08/2016,14,2981
26/08/2016,15,3235
26/08/2016,16,4140
26/08/2016,17,5200
26/08/2016,18,4361
26/08/2016,19,3248
26/08/2016,20,2059
26/08/2016,21,1457
26/08/2016,22,1175
26/08/2016,23,886
26/08/2017,0,803
26/08/2017,1,515
26/08/2017,2,313
26/08/2017,3,201
26/08/2017,4,140
26/08/2017,5,115
26/08/2017,6,339
26/08/2017,7,825
26/08/2017,8,1484
26/08/2017,9,2421
26/08/2017,10,3270
26/08/2017,11,3687
26/08/2017,12,2685
26/08/2017,13,3180
26/08/2017,14,3587
26/08/2017,15,4433
26/08/2017,16,4364
26/08/2017,17,4280
26/08/2017,18,3992
26/08/2017,19,3277
26/08/2017,20,2371
26/08/2017,21,1648
26/08/2017,22,1332
26/08/2017,23,847
26/09/2013,0,318
26/09/2013,1,136
26/09/2013,2,67
26/09/2013,3,25
26/09/2013,4,49
26/09/2013,5,179
26/09/2013,6,922
26/09/2013,7,2015
26/09/2013,8,3558
26/09/2013,9,2581
26/09/2013,10,1534
26/09/2013,11,1403
26/09/2013,12,1771
26/09/2013,13,2054
26/09/2013,14,1856
26/09/2013,15,1966
26/09/2013,16,2430
26/09/2013,17,3963
26/09/2013,18,4002
26/09/2013,19,2579
26/09/2013,20,1767
26/09/2013,21,1289
26/09/2013,22,1023
26/09/2013,23,702
26/09/2014,0,300
26/09/2014,1,140
26/09/2014,2,100
26/09/2014,3,63
26/09/2014,4,66
26/09/2014,5,185
26/09/2014,6,765
26/09/2014,7,1668
26/09/2014,8,2883
26/09/2014,9,2382
26/09/2014,10,1434
26/09/2014,11,1519
26/09/2014,12,1763
26/09/2014,13,1884
26/09/2014,14,2014
26/09/2014,15,2147
26/09/2014,16,2843
26/09/2014,17,3716
26/09/2014,18,3300
26/09/2014,19,2118
26/09/2014,20,1386
26/09/2014,21,964
26/09/2014,22,820
26/09/2014,23,656
26/09/2015,0,679
26/09/2015,1,401
26/09/2015,2,311
26/09/2015,3,176
26/09/2015,4,115
26/09/2015,5,101
26/09/2015,6,196
26/09/2015,7,513
26/09/2015,8,1047
26/09/2015,9,1849
26/09/2015,10,2525
26/09/2015,11,3098
26/09/2015,12,3497
26/09/2015,13,3735
26/09/2015,14,3634
26/09/2015,15,3746
26/09/2015,16,3591
26/09/2015,17,3496
26/09/2015,18,2991
26/09/2015,19,2141
26/09/2015,20,1557
26/09/2015,21,1210
26/09/2015,22,1065
26/09/2015,23,886
26/09/2016,0,294
26/09/2016,1,151
26/09/2016,2,62
26/09/2016,3,38
26/09/2016,4,73
26/09/2016,5,372
26/09/2016,6,1636
26/09/2016,7,3671
26/09/2016,8,6065
26/09/2016,9,4011
26/09/2016,10,2529
26/09/2016,11,2349
26/09/2016,12,2731
26/09/2016,13,2818
26/09/2016,14,3021
26/09/2016,15,3182
26/09/2016,16,4152
26/09/2016,17,7069
26/09/2016,18,6550
26/09/2016,19,4204
26/09/2016,20,2948
26/09/2016,21,1323
26/09/2016,22,1036
26/09/2016,23,1101
26/09/2017,0,396
26/09/2017,1,158
26/09/2017,2,91
26/09/2017,3,52
26/09/2017,4,91
26/09/2017,5,566
26/09/2017,6,2034
26/09/2017,7,4650
26/09/2017,8,7173
26/09/2017,9,4435
26/09/2017,10,2690
26/09/2017,11,2517
26/09/2017,12,2990
26/09/2017,13,3021
26/09/2017,14,3220
26/09/2017,15,3535
26/09/2017,16,4658
26/09/2017,17,8119
26/09/2017,18,8051
26/09/2017,19,4957
26/09/2017,20,3283
26/09/2017,21,2330
26/09/2017,22,1587
26/09/2017,23,914
26/10/2013,0,394
26/10/2013,1,263
26/10/2013,2,185
26/10/2013,3,93
26/10/2013,4,61
26/10/2013,5,52
26/10/2013,6,99
26/10/2013,7,278
26/10/2013,8,628
26/10/2013,9,1022
26/10/2013,10,1362
26/10/2013,11,1785
26/10/2013,12,2037
26/10/2013,13,2115
26/10/2013,14,2160
26/10/2013,15,2305
26/10/2013,16,2158
26/10/2013,17,2100
26/10/2013,18,1564
26/10/2013,19,1252
26/10/2013,20,907
26/10/2013,21,672
26/10/2013,22,617
26/10/2013,23,460
26/10/2014,0,388
26/10/2014,1,304
26/10/2014,2,225
26/10/2014,3,122
26/10/2014,4,86
26/10/2014,5,44
26/10/2014,6,77
26/10/2014,7,203
26/10/2014,8,458
26/10/2014,9,915
26/10/2014,10,1195
26/10/2014,11,1622
26/10/2014,12,1781
26/10/2014,13,1971
26/10/2014,14,1855
26/10/2014,15,1775
26/10/2014,16,1848
26/10/2014,17,1605
26/10/2014,18,1340
26/10/2014,19,988
26/10/2014,20,726
26/10/2014,21,503
26/10/2014,22,482
26/10/2014,23,255
26/10/2015,0,214
26/10/2015,1,102
26/10/2015,2,55
26/10/2015,3,28
26/10/2015,4,52
26/10/2015,5,265
26/10/2015,6,1098
26/10/2015,7,2427
26/10/2015,8,4252
26/10/2015,9,3092
26/10/2015,10,1628
26/10/2015,11,1490
26/10/2015,12,1834
26/10/2015,13,1865
26/10/2015,14,2027
26/10/2015,15,2246
26/10/2015,16,2845
26/10/2015,17,4858
26/10/2015,18,4558
26/10/2015,19,2794
26/10/2015,20,1858
26/10/2015,21,1256
26/10/2015,22,851
26/10/2015,23,470
26/10/2017,0,492
26/10/2017,1,238
26/10/2017,2,103
26/10/2017,3,73
26/10/2017,4,110
26/10/2017,5,479
26/10/2017,6,1801
26/10/2017,7,4093
26/10/2017,8,7050
26/10/2017,9,4921
26/10/2017,10,2823
26/10/2017,11,2573
26/10/2017,12,2783
26/10/2017,13,2922
26/10/2017,14,2992
26/10/2017,15,2902
26/10/2017,16,3572
26/10/2017,17,6168
26/10/2017,18,6441
26/10/2017,19,4237
26/10/2017,20,2895
26/10/2017,21,1944
26/10/2017,22,1467
26/10/2017,23,924
26/11/2013,0,126
26/11/2013,1,57
26/11/2013,2,28
26/11/2013,3,22
26/11/2013,4,27
26/11/2013,5,148
26/11/2013,6,620
26/11/2013,7,1345
26/11/2013,8,2479
26/11/2013,9,1904
26/11/2013,10,1042
26/11/2013,11,907
26/11/2013,12,976
26/11/2013,13,907
26/11/2013,14,601
26/11/2013,15,534
26/11/2013,16,549
26/11/2013,17,754
26/11/2013,18,805
26/11/2013,19,520
26/11/2013,20,293
26/11/2013,21,187
26/11/2013,22,117
26/11/2013,23,51
26/11/2014,0,200
26/11/2014,1,102
26/11/2014,2,56
26/11/2014,3,36
26/11/2014,4,45
26/11/2014,5,111
26/11/2014,6,319
26/11/2014,7,208
26/11/2014,8,273
26/11/2014,9,214
26/11/2014,10,133
26/11/2014,11,118
26/11/2014,12,125
26/11/2014,13,102
26/11/2014,14,169
26/11/2014,15,260
26/11/2014,16,261
26/11/2014,17,235
26/11/2014,18,224
26/11/2014,19,131
26/11/2014,20,101
26/11/2014,21,72
26/11/2014,22,83
26/11/2014,23,97
26/11/2015,0,240
26/11/2015,1,183
26/11/2015,2,102
26/11/2015,3,83
26/11/2015,4,53
26/11/2015,5,57
26/11/2015,6,108
26/11/2015,7,257
26/11/2015,8,435
26/11/2015,9,670
26/11/2015,10,951
26/11/2015,11,1296
26/11/2015,12,1388
26/11/2015,13,1292
26/11/2015,14,1251
26/11/2015,15,1216
26/11/2015,16,911
26/11/2015,17,574
26/11/2015,18,421
26/11/2015,19,367
26/11/2015,20,338
26/11/2015,21,386
26/11/2015,22,383
26/11/2015,23,329
26/11/2017,0,434
26/11/2017,1,298
26/11/2017,2,183
26/11/2017,3,108
26/11/2017,4,78
26/11/2017,5,52
26/11/2017,6,135
26/11/2017,7,338
26/11/2017,8,765
26/11/2017,9,1351
26/11/2017,10,1831
26/11/2017,11,2201
26/11/2017,12,2446
26/11/2017,13,2613
26/11/2017,14,2252
26/11/2017,15,2320
26/11/2017,16,2382
26/11/2017,17,1872
26/11/2017,18,1675
26/11/2017,19,1283
26/11/2017,20,962
26/11/2017,21,709
26/11/2017,22,528
26/11/2017,23,365
26/12/2013,0,63
26/12/2013,1,25
26/12/2013,2,22
26/12/2013,3,13
26/12/2013,4,10
26/12/2013,5,34
26/12/2013,6,176
26/12/2013,7,327
26/12/2013,8,640
26/12/2013,9,594
26/12/2013,10,475
26/12/2013,11,471
26/12/2013,12,583
26/12/2013,13,664
26/12/2013,14,668
26/12/2013,15,736
26/12/2013,16,857
26/12/2013,17,954
26/12/2013,18,805
26/12/2013,19,541
26/12/2013,20,381
26/12/2013,21,290
26/12/2013,22,248
26/12/2013,23,186
26/12/2014,0,80
26/12/2014,1,49
26/12/2014,2,24
26/12/2014,3,13
26/12/2014,4,23
26/12/2014,5,36
26/12/2014,6,149
26/12/2014,7,308
26/12/2014,8,454
26/12/2014,9,455
26/12/2014,10,463
26/12/2014,11,625
26/12/2014,12,732
26/12/2014,13,854
26/12/2014,14,893
26/12/2014,15,979
26/12/2014,16,976
26/12/2014,17,749
26/12/2014,18,574
26/12/2014,19,456
26/12/2014,20,318
26/12/2014,21,251
26/12/2014,22,251
26/12/2014,23,183
26/12/2015,0,206
26/12/2015,1,123
26/12/2015,2,66
26/12/2015,3,57
26/12/2015,4,37
26/12/2015,5,38
26/12/2015,6,73
26/12/2015,7,163
26/12/2015,8,362
26/12/2015,9,613
26/12/2015,10,849
26/12/2015,11,1079
26/12/2015,12,1217
26/12/2015,13,1365
26/12/2015,14,1315
26/12/2015,15,1239
26/12/2015,16,1069
26/12/2015,17,919
26/12/2015,18,822
26/12/2015,19,704
26/12/2015,20,531
26/12/2015,21,437
26/12/2015,22,409
26/12/2015,23,221
26/12/2017,0,82
26/12/2017,1,41
26/12/2017,2,23
26/12/2017,3,18
26/12/2017,4,38
26/12/2017,5,116
26/12/2017,6,342
26/12/2017,7,606
26/12/2017,8,970
26/12/2017,9,883
26/12/2017,10,706
26/12/2017,11,728
26/12/2017,12,807
26/12/2017,13,906
26/12/2017,14,966
26/12/2017,15,1055
26/12/2017,16,1209
26/12/2017,17,1349
26/12/2017,18,1058
26/12/2017,19,789
26/12/2017,20,527
26/12/2017,21,380
26/12/2017,22,310
26/12/2017,23,204
27/01/2014,0,46
27/01/2014,1,21
27/01/2014,2,16
27/01/2014,3,6
27/01/2014,4,12
27/01/2014,5,99
27/01/2014,6,364
27/01/2014,7,768
27/01/2014,8,1399
27/01/2014,9,1099
27/01/2014,10,535
27/01/2014,11,477
27/01/2014,12,587
27/01/2014,13,596
27/01/2014,14,634
27/01/2014,15,634
27/01/2014,16,795
27/01/2014,17,1377
27/01/2014,18,1311
27/01/2014,19,938
27/01/2014,20,624
27/01/2014,21,377
27/01/2014,22,264
27/01/2014,23,140
27/01/2015,0,8
27/01/2015,1,8
27/01/2015,2,2
27/01/2015,3,5
27/01/2015,4,1
27/01/2015,5,4
27/01/2015,6,22
27/01/2015,7,53
27/01/2015,8,42
27/01/2015,9,24
27/01/2015,10,31
27/01/2015,11,38
27/01/2015,12,51
27/01/2015,13,56
27/01/2015,14,95
27/01/2015,15,94
27/01/2015,16,116
27/01/2015,17,132
27/01/2015,18,127
27/01/2015,19,110
27/01/2015,20,62
27/01/2015,21,59
27/01/2015,22,45
27/01/2015,23,29
27/01/2016,4,3
27/01/2016,5,46
27/01/2016,6,202
27/01/2016,7,388
27/01/2016,8,778
27/01/2016,9,547
27/01/2016,10,293
27/01/2016,11,272
27/01/2016,12,294
27/01/2016,13,308
27/01/2016,14,366
27/01/2016,15,377
27/01/2016,16,420
27/01/2016,17,644
27/01/2016,18,660
27/01/2016,19,446
27/01/2016,20,301
27/01/2016,21,193
27/01/2016,22,130
27/01/2016,23,93
27/01/2018,0,309
27/01/2018,1,212
27/01/2018,2,159
27/01/2018,3,83
27/01/2018,4,59
27/01/2018,5,69
27/01/2018,6,171
27/01/2018,7,401
27/01/2018,8,924
27/01/2018,9,1622
27/01/2018,10,2001
27/01/2018,11,2595
27/01/2018,12,3019
27/01/2018,13,3341
27/01/2018,14,3303
27/01/2018,15,3208
27/01/2018,16,2966
27/01/2018,17,2485
27/01/2018,18,2018
27/01/2018,19,1656
27/01/2018,20,1219
27/01/2018,21,983
27/01/2018,22,888
27/01/2018,23,660
27/02/2014,0,86
27/02/2014,1,24
27/02/2014,2,18
27/02/2014,3,9
27/02/2014,4,20
27/02/2014,5,69
27/02/2014,6,329
27/02/2014,7,720
27/02/2014,8,1406
27/02/2014,9,1031
27/02/2014,10,523
27/02/2014,11,453
27/02/2014,12,542
27/02/2014,13,565
27/02/2014,14,542
27/02/2014,15,601
27/02/2014,16,741
27/02/2014,17,1232
27/02/2014,18,1135
27/02/2014,19,763
27/02/2014,20,519
27/02/2014,21,351
27/02/2014,22,234
27/02/2014,23,123
27/02/2015,0,63
27/02/2015,1,42
27/02/2015,2,22
27/02/2015,3,18
27/02/2015,4,15
27/02/2015,5,83
27/02/2015,6,254
27/02/2015,7,561
27/02/2015,8,1034
27/02/2015,9,789
27/02/2015,10,403
27/02/2015,11,360
27/02/2015,12,436
27/02/2015,13,491
27/02/2015,14,527
27/02/2015,15,574
27/02/2015,16,784
27/02/2015,17,1128
27/02/2015,18,940
27/02/2015,19,537
27/02/2015,20,301
27/02/2015,21,220
27/02/2015,22,155
27/02/2015,23,127
27/02/2016,0,234
27/02/2016,1,117
27/02/2016,2,91
27/02/2016,3,59
27/02/2016,4,42
27/02/2016,5,34
27/02/2016,6,108
27/02/2016,7,250
27/02/2016,8,525
27/02/2016,9,823
27/02/2016,10,1086
27/02/2016,11,1315
27/02/2016,12,1516
27/02/2016,13,1596
27/02/2016,14,1572
27/02/2016,15,1586
27/02/2016,16,1454
27/02/2016,17,1251
27/02/2016,18,978
27/02/2016,19,848
27/02/2016,20,573
27/02/2016,21,444
27/02/2016,22,366
27/02/2016,23,358
27/02/2018,0,211
27/02/2018,1,89
27/02/2018,2,34
27/02/2018,3,31
27/02/2018,4,56
27/02/2018,5,370
27/02/2018,6,1401
27/02/2018,7,3092
27/02/2018,8,5357
27/02/2018,9,3504
27/02/2018,10,1814
27/02/2018,11,1794
27/02/2018,12,2167
27/02/2018,13,2312
27/02/2018,14,2354
27/02/2018,15,2634
27/02/2018,16,3239
27/02/2018,17,5071
27/02/2018,18,4970
27/02/2018,19,3148
27/02/2018,20,1956
27/02/2018,21,1427
27/02/2018,22,962
27/02/2018,23,523
27/03/2014,0,69
27/03/2014,1,43
27/03/2014,2,7
27/03/2014,3,10
27/03/2014,4,28
27/03/2014,5,102
27/03/2014,6,350
27/03/2014,7,774
27/03/2014,8,1540
27/03/2014,9,1221
27/03/2014,10,635
27/03/2014,11,595
27/03/2014,12,712
27/03/2014,13,694
27/03/2014,14,777
27/03/2014,15,833
27/03/2014,16,1081
27/03/2014,17,1893
27/03/2014,18,1944
27/03/2014,19,1296
27/03/2014,20,795
27/03/2014,21,618
27/03/2014,22,393
27/03/2014,23,256
27/03/2015,0,96
27/03/2015,1,50
27/03/2015,2,22
27/03/2015,3,12
27/03/2015,4,10
27/03/2015,5,22
27/03/2015,6,114
27/03/2015,7,315
27/03/2015,8,1164
27/03/2015,9,1097
27/03/2015,10,597
27/03/2015,11,654
27/03/2015,12,767
27/03/2015,13,803
27/03/2015,14,889
27/03/2015,15,906
27/03/2015,16,1203
27/03/2015,17,1740
27/03/2015,18,1534
27/03/2015,19,971
27/03/2015,20,580
27/03/2015,21,355
27/03/2015,22,150
27/03/2015,23,56
27/03/2016,0,312
27/03/2016,1,206
27/03/2016,2,134
27/03/2016,3,96
27/03/2016,4,53
27/03/2016,5,47
27/03/2016,6,85
27/03/2016,7,205
27/03/2016,8,465
27/03/2016,9,858
27/03/2016,10,1293
27/03/2016,11,1676
27/03/2016,12,1915
27/03/2016,13,2153
27/03/2016,14,2228
27/03/2016,15,2163
27/03/2016,16,2058
27/03/2016,17,1774
27/03/2016,18,1573
27/03/2016,19,1090
27/03/2016,20,762
27/03/2016,21,580
27/03/2016,22,486
27/03/2016,23,271
27/03/2018,0,178
27/03/2018,1,93
27/03/2018,2,62
27/03/2018,3,41
27/03/2018,4,77
27/03/2018,5,368
27/03/2018,6,1178
27/03/2018,7,2531
27/03/2018,8,4711
27/03/2018,9,3224
27/03/2018,10,1694
27/03/2018,11,1539
27/03/2018,12,1799
27/03/2018,13,1864
27/03/2018,14,1831
27/03/2018,15,2015
27/03/2018,16,2585
27/03/2018,17,4298
27/03/2018,18,4377
27/03/2018,19,2843
27/03/2018,20,1798
27/03/2018,21,1151
27/03/2018,22,714
27/03/2018,23,383
27/04/2014,0,250
27/04/2014,1,211
27/04/2014,2,148
27/04/2014,3,78
27/04/2014,4,52
27/04/2014,5,35
27/04/2014,6,95
27/04/2014,7,221
27/04/2014,8,441
27/04/2014,9,813
27/04/2014,10,1211
27/04/2014,11,1679
27/04/2014,12,1761
27/04/2014,13,2060
27/04/2014,14,2083
27/04/2014,15,2002
27/04/2014,16,1939
27/04/2014,17,1720
27/04/2014,18,1617
27/04/2014,19,1245
27/04/2014,20,862
27/04/2014,21,615
27/04/2014,22,499
27/04/2014,23,289
27/04/2015,0,115
27/04/2015,1,58
27/04/2015,2,29
27/04/2015,3,19
27/04/2015,4,33
27/04/2015,5,157
27/04/2015,6,646
27/04/2015,7,1399
27/04/2015,8,2375
27/04/2015,9,1793
27/04/2015,10,1072
27/04/2015,11,1012
27/04/2015,12,1044
27/04/2015,13,1173
27/04/2015,14,1089
27/04/2015,15,1188
27/04/2015,16,1693
27/04/2015,17,2930
27/04/2015,18,2942
27/04/2015,19,1939
27/04/2015,20,1210
27/04/2015,21,782
27/04/2015,22,548
27/04/2015,23,255
27/04/2016,0,218
27/04/2016,1,83
27/04/2016,2,43
27/04/2016,3,39
27/04/2016,4,40
27/04/2016,5,237
27/04/2016,6,1148
27/04/2016,7,2234
27/04/2016,8,4144
27/04/2016,9,3112
27/04/2016,10,1543
27/04/2016,11,1470
27/04/2016,12,1733
27/04/2016,13,1921
27/04/2016,14,2031
27/04/2016,15,2208
27/04/2016,16,2743
27/04/2016,17,4632
27/04/2016,18,4611
27/04/2016,19,3085
27/04/2016,20,1886
27/04/2016,21,1254
27/04/2016,22,959
27/04/2016,23,557
27/04/2017,0,253
27/04/2017,1,102
27/04/2017,2,70
27/04/2017,3,37
27/04/2017,4,61
27/04/2017,5,295
27/04/2017,6,1275
27/04/2017,7,2625
27/04/2017,8,4714
27/04/2017,9,3432
27/04/2017,10,2107
27/04/2017,11,2011
27/04/2017,12,2500
27/04/2017,13,2630
27/04/2017,14,2801
27/04/2017,15,2935
27/04/2017,16,3666
27/04/2017,17,5865
27/04/2017,18,5880
27/04/2017,19,3214
27/04/2017,20,2069
27/04/2017,21,1559
27/04/2017,22,1132
27/04/2017,23,802
27/04/2018,0,538
27/04/2018,1,270
27/04/2018,2,140
27/04/2018,3,62
27/04/2018,4,90
27/04/2018,5,395
27/04/2018,6,1385
27/04/2018,7,3040
27/04/2018,8,2983
27/04/2018,9,1905
27/04/2018,10,1327
27/04/2018,11,776
27/04/2018,12,1652
27/04/2018,13,1906
27/04/2018,14,2280
27/04/2018,15,2297
27/04/2018,16,2755
27/04/2018,17,4100
27/04/2018,18,3649
27/04/2018,19,2669
27/04/2018,20,1667
27/04/2018,21,1283
27/04/2018,22,1100
27/04/2018,23,885
27/05/2014,0,268
27/05/2014,1,151
27/05/2014,2,68
27/05/2014,3,24
27/05/2014,4,39
27/05/2014,5,224
27/05/2014,6,859
27/05/2014,7,1838
27/05/2014,8,2934
27/05/2014,9,2167
27/05/2014,10,1240
27/05/2014,11,1212
27/05/2014,12,1424
27/05/2014,13,1476
27/05/2014,14,1382
27/05/2014,15,1644
27/05/2014,16,2140
27/05/2014,17,3709
27/05/2014,18,3597
27/05/2014,19,2603
27/05/2014,20,1580
27/05/2014,21,1063
27/05/2014,22,803
27/05/2014,23,491
27/05/2015,0,283
27/05/2015,1,109
27/05/2015,2,57
27/05/2015,3,33
27/05/2015,4,42
27/05/2015,5,245
27/05/2015,6,1060
27/05/2015,7,2122
27/05/2015,8,3367
27/05/2015,9,2480
27/05/2015,10,1383
27/05/2015,11,1360
27/05/2015,12,1514
27/05/2015,13,1553
27/05/2015,14,1616
27/05/2015,15,1802
27/05/2015,16,2305
27/05/2015,17,3864
27/05/2015,18,3846
27/05/2015,19,2010
27/05/2015,20,696
27/05/2015,21,806
27/05/2015,22,678
27/05/2015,23,479
27/05/2016,0,515
27/05/2016,1,273
27/05/2016,2,155
27/05/2016,3,81
27/05/2016,4,75
27/05/2016,5,262
27/05/2016,6,1033
27/05/2016,7,2268
27/05/2016,8,4106
27/05/2016,9,3194
27/05/2016,10,2124
27/05/2016,11,2162
27/05/2016,12,2572
27/05/2016,13,2912
27/05/2016,14,3387
27/05/2016,15,3691
27/05/2016,16,3864
27/05/2016,17,3841
27/05/2016,18,3206
27/05/2016,19,2452
27/05/2016,20,1760
27/05/2016,21,1180
27/05/2016,22,999
27/05/2016,23,825
27/05/2017,0,517
27/05/2017,1,342
27/05/2017,2,235
27/05/2017,3,185
27/05/2017,4,96
27/05/2017,5,117
27/05/2017,6,272
27/05/2017,7,590
27/05/2017,8,1232
27/05/2017,9,2075
27/05/2017,10,2789
27/05/2017,11,3543
27/05/2017,12,3792
27/05/2017,13,3909
27/05/2017,14,3879
27/05/2017,15,4156
27/05/2017,16,3895
27/05/2017,17,3534
27/05/2017,18,3257
27/05/2017,19,2750
27/05/2017,20,1985
27/05/2017,21,1427
27/05/2017,22,1101
27/05/2017,23,856
27/05/2018,0,822
27/05/2018,1,459
27/05/2018,2,335
27/05/2018,3,216
27/05/2018,4,118
27/05/2018,5,55
27/05/2018,6,81
27/05/2018,7,139
27/05/2018,8,160
27/05/2018,9,182
27/05/2018,10,689
27/05/2018,11,699
27/05/2018,12,1499
27/05/2018,13,1959
27/05/2018,14,1729
27/05/2018,15,2422
27/05/2018,16,2594
27/05/2018,17,2532
27/05/2018,18,2537
27/05/2018,19,2172
27/05/2018,20,1594
27/05/2018,21,1171
27/05/2018,22,891
27/05/2018,23,759
27/06/2014,0,418
27/06/2014,1,219
27/06/2014,2,125
27/06/2014,3,86
27/06/2014,4,67
27/06/2014,5,218
27/06/2014,6,795
27/06/2014,7,1642
27/06/2014,8,2857
27/06/2014,9,2445
27/06/2014,10,1333
27/06/2014,11,1430
27/06/2014,12,1747
27/06/2014,13,1940
27/06/2014,14,1998
27/06/2014,15,2274
27/06/2014,16,2876
27/06/2014,17,3643
27/06/2014,18,3095
27/06/2014,19,2328
27/06/2014,20,1557
27/06/2014,21,1059
27/06/2014,22,892
27/06/2014,23,779
27/06/2015,0,532
27/06/2015,1,365
27/06/2015,2,282
27/06/2015,3,198
27/06/2015,4,129
27/06/2015,5,71
27/06/2015,6,205
27/06/2015,7,356
27/06/2015,8,729
27/06/2015,9,1080
27/06/2015,10,1606
27/06/2015,11,1923
27/06/2015,12,1903
27/06/2015,13,1966
27/06/2015,14,1733
27/06/2015,15,890
27/06/2015,16,483
27/06/2015,17,392
27/06/2015,18,234
27/06/2015,19,134
27/06/2015,20,73
27/06/2015,21,66
27/06/2015,22,80
27/06/2015,23,55
27/06/2016,0,380
27/06/2016,1,192
27/06/2016,2,99
27/06/2016,3,48
27/06/2016,4,69
27/06/2016,5,324
27/06/2016,6,1325
27/06/2016,7,2670
27/06/2016,8,4583
27/06/2016,9,3321
27/06/2016,10,1890
27/06/2016,11,1764
27/06/2016,12,1987
27/06/2016,13,2221
27/06/2016,14,2270
27/06/2016,15,2378
27/06/2016,16,3160
27/06/2016,17,5722
27/06/2016,18,5694
27/06/2016,19,3605
27/06/2016,20,2020
27/06/2016,21,775
27/06/2016,22,373
27/06/2016,23,153
27/06/2017,0,416
27/06/2017,1,214
27/06/2017,2,96
27/06/2017,3,47
27/06/2017,4,62
27/06/2017,5,122
27/06/2017,6,1041
27/06/2017,7,3311
27/06/2017,8,6418
27/06/2017,9,4435
27/06/2017,10,2453
27/06/2017,11,2469
27/06/2017,12,2845
27/06/2017,13,2978
27/06/2017,14,3174
27/06/2017,15,3189
27/06/2017,16,4112
27/06/2017,17,7216
27/06/2017,18,7200
27/06/2017,19,4742
27/06/2017,20,3244
27/06/2017,21,2352
27/06/2017,22,1608
27/06/2017,23,1023
27/07/2013,0,593
27/07/2013,1,353
27/07/2013,2,300
27/07/2013,3,180
27/07/2013,4,125
27/07/2013,5,77
27/07/2013,6,152
27/07/2013,7,356
27/07/2013,8,701
27/07/2013,9,1144
27/07/2013,10,1656
27/07/2013,11,2057
27/07/2013,12,2280
27/07/2013,13,2449
27/07/2013,14,2652
27/07/2013,15,2726
27/07/2013,16,2720
27/07/2013,17,2701
27/07/2013,18,2384
27/07/2013,19,2195
27/07/2013,20,1648
27/07/2013,21,1211
27/07/2013,22,1017
27/07/2013,23,793
27/07/2014,0,568
27/07/2014,1,377
27/07/2014,2,264
27/07/2014,3,191
27/07/2014,4,117
27/07/2014,5,52
27/07/2014,6,98
27/07/2014,7,211
27/07/2014,8,482
27/07/2014,9,810
27/07/2014,10,1184
27/07/2014,11,1676
27/07/2014,12,1931
27/07/2014,13,2127
27/07/2014,14,2210
27/07/2014,15,2294
27/07/2014,16,2265
27/07/2014,17,2266
27/07/2014,18,2168
27/07/2014,19,1962
27/07/2014,20,1496
27/07/2014,21,1109
27/07/2014,22,761
27/07/2014,23,385
27/07/2015,0,225
27/07/2015,1,126
27/07/2015,2,70
27/07/2015,3,36
27/07/2015,4,51
27/07/2015,5,245
27/07/2015,6,976
27/07/2015,7,1958
27/07/2015,8,3530
27/07/2015,9,2559
27/07/2015,10,1352
27/07/2015,11,1413
27/07/2015,12,1555
27/07/2015,13,1566
27/07/2015,14,1655
27/07/2015,15,1704
27/07/2015,16,2320
27/07/2015,17,4298
27/07/2015,18,4550
27/07/2015,19,3367
27/07/2015,20,2264
27/07/2015,21,1422
27/07/2015,22,897
27/07/2015,23,608
27/07/2016,0,465
27/07/2016,1,205
27/07/2016,2,102
27/07/2016,3,66
27/07/2016,4,88
27/07/2016,5,388
27/07/2016,6,1606
27/07/2016,7,3142
27/07/2016,8,5108
27/07/2016,9,3760
27/07/2016,10,2031
27/07/2016,11,1944
27/07/2016,12,2121
27/07/2016,13,2215
27/07/2016,14,2188
27/07/2016,15,2462
27/07/2016,16,3163
27/07/2016,17,5569
27/07/2016,18,5904
27/07/2016,19,4240
27/07/2016,20,2947
27/07/2016,21,1991
27/07/2016,22,1462
27/07/2016,23,996
27/07/2017,0,589
27/07/2017,1,257
27/07/2017,2,130
27/07/2017,3,81
27/07/2017,4,101
27/07/2017,5,485
27/07/2017,6,1885
27/07/2017,7,3539
27/07/2017,8,6341
27/07/2017,9,4635
27/07/2017,10,2658
27/07/2017,11,2531
27/07/2017,12,2877
27/07/2017,13,3082
27/07/2017,14,2642
27/07/2017,15,2905
27/07/2017,16,3834
27/07/2017,17,6674
27/07/2017,18,6950
27/07/2017,19,4719
27/07/2017,20,3417
27/07/2017,21,2454
27/07/2017,22,1784
27/07/2017,23,1199
27/08/2013,0,170
27/08/2013,1,135
27/08/2013,2,49
27/08/2013,3,40
27/08/2013,4,33
27/08/2013,5,183
27/08/2013,6,792
27/08/2013,7,1679
27/08/2013,8,2993
27/08/2013,9,2332
27/08/2013,10,1319
27/08/2013,11,1196
27/08/2013,12,1491
27/08/2013,13,1556
27/08/2013,14,1524
27/08/2013,15,1630
27/08/2013,16,2136
27/08/2013,17,3595
27/08/2013,18,3645
27/08/2013,19,2814
27/08/2013,20,1863
27/08/2013,21,1348
27/08/2013,22,1003
27/08/2013,23,682
27/08/2014,0,307
27/08/2014,1,135
27/08/2014,2,74
27/08/2014,3,42
27/08/2014,4,49
27/08/2014,5,215
27/08/2014,6,967
27/08/2014,7,1858
27/08/2014,8,3081
27/08/2014,9,2335
27/08/2014,10,1299
27/08/2014,11,1240
27/08/2014,12,1512
27/08/2014,13,1549
27/08/2014,14,1482
27/08/2014,15,1577
27/08/2014,16,2170
27/08/2014,17,3535
27/08/2014,18,3576
27/08/2014,19,2577
27/08/2014,20,1665
27/08/2014,21,1196
27/08/2014,22,726
27/08/2014,23,554
27/08/2015,0,369
27/08/2015,1,160
27/08/2015,2,87
27/08/2015,3,42
27/08/2015,4,57
27/08/2015,5,243
27/08/2015,6,1117
27/08/2015,7,2241
27/08/2015,8,4072
27/08/2015,9,3043
27/08/2015,10,1673
27/08/2015,11,1635
27/08/2015,12,1939
27/08/2015,13,1933
27/08/2015,14,2025
27/08/2015,15,1961
27/08/2015,16,2580
27/08/2015,17,4476
27/08/2015,18,4601
27/08/2015,19,3350
27/08/2015,20,2130
27/08/2015,21,1499
27/08/2015,22,1168
27/08/2015,23,772
27/08/2016,0,670
27/08/2016,1,468
27/08/2016,2,294
27/08/2016,3,188
27/08/2016,4,153
27/08/2016,5,94
27/08/2016,6,268
27/08/2016,7,657
27/08/2016,8,1194
27/08/2016,9,2005
27/08/2016,10,2832
27/08/2016,11,3210
27/08/2016,12,3411
27/08/2016,13,3793
27/08/2016,14,3677
27/08/2016,15,3728
27/08/2016,16,3624
27/08/2016,17,3616
27/08/2016,18,3400
27/08/2016,19,2818
27/08/2016,20,1945
27/08/2016,21,1391
27/08/2016,22,1190
27/08/2016,23,1048
27/08/2017,0,535
27/08/2017,1,1114
27/08/2017,2,422
27/08/2017,3,229
27/08/2017,4,150
27/08/2017,5,98
27/08/2017,6,232
27/08/2017,7,490
27/08/2017,8,1025
27/08/2017,9,1861
27/08/2017,10,2738
27/08/2017,11,3431
27/08/2017,12,4326
27/08/2017,13,4742
27/08/2017,14,4828
27/08/2017,15,4877
27/08/2017,16,4854
27/08/2017,17,4812
27/08/2017,18,4392
27/08/2017,19,3541
27/08/2017,20,2363
27/08/2017,21,1558
27/08/2017,22,1156
27/08/2017,23,824
27/09/2013,0,378
27/09/2013,1,186
27/09/2013,2,102
27/09/2013,3,52
27/09/2013,4,76
27/09/2013,5,169
27/09/2013,6,793
27/09/2013,7,1894
27/09/2013,8,3244
27/09/2013,9,2644
27/09/2013,10,1458
27/09/2013,11,1603
27/09/2013,12,1946
27/09/2013,13,2143
27/09/2013,14,2119
27/09/2013,15,2137
27/09/2013,16,2729
27/09/2013,17,3883
27/09/2013,18,3340
27/09/2013,19,2224
27/09/2013,20,1508
27/09/2013,21,1012
27/09/2013,22,992
27/09/2013,23,780
27/09/2014,0,506
27/09/2014,1,359
27/09/2014,2,282
27/09/2014,3,153
27/09/2014,4,107
27/09/2014,5,60
27/09/2014,6,148
27/09/2014,7,368
27/09/2014,8,803
27/09/2014,9,1313
27/09/2014,10,1626
27/09/2014,11,2098
27/09/2014,12,2357
27/09/2014,13,2518
27/09/2014,14,2445
27/09/2014,15,2748
27/09/2014,16,2474
27/09/2014,17,2401
27/09/2014,18,2183
27/09/2014,19,1688
27/09/2014,20,1172
27/09/2014,21,850
27/09/2014,22,849
27/09/2014,23,685
27/09/2015,0,661
27/09/2015,1,392
27/09/2015,2,282
27/09/2015,3,159
27/09/2015,4,123
27/09/2015,5,86
27/09/2015,6,173
27/09/2015,7,384
27/09/2015,8,880
27/09/2015,9,1463
27/09/2015,10,2153
27/09/2015,11,2797
27/09/2015,12,3261
27/09/2015,13,3239
27/09/2015,14,3212
27/09/2015,15,3297
27/09/2015,16,3473
27/09/2015,17,3169
27/09/2015,18,2787
27/09/2015,19,2068
27/09/2015,20,1491
27/09/2015,21,1153
27/09/2015,22,965
27/09/2015,23,617
27/09/2016,0,386
27/09/2016,1,161
27/09/2016,2,43
27/09/2016,3,21
27/09/2016,4,41
27/09/2016,5,300
27/09/2016,6,1014
27/09/2016,7,2786
27/09/2016,8,6091
27/09/2016,9,4284
27/09/2016,10,2429
27/09/2016,11,2360
27/09/2016,12,2666
27/09/2016,13,2910
27/09/2016,14,3010
27/09/2016,15,3231
27/09/2016,16,4042
27/09/2016,17,7052
27/09/2016,18,7093
27/09/2016,19,4248
27/09/2016,20,2846
27/09/2016,21,2126
27/09/2016,22,1470
27/09/2016,23,736
27/09/2017,0,442
27/09/2017,1,207
27/09/2017,2,100
27/09/2017,3,60
27/09/2017,4,107
27/09/2017,5,520
27/09/2017,6,2059
27/09/2017,7,4532
27/09/2017,8,7131
27/09/2017,9,4581
27/09/2017,10,2778
27/09/2017,11,2589
27/09/2017,12,3014
27/09/2017,13,3084
27/09/2017,14,3211
27/09/2017,15,3499
27/09/2017,16,4491
27/09/2017,17,7540
27/09/2017,18,7374
27/09/2017,19,4685
27/09/2017,20,3150
27/09/2017,21,2185
27/09/2017,22,1525
27/09/2017,23,1033
27/10/2013,0,423
27/10/2013,1,327
27/10/2013,2,231
27/10/2013,3,131
27/10/2013,4,92
27/10/2013,5,42
27/10/2013,6,84
27/10/2013,7,210
27/10/2013,8,453
27/10/2013,9,837
27/10/2013,10,1282
27/10/2013,11,1729
27/10/2013,12,2092
27/10/2013,13,2126
27/10/2013,14,2220
27/10/2013,15,2170
27/10/2013,16,2397
27/10/2013,17,1968
27/10/2013,18,1657
27/10/2013,19,1175
27/10/2013,20,861
27/10/2013,21,667
27/10/2013,22,463
27/10/2013,23,328
27/10/2014,0,165
27/10/2014,1,86
27/10/2014,2,44
27/10/2014,3,22
27/10/2014,4,41
27/10/2014,5,172
27/10/2014,6,750
27/10/2014,7,1531
27/10/2014,8,2679
27/10/2014,9,2062
27/10/2014,10,1072
27/10/2014,11,1005
27/10/2014,12,1269
27/10/2014,13,1368
27/10/2014,14,1304
27/10/2014,15,1477
27/10/2014,16,1934
27/10/2014,17,3432
27/10/2014,18,3172
27/10/2014,19,1981
27/10/2014,20,1368
27/10/2014,21,937
27/10/2014,22,599
27/10/2014,23,336
27/10/2015,0,238
27/10/2015,1,131
27/10/2015,2,60
27/10/2015,3,31
27/10/2015,4,63
27/10/2015,5,280
27/10/2015,6,1226
27/10/2015,7,2633
27/10/2015,8,4914
27/10/2015,9,3491
27/10/2015,10,1898
27/10/2015,11,1690
27/10/2015,12,1964
27/10/2015,13,2011
27/10/2015,14,2005
27/10/2015,15,2317
27/10/2015,16,2836
27/10/2015,17,4821
27/10/2015,18,4518
27/10/2015,19,2896
27/10/2015,20,1930
27/10/2015,21,1188
27/10/2015,22,889
27/10/2015,23,523
27/10/2017,0,508
27/10/2017,1,235
27/10/2017,2,116
27/10/2017,3,73
27/10/2017,4,100
27/10/2017,5,409
27/10/2017,6,1554
27/10/2017,7,3652
27/10/2017,8,6661
27/10/2017,9,4889
27/10/2017,10,3003
27/10/2017,11,2997
27/10/2017,12,3559
27/10/2017,13,3767
27/10/2017,14,3935
27/10/2017,15,4364
27/10/2017,16,5464
27/10/2017,17,7460
27/10/2017,18,5991
27/10/2017,19,3877
27/10/2017,20,2356
27/10/2017,21,1781
27/10/2017,22,1498
27/10/2017,23,1019
27/11/2013,0,30
27/11/2013,1,12
27/11/2013,2,17
27/11/2013,3,6
27/11/2013,4,15
27/11/2013,5,38
27/11/2013,6,163
27/11/2013,7,257
27/11/2013,8,700
27/11/2013,9,394
27/11/2013,10,314
27/11/2013,11,509
27/11/2013,12,635
27/11/2013,13,673
27/11/2013,14,459
27/11/2013,15,514
27/11/2013,16,578
27/11/2013,17,647
27/11/2013,18,460
27/11/2013,19,507
27/11/2013,20,370
27/11/2013,21,243
27/11/2013,22,256
27/11/2013,23,179
27/11/2014,0,68
27/11/2014,1,55
27/11/2014,2,43
27/11/2014,3,26
27/11/2014,4,31
27/11/2014,5,20
27/11/2014,6,61
27/11/2014,7,120
27/11/2014,8,194
27/11/2014,9,335
27/11/2014,10,352
27/11/2014,11,305
27/11/2014,12,274
27/11/2014,13,313
27/11/2014,14,307
27/11/2014,15,245
27/11/2014,16,201
27/11/2014,17,181
27/11/2014,18,142
27/11/2014,19,136
27/11/2014,20,139
27/11/2014,21,130
27/11/2014,22,138
27/11/2014,23,129
27/11/2015,0,234
27/11/2015,1,132
27/11/2015,2,89
27/11/2015,3,54
27/11/2015,4,35
27/11/2015,5,67
27/11/2015,6,246
27/11/2015,7,593
27/11/2015,8,926
27/11/2015,9,1022
27/11/2015,10,1127
27/11/2015,11,1429
27/11/2015,12,1771
27/11/2015,13,2059
27/11/2015,14,2279
27/11/2015,15,2289
27/11/2015,16,2033
27/11/2015,17,1693
27/11/2015,18,1249
27/11/2015,19,1031
27/11/2015,20,806
27/11/2015,21,621
27/11/2015,22,606
27/11/2015,23,433
27/11/2017,0,203
27/11/2017,1,97
27/11/2017,2,32
27/11/2017,3,35
27/11/2017,4,68
27/11/2017,5,391
27/11/2017,6,1352
27/11/2017,7,2999
27/11/2017,8,5160
27/11/2017,9,3296
27/11/2017,10,1822
27/11/2017,11,1645
27/11/2017,12,1850
27/11/2017,13,2102
27/11/2017,14,2243
27/11/2017,15,2305
27/11/2017,16,3134
27/11/2017,17,5035
27/11/2017,18,4937
27/11/2017,19,3331
27/11/2017,20,1992
27/11/2017,21,1318
27/11/2017,22,914
27/11/2017,23,472
27/12/2013,0,98
27/12/2013,1,65
27/12/2013,2,32
27/12/2013,3,20
27/12/2013,4,28
27/12/2013,5,65
27/12/2013,6,247
27/12/2013,7,418
27/12/2013,8,770
27/12/2013,9,738
27/12/2013,10,592
27/12/2013,11,633
27/12/2013,12,712
27/12/2013,13,780
27/12/2013,14,851
27/12/2013,15,926
27/12/2013,16,1085
27/12/2013,17,1035
27/12/2013,18,851
27/12/2013,19,588
27/12/2013,20,390
27/12/2013,21,298
27/12/2013,22,282
27/12/2013,23,216
27/12/2014,0,127
27/12/2014,1,89
27/12/2014,2,50
27/12/2014,3,41
27/12/2014,4,39
27/12/2014,5,21
27/12/2014,6,63
27/12/2014,7,105
27/12/2014,8,222
27/12/2014,9,364
27/12/2014,10,517
27/12/2014,11,767
27/12/2014,12,853
27/12/2014,13,997
27/12/2014,14,1024
27/12/2014,15,1084
27/12/2014,16,926
27/12/2014,17,734
27/12/2014,18,588
27/12/2014,19,485
27/12/2014,20,353
27/12/2014,21,310
27/12/2014,22,297
27/12/2014,23,191
27/12/2015,0,58
27/12/2015,1,73
27/12/2015,2,70
27/12/2015,3,54
27/12/2015,4,34
27/12/2015,5,33
27/12/2015,6,55
27/12/2015,7,132
27/12/2015,8,264
27/12/2015,9,471
27/12/2015,10,796
27/12/2015,11,1037
27/12/2015,12,1137
27/12/2015,13,1206
27/12/2015,14,1279
27/12/2015,15,1394
27/12/2015,16,1363
27/12/2015,17,1072
27/12/2015,18,807
27/12/2015,19,624
27/12/2015,20,389
27/12/2015,21,284
27/12/2015,22,322
27/12/2015,23,223
27/12/2017,0,112
27/12/2017,1,58
27/12/2017,2,38
27/12/2017,3,23
27/12/2017,4,38
27/12/2017,5,146
27/12/2017,6,456
27/12/2017,7,788
27/12/2017,8,1252
27/12/2017,9,1141
27/12/2017,10,839
27/12/2017,11,815
27/12/2017,12,888
27/12/2017,13,999
27/12/2017,14,1012
27/12/2017,15,1059
27/12/2017,16,1357
27/12/2017,17,1624
27/12/2017,18,1357
27/12/2017,19,922
27/12/2017,20,564
27/12/2017,21,383
27/12/2017,22,305
27/12/2017,23,189
28/01/2014,0,61
28/01/2014,1,22
28/01/2014,2,14
28/01/2014,3,7
28/01/2014,4,10
28/01/2014,5,76
28/01/2014,6,285
28/01/2014,7,611
28/01/2014,8,1094
28/01/2014,9,810
28/01/2014,10,392
28/01/2014,11,339
28/01/2014,12,421
28/01/2014,13,421
28/01/2014,14,426
28/01/2014,15,499
28/01/2014,16,613
28/01/2014,17,1016
28/01/2014,18,985
28/01/2014,19,736
28/01/2014,20,516
28/01/2014,21,341
28/01/2014,22,209
28/01/2014,23,129
28/01/2015,0,24
28/01/2015,1,6
28/01/2015,2,6
28/01/2015,3,6
28/01/2015,4,7
28/01/2015,5,39
28/01/2015,6,126
28/01/2015,7,201
28/01/2015,8,363
28/01/2015,9,292
28/01/2015,10,180
28/01/2015,11,176
28/01/2015,12,229
28/01/2015,13,245
28/01/2015,14,282
28/01/2015,15,309
28/01/2015,16,398
28/01/2015,17,640
28/01/2015,18,688
28/01/2015,19,418
28/01/2015,20,283
28/01/2015,21,224
28/01/2015,22,159
28/01/2015,23,100
28/01/2016,0,53
28/01/2016,1,29
28/01/2016,2,18
28/01/2016,3,7
28/01/2016,4,26
28/01/2016,5,80
28/01/2016,6,331
28/01/2016,7,598
28/01/2016,8,1226
28/01/2016,9,971
28/01/2016,10,455
28/01/2016,11,439
28/01/2016,12,508
28/01/2016,13,510
28/01/2016,14,592
28/01/2016,15,581
28/01/2016,16,777
28/01/2016,17,1307
28/01/2016,18,1191
28/01/2016,19,838
28/01/2016,20,562
28/01/2016,21,399
28/01/2016,22,270
28/01/2016,23,178
28/01/2018,0,510
28/01/2018,1,246
28/01/2018,2,126
28/01/2018,3,87
28/01/2018,4,33
28/01/2018,5,21
28/01/2018,6,48
28/01/2018,7,135
28/01/2018,8,321
28/01/2018,9,549
28/01/2018,10,917
28/01/2018,11,884
28/01/2018,12,974
28/01/2018,13,1510
28/01/2018,14,1831
28/01/2018,15,2109
28/01/2018,16,2267
28/01/2018,17,1970
28/01/2018,18,1666
28/01/2018,19,1326
28/01/2018,20,964
28/01/2018,21,717
28/01/2018,22,535
28/01/2018,23,355
28/02/2014,0,69
28/02/2014,1,35
28/02/2014,2,12
28/02/2014,3,13
28/02/2014,4,20
28/02/2014,5,75
28/02/2014,6,215
28/02/2014,7,505
28/02/2014,8,998
28/02/2014,9,778
28/02/2014,10,414
28/02/2014,11,339
28/02/2014,12,417
28/02/2014,13,468
28/02/2014,14,494
28/02/2014,15,535
28/02/2014,16,739
28/02/2014,17,1055
28/02/2014,18,941
28/02/2014,19,613
28/02/2014,20,348
28/02/2014,21,205
28/02/2014,22,170
28/02/2014,23,129
28/02/2015,0,99
28/02/2015,1,47
28/02/2015,2,26
28/02/2015,3,18
28/02/2015,4,14
28/02/2015,5,20
28/02/2015,6,38
28/02/2015,7,81
28/02/2015,8,205
28/02/2015,9,316
28/02/2015,10,407
28/02/2015,11,501
28/02/2015,12,561
28/02/2015,13,535
28/02/2015,14,498
28/02/2015,15,569
28/02/2015,16,517
28/02/2015,17,477
28/02/2015,18,401
28/02/2015,19,315
28/02/2015,20,214
28/02/2015,21,167
28/02/2015,22,147
28/02/2015,23,145
28/02/2016,0,242
28/02/2016,1,162
28/02/2016,2,113
28/02/2016,3,91
28/02/2016,4,46
28/02/2016,5,39
28/02/2016,6,77
28/02/2016,7,157
28/02/2016,8,474
28/02/2016,9,851
28/02/2016,10,1296
28/02/2016,11,1887
28/02/2016,12,2288
28/02/2016,13,2517
28/02/2016,14,2780
28/02/2016,15,2850
28/02/2016,16,2681
28/02/2016,17,2253
28/02/2016,18,1629
28/02/2016,19,1080
28/02/2016,20,704
28/02/2016,21,489
28/02/2016,22,453
28/02/2016,23,278
28/02/2018,0,277
28/02/2018,1,134
28/02/2018,2,71
28/02/2018,3,35
28/02/2018,4,64
28/02/2018,5,379
28/02/2018,6,1420
28/02/2018,7,3168
28/02/2018,8,5488
28/02/2018,9,3568
28/02/2018,10,1865
28/02/2018,11,1709
28/02/2018,12,2175
28/02/2018,13,2339
28/02/2018,14,2436
28/02/2018,15,2609
28/02/2018,16,3389
28/02/2018,17,5739
28/02/2018,18,4989
28/02/2018,19,3275
28/02/2018,20,2198
28/02/2018,21,1575
28/02/2018,22,1134
28/02/2018,23,673
28/03/2014,0,172
28/03/2014,1,83
28/03/2014,2,31
28/03/2014,3,26
28/03/2014,4,38
28/03/2014,5,117
28/03/2014,6,477
28/03/2014,7,962
28/03/2014,8,1985
28/03/2014,9,1558
28/03/2014,10,722
28/03/2014,11,348
28/03/2014,12,612
28/03/2014,13,724
28/03/2014,14,821
28/03/2014,15,930
28/03/2014,16,1289
28/03/2014,17,2042
28/03/2014,18,2011
28/03/2014,19,1387
28/03/2014,20,835
28/03/2014,21,526
28/03/2014,22,377
28/03/2014,23,352
28/03/2015,0,10
28/03/2015,1,5
28/03/2015,11,1
28/03/2015,13,1
28/03/2015,14,3
28/03/2015,16,5
28/03/2015,17,39
28/03/2015,18,164
28/03/2015,19,262
28/03/2015,20,202
28/03/2015,21,159
28/03/2015,22,123
28/03/2015,23,133
28/03/2016,0,131
28/03/2016,1,66
28/03/2016,2,34
28/03/2016,3,8
28/03/2016,4,24
28/03/2016,5,99
28/03/2016,6,305
28/03/2016,7,342
28/03/2016,8,610
28/03/2016,9,510
28/03/2016,10,219
28/03/2016,11,371
28/03/2016,12,674
28/03/2016,13,946
28/03/2016,14,1121
28/03/2016,15,1514
28/03/2016,16,2081
28/03/2016,17,3160
28/03/2016,18,3143
28/03/2016,19,2057
28/03/2016,20,1291
28/03/2016,21,814
28/03/2016,22,527
28/03/2016,23,298
28/03/2018,0,145
28/03/2018,1,61
28/03/2018,2,34
28/03/2018,3,21
28/03/2018,4,58
28/03/2018,5,174
28/03/2018,6,914
28/03/2018,7,2119
28/03/2018,8,4283
28/03/2018,9,3243
28/03/2018,10,1699
28/03/2018,11,1547
28/03/2018,12,1910
28/03/2018,13,1924
28/03/2018,14,1946
28/03/2018,15,2196
28/03/2018,16,2802
28/03/2018,17,4711
28/03/2018,18,4746
28/03/2018,19,3074
28/03/2018,20,1932
28/03/2018,21,1389
28/03/2018,22,1001
28/03/2018,23,591
28/04/2014,0,150
28/04/2014,1,60
28/04/2014,2,31
28/04/2014,3,24
28/04/2014,4,32
28/04/2014,5,157
28/04/2014,6,746
28/04/2014,7,1413
28/04/2014,8,2588
28/04/2014,9,1842
28/04/2014,10,1052
28/04/2014,11,1013
28/04/2014,12,1261
28/04/2014,13,1321
28/04/2014,14,1403
28/04/2014,15,1504
28/04/2014,16,1924
28/04/2014,17,3335
28/04/2014,18,3332
28/04/2014,19,2178
28/04/2014,20,1358
28/04/2014,21,909
28/04/2014,22,600
28/04/2014,23,324
28/04/2015,0,136
28/04/2015,1,70
28/04/2015,2,28
28/04/2015,3,17
28/04/2015,4,35
28/04/2015,5,178
28/04/2015,6,827
28/04/2015,7,1688
28/04/2015,8,2833
28/04/2015,9,2166
28/04/2015,10,1207
28/04/2015,11,1114
28/04/2015,12,1296
28/04/2015,13,1361
28/04/2015,14,1427
28/04/2015,15,1519
28/04/2015,16,2004
28/04/2015,17,3194
28/04/2015,18,3269
28/04/2015,19,2186
28/04/2015,20,1335
28/04/2015,21,894
28/04/2015,22,660
28/04/2015,23,351
28/04/2016,0,294
28/04/2016,1,120
28/04/2016,2,75
28/04/2016,3,29
28/04/2016,4,43
28/04/2016,5,251
28/04/2016,6,1051
28/04/2016,7,2175
28/04/2016,8,3989
28/04/2016,9,3050
28/04/2016,10,1694
28/04/2016,11,1641
28/04/2016,12,1905
28/04/2016,13,1925
28/04/2016,14,1853
28/04/2016,15,1886
28/04/2016,16,2508
28/04/2016,17,3802
28/04/2016,18,3280
28/04/2016,19,2071
28/04/2016,20,1432
28/04/2016,21,995
28/04/2016,22,841
28/04/2016,23,518
28/04/2017,0,417
28/04/2017,1,206
28/04/2017,2,121
28/04/2017,3,53
28/04/2017,4,61
28/04/2017,5,316
28/04/2017,6,1271
28/04/2017,7,2906
28/04/2017,8,5314
28/04/2017,9,3913
28/04/2017,10,2592
28/04/2017,11,2644
28/04/2017,12,3257
28/04/2017,13,3211
28/04/2017,14,3499
28/04/2017,15,3782
28/04/2017,16,5063
28/04/2017,17,6615
28/04/2017,18,5981
28/04/2017,19,4047
28/04/2017,20,2596
28/04/2017,21,1807
28/04/2017,22,1369
28/04/2017,23,1158
28/04/2018,0,581
28/04/2018,1,423
28/04/2018,2,215
28/04/2018,3,133
28/04/2018,4,91
28/04/2018,5,98
28/04/2018,6,302
28/04/2018,7,771
28/04/2018,8,1501
28/04/2018,9,2500
28/04/2018,10,3314
28/04/2018,11,4270
28/04/2018,12,5043
28/04/2018,13,5594
28/04/2018,14,5721
28/04/2018,15,5786
28/04/2018,16,5681
28/04/2018,17,4715
28/04/2018,18,4099
28/04/2018,19,2928
28/04/2018,20,1214
28/04/2018,21,813
28/04/2018,22,495
28/04/2018,23,457
28/05/2014,0,281
28/05/2014,1,104
28/05/2014,2,50
28/05/2014,3,38
28/05/2014,4,37
28/05/2014,5,214
28/05/2014,6,883
28/05/2014,7,1688
28/05/2014,8,2938
28/05/2014,9,2132
28/05/2014,10,1115
28/05/2014,11,1090
28/05/2014,12,1277
28/05/2014,13,1333
28/05/2014,14,1403
28/05/2014,15,1485
28/05/2014,16,2016
28/05/2014,17,3213
28/05/2014,18,3101
28/05/2014,19,2113
28/05/2014,20,1329
28/05/2014,21,832
28/05/2014,22,643
28/05/2014,23,375
28/05/2015,0,269
28/05/2015,1,109
28/05/2015,2,65
28/05/2015,3,38
28/05/2015,4,44
28/05/2015,5,244
28/05/2015,6,1024
28/05/2015,7,1989
28/05/2015,8,3379
28/05/2015,9,2424
28/05/2015,10,1385
28/05/2015,11,1349
28/05/2015,12,1515
28/05/2015,13,1602
28/05/2015,14,1642
28/05/2015,15,1803
28/05/2015,16,2280
28/05/2015,17,3716
28/05/2015,18,3686
28/05/2015,19,2646
28/05/2015,20,1870
28/05/2015,21,1202
28/05/2015,22,968
28/05/2015,23,685
28/05/2016,0,479
28/05/2016,1,362
28/05/2016,2,271
28/05/2016,3,147
28/05/2016,4,93
28/05/2016,5,76
28/05/2016,6,235
28/05/2016,7,454
28/05/2016,8,991
28/05/2016,9,1532
28/05/2016,10,2173
28/05/2016,11,2539
28/05/2016,12,2770
28/05/2016,13,2901
28/05/2016,14,2928
28/05/2016,15,2660
28/05/2016,16,2500
28/05/2016,17,2536
28/05/2016,18,2454
28/05/2016,19,1900
28/05/2016,20,1516
28/05/2016,21,1128
28/05/2016,22,840
28/05/2016,23,737
28/05/2017,0,555
28/05/2017,1,311
28/05/2017,2,216
28/05/2017,3,170
28/05/2017,4,105
28/05/2017,5,72
28/05/2017,6,161
28/05/2017,7,401
28/05/2017,8,819
28/05/2017,9,1603
28/05/2017,10,2711
28/05/2017,11,3458
28/05/2017,12,4023
28/05/2017,13,4228
28/05/2017,14,4382
28/05/2017,15,4357
28/05/2017,16,4234
28/05/2017,17,4113
28/05/2017,18,3552
28/05/2017,19,2637
28/05/2017,20,1732
28/05/2017,21,1186
28/05/2017,22,974
28/05/2017,23,727
28/05/2018,0,472
28/05/2018,1,279
28/05/2018,2,208
28/05/2018,3,125
28/05/2018,4,79
28/05/2018,5,108
28/05/2018,6,233
28/05/2018,7,500
28/05/2018,8,939
28/05/2018,9,1684
28/05/2018,10,2375
28/05/2018,11,3156
28/05/2018,12,3714
28/05/2018,13,4289
28/05/2018,14,4308
28/05/2018,15,4597
28/05/2018,16,4564
28/05/2018,17,4400
28/05/2018,18,4025
28/05/2018,19,3302
28/05/2018,20,2310
28/05/2018,21,1457
28/05/2018,22,1114
28/05/2018,23,805
28/06/2014,0,539
28/06/2014,1,334
28/06/2014,2,261
28/06/2014,3,155
28/06/2014,4,98
28/06/2014,5,79
28/06/2014,6,175
28/06/2014,7,319
28/06/2014,8,731
28/06/2014,9,1219
28/06/2014,10,1690
28/06/2014,11,2109
28/06/2014,12,2083
28/06/2014,13,2006
28/06/2014,14,1929
28/06/2014,15,2652
28/06/2014,16,2203
28/06/2014,17,2048
28/06/2014,18,2156
28/06/2014,19,1788
28/06/2014,20,1392
28/06/2014,21,995
28/06/2014,22,837
28/06/2014,23,709
28/06/2015,0,41
28/06/2015,1,44
28/06/2015,2,47
28/06/2015,3,22
28/06/2015,4,33
28/06/2015,5,28
28/06/2015,6,58
28/06/2015,7,144
28/06/2015,8,312
28/06/2015,9,608
28/06/2015,10,645
28/06/2015,11,1017
28/06/2015,12,931
28/06/2015,13,1272
28/06/2015,14,1719
28/06/2015,15,2041
28/06/2015,16,2187
28/06/2015,17,2065
28/06/2015,18,1913
28/06/2015,19,1791
28/06/2015,20,1287
28/06/2015,21,1023
28/06/2015,22,830
28/06/2015,23,533
28/06/2016,0,44
28/06/2016,1,30
28/06/2016,2,42
28/06/2016,3,34
28/06/2016,4,62
28/06/2016,5,345
28/06/2016,6,1440
28/06/2016,7,2673
28/06/2016,8,4994
28/06/2016,9,3518
28/06/2016,10,1948
28/06/2016,11,1839
28/06/2016,12,2144
28/06/2016,13,2198
28/06/2016,14,2250
28/06/2016,15,2332
28/06/2016,16,3138
28/06/2016,17,5451
28/06/2016,18,5518
28/06/2016,19,3824
28/06/2016,20,2501
28/06/2016,21,1728
28/06/2016,22,947
28/06/2016,23,593
28/06/2017,0,521
28/06/2017,1,212
28/06/2017,2,103
28/06/2017,3,56
28/06/2017,4,82
28/06/2017,5,483
28/06/2017,6,1908
28/06/2017,7,3693
28/06/2017,8,6242
28/06/2017,9,4435
28/06/2017,10,2595
28/06/2017,11,2649
28/06/2017,12,3101
28/06/2017,13,3141
28/06/2017,14,2991
28/06/2017,15,3106
28/06/2017,16,4180
28/06/2017,17,6948
28/06/2017,18,7230
28/06/2017,19,5109
28/06/2017,20,3567
28/06/2017,21,2444
28/06/2017,22,1820
28/06/2017,23,1136
28/07/2013,0,670
28/07/2013,1,429
28/07/2013,2,301
28/07/2013,3,174
28/07/2013,4,130
28/07/2013,5,54
28/07/2013,6,101
28/07/2013,7,256
28/07/2013,8,529
28/07/2013,9,939
28/07/2013,10,1381
28/07/2013,11,1939
28/07/2013,12,2072
28/07/2013,13,1883
28/07/2013,14,1667
28/07/2013,15,2316
28/07/2013,16,2477
28/07/2013,17,2568
28/07/2013,18,1323
28/07/2013,19,648
28/07/2013,20,515
28/07/2013,21,618
28/07/2013,22,423
28/07/2013,23,95
28/07/2014,0,154
28/07/2014,1,32
28/07/2014,2,31
28/07/2014,3,13
28/07/2014,4,40
28/07/2014,5,198
28/07/2014,6,817
28/07/2014,7,1711
28/07/2014,8,2778
28/07/2014,9,2212
28/07/2014,10,1110
28/07/2014,11,1054
28/07/2014,12,1432
28/07/2014,13,1476
28/07/2014,14,1442
28/07/2014,15,1620
28/07/2014,16,2198
28/07/2014,17,3631
28/07/2014,18,3820
28/07/2014,19,2867
28/07/2014,20,1894
28/07/2014,21,1250
28/07/2014,22,907
28/07/2014,23,502
28/07/2015,0,303
28/07/2015,1,135
28/07/2015,2,79
28/07/2015,3,45
28/07/2015,4,60
28/07/2015,5,288
28/07/2015,6,1261
28/07/2015,7,2311
28/07/2015,8,3947
28/07/2015,9,2756
28/07/2015,10,1488
28/07/2015,11,1446
28/07/2015,12,1621
28/07/2015,13,1633
28/07/2015,14,1548
28/07/2015,15,1738
28/07/2015,16,2411
28/07/2015,17,4252
28/07/2015,18,4355
28/07/2015,19,3254
28/07/2015,20,2189
28/07/2015,21,1511
28/07/2015,22,1164
28/07/2015,23,639
28/07/2016,0,515
28/07/2016,1,195
28/07/2016,2,117
28/07/2016,3,65
28/07/2016,4,95
28/07/2016,5,365
28/07/2016,6,1465
28/07/2016,7,3004
28/07/2016,8,4942
28/07/2016,9,3747
28/07/2016,10,2087
28/07/2016,11,1909
28/07/2016,12,2198
28/07/2016,13,2200
28/07/2016,14,2231
28/07/2016,15,2326
28/07/2016,16,3257
28/07/2016,17,5288
28/07/2016,18,4521
28/07/2016,19,3500
28/07/2016,20,2435
28/07/2016,21,1640
28/07/2016,22,1215
28/07/2016,23,834
28/07/2017,0,607
28/07/2017,1,335
28/07/2017,2,174
28/07/2017,3,81
28/07/2017,4,99
28/07/2017,5,444
28/07/2017,6,1632
28/07/2017,7,3143
28/07/2017,8,5520
28/07/2017,9,4350
28/07/2017,10,2721
28/07/2017,11,2668
28/07/2017,12,3077
28/07/2017,13,3609
28/07/2017,14,3798
28/07/2017,15,4079
28/07/2017,16,4984
28/07/2017,17,6271
28/07/2017,18,5432
28/07/2017,19,3771
28/07/2017,20,2601
28/07/2017,21,1893
28/07/2017,22,1411
28/07/2017,23,1199
28/08/2013,0,345
28/08/2013,1,171
28/08/2013,2,84
28/08/2013,3,60
28/08/2013,4,49
28/08/2013,5,181
28/08/2013,6,823
28/08/2013,7,1755
28/08/2013,8,3093
28/08/2013,9,2354
28/08/2013,10,1156
28/08/2013,11,1219
28/08/2013,12,789
28/08/2013,13,537
28/08/2013,14,793
28/08/2013,15,885
28/08/2013,16,1139
28/08/2013,17,3089
28/08/2013,18,3301
28/08/2013,19,2392
28/08/2013,20,1462
28/08/2013,21,1087
28/08/2013,22,865
28/08/2013,23,556
28/08/2014,0,331
28/08/2014,1,189
28/08/2014,2,84
28/08/2014,3,50
28/08/2014,4,42
28/08/2014,5,217
28/08/2014,6,903
28/08/2014,7,1725
28/08/2014,8,2909
28/08/2014,9,2392
28/08/2014,10,1245
28/08/2014,11,1287
28/08/2014,12,1562
28/08/2014,13,1679
28/08/2014,14,1588
28/08/2014,15,1767
28/08/2014,16,2259
28/08/2014,17,3577
28/08/2014,18,3565
28/08/2014,19,2455
28/08/2014,20,1537
28/08/2014,21,1094
28/08/2014,22,880
28/08/2014,23,590
28/08/2015,0,406
28/08/2015,1,216
28/08/2015,2,106
28/08/2015,3,81
28/08/2015,4,68
28/08/2015,5,204
28/08/2015,6,915
28/08/2015,7,1887
28/08/2015,8,3626
28/08/2015,9,2910
28/08/2015,10,1839
28/08/2015,11,1647
28/08/2015,12,2139
28/08/2015,13,2269
28/08/2015,14,2403
28/08/2015,15,2711
28/08/2015,16,3306
28/08/2015,17,4186
28/08/2015,18,3649
28/08/2015,19,2684
28/08/2015,20,1616
28/08/2015,21,1195
28/08/2015,22,938
28/08/2015,23,754
28/08/2016,0,717
28/08/2016,1,440
28/08/2016,2,295
28/08/2016,3,209
28/08/2016,4,148
28/08/2016,5,99
28/08/2016,6,211
28/08/2016,7,492
28/08/2016,8,936
28/08/2016,9,1650
28/08/2016,10,2508
28/08/2016,11,3129
28/08/2016,12,3478
28/08/2016,13,3657
28/08/2016,14,3574
28/08/2016,15,3755
28/08/2016,16,3859
28/08/2016,17,3973
28/08/2016,18,3439
28/08/2016,19,2939
28/08/2016,20,2031
28/08/2016,21,1403
28/08/2016,22,1006
28/08/2016,23,691
28/08/2017,0,323
28/08/2017,1,175
28/08/2017,2,92
28/08/2017,3,54
28/08/2017,4,89
28/08/2017,5,354
28/08/2017,6,1555
28/08/2017,7,3298
28/08/2017,8,5735
28/08/2017,9,3970
28/08/2017,10,2241
28/08/2017,11,2234
28/08/2017,12,2671
28/08/2017,13,2726
28/08/2017,14,2846
28/08/2017,15,3144
28/08/2017,16,3991
28/08/2017,17,6999
28/08/2017,18,7122
28/08/2017,19,4659
28/08/2017,20,2874
28/08/2017,21,1824
28/08/2017,22,1176
28/08/2017,23,734
28/09/2013,0,564
28/09/2013,1,371
28/09/2013,2,257
28/09/2013,3,145
28/09/2013,4,111
28/09/2013,5,78
28/09/2013,6,144
28/09/2013,7,397
28/09/2013,8,805
28/09/2013,9,1382
28/09/2013,10,1899
28/09/2013,11,2317
28/09/2013,12,2617
28/09/2013,13,2896
28/09/2013,14,3057
28/09/2013,15,3038
28/09/2013,16,3058
28/09/2013,17,3076
28/09/2013,18,2622
28/09/2013,19,1935
28/09/2013,20,1355
28/09/2013,21,987
28/09/2013,22,977
28/09/2013,23,843
28/09/2014,0,551
28/09/2014,1,350
28/09/2014,2,266
28/09/2014,3,132
28/09/2014,4,105
28/09/2014,5,61
28/09/2014,6,124
28/09/2014,7,273
28/09/2014,8,580
28/09/2014,9,1107
28/09/2014,10,1498
28/09/2014,11,1996
28/09/2014,12,2374
28/09/2014,13,2440
28/09/2014,14,2394
28/09/2014,15,2504
28/09/2014,16,2712
28/09/2014,17,2394
28/09/2014,18,2362
28/09/2014,19,1712
28/09/2014,20,1182
28/09/2014,21,856
28/09/2014,22,664
28/09/2014,23,384
28/09/2015,0,294
28/09/2015,1,100
28/09/2015,2,62
28/09/2015,3,41
28/09/2015,4,72
28/09/2015,5,288
28/09/2015,6,1258
28/09/2015,7,2778
28/09/2015,8,4691
28/09/2015,9,3216
28/09/2015,10,1787
28/09/2015,11,1677
28/09/2015,12,1974
28/09/2015,13,1921
28/09/2015,14,2196
28/09/2015,15,2409
28/09/2015,16,3167
28/09/2015,17,5450
28/09/2015,18,5438
28/09/2015,19,3530
28/09/2015,20,2324
28/09/2015,21,1636
28/09/2015,22,1105
28/09/2015,23,597
28/09/2016,0,327
28/09/2016,1,172
28/09/2016,2,61
28/09/2016,3,40
28/09/2016,4,85
28/09/2016,5,434
28/09/2016,6,1729
28/09/2016,7,3957
28/09/2016,8,6896
28/09/2016,9,4575
28/09/2016,10,2510
28/09/2016,11,2287
28/09/2016,12,2772
28/09/2016,13,2840
28/09/2016,14,2886
28/09/2016,15,3014
28/09/2016,16,3853
28/09/2016,17,6514
28/09/2016,18,6469
28/09/2016,19,3350
28/09/2016,20,2171
28/09/2016,21,1267
28/09/2016,22,757
28/09/2016,23,498
28/09/2017,0,495
28/09/2017,1,225
28/09/2017,2,108
28/09/2017,3,65
28/09/2017,4,83
28/09/2017,5,469
28/09/2017,6,1858
28/09/2017,7,4208
28/09/2017,8,7108
28/09/2017,9,4730
28/09/2017,10,2805
28/09/2017,11,2645
28/09/2017,12,3219
28/09/2017,13,3261
28/09/2017,14,3433
28/09/2017,15,3677
28/09/2017,16,4777
28/09/2017,17,7569
28/09/2017,18,7446
28/09/2017,19,4736
28/09/2017,20,3176
28/09/2017,21,2205
28/09/2017,22,1632
28/09/2017,23,953
28/10/2013,0,195
28/10/2013,1,84
28/10/2013,2,48
28/10/2013,3,26
28/10/2013,4,43
28/10/2013,5,157
28/10/2013,6,761
28/10/2013,7,1599
28/10/2013,8,2893
28/10/2013,9,2177
28/10/2013,10,1135
28/10/2013,11,1086
28/10/2013,12,1444
28/10/2013,13,1465
28/10/2013,14,1516
28/10/2013,15,1706
28/10/2013,16,2172
28/10/2013,17,3669
28/10/2013,18,3505
28/10/2013,19,2217
28/10/2013,20,1461
28/10/2013,21,1018
28/10/2013,22,719
28/10/2013,23,402
28/10/2014,0,175
28/10/2014,1,92
28/10/2014,2,47
28/10/2014,3,16
28/10/2014,4,43
28/10/2014,5,207
28/10/2014,6,850
28/10/2014,7,1846
28/10/2014,8,3336
28/10/2014,9,2444
28/10/2014,10,1310
28/10/2014,11,1261
28/10/2014,12,1418
28/10/2014,13,1515
28/10/2014,14,1543
28/10/2014,15,1692
28/10/2014,16,2040
28/10/2014,17,3617
28/10/2014,18,3360
28/10/2014,19,2261
28/10/2014,20,1508
28/10/2014,21,1037
28/10/2014,22,851
28/10/2014,23,487
28/10/2015,0,261
28/10/2015,1,171
28/10/2015,2,81
28/10/2015,3,34
28/10/2015,4,60
28/10/2015,5,250
28/10/2015,6,1157
28/10/2015,7,2382
28/10/2015,8,4072
28/10/2015,9,3155
28/10/2015,10,1089
28/10/2015,11,489
28/10/2015,12,335
28/10/2015,13,332
28/10/2015,14,400
28/10/2015,15,363
28/10/2015,16,340
28/10/2015,17,788
28/10/2015,18,1536
28/10/2015,19,1529
28/10/2015,20,857
28/10/2015,21,458
28/10/2015,22,379
28/10/2015,23,218
28/10/2017,0,753
28/10/2017,1,502
28/10/2017,2,340
28/10/2017,3,240
28/10/2017,4,138
28/10/2017,5,147
28/10/2017,6,300
28/10/2017,7,792
28/10/2017,8,1685
28/10/2017,9,2570
28/10/2017,10,3724
28/10/2017,11,4570
28/10/2017,12,5344
28/10/2017,13,5587
28/10/2017,14,5749
28/10/2017,15,5846
28/10/2017,16,5406
28/10/2017,17,4937
28/10/2017,18,3772
28/10/2017,19,2872
28/10/2017,20,2088
28/10/2017,21,1632
28/10/2017,22,1292
28/10/2017,23,1062
28/11/2013,0,101
28/11/2013,1,65
28/11/2013,2,46
28/11/2013,3,33
28/11/2013,4,25
28/11/2013,5,37
28/11/2013,6,57
28/11/2013,7,103
28/11/2013,8,197
28/11/2013,9,287
28/11/2013,10,399
28/11/2013,11,506
28/11/2013,12,554
28/11/2013,13,510
28/11/2013,14,455
28/11/2013,15,379
28/11/2013,16,283
28/11/2013,17,196
28/11/2013,18,155
28/11/2013,19,137
28/11/2013,20,162
28/11/2013,21,164
28/11/2013,22,205
28/11/2013,23,148
28/11/2014,0,87
28/11/2014,1,59
28/11/2014,2,34
28/11/2014,3,26
28/11/2014,4,22
28/11/2014,5,41
28/11/2014,6,149
28/11/2014,7,310
28/11/2014,8,473
28/11/2014,9,431
28/11/2014,10,452
28/11/2014,11,539
28/11/2014,12,574
28/11/2014,13,711
28/11/2014,14,730
28/11/2014,15,738
28/11/2014,16,709
28/11/2014,17,570
28/11/2014,18,512
28/11/2014,19,354
28/11/2014,20,276
28/11/2014,21,227
28/11/2014,22,214
28/11/2014,23,140
28/11/2015,0,286
28/11/2015,1,204
28/11/2015,2,152
28/11/2015,3,95
28/11/2015,4,62
28/11/2015,5,52
28/11/2015,6,131
28/11/2015,7,267
28/11/2015,8,532
28/11/2015,9,978
28/11/2015,10,1294
28/11/2015,11,1726
28/11/2015,12,1816
28/11/2015,13,1651
28/11/2015,14,1099
28/11/2015,15,946
28/11/2015,16,680
28/11/2015,17,602
28/11/2015,18,696
28/11/2015,19,676
28/11/2015,20,611
28/11/2015,21,490
28/11/2015,22,424
28/11/2015,23,360
28/11/2017,0,236
28/11/2017,1,92
28/11/2017,2,42
28/11/2017,3,27
28/11/2017,4,64
28/11/2017,5,418
28/11/2017,6,1536
28/11/2017,7,3328
28/11/2017,8,5661
28/11/2017,9,3709
28/11/2017,10,1951
28/11/2017,11,1698
28/11/2017,12,2070
28/11/2017,13,2221
28/11/2017,14,2457
28/11/2017,15,2558
28/11/2017,16,3240
28/11/2017,17,5122
28/11/2017,18,5386
28/11/2017,19,3436
28/11/2017,20,2335
28/11/2017,21,1743
28/11/2017,22,1164
28/11/2017,23,676
28/12/2013,0,132
28/12/2013,1,118
28/12/2013,2,85
28/12/2013,3,36
28/12/2013,4,31
28/12/2013,5,26
28/12/2013,6,55
28/12/2013,7,129
28/12/2013,8,249
28/12/2013,9,416
28/12/2013,10,633
28/12/2013,11,780
28/12/2013,12,910
28/12/2013,13,1230
28/12/2013,14,1200
28/12/2013,15,1238
28/12/2013,16,1175
28/12/2013,17,881
28/12/2013,18,691
28/12/2013,19,593
28/12/2013,20,438
28/12/2013,21,354
28/12/2013,22,375
28/12/2013,23,247
28/12/2014,0,175
28/12/2014,1,98
28/12/2014,2,67
28/12/2014,3,64
28/12/2014,4,37
28/12/2014,5,22
28/12/2014,6,45
28/12/2014,7,47
28/12/2014,8,43
28/12/2014,9,134
28/12/2014,10,320
28/12/2014,11,507
28/12/2014,12,560
28/12/2014,13,690
28/12/2014,14,730
28/12/2014,15,829
28/12/2014,16,810
28/12/2014,17,673
28/12/2014,18,568
28/12/2014,19,484
28/12/2014,20,342
28/12/2014,21,270
28/12/2014,22,216
28/12/2014,23,171
28/12/2015,0,127
28/12/2015,1,86
28/12/2015,2,41
28/12/2015,3,27
28/12/2015,4,33
28/12/2015,5,126
28/12/2015,6,463
28/12/2015,7,848
28/12/2015,8,1501
28/12/2015,9,1402
28/12/2015,10,961
28/12/2015,11,1119
28/12/2015,12,1263
28/12/2015,13,1322
28/12/2015,14,1379
28/12/2015,15,1401
28/12/2015,16,1643
28/12/2015,17,1988
28/12/2015,18,1512
28/12/2015,19,480
28/12/2015,20,347
28/12/2015,21,376
28/12/2015,22,276
28/12/2015,23,168
28/12/2017,0,122
28/12/2017,1,52
28/12/2017,2,27
28/12/2017,3,36
28/12/2017,4,42
28/12/2017,5,124
28/12/2017,6,405
28/12/2017,7,665
28/12/2017,8,1074
28/12/2017,9,975
28/12/2017,10,694
28/12/2017,11,650
28/12/2017,12,700
28/12/2017,13,834
28/12/2017,14,855
28/12/2017,15,970
28/12/2017,16,1124
28/12/2017,17,1250
28/12/2017,18,984
28/12/2017,19,701
28/12/2017,20,437
28/12/2017,21,313
28/12/2017,22,229
28/12/2017,23,157
29/01/2014,0,49
29/01/2014,1,25
29/01/2014,2,5
29/01/2014,3,3
29/01/2014,4,6
29/01/2014,5,48
29/01/2014,6,195
29/01/2014,7,465
29/01/2014,8,973
29/01/2014,9,789
29/01/2014,10,380
29/01/2014,11,355
29/01/2014,12,463
29/01/2014,13,436
29/01/2014,14,505
29/01/2014,15,514
29/01/2014,16,694
29/01/2014,17,1109
29/01/2014,18,1082
29/01/2014,19,740
29/01/2014,20,487
29/01/2014,21,340
29/01/2014,22,230
29/01/2014,23,128
29/01/2015,0,44
29/01/2015,1,16
29/01/2015,2,15
29/01/2015,3,8
29/01/2015,4,18
29/01/2015,5,49
29/01/2015,6,265
29/01/2015,7,487
29/01/2015,8,897
29/01/2015,9,706
29/01/2015,10,404
29/01/2015,11,322
29/01/2015,12,349
29/01/2015,13,349
29/01/2015,14,433
29/01/2015,15,411
29/01/2015,16,546
29/01/2015,17,989
29/01/2015,18,909
29/01/2015,19,633
29/01/2015,20,394
29/01/2015,21,283
29/01/2015,22,245
29/01/2015,23,98
29/01/2016,0,101
29/01/2016,1,46
29/01/2016,2,34
29/01/2016,3,18
29/01/2016,4,31
29/01/2016,5,113
29/01/2016,6,446
29/01/2016,7,880
29/01/2016,8,1693
29/01/2016,9,1307
29/01/2016,10,715
29/01/2016,11,633
29/01/2016,12,713
29/01/2016,13,748
29/01/2016,14,843
29/01/2016,15,925
29/01/2016,16,1273
29/01/2016,17,1732
29/01/2016,18,1411
29/01/2016,19,920
29/01/2016,20,553
29/01/2016,21,367
29/01/2016,22,300
29/01/2016,23,226
29/01/2018,0,169
29/01/2018,1,97
29/01/2018,2,48
29/01/2018,3,27
29/01/2018,4,60
29/01/2018,5,340
29/01/2018,6,1144
29/01/2018,7,2526
29/01/2018,8,4259
29/01/2018,9,2929
29/01/2018,10,1385
29/01/2018,11,1293
29/01/2018,12,1462
29/01/2018,13,1535
29/01/2018,14,1647
29/01/2018,15,1836
29/01/2018,16,2264
29/01/2018,17,3832
29/01/2018,18,3828
29/01/2018,19,2498
29/01/2018,20,1623
29/01/2018,21,1026
29/01/2018,22,669
29/01/2018,23,302
29/02/2016,0,263
29/02/2016,1,80
29/02/2016,2,37
29/02/2016,3,21
29/02/2016,4,42
29/02/2016,5,227
29/02/2016,6,901
29/02/2016,7,1812
29/02/2016,8,3361
29/02/2016,9,1965
29/02/2016,10,790
29/02/2016,11,313
29/02/2016,12,780
29/02/2016,13,1065
29/02/2016,14,1248
29/02/2016,15,1439
29/02/2016,16,2035
29/02/2016,17,3483
29/02/2016,18,3188
29/02/2016,19,1995
29/02/2016,20,1236
29/02/2016,21,846
29/02/2016,22,580
29/02/2016,23,247
29/03/2014,0,299
29/03/2014,1,178
29/03/2014,2,122
29/03/2014,3,76
29/03/2014,4,61
29/03/2014,5,49
29/03/2014,6,85
29/03/2014,7,161
29/03/2014,8,429
29/03/2014,9,693
29/03/2014,10,371
29/03/2014,11,336
29/03/2014,12,361
29/03/2014,13,247
29/03/2014,14,159
29/03/2014,15,144
29/03/2014,16,157
29/03/2014,17,144
29/03/2014,18,135
29/03/2014,19,104
29/03/2014,20,77
29/03/2014,21,35
29/03/2014,22,28
29/03/2014,23,29
29/03/2015,0,82
29/03/2015,1,52
29/03/2015,2,54
29/03/2015,3,23
29/03/2015,4,20
29/03/2015,5,13
29/03/2015,6,32
29/03/2015,7,64
29/03/2015,8,160
29/03/2015,9,259
29/03/2015,10,435
29/03/2015,11,646
29/03/2015,12,738
29/03/2015,13,861
29/03/2015,14,928
29/03/2015,15,980
29/03/2015,16,949
29/03/2015,17,1010
29/03/2015,18,818
29/03/2015,19,613
29/03/2015,20,429
29/03/2015,21,272
29/03/2015,22,221
29/03/2015,23,167
29/03/2016,0,151
29/03/2016,1,62
29/03/2016,2,41
29/03/2016,3,12
29/03/2016,4,35
29/03/2016,5,191
29/03/2016,6,777
29/03/2016,7,1770
29/03/2016,8,3363
29/03/2016,9,2504
29/03/2016,10,1301
29/03/2016,11,1242
29/03/2016,12,1394
29/03/2016,13,1530
29/03/2016,14,1472
29/03/2016,15,1668
29/03/2016,16,2111
29/03/2016,17,3554
29/03/2016,18,3213
29/03/2016,19,2151
29/03/2016,20,1279
29/03/2016,21,803
29/03/2016,22,523
29/03/2016,23,334
29/03/2018,0,282
29/03/2018,1,152
29/03/2018,2,81
29/03/2018,3,69
29/03/2018,4,69
29/03/2018,5,369
29/03/2018,6,1271
29/03/2018,7,2178
29/03/2018,8,3739
29/03/2018,9,2301
29/03/2018,10,1019
29/03/2018,11,1241
29/03/2018,12,1653
29/03/2018,13,1827
29/03/2018,14,1992
29/03/2018,15,2238
29/03/2018,16,3019
29/03/2018,17,4333
29/03/2018,18,4138
29/03/2018,19,2653
29/03/2018,20,1765
29/03/2018,21,1269
29/03/2018,22,976
29/03/2018,23,659
29/04/2014,0,158
29/04/2014,1,65
29/04/2014,2,43
29/04/2014,3,18
29/04/2014,4,35
29/04/2014,5,167
29/04/2014,6,740
29/04/2014,7,1554
29/04/2014,8,2508
29/04/2014,9,1832
29/04/2014,10,908
29/04/2014,11,792
29/04/2014,12,1014
29/04/2014,13,987
29/04/2014,14,889
29/04/2014,15,554
29/04/2014,16,779
29/04/2014,17,1673
29/04/2014,18,1038
29/04/2014,19,1118
29/04/2014,20,749
29/04/2014,21,455
29/04/2014,22,193
29/04/2014,23,135
29/04/2015,0,186
29/04/2015,1,73
29/04/2015,2,33
29/04/2015,3,28
29/04/2015,4,52
29/04/2015,5,204
29/04/2015,6,851
29/04/2015,7,1728
29/04/2015,8,3058
29/04/2015,9,2208
29/04/2015,10,1308
29/04/2015,11,1195
29/04/2015,12,1542
29/04/2015,13,1519
29/04/2015,14,1533
29/04/2015,15,1581
29/04/2015,16,2154
29/04/2015,17,3431
29/04/2015,18,3467
29/04/2015,19,2294
29/04/2015,20,1328
29/04/2015,21,843
29/04/2015,22,617
29/04/2015,23,299
29/04/2016,0,283
29/04/2016,1,115
29/04/2016,2,86
29/04/2016,3,46
29/04/2016,4,70
29/04/2016,5,240
29/04/2016,6,945
29/04/2016,7,1956
29/04/2016,8,3485
29/04/2016,9,2835
29/04/2016,10,1607
29/04/2016,11,1628
29/04/2016,12,1806
29/04/2016,13,1981
29/04/2016,14,2028
29/04/2016,15,2225
29/04/2016,16,2763
29/04/2016,17,3888
29/04/2016,18,3129
29/04/2016,19,1283
29/04/2016,20,1067
29/04/2016,21,750
29/04/2016,22,319
29/04/2016,23,343
29/04/2017,0,819
29/04/2017,1,489
29/04/2017,2,311
29/04/2017,3,150
29/04/2017,4,98
29/04/2017,5,53
29/04/2017,6,191
29/04/2017,7,633
29/04/2017,8,1414
29/04/2017,9,2287
29/04/2017,10,3441
29/04/2017,11,4145
29/04/2017,12,4764
29/04/2017,13,4929
29/04/2017,14,4886
29/04/2017,15,5055
29/04/2017,16,4808
29/04/2017,17,4429
29/04/2017,18,4019
29/04/2017,19,3589
29/04/2017,20,2520
29/04/2017,21,1799
29/04/2017,22,1467
29/04/2017,23,1405
29/04/2018,0,309
29/04/2018,1,213
29/04/2018,2,93
29/04/2018,3,87
29/04/2018,4,72
29/04/2018,5,61
29/04/2018,6,116
29/04/2018,7,449
29/04/2018,8,1135
29/04/2018,9,1831
29/04/2018,10,2805
29/04/2018,11,3667
29/04/2018,12,4256
29/04/2018,13,4459
29/04/2018,14,4439
29/04/2018,15,4126
29/04/2018,16,4195
29/04/2018,17,3469
29/04/2018,18,3022
29/04/2018,19,2340
29/04/2018,20,1502
29/04/2018,21,996
29/04/2018,22,731
29/04/2018,23,464
29/05/2014,0,216
29/05/2014,1,86
29/05/2014,2,49
29/05/2014,3,31
29/05/2014,4,37
29/05/2014,5,204
29/05/2014,6,879
29/05/2014,7,1781
29/05/2014,8,3252
29/05/2014,9,2317
29/05/2014,10,1305
29/05/2014,11,1217
29/05/2014,12,1636
29/05/2014,13,1656
29/05/2014,14,1642
29/05/2014,15,1807
29/05/2014,16,2227
29/05/2014,17,3566
29/05/2014,18,3585
29/05/2014,19,2472
29/05/2014,20,1520
29/05/2014,21,1065
29/05/2014,22,751
29/05/2014,23,588
29/05/2015,0,361
29/05/2015,1,221
29/05/2015,2,112
29/05/2015,3,72
29/05/2015,4,49
29/05/2015,5,215
29/05/2015,6,878
29/05/2015,7,1925
29/05/2015,8,3338
29/05/2015,9,2478
29/05/2015,10,1515
29/05/2015,11,1601
29/05/2015,12,1819
29/05/2015,13,1965
29/05/2015,14,2106
29/05/2015,15,2306
29/05/2015,16,2993
29/05/2015,17,3776
29/05/2015,18,3263
29/05/2015,19,2473
29/05/2015,20,1633
29/05/2015,21,978
29/05/2015,22,875
29/05/2015,23,804
29/05/2016,0,564
29/05/2016,1,354
29/05/2016,2,225
29/05/2016,3,154
29/05/2016,4,109
29/05/2016,5,88
29/05/2016,6,176
29/05/2016,7,382
29/05/2016,8,796
29/05/2016,9,1460
29/05/2016,10,1967
29/05/2016,11,2508
29/05/2016,12,2793
29/05/2016,13,2975
29/05/2016,14,3048
29/05/2016,15,3200
29/05/2016,16,3152
29/05/2016,17,3192
29/05/2016,18,2915
29/05/2016,19,2316
29/05/2016,20,1747
29/05/2016,21,1202
29/05/2016,22,948
29/05/2016,23,606
29/05/2017,0,458
29/05/2017,1,267
29/05/2017,2,160
29/05/2017,3,70
29/05/2017,4,30
29/05/2017,5,31
29/05/2017,6,72
29/05/2017,7,243
29/05/2017,8,484
29/05/2017,9,912
29/05/2017,10,842
29/05/2017,11,947
29/05/2017,12,1096
29/05/2017,13,1886
29/05/2017,14,2392
29/05/2017,15,2604
29/05/2017,16,2727
29/05/2017,17,2648
29/05/2017,18,2482
29/05/2017,19,2085
29/05/2017,20,1591
29/05/2017,21,1128
29/05/2017,22,719
29/05/2017,23,448
29/05/2018,0,342
29/05/2018,1,182
29/05/2018,2,85
29/05/2018,3,42
29/05/2018,4,127
29/05/2018,5,569
29/05/2018,6,1793
29/05/2018,7,3835
29/05/2018,8,6467
29/05/2018,9,4294
29/05/2018,10,2510
29/05/2018,11,2533
29/05/2018,12,2895
29/05/2018,13,3025
29/05/2018,14,3010
29/05/2018,15,3349
29/05/2018,16,4554
29/05/2018,17,7503
29/05/2018,18,7708
29/05/2018,19,5433
29/05/2018,20,3816
29/05/2018,21,2445
29/05/2018,22,1607
29/05/2018,23,966
29/06/2014,0,514
29/06/2014,1,374
29/06/2014,2,275
29/06/2014,3,193
29/06/2014,4,123
29/06/2014,5,87
29/06/2014,6,139
29/06/2014,7,265
29/06/2014,8,535
29/06/2014,9,1051
29/06/2014,10,1458
29/06/2014,11,1937
29/06/2014,12,1925
29/06/2014,13,1832
29/06/2014,14,2208
29/06/2014,15,2408
29/06/2014,16,2383
29/06/2014,17,2129
29/06/2014,18,1989
29/06/2014,19,2143
29/06/2014,20,1455
29/06/2014,21,1071
29/06/2014,22,907
29/06/2014,23,585
29/06/2015,0,301
29/06/2015,1,139
29/06/2015,2,67
29/06/2015,3,45
29/06/2015,4,58
29/06/2015,5,247
29/06/2015,6,1013
29/06/2015,7,1976
29/06/2015,8,3416
29/06/2015,9,2440
29/06/2015,10,1341
29/06/2015,11,1347
29/06/2015,12,1558
29/06/2015,13,1607
29/06/2015,14,1632
29/06/2015,15,1833
29/06/2015,16,2378
29/06/2015,17,4292
29/06/2015,18,4365
29/06/2015,19,3026
29/06/2015,20,2032
29/06/2015,21,1404
29/06/2015,22,928
29/06/2015,23,592
29/06/2016,0,245
29/06/2016,1,107
29/06/2016,2,74
29/06/2016,3,60
29/06/2016,4,65
29/06/2016,5,367
29/06/2016,6,1479
29/06/2016,7,3043
29/06/2016,8,5297
29/06/2016,9,3789
29/06/2016,10,2025
29/06/2016,11,2052
29/06/2016,12,2229
29/06/2016,13,2418
29/06/2016,14,2328
29/06/2016,15,2556
29/06/2016,16,3479
29/06/2016,17,5803
29/06/2016,18,6034
29/06/2016,19,4142
29/06/2016,20,2875
29/06/2016,21,2094
29/06/2016,22,1424
29/06/2016,23,897
29/06/2017,0,575
29/06/2017,1,244
29/06/2017,2,120
29/06/2017,3,72
29/06/2017,4,100
29/06/2017,5,474
29/06/2017,6,1781
29/06/2017,7,3417
29/06/2017,8,5910
29/06/2017,9,4252
29/06/2017,10,2529
29/06/2017,11,2429
29/06/2017,12,2851
29/06/2017,13,2866
29/06/2017,14,2958
29/06/2017,15,3295
29/06/2017,16,4132
29/06/2017,17,6788
29/06/2017,18,6534
29/06/2017,19,4648
29/06/2017,20,3123
29/06/2017,21,2283
29/06/2017,22,1737
29/06/2017,23,1154
29/07/2013,0,119
29/07/2013,1,72
29/07/2013,2,26
29/07/2013,3,33
29/07/2013,4,43
29/07/2013,5,134
29/07/2013,6,713
29/07/2013,7,1579
29/07/2013,8,2764
29/07/2013,9,2047
29/07/2013,10,1193
29/07/2013,11,1150
29/07/2013,12,1548
29/07/2013,13,1680
29/07/2013,14,1577
29/07/2013,15,1557
29/07/2013,16,2175
29/07/2013,17,3817
29/07/2013,18,4188
29/07/2013,19,3239
29/07/2013,20,2232
29/07/2013,21,1383
29/07/2013,22,1028
29/07/2013,23,618
29/07/2014,0,263
29/07/2014,1,110
29/07/2014,2,54
29/07/2014,3,37
29/07/2014,4,56
29/07/2014,5,252
29/07/2014,6,1066
29/07/2014,7,1993
29/07/2014,8,3387
29/07/2014,9,2439
29/07/2014,10,1394
29/07/2014,11,1311
29/07/2014,12,1630
29/07/2014,13,1618
29/07/2014,14,1624
29/07/2014,15,1712
29/07/2014,16,2325
29/07/2014,17,4062
29/07/2014,18,4120
29/07/2014,19,2863
29/07/2014,20,1931
29/07/2014,21,1270
29/07/2014,22,945
29/07/2014,23,630
29/07/2015,0,318
29/07/2015,1,149
29/07/2015,2,73
29/07/2015,3,56
29/07/2015,4,60
29/07/2015,5,266
29/07/2015,6,1178
29/07/2015,7,2240
29/07/2015,8,3908
29/07/2015,9,2715
29/07/2015,10,1545
29/07/2015,11,1420
29/07/2015,12,1667
29/07/2015,13,1641
29/07/2015,14,1589
29/07/2015,15,1601
29/07/2015,16,2341
29/07/2015,17,3957
29/07/2015,18,4192
29/07/2015,19,3159
29/07/2015,20,2078
29/07/2015,21,1474
29/07/2015,22,1079
29/07/2015,23,722
29/07/2016,0,424
29/07/2016,1,149
29/07/2016,2,120
29/07/2016,3,54
29/07/2016,4,38
29/07/2016,5,80
29/07/2016,6,460
29/07/2016,7,557
29/07/2016,8,888
29/07/2016,9,1047
29/07/2016,10,1649
29/07/2016,11,1878
29/07/2016,12,2246
29/07/2016,13,2628
29/07/2016,14,2616
29/07/2016,15,2961
29/07/2016,16,3420
29/07/2016,17,4063
29/07/2016,18,3909
29/07/2016,19,2983
29/07/2016,20,1967
29/07/2016,21,1470
29/07/2016,22,1162
29/07/2016,23,934
29/07/2017,0,867
29/07/2017,1,565
29/07/2017,2,371
29/07/2017,3,247
29/07/2017,4,151
29/07/2017,5,124
29/07/2017,6,304
29/07/2017,7,627
29/07/2017,8,1168
29/07/2017,9,2012
29/07/2017,10,2755
29/07/2017,11,3528
29/07/2017,12,4239
29/07/2017,13,4230
29/07/2017,14,4351
29/07/2017,15,4398
29/07/2017,16,4493
29/07/2017,17,4241
29/07/2017,18,3871
29/07/2017,19,3384
29/07/2017,20,2487
29/07/2017,21,1880
29/07/2017,22,1483
29/07/2017,23,1171
29/08/2013,0,297
29/08/2013,1,202
29/08/2013,2,87
29/08/2013,3,45
29/08/2013,4,33
29/08/2013,5,161
29/08/2013,6,715
29/08/2013,7,1469
29/08/2013,8,2759
29/08/2013,9,2135
29/08/2013,10,1304
29/08/2013,11,1329
29/08/2013,12,1625
29/08/2013,13,1736
29/08/2013,14,1660
29/08/2013,15,1883
29/08/2013,16,2324
29/08/2013,17,3531
29/08/2013,18,3484
29/08/2013,19,2590
29/08/2013,20,1777
29/08/2013,21,1328
29/08/2013,22,1002
29/08/2013,23,739
29/08/2014,0,337
29/08/2014,1,201
29/08/2014,2,102
29/08/2014,3,69
29/08/2014,4,47
29/08/2014,5,182
29/08/2014,6,628
29/08/2014,7,1340
29/08/2014,8,2533
29/08/2014,9,2054
29/08/2014,10,1372
29/08/2014,11,1431
29/08/2014,12,1832
29/08/2014,13,2157
29/08/2014,14,2320
29/08/2014,15,2451
29/08/2014,16,2610
29/08/2014,17,2555
29/08/2014,18,2303
29/08/2014,19,1660
29/08/2014,20,1126
29/08/2014,21,824
29/08/2014,22,647
29/08/2014,23,483
29/08/2015,0,513
29/08/2015,1,353
29/08/2015,2,223
29/08/2015,3,143
29/08/2015,4,99
29/08/2015,5,91
29/08/2015,6,197
29/08/2015,7,452
29/08/2015,8,865
29/08/2015,9,1361
29/08/2015,10,1896
29/08/2015,11,2323
29/08/2015,12,2683
29/08/2015,13,2694
29/08/2015,14,2885
29/08/2015,15,2938
29/08/2015,16,2818
29/08/2015,17,2688
29/08/2015,18,2545
29/08/2015,19,2173
29/08/2015,20,1410
29/08/2015,21,1200
29/08/2015,22,1019
29/08/2015,23,812
29/08/2016,0,378
29/08/2016,1,162
29/08/2016,2,70
29/08/2016,3,51
29/08/2016,4,65
29/08/2016,5,317
29/08/2016,6,1405
29/08/2016,7,2909
29/08/2016,8,4814
29/08/2016,9,3636
29/08/2016,10,1913
29/08/2016,11,1840
29/08/2016,12,2245
29/08/2016,13,2230
29/08/2016,14,2337
29/08/2016,15,2440
29/08/2016,16,3263
29/08/2016,17,5922
29/08/2016,18,6397
29/08/2016,19,4417
29/08/2016,20,2779
29/08/2016,21,1757
29/08/2016,22,1249
29/08/2016,23,692
29/08/2017,0,366
29/08/2017,1,191
29/08/2017,2,81
29/08/2017,3,45
29/08/2017,4,72
29/08/2017,5,476
29/08/2017,6,1778
29/08/2017,7,3573
29/08/2017,8,6107
29/08/2017,9,4236
29/08/2017,10,2181
29/08/2017,11,2070
29/08/2017,12,2040
29/08/2017,13,1210
29/08/2017,14,772
29/08/2017,15,717
29/08/2017,16,756
29/08/2017,17,1876
29/08/2017,18,2383
29/08/2017,19,1933
29/08/2017,20,991
29/08/2017,21,614
29/08/2017,22,399
29/08/2017,23,285
29/09/2013,0,606
29/09/2013,1,474
29/09/2013,2,333
29/09/2013,3,189
29/09/2013,4,104
29/09/2013,5,74
29/09/2013,6,125
29/09/2013,7,275
29/09/2013,8,572
29/09/2013,9,1107
29/09/2013,10,1684
29/09/2013,11,2234
29/09/2013,12,2780
29/09/2013,13,2788
29/09/2013,14,2732
29/09/2013,15,2877
29/09/2013,16,3052
29/09/2013,17,2916
29/09/2013,18,2509
29/09/2013,19,1800
29/09/2013,20,1257
29/09/2013,21,830
29/09/2013,22,753
29/09/2013,23,521
29/09/2014,0,232
29/09/2014,1,90
29/09/2014,2,57
29/09/2014,3,31
29/09/2014,4,56
29/09/2014,5,191
29/09/2014,6,905
29/09/2014,7,1933
29/09/2014,8,3124
29/09/2014,9,2304
29/09/2014,10,1301
29/09/2014,11,1264
29/09/2014,12,1481
29/09/2014,13,1507
29/09/2014,14,1555
29/09/2014,15,1706
29/09/2014,16,2259
29/09/2014,17,3589
29/09/2014,18,3469
29/09/2014,19,2245
29/09/2014,20,1557
29/09/2014,21,1085
29/09/2014,22,786
29/09/2014,23,434
29/09/2015,0,354
29/09/2015,1,172
29/09/2015,2,77
29/09/2015,3,47
29/09/2015,4,70
29/09/2015,5,306
29/09/2015,6,1362
29/09/2015,7,3040
29/09/2015,8,5231
29/09/2015,9,3585
29/09/2015,10,2034
29/09/2015,11,1992
29/09/2015,12,2190
29/09/2015,13,2234
29/09/2015,14,2350
29/09/2015,15,2474
29/09/2015,16,3017
29/09/2015,17,5144
29/09/2015,18,5026
29/09/2015,19,3190
29/09/2015,20,2283
29/09/2015,21,1479
29/09/2015,22,644
29/09/2015,23,424
29/09/2016,0,284
29/09/2016,1,118
29/09/2016,2,65
29/09/2016,3,50
29/09/2016,4,70
29/09/2016,5,430
29/09/2016,6,1524
29/09/2016,7,3494
29/09/2016,8,5992
29/09/2016,9,4077
29/09/2016,10,2231
29/09/2016,11,2099
29/09/2016,12,2541
29/09/2016,13,2563
29/09/2016,14,2690
29/09/2016,15,2933
29/09/2016,16,3433
29/09/2016,17,5490
29/09/2016,18,5553
29/09/2016,19,3734
29/09/2016,20,2521
29/09/2016,21,1820
29/09/2016,22,1103
29/09/2016,23,763
29/09/2017,0,517
29/09/2017,1,255
29/09/2017,2,136
29/09/2017,3,88
29/09/2017,4,101
29/09/2017,5,421
29/09/2017,6,1637
29/09/2017,7,3841
29/09/2017,8,6458
29/09/2017,9,4378
29/09/2017,10,2842
29/09/2017,11,2831
29/09/2017,12,3509
29/09/2017,13,3549
29/09/2017,14,3896
29/09/2017,15,4192
29/09/2017,16,5221
29/09/2017,17,6867
29/09/2017,18,5830
29/09/2017,19,3899
29/09/2017,20,2419
29/09/2017,21,1761
29/09/2017,22,1423
29/09/2017,23,1106
29/10/2013,0,198
29/10/2013,1,107
29/10/2013,2,48
29/10/2013,3,28
29/10/2013,4,58
29/10/2013,5,182
29/10/2013,6,850
29/10/2013,7,1788
29/10/2013,8,3409
29/10/2013,9,2474
29/10/2013,10,1290
29/10/2013,11,1161
29/10/2013,12,1565
29/10/2013,13,1666
29/10/2013,14,1577
29/10/2013,15,1732
29/10/2013,16,2228
29/10/2013,17,3652
29/10/2013,18,3498
29/10/2013,19,2205
29/10/2013,20,1501
29/10/2013,21,1027
29/10/2013,22,724
29/10/2013,23,446
29/10/2014,0,224
29/10/2014,1,94
29/10/2014,2,82
29/10/2014,3,30
29/10/2014,4,56
29/10/2014,5,209
29/10/2014,6,860
29/10/2014,7,1878
29/10/2014,8,3370
29/10/2014,9,2490
29/10/2014,10,1322
29/10/2014,11,1185
29/10/2014,12,1503
29/10/2014,13,1580
29/10/2014,14,1529
29/10/2014,15,1750
29/10/2014,16,2130
29/10/2014,17,2316
29/10/2014,18,2384
29/10/2014,19,1776
29/10/2014,20,1212
29/10/2014,21,916
29/10/2014,22,679
29/10/2014,23,424
29/10/2015,0,97
29/10/2015,1,65
29/10/2015,2,51
29/10/2015,3,39
29/10/2015,4,46
29/10/2015,5,220
29/10/2015,6,967
29/10/2015,7,2189
29/10/2015,8,4326
29/10/2015,9,3163
29/10/2015,10,1898
29/10/2015,11,1804
29/10/2015,12,2111
29/10/2015,13,2290
29/10/2015,14,2363
29/10/2015,15,2514
29/10/2015,16,3101
29/10/2015,17,5019
29/10/2015,18,4751
29/10/2015,19,3078
29/10/2015,20,2050
29/10/2015,21,1386
29/10/2015,22,1134
29/10/2015,23,696
29/10/2017,0,854
29/10/2017,1,695
29/10/2017,2,457
29/10/2017,3,220
29/10/2017,4,113
29/10/2017,5,87
29/10/2017,6,101
29/10/2017,7,321
29/10/2017,8,712
29/10/2017,9,763
29/10/2017,10,1263
29/10/2017,11,753
29/10/2017,12,543
29/10/2017,13,316
29/10/2017,14,282
29/10/2017,15,220
29/10/2017,16,328
29/10/2017,17,351
29/10/2017,18,345
29/10/2017,19,296
29/10/2017,20,162
29/10/2017,21,103
29/10/2017,22,119
29/10/2017,23,133
29/11/2013,0,93
29/11/2013,1,60
29/11/2013,2,41
29/11/2013,3,36
29/11/2013,4,18
29/11/2013,5,39
29/11/2013,6,132
29/11/2013,7,309
29/11/2013,8,533
29/11/2013,9,532
29/11/2013,10,547
29/11/2013,11,674
29/11/2013,12,706
29/11/2013,13,961
29/11/2013,14,926
29/11/2013,15,926
29/11/2013,16,856
29/11/2013,17,719
29/11/2013,18,572
29/11/2013,19,442
29/11/2013,20,318
29/11/2013,21,269
29/11/2013,22,203
29/11/2013,23,215
29/11/2014,0,123
29/11/2014,1,72
29/11/2014,2,56
29/11/2014,3,39
29/11/2014,4,30
29/11/2014,5,20
29/11/2014,6,51
29/11/2014,7,99
29/11/2014,8,242
29/11/2014,9,382
29/11/2014,10,499
29/11/2014,11,624
29/11/2014,12,659
29/11/2014,13,637
29/11/2014,14,660
29/11/2014,15,762
29/11/2014,16,675
29/11/2014,17,558
29/11/2014,18,470
29/11/2014,19,433
29/11/2014,20,332
29/11/2014,21,308
29/11/2014,22,240
29/11/2014,23,212
29/11/2015,0,248
29/11/2015,1,175
29/11/2015,2,139
29/11/2015,3,84
29/11/2015,4,53
29/11/2015,5,32
29/11/2015,6,92
29/11/2015,7,183
29/11/2015,8,441
29/11/2015,9,744
29/11/2015,10,1092
29/11/2015,11,1327
29/11/2015,12,1663
29/11/2015,13,1776
29/11/2015,14,1768
29/11/2015,15,1823
29/11/2015,16,1704
29/11/2015,17,1383
29/11/2015,18,1146
29/11/2015,19,891
29/11/2015,20,663
29/11/2015,21,470
29/11/2015,22,356
29/11/2015,23,199
29/11/2017,0,299
29/11/2017,1,129
29/11/2017,2,73
29/11/2017,3,41
29/11/2017,4,74
29/11/2017,5,431
29/11/2017,6,1609
29/11/2017,7,3610
29/11/2017,8,6259
29/11/2017,9,4123
29/11/2017,10,2137
29/11/2017,11,2042
29/11/2017,12,2500
29/11/2017,13,2588
29/11/2017,14,2827
29/11/2017,15,3001
29/11/2017,16,3472
29/11/2017,17,5234
29/11/2017,18,5388
29/11/2017,19,3651
29/11/2017,20,2329
29/11/2017,21,1614
29/11/2017,22,1183
29/11/2017,23,681
29/12/2013,0,201
29/12/2013,1,143
29/12/2013,2,103
29/12/2013,3,68
29/12/2013,4,55
29/12/2013,5,27
29/12/2013,6,41
29/12/2013,7,100
29/12/2013,8,182
29/12/2013,9,337
29/12/2013,10,408
29/12/2013,11,273
29/12/2013,12,140
29/12/2013,13,97
29/12/2013,14,63
29/12/2013,15,47
29/12/2013,16,79
29/12/2013,17,161
29/12/2013,18,219
29/12/2013,19,230
29/12/2013,20,224
29/12/2013,21,207
29/12/2013,22,200
29/12/2013,23,170
29/12/2014,0,88
29/12/2014,1,51
29/12/2014,2,34
29/12/2014,3,24
29/12/2014,4,35
29/12/2014,5,90
29/12/2014,6,343
29/12/2014,7,557
29/12/2014,8,1014
29/12/2014,9,840
29/12/2014,10,628
29/12/2014,11,636
29/12/2014,12,775
29/12/2014,13,863
29/12/2014,14,877
29/12/2014,15,983
29/12/2014,16,1133
29/12/2014,17,1457
29/12/2014,18,1144
29/12/2014,19,718
29/12/2014,20,486
29/12/2014,21,361
29/12/2014,22,225
29/12/2014,23,187
29/12/2015,0,79
29/12/2015,1,35
29/12/2015,2,11
29/12/2015,3,8
29/12/2015,4,16
29/12/2015,5,41
29/12/2015,6,88
29/12/2015,7,226
29/12/2015,8,667
29/12/2015,9,492
29/12/2015,10,306
29/12/2015,11,436
29/12/2015,12,524
29/12/2015,13,762
29/12/2015,14,856
29/12/2015,15,1047
29/12/2015,16,1332
29/12/2015,17,1719
29/12/2015,18,1605
29/12/2015,19,1091
29/12/2015,20,744
29/12/2015,21,532
29/12/2015,22,433
29/12/2015,23,297
29/12/2017,0,118
29/12/2017,1,60
29/12/2017,2,29
29/12/2017,3,17
29/12/2017,4,25
29/12/2017,5,112
29/12/2017,6,306
29/12/2017,7,576
29/12/2017,8,970
29/12/2017,9,920
29/12/2017,10,725
29/12/2017,11,767
29/12/2017,12,916
29/12/2017,13,1059
29/12/2017,14,1096
29/12/2017,15,1159
29/12/2017,16,1218
29/12/2017,17,1014
29/12/2017,18,828
29/12/2017,19,645
29/12/2017,20,414
29/12/2017,21,308
29/12/2017,22,259
29/12/2017,23,218
30/01/2014,0,61
30/01/2014,1,35
30/01/2014,2,19
30/01/2014,3,11
30/01/2014,4,17
30/01/2014,5,80
30/01/2014,6,292
30/01/2014,7,670
30/01/2014,8,1253
30/01/2014,9,1013
30/01/2014,10,483
30/01/2014,11,410
30/01/2014,12,545
30/01/2014,13,561
30/01/2014,14,537
30/01/2014,15,635
30/01/2014,16,785
30/01/2014,17,1220
30/01/2014,18,1233
30/01/2014,19,844
30/01/2014,20,582
30/01/2014,21,399
30/01/2014,22,301
30/01/2014,23,172
30/01/2015,0,40
30/01/2015,1,26
30/01/2015,2,12
30/01/2015,3,6
30/01/2015,4,19
30/01/2015,5,74
30/01/2015,6,280
30/01/2015,7,446
30/01/2015,8,705
30/01/2015,9,688
30/01/2015,10,401
30/01/2015,11,359
30/01/2015,12,461
30/01/2015,13,532
30/01/2015,14,587
30/01/2015,15,585
30/01/2015,16,751
30/01/2015,17,1026
30/01/2015,18,802
30/01/2015,19,485
30/01/2015,20,289
30/01/2015,21,184
30/01/2015,22,143
30/01/2015,23,114
30/01/2016,0,156
30/01/2016,1,107
30/01/2016,2,62
30/01/2016,3,41
30/01/2016,4,33
30/01/2016,5,43
30/01/2016,6,81
30/01/2016,7,189
30/01/2016,8,427
30/01/2016,9,647
30/01/2016,10,792
30/01/2016,11,951
30/01/2016,12,1097
30/01/2016,13,1240
30/01/2016,14,1139
30/01/2016,15,1196
30/01/2016,16,1110
30/01/2016,17,911
30/01/2016,18,768
30/01/2016,19,608
30/01/2016,20,440
30/01/2016,21,360
30/01/2016,22,303
30/01/2016,23,272
30/01/2018,0,90
30/01/2018,1,40
30/01/2018,2,21
30/01/2018,3,16
30/01/2018,4,35
30/01/2018,5,227
30/01/2018,6,647
30/01/2018,7,1269
30/01/2018,8,2441
30/01/2018,9,1972
30/01/2018,10,1191
30/01/2018,11,1100
30/01/2018,12,1277
30/01/2018,13,1354
30/01/2018,14,1408
30/01/2018,15,1639
30/01/2018,16,2081
30/01/2018,17,3202
30/01/2018,18,3141
30/01/2018,19,1953
30/01/2018,20,1216
30/01/2018,21,799
30/01/2018,22,590
30/01/2018,23,287
30/03/2014,0,14
30/03/2014,1,35
30/03/2014,2,45
30/03/2014,3,47
30/03/2014,4,28
30/03/2014,5,30
30/03/2014,6,36
30/03/2014,7,80
30/03/2014,8,185
30/03/2014,9,324
30/03/2014,10,503
30/03/2014,11,784
30/03/2014,12,917
30/03/2014,13,1005
30/03/2014,14,946
30/03/2014,15,813
30/03/2014,16,631
30/03/2014,17,442
30/03/2014,18,170
30/03/2014,19,236
30/03/2014,20,205
30/03/2014,21,186
30/03/2014,22,152
30/03/2014,23,93
30/03/2015,0,79
30/03/2015,1,41
30/03/2015,2,19
30/03/2015,3,8
30/03/2015,4,24
30/03/2015,5,120
30/03/2015,6,439
30/03/2015,7,940
30/03/2015,8,1687
30/03/2015,9,1231
30/03/2015,10,623
30/03/2015,11,573
30/03/2015,12,697
30/03/2015,13,801
30/03/2015,14,847
30/03/2015,15,917
30/03/2015,16,1223
30/03/2015,17,2113
30/03/2015,18,2249
30/03/2015,19,1454
30/03/2015,20,876
30/03/2015,21,533
30/03/2015,22,372
30/03/2015,23,209
30/03/2016,0,158
30/03/2016,1,68
30/03/2016,2,41
30/03/2016,3,20
30/03/2016,4,52
30/03/2016,5,233
30/03/2016,6,776
30/03/2016,7,1800
30/03/2016,8,3492
30/03/2016,9,2653
30/03/2016,10,1415
30/03/2016,11,1372
30/03/2016,12,1567
30/03/2016,13,1592
30/03/2016,14,1709
30/03/2016,15,1714
30/03/2016,16,2191
30/03/2016,17,3712
30/03/2016,18,3518
30/03/2016,19,2261
30/03/2016,20,1351
30/03/2016,21,947
30/03/2016,22,616
30/03/2016,23,426
30/03/2018,0,328
30/03/2018,1,200
30/03/2018,2,116
30/03/2018,3,70
30/03/2018,4,69
30/03/2018,5,227
30/03/2018,6,633
30/03/2018,7,1260
30/03/2018,8,2800
30/03/2018,9,3013
30/03/2018,10,1965
30/03/2018,11,2172
30/03/2018,12,2504
30/03/2018,13,2692
30/03/2018,14,2960
30/03/2018,15,3165
30/03/2018,16,1788
30/03/2018,17,1718
30/03/2018,18,2131
30/03/2018,19,1582
30/03/2018,20,1215
30/03/2018,21,904
30/03/2018,22,707
30/03/2018,23,568
30/04/2014,0,109
30/04/2014,1,48
30/04/2014,2,7
30/04/2014,3,5
30/04/2014,4,8
30/04/2014,5,45
30/04/2014,6,165
30/04/2014,7,239
30/04/2014,8,481
30/04/2014,9,379
30/04/2014,10,141
30/04/2014,11,90
30/04/2014,12,95
30/04/2014,13,76
30/04/2014,14,100
30/04/2014,15,134
30/04/2014,16,131
30/04/2014,17,168
30/04/2014,18,171
30/04/2014,19,109
30/04/2014,20,67
30/04/2014,21,49
30/04/2014,22,25
30/04/2014,23,25
30/04/2015,0,169
30/04/2015,1,70
30/04/2015,2,32
30/04/2015,3,24
30/04/2015,4,33
30/04/2015,5,173
30/04/2015,6,770
30/04/2015,7,1640
30/04/2015,8,2862
30/04/2015,9,2222
30/04/2015,10,1209
30/04/2015,11,1060
30/04/2015,12,1293
30/04/2015,13,1396
30/04/2015,14,1497
30/04/2015,15,1594
30/04/2015,16,2015
30/04/2015,17,3229
30/04/2015,18,3035
30/04/2015,19,1978
30/04/2015,20,1150
30/04/2015,21,783
30/04/2015,22,665
30/04/2015,23,353
30/04/2016,0,318
30/04/2016,1,190
30/04/2016,2,139
30/04/2016,3,88
30/04/2016,4,60
30/04/2016,5,58
30/04/2016,6,190
30/04/2016,7,415
30/04/2016,8,874
30/04/2016,9,1451
30/04/2016,10,2103
30/04/2016,11,2899
30/04/2016,12,3231
30/04/2016,13,3544
30/04/2016,14,3504
30/04/2016,15,3781
30/04/2016,16,3673
30/04/2016,17,3303
30/04/2016,18,2792
30/04/2016,19,2166
30/04/2016,20,1290
30/04/2016,21,864
30/04/2016,22,727
30/04/2016,23,598
30/04/2017,0,839
30/04/2017,1,598
30/04/2017,2,298
30/04/2017,3,187
30/04/2017,4,106
30/04/2017,5,71
30/04/2017,6,208
30/04/2017,7,492
30/04/2017,8,1147
30/04/2017,9,1873
30/04/2017,10,2935
30/04/2017,11,3478
30/04/2017,12,3882
30/04/2017,13,3955
30/04/2017,14,3795
30/04/2017,15,3724
30/04/2017,16,3492
30/04/2017,17,3205
30/04/2017,18,2757
30/04/2017,19,2072
30/04/2017,20,1486
30/04/2017,21,1059
30/04/2017,22,794
30/04/2017,23,475
30/04/2018,0,220
30/04/2018,1,105
30/04/2018,2,60
30/04/2018,3,34
30/04/2018,4,55
30/04/2018,5,373
30/04/2018,6,1388
30/04/2018,7,3100
30/04/2018,8,5404
30/04/2018,9,3744
30/04/2018,10,1984
30/04/2018,11,1474
30/04/2018,12,1813
30/04/2018,13,1834
30/04/2018,14,1875
30/04/2018,15,1702
30/04/2018,16,2260
30/04/2018,17,2721
30/04/2018,18,3232
30/04/2018,19,2849
30/04/2018,20,1975
30/04/2018,21,1394
30/04/2018,22,978
30/04/2018,23,501
30/05/2014,0,290
30/05/2014,1,133
30/05/2014,2,53
30/05/2014,3,53
30/05/2014,4,38
30/05/2014,5,183
30/05/2014,6,805
30/05/2014,7,1698
30/05/2014,8,3121
30/05/2014,9,2357
30/05/2014,10,1391
30/05/2014,11,1361
30/05/2014,12,1734
30/05/2014,13,1800
30/05/2014,14,1929
30/05/2014,15,2173
30/05/2014,16,2757
30/05/2014,17,3767
30/05/2014,18,3341
30/05/2014,19,2041
30/05/2014,20,1168
30/05/2014,21,872
30/05/2014,22,692
30/05/2014,23,586
30/05/2015,0,515
30/05/2015,1,359
30/05/2015,2,185
30/05/2015,3,132
30/05/2015,4,75
30/05/2015,5,70
30/05/2015,6,170
30/05/2015,7,388
30/05/2015,8,818
30/05/2015,9,1318
30/05/2015,10,1834
30/05/2015,11,2154
30/05/2015,12,2368
30/05/2015,13,2547
30/05/2015,14,2410
30/05/2015,15,2394
30/05/2015,16,2539
30/05/2015,17,2530
30/05/2015,18,2283
30/05/2015,19,2090
30/05/2015,20,1481
30/05/2015,21,972
30/05/2015,22,804
30/05/2015,23,711
30/05/2016,0,369
30/05/2016,1,70
30/05/2016,2,43
30/05/2016,3,26
30/05/2016,4,18
30/05/2016,5,21
30/05/2016,6,57
30/05/2016,7,199
30/05/2016,8,451
30/05/2016,9,869
30/05/2016,10,1432
30/05/2016,11,1980
30/05/2016,12,2506
30/05/2016,13,2930
30/05/2016,14,3001
30/05/2016,15,3164
30/05/2016,16,3179
30/05/2016,17,2913
30/05/2016,18,2760
30/05/2016,19,2196
30/05/2016,20,1704
30/05/2016,21,1218
30/05/2016,22,865
30/05/2016,23,648
30/05/2017,0,247
30/05/2017,1,100
30/05/2017,2,53
30/05/2017,3,43
30/05/2017,4,62
30/05/2017,5,377
30/05/2017,6,1428
30/05/2017,7,3018
30/05/2017,8,5283
30/05/2017,9,3557
30/05/2017,10,1940
30/05/2017,11,1946
30/05/2017,12,2170
30/05/2017,13,2309
30/05/2017,14,1502
30/05/2017,15,2229
30/05/2017,16,3177
30/05/2017,17,5806
30/05/2017,18,5912
30/05/2017,19,3987
30/05/2017,20,2393
30/05/2017,21,1581
30/05/2017,22,728
30/05/2017,23,346
30/05/2018,0,547
30/05/2018,1,277
30/05/2018,2,139
30/05/2018,3,65
30/05/2018,4,112
30/05/2018,5,533
30/05/2018,6,2019
30/05/2018,7,4126
30/05/2018,8,7072
30/05/2018,9,4506
30/05/2018,10,2502
30/05/2018,11,2516
30/05/2018,12,2990
30/05/2018,13,3085
30/05/2018,14,3467
30/05/2018,15,3732
30/05/2018,16,4787
30/05/2018,17,8001
30/05/2018,18,8079
30/05/2018,19,5365
30/05/2018,20,3583
30/05/2018,21,2174
30/05/2018,22,1574
30/05/2018,23,1070
30/06/2014,0,284
30/06/2014,1,115
30/06/2014,2,87
30/06/2014,3,39
30/06/2014,4,58
30/06/2014,5,207
30/06/2014,6,822
30/06/2014,7,1714
30/06/2014,8,2799
30/06/2014,9,2116
30/06/2014,10,1244
30/06/2014,11,1163
30/06/2014,12,1419
30/06/2014,13,1379
30/06/2014,14,1502
30/06/2014,15,1670
30/06/2014,16,2131
30/06/2014,17,3357
30/06/2014,18,3842
30/06/2014,19,2884
30/06/2014,20,1986
30/06/2014,21,1326
30/06/2014,22,849
30/06/2014,23,604
30/06/2015,0,282
30/06/2015,1,118
30/06/2015,2,53
30/06/2015,3,30
30/06/2015,4,38
30/06/2015,5,255
30/06/2015,6,1113
30/06/2015,7,2197
30/06/2015,8,3705
30/06/2015,9,2685
30/06/2015,10,1470
30/06/2015,11,1424
30/06/2015,12,1676
30/06/2015,13,1714
30/06/2015,14,1709
30/06/2015,15,1860
30/06/2015,16,2428
30/06/2015,17,3876
30/06/2015,18,4006
30/06/2015,19,2772
30/06/2015,20,1773
30/06/2015,21,1323
30/06/2015,22,962
30/06/2015,23,618
30/06/2016,0,484
30/06/2016,1,217
30/06/2016,2,93
30/06/2016,3,67
30/06/2016,4,68
30/06/2016,5,340
30/06/2016,6,1429
30/06/2016,7,2910
30/06/2016,8,5228
30/06/2016,9,3787
30/06/2016,10,2282
30/06/2016,11,2110
30/06/2016,12,2486
30/06/2016,13,2571
30/06/2016,14,2567
30/06/2016,15,2699
30/06/2016,16,3396
30/06/2016,17,5513
30/06/2016,18,5536
30/06/2016,19,3977
30/06/2016,20,2824
30/06/2016,21,1811
30/06/2016,22,1423
30/06/2016,23,1025
30/06/2017,0,688
30/06/2017,1,315
30/06/2017,2,146
30/06/2017,3,79
30/06/2017,4,100
30/06/2017,5,391
30/06/2017,6,1495
30/06/2017,7,2813
30/06/2017,8,4989
30/06/2017,9,4051
30/06/2017,10,2532
30/06/2017,11,2665
30/06/2017,12,3079
30/06/2017,13,3427
30/06/2017,14,3780
30/06/2017,15,3918
30/06/2017,16,4474
30/06/2017,17,5424
30/06/2017,18,4523
30/06/2017,19,3453
30/06/2017,20,2450
30/06/2017,21,1663
30/06/2017,22,1328
30/06/2017,23,879
30/07/2013,0,320
30/07/2013,1,135
30/07/2013,2,66
30/07/2013,3,45
30/07/2013,4,33
30/07/2013,5,190
30/07/2013,6,863
30/07/2013,7,1853
30/07/2013,8,3133
30/07/2013,9,2301
30/07/2013,10,1277
30/07/2013,11,1301
30/07/2013,12,1664
30/07/2013,13,1774
30/07/2013,14,1571
30/07/2013,15,1691
30/07/2013,16,2252
30/07/2013,17,3814
30/07/2013,18,4227
30/07/2013,19,3169
30/07/2013,20,2290
30/07/2013,21,1568
30/07/2013,22,1083
30/07/2013,23,714
30/07/2014,0,301
30/07/2014,1,139
30/07/2014,2,74
30/07/2014,3,58
30/07/2014,4,63
30/07/2014,5,245
30/07/2014,6,1054
30/07/2014,7,1957
30/07/2014,8,3444
30/07/2014,9,2591
30/07/2014,10,1350
30/07/2014,11,1286
30/07/2014,12,1589
30/07/2014,13,1806
30/07/2014,14,1686
30/07/2014,15,1780
30/07/2014,16,2321
30/07/2014,17,3907
30/07/2014,18,3914
30/07/2014,19,2803
30/07/2014,20,1950
30/07/2014,21,1305
30/07/2014,22,1073
30/07/2014,23,681
30/07/2015,0,364
30/07/2015,1,168
30/07/2015,2,76
30/07/2015,3,36
30/07/2015,4,69
30/07/2015,5,234
30/07/2015,6,1107
30/07/2015,7,1989
30/07/2015,8,3294
30/07/2015,9,2551
30/07/2015,10,1489
30/07/2015,11,1346
30/07/2015,12,1375
30/07/2015,13,901
30/07/2015,14,634
30/07/2015,15,1229
30/07/2015,16,598
30/07/2015,17,2545
30/07/2015,18,3516
30/07/2015,19,2757
30/07/2015,20,1903
30/07/2015,21,1289
30/07/2015,22,997
30/07/2015,23,699
30/07/2016,0,720
30/07/2016,1,457
30/07/2016,2,297
30/07/2016,3,193
30/07/2016,4,115
30/07/2016,5,120
30/07/2016,6,319
30/07/2016,7,614
30/07/2016,8,1110
30/07/2016,9,1684
30/07/2016,10,2403
30/07/2016,11,2816
30/07/2016,12,3095
30/07/2016,13,3222
30/07/2016,14,3319
30/07/2016,15,1540
30/07/2016,16,1166
30/07/2016,17,711
30/07/2016,18,875
30/07/2016,19,925
30/07/2016,20,604
30/07/2016,21,460
30/07/2016,22,486
30/07/2016,23,529
30/07/2017,0,843
30/07/2017,1,606
30/07/2017,2,373
30/07/2017,3,243
30/07/2017,4,166
30/07/2017,5,114
30/07/2017,6,272
30/07/2017,7,557
30/07/2017,8,1107
30/07/2017,9,2050
30/07/2017,10,3119
30/07/2017,11,3981
30/07/2017,12,4564
30/07/2017,13,4749
30/07/2017,14,4919
30/07/2017,15,5164
30/07/2017,16,5097
30/07/2017,17,5025
30/07/2017,18,4711
30/07/2017,19,4042
30/07/2017,20,3219
30/07/2017,21,1938
30/07/2017,22,1525
30/07/2017,23,958
30/08/2013,0,426
30/08/2013,1,254
30/08/2013,2,150
30/08/2013,3,77
30/08/2013,4,46
30/08/2013,5,131
30/08/2013,6,567
30/08/2013,7,1299
30/08/2013,8,2453
30/08/2013,9,1965
30/08/2013,10,1334
30/08/2013,11,1420
30/08/2013,12,1761
30/08/2013,13,2118
30/08/2013,14,2333
30/08/2013,15,2505
30/08/2013,16,2705
30/08/2013,17,2752
30/08/2013,18,2335
30/08/2013,19,1890
30/08/2013,20,1212
30/08/2013,21,1022
30/08/2013,22,834
30/08/2013,23,729
30/08/2014,0,383
30/08/2014,1,237
30/08/2014,2,184
30/08/2014,3,88
30/08/2014,4,83
30/08/2014,5,57
30/08/2014,6,119
30/08/2014,7,276
30/08/2014,8,602
30/08/2014,9,1066
30/08/2014,10,1328
30/08/2014,11,1543
30/08/2014,12,1788
30/08/2014,13,1908
30/08/2014,14,1813
30/08/2014,15,1944
30/08/2014,16,1896
30/08/2014,17,1716
30/08/2014,18,1590
30/08/2014,19,1300
30/08/2014,20,901
30/08/2014,21,708
30/08/2014,22,638
30/08/2014,23,521
30/08/2015,0,546
30/08/2015,1,416
30/08/2015,2,247
30/08/2015,3,206
30/08/2015,4,95
30/08/2015,5,59
30/08/2015,6,135
30/08/2015,7,335
30/08/2015,8,663
30/08/2015,9,1200
30/08/2015,10,1863
30/08/2015,11,2260
30/08/2015,12,2450
30/08/2015,13,2809
30/08/2015,14,2731
30/08/2015,15,2756
30/08/2015,16,2844
30/08/2015,17,2768
30/08/2015,18,2817
30/08/2015,19,2121
30/08/2015,20,1474
30/08/2015,21,1047
30/08/2015,22,607
30/08/2015,23,464
30/08/2016,0,374
30/08/2016,1,184
30/08/2016,2,92
30/08/2016,3,42
30/08/2016,4,82
30/08/2016,5,372
30/08/2016,6,1611
30/08/2016,7,3275
30/08/2016,8,5645
30/08/2016,9,3903
30/08/2016,10,2175
30/08/2016,11,2084
30/08/2016,12,2407
30/08/2016,13,2449
30/08/2016,14,2493
30/08/2016,15,2654
30/08/2016,16,3569
30/08/2016,17,6303
30/08/2016,18,6433
30/08/2016,19,4505
30/08/2016,20,2652
30/08/2016,21,1902
30/08/2016,22,1408
30/08/2016,23,791
30/08/2017,0,169
30/08/2017,1,89
30/08/2017,2,63
30/08/2017,3,47
30/08/2017,4,67
30/08/2017,5,456
30/08/2017,6,1673
30/08/2017,7,3472
30/08/2017,8,5617
30/08/2017,9,4087
30/08/2017,10,2342
30/08/2017,11,2239
30/08/2017,12,2841
30/08/2017,13,3034
30/08/2017,14,3005
30/08/2017,15,3419
30/08/2017,16,4397
30/08/2017,17,7279
30/08/2017,18,7649
30/08/2017,19,5331
30/08/2017,20,3246
30/08/2017,21,2242
30/08/2017,22,1585
30/08/2017,23,980
30/09/2013,0,226
30/09/2013,1,111
30/09/2013,2,65
30/09/2013,3,39
30/09/2013,4,41
30/09/2013,5,176
30/09/2013,6,888
30/09/2013,7,1953
30/09/2013,8,3274
30/09/2013,9,2448
30/09/2013,10,1391
30/09/2013,11,1345
30/09/2013,12,1672
30/09/2013,13,1862
30/09/2013,14,1845
30/09/2013,15,1969
30/09/2013,16,2588
30/09/2013,17,4131
30/09/2013,18,3972
30/09/2013,19,2834
30/09/2013,20,1721
30/09/2013,21,1233
30/09/2013,22,828
30/09/2013,23,536
30/09/2014,0,220
30/09/2014,1,119
30/09/2014,2,70
30/09/2014,3,35
30/09/2014,4,53
30/09/2014,5,256
30/09/2014,6,1044
30/09/2014,7,2140
30/09/2014,8,3389
30/09/2014,9,2387
30/09/2014,10,1422
30/09/2014,11,1378
30/09/2014,12,1588
30/09/2014,13,1570
30/09/2014,14,1580
30/09/2014,15,1723
30/09/2014,16,2084
30/09/2014,17,3676
30/09/2014,18,3793
30/09/2014,19,2512
30/09/2014,20,1666
30/09/2014,21,1150
30/09/2014,22,802
30/09/2014,23,436
30/09/2015,0,164
30/09/2015,1,50
30/09/2015,2,5
30/09/2015,3,12
30/09/2015,4,24
30/09/2015,5,211
30/09/2015,6,923
30/09/2015,7,1913
30/09/2015,8,3981
30/09/2015,9,2030
30/09/2015,10,1059
30/09/2015,11,1087
30/09/2015,12,1551
30/09/2015,13,1747
30/09/2015,14,1885
30/09/2015,15,2115
30/09/2015,16,2885
30/09/2015,17,4843
30/09/2015,18,4624
30/09/2015,19,3051
30/09/2015,20,2147
30/09/2015,21,1463
30/09/2015,22,1005
30/09/2015,23,670
30/09/2016,0,436
30/09/2016,1,243
30/09/2016,2,140
30/09/2016,3,56
30/09/2016,4,83
30/09/2016,5,358
30/09/2016,6,1146
30/09/2016,7,2142
30/09/2016,8,3338
30/09/2016,9,2026
30/09/2016,10,818
30/09/2016,11,916
30/09/2016,12,918
30/09/2016,13,879
30/09/2016,14,664
30/09/2016,15,799
30/09/2016,16,1061
30/09/2016,17,1430
30/09/2016,18,1224
30/09/2016,19,900
30/09/2016,20,575
30/09/2016,21,403
30/09/2016,22,388
30/09/2016,23,438
30/09/2017,0,806
30/09/2017,1,501
30/09/2017,2,346
30/09/2017,3,231
30/09/2017,4,155
30/09/2017,5,125
30/09/2017,6,316
30/09/2017,7,785
30/09/2017,8,1569
30/09/2017,9,2569
30/09/2017,10,3369
30/09/2017,11,3772
30/09/2017,12,3985
30/09/2017,13,4199
30/09/2017,14,4161
30/09/2017,15,4267
30/09/2017,16,4021
30/09/2017,17,3777
30/09/2017,18,3319
30/09/2017,19,2501
30/09/2017,20,1770
30/09/2017,21,1456
30/09/2017,22,1178
30/09/2017,23,975
30/10/2013,0,233
30/10/2013,1,97
30/10/2013,2,56
30/10/2013,3,29
30/10/2013,4,52
30/10/2013,5,193
30/10/2013,6,893
30/10/2013,7,1791
30/10/2013,8,3488
30/10/2013,9,2571
30/10/2013,10,1417
30/10/2013,11,1345
30/10/2013,12,1549
30/10/2013,13,1613
30/10/2013,14,1641
30/10/2013,15,1817
30/10/2013,16,2314
30/10/2013,17,3722
30/10/2013,18,3526
30/10/2013,19,2357
30/10/2013,20,1619
30/10/2013,21,1219
30/10/2013,22,953
30/10/2013,23,574
30/10/2014,0,231
30/10/2014,1,119
30/10/2014,2,54
30/10/2014,3,30
30/10/2014,4,43
30/10/2014,5,202
30/10/2014,6,767
30/10/2014,7,1810
30/10/2014,8,3188
30/10/2014,9,2312
30/10/2014,10,1275
30/10/2014,11,1169
30/10/2014,12,1402
30/10/2014,13,1494
30/10/2014,14,1576
30/10/2014,15,1652
30/10/2014,16,2083
30/10/2014,17,3275
30/10/2014,18,3102
30/10/2014,19,2064
30/10/2014,20,1239
30/10/2014,21,912
30/10/2014,22,682
30/10/2014,23,452
30/10/2015,0,333
30/10/2015,1,204
30/10/2015,2,98
30/10/2015,3,53
30/10/2015,4,65
30/10/2015,5,289
30/10/2015,6,1052
30/10/2015,7,2252
30/10/2015,8,4331
30/10/2015,9,3524
30/10/2015,10,2109
30/10/2015,11,2015
30/10/2015,12,2408
30/10/2015,13,2428
30/10/2015,14,2710
30/10/2015,15,2892
30/10/2015,16,3520
30/10/2015,17,4730
30/10/2015,18,3597
30/10/2015,19,2302
30/10/2015,20,1281
30/10/2015,21,965
30/10/2015,22,714
30/10/2015,23,646
30/10/2017,0,142
30/10/2017,1,87
30/10/2017,2,52
30/10/2017,3,47
30/10/2017,4,40
30/10/2017,5,153
30/10/2017,6,398
30/10/2017,7,789
30/10/2017,8,2944
30/10/2017,9,3541
30/10/2017,10,2054
30/10/2017,11,1921
30/10/2017,12,2381
30/10/2017,13,2497
30/10/2017,14,2676
30/10/2017,15,2960
30/10/2017,16,3865
30/10/2017,17,6410
30/10/2017,18,6070
30/10/2017,19,3957
30/10/2017,20,2638
30/10/2017,21,1785
30/10/2017,22,1208
30/10/2017,23,632
30/11/2013,0,139
30/11/2013,1,70
30/11/2013,2,51
30/11/2013,3,32
30/11/2013,4,22
30/11/2013,5,23
30/11/2013,6,50
30/11/2013,7,103
30/11/2013,8,222
30/11/2013,9,391
30/11/2013,10,553
30/11/2013,11,737
30/11/2013,12,860
30/11/2013,13,848
30/11/2013,14,945
30/11/2013,15,872
30/11/2013,16,887
30/11/2013,17,678
30/11/2013,18,560
30/11/2013,19,522
30/11/2013,20,381
30/11/2013,21,324
30/11/2013,22,331
30/11/2013,23,262
30/11/2014,0,181
30/11/2014,1,116
30/11/2014,2,94
30/11/2014,3,64
30/11/2014,4,35
30/11/2014,5,22
30/11/2014,6,50
30/11/2014,7,95
30/11/2014,8,223
30/11/2014,9,422
30/11/2014,10,722
30/11/2014,11,972
30/11/2014,12,1035
30/11/2014,13,1106
30/11/2014,14,1050
30/11/2014,15,1170
30/11/2014,16,1035
30/11/2014,17,959
30/11/2014,18,896
30/11/2014,19,672
30/11/2014,20,497
30/11/2014,21,418
30/11/2014,22,328
30/11/2014,23,222
30/11/2015,0,153
30/11/2015,1,60
30/11/2015,2,22
30/11/2015,3,13
30/11/2015,4,41
30/11/2015,5,239
30/11/2015,6,832
30/11/2015,7,1883
30/11/2015,8,3209
30/11/2015,9,2193
30/11/2015,10,1154
30/11/2015,11,1027
30/11/2015,12,1174
30/11/2015,13,1220
30/11/2015,14,1371
30/11/2015,15,1546
30/11/2015,16,1922
30/11/2015,17,3335
30/11/2015,18,3322
30/11/2015,19,2143
30/11/2015,20,1382
30/11/2015,21,959
30/11/2015,22,663
30/11/2015,23,350
30/11/2017,0,287
30/11/2017,1,119
30/11/2017,2,59
30/11/2017,3,35
30/11/2017,4,77
30/11/2017,5,411
30/11/2017,6,1446
30/11/2017,7,3276
30/11/2017,8,5672
30/11/2017,9,3932
30/11/2017,10,2109
30/11/2017,11,1911
30/11/2017,12,2277
30/11/2017,13,2260
30/11/2017,14,2474
30/11/2017,15,2808
30/11/2017,16,3269
30/11/2017,17,5110
30/11/2017,18,5197
30/11/2017,19,3358
30/11/2017,20,2433
30/11/2017,21,1702
30/11/2017,22,992
30/11/2017,23,486
30/12/2013,0,103
30/12/2013,1,52
30/12/2013,2,28
30/12/2013,3,23
30/12/2013,4,25
30/12/2013,5,75
30/12/2013,6,331
30/12/2013,7,578
30/12/2013,8,1071
30/12/2013,9,970
30/12/2013,10,700
30/12/2013,11,653
30/12/2013,12,784
30/12/2013,13,818
30/12/2013,14,910
30/12/2013,15,917
30/12/2013,16,1063
30/12/2013,17,1292
30/12/2013,18,1026
30/12/2013,19,702
30/12/2013,20,413
30/12/2013,21,314
30/12/2013,22,230
30/12/2013,23,163
30/12/2014,0,114
30/12/2014,1,66
30/12/2014,2,28
30/12/2014,3,24
30/12/2014,4,30
30/12/2014,5,96
30/12/2014,6,345
30/12/2014,7,592
30/12/2014,8,1039
30/12/2014,9,832
30/12/2014,10,603
30/12/2014,11,581
30/12/2014,12,701
30/12/2014,13,712
30/12/2014,14,741
30/12/2014,15,830
30/12/2014,16,975
30/12/2014,17,1173
30/12/2014,18,1024
30/12/2014,19,652
30/12/2014,20,382
30/12/2014,21,292
30/12/2014,22,204
30/12/2014,23,160
30/12/2015,0,198
30/12/2015,1,134
30/12/2015,2,44
30/12/2015,3,42
30/12/2015,4,41
30/12/2015,5,153
30/12/2015,6,515
30/12/2015,7,910
30/12/2015,8,1669
30/12/2015,9,1554
30/12/2015,10,1117
30/12/2015,11,1221
30/12/2015,12,1334
30/12/2015,13,1524
30/12/2015,14,1518
30/12/2015,15,1700
30/12/2015,16,1955
30/12/2015,17,2063
30/12/2015,18,1883
30/12/2015,19,1347
30/12/2015,20,806
30/12/2015,21,497
30/12/2015,22,164
30/12/2015,23,88
30/12/2017,0,122
30/12/2017,1,92
30/12/2017,2,60
30/12/2017,3,36
30/12/2017,4,41
30/12/2017,5,31
30/12/2017,6,93
30/12/2017,7,185
30/12/2017,8,310
30/12/2017,9,370
30/12/2017,10,357
30/12/2017,11,370
30/12/2017,12,271
30/12/2017,13,320
30/12/2017,14,352
30/12/2017,15,437
30/12/2017,16,505
30/12/2017,17,412
30/12/2017,18,415
30/12/2017,19,341
30/12/2017,20,266
30/12/2017,21,216
30/12/2017,22,203
30/12/2017,23,151
31/01/2014,0,94
31/01/2014,1,58
31/01/2014,2,29
31/01/2014,3,17
31/01/2014,4,16
31/01/2014,5,85
31/01/2014,6,344
31/01/2014,7,755
31/01/2014,8,1543
31/01/2014,9,1219
31/01/2014,10,592
31/01/2014,11,513
31/01/2014,12,600
31/01/2014,13,710
31/01/2014,14,771
31/01/2014,15,827
31/01/2014,16,1073
31/01/2014,17,1580
31/01/2014,18,1390
31/01/2014,19,892
31/01/2014,20,590
31/01/2014,21,374
31/01/2014,22,326
31/01/2014,23,255
31/01/2015,0,62
31/01/2015,1,52
31/01/2015,2,27
31/01/2015,3,22
31/01/2015,4,17
31/01/2015,5,20
31/01/2015,6,31
31/01/2015,7,69
31/01/2015,8,162
31/01/2015,9,239
31/01/2015,10,331
31/01/2015,11,380
31/01/2015,12,399
31/01/2015,13,469
31/01/2015,14,422
31/01/2015,15,464
31/01/2015,16,399
31/01/2015,17,406
31/01/2015,18,354
31/01/2015,19,276
31/01/2015,20,182
31/01/2015,21,146
31/01/2015,22,136
31/01/2015,23,123
31/01/2016,0,228
31/01/2016,1,169
31/01/2016,2,102
31/01/2016,3,78
31/01/2016,4,47
31/01/2016,5,31
31/01/2016,6,62
31/01/2016,7,139
31/01/2016,8,331
31/01/2016,9,615
31/01/2016,10,884
31/01/2016,11,1151
31/01/2016,12,1324
31/01/2016,13,1476
31/01/2016,14,1614
31/01/2016,15,1748
31/01/2016,16,1649
31/01/2016,17,1187
31/01/2016,18,958
31/01/2016,19,772
31/01/2016,20,523
31/01/2016,21,464
31/01/2016,22,365
31/01/2016,23,201
31/01/2018,0,138
31/01/2018,1,61
31/01/2018,2,20
31/01/2018,3,15
31/01/2018,4,48
31/01/2018,5,297
31/01/2018,6,939
31/01/2018,7,1950
31/01/2018,8,3476
31/01/2018,9,2404
31/01/2018,10,1250
31/01/2018,11,1067
31/01/2018,12,1319
31/01/2018,13,1420
31/01/2018,14,1487
31/01/2018,15,1618
31/01/2018,16,2035
31/01/2018,17,3217
31/01/2018,18,3132
31/01/2018,19,2097
31/01/2018,20,1354
31/01/2018,21,904
31/01/2018,22,663
31/01/2018,23,365
31/03/2014,0,48
31/03/2014,1,24
31/03/2014,2,21
31/03/2014,3,3
31/03/2014,4,14
31/03/2014,5,67
31/03/2014,6,223
31/03/2014,7,238
31/03/2014,8,808
31/03/2014,9,833
31/03/2014,10,537
31/03/2014,11,524
31/03/2014,12,749
31/03/2014,13,795
31/03/2014,14,897
31/03/2014,15,1016
31/03/2014,16,1290
31/03/2014,17,2532
31/03/2014,18,2564
31/03/2014,19,1689
31/03/2014,20,1017
31/03/2014,21,656
31/03/2014,22,370
31/03/2014,23,170
31/03/2015,0,120
31/03/2015,1,42
31/03/2015,2,23
31/03/2015,3,18
31/03/2015,4,32
31/03/2015,5,133
31/03/2015,6,571
31/03/2015,7,1152
31/03/2015,8,2116
31/03/2015,9,1641
31/03/2015,10,840
31/03/2015,11,746
31/03/2015,12,815
31/03/2015,13,719
31/03/2015,14,508
31/03/2015,15,268
31/03/2015,16,559
31/03/2015,17,1411
31/03/2015,18,1068
31/03/2015,19,483
31/03/2015,20,240
31/03/2015,21,288
31/03/2015,22,259
31/03/2015,23,198
31/03/2016,0,168
31/03/2016,1,87
31/03/2016,2,35
31/03/2016,3,31
31/03/2016,4,39
31/03/2016,5,204
31/03/2016,6,902
31/03/2016,7,2059
31/03/2016,8,3796
31/03/2016,9,2874
31/03/2016,10,1474
31/03/2016,11,1572
31/03/2016,12,1743
31/03/2016,13,1811
31/03/2016,14,1947
31/03/2016,15,1886
31/03/2016,16,2523
31/03/2016,17,4233
31/03/2016,18,4045
31/03/2016,19,2654
31/03/2016,20,1641
31/03/2016,21,1215
31/03/2016,22,823
31/03/2016,23,586
31/03/2018,0,370
31/03/2018,1,236
31/03/2018,2,126
31/03/2018,3,100
31/03/2018,4,54
31/03/2018,5,72
31/03/2018,6,165
31/03/2018,7,481
31/03/2018,8,993
31/03/2018,9,1796
31/03/2018,10,2492
31/03/2018,11,3463
31/03/2018,12,3883
31/03/2018,13,4170
31/03/2018,14,4292
31/03/2018,15,4269
31/03/2018,16,3870
31/03/2018,17,3333
31/03/2018,18,2597
31/03/2018,19,1776
31/03/2018,20,1096
31/03/2018,21,838
31/03/2018,22,716
31/03/2018,23,606
31/05/2014,0,445
31/05/2014,1,285
31/05/2014,2,169
31/05/2014,3,90
31/05/2014,4,63
31/05/2014,5,69
31/05/2014,6,153
31/05/2014,7,309
31/05/2014,8,709
31/05/2014,9,1197
31/05/2014,10,1709
31/05/2014,11,2016
31/05/2014,12,2402
31/05/2014,13,2503
31/05/2014,14,2504
31/05/2014,15,1749
31/05/2014,16,1895
31/05/2014,17,2152
31/05/2014,18,2122
31/05/2014,19,1781
31/05/2014,20,1298
31/05/2014,21,854
31/05/2014,22,680
31/05/2014,23,580
31/05/2015,0,476
31/05/2015,1,375
31/05/2015,2,210
31/05/2015,3,138
31/05/2015,4,86
31/05/2015,5,61
31/05/2015,6,100
31/05/2015,7,244
31/05/2015,8,607
31/05/2015,9,1038
31/05/2015,10,1497
31/05/2015,11,1947
31/05/2015,12,2293
31/05/2015,13,2462
31/05/2015,14,2279
31/05/2015,15,2206
31/05/2015,16,1381
31/05/2015,17,323
31/05/2015,18,391
31/05/2015,19,444
31/05/2015,20,265
31/05/2015,21,330
31/05/2015,22,306
31/05/2015,23,127
31/05/2016,0,307
31/05/2016,1,132
31/05/2016,2,95
31/05/2016,3,51
31/05/2016,4,54
31/05/2016,5,283
31/05/2016,6,1266
31/05/2016,7,2788
31/05/2016,8,4567
31/05/2016,9,3098
31/05/2016,10,1887
31/05/2016,11,1783
31/05/2016,12,2086
31/05/2016,13,2191
31/05/2016,14,2273
31/05/2016,15,2543
31/05/2016,16,3247
31/05/2016,17,5465
31/05/2016,18,5593
31/05/2016,19,3920
31/05/2016,20,2677
31/05/2016,21,1649
31/05/2016,22,1114
31/05/2016,23,687
31/05/2017,0,232
31/05/2017,1,138
31/05/2017,2,63
31/05/2017,3,34
31/05/2017,4,64
31/05/2017,5,371
31/05/2017,6,816
31/05/2017,7,2088
31/05/2017,8,5179
31/05/2017,9,3737
31/05/2017,10,2246
31/05/2017,11,2239
31/05/2017,12,2671
31/05/2017,13,2779
31/05/2017,14,2994
31/05/2017,15,3295
31/05/2017,16,4218
31/05/2017,17,6978
31/05/2017,18,6758
31/05/2017,19,4845
31/05/2017,20,3448
31/05/2017,21,2025
31/05/2017,22,1391
31/05/2017,23,886
31/05/2018,0,513
31/05/2018,1,213
31/05/2018,2,115
31/05/2018,3,66
31/05/2018,4,117
31/05/2018,5,495
31/05/2018,6,1934
31/05/2018,7,3933
31/05/2018,8,6675
31/05/2018,9,4710
31/05/2018,10,1824
31/05/2018,11,740
31/05/2018,12,1219
31/05/2018,13,1162
31/05/2018,14,1887
31/05/2018,15,2518
31/05/2018,16,3337
31/05/2018,17,5965
31/05/2018,18,6411
31/05/2018,19,4318
31/05/2018,20,3052
31/05/2018,21,2018
31/05/2018,22,1579
31/05/2018,23,993
31/07/2013,0,424
31/07/2013,1,190
31/07/2013,2,89
31/07/2013,3,52
31/07/2013,4,52
31/07/2013,5,175
31/07/2013,6,880
31/07/2013,7,1790
31/07/2013,8,3140
31/07/2013,9,2307
31/07/2013,10,1228
31/07/2013,11,1213
31/07/2013,12,1627
31/07/2013,13,1696
31/07/2013,14,1736
31/07/2013,15,1712
31/07/2013,16,2337
31/07/2013,17,3719
31/07/2013,18,4099
31/07/2013,19,3125
31/07/2013,20,2197
31/07/2013,21,1503
31/07/2013,22,1212
31/07/2013,23,758
31/07/2014,0,328
31/07/2014,1,154
31/07/2014,2,79
31/07/2014,3,47
31/07/2014,4,58
31/07/2014,5,230
31/07/2014,6,972
31/07/2014,7,1868
31/07/2014,8,3301
31/07/2014,9,2376
31/07/2014,10,1336
31/07/2014,11,1373
31/07/2014,12,1638
31/07/2014,13,1711
31/07/2014,14,1630
31/07/2014,15,1751
31/07/2014,16,2241
31/07/2014,17,3605
31/07/2014,18,3687
31/07/2014,19,2514
31/07/2014,20,1651
31/07/2014,21,1213
31/07/2014,22,975
31/07/2014,23,720
31/07/2015,0,411
31/07/2015,1,241
31/07/2015,2,121
31/07/2015,3,69
31/07/2015,4,60
31/07/2015,5,214
31/07/2015,6,987
31/07/2015,7,1906
31/07/2015,8,3406
31/07/2015,9,2574
31/07/2015,10,1590
31/07/2015,11,1531
31/07/2015,12,1963
31/07/2015,13,2080
31/07/2015,14,2131
31/07/2015,15,2498
31/07/2015,16,3060
31/07/2015,17,3712
31/07/2015,18,3272
31/07/2015,19,2299
31/07/2015,20,1607
31/07/2015,21,1134
31/07/2015,22,999
31/07/2015,23,706
31/07/2016,0,513
31/07/2016,1,330
31/07/2016,2,263
31/07/2016,3,177
31/07/2016,4,137
31/07/2016,5,77
31/07/2016,6,182
31/07/2016,7,361
31/07/2016,8,647
31/07/2016,9,1117
31/07/2016,10,1179
31/07/2016,11,1611
31/07/2016,12,701
31/07/2016,13,1759
31/07/2016,14,2431
31/07/2016,15,2717
31/07/2016,16,2702
31/07/2016,17,2746
31/07/2016,18,2579
31/07/2016,19,2159
31/07/2016,20,1605
31/07/2016,21,1052
31/07/2016,22,409
31/07/2016,23,197
31/07/2017,0,458
31/07/2017,1,200
31/07/2017,2,106
31/07/2017,3,53
31/07/2017,4,91
31/07/2017,5,476
31/07/2017,6,1693
31/07/2017,7,3303
31/07/2017,8,5647
31/07/2017,9,4050
31/07/2017,10,2273
31/07/2017,11,2194
31/07/2017,12,2663
31/07/2017,13,2780
31/07/2017,14,2795
31/07/2017,15,3000
31/07/2017,16,4157
31/07/2017,17,7183
31/07/2017,18,7422
31/07/2017,19,5364
31/07/2017,20,3652
31/07/2017,21,2279
31/07/2017,22,1499
31/07/2017,23,880
31/08/2013,0,477
31/08/2013,1,307
31/08/2013,2,231
31/08/2013,3,138
31/08/2013,4,93
31/08/2013,5,90
31/08/2013,6,142
31/08/2013,7,269
31/08/2013,8,568
31/08/2013,9,909
31/08/2013,10,1241
31/08/2013,11,1617
31/08/2013,12,1918
31/08/2013,13,2120
31/08/2013,14,2194
31/08/2013,15,2115
31/08/2013,16,2169
31/08/2013,17,2005
31/08/2013,18,1908
31/08/2013,19,1608
31/08/2013,20,1118
31/08/2013,21,878
31/08/2013,22,698
31/08/2013,23,568
31/08/2014,0,410
31/08/2014,1,267
31/08/2014,2,166
31/08/2014,3,122
31/08/2014,4,83
31/08/2014,5,45
31/08/2014,6,89
31/08/2014,7,187
31/08/2014,8,397
31/08/2014,9,737
31/08/2014,10,1160
31/08/2014,11,1491
31/08/2014,12,1655
31/08/2014,13,1789
31/08/2014,14,1721
31/08/2014,15,1832
31/08/2014,16,955
31/08/2014,17,628
31/08/2014,18,1081
31/08/2014,19,977
31/08/2014,20,713
31/08/2014,21,581
31/08/2014,22,524
31/08/2014,23,443
31/08/2015,0,250
31/08/2015,1,131
31/08/2015,2,67
31/08/2015,3,46
31/08/2015,4,47
31/08/2015,5,242
31/08/2015,6,1004
31/08/2015,7,2031
31/08/2015,8,3672
31/08/2015,9,2811
31/08/2015,10,1558
31/08/2015,11,1385
31/08/2015,12,1700
31/08/2015,13,1647
31/08/2015,14,1654
31/08/2015,15,1912
31/08/2015,16,2405
31/08/2015,17,4419
31/08/2015,18,4702
31/08/2015,19,3408
31/08/2015,20,2038
31/08/2015,21,1377
31/08/2015,22,1077
31/08/2015,23,536
31/08/2016,0,414
31/08/2016,1,194
31/08/2016,2,99
31/08/2016,3,43
31/08/2016,4,77
31/08/2016,5,386
31/08/2016,6,1524
31/08/2016,7,3189
31/08/2016,8,5515
31/08/2016,9,4081
31/08/2016,10,2149
31/08/2016,11,2167
31/08/2016,12,2483
31/08/2016,13,2590
31/08/2016,14,2644
31/08/2016,15,2704
31/08/2016,16,3646
31/08/2016,17,6152
31/08/2016,18,6320
31/08/2016,19,4141
31/08/2016,20,2792
31/08/2016,21,1814
31/08/2016,22,1290
31/08/2016,23,800
31/08/2017,0,482
31/08/2017,1,184
31/08/2017,2,110
31/08/2017,3,61
31/08/2017,4,80
31/08/2017,5,412
31/08/2017,6,1764
31/08/2017,7,3392
31/08/2017,8,6143
31/08/2017,9,4486
31/08/2017,10,2699
31/08/2017,11,2614
31/08/2017,12,3205
31/08/2017,13,3266
31/08/2017,14,3242
31/08/2017,15,3170
31/08/2017,16,4090
31/08/2017,17,6724
31/08/2017,18,6576
31/08/2017,19,4714
31/08/2017,20,2957
31/08/2017,21,2050
31/08/2017,22,1516
31/08/2017,23,944
31/10/2013,0,282
31/10/2013,1,144
31/10/2013,2,85
31/10/2013,3,36
31/10/2013,4,52
31/10/2013,5,177
31/10/2013,6,844
31/10/2013,7,1804
31/10/2013,8,3383
31/10/2013,9,2592
31/10/2013,10,1471
31/10/2013,11,1407
31/10/2013,12,1537
31/10/2013,13,867
31/10/2013,14,1417
31/10/2013,15,1881
31/10/2013,16,2395
31/10/2013,17,3329
31/10/2013,18,2640
31/10/2013,19,1696
31/10/2013,20,1213
31/10/2013,21,1017
31/10/2013,22,736
31/10/2013,23,439
31/10/2014,0,219
31/10/2014,1,149
31/10/2014,2,70
31/10/2014,3,34
31/10/2014,4,45
31/10/2014,5,154
31/10/2014,6,691
31/10/2014,7,1528
31/10/2014,8,2770
31/10/2014,9,2134
31/10/2014,10,1212
31/10/2014,11,1237
31/10/2014,12,1406
31/10/2014,13,1528
31/10/2014,14,1818
31/10/2014,15,1969
31/10/2014,16,2515
31/10/2014,17,2833
31/10/2014,18,1985
31/10/2014,19,1261
31/10/2014,20,848
31/10/2014,21,619
31/10/2014,22,483
31/10/2014,23,277
31/10/2015,0,487
31/10/2015,1,265
31/10/2015,2,192
31/10/2015,3,133
31/10/2015,4,74
31/10/2015,5,64
31/10/2015,6,158
31/10/2015,7,447
31/10/2015,8,844
31/10/2015,9,1434
31/10/2015,10,1945
31/10/2015,11,2512
31/10/2015,12,2746
31/10/2015,13,2998
31/10/2015,14,2977
31/10/2015,15,3030
31/10/2015,16,2706
31/10/2015,17,2361
31/10/2015,18,1821
31/10/2015,19,1317
31/10/2015,20,1052
31/10/2015,21,838
31/10/2015,22,712
31/10/2015,23,643
31/10/2017,0,309
31/10/2017,1,133
31/10/2017,2,67
31/10/2017,3,32
31/10/2017,4,62
31/10/2017,5,486
31/10/2017,6,1798
31/10/2017,7,3827
31/10/2017,8,6706
31/10/2017,9,4669
31/10/2017,10,2572
31/10/2017,11,2387
31/10/2017,12,2721
31/10/2017,13,2857
31/10/2017,14,3092
31/10/2017,15,3537
31/10/2017,16,4573
31/10/2017,17,6187
31/10/2017,18,5203
31/10/2017,19,3284
31/10/2017,20,2174
31/10/2017,21,1587
31/10/2017,22,1242
31/10/2017,23,737
31/12/2013,0,93
31/12/2013,1,51
31/12/2013,2,29
31/12/2013,3,19
31/12/2013,4,18
31/12/2013,5,56
31/12/2013,6,221
31/12/2013,7,398
31/12/2013,8,782
31/12/2013,9,730
31/12/2013,10,565
31/12/2013,11,611
31/12/2013,12,807
31/12/2013,13,857
31/12/2013,14,908
31/12/2013,15,1007
31/12/2013,16,1035
31/12/2013,17,674
31/12/2013,18,499
31/12/2013,19,339
31/12/2013,20,219
31/12/2013,21,225
31/12/2013,22,169
31/12/2013,23,112
31/12/2014,0,95
31/12/2014,1,57
31/12/2014,2,42
31/12/2014,3,26
31/12/2014,4,27
31/12/2014,5,64
31/12/2014,6,277
31/12/2014,7,409
31/12/2014,8,721
31/12/2014,9,662
31/12/2014,10,508
31/12/2014,11,578
31/12/2014,12,699
31/12/2014,13,810
31/12/2014,14,899
31/12/2014,15,961
31/12/2014,16,870
31/12/2014,17,654
31/12/2014,18,444
31/12/2014,19,285
31/12/2014,20,198
31/12/2014,21,159
31/12/2014,22,173
31/12/2014,23,121
31/12/2015,0,109
31/12/2015,1,105
31/12/2015,2,66
31/12/2015,3,45
31/12/2015,4,44
31/12/2015,5,100
31/12/2015,6,398
31/12/2015,7,693
31/12/2015,8,1265
31/12/2015,9,1156
31/12/2015,10,1110
31/12/2015,11,1295
31/12/2015,12,1690
31/12/2015,13,1852
31/12/2015,14,2037
31/12/2015,15,2050
31/12/2015,16,1846
31/12/2015,17,1318
31/12/2015,18,932
31/12/2015,19,670
31/12/2015,20,516
31/12/2015,21,458
31/12/2015,22,367
31/12/2015,23,254
31/12/2017,0,98
31/12/2017,1,65
31/12/2017,2,47
31/12/2017,3,23
31/12/2017,4,21
31/12/2017,5,15
31/12/2017,6,56
31/12/2017,7,114
31/12/2017,8,209
31/12/2017,9,300
31/12/2017,10,449
31/12/2017,11,518
31/12/2017,12,607
31/12/2017,13,585
31/12/2017,14,604
31/12/2017,15,588
31/12/2017,16,527
31/12/2017,17,409
31/12/2017,18,346
31/12/2017,19,300
31/12/2017,20,239
31/12/2017,21,206
31/12/2017,22,129
31/12/2017,23,114