DATE,HOUR,RENTED_BIKE_COUNT
01/01/2019,0,41
01/01/2019,1,48
01/01/2019,2,37
01/01/2019,3,17
01/01/2019,4,10
01/01/2019,5,7
01/01/2019,6,13
01/01/2019,7,21
01/01/2019,8,29
01/01/2019,9,61
01/01/2019,10,76
01/01/2019,11,88
01/01/2019,12,102
01/01/2019,13,93
01/01/2019,14,74
01/01/2019,15,116
01/01/2019,16,132
01/01/2019,17,84
01/01/2019,18,83
01/01/2019,19,62
01/01/2019,20,43
01/01/2019,21,27
01/01/2019,22,32
01/01/2019,23,16
01/01/2020,0,47
01/01/2020,1,66
01/01/2020,2,54
01/01/2020,3,13
01/01/2020,4,10
01/01/2020,5,10
01/01/2020,6,23
01/01/2020,7,16
01/01/2020,8,34
01/01/2020,9,61
01/01/2020,10,77
01/01/2020,11,139
01/01/2020,12,186
01/01/2020,13,207
01/01/2020,14,222
01/01/2020,15,220
01/01/2020,16,192
01/01/2020,17,163
01/01/2020,18,135
01/01/2020,19,82
01/01/2020,20,69
01/01/2020,21,47
01/01/2020,22,44
01/01/2020,23,24
01/01/2021,0,35
01/01/2021,1,48
01/01/2021,2,57
01/01/2021,3,17
01/01/2021,4,14
01/01/2021,5,29
01/01/2021,6,48
01/01/2021,7,51
01/01/2021,8,49
01/01/2021,9,46
01/01/2021,10,83
01/01/2021,11,75
01/01/2021,12,55
01/01/2021,13,65
01/01/2021,14,85
01/01/2021,15,71
01/01/2021,16,47
01/01/2021,17,53
01/01/2021,18,34
01/01/2021,19,35
01/01/2021,20,18
01/01/2021,21,22
01/01/2021,22,17
01/01/2021,23,14
01/01/2022,0,220
01/01/2022,1,328
01/01/2022,2,259
01/01/2022,3,85
01/01/2022,4,35
01/01/2022,5,20
01/01/2022,6,42
01/01/2022,7,90
01/01/2022,8,93
01/01/2022,9,131
01/01/2022,10,171
01/01/2022,11,221
01/01/2022,12,236
01/01/2022,13,158
01/01/2022,14,93
01/01/2022,15,68
01/01/2022,16,55
01/01/2022,17,55
01/01/2022,18,48
01/01/2022,19,39
01/01/2022,20,32
01/01/2022,21,32
01/01/2022,22,24
01/01/2022,23,28
01/02/2019,0,3
01/02/2019,1,4
01/02/2019,2,2
01/02/2019,3,1
01/02/2019,4,3
01/02/2019,5,18
01/02/2019,6,50
01/02/2019,7,89
01/02/2019,8,156
01/02/2019,9,108
01/02/2019,10,38
01/02/2019,11,54
01/02/2019,12,72
01/02/2019,13,84
01/02/2019,14,78
01/02/2019,15,131
01/02/2019,16,249
01/02/2019,17,303
01/02/2019,18,153
01/02/2019,19,78
01/02/2019,20,43
01/02/2019,21,23
01/02/2019,22,35
01/02/2019,23,15
01/02/2020,0,47
01/02/2020,1,24
01/02/2020,2,15
01/02/2020,3,13
01/02/2020,4,8
01/02/2020,5,15
01/02/2020,6,29
01/02/2020,7,63
01/02/2020,8,143
01/02/2020,9,185
01/02/2020,10,251
01/02/2020,11,300
01/02/2020,12,311
01/02/2020,13,284
01/02/2020,14,271
01/02/2020,15,219
01/02/2020,16,209
01/02/2020,17,199
01/02/2020,18,169
01/02/2020,19,135
01/02/2020,20,113
01/02/2020,21,86
01/02/2020,22,62
01/02/2020,23,53
01/02/2021,0,1
01/02/2021,1,4
01/02/2021,3,2
01/02/2021,4,3
01/02/2021,5,31
01/02/2021,6,52
01/02/2021,7,95
01/02/2021,8,98
01/02/2021,9,53
01/02/2021,10,67
01/02/2021,11,90
01/02/2021,12,82
01/02/2021,13,102
01/02/2021,14,99
01/02/2021,15,152
01/02/2021,16,197
01/02/2021,17,214
01/02/2021,18,176
01/02/2021,19,99
01/02/2021,20,71
01/02/2021,21,46
01/02/2021,22,43
01/02/2021,23,20
01/02/2022,0,15
01/02/2022,1,18
01/02/2022,2,12
01/02/2022,3,12
01/02/2022,4,13
01/02/2022,5,99
01/02/2022,6,187
01/02/2022,7,417
01/02/2022,8,473
01/02/2022,9,266
01/02/2022,10,210
01/02/2022,11,285
01/02/2022,12,330
01/02/2022,13,197
01/02/2022,14,173
01/02/2022,15,245
01/02/2022,16,341
01/02/2022,17,418
01/02/2022,18,311
01/02/2022,19,263
01/02/2022,20,150
01/02/2022,21,126
01/02/2022,22,94
01/02/2022,23,30
01/03/2019,0,26
01/03/2019,1,12
01/03/2019,2,7
01/03/2019,3,8
01/03/2019,4,16
01/03/2019,5,55
01/03/2019,6,214
01/03/2019,7,467
01/03/2019,8,621
01/03/2019,9,230
01/03/2019,10,168
01/03/2019,11,183
01/03/2019,12,185
01/03/2019,13,202
01/03/2019,14,200
01/03/2019,15,296
01/03/2019,16,593
01/03/2019,17,707
01/03/2019,18,320
01/03/2019,19,189
01/03/2019,20,105
01/03/2019,21,73
01/03/2019,22,72
01/03/2019,23,40
01/03/2020,0,40
01/03/2020,1,34
01/03/2020,2,14
01/03/2020,3,17
01/03/2020,4,5
01/03/2020,5,12
01/03/2020,6,28
01/03/2020,7,55
01/03/2020,8,129
01/03/2020,9,214
01/03/2020,10,418
01/03/2020,11,567
01/03/2020,12,734
01/03/2020,13,824
01/03/2020,14,978
01/03/2020,15,1051
01/03/2020,16,841
01/03/2020,17,559
01/03/2020,18,348
01/03/2020,19,198
01/03/2020,20,158
01/03/2020,21,85
01/03/2020,22,66
01/03/2020,23,38
01/03/2021,0,11
01/03/2021,1,6
01/03/2021,2,6
01/03/2021,3,4
01/03/2021,4,9
01/03/2021,5,43
01/03/2021,6,130
01/03/2021,7,241
01/03/2021,8,250
01/03/2021,9,144
01/03/2021,10,128
01/03/2021,11,179
01/03/2021,12,196
01/03/2021,13,201
01/03/2021,14,183
01/03/2021,15,252
01/03/2021,16,348
01/03/2021,17,415
01/03/2021,18,287
01/03/2021,19,173
01/03/2021,20,118
01/03/2021,21,66
01/03/2021,22,50
01/03/2021,23,27
01/03/2022,0,41
01/03/2022,1,23
01/03/2022,2,17
01/03/2022,3,13
01/03/2022,4,20
01/03/2022,5,111
01/03/2022,6,303
01/03/2022,7,622
01/03/2022,8,707
01/03/2022,9,363
01/03/2022,10,287
01/03/2022,11,351
01/03/2022,12,451
01/03/2022,13,463
01/03/2022,14,427
01/03/2022,15,603
01/03/2022,16,868
01/03/2022,17,1099
01/03/2022,18,714
01/03/2022,19,459
01/03/2022,20,296
01/03/2022,21,235
01/03/2022,22,168
01/03/2022,23,86
01/04/2020,0,11
01/04/2020,1,2
01/04/2020,2,2
01/04/2020,3,4
01/04/2020,4,4
01/04/2020,5,19
01/04/2020,6,73
01/04/2020,7,89
01/04/2020,8,116
01/04/2020,9,66
01/04/2020,10,77
01/04/2020,11,108
01/04/2020,12,140
01/04/2020,13,133
01/04/2020,14,161
01/04/2020,15,213
01/04/2020,16,254
01/04/2020,17,335
01/04/2020,18,249
01/04/2020,19,120
01/04/2020,20,63
01/04/2020,21,24
01/04/2020,22,14
01/04/2020,23,17
01/04/2021,0,42
01/04/2021,1,14
01/04/2021,2,9
01/04/2021,3,1
01/04/2021,4,13
01/04/2021,5,61
01/04/2021,6,167
01/04/2021,7,273
01/04/2021,8,315
01/04/2021,9,245
01/04/2021,10,235
01/04/2021,11,256
01/04/2021,12,356
01/04/2021,13,318
01/04/2021,14,312
01/04/2021,15,403
01/04/2021,16,481
01/04/2021,17,622
01/04/2021,18,532
01/04/2021,19,396
01/04/2021,20,248
01/04/2021,21,125
01/04/2021,22,127
01/04/2021,23,84
01/04/2022,0,69
01/04/2022,1,38
01/04/2022,2,25
01/04/2022,3,22
01/04/2022,4,23
01/04/2022,5,103
01/04/2022,6,245
01/04/2022,7,482
01/04/2022,8,578
01/04/2022,9,439
01/04/2022,10,362
01/04/2022,11,520
01/04/2022,12,570
01/04/2022,13,712
01/04/2022,14,736
01/04/2022,15,833
01/04/2022,16,1006
01/04/2022,17,1177
01/04/2022,18,956
01/04/2022,19,602
01/04/2022,20,415
01/04/2022,21,301
01/04/2022,22,227
01/04/2022,23,269
01/05/2020,0,22
01/05/2020,1,10
01/05/2020,2,8
01/05/2020,3,7
01/05/2020,4,4
01/05/2020,5,31
01/05/2020,6,100
01/05/2020,7,135
01/05/2020,8,169
01/05/2020,9,151
01/05/2020,10,183
01/05/2020,11,232
01/05/2020,12,383
01/05/2020,13,391
01/05/2020,14,446
01/05/2020,15,461
01/05/2020,16,455
01/05/2020,17,512
01/05/2020,18,436
01/05/2020,19,262
01/05/2020,20,162
01/05/2020,21,70
01/05/2020,22,79
01/05/2020,23,42
01/05/2021,0,255
01/05/2021,1,252
01/05/2021,2,90
01/05/2021,3,53
01/05/2021,4,50
01/05/2021,5,58
01/05/2021,6,111
01/05/2021,7,218
01/05/2021,8,453
01/05/2021,9,769
01/05/2021,10,1173
01/05/2021,11,1455
01/05/2021,12,1718
01/05/2021,13,1920
01/05/2021,14,2259
01/05/2021,15,2142
01/05/2021,16,2098
01/05/2021,17,1973
01/05/2021,18,1790
01/05/2021,19,1512
01/05/2021,20,1139
01/05/2021,21,1074
01/05/2021,22,981
01/05/2021,23,858
01/05/2022,0,356
01/05/2022,1,245
01/05/2022,2,253
01/05/2022,3,107
01/05/2022,4,63
01/05/2022,5,79
01/05/2022,6,118
01/05/2022,7,214
01/05/2022,8,338
01/05/2022,9,551
01/05/2022,10,848
01/05/2022,11,1002
01/05/2022,12,1046
01/05/2022,13,1068
01/05/2022,14,957
01/05/2022,15,875
01/05/2022,16,911
01/05/2022,17,826
01/05/2022,18,715
01/05/2022,19,639
01/05/2022,20,432
01/05/2022,21,357
01/05/2022,22,229
01/05/2022,23,167
01/06/2021,0,161
01/06/2021,1,69
01/06/2021,2,25
01/06/2021,3,28
01/06/2021,4,35
01/06/2021,5,162
01/06/2021,6,443
01/06/2021,7,806
01/06/2021,8,933
01/06/2021,9,669
01/06/2021,10,633
01/06/2021,11,785
01/06/2021,12,988
01/06/2021,13,995
01/06/2021,14,1075
01/06/2021,15,1198
01/06/2021,16,1721
01/06/2021,17,2451
01/06/2021,18,2134
01/06/2021,19,1490
01/06/2021,20,1002
01/06/2021,21,702
01/06/2021,22,694
01/06/2021,23,311
01/06/2022,0,219
01/06/2022,1,97
01/06/2022,2,12
01/06/2022,3,26
01/06/2022,4,48
01/06/2022,5,190
01/06/2022,6,539
01/06/2022,7,999
01/06/2022,8,982
01/06/2022,9,731
01/06/2022,10,667
01/06/2022,11,827
01/06/2022,12,962
01/06/2022,13,969
01/06/2022,14,1076
01/06/2022,15,1332
01/06/2022,16,1915
01/06/2022,17,2799
01/06/2022,18,2464
01/06/2022,19,1829
01/06/2022,20,1319
01/06/2022,21,905
01/06/2022,22,985
01/06/2022,23,600
01/07/2019,0,87
01/07/2019,1,58
01/07/2019,2,31
01/07/2019,3,20
01/07/2019,4,29
01/07/2019,5,191
01/07/2019,6,600
01/07/2019,7,1291
01/07/2019,8,1522
01/07/2019,9,689
01/07/2019,10,537
01/07/2019,11,706
01/07/2019,12,785
01/07/2019,13,788
01/07/2019,14,837
01/07/2019,15,1067
01/07/2019,16,1826
01/07/2019,17,2699
01/07/2019,18,1883
01/07/2019,19,1440
01/07/2019,20,982
01/07/2019,21,687
01/07/2019,22,346
01/07/2019,23,180
01/07/2020,0,141
01/07/2020,1,96
01/07/2020,2,72
01/07/2020,3,27
01/07/2020,4,49
01/07/2020,5,122
01/07/2020,6,413
01/07/2020,7,620
01/07/2020,8,639
01/07/2020,9,539
01/07/2020,10,603
01/07/2020,11,681
01/07/2020,12,810
01/07/2020,13,818
01/07/2020,14,860
01/07/2020,15,911
01/07/2020,16,1300
01/07/2020,17,1759
01/07/2020,18,1620
01/07/2020,19,1384
01/07/2020,20,1008
01/07/2020,21,650
01/07/2020,22,424
01/07/2020,23,281
01/07/2021,0,280
01/07/2021,1,156
01/07/2021,2,81
01/07/2021,3,47
01/07/2021,4,55
01/07/2021,5,218
01/07/2021,6,556
01/07/2021,7,947
01/07/2021,8,1083
01/07/2021,9,780
01/07/2021,10,747
01/07/2021,11,1039
01/07/2021,12,1199
01/07/2021,13,1209
01/07/2021,14,1210
01/07/2021,15,1473
01/07/2021,16,2012
01/07/2021,17,2902
01/07/2021,18,2717
01/07/2021,19,2139
01/07/2021,20,1479
01/07/2021,21,1011
01/07/2021,22,881
01/07/2021,23,529
01/07/2022,0,399
01/07/2022,1,237
01/07/2022,2,131
01/07/2022,3,81
01/07/2022,4,76
01/07/2022,5,205
01/07/2022,6,542
01/07/2022,7,823
01/07/2022,8,955
01/07/2022,9,905
01/07/2022,10,898
01/07/2022,11,1261
01/07/2022,12,1511
01/07/2022,13,1388
01/07/2022,14,1351
01/07/2022,15,1603
01/07/2022,16,2031
01/07/2022,17,2045
01/07/2022,18,1875
01/07/2022,19,1623
01/07/2022,20,1329
01/07/2022,21,1025
01/07/2022,22,833
01/07/2022,23,723
01/08/2019,0,132
01/08/2019,1,70
01/08/2019,2,24
01/08/2019,3,21
01/08/2019,4,32
01/08/2019,5,202
01/08/2019,6,697
01/08/2019,7,1462
01/08/2019,8,1736
01/08/2019,9,786
01/08/2019,10,665
01/08/2019,11,786
01/08/2019,12,824
01/08/2019,13,874
01/08/2019,14,956
01/08/2019,15,1085
01/08/2019,16,1935
01/08/2019,17,2831
01/08/2019,18,1930
01/08/2019,19,1310
01/08/2019,20,1004
01/08/2019,21,768
01/08/2019,22,539
01/08/2019,23,288
01/08/2020,0,584
01/08/2020,1,432
01/08/2020,2,247
01/08/2020,3,120
01/08/2020,4,101
01/08/2020,5,108
01/08/2020,6,209
01/08/2020,7,374
01/08/2020,8,591
01/08/2020,9,986
01/08/2020,10,1167
01/08/2020,11,1758
01/08/2020,12,1875
01/08/2020,13,2231
01/08/2020,14,2219
01/08/2020,15,2093
01/08/2020,16,2045
01/08/2020,17,1593
01/08/2020,18,1195
01/08/2020,19,1137
01/08/2020,20,966
01/08/2020,21,754
01/08/2020,22,323
01/08/2020,23,148
01/08/2021,0,961
01/08/2021,1,850
01/08/2021,2,582
01/08/2021,3,315
01/08/2021,4,167
01/08/2021,5,127
01/08/2021,6,208
01/08/2021,7,280
01/08/2021,8,562
01/08/2021,9,925
01/08/2021,10,1494
01/08/2021,11,1937
01/08/2021,12,2232
01/08/2021,13,2411
01/08/2021,14,2521
01/08/2021,15,2484
01/08/2021,16,2342
01/08/2021,17,2067
01/08/2021,18,1857
01/08/2021,19,1591
01/08/2021,20,1291
01/08/2021,21,1085
01/08/2021,22,1125
01/08/2021,23,644
01/08/2022,0,215
01/08/2022,1,160
01/08/2022,2,110
01/08/2022,3,94
01/08/2022,4,84
01/08/2022,5,182
01/08/2022,6,552
01/08/2022,7,1022
01/08/2022,8,1248
01/08/2022,9,832
01/08/2022,10,848
01/08/2022,11,1022
01/08/2022,12,1195
01/08/2022,13,1231
01/08/2022,14,1343
01/08/2022,15,1535
01/08/2022,16,2064
01/08/2022,17,2637
01/08/2022,18,2288
01/08/2022,19,1901
01/08/2022,20,1454
01/08/2022,21,1000
01/08/2022,22,629
01/08/2022,23,352
01/09/2019,0,65
01/09/2019,1,33
01/09/2019,2,27
01/09/2019,3,17
01/09/2019,4,7
01/09/2019,5,13
01/09/2019,6,53
01/09/2019,7,148
01/09/2019,8,327
01/09/2019,9,597
01/09/2019,10,1026
01/09/2019,11,1272
01/09/2019,12,1576
01/09/2019,13,1631
01/09/2019,14,1658
01/09/2019,15,1522
01/09/2019,16,1527
01/09/2019,17,1393
01/09/2019,18,1200
01/09/2019,19,935
01/09/2019,20,576
01/09/2019,21,472
01/09/2019,22,372
01/09/2019,23,304
01/09/2020,0,78
01/09/2020,1,40
01/09/2020,2,23
01/09/2020,3,17
01/09/2020,4,36
01/09/2020,5,133
01/09/2020,6,508
01/09/2020,7,788
01/09/2020,8,798
01/09/2020,9,603
01/09/2020,10,546
01/09/2020,11,675
01/09/2020,12,858
01/09/2020,13,341
01/09/2020,14,205
01/09/2020,15,425
01/09/2020,16,678
01/09/2020,17,1079
01/09/2020,18,822
01/09/2020,19,787
01/09/2020,20,457
01/09/2020,21,348
01/09/2020,22,261
01/09/2020,23,202
01/09/2021,0,180
01/09/2021,1,90
01/09/2021,2,60
01/09/2021,3,38
01/09/2021,4,48
01/09/2021,5,230
01/09/2021,6,715
01/09/2021,7,1314
01/09/2021,8,1371
01/09/2021,9,931
01/09/2021,10,809
01/09/2021,11,1015
01/09/2021,12,1216
01/09/2021,13,1117
01/09/2021,14,1085
01/09/2021,15,1462
01/09/2021,16,2065
01/09/2021,17,3031
01/09/2021,18,2644
01/09/2021,19,1985
01/09/2021,20,1334
01/09/2021,21,1085
01/09/2021,22,780
01/09/2021,23,420
01/09/2022,0,219
01/09/2022,1,125
01/09/2022,2,85
01/09/2022,3,53
01/09/2022,4,64
01/09/2022,5,218
01/09/2022,6,662
01/09/2022,7,1255
01/09/2022,8,1464
01/09/2022,9,949
01/09/2022,10,880
01/09/2022,11,1022
01/09/2022,12,1292
01/09/2022,13,1270
01/09/2022,14,1221
01/09/2022,15,1660
01/09/2022,16,2243
01/09/2022,17,2724
01/09/2022,18,2452
01/09/2022,19,1963
01/09/2022,20,1302
01/09/2022,21,1026
01/09/2022,22,880
01/09/2022,23,567
01/10/2019,0,66
01/10/2019,1,37
01/10/2019,2,28
01/10/2019,3,17
01/10/2019,4,48
01/10/2019,5,219
01/10/2019,6,682
01/10/2019,7,1609
01/10/2019,8,1904
01/10/2019,9,700
01/10/2019,10,513
01/10/2019,11,583
01/10/2019,12,737
01/10/2019,13,704
01/10/2019,14,670
01/10/2019,15,931
01/10/2019,16,1865
01/10/2019,17,2667
01/10/2019,18,1829
01/10/2019,19,1039
01/10/2019,20,630
01/10/2019,21,459
01/10/2019,22,305
01/10/2019,23,183
01/10/2020,0,93
01/10/2020,1,29
01/10/2020,2,16
01/10/2020,3,8
01/10/2020,4,21
01/10/2020,5,115
01/10/2020,6,386
01/10/2020,7,736
01/10/2020,8,768
01/10/2020,9,592
01/10/2020,10,547
01/10/2020,11,588
01/10/2020,12,662
01/10/2020,13,610
01/10/2020,14,662
01/10/2020,15,589
01/10/2020,16,911
01/10/2020,17,864
01/10/2020,18,1016
01/10/2020,19,723
01/10/2020,20,449
01/10/2020,21,336
01/10/2020,22,284
01/10/2020,23,238
01/10/2021,0,254
01/10/2021,1,206
01/10/2021,2,97
01/10/2021,3,52
01/10/2021,4,67
01/10/2021,5,197
01/10/2021,6,579
01/10/2021,7,1108
01/10/2021,8,1228
01/10/2021,9,905
01/10/2021,10,903
01/10/2021,11,1174
01/10/2021,12,1410
01/10/2021,13,1598
01/10/2021,14,1603
01/10/2021,15,1950
01/10/2021,16,2496
01/10/2021,17,2926
01/10/2021,18,2601
01/10/2021,19,1673
01/10/2021,20,1200
01/10/2021,21,1105
01/10/2021,22,1025
01/10/2021,23,813
01/10/2022,0,540
01/10/2022,1,418
01/10/2022,2,251
01/10/2022,3,154
01/10/2022,4,66
01/10/2022,5,103
01/10/2022,6,235
01/10/2022,7,394
01/10/2022,8,661
01/10/2022,9,1026
01/10/2022,10,1507
01/10/2022,11,1823
01/10/2022,12,2044
01/10/2022,13,2037
01/10/2022,14,2105
01/10/2022,15,2046
01/10/2022,16,2032
01/10/2022,17,1889
01/10/2022,18,1703
01/10/2022,19,1231
01/10/2022,20,902
01/10/2022,21,717
01/10/2022,22,797
01/10/2022,23,689
01/11/2019,0,35
01/11/2019,1,12
01/11/2019,2,10
01/11/2019,3,10
01/11/2019,4,15
01/11/2019,5,78
01/11/2019,6,207
01/11/2019,7,501
01/11/2019,8,719
01/11/2019,9,321
01/11/2019,10,189
01/11/2019,11,254
01/11/2019,12,305
01/11/2019,13,306
01/11/2019,14,345
01/11/2019,15,538
01/11/2019,16,958
01/11/2019,17,1103
01/11/2019,18,593
01/11/2019,19,308
01/11/2019,20,205
01/11/2019,21,136
01/11/2019,22,74
01/11/2019,23,90
01/11/2020,0,185
01/11/2020,1,261
01/11/2020,2,67
01/11/2020,3,26
01/11/2020,4,15
01/11/2020,5,27
01/11/2020,6,58
01/11/2020,7,128
01/11/2020,8,186
01/11/2020,9,265
01/11/2020,10,326
01/11/2020,11,489
01/11/2020,12,502
01/11/2020,13,547
01/11/2020,14,552
01/11/2020,15,597
01/11/2020,16,502
01/11/2020,17,387
01/11/2020,18,253
01/11/2020,19,227
01/11/2020,20,153
01/11/2020,21,110
01/11/2020,22,68
01/11/2020,23,42
01/11/2021,0,133
01/11/2021,1,87
01/11/2021,2,59
01/11/2021,3,45
01/11/2021,4,63
01/11/2021,5,165
01/11/2021,6,421
01/11/2021,7,836
01/11/2021,8,950
01/11/2021,9,605
01/11/2021,10,542
01/11/2021,11,691
01/11/2021,12,762
01/11/2021,13,769
01/11/2021,14,765
01/11/2021,15,947
01/11/2021,16,1279
01/11/2021,17,1733
01/11/2021,18,1279
01/11/2021,19,837
01/11/2021,20,550
01/11/2021,21,464
01/11/2021,22,302
01/11/2021,23,163
01/11/2022,0,141
01/11/2022,1,97
01/11/2022,2,54
01/11/2022,3,32
01/11/2022,4,43
01/11/2022,5,194
01/11/2022,6,555
01/11/2022,7,1061
01/11/2022,8,1328
01/11/2022,9,789
01/11/2022,10,609
01/11/2022,11,686
01/11/2022,12,927
01/11/2022,13,965
01/11/2022,14,945
01/11/2022,15,1353
01/11/2022,16,1930
01/11/2022,17,2559
01/11/2022,18,1754
01/11/2022,19,1212
01/11/2022,20,777
01/11/2022,21,630
01/11/2022,22,457
01/11/2022,23,232
01/12/2019,0,27
01/12/2019,1,21
01/12/2019,2,11
01/12/2019,3,15
01/12/2019,4,7
01/12/2019,5,11
01/12/2019,6,20
01/12/2019,7,49
01/12/2019,8,77
01/12/2019,9,149
01/12/2019,10,197
01/12/2019,11,278
01/12/2019,12,182
01/12/2019,13,86
01/12/2019,14,101
01/12/2019,15,91
01/12/2019,16,104
01/12/2019,17,123
01/12/2019,18,109
01/12/2019,19,69
01/12/2019,20,59
01/12/2019,21,44
01/12/2019,22,39
01/12/2019,23,18
01/12/2020,0,21
01/12/2020,1,11
01/12/2020,2,4
01/12/2020,3,7
01/12/2020,4,10
01/12/2020,5,51
01/12/2020,6,153
01/12/2020,7,285
01/12/2020,8,297
01/12/2020,9,177
01/12/2020,10,155
01/12/2020,11,226
01/12/2020,12,245
01/12/2020,13,235
01/12/2020,14,304
01/12/2020,15,331
01/12/2020,16,448
01/12/2020,17,510
01/12/2020,18,391
01/12/2020,19,270
01/12/2020,20,171
01/12/2020,21,103
01/12/2020,22,70
01/12/2020,23,34
01/12/2021,0,80
01/12/2021,1,33
01/12/2021,2,25
01/12/2021,3,25
01/12/2021,4,36
01/12/2021,5,157
01/12/2021,6,373
01/12/2021,7,779
01/12/2021,8,945
01/12/2021,9,573
01/12/2021,10,449
01/12/2021,11,561
01/12/2021,12,624
01/12/2021,13,624
01/12/2021,14,678
01/12/2021,15,840
01/12/2021,16,1088
01/12/2021,17,1387
01/12/2021,18,1074
01/12/2021,19,719
01/12/2021,20,546
01/12/2021,21,389
01/12/2021,22,316
01/12/2021,23,208
01/12/2022,0,56
01/12/2022,1,27
01/12/2022,2,14
01/12/2022,3,18
01/12/2022,4,18
01/12/2022,5,69
01/12/2022,6,312
01/12/2022,7,587
01/12/2022,8,674
01/12/2022,9,398
01/12/2022,10,285
01/12/2022,11,330
01/12/2022,12,478
01/12/2022,13,434
01/12/2022,14,431
01/12/2022,15,596
01/12/2022,16,815
01/12/2022,17,928
01/12/2022,18,655
01/12/2022,19,469
01/12/2022,20,260
01/12/2022,21,249
01/12/2022,22,233
01/12/2022,23,152
02/01/2019,0,12
02/01/2019,1,10
02/01/2019,2,7
02/01/2019,3,2
02/01/2019,4,16
02/01/2019,5,58
02/01/2019,6,228
02/01/2019,7,432
02/01/2019,8,568
02/01/2019,9,241
02/01/2019,10,112
02/01/2019,11,132
02/01/2019,12,144
02/01/2019,13,139
02/01/2019,14,140
02/01/2019,15,212
02/01/2019,16,419
02/01/2019,17,521
02/01/2019,18,356
02/01/2019,19,206
02/01/2019,20,97
02/01/2019,21,53
02/01/2019,22,36
02/01/2019,23,29
02/01/2020,0,11
02/01/2020,1,7
02/01/2020,2,4
02/01/2020,3,2
02/01/2020,4,13
02/01/2020,5,71
02/01/2020,6,215
02/01/2020,7,481
02/01/2020,8,628
02/01/2020,9,285
02/01/2020,10,164
02/01/2020,11,234
02/01/2020,12,353
02/01/2020,13,344
02/01/2020,14,355
02/01/2020,15,378
02/01/2020,16,758
02/01/2020,17,916
02/01/2020,18,534
02/01/2020,19,305
02/01/2020,20,173
02/01/2020,21,138
02/01/2020,22,75
02/01/2020,23,35
02/01/2021,0,6
02/01/2021,1,4
02/01/2021,2,6
02/01/2021,4,3
02/01/2021,5,7
02/01/2021,6,30
02/01/2021,7,44
02/01/2021,8,61
02/01/2021,9,74
02/01/2021,10,127
02/01/2021,11,179
02/01/2021,12,211
02/01/2021,13,261
02/01/2021,14,207
02/01/2021,15,196
02/01/2021,16,220
02/01/2021,17,164
02/01/2021,18,136
02/01/2021,19,110
02/01/2021,20,80
02/01/2021,21,44
02/01/2021,22,45
02/01/2021,23,60
02/01/2022,0,19
02/01/2022,1,18
02/01/2022,2,13
02/01/2022,3,13
02/01/2022,4,3
02/01/2022,5,8
02/01/2022,6,19
02/01/2022,7,20
02/01/2022,8,52
02/01/2022,9,79
02/01/2022,10,114
02/01/2022,11,165
02/01/2022,12,145
02/01/2022,13,171
02/01/2022,14,177
02/01/2022,15,238
02/01/2022,16,194
02/01/2022,17,150
02/01/2022,18,116
02/01/2022,19,108
02/01/2022,20,79
02/01/2022,21,64
02/01/2022,22,58
02/01/2022,23,39
02/02/2019,0,12
02/02/2019,1,8
02/02/2019,2,6
02/02/2019,3,3
02/02/2019,4,2
02/02/2019,5,5
02/02/2019,6,15
02/02/2019,7,31
02/02/2019,8,53
02/02/2019,9,100
02/02/2019,10,107
02/02/2019,11,154
02/02/2019,12,155
02/02/2019,13,178
02/02/2019,14,192
02/02/2019,15,182
02/02/2019,16,192
02/02/2019,17,151
02/02/2019,18,88
02/02/2019,19,82
02/02/2019,20,52
02/02/2019,21,55
02/02/2019,22,41
02/02/2019,23,41
02/02/2020,0,49
02/02/2020,1,33
02/02/2020,2,23
02/02/2020,3,5
02/02/2020,4,5
02/02/2020,5,13
02/02/2020,6,26
02/02/2020,7,51
02/02/2020,8,142
02/02/2020,9,217
02/02/2020,10,329
02/02/2020,11,484
02/02/2020,12,614
02/02/2020,13,609
02/02/2020,14,610
02/02/2020,15,568
02/02/2020,16,573
02/02/2020,17,383
02/02/2020,18,113
02/02/2020,19,125
02/02/2020,20,77
02/02/2020,21,227
02/02/2020,22,84
02/02/2020,23,57
02/02/2021,0,8
02/02/2021,1,4
02/02/2021,2,3
02/02/2021,3,9
02/02/2021,4,7
02/02/2021,5,39
02/02/2021,6,86
02/02/2021,7,136
02/02/2021,8,135
02/02/2021,9,101
02/02/2021,10,101
02/02/2021,11,106
02/02/2021,12,136
02/02/2021,13,126
02/02/2021,14,120
02/02/2021,15,152
02/02/2021,16,206
02/02/2021,17,263
02/02/2021,18,235
02/02/2021,19,133
02/02/2021,20,96
02/02/2021,21,53
02/02/2021,22,37
02/02/2021,23,25
02/02/2022,0,9
02/02/2022,1,6
02/02/2022,2,3
02/02/2022,3,4
02/02/2022,4,7
02/02/2022,5,22
02/02/2022,6,33
02/02/2022,7,23
02/02/2022,8,27
02/02/2022,9,19
02/02/2022,10,22
02/02/2022,11,22
02/02/2022,12,21
02/02/2022,13,42
02/02/2022,14,35
02/02/2022,15,23
02/02/2022,16,50
02/02/2022,17,74
02/02/2022,18,74
02/02/2022,19,52
02/02/2022,20,52
02/02/2022,21,37
02/02/2022,22,30
02/02/2022,23,16
02/03/2019,0,28
02/03/2019,1,16
02/03/2019,2,17
02/03/2019,3,10
02/03/2019,4,7
02/03/2019,5,8
02/03/2019,6,23
02/03/2019,7,57
02/03/2019,8,113
02/03/2019,9,166
02/03/2019,10,172
02/03/2019,11,223
02/03/2019,12,192
02/03/2019,13,229
02/03/2019,14,198
02/03/2019,15,195
02/03/2019,16,198
02/03/2019,17,153
02/03/2019,18,118
02/03/2019,19,106
02/03/2019,20,65
02/03/2019,21,62
02/03/2019,22,49
02/03/2019,23,38
02/03/2020,0,23
02/03/2020,1,8
02/03/2020,2,8
02/03/2020,3,5
02/03/2020,4,22
02/03/2020,5,114
02/03/2020,6,313
02/03/2020,7,781
02/03/2020,8,996
02/03/2020,9,414
02/03/2020,10,291
02/03/2020,11,327
02/03/2020,12,358
02/03/2020,13,348
02/03/2020,14,340
02/03/2020,15,477
02/03/2020,16,892
02/03/2020,17,1170
02/03/2020,18,648
02/03/2020,19,326
02/03/2020,20,226
02/03/2020,21,134
02/03/2020,22,75
02/03/2020,23,39
02/03/2021,0,14
02/03/2021,1,4
02/03/2021,2,4
02/03/2021,3,10
02/03/2021,4,8
02/03/2021,5,42
02/03/2021,6,146
02/03/2021,7,219
02/03/2021,8,248
02/03/2021,9,163
02/03/2021,10,138
02/03/2021,11,182
02/03/2021,12,243
02/03/2021,13,251
02/03/2021,14,231
02/03/2021,15,306
02/03/2021,16,402
02/03/2021,17,506
02/03/2021,18,392
02/03/2021,19,228
02/03/2021,20,156
02/03/2021,21,85
02/03/2021,22,67
02/03/2021,23,40
02/03/2022,0,44
02/03/2022,1,19
02/03/2022,2,10
02/03/2022,3,11
02/03/2022,4,17
02/03/2022,5,112
02/03/2022,6,268
02/03/2022,7,620
02/03/2022,8,740
02/03/2022,9,390
02/03/2022,10,319
02/03/2022,11,373
02/03/2022,12,511
02/03/2022,13,531
02/03/2022,14,563
02/03/2022,15,743
02/03/2022,16,1031
02/03/2022,17,1311
02/03/2022,18,798
02/03/2022,19,483
02/03/2022,20,309
02/03/2022,21,193
02/03/2022,22,173
02/03/2022,23,77
02/04/2020,0,5
02/04/2020,1,1
02/04/2020,2,2
02/04/2020,3,3
02/04/2020,4,7
02/04/2020,5,16
02/04/2020,6,70
02/04/2020,7,96
02/04/2020,8,110
02/04/2020,9,83
02/04/2020,10,101
02/04/2020,11,137
02/04/2020,12,168
02/04/2020,13,174
02/04/2020,14,202
02/04/2020,15,231
02/04/2020,16,314
02/04/2020,17,339
02/04/2020,18,266
02/04/2020,19,154
02/04/2020,20,63
02/04/2020,21,28
02/04/2020,22,24
02/04/2020,23,14
02/04/2021,0,61
02/04/2021,1,34
02/04/2021,2,12
02/04/2021,3,12
02/04/2021,4,17
02/04/2021,5,60
02/04/2021,6,149
02/04/2021,7,266
02/04/2021,8,285
02/04/2021,9,290
02/04/2021,10,396
02/04/2021,11,527
02/04/2021,12,597
02/04/2021,13,703
02/04/2021,14,760
02/04/2021,15,832
02/04/2021,16,915
02/04/2021,17,1050
02/04/2021,18,903
02/04/2021,19,553
02/04/2021,20,315
02/04/2021,21,196
02/04/2021,22,195
02/04/2021,23,185
02/04/2022,0,228
02/04/2022,1,175
02/04/2022,2,113
02/04/2022,3,74
02/04/2022,4,36
02/04/2022,5,25
02/04/2022,6,82
02/04/2022,7,198
02/04/2022,8,240
02/04/2022,9,442
02/04/2022,10,496
02/04/2022,11,620
02/04/2022,12,567
02/04/2022,13,344
02/04/2022,14,197
02/04/2022,15,190
02/04/2022,16,194
02/04/2022,17,207
02/04/2022,18,260
02/04/2022,19,343
02/04/2022,20,213
02/04/2022,21,192
02/04/2022,22,329
02/04/2022,23,236
02/05/2020,0,39
02/05/2020,1,31
02/05/2020,2,19
02/05/2020,3,10
02/05/2020,4,8
02/05/2020,5,19
02/05/2020,6,48
02/05/2020,7,89
02/05/2020,8,163
02/05/2020,9,259
02/05/2020,10,540
02/05/2020,11,904
02/05/2020,12,1266
02/05/2020,13,1462
02/05/2020,14,1536
02/05/2020,15,1511
02/05/2020,16,1057
02/05/2020,17,829
02/05/2020,18,744
02/05/2020,19,551
02/05/2020,20,292
02/05/2020,21,178
02/05/2020,22,139
02/05/2020,23,117
02/05/2021,0,746
02/05/2021,1,509
02/05/2021,2,167
02/05/2021,3,100
02/05/2021,4,56
02/05/2021,5,72
02/05/2021,6,123
02/05/2021,7,195
02/05/2021,8,454
02/05/2021,9,795
02/05/2021,10,1245
02/05/2021,11,1683
02/05/2021,12,2130
02/05/2021,13,2319
02/05/2021,14,2380
02/05/2021,15,2295
02/05/2021,16,2170
02/05/2021,17,2093
02/05/2021,18,1819
02/05/2021,19,1301
02/05/2021,20,973
02/05/2021,21,575
02/05/2021,22,347
02/05/2021,23,252
02/05/2022,0,90
02/05/2022,1,59
02/05/2022,2,39
02/05/2022,3,27
02/05/2022,4,37
02/05/2022,5,136
02/05/2022,6,410
02/05/2022,7,822
02/05/2022,8,895
02/05/2022,9,566
02/05/2022,10,458
02/05/2022,11,544
02/05/2022,12,649
02/05/2022,13,713
02/05/2022,14,670
02/05/2022,15,927
02/05/2022,16,1327
02/05/2022,17,1708
02/05/2022,18,1307
02/05/2022,19,902
02/05/2022,20,606
02/05/2022,21,453
02/05/2022,22,264
02/05/2022,23,141
02/06/2021,0,179
02/06/2021,1,84
02/06/2021,2,52
02/06/2021,3,32
02/06/2021,4,44
02/06/2021,5,183
02/06/2021,6,474
02/06/2021,7,910
02/06/2021,8,971
02/06/2021,9,667
02/06/2021,10,676
02/06/2021,11,807
02/06/2021,12,1001
02/06/2021,13,877
02/06/2021,14,1035
02/06/2021,15,1055
02/06/2021,16,1652
02/06/2021,17,2462
02/06/2021,18,2252
02/06/2021,19,1830
02/06/2021,20,1262
02/06/2021,21,855
02/06/2021,22,556
02/06/2021,23,354
02/06/2022,0,303
02/06/2022,1,113
02/06/2022,2,49
02/06/2022,3,27
02/06/2022,4,39
02/06/2022,5,193
02/06/2022,6,529
02/06/2022,7,1147
02/06/2022,8,1326
02/06/2022,9,836
02/06/2022,10,774
02/06/2022,11,1028
02/06/2022,12,1110
02/06/2022,13,1163
02/06/2022,14,1244
02/06/2022,15,1502
02/06/2022,16,2173
02/06/2022,17,2926
02/06/2022,18,2566
02/06/2022,19,1900
02/06/2022,20,1321
02/06/2022,21,1093
02/06/2022,22,1036
02/06/2022,23,508
02/07/2019,0,89
02/07/2019,1,44
02/07/2019,2,21
02/07/2019,3,15
02/07/2019,4,33
02/07/2019,5,219
02/07/2019,6,684
02/07/2019,7,1433
02/07/2019,8,1563
02/07/2019,9,741
02/07/2019,10,572
02/07/2019,11,694
02/07/2019,12,659
02/07/2019,13,659
02/07/2019,14,618
02/07/2019,15,867
02/07/2019,16,1603
02/07/2019,17,2449
02/07/2019,18,1551
02/07/2019,19,616
02/07/2019,20,189
02/07/2019,21,193
02/07/2019,22,113
02/07/2019,23,83
02/07/2020,0,171
02/07/2020,1,95
02/07/2020,2,60
02/07/2020,3,30
02/07/2020,4,36
02/07/2020,5,129
02/07/2020,6,376
02/07/2020,7,560
02/07/2020,8,611
02/07/2020,9,551
02/07/2020,10,643
02/07/2020,11,774
02/07/2020,12,892
02/07/2020,13,893
02/07/2020,14,968
02/07/2020,15,1201
02/07/2020,16,1351
02/07/2020,17,1563
02/07/2020,18,1518
02/07/2020,19,1386
02/07/2020,20,1099
02/07/2020,21,718
02/07/2020,22,546
02/07/2020,23,389
02/07/2021,0,345
02/07/2021,1,282
02/07/2021,2,142
02/07/2021,3,82
02/07/2021,4,96
02/07/2021,5,197
02/07/2021,6,462
02/07/2021,7,781
02/07/2021,8,873
02/07/2021,9,869
02/07/2021,10,977
02/07/2021,11,1268
02/07/2021,12,1586
02/07/2021,13,1716
02/07/2021,14,1911
02/07/2021,15,2113
02/07/2021,16,2346
02/07/2021,17,2514
02/07/2021,18,2189
02/07/2021,19,1771
02/07/2021,20,1473
02/07/2021,21,1038
02/07/2021,22,838
02/07/2021,23,845
02/07/2022,0,569
02/07/2022,1,502
02/07/2022,2,261
02/07/2022,3,145
02/07/2022,4,86
02/07/2022,5,135
02/07/2022,6,262
02/07/2022,7,390
02/07/2022,8,781
02/07/2022,9,1227
02/07/2022,10,1589
02/07/2022,11,2048
02/07/2022,12,2155
02/07/2022,13,2298
02/07/2022,14,2234
02/07/2022,15,2365
02/07/2022,16,2336
02/07/2022,17,2232
02/07/2022,18,2086
02/07/2022,19,1703
02/07/2022,20,1615
02/07/2022,21,1594
02/07/2022,22,1336
02/07/2022,23,979
02/08/2019,0,120
02/08/2019,1,54
02/08/2019,2,41
02/08/2019,3,23
02/08/2019,4,40
02/08/2019,5,178
02/08/2019,6,547
02/08/2019,7,1233
02/08/2019,8,1509
02/08/2019,9,796
02/08/2019,10,793
02/08/2019,11,1025
02/08/2019,12,1237
02/08/2019,13,1275
02/08/2019,14,1248
02/08/2019,15,1583
02/08/2019,16,2255
02/08/2019,17,2329
02/08/2019,18,1538
02/08/2019,19,1289
02/08/2019,20,858
02/08/2019,21,635
02/08/2019,22,753
02/08/2019,23,418
02/08/2020,0,78
02/08/2020,1,45
02/08/2020,2,67
02/08/2020,3,41
02/08/2020,4,48
02/08/2020,5,76
02/08/2020,6,161
02/08/2020,7,258
02/08/2020,8,482
02/08/2020,9,801
02/08/2020,10,1218
02/08/2020,11,1608
02/08/2020,12,1823
02/08/2020,13,1858
02/08/2020,14,1782
02/08/2020,15,1494
02/08/2020,16,721
02/08/2020,17,418
02/08/2020,18,271
02/08/2020,19,596
02/08/2020,20,522
02/08/2020,21,376
02/08/2020,22,368
02/08/2020,23,255
02/08/2021,0,280
02/08/2021,1,228
02/08/2021,2,174
02/08/2021,3,93
02/08/2021,4,98
02/08/2021,5,187
02/08/2021,6,560
02/08/2021,7,984
02/08/2021,8,1073
02/08/2021,9,742
02/08/2021,10,781
02/08/2021,11,1060
02/08/2021,12,1220
02/08/2021,13,1286
02/08/2021,14,1272
02/08/2021,15,1451
02/08/2021,16,1915
02/08/2021,17,2544
02/08/2021,18,2289
02/08/2021,19,1854
02/08/2021,20,1403
02/08/2021,21,912
02/08/2021,22,585
02/08/2021,23,311
02/08/2022,0,228
02/08/2022,1,108
02/08/2022,2,49
02/08/2022,3,38
02/08/2022,4,62
02/08/2022,5,249
02/08/2022,6,719
02/08/2022,7,1196
02/08/2022,8,1474
02/08/2022,9,875
02/08/2022,10,837
02/08/2022,11,994
02/08/2022,12,1184
02/08/2022,13,1213
02/08/2022,14,1262
02/08/2022,15,1507
02/08/2022,16,2233
02/08/2022,17,3051
02/08/2022,18,2524
02/08/2022,19,2104
02/08/2022,20,1566
02/08/2022,21,1168
02/08/2022,22,779
02/08/2022,23,444
02/09/2019,0,155
02/09/2019,1,139
02/09/2019,2,76
02/09/2019,3,61
02/09/2019,4,34
02/09/2019,5,37
02/09/2019,6,102
02/09/2019,7,234
02/09/2019,8,460
02/09/2019,9,773
02/09/2019,10,1200
02/09/2019,11,1582
02/09/2019,12,1807
02/09/2019,13,1820
02/09/2019,14,1784
02/09/2019,15,1770
02/09/2019,16,1720
02/09/2019,17,1650
02/09/2019,18,1328
02/09/2019,19,844
02/09/2019,20,615
02/09/2019,21,395
02/09/2019,22,229
02/09/2019,23,119
02/09/2020,0,115
02/09/2020,1,26
02/09/2020,2,30
02/09/2020,3,32
02/09/2020,4,36
02/09/2020,5,137
02/09/2020,6,520
02/09/2020,7,949
02/09/2020,8,912
02/09/2020,9,706
02/09/2020,10,648
02/09/2020,11,811
02/09/2020,12,959
02/09/2020,13,979
02/09/2020,14,944
02/09/2020,15,1112
02/09/2020,16,1583
02/09/2020,17,2457
02/09/2020,18,2359
02/09/2020,19,1690
02/09/2020,20,991
02/09/2020,21,713
02/09/2020,22,556
02/09/2020,23,329
02/09/2021,0,265
02/09/2021,1,115
02/09/2021,2,56
02/09/2021,3,48
02/09/2021,4,53
02/09/2021,5,198
02/09/2021,6,656
02/09/2021,7,1146
02/09/2021,8,1269
02/09/2021,9,872
02/09/2021,10,815
02/09/2021,11,1074
02/09/2021,12,1242
02/09/2021,13,1234
02/09/2021,14,1215
02/09/2021,15,1513
02/09/2021,16,2172
02/09/2021,17,2887
02/09/2021,18,2588
02/09/2021,19,1683
02/09/2021,20,1199
02/09/2021,21,1108
02/09/2021,22,907
02/09/2021,23,666
02/09/2022,0,375
02/09/2022,1,231
02/09/2022,2,151
02/09/2022,3,65
02/09/2022,4,59
02/09/2022,5,205
02/09/2022,6,635
02/09/2022,7,981
02/09/2022,8,1120
02/09/2022,9,1001
02/09/2022,10,1093
02/09/2022,11,1359
02/09/2022,12,1683
02/09/2022,13,1821
02/09/2022,14,1900
02/09/2022,15,2271
02/09/2022,16,2384
02/09/2022,17,2445
02/09/2022,18,2091
02/09/2022,19,1592
02/09/2022,20,1113
02/09/2022,21,981
02/09/2022,22,965
02/09/2022,23,801
02/10/2019,0,58
02/10/2019,1,30
02/10/2019,2,25
02/10/2019,3,13
02/10/2019,4,37
02/10/2019,5,188
02/10/2019,6,511
02/10/2019,7,794
02/10/2019,8,857
02/10/2019,9,391
02/10/2019,10,194
02/10/2019,11,329
02/10/2019,12,372
02/10/2019,13,401
02/10/2019,14,391
02/10/2019,15,456
02/10/2019,16,1180
02/10/2019,17,1725
02/10/2019,18,637
02/10/2019,19,462
02/10/2019,20,325
02/10/2019,21,283
02/10/2019,22,185
02/10/2019,23,38
02/10/2020,0,91
02/10/2020,1,65
02/10/2020,2,24
02/10/2020,3,13
02/10/2020,4,21
02/10/2020,5,118
02/10/2020,6,350
02/10/2020,7,633
02/10/2020,8,688
02/10/2020,9,532
02/10/2020,10,509
02/10/2020,11,673
02/10/2020,12,843
02/10/2020,13,879
02/10/2020,14,933
02/10/2020,15,1212
02/10/2020,16,1418
02/10/2020,17,1741
02/10/2020,18,1521
02/10/2020,19,986
02/10/2020,20,532
02/10/2020,21,356
02/10/2020,22,389
02/10/2020,23,305
02/10/2021,0,708
02/10/2021,1,585
02/10/2021,2,375
02/10/2021,3,169
02/10/2021,4,122
02/10/2021,5,135
02/10/2021,6,250
02/10/2021,7,484
02/10/2021,8,795
02/10/2021,9,1257
02/10/2021,10,1754
02/10/2021,11,2169
02/10/2021,12,2269
02/10/2021,13,2262
02/10/2021,14,2401
02/10/2021,15,1553
02/10/2021,16,823
02/10/2021,17,913
02/10/2021,18,1140
02/10/2021,19,996
02/10/2021,20,889
02/10/2021,21,749
02/10/2021,22,988
02/10/2021,23,830
02/10/2022,0,626
02/10/2022,1,418
02/10/2022,2,290
02/10/2022,3,150
02/10/2022,4,86
02/10/2022,5,68
02/10/2022,6,173
02/10/2022,7,346
02/10/2022,8,525
02/10/2022,9,813
02/10/2022,10,1116
02/10/2022,11,1512
02/10/2022,12,1508
02/10/2022,13,1370
02/10/2022,14,1357
02/10/2022,15,1745
02/10/2022,16,1624
02/10/2022,17,1338
02/10/2022,18,1224
02/10/2022,19,778
02/10/2022,20,555
02/10/2022,21,458
02/10/2022,22,382
02/10/2022,23,228
02/11/2019,0,65
02/11/2019,1,42
02/11/2019,2,27
02/11/2019,3,30
02/11/2019,4,18
02/11/2019,5,24
02/11/2019,6,47
02/11/2019,7,119
02/11/2019,8,190
02/11/2019,9,335
02/11/2019,10,343
02/11/2019,11,452
02/11/2019,12,517
02/11/2019,13,560
02/11/2019,14,471
02/11/2019,15,408
02/11/2019,16,377
02/11/2019,17,348
02/11/2019,18,264
02/11/2019,19,183
02/11/2019,20,151
02/11/2019,21,119
02/11/2019,22,81
02/11/2019,23,100
02/11/2020,0,20
02/11/2020,1,16
02/11/2020,2,13
02/11/2020,3,5
02/11/2020,4,9
02/11/2020,5,88
02/11/2020,6,220
02/11/2020,7,489
02/11/2020,8,500
02/11/2020,9,317
02/11/2020,10,326
02/11/2020,11,457
02/11/2020,12,525
02/11/2020,13,457
02/11/2020,14,533
02/11/2020,15,617
02/11/2020,16,863
02/11/2020,17,960
02/11/2020,18,647
02/11/2020,19,423
02/11/2020,20,293
02/11/2020,21,134
02/11/2020,22,143
02/11/2020,23,61
02/11/2021,0,72
02/11/2021,1,41
02/11/2021,2,13
02/11/2021,3,13
02/11/2021,4,27
02/11/2021,5,170
02/11/2021,6,411
02/11/2021,7,909
02/11/2021,8,1094
02/11/2021,9,615
02/11/2021,10,532
02/11/2021,11,618
02/11/2021,12,782
02/11/2021,13,775
02/11/2021,14,732
02/11/2021,15,1024
02/11/2021,16,1407
02/11/2021,17,1875
02/11/2021,18,1379
02/11/2021,19,905
02/11/2021,20,572
02/11/2021,21,450
02/11/2021,22,329
02/11/2021,23,198
02/11/2022,0,124
02/11/2022,1,66
02/11/2022,2,46
02/11/2022,3,29
02/11/2022,4,37
02/11/2022,5,191
02/11/2022,6,510
02/11/2022,7,1087
02/11/2022,8,1404
02/11/2022,9,860
02/11/2022,10,712
02/11/2022,11,779
02/11/2022,12,1004
02/11/2022,13,1023
02/11/2022,14,1119
02/11/2022,15,1379
02/11/2022,16,2081
02/11/2022,17,2731
02/11/2022,18,1884
02/11/2022,19,1278
02/11/2022,20,862
02/11/2022,21,840
02/11/2022,22,551
02/11/2022,23,285
02/12/2019,0,10
02/12/2019,1,7
02/12/2019,2,3
02/12/2019,3,2
02/12/2019,4,19
02/12/2019,5,111
02/12/2019,6,279
02/12/2019,7,694
02/12/2019,8,886
02/12/2019,9,329
02/12/2019,10,175
02/12/2019,11,200
02/12/2019,12,225
02/12/2019,13,263
02/12/2019,14,222
02/12/2019,15,349
02/12/2019,16,777
02/12/2019,17,1065
02/12/2019,18,591
02/12/2019,19,309
02/12/2019,20,191
02/12/2019,21,120
02/12/2019,22,98
02/12/2019,23,39
02/12/2020,0,29
02/12/2020,1,5
02/12/2020,2,4
02/12/2020,3,11
02/12/2020,4,14
02/12/2020,5,59
02/12/2020,6,170
02/12/2020,7,272
02/12/2020,8,297
02/12/2020,9,195
02/12/2020,10,196
02/12/2020,11,292
02/12/2020,12,371
02/12/2020,13,347
02/12/2020,14,397
02/12/2020,15,460
02/12/2020,16,514
02/12/2020,17,592
02/12/2020,18,487
02/12/2020,19,300
02/12/2020,20,174
02/12/2020,21,132
02/12/2020,22,83
02/12/2020,23,54
02/12/2021,0,99
02/12/2021,1,74
02/12/2021,2,37
02/12/2021,3,23
02/12/2021,4,41
02/12/2021,5,130
02/12/2021,6,406
02/12/2021,7,846
02/12/2021,8,1061
02/12/2021,9,708
02/12/2021,10,588
02/12/2021,11,702
02/12/2021,12,860
02/12/2021,13,907
02/12/2021,14,844
02/12/2021,15,1059
02/12/2021,16,1401
02/12/2021,17,1566
02/12/2021,18,1333
02/12/2021,19,820
02/12/2021,20,566
02/12/2021,21,529
02/12/2021,22,321
02/12/2021,23,258
02/12/2022,0,63
02/12/2022,1,49
02/12/2022,2,31
02/12/2022,3,23
02/12/2022,4,15
02/12/2022,5,98
02/12/2022,6,312
02/12/2022,7,524
02/12/2022,8,590
02/12/2022,9,393
02/12/2022,10,412
02/12/2022,11,475
02/12/2022,12,618
02/12/2022,13,597
02/12/2022,14,611
02/12/2022,15,902
02/12/2022,16,931
02/12/2022,17,1050
02/12/2022,18,844
02/12/2022,19,636
02/12/2022,20,441
02/12/2022,21,303
02/12/2022,22,278
02/12/2022,23,239
03/01/2019,0,11
03/01/2019,1,6
03/01/2019,2,6
03/01/2019,3,3
03/01/2019,4,20
03/01/2019,5,75
03/01/2019,6,249
03/01/2019,7,477
03/01/2019,8,638
03/01/2019,9,250
03/01/2019,10,119
03/01/2019,11,199
03/01/2019,12,222
03/01/2019,13,222
03/01/2019,14,249
03/01/2019,15,299
03/01/2019,16,617
03/01/2019,17,875
03/01/2019,18,487
03/01/2019,19,258
03/01/2019,20,149
03/01/2019,21,90
03/01/2019,22,61
03/01/2019,23,36
03/01/2020,0,29
03/01/2020,1,10
03/01/2020,2,6
03/01/2020,3,11
03/01/2020,4,12
03/01/2020,5,74
03/01/2020,6,242
03/01/2020,7,495
03/01/2020,8,674
03/01/2020,9,274
03/01/2020,10,177
03/01/2020,11,262
03/01/2020,12,264
03/01/2020,13,294
03/01/2020,14,273
03/01/2020,15,408
03/01/2020,16,663
03/01/2020,17,764
03/01/2020,18,384
03/01/2020,19,203
03/01/2020,20,142
03/01/2020,21,106
03/01/2020,22,80
03/01/2020,23,43
03/01/2021,0,33
03/01/2021,1,17
03/01/2021,2,11
03/01/2021,3,11
03/01/2021,4,7
03/01/2021,5,8
03/01/2021,6,29
03/01/2021,7,28
03/01/2021,8,56
03/01/2021,9,108
03/01/2021,10,157
03/01/2021,11,163
03/01/2021,12,199
03/01/2021,13,241
03/01/2021,14,286
03/01/2021,15,280
03/01/2021,16,175
03/01/2021,17,136
03/01/2021,18,145
03/01/2021,19,117
03/01/2021,20,64
03/01/2021,21,47
03/01/2021,22,45
03/01/2021,23,20
03/01/2022,0,14
03/01/2022,1,10
03/01/2022,2,12
03/01/2022,3,9
03/01/2022,4,12
03/01/2022,5,59
03/01/2022,6,103
03/01/2022,7,184
03/01/2022,8,195
03/01/2022,9,110
03/01/2022,10,122
03/01/2022,11,161
03/01/2022,12,185
03/01/2022,13,192
03/01/2022,14,182
03/01/2022,15,243
03/01/2022,16,297
03/01/2022,17,365
03/01/2022,18,256
03/01/2022,19,165
03/01/2022,20,104
03/01/2022,21,74
03/01/2022,22,55
03/01/2022,23,26
03/02/2019,0,13
03/02/2019,1,20
03/02/2019,2,17
03/02/2019,3,7
03/02/2019,4,6
03/02/2019,5,6
03/02/2019,6,22
03/02/2019,7,50
03/02/2019,8,86
03/02/2019,9,126
03/02/2019,10,173
03/02/2019,11,198
03/02/2019,12,229
03/02/2019,13,231
03/02/2019,14,208
03/02/2019,15,255
03/02/2019,16,276
03/02/2019,17,210
03/02/2019,18,74
03/02/2019,19,56
03/02/2019,20,65
03/02/2019,21,168
03/02/2019,22,60
03/02/2019,23,26
03/02/2020,0,19
03/02/2020,1,9
03/02/2020,2,15
03/02/2020,3,6
03/02/2020,4,20
03/02/2020,5,106
03/02/2020,6,286
03/02/2020,7,710
03/02/2020,8,998
03/02/2020,9,352
03/02/2020,10,209
03/02/2020,11,228
03/02/2020,12,263
03/02/2020,13,256
03/02/2020,14,246
03/02/2020,15,371
03/02/2020,16,781
03/02/2020,17,1093
03/02/2020,18,589
03/02/2020,19,306
03/02/2020,20,200
03/02/2020,21,117
03/02/2020,22,64
03/02/2020,23,34
03/02/2021,0,6
03/02/2021,1,2
03/02/2021,2,1
03/02/2021,3,4
03/02/2021,4,12
03/02/2021,5,34
03/02/2021,6,98
03/02/2021,7,154
03/02/2021,8,183
03/02/2021,9,97
03/02/2021,10,109
03/02/2021,11,120
03/02/2021,12,174
03/02/2021,13,168
03/02/2021,14,179
03/02/2021,15,205
03/02/2021,16,254
03/02/2021,17,327
03/02/2021,18,242
03/02/2021,19,142
03/02/2021,20,99
03/02/2021,21,45
03/02/2021,22,36
03/02/2021,23,19
03/02/2022,0,12
03/02/2022,1,10
03/02/2022,2,8
03/02/2022,3,2
03/02/2022,4,9
03/02/2022,5,36
03/02/2022,6,53
03/02/2022,7,117
03/02/2022,8,132
03/02/2022,9,79
03/02/2022,10,59
03/02/2022,11,72
03/02/2022,12,99
03/02/2022,13,87
03/02/2022,14,85
03/02/2022,15,98
03/02/2022,16,170
03/02/2022,17,233
03/02/2022,18,182
03/02/2022,19,131
03/02/2022,20,88
03/02/2022,21,63
03/02/2022,22,46
03/02/2022,23,52
03/03/2019,0,30
03/03/2019,1,16
03/03/2019,2,17
03/03/2019,3,7
03/03/2019,4,8
03/03/2019,5,14
03/03/2019,6,11
03/03/2019,7,31
03/03/2019,8,67
03/03/2019,9,98
03/03/2019,10,120
03/03/2019,11,123
03/03/2019,12,131
03/03/2019,13,126
03/03/2019,14,146
03/03/2019,15,127
03/03/2019,16,140
03/03/2019,17,134
03/03/2019,18,86
03/03/2019,19,62
03/03/2019,20,55
03/03/2019,21,51
03/03/2019,22,32
03/03/2019,23,17
03/03/2020,0,11
03/03/2020,1,3
03/03/2020,2,5
03/03/2020,3,3
03/03/2020,4,22
03/03/2020,5,112
03/03/2020,6,348
03/03/2020,7,837
03/03/2020,8,1014
03/03/2020,9,410
03/03/2020,10,283
03/03/2020,11,299
03/03/2020,12,303
03/03/2020,13,269
03/03/2020,14,223
03/03/2020,15,407
03/03/2020,16,869
03/03/2020,17,1260
03/03/2020,18,645
03/03/2020,19,387
03/03/2020,20,223
03/03/2020,21,151
03/03/2020,22,91
03/03/2020,23,43
03/03/2021,0,22
03/03/2021,1,8
03/03/2021,2,1
03/03/2021,3,8
03/03/2021,4,13
03/03/2021,5,52
03/03/2021,6,167
03/03/2021,7,270
03/03/2021,8,301
03/03/2021,9,188
03/03/2021,10,180
03/03/2021,11,279
03/03/2021,12,403
03/03/2021,13,390
03/03/2021,14,408
03/03/2021,15,504
03/03/2021,16,634
03/03/2021,17,776
03/03/2021,18,438
03/03/2021,19,292
03/03/2021,20,159
03/03/2021,21,95
03/03/2021,22,89
03/03/2021,23,43
03/03/2022,0,30
03/03/2022,1,20
03/03/2022,2,12
03/03/2022,3,12
03/03/2022,4,21
03/03/2022,5,88
03/03/2022,6,254
03/03/2022,7,482
03/03/2022,8,621
03/03/2022,9,300
03/03/2022,10,258
03/03/2022,11,302
03/03/2022,12,379
03/03/2022,13,340
03/03/2022,14,377
03/03/2022,15,477
03/03/2022,16,668
03/03/2022,17,764
03/03/2022,18,572
03/03/2022,19,320
03/03/2022,20,240
03/03/2022,21,206
03/03/2022,22,175
03/03/2022,23,91
03/04/2020,0,5
03/04/2020,1,4
03/04/2020,2,2
03/04/2020,3,4
03/04/2020,4,2
03/04/2020,5,21
03/04/2020,6,80
03/04/2020,7,109
03/04/2020,8,128
03/04/2020,9,86
03/04/2020,10,92
03/04/2020,11,120
03/04/2020,12,224
03/04/2020,13,270
03/04/2020,14,264
03/04/2020,15,337
03/04/2020,16,457
03/04/2020,17,490
03/04/2020,18,411
03/04/2020,19,212
03/04/2020,20,100
03/04/2020,21,57
03/04/2020,22,32
03/04/2020,23,25
03/04/2021,0,162
03/04/2021,1,105
03/04/2021,2,52
03/04/2021,3,34
03/04/2021,4,13
03/04/2021,5,31
03/04/2021,6,91
03/04/2021,7,149
03/04/2021,8,268
03/04/2021,9,495
03/04/2021,10,884
03/04/2021,11,1241
03/04/2021,12,1672
03/04/2021,13,1922
03/04/2021,14,1953
03/04/2021,15,1998
03/04/2021,16,2073
03/04/2021,17,1770
03/04/2021,18,1487
03/04/2021,19,1190
03/04/2021,20,591
03/04/2021,21,506
03/04/2021,22,536
03/04/2021,23,423
03/04/2022,0,194
03/04/2022,1,120
03/04/2022,2,88
03/04/2022,3,54
03/04/2022,4,44
03/04/2022,5,39
03/04/2022,6,71
03/04/2022,7,107
03/04/2022,8,211
03/04/2022,9,383
03/04/2022,10,535
03/04/2022,11,670
03/04/2022,12,758
03/04/2022,13,754
03/04/2022,14,804
03/04/2022,15,815
03/04/2022,16,790
03/04/2022,17,742
03/04/2022,18,584
03/04/2022,19,373
03/04/2022,20,257
03/04/2022,21,235
03/04/2022,22,159
03/04/2022,23,79
03/05/2020,0,65
03/05/2020,1,40
03/05/2020,2,30
03/05/2020,3,19
03/05/2020,4,10
03/05/2020,5,20
03/05/2020,6,61
03/05/2020,7,76
03/05/2020,8,196
03/05/2020,9,309
03/05/2020,10,440
03/05/2020,11,752
03/05/2020,12,984
03/05/2020,13,1070
03/05/2020,14,967
03/05/2020,15,915
03/05/2020,16,933
03/05/2020,17,948
03/05/2020,18,752
03/05/2020,19,466
03/05/2020,20,208
03/05/2020,21,77
03/05/2020,22,58
03/05/2020,23,18
03/05/2021,0,139
03/05/2021,1,44
03/05/2021,2,8
03/05/2021,3,17
03/05/2021,4,16
03/05/2021,5,78
03/05/2021,6,203
03/05/2021,7,319
03/05/2021,8,442
03/05/2021,9,333
03/05/2021,10,413
03/05/2021,11,454
03/05/2021,12,628
03/05/2021,13,645
03/05/2021,14,656
03/05/2021,15,750
03/05/2021,16,981
03/05/2021,17,1319
03/05/2021,18,1006
03/05/2021,19,634
03/05/2021,20,239
03/05/2021,21,217
03/05/2021,22,168
03/05/2021,23,94
03/05/2022,0,92
03/05/2022,1,41
03/05/2022,2,23
03/05/2022,3,14
03/05/2022,4,25
03/05/2022,5,56
03/05/2022,6,89
03/05/2022,7,200
03/05/2022,8,127
03/05/2022,9,109
03/05/2022,10,164
03/05/2022,11,234
03/05/2022,12,387
03/05/2022,13,383
03/05/2022,14,296
03/05/2022,15,456
03/05/2022,16,584
03/05/2022,17,863
03/05/2022,18,637
03/05/2022,19,417
03/05/2022,20,230
03/05/2022,21,250
03/05/2022,22,229
03/05/2022,23,111
03/06/2020,5,1
03/06/2020,6,158
03/06/2020,7,118
03/06/2020,8,142
03/06/2020,9,199
03/06/2020,10,230
03/06/2020,11,296
03/06/2020,12,329
03/06/2020,13,367
03/06/2020,14,374
03/06/2020,15,500
03/06/2020,16,629
03/06/2020,17,996
03/06/2020,18,1025
03/06/2020,19,818
03/06/2020,20,114
03/06/2021,0,175
03/06/2021,1,103
03/06/2021,2,47
03/06/2021,3,51
03/06/2021,4,48
03/06/2021,5,176
03/06/2021,6,496
03/06/2021,7,868
03/06/2021,8,999
03/06/2021,9,686
03/06/2021,10,690
03/06/2021,11,847
03/06/2021,12,1033
03/06/2021,13,1112
03/06/2021,14,1152
03/06/2021,15,1404
03/06/2021,16,1977
03/06/2021,17,2764
03/06/2021,18,2708
03/06/2021,19,2070
03/06/2021,20,1586
03/06/2021,21,1090
03/06/2021,22,935
03/06/2021,23,559
03/06/2022,0,307
03/06/2022,1,135
03/06/2022,2,92
03/06/2022,3,35
03/06/2022,4,70
03/06/2022,5,202
03/06/2022,6,536
03/06/2022,7,897
03/06/2022,8,1024
03/06/2022,9,850
03/06/2022,10,952
03/06/2022,11,1353
03/06/2022,12,1562
03/06/2022,13,1639
03/06/2022,14,1752
03/06/2022,15,1988
03/06/2022,16,2690
03/06/2022,17,3075
03/06/2022,18,2759
03/06/2022,19,2340
03/06/2022,20,1605
03/06/2022,21,1135
03/06/2022,22,938
03/06/2022,23,950
03/07/2019,0,60
03/07/2019,1,32
03/07/2019,2,19
03/07/2019,3,16
03/07/2019,4,34
03/07/2019,5,131
03/07/2019,6,423
03/07/2019,7,1017
03/07/2019,8,1367
03/07/2019,9,706
03/07/2019,10,608
03/07/2019,11,796
03/07/2019,12,966
03/07/2019,13,1030
03/07/2019,14,1210
03/07/2019,15,1480
03/07/2019,16,1769
03/07/2019,17,1819
03/07/2019,18,1391
03/07/2019,19,1089
03/07/2019,20,812
03/07/2019,21,654
03/07/2019,22,410
03/07/2019,23,299
03/07/2020,0,262
03/07/2020,1,155
03/07/2020,2,114
03/07/2020,3,54
03/07/2020,4,37
03/07/2020,5,87
03/07/2020,6,252
03/07/2020,7,402
03/07/2020,8,554
03/07/2020,9,829
03/07/2020,10,1037
03/07/2020,11,1377
03/07/2020,12,1452
03/07/2020,13,1524
03/07/2020,14,1617
03/07/2020,15,1703
03/07/2020,16,1547
03/07/2020,17,1574
03/07/2020,18,1395
03/07/2020,19,1223
03/07/2020,20,1173
03/07/2020,21,765
03/07/2020,22,614
03/07/2020,23,549
03/07/2021,0,618
03/07/2021,1,600
03/07/2021,2,526
03/07/2021,3,228
03/07/2021,4,107
03/07/2021,5,185
03/07/2021,6,244
03/07/2021,7,359
03/07/2021,8,663
03/07/2021,9,1127
03/07/2021,10,1652
03/07/2021,11,2009
03/07/2021,12,2315
03/07/2021,13,2514
03/07/2021,14,2449
03/07/2021,15,2390
03/07/2021,16,2422
03/07/2021,17,2463
03/07/2021,18,2262
03/07/2021,19,1982
03/07/2021,20,1748
03/07/2021,21,1669
03/07/2021,22,1401
03/07/2021,23,1112
03/07/2022,0,745
03/07/2022,1,467
03/07/2022,2,363
03/07/2022,3,171
03/07/2022,4,104
03/07/2022,5,109
03/07/2022,6,212
03/07/2022,7,343
03/07/2022,8,532
03/07/2022,9,1059
03/07/2022,10,1451
03/07/2022,11,2011
03/07/2022,12,2423
03/07/2022,13,2380
03/07/2022,14,2301
03/07/2022,15,2397
03/07/2022,16,2320
03/07/2022,17,2270
03/07/2022,18,2265
03/07/2022,19,1871
03/07/2022,20,1607
03/07/2022,21,1271
03/07/2022,22,1045
03/07/2022,23,836
03/08/2019,0,241
03/08/2019,1,195
03/08/2019,2,116
03/08/2019,3,55
03/08/2019,4,25
03/08/2019,5,81
03/08/2019,6,167
03/08/2019,7,297
03/08/2019,8,648
03/08/2019,9,969
03/08/2019,10,1460
03/08/2019,11,1793
03/08/2019,12,1985
03/08/2019,13,1909
03/08/2019,14,2061
03/08/2019,15,1871
03/08/2019,16,1857
03/08/2019,17,1775
03/08/2019,18,1381
03/08/2019,19,1215
03/08/2019,20,981
03/08/2019,21,754
03/08/2019,22,770
03/08/2019,23,396
03/08/2020,0,133
03/08/2020,1,107
03/08/2020,2,50
03/08/2020,3,39
03/08/2020,4,30
03/08/2020,5,125
03/08/2020,6,365
03/08/2020,7,678
03/08/2020,8,640
03/08/2020,9,474
03/08/2020,10,556
03/08/2020,11,649
03/08/2020,12,774
03/08/2020,13,761
03/08/2020,14,897
03/08/2020,15,1016
03/08/2020,16,1250
03/08/2020,17,1520
03/08/2020,18,741
03/08/2020,19,788
03/08/2020,20,650
03/08/2020,21,324
03/08/2020,22,275
03/08/2020,23,197
03/08/2021,0,191
03/08/2021,1,131
03/08/2021,2,66
03/08/2021,3,33
03/08/2021,4,56
03/08/2021,5,237
03/08/2021,6,669
03/08/2021,7,1079
03/08/2021,8,1244
03/08/2021,9,850
03/08/2021,10,733
03/08/2021,11,1016
03/08/2021,12,1185
03/08/2021,13,1285
03/08/2021,14,1214
03/08/2021,15,1469
03/08/2021,16,2051
03/08/2021,17,2963
03/08/2021,18,2616
03/08/2021,19,2032
03/08/2021,20,1413
03/08/2021,21,1036
03/08/2021,22,789
03/08/2021,23,415
03/08/2022,0,233
03/08/2022,1,130
03/08/2022,2,71
03/08/2022,3,77
03/08/2022,4,60
03/08/2022,5,249
03/08/2022,6,678
03/08/2022,7,1320
03/08/2022,8,1373
03/08/2022,9,894
03/08/2022,10,731
03/08/2022,11,869
03/08/2022,12,1093
03/08/2022,13,853
03/08/2022,14,682
03/08/2022,15,1031
03/08/2022,16,1691
03/08/2022,17,2473
03/08/2022,18,2063
03/08/2022,19,1657
03/08/2022,20,1281
03/08/2022,21,1131
03/08/2022,22,850
03/08/2022,23,346
03/09/2019,0,60
03/09/2019,1,29
03/09/2019,2,22
03/09/2019,3,14
03/09/2019,4,42
03/09/2019,5,200
03/09/2019,6,471
03/09/2019,7,230
03/09/2019,8,536
03/09/2019,9,413
03/09/2019,10,351
03/09/2019,11,474
03/09/2019,12,589
03/09/2019,13,599
03/09/2019,14,577
03/09/2019,15,692
03/09/2019,16,1534
03/09/2019,17,2409
03/09/2019,18,1648
03/09/2019,19,1018
03/09/2019,20,663
03/09/2019,21,427
03/09/2019,22,336
03/09/2019,23,147
03/09/2020,0,162
03/09/2020,1,60
03/09/2020,2,45
03/09/2020,3,22
03/09/2020,4,40
03/09/2020,5,149
03/09/2020,6,519
03/09/2020,7,870
03/09/2020,8,853
03/09/2020,9,653
03/09/2020,10,727
03/09/2020,11,895
03/09/2020,12,965
03/09/2020,13,916
03/09/2020,14,889
03/09/2020,15,1077
03/09/2020,16,1435
03/09/2020,17,2316
03/09/2020,18,2194
03/09/2020,19,1647
03/09/2020,20,956
03/09/2020,21,652
03/09/2020,22,545
03/09/2020,23,443
03/09/2021,0,392
03/09/2021,1,198
03/09/2021,2,141
03/09/2021,3,86
03/09/2021,4,71
03/09/2021,5,194
03/09/2021,6,565
03/09/2021,7,932
03/09/2021,8,1091
03/09/2021,9,986
03/09/2021,10,1090
03/09/2021,11,1322
03/09/2021,12,1669
03/09/2021,13,1402
03/09/2021,14,982
03/09/2021,15,1343
03/09/2021,16,2000
03/09/2021,17,2227
03/09/2021,18,2045
03/09/2021,19,1509
03/09/2021,20,1076
03/09/2021,21,972
03/09/2021,22,809
03/09/2021,23,908
03/09/2022,0,738
03/09/2022,1,508
03/09/2022,2,310
03/09/2022,3,179
03/09/2022,4,84
03/09/2022,5,120
03/09/2022,6,246
03/09/2022,7,425
03/09/2022,8,808
03/09/2022,9,1222
03/09/2022,10,1687
03/09/2022,11,2173
03/09/2022,12,2398
03/09/2022,13,2376
03/09/2022,14,2492
03/09/2022,15,2397
03/09/2022,16,2467
03/09/2022,17,2234
03/09/2022,18,1903
03/09/2022,19,1373
03/09/2022,20,943
03/09/2022,21,966
03/09/2022,22,1318
03/09/2022,23,1238
03/10/2019,0,8
03/10/2019,1,5
03/10/2019,2,10
03/10/2019,3,13
03/10/2019,4,32
03/10/2019,5,205
03/10/2019,6,576
03/10/2019,7,1297
03/10/2019,8,1675
03/10/2019,9,635
03/10/2019,10,365
03/10/2019,11,507
03/10/2019,12,635
03/10/2019,13,692
03/10/2019,14,639
03/10/2019,15,770
03/10/2019,16,1736
03/10/2019,17,2280
03/10/2019,18,1454
03/10/2019,19,825
03/10/2019,20,474
03/10/2019,21,367
03/10/2019,22,279
03/10/2019,23,168
03/10/2020,0,243
03/10/2020,1,172
03/10/2020,2,89
03/10/2020,3,39
03/10/2020,4,40
03/10/2020,5,33
03/10/2020,6,123
03/10/2020,7,247
03/10/2020,8,458
03/10/2020,9,739
03/10/2020,10,1052
03/10/2020,11,1282
03/10/2020,12,1580
03/10/2020,13,1638
03/10/2020,14,1542
03/10/2020,15,1507
03/10/2020,16,1042
03/10/2020,17,930
03/10/2020,18,737
03/10/2020,19,465
03/10/2020,20,238
03/10/2020,21,153
03/10/2020,22,150
03/10/2020,23,135
03/10/2021,0,614
03/10/2021,1,538
03/10/2021,2,329
03/10/2021,3,191
03/10/2021,4,97
03/10/2021,5,103
03/10/2021,6,157
03/10/2021,7,319
03/10/2021,8,499
03/10/2021,9,918
03/10/2021,10,1472
03/10/2021,11,1689
03/10/2021,12,1342
03/10/2021,13,1448
03/10/2021,14,1606
03/10/2021,15,1818
03/10/2021,16,1432
03/10/2021,17,1114
03/10/2021,18,1177
03/10/2021,19,783
03/10/2021,20,639
03/10/2021,21,538
03/10/2021,22,580
03/10/2021,23,321
03/10/2022,0,167
03/10/2022,1,77
03/10/2022,2,50
03/10/2022,3,41
03/10/2022,4,42
03/10/2022,5,173
03/10/2022,6,508
03/10/2022,7,1007
03/10/2022,8,1198
03/10/2022,9,812
03/10/2022,10,688
03/10/2022,11,797
03/10/2022,12,1019
03/10/2022,13,1101
03/10/2022,14,1036
03/10/2022,15,1311
03/10/2022,16,1782
03/10/2022,17,2301
03/10/2022,18,1828
03/10/2022,19,1163
03/10/2022,20,750
03/10/2022,21,592
03/10/2022,22,402
03/10/2022,23,260
03/11/2019,0,82
03/11/2019,1,95
03/11/2019,2,21
03/11/2019,3,11
03/11/2019,4,14
03/11/2019,5,39
03/11/2019,6,120
03/11/2019,7,114
03/11/2019,8,198
03/11/2019,9,308
03/11/2019,10,352
03/11/2019,11,516
03/11/2019,12,565
03/11/2019,13,601
03/11/2019,14,555
03/11/2019,15,677
03/11/2019,16,549
03/11/2019,17,374
03/11/2019,18,288
03/11/2019,19,208
03/11/2019,20,145
03/11/2019,21,98
03/11/2019,22,90
03/11/2019,23,76
03/11/2020,0,34
03/11/2020,1,17
03/11/2020,2,16
03/11/2020,3,8
03/11/2020,4,51
03/11/2020,5,119
03/11/2020,6,311
03/11/2020,7,523
03/11/2020,8,537
03/11/2020,9,479
03/11/2020,10,491
03/11/2020,11,634
03/11/2020,12,856
03/11/2020,13,966
03/11/2020,14,978
03/11/2020,15,1102
03/11/2020,16,1337
03/11/2020,17,1252
03/11/2020,18,875
03/11/2020,19,559
03/11/2020,20,332
03/11/2020,21,193
03/11/2020,22,183
03/11/2020,23,134
03/11/2021,0,93
03/11/2021,1,49
03/11/2021,2,31
03/11/2021,3,13
03/11/2021,4,25
03/11/2021,5,161
03/11/2021,6,397
03/11/2021,7,863
03/11/2021,8,1024
03/11/2021,9,648
03/11/2021,10,521
03/11/2021,11,640
03/11/2021,12,768
03/11/2021,13,801
03/11/2021,14,814
03/11/2021,15,949
03/11/2021,16,1295
03/11/2021,17,1843
03/11/2021,18,1308
03/11/2021,19,886
03/11/2021,20,616
03/11/2021,21,456
03/11/2021,22,390
03/11/2021,23,229
03/11/2022,0,128
03/11/2022,1,98
03/11/2022,2,50
03/11/2022,3,37
03/11/2022,4,32
03/11/2022,5,164
03/11/2022,6,528
03/11/2022,7,1089
03/11/2022,8,1433
03/11/2022,9,888
03/11/2022,10,695
03/11/2022,11,862
03/11/2022,12,1098
03/11/2022,13,1146
03/11/2022,14,1210
03/11/2022,15,1472
03/11/2022,16,2060
03/11/2022,17,2733
03/11/2022,18,2067
03/11/2022,19,1347
03/11/2022,20,922
03/11/2022,21,749
03/11/2022,22,651
03/11/2022,23,407
03/12/2019,0,24
03/12/2019,1,10
03/12/2019,2,2
03/12/2019,3,4
03/12/2019,4,21
03/12/2019,5,98
03/12/2019,6,332
03/12/2019,7,732
03/12/2019,8,985
03/12/2019,9,370
03/12/2019,10,186
03/12/2019,11,209
03/12/2019,12,291
03/12/2019,13,253
03/12/2019,14,245
03/12/2019,15,352
03/12/2019,16,807
03/12/2019,17,1130
03/12/2019,18,639
03/12/2019,19,392
03/12/2019,20,255
03/12/2019,21,190
03/12/2019,22,92
03/12/2019,23,65
03/12/2020,0,32
03/12/2020,1,17
03/12/2020,2,7
03/12/2020,3,6
03/12/2020,4,16
03/12/2020,5,54
03/12/2020,6,170
03/12/2020,7,293
03/12/2020,8,302
03/12/2020,9,229
03/12/2020,10,220
03/12/2020,11,295
03/12/2020,12,360
03/12/2020,13,348
03/12/2020,14,391
03/12/2020,15,420
03/12/2020,16,521
03/12/2020,17,568
03/12/2020,18,444
03/12/2020,19,296
03/12/2020,20,192
03/12/2020,21,106
03/12/2020,22,76
03/12/2020,23,58
03/12/2021,0,158
03/12/2021,1,107
03/12/2021,2,45
03/12/2021,3,26
03/12/2021,4,39
03/12/2021,5,151
03/12/2021,6,340
03/12/2021,7,694
03/12/2021,8,824
03/12/2021,9,544
03/12/2021,10,583
03/12/2021,11,669
03/12/2021,12,765
03/12/2021,13,856
03/12/2021,14,883
03/12/2021,15,1096
03/12/2021,16,1266
03/12/2021,17,1270
03/12/2021,18,1039
03/12/2021,19,757
03/12/2021,20,541
03/12/2021,21,462
03/12/2021,22,406
03/12/2021,23,351
03/12/2022,0,224
03/12/2022,1,174
03/12/2022,2,85
03/12/2022,3,25
03/12/2022,4,32
03/12/2022,5,30
03/12/2022,6,97
03/12/2022,7,202
03/12/2022,8,524
03/12/2022,9,324
03/12/2022,10,343
03/12/2022,11,531
03/12/2022,12,546
03/12/2022,13,555
03/12/2022,14,530
03/12/2022,15,554
03/12/2022,16,495
03/12/2022,17,414
03/12/2022,18,407
03/12/2022,19,275
03/12/2022,20,223
03/12/2022,21,175
03/12/2022,22,198
03/12/2022,23,208
04/01/2019,0,15
04/01/2019,1,12
04/01/2019,2,3
04/01/2019,3,4
04/01/2019,4,16
04/01/2019,5,78
04/01/2019,6,248
04/01/2019,7,516
04/01/2019,8,741
04/01/2019,9,305
04/01/2019,10,163
04/01/2019,11,243
04/01/2019,12,344
04/01/2019,13,326
04/01/2019,14,335
04/01/2019,15,487
04/01/2019,16,879
04/01/2019,17,884
04/01/2019,18,479
04/01/2019,19,292
04/01/2019,20,176
04/01/2019,21,112
04/01/2019,22,93
04/01/2019,23,42
04/01/2020,0,34
04/01/2020,1,20
04/01/2020,2,25
04/01/2020,3,15
04/01/2020,4,10
04/01/2020,5,16
04/01/2020,6,25
04/01/2020,7,86
04/01/2020,8,124
04/01/2020,9,189
04/01/2020,10,249
04/01/2020,11,277
04/01/2020,12,253
04/01/2020,13,293
04/01/2020,14,299
04/01/2020,15,266
04/01/2020,16,206
04/01/2020,17,202
04/01/2020,18,210
04/01/2020,19,116
04/01/2020,20,88
04/01/2020,21,76
04/01/2020,22,66
04/01/2020,23,42
04/01/2021,0,9
04/01/2021,1,5
04/01/2021,2,6
04/01/2021,3,6
04/01/2021,4,8
04/01/2021,5,47
04/01/2021,6,124
04/01/2021,7,184
04/01/2021,8,203
04/01/2021,9,127
04/01/2021,10,128
04/01/2021,11,153
04/01/2021,12,186
04/01/2021,13,216
04/01/2021,14,209
04/01/2021,15,244
04/01/2021,16,317
04/01/2021,17,344
04/01/2021,18,284
04/01/2021,19,161
04/01/2021,20,120
04/01/2021,21,58
04/01/2021,22,50
04/01/2021,23,20
04/01/2022,0,19
04/01/2022,1,15
04/01/2022,2,2
04/01/2022,3,5
04/01/2022,4,14
04/01/2022,5,68
04/01/2022,6,149
04/01/2022,7,291
04/01/2022,8,301
04/01/2022,9,173
04/01/2022,10,149
04/01/2022,11,175
04/01/2022,12,215
04/01/2022,13,255
04/01/2022,14,242
04/01/2022,15,338
04/01/2022,16,449
04/01/2022,17,492
04/01/2022,18,355
04/01/2022,19,279
04/01/2022,20,163
04/01/2022,21,105
04/01/2022,22,73
04/01/2022,23,50
04/02/2019,0,12
04/02/2019,1,3
04/02/2019,2,5
04/02/2019,3,7
04/02/2019,4,16
04/02/2019,5,61
04/02/2019,6,249
04/02/2019,7,528
04/02/2019,8,745
04/02/2019,9,228
04/02/2019,10,141
04/02/2019,11,171
04/02/2019,12,199
04/02/2019,13,180
04/02/2019,14,172
04/02/2019,15,241
04/02/2019,16,590
04/02/2019,17,914
04/02/2019,18,511
04/02/2019,19,265
04/02/2019,20,157
04/02/2019,21,120
04/02/2019,22,52
04/02/2019,23,27
04/02/2020,0,12
04/02/2020,1,10
04/02/2020,2,4
04/02/2020,3,3
04/02/2020,4,23
04/02/2020,5,95
04/02/2020,6,307
04/02/2020,7,682
04/02/2020,8,835
04/02/2020,9,324
04/02/2020,10,136
04/02/2020,11,199
04/02/2020,12,232
04/02/2020,13,221
04/02/2020,14,171
04/02/2020,15,280
04/02/2020,16,676
04/02/2020,17,842
04/02/2020,18,462
04/02/2020,19,263
04/02/2020,20,161
04/02/2020,21,135
04/02/2020,22,61
04/02/2020,23,28
04/02/2021,0,14
04/02/2021,1,6
04/02/2021,2,7
04/02/2021,3,8
04/02/2021,4,8
04/02/2021,5,40
04/02/2021,6,92
04/02/2021,7,181
04/02/2021,8,161
04/02/2021,9,126
04/02/2021,10,105
04/02/2021,11,137
04/02/2021,12,154
04/02/2021,13,96
04/02/2021,14,69
04/02/2021,15,67
04/02/2021,16,82
04/02/2021,17,99
04/02/2021,18,107
04/02/2021,19,56
04/02/2021,20,35
04/02/2021,21,27
04/02/2021,22,24
04/02/2021,23,20
04/02/2022,0,18
04/02/2022,1,13
04/02/2022,2,18
04/02/2022,3,5
04/02/2022,4,14
04/02/2022,5,42
04/02/2022,6,83
04/02/2022,7,148
04/02/2022,8,188
04/02/2022,9,143
04/02/2022,10,115
04/02/2022,11,138
04/02/2022,12,136
04/02/2022,13,170
04/02/2022,14,203
04/02/2022,15,230
04/02/2022,16,191
04/02/2022,17,267
04/02/2022,18,213
04/02/2022,19,135
04/02/2022,20,70
04/02/2022,21,48
04/02/2022,22,59
04/02/2022,23,57
04/03/2019,0,8
04/03/2019,1,3
04/03/2019,2,3
04/03/2019,3,2
04/03/2019,4,13
04/03/2019,5,38
04/03/2019,6,114
04/03/2019,7,236
04/03/2019,8,342
04/03/2019,9,130
04/03/2019,10,58
04/03/2019,11,84
04/03/2019,12,83
04/03/2019,13,77
04/03/2019,14,82
04/03/2019,15,136
04/03/2019,16,311
04/03/2019,17,475
04/03/2019,18,236
04/03/2019,19,133
04/03/2019,20,81
04/03/2019,21,40
04/03/2019,22,24
04/03/2019,23,12
04/03/2020,0,14
04/03/2020,1,11
04/03/2020,2,4
04/03/2020,3,2
04/03/2020,4,16
04/03/2020,5,101
04/03/2020,6,308
04/03/2020,7,746
04/03/2020,8,965
04/03/2020,9,376
04/03/2020,10,268
04/03/2020,11,368
04/03/2020,12,414
04/03/2020,13,345
04/03/2020,14,271
04/03/2020,15,423
04/03/2020,16,900
04/03/2020,17,1282
04/03/2020,18,643
04/03/2020,19,392
04/03/2020,20,241
04/03/2020,21,165
04/03/2020,22,92
04/03/2020,23,49
04/03/2021,0,29
04/03/2021,1,8
04/03/2021,2,6
04/03/2021,3,7
04/03/2021,4,13
04/03/2021,5,57
04/03/2021,6,150
04/03/2021,7,269
04/03/2021,8,270
04/03/2021,9,175
04/03/2021,10,171
04/03/2021,11,198
04/03/2021,12,256
04/03/2021,13,253
04/03/2021,14,235
04/03/2021,15,249
04/03/2021,16,328
04/03/2021,17,448
04/03/2021,18,339
04/03/2021,19,210
04/03/2021,20,130
04/03/2021,21,75
04/03/2021,22,68
04/03/2021,23,47
04/03/2022,0,67
04/03/2022,1,41
04/03/2022,2,12
04/03/2022,3,15
04/03/2022,4,21
04/03/2022,5,70
04/03/2022,6,209
04/03/2022,7,424
04/03/2022,8,514
04/03/2022,9,316
04/03/2022,10,308
04/03/2022,11,371
04/03/2022,12,455
04/03/2022,13,443
04/03/2022,14,457
04/03/2022,15,560
04/03/2022,16,712
04/03/2022,17,830
04/03/2022,18,656
04/03/2022,19,403
04/03/2022,20,247
04/03/2022,21,260
04/03/2022,22,185
04/03/2022,23,172
04/04/2020,0,25
04/04/2020,1,16
04/04/2020,3,3
04/04/2020,4,2
04/04/2020,5,9
04/04/2020,6,14
04/04/2020,7,29
04/04/2020,8,37
04/04/2020,9,80
04/04/2020,10,103
04/04/2020,11,121
04/04/2020,12,163
04/04/2020,13,205
04/04/2020,14,244
04/04/2020,15,208
04/04/2020,16,244
04/04/2020,17,249
04/04/2020,18,233
04/04/2020,19,137
04/04/2020,20,76
04/04/2020,21,39
04/04/2020,22,28
04/04/2020,23,23
04/04/2021,0,353
04/04/2021,1,263
04/04/2021,2,112
04/04/2021,3,55
04/04/2021,4,21
04/04/2021,5,42
04/04/2021,6,89
04/04/2021,7,171
04/04/2021,8,276
04/04/2021,9,509
04/04/2021,10,881
04/04/2021,11,1192
04/04/2021,12,1346
04/04/2021,13,1572
04/04/2021,14,1746
04/04/2021,15,1779
04/04/2021,16,1752
04/04/2021,17,1467
04/04/2021,18,1315
04/04/2021,19,778
04/04/2021,20,501
04/04/2021,21,407
04/04/2021,22,358
04/04/2021,23,195
04/04/2022,0,24
04/04/2022,1,15
04/04/2022,2,9
04/04/2022,3,9
04/04/2022,4,28
04/04/2022,5,94
04/04/2022,6,298
04/04/2022,7,642
04/04/2022,8,789
04/04/2022,9,502
04/04/2022,10,476
04/04/2022,11,521
04/04/2022,12,616
04/04/2022,13,628
04/04/2022,14,588
04/04/2022,15,706
04/04/2022,16,936
04/04/2022,17,1229
04/04/2022,18,940
04/04/2022,19,684
04/04/2022,20,538
04/04/2022,21,321
04/04/2022,22,293
04/04/2022,23,169
04/05/2020,0,13
04/05/2020,1,5
04/05/2020,2,6
04/05/2020,3,5
04/05/2020,4,4
04/05/2020,5,16
04/05/2020,6,89
04/05/2020,7,121
04/05/2020,8,126
04/05/2020,9,113
04/05/2020,10,98
04/05/2020,11,174
04/05/2020,12,170
04/05/2020,13,176
04/05/2020,14,152
04/05/2020,15,221
04/05/2020,16,265
04/05/2020,17,323
04/05/2020,18,234
04/05/2020,19,143
04/05/2020,20,82
04/05/2020,21,62
04/05/2020,22,23
04/05/2020,23,13
04/05/2021,0,51
04/05/2021,1,41
04/05/2021,2,17
04/05/2021,3,13
04/05/2021,4,28
04/05/2021,5,113
04/05/2021,6,338
04/05/2021,7,557
04/05/2021,8,492
04/05/2021,9,307
04/05/2021,10,255
04/05/2021,11,274
04/05/2021,12,393
04/05/2021,13,428
04/05/2021,14,487
04/05/2021,15,571
04/05/2021,16,786
04/05/2021,17,1111
04/05/2021,18,1055
04/05/2021,19,713
04/05/2021,20,503
04/05/2021,21,334
04/05/2021,22,316
04/05/2021,23,144
04/05/2022,0,70
04/05/2022,1,30
04/05/2022,2,26
04/05/2022,3,17
04/05/2022,4,35
04/05/2022,5,147
04/05/2022,6,401
04/05/2022,7,841
04/05/2022,8,1055
04/05/2022,9,593
04/05/2022,10,497
04/05/2022,11,630
04/05/2022,12,746
04/05/2022,13,760
04/05/2022,14,785
04/05/2022,15,995
04/05/2022,16,1478
04/05/2022,17,2001
04/05/2022,18,1626
04/05/2022,19,1040
04/05/2022,20,651
04/05/2022,21,554
04/05/2022,22,421
04/05/2022,23,218
04/06/2020,5,1
04/06/2020,6,196
04/06/2020,7,344
04/06/2020,8,344
04/06/2020,9,337
04/06/2020,10,311
04/06/2020,11,384
04/06/2020,12,464
04/06/2020,13,456
04/06/2020,14,270
04/06/2020,15,441
04/06/2020,16,823
04/06/2020,17,1040
04/06/2020,18,1143
04/06/2020,19,960
04/06/2020,20,114
04/06/2021,0,341
04/06/2021,1,185
04/06/2021,2,98
04/06/2021,3,58
04/06/2021,4,63
04/06/2021,5,176
04/06/2021,6,437
04/06/2021,7,830
04/06/2021,8,945
04/06/2021,9,761
04/06/2021,10,787
04/06/2021,11,965
04/06/2021,12,1365
04/06/2021,13,1294
04/06/2021,14,1470
04/06/2021,15,1646
04/06/2021,16,2174
04/06/2021,17,2706
04/06/2021,18,2459
04/06/2021,19,2103
04/06/2021,20,1579
04/06/2021,21,1237
04/06/2021,22,1041
04/06/2021,23,1119
04/06/2022,0,765
04/06/2022,1,507
04/06/2022,2,296
04/06/2022,3,155
04/06/2022,4,79
04/06/2022,5,121
04/06/2022,6,229
04/06/2022,7,466
04/06/2022,8,750
04/06/2022,9,1125
04/06/2022,10,1538
04/06/2022,11,1966
04/06/2022,12,1710
04/06/2022,13,1496
04/06/2022,14,1688
04/06/2022,15,2013
04/06/2022,16,1916
04/06/2022,17,1808
04/06/2022,18,1727
04/06/2022,19,1489
04/06/2022,20,1126
04/06/2022,21,826
04/06/2022,22,916
04/06/2022,23,910
04/07/2019,0,211
04/07/2019,1,156
04/07/2019,2,101
04/07/2019,3,41
04/07/2019,4,24
04/07/2019,5,61
04/07/2019,6,120
04/07/2019,7,253
04/07/2019,8,448
04/07/2019,9,721
04/07/2019,10,1036
04/07/2019,11,1234
04/07/2019,12,1416
04/07/2019,13,1343
04/07/2019,14,1384
04/07/2019,15,1308
04/07/2019,16,1161
04/07/2019,17,1056
04/07/2019,18,1028
04/07/2019,19,907
04/07/2019,20,984
04/07/2019,21,931
04/07/2019,22,851
04/07/2019,23,399
04/07/2020,0,354
04/07/2020,1,248
04/07/2020,2,132
04/07/2020,3,53
04/07/2020,4,60
04/07/2020,5,73
04/07/2020,6,153
04/07/2020,7,236
04/07/2020,8,484
04/07/2020,9,721
04/07/2020,10,1024
04/07/2020,11,1303
04/07/2020,12,1491
04/07/2020,13,1595
04/07/2020,14,1643
04/07/2020,15,1519
04/07/2020,16,1521
04/07/2020,17,1469
04/07/2020,18,1346
04/07/2020,19,1169
04/07/2020,20,1075
04/07/2020,21,799
04/07/2020,22,789
04/07/2020,23,674
04/07/2021,0,851
04/07/2021,1,708
04/07/2021,2,478
04/07/2021,3,242
04/07/2021,4,162
04/07/2021,5,138
04/07/2021,6,201
04/07/2021,7,315
04/07/2021,8,580
04/07/2021,9,985
04/07/2021,10,1513
04/07/2021,11,1956
04/07/2021,12,2392
04/07/2021,13,2453
04/07/2021,14,2461
04/07/2021,15,2347
04/07/2021,16,2384
04/07/2021,17,2394
04/07/2021,18,2257
04/07/2021,19,2056
04/07/2021,20,1990
04/07/2021,21,1662
04/07/2021,22,1563
04/07/2021,23,1219
04/07/2022,0,556
04/07/2022,1,406
04/07/2022,2,269
04/07/2022,3,163
04/07/2022,4,113
04/07/2022,5,151
04/07/2022,6,195
04/07/2022,7,342
04/07/2022,8,519
04/07/2022,9,926
04/07/2022,10,1409
04/07/2022,11,1711
04/07/2022,12,2009
04/07/2022,13,2077
04/07/2022,14,1891
04/07/2022,15,1220
04/07/2022,16,1459
04/07/2022,17,748
04/07/2022,18,1093
04/07/2022,19,1258
04/07/2022,20,1364
04/07/2022,21,1171
04/07/2022,22,914
04/07/2022,23,563
04/08/2019,0,323
04/08/2019,1,236
04/08/2019,2,147
04/08/2019,3,84
04/08/2019,4,49
04/08/2019,5,72
04/08/2019,6,114
04/08/2019,7,215
04/08/2019,8,407
04/08/2019,9,711
04/08/2019,10,1165
04/08/2019,11,1432
04/08/2019,12,1689
04/08/2019,13,1785
04/08/2019,14,1792
04/08/2019,15,1683
04/08/2019,16,1702
04/08/2019,17,1566
04/08/2019,18,1437
04/08/2019,19,1117
04/08/2019,20,821
04/08/2019,21,649
04/08/2019,22,562
04/08/2019,23,197
04/08/2020,0,89
04/08/2020,1,49
04/08/2020,2,23
04/08/2020,3,22
04/08/2020,4,32
04/08/2020,5,161
04/08/2020,6,430
04/08/2020,7,648
04/08/2020,8,686
04/08/2020,9,533
04/08/2020,10,556
04/08/2020,11,718
04/08/2020,12,921
04/08/2020,13,897
04/08/2020,14,987
04/08/2020,15,1099
04/08/2020,16,1529
04/08/2020,17,2191
04/08/2020,18,2135
04/08/2020,19,1627
04/08/2020,20,1108
04/08/2020,21,675
04/08/2020,22,430
04/08/2020,23,200
04/08/2021,0,219
04/08/2021,1,109
04/08/2021,2,77
04/08/2021,3,42
04/08/2021,4,65
04/08/2021,5,236
04/08/2021,6,603
04/08/2021,7,1087
04/08/2021,8,1178
04/08/2021,9,841
04/08/2021,10,795
04/08/2021,11,1015
04/08/2021,12,1173
04/08/2021,13,1256
04/08/2021,14,1126
04/08/2021,15,1435
04/08/2021,16,2110
04/08/2021,17,2919
04/08/2021,18,2644
04/08/2021,19,2087
04/08/2021,20,1597
04/08/2021,21,1244
04/08/2021,22,860
04/08/2021,23,497
04/08/2022,0,228
04/08/2022,1,119
04/08/2022,2,80
04/08/2022,3,47
04/08/2022,4,52
04/08/2022,5,224
04/08/2022,6,663
04/08/2022,7,1148
04/08/2022,8,1355
04/08/2022,9,905
04/08/2022,10,780
04/08/2022,11,1000
04/08/2022,12,1183
04/08/2022,13,1240
04/08/2022,14,1270
04/08/2022,15,1545
04/08/2022,16,2176
04/08/2022,17,2759
04/08/2022,18,2350
04/08/2022,19,1887
04/08/2022,20,1516
04/08/2022,21,1205
04/08/2022,22,1072
04/08/2022,23,581
04/09/2019,0,58
04/09/2019,1,26
04/09/2019,2,8
04/09/2019,3,14
04/09/2019,4,49
04/09/2019,5,224
04/09/2019,6,699
04/09/2019,7,1658
04/09/2019,8,1839
04/09/2019,9,714
04/09/2019,10,522
04/09/2019,11,626
04/09/2019,12,756
04/09/2019,13,669
04/09/2019,14,684
04/09/2019,15,864
04/09/2019,16,1815
04/09/2019,17,2743
04/09/2019,18,1668
04/09/2019,19,1121
04/09/2019,20,691
04/09/2019,21,523
04/09/2019,22,247
04/09/2019,23,165
04/09/2020,0,168
04/09/2020,1,81
04/09/2020,2,39
04/09/2020,3,28
04/09/2020,4,42
04/09/2020,5,130
04/09/2020,6,459
04/09/2020,7,756
04/09/2020,8,822
04/09/2020,9,735
04/09/2020,10,879
04/09/2020,11,1101
04/09/2020,12,1237
04/09/2020,13,1447
04/09/2020,14,1498
04/09/2020,15,1743
04/09/2020,16,2042
04/09/2020,17,2160
04/09/2020,18,2037
04/09/2020,19,1575
04/09/2020,20,994
04/09/2020,21,729
04/09/2020,22,714
04/09/2020,23,837
04/09/2021,0,792
04/09/2021,1,635
04/09/2021,2,353
04/09/2021,3,180
04/09/2021,4,90
04/09/2021,5,116
04/09/2021,6,192
04/09/2021,7,350
04/09/2021,8,681
04/09/2021,9,1068
04/09/2021,10,1530
04/09/2021,11,1860
04/09/2021,12,2116
04/09/2021,13,2158
04/09/2021,14,2085
04/09/2021,15,2175
04/09/2021,16,2104
04/09/2021,17,1995
04/09/2021,18,1794
04/09/2021,19,1401
04/09/2021,20,1130
04/09/2021,21,944
04/09/2021,22,1209
04/09/2021,23,899
04/09/2022,0,925
04/09/2022,1,484
04/09/2022,2,343
04/09/2022,3,226
04/09/2022,4,129
04/09/2022,5,110
04/09/2022,6,272
04/09/2022,7,414
04/09/2022,8,551
04/09/2022,9,627
04/09/2022,10,736
04/09/2022,11,882
04/09/2022,12,1009
04/09/2022,13,998
04/09/2022,14,1213
04/09/2022,15,1313
04/09/2022,16,1543
04/09/2022,17,1411
04/09/2022,18,1313
04/09/2022,19,1029
04/09/2022,20,888
04/09/2022,21,769
04/09/2022,22,926
04/09/2022,23,632
04/10/2019,0,75
04/10/2019,1,25
04/10/2019,2,26
04/10/2019,3,19
04/10/2019,4,27
04/10/2019,5,161
04/10/2019,6,503
04/10/2019,7,1196
04/10/2019,8,1535
04/10/2019,9,669
04/10/2019,10,526
04/10/2019,11,596
04/10/2019,12,678
04/10/2019,13,660
04/10/2019,14,700
04/10/2019,15,1023
04/10/2019,16,1648
04/10/2019,17,1781
04/10/2019,18,1082
04/10/2019,19,580
04/10/2019,20,330
04/10/2019,21,280
04/10/2019,22,256
04/10/2019,23,194
04/10/2020,0,166
04/10/2020,1,157
04/10/2020,2,75
04/10/2020,3,34
04/10/2020,4,23
04/10/2020,5,28
04/10/2020,6,71
04/10/2020,7,132
04/10/2020,8,270
04/10/2020,9,502
04/10/2020,10,841
04/10/2020,11,1172
04/10/2020,12,1235
04/10/2020,13,1091
04/10/2020,14,1097
04/10/2020,15,1331
04/10/2020,16,1178
04/10/2020,17,1162
04/10/2020,18,939
04/10/2020,19,515
04/10/2020,20,307
04/10/2020,21,231
04/10/2020,22,192
04/10/2020,23,126
04/10/2021,0,179
04/10/2021,1,70
04/10/2021,2,49
04/10/2021,3,36
04/10/2021,4,66
04/10/2021,5,193
04/10/2021,6,536
04/10/2021,7,1022
04/10/2021,8,1100
04/10/2021,9,591
04/10/2021,10,598
04/10/2021,11,868
04/10/2021,12,1033
04/10/2021,13,1036
04/10/2021,14,1012
04/10/2021,15,1200
04/10/2021,16,1782
04/10/2021,17,2249
04/10/2021,18,1765
04/10/2021,19,1151
04/10/2021,20,820
04/10/2021,21,643
04/10/2021,22,437
04/10/2021,23,252
04/10/2022,0,117
04/10/2022,1,82
04/10/2022,2,34
04/10/2022,3,26
04/10/2022,4,52
04/10/2022,5,189
04/10/2022,6,623
04/10/2022,7,1239
04/10/2022,8,1563
04/10/2022,9,950
04/10/2022,10,699
04/10/2022,11,863
04/10/2022,12,1027
04/10/2022,13,1078
04/10/2022,14,974
04/10/2022,15,1377
04/10/2022,16,2121
04/10/2022,17,2552
04/10/2022,18,1995
04/10/2022,19,1275
04/10/2022,20,818
04/10/2022,21,735
04/10/2022,22,468
04/10/2022,23,270
04/11/2019,0,43
04/11/2019,1,8
04/11/2019,2,14
04/11/2019,3,6
04/11/2019,4,25
04/11/2019,5,160
04/11/2019,6,454
04/11/2019,7,1213
04/11/2019,8,1361
04/11/2019,9,475
04/11/2019,10,289
04/11/2019,11,346
04/11/2019,12,429
04/11/2019,13,393
04/11/2019,14,383
04/11/2019,15,591
04/11/2019,16,1186
04/11/2019,17,1570
04/11/2019,18,896
04/11/2019,19,546
04/11/2019,20,301
04/11/2019,21,212
04/11/2019,22,123
04/11/2019,23,43
04/11/2020,0,104
04/11/2020,1,52
04/11/2020,2,18
04/11/2020,3,16
04/11/2020,4,23
04/11/2020,5,88
04/11/2020,6,318
04/11/2020,7,496
04/11/2020,8,586
04/11/2020,9,447
04/11/2020,10,397
04/11/2020,11,545
04/11/2020,12,749
04/11/2020,13,796
04/11/2020,14,859
04/11/2020,15,1006
04/11/2020,16,1368
04/11/2020,17,1329
04/11/2020,18,992
04/11/2020,19,671
04/11/2020,20,479
04/11/2020,21,329
04/11/2020,22,225
04/11/2020,23,137
04/11/2021,0,129
04/11/2021,1,61
04/11/2021,2,34
04/11/2021,3,16
04/11/2021,4,31
04/11/2021,5,151
04/11/2021,6,379
04/11/2021,7,811
04/11/2021,8,1088
04/11/2021,9,694
04/11/2021,10,515
04/11/2021,11,618
04/11/2021,12,777
04/11/2021,13,767
04/11/2021,14,764
04/11/2021,15,971
04/11/2021,16,1349
04/11/2021,17,1770
04/11/2021,18,1359
04/11/2021,19,946
04/11/2021,20,616
04/11/2021,21,483
04/11/2021,22,432
04/11/2021,23,327
04/11/2022,0,232
04/11/2022,1,153
04/11/2022,2,65
04/11/2022,3,39
04/11/2022,4,57
04/11/2022,5,173
04/11/2022,6,478
04/11/2022,7,802
04/11/2022,8,1027
04/11/2022,9,787
04/11/2022,10,673
04/11/2022,11,612
04/11/2022,12,595
04/11/2022,13,591
04/11/2022,14,876
04/11/2022,15,1292
04/11/2022,16,1648
04/11/2022,17,1953
04/11/2022,18,1497
04/11/2022,19,1105
04/11/2022,20,745
04/11/2022,21,718
04/11/2022,22,630
04/11/2022,23,520
04/12/2019,0,26
04/12/2019,1,12
04/12/2019,2,5
04/12/2019,3,6
04/12/2019,4,19
04/12/2019,5,118
04/12/2019,6,373
04/12/2019,7,776
04/12/2019,8,1062
04/12/2019,9,367
04/12/2019,10,235
04/12/2019,11,277
04/12/2019,12,275
04/12/2019,13,306
04/12/2019,14,310
04/12/2019,15,371
04/12/2019,16,822
04/12/2019,17,1153
04/12/2019,18,696
04/12/2019,19,393
04/12/2019,20,241
04/12/2019,21,184
04/12/2019,22,102
04/12/2019,23,71
04/12/2020,0,24
04/12/2020,1,12
04/12/2020,2,9
04/12/2020,3,8
04/12/2020,4,11
04/12/2020,5,60
04/12/2020,6,159
04/12/2020,7,292
04/12/2020,8,312
04/12/2020,9,270
04/12/2020,10,274
04/12/2020,11,302
04/12/2020,12,427
04/12/2020,13,439
04/12/2020,14,456
04/12/2020,15,543
04/12/2020,16,571
04/12/2020,17,616
04/12/2020,18,466
04/12/2020,19,332
04/12/2020,20,211
04/12/2020,21,135
04/12/2020,22,104
04/12/2020,23,93
04/12/2021,0,256
04/12/2021,1,294
04/12/2021,2,161
04/12/2021,3,72
04/12/2021,4,37
04/12/2021,5,45
04/12/2021,6,117
04/12/2021,7,222
04/12/2021,8,348
04/12/2021,9,570
04/12/2021,10,726
04/12/2021,11,956
04/12/2021,12,1027
04/12/2021,13,987
04/12/2021,14,1058
04/12/2021,15,928
04/12/2021,16,865
04/12/2021,17,678
04/12/2021,18,792
04/12/2021,19,574
04/12/2021,20,399
04/12/2021,21,345
04/12/2021,22,360
04/12/2021,23,375
04/12/2022,0,145
04/12/2022,1,110
04/12/2022,2,67
04/12/2022,3,47
04/12/2022,4,23
04/12/2022,5,18
04/12/2022,6,58
04/12/2022,7,114
04/12/2022,8,166
04/12/2022,9,315
04/12/2022,10,431
04/12/2022,11,602
04/12/2022,12,528
04/12/2022,13,513
04/12/2022,14,520
04/12/2022,15,747
04/12/2022,16,522
04/12/2022,17,405
04/12/2022,18,349
04/12/2022,19,286
04/12/2022,20,198
04/12/2022,21,149
04/12/2022,22,115
04/12/2022,23,73
05/01/2019,0,49
05/01/2019,1,41
05/01/2019,2,23
05/01/2019,3,12
05/01/2019,4,11
05/01/2019,5,13
05/01/2019,6,17
05/01/2019,7,81
05/01/2019,8,169
05/01/2019,9,237
05/01/2019,10,356
05/01/2019,11,460
05/01/2019,12,615
05/01/2019,13,702
05/01/2019,14,801
05/01/2019,15,803
05/01/2019,16,537
05/01/2019,17,382
05/01/2019,18,286
05/01/2019,19,190
05/01/2019,20,135
05/01/2019,21,104
05/01/2019,22,88
05/01/2019,23,67
05/01/2020,0,42
05/01/2020,1,27
05/01/2020,2,17
05/01/2020,3,10
05/01/2020,4,5
05/01/2020,5,14
05/01/2020,6,28
05/01/2020,7,38
05/01/2020,8,73
05/01/2020,9,128
05/01/2020,10,165
05/01/2020,11,231
05/01/2020,12,300
05/01/2020,13,339
05/01/2020,14,285
05/01/2020,15,278
05/01/2020,16,292
05/01/2020,17,221
05/01/2020,18,167
05/01/2020,19,125
05/01/2020,20,83
05/01/2020,21,80
05/01/2020,22,46
05/01/2020,23,41
05/01/2021,0,21
05/01/2021,1,5
05/01/2021,2,3
05/01/2021,3,3
05/01/2021,4,10
05/01/2021,5,53
05/01/2021,6,130
05/01/2021,7,222
05/01/2021,8,235
05/01/2021,9,143
05/01/2021,10,145
05/01/2021,11,177
05/01/2021,12,238
05/01/2021,13,262
05/01/2021,14,259
05/01/2021,15,275
05/01/2021,16,344
05/01/2021,17,466
05/01/2021,18,350
05/01/2021,19,232
05/01/2021,20,108
05/01/2021,21,78
05/01/2021,22,53
05/01/2021,23,33
05/01/2022,0,17
05/01/2022,1,23
05/01/2022,2,13
05/01/2022,3,6
05/01/2022,4,12
05/01/2022,5,67
05/01/2022,6,137
05/01/2022,7,173
05/01/2022,8,227
05/01/2022,9,132
05/01/2022,10,118
05/01/2022,11,132
05/01/2022,12,159
05/01/2022,13,139
05/01/2022,14,145
05/01/2022,15,153
05/01/2022,16,226
05/01/2022,17,254
05/01/2022,18,201
05/01/2022,19,146
05/01/2022,20,99
05/01/2022,21,69
05/01/2022,22,38
05/01/2022,23,36
05/02/2019,0,18
05/02/2019,1,13
05/02/2019,2,1
05/02/2019,3,4
05/02/2019,4,15
05/02/2019,5,81
05/02/2019,6,281
05/02/2019,7,573
05/02/2019,8,698
05/02/2019,9,291
05/02/2019,10,140
05/02/2019,11,153
05/02/2019,12,200
05/02/2019,13,188
05/02/2019,14,168
05/02/2019,15,253
05/02/2019,16,584
05/02/2019,17,803
05/02/2019,18,384
05/02/2019,19,206
05/02/2019,20,113
05/02/2019,21,38
05/02/2019,22,32
05/02/2019,23,11
05/02/2020,0,13
05/02/2020,1,11
05/02/2020,3,2
05/02/2020,4,16
05/02/2020,5,112
05/02/2020,6,286
05/02/2020,7,631
05/02/2020,8,857
05/02/2020,9,326
05/02/2020,10,146
05/02/2020,11,180
05/02/2020,12,201
05/02/2020,13,200
05/02/2020,14,190
05/02/2020,15,257
05/02/2020,16,521
05/02/2020,17,671
05/02/2020,18,308
05/02/2020,19,218
05/02/2020,20,100
05/02/2020,21,75
05/02/2020,22,36
05/02/2020,23,14
05/02/2021,0,5
05/02/2021,1,5
05/02/2021,2,2
05/02/2021,3,6
05/02/2021,4,4
05/02/2021,5,24
05/02/2021,6,47
05/02/2021,7,75
05/02/2021,8,84
05/02/2021,9,67
05/02/2021,10,54
05/02/2021,11,58
05/02/2021,12,90
05/02/2021,13,82
05/02/2021,14,92
05/02/2021,15,93
05/02/2021,16,106
05/02/2021,17,136
05/02/2021,18,115
05/02/2021,19,75
05/02/2021,20,34
05/02/2021,21,23
05/02/2021,22,23
05/02/2021,23,26
05/02/2022,0,29
05/02/2022,1,37
05/02/2022,2,13
05/02/2022,3,7
05/02/2022,4,4
05/02/2022,5,9
05/02/2022,6,24
05/02/2022,7,64
05/02/2022,8,84
05/02/2022,9,95
05/02/2022,10,139
05/02/2022,11,147
05/02/2022,12,204
05/02/2022,13,175
05/02/2022,14,176
05/02/2022,15,155
05/02/2022,16,180
05/02/2022,17,149
05/02/2022,18,105
05/02/2022,19,103
05/02/2022,20,65
05/02/2022,21,50
05/02/2022,22,45
05/02/2022,23,66
05/03/2019,0,9
05/03/2019,1,3
05/03/2019,2,1
05/03/2019,3,2
05/03/2019,4,11
05/03/2019,5,40
05/03/2019,6,155
05/03/2019,7,292
05/03/2019,8,405
05/03/2019,9,177
05/03/2019,10,100
05/03/2019,11,91
05/03/2019,12,151
05/03/2019,13,136
05/03/2019,14,127
05/03/2019,15,192
05/03/2019,16,404
05/03/2019,17,533
05/03/2019,18,309
05/03/2019,19,175
05/03/2019,20,107
05/03/2019,21,70
05/03/2019,22,48
05/03/2019,23,18
05/03/2020,0,18
05/03/2020,1,14
05/03/2020,2,10
05/03/2020,3,11
05/03/2020,4,20
05/03/2020,5,112
05/03/2020,6,365
05/03/2020,7,781
05/03/2020,8,1089
05/03/2020,9,486
05/03/2020,10,280
05/03/2020,11,256
05/03/2020,12,282
05/03/2020,13,283
05/03/2020,14,287
05/03/2020,15,439
05/03/2020,16,867
05/03/2020,17,1202
05/03/2020,18,637
05/03/2020,19,333
05/03/2020,20,197
05/03/2020,21,154
05/03/2020,22,104
05/03/2020,23,42
05/03/2021,0,33
05/03/2021,1,15
05/03/2021,2,4
05/03/2021,3,8
05/03/2021,4,19
05/03/2021,5,57
05/03/2021,6,133
05/03/2021,7,264
05/03/2021,8,275
05/03/2021,9,223
05/03/2021,10,225
05/03/2021,11,288
05/03/2021,12,346
05/03/2021,13,377
05/03/2021,14,406
05/03/2021,15,448
05/03/2021,16,595
05/03/2021,17,624
05/03/2021,18,434
05/03/2021,19,260
05/03/2021,20,160
05/03/2021,21,83
05/03/2021,22,96
05/03/2021,23,67
05/03/2022,0,153
05/03/2022,1,142
05/03/2022,2,80
05/03/2022,3,42
05/03/2022,4,25
05/03/2022,5,38
05/03/2022,6,85
05/03/2022,7,177
05/03/2022,8,292
05/03/2022,9,627
05/03/2022,10,877
05/03/2022,11,1341
05/03/2022,12,1942
05/03/2022,13,2273
05/03/2022,14,2320
05/03/2022,15,1998
05/03/2022,16,1841
05/03/2022,17,1442
05/03/2022,18,1036
05/03/2022,19,847
05/03/2022,20,367
05/03/2022,21,297
05/03/2022,22,408
05/03/2022,23,216
05/04/2020,0,19
05/04/2020,1,12
05/04/2020,2,2
05/04/2020,3,1
05/04/2020,4,2
05/04/2020,5,9
05/04/2020,6,16
05/04/2020,7,31
05/04/2020,8,55
05/04/2020,9,88
05/04/2020,10,115
05/04/2020,11,177
05/04/2020,12,269
05/04/2020,13,332
05/04/2020,14,384
05/04/2020,15,390
05/04/2020,16,338
05/04/2020,17,262
05/04/2020,18,168
05/04/2020,19,107
05/04/2020,20,37
05/04/2020,21,42
05/04/2020,22,19
05/04/2020,23,12
05/04/2021,0,104
05/04/2021,1,73
05/04/2021,2,24
05/04/2021,3,13
05/04/2021,4,21
05/04/2021,5,94
05/04/2021,6,213
05/04/2021,7,426
05/04/2021,8,514
05/04/2021,9,409
05/04/2021,10,364
05/04/2021,11,369
05/04/2021,12,532
05/04/2021,13,577
05/04/2021,14,590
05/04/2021,15,665
05/04/2021,16,969
05/04/2021,17,1392
05/04/2021,18,1322
05/04/2021,19,1024
05/04/2021,20,601
05/04/2021,21,481
05/04/2021,22,420
05/04/2021,23,227
05/04/2022,0,76
05/04/2022,1,47
05/04/2022,2,13
05/04/2022,3,24
05/04/2022,4,30
05/04/2022,5,137
05/04/2022,6,331
05/04/2022,7,817
05/04/2022,8,957
05/04/2022,9,527
05/04/2022,10,395
05/04/2022,11,443
05/04/2022,12,577
05/04/2022,13,597
05/04/2022,14,592
05/04/2022,15,784
05/04/2022,16,1059
05/04/2022,17,1508
05/04/2022,18,1063
05/04/2022,19,697
05/04/2022,20,489
05/04/2022,21,467
05/04/2022,22,318
05/04/2022,23,155
05/05/2020,0,9
05/05/2020,1,4
05/05/2020,2,5
05/05/2020,3,4
05/05/2020,4,8
05/05/2020,5,11
05/05/2020,6,58
05/05/2020,7,95
05/05/2020,8,87
05/05/2020,9,61
05/05/2020,10,50
05/05/2020,11,53
05/05/2020,12,76
05/05/2020,13,83
05/05/2020,14,69
05/05/2020,15,147
05/05/2020,16,193
05/05/2020,17,291
05/05/2020,18,243
05/05/2020,19,174
05/05/2020,20,92
05/05/2020,21,67
05/05/2020,22,50
05/05/2020,23,23
05/05/2021,0,106
05/05/2021,1,37
05/05/2021,2,24
05/05/2021,3,11
05/05/2021,4,20
05/05/2021,5,128
05/05/2021,6,335
05/05/2021,7,602
05/05/2021,8,625
05/05/2021,9,432
05/05/2021,10,426
05/05/2021,11,546
05/05/2021,12,699
05/05/2021,13,640
05/05/2021,14,626
05/05/2021,15,732
05/05/2021,16,1100
05/05/2021,17,1619
05/05/2021,18,1381
05/05/2021,19,870
05/05/2021,20,593
05/05/2021,21,399
05/05/2021,22,396
05/05/2021,23,255
05/05/2022,0,126
05/05/2022,1,45
05/05/2022,2,25
05/05/2022,3,22
05/05/2022,4,37
05/05/2022,5,126
05/05/2022,6,420
05/05/2022,7,897
05/05/2022,8,1048
05/05/2022,9,664
05/05/2022,10,509
05/05/2022,11,542
05/05/2022,12,657
05/05/2022,13,467
05/05/2022,14,329
05/05/2022,15,380
05/05/2022,16,587
05/05/2022,17,746
05/05/2022,18,505
05/05/2022,19,401
05/05/2022,20,233
05/05/2022,21,272
05/05/2022,22,309
05/05/2022,23,182
05/06/2020,6,208
05/06/2020,7,354
05/06/2020,8,374
05/06/2020,9,315
05/06/2020,10,331
05/06/2020,11,445
05/06/2020,12,553
05/06/2020,13,687
05/06/2020,14,645
05/06/2020,15,753
05/06/2020,16,903
05/06/2020,17,1288
05/06/2020,18,1087
05/06/2020,19,974
05/06/2020,20,5
05/06/2021,0,862
05/06/2021,1,750
05/06/2021,2,549
05/06/2021,3,223
05/06/2021,4,128
05/06/2021,5,111
05/06/2021,6,190
05/06/2021,7,397
05/06/2021,8,786
05/06/2021,9,1374
05/06/2021,10,2004
05/06/2021,11,2450
05/06/2021,12,2651
05/06/2021,13,2835
05/06/2021,14,2760
05/06/2021,15,2694
05/06/2021,16,2713
05/06/2021,17,2813
05/06/2021,18,2380
05/06/2021,19,2154
05/06/2021,20,1824
05/06/2021,21,1459
05/06/2021,22,1369
05/06/2021,23,1221
05/06/2022,0,715
05/06/2022,1,465
05/06/2022,2,319
05/06/2022,3,145
05/06/2022,4,121
05/06/2022,5,161
05/06/2022,6,245
05/06/2022,7,391
05/06/2022,8,554
05/06/2022,9,941
05/06/2022,10,1402
05/06/2022,11,1738
05/06/2022,12,2132
05/06/2022,13,2319
05/06/2022,14,2495
05/06/2022,15,2551
05/06/2022,16,2436
05/06/2022,17,2329
05/06/2022,18,2061
05/06/2022,19,1472
05/06/2022,20,1214
05/06/2022,21,1018
05/06/2022,22,743
05/06/2022,23,365
05/07/2019,0,164
05/07/2019,1,148
05/07/2019,2,68
05/07/2019,3,32
05/07/2019,4,28
05/07/2019,5,92
05/07/2019,6,298
05/07/2019,7,492
05/07/2019,8,653
05/07/2019,9,613
05/07/2019,10,765
05/07/2019,11,1070
05/07/2019,12,1410
05/07/2019,13,1302
05/07/2019,14,1327
05/07/2019,15,1221
05/07/2019,16,1344
05/07/2019,17,1320
05/07/2019,18,1218
05/07/2019,19,985
05/07/2019,20,768
05/07/2019,21,530
05/07/2019,22,404
05/07/2019,23,310
05/07/2020,0,520
05/07/2020,1,327
05/07/2020,2,200
05/07/2020,3,104
05/07/2020,4,58
05/07/2020,5,68
05/07/2020,6,155
05/07/2020,7,222
05/07/2020,8,319
05/07/2020,9,511
05/07/2020,10,802
05/07/2020,11,1176
05/07/2020,12,1368
05/07/2020,13,1525
05/07/2020,14,1584
05/07/2020,15,1466
05/07/2020,16,1564
05/07/2020,17,1491
05/07/2020,18,1426
05/07/2020,19,1181
05/07/2020,20,1018
05/07/2020,21,656
05/07/2020,22,450
05/07/2020,23,347
05/07/2021,0,888
05/07/2021,1,714
05/07/2021,2,388
05/07/2021,3,233
05/07/2021,4,173
05/07/2021,5,142
05/07/2021,6,256
05/07/2021,7,350
05/07/2021,8,539
05/07/2021,9,843
05/07/2021,10,1367
05/07/2021,11,1667
05/07/2021,12,2024
05/07/2021,13,2015
05/07/2021,14,2091
05/07/2021,15,2173
05/07/2021,16,2038
05/07/2021,17,2175
05/07/2021,18,1994
05/07/2021,19,1679
05/07/2021,20,1190
05/07/2021,21,950
05/07/2021,22,847
05/07/2021,23,501
05/07/2022,0,165
05/07/2022,1,27
05/07/2022,2,55
05/07/2022,3,55
05/07/2022,4,54
05/07/2022,5,171
05/07/2022,6,523
05/07/2022,7,993
05/07/2022,8,1228
05/07/2022,9,786
05/07/2022,10,797
05/07/2022,11,1001
05/07/2022,12,1202
05/07/2022,13,1182
05/07/2022,14,1207
05/07/2022,15,1319
05/07/2022,16,1835
05/07/2022,17,2421
05/07/2022,18,2094
05/07/2022,19,1481
05/07/2022,20,932
05/07/2022,21,554
05/07/2022,22,332
05/07/2022,23,212
05/08/2019,0,92
05/08/2019,1,78
05/08/2019,2,26
05/08/2019,3,20
05/08/2019,4,59
05/08/2019,5,208
05/08/2019,6,659
05/08/2019,7,1403
05/08/2019,8,1648
05/08/2019,9,689
05/08/2019,10,630
05/08/2019,11,745
05/08/2019,12,855
05/08/2019,13,919
05/08/2019,14,826
05/08/2019,15,1086
05/08/2019,16,1855
05/08/2019,17,2782
05/08/2019,18,1965
05/08/2019,19,1350
05/08/2019,20,882
05/08/2019,21,527
05/08/2019,22,396
05/08/2019,23,165
05/08/2020,0,136
05/08/2020,1,69
05/08/2020,2,27
05/08/2020,3,7
05/08/2020,4,26
05/08/2020,5,193
05/08/2020,6,481
05/08/2020,7,751
05/08/2020,8,751
05/08/2020,9,611
05/08/2020,10,645
05/08/2020,11,836
05/08/2020,12,999
05/08/2020,13,856
05/08/2020,14,962
05/08/2020,15,1063
05/08/2020,16,1359
05/08/2020,17,1975
05/08/2020,18,1992
05/08/2020,19,1530
05/08/2020,20,1030
05/08/2020,21,730
05/08/2020,22,535
05/08/2020,23,292
05/08/2021,0,261
05/08/2021,1,125
05/08/2021,2,64
05/08/2021,3,50
05/08/2021,4,67
05/08/2021,5,231
05/08/2021,6,590
05/08/2021,7,1028
05/08/2021,8,1186
05/08/2021,9,762
05/08/2021,10,808
05/08/2021,11,1056
05/08/2021,12,1330
05/08/2021,13,1289
05/08/2021,14,1328
05/08/2021,15,1486
05/08/2021,16,2119
05/08/2021,17,3063
05/08/2021,18,2681
05/08/2021,19,2060
05/08/2021,20,1587
05/08/2021,21,1293
05/08/2021,22,1061
05/08/2021,23,688
05/08/2022,0,358
05/08/2022,1,210
05/08/2022,2,128
05/08/2022,3,87
05/08/2022,4,80
05/08/2022,5,188
05/08/2022,6,664
05/08/2022,7,948
05/08/2022,8,1152
05/08/2022,9,902
05/08/2022,10,1048
05/08/2022,11,1270
05/08/2022,12,1656
05/08/2022,13,1620
05/08/2022,14,1698
05/08/2022,15,2027
05/08/2022,16,2580
05/08/2022,17,2852
05/08/2022,18,2546
05/08/2022,19,2232
05/08/2022,20,1507
05/08/2022,21,1244
05/08/2022,22,1301
05/08/2022,23,1019
05/09/2019,0,75
05/09/2019,1,42
05/09/2019,2,19
05/09/2019,3,13
05/09/2019,4,41
05/09/2019,5,210
05/09/2019,6,714
05/09/2019,7,1617
05/09/2019,8,1784
05/09/2019,9,706
05/09/2019,10,484
05/09/2019,11,622
05/09/2019,12,875
05/09/2019,13,760
05/09/2019,14,761
05/09/2019,15,1068
05/09/2019,16,2217
05/09/2019,17,2818
05/09/2019,18,2019
05/09/2019,19,1082
05/09/2019,20,579
05/09/2019,21,422
05/09/2019,22,760
05/09/2019,23,441
05/09/2020,0,463
05/09/2020,1,271
05/09/2020,2,108
05/09/2020,3,73
05/09/2020,4,43
05/09/2020,5,65
05/09/2020,6,200
05/09/2020,7,423
05/09/2020,8,689
05/09/2020,9,1091
05/09/2020,10,1584
05/09/2020,11,2036
05/09/2020,12,2493
05/09/2020,13,2453
05/09/2020,14,2341
05/09/2020,15,2492
05/09/2020,16,2417
05/09/2020,17,2306
05/09/2020,18,2163
05/09/2020,19,1537
05/09/2020,20,1028
05/09/2020,21,827
05/09/2020,22,906
05/09/2020,23,710
05/09/2021,0,791
05/09/2021,1,526
05/09/2021,2,326
05/09/2021,3,219
05/09/2021,4,164
05/09/2021,5,121
05/09/2021,6,283
05/09/2021,7,418
05/09/2021,8,634
05/09/2021,9,1133
05/09/2021,10,1679
05/09/2021,11,2138
05/09/2021,12,2510
05/09/2021,13,2596
05/09/2021,14,2611
05/09/2021,15,2562
05/09/2021,16,2689
05/09/2021,17,2591
05/09/2021,18,2288
05/09/2021,19,1884
05/09/2021,20,1364
05/09/2021,21,1110
05/09/2021,22,1253
05/09/2021,23,968
05/09/2022,0,454
05/09/2022,1,320
05/09/2022,2,233
05/09/2022,3,180
05/09/2022,4,109
05/09/2022,5,110
05/09/2022,6,192
05/09/2022,7,268
05/09/2022,8,481
05/09/2022,9,730
05/09/2022,10,978
05/09/2022,11,1399
05/09/2022,12,1672
05/09/2022,13,1903
05/09/2022,14,1983
05/09/2022,15,1825
05/09/2022,16,1705
05/09/2022,17,1651
05/09/2022,18,1532
05/09/2022,19,1109
05/09/2022,20,816
05/09/2022,21,632
05/09/2022,22,401
05/09/2022,23,296
05/10/2019,0,154
05/10/2019,1,100
05/10/2019,2,62
05/10/2019,3,40
05/10/2019,4,28
05/10/2019,5,38
05/10/2019,6,115
05/10/2019,7,191
05/10/2019,8,427
05/10/2019,9,679
05/10/2019,10,908
05/10/2019,11,1073
05/10/2019,12,1215
05/10/2019,13,1142
05/10/2019,14,1093
05/10/2019,15,1097
05/10/2019,16,868
05/10/2019,17,297
05/10/2019,18,64
05/10/2019,19,136
05/10/2019,20,134
05/10/2019,21,192
05/10/2019,22,224
05/10/2019,23,175
05/10/2020,0,56
05/10/2020,1,28
05/10/2020,2,18
05/10/2020,3,12
05/10/2020,4,18
05/10/2020,5,86
05/10/2020,6,300
05/10/2020,7,603
05/10/2020,8,697
05/10/2020,9,467
05/10/2020,10,468
05/10/2020,11,552
05/10/2020,12,735
05/10/2020,13,723
05/10/2020,14,735
05/10/2020,15,904
05/10/2020,16,1251
05/10/2020,17,1707
05/10/2020,18,1418
05/10/2020,19,748
05/10/2020,20,429
05/10/2020,21,288
05/10/2020,22,178
05/10/2020,23,112
05/10/2021,0,120
05/10/2021,1,72
05/10/2021,2,34
05/10/2021,3,27
05/10/2021,4,50
05/10/2021,5,232
05/10/2021,6,608
05/10/2021,7,1270
05/10/2021,8,1363
05/10/2021,9,931
05/10/2021,10,718
05/10/2021,11,844
05/10/2021,12,939
05/10/2021,13,1076
05/10/2021,14,1019
05/10/2021,15,1317
05/10/2021,16,1787
05/10/2021,17,2633
05/10/2021,18,2148
05/10/2021,19,1388
05/10/2021,20,932
05/10/2021,21,782
05/10/2021,22,607
05/10/2021,23,271
05/10/2022,0,157
05/10/2022,1,88
05/10/2022,2,36
05/10/2022,3,36
05/10/2022,4,47
05/10/2022,5,198
05/10/2022,6,577
05/10/2022,7,1151
05/10/2022,8,1446
05/10/2022,9,908
05/10/2022,10,712
05/10/2022,11,922
05/10/2022,12,1064
05/10/2022,13,1157
05/10/2022,14,1253
05/10/2022,15,1543
05/10/2022,16,2155
05/10/2022,17,2599
05/10/2022,18,2157
05/10/2022,19,1423
05/10/2022,20,1005
05/10/2022,21,784
05/10/2022,22,658
05/10/2022,23,385
05/11/2019,0,29
05/11/2019,1,11
05/11/2019,2,5
05/11/2019,3,3
05/11/2019,4,33
05/11/2019,5,139
05/11/2019,6,482
05/11/2019,7,1049
05/11/2019,8,1291
05/11/2019,9,426
05/11/2019,10,265
05/11/2019,11,338
05/11/2019,12,378
05/11/2019,13,356
05/11/2019,14,324
05/11/2019,15,506
05/11/2019,16,1037
05/11/2019,17,1386
05/11/2019,18,801
05/11/2019,19,480
05/11/2019,20,256
05/11/2019,21,232
05/11/2019,22,119
05/11/2019,23,67
05/11/2020,0,62
05/11/2020,1,30
05/11/2020,2,9
05/11/2020,3,13
05/11/2020,4,18
05/11/2020,5,95
05/11/2020,6,336
05/11/2020,7,617
05/11/2020,8,645
05/11/2020,9,463
05/11/2020,10,410
05/11/2020,11,560
05/11/2020,12,694
05/11/2020,13,762
05/11/2020,14,757
05/11/2020,15,1001
05/11/2020,16,1335
05/11/2020,17,1420
05/11/2020,18,1147
05/11/2020,19,816
05/11/2020,20,464
05/11/2020,21,356
05/11/2020,22,288
05/11/2020,23,161
05/11/2021,0,194
05/11/2021,1,107
05/11/2021,2,53
05/11/2021,3,36
05/11/2021,4,34
05/11/2021,5,133
05/11/2021,6,367
05/11/2021,7,655
05/11/2021,8,807
05/11/2021,9,622
05/11/2021,10,643
05/11/2021,11,824
05/11/2021,12,974
05/11/2021,13,1024
05/11/2021,14,1069
05/11/2021,15,1214
05/11/2021,16,1559
05/11/2021,17,1719
05/11/2021,18,1382
05/11/2021,19,916
05/11/2021,20,674
05/11/2021,21,493
05/11/2021,22,458
05/11/2021,23,440
05/11/2022,0,466
05/11/2022,1,241
05/11/2022,2,83
05/11/2022,3,74
05/11/2022,4,35
05/11/2022,5,35
05/11/2022,6,205
05/11/2022,7,264
05/11/2022,8,412
05/11/2022,9,635
05/11/2022,10,678
05/11/2022,11,684
05/11/2022,12,459
05/11/2022,13,551
05/11/2022,14,763
05/11/2022,15,745
05/11/2022,16,704
05/11/2022,17,703
05/11/2022,18,669
05/11/2022,19,526
05/11/2022,20,394
05/11/2022,21,339
05/11/2022,22,411
05/11/2022,23,360
05/12/2019,0,32
05/12/2019,1,11
05/12/2019,2,13
05/12/2019,3,5
05/12/2019,4,25
05/12/2019,5,115
05/12/2019,6,302
05/12/2019,7,793
05/12/2019,8,1066
05/12/2019,9,437
05/12/2019,10,247
05/12/2019,11,278
05/12/2019,12,389
05/12/2019,13,330
05/12/2019,14,303
05/12/2019,15,466
05/12/2019,16,907
05/12/2019,17,1148
05/12/2019,18,735
05/12/2019,19,378
05/12/2019,20,249
05/12/2019,21,172
05/12/2019,22,254
05/12/2019,23,133
05/12/2020,0,80
05/12/2020,1,43
05/12/2020,2,24
05/12/2020,3,14
05/12/2020,4,13
05/12/2020,5,23
05/12/2020,6,52
05/12/2020,7,128
05/12/2020,8,164
05/12/2020,9,317
05/12/2020,10,418
05/12/2020,11,524
05/12/2020,12,609
05/12/2020,13,576
05/12/2020,14,641
05/12/2020,15,525
05/12/2020,16,462
05/12/2020,17,348
05/12/2020,18,310
05/12/2020,19,230
05/12/2020,20,188
05/12/2020,21,126
05/12/2020,22,137
05/12/2020,23,107
05/12/2021,0,329
05/12/2021,1,226
05/12/2021,2,155
05/12/2021,3,54
05/12/2021,4,51
05/12/2021,5,43
05/12/2021,6,94
05/12/2021,7,120
05/12/2021,8,210
05/12/2021,9,208
05/12/2021,10,305
05/12/2021,11,324
05/12/2021,12,232
05/12/2021,13,246
05/12/2021,14,348
05/12/2021,15,376
05/12/2021,16,277
05/12/2021,17,232
05/12/2021,18,215
05/12/2021,19,219
05/12/2021,20,189
05/12/2021,21,195
05/12/2021,22,157
05/12/2021,23,121
05/12/2022,0,60
05/12/2022,1,30
05/12/2022,2,17
05/12/2022,3,16
05/12/2022,4,21
05/12/2022,5,99
05/12/2022,6,314
05/12/2022,7,566
05/12/2022,8,684
05/12/2022,9,354
05/12/2022,10,289
05/12/2022,11,344
05/12/2022,12,458
05/12/2022,13,396
05/12/2022,14,468
05/12/2022,15,611
05/12/2022,16,881
05/12/2022,17,1099
05/12/2022,18,754
05/12/2022,19,538
05/12/2022,20,333
05/12/2022,21,250
05/12/2022,22,175
05/12/2022,23,105
06/01/2019,0,75
06/01/2019,1,44
06/01/2019,2,27
06/01/2019,3,16
06/01/2019,4,5
06/01/2019,5,12
06/01/2019,6,20
06/01/2019,7,39
06/01/2019,8,103
06/01/2019,9,184
06/01/2019,10,273
06/01/2019,11,336
06/01/2019,12,370
06/01/2019,13,343
06/01/2019,14,347
06/01/2019,15,388
06/01/2019,16,230
06/01/2019,17,188
06/01/2019,18,164
06/01/2019,19,280
06/01/2019,20,102
06/01/2019,21,56
06/01/2019,22,58
06/01/2019,23,17
06/01/2020,0,13
06/01/2020,1,6
06/01/2020,2,9
06/01/2020,3,6
06/01/2020,4,16
06/01/2020,5,108
06/01/2020,6,315
06/01/2020,7,703
06/01/2020,8,887
06/01/2020,9,293
06/01/2020,10,161
06/01/2020,11,190
06/01/2020,12,252
06/01/2020,13,224
06/01/2020,14,244
06/01/2020,15,351
06/01/2020,16,825
06/01/2020,17,1100
06/01/2020,18,624
06/01/2020,19,350
06/01/2020,20,168
06/01/2020,21,130
06/01/2020,22,77
06/01/2020,23,21
06/01/2021,0,13
06/01/2021,1,3
06/01/2021,2,3
06/01/2021,3,6
06/01/2021,4,10
06/01/2021,5,44
06/01/2021,6,143
06/01/2021,7,222
06/01/2021,8,263
06/01/2021,9,157
06/01/2021,10,163
06/01/2021,11,228
06/01/2021,12,252
06/01/2021,13,245
06/01/2021,14,224
06/01/2021,15,269
06/01/2021,16,361
06/01/2021,17,394
06/01/2021,18,373
06/01/2021,19,192
06/01/2021,20,130
06/01/2021,21,83
06/01/2021,22,71
06/01/2021,23,35
06/01/2022,0,14
06/01/2022,1,5
06/01/2022,2,5
06/01/2022,3,3
06/01/2022,4,10
06/01/2022,5,43
06/01/2022,6,97
06/01/2022,7,163
06/01/2022,8,201
06/01/2022,9,134
06/01/2022,10,108
06/01/2022,11,130
06/01/2022,12,160
06/01/2022,13,165
06/01/2022,14,164
06/01/2022,15,204
06/01/2022,16,264
06/01/2022,17,320
06/01/2022,18,214
06/01/2022,19,183
06/01/2022,20,107
06/01/2022,21,72
06/01/2022,22,55
06/01/2022,23,31
06/02/2019,0,9
06/02/2019,1,4
06/02/2019,2,5
06/02/2019,3,4
06/02/2019,4,9
06/02/2019,5,63
06/02/2019,6,229
06/02/2019,7,513
06/02/2019,8,661
06/02/2019,9,257
06/02/2019,10,156
06/02/2019,11,167
06/02/2019,12,205
06/02/2019,13,191
06/02/2019,14,205
06/02/2019,15,288
06/02/2019,16,622
06/02/2019,17,880
06/02/2019,18,475
06/02/2019,19,223
06/02/2019,20,122
06/02/2019,21,101
06/02/2019,22,62
06/02/2019,23,33
06/02/2020,0,9
06/02/2020,1,7
06/02/2020,2,3
06/02/2020,3,2
06/02/2020,4,11
06/02/2020,5,48
06/02/2020,6,146
06/02/2020,7,326
06/02/2020,8,310
06/02/2020,9,149
06/02/2020,10,103
06/02/2020,11,90
06/02/2020,12,111
06/02/2020,13,93
06/02/2020,14,104
06/02/2020,15,179
06/02/2020,16,447
06/02/2020,17,450
06/02/2020,18,240
06/02/2020,19,155
06/02/2020,20,106
06/02/2020,21,71
06/02/2020,22,59
06/02/2020,23,28
06/02/2021,0,10
06/02/2021,1,7
06/02/2021,2,1
06/02/2021,3,1
06/02/2021,4,2
06/02/2021,5,8
06/02/2021,6,13
06/02/2021,7,23
06/02/2021,8,34
06/02/2021,9,37
06/02/2021,10,90
06/02/2021,11,93
06/02/2021,12,103
06/02/2021,13,87
06/02/2021,14,75
06/02/2021,15,69
06/02/2021,16,62
06/02/2021,17,47
06/02/2021,18,31
06/02/2021,19,19
06/02/2021,20,15
06/02/2021,21,7
06/02/2021,22,8
06/02/2021,23,17
06/02/2022,0,61
06/02/2022,1,32
06/02/2022,2,24
06/02/2022,3,16
06/02/2022,4,12
06/02/2022,5,20
06/02/2022,6,28
06/02/2022,7,42
06/02/2022,8,69
06/02/2022,9,109
06/02/2022,10,133
06/02/2022,11,193
06/02/2022,12,203
06/02/2022,13,264
06/02/2022,14,258
06/02/2022,15,231
06/02/2022,16,223
06/02/2022,17,213
06/02/2022,18,154
06/02/2022,19,99
06/02/2022,20,85
06/02/2022,21,84
06/02/2022,22,43
06/02/2022,23,38
06/03/2019,0,10
06/03/2019,1,2
06/03/2019,2,3
06/03/2019,3,4
06/03/2019,4,13
06/03/2019,5,56
06/03/2019,6,173
06/03/2019,7,408
06/03/2019,8,496
06/03/2019,9,200
06/03/2019,10,106
06/03/2019,11,139
06/03/2019,12,136
06/03/2019,13,156
06/03/2019,14,151
06/03/2019,15,210
06/03/2019,16,485
06/03/2019,17,644
06/03/2019,18,414
06/03/2019,19,245
06/03/2019,20,166
06/03/2019,21,95
06/03/2019,22,57
06/03/2019,23,26
06/03/2020,0,16
06/03/2020,1,13
06/03/2020,2,6
06/03/2020,3,4
06/03/2020,4,9
06/03/2020,5,94
06/03/2020,6,269
06/03/2020,7,607
06/03/2020,8,748
06/03/2020,9,351
06/03/2020,10,227
06/03/2020,11,208
06/03/2020,12,256
06/03/2020,13,256
06/03/2020,14,264
06/03/2020,15,389
06/03/2020,16,675
06/03/2020,17,774
06/03/2020,18,416
06/03/2020,19,203
06/03/2020,20,138
06/03/2020,21,102
06/03/2020,22,67
06/03/2020,23,46
06/03/2021,0,69
06/03/2021,1,77
06/03/2021,2,27
06/03/2021,3,13
06/03/2021,4,10
06/03/2021,5,22
06/03/2021,6,57
06/03/2021,7,96
06/03/2021,8,199
06/03/2021,9,326
06/03/2021,10,426
06/03/2021,11,548
06/03/2021,12,670
06/03/2021,13,763
06/03/2021,14,807
06/03/2021,15,753
06/03/2021,16,562
06/03/2021,17,488
06/03/2021,18,302
06/03/2021,19,221
06/03/2021,20,166
06/03/2021,21,105
06/03/2021,22,106
06/03/2021,23,91
06/03/2022,0,158
06/03/2022,1,158
06/03/2022,2,85
06/03/2022,3,65
06/03/2022,4,22
06/03/2022,5,27
06/03/2022,6,45
06/03/2022,7,82
06/03/2022,8,158
06/03/2022,9,251
06/03/2022,10,384
06/03/2022,11,442
06/03/2022,12,553
06/03/2022,13,545
06/03/2022,14,620
06/03/2022,15,598
06/03/2022,16,614
06/03/2022,17,581
06/03/2022,18,375
06/03/2022,19,285
06/03/2022,20,215
06/03/2022,21,146
06/03/2022,22,145
06/03/2022,23,54
06/04/2020,0,13
06/04/2020,1,3
06/04/2020,4,3
06/04/2020,5,21
06/04/2020,6,63
06/04/2020,7,93
06/04/2020,8,112
06/04/2020,9,70
06/04/2020,10,106
06/04/2020,11,155
06/04/2020,12,197
06/04/2020,13,224
06/04/2020,14,199
06/04/2020,15,174
06/04/2020,16,222
06/04/2020,17,248
06/04/2020,18,212
06/04/2020,19,149
06/04/2020,20,75
06/04/2020,21,44
06/04/2020,22,31
06/04/2020,23,13
06/04/2021,0,130
06/04/2021,1,73
06/04/2021,2,30
06/04/2021,3,25
06/04/2021,4,23
06/04/2021,5,109
06/04/2021,6,297
06/04/2021,7,568
06/04/2021,8,597
06/04/2021,9,449
06/04/2021,10,523
06/04/2021,11,614
06/04/2021,12,909
06/04/2021,13,891
06/04/2021,14,890
06/04/2021,15,1069
06/04/2021,16,1585
06/04/2021,17,2428
06/04/2021,18,2057
06/04/2021,19,1458
06/04/2021,20,971
06/04/2021,21,738
06/04/2021,22,583
06/04/2021,23,296
06/04/2022,0,69
06/04/2022,1,17
06/04/2022,2,12
06/04/2022,3,5
06/04/2022,4,10
06/04/2022,5,83
06/04/2022,6,153
06/04/2022,7,333
06/04/2022,8,600
06/04/2022,9,468
06/04/2022,10,442
06/04/2022,11,542
06/04/2022,12,663
06/04/2022,13,685
06/04/2022,14,680
06/04/2022,15,850
06/04/2022,16,1118
06/04/2022,17,1590
06/04/2022,18,1220
06/04/2022,19,714
06/04/2022,20,537
06/04/2022,21,477
06/04/2022,22,298
06/04/2022,23,162
06/05/2020,0,9
06/05/2020,1,4
06/05/2020,2,7
06/05/2020,3,6
06/05/2020,4,4
06/05/2020,5,20
06/05/2020,6,105
06/05/2020,7,146
06/05/2020,8,150
06/05/2020,9,146
06/05/2020,10,169
06/05/2020,11,209
06/05/2020,12,301
06/05/2020,13,294
06/05/2020,14,341
06/05/2020,15,406
06/05/2020,16,504
06/05/2020,17,661
06/05/2020,18,578
06/05/2020,19,358
06/05/2020,20,182
06/05/2020,21,71
06/05/2020,22,61
06/05/2020,23,43
06/05/2021,0,109
06/05/2021,1,61
06/05/2021,2,21
06/05/2021,3,17
06/05/2021,4,30
06/05/2021,5,88
06/05/2021,6,188
06/05/2021,7,283
06/05/2021,8,345
06/05/2021,9,248
06/05/2021,10,247
06/05/2021,11,342
06/05/2021,12,350
06/05/2021,13,366
06/05/2021,14,453
06/05/2021,15,585
06/05/2021,16,945
06/05/2021,17,1347
06/05/2021,18,1201
06/05/2021,19,903
06/05/2021,20,534
06/05/2021,21,388
06/05/2021,22,289
06/05/2021,23,234
06/05/2022,0,116
06/05/2022,1,64
06/05/2022,2,48
06/05/2022,3,31
06/05/2022,4,33
06/05/2022,5,75
06/05/2022,6,198
06/05/2022,7,259
06/05/2022,8,329
06/05/2022,9,289
06/05/2022,10,246
06/05/2022,11,354
06/05/2022,12,480
06/05/2022,13,327
06/05/2022,14,315
06/05/2022,15,393
06/05/2022,16,639
06/05/2022,17,831
06/05/2022,18,853
06/05/2022,19,672
06/05/2022,20,469
06/05/2022,21,404
06/05/2022,22,373
06/05/2022,23,353
06/06/2020,6,127
06/06/2020,7,209
06/06/2020,8,362
06/06/2020,9,627
06/06/2020,10,1202
06/06/2020,11,1176
06/06/2020,12,1305
06/06/2020,13,1501
06/06/2020,14,1828
06/06/2020,15,1747
06/06/2020,16,1474
06/06/2020,17,1460
06/06/2020,18,1190
06/06/2020,19,1014
06/06/2020,20,17
06/06/2021,0,1165
06/06/2021,1,743
06/06/2021,2,553
06/06/2021,3,270
06/06/2021,4,170
06/06/2021,5,119
06/06/2021,6,166
06/06/2021,7,306
06/06/2021,8,620
06/06/2021,9,987
06/06/2021,10,1464
06/06/2021,11,1867
06/06/2021,12,2245
06/06/2021,13,2320
06/06/2021,14,2264
06/06/2021,15,2394
06/06/2021,16,2265
06/06/2021,17,2107
06/06/2021,18,1858
06/06/2021,19,1622
06/06/2021,20,1387
06/06/2021,21,988
06/06/2021,22,766
06/06/2021,23,466
06/06/2022,0,214
06/06/2022,1,138
06/06/2022,2,66
06/06/2022,3,39
06/06/2022,4,48
06/06/2022,5,214
06/06/2022,6,550
06/06/2022,7,817
06/06/2022,8,584
06/06/2022,9,202
06/06/2022,10,208
06/06/2022,11,391
06/06/2022,12,532
06/06/2022,13,454
06/06/2022,14,742
06/06/2022,15,1115
06/06/2022,16,1567
06/06/2022,17,2036
06/06/2022,18,1785
06/06/2022,19,1251
06/06/2022,20,466
06/06/2022,21,230
06/06/2022,22,215
06/06/2022,23,140
06/07/2019,0,247
06/07/2019,1,136
06/07/2019,2,91
06/07/2019,3,45
06/07/2019,4,25
06/07/2019,5,60
06/07/2019,6,123
06/07/2019,7,224
06/07/2019,8,525
06/07/2019,9,790
06/07/2019,10,1136
06/07/2019,11,1506
06/07/2019,12,1404
06/07/2019,13,1569
06/07/2019,14,1619
06/07/2019,15,1695
06/07/2019,16,1637
06/07/2019,17,1306
06/07/2019,18,1218
06/07/2019,19,1046
06/07/2019,20,837
06/07/2019,21,569
06/07/2019,22,415
06/07/2019,23,264
06/07/2020,0,195
06/07/2020,1,118
06/07/2020,2,91
06/07/2020,3,50
06/07/2020,4,40
06/07/2020,5,129
06/07/2020,6,319
06/07/2020,7,586
06/07/2020,8,597
06/07/2020,9,480
06/07/2020,10,521
06/07/2020,11,664
06/07/2020,12,745
06/07/2020,13,833
06/07/2020,14,777
06/07/2020,15,848
06/07/2020,16,1143
06/07/2020,17,1572
06/07/2020,18,1585
06/07/2020,19,1303
06/07/2020,20,899
06/07/2020,21,645
06/07/2020,22,474
06/07/2020,23,212
06/07/2021,0,247
06/07/2021,1,125
06/07/2021,2,93
06/07/2021,3,61
06/07/2021,4,72
06/07/2021,5,204
06/07/2021,6,593
06/07/2021,7,1015
06/07/2021,8,1079
06/07/2021,9,747
06/07/2021,10,775
06/07/2021,11,979
06/07/2021,12,1206
06/07/2021,13,1158
06/07/2021,14,1204
06/07/2021,15,1349
06/07/2021,16,1823
06/07/2021,17,2570
06/07/2021,18,2413
06/07/2021,19,1973
06/07/2021,20,1487
06/07/2021,21,1013
06/07/2021,22,911
06/07/2021,23,530
06/07/2022,0,130
06/07/2022,1,51
06/07/2022,2,15
06/07/2022,3,18
06/07/2022,4,56
06/07/2022,5,137
06/07/2022,6,452
06/07/2022,7,992
06/07/2022,8,1257
06/07/2022,9,832
06/07/2022,10,712
06/07/2022,11,919
06/07/2022,12,1100
06/07/2022,13,1103
06/07/2022,14,1060
06/07/2022,15,1332
06/07/2022,16,1956
06/07/2022,17,2722
06/07/2022,18,2447
06/07/2022,19,1892
06/07/2022,20,1491
06/07/2022,21,1001
06/07/2022,22,672
06/07/2022,23,405
06/08/2019,0,79
06/08/2019,1,34
06/08/2019,2,9
06/08/2019,3,9
06/08/2019,4,28
06/08/2019,5,177
06/08/2019,6,678
06/08/2019,7,1472
06/08/2019,8,1745
06/08/2019,9,781
06/08/2019,10,588
06/08/2019,11,656
06/08/2019,12,817
06/08/2019,13,803
06/08/2019,14,764
06/08/2019,15,1006
06/08/2019,16,1951
06/08/2019,17,2993
06/08/2019,18,2027
06/08/2019,19,1415
06/08/2019,20,881
06/08/2019,21,647
06/08/2019,22,454
06/08/2019,23,210
06/08/2020,0,156
06/08/2020,1,88
06/08/2020,2,23
06/08/2020,3,24
06/08/2020,4,28
06/08/2020,5,170
06/08/2020,6,457
06/08/2020,7,737
06/08/2020,8,797
06/08/2020,9,597
06/08/2020,10,628
06/08/2020,11,847
06/08/2020,12,999
06/08/2020,13,936
06/08/2020,14,955
06/08/2020,15,1126
06/08/2020,16,1567
06/08/2020,17,2410
06/08/2020,18,2289
06/08/2020,19,1826
06/08/2020,20,1322
06/08/2020,21,828
06/08/2020,22,592
06/08/2020,23,435
06/08/2021,0,400
06/08/2021,1,234
06/08/2021,2,148
06/08/2021,3,78
06/08/2021,4,87
06/08/2021,5,212
06/08/2021,6,556
06/08/2021,7,877
06/08/2021,8,1092
06/08/2021,9,912
06/08/2021,10,1022
06/08/2021,11,1338
06/08/2021,12,1562
06/08/2021,13,1333
06/08/2021,14,1568
06/08/2021,15,1797
06/08/2021,16,2316
06/08/2021,17,2759
06/08/2021,18,2624
06/08/2021,19,2162
06/08/2021,20,1428
06/08/2021,21,1009
06/08/2021,22,568
06/08/2021,23,794
06/08/2022,0,802
06/08/2022,1,609
06/08/2022,2,343
06/08/2022,3,180
06/08/2022,4,114
06/08/2022,5,144
06/08/2022,6,304
06/08/2022,7,524
06/08/2022,8,897
06/08/2022,9,1311
06/08/2022,10,1715
06/08/2022,11,2056
06/08/2022,12,2217
06/08/2022,13,2210
06/08/2022,14,2110
06/08/2022,15,2188
06/08/2022,16,2295
06/08/2022,17,2207
06/08/2022,18,2060
06/08/2022,19,1745
06/08/2022,20,1397
06/08/2022,21,1223
06/08/2022,22,1316
06/08/2022,23,1048
06/09/2019,0,104
06/09/2019,1,57
06/09/2019,2,39
06/09/2019,3,19
06/09/2019,4,48
06/09/2019,5,201
06/09/2019,6,619
06/09/2019,7,1447
06/09/2019,8,1601
06/09/2019,9,695
06/09/2019,10,532
06/09/2019,11,721
06/09/2019,12,818
06/09/2019,13,844
06/09/2019,14,830
06/09/2019,15,1128
06/09/2019,16,1823
06/09/2019,17,2064
06/09/2019,18,1190
06/09/2019,19,841
06/09/2019,20,541
06/09/2019,21,399
06/09/2019,22,320
06/09/2019,23,257
06/09/2020,0,434
06/09/2020,1,263
06/09/2020,2,144
06/09/2020,3,107
06/09/2020,4,53
06/09/2020,5,34
06/09/2020,6,44
06/09/2020,7,41
06/09/2020,8,38
06/09/2020,9,105
06/09/2020,10,319
06/09/2020,11,724
06/09/2020,12,1025
06/09/2020,13,1111
06/09/2020,14,1520
06/09/2020,15,1652
06/09/2020,16,1794
06/09/2020,17,1871
06/09/2020,18,1840
06/09/2020,19,1370
06/09/2020,20,902
06/09/2020,21,704
06/09/2020,22,644
06/09/2020,23,468
06/09/2021,0,682
06/09/2021,1,461
06/09/2021,2,300
06/09/2021,3,240
06/09/2021,4,220
06/09/2021,5,136
06/09/2021,6,235
06/09/2021,7,374
06/09/2021,8,604
06/09/2021,9,1089
06/09/2021,10,1577
06/09/2021,11,1992
06/09/2021,12,2553
06/09/2021,13,2585
06/09/2021,14,2393
06/09/2021,15,2471
06/09/2021,16,2551
06/09/2021,17,2359
06/09/2021,18,2038
06/09/2021,19,1470
06/09/2021,20,1043
06/09/2021,21,747
06/09/2021,22,568
06/09/2021,23,345
06/09/2022,0,209
06/09/2022,1,111
06/09/2022,2,65
06/09/2022,3,43
06/09/2022,4,63
06/09/2022,5,199
06/09/2022,6,672
06/09/2022,7,1302
06/09/2022,8,1496
06/09/2022,9,885
06/09/2022,10,771
06/09/2022,11,948
06/09/2022,12,1109
06/09/2022,13,1108
06/09/2022,14,1078
06/09/2022,15,1447
06/09/2022,16,2213
06/09/2022,17,2856
06/09/2022,18,2434
06/09/2022,19,1679
06/09/2022,20,1096
06/09/2022,21,927
06/09/2022,22,636
06/09/2022,23,311
06/10/2019,0,158
06/10/2019,1,87
06/10/2019,2,73
06/10/2019,3,49
06/10/2019,4,30
06/10/2019,5,39
06/10/2019,6,65
06/10/2019,7,171
06/10/2019,8,344
06/10/2019,9,617
06/10/2019,10,869
06/10/2019,11,1276
06/10/2019,12,1294
06/10/2019,13,1189
06/10/2019,14,1202
06/10/2019,15,1689
06/10/2019,16,1216
06/10/2019,17,1038
06/10/2019,18,728
06/10/2019,19,446
06/10/2019,20,304
06/10/2019,21,258
06/10/2019,22,155
06/10/2019,23,99
06/10/2020,0,79
06/10/2020,1,34
06/10/2020,2,10
06/10/2020,3,7
06/10/2020,4,27
06/10/2020,5,106
06/10/2020,6,387
06/10/2020,7,738
06/10/2020,8,831
06/10/2020,9,522
06/10/2020,10,509
06/10/2020,11,730
06/10/2020,12,795
06/10/2020,13,859
06/10/2020,14,815
06/10/2020,15,1077
06/10/2020,16,1550
06/10/2020,17,2352
06/10/2020,18,1974
06/10/2020,19,1042
06/10/2020,20,695
06/10/2020,21,468
06/10/2020,22,345
06/10/2020,23,174
06/10/2021,0,161
06/10/2021,1,76
06/10/2021,2,42
06/10/2021,3,41
06/10/2021,4,53
06/10/2021,5,210
06/10/2021,6,626
06/10/2021,7,1232
06/10/2021,8,1384
06/10/2021,9,932
06/10/2021,10,733
06/10/2021,11,893
06/10/2021,12,1011
06/10/2021,13,1050
06/10/2021,14,1031
06/10/2021,15,1436
06/10/2021,16,1932
06/10/2021,17,2641
06/10/2021,18,2175
06/10/2021,19,1390
06/10/2021,20,1037
06/10/2021,21,809
06/10/2021,22,618
06/10/2021,23,405
06/10/2022,0,202
06/10/2022,1,112
06/10/2022,2,63
06/10/2022,3,36
06/10/2022,4,37
06/10/2022,5,172
06/10/2022,6,557
06/10/2022,7,1176
06/10/2022,8,1425
06/10/2022,9,906
06/10/2022,10,737
06/10/2022,11,889
06/10/2022,12,1148
06/10/2022,13,1130
06/10/2022,14,1170
06/10/2022,15,1489
06/10/2022,16,1185
06/10/2022,17,1153
06/10/2022,18,1188
06/10/2022,19,899
06/10/2022,20,689
06/10/2022,21,619
06/10/2022,22,508
06/10/2022,23,334
06/11/2019,0,18
06/11/2019,1,11
06/11/2019,2,8
06/11/2019,3,9
06/11/2019,4,17
06/11/2019,5,150
06/11/2019,6,446
06/11/2019,7,993
06/11/2019,8,1242
06/11/2019,9,449
06/11/2019,10,282
06/11/2019,11,337
06/11/2019,12,377
06/11/2019,13,365
06/11/2019,14,398
06/11/2019,15,502
06/11/2019,16,1036
06/11/2019,17,1319
06/11/2019,18,726
06/11/2019,19,394
06/11/2019,20,232
06/11/2019,21,146
06/11/2019,22,69
06/11/2019,23,45
06/11/2020,0,61
06/11/2020,1,42
06/11/2020,2,16
06/11/2020,3,20
06/11/2020,4,19
06/11/2020,5,110
06/11/2020,6,340
06/11/2020,7,599
06/11/2020,8,606
06/11/2020,9,556
06/11/2020,10,579
06/11/2020,11,734
06/11/2020,12,1010
06/11/2020,13,1111
06/11/2020,14,1282
06/11/2020,15,1538
06/11/2020,16,1688
06/11/2020,17,1656
06/11/2020,18,1270
06/11/2020,19,927
06/11/2020,20,659
06/11/2020,21,439
06/11/2020,22,439
06/11/2020,23,343
06/11/2021,0,387
06/11/2021,1,282
06/11/2021,2,153
06/11/2021,3,83
06/11/2021,4,44
06/11/2021,5,45
06/11/2021,6,104
06/11/2021,7,219
06/11/2021,8,400
06/11/2021,9,756
06/11/2021,10,997
06/11/2021,11,1267
06/11/2021,12,1623
06/11/2021,13,1700
06/11/2021,14,1855
06/11/2021,15,1817
06/11/2021,16,1647
06/11/2021,17,1545
06/11/2021,18,1268
06/11/2021,19,778
06/11/2021,20,576
06/11/2021,21,588
06/11/2021,22,522
06/11/2021,23,463
06/11/2022,0,317
06/11/2022,1,429
06/11/2022,2,78
06/11/2022,3,35
06/11/2022,4,43
06/11/2022,5,53
06/11/2022,6,134
06/11/2022,7,264
06/11/2022,8,435
06/11/2022,9,791
06/11/2022,10,1085
06/11/2022,11,1388
06/11/2022,12,1388
06/11/2022,13,1383
06/11/2022,14,1367
06/11/2022,15,1777
06/11/2022,16,1493
06/11/2022,17,991
06/11/2022,18,806
06/11/2022,19,600
06/11/2022,20,484
06/11/2022,21,367
06/11/2022,22,254
06/11/2022,23,173
06/12/2019,0,46
06/12/2019,1,19
06/12/2019,2,11
06/12/2019,3,10
06/12/2019,4,27
06/12/2019,5,101
06/12/2019,6,297
06/12/2019,7,683
06/12/2019,8,872
06/12/2019,9,390
06/12/2019,10,226
06/12/2019,11,291
06/12/2019,12,319
06/12/2019,13,297
06/12/2019,14,330
06/12/2019,15,443
06/12/2019,16,817
06/12/2019,17,824
06/12/2019,18,478
06/12/2019,19,268
06/12/2019,20,158
06/12/2019,21,119
06/12/2019,22,112
06/12/2019,23,83
06/12/2020,0,90
06/12/2020,1,49
06/12/2020,2,35
06/12/2020,3,17
06/12/2020,4,13
06/12/2020,5,24
06/12/2020,6,42
06/12/2020,7,76
06/12/2020,8,131
06/12/2020,9,200
06/12/2020,10,332
06/12/2020,11,426
06/12/2020,12,400
06/12/2020,13,444
06/12/2020,14,376
06/12/2020,15,361
06/12/2020,16,328
06/12/2020,17,240
06/12/2020,18,233
06/12/2020,19,127
06/12/2020,20,143
06/12/2020,21,94
06/12/2020,22,64
06/12/2020,23,33
06/12/2021,0,68
06/12/2021,1,21
06/12/2021,2,16
06/12/2021,3,17
06/12/2021,4,26
06/12/2021,5,124
06/12/2021,6,280
06/12/2021,7,535
06/12/2021,8,687
06/12/2021,9,357
06/12/2021,10,285
06/12/2021,11,392
06/12/2021,12,453
06/12/2021,13,430
06/12/2021,14,414
06/12/2021,15,528
06/12/2021,16,730
06/12/2021,17,869
06/12/2021,18,550
06/12/2021,19,330
06/12/2021,20,233
06/12/2021,21,181
06/12/2021,22,139
06/12/2021,23,98
06/12/2022,0,67
06/12/2022,1,33
06/12/2022,2,15
06/12/2022,3,23
06/12/2022,4,32
06/12/2022,5,112
06/12/2022,6,406
06/12/2022,7,775
06/12/2022,8,899
06/12/2022,9,466
06/12/2022,10,313
06/12/2022,11,395
06/12/2022,12,438
06/12/2022,13,422
06/12/2022,14,471
06/12/2022,15,678
06/12/2022,16,920
06/12/2022,17,1217
06/12/2022,18,845
06/12/2022,19,535
06/12/2022,20,420
06/12/2022,21,304
06/12/2022,22,278
06/12/2022,23,142
07/01/2019,0,13
07/01/2019,1,10
07/01/2019,2,7
07/01/2019,3,7
07/01/2019,4,25
07/01/2019,5,70
07/01/2019,6,290
07/01/2019,7,362
07/01/2019,8,307
07/01/2019,9,95
07/01/2019,10,51
07/01/2019,11,69
07/01/2019,12,114
07/01/2019,13,114
07/01/2019,14,85
07/01/2019,15,213
07/01/2019,16,656
07/01/2019,17,937
07/01/2019,18,559
07/01/2019,19,319
07/01/2019,20,189
07/01/2019,21,125
07/01/2019,22,73
07/01/2019,23,41
07/01/2020,0,13
07/01/2020,1,6
07/01/2020,2,3
07/01/2020,3,6
07/01/2020,4,24
07/01/2020,5,101
07/01/2020,6,333
07/01/2020,7,736
07/01/2020,8,957
07/01/2020,9,361
07/01/2020,10,161
07/01/2020,11,201
07/01/2020,12,258
07/01/2020,13,238
07/01/2020,14,231
07/01/2020,15,373
07/01/2020,16,833
07/01/2020,17,1119
07/01/2020,18,630
07/01/2020,19,309
07/01/2020,20,177
07/01/2020,21,135
07/01/2020,22,71
07/01/2020,23,21
07/01/2021,0,27
07/01/2021,1,13
07/01/2021,2,4
07/01/2021,3,11
07/01/2021,4,14
07/01/2021,5,51
07/01/2021,6,122
07/01/2021,7,222
07/01/2021,8,243
07/01/2021,9,172
07/01/2021,10,154
07/01/2021,11,215
07/01/2021,12,244
07/01/2021,13,216
07/01/2021,14,223
07/01/2021,15,261
07/01/2021,16,333
07/01/2021,17,421
07/01/2021,18,354
07/01/2021,19,227
07/01/2021,20,150
07/01/2021,21,94
07/01/2021,22,67
07/01/2021,23,42
07/01/2022,0,9
07/01/2022,1,6
07/01/2022,2,7
07/01/2022,3,4
07/01/2022,4,6
07/01/2022,5,38
07/01/2022,6,63
07/01/2022,7,121
07/01/2022,8,150
07/01/2022,9,87
07/01/2022,10,76
07/01/2022,11,121
07/01/2022,12,138
07/01/2022,13,146
07/01/2022,14,166
07/01/2022,15,223
07/01/2022,16,268
07/01/2022,17,261
07/01/2022,18,190
07/01/2022,19,123
07/01/2022,20,77
07/01/2022,21,52
07/01/2022,22,53
07/01/2022,23,41
07/02/2019,0,14
07/02/2019,1,9
07/02/2019,2,10
07/02/2019,3,8
07/02/2019,4,4
07/02/2019,5,38
07/02/2019,6,117
07/02/2019,7,322
07/02/2019,8,519
07/02/2019,9,201
07/02/2019,10,139
07/02/2019,11,134
07/02/2019,12,109
07/02/2019,13,106
07/02/2019,14,114
07/02/2019,15,170
07/02/2019,16,465
07/02/2019,17,722
07/02/2019,18,356
07/02/2019,19,183
07/02/2019,20,104
07/02/2019,21,56
07/02/2019,22,39
07/02/2019,23,17
07/02/2020,0,10
07/02/2020,1,5
07/02/2020,2,6
07/02/2020,3,4
07/02/2020,4,6
07/02/2020,5,63
07/02/2020,6,185
07/02/2020,7,438
07/02/2020,8,610
07/02/2020,9,254
07/02/2020,10,145
07/02/2020,11,191
07/02/2020,12,239
07/02/2020,13,220
07/02/2020,14,210
07/02/2020,15,353
07/02/2020,16,690
07/02/2020,17,733
07/02/2020,18,363
07/02/2020,19,184
07/02/2020,20,117
07/02/2020,21,107
07/02/2020,22,59
07/02/2020,23,55
07/02/2021,0,8
07/02/2021,1,2
07/02/2021,2,3
07/02/2021,3,1
07/02/2021,5,1
07/02/2021,6,8
07/02/2021,7,7
07/02/2021,8,12
07/02/2021,9,22
07/02/2021,10,26
07/02/2021,11,33
07/02/2021,12,43
07/02/2021,13,62
07/02/2021,14,56
07/02/2021,15,56
07/02/2021,16,65
07/02/2021,17,65
07/02/2021,18,27
07/02/2021,19,9
07/02/2021,20,9
07/02/2021,21,22
07/02/2021,22,21
07/02/2021,23,11
07/02/2022,0,16
07/02/2022,1,7
07/02/2022,2,13
07/02/2022,3,6
07/02/2022,4,12
07/02/2022,5,73
07/02/2022,6,117
07/02/2022,7,250
07/02/2022,8,267
07/02/2022,9,166
07/02/2022,10,120
07/02/2022,11,153
07/02/2022,12,184
07/02/2022,13,181
07/02/2022,14,184
07/02/2022,15,257
07/02/2022,16,352
07/02/2022,17,412
07/02/2022,18,313
07/02/2022,19,216
07/02/2022,20,141
07/02/2022,21,127
07/02/2022,22,82
07/02/2022,23,33
07/03/2019,0,15
07/03/2019,1,6
07/03/2019,2,4
07/03/2019,3,6
07/03/2019,4,14
07/03/2019,5,57
07/03/2019,6,213
07/03/2019,7,450
07/03/2019,8,608
07/03/2019,9,227
07/03/2019,10,129
07/03/2019,11,123
07/03/2019,12,169
07/03/2019,13,176
07/03/2019,14,137
07/03/2019,15,243
07/03/2019,16,522
07/03/2019,17,710
07/03/2019,18,382
07/03/2019,19,234
07/03/2019,20,137
07/03/2019,21,95
07/03/2019,22,70
07/03/2019,23,27
07/03/2020,0,34
07/03/2020,1,35
07/03/2020,2,15
07/03/2020,3,7
07/03/2020,4,3
07/03/2020,5,10
07/03/2020,6,42
07/03/2020,7,90
07/03/2020,8,183
07/03/2020,9,263
07/03/2020,10,392
07/03/2020,11,542
07/03/2020,12,625
07/03/2020,13,766
07/03/2020,14,779
07/03/2020,15,796
07/03/2020,16,703
07/03/2020,17,493
07/03/2020,18,312
07/03/2020,19,216
07/03/2020,20,143
07/03/2020,21,109
07/03/2020,22,91
07/03/2020,23,54
07/03/2021,0,126
07/03/2021,1,80
07/03/2021,2,19
07/03/2021,3,8
07/03/2021,4,12
07/03/2021,5,16
07/03/2021,6,41
07/03/2021,7,114
07/03/2021,8,151
07/03/2021,9,232
07/03/2021,10,370
07/03/2021,11,512
07/03/2021,12,675
07/03/2021,13,739
07/03/2021,14,774
07/03/2021,15,684
07/03/2021,16,625
07/03/2021,17,518
07/03/2021,18,281
07/03/2021,19,175
07/03/2021,20,114
07/03/2021,21,122
07/03/2021,22,54
07/03/2021,23,42
07/03/2022,0,14
07/03/2022,1,9
07/03/2022,2,14
07/03/2022,3,1
07/03/2022,4,9
07/03/2022,5,65
07/03/2022,6,104
07/03/2022,7,175
07/03/2022,8,259
07/03/2022,9,130
07/03/2022,10,107
07/03/2022,11,160
07/03/2022,12,221
07/03/2022,13,234
07/03/2022,14,298
07/03/2022,15,361
07/03/2022,16,540
07/03/2022,17,655
07/03/2022,18,471
07/03/2022,19,306
07/03/2022,20,240
07/03/2022,21,159
07/03/2022,22,128
07/03/2022,23,62
07/04/2020,0,5
07/04/2020,1,1
07/04/2020,2,2
07/04/2020,3,5
07/04/2020,4,5
07/04/2020,5,15
07/04/2020,6,80
07/04/2020,7,114
07/04/2020,8,147
07/04/2020,9,118
07/04/2020,10,130
07/04/2020,11,252
07/04/2020,12,334
07/04/2020,13,383
07/04/2020,14,448
07/04/2020,15,524
07/04/2020,16,644
07/04/2020,17,858
07/04/2020,18,608
07/04/2020,19,339
07/04/2020,20,82
07/04/2020,21,43
07/04/2020,22,26
07/04/2020,23,22
07/04/2021,0,176
07/04/2021,1,82
07/04/2021,2,36
07/04/2021,3,12
07/04/2021,4,26
07/04/2021,5,107
07/04/2021,6,304
07/04/2021,7,622
07/04/2021,8,622
07/04/2021,9,517
07/04/2021,10,502
07/04/2021,11,673
07/04/2021,12,895
07/04/2021,13,805
07/04/2021,14,890
07/04/2021,15,945
07/04/2021,16,1212
07/04/2021,17,1936
07/04/2021,18,1861
07/04/2021,19,1333
07/04/2021,20,792
07/04/2021,21,611
07/04/2021,22,402
07/04/2021,23,244
07/04/2022,0,80
07/04/2022,1,29
07/04/2022,2,20
07/04/2022,3,15
07/04/2022,4,29
07/04/2022,5,113
07/04/2022,6,333
07/04/2022,7,727
07/04/2022,8,812
07/04/2022,9,448
07/04/2022,10,377
07/04/2022,11,451
07/04/2022,12,613
07/04/2022,13,544
07/04/2022,14,496
07/04/2022,15,610
07/04/2022,16,854
07/04/2022,17,990
07/04/2022,18,727
07/04/2022,19,562
07/04/2022,20,365
07/04/2022,21,273
07/04/2022,22,230
07/04/2022,23,155
07/05/2020,0,27
07/05/2020,1,27
07/05/2020,2,6
07/05/2020,3,2
07/05/2020,4,6
07/05/2020,5,25
07/05/2020,6,127
07/05/2020,7,187
07/05/2020,8,188
07/05/2020,9,174
07/05/2020,10,186
07/05/2020,11,282
07/05/2020,12,428
07/05/2020,13,422
07/05/2020,14,364
07/05/2020,15,380
07/05/2020,16,469
07/05/2020,17,644
07/05/2020,18,465
07/05/2020,19,285
07/05/2020,20,132
07/05/2020,21,72
07/05/2020,22,59
07/05/2020,23,40
07/05/2021,0,102
07/05/2021,1,70
07/05/2021,2,29
07/05/2021,3,19
07/05/2021,4,25
07/05/2021,5,132
07/05/2021,6,293
07/05/2021,7,558
07/05/2021,8,650
07/05/2021,9,488
07/05/2021,10,515
07/05/2021,11,616
07/05/2021,12,775
07/05/2021,13,808
07/05/2021,14,738
07/05/2021,15,945
07/05/2021,16,1244
07/05/2021,17,1533
07/05/2021,18,1379
07/05/2021,19,1022
07/05/2021,20,508
07/05/2021,21,377
07/05/2021,22,319
07/05/2021,23,354
07/05/2022,0,285
07/05/2022,1,275
07/05/2022,2,126
07/05/2022,3,88
07/05/2022,4,53
07/05/2022,5,74
07/05/2022,6,162
07/05/2022,7,338
07/05/2022,8,517
07/05/2022,9,802
07/05/2022,10,1222
07/05/2022,11,1702
07/05/2022,12,1629
07/05/2022,13,1870
07/05/2022,14,1950
07/05/2022,15,2032
07/05/2022,16,1841
07/05/2022,17,1665
07/05/2022,18,1511
07/05/2022,19,1205
07/05/2022,20,695
07/05/2022,21,651
07/05/2022,22,653
07/05/2022,23,555
07/06/2020,6,109
07/06/2020,7,153
07/06/2020,8,250
07/06/2020,9,384
07/06/2020,10,573
07/06/2020,11,889
07/06/2020,12,1130
07/06/2020,13,1412
07/06/2020,14,1377
07/06/2020,15,1432
07/06/2020,16,1407
07/06/2020,17,1250
07/06/2020,18,1079
07/06/2020,19,860
07/06/2020,20,467
07/06/2020,21,259
07/06/2020,22,123
07/06/2020,23,70
07/06/2021,0,301
07/06/2021,1,200
07/06/2021,2,97
07/06/2021,3,75
07/06/2021,4,80
07/06/2021,5,169
07/06/2021,6,482
07/06/2021,7,763
07/06/2021,8,769
07/06/2021,9,509
07/06/2021,10,433
07/06/2021,11,597
07/06/2021,12,792
07/06/2021,13,899
07/06/2021,14,835
07/06/2021,15,987
07/06/2021,16,1403
07/06/2021,17,2027
07/06/2021,18,2043
07/06/2021,19,1477
07/06/2021,20,1070
07/06/2021,21,797
07/06/2021,22,543
07/06/2021,23,324
07/06/2022,0,109
07/06/2022,1,48
07/06/2022,2,37
07/06/2022,3,11
07/06/2022,4,45
07/06/2022,5,207
07/06/2022,6,557
07/06/2022,7,1142
07/06/2022,8,1237
07/06/2022,9,603
07/06/2022,10,592
07/06/2022,11,715
07/06/2022,12,829
07/06/2022,13,971
07/06/2022,14,1025
07/06/2022,15,1391
07/06/2022,16,1962
07/06/2022,17,2613
07/06/2022,18,2083
07/06/2022,19,1549
07/06/2022,20,1169
07/06/2022,21,849
07/06/2022,22,630
07/06/2022,23,272
07/07/2019,0,226
07/07/2019,1,117
07/07/2019,2,112
07/07/2019,3,41
07/07/2019,4,28
07/07/2019,5,41
07/07/2019,6,68
07/07/2019,7,185
07/07/2019,8,407
07/07/2019,9,721
07/07/2019,10,890
07/07/2019,11,985
07/07/2019,12,1439
07/07/2019,13,1300
07/07/2019,14,1063
07/07/2019,15,1091
07/07/2019,16,1064
07/07/2019,17,1037
07/07/2019,18,975
07/07/2019,19,828
07/07/2019,20,437
07/07/2020,0,158
07/07/2020,1,94
07/07/2020,2,76
07/07/2020,3,19
07/07/2020,4,38
07/07/2020,5,167
07/07/2020,6,410
07/07/2020,7,705
07/07/2020,8,682
07/07/2020,9,524
07/07/2020,10,479
07/07/2020,11,632
07/07/2020,12,709
07/07/2020,13,702
07/07/2020,14,711
07/07/2020,15,744
07/07/2020,16,1085
07/07/2020,17,1728
07/07/2020,18,1641
07/07/2020,19,1251
07/07/2020,20,917
07/07/2020,21,541
07/07/2020,22,273
07/07/2020,23,164
07/07/2021,0,231
07/07/2021,1,111
07/07/2021,2,88
07/07/2021,3,73
07/07/2021,4,63
07/07/2021,5,206
07/07/2021,6,632
07/07/2021,7,1037
07/07/2021,8,1151
07/07/2021,9,826
07/07/2021,10,760
07/07/2021,11,1001
07/07/2021,12,1119
07/07/2021,13,1148
07/07/2021,14,1185
07/07/2021,15,1297
07/07/2021,16,1823
07/07/2021,17,2858
07/07/2021,18,2630
07/07/2021,19,1730
07/07/2021,20,1014
07/07/2021,21,911
07/07/2021,22,762
07/07/2021,23,336
07/07/2022,0,231
07/07/2022,1,94
07/07/2022,2,59
07/07/2022,3,54
07/07/2022,4,65
07/07/2022,5,247
07/07/2022,6,652
07/07/2022,7,1230
07/07/2022,8,1365
07/07/2022,9,922
07/07/2022,10,760
07/07/2022,11,1002
07/07/2022,12,1134
07/07/2022,13,1154
07/07/2022,14,1187
07/07/2022,15,1494
07/07/2022,16,2221
07/07/2022,17,3017
07/07/2022,18,2551
07/07/2022,19,2017
07/07/2022,20,1581
07/07/2022,21,1262
07/07/2022,22,913
07/07/2022,23,566
07/08/2019,0,119
07/08/2019,1,36
07/08/2019,2,18
07/08/2019,3,10
07/08/2019,4,37
07/08/2019,5,228
07/08/2019,6,757
07/08/2019,7,1590
07/08/2019,8,1792
07/08/2019,9,791
07/08/2019,10,591
07/08/2019,11,757
07/08/2019,12,856
07/08/2019,13,853
07/08/2019,14,779
07/08/2019,15,1016
07/08/2019,16,1933
07/08/2019,17,2889
07/08/2019,18,2086
07/08/2019,19,1554
07/08/2019,20,1013
07/08/2019,21,786
07/08/2019,22,474
07/08/2019,23,217
07/08/2020,0,198
07/08/2020,1,77
07/08/2020,2,48
07/08/2020,3,30
07/08/2020,4,38
07/08/2020,5,172
07/08/2020,6,461
07/08/2020,7,693
07/08/2020,8,754
07/08/2020,9,681
07/08/2020,10,710
07/08/2020,11,1002
07/08/2020,12,1198
07/08/2020,13,1243
07/08/2020,14,1320
07/08/2020,15,1419
07/08/2020,16,1858
07/08/2020,17,2374
07/08/2020,18,2204
07/08/2020,19,1879
07/08/2020,20,1388
07/08/2020,21,983
07/08/2020,22,917
07/08/2020,23,937
07/08/2021,0,737
07/08/2021,1,663
07/08/2021,2,453
07/08/2021,3,343
07/08/2021,4,176
07/08/2021,5,153
07/08/2021,6,266
07/08/2021,7,518
07/08/2021,8,797
07/08/2021,9,1371
07/08/2021,10,1897
07/08/2021,11,2338
07/08/2021,12,2731
07/08/2021,13,2584
07/08/2021,14,2257
07/08/2021,15,2486
07/08/2021,16,2569
07/08/2021,17,2729
07/08/2021,18,2604
07/08/2021,19,2290
07/08/2021,20,1614
07/08/2021,21,1324
07/08/2021,22,1403
07/08/2021,23,1277
07/08/2022,0,851
07/08/2022,1,555
07/08/2022,2,333
07/08/2022,3,230
07/08/2022,4,131
07/08/2022,5,139
07/08/2022,6,195
07/08/2022,7,288
07/08/2022,8,369
07/08/2022,9,540
07/08/2022,10,823
07/08/2022,11,942
07/08/2022,12,629
07/08/2022,13,680
07/08/2022,14,1105
07/08/2022,15,1170
07/08/2022,16,1433
07/08/2022,17,1516
07/08/2022,18,1475
07/08/2022,19,1040
07/08/2022,20,767
07/08/2022,21,733
07/08/2022,22,492
07/08/2022,23,225
07/09/2019,0,127
07/09/2019,1,133
07/09/2019,2,61
07/09/2019,3,44
07/09/2019,4,36
07/09/2019,5,63
07/09/2019,6,182
07/09/2019,7,325
07/09/2019,8,590
07/09/2019,9,955
07/09/2019,10,1231
07/09/2019,11,1460
07/09/2019,12,1660
07/09/2019,13,1703
07/09/2019,14,1827
07/09/2019,15,1740
07/09/2019,16,1541
07/09/2019,17,1454
07/09/2019,18,1159
07/09/2019,19,745
07/09/2019,20,511
07/09/2019,21,452
07/09/2019,22,412
07/09/2019,23,293
07/09/2020,0,266
07/09/2020,1,208
07/09/2020,2,114
07/09/2020,3,80
07/09/2020,4,50
07/09/2020,5,77
07/09/2020,6,185
07/09/2020,7,321
07/09/2020,8,560
07/09/2020,9,877
07/09/2020,10,1361
07/09/2020,11,1863
07/09/2020,12,2231
07/09/2020,13,2296
07/09/2020,14,2402
07/09/2020,15,2347
07/09/2020,16,2142
07/09/2020,17,1977
07/09/2020,18,1605
07/09/2020,19,1121
07/09/2020,20,673
07/09/2020,21,465
07/09/2020,22,327
07/09/2020,23,183
07/09/2021,0,140
07/09/2021,1,107
07/09/2021,2,67
07/09/2021,3,39
07/09/2021,4,63
07/09/2021,5,231
07/09/2021,6,635
07/09/2021,7,1282
07/09/2021,8,1320
07/09/2021,9,924
07/09/2021,10,841
07/09/2021,11,960
07/09/2021,12,1192
07/09/2021,13,1051
07/09/2021,14,832
07/09/2021,15,659
07/09/2021,16,1126
07/09/2021,17,1826
07/09/2021,18,2017
07/09/2021,19,1430
07/09/2021,20,933
07/09/2021,21,710
07/09/2021,22,567
07/09/2021,23,455
07/09/2022,0,190
07/09/2022,1,84
07/09/2022,2,54
07/09/2022,3,57
07/09/2022,4,52
07/09/2022,5,241
07/09/2022,6,698
07/09/2022,7,1460
07/09/2022,8,1616
07/09/2022,9,977
07/09/2022,10,782
07/09/2022,11,977
07/09/2022,12,1228
07/09/2022,13,1113
07/09/2022,14,1265
07/09/2022,15,1526
07/09/2022,16,2297
07/09/2022,17,3072
07/09/2022,18,2757
07/09/2022,19,1923
07/09/2022,20,1328
07/09/2022,21,1126
07/09/2022,22,909
07/09/2022,23,441
07/10/2019,0,46
07/10/2019,1,26
07/10/2019,2,13
07/10/2019,3,11
07/10/2019,4,27
07/10/2019,5,190
07/10/2019,6,599
07/10/2019,7,1411
07/10/2019,8,1629
07/10/2019,9,692
07/10/2019,10,453
07/10/2019,11,576
07/10/2019,12,723
07/10/2019,13,752
07/10/2019,14,782
07/10/2019,15,982
07/10/2019,16,1822
07/10/2019,17,2785
07/10/2019,18,1645
07/10/2019,19,899
07/10/2019,20,480
07/10/2019,21,405
07/10/2019,22,201
07/10/2019,23,107
07/10/2020,0,92
07/10/2020,1,65
07/10/2020,2,34
07/10/2020,3,19
07/10/2020,4,19
07/10/2020,5,130
07/10/2020,6,437
07/10/2020,7,845
07/10/2020,8,902
07/10/2020,9,580
07/10/2020,10,568
07/10/2020,11,667
07/10/2020,12,881
07/10/2020,13,888
07/10/2020,14,1003
07/10/2020,15,1198
07/10/2020,16,1646
07/10/2020,17,2553
07/10/2020,18,2065
07/10/2020,19,1167
07/10/2020,20,643
07/10/2020,21,473
07/10/2020,22,397
07/10/2020,23,199
07/10/2021,0,216
07/10/2021,1,98
07/10/2021,2,52
07/10/2021,3,35
07/10/2021,4,52
07/10/2021,5,180
07/10/2021,6,218
07/10/2021,7,457
07/10/2021,8,842
07/10/2021,9,700
07/10/2021,10,586
07/10/2021,11,662
07/10/2021,12,525
07/10/2021,13,824
07/10/2021,14,922
07/10/2021,15,1159
07/10/2021,16,1739
07/10/2021,17,2029
07/10/2021,18,1839
07/10/2021,19,1339
07/10/2021,20,878
07/10/2021,21,786
07/10/2021,22,736
07/10/2021,23,404
07/10/2022,0,201
07/10/2022,1,110
07/10/2022,2,63
07/10/2022,3,33
07/10/2022,4,42
07/10/2022,5,85
07/10/2022,6,190
07/10/2022,7,367
07/10/2022,8,421
07/10/2022,9,321
07/10/2022,10,251
07/10/2022,11,336
07/10/2022,12,522
07/10/2022,13,895
07/10/2022,14,1042
07/10/2022,15,1443
07/10/2022,16,1708
07/10/2022,17,1860
07/10/2022,18,1529
07/10/2022,19,963
07/10/2022,20,690
07/10/2022,21,571
07/10/2022,22,482
07/10/2022,23,392
07/11/2019,0,15
07/11/2019,1,13
07/11/2019,2,3
07/11/2019,3,6
07/11/2019,4,21
07/11/2019,5,116
07/11/2019,6,348
07/11/2019,7,783
07/11/2019,8,991
07/11/2019,9,396
07/11/2019,10,213
07/11/2019,11,276
07/11/2019,12,281
07/11/2019,13,259
07/11/2019,14,249
07/11/2019,15,387
07/11/2019,16,795
07/11/2019,17,1024
07/11/2019,18,599
07/11/2019,19,299
07/11/2019,20,160
07/11/2019,21,133
07/11/2019,22,89
07/11/2019,23,50
07/11/2020,0,231
07/11/2020,1,88
07/11/2020,2,77
07/11/2020,3,27
07/11/2020,4,28
07/11/2020,5,34
07/11/2020,6,152
07/11/2020,7,266
07/11/2020,8,499
07/11/2020,9,884
07/11/2020,10,1441
07/11/2020,11,1805
07/11/2020,12,2310
07/11/2020,13,2744
07/11/2020,14,2716
07/11/2020,15,2732
07/11/2020,16,2279
07/11/2020,17,1594
07/11/2020,18,1134
07/11/2020,19,701
07/11/2020,20,632
07/11/2020,21,466
07/11/2020,22,553
07/11/2020,23,453
07/11/2021,0,509
07/11/2021,1,505
07/11/2021,2,112
07/11/2021,3,58
07/11/2021,4,58
07/11/2021,5,84
07/11/2021,6,269
07/11/2021,7,260
07/11/2021,8,502
07/11/2021,9,907
07/11/2021,10,1251
07/11/2021,11,1527
07/11/2021,12,1696
07/11/2021,13,1899
07/11/2021,14,1871
07/11/2021,15,1972
07/11/2021,16,1627
07/11/2021,17,1174
07/11/2021,18,831
07/11/2021,19,630
07/11/2021,20,468
07/11/2021,21,401
07/11/2021,22,289
07/11/2021,23,174
07/11/2022,0,92
07/11/2022,1,47
07/11/2022,2,18
07/11/2022,3,22
07/11/2022,4,30
07/11/2022,5,172
07/11/2022,6,467
07/11/2022,7,896
07/11/2022,8,994
07/11/2022,9,609
07/11/2022,10,574
07/11/2022,11,673
07/11/2022,12,890
07/11/2022,13,816
07/11/2022,14,883
07/11/2022,15,1021
07/11/2022,16,1424
07/11/2022,17,1563
07/11/2022,18,1042
07/11/2022,19,723
07/11/2022,20,480
07/11/2022,21,431
07/11/2022,22,284
07/11/2022,23,145
07/12/2019,0,63
07/12/2019,1,44
07/12/2019,2,26
07/12/2019,3,15
07/12/2019,4,14
07/12/2019,5,21
07/12/2019,6,43
07/12/2019,7,83
07/12/2019,8,174
07/12/2019,9,250
07/12/2019,10,291
07/12/2019,11,337
07/12/2019,12,355
07/12/2019,13,344
07/12/2019,14,367
07/12/2019,15,365
07/12/2019,16,352
07/12/2019,17,254
07/12/2019,18,195
07/12/2019,19,159
07/12/2019,20,143
07/12/2019,21,78
07/12/2019,22,104
07/12/2019,23,85
07/12/2020,0,15
07/12/2020,1,8
07/12/2020,2,12
07/12/2020,3,5
07/12/2020,4,18
07/12/2020,5,50
07/12/2020,6,176
07/12/2020,7,269
07/12/2020,8,303
07/12/2020,9,198
07/12/2020,10,221
07/12/2020,11,240
07/12/2020,12,255
07/12/2020,13,297
07/12/2020,14,290
07/12/2020,15,303
07/12/2020,16,420
07/12/2020,17,513
07/12/2020,18,423
07/12/2020,19,280
07/12/2020,20,171
07/12/2020,21,108
07/12/2020,22,83
07/12/2020,23,27
07/12/2021,0,41
07/12/2021,1,23
07/12/2021,2,9
07/12/2021,3,5
07/12/2021,4,34
07/12/2021,5,106
07/12/2021,6,246
07/12/2021,7,496
07/12/2021,8,627
07/12/2021,9,406
07/12/2021,10,273
07/12/2021,11,298
07/12/2021,12,393
07/12/2021,13,343
07/12/2021,14,365
07/12/2021,15,534
07/12/2021,16,709
07/12/2021,17,797
07/12/2021,18,631
07/12/2021,19,388
07/12/2021,20,262
07/12/2021,21,206
07/12/2021,22,187
07/12/2021,23,108
07/12/2022,0,67
07/12/2022,1,38
07/12/2022,2,32
07/12/2022,3,19
07/12/2022,4,25
07/12/2022,5,108
07/12/2022,6,409
07/12/2022,7,786
07/12/2022,8,976
07/12/2022,9,548
07/12/2022,10,347
07/12/2022,11,452
07/12/2022,12,544
07/12/2022,13,463
07/12/2022,14,529
07/12/2022,15,686
07/12/2022,16,1039
07/12/2022,17,1257
07/12/2022,18,921
07/12/2022,19,620
07/12/2022,20,421
07/12/2022,21,371
07/12/2022,22,261
07/12/2022,23,167
08/01/2019,0,22
08/01/2019,1,7
08/01/2019,2,6
08/01/2019,3,7
08/01/2019,4,23
08/01/2019,5,86
08/01/2019,6,315
08/01/2019,7,688
08/01/2019,8,946
08/01/2019,9,359
08/01/2019,10,175
08/01/2019,11,232
08/01/2019,12,262
08/01/2019,13,261
08/01/2019,14,243
08/01/2019,15,325
08/01/2019,16,736
08/01/2019,17,1034
08/01/2019,18,545
08/01/2019,19,298
08/01/2019,20,185
08/01/2019,21,114
08/01/2019,22,48
08/01/2019,23,34
08/01/2020,0,16
08/01/2020,1,8
08/01/2020,2,1
08/01/2020,3,3
08/01/2020,4,12
08/01/2020,5,91
08/01/2020,6,278
08/01/2020,7,568
08/01/2020,8,736
08/01/2020,9,280
08/01/2020,10,140
08/01/2020,11,171
08/01/2020,12,182
08/01/2020,13,159
08/01/2020,14,163
08/01/2020,15,278
08/01/2020,16,610
08/01/2020,17,769
08/01/2020,18,431
08/01/2020,19,239
08/01/2020,20,135
08/01/2020,21,104
08/01/2020,22,51
08/01/2020,23,24
08/01/2021,0,22
08/01/2021,1,6
08/01/2021,2,7
08/01/2021,3,7
08/01/2021,4,11
08/01/2021,5,57
08/01/2021,6,150
08/01/2021,7,246
08/01/2021,8,248
08/01/2021,9,200
08/01/2021,10,189
08/01/2021,11,227
08/01/2021,12,240
08/01/2021,13,205
08/01/2021,14,184
08/01/2021,15,248
08/01/2021,16,331
08/01/2021,17,360
08/01/2021,18,374
08/01/2021,19,222
08/01/2021,20,140
08/01/2021,21,75
08/01/2021,22,58
08/01/2021,23,60
08/01/2022,0,43
08/01/2022,1,30
08/01/2022,2,13
08/01/2022,3,8
08/01/2022,4,11
08/01/2022,5,16
08/01/2022,6,33
08/01/2022,7,57
08/01/2022,8,88
08/01/2022,9,149
08/01/2022,10,210
08/01/2022,11,252
08/01/2022,12,274
08/01/2022,13,243
08/01/2022,14,257
08/01/2022,15,220
08/01/2022,16,175
08/01/2022,17,119
08/01/2022,18,107
08/01/2022,19,86
08/01/2022,20,58
08/01/2022,21,62
08/01/2022,22,49
08/01/2022,23,44
08/02/2019,0,11
08/02/2019,1,4
08/02/2019,2,3
08/02/2019,3,2
08/02/2019,4,7
08/02/2019,5,45
08/02/2019,6,128
08/02/2019,7,265
08/02/2019,8,362
08/02/2019,9,149
08/02/2019,10,66
08/02/2019,11,97
08/02/2019,12,99
08/02/2019,13,101
08/02/2019,14,105
08/02/2019,15,209
08/02/2019,16,356
08/02/2019,17,405
08/02/2019,18,221
08/02/2019,19,111
08/02/2019,20,56
08/02/2019,21,44
08/02/2019,22,27
08/02/2019,23,9
08/02/2020,0,21
08/02/2020,1,23
08/02/2020,2,15
08/02/2020,3,6
08/02/2020,4,7
08/02/2020,5,22
08/02/2020,6,36
08/02/2020,7,67
08/02/2020,8,154
08/02/2020,9,183
08/02/2020,10,249
08/02/2020,11,292
08/02/2020,12,324
08/02/2020,13,303
08/02/2020,14,295
08/02/2020,15,257
08/02/2020,16,214
08/02/2020,17,222
08/02/2020,18,164
08/02/2020,19,106
08/02/2020,20,90
08/02/2020,21,75
08/02/2020,22,61
08/02/2020,23,53
08/02/2021,0,2
08/02/2021,1,2
08/02/2021,3,3
08/02/2021,4,4
08/02/2021,5,21
08/02/2021,6,40
08/02/2021,7,73
08/02/2021,8,77
08/02/2021,9,49
08/02/2021,10,41
08/02/2021,11,61
08/02/2021,12,68
08/02/2021,13,63
08/02/2021,14,79
08/02/2021,15,74
08/02/2021,16,58
08/02/2021,17,75
08/02/2021,18,56
08/02/2021,19,31
08/02/2021,20,19
08/02/2021,21,12
08/02/2021,22,16
08/02/2021,23,4
08/02/2022,0,16
08/02/2022,1,5
08/02/2022,2,10
08/02/2022,3,5
08/02/2022,4,15
08/02/2022,5,76
08/02/2022,6,154
08/02/2022,7,326
08/02/2022,8,372
08/02/2022,9,203
08/02/2022,10,166
08/02/2022,11,178
08/02/2022,12,253
08/02/2022,13,223
08/02/2022,14,239
08/02/2022,15,329
08/02/2022,16,452
08/02/2022,17,589
08/02/2022,18,397
08/02/2022,19,298
08/02/2022,20,160
08/02/2022,21,156
08/02/2022,22,99
08/02/2022,23,52
08/03/2019,0,22
08/03/2019,1,7
08/03/2019,2,9
08/03/2019,3,6
08/03/2019,4,14
08/03/2019,5,66
08/03/2019,6,187
08/03/2019,7,409
08/03/2019,8,567
08/03/2019,9,237
08/03/2019,10,129
08/03/2019,11,171
08/03/2019,12,196
08/03/2019,13,213
08/03/2019,14,261
08/03/2019,15,328
08/03/2019,16,604
08/03/2019,17,669
08/03/2019,18,380
08/03/2019,19,227
08/03/2019,20,110
08/03/2019,21,75
08/03/2019,22,58
08/03/2019,23,47
08/03/2020,0,54
08/03/2020,1,50
08/03/2020,3,25
08/03/2020,4,15
08/03/2020,5,19
08/03/2020,6,17
08/03/2020,7,59
08/03/2020,8,114
08/03/2020,9,204
08/03/2020,10,406
08/03/2020,11,610
08/03/2020,12,867
08/03/2020,13,1281
08/03/2020,14,1422
08/03/2020,15,1491
08/03/2020,16,1344
08/03/2020,17,1256
08/03/2020,18,885
08/03/2020,19,458
08/03/2020,20,264
08/03/2020,21,184
08/03/2020,22,81
08/03/2020,23,64
08/03/2021,0,28
08/03/2021,1,11
08/03/2021,2,5
08/03/2021,3,6
08/03/2021,4,15
08/03/2021,5,82
08/03/2021,6,203
08/03/2021,7,372
08/03/2021,8,369
08/03/2021,9,280
08/03/2021,10,330
08/03/2021,11,435
08/03/2021,12,630
08/03/2021,13,638
08/03/2021,14,633
08/03/2021,15,754
08/03/2021,16,1008
08/03/2021,17,1227
08/03/2021,18,758
08/03/2021,19,471
08/03/2021,20,319
08/03/2021,21,183
08/03/2021,22,120
08/03/2021,23,75
08/03/2022,0,39
08/03/2022,1,17
08/03/2022,2,18
08/03/2022,3,11
08/03/2022,4,22
08/03/2022,5,99
08/03/2022,6,249
08/03/2022,7,551
08/03/2022,8,662
08/03/2022,9,353
08/03/2022,10,294
08/03/2022,11,336
08/03/2022,12,430
08/03/2022,13,460
08/03/2022,14,448
08/03/2022,15,597
08/03/2022,16,837
08/03/2022,17,1039
08/03/2022,18,717
08/03/2022,19,450
08/03/2022,20,301
08/03/2022,21,279
08/03/2022,22,226
08/03/2022,23,96
08/04/2020,0,21
08/04/2020,1,4
08/04/2020,2,3
08/04/2020,3,1
08/04/2020,4,3
08/04/2020,5,9
08/04/2020,6,92
08/04/2020,7,132
08/04/2020,8,116
08/04/2020,9,98
08/04/2020,10,130
08/04/2020,11,173
08/04/2020,12,293
08/04/2020,13,229
08/04/2020,14,205
08/04/2020,15,232
08/04/2020,16,268
08/04/2020,17,137
08/04/2020,18,66
08/04/2020,19,59
08/04/2020,20,35
08/04/2020,21,22
08/04/2020,22,22
08/04/2020,23,15
08/04/2021,0,149
08/04/2021,1,86
08/04/2021,2,41
08/04/2021,3,25
08/04/2021,4,23
08/04/2021,5,86
08/04/2021,6,162
08/04/2021,7,281
08/04/2021,8,274
08/04/2021,9,256
08/04/2021,10,258
08/04/2021,11,109
08/04/2021,12,134
08/04/2021,13,166
08/04/2021,14,305
08/04/2021,15,220
08/04/2021,16,365
08/04/2021,17,526
08/04/2021,18,601
08/04/2021,19,409
08/04/2021,20,326
08/04/2021,21,251
08/04/2021,22,192
08/04/2021,23,152
08/04/2022,0,61
08/04/2022,1,41
08/04/2022,2,27
08/04/2022,3,21
08/04/2022,4,27
08/04/2022,5,119
08/04/2022,6,270
08/04/2022,7,533
08/04/2022,8,505
08/04/2022,9,239
08/04/2022,10,215
08/04/2022,11,387
08/04/2022,12,523
08/04/2022,13,489
08/04/2022,14,426
08/04/2022,15,597
08/04/2022,16,615
08/04/2022,17,501
08/04/2022,18,435
08/04/2022,19,293
08/04/2022,20,197
08/04/2022,21,175
08/04/2022,22,128
08/04/2022,23,144
08/05/2020,0,14
08/05/2020,1,12
08/05/2020,2,6
08/05/2020,3,7
08/05/2020,4,6
08/05/2020,5,25
08/05/2020,6,83
08/05/2020,7,140
08/05/2020,8,124
08/05/2020,9,100
08/05/2020,10,87
08/05/2020,11,118
08/05/2020,12,164
08/05/2020,13,164
08/05/2020,14,150
08/05/2020,15,216
08/05/2020,16,258
08/05/2020,17,364
08/05/2020,18,286
08/05/2020,19,212
08/05/2020,20,119
08/05/2020,21,58
08/05/2020,22,55
08/05/2020,23,25
08/05/2021,0,352
08/05/2021,1,240
08/05/2021,2,116
08/05/2021,3,67
08/05/2021,4,41
08/05/2021,5,46
08/05/2021,6,125
08/05/2021,7,227
08/05/2021,8,447
08/05/2021,9,685
08/05/2021,10,1013
08/05/2021,11,1232
08/05/2021,12,1568
08/05/2021,13,1463
08/05/2021,14,1422
08/05/2021,15,1217
08/05/2021,16,1193
08/05/2021,17,1059
08/05/2021,18,857
08/05/2021,19,695
08/05/2021,20,483
08/05/2021,21,230
08/05/2021,22,216
08/05/2021,23,247
08/05/2022,0,437
08/05/2022,1,261
08/05/2022,2,155
08/05/2022,3,82
08/05/2022,4,63
08/05/2022,5,72
08/05/2022,6,156
08/05/2022,7,214
08/05/2022,8,383
08/05/2022,9,674
08/05/2022,10,1051
08/05/2022,11,1248
08/05/2022,12,1465
08/05/2022,13,1432
08/05/2022,14,1418
08/05/2022,15,1263
08/05/2022,16,1338
08/05/2022,17,1265
08/05/2022,18,959
08/05/2022,19,747
08/05/2022,20,591
08/05/2022,21,480
08/05/2022,22,292
08/05/2022,23,220
08/06/2020,0,33
08/06/2020,1,31
08/06/2020,2,11
08/06/2020,3,3
08/06/2020,4,13
08/06/2020,5,63
08/06/2020,6,229
08/06/2020,7,362
08/06/2020,8,369
08/06/2020,9,311
08/06/2020,10,379
08/06/2020,11,477
08/06/2020,12,576
08/06/2020,13,520
08/06/2020,14,556
08/06/2020,15,748
08/06/2020,16,920
08/06/2020,17,1293
08/06/2020,18,1201
08/06/2020,19,1018
08/06/2020,20,647
08/06/2020,21,333
08/06/2020,22,181
08/06/2020,23,94
08/06/2021,0,154
08/06/2021,1,92
08/06/2021,2,57
08/06/2021,3,36
08/06/2021,4,45
08/06/2021,5,219
08/06/2021,6,535
08/06/2021,7,1005
08/06/2021,8,1049
08/06/2021,9,691
08/06/2021,10,650
08/06/2021,11,806
08/06/2021,12,973
08/06/2021,13,1064
08/06/2021,14,999
08/06/2021,15,1241
08/06/2021,16,1787
08/06/2021,17,2681
08/06/2021,18,2658
08/06/2021,19,2020
08/06/2021,20,1480
08/06/2021,21,1075
08/06/2021,22,828
08/06/2021,23,506
08/06/2022,0,164
08/06/2022,1,88
08/06/2022,2,33
08/06/2022,3,25
08/06/2022,4,45
08/06/2022,5,241
08/06/2022,6,604
08/06/2022,7,1126
08/06/2022,8,1331
08/06/2022,9,713
08/06/2022,10,635
08/06/2022,11,621
08/06/2022,12,647
08/06/2022,13,277
08/06/2022,14,166
08/06/2022,15,442
08/06/2022,16,1388
08/06/2022,17,2072
08/06/2022,18,1773
08/06/2022,19,1327
08/06/2022,20,917
08/06/2022,21,686
08/06/2022,22,572
08/06/2022,23,307
08/07/2019,4,1
08/07/2019,5,10
08/07/2019,6,4
08/07/2019,7,128
08/07/2019,8,573
08/07/2019,9,496
08/07/2019,10,363
08/07/2019,11,500
08/07/2019,12,697
08/07/2019,13,718
08/07/2019,14,796
08/07/2019,15,946
08/07/2019,16,1715
08/07/2019,17,2513
08/07/2019,18,1772
08/07/2019,19,1308
08/07/2019,20,917
08/07/2019,21,508
08/07/2019,22,272
08/07/2019,23,136
08/07/2020,0,84
08/07/2020,1,37
08/07/2020,2,44
08/07/2020,3,29
08/07/2020,4,30
08/07/2020,5,169
08/07/2020,6,433
08/07/2020,7,712
08/07/2020,8,660
08/07/2020,9,592
08/07/2020,10,485
08/07/2020,11,591
08/07/2020,12,750
08/07/2020,13,774
08/07/2020,14,699
08/07/2020,15,848
08/07/2020,16,1226
08/07/2020,17,1844
08/07/2020,18,1908
08/07/2020,19,1453
08/07/2020,20,1122
08/07/2020,21,673
08/07/2020,22,471
08/07/2020,23,251
08/07/2021,0,165
08/07/2021,1,101
08/07/2021,2,45
08/07/2021,3,33
08/07/2021,4,55
08/07/2021,5,188
08/07/2021,6,562
08/07/2021,7,949
08/07/2021,8,1047
08/07/2021,9,769
08/07/2021,10,689
08/07/2021,11,939
08/07/2021,12,1100
08/07/2021,13,1113
08/07/2021,14,1131
08/07/2021,15,1246
08/07/2021,16,1840
08/07/2021,17,2615
08/07/2021,18,2390
08/07/2021,19,1781
08/07/2021,20,1221
08/07/2021,21,1164
08/07/2021,22,1127
08/07/2021,23,725
08/07/2022,0,351
08/07/2022,1,173
08/07/2022,2,115
08/07/2022,3,63
08/07/2022,4,72
08/07/2022,5,189
08/07/2022,6,628
08/07/2022,7,892
08/07/2022,8,1080
08/07/2022,9,879
08/07/2022,10,821
08/07/2022,11,1003
08/07/2022,12,1012
08/07/2022,13,1204
08/07/2022,14,1280
08/07/2022,15,1694
08/07/2022,16,1969
08/07/2022,17,2252
08/07/2022,18,2130
08/07/2022,19,1645
08/07/2022,20,1288
08/07/2022,21,1025
08/07/2022,22,999
08/07/2022,23,1030
08/08/2019,0,106
08/08/2019,1,38
08/08/2019,2,26
08/08/2019,3,16
08/08/2019,4,29
08/08/2019,5,205
08/08/2019,6,659
08/08/2019,7,1539
08/08/2019,8,1754
08/08/2019,9,772
08/08/2019,10,594
08/08/2019,11,813
08/08/2019,12,910
08/08/2019,13,859
08/08/2019,14,907
08/08/2019,15,1137
08/08/2019,16,2047
08/08/2019,17,3015
08/08/2019,18,2000
08/08/2019,19,1389
08/08/2019,20,1029
08/08/2019,21,800
08/08/2019,22,608
08/08/2019,23,254
08/08/2020,0,548
08/08/2020,1,376
08/08/2020,2,193
08/08/2020,3,77
08/08/2020,4,83
08/08/2020,5,101
08/08/2020,6,212
08/08/2020,7,385
08/08/2020,8,692
08/08/2020,9,1120
08/08/2020,10,1593
08/08/2020,11,1915
08/08/2020,12,2068
08/08/2020,13,2290
08/08/2020,14,2236
08/08/2020,15,2198
08/08/2020,16,2295
08/08/2020,17,2189
08/08/2020,18,2051
08/08/2020,19,1905
08/08/2020,20,1359
08/08/2020,21,1054
08/08/2020,22,905
08/08/2020,23,864
08/08/2021,0,1138
08/08/2021,1,735
08/08/2021,2,512
08/08/2021,3,326
08/08/2021,4,197
08/08/2021,5,171
08/08/2021,6,222
08/08/2021,7,422
08/08/2021,8,625
08/08/2021,9,1108
08/08/2021,10,1530
08/08/2021,11,1864
08/08/2021,12,2149
08/08/2021,13,2276
08/08/2021,14,2283
08/08/2021,15,2261
08/08/2021,16,2403
08/08/2021,17,2034
08/08/2021,18,1498
08/08/2021,19,1163
08/08/2021,20,796
08/08/2021,21,762
08/08/2021,22,592
08/08/2021,23,384
08/08/2022,0,167
08/08/2022,1,125
08/08/2022,2,67
08/08/2022,3,55
08/08/2022,4,91
08/08/2022,5,224
08/08/2022,6,554
08/08/2022,7,638
08/08/2022,8,342
08/08/2022,9,304
08/08/2022,10,262
08/08/2022,11,305
08/08/2022,12,639
08/08/2022,13,820
08/08/2022,14,840
08/08/2022,15,569
08/08/2022,16,867
08/08/2022,17,1568
08/08/2022,18,1526
08/08/2022,19,1215
08/08/2022,20,911
08/08/2022,21,798
08/08/2022,22,591
08/08/2022,23,324
08/09/2019,0,214
08/09/2019,1,126
08/09/2019,2,101
08/09/2019,3,64
08/09/2019,4,35
08/09/2019,5,52
08/09/2019,6,95
08/09/2019,7,188
08/09/2019,8,297
08/09/2019,9,300
08/09/2019,10,688
08/09/2019,11,633
08/09/2019,12,789
08/09/2019,13,780
08/09/2019,14,834
08/09/2019,15,1005
08/09/2019,16,1006
08/09/2019,17,857
08/09/2019,18,752
08/09/2019,19,636
08/09/2019,20,437
08/09/2019,21,274
08/09/2019,22,199
08/09/2019,23,68
08/09/2020,0,74
08/09/2020,1,14
08/09/2020,2,10
08/09/2020,3,10
08/09/2020,4,9
08/09/2020,5,60
08/09/2020,6,94
08/09/2020,7,169
08/09/2020,8,198
08/09/2020,9,196
08/09/2020,10,245
08/09/2020,11,339
08/09/2020,12,440
08/09/2020,13,379
08/09/2020,14,264
08/09/2020,15,491
08/09/2020,16,750
08/09/2020,17,1033
08/09/2020,18,847
08/09/2020,19,463
08/09/2020,20,310
08/09/2020,21,202
08/09/2020,22,130
08/09/2020,23,108
08/09/2021,0,197
08/09/2021,1,95
08/09/2021,2,34
08/09/2021,3,32
08/09/2021,4,64
08/09/2021,5,246
08/09/2021,6,708
08/09/2021,7,1271
08/09/2021,8,1348
08/09/2021,9,889
08/09/2021,10,788
08/09/2021,11,992
08/09/2021,12,1256
08/09/2021,13,1110
08/09/2021,14,1200
08/09/2021,15,1462
08/09/2021,16,2033
08/09/2021,17,2943
08/09/2021,18,2582
08/09/2021,19,1825
08/09/2021,20,1225
08/09/2021,21,1043
08/09/2021,22,666
08/09/2021,23,433
08/09/2022,0,212
08/09/2022,1,118
08/09/2022,2,70
08/09/2022,3,46
08/09/2022,4,49
08/09/2022,5,223
08/09/2022,6,660
08/09/2022,7,1360
08/09/2022,8,1562
08/09/2022,9,963
08/09/2022,10,864
08/09/2022,11,1034
08/09/2022,12,1221
08/09/2022,13,1243
08/09/2022,14,1196
08/09/2022,15,1606
08/09/2022,16,2323
08/09/2022,17,2991
08/09/2022,18,2718
08/09/2022,19,2016
08/09/2022,20,1182
08/09/2022,21,1074
08/09/2022,22,1112
08/09/2022,23,472
08/10/2019,0,51
08/10/2019,1,26
08/10/2019,2,9
08/10/2019,3,12
08/10/2019,4,35
08/10/2019,5,199
08/10/2019,6,663
08/10/2019,7,1515
08/10/2019,8,1862
08/10/2019,9,751
08/10/2019,10,446
08/10/2019,11,593
08/10/2019,12,736
08/10/2019,13,698
08/10/2019,14,616
08/10/2019,15,922
08/10/2019,16,1872
08/10/2019,17,2769
08/10/2019,18,1610
08/10/2019,19,838
08/10/2019,20,536
08/10/2019,21,401
08/10/2019,22,229
08/10/2019,23,148
08/10/2020,0,128
08/10/2020,1,80
08/10/2020,2,29
08/10/2020,3,17
08/10/2020,4,29
08/10/2020,5,110
08/10/2020,6,420
08/10/2020,7,773
08/10/2020,8,872
08/10/2020,9,620
08/10/2020,10,610
08/10/2020,11,728
08/10/2020,12,865
08/10/2020,13,845
08/10/2020,14,917
08/10/2020,15,1023
08/10/2020,16,1382
08/10/2020,17,2145
08/10/2020,18,1923
08/10/2020,19,1050
08/10/2020,20,625
08/10/2020,21,472
08/10/2020,22,505
08/10/2020,23,351
08/10/2021,0,248
08/10/2021,1,162
08/10/2021,2,98
08/10/2021,3,58
08/10/2021,4,71
08/10/2021,5,196
08/10/2021,6,505
08/10/2021,7,942
08/10/2021,8,1206
08/10/2021,9,912
08/10/2021,10,946
08/10/2021,11,1270
08/10/2021,12,1497
08/10/2021,13,1591
08/10/2021,14,1529
08/10/2021,15,989
08/10/2021,16,1398
08/10/2021,17,2077
08/10/2021,18,1932
08/10/2021,19,1355
08/10/2021,20,946
08/10/2021,21,818
08/10/2021,22,698
08/10/2021,23,722
08/10/2022,0,375
08/10/2022,1,289
08/10/2022,2,123
08/10/2022,3,95
08/10/2022,4,64
08/10/2022,5,60
08/10/2022,6,157
08/10/2022,7,286
08/10/2022,8,629
08/10/2022,9,868
08/10/2022,10,1178
08/10/2022,11,1473
08/10/2022,12,1591
08/10/2022,13,1664
08/10/2022,14,1726
08/10/2022,15,1759
08/10/2022,16,1566
08/10/2022,17,1436
08/10/2022,18,1318
08/10/2022,19,946
08/10/2022,20,721
08/10/2022,21,591
08/10/2022,22,537
08/10/2022,23,528
08/11/2019,0,27
08/11/2019,1,16
08/11/2019,2,8
08/11/2019,3,4
08/11/2019,4,18
08/11/2019,5,97
08/11/2019,6,281
08/11/2019,7,622
08/11/2019,8,832
08/11/2019,9,378
08/11/2019,10,201
08/11/2019,11,250
08/11/2019,12,310
08/11/2019,13,325
08/11/2019,14,323
08/11/2019,15,425
08/11/2019,16,786
08/11/2019,17,806
08/11/2019,18,445
08/11/2019,19,219
08/11/2019,20,133
08/11/2019,21,116
08/11/2019,22,77
08/11/2019,23,73
08/11/2020,0,253
08/11/2020,1,159
08/11/2020,2,85
08/11/2020,3,37
08/11/2020,4,30
08/11/2020,5,48
08/11/2020,6,115
08/11/2020,7,235
08/11/2020,8,385
08/11/2020,9,697
08/11/2020,10,1108
08/11/2020,11,1509
08/11/2020,12,1773
08/11/2020,13,2009
08/11/2020,14,2015
08/11/2020,15,2311
08/11/2020,16,1897
08/11/2020,17,1212
08/11/2020,18,864
08/11/2020,19,565
08/11/2020,20,425
08/11/2020,21,353
08/11/2020,22,206
08/11/2020,23,148
08/11/2021,0,104
08/11/2021,1,27
08/11/2021,2,26
08/11/2021,3,13
08/11/2021,4,41
08/11/2021,5,166
08/11/2021,6,516
08/11/2021,7,976
08/11/2021,8,1145
08/11/2021,9,730
08/11/2021,10,644
08/11/2021,11,760
08/11/2021,12,941
08/11/2021,13,1004
08/11/2021,14,1038
08/11/2021,15,1318
08/11/2021,16,1711
08/11/2021,17,1863
08/11/2021,18,1457
08/11/2021,19,1019
08/11/2021,20,696
08/11/2021,21,606
08/11/2021,22,459
08/11/2021,23,246
08/11/2022,0,62
08/11/2022,1,41
08/11/2022,2,17
08/11/2022,3,25
08/11/2022,4,58
08/11/2022,5,185
08/11/2022,6,522
08/11/2022,7,980
08/11/2022,8,1166
08/11/2022,9,655
08/11/2022,10,520
08/11/2022,11,640
08/11/2022,12,836
08/11/2022,13,841
08/11/2022,14,781
08/11/2022,15,1103
08/11/2022,16,1473
08/11/2022,17,1624
08/11/2022,18,1165
08/11/2022,19,799
08/11/2022,20,535
08/11/2022,21,466
08/11/2022,22,285
08/11/2022,23,213
08/12/2019,0,70
08/12/2019,1,44
08/12/2019,2,31
08/12/2019,3,13
08/12/2019,4,12
08/12/2019,5,9
08/12/2019,6,19
08/12/2019,7,49
08/12/2019,8,121
08/12/2019,9,202
08/12/2019,10,255
08/12/2019,11,316
08/12/2019,12,324
08/12/2019,13,315
08/12/2019,14,350
08/12/2019,15,395
08/12/2019,16,326
08/12/2019,17,267
08/12/2019,18,216
08/12/2019,19,200
08/12/2019,20,167
08/12/2019,21,118
08/12/2019,22,88
08/12/2019,23,68
08/12/2020,0,24
08/12/2020,1,10
08/12/2020,2,7
08/12/2020,3,6
08/12/2020,4,12
08/12/2020,5,61
08/12/2020,6,185
08/12/2020,7,342
08/12/2020,8,301
08/12/2020,9,256
08/12/2020,10,193
08/12/2020,11,267
08/12/2020,12,296
08/12/2020,13,255
08/12/2020,14,243
08/12/2020,15,300
08/12/2020,16,447
08/12/2020,17,479
08/12/2020,18,408
08/12/2020,19,275
08/12/2020,20,125
08/12/2020,21,105
08/12/2020,22,75
08/12/2020,23,44
08/12/2021,0,54
08/12/2021,1,21
08/12/2021,2,13
08/12/2021,3,9
08/12/2021,4,25
08/12/2021,5,115
08/12/2021,6,277
08/12/2021,7,566
08/12/2021,8,731
08/12/2021,9,407
08/12/2021,10,321
08/12/2021,11,399
08/12/2021,12,480
08/12/2021,13,527
08/12/2021,14,572
08/12/2021,15,629
08/12/2021,16,815
08/12/2021,17,1061
08/12/2021,18,777
08/12/2021,19,526
08/12/2021,20,366
08/12/2021,21,287
08/12/2021,22,206
08/12/2021,23,166
08/12/2022,0,93
08/12/2022,1,39
08/12/2022,2,21
08/12/2022,3,16
08/12/2022,4,30
08/12/2022,5,98
08/12/2022,6,375
08/12/2022,7,748
08/12/2022,8,901
08/12/2022,9,504
08/12/2022,10,378
08/12/2022,11,464
08/12/2022,12,517
08/12/2022,13,517
08/12/2022,14,515
08/12/2022,15,638
08/12/2022,16,978
08/12/2022,17,1122
08/12/2022,18,828
08/12/2022,19,599
08/12/2022,20,431
08/12/2022,21,336
08/12/2022,22,274
08/12/2022,23,173
09/01/2019,0,16
09/01/2019,1,9
09/01/2019,2,4
09/01/2019,3,7
09/01/2019,4,17
09/01/2019,5,76
09/01/2019,6,252
09/01/2019,7,518
09/01/2019,8,706
09/01/2019,9,252
09/01/2019,10,111
09/01/2019,11,131
09/01/2019,12,170
09/01/2019,13,151
09/01/2019,14,166
09/01/2019,15,228
09/01/2019,16,585
09/01/2019,17,723
09/01/2019,18,410
09/01/2019,19,260
09/01/2019,20,138
09/01/2019,21,94
09/01/2019,22,54
09/01/2019,23,22
09/01/2020,0,14
09/01/2020,1,3
09/01/2020,2,3
09/01/2020,3,4
09/01/2020,4,15
09/01/2020,5,97
09/01/2020,6,311
09/01/2020,7,634
09/01/2020,8,889
09/01/2020,9,313
09/01/2020,10,166
09/01/2020,11,178
09/01/2020,12,125
09/01/2020,13,152
09/01/2020,14,174
09/01/2020,15,348
09/01/2020,16,795
09/01/2020,17,1072
09/01/2020,18,604
09/01/2020,19,377
09/01/2020,20,191
09/01/2020,21,172
09/01/2020,22,97
09/01/2020,23,70
09/01/2021,0,47
09/01/2021,1,28
09/01/2021,2,23
09/01/2021,3,11
09/01/2021,4,8
09/01/2021,5,16
09/01/2021,6,39
09/01/2021,7,84
09/01/2021,8,125
09/01/2021,9,221
09/01/2021,10,290
09/01/2021,11,404
09/01/2021,12,511
09/01/2021,13,511
09/01/2021,14,520
09/01/2021,15,548
09/01/2021,16,442
09/01/2021,17,313
09/01/2021,18,240
09/01/2021,19,198
09/01/2021,20,136
09/01/2021,21,85
09/01/2021,22,88
09/01/2021,23,73
09/01/2022,0,43
09/01/2022,1,28
09/01/2022,2,28
09/01/2022,3,18
09/01/2022,4,18
09/01/2022,5,11
09/01/2022,6,21
09/01/2022,7,37
09/01/2022,8,69
09/01/2022,9,111
09/01/2022,10,136
09/01/2022,11,168
09/01/2022,12,169
09/01/2022,13,190
09/01/2022,14,196
09/01/2022,15,188
09/01/2022,16,168
09/01/2022,17,161
09/01/2022,18,112
09/01/2022,19,76
09/01/2022,20,57
09/01/2022,21,51
09/01/2022,22,34
09/01/2022,23,22
09/02/2019,0,13
09/02/2019,1,5
09/02/2019,2,6
09/02/2019,3,6
09/02/2019,4,2
09/02/2019,5,3
09/02/2019,6,15
09/02/2019,7,43
09/02/2019,8,78
09/02/2019,9,102
09/02/2019,10,146
09/02/2019,11,153
09/02/2019,12,188
09/02/2019,13,163
09/02/2019,14,181
09/02/2019,15,183
09/02/2019,16,170
09/02/2019,17,123
09/02/2019,18,113
09/02/2019,19,86
09/02/2019,20,52
09/02/2019,21,45
09/02/2019,22,39
09/02/2019,23,33
09/02/2020,0,51
09/02/2020,1,30
09/02/2020,2,17
09/02/2020,3,9
09/02/2020,4,5
09/02/2020,5,15
09/02/2020,6,19
09/02/2020,7,51
09/02/2020,8,88
09/02/2020,9,135
09/02/2020,10,192
09/02/2020,11,199
09/02/2020,12,172
09/02/2020,13,75
09/02/2020,14,63
09/02/2020,15,86
09/02/2020,16,97
09/02/2020,17,107
09/02/2020,18,128
09/02/2020,19,73
09/02/2020,20,76
09/02/2020,21,46
09/02/2020,22,54
09/02/2020,23,29
09/02/2021,0,1
09/02/2021,1,2
09/02/2021,3,3
09/02/2021,4,1
09/02/2021,5,23
09/02/2021,6,42
09/02/2021,7,79
09/02/2021,8,75
09/02/2021,9,63
09/02/2021,10,56
09/02/2021,11,56
09/02/2021,12,70
09/02/2021,13,88
09/02/2021,14,81
09/02/2021,15,93
09/02/2021,16,122
09/02/2021,17,147
09/02/2021,18,130
09/02/2021,19,68
09/02/2021,20,35
09/02/2021,21,20
09/02/2021,22,19
09/02/2021,23,14
09/02/2022,0,24
09/02/2022,1,14
09/02/2022,2,10
09/02/2022,3,11
09/02/2022,4,11
09/02/2022,5,95
09/02/2022,6,186
09/02/2022,7,370
09/02/2022,8,438
09/02/2022,9,272
09/02/2022,10,191
09/02/2022,11,261
09/02/2022,12,267
09/02/2022,13,280
09/02/2022,14,275
09/02/2022,15,344
09/02/2022,16,535
09/02/2022,17,618
09/02/2022,18,437
09/02/2022,19,302
09/02/2022,20,182
09/02/2022,21,146
09/02/2022,22,130
09/02/2022,23,74
09/03/2019,0,37
09/03/2019,1,22
09/03/2019,2,16
09/03/2019,3,5
09/03/2019,4,7
09/03/2019,5,15
09/03/2019,6,35
09/03/2019,7,78
09/03/2019,8,168
09/03/2019,9,217
09/03/2019,10,227
09/03/2019,11,246
09/03/2019,12,277
09/03/2019,13,240
09/03/2019,14,59
09/03/2019,15,77
09/03/2019,16,63
09/03/2019,17,52
09/03/2019,18,32
09/03/2019,19,57
09/03/2019,20,49
09/03/2019,21,35
09/03/2019,22,39
09/03/2019,23,32
09/03/2020,0,29
09/03/2020,1,13
09/03/2020,2,11
09/03/2020,3,4
09/03/2020,4,23
09/03/2020,5,113
09/03/2020,6,257
09/03/2020,7,308
09/03/2020,8,752
09/03/2020,9,322
09/03/2020,10,247
09/03/2020,11,236
09/03/2020,12,230
09/03/2020,13,201
09/03/2020,14,188
09/03/2020,15,332
09/03/2020,16,397
09/03/2020,17,429
09/03/2020,18,169
09/03/2020,19,113
09/03/2020,20,72
09/03/2020,21,40
09/03/2020,22,14
09/03/2020,23,5
09/03/2021,0,45
09/03/2021,1,7
09/03/2021,2,10
09/03/2021,3,4
09/03/2021,4,18
09/03/2021,5,75
09/03/2021,6,234
09/03/2021,7,455
09/03/2021,8,418
09/03/2021,9,295
09/03/2021,10,301
09/03/2021,11,278
09/03/2021,12,562
09/03/2021,13,631
09/03/2021,14,646
09/03/2021,15,883
09/03/2021,16,1206
09/03/2021,17,1684
09/03/2021,18,1095
09/03/2021,19,616
09/03/2021,20,371
09/03/2021,21,274
09/03/2021,22,181
09/03/2021,23,120
09/03/2022,0,44
09/03/2022,1,19
09/03/2022,2,15
09/03/2022,3,10
09/03/2022,4,26
09/03/2022,5,98
09/03/2022,6,252
09/03/2022,7,590
09/03/2022,8,676
09/03/2022,9,391
09/03/2022,10,335
09/03/2022,11,417
09/03/2022,12,526
09/03/2022,13,468
09/03/2022,14,491
09/03/2022,15,656
09/03/2022,16,882
09/03/2022,17,1056
09/03/2022,18,751
09/03/2022,19,502
09/03/2022,20,321
09/03/2022,21,229
09/03/2022,22,175
09/03/2022,23,160
09/04/2020,0,11
09/04/2020,2,5
09/04/2020,3,3
09/04/2020,4,5
09/04/2020,5,14
09/04/2020,6,81
09/04/2020,7,94
09/04/2020,8,126
09/04/2020,9,106
09/04/2020,10,91
09/04/2020,11,124
09/04/2020,12,133
09/04/2020,13,142
09/04/2020,14,137
09/04/2020,15,131
09/04/2020,16,134
09/04/2020,17,214
09/04/2020,18,174
09/04/2020,19,127
09/04/2020,20,67
09/04/2020,21,27
09/04/2020,22,16
09/04/2020,23,10
09/04/2021,0,62
09/04/2021,1,26
09/04/2021,2,15
09/04/2021,3,8
09/04/2021,4,13
09/04/2021,5,91
09/04/2021,6,206
09/04/2021,7,345
09/04/2021,8,422
09/04/2021,9,392
09/04/2021,10,405
09/04/2021,11,470
09/04/2021,12,615
09/04/2021,13,614
09/04/2021,14,751
09/04/2021,15,836
09/04/2021,16,1142
09/04/2021,17,1471
09/04/2021,18,1501
09/04/2021,19,1082
09/04/2021,20,648
09/04/2021,21,486
09/04/2021,22,460
09/04/2021,23,398
09/04/2022,0,85
09/04/2022,1,107
09/04/2022,2,66
09/04/2022,3,38
09/04/2022,4,34
09/04/2022,5,40
09/04/2022,6,122
09/04/2022,7,167
09/04/2022,8,336
09/04/2022,9,449
09/04/2022,10,595
09/04/2022,11,748
09/04/2022,12,779
09/04/2022,13,833
09/04/2022,14,735
09/04/2022,15,801
09/04/2022,16,892
09/04/2022,17,861
09/04/2022,18,854
09/04/2022,19,674
09/04/2022,20,459
09/04/2022,21,353
09/04/2022,22,306
09/04/2022,23,292
09/05/2020,0,30
09/05/2020,1,16
09/05/2020,2,21
09/05/2020,3,12
09/05/2020,4,14
09/05/2020,5,18
09/05/2020,6,45
09/05/2020,7,50
09/05/2020,8,118
09/05/2020,9,167
09/05/2020,10,278
09/05/2020,11,473
09/05/2020,12,611
09/05/2020,13,852
09/05/2020,14,995
09/05/2020,15,1046
09/05/2020,16,969
09/05/2020,17,819
09/05/2020,18,597
09/05/2020,19,399
09/05/2020,20,191
09/05/2020,21,108
09/05/2020,22,75
09/05/2020,23,41
09/05/2021,0,228
09/05/2021,1,141
09/05/2021,2,50
09/05/2021,3,33
09/05/2021,4,20
09/05/2021,5,22
09/05/2021,6,34
09/05/2021,7,49
09/05/2021,8,96
09/05/2021,9,87
09/05/2021,10,187
09/05/2021,11,323
09/05/2021,12,463
09/05/2021,13,571
09/05/2021,14,610
09/05/2021,15,783
09/05/2021,16,834
09/05/2021,17,845
09/05/2021,18,638
09/05/2021,19,490
09/05/2021,20,334
09/05/2021,21,231
09/05/2021,22,169
09/05/2021,23,95
09/05/2022,0,105
09/05/2022,1,72
09/05/2022,2,42
09/05/2022,3,27
09/05/2022,4,39
09/05/2022,5,158
09/05/2022,6,506
09/05/2022,7,966
09/05/2022,8,1092
09/05/2022,9,739
09/05/2022,10,704
09/05/2022,11,968
09/05/2022,12,1095
09/05/2022,13,1176
09/05/2022,14,1226
09/05/2022,15,1461
09/05/2022,16,1998
09/05/2022,17,2787
09/05/2022,18,2458
09/05/2022,19,1938
09/05/2022,20,1206
09/05/2022,21,960
09/05/2022,22,685
09/05/2022,23,379
09/06/2020,0,56
09/06/2020,1,35
09/06/2020,2,10
09/06/2020,3,9
09/06/2020,4,18
09/06/2020,5,77
09/06/2020,6,262
09/06/2020,7,416
09/06/2020,8,408
09/06/2020,9,374
09/06/2020,10,372
09/06/2020,11,484
09/06/2020,12,584
09/06/2020,13,538
09/06/2020,14,389
09/06/2020,15,272
09/06/2020,16,426
09/06/2020,17,209
09/06/2020,18,236
09/06/2020,19,144
09/06/2020,20,89
09/06/2020,21,75
09/06/2020,22,64
09/06/2020,23,61
09/06/2021,0,301
09/06/2021,1,105
09/06/2021,2,70
09/06/2021,3,37
09/06/2021,4,72
09/06/2021,5,219
09/06/2021,6,578
09/06/2021,7,980
09/06/2021,8,1121
09/06/2021,9,735
09/06/2021,10,723
09/06/2021,11,964
09/06/2021,12,1085
09/06/2021,13,1064
09/06/2021,14,1117
09/06/2021,15,1313
09/06/2021,16,1903
09/06/2021,17,2857
09/06/2021,18,2874
09/06/2021,19,2204
09/06/2021,20,1647
09/06/2021,21,1252
09/06/2021,22,1003
09/06/2021,23,647
09/06/2022,0,145
09/06/2022,1,99
09/06/2022,2,36
09/06/2022,3,30
09/06/2022,4,41
09/06/2022,5,241
09/06/2022,6,565
09/06/2022,7,1167
09/06/2022,8,1345
09/06/2022,9,799
09/06/2022,10,799
09/06/2022,11,984
09/06/2022,12,1129
09/06/2022,13,1170
09/06/2022,14,1320
09/06/2022,15,1612
09/06/2022,16,2339
09/06/2022,17,3058
09/06/2022,18,2683
09/06/2022,19,2054
09/06/2022,20,1613
09/06/2022,21,1194
09/06/2022,22,883
09/06/2022,23,541
09/07/2019,0,52
09/07/2019,1,31
09/07/2019,2,13
09/07/2019,3,9
09/07/2019,4,28
09/07/2019,5,242
09/07/2019,6,718
09/07/2019,7,1380
09/07/2019,8,1734
09/07/2019,9,703
09/07/2019,10,535
09/07/2019,11,641
09/07/2019,12,813
09/07/2019,13,841
09/07/2019,14,781
09/07/2019,15,792
09/07/2019,16,1806
09/07/2019,17,2899
09/07/2019,18,2018
09/07/2019,19,1380
09/07/2019,20,1053
09/07/2019,21,663
09/07/2019,22,365
09/07/2019,23,169
09/07/2020,0,127
09/07/2020,1,91
09/07/2020,2,38
09/07/2020,3,21
09/07/2020,4,40
09/07/2020,5,160
09/07/2020,6,447
09/07/2020,7,667
09/07/2020,8,766
09/07/2020,9,531
09/07/2020,10,482
09/07/2020,11,649
09/07/2020,12,716
09/07/2020,13,713
09/07/2020,14,727
09/07/2020,15,794
09/07/2020,16,1136
09/07/2020,17,1616
09/07/2020,18,1684
09/07/2020,19,1217
09/07/2020,20,948
09/07/2020,21,606
09/07/2020,22,400
09/07/2020,23,225
09/07/2021,0,355
09/07/2021,1,221
09/07/2021,2,131
09/07/2021,3,59
09/07/2021,4,64
09/07/2021,5,181
09/07/2021,6,536
09/07/2021,7,896
09/07/2021,8,1046
09/07/2021,9,845
09/07/2021,10,907
09/07/2021,11,1312
09/07/2021,12,1612
09/07/2021,13,1582
09/07/2021,14,1681
09/07/2021,15,2023
09/07/2021,16,2554
09/07/2021,17,3108
09/07/2021,18,2647
09/07/2021,19,2270
09/07/2021,20,1684
09/07/2021,21,1324
09/07/2021,22,1338
09/07/2021,23,1208
09/07/2022,0,866
09/07/2022,1,572
09/07/2022,2,281
09/07/2022,3,169
09/07/2022,4,87
09/07/2022,5,146
09/07/2022,6,249
09/07/2022,7,479
09/07/2022,8,843
09/07/2022,9,1283
09/07/2022,10,1817
09/07/2022,11,2172
09/07/2022,12,2650
09/07/2022,13,2750
09/07/2022,14,2833
09/07/2022,15,2756
09/07/2022,16,2908
09/07/2022,17,2794
09/07/2022,18,2562
09/07/2022,19,2067
09/07/2022,20,1640
09/07/2022,21,1560
09/07/2022,22,1353
09/07/2022,23,1314
09/08/2019,0,128
09/08/2019,1,63
09/08/2019,2,35
09/08/2019,3,31
09/08/2019,4,33
09/08/2019,5,210
09/08/2019,6,602
09/08/2019,7,1294
09/08/2019,8,1580
09/08/2019,9,836
09/08/2019,10,735
09/08/2019,11,945
09/08/2019,12,1171
09/08/2019,13,1251
09/08/2019,14,1271
09/08/2019,15,1584
09/08/2019,16,2098
09/08/2019,17,2330
09/08/2019,18,1628
09/08/2019,19,1241
09/08/2019,20,847
09/08/2019,21,583
09/08/2019,22,483
09/08/2019,23,341
09/08/2020,0,582
09/08/2020,1,394
09/08/2020,2,311
09/08/2020,3,112
09/08/2020,4,56
09/08/2020,5,100
09/08/2020,6,199
09/08/2020,7,309
09/08/2020,8,535
09/08/2020,9,946
09/08/2020,10,1339
09/08/2020,11,1664
09/08/2020,12,1932
09/08/2020,13,1884
09/08/2020,14,1975
09/08/2020,15,2045
09/08/2020,16,1867
09/08/2020,17,1870
09/08/2020,18,1690
09/08/2020,19,1500
09/08/2020,20,1070
09/08/2020,21,286
09/08/2020,22,293
09/08/2020,23,241
09/08/2021,0,234
09/08/2021,1,142
09/08/2021,2,85
09/08/2021,3,73
09/08/2021,4,153
09/08/2021,5,213
09/08/2021,6,574
09/08/2021,7,988
09/08/2021,8,1084
09/08/2021,9,578
09/08/2021,10,277
09/08/2021,11,667
09/08/2021,12,890
09/08/2021,13,959
09/08/2021,14,988
09/08/2021,15,1201
09/08/2021,16,1669
09/08/2021,17,2011
09/08/2021,18,1695
09/08/2021,19,932
09/08/2021,20,534
09/08/2021,21,459
09/08/2021,22,406
09/08/2021,23,273
09/08/2022,0,162
09/08/2022,1,108
09/08/2022,2,40
09/08/2022,3,38
09/08/2022,4,56
09/08/2022,5,259
09/08/2022,6,740
09/08/2022,7,1237
09/08/2022,8,1421
09/08/2022,9,898
09/08/2022,10,773
09/08/2022,11,958
09/08/2022,12,1200
09/08/2022,13,1131
09/08/2022,14,1177
09/08/2022,15,1571
09/08/2022,16,2266
09/08/2022,17,3200
09/08/2022,18,2744
09/08/2022,19,2114
09/08/2022,20,1534
09/08/2022,21,1163
09/08/2022,22,867
09/08/2022,23,426
09/09/2019,0,48
09/09/2019,1,19
09/09/2019,2,21
09/09/2019,3,11
09/09/2019,4,39
09/09/2019,5,196
09/09/2019,6,582
09/09/2019,7,1410
09/09/2019,8,1701
09/09/2019,9,657
09/09/2019,10,453
09/09/2019,11,587
09/09/2019,12,602
09/09/2019,13,648
09/09/2019,14,676
09/09/2019,15,877
09/09/2019,16,1771
09/09/2019,17,2730
09/09/2019,18,1615
09/09/2019,19,1040
09/09/2019,20,618
09/09/2019,21,365
09/09/2019,22,247
09/09/2019,23,114
09/09/2020,0,58
09/09/2020,1,24
09/09/2020,2,10
09/09/2020,3,3
09/09/2020,4,17
09/09/2020,5,100
09/09/2020,6,344
09/09/2020,7,612
09/09/2020,8,657
09/09/2020,9,452
09/09/2020,10,442
09/09/2020,11,544
09/09/2020,12,659
09/09/2020,13,643
09/09/2020,14,673
09/09/2020,15,797
09/09/2020,16,1170
09/09/2020,17,1584
09/09/2020,18,1440
09/09/2020,19,926
09/09/2020,20,503
09/09/2020,21,398
09/09/2020,22,309
09/09/2020,23,180
09/09/2021,0,195
09/09/2021,1,90
09/09/2021,2,49
09/09/2021,3,45
09/09/2021,4,53
09/09/2021,5,240
09/09/2021,6,684
09/09/2021,7,1227
09/09/2021,8,1414
09/09/2021,9,865
09/09/2021,10,772
09/09/2021,11,950
09/09/2021,12,1218
09/09/2021,13,1112
09/09/2021,14,1202
09/09/2021,15,1431
09/09/2021,16,2113
09/09/2021,17,2966
09/09/2021,18,2750
09/09/2021,19,1973
09/09/2021,20,1195
09/09/2021,21,1070
09/09/2021,22,813
09/09/2021,23,781
09/09/2022,0,336
09/09/2022,1,190
09/09/2022,2,104
09/09/2022,3,82
09/09/2022,4,58
09/09/2022,5,232
09/09/2022,6,795
09/09/2022,7,1268
09/09/2022,8,1325
09/09/2022,9,1051
09/09/2022,10,957
09/09/2022,11,1207
09/09/2022,12,1467
09/09/2022,13,1500
09/09/2022,14,1801
09/09/2022,15,2029
09/09/2022,16,2201
09/09/2022,17,2717
09/09/2022,18,2730
09/09/2022,19,2105
09/09/2022,20,1302
09/09/2022,21,1072
09/09/2022,22,995
09/09/2022,23,1031
09/10/2019,0,66
09/10/2019,1,34
09/10/2019,2,20
09/10/2019,3,13
09/10/2019,4,37
09/10/2019,5,201
09/10/2019,6,638
09/10/2019,7,1444
09/10/2019,8,1813
09/10/2019,9,729
09/10/2019,10,449
09/10/2019,11,617
09/10/2019,12,757
09/10/2019,13,747
09/10/2019,14,689
09/10/2019,15,934
09/10/2019,16,1805
09/10/2019,17,2587
09/10/2019,18,1492
09/10/2019,19,797
09/10/2019,20,543
09/10/2019,21,414
09/10/2019,22,248
09/10/2019,23,152
09/10/2020,0,135
09/10/2020,1,84
09/10/2020,2,28
09/10/2020,3,27
09/10/2020,4,19
09/10/2020,5,122
09/10/2020,6,371
09/10/2020,7,680
09/10/2020,8,782
09/10/2020,9,671
09/10/2020,10,711
09/10/2020,11,890
09/10/2020,12,1245
09/10/2020,13,1318
09/10/2020,14,1358
09/10/2020,15,1647
09/10/2020,16,1988
09/10/2020,17,2483
09/10/2020,18,2322
09/10/2020,19,1420
09/10/2020,20,946
09/10/2020,21,689
09/10/2020,22,758
09/10/2020,23,628
09/10/2021,0,646
09/10/2021,1,584
09/10/2021,2,322
09/10/2021,3,180
09/10/2021,4,71
09/10/2021,5,93
09/10/2021,6,212
09/10/2021,7,395
09/10/2021,8,867
09/10/2021,9,1396
09/10/2021,10,1898
09/10/2021,11,2239
09/10/2021,12,2581
09/10/2021,13,2775
09/10/2021,14,2784
09/10/2021,15,2781
09/10/2021,16,2628
09/10/2021,17,2626
09/10/2021,18,2197
09/10/2021,19,1701
09/10/2021,20,1178
09/10/2021,21,1009
09/10/2021,22,1022
09/10/2021,23,1017
09/10/2022,0,466
09/10/2022,1,286
09/10/2022,2,156
09/10/2022,3,102
09/10/2022,4,104
09/10/2022,5,205
09/10/2022,6,428
09/10/2022,7,760
09/10/2022,8,1054
09/10/2022,9,1518
09/10/2022,10,2008
09/10/2022,11,2091
09/10/2022,12,2176
09/10/2022,13,2078
09/10/2022,14,2012
09/10/2022,15,2145
09/10/2022,16,1848
09/10/2022,17,1684
09/10/2022,18,1452
09/10/2022,19,943
09/10/2022,20,677
09/10/2022,21,440
09/10/2022,22,450
09/10/2022,23,293
09/11/2019,0,50
09/11/2019,1,27
09/11/2019,2,23
09/11/2019,3,16
09/11/2019,4,10
09/11/2019,5,18
09/11/2019,6,32
09/11/2019,7,117
09/11/2019,8,214
09/11/2019,9,280
09/11/2019,10,325
09/11/2019,11,446
09/11/2019,12,501
09/11/2019,13,561
09/11/2019,14,598
09/11/2019,15,504
09/11/2019,16,427
09/11/2019,17,251
09/11/2019,18,283
09/11/2019,19,198
09/11/2019,20,151
09/11/2019,21,114
09/11/2019,22,121
09/11/2019,23,129
09/11/2020,0,70
09/11/2020,1,36
09/11/2020,2,21
09/11/2020,3,13
09/11/2020,4,19
09/11/2020,5,93
09/11/2020,6,379
09/11/2020,7,678
09/11/2020,8,697
09/11/2020,9,572
09/11/2020,10,560
09/11/2020,11,729
09/11/2020,12,906
09/11/2020,13,876
09/11/2020,14,941
09/11/2020,15,1168
09/11/2020,16,1484
09/11/2020,17,1536
09/11/2020,18,1152
09/11/2020,19,840
09/11/2020,20,520
09/11/2020,21,391
09/11/2020,22,250
09/11/2020,23,167
09/11/2021,0,122
09/11/2021,1,57
09/11/2021,2,27
09/11/2021,3,20
09/11/2021,4,39
09/11/2021,5,195
09/11/2021,6,541
09/11/2021,7,1191
09/11/2021,8,1300
09/11/2021,9,761
09/11/2021,10,699
09/11/2021,11,665
09/11/2021,12,896
09/11/2021,13,893
09/11/2021,14,784
09/11/2021,15,1144
09/11/2021,16,1536
09/11/2021,17,1839
09/11/2021,18,1374
09/11/2021,19,942
09/11/2021,20,629
09/11/2021,21,487
09/11/2021,22,400
09/11/2021,23,230
09/11/2022,0,92
09/11/2022,1,52
09/11/2022,2,24
09/11/2022,3,19
09/11/2022,4,40
09/11/2022,5,166
09/11/2022,6,507
09/11/2022,7,1090
09/11/2022,8,1295
09/11/2022,9,700
09/11/2022,10,560
09/11/2022,11,711
09/11/2022,12,845
09/11/2022,13,863
09/11/2022,14,913
09/11/2022,15,1212
09/11/2022,16,1903
09/11/2022,17,1991
09/11/2022,18,1500
09/11/2022,19,1008
09/11/2022,20,683
09/11/2022,21,714
09/11/2022,22,496
09/11/2022,23,285
09/12/2019,0,24
09/12/2019,1,21
09/12/2019,2,9
09/12/2019,3,9
09/12/2019,4,22
09/12/2019,5,74
09/12/2019,6,282
09/12/2019,7,665
09/12/2019,8,963
09/12/2019,9,331
09/12/2019,10,168
09/12/2019,11,215
09/12/2019,12,240
09/12/2019,13,226
09/12/2019,14,254
09/12/2019,15,298
09/12/2019,16,761
09/12/2019,17,1125
09/12/2019,18,571
09/12/2019,19,339
09/12/2019,20,169
09/12/2019,21,108
09/12/2019,22,53
09/12/2019,23,21
09/12/2020,0,28
09/12/2020,1,16
09/12/2020,2,11
09/12/2020,3,3
09/12/2020,4,10
09/12/2020,5,60
09/12/2020,6,190
09/12/2020,7,293
09/12/2020,8,333
09/12/2020,9,251
09/12/2020,10,208
09/12/2020,11,338
09/12/2020,12,443
09/12/2020,13,488
09/12/2020,14,556
09/12/2020,15,555
09/12/2020,16,672
09/12/2020,17,706
09/12/2020,18,550
09/12/2020,19,350
09/12/2020,20,243
09/12/2020,21,163
09/12/2020,22,94
09/12/2020,23,79
09/12/2021,0,75
09/12/2021,1,45
09/12/2021,2,26
09/12/2021,3,17
09/12/2021,4,35
09/12/2021,5,120
09/12/2021,6,301
09/12/2021,7,613
09/12/2021,8,777
09/12/2021,9,502
09/12/2021,10,370
09/12/2021,11,399
09/12/2021,12,545
09/12/2021,13,544
09/12/2021,14,573
09/12/2021,15,700
09/12/2021,16,975
09/12/2021,17,1212
09/12/2021,18,928
09/12/2021,19,622
09/12/2021,20,450
09/12/2021,21,373
09/12/2021,22,385
09/12/2021,23,290
09/12/2022,0,122
09/12/2022,1,91
09/12/2022,2,45
09/12/2022,3,29
09/12/2022,4,27
09/12/2022,5,74
09/12/2022,6,134
09/12/2022,7,201
09/12/2022,8,214
09/12/2022,9,112
09/12/2022,10,102
09/12/2022,11,136
09/12/2022,12,186
09/12/2022,13,217
09/12/2022,14,229
09/12/2022,15,321
09/12/2022,16,417
09/12/2022,17,497
09/12/2022,18,459
09/12/2022,19,348
09/12/2022,20,224
09/12/2022,21,211
09/12/2022,22,172
09/12/2022,23,212
10/01/2019,0,14
10/01/2019,1,4
10/01/2019,2,3
10/01/2019,3,5
10/01/2019,4,15
10/01/2019,5,64
10/01/2019,6,222
10/01/2019,7,476
10/01/2019,8,679
10/01/2019,9,260
10/01/2019,10,124
10/01/2019,11,163
10/01/2019,12,187
10/01/2019,13,181
10/01/2019,14,191
10/01/2019,15,279
10/01/2019,16,569
10/01/2019,17,756
10/01/2019,18,439
10/01/2019,19,260
10/01/2019,20,140
10/01/2019,21,117
10/01/2019,22,60
10/01/2019,23,37
10/01/2020,0,28
10/01/2020,1,17
10/01/2020,2,9
10/01/2020,3,5
10/01/2020,4,26
10/01/2020,5,101
10/01/2020,6,281
10/01/2020,7,583
10/01/2020,8,777
10/01/2020,9,354
10/01/2020,10,193
10/01/2020,11,210
10/01/2020,12,242
10/01/2020,13,267
10/01/2020,14,228
10/01/2020,15,384
10/01/2020,16,695
10/01/2020,17,745
10/01/2020,18,282
10/01/2020,19,184
10/01/2020,20,55
10/01/2020,21,23
10/01/2020,22,2
10/01/2020,23,6
10/01/2021,0,51
10/01/2021,1,35
10/01/2021,2,23
10/01/2021,3,16
10/01/2021,4,6
10/01/2021,5,15
10/01/2021,6,47
10/01/2021,7,57
10/01/2021,8,100
10/01/2021,9,127
10/01/2021,10,235
10/01/2021,11,277
10/01/2021,12,296
10/01/2021,13,356
10/01/2021,14,307
10/01/2021,15,339
10/01/2021,16,278
10/01/2021,17,180
10/01/2021,18,152
10/01/2021,19,143
10/01/2021,20,101
10/01/2021,21,78
10/01/2021,22,49
10/01/2021,23,35
10/01/2022,0,10
10/01/2022,1,3
10/01/2022,2,6
10/01/2022,3,4
10/01/2022,4,12
10/01/2022,5,44
10/01/2022,6,107
10/01/2022,7,177
10/01/2022,8,197
10/01/2022,9,139
10/01/2022,10,129
10/01/2022,11,108
10/01/2022,12,165
10/01/2022,13,138
10/01/2022,14,137
10/01/2022,15,200
10/01/2022,16,258
10/01/2022,17,316
10/01/2022,18,201
10/01/2022,19,126
10/01/2022,20,74
10/01/2022,21,56
10/01/2022,22,30
10/01/2022,23,48
10/02/2019,0,27
10/02/2019,1,18
10/02/2019,2,15
10/02/2019,3,15
10/02/2019,4,3
10/02/2019,5,5
10/02/2019,6,16
10/02/2019,7,35
10/02/2019,8,69
10/02/2019,9,103
10/02/2019,10,151
10/02/2019,11,188
10/02/2019,12,181
10/02/2019,13,147
10/02/2019,14,68
10/02/2019,15,55
10/02/2019,16,58
10/02/2019,17,72
10/02/2019,18,62
10/02/2019,19,51
10/02/2019,20,24
10/02/2019,21,27
10/02/2019,22,19
10/02/2019,23,8
10/02/2020,0,12
10/02/2020,1,11
10/02/2020,2,2
10/02/2020,3,9
10/02/2020,4,22
10/02/2020,5,91
10/02/2020,6,279
10/02/2020,7,613
10/02/2020,8,771
10/02/2020,9,298
10/02/2020,10,135
10/02/2020,11,185
10/02/2020,12,229
10/02/2020,13,214
10/02/2020,14,204
10/02/2020,15,308
10/02/2020,16,694
10/02/2020,17,957
10/02/2020,18,538
10/02/2020,19,367
10/02/2020,20,179
10/02/2020,21,130
10/02/2020,22,44
10/02/2020,23,36
10/02/2021,0,7
10/02/2021,1,2
10/02/2021,2,1
10/02/2021,3,1
10/02/2021,4,2
10/02/2021,5,27
10/02/2021,6,43
10/02/2021,7,78
10/02/2021,8,14
10/02/2021,9,29
10/02/2021,10,58
10/02/2021,11,66
10/02/2021,12,84
10/02/2021,13,80
10/02/2021,14,74
10/02/2021,15,71
10/02/2021,16,129
10/02/2021,17,153
10/02/2021,18,128
10/02/2021,19,92
10/02/2021,20,52
10/02/2021,21,19
10/02/2021,22,25
10/02/2021,23,10
10/02/2022,0,34
10/02/2022,1,13
10/02/2022,2,9
10/02/2022,3,9
10/02/2022,4,22
10/02/2022,5,74
10/02/2022,6,161
10/02/2022,7,354
10/02/2022,8,391
10/02/2022,9,249
10/02/2022,10,177
10/02/2022,11,194
10/02/2022,12,270
10/02/2022,13,231
10/02/2022,14,247
10/02/2022,15,346
10/02/2022,16,461
10/02/2022,17,529
10/02/2022,18,437
10/02/2022,19,259
10/02/2022,20,181
10/02/2022,21,159
10/02/2022,22,125
10/02/2022,23,73
10/03/2019,0,26
10/03/2019,1,30
10/03/2019,3,16
10/03/2019,4,6
10/03/2019,5,11
10/03/2019,6,14
10/03/2019,7,31
10/03/2019,8,64
10/03/2019,9,89
10/03/2019,10,127
10/03/2019,11,159
10/03/2019,12,188
10/03/2019,13,196
10/03/2019,14,178
10/03/2019,15,182
10/03/2019,16,194
10/03/2019,17,204
10/03/2019,18,206
10/03/2019,19,115
10/03/2019,20,98
10/03/2019,21,64
10/03/2019,22,43
10/03/2019,23,22
10/03/2020,0,7
10/03/2020,1,7
10/03/2020,2,4
10/03/2020,3,3
10/03/2020,4,18
10/03/2020,5,103
10/03/2020,6,309
10/03/2020,7,624
10/03/2020,8,884
10/03/2020,9,416
10/03/2020,10,241
10/03/2020,11,251
10/03/2020,12,290
10/03/2020,13,318
10/03/2020,14,239
10/03/2020,15,397
10/03/2020,16,836
10/03/2020,17,1196
10/03/2020,18,777
10/03/2020,19,401
10/03/2020,20,234
10/03/2020,21,142
10/03/2020,22,88
10/03/2020,23,42
10/03/2021,0,46
10/03/2021,1,14
10/03/2021,2,14
10/03/2021,3,10
10/03/2021,4,26
10/03/2021,5,82
10/03/2021,6,231
10/03/2021,7,397
10/03/2021,8,398
10/03/2021,9,277
10/03/2021,10,227
10/03/2021,11,318
10/03/2021,12,455
10/03/2021,13,471
10/03/2021,14,520
10/03/2021,15,547
10/03/2021,16,689
10/03/2021,17,915
10/03/2021,18,659
10/03/2021,19,434
10/03/2021,20,285
10/03/2021,21,189
10/03/2021,22,116
10/03/2021,23,77
10/03/2022,0,64
10/03/2022,1,35
10/03/2022,2,6
10/03/2022,3,15
10/03/2022,4,19
10/03/2022,5,89
10/03/2022,6,229
10/03/2022,7,506
10/03/2022,8,609
10/03/2022,9,353
10/03/2022,10,264
10/03/2022,11,288
10/03/2022,12,351
10/03/2022,13,331
10/03/2022,14,351
10/03/2022,15,468
10/03/2022,16,618
10/03/2022,17,811
10/03/2022,18,559
10/03/2022,19,277
10/03/2022,20,157
10/03/2022,21,131
10/03/2022,22,97
10/03/2022,23,85
10/04/2020,0,7
10/04/2020,1,3
10/04/2020,3,2
10/04/2020,4,3
10/04/2020,5,14
10/04/2020,6,61
10/04/2020,7,96
10/04/2020,8,98
10/04/2020,9,88
10/04/2020,10,118
10/04/2020,11,145
10/04/2020,12,191
10/04/2020,13,204
10/04/2020,14,219
10/04/2020,15,271
10/04/2020,16,310
10/04/2020,17,323
10/04/2020,18,254
10/04/2020,19,138
10/04/2020,20,81
10/04/2020,21,36
10/04/2020,22,36
10/04/2020,23,23
10/04/2021,0,367
10/04/2021,1,239
10/04/2021,2,79
10/04/2021,3,25
10/04/2021,4,46
10/04/2021,5,43
10/04/2021,6,80
10/04/2021,7,163
10/04/2021,8,263
10/04/2021,9,278
10/04/2021,10,486
10/04/2021,11,662
10/04/2021,12,755
10/04/2021,13,371
10/04/2021,14,211
10/04/2021,15,180
10/04/2021,16,178
10/04/2021,17,110
10/04/2021,18,118
10/04/2021,19,152
10/04/2021,20,158
10/04/2021,21,176
10/04/2021,22,177
10/04/2021,23,215
10/04/2022,0,240
10/04/2022,1,190
10/04/2022,2,97
10/04/2022,3,69
10/04/2022,4,40
10/04/2022,5,47
10/04/2022,6,64
10/04/2022,7,148
10/04/2022,8,313
10/04/2022,9,540
10/04/2022,10,877
10/04/2022,11,1204
10/04/2022,12,1467
10/04/2022,13,1585
10/04/2022,14,1602
10/04/2022,15,1509
10/04/2022,16,1479
10/04/2022,17,1329
10/04/2022,18,1119
10/04/2022,19,729
10/04/2022,20,473
10/04/2022,21,345
10/04/2022,22,248
10/04/2022,23,166
10/05/2020,0,60
10/05/2020,1,29
10/05/2020,2,13
10/05/2020,3,13
10/05/2020,4,7
10/05/2020,5,15
10/05/2020,6,50
10/05/2020,7,57
10/05/2020,8,104
10/05/2020,9,48
10/05/2020,10,101
10/05/2020,11,166
10/05/2020,12,139
10/05/2020,13,116
10/05/2020,14,71
10/05/2020,15,67
10/05/2020,16,65
10/05/2020,17,68
10/05/2020,18,52
10/05/2020,19,55
10/05/2020,20,35
10/05/2020,21,27
10/05/2020,22,24
10/05/2020,23,12
10/05/2021,0,52
10/05/2021,1,38
10/05/2021,2,13
10/05/2021,3,16
10/05/2021,4,31
10/05/2021,5,109
10/05/2021,6,264
10/05/2021,7,479
10/05/2021,8,520
10/05/2021,9,332
10/05/2021,10,281
10/05/2021,11,364
10/05/2021,12,488
10/05/2021,13,487
10/05/2021,14,527
10/05/2021,15,663
10/05/2021,16,875
10/05/2021,17,1134
10/05/2021,18,1066
10/05/2021,19,679
10/05/2021,20,401
10/05/2021,21,266
10/05/2021,22,189
10/05/2021,23,93
10/05/2022,0,208
10/05/2022,1,82
10/05/2022,2,61
10/05/2022,3,56
10/05/2022,4,59
10/05/2022,5,212
10/05/2022,6,704
10/05/2022,7,1363
10/05/2022,8,1394
10/05/2022,9,858
10/05/2022,10,779
10/05/2022,11,967
10/05/2022,12,1202
10/05/2022,13,1134
10/05/2022,14,1283
10/05/2022,15,1640
10/05/2022,16,2350
10/05/2022,17,3217
10/05/2022,18,2779
10/05/2022,19,2111
10/05/2022,20,1456
10/05/2022,21,1135
10/05/2022,22,814
10/05/2022,23,462
10/06/2020,0,30
10/06/2020,1,7
10/06/2020,2,15
10/06/2020,3,5
10/06/2020,4,15
10/06/2020,5,62
10/06/2020,6,243
10/06/2020,7,386
10/06/2020,8,403
10/06/2020,9,152
10/06/2020,10,229
10/06/2020,11,373
10/06/2020,12,486
10/06/2020,13,499
10/06/2020,14,474
10/06/2020,15,581
10/06/2020,16,775
10/06/2020,17,1134
10/06/2020,18,878
10/06/2020,19,417
10/06/2020,20,156
10/06/2020,21,145
10/06/2020,22,138
10/06/2020,23,73
10/06/2021,0,232
10/06/2021,1,153
10/06/2021,2,87
10/06/2021,3,25
10/06/2021,4,46
10/06/2021,5,222
10/06/2021,6,561
10/06/2021,7,1084
10/06/2021,8,1079
10/06/2021,9,743
10/06/2021,10,798
10/06/2021,11,901
10/06/2021,12,1104
10/06/2021,13,1150
10/06/2021,14,1115
10/06/2021,15,1435
10/06/2021,16,2030
10/06/2021,17,2804
10/06/2021,18,2913
10/06/2021,19,2244
10/06/2021,20,1724
10/06/2021,21,1305
10/06/2021,22,1075
10/06/2021,23,812
10/06/2022,0,327
10/06/2022,1,192
10/06/2022,2,105
10/06/2022,3,59
10/06/2022,4,67
10/06/2022,5,190
10/06/2022,6,515
10/06/2022,7,899
10/06/2022,8,1092
10/06/2022,9,856
10/06/2022,10,913
10/06/2022,11,1180
10/06/2022,12,1441
10/06/2022,13,1464
10/06/2022,14,1211
10/06/2022,15,1336
10/06/2022,16,1772
10/06/2022,17,1979
10/06/2022,18,1959
10/06/2022,19,1690
10/06/2022,20,1293
10/06/2022,21,963
10/06/2022,22,895
10/06/2022,23,845
10/07/2019,0,96
10/07/2019,1,39
10/07/2019,2,21
10/07/2019,3,15
10/07/2019,4,23
10/07/2019,5,191
10/07/2019,6,658
10/07/2019,7,1360
10/07/2019,8,1584
10/07/2019,9,720
10/07/2019,10,499
10/07/2019,11,577
10/07/2019,12,633
10/07/2019,13,661
10/07/2019,14,670
10/07/2019,15,842
10/07/2019,16,1722
10/07/2019,17,2396
10/07/2019,18,1706
10/07/2019,19,1292
10/07/2019,20,1033
10/07/2019,21,680
10/07/2019,22,488
10/07/2019,23,193
10/07/2020,0,42
10/07/2020,1,31
10/07/2020,2,30
10/07/2020,3,19
10/07/2020,4,33
10/07/2020,5,108
10/07/2020,6,236
10/07/2020,7,340
10/07/2020,8,206
10/07/2020,9,317
10/07/2020,10,481
10/07/2020,11,675
10/07/2020,12,905
10/07/2020,13,874
10/07/2020,14,923
10/07/2020,15,1151
10/07/2020,16,1448
10/07/2020,17,1938
10/07/2020,18,1911
10/07/2020,19,1639
10/07/2020,20,1183
10/07/2020,21,914
10/07/2020,22,801
10/07/2020,23,707
10/07/2021,0,1002
10/07/2021,1,771
10/07/2021,2,510
10/07/2021,3,251
10/07/2021,4,145
10/07/2021,5,169
10/07/2021,6,277
10/07/2021,7,412
10/07/2021,8,745
10/07/2021,9,1225
10/07/2021,10,1642
10/07/2021,11,1985
10/07/2021,12,2441
10/07/2021,13,2590
10/07/2021,14,2592
10/07/2021,15,1959
10/07/2021,16,1229
10/07/2021,17,1173
10/07/2021,18,1078
10/07/2021,19,544
10/07/2021,20,407
10/07/2021,21,455
10/07/2021,22,754
10/07/2021,23,690
10/07/2022,0,1030
10/07/2022,1,653
10/07/2022,2,373
10/07/2022,3,231
10/07/2022,4,130
10/07/2022,5,191
10/07/2022,6,286
10/07/2022,7,357
10/07/2022,8,594
10/07/2022,9,1114
10/07/2022,10,1434
10/07/2022,11,1901
10/07/2022,12,2127
10/07/2022,13,2365
10/07/2022,14,2359
10/07/2022,15,2415
10/07/2022,16,2517
10/07/2022,17,2362
10/07/2022,18,2130
10/07/2022,19,1707
10/07/2022,20,922
10/07/2022,21,779
10/07/2022,22,567
10/07/2022,23,359
10/08/2019,0,224
10/08/2019,1,183
10/08/2019,2,87
10/08/2019,3,52
10/08/2019,4,41
10/08/2019,5,93
10/08/2019,6,171
10/08/2019,7,357
10/08/2019,8,627
10/08/2019,9,1072
10/08/2019,10,1451
10/08/2019,11,1746
10/08/2019,12,1864
10/08/2019,13,2042
10/08/2019,14,1977
10/08/2019,15,1921
10/08/2019,16,1710
10/08/2019,17,1608
10/08/2019,18,1429
10/08/2019,19,1216
10/08/2019,20,786
10/08/2019,21,590
10/08/2019,22,583
10/08/2019,23,465
10/08/2020,0,188
10/08/2020,1,77
10/08/2020,2,55
10/08/2020,3,17
10/08/2020,4,52
10/08/2020,5,179
10/08/2020,6,414
10/08/2020,7,668
10/08/2020,8,707
10/08/2020,9,532
10/08/2020,10,609
10/08/2020,11,714
10/08/2020,12,780
10/08/2020,13,812
10/08/2020,14,795
10/08/2020,15,852
10/08/2020,16,91
10/08/2020,17,188
10/08/2020,18,560
10/08/2020,19,796
10/08/2020,20,318
10/08/2020,21,188
10/08/2020,22,96
10/08/2020,23,59
10/08/2021,0,130
10/08/2021,1,96
10/08/2021,2,72
10/08/2021,3,40
10/08/2021,4,64
10/08/2021,5,241
10/08/2021,6,613
10/08/2021,7,1163
10/08/2021,8,1279
10/08/2021,9,817
10/08/2021,10,760
10/08/2021,11,885
10/08/2021,12,1119
10/08/2021,13,957
10/08/2021,14,1040
10/08/2021,15,1186
10/08/2021,16,1858
10/08/2021,17,2725
10/08/2021,18,2442
10/08/2021,19,1649
10/08/2021,20,259
10/08/2021,21,423
10/08/2021,22,381
10/08/2021,23,340
10/08/2022,0,245
10/08/2022,1,110
10/08/2022,2,67
10/08/2022,3,45
10/08/2022,4,49
10/08/2022,5,243
10/08/2022,6,696
10/08/2022,7,1236
10/08/2022,8,1425
10/08/2022,9,960
10/08/2022,10,903
10/08/2022,11,1072
10/08/2022,12,1313
10/08/2022,13,1238
10/08/2022,14,1218
10/08/2022,15,1590
10/08/2022,16,2345
10/08/2022,17,3182
10/08/2022,18,2721
10/08/2022,19,2235
10/08/2022,20,1750
10/08/2022,21,1295
10/08/2022,22,871
10/08/2022,23,507
10/09/2019,0,71
10/09/2019,1,33
10/09/2019,2,18
10/09/2019,3,15
10/09/2019,4,44
10/09/2019,5,222
10/09/2019,6,701
10/09/2019,7,1499
10/09/2019,8,1737
10/09/2019,9,694
10/09/2019,10,469
10/09/2019,11,548
10/09/2019,12,717
10/09/2019,13,686
10/09/2019,14,688
10/09/2019,15,870
10/09/2019,16,1795
10/09/2019,17,2737
10/09/2019,18,1865
10/09/2019,19,1232
10/09/2019,20,724
10/09/2019,21,469
10/09/2019,22,294
10/09/2019,23,150
10/09/2020,0,77
10/09/2020,1,31
10/09/2020,2,20
10/09/2020,3,16
10/09/2020,4,21
10/09/2020,5,118
10/09/2020,6,437
10/09/2020,7,805
10/09/2020,8,792
10/09/2020,9,523
10/09/2020,10,526
10/09/2020,11,605
10/09/2020,12,811
10/09/2020,13,781
10/09/2020,14,728
10/09/2020,15,909
10/09/2020,16,1073
10/09/2020,17,771
10/09/2020,18,460
10/09/2020,19,291
10/09/2020,20,202
10/09/2020,21,131
10/09/2020,22,233
10/09/2020,23,168
10/09/2021,0,285
10/09/2021,1,171
10/09/2021,2,95
10/09/2021,3,56
10/09/2021,4,64
10/09/2021,5,182
10/09/2021,6,657
10/09/2021,7,1117
10/09/2021,8,1243
10/09/2021,9,940
10/09/2021,10,951
10/09/2021,11,1176
10/09/2021,12,1469
10/09/2021,13,1467
10/09/2021,14,1554
10/09/2021,15,1752
10/09/2021,16,2389
10/09/2021,17,2672
10/09/2021,18,2505
10/09/2021,19,1893
10/09/2021,20,1238
10/09/2021,21,1072
10/09/2021,22,1201
10/09/2021,23,834
10/09/2022,0,719
10/09/2022,1,530
10/09/2022,2,287
10/09/2022,3,172
10/09/2022,4,66
10/09/2022,5,153
10/09/2022,6,320
10/09/2022,7,461
10/09/2022,8,871
10/09/2022,9,1340
10/09/2022,10,1829
10/09/2022,11,2147
10/09/2022,12,2441
10/09/2022,13,2278
10/09/2022,14,2355
10/09/2022,15,2382
10/09/2022,16,2403
10/09/2022,17,2322
10/09/2022,18,2412
10/09/2022,19,1917
10/09/2022,20,1403
10/09/2022,21,1118
10/09/2022,22,1050
10/09/2022,23,935
10/10/2019,0,56
10/10/2019,1,33
10/10/2019,2,21
10/10/2019,3,10
10/10/2019,4,36
10/10/2019,5,199
10/10/2019,6,632
10/10/2019,7,1440
10/10/2019,8,1833
10/10/2019,9,776
10/10/2019,10,550
10/10/2019,11,623
10/10/2019,12,732
10/10/2019,13,728
10/10/2019,14,697
10/10/2019,15,940
10/10/2019,16,1269
10/10/2019,17,1980
10/10/2019,18,1361
10/10/2019,19,807
10/10/2019,20,323
10/10/2019,21,333
10/10/2019,22,293
10/10/2019,23,123
10/10/2020,0,463
10/10/2020,1,356
10/10/2020,2,145
10/10/2020,3,64
10/10/2020,4,42
10/10/2020,5,71
10/10/2020,6,172
10/10/2020,7,339
10/10/2020,8,640
10/10/2020,9,1131
10/10/2020,10,1738
10/10/2020,11,2096
10/10/2020,12,2411
10/10/2020,13,2285
10/10/2020,14,2474
10/10/2020,15,2367
10/10/2020,16,2177
10/10/2020,17,1910
10/10/2020,18,1287
10/10/2020,19,783
10/10/2020,20,578
10/10/2020,21,437
10/10/2020,22,533
10/10/2020,23,436
10/10/2021,0,792
10/10/2021,1,592
10/10/2021,2,335
10/10/2021,3,226
10/10/2021,4,174
10/10/2021,5,289
10/10/2021,6,572
10/10/2021,7,839
10/10/2021,8,1351
10/10/2021,9,1959
10/10/2021,10,2360
10/10/2021,11,2496
10/10/2021,12,2376
10/10/2021,13,2409
10/10/2021,14,2412
10/10/2021,15,2343
10/10/2021,16,2275
10/10/2021,17,2071
10/10/2021,18,2161
10/10/2021,19,1261
10/10/2021,20,858
10/10/2021,21,804
10/10/2021,22,597
10/10/2021,23,479
10/10/2022,0,168
10/10/2022,1,92
10/10/2022,2,48
10/10/2022,3,54
10/10/2022,4,43
10/10/2022,5,144
10/10/2022,6,457
10/10/2022,7,798
10/10/2022,8,998
10/10/2022,9,869
10/10/2022,10,874
10/10/2022,11,1106
10/10/2022,12,1357
10/10/2022,13,1388
10/10/2022,14,1491
10/10/2022,15,1634
10/10/2022,16,1906
10/10/2022,17,2277
10/10/2022,18,1723
10/10/2022,19,1155
10/10/2022,20,800
10/10/2022,21,602
10/10/2022,22,435
10/10/2022,23,311
10/11/2019,0,99
10/11/2019,1,79
10/11/2019,2,34
10/11/2019,3,23
10/11/2019,4,11
10/11/2019,5,24
10/11/2019,6,37
10/11/2019,7,65
10/11/2019,8,190
10/11/2019,9,292
10/11/2019,10,392
10/11/2019,11,459
10/11/2019,12,413
10/11/2019,13,371
10/11/2019,14,369
10/11/2019,15,496
10/11/2019,16,344
10/11/2019,17,279
10/11/2019,18,222
10/11/2019,19,188
10/11/2019,20,142
10/11/2019,21,62
10/11/2019,22,39
10/11/2019,23,18
10/11/2020,0,74
10/11/2020,1,51
10/11/2020,2,31
10/11/2020,3,24
10/11/2020,4,31
10/11/2020,5,105
10/11/2020,6,405
10/11/2020,7,638
10/11/2020,8,713
10/11/2020,9,537
10/11/2020,10,506
10/11/2020,11,666
10/11/2020,12,798
10/11/2020,13,712
10/11/2020,14,665
10/11/2020,15,667
10/11/2020,16,910
10/11/2020,17,813
10/11/2020,18,124
10/11/2020,19,189
10/11/2020,20,177
10/11/2020,21,107
10/11/2020,22,94
10/11/2020,23,57
10/11/2021,0,114
10/11/2021,1,54
10/11/2021,2,26
10/11/2021,3,18
10/11/2021,4,32
10/11/2021,5,195
10/11/2021,6,537
10/11/2021,7,1106
10/11/2021,8,1308
10/11/2021,9,818
10/11/2021,10,703
10/11/2021,11,827
10/11/2021,12,939
10/11/2021,13,942
10/11/2021,14,898
10/11/2021,15,1156
10/11/2021,16,1509
10/11/2021,17,1880
10/11/2021,18,1536
10/11/2021,19,940
10/11/2021,20,650
10/11/2021,21,717
10/11/2021,22,508
10/11/2021,23,268
10/11/2022,0,148
10/11/2022,1,103
10/11/2022,2,49
10/11/2022,3,33
10/11/2022,4,33
10/11/2022,5,154
10/11/2022,6,646
10/11/2022,7,1182
10/11/2022,8,1404
10/11/2022,9,847
10/11/2022,10,657
10/11/2022,11,894
10/11/2022,12,1097
10/11/2022,13,1123
10/11/2022,14,1257
10/11/2022,15,1639
10/11/2022,16,2132
10/11/2022,17,2209
10/11/2022,18,1702
10/11/2022,19,1156
10/11/2022,20,774
10/11/2022,21,767
10/11/2022,22,633
10/11/2022,23,383
10/12/2019,0,17
10/12/2019,1,9
10/12/2019,2,10
10/12/2019,3,3
10/12/2019,4,16
10/12/2019,5,93
10/12/2019,6,271
10/12/2019,7,576
10/12/2019,8,729
10/12/2019,9,288
10/12/2019,10,144
10/12/2019,11,138
10/12/2019,12,181
10/12/2019,13,180
10/12/2019,14,163
10/12/2019,15,283
10/12/2019,16,574
10/12/2019,17,761
10/12/2019,18,379
10/12/2019,19,254
10/12/2019,20,156
10/12/2019,21,88
10/12/2019,22,47
10/12/2019,23,28
10/12/2020,0,49
10/12/2020,1,23
10/12/2020,2,17
10/12/2020,3,4
10/12/2020,4,11
10/12/2020,5,48
10/12/2020,6,197
10/12/2020,7,324
10/12/2020,8,362
10/12/2020,9,292
10/12/2020,10,290
10/12/2020,11,383
10/12/2020,12,530
10/12/2020,13,564
10/12/2020,14,599
10/12/2020,15,719
10/12/2020,16,777
10/12/2020,17,773
10/12/2020,18,631
10/12/2020,19,379
10/12/2020,20,284
10/12/2020,21,173
10/12/2020,22,140
10/12/2020,23,97
10/12/2021,0,147
10/12/2021,1,88
10/12/2021,2,50
10/12/2021,3,27
10/12/2021,4,32
10/12/2021,5,104
10/12/2021,6,319
10/12/2021,7,660
10/12/2021,8,706
10/12/2021,9,523
10/12/2021,10,524
10/12/2021,11,662
10/12/2021,12,803
10/12/2021,13,759
10/12/2021,14,672
10/12/2021,15,345
10/12/2021,16,251
10/12/2021,17,411
10/12/2021,18,273
10/12/2021,19,236
10/12/2021,20,171
10/12/2021,21,75
10/12/2021,22,116
10/12/2021,23,217
10/12/2022,0,163
10/12/2022,1,136
10/12/2022,2,88
10/12/2022,3,50
10/12/2022,4,35
10/12/2022,5,36
10/12/2022,6,75
10/12/2022,7,167
10/12/2022,8,243
10/12/2022,9,349
10/12/2022,10,455
10/12/2022,11,569
10/12/2022,12,727
10/12/2022,13,576
10/12/2022,14,537
10/12/2022,15,669
10/12/2022,16,616
10/12/2022,17,567
10/12/2022,18,474
10/12/2022,19,339
10/12/2022,20,254
10/12/2022,21,237
10/12/2022,22,253
10/12/2022,23,218
11/01/2019,0,25
11/01/2019,1,11
11/01/2019,2,5
11/01/2019,3,11
11/01/2019,4,17
11/01/2019,5,87
11/01/2019,6,248
11/01/2019,7,485
11/01/2019,8,748
11/01/2019,9,279
11/01/2019,10,168
11/01/2019,11,201
11/01/2019,12,241
11/01/2019,13,217
11/01/2019,14,265
11/01/2019,15,343
11/01/2019,16,626
11/01/2019,17,794
11/01/2019,18,415
11/01/2019,19,223
11/01/2019,20,127
11/01/2019,21,89
11/01/2019,22,62
11/01/2019,23,63
11/01/2020,0,6
11/01/2020,1,5
11/01/2020,2,2
11/01/2020,3,1
11/01/2020,4,4
11/01/2020,5,8
11/01/2020,6,13
11/01/2020,7,28
11/01/2020,8,66
11/01/2020,9,73
11/01/2020,10,61
11/01/2020,11,69
11/01/2020,12,85
11/01/2020,13,91
11/01/2020,14,86
11/01/2020,15,94
11/01/2020,16,59
11/01/2020,17,61
11/01/2020,18,50
11/01/2020,19,29
11/01/2020,20,18
11/01/2020,21,17
11/01/2020,22,19
11/01/2020,23,20
11/01/2021,0,19
11/01/2021,1,11
11/01/2021,2,5
11/01/2021,3,6
11/01/2021,4,6
11/01/2021,5,35
11/01/2021,6,127
11/01/2021,7,243
11/01/2021,8,246
11/01/2021,9,144
11/01/2021,10,132
11/01/2021,11,158
11/01/2021,12,174
11/01/2021,13,210
11/01/2021,14,210
11/01/2021,15,226
11/01/2021,16,312
11/01/2021,17,370
11/01/2021,18,337
11/01/2021,19,169
11/01/2021,20,101
11/01/2021,21,57
11/01/2021,22,52
11/01/2021,23,32
11/01/2022,0,17
11/01/2022,1,5
11/01/2022,2,7
11/01/2022,3,3
11/01/2022,4,8
11/01/2022,5,56
11/01/2022,6,107
11/01/2022,7,215
11/01/2022,8,197
11/01/2022,9,132
11/01/2022,10,138
11/01/2022,11,121
11/01/2022,12,190
11/01/2022,13,179
11/01/2022,14,209
11/01/2022,15,278
11/01/2022,16,329
11/01/2022,17,456
11/01/2022,18,324
11/01/2022,19,212
11/01/2022,20,140
11/01/2022,21,126
11/01/2022,22,74
11/01/2022,23,47
11/02/2019,0,8
11/02/2019,1,5
11/02/2019,2,3
11/02/2019,3,4
11/02/2019,4,14
11/02/2019,5,65
11/02/2019,6,192
11/02/2019,7,369
11/02/2019,8,577
11/02/2019,9,214
11/02/2019,10,122
11/02/2019,11,143
11/02/2019,12,160
11/02/2019,13,155
11/02/2019,14,143
11/02/2019,15,211
11/02/2019,16,492
11/02/2019,17,634
11/02/2019,18,298
11/02/2019,19,134
11/02/2019,20,74
11/02/2019,21,38
11/02/2019,22,13
11/02/2019,23,3
11/02/2020,0,14
11/02/2020,1,5
11/02/2020,2,5
11/02/2020,3,1
11/02/2020,4,24
11/02/2020,5,100
11/02/2020,6,308
11/02/2020,7,647
11/02/2020,8,853
11/02/2020,9,327
11/02/2020,10,184
11/02/2020,11,200
11/02/2020,12,247
11/02/2020,13,195
11/02/2020,14,203
11/02/2020,15,324
11/02/2020,16,690
11/02/2020,17,929
11/02/2020,18,513
11/02/2020,19,314
11/02/2020,20,159
11/02/2020,21,132
11/02/2020,22,61
11/02/2020,23,37
11/02/2021,0,4
11/02/2021,1,4
11/02/2021,2,1
11/02/2021,3,5
11/02/2021,4,2
11/02/2021,5,31
11/02/2021,6,48
11/02/2021,7,88
11/02/2021,8,100
11/02/2021,9,52
11/02/2021,10,27
11/02/2021,11,50
11/02/2021,12,60
11/02/2021,13,72
11/02/2021,14,69
11/02/2021,15,83
11/02/2021,16,125
11/02/2021,17,178
11/02/2021,18,137
11/02/2021,19,92
11/02/2021,20,56
11/02/2021,21,25
11/02/2021,22,36
11/02/2021,23,23
11/02/2022,0,35
11/02/2022,1,15
11/02/2022,2,6
11/02/2022,3,4
11/02/2022,4,17
11/02/2022,5,54
11/02/2022,6,136
11/02/2022,7,301
11/02/2022,8,321
11/02/2022,9,203
11/02/2022,10,213
11/02/2022,11,278
11/02/2022,12,325
11/02/2022,13,357
11/02/2022,14,351
11/02/2022,15,502
11/02/2022,16,575
11/02/2022,17,589
11/02/2022,18,452
11/02/2022,19,286
11/02/2022,20,175
11/02/2022,21,157
11/02/2022,22,142
11/02/2022,23,114
11/03/2019,0,12
11/03/2019,1,10
11/03/2019,2,3
11/03/2019,3,7
11/03/2019,4,20
11/03/2019,5,64
11/03/2019,6,211
11/03/2019,7,460
11/03/2019,8,824
11/03/2019,9,282
11/03/2019,10,122
11/03/2019,11,186
11/03/2019,12,208
11/03/2019,13,227
11/03/2019,14,198
11/03/2019,15,362
11/03/2019,16,697
11/03/2019,17,1044
11/03/2019,18,583
11/03/2019,19,305
11/03/2019,20,180
11/03/2019,21,117
11/03/2019,22,78
11/03/2019,23,35
11/03/2020,0,10
11/03/2020,1,9
11/03/2020,2,6
11/03/2020,3,6
11/03/2020,4,16
11/03/2020,5,98
11/03/2020,6,306
11/03/2020,7,653
11/03/2020,8,966
11/03/2020,9,370
11/03/2020,10,198
11/03/2020,11,235
11/03/2020,12,287
11/03/2020,13,287
11/03/2020,14,274
11/03/2020,15,334
11/03/2020,16,815
11/03/2020,17,1139
11/03/2020,18,722
11/03/2020,19,340
11/03/2020,20,215
11/03/2020,21,169
11/03/2020,22,104
11/03/2020,23,72
11/03/2021,0,29
11/03/2021,1,11
11/03/2021,2,11
11/03/2021,3,12
11/03/2021,4,12
11/03/2021,5,71
11/03/2021,6,264
11/03/2021,7,393
11/03/2021,8,365
11/03/2021,9,268
11/03/2021,10,272
11/03/2021,11,344
11/03/2021,12,468
11/03/2021,13,429
11/03/2021,14,455
11/03/2021,15,552
11/03/2021,16,783
11/03/2021,17,1025
11/03/2021,18,746
11/03/2021,19,430
11/03/2021,20,273
11/03/2021,21,156
11/03/2021,22,153
11/03/2021,23,100
11/03/2022,0,50
11/03/2022,1,18
11/03/2022,2,11
11/03/2022,3,13
11/03/2022,4,11
11/03/2022,5,53
11/03/2022,6,125
11/03/2022,7,249
11/03/2022,8,315
11/03/2022,9,226
11/03/2022,10,249
11/03/2022,11,267
11/03/2022,12,341
11/03/2022,13,380
11/03/2022,14,378
11/03/2022,15,449
11/03/2022,16,531
11/03/2022,17,625
11/03/2022,18,448
11/03/2022,19,276
11/03/2022,20,187
11/03/2022,21,131
11/03/2022,22,112
11/03/2022,23,110
11/04/2020,0,21
11/04/2020,1,10
11/04/2020,2,5
11/04/2020,3,5
11/04/2020,4,2
11/04/2020,5,15
11/04/2020,6,33
11/04/2020,7,49
11/04/2020,8,84
11/04/2020,9,107
11/04/2020,10,230
11/04/2020,11,303
11/04/2020,12,467
11/04/2020,13,664
11/04/2020,14,667
11/04/2020,15,702
11/04/2020,16,445
11/04/2020,17,313
11/04/2020,18,124
11/04/2020,19,126
11/04/2020,20,57
11/04/2020,21,12
11/04/2020,22,10
11/04/2020,23,7
11/04/2021,0,255
11/04/2021,1,262
11/04/2021,2,92
11/04/2021,3,46
11/04/2021,4,27
11/04/2021,5,26
11/04/2021,6,64
11/04/2021,7,108
11/04/2021,8,163
11/04/2021,9,303
11/04/2021,10,561
11/04/2021,11,817
11/04/2021,12,1228
11/04/2021,13,1238
11/04/2021,14,1185
11/04/2021,15,1033
11/04/2021,16,920
11/04/2021,17,783
11/04/2021,18,625
11/04/2021,19,469
11/04/2021,20,288
11/04/2021,21,232
11/04/2021,22,169
11/04/2021,23,93
11/04/2022,0,113
11/04/2022,1,45
11/04/2022,2,33
11/04/2022,3,23
11/04/2022,4,27
11/04/2022,5,138
11/04/2022,6,351
11/04/2022,7,712
11/04/2022,8,887
11/04/2022,9,528
11/04/2022,10,534
11/04/2022,11,573
11/04/2022,12,605
11/04/2022,13,727
11/04/2022,14,766
11/04/2022,15,876
11/04/2022,16,1352
11/04/2022,17,1764
11/04/2022,18,1561
11/04/2022,19,1018
11/04/2022,20,703
11/04/2022,21,445
11/04/2022,22,336
11/04/2022,23,191
11/05/2020,0,8
11/05/2020,1,2
11/05/2020,2,10
11/05/2020,3,6
11/05/2020,4,6
11/05/2020,5,18
11/05/2020,6,79
11/05/2020,7,131
11/05/2020,8,130
11/05/2020,9,114
11/05/2020,10,110
11/05/2020,11,146
11/05/2020,12,169
11/05/2020,13,185
11/05/2020,14,174
11/05/2020,15,235
11/05/2020,16,249
11/05/2020,17,343
11/05/2020,18,309
11/05/2020,19,222
11/05/2020,20,107
11/05/2020,21,56
11/05/2020,22,32
11/05/2020,23,30
11/05/2021,0,49
11/05/2021,1,23
11/05/2021,2,12
11/05/2021,3,18
11/05/2021,4,18
11/05/2021,5,112
11/05/2021,6,296
11/05/2021,7,570
11/05/2021,8,623
11/05/2021,9,432
11/05/2021,10,387
11/05/2021,11,551
11/05/2021,12,644
11/05/2021,13,616
11/05/2021,14,575
11/05/2021,15,725
11/05/2021,16,904
11/05/2021,17,1325
11/05/2021,18,1257
11/05/2021,19,739
11/05/2021,20,506
11/05/2021,21,354
11/05/2021,22,216
11/05/2021,23,147
11/05/2022,0,226
11/05/2022,1,126
11/05/2022,2,75
11/05/2022,3,45
11/05/2022,4,39
11/05/2022,5,230
11/05/2022,6,608
11/05/2022,7,1211
11/05/2022,8,1358
11/05/2022,9,843
11/05/2022,10,761
11/05/2022,11,905
11/05/2022,12,1225
11/05/2022,13,1124
11/05/2022,14,1209
11/05/2022,15,1591
11/05/2022,16,2117
11/05/2022,17,2829
11/05/2022,18,2293
11/05/2022,19,1777
11/05/2022,20,1258
11/05/2022,21,914
11/05/2022,22,694
11/05/2022,23,362
11/06/2020,0,36
11/06/2020,1,16
11/06/2020,2,12
11/06/2020,3,9
11/06/2020,4,18
11/06/2020,5,68
11/06/2020,6,248
11/06/2020,7,417
11/06/2020,8,462
11/06/2020,9,384
11/06/2020,10,398
11/06/2020,11,496
11/06/2020,12,668
11/06/2020,13,693
11/06/2020,14,704
11/06/2020,15,806
11/06/2020,16,1038
11/06/2020,17,1437
11/06/2020,18,1476
11/06/2020,19,1119
11/06/2020,20,778
11/06/2020,21,477
11/06/2020,22,319
11/06/2020,23,196
11/06/2021,0,444
11/06/2021,1,250
11/06/2021,2,135
11/06/2021,3,88
11/06/2021,4,66
11/06/2021,5,194
11/06/2021,6,534
11/06/2021,7,876
11/06/2021,8,1062
11/06/2021,9,812
11/06/2021,10,955
11/06/2021,11,1233
11/06/2021,12,1581
11/06/2021,13,1615
11/06/2021,14,1592
11/06/2021,15,1918
11/06/2021,16,2640
11/06/2021,17,3075
11/06/2021,18,2815
11/06/2021,19,2378
11/06/2021,20,1769
11/06/2021,21,1422
11/06/2021,22,1206
11/06/2021,23,1237
11/06/2022,0,673
11/06/2022,1,515
11/06/2022,2,268
11/06/2022,3,158
11/06/2022,4,90
11/06/2022,5,128
11/06/2022,6,263
11/06/2022,7,484
11/06/2022,8,850
11/06/2022,9,1319
11/06/2022,10,1824
11/06/2022,11,2166
11/06/2022,12,2399
11/06/2022,13,2446
11/06/2022,14,2487
11/06/2022,15,2478
11/06/2022,16,2355
11/06/2022,17,2354
11/06/2022,18,2304
11/06/2022,19,1940
11/06/2022,20,1551
11/06/2022,21,1299
11/06/2022,22,1174
11/06/2022,23,987
11/07/2019,0,87
11/07/2019,1,43
11/07/2019,2,28
11/07/2019,3,17
11/07/2019,4,29
11/07/2019,5,241
11/07/2019,6,666
11/07/2019,7,1394
11/07/2019,8,1638
11/07/2019,9,729
11/07/2019,10,534
11/07/2019,11,684
11/07/2019,12,797
11/07/2019,13,756
11/07/2019,14,836
11/07/2019,15,973
11/07/2019,16,1768
11/07/2019,17,2453
11/07/2019,18,1686
11/07/2019,19,1238
11/07/2019,20,879
11/07/2019,21,641
11/07/2019,22,395
11/07/2019,23,212
11/07/2020,0,439
11/07/2020,1,312
11/07/2020,2,212
11/07/2020,3,80
11/07/2020,4,55
11/07/2020,5,97
11/07/2020,6,211
11/07/2020,7,382
11/07/2020,8,579
11/07/2020,9,905
11/07/2020,10,1331
11/07/2020,11,1839
11/07/2020,12,1880
11/07/2020,13,1213
11/07/2020,14,1596
11/07/2020,15,1804
11/07/2020,16,1707
11/07/2020,17,1750
11/07/2020,18,1670
11/07/2020,19,1563
11/07/2020,20,1193
11/07/2020,21,844
11/07/2020,22,691
11/07/2020,23,719
11/07/2021,0,624
11/07/2021,1,534
11/07/2021,2,489
11/07/2021,3,305
11/07/2021,4,134
11/07/2021,5,114
11/07/2021,6,125
11/07/2021,7,233
11/07/2021,8,179
11/07/2021,9,247
11/07/2021,10,312
11/07/2021,11,453
11/07/2021,12,871
11/07/2021,13,993
11/07/2021,14,603
11/07/2021,15,557
11/07/2021,16,801
11/07/2021,17,1365
11/07/2021,18,1167
11/07/2021,19,1017
11/07/2021,20,733
11/07/2021,21,659
11/07/2021,22,443
11/07/2021,23,280
11/07/2022,0,216
11/07/2022,1,98
11/07/2022,2,75
11/07/2022,3,59
11/07/2022,4,81
11/07/2022,5,228
11/07/2022,6,631
11/07/2022,7,1062
11/07/2022,8,1267
11/07/2022,9,788
11/07/2022,10,701
11/07/2022,11,607
11/07/2022,12,909
11/07/2022,13,1017
11/07/2022,14,1077
11/07/2022,15,1318
11/07/2022,16,1935
11/07/2022,17,2603
11/07/2022,18,2300
11/07/2022,19,1685
11/07/2022,20,1341
11/07/2022,21,1004
11/07/2022,22,612
11/07/2022,23,449
11/08/2019,0,318
11/08/2019,1,163
11/08/2019,2,139
11/08/2019,3,59
11/08/2019,4,48
11/08/2019,5,83
11/08/2019,6,174
11/08/2019,7,215
11/08/2019,8,383
11/08/2019,9,740
11/08/2019,10,1087
11/08/2019,11,1363
11/08/2019,12,1582
11/08/2019,13,1607
11/08/2019,14,1577
11/08/2019,15,1561
11/08/2019,16,1565
11/08/2019,17,1341
11/08/2019,18,1056
11/08/2019,19,933
11/08/2019,20,593
11/08/2019,21,430
11/08/2019,22,291
11/08/2019,23,192
11/08/2020,0,44
11/08/2020,1,32
11/08/2020,2,20
11/08/2020,3,9
11/08/2020,4,18
11/08/2020,5,82
11/08/2020,6,510
11/08/2020,7,716
11/08/2020,8,766
11/08/2020,9,691
11/08/2020,10,663
11/08/2020,11,815
11/08/2020,12,931
11/08/2020,13,966
11/08/2020,14,1041
11/08/2020,15,1211
11/08/2020,16,1566
11/08/2020,17,2145
11/08/2020,18,2125
11/08/2020,19,1707
11/08/2020,20,1057
11/08/2020,21,345
11/08/2020,22,221
11/08/2020,23,154
11/08/2021,0,149
11/08/2021,1,87
11/08/2021,2,52
11/08/2021,3,24
11/08/2021,4,66
11/08/2021,5,217
11/08/2021,6,625
11/08/2021,7,1084
11/08/2021,8,1236
11/08/2021,9,839
11/08/2021,10,426
11/08/2021,11,259
11/08/2021,12,731
11/08/2021,13,948
11/08/2021,14,990
11/08/2021,15,1286
11/08/2021,16,1734
11/08/2021,17,2740
11/08/2021,18,2593
11/08/2021,19,1828
11/08/2021,20,1205
11/08/2021,21,988
11/08/2021,22,741
11/08/2021,23,374
11/08/2022,0,279
11/08/2022,1,151
11/08/2022,2,77
11/08/2022,3,49
11/08/2022,4,64
11/08/2022,5,209
11/08/2022,6,668
11/08/2022,7,1134
11/08/2022,8,1391
11/08/2022,9,868
11/08/2022,10,865
11/08/2022,11,968
11/08/2022,12,1249
11/08/2022,13,1213
11/08/2022,14,1322
11/08/2022,15,1632
11/08/2022,16,2357
11/08/2022,17,3080
11/08/2022,18,2589
11/08/2022,19,2079
11/08/2022,20,1624
11/08/2022,21,1146
11/08/2022,22,931
11/08/2022,23,533
11/09/2019,0,91
11/09/2019,1,43
11/09/2019,2,25
11/09/2019,3,22
11/09/2019,4,47
11/09/2019,5,230
11/09/2019,6,716
11/09/2019,7,1525
11/09/2019,8,1769
11/09/2019,9,724
11/09/2019,10,505
11/09/2019,11,603
11/09/2019,12,566
11/09/2019,13,668
11/09/2019,14,657
11/09/2019,15,863
11/09/2019,16,1791
11/09/2019,17,2790
11/09/2019,18,1662
11/09/2019,19,1210
11/09/2019,20,677
11/09/2019,21,482
11/09/2019,22,331
11/09/2019,23,82
11/09/2020,0,67
11/09/2020,1,44
11/09/2020,2,26
11/09/2020,3,12
11/09/2020,4,25
11/09/2020,5,114
11/09/2020,6,387
11/09/2020,7,636
11/09/2020,8,540
11/09/2020,9,270
11/09/2020,10,382
11/09/2020,11,544
11/09/2020,12,748
11/09/2020,13,817
11/09/2020,14,827
11/09/2020,15,1026
11/09/2020,16,1362
11/09/2020,17,1721
11/09/2020,18,1627
11/09/2020,19,1166
11/09/2020,20,716
11/09/2020,21,536
11/09/2020,22,598
11/09/2020,23,641
11/09/2021,0,729
11/09/2021,1,541
11/09/2021,2,317
11/09/2021,3,184
11/09/2021,4,98
11/09/2021,5,141
11/09/2021,6,322
11/09/2021,7,497
11/09/2021,8,968
11/09/2021,9,1364
11/09/2021,10,1910
11/09/2021,11,2212
11/09/2021,12,2433
11/09/2021,13,2478
11/09/2021,14,2333
11/09/2021,15,2432
11/09/2021,16,2367
11/09/2021,17,2400
11/09/2021,18,2343
11/09/2021,19,1723
11/09/2021,20,1351
11/09/2021,21,1188
11/09/2021,22,1334
11/09/2021,23,1141
11/09/2022,0,807
11/09/2022,1,551
11/09/2022,2,391
11/09/2022,3,215
11/09/2022,4,103
11/09/2022,5,104
11/09/2022,6,184
11/09/2022,7,260
11/09/2022,8,141
11/09/2022,9,143
11/09/2022,10,176
11/09/2022,11,380
11/09/2022,12,450
11/09/2022,13,380
11/09/2022,14,350
11/09/2022,15,243
11/09/2022,16,345
11/09/2022,17,660
11/09/2022,18,901
11/09/2022,19,724
11/09/2022,20,522
11/09/2022,21,427
11/09/2022,22,404
11/09/2022,23,219
11/10/2019,0,57
11/10/2019,1,40
11/10/2019,2,27
11/10/2019,3,20
11/10/2019,4,25
11/10/2019,5,148
11/10/2019,6,451
11/10/2019,7,722
11/10/2019,8,1077
11/10/2019,9,285
11/10/2019,10,112
11/10/2019,11,270
11/10/2019,12,341
11/10/2019,13,441
11/10/2019,14,443
11/10/2019,15,388
11/10/2019,16,710
11/10/2019,17,837
11/10/2019,18,643
11/10/2019,19,360
11/10/2019,20,216
11/10/2019,21,158
11/10/2019,22,145
11/10/2019,23,100
11/10/2020,0,336
11/10/2020,1,237
11/10/2020,2,142
11/10/2020,3,78
11/10/2020,4,41
11/10/2020,5,40
11/10/2020,6,98
11/10/2020,7,232
11/10/2020,8,415
11/10/2020,9,790
11/10/2020,10,1293
11/10/2020,11,1697
11/10/2020,12,1777
11/10/2020,13,1810
11/10/2020,14,1929
11/10/2020,15,1917
11/10/2020,16,1849
11/10/2020,17,1635
11/10/2020,18,1238
11/10/2020,19,670
11/10/2020,20,515
11/10/2020,21,432
11/10/2020,22,332
11/10/2020,23,210
11/10/2021,0,345
11/10/2021,1,133
11/10/2021,2,85
11/10/2021,3,56
11/10/2021,4,62
11/10/2021,5,172
11/10/2021,6,495
11/10/2021,7,963
11/10/2021,8,1193
11/10/2021,9,969
11/10/2021,10,999
11/10/2021,11,1359
11/10/2021,12,1428
11/10/2021,13,1404
11/10/2021,14,709
11/10/2021,15,407
11/10/2021,16,555
11/10/2021,17,703
11/10/2021,18,652
11/10/2021,19,442
11/10/2021,20,218
11/10/2021,21,234
11/10/2021,22,211
11/10/2021,23,176
11/10/2022,0,129
11/10/2022,1,64
11/10/2022,2,21
11/10/2022,3,25
11/10/2022,4,47
11/10/2022,5,211
11/10/2022,6,607
11/10/2022,7,1247
11/10/2022,8,1662
11/10/2022,9,910
11/10/2022,10,819
11/10/2022,11,926
11/10/2022,12,1084
11/10/2022,13,1032
11/10/2022,14,603
11/10/2022,15,534
11/10/2022,16,513
11/10/2022,17,736
11/10/2022,18,475
11/10/2022,19,263
11/10/2022,20,351
11/10/2022,21,393
11/10/2022,22,307
11/10/2022,23,196
11/11/2019,0,11
11/11/2019,1,6
11/11/2019,2,1
11/11/2019,3,3
11/11/2019,4,9
11/11/2019,5,68
11/11/2019,6,118
11/11/2019,7,166
11/11/2019,8,182
11/11/2019,9,84
11/11/2019,10,38
11/11/2019,11,37
11/11/2019,12,53
11/11/2019,13,67
11/11/2019,14,71
11/11/2019,15,130
11/11/2019,16,283
11/11/2019,17,344
11/11/2019,18,207
11/11/2019,19,131
11/11/2019,20,67
11/11/2019,21,53
11/11/2019,22,29
11/11/2019,23,16
11/11/2020,0,36
11/11/2020,1,18
11/11/2020,2,8
11/11/2020,3,5
11/11/2020,4,19
11/11/2020,5,68
11/11/2020,6,254
11/11/2020,7,451
11/11/2020,8,518
11/11/2020,9,381
11/11/2020,10,349
11/11/2020,11,509
11/11/2020,12,595
11/11/2020,13,569
11/11/2020,14,603
11/11/2020,15,665
11/11/2020,16,833
11/11/2020,17,930
11/11/2020,18,711
11/11/2020,19,477
11/11/2020,20,294
11/11/2020,21,205
11/11/2020,22,139
11/11/2020,23,80
11/11/2021,0,172
11/11/2021,1,82
11/11/2021,2,41
11/11/2021,3,31
11/11/2021,4,43
11/11/2021,5,149
11/11/2021,6,432
11/11/2021,7,705
11/11/2021,8,260
11/11/2021,9,209
11/11/2021,10,175
11/11/2021,11,418
11/11/2021,12,614
11/11/2021,13,727
11/11/2021,14,708
11/11/2021,15,991
11/11/2021,16,1209
11/11/2021,17,1432
11/11/2021,18,1284
11/11/2021,19,878
11/11/2021,20,598
11/11/2021,21,499
11/11/2021,22,392
11/11/2021,23,250
11/11/2022,0,242
11/11/2022,1,159
11/11/2022,2,103
11/11/2022,3,49
11/11/2022,4,41
11/11/2022,5,107
11/11/2022,6,408
11/11/2022,7,653
11/11/2022,8,777
11/11/2022,9,600
11/11/2022,10,591
11/11/2022,11,732
11/11/2022,12,899
11/11/2022,13,903
11/11/2022,14,931
11/11/2022,15,1093
11/11/2022,16,1175
11/11/2022,17,1075
11/11/2022,18,943
11/11/2022,19,533
11/11/2022,20,375
11/11/2022,21,305
11/11/2022,22,273
11/11/2022,23,221
11/12/2019,0,18
11/12/2019,1,11
11/12/2019,2,2
11/12/2019,3,4
11/12/2019,4,7
11/12/2019,5,74
11/12/2019,6,245
11/12/2019,7,355
11/12/2019,8,555
11/12/2019,9,234
11/12/2019,10,120
11/12/2019,11,144
11/12/2019,12,181
11/12/2019,13,139
11/12/2019,14,160
11/12/2019,15,247
11/12/2019,16,579
11/12/2019,17,702
11/12/2019,18,441
11/12/2019,19,245
11/12/2019,20,176
11/12/2019,21,126
11/12/2019,22,59
11/12/2019,23,38
11/12/2020,0,56
11/12/2020,1,28
11/12/2020,2,20
11/12/2020,3,11
11/12/2020,4,9
11/12/2020,5,61
11/12/2020,6,193
11/12/2020,7,309
11/12/2020,8,339
11/12/2020,9,286
11/12/2020,10,242
11/12/2020,11,268
11/12/2020,12,305
11/12/2020,13,365
11/12/2020,14,304
11/12/2020,15,242
11/12/2020,16,245
11/12/2020,17,247
11/12/2020,18,119
11/12/2020,19,72
11/12/2020,20,59
11/12/2020,21,27
11/12/2020,22,28
11/12/2020,23,26
11/12/2021,0,245
11/12/2021,1,261
11/12/2021,2,145
11/12/2021,3,76
11/12/2021,4,45
11/12/2021,5,37
11/12/2021,6,85
11/12/2021,7,144
11/12/2021,8,230
11/12/2021,9,350
11/12/2021,10,489
11/12/2021,11,578
11/12/2021,12,653
11/12/2021,13,678
11/12/2021,14,631
11/12/2021,15,685
11/12/2021,16,679
11/12/2021,17,571
11/12/2021,18,500
11/12/2021,19,451
11/12/2021,20,298
11/12/2021,21,254
11/12/2021,22,266
11/12/2021,23,247
11/12/2022,0,229
11/12/2022,1,165
11/12/2022,2,132
11/12/2022,3,67
11/12/2022,4,40
11/12/2022,5,31
11/12/2022,6,61
11/12/2022,7,124
11/12/2022,8,135
11/12/2022,9,279
11/12/2022,10,430
11/12/2022,11,540
11/12/2022,12,504
11/12/2022,13,530
11/12/2022,14,532
11/12/2022,15,586
11/12/2022,16,560
11/12/2022,17,465
11/12/2022,18,402
11/12/2022,19,299
11/12/2022,20,209
11/12/2022,21,205
11/12/2022,22,166
11/12/2022,23,115
12/01/2019,0,42
12/01/2019,1,41
12/01/2019,2,29
12/01/2019,3,18
12/01/2019,4,9
12/01/2019,5,15
12/01/2019,6,23
12/01/2019,7,75
12/01/2019,8,126
12/01/2019,9,152
12/01/2019,10,129
12/01/2019,11,127
12/01/2019,12,113
12/01/2019,13,77
12/01/2019,14,61
12/01/2019,15,56
12/01/2019,16,53
12/01/2019,17,48
12/01/2019,18,43
12/01/2019,19,48
12/01/2019,20,27
12/01/2019,21,33
12/01/2019,22,22
12/01/2019,23,27
12/01/2020,0,12
12/01/2020,1,11
12/01/2020,2,6
12/01/2020,3,4
12/01/2020,4,5
12/01/2020,5,5
12/01/2020,6,15
12/01/2020,7,32
12/01/2020,8,57
12/01/2020,9,94
12/01/2020,10,106
12/01/2020,11,116
12/01/2020,12,149
12/01/2020,13,168
12/01/2020,14,174
12/01/2020,15,138
12/01/2020,16,164
12/01/2020,17,128
12/01/2020,18,130
12/01/2020,19,89
12/01/2020,20,54
12/01/2020,21,53
12/01/2020,22,31
12/01/2020,23,25
12/01/2021,0,16
12/01/2021,1,5
12/01/2021,2,1
12/01/2021,3,4
12/01/2021,4,7
12/01/2021,5,41
12/01/2021,6,130
12/01/2021,7,263
12/01/2021,8,237
12/01/2021,9,192
12/01/2021,10,139
12/01/2021,11,209
12/01/2021,12,277
12/01/2021,13,269
12/01/2021,14,262
12/01/2021,15,342
12/01/2021,16,417
12/01/2021,17,452
12/01/2021,18,385
12/01/2021,19,233
12/01/2021,20,136
12/01/2021,21,77
12/01/2021,22,55
12/01/2021,23,37
12/01/2022,0,32
12/01/2022,1,11
12/01/2022,2,18
12/01/2022,3,3
12/01/2022,4,12
12/01/2022,5,82
12/01/2022,6,193
12/01/2022,7,356
12/01/2022,8,378
12/01/2022,9,244
12/01/2022,10,174
12/01/2022,11,221
12/01/2022,12,294
12/01/2022,13,286
12/01/2022,14,298
12/01/2022,15,383
12/01/2022,16,548
12/01/2022,17,672
12/01/2022,18,526
12/01/2022,19,350
12/01/2022,20,254
12/01/2022,21,174
12/01/2022,22,115
12/01/2022,23,111
12/02/2019,0,7
12/02/2019,1,1
12/02/2019,2,1
12/02/2019,3,2
12/02/2019,4,6
12/02/2019,5,26
12/02/2019,6,94
12/02/2019,7,193
12/02/2019,8,261
12/02/2019,9,127
12/02/2019,10,70
12/02/2019,11,89
12/02/2019,12,105
12/02/2019,13,89
12/02/2019,14,80
12/02/2019,15,147
12/02/2019,16,264
12/02/2019,17,361
12/02/2019,18,183
12/02/2019,19,125
12/02/2019,20,60
12/02/2019,21,43
12/02/2019,22,21
12/02/2019,23,13
12/02/2020,0,13
12/02/2020,1,5
12/02/2020,2,2
12/02/2020,3,3
12/02/2020,4,19
12/02/2020,5,99
12/02/2020,6,276
12/02/2020,7,658
12/02/2020,8,818
12/02/2020,9,336
12/02/2020,10,178
12/02/2020,11,219
12/02/2020,12,271
12/02/2020,13,224
12/02/2020,14,196
12/02/2020,15,232
12/02/2020,16,377
12/02/2020,17,441
12/02/2020,18,227
12/02/2020,19,140
12/02/2020,20,74
12/02/2020,21,62
12/02/2020,22,30
12/02/2020,23,13
12/02/2021,0,7
12/02/2021,1,2
12/02/2021,2,4
12/02/2021,3,3
12/02/2021,4,6
12/02/2021,5,34
12/02/2021,6,60
12/02/2021,7,75
12/02/2021,8,108
12/02/2021,9,66
12/02/2021,10,87
12/02/2021,11,104
12/02/2021,12,122
12/02/2021,13,127
12/02/2021,14,128
12/02/2021,15,160
12/02/2021,16,164
12/02/2021,17,213
12/02/2021,18,151
12/02/2021,19,84
12/02/2021,20,55
12/02/2021,21,23
12/02/2021,22,19
12/02/2021,23,41
12/02/2022,0,57
12/02/2022,1,72
12/02/2022,2,37
12/02/2022,3,24
12/02/2022,4,20
12/02/2022,5,9
12/02/2022,6,33
12/02/2022,7,79
12/02/2022,8,101
12/02/2022,9,150
12/02/2022,10,179
12/02/2022,11,248
12/02/2022,12,299
12/02/2022,13,271
12/02/2022,14,267
12/02/2022,15,296
12/02/2022,16,255
12/02/2022,17,229
12/02/2022,18,185
12/02/2022,19,155
12/02/2022,20,127
12/02/2022,21,119
12/02/2022,22,96
12/02/2022,23,68
12/03/2019,0,21
12/03/2019,1,8
12/03/2019,2,12
12/03/2019,3,6
12/03/2019,4,16
12/03/2019,5,72
12/03/2019,6,269
12/03/2019,7,616
12/03/2019,8,850
12/03/2019,9,357
12/03/2019,10,186
12/03/2019,11,248
12/03/2019,12,282
12/03/2019,13,329
12/03/2019,14,285
12/03/2019,15,467
12/03/2019,16,913
12/03/2019,17,1223
12/03/2019,18,691
12/03/2019,19,385
12/03/2019,20,250
12/03/2019,21,183
12/03/2019,22,101
12/03/2019,23,45
12/03/2020,0,17
12/03/2020,1,15
12/03/2020,2,6
12/03/2020,3,3
12/03/2020,4,13
12/03/2020,5,87
12/03/2020,6,300
12/03/2020,7,659
12/03/2020,8,968
12/03/2020,9,505
12/03/2020,10,274
12/03/2020,11,261
12/03/2020,12,331
12/03/2020,13,353
12/03/2020,14,311
12/03/2020,15,492
12/03/2020,16,840
12/03/2020,17,1170
12/03/2020,18,707
12/03/2020,19,450
12/03/2020,20,291
12/03/2020,21,138
12/03/2020,22,96
12/03/2020,23,62
12/03/2021,0,55
12/03/2021,1,30
12/03/2021,2,15
12/03/2021,3,8
12/03/2021,4,19
12/03/2021,5,70
12/03/2021,6,184
12/03/2021,7,332
12/03/2021,8,393
12/03/2021,9,286
12/03/2021,10,296
12/03/2021,11,432
12/03/2021,12,504
12/03/2021,13,550
12/03/2021,14,459
12/03/2021,15,599
12/03/2021,16,712
12/03/2021,17,749
12/03/2021,18,587
12/03/2021,19,355
12/03/2021,20,194
12/03/2021,21,143
12/03/2021,22,126
12/03/2021,23,126
12/03/2022,0,99
12/03/2022,1,57
12/03/2022,2,12
12/03/2022,3,23
12/03/2022,4,12
12/03/2022,5,16
12/03/2022,6,43
12/03/2022,7,120
12/03/2022,8,194
12/03/2022,9,294
12/03/2022,10,309
12/03/2022,11,327
12/03/2022,12,322
12/03/2022,13,352
12/03/2022,14,372
12/03/2022,15,377
12/03/2022,16,336
12/03/2022,17,344
12/03/2022,18,324
12/03/2022,19,201
12/03/2022,20,179
12/03/2022,21,183
12/03/2022,22,168
12/03/2022,23,105
12/04/2020,0,14
12/04/2020,1,23
12/04/2020,2,9
12/04/2020,3,2
12/04/2020,4,2
12/04/2020,5,9
12/04/2020,6,21
12/04/2020,7,57
12/04/2020,8,72
12/04/2020,9,142
12/04/2020,10,196
12/04/2020,11,296
12/04/2020,12,382
12/04/2020,13,482
12/04/2020,14,508
12/04/2020,15,454
12/04/2020,16,282
12/04/2020,17,261
12/04/2020,18,168
12/04/2020,19,121
12/04/2020,20,82
12/04/2020,21,36
12/04/2020,22,28
12/04/2020,23,23
12/04/2021,0,69
12/04/2021,1,24
12/04/2021,2,15
12/04/2021,3,14
12/04/2021,4,27
12/04/2021,5,82
12/04/2021,6,201
12/04/2021,7,462
12/04/2021,8,522
12/04/2021,9,369
12/04/2021,10,329
12/04/2021,11,452
12/04/2021,12,584
12/04/2021,13,600
12/04/2021,14,683
12/04/2021,15,823
12/04/2021,16,1124
12/04/2021,17,1558
12/04/2021,18,1354
12/04/2021,19,781
12/04/2021,20,457
12/04/2021,21,293
12/04/2021,22,201
12/04/2021,23,120
12/04/2022,0,90
12/04/2022,1,61
12/04/2022,2,23
12/04/2022,3,18
12/04/2022,4,40
12/04/2022,5,124
12/04/2022,6,368
12/04/2022,7,968
12/04/2022,8,1095
12/04/2022,9,704
12/04/2022,10,638
12/04/2022,11,795
12/04/2022,12,1016
12/04/2022,13,999
12/04/2022,14,928
12/04/2022,15,1043
12/04/2022,16,1521
12/04/2022,17,2079
12/04/2022,18,1580
12/04/2022,19,1166
12/04/2022,20,652
12/04/2022,21,592
12/04/2022,22,457
12/04/2022,23,275
12/05/2020,0,15
12/05/2020,1,10
12/05/2020,2,7
12/05/2020,3,6
12/05/2020,4,6
12/05/2020,5,36
12/05/2020,6,114
12/05/2020,7,181
12/05/2020,8,183
12/05/2020,9,163
12/05/2020,10,190
12/05/2020,11,283
12/05/2020,12,382
12/05/2020,13,322
12/05/2020,14,352
12/05/2020,15,330
12/05/2020,16,437
12/05/2020,17,606
12/05/2020,18,517
12/05/2020,19,348
12/05/2020,20,139
12/05/2020,21,60
12/05/2020,22,34
12/05/2020,23,24
12/05/2021,0,73
12/05/2021,1,29
12/05/2021,2,21
12/05/2021,3,7
12/05/2021,4,30
12/05/2021,5,133
12/05/2021,6,315
12/05/2021,7,592
12/05/2021,8,676
12/05/2021,9,451
12/05/2021,10,449
12/05/2021,11,522
12/05/2021,12,719
12/05/2021,13,725
12/05/2021,14,742
12/05/2021,15,887
12/05/2021,16,1138
12/05/2021,17,1707
12/05/2021,18,1561
12/05/2021,19,1057
12/05/2021,20,676
12/05/2021,21,444
12/05/2021,22,307
12/05/2021,23,175
12/05/2022,0,249
12/05/2022,1,104
12/05/2022,2,64
12/05/2022,3,52
12/05/2022,4,54
12/05/2022,5,179
12/05/2022,6,563
12/05/2022,7,1110
12/05/2022,8,1285
12/05/2022,9,912
12/05/2022,10,831
12/05/2022,11,983
12/05/2022,12,1198
12/05/2022,13,1268
12/05/2022,14,1349
12/05/2022,15,1657
12/05/2022,16,2212
12/05/2022,17,2838
12/05/2022,18,2539
12/05/2022,19,1954
12/05/2022,20,1479
12/05/2022,21,1175
12/05/2022,22,951
12/05/2022,23,612
12/06/2020,0,102
12/06/2020,1,49
12/06/2020,2,33
12/06/2020,3,18
12/06/2020,4,20
12/06/2020,5,63
12/06/2020,6,249
12/06/2020,7,419
12/06/2020,8,436
12/06/2020,9,383
12/06/2020,10,445
12/06/2020,11,570
12/06/2020,12,769
12/06/2020,13,676
12/06/2020,14,854
12/06/2020,15,1016
12/06/2020,16,1139
12/06/2020,17,1368
12/06/2020,18,1284
12/06/2020,19,860
12/06/2020,20,517
12/06/2020,21,316
12/06/2020,22,176
12/06/2020,23,227
12/06/2021,0,1008
12/06/2021,1,927
12/06/2021,2,635
12/06/2021,3,274
12/06/2021,4,170
12/06/2021,5,158
12/06/2021,6,278
12/06/2021,7,510
12/06/2021,8,957
12/06/2021,9,1450
12/06/2021,10,2044
12/06/2021,11,2521
12/06/2021,12,2685
12/06/2021,13,2832
12/06/2021,14,1802
12/06/2021,15,1117
12/06/2021,16,2164
12/06/2021,17,2395
12/06/2021,18,2168
12/06/2021,19,1954
12/06/2021,20,1750
12/06/2021,21,1604
12/06/2021,22,1679
12/06/2021,23,1542
12/06/2022,0,851
12/06/2022,1,534
12/06/2022,2,448
12/06/2022,3,214
12/06/2022,4,108
12/06/2022,5,109
12/06/2022,6,191
12/06/2022,7,275
12/06/2022,8,509
12/06/2022,9,826
12/06/2022,10,1293
12/06/2022,11,1455
12/06/2022,12,1734
12/06/2022,13,1821
12/06/2022,14,1999
12/06/2022,15,1992
12/06/2022,16,2174
12/06/2022,17,2063
12/06/2022,18,1840
12/06/2022,19,1428
12/06/2022,20,922
12/06/2022,21,698
12/06/2022,22,498
12/06/2022,23,308
12/07/2019,0,102
12/07/2019,1,54
12/07/2019,2,27
12/07/2019,3,27
12/07/2019,4,39
12/07/2019,5,211
12/07/2019,6,607
12/07/2019,7,1314
12/07/2019,8,1527
12/07/2019,9,791
12/07/2019,10,657
12/07/2019,11,824
12/07/2019,12,1036
12/07/2019,13,1062
12/07/2019,14,1202
12/07/2019,15,1474
12/07/2019,16,2115
12/07/2019,17,2435
12/07/2019,18,1559
12/07/2019,19,1216
12/07/2019,20,923
12/07/2019,21,699
12/07/2019,22,591
12/07/2019,23,378
12/07/2020,0,537
12/07/2020,1,370
12/07/2020,2,188
12/07/2020,3,96
12/07/2020,4,50
12/07/2020,5,61
12/07/2020,6,136
12/07/2020,7,267
12/07/2020,8,417
12/07/2020,9,637
12/07/2020,10,1008
12/07/2020,11,1258
12/07/2020,12,1663
12/07/2020,13,1914
12/07/2020,14,2132
12/07/2020,15,2242
12/07/2020,16,2051
12/07/2020,17,1932
12/07/2020,18,1583
12/07/2020,19,1466
12/07/2020,20,1147
12/07/2020,21,749
12/07/2020,22,449
12/07/2020,23,327
12/07/2021,0,141
12/07/2021,1,116
12/07/2021,2,70
12/07/2021,3,52
12/07/2021,4,66
12/07/2021,5,203
12/07/2021,6,548
12/07/2021,7,948
12/07/2021,8,1095
12/07/2021,9,727
12/07/2021,10,726
12/07/2021,11,832
12/07/2021,12,1018
12/07/2021,13,1058
12/07/2021,14,1074
12/07/2021,15,1290
12/07/2021,16,1479
12/07/2021,17,2124
12/07/2021,18,2102
12/07/2021,19,1656
12/07/2021,20,1185
12/07/2021,21,790
12/07/2021,22,517
12/07/2021,23,241
12/07/2022,0,212
12/07/2022,1,117
12/07/2022,2,55
12/07/2022,3,36
12/07/2022,4,71
12/07/2022,5,249
12/07/2022,6,773
12/07/2022,7,1384
12/07/2022,8,1332
12/07/2022,9,852
12/07/2022,10,744
12/07/2022,11,1019
12/07/2022,12,1215
12/07/2022,13,1164
12/07/2022,14,1237
12/07/2022,15,1579
12/07/2022,16,2254
12/07/2022,17,3123
12/07/2022,18,2723
12/07/2022,19,2017
12/07/2022,20,1495
12/07/2022,21,1246
12/07/2022,22,960
12/07/2022,23,517
12/08/2019,0,103
12/08/2019,1,52
12/08/2019,2,27
12/08/2019,3,10
12/08/2019,4,34
12/08/2019,5,205
12/08/2019,6,627
12/08/2019,7,1369
12/08/2019,8,1596
12/08/2019,9,668
12/08/2019,10,472
12/08/2019,11,654
12/08/2019,12,764
12/08/2019,13,742
12/08/2019,14,735
12/08/2019,15,788
12/08/2019,16,828
12/08/2019,17,1465
12/08/2019,18,949
12/08/2019,19,500
12/08/2019,20,110
12/08/2019,21,119
12/08/2019,22,123
12/08/2019,23,67
12/08/2020,0,75
12/08/2020,1,34
12/08/2020,2,13
12/08/2020,3,13
12/08/2020,4,22
12/08/2020,5,87
12/08/2020,6,493
12/08/2020,7,849
12/08/2020,8,831
12/08/2020,9,652
12/08/2020,10,616
12/08/2020,11,726
12/08/2020,12,1025
12/08/2020,13,970
12/08/2020,14,989
12/08/2020,15,1143
12/08/2020,16,1586
12/08/2020,17,2246
12/08/2020,18,2246
12/08/2020,19,1840
12/08/2020,20,1090
12/08/2020,21,422
12/08/2020,22,284
12/08/2020,23,166
12/08/2021,0,237
12/08/2021,1,121
12/08/2021,2,80
12/08/2021,3,44
12/08/2021,4,54
12/08/2021,5,231
12/08/2021,6,615
12/08/2021,7,1063
12/08/2021,8,1184
12/08/2021,9,824
12/08/2021,10,753
12/08/2021,11,1034
12/08/2021,12,1302
12/08/2021,13,1174
12/08/2021,14,1113
12/08/2021,15,1309
12/08/2021,16,1844
12/08/2021,17,2739
12/08/2021,18,2501
12/08/2021,19,1873
12/08/2021,20,1371
12/08/2021,21,1102
12/08/2021,22,903
12/08/2021,23,576
12/08/2022,0,359
12/08/2022,1,202
12/08/2022,2,112
12/08/2022,3,70
12/08/2022,4,81
12/08/2022,5,203
12/08/2022,6,741
12/08/2022,7,985
12/08/2022,8,1132
12/08/2022,9,894
12/08/2022,10,997
12/08/2022,11,1221
12/08/2022,12,1441
12/08/2022,13,1512
12/08/2022,14,1680
12/08/2022,15,1999
12/08/2022,16,2189
12/08/2022,17,2702
12/08/2022,18,2406
12/08/2022,19,1903
12/08/2022,20,1342
12/08/2022,21,1095
12/08/2022,22,1046
12/08/2022,23,848
12/09/2019,0,59
12/09/2019,1,23
12/09/2019,2,23
12/09/2019,3,18
12/09/2019,4,32
12/09/2019,5,179
12/09/2019,6,531
12/09/2019,7,1508
12/09/2019,8,1672
12/09/2019,9,701
12/09/2019,10,496
12/09/2019,11,563
12/09/2019,12,680
12/09/2019,13,697
12/09/2019,14,674
12/09/2019,15,888
12/09/2019,16,1756
12/09/2019,17,2631
12/09/2019,18,1784
12/09/2019,19,1125
12/09/2019,20,648
12/09/2019,21,489
12/09/2019,22,305
12/09/2019,23,233
12/09/2020,0,337
12/09/2020,1,191
12/09/2020,2,123
12/09/2020,3,38
12/09/2020,4,49
12/09/2020,5,64
12/09/2020,6,151
12/09/2020,7,261
12/09/2020,8,303
12/09/2020,9,191
12/09/2020,10,200
12/09/2020,11,253
12/09/2020,12,432
12/09/2020,13,656
12/09/2020,14,769
12/09/2020,15,973
12/09/2020,16,1000
12/09/2020,17,1073
12/09/2020,18,1157
12/09/2020,19,782
12/09/2020,20,541
12/09/2020,21,447
12/09/2020,22,572
12/09/2020,23,601
12/09/2021,0,876
12/09/2021,1,600
12/09/2021,2,465
12/09/2021,3,230
12/09/2021,4,159
12/09/2021,5,150
12/09/2021,6,195
12/09/2021,7,356
12/09/2021,8,648
12/09/2021,9,1072
12/09/2021,10,1631
12/09/2021,11,2081
12/09/2021,12,2110
12/09/2021,13,2072
12/09/2021,14,1998
12/09/2021,15,2143
12/09/2021,16,2131
12/09/2021,17,1959
12/09/2021,18,1867
12/09/2021,19,1295
12/09/2021,20,922
12/09/2021,21,808
12/09/2021,22,860
12/09/2021,23,307
12/09/2022,0,142
12/09/2022,1,74
12/09/2022,2,47
12/09/2022,3,44
12/09/2022,4,65
12/09/2022,5,156
12/09/2022,6,510
12/09/2022,7,816
12/09/2022,8,938
12/09/2022,9,678
12/09/2022,10,495
12/09/2022,11,669
12/09/2022,12,830
12/09/2022,13,856
12/09/2022,14,790
12/09/2022,15,1158
12/09/2022,16,1642
12/09/2022,17,2289
12/09/2022,18,1938
12/09/2022,19,1342
12/09/2022,20,818
12/09/2022,21,606
12/09/2022,22,422
12/09/2022,23,252
12/10/2019,0,63
12/10/2019,1,78
12/10/2019,2,29
12/10/2019,3,23
12/10/2019,4,21
12/10/2019,5,29
12/10/2019,6,72
12/10/2019,7,144
12/10/2019,8,317
12/10/2019,9,516
12/10/2019,10,632
12/10/2019,11,736
12/10/2019,12,795
12/10/2019,13,761
12/10/2019,14,683
12/10/2019,15,839
12/10/2019,16,703
12/10/2019,17,684
12/10/2019,18,512
12/10/2019,19,329
12/10/2019,20,250
12/10/2019,21,202
12/10/2019,22,160
12/10/2019,23,124
12/10/2020,0,141
12/10/2020,1,81
12/10/2020,2,27
12/10/2020,3,14
12/10/2020,4,32
12/10/2020,5,92
12/10/2020,6,291
12/10/2020,7,626
12/10/2020,8,728
12/10/2020,9,570
12/10/2020,10,559
12/10/2020,11,655
12/10/2020,12,394
12/10/2020,13,242
12/10/2020,14,171
12/10/2020,15,433
12/10/2020,16,764
12/10/2020,17,1252
12/10/2020,18,1103
12/10/2020,19,634
12/10/2020,20,384
12/10/2020,21,251
12/10/2020,22,203
12/10/2020,23,117
12/10/2021,0,90
12/10/2021,1,48
12/10/2021,2,31
12/10/2021,3,24
12/10/2021,4,41
12/10/2021,5,226
12/10/2021,6,494
12/10/2021,7,1145
12/10/2021,8,1282
12/10/2021,9,810
12/10/2021,10,649
12/10/2021,11,805
12/10/2021,12,1100
12/10/2021,13,1016
12/10/2021,14,957
12/10/2021,15,1311
12/10/2021,16,1862
12/10/2021,17,2635
12/10/2021,18,2295
12/10/2021,19,1465
12/10/2021,20,1050
12/10/2021,21,778
12/10/2021,22,538
12/10/2021,23,340
12/10/2022,0,100
12/10/2022,1,35
12/10/2022,2,25
12/10/2022,3,24
12/10/2022,4,40
12/10/2022,5,129
12/10/2022,6,313
12/10/2022,7,400
12/10/2022,8,799
12/10/2022,9,627
12/10/2022,10,583
12/10/2022,11,702
12/10/2022,12,785
12/10/2022,13,677
12/10/2022,14,376
12/10/2022,15,858
12/10/2022,16,1572
12/10/2022,17,2207
12/10/2022,18,1755
12/10/2022,19,1186
12/10/2022,20,808
12/10/2022,21,643
12/10/2022,22,450
12/10/2022,23,273
12/11/2019,0,10
12/11/2019,1,3
12/11/2019,2,3
12/11/2019,3,2
12/11/2019,4,11
12/11/2019,5,51
12/11/2019,6,161
12/11/2019,7,294
12/11/2019,8,424
12/11/2019,9,179
12/11/2019,10,101
12/11/2019,11,111
12/11/2019,12,109
12/11/2019,13,92
12/11/2019,14,105
12/11/2019,15,192
12/11/2019,16,391
12/11/2019,17,542
12/11/2019,18,273
12/11/2019,19,170
12/11/2019,20,106
12/11/2019,21,79
12/11/2019,22,38
12/11/2019,23,24
12/11/2020,0,47
12/11/2020,1,18
12/11/2020,2,17
12/11/2020,3,5
12/11/2020,4,19
12/11/2020,5,92
12/11/2020,6,289
12/11/2020,7,493
12/11/2020,8,495
12/11/2020,9,426
12/11/2020,10,353
12/11/2020,11,543
12/11/2020,12,585
12/11/2020,13,573
12/11/2020,14,618
12/11/2020,15,733
12/11/2020,16,872
12/11/2020,17,935
12/11/2020,18,770
12/11/2020,19,456
12/11/2020,20,303
12/11/2020,21,217
12/11/2020,22,146
12/11/2020,23,79
12/11/2021,0,160
12/11/2021,1,85
12/11/2021,2,61
12/11/2021,3,43
12/11/2021,4,36
12/11/2021,5,128
12/11/2021,6,281
12/11/2021,7,631
12/11/2021,8,779
12/11/2021,9,597
12/11/2021,10,569
12/11/2021,11,528
12/11/2021,12,559
12/11/2021,13,553
12/11/2021,14,593
12/11/2021,15,544
12/11/2021,16,783
12/11/2021,17,781
12/11/2021,18,733
12/11/2021,19,584
12/11/2021,20,375
12/11/2021,21,240
12/11/2021,22,319
12/11/2021,23,264
12/11/2022,0,266
12/11/2022,1,178
12/11/2022,2,92
12/11/2022,3,51
12/11/2022,4,29
12/11/2022,5,48
12/11/2022,6,107
12/11/2022,7,209
12/11/2022,8,339
12/11/2022,9,466
12/11/2022,10,580
12/11/2022,11,673
12/11/2022,12,610
12/11/2022,13,637
12/11/2022,14,648
12/11/2022,15,577
12/11/2022,16,608
12/11/2022,17,521
12/11/2022,18,481
12/11/2022,19,330
12/11/2022,20,285
12/11/2022,21,241
12/11/2022,22,213
12/11/2022,23,271
12/12/2019,0,20
12/12/2019,1,7
12/12/2019,2,3
12/12/2019,3,3
12/12/2019,4,11
12/12/2019,5,95
12/12/2019,6,252
12/12/2019,7,593
12/12/2019,8,794
12/12/2019,9,335
12/12/2019,10,180
12/12/2019,11,201
12/12/2019,12,236
12/12/2019,13,262
12/12/2019,14,238
12/12/2019,15,344
12/12/2019,16,746
12/12/2019,17,908
12/12/2019,18,531
12/12/2019,19,306
12/12/2019,20,221
12/12/2019,21,166
12/12/2019,22,109
12/12/2019,23,67
12/12/2020,0,15
12/12/2020,1,14
12/12/2020,2,6
12/12/2020,3,6
12/12/2020,4,10
12/12/2020,5,14
12/12/2020,6,15
12/12/2020,7,24
12/12/2020,8,55
12/12/2020,9,113
12/12/2020,10,148
12/12/2020,11,209
12/12/2020,12,216
12/12/2020,13,202
12/12/2020,14,230
12/12/2020,15,240
12/12/2020,16,164
12/12/2020,17,143
12/12/2020,18,173
12/12/2020,19,138
12/12/2020,20,102
12/12/2020,21,91
12/12/2020,22,79
12/12/2020,23,60
12/12/2021,0,309
12/12/2021,1,190
12/12/2021,2,126
12/12/2021,3,75
12/12/2021,4,46
12/12/2021,5,46
12/12/2021,6,96
12/12/2021,7,125
12/12/2021,8,200
12/12/2021,9,374
12/12/2021,10,530
12/12/2021,11,703
12/12/2021,12,769
12/12/2021,13,843
12/12/2021,14,865
12/12/2021,15,911
12/12/2021,16,814
12/12/2021,17,527
12/12/2021,18,397
12/12/2021,19,350
12/12/2021,20,231
12/12/2021,21,171
12/12/2021,22,209
12/12/2021,23,112
12/12/2022,0,61
12/12/2022,1,59
12/12/2022,2,26
12/12/2022,3,19
12/12/2022,4,31
12/12/2022,5,101
12/12/2022,6,275
12/12/2022,7,529
12/12/2022,8,640
12/12/2022,9,360
12/12/2022,10,262
12/12/2022,11,397
12/12/2022,12,398
12/12/2022,13,440
12/12/2022,14,463
12/12/2022,15,586
12/12/2022,16,751
12/12/2022,17,955
12/12/2022,18,753
12/12/2022,19,470
12/12/2022,20,311
12/12/2022,21,240
12/12/2022,22,165
12/12/2022,23,85
13/01/2019,0,12
13/01/2019,1,13
13/01/2019,2,8
13/01/2019,3,5
13/01/2019,4,7
13/01/2019,5,5
13/01/2019,6,6
13/01/2019,7,22
13/01/2019,8,53
13/01/2019,9,80
13/01/2019,10,117
13/01/2019,11,123
13/01/2019,12,149
13/01/2019,13,152
13/01/2019,14,162
13/01/2019,15,187
13/01/2019,16,167
13/01/2019,17,116
13/01/2019,18,112
13/01/2019,19,88
13/01/2019,20,75
13/01/2019,21,44
13/01/2019,22,38
13/01/2019,23,18
13/01/2020,0,10
13/01/2020,1,6
13/01/2020,2,4
13/01/2020,3,6
13/01/2020,4,19
13/01/2020,5,97
13/01/2020,6,263
13/01/2020,7,539
13/01/2020,8,775
13/01/2020,9,270
13/01/2020,10,148
13/01/2020,11,180
13/01/2020,12,223
13/01/2020,13,187
13/01/2020,14,177
13/01/2020,15,309
13/01/2020,16,657
13/01/2020,17,965
13/01/2020,18,591
13/01/2020,19,321
13/01/2020,20,164
13/01/2020,21,135
13/01/2020,22,77
13/01/2020,23,32
13/01/2021,0,19
13/01/2021,1,13
13/01/2021,2,8
13/01/2021,3,7
13/01/2021,4,15
13/01/2021,5,49
13/01/2021,6,163
13/01/2021,7,243
13/01/2021,8,278
13/01/2021,9,190
13/01/2021,10,193
13/01/2021,11,229
13/01/2021,12,261
13/01/2021,13,308
13/01/2021,14,270
13/01/2021,15,339
13/01/2021,16,385
13/01/2021,17,503
13/01/2021,18,349
13/01/2021,19,274
13/01/2021,20,163
13/01/2021,21,84
13/01/2021,22,74
13/01/2021,23,32
13/01/2022,0,47
13/01/2022,1,22
13/01/2022,2,14
13/01/2022,3,8
13/01/2022,4,19
13/01/2022,5,87
13/01/2022,6,191
13/01/2022,7,379
13/01/2022,8,429
13/01/2022,9,258
13/01/2022,10,218
13/01/2022,11,254
13/01/2022,12,299
13/01/2022,13,303
13/01/2022,14,308
13/01/2022,15,432
13/01/2022,16,579
13/01/2022,17,658
13/01/2022,18,508
13/01/2022,19,358
13/01/2022,20,202
13/01/2022,21,188
13/01/2022,22,148
13/01/2022,23,80
13/02/2019,0,6
13/02/2019,1,1
13/02/2019,2,2
13/02/2019,3,3
13/02/2019,4,6
13/02/2019,5,47
13/02/2019,6,156
13/02/2019,7,267
13/02/2019,8,399
13/02/2019,9,180
13/02/2019,10,98
13/02/2019,11,128
13/02/2019,12,137
13/02/2019,13,119
13/02/2019,14,154
13/02/2019,15,195
13/02/2019,16,422
13/02/2019,17,560
13/02/2019,18,336
13/02/2019,19,174
13/02/2019,20,114
13/02/2019,21,95
13/02/2019,22,49
13/02/2019,23,33
13/02/2020,0,7
13/02/2020,1,1
13/02/2020,2,1
13/02/2020,3,6
13/02/2020,4,13
13/02/2020,5,57
13/02/2020,6,148
13/02/2020,7,250
13/02/2020,8,334
13/02/2020,9,180
13/02/2020,10,63
13/02/2020,11,84
13/02/2020,12,100
13/02/2020,13,86
13/02/2020,14,93
13/02/2020,15,155
13/02/2020,16,373
13/02/2020,17,495
13/02/2020,18,257
13/02/2020,19,127
13/02/2020,20,93
13/02/2020,21,65
13/02/2020,22,30
13/02/2020,23,17
13/02/2021,0,17
13/02/2021,1,13
13/02/2021,2,6
13/02/2021,3,3
13/02/2021,4,5
13/02/2021,5,3
13/02/2021,6,13
13/02/2021,7,19
13/02/2021,8,31
13/02/2021,9,40
13/02/2021,10,51
13/02/2021,11,69
13/02/2021,12,68
13/02/2021,13,48
13/02/2021,14,58
13/02/2021,15,41
13/02/2021,16,47
13/02/2021,17,60
13/02/2021,18,43
13/02/2021,19,40
13/02/2021,20,21
13/02/2021,21,12
13/02/2021,22,7
13/02/2021,23,12
13/02/2022,0,65
13/02/2022,1,46
13/02/2022,2,20
13/02/2022,3,6
13/02/2022,4,11
13/02/2022,5,9
13/02/2022,6,28
13/02/2022,7,48
13/02/2022,8,57
13/02/2022,9,124
13/02/2022,10,180
13/02/2022,11,194
13/02/2022,12,270
13/02/2022,13,262
13/02/2022,14,240
13/02/2022,15,248
13/02/2022,16,308
13/02/2022,17,304
13/02/2022,18,135
13/02/2022,19,93
13/02/2022,20,69
13/02/2022,21,247
13/02/2022,22,86
13/02/2022,23,44
13/03/2019,0,18
13/03/2019,1,7
13/03/2019,2,7
13/03/2019,3,3
13/03/2019,4,9
13/03/2019,5,40
13/03/2019,6,121
13/03/2019,7,330
13/03/2019,8,654
13/03/2019,9,304
13/03/2019,10,182
13/03/2019,11,191
13/03/2019,12,123
13/03/2019,13,177
13/03/2019,14,215
13/03/2019,15,351
13/03/2019,16,754
13/03/2019,17,1187
13/03/2019,18,696
13/03/2019,19,426
13/03/2019,20,289
13/03/2019,21,189
13/03/2019,22,75
13/03/2019,23,6
13/03/2020,0,35
13/03/2020,1,14
13/03/2020,2,12
13/03/2020,3,12
13/03/2020,4,14
13/03/2020,5,91
13/03/2020,6,221
13/03/2020,7,476
13/03/2020,8,670
13/03/2020,9,381
13/03/2020,10,244
13/03/2020,11,289
13/03/2020,12,345
13/03/2020,13,389
13/03/2020,14,394
13/03/2020,15,514
13/03/2020,16,801
13/03/2020,17,825
13/03/2020,18,548
13/03/2020,19,327
13/03/2020,20,165
13/03/2020,21,127
13/03/2020,22,117
13/03/2020,23,66
13/03/2021,0,94
13/03/2021,1,70
13/03/2021,2,31
13/03/2021,3,8
13/03/2021,4,17
13/03/2021,5,23
13/03/2021,6,85
13/03/2021,7,144
13/03/2021,8,280
13/03/2021,9,497
13/03/2021,10,680
13/03/2021,11,1060
13/03/2021,12,1193
13/03/2021,13,1220
13/03/2021,14,1312
13/03/2021,15,1248
13/03/2021,16,1173
13/03/2021,17,1034
13/03/2021,18,742
13/03/2021,19,506
13/03/2021,20,401
13/03/2021,21,302
13/03/2021,22,304
13/03/2021,23,240
13/03/2022,0,81
13/03/2022,1,61
13/03/2022,3,57
13/03/2022,4,16
13/03/2022,5,23
13/03/2022,6,23
13/03/2022,7,57
13/03/2022,8,134
13/03/2022,9,232
13/03/2022,10,378
13/03/2022,11,511
13/03/2022,12,651
13/03/2022,13,778
13/03/2022,14,1001
13/03/2022,15,1031
13/03/2022,16,1007
13/03/2022,17,873
13/03/2022,18,749
13/03/2022,19,478
13/03/2022,20,264
13/03/2022,21,245
13/03/2022,22,149
13/03/2022,23,106
13/04/2020,0,7
13/04/2020,1,1
13/04/2020,4,6
13/04/2020,5,8
13/04/2020,6,60
13/04/2020,7,88
13/04/2020,8,83
13/04/2020,9,64
13/04/2020,10,66
13/04/2020,11,102
13/04/2020,12,117
13/04/2020,13,120
13/04/2020,14,100
13/04/2020,15,134
13/04/2020,16,211
13/04/2020,17,220
13/04/2020,18,204
13/04/2020,19,120
13/04/2020,20,55
13/04/2020,21,29
13/04/2020,22,19
13/04/2020,23,6
13/04/2021,0,62
13/04/2021,1,40
13/04/2021,2,16
13/04/2021,3,17
13/04/2021,4,14
13/04/2021,5,107
13/04/2021,6,301
13/04/2021,7,504
13/04/2021,8,524
13/04/2021,9,360
13/04/2021,10,393
13/04/2021,11,426
13/04/2021,12,543
13/04/2021,13,564
13/04/2021,14,527
13/04/2021,15,665
13/04/2021,16,897
13/04/2021,17,1316
13/04/2021,18,1119
13/04/2021,19,743
13/04/2021,20,406
13/04/2021,21,293
13/04/2021,22,218
13/04/2021,23,106
13/04/2022,0,120
13/04/2022,1,81
13/04/2022,2,38
13/04/2022,3,28
13/04/2022,4,47
13/04/2022,5,146
13/04/2022,6,414
13/04/2022,7,860
13/04/2022,8,890
13/04/2022,9,237
13/04/2022,10,157
13/04/2022,11,396
13/04/2022,12,643
13/04/2022,13,717
13/04/2022,14,758
13/04/2022,15,539
13/04/2022,16,644
13/04/2022,17,433
13/04/2022,18,645
13/04/2022,19,317
13/04/2022,20,283
13/04/2022,21,216
13/04/2022,22,180
13/04/2022,23,133
13/05/2020,0,19
13/05/2020,1,11
13/05/2020,2,4
13/05/2020,3,4
13/05/2020,4,7
13/05/2020,5,35
13/05/2020,6,113
13/05/2020,7,182
13/05/2020,8,210
13/05/2020,9,190
13/05/2020,10,183
13/05/2020,11,264
13/05/2020,12,372
13/05/2020,13,370
13/05/2020,14,425
13/05/2020,15,486
13/05/2020,16,610
13/05/2020,17,790
13/05/2020,18,657
13/05/2020,19,414
13/05/2020,20,214
13/05/2020,21,93
13/05/2020,22,70
13/05/2020,23,39
13/05/2021,0,105
13/05/2021,1,48
13/05/2021,2,24
13/05/2021,3,22
13/05/2021,4,25
13/05/2021,5,120
13/05/2021,6,352
13/05/2021,7,647
13/05/2021,8,725
13/05/2021,9,547
13/05/2021,10,559
13/05/2021,11,664
13/05/2021,12,826
13/05/2021,13,790
13/05/2021,14,898
13/05/2021,15,1129
13/05/2021,16,1457
13/05/2021,17,2091
13/05/2021,18,1866
13/05/2021,19,1354
13/05/2021,20,846
13/05/2021,21,692
13/05/2021,22,441
13/05/2021,23,364
13/05/2022,0,345
13/05/2022,1,176
13/05/2022,2,78
13/05/2022,3,73
13/05/2022,4,64
13/05/2022,5,195
13/05/2022,6,517
13/05/2022,7,945
13/05/2022,8,1097
13/05/2022,9,864
13/05/2022,10,935
13/05/2022,11,1244
13/05/2022,12,1603
13/05/2022,13,1736
13/05/2022,14,1738
13/05/2022,15,2191
13/05/2022,16,2542
13/05/2022,17,2800
13/05/2022,18,2613
13/05/2022,19,2025
13/05/2022,20,1477
13/05/2022,21,1142
13/05/2022,22,1073
13/05/2022,23,892
13/06/2020,0,145
13/06/2020,1,67
13/06/2020,2,29
13/06/2020,3,21
13/06/2020,4,20
13/06/2020,5,34
13/06/2020,6,100
13/06/2020,7,182
13/06/2020,8,336
13/06/2020,9,487
13/06/2020,10,740
13/06/2020,11,894
13/06/2020,12,1064
13/06/2020,13,1426
13/06/2020,14,1491
13/06/2020,15,1437
13/06/2020,16,1378
13/06/2020,17,1233
13/06/2020,18,1129
13/06/2020,19,739
13/06/2020,20,531
13/06/2020,21,296
13/06/2020,22,259
13/06/2020,23,240
13/06/2021,0,1439
13/06/2021,1,892
13/06/2021,2,632
13/06/2021,3,379
13/06/2021,4,202
13/06/2021,5,158
13/06/2021,6,228
13/06/2021,7,419
13/06/2021,8,639
13/06/2021,9,1232
13/06/2021,10,1666
13/06/2021,11,2124
13/06/2021,12,2618
13/06/2021,13,2686
13/06/2021,14,2793
13/06/2021,15,2776
13/06/2021,16,2849
13/06/2021,17,2698
13/06/2021,18,2163
13/06/2021,19,1837
13/06/2021,20,1588
13/06/2021,21,1319
13/06/2021,22,986
13/06/2021,23,509
13/06/2022,0,199
13/06/2022,1,87
13/06/2022,2,52
13/06/2022,3,33
13/06/2022,4,51
13/06/2022,5,200
13/06/2022,6,567
13/06/2022,7,1082
13/06/2022,8,1253
13/06/2022,9,807
13/06/2022,10,768
13/06/2022,11,910
13/06/2022,12,1082
13/06/2022,13,1069
13/06/2022,14,991
13/06/2022,15,1225
13/06/2022,16,1844
13/06/2022,17,2561
13/06/2022,18,1386
13/06/2022,19,433
13/06/2022,20,687
13/06/2022,21,463
13/06/2022,22,510
13/06/2022,23,379
13/07/2019,0,257
13/07/2019,1,165
13/07/2019,2,120
13/07/2019,3,59
13/07/2019,4,28
13/07/2019,5,73
13/07/2019,6,179
13/07/2019,7,343
13/07/2019,8,605
13/07/2019,9,991
13/07/2019,10,1397
13/07/2019,11,1597
13/07/2019,12,1716
13/07/2019,13,1737
13/07/2019,14,1523
13/07/2019,15,1546
13/07/2019,16,1660
13/07/2019,17,1489
13/07/2019,18,1264
13/07/2019,19,1130
13/07/2019,20,845
13/07/2019,21,710
13/07/2019,22,637
13/07/2019,23,503
13/07/2020,0,223
13/07/2020,1,118
13/07/2020,2,60
13/07/2020,3,42
13/07/2020,4,20
13/07/2020,5,161
13/07/2020,6,407
13/07/2020,7,622
13/07/2020,8,688
13/07/2020,9,519
13/07/2020,10,561
13/07/2020,11,660
13/07/2020,12,808
13/07/2020,13,801
13/07/2020,14,904
13/07/2020,15,987
13/07/2020,16,1395
13/07/2020,17,1821
13/07/2020,18,1869
13/07/2020,19,1462
13/07/2020,20,1107
13/07/2020,21,668
13/07/2020,22,449
13/07/2020,23,281
13/07/2021,0,156
13/07/2021,1,64
13/07/2021,2,69
13/07/2021,3,30
13/07/2021,4,57
13/07/2021,5,210
13/07/2021,6,587
13/07/2021,7,1046
13/07/2021,8,1160
13/07/2021,9,631
13/07/2021,10,538
13/07/2021,11,696
13/07/2021,12,951
13/07/2021,13,1001
13/07/2021,14,1023
13/07/2021,15,1296
13/07/2021,16,1815
13/07/2021,17,2807
13/07/2021,18,2648
13/07/2021,19,2112
13/07/2021,20,1672
13/07/2021,21,1112
13/07/2021,22,749
13/07/2021,23,455
13/07/2022,0,242
13/07/2022,1,159
13/07/2022,2,85
13/07/2022,3,41
13/07/2022,4,66
13/07/2022,5,237
13/07/2022,6,716
13/07/2022,7,1347
13/07/2022,8,1541
13/07/2022,9,940
13/07/2022,10,786
13/07/2022,11,909
13/07/2022,12,1122
13/07/2022,13,1208
13/07/2022,14,1361
13/07/2022,15,1516
13/07/2022,16,2372
13/07/2022,17,3301
13/07/2022,18,2800
13/07/2022,19,2122
13/07/2022,20,1686
13/07/2022,21,1495
13/07/2022,22,1084
13/07/2022,23,500
13/08/2019,0,42
13/08/2019,1,21
13/08/2019,2,10
13/08/2019,3,21
13/08/2019,4,39
13/08/2019,5,236
13/08/2019,6,643
13/08/2019,7,1466
13/08/2019,8,1645
13/08/2019,9,694
13/08/2019,10,539
13/08/2019,11,714
13/08/2019,12,837
13/08/2019,13,825
13/08/2019,14,819
13/08/2019,15,1063
13/08/2019,16,1946
13/08/2019,17,2920
13/08/2019,18,1799
13/08/2019,19,1013
13/08/2019,20,788
13/08/2019,21,492
13/08/2019,22,354
13/08/2019,23,159
13/08/2020,0,66
13/08/2020,1,36
13/08/2020,2,26
13/08/2020,3,11
13/08/2020,4,20
13/08/2020,5,75
13/08/2020,6,555
13/08/2020,7,786
13/08/2020,8,824
13/08/2020,9,669
13/08/2020,10,613
13/08/2020,11,792
13/08/2020,12,971
13/08/2020,13,979
13/08/2020,14,1019
13/08/2020,15,1146
13/08/2020,16,1515
13/08/2020,17,2280
13/08/2020,18,2262
13/08/2020,19,1775
13/08/2020,20,1141
13/08/2020,21,518
13/08/2020,22,340
13/08/2020,23,227
13/08/2021,0,350
13/08/2021,1,243
13/08/2021,2,150
13/08/2021,3,64
13/08/2021,4,88
13/08/2021,5,219
13/08/2021,6,563
13/08/2021,7,954
13/08/2021,8,1085
13/08/2021,9,855
13/08/2021,10,987
13/08/2021,11,1102
13/08/2021,12,1512
13/08/2021,13,1620
13/08/2021,14,1741
13/08/2021,15,1995
13/08/2021,16,2373
13/08/2021,17,2934
13/08/2021,18,2654
13/08/2021,19,2258
13/08/2021,20,1600
13/08/2021,21,1443
13/08/2021,22,982
13/08/2021,23,970
13/08/2022,0,719
13/08/2022,1,516
13/08/2022,2,342
13/08/2022,3,170
13/08/2022,4,84
13/08/2022,5,107
13/08/2022,6,262
13/08/2022,7,427
13/08/2022,8,817
13/08/2022,9,1415
13/08/2022,10,1860
13/08/2022,11,2317
13/08/2022,12,2173
13/08/2022,13,2133
13/08/2022,14,2132
13/08/2022,15,2355
13/08/2022,16,2198
13/08/2022,17,2227
13/08/2022,18,1962
13/08/2022,19,1697
13/08/2022,20,1289
13/08/2022,21,1268
13/08/2022,22,1111
13/08/2022,23,1032
13/09/2019,0,104
13/09/2019,1,68
13/09/2019,2,42
13/09/2019,3,44
13/09/2019,4,26
13/09/2019,5,31
13/09/2019,6,193
13/09/2019,7,952
13/09/2019,8,1255
13/09/2019,9,635
13/09/2019,10,495
13/09/2019,11,730
13/09/2019,12,862
13/09/2019,13,972
13/09/2019,14,1006
13/09/2019,15,1176
13/09/2019,16,1890
13/09/2019,17,2005
13/09/2019,18,1382
13/09/2019,19,875
13/09/2019,20,559
13/09/2019,21,437
13/09/2019,22,415
13/09/2019,23,293
13/09/2020,0,329
13/09/2020,1,237
13/09/2020,2,137
13/09/2020,3,60
13/09/2020,4,48
13/09/2020,5,60
13/09/2020,6,152
13/09/2020,7,311
13/09/2020,8,531
13/09/2020,9,934
13/09/2020,10,1473
13/09/2020,11,2282
13/09/2020,12,1913
13/09/2020,13,1949
13/09/2020,14,2091
13/09/2020,15,2384
13/09/2020,16,2269
13/09/2020,17,2009
13/09/2020,18,1866
13/09/2020,19,1195
13/09/2020,20,653
13/09/2020,21,471
13/09/2020,22,394
13/09/2020,23,222
13/09/2021,0,190
13/09/2021,1,104
13/09/2021,2,71
13/09/2021,3,47
13/09/2021,4,79
13/09/2021,5,206
13/09/2021,6,577
13/09/2021,7,1113
13/09/2021,8,1282
13/09/2021,9,869
13/09/2021,10,742
13/09/2021,11,925
13/09/2021,12,1119
13/09/2021,13,1046
13/09/2021,14,1136
13/09/2021,15,1409
13/09/2021,16,1913
13/09/2021,17,2619
13/09/2021,18,2281
13/09/2021,19,1616
13/09/2021,20,999
13/09/2021,21,676
13/09/2021,22,491
13/09/2021,23,341
13/09/2022,0,133
13/09/2022,1,85
13/09/2022,2,45
13/09/2022,3,25
13/09/2022,4,53
13/09/2022,5,204
13/09/2022,6,676
13/09/2022,7,1292
13/09/2022,8,1526
13/09/2022,9,788
13/09/2022,10,714
13/09/2022,11,805
13/09/2022,12,1044
13/09/2022,13,1054
13/09/2022,14,1115
13/09/2022,15,1500
13/09/2022,16,2137
13/09/2022,17,2778
13/09/2022,18,2434
13/09/2022,19,1688
13/09/2022,20,1054
13/09/2022,21,879
13/09/2022,22,588
13/09/2022,23,346
13/10/2019,0,133
13/10/2019,1,73
13/10/2019,2,49
13/10/2019,3,36
13/10/2019,4,31
13/10/2019,5,86
13/10/2019,6,210
13/10/2019,7,377
13/10/2019,8,554
13/10/2019,9,804
13/10/2019,10,967
13/10/2019,11,1066
13/10/2019,12,985
13/10/2019,13,955
13/10/2019,14,861
13/10/2019,15,778
13/10/2019,16,726
13/10/2019,17,628
13/10/2019,18,425
13/10/2019,19,243
13/10/2019,20,214
13/10/2019,21,166
13/10/2019,22,101
13/10/2019,23,65
13/10/2020,0,60
13/10/2020,1,46
13/10/2020,2,18
13/10/2020,3,7
13/10/2020,4,19
13/10/2020,5,111
13/10/2020,6,398
13/10/2020,7,696
13/10/2020,8,777
13/10/2020,9,528
13/10/2020,10,542
13/10/2020,11,733
13/10/2020,12,869
13/10/2020,13,829
13/10/2020,14,845
13/10/2020,15,1038
13/10/2020,16,1451
13/10/2020,17,2154
13/10/2020,18,1875
13/10/2020,19,1052
13/10/2020,20,614
13/10/2020,21,467
13/10/2020,22,334
13/10/2020,23,163
13/10/2021,0,179
13/10/2021,1,102
13/10/2021,2,46
13/10/2021,3,24
13/10/2021,4,43
13/10/2021,5,213
13/10/2021,6,611
13/10/2021,7,1255
13/10/2021,8,1520
13/10/2021,9,974
13/10/2021,10,901
13/10/2021,11,1010
13/10/2021,12,1256
13/10/2021,13,1171
13/10/2021,14,580
13/10/2021,15,405
13/10/2021,16,1338
13/10/2021,17,1973
13/10/2021,18,1839
13/10/2021,19,1355
13/10/2021,20,981
13/10/2021,21,768
13/10/2021,22,606
13/10/2021,23,413
13/10/2022,0,139
13/10/2022,1,85
13/10/2022,2,44
13/10/2022,3,35
13/10/2022,4,52
13/10/2022,5,173
13/10/2022,6,535
13/10/2022,7,1036
13/10/2022,8,1355
13/10/2022,9,783
13/10/2022,10,693
13/10/2022,11,794
13/10/2022,12,1034
13/10/2022,13,956
13/10/2022,14,959
13/10/2022,15,1157
13/10/2022,16,1769
13/10/2022,17,2176
13/10/2022,18,1888
13/10/2022,19,1041
13/10/2022,20,659
13/10/2022,21,630
13/10/2022,22,939
13/10/2022,23,548
13/11/2019,0,11
13/11/2019,1,6
13/11/2019,2,2
13/11/2019,3,2
13/11/2019,4,9
13/11/2019,5,63
13/11/2019,6,181
13/11/2019,7,390
13/11/2019,8,506
13/11/2019,9,181
13/11/2019,10,95
13/11/2019,11,136
13/11/2019,12,130
13/11/2019,13,108
13/11/2019,14,149
13/11/2019,15,217
13/11/2019,16,471
13/11/2019,17,579
13/11/2019,18,365
13/11/2019,19,205
13/11/2019,20,140
13/11/2019,21,94
13/11/2019,22,62
13/11/2019,23,37
13/11/2020,0,47
13/11/2020,1,34
13/11/2020,2,16
13/11/2020,3,11
13/11/2020,4,21
13/11/2020,5,70
13/11/2020,6,255
13/11/2020,7,447
13/11/2020,8,438
13/11/2020,9,332
13/11/2020,10,397
13/11/2020,11,463
13/11/2020,12,536
13/11/2020,13,571
13/11/2020,14,515
13/11/2020,15,689
13/11/2020,16,807
13/11/2020,17,770
13/11/2020,18,632
13/11/2020,19,381
13/11/2020,20,244
13/11/2020,21,176
13/11/2020,22,150
13/11/2020,23,113
13/11/2021,0,277
13/11/2021,1,228
13/11/2021,2,132
13/11/2021,3,99
13/11/2021,4,49
13/11/2021,5,45
13/11/2021,6,104
13/11/2021,7,207
13/11/2021,8,317
13/11/2021,9,445
13/11/2021,10,680
13/11/2021,11,777
13/11/2021,12,914
13/11/2021,13,990
13/11/2021,14,900
13/11/2021,15,871
13/11/2021,16,829
13/11/2021,17,701
13/11/2021,18,625
13/11/2021,19,500
13/11/2021,20,410
13/11/2021,21,340
13/11/2021,22,315
13/11/2021,23,244
13/11/2022,0,256
13/11/2022,1,150
13/11/2022,2,104
13/11/2022,3,70
13/11/2022,4,29
13/11/2022,5,30
13/11/2022,6,80
13/11/2022,7,129
13/11/2022,8,220
13/11/2022,9,405
13/11/2022,10,600
13/11/2022,11,725
13/11/2022,12,602
13/11/2022,13,627
13/11/2022,14,624
13/11/2022,15,841
13/11/2022,16,668
13/11/2022,17,530
13/11/2022,18,403
13/11/2022,19,298
13/11/2022,20,209
13/11/2022,21,225
13/11/2022,22,149
13/11/2022,23,110
13/12/2019,0,45
13/12/2019,1,19
13/12/2019,2,15
13/12/2019,3,11
13/12/2019,4,19
13/12/2019,5,88
13/12/2019,6,263
13/12/2019,7,635
13/12/2019,8,893
13/12/2019,9,371
13/12/2019,10,240
13/12/2019,11,268
13/12/2019,12,350
13/12/2019,13,360
13/12/2019,14,388
13/12/2019,15,539
13/12/2019,16,857
13/12/2019,17,813
13/12/2019,18,515
13/12/2019,19,280
13/12/2019,20,171
13/12/2019,21,147
13/12/2019,22,102
13/12/2019,23,96
13/12/2020,0,49
13/12/2020,1,44
13/12/2020,2,24
13/12/2020,3,18
13/12/2020,4,20
13/12/2020,5,12
13/12/2020,6,52
13/12/2020,7,82
13/12/2020,8,106
13/12/2020,9,196
13/12/2020,10,252
13/12/2020,11,406
13/12/2020,12,497
13/12/2020,13,544
13/12/2020,14,576
13/12/2020,15,540
13/12/2020,16,403
13/12/2020,17,277
13/12/2020,18,220
13/12/2020,19,180
13/12/2020,20,110
13/12/2020,21,86
13/12/2020,22,56
13/12/2020,23,44
13/12/2021,0,58
13/12/2021,1,27
13/12/2021,2,20
13/12/2021,3,11
13/12/2021,4,29
13/12/2021,5,125
13/12/2021,6,301
13/12/2021,7,615
13/12/2021,8,756
13/12/2021,9,425
13/12/2021,10,364
13/12/2021,11,465
13/12/2021,12,563
13/12/2021,13,575
13/12/2021,14,568
13/12/2021,15,743
13/12/2021,16,943
13/12/2021,17,1080
13/12/2021,18,816
13/12/2021,19,543
13/12/2021,20,374
13/12/2021,21,265
13/12/2021,22,189
13/12/2021,23,107
13/12/2022,0,50
13/12/2022,1,30
13/12/2022,2,25
13/12/2022,3,17
13/12/2022,4,28
13/12/2022,5,125
13/12/2022,6,358
13/12/2022,7,714
13/12/2022,8,901
13/12/2022,9,438
13/12/2022,10,296
13/12/2022,11,348
13/12/2022,12,397
13/12/2022,13,368
13/12/2022,14,395
13/12/2022,15,564
13/12/2022,16,867
13/12/2022,17,1033
13/12/2022,18,733
13/12/2022,19,486
13/12/2022,20,332
13/12/2022,21,241
13/12/2022,22,143
13/12/2022,23,71
14/01/2019,0,11
14/01/2019,1,4
14/01/2019,2,6
14/01/2019,3,1
14/01/2019,4,14
14/01/2019,5,75
14/01/2019,6,227
14/01/2019,7,474
14/01/2019,8,646
14/01/2019,9,243
14/01/2019,10,117
14/01/2019,11,137
14/01/2019,12,165
14/01/2019,13,160
14/01/2019,14,151
14/01/2019,15,248
14/01/2019,16,576
14/01/2019,17,811
14/01/2019,18,444
14/01/2019,19,251
14/01/2019,20,162
14/01/2019,21,89
14/01/2019,22,42
14/01/2019,23,20
14/01/2020,0,12
14/01/2020,1,8
14/01/2020,2,6
14/01/2020,3,4
14/01/2020,4,18
14/01/2020,5,107
14/01/2020,6,329
14/01/2020,7,698
14/01/2020,8,972
14/01/2020,9,319
14/01/2020,10,165
14/01/2020,11,171
14/01/2020,12,236
14/01/2020,13,247
14/01/2020,14,217
14/01/2020,15,346
14/01/2020,16,783
14/01/2020,17,1063
14/01/2020,18,561
14/01/2020,19,354
14/01/2020,20,208
14/01/2020,21,136
14/01/2020,22,77
14/01/2020,23,30
14/01/2021,0,19
14/01/2021,1,9
14/01/2021,2,7
14/01/2021,3,5
14/01/2021,4,14
14/01/2021,5,53
14/01/2021,6,148
14/01/2021,7,273
14/01/2021,8,293
14/01/2021,9,222
14/01/2021,10,179
14/01/2021,11,244
14/01/2021,12,278
14/01/2021,13,274
14/01/2021,14,245
14/01/2021,15,282
14/01/2021,16,305
14/01/2021,17,260
14/01/2021,18,162
14/01/2021,19,150
14/01/2021,20,72
14/01/2021,21,51
14/01/2021,22,47
14/01/2021,23,26
14/01/2022,0,47
14/01/2022,1,32
14/01/2022,2,16
14/01/2022,3,14
14/01/2022,4,13
14/01/2022,5,103
14/01/2022,6,188
14/01/2022,7,315
14/01/2022,8,356
14/01/2022,9,220
14/01/2022,10,204
14/01/2022,11,247
14/01/2022,12,286
14/01/2022,13,273
14/01/2022,14,333
14/01/2022,15,433
14/01/2022,16,497
14/01/2022,17,453
14/01/2022,18,323
14/01/2022,19,225
14/01/2022,20,156
14/01/2022,21,80
14/01/2022,22,54
14/01/2022,23,54
14/02/2019,0,16
14/02/2019,1,4
14/02/2019,2,3
14/02/2019,3,7
14/02/2019,4,10
14/02/2019,5,68
14/02/2019,6,235
14/02/2019,7,489
14/02/2019,8,692
14/02/2019,9,288
14/02/2019,10,137
14/02/2019,11,156
14/02/2019,12,219
14/02/2019,13,225
14/02/2019,14,210
14/02/2019,15,325
14/02/2019,16,697
14/02/2019,17,965
14/02/2019,18,408
14/02/2019,19,232
14/02/2019,20,142
14/02/2019,21,103
14/02/2019,22,42
14/02/2019,23,37
14/02/2020,0,11
14/02/2020,1,5
14/02/2020,2,7
14/02/2020,3,2
14/02/2020,4,6
14/02/2020,5,43
14/02/2020,6,106
14/02/2020,7,257
14/02/2020,8,346
14/02/2020,9,142
14/02/2020,10,81
14/02/2020,11,119
14/02/2020,12,134
14/02/2020,13,138
14/02/2020,14,160
14/02/2020,15,220
14/02/2020,16,394
14/02/2020,17,419
14/02/2020,18,209
14/02/2020,19,96
14/02/2020,20,40
14/02/2020,21,27
14/02/2020,22,20
14/02/2020,23,11
14/02/2021,0,8
14/02/2021,1,4
14/02/2021,2,1
14/02/2021,3,2
14/02/2021,5,4
14/02/2021,6,7
14/02/2021,7,10
14/02/2021,8,11
14/02/2021,9,23
14/02/2021,10,37
14/02/2021,11,42
14/02/2021,12,56
14/02/2021,13,42
14/02/2021,14,55
14/02/2021,15,36
14/02/2021,16,43
14/02/2021,17,39
14/02/2021,18,20
14/02/2021,19,22
14/02/2021,20,9
14/02/2021,21,7
14/02/2021,22,10
14/02/2021,23,10
14/02/2022,0,23
14/02/2022,1,10
14/02/2022,2,13
14/02/2022,3,9
14/02/2022,4,15
14/02/2022,5,63
14/02/2022,6,140
14/02/2022,7,291
14/02/2022,8,364
14/02/2022,9,177
14/02/2022,10,148
14/02/2022,11,192
14/02/2022,12,237
14/02/2022,13,213
14/02/2022,14,261
14/02/2022,15,309
14/02/2022,16,439
14/02/2022,17,520
14/02/2022,18,402
14/02/2022,19,239
14/02/2022,20,151
14/02/2022,21,121
14/02/2022,22,79
14/02/2022,23,45
14/03/2019,0,10
14/03/2019,1,14
14/03/2019,2,5
14/03/2019,3,8
14/03/2019,4,16
14/03/2019,5,87
14/03/2019,6,281
14/03/2019,7,658
14/03/2019,8,979
14/03/2019,9,371
14/03/2019,10,133
14/03/2019,11,46
14/03/2019,12,156
14/03/2019,13,188
14/03/2019,14,191
14/03/2019,15,439
14/03/2019,16,916
14/03/2019,17,1166
14/03/2019,18,544
14/03/2019,19,286
14/03/2019,20,170
14/03/2019,21,88
14/03/2019,22,80
14/03/2019,23,55
14/03/2020,0,63
14/03/2020,1,29
14/03/2020,2,15
14/03/2020,3,10
14/03/2020,4,3
14/03/2020,5,11
14/03/2020,6,35
14/03/2020,7,69
14/03/2020,8,143
14/03/2020,9,177
14/03/2020,10,277
14/03/2020,11,299
14/03/2020,12,291
14/03/2020,13,296
14/03/2020,14,282
14/03/2020,15,222
14/03/2020,16,179
14/03/2020,17,134
14/03/2020,18,120
14/03/2020,19,85
14/03/2020,20,65
14/03/2020,21,75
14/03/2020,22,56
14/03/2020,23,43
14/03/2021,0,223
14/03/2021,1,144
14/03/2021,3,54
14/03/2021,4,24
14/03/2021,5,16
14/03/2021,6,48
14/03/2021,7,76
14/03/2021,8,137
14/03/2021,9,222
14/03/2021,10,341
14/03/2021,11,433
14/03/2021,12,561
14/03/2021,13,540
14/03/2021,14,554
14/03/2021,15,453
14/03/2021,16,404
14/03/2021,17,357
14/03/2021,18,264
14/03/2021,19,188
14/03/2021,20,111
14/03/2021,21,83
14/03/2021,22,61
14/03/2021,23,56
14/03/2022,0,58
14/03/2022,1,35
14/03/2022,2,22
14/03/2022,3,25
14/03/2022,4,23
14/03/2022,5,122
14/03/2022,6,244
14/03/2022,7,590
14/03/2022,8,670
14/03/2022,9,400
14/03/2022,10,326
14/03/2022,11,515
14/03/2022,12,670
14/03/2022,13,633
14/03/2022,14,753
14/03/2022,15,973
14/03/2022,16,1392
14/03/2022,17,1741
14/03/2022,18,1406
14/03/2022,19,725
14/03/2022,20,397
14/03/2022,21,325
14/03/2022,22,176
14/03/2022,23,124
14/04/2020,0,13
14/04/2020,1,4
14/04/2020,2,2
14/04/2020,3,4
14/04/2020,4,9
14/04/2020,5,12
14/04/2020,6,62
14/04/2020,7,98
14/04/2020,8,86
14/04/2020,9,68
14/04/2020,10,65
14/04/2020,11,88
14/04/2020,12,84
14/04/2020,13,78
14/04/2020,14,112
14/04/2020,15,102
14/04/2020,16,159
14/04/2020,17,171
14/04/2020,18,154
14/04/2020,19,113
14/04/2020,20,59
14/04/2020,21,34
14/04/2020,22,17
14/04/2020,23,15
14/04/2021,0,46
14/04/2021,1,24
14/04/2021,2,16
14/04/2021,3,17
14/04/2021,4,20
14/04/2021,5,91
14/04/2021,6,260
14/04/2021,7,457
14/04/2021,8,528
14/04/2021,9,371
14/04/2021,10,298
14/04/2021,11,380
14/04/2021,12,449
14/04/2021,13,446
14/04/2021,14,463
14/04/2021,15,597
14/04/2021,16,753
14/04/2021,17,1011
14/04/2021,18,774
14/04/2021,19,497
14/04/2021,20,307
14/04/2021,21,250
14/04/2021,22,174
14/04/2021,23,108
14/04/2022,0,46
14/04/2022,1,39
14/04/2022,2,15
14/04/2022,3,19
14/04/2022,4,30
14/04/2022,5,132
14/04/2022,6,313
14/04/2022,7,706
14/04/2022,8,862
14/04/2022,9,523
14/04/2022,10,439
14/04/2022,11,493
14/04/2022,12,610
14/04/2022,13,633
14/04/2022,14,602
14/04/2022,15,723
14/04/2022,16,985
14/04/2022,17,1268
14/04/2022,18,1095
14/04/2022,19,777
14/04/2022,20,503
14/04/2022,21,407
14/04/2022,22,367
14/04/2022,23,218
14/05/2020,0,29
14/05/2020,1,8
14/05/2020,2,10
14/05/2020,3,4
14/05/2020,4,7
14/05/2020,5,30
14/05/2020,6,65
14/05/2020,7,28
14/05/2020,8,9
14/05/2020,9,17
14/05/2020,10,50
14/05/2020,11,71
14/05/2020,12,75
14/05/2020,13,80
14/05/2020,14,109
14/05/2020,15,202
14/05/2020,16,329
14/05/2020,17,463
14/05/2020,18,600
14/05/2020,19,434
14/05/2020,20,200
14/05/2020,21,133
14/05/2020,22,66
14/05/2020,23,17
14/05/2021,0,216
14/05/2021,1,106
14/05/2021,2,36
14/05/2021,3,14
14/05/2021,4,37
14/05/2021,5,140
14/05/2021,6,372
14/05/2021,7,636
14/05/2021,8,712
14/05/2021,9,635
14/05/2021,10,677
14/05/2021,11,890
14/05/2021,12,1187
14/05/2021,13,1143
14/05/2021,14,1268
14/05/2021,15,1504
14/05/2021,16,1768
14/05/2021,17,2407
14/05/2021,18,2148
14/05/2021,19,1436
14/05/2021,20,1083
14/05/2021,21,745
14/05/2021,22,672
14/05/2021,23,648
14/05/2022,0,834
14/05/2022,1,532
14/05/2022,2,331
14/05/2022,3,169
14/05/2022,4,90
14/05/2022,5,112
14/05/2022,6,234
14/05/2022,7,419
14/05/2022,8,778
14/05/2022,9,1123
14/05/2022,10,1406
14/05/2022,11,1839
14/05/2022,12,2089
14/05/2022,13,2405
14/05/2022,14,2409
14/05/2022,15,2437
14/05/2022,16,2311
14/05/2022,17,2285
14/05/2022,18,2308
14/05/2022,19,1846
14/05/2022,20,1380
14/05/2022,21,1260
14/05/2022,22,1127
14/05/2022,23,1065
14/06/2020,0,157
14/06/2020,1,96
14/06/2020,2,68
14/06/2020,3,36
14/06/2020,4,35
14/06/2020,5,45
14/06/2020,6,93
14/06/2020,7,173
14/06/2020,8,251
14/06/2020,9,435
14/06/2020,10,700
14/06/2020,11,940
14/06/2020,12,1184
14/06/2020,13,1355
14/06/2020,14,1573
14/06/2020,15,1569
14/06/2020,16,1610
14/06/2020,17,1282
14/06/2020,18,1060
14/06/2020,19,893
14/06/2020,20,532
14/06/2020,21,259
14/06/2020,22,164
14/06/2020,23,92
14/06/2021,0,329
14/06/2021,1,186
14/06/2021,2,96
14/06/2021,3,55
14/06/2021,4,70
14/06/2021,5,198
14/06/2021,6,564
14/06/2021,7,1019
14/06/2021,8,1010
14/06/2021,9,728
14/06/2021,10,767
14/06/2021,11,981
14/06/2021,12,1136
14/06/2021,13,1175
14/06/2021,14,1170
14/06/2021,15,1434
14/06/2021,16,1841
14/06/2021,17,2688
14/06/2021,18,2584
14/06/2021,19,1936
14/06/2021,20,1391
14/06/2021,21,981
14/06/2021,22,676
14/06/2021,23,367
14/06/2022,0,186
14/06/2022,1,89
14/06/2022,2,46
14/06/2022,3,27
14/06/2022,4,68
14/06/2022,5,244
14/06/2022,6,695
14/06/2022,7,1272
14/06/2022,8,1426
14/06/2022,9,838
14/06/2022,10,706
14/06/2022,11,919
14/06/2022,12,1091
14/06/2022,13,1013
14/06/2022,14,1034
14/06/2022,15,1330
14/06/2022,16,2055
14/06/2022,17,2699
14/06/2022,18,2413
14/06/2022,19,1903
14/06/2022,20,1528
14/06/2022,21,1171
14/06/2022,22,885
14/06/2022,23,478
14/07/2019,0,287
14/07/2019,1,227
14/07/2019,2,125
14/07/2019,3,66
14/07/2019,4,47
14/07/2019,5,64
14/07/2019,6,106
14/07/2019,7,234
14/07/2019,8,422
14/07/2019,9,768
14/07/2019,10,1021
14/07/2019,11,1336
14/07/2019,12,1584
14/07/2019,13,1751
14/07/2019,14,1848
14/07/2019,15,1752
14/07/2019,16,1765
14/07/2019,17,1615
14/07/2019,18,1537
14/07/2019,19,1159
14/07/2019,20,856
14/07/2019,21,574
14/07/2019,22,307
14/07/2019,23,174
14/07/2020,0,171
14/07/2020,1,73
14/07/2020,2,52
14/07/2020,3,9
14/07/2020,4,37
14/07/2020,5,184
14/07/2020,6,473
14/07/2020,7,717
14/07/2020,8,777
14/07/2020,9,567
14/07/2020,10,505
14/07/2020,11,683
14/07/2020,12,769
14/07/2020,13,791
14/07/2020,14,839
14/07/2020,15,982
14/07/2020,16,1282
14/07/2020,17,1960
14/07/2020,18,2025
14/07/2020,19,1594
14/07/2020,20,1259
14/07/2020,21,778
14/07/2020,22,466
14/07/2020,23,318
14/07/2021,0,228
14/07/2021,1,104
14/07/2021,2,86
14/07/2021,3,71
14/07/2021,4,72
14/07/2021,5,235
14/07/2021,6,677
14/07/2021,7,1246
14/07/2021,8,1250
14/07/2021,9,877
14/07/2021,10,791
14/07/2021,11,948
14/07/2021,12,1242
14/07/2021,13,1237
14/07/2021,14,1156
14/07/2021,15,1447
14/07/2021,16,2031
14/07/2021,17,2572
14/07/2021,18,2618
14/07/2021,19,2214
14/07/2021,20,1505
14/07/2021,21,1273
14/07/2021,22,1058
14/07/2021,23,567
14/07/2022,0,256
14/07/2022,1,155
14/07/2022,2,71
14/07/2022,3,43
14/07/2022,4,81
14/07/2022,5,223
14/07/2022,6,711
14/07/2022,7,1324
14/07/2022,8,1506
14/07/2022,9,930
14/07/2022,10,823
14/07/2022,11,1031
14/07/2022,12,1297
14/07/2022,13,1286
14/07/2022,14,1429
14/07/2022,15,1648
14/07/2022,16,2452
14/07/2022,17,3414
14/07/2022,18,2954
14/07/2022,19,2114
14/07/2022,20,1577
14/07/2022,21,1511
14/07/2022,22,1209
14/07/2022,23,731
14/08/2019,0,82
14/08/2019,1,46
14/08/2019,2,29
14/08/2019,3,14
14/08/2019,4,31
14/08/2019,5,245
14/08/2019,6,722
14/08/2019,7,1556
14/08/2019,8,1769
14/08/2019,9,736
14/08/2019,10,619
14/08/2019,11,677
14/08/2019,12,792
14/08/2019,13,795
14/08/2019,14,719
14/08/2019,15,658
14/08/2019,16,1471
14/08/2019,17,2339
14/08/2019,18,1734
14/08/2019,19,1202
14/08/2019,20,828
14/08/2019,21,581
14/08/2019,22,390
14/08/2019,23,260
14/08/2020,0,92
14/08/2020,1,56
14/08/2020,2,16
14/08/2020,3,14
14/08/2020,4,18
14/08/2020,5,84
14/08/2020,6,463
14/08/2020,7,707
14/08/2020,8,754
14/08/2020,9,696
14/08/2020,10,776
14/08/2020,11,937
14/08/2020,12,1156
14/08/2020,13,1314
14/08/2020,14,1277
14/08/2020,15,1535
14/08/2020,16,1866
14/08/2020,17,2217
14/08/2020,18,2169
14/08/2020,19,1807
14/08/2020,20,1254
14/08/2020,21,454
14/08/2020,22,376
14/08/2020,23,358
14/08/2021,0,873
14/08/2021,1,794
14/08/2021,2,558
14/08/2021,3,261
14/08/2021,4,110
14/08/2021,5,173
14/08/2021,6,292
14/08/2021,7,514
14/08/2021,8,934
14/08/2021,9,1376
14/08/2021,10,2030
14/08/2021,11,2334
14/08/2021,12,2639
14/08/2021,13,2814
14/08/2021,14,2762
14/08/2021,15,2900
14/08/2021,16,2919
14/08/2021,17,2751
14/08/2021,18,2705
14/08/2021,19,2153
14/08/2021,20,1693
14/08/2021,21,1393
14/08/2021,22,1211
14/08/2021,23,1139
14/08/2022,0,952
14/08/2022,1,614
14/08/2022,2,465
14/08/2022,3,235
14/08/2022,4,140
14/08/2022,5,108
14/08/2022,6,184
14/08/2022,7,308
14/08/2022,8,566
14/08/2022,9,929
14/08/2022,10,1305
14/08/2022,11,1710
14/08/2022,12,1932
14/08/2022,13,2070
14/08/2022,14,1910
14/08/2022,15,1838
14/08/2022,16,1845
14/08/2022,17,1601
14/08/2022,18,1447
14/08/2022,19,1102
14/08/2022,20,856
14/08/2022,21,661
14/08/2022,22,498
14/08/2022,23,278
14/09/2019,0,207
14/09/2019,1,148
14/09/2019,2,83
14/09/2019,3,60
14/09/2019,4,38
14/09/2019,5,62
14/09/2019,6,153
14/09/2019,7,265
14/09/2019,8,608
14/09/2019,9,929
14/09/2019,10,1379
14/09/2019,11,1723
14/09/2019,12,1832
14/09/2019,13,1841
14/09/2019,14,1809
14/09/2019,15,1652
14/09/2019,16,1737
14/09/2019,17,1621
14/09/2019,18,1373
14/09/2019,19,1023
14/09/2019,20,668
14/09/2019,21,561
14/09/2019,22,546
14/09/2019,23,378
14/09/2020,0,108
14/09/2020,1,59
14/09/2020,2,27
14/09/2020,3,22
14/09/2020,4,24
14/09/2020,5,118
14/09/2020,6,416
14/09/2020,7,778
14/09/2020,8,764
14/09/2020,9,529
14/09/2020,10,528
14/09/2020,11,659
14/09/2020,12,874
14/09/2020,13,829
14/09/2020,14,770
14/09/2020,15,963
14/09/2020,16,1371
14/09/2020,17,1985
14/09/2020,18,1784
14/09/2020,19,1120
14/09/2020,20,556
14/09/2020,21,416
14/09/2020,22,308
14/09/2020,23,162
14/09/2021,0,132
14/09/2021,1,85
14/09/2021,2,56
14/09/2021,3,41
14/09/2021,4,64
14/09/2021,5,226
14/09/2021,6,655
14/09/2021,7,1292
14/09/2021,8,1473
14/09/2021,9,946
14/09/2021,10,725
14/09/2021,11,926
14/09/2021,12,1126
14/09/2021,13,1075
14/09/2021,14,1045
14/09/2021,15,1347
14/09/2021,16,1902
14/09/2021,17,2826
14/09/2021,18,2612
14/09/2021,19,1762
14/09/2021,20,1109
14/09/2021,21,908
14/09/2021,22,662
14/09/2021,23,362
14/09/2022,0,148
14/09/2022,1,102
14/09/2022,2,63
14/09/2022,3,34
14/09/2022,4,59
14/09/2022,5,208
14/09/2022,6,686
14/09/2022,7,1284
14/09/2022,8,1612
14/09/2022,9,1022
14/09/2022,10,832
14/09/2022,11,970
14/09/2022,12,1139
14/09/2022,13,1198
14/09/2022,14,1179
14/09/2022,15,1591
14/09/2022,16,2296
14/09/2022,17,2986
14/09/2022,18,2471
14/09/2022,19,1725
14/09/2022,20,1135
14/09/2022,21,962
14/09/2022,22,646
14/09/2022,23,457
14/10/2019,0,31
14/10/2019,1,20
14/10/2019,2,13
14/10/2019,3,13
14/10/2019,4,21
14/10/2019,5,139
14/10/2019,6,412
14/10/2019,7,969
14/10/2019,8,1227
14/10/2019,9,567
14/10/2019,10,482
14/10/2019,11,618
14/10/2019,12,792
14/10/2019,13,727
14/10/2019,14,710
14/10/2019,15,822
14/10/2019,16,1518
14/10/2019,17,2043
14/10/2019,18,1147
14/10/2019,19,622
14/10/2019,20,338
14/10/2019,21,277
14/10/2019,22,194
14/10/2019,23,83
14/10/2020,0,85
14/10/2020,1,31
14/10/2020,2,19
14/10/2020,3,10
14/10/2020,4,24
14/10/2020,5,113
14/10/2020,6,395
14/10/2020,7,758
14/10/2020,8,801
14/10/2020,9,508
14/10/2020,10,486
14/10/2020,11,626
14/10/2020,12,750
14/10/2020,13,796
14/10/2020,14,856
14/10/2020,15,939
14/10/2020,16,1426
14/10/2020,17,2091
14/10/2020,18,1837
14/10/2020,19,1010
14/10/2020,20,680
14/10/2020,21,505
14/10/2020,22,374
14/10/2020,23,238
14/10/2021,0,188
14/10/2021,1,98
14/10/2021,2,51
14/10/2021,3,46
14/10/2021,4,44
14/10/2021,5,155
14/10/2021,6,351
14/10/2021,7,819
14/10/2021,8,1288
14/10/2021,9,930
14/10/2021,10,798
14/10/2021,11,832
14/10/2021,12,1054
14/10/2021,13,944
14/10/2021,14,1066
14/10/2021,15,1489
14/10/2021,16,2016
14/10/2021,17,2780
14/10/2021,18,2459
14/10/2021,19,1645
14/10/2021,20,1068
14/10/2021,21,918
14/10/2021,22,825
14/10/2021,23,492
14/10/2022,0,208
14/10/2022,1,108
14/10/2022,2,52
14/10/2022,3,53
14/10/2022,4,42
14/10/2022,5,138
14/10/2022,6,382
14/10/2022,7,704
14/10/2022,8,849
14/10/2022,9,689
14/10/2022,10,681
14/10/2022,11,882
14/10/2022,12,1150
14/10/2022,13,1152
14/10/2022,14,1236
14/10/2022,15,1444
14/10/2022,16,1801
14/10/2022,17,1864
14/10/2022,18,1294
14/10/2022,19,731
14/10/2022,20,269
14/10/2022,21,313
14/10/2022,22,373
14/10/2022,23,341
14/11/2019,0,8
14/11/2019,1,6
14/11/2019,2,2
14/11/2019,3,1
14/11/2019,4,12
14/11/2019,5,91
14/11/2019,6,255
14/11/2019,7,514
14/11/2019,8,669
14/11/2019,9,290
14/11/2019,10,165
14/11/2019,11,181
14/11/2019,12,207
14/11/2019,13,169
14/11/2019,14,172
14/11/2019,15,297
14/11/2019,16,612
14/11/2019,17,763
14/11/2019,18,457
14/11/2019,19,250
14/11/2019,20,167
14/11/2019,21,114
14/11/2019,22,93
14/11/2019,23,44
14/11/2020,0,96
14/11/2020,1,63
14/11/2020,2,35
14/11/2020,3,29
14/11/2020,4,23
14/11/2020,5,37
14/11/2020,6,101
14/11/2020,7,163
14/11/2020,8,284
14/11/2020,9,436
14/11/2020,10,605
14/11/2020,11,687
14/11/2020,12,797
14/11/2020,13,746
14/11/2020,14,732
14/11/2020,15,567
14/11/2020,16,576
14/11/2020,17,436
14/11/2020,18,293
14/11/2020,19,90
14/11/2020,20,90
14/11/2020,21,95
14/11/2020,22,91
14/11/2020,23,72
14/11/2021,0,283
14/11/2021,1,187
14/11/2021,2,111
14/11/2021,3,74
14/11/2021,4,53
14/11/2021,5,43
14/11/2021,6,78
14/11/2021,7,124
14/11/2021,8,177
14/11/2021,9,367
14/11/2021,10,484
14/11/2021,11,608
14/11/2021,12,548
14/11/2021,13,515
14/11/2021,14,602
14/11/2021,15,558
14/11/2021,16,571
14/11/2021,17,489
14/11/2021,18,422
14/11/2021,19,329
14/11/2021,20,297
14/11/2021,21,209
14/11/2021,22,164
14/11/2021,23,107
14/11/2022,0,58
14/11/2022,1,27
14/11/2022,2,27
14/11/2022,3,21
14/11/2022,4,36
14/11/2022,5,92
14/11/2022,6,349
14/11/2022,7,655
14/11/2022,8,764
14/11/2022,9,403
14/11/2022,10,369
14/11/2022,11,442
14/11/2022,12,504
14/11/2022,13,513
14/11/2022,14,561
14/11/2022,15,716
14/11/2022,16,988
14/11/2022,17,1119
14/11/2022,18,763
14/11/2022,19,541
14/11/2022,20,374
14/11/2022,21,266
14/11/2022,22,204
14/11/2022,23,120
14/12/2019,0,53
14/12/2019,1,44
14/12/2019,2,30
14/12/2019,3,15
14/12/2019,4,20
14/12/2019,5,12
14/12/2019,6,45
14/12/2019,7,99
14/12/2019,8,169
14/12/2019,9,244
14/12/2019,10,289
14/12/2019,11,337
14/12/2019,12,329
14/12/2019,13,312
14/12/2019,14,265
14/12/2019,15,256
14/12/2019,16,223
14/12/2019,17,207
14/12/2019,18,155
14/12/2019,19,141
14/12/2019,20,81
14/12/2019,21,57
14/12/2019,22,68
14/12/2019,23,60
14/12/2020,0,20
14/12/2020,1,3
14/12/2020,2,11
14/12/2020,3,7
14/12/2020,4,10
14/12/2020,5,42
14/12/2020,6,159
14/12/2020,7,282
14/12/2020,8,267
14/12/2020,9,207
14/12/2020,10,191
14/12/2020,11,261
14/12/2020,12,261
14/12/2020,13,321
14/12/2020,14,320
14/12/2020,15,361
14/12/2020,16,418
14/12/2020,17,447
14/12/2020,18,324
14/12/2020,19,206
14/12/2020,20,147
14/12/2020,21,78
14/12/2020,22,39
14/12/2020,23,38
14/12/2021,0,53
14/12/2021,1,40
14/12/2021,2,21
14/12/2021,3,10
14/12/2021,4,34
14/12/2021,5,141
14/12/2021,6,346
14/12/2021,7,727
14/12/2021,8,914
14/12/2021,9,497
14/12/2021,10,397
14/12/2021,11,547
14/12/2021,12,603
14/12/2021,13,616
14/12/2021,14,620
14/12/2021,15,779
14/12/2021,16,1053
14/12/2021,17,1286
14/12/2021,18,1007
14/12/2021,19,629
14/12/2021,20,392
14/12/2021,21,195
14/12/2021,22,210
14/12/2021,23,73
14/12/2022,0,72
14/12/2022,1,18
14/12/2022,2,15
14/12/2022,3,8
14/12/2022,4,9
14/12/2022,5,50
14/12/2022,6,126
14/12/2022,7,370
14/12/2022,8,356
14/12/2022,9,180
14/12/2022,10,139
14/12/2022,11,236
14/12/2022,12,271
14/12/2022,13,248
14/12/2022,14,252
14/12/2022,15,371
14/12/2022,16,490
14/12/2022,17,391
14/12/2022,18,260
14/12/2022,19,206
14/12/2022,20,114
14/12/2022,21,92
14/12/2022,22,46
14/12/2022,23,30
15/01/2019,0,22
15/01/2019,1,4
15/01/2019,2,5
15/01/2019,3,5
15/01/2019,4,20
15/01/2019,5,81
15/01/2019,6,252
15/01/2019,7,541
15/01/2019,8,691
15/01/2019,9,274
15/01/2019,10,111
15/01/2019,11,157
15/01/2019,12,194
15/01/2019,13,184
15/01/2019,14,156
15/01/2019,15,223
15/01/2019,16,553
15/01/2019,17,748
15/01/2019,18,463
15/01/2019,19,246
15/01/2019,20,156
15/01/2019,21,98
15/01/2019,22,34
15/01/2019,23,28
15/01/2020,0,12
15/01/2020,1,3
15/01/2020,2,6
15/01/2020,3,4
15/01/2020,4,22
15/01/2020,5,106
15/01/2020,6,325
15/01/2020,7,681
15/01/2020,8,913
15/01/2020,9,363
15/01/2020,10,184
15/01/2020,11,190
15/01/2020,12,230
15/01/2020,13,234
15/01/2020,14,205
15/01/2020,15,308
15/01/2020,16,724
15/01/2020,17,1026
15/01/2020,18,576
15/01/2020,19,332
15/01/2020,20,237
15/01/2020,21,142
15/01/2020,22,71
15/01/2020,23,39
15/01/2021,0,18
15/01/2021,1,11
15/01/2021,2,4
15/01/2021,3,5
15/01/2021,4,14
15/01/2021,5,47
15/01/2021,6,143
15/01/2021,7,241
15/01/2021,8,260
15/01/2021,9,133
15/01/2021,10,129
15/01/2021,11,192
15/01/2021,12,219
15/01/2021,13,244
15/01/2021,14,278
15/01/2021,15,329
15/01/2021,16,404
15/01/2021,17,449
15/01/2021,18,350
15/01/2021,19,272
15/01/2021,20,161
15/01/2021,21,86
15/01/2021,22,82
15/01/2021,23,77
15/01/2022,0,42
15/01/2022,1,37
15/01/2022,2,23
15/01/2022,3,19
15/01/2022,4,9
15/01/2022,5,17
15/01/2022,6,35
15/01/2022,7,68
15/01/2022,8,87
15/01/2022,9,147
15/01/2022,10,182
15/01/2022,11,218
15/01/2022,12,253
15/01/2022,13,267
15/01/2022,14,242
15/01/2022,15,259
15/01/2022,16,288
15/01/2022,17,225
15/01/2022,18,190
15/01/2022,19,153
15/01/2022,20,113
15/01/2022,21,95
15/01/2022,22,102
15/01/2022,23,82
15/02/2019,0,19
15/02/2019,1,17
15/02/2019,2,7
15/02/2019,3,3
15/02/2019,4,10
15/02/2019,5,49
15/02/2019,6,173
15/02/2019,7,341
15/02/2019,8,446
15/02/2019,9,157
15/02/2019,10,76
15/02/2019,11,110
15/02/2019,12,152
15/02/2019,13,128
15/02/2019,14,177
15/02/2019,15,267
15/02/2019,16,472
15/02/2019,17,510
15/02/2019,18,287
15/02/2019,19,122
15/02/2019,20,79
15/02/2019,21,64
15/02/2019,22,46
15/02/2019,23,36
15/02/2020,0,10
15/02/2020,1,10
15/02/2020,2,10
15/02/2020,3,5
15/02/2020,4,1
15/02/2020,5,12
15/02/2020,6,18
15/02/2020,7,56
15/02/2020,8,74
15/02/2020,9,109
15/02/2020,10,134
15/02/2020,11,151
15/02/2020,12,133
15/02/2020,13,156
15/02/2020,14,125
15/02/2020,15,163
15/02/2020,16,153
15/02/2020,17,127
15/02/2020,18,110
15/02/2020,19,94
15/02/2020,20,57
15/02/2020,21,51
15/02/2020,22,49
15/02/2020,23,34
15/02/2021,0,4
15/02/2021,1,2
15/02/2021,2,1
15/02/2021,3,1
15/02/2021,4,1
15/02/2021,5,16
15/02/2021,6,15
15/02/2021,7,44
15/02/2021,8,33
15/02/2021,9,9
15/02/2021,10,8
15/02/2021,11,15
15/02/2021,12,34
15/02/2021,13,28
15/02/2021,14,29
15/02/2021,15,26
15/02/2021,16,25
15/02/2021,17,17
15/02/2021,18,15
15/02/2021,19,13
15/02/2021,20,4
15/02/2021,21,4
15/02/2021,22,3
15/02/2021,23,3
15/02/2022,0,33
15/02/2022,1,12
15/02/2022,2,14
15/02/2022,3,6
15/02/2022,4,14
15/02/2022,5,97
15/02/2022,6,187
15/02/2022,7,424
15/02/2022,8,474
15/02/2022,9,254
15/02/2022,10,196
15/02/2022,11,244
15/02/2022,12,290
15/02/2022,13,244
15/02/2022,14,322
15/02/2022,15,384
15/02/2022,16,539
15/02/2022,17,720
15/02/2022,18,471
15/02/2022,19,298
15/02/2022,20,206
15/02/2022,21,190
15/02/2022,22,123
15/02/2022,23,88
15/03/2019,0,24
15/03/2019,1,6
15/03/2019,2,13
15/03/2019,3,9
15/03/2019,4,11
15/03/2019,5,70
15/03/2019,6,212
15/03/2019,7,460
15/03/2019,8,571
15/03/2019,9,220
15/03/2019,10,114
15/03/2019,11,184
15/03/2019,12,181
15/03/2019,13,186
15/03/2019,14,243
15/03/2019,15,343
15/03/2019,16,652
15/03/2019,17,809
15/03/2019,18,500
15/03/2019,19,279
15/03/2019,20,169
15/03/2019,21,108
15/03/2019,22,82
15/03/2019,23,64
15/03/2020,0,27
15/03/2020,1,9
15/03/2020,2,11
15/03/2020,3,7
15/03/2020,4,5
15/03/2020,5,12
15/03/2020,6,16
15/03/2020,7,37
15/03/2020,8,87
15/03/2020,9,121
15/03/2020,10,144
15/03/2020,11,266
15/03/2020,12,329
15/03/2020,13,407
15/03/2020,14,399
15/03/2020,15,336
15/03/2020,16,321
15/03/2020,17,280
15/03/2020,18,209
15/03/2020,19,129
15/03/2020,20,67
15/03/2020,21,54
15/03/2020,22,27
15/03/2020,23,18
15/03/2021,0,31
15/03/2021,1,11
15/03/2021,2,10
15/03/2021,3,3
15/03/2021,4,17
15/03/2021,5,50
15/03/2021,6,125
15/03/2021,7,263
15/03/2021,8,228
15/03/2021,9,150
15/03/2021,10,119
15/03/2021,11,147
15/03/2021,12,158
15/03/2021,13,73
15/03/2021,14,42
15/03/2021,15,69
15/03/2021,16,122
15/03/2021,17,162
15/03/2021,18,155
15/03/2021,19,108
15/03/2021,20,73
15/03/2021,21,45
15/03/2021,22,29
15/03/2021,23,22
15/03/2022,0,46
15/03/2022,1,27
15/03/2022,2,19
15/03/2022,3,14
15/03/2022,4,22
15/03/2022,5,113
15/03/2022,6,272
15/03/2022,7,693
15/03/2022,8,816
15/03/2022,9,433
15/03/2022,10,309
15/03/2022,11,410
15/03/2022,12,558
15/03/2022,13,561
15/03/2022,14,590
15/03/2022,15,683
15/03/2022,16,1077
15/03/2022,17,1450
15/03/2022,18,1029
15/03/2022,19,601
15/03/2022,20,370
15/03/2022,21,291
15/03/2022,22,292
15/03/2022,23,150
15/04/2020,0,4
15/04/2020,1,4
15/04/2020,2,4
15/04/2020,3,3
15/04/2020,4,8
15/04/2020,5,12
15/04/2020,6,47
15/04/2020,7,53
15/04/2020,8,36
15/04/2020,9,40
15/04/2020,10,35
15/04/2020,11,67
15/04/2020,12,78
15/04/2020,13,85
15/04/2020,14,87
15/04/2020,15,140
15/04/2020,16,153
15/04/2020,17,167
15/04/2020,18,168
15/04/2020,19,100
15/04/2020,20,56
15/04/2020,21,37
15/04/2020,22,17
15/04/2020,23,18
15/04/2021,0,49
15/04/2021,1,17
15/04/2021,2,13
15/04/2021,3,7
15/04/2021,4,30
15/04/2021,5,88
15/04/2021,6,253
15/04/2021,7,428
15/04/2021,8,483
15/04/2021,9,291
15/04/2021,10,294
15/04/2021,11,314
15/04/2021,12,415
15/04/2021,13,448
15/04/2021,14,461
15/04/2021,15,569
15/04/2021,16,783
15/04/2021,17,1077
15/04/2021,18,1032
15/04/2021,19,596
15/04/2021,20,410
15/04/2021,21,288
15/04/2021,22,225
15/04/2021,23,137
15/04/2022,0,126
15/04/2022,1,73
15/04/2022,2,45
15/04/2022,3,30
15/04/2022,4,33
15/04/2022,5,112
15/04/2022,6,228
15/04/2022,7,452
15/04/2022,8,504
15/04/2022,9,496
15/04/2022,10,526
15/04/2022,11,705
15/04/2022,12,902
15/04/2022,13,917
15/04/2022,14,948
15/04/2022,15,803
15/04/2022,16,463
15/04/2022,17,720
15/04/2022,18,702
15/04/2022,19,621
15/04/2022,20,401
15/04/2022,21,344
15/04/2022,22,341
15/04/2022,23,233
15/05/2020,0,4
15/05/2020,1,4
15/05/2020,2,8
15/05/2020,3,6
15/05/2020,4,4
15/05/2020,5,11
15/05/2020,6,82
15/05/2020,7,137
15/05/2020,8,136
15/05/2020,9,77
15/05/2020,10,119
15/05/2020,11,207
15/05/2020,12,253
15/05/2020,13,375
15/05/2020,14,503
15/05/2020,15,675
15/05/2020,16,822
15/05/2020,17,1067
15/05/2020,18,1000
15/05/2020,19,716
15/05/2020,20,367
15/05/2020,21,216
15/05/2020,22,131
15/05/2020,23,111
15/05/2021,0,549
15/05/2021,1,535
15/05/2021,2,271
15/05/2021,3,103
15/05/2021,4,53
15/05/2021,5,89
15/05/2021,6,169
15/05/2021,7,314
15/05/2021,8,515
15/05/2021,9,881
15/05/2021,10,1125
15/05/2021,11,510
15/05/2021,12,529
15/05/2021,13,756
15/05/2021,14,864
15/05/2021,15,1111
15/05/2021,16,1283
15/05/2021,17,1154
15/05/2021,18,1167
15/05/2021,19,963
15/05/2021,20,770
15/05/2021,21,659
15/05/2021,22,608
15/05/2021,23,545
15/05/2022,0,842
15/05/2022,1,564
15/05/2022,2,366
15/05/2022,3,178
15/05/2022,4,124
15/05/2022,5,101
15/05/2022,6,171
15/05/2022,7,305
15/05/2022,8,490
15/05/2022,9,864
15/05/2022,10,1325
15/05/2022,11,1803
15/05/2022,12,1967
15/05/2022,13,1662
15/05/2022,14,1389
15/05/2022,15,1290
15/05/2022,16,1410
15/05/2022,17,1404
15/05/2022,18,1113
15/05/2022,19,694
15/05/2022,20,487
15/05/2022,21,419
15/05/2022,22,388
15/05/2022,23,252
15/06/2020,0,56
15/06/2020,1,16
15/06/2020,2,16
15/06/2020,3,17
15/06/2020,4,12
15/06/2020,5,83
15/06/2020,6,246
15/06/2020,7,353
15/06/2020,8,408
15/06/2020,9,330
15/06/2020,10,323
15/06/2020,11,446
15/06/2020,12,570
15/06/2020,13,561
15/06/2020,14,629
15/06/2020,15,690
15/06/2020,16,920
15/06/2020,17,1353
15/06/2020,18,1256
15/06/2020,19,884
15/06/2020,20,539
15/06/2020,21,241
15/06/2020,22,138
15/06/2020,23,77
15/06/2021,0,209
15/06/2021,1,108
15/06/2021,2,62
15/06/2021,3,50
15/06/2021,4,53
15/06/2021,5,245
15/06/2021,6,639
15/06/2021,7,1165
15/06/2021,8,1213
15/06/2021,9,825
15/06/2021,10,717
15/06/2021,11,891
15/06/2021,12,1137
15/06/2021,13,1112
15/06/2021,14,1203
15/06/2021,15,1404
15/06/2021,16,1903
15/06/2021,17,3059
15/06/2021,18,2055
15/06/2021,19,2188
15/06/2021,20,1656
15/06/2021,21,1016
15/06/2021,22,911
15/06/2021,23,383
15/06/2022,0,254
15/06/2022,1,137
15/06/2022,2,67
15/06/2022,3,55
15/06/2022,4,60
15/06/2022,5,248
15/06/2022,6,705
15/06/2022,7,1235
15/06/2022,8,1275
15/06/2022,9,807
15/06/2022,10,717
15/06/2022,11,864
15/06/2022,12,1015
15/06/2022,13,1026
15/06/2022,14,1069
15/06/2022,15,1310
15/06/2022,16,1974
15/06/2022,17,2746
15/06/2022,18,2643
15/06/2022,19,1959
15/06/2022,20,1683
15/06/2022,21,1361
15/06/2022,22,1075
15/06/2022,23,581
15/07/2019,0,84
15/07/2019,1,28
15/07/2019,2,26
15/07/2019,3,20
15/07/2019,4,31
15/07/2019,5,193
15/07/2019,6,621
15/07/2019,7,1344
15/07/2019,8,1465
15/07/2019,9,714
15/07/2019,10,510
15/07/2019,11,674
15/07/2019,12,784
15/07/2019,13,770
15/07/2019,14,679
15/07/2019,15,894
15/07/2019,16,1755
15/07/2019,17,2616
15/07/2019,18,1826
15/07/2019,19,1258
15/07/2019,20,941
15/07/2019,21,564
15/07/2019,22,395
15/07/2019,23,176
15/07/2020,0,169
15/07/2020,1,109
15/07/2020,2,70
15/07/2020,3,19
15/07/2020,4,24
15/07/2020,5,153
15/07/2020,6,447
15/07/2020,7,693
15/07/2020,8,736
15/07/2020,9,564
15/07/2020,10,528
15/07/2020,11,673
15/07/2020,12,774
15/07/2020,13,774
15/07/2020,14,728
15/07/2020,15,900
15/07/2020,16,705
15/07/2020,17,423
15/07/2020,18,409
15/07/2020,19,178
15/07/2020,20,91
15/07/2020,21,69
15/07/2020,22,58
15/07/2020,23,63
15/07/2021,0,262
15/07/2021,1,137
15/07/2021,2,97
15/07/2021,3,78
15/07/2021,4,55
15/07/2021,5,176
15/07/2021,6,363
15/07/2021,7,742
15/07/2021,8,932
15/07/2021,9,585
15/07/2021,10,626
15/07/2021,11,807
15/07/2021,12,909
15/07/2021,13,814
15/07/2021,14,948
15/07/2021,15,1250
15/07/2021,16,1738
15/07/2021,17,2447
15/07/2021,18,2311
15/07/2021,19,1834
15/07/2021,20,1356
15/07/2021,21,1088
15/07/2021,22,913
15/07/2021,23,401
15/07/2022,0,400
15/07/2022,1,228
15/07/2022,2,123
15/07/2022,3,82
15/07/2022,4,78
15/07/2022,5,190
15/07/2022,6,540
15/07/2022,7,566
15/07/2022,8,377
15/07/2022,9,234
15/07/2022,10,228
15/07/2022,11,224
15/07/2022,12,277
15/07/2022,13,531
15/07/2022,14,923
15/07/2022,15,1049
15/07/2022,16,507
15/07/2022,17,864
15/07/2022,18,878
15/07/2022,19,795
15/07/2022,20,709
15/07/2022,21,698
15/07/2022,22,752
15/07/2022,23,730
15/08/2019,0,108
15/08/2019,1,56
15/08/2019,2,19
15/08/2019,3,19
15/08/2019,4,37
15/08/2019,5,221
15/08/2019,6,653
15/08/2019,7,1521
15/08/2019,8,1876
15/08/2019,9,785
15/08/2019,10,605
15/08/2019,11,830
15/08/2019,12,906
15/08/2019,13,821
15/08/2019,14,946
15/08/2019,15,1031
15/08/2019,16,1970
15/08/2019,17,2793
15/08/2019,18,2008
15/08/2019,19,1377
15/08/2019,20,827
15/08/2019,21,596
15/08/2019,22,432
15/08/2019,23,286
15/08/2020,0,177
15/08/2020,1,105
15/08/2020,2,47
15/08/2020,3,30
15/08/2020,4,24
15/08/2020,5,42
15/08/2020,6,244
15/08/2020,7,381
15/08/2020,8,749
15/08/2020,9,1113
15/08/2020,10,1531
15/08/2020,11,1998
15/08/2020,12,2251
15/08/2020,13,2287
15/08/2020,14,2166
15/08/2020,15,1977
15/08/2020,16,2110
15/08/2020,17,1935
15/08/2020,18,1152
15/08/2020,19,1156
15/08/2020,20,979
15/08/2020,21,317
15/08/2020,22,379
15/08/2020,23,319
15/08/2021,0,1021
15/08/2021,1,810
15/08/2021,2,589
15/08/2021,3,341
15/08/2021,4,178
15/08/2021,5,133
15/08/2021,6,228
15/08/2021,7,367
15/08/2021,8,645
15/08/2021,9,989
15/08/2021,10,1658
15/08/2021,11,2058
15/08/2021,12,2240
15/08/2021,13,2406
15/08/2021,14,2464
15/08/2021,15,2533
15/08/2021,16,2768
15/08/2021,17,2515
15/08/2021,18,2118
15/08/2021,19,1800
15/08/2021,20,1212
15/08/2021,21,930
15/08/2021,22,731
15/08/2021,23,645
15/08/2022,0,228
15/08/2022,1,103
15/08/2022,2,69
15/08/2022,3,64
15/08/2022,4,63
15/08/2022,5,186
15/08/2022,6,624
15/08/2022,7,1073
15/08/2022,8,1177
15/08/2022,9,820
15/08/2022,10,775
15/08/2022,11,982
15/08/2022,12,1251
15/08/2022,13,1166
15/08/2022,14,1331
15/08/2022,15,1535
15/08/2022,16,2003
15/08/2022,17,2829
15/08/2022,18,2464
15/08/2022,19,1829
15/08/2022,20,1197
15/08/2022,21,814
15/08/2022,22,758
15/08/2022,23,681
15/09/2019,0,258
15/09/2019,1,119
15/09/2019,2,104
15/09/2019,3,55
15/09/2019,4,19
15/09/2019,5,9
15/09/2019,6,20
15/09/2019,7,77
15/09/2019,8,255
15/09/2019,9,530
15/09/2019,10,818
15/09/2019,11,1067
15/09/2019,12,1093
15/09/2019,13,1208
15/09/2019,14,1305
15/09/2019,15,1370
15/09/2019,16,1305
15/09/2019,17,1094
15/09/2019,18,813
15/09/2019,19,599
15/09/2019,20,448
15/09/2019,21,406
15/09/2019,22,281
15/09/2019,23,118
15/09/2020,0,87
15/09/2020,1,59
15/09/2020,2,18
15/09/2020,3,17
15/09/2020,4,29
15/09/2020,5,156
15/09/2020,6,499
15/09/2020,7,808
15/09/2020,8,811
15/09/2020,9,607
15/09/2020,10,577
15/09/2020,11,789
15/09/2020,12,891
15/09/2020,13,912
15/09/2020,14,899
15/09/2020,15,1123
15/09/2020,16,1622
15/09/2020,17,2449
15/09/2020,18,2272
15/09/2020,19,1454
15/09/2020,20,850
15/09/2020,21,598
15/09/2020,22,392
15/09/2020,23,309
15/09/2021,0,194
15/09/2021,1,82
15/09/2021,2,59
15/09/2021,3,35
15/09/2021,4,55
15/09/2021,5,242
15/09/2021,6,676
15/09/2021,7,1283
15/09/2021,8,1445
15/09/2021,9,973
15/09/2021,10,781
15/09/2021,11,968
15/09/2021,12,1205
15/09/2021,13,1183
15/09/2021,14,1206
15/09/2021,15,1467
15/09/2021,16,2133
15/09/2021,17,2943
15/09/2021,18,2569
15/09/2021,19,1895
15/09/2021,20,1220
15/09/2021,21,902
15/09/2021,22,843
15/09/2021,23,494
15/09/2022,0,215
15/09/2022,1,127
15/09/2022,2,83
15/09/2022,3,61
15/09/2022,4,51
15/09/2022,5,218
15/09/2022,6,667
15/09/2022,7,1322
15/09/2022,8,1607
15/09/2022,9,998
15/09/2022,10,811
15/09/2022,11,990
15/09/2022,12,1289
15/09/2022,13,1231
15/09/2022,14,1351
15/09/2022,15,1691
15/09/2022,16,2209
15/09/2022,17,3032
15/09/2022,18,2719
15/09/2022,19,1824
15/09/2022,20,1179
15/09/2022,21,1096
15/09/2022,22,1042
15/09/2022,23,606
15/10/2019,0,31
15/10/2019,1,21
15/10/2019,2,15
15/10/2019,3,11
15/10/2019,4,34
15/10/2019,5,189
15/10/2019,6,523
15/10/2019,7,1296
15/10/2019,8,1697
15/10/2019,9,662
15/10/2019,10,447
15/10/2019,11,455
15/10/2019,12,616
15/10/2019,13,552
15/10/2019,14,530
15/10/2019,15,741
15/10/2019,16,1037
15/10/2019,17,1681
15/10/2019,18,1116
15/10/2019,19,637
15/10/2019,20,405
15/10/2019,21,331
15/10/2019,22,178
15/10/2019,23,92
15/10/2020,0,105
15/10/2020,1,59
15/10/2020,2,26
15/10/2020,3,19
15/10/2020,4,19
15/10/2020,5,102
15/10/2020,6,349
15/10/2020,7,673
15/10/2020,8,681
15/10/2020,9,458
15/10/2020,10,408
15/10/2020,11,554
15/10/2020,12,680
15/10/2020,13,640
15/10/2020,14,770
15/10/2020,15,823
15/10/2020,16,1185
15/10/2020,17,1630
15/10/2020,18,1370
15/10/2020,19,723
15/10/2020,20,457
15/10/2020,21,370
15/10/2020,22,297
15/10/2020,23,167
15/10/2021,0,342
15/10/2021,1,179
15/10/2021,2,78
15/10/2021,3,63
15/10/2021,4,51
15/10/2021,5,194
15/10/2021,6,514
15/10/2021,7,1037
15/10/2021,8,1204
15/10/2021,9,996
15/10/2021,10,969
15/10/2021,11,1134
15/10/2021,12,929
15/10/2021,13,828
15/10/2021,14,1125
15/10/2021,15,1489
15/10/2021,16,1949
15/10/2021,17,2237
15/10/2021,18,2069
15/10/2021,19,1303
15/10/2021,20,903
15/10/2021,21,799
15/10/2021,22,749
15/10/2021,23,673
15/10/2022,0,324
15/10/2022,1,235
15/10/2022,2,155
15/10/2022,3,119
15/10/2022,4,42
15/10/2022,5,45
15/10/2022,6,140
15/10/2022,7,254
15/10/2022,8,551
15/10/2022,9,725
15/10/2022,10,1094
15/10/2022,11,1246
15/10/2022,12,1272
15/10/2022,13,1427
15/10/2022,14,1536
15/10/2022,15,1492
15/10/2022,16,1384
15/10/2022,17,1333
15/10/2022,18,1116
15/10/2022,19,846
15/10/2022,20,567
15/10/2022,21,482
15/10/2022,22,487
15/10/2022,23,519
15/11/2019,0,37
15/11/2019,1,14
15/11/2019,2,5
15/11/2019,3,2
15/11/2019,4,11
15/11/2019,5,85
15/11/2019,6,239
15/11/2019,7,538
15/11/2019,8,781
15/11/2019,9,266
15/11/2019,10,188
15/11/2019,11,217
15/11/2019,12,251
15/11/2019,13,243
15/11/2019,14,261
15/11/2019,15,409
15/11/2019,16,679
15/11/2019,17,843
15/11/2019,18,440
15/11/2019,19,233
15/11/2019,20,133
15/11/2019,21,103
15/11/2019,22,93
15/11/2019,23,66
15/11/2020,0,45
15/11/2020,1,30
15/11/2020,2,31
15/11/2020,3,22
15/11/2020,4,23
15/11/2020,5,25
15/11/2020,6,68
15/11/2020,7,88
15/11/2020,8,98
15/11/2020,9,89
15/11/2020,10,202
15/11/2020,11,336
15/11/2020,12,338
15/11/2020,13,317
15/11/2020,14,330
15/11/2020,15,307
15/11/2020,16,246
15/11/2020,17,224
15/11/2020,18,179
15/11/2020,19,162
15/11/2020,20,112
15/11/2020,21,70
15/11/2020,22,57
15/11/2020,23,48
15/11/2021,0,60
15/11/2021,1,25
15/11/2021,2,25
15/11/2021,3,13
15/11/2021,4,25
15/11/2021,5,137
15/11/2021,6,363
15/11/2021,7,715
15/11/2021,8,816
15/11/2021,9,518
15/11/2021,10,379
15/11/2021,11,462
15/11/2021,12,484
15/11/2021,13,429
15/11/2021,14,419
15/11/2021,15,589
15/11/2021,16,833
15/11/2021,17,1090
15/11/2021,18,848
15/11/2021,19,606
15/11/2021,20,488
15/11/2021,21,291
15/11/2021,22,215
15/11/2021,23,159
15/11/2022,0,55
15/11/2022,1,44
15/11/2022,2,15
15/11/2022,3,18
15/11/2022,4,27
15/11/2022,5,87
15/11/2022,6,218
15/11/2022,7,361
15/11/2022,8,499
15/11/2022,9,249
15/11/2022,10,171
15/11/2022,11,206
15/11/2022,12,262
15/11/2022,13,280
15/11/2022,14,307
15/11/2022,15,458
15/11/2022,16,617
15/11/2022,17,723
15/11/2022,18,460
15/11/2022,19,341
15/11/2022,20,208
15/11/2022,21,229
15/11/2022,22,157
15/11/2022,23,129
15/12/2019,0,42
15/12/2019,1,35
15/12/2019,2,19
15/12/2019,3,11
15/12/2019,4,9
15/12/2019,5,12
15/12/2019,6,20
15/12/2019,7,31
15/12/2019,8,86
15/12/2019,9,133
15/12/2019,10,184
15/12/2019,11,259
15/12/2019,12,233
15/12/2019,13,251
15/12/2019,14,197
15/12/2019,15,250
15/12/2019,16,220
15/12/2019,17,148
15/12/2019,18,155
15/12/2019,19,105
15/12/2019,20,78
15/12/2019,21,69
15/12/2019,22,52
15/12/2019,23,46
15/12/2020,0,13
15/12/2020,1,11
15/12/2020,2,7
15/12/2020,3,7
15/12/2020,4,14
15/12/2020,5,49
15/12/2020,6,155
15/12/2020,7,280
15/12/2020,8,303
15/12/2020,9,218
15/12/2020,10,185
15/12/2020,11,458
15/12/2020,12,482
15/12/2020,13,260
15/12/2020,14,257
15/12/2020,15,298
15/12/2020,16,401
15/12/2020,17,461
15/12/2020,18,378
15/12/2020,19,249
15/12/2020,20,119
15/12/2020,21,89
15/12/2020,22,54
15/12/2020,23,36
15/12/2021,0,63
15/12/2021,1,27
15/12/2021,2,26
15/12/2021,3,19
15/12/2021,4,29
15/12/2021,5,153
15/12/2021,6,362
15/12/2021,7,764
15/12/2021,8,865
15/12/2021,9,517
15/12/2021,10,448
15/12/2021,11,511
15/12/2021,12,625
15/12/2021,13,687
15/12/2021,14,637
15/12/2021,15,891
15/12/2021,16,1083
15/12/2021,17,1340
15/12/2021,18,1039
15/12/2021,19,704
15/12/2021,20,487
15/12/2021,21,387
15/12/2021,22,359
15/12/2021,23,178
15/12/2022,0,24
15/12/2022,1,20
15/12/2022,2,19
15/12/2022,3,12
15/12/2022,4,26
15/12/2022,5,83
15/12/2022,6,290
15/12/2022,7,606
15/12/2022,8,823
15/12/2022,9,416
15/12/2022,10,296
15/12/2022,11,353
15/12/2022,12,439
15/12/2022,13,360
15/12/2022,14,434
15/12/2022,15,505
15/12/2022,16,501
15/12/2022,17,542
15/12/2022,18,447
15/12/2022,19,293
15/12/2022,20,197
15/12/2022,21,208
15/12/2022,22,163
15/12/2022,23,101
16/01/2019,0,19
16/01/2019,1,8
16/01/2019,2,5
16/01/2019,3,8
16/01/2019,4,22
16/01/2019,5,80
16/01/2019,6,281
16/01/2019,7,582
16/01/2019,8,767
16/01/2019,9,289
16/01/2019,10,143
16/01/2019,11,186
16/01/2019,12,196
16/01/2019,13,180
16/01/2019,14,190
16/01/2019,15,272
16/01/2019,16,572
16/01/2019,17,837
16/01/2019,18,434
16/01/2019,19,279
16/01/2019,20,164
16/01/2019,21,119
16/01/2019,22,61
16/01/2019,23,31
16/01/2020,0,17
16/01/2020,1,7
16/01/2020,2,4
16/01/2020,3,4
16/01/2020,4,16
16/01/2020,5,98
16/01/2020,6,239
16/01/2020,7,602
16/01/2020,8,679
16/01/2020,9,281
16/01/2020,10,144
16/01/2020,11,167
16/01/2020,12,189
16/01/2020,13,207
16/01/2020,14,183
16/01/2020,15,301
16/01/2020,16,613
16/01/2020,17,762
16/01/2020,18,415
16/01/2020,19,242
16/01/2020,20,140
16/01/2020,21,96
16/01/2020,22,54
16/01/2020,23,35
16/01/2021,0,45
16/01/2021,1,57
16/01/2021,2,30
16/01/2021,3,10
16/01/2021,4,7
16/01/2021,5,14
16/01/2021,6,28
16/01/2021,7,35
16/01/2021,8,57
16/01/2021,9,96
16/01/2021,10,161
16/01/2021,11,221
16/01/2021,12,243
16/01/2021,13,297
16/01/2021,14,362
16/01/2021,15,337
16/01/2021,16,278
16/01/2021,17,218
16/01/2021,18,199
16/01/2021,19,181
16/01/2021,20,121
16/01/2021,21,107
16/01/2021,22,101
16/01/2021,23,97
16/01/2022,0,67
16/01/2022,1,43
16/01/2022,2,26
16/01/2022,3,21
16/01/2022,4,15
16/01/2022,5,20
16/01/2022,6,42
16/01/2022,7,47
16/01/2022,8,100
16/01/2022,9,164
16/01/2022,10,204
16/01/2022,11,274
16/01/2022,12,305
16/01/2022,13,310
16/01/2022,14,301
16/01/2022,15,302
16/01/2022,16,264
16/01/2022,17,212
16/01/2022,18,153
16/01/2022,19,180
16/01/2022,20,99
16/01/2022,21,85
16/01/2022,22,65
16/01/2022,23,55
16/02/2019,0,28
16/02/2019,1,20
16/02/2019,2,7
16/02/2019,3,5
16/02/2019,4,8
16/02/2019,5,15
16/02/2019,6,18
16/02/2019,7,49
16/02/2019,8,113
16/02/2019,9,145
16/02/2019,10,173
16/02/2019,11,189
16/02/2019,12,207
16/02/2019,13,172
16/02/2019,14,167
16/02/2019,15,181
16/02/2019,16,156
16/02/2019,17,176
16/02/2019,18,119
16/02/2019,19,93
16/02/2019,20,64
16/02/2019,21,42
16/02/2019,22,54
16/02/2019,23,39
16/02/2020,0,35
16/02/2020,1,26
16/02/2020,2,26
16/02/2020,3,16
16/02/2020,4,4
16/02/2020,5,11
16/02/2020,6,23
16/02/2020,7,38
16/02/2020,8,67
16/02/2020,9,126
16/02/2020,10,166
16/02/2020,11,258
16/02/2020,12,279
16/02/2020,13,279
16/02/2020,14,312
16/02/2020,15,282
16/02/2020,16,254
16/02/2020,17,191
16/02/2020,18,182
16/02/2020,19,128
16/02/2020,20,72
16/02/2020,21,76
16/02/2020,22,57
16/02/2020,23,22
16/02/2021,0,1
16/02/2021,1,2
16/02/2021,2,2
16/02/2021,3,1
16/02/2021,5,4
16/02/2021,6,6
16/02/2021,7,11
16/02/2021,8,11
16/02/2021,9,5
16/02/2021,10,14
16/02/2021,11,7
16/02/2021,12,16
16/02/2021,13,19
16/02/2021,14,11
16/02/2021,15,19
16/02/2021,16,26
16/02/2021,17,44
16/02/2021,18,29
16/02/2021,19,24
16/02/2021,20,5
16/02/2021,21,12
16/02/2021,22,10
16/02/2021,23,5
16/02/2022,0,21
16/02/2022,1,9
16/02/2022,2,11
16/02/2022,3,7
16/02/2022,4,22
16/02/2022,5,91
16/02/2022,6,223
16/02/2022,7,491
16/02/2022,8,549
16/02/2022,9,335
16/02/2022,10,231
16/02/2022,11,321
16/02/2022,12,380
16/02/2022,13,347
16/02/2022,14,346
16/02/2022,15,441
16/02/2022,16,535
16/02/2022,17,590
16/02/2022,18,410
16/02/2022,19,309
16/02/2022,20,133
16/02/2022,21,67
16/02/2022,22,42
16/02/2022,23,19
16/03/2019,0,28
16/03/2019,1,25
16/03/2019,2,14
16/03/2019,3,13
16/03/2019,4,6
16/03/2019,5,18
16/03/2019,6,38
16/03/2019,7,117
16/03/2019,8,210
16/03/2019,9,274
16/03/2019,10,276
16/03/2019,11,350
16/03/2019,12,338
16/03/2019,13,401
16/03/2019,14,400
16/03/2019,15,363
16/03/2019,16,366
16/03/2019,17,305
16/03/2019,18,229
16/03/2019,19,162
16/03/2019,20,113
16/03/2019,21,81
16/03/2019,22,66
16/03/2019,23,50
16/03/2020,0,24
16/03/2020,1,10
16/03/2020,2,3
16/03/2020,3,5
16/03/2020,4,14
16/03/2020,5,64
16/03/2020,6,158
16/03/2020,7,313
16/03/2020,8,333
16/03/2020,9,215
16/03/2020,10,191
16/03/2020,11,184
16/03/2020,12,177
16/03/2020,13,207
16/03/2020,14,179
16/03/2020,15,212
16/03/2020,16,316
16/03/2020,17,373
16/03/2020,18,274
16/03/2020,19,182
16/03/2020,20,94
16/03/2020,21,49
16/03/2020,22,33
16/03/2020,23,16
16/03/2021,0,20
16/03/2021,1,11
16/03/2021,2,7
16/03/2021,3,11
16/03/2021,4,19
16/03/2021,5,58
16/03/2021,6,130
16/03/2021,7,219
16/03/2021,8,213
16/03/2021,9,161
16/03/2021,10,149
16/03/2021,11,180
16/03/2021,12,234
16/03/2021,13,262
16/03/2021,14,254
16/03/2021,15,283
16/03/2021,16,398
16/03/2021,17,498
16/03/2021,18,449
16/03/2021,19,271
16/03/2021,20,163
16/03/2021,21,115
16/03/2021,22,86
16/03/2021,23,62
16/03/2022,0,70
16/03/2022,1,24
16/03/2022,2,20
16/03/2022,3,11
16/03/2022,4,27
16/03/2022,5,122
16/03/2022,6,335
16/03/2022,7,812
16/03/2022,8,953
16/03/2022,9,526
16/03/2022,10,476
16/03/2022,11,681
16/03/2022,12,885
16/03/2022,13,900
16/03/2022,14,1118
16/03/2022,15,1341
16/03/2022,16,2015
16/03/2022,17,2686
16/03/2022,18,2283
16/03/2022,19,1399
16/03/2022,20,923
16/03/2022,21,614
16/03/2022,22,440
16/03/2022,23,320
16/04/2020,0,5
16/04/2020,1,2
16/04/2020,2,2
16/04/2020,3,2
16/04/2020,4,3
16/04/2020,5,14
16/04/2020,6,67
16/04/2020,7,101
16/04/2020,8,89
16/04/2020,9,62
16/04/2020,10,100
16/04/2020,11,123
16/04/2020,12,138
16/04/2020,13,159
16/04/2020,14,177
16/04/2020,15,206
16/04/2020,16,238
16/04/2020,17,280
16/04/2020,18,197
16/04/2020,19,135
16/04/2020,20,79
16/04/2020,21,50
16/04/2020,22,24
16/04/2020,23,19
16/04/2021,0,86
16/04/2021,1,56
16/04/2021,2,20
16/04/2021,3,17
16/04/2021,4,33
16/04/2021,5,85
16/04/2021,6,242
16/04/2021,7,434
16/04/2021,8,475
16/04/2021,9,384
16/04/2021,10,353
16/04/2021,11,511
16/04/2021,12,615
16/04/2021,13,665
16/04/2021,14,666
16/04/2021,15,814
16/04/2021,16,1043
16/04/2021,17,1428
16/04/2021,18,1185
16/04/2021,19,835
16/04/2021,20,462
16/04/2021,21,278
16/04/2021,22,232
16/04/2021,23,258
16/04/2022,0,213
16/04/2022,1,177
16/04/2022,2,108
16/04/2022,3,63
16/04/2022,4,41
16/04/2022,5,37
16/04/2022,6,107
16/04/2022,7,192
16/04/2022,8,352
16/04/2022,9,544
16/04/2022,10,805
16/04/2022,11,1110
16/04/2022,12,1044
16/04/2022,13,1095
16/04/2022,14,1126
16/04/2022,15,1034
16/04/2022,16,976
16/04/2022,17,825
16/04/2022,18,772
16/04/2022,19,599
16/04/2022,20,356
16/04/2022,21,382
16/04/2022,22,278
16/04/2022,23,258
16/05/2020,0,78
16/05/2020,1,46
16/05/2020,2,27
16/05/2020,3,11
16/05/2020,4,9
16/05/2020,5,20
16/05/2020,6,63
16/05/2020,7,112
16/05/2020,8,180
16/05/2020,9,275
16/05/2020,10,426
16/05/2020,11,593
16/05/2020,12,861
16/05/2020,13,1066
16/05/2020,14,1063
16/05/2020,15,1080
16/05/2020,16,915
16/05/2020,17,778
16/05/2020,18,536
16/05/2020,19,367
16/05/2020,20,214
16/05/2020,21,104
16/05/2020,22,101
16/05/2020,23,50
16/05/2021,0,554
16/05/2021,1,454
16/05/2021,2,327
16/05/2021,3,140
16/05/2021,4,76
16/05/2021,5,80
16/05/2021,6,126
16/05/2021,7,226
16/05/2021,8,461
16/05/2021,9,850
16/05/2021,10,1310
16/05/2021,11,1675
16/05/2021,12,2145
16/05/2021,13,2270
16/05/2021,14,2314
16/05/2021,15,2362
16/05/2021,16,2105
16/05/2021,17,1859
16/05/2021,18,1337
16/05/2021,19,991
16/05/2021,20,776
16/05/2021,21,503
16/05/2021,22,367
16/05/2021,23,244
16/05/2022,0,144
16/05/2022,1,89
16/05/2022,2,65
16/05/2022,3,27
16/05/2022,4,48
16/05/2022,5,175
16/05/2022,6,561
16/05/2022,7,1025
16/05/2022,8,1168
16/05/2022,9,740
16/05/2022,10,797
16/05/2022,11,973
16/05/2022,12,1276
16/05/2022,13,1262
16/05/2022,14,1255
16/05/2022,15,1556
16/05/2022,16,2241
16/05/2022,17,2901
16/05/2022,18,2438
16/05/2022,19,1832
16/05/2022,20,1249
16/05/2022,21,1065
16/05/2022,22,671
16/05/2022,23,377
16/06/2020,0,54
16/06/2020,1,20
16/06/2020,2,9
16/06/2020,3,5
16/06/2020,4,36
16/06/2020,5,95
16/06/2020,6,271
16/06/2020,7,450
16/06/2020,8,465
16/06/2020,9,412
16/06/2020,10,372
16/06/2020,11,493
16/06/2020,12,643
16/06/2020,13,650
16/06/2020,14,633
16/06/2020,15,764
16/06/2020,16,1091
16/06/2020,17,1566
16/06/2020,18,1488
16/06/2020,19,1046
16/06/2020,20,797
16/06/2020,21,375
16/06/2020,22,227
16/06/2020,23,119
16/06/2021,0,222
16/06/2021,1,109
16/06/2021,2,63
16/06/2021,3,33
16/06/2021,4,57
16/06/2021,5,223
16/06/2021,6,600
16/06/2021,7,1072
16/06/2021,8,1176
16/06/2021,9,787
16/06/2021,10,788
16/06/2021,11,1024
16/06/2021,12,1131
16/06/2021,13,1072
16/06/2021,14,1118
16/06/2021,15,1373
16/06/2021,16,2091
16/06/2021,17,3170
16/06/2021,18,2869
16/06/2021,19,2249
16/06/2021,20,1731
16/06/2021,21,1251
16/06/2021,22,926
16/06/2021,23,485
16/06/2022,0,313
16/06/2022,1,61
16/06/2022,2,42
16/06/2022,3,26
16/06/2022,4,53
16/06/2022,5,209
16/06/2022,6,585
16/06/2022,7,1195
16/06/2022,8,1269
16/06/2022,9,829
16/06/2022,10,727
16/06/2022,11,960
16/06/2022,12,1204
16/06/2022,13,1159
16/06/2022,14,1096
16/06/2022,15,1377
16/06/2022,16,2106
16/06/2022,17,2862
16/06/2022,18,2534
16/06/2022,19,2063
16/06/2022,20,1766
16/06/2022,21,1346
16/06/2022,22,1188
16/06/2022,23,679
16/07/2019,0,74
16/07/2019,1,33
16/07/2019,2,11
16/07/2019,3,8
16/07/2019,4,26
16/07/2019,5,222
16/07/2019,6,676
16/07/2019,7,1288
16/07/2019,8,1260
16/07/2019,9,596
16/07/2019,10,448
16/07/2019,11,540
16/07/2019,12,475
16/07/2019,13,458
16/07/2019,14,377
16/07/2019,15,713
16/07/2019,16,1575
16/07/2019,17,2253
16/07/2019,18,1676
16/07/2019,19,1224
16/07/2019,20,891
16/07/2019,21,641
16/07/2019,22,434
16/07/2019,23,234
16/07/2020,0,26
16/07/2020,1,12
16/07/2020,2,10
16/07/2020,3,12
16/07/2020,4,15
16/07/2020,5,111
16/07/2020,6,273
16/07/2020,7,568
16/07/2020,8,672
16/07/2020,9,535
16/07/2020,10,497
16/07/2020,11,662
16/07/2020,12,805
16/07/2020,13,807
16/07/2020,14,837
16/07/2020,15,1035
16/07/2020,16,1436
16/07/2020,17,2054
16/07/2020,18,2135
16/07/2020,19,1672
16/07/2020,20,1249
16/07/2020,21,800
16/07/2020,22,608
16/07/2020,23,432
16/07/2021,0,188
16/07/2021,1,140
16/07/2021,2,86
16/07/2021,3,60
16/07/2021,4,74
16/07/2021,5,158
16/07/2021,6,503
16/07/2021,7,809
16/07/2021,8,975
16/07/2021,9,681
16/07/2021,10,790
16/07/2021,11,960
16/07/2021,12,1219
16/07/2021,13,1402
16/07/2021,14,1466
16/07/2021,15,1695
16/07/2021,16,2142
16/07/2021,17,2692
16/07/2021,18,2447
16/07/2021,19,1588
16/07/2021,20,1091
16/07/2021,21,959
16/07/2021,22,942
16/07/2021,23,943
16/07/2022,0,652
16/07/2022,1,556
16/07/2022,2,296
16/07/2022,3,191
16/07/2022,4,102
16/07/2022,5,126
16/07/2022,6,228
16/07/2022,7,413
16/07/2022,8,753
16/07/2022,9,1258
16/07/2022,10,1717
16/07/2022,11,2044
16/07/2022,12,2299
16/07/2022,13,2422
16/07/2022,14,2370
16/07/2022,15,2465
16/07/2022,16,2462
16/07/2022,17,2616
16/07/2022,18,2272
16/07/2022,19,1805
16/07/2022,20,1364
16/07/2022,21,1344
16/07/2022,22,1477
16/07/2022,23,1311
16/08/2019,0,124
16/08/2019,1,59
16/08/2019,2,25
16/08/2019,3,19
16/08/2019,4,37
16/08/2019,5,204
16/08/2019,6,616
16/08/2019,7,1329
16/08/2019,8,1626
16/08/2019,9,785
16/08/2019,10,686
16/08/2019,11,821
16/08/2019,12,1097
16/08/2019,13,1159
16/08/2019,14,1241
16/08/2019,15,1348
16/08/2019,16,1987
16/08/2019,17,2016
16/08/2019,18,1526
16/08/2019,19,994
16/08/2019,20,729
16/08/2019,21,579
16/08/2019,22,433
16/08/2019,23,359
16/08/2020,0,227
16/08/2020,1,113
16/08/2020,2,67
16/08/2020,3,43
16/08/2020,4,34
16/08/2020,5,43
16/08/2020,6,206
16/08/2020,7,324
16/08/2020,8,560
16/08/2020,9,956
16/08/2020,10,1416
16/08/2020,11,1847
16/08/2020,12,2055
16/08/2020,13,2224
16/08/2020,14,2275
16/08/2020,15,2213
16/08/2020,16,2287
16/08/2020,17,2191
16/08/2020,18,2035
16/08/2020,19,1615
16/08/2020,20,1076
16/08/2020,21,359
16/08/2020,22,238
16/08/2020,23,118
16/08/2021,0,269
16/08/2021,1,128
16/08/2021,2,84
16/08/2021,3,48
16/08/2021,4,79
16/08/2021,5,191
16/08/2021,6,590
16/08/2021,7,1035
16/08/2021,8,1149
16/08/2021,9,772
16/08/2021,10,834
16/08/2021,11,991
16/08/2021,12,1135
16/08/2021,13,1279
16/08/2021,14,1226
16/08/2021,15,1420
16/08/2021,16,2011
16/08/2021,17,2709
16/08/2021,18,2457
16/08/2021,19,1890
16/08/2021,20,1289
16/08/2021,21,884
16/08/2021,22,629
16/08/2021,23,348
16/08/2022,0,252
16/08/2022,1,132
16/08/2022,2,81
16/08/2022,3,71
16/08/2022,4,59
16/08/2022,5,238
16/08/2022,6,689
16/08/2022,7,1332
16/08/2022,8,1525
16/08/2022,9,880
16/08/2022,10,823
16/08/2022,11,977
16/08/2022,12,1110
16/08/2022,13,1153
16/08/2022,14,1148
16/08/2022,15,1557
16/08/2022,16,2210
16/08/2022,17,2817
16/08/2022,18,2514
16/08/2022,19,1888
16/08/2022,20,1249
16/08/2022,21,1015
16/08/2022,22,774
16/08/2022,23,379
16/09/2019,0,61
16/09/2019,1,30
16/09/2019,2,28
16/09/2019,3,24
16/09/2019,4,37
16/09/2019,5,204
16/09/2019,6,609
16/09/2019,7,1437
16/09/2019,8,1641
16/09/2019,9,675
16/09/2019,10,471
16/09/2019,11,569
16/09/2019,12,706
16/09/2019,13,662
16/09/2019,14,650
16/09/2019,15,912
16/09/2019,16,1812
16/09/2019,17,2728
16/09/2019,18,1809
16/09/2019,19,1018
16/09/2019,20,616
16/09/2019,21,429
16/09/2019,22,347
16/09/2019,23,140
16/09/2020,0,121
16/09/2020,1,55
16/09/2020,2,35
16/09/2020,3,15
16/09/2020,4,27
16/09/2020,5,130
16/09/2020,6,458
16/09/2020,7,898
16/09/2020,8,917
16/09/2020,9,639
16/09/2020,10,566
16/09/2020,11,799
16/09/2020,12,932
16/09/2020,13,911
16/09/2020,14,955
16/09/2020,15,1265
16/09/2020,16,1578
16/09/2020,17,2669
16/09/2020,18,2200
16/09/2020,19,1364
16/09/2020,20,911
16/09/2020,21,782
16/09/2020,22,639
16/09/2020,23,392
16/09/2021,0,239
16/09/2021,1,145
16/09/2021,2,58
16/09/2021,3,41
16/09/2021,4,71
16/09/2021,5,206
16/09/2021,6,650
16/09/2021,7,1177
16/09/2021,8,1322
16/09/2021,9,910
16/09/2021,10,822
16/09/2021,11,1053
16/09/2021,12,1293
16/09/2021,13,1224
16/09/2021,14,1232
16/09/2021,15,1571
16/09/2021,16,2150
16/09/2021,17,3124
16/09/2021,18,2741
16/09/2021,19,2018
16/09/2021,20,1347
16/09/2021,21,1367
16/09/2021,22,1420
16/09/2021,23,983
16/09/2022,0,362
16/09/2022,1,239
16/09/2022,2,109
16/09/2022,3,76
16/09/2022,4,60
16/09/2022,5,183
16/09/2022,6,626
16/09/2022,7,1005
16/09/2022,8,1264
16/09/2022,9,960
16/09/2022,10,1001
16/09/2022,11,1223
16/09/2022,12,1667
16/09/2022,13,1668
16/09/2022,14,1641
16/09/2022,15,2103
16/09/2022,16,2427
16/09/2022,17,2677
16/09/2022,18,2543
16/09/2022,19,1885
16/09/2022,20,1228
16/09/2022,21,1257
16/09/2022,22,1411
16/09/2022,23,1308
16/10/2019,0,36
16/10/2019,1,22
16/10/2019,2,17
16/10/2019,3,8
16/10/2019,4,24
16/10/2019,5,170
16/10/2019,6,507
16/10/2019,7,1203
16/10/2019,8,1519
16/10/2019,9,579
16/10/2019,10,355
16/10/2019,11,417
16/10/2019,12,493
16/10/2019,13,441
16/10/2019,14,445
16/10/2019,15,619
16/10/2019,16,1329
16/10/2019,17,1901
16/10/2019,18,1152
16/10/2019,19,656
16/10/2019,20,375
16/10/2019,21,329
16/10/2019,22,174
16/10/2019,23,115
16/10/2020,0,92
16/10/2020,1,38
16/10/2020,2,23
16/10/2020,3,18
16/10/2020,4,29
16/10/2020,5,78
16/10/2020,6,303
16/10/2020,7,572
16/10/2020,8,628
16/10/2020,9,470
16/10/2020,10,555
16/10/2020,11,667
16/10/2020,12,795
16/10/2020,13,808
16/10/2020,14,777
16/10/2020,15,476
16/10/2020,16,1070
16/10/2020,17,1288
16/10/2020,18,1119
16/10/2020,19,734
16/10/2020,20,492
16/10/2020,21,323
16/10/2020,22,273
16/10/2020,23,228
16/10/2021,0,632
16/10/2021,1,530
16/10/2021,2,336
16/10/2021,3,135
16/10/2021,4,69
16/10/2021,5,69
16/10/2021,6,192
16/10/2021,7,375
16/10/2021,8,681
16/10/2021,9,1133
16/10/2021,10,1598
16/10/2021,11,1933
16/10/2021,12,2264
16/10/2021,13,2227
16/10/2021,14,2286
16/10/2021,15,2240
16/10/2021,16,2162
16/10/2021,17,1988
16/10/2021,18,1802
16/10/2021,19,1316
16/10/2021,20,819
16/10/2021,21,690
16/10/2021,22,639
16/10/2021,23,991
16/10/2022,0,368
16/10/2022,1,286
16/10/2022,2,172
16/10/2022,3,119
16/10/2022,4,66
16/10/2022,5,60
16/10/2022,6,107
16/10/2022,7,233
16/10/2022,8,334
16/10/2022,9,592
16/10/2022,10,879
16/10/2022,11,1193
16/10/2022,12,1176
16/10/2022,13,1128
16/10/2022,14,1146
16/10/2022,15,1118
16/10/2022,16,1072
16/10/2022,17,1025
16/10/2022,18,774
16/10/2022,19,546
16/10/2022,20,473
16/10/2022,21,304
16/10/2022,22,284
16/10/2022,23,184
16/11/2019,0,70
16/11/2019,1,48
16/11/2019,2,18
16/11/2019,3,23
16/11/2019,4,13
16/11/2019,5,20
16/11/2019,6,40
16/11/2019,7,95
16/11/2019,8,177
16/11/2019,9,230
16/11/2019,10,313
16/11/2019,11,403
16/11/2019,12,421
16/11/2019,13,399
16/11/2019,14,387
16/11/2019,15,368
16/11/2019,16,344
16/11/2019,17,220
16/11/2019,18,180
16/11/2019,19,149
16/11/2019,20,102
16/11/2019,21,95
16/11/2019,22,77
16/11/2019,23,68
16/11/2020,0,33
16/11/2020,1,14
16/11/2020,2,8
16/11/2020,3,9
16/11/2020,4,9
16/11/2020,5,70
16/11/2020,6,212
16/11/2020,7,376
16/11/2020,8,434
16/11/2020,9,275
16/11/2020,10,279
16/11/2020,11,390
16/11/2020,12,439
16/11/2020,13,468
16/11/2020,14,458
16/11/2020,15,562
16/11/2020,16,740
16/11/2020,17,771
16/11/2020,18,635
16/11/2020,19,415
16/11/2020,20,218
16/11/2020,21,124
16/11/2020,22,140
16/11/2020,23,57
16/11/2021,0,87
16/11/2021,1,40
16/11/2021,2,19
16/11/2021,3,13
16/11/2021,4,32
16/11/2021,5,165
16/11/2021,6,383
16/11/2021,7,885
16/11/2021,8,1037
16/11/2021,9,595
16/11/2021,10,540
16/11/2021,11,583
16/11/2021,12,694
16/11/2021,13,684
16/11/2021,14,675
16/11/2021,15,937
16/11/2021,16,1251
16/11/2021,17,1500
16/11/2021,18,1175
16/11/2021,19,841
16/11/2021,20,617
16/11/2021,21,483
16/11/2021,22,335
16/11/2021,23,202
16/11/2022,0,71
16/11/2022,1,31
16/11/2022,2,17
16/11/2022,3,15
16/11/2022,4,24
16/11/2022,5,106
16/11/2022,6,349
16/11/2022,7,672
16/11/2022,8,836
16/11/2022,9,413
16/11/2022,10,296
16/11/2022,11,301
16/11/2022,12,274
16/11/2022,13,285
16/11/2022,14,301
16/11/2022,15,455
16/11/2022,16,735
16/11/2022,17,979
16/11/2022,18,708
16/11/2022,19,507
16/11/2022,20,312
16/11/2022,21,304
16/11/2022,22,202
16/11/2022,23,133
16/12/2019,0,13
16/12/2019,1,10
16/12/2019,2,4
16/12/2019,3,6
16/12/2019,4,15
16/12/2019,5,100
16/12/2019,6,248
16/12/2019,7,556
16/12/2019,8,710
16/12/2019,9,279
16/12/2019,10,111
16/12/2019,11,158
16/12/2019,12,218
16/12/2019,13,175
16/12/2019,14,171
16/12/2019,15,268
16/12/2019,16,656
16/12/2019,17,882
16/12/2019,18,523
16/12/2019,19,297
16/12/2019,20,174
16/12/2019,21,111
16/12/2019,22,49
16/12/2019,23,31
16/12/2020,0,24
16/12/2020,1,21
16/12/2020,2,9
16/12/2020,3,6
16/12/2020,4,14
16/12/2020,5,58
16/12/2020,6,168
16/12/2020,7,281
16/12/2020,8,243
16/12/2020,9,116
16/12/2020,10,116
16/12/2020,11,157
16/12/2020,12,230
16/12/2020,13,198
16/12/2020,14,245
16/12/2020,15,260
16/12/2020,16,323
16/12/2020,17,391
16/12/2020,18,354
16/12/2020,19,254
16/12/2020,20,140
16/12/2020,21,88
16/12/2020,22,63
16/12/2020,23,35
16/12/2021,0,104
16/12/2021,1,39
16/12/2021,2,20
16/12/2021,3,27
16/12/2021,4,39
16/12/2021,5,110
16/12/2021,6,274
16/12/2021,7,609
16/12/2021,8,702
16/12/2021,9,400
16/12/2021,10,351
16/12/2021,11,408
16/12/2021,12,495
16/12/2021,13,492
16/12/2021,14,539
16/12/2021,15,699
16/12/2021,16,896
16/12/2021,17,1005
16/12/2021,18,775
16/12/2021,19,485
16/12/2021,20,350
16/12/2021,21,256
16/12/2021,22,235
16/12/2021,23,176
16/12/2022,0,78
16/12/2022,1,55
16/12/2022,2,41
16/12/2022,3,23
16/12/2022,4,19
16/12/2022,5,62
16/12/2022,6,226
16/12/2022,7,408
16/12/2022,8,484
16/12/2022,9,207
16/12/2022,10,188
16/12/2022,11,199
16/12/2022,12,249
16/12/2022,13,259
16/12/2022,14,262
16/12/2022,15,333
16/12/2022,16,434
16/12/2022,17,409
16/12/2022,18,331
16/12/2022,19,247
16/12/2022,20,140
16/12/2022,21,109
16/12/2022,22,103
16/12/2022,23,83
17/01/2019,0,17
17/01/2019,1,7
17/01/2019,2,8
17/01/2019,3,10
17/01/2019,4,17
17/01/2019,5,79
17/01/2019,6,255
17/01/2019,7,569
17/01/2019,8,696
17/01/2019,9,317
17/01/2019,10,155
17/01/2019,11,156
17/01/2019,12,199
17/01/2019,13,186
17/01/2019,14,181
17/01/2019,15,268
17/01/2019,16,618
17/01/2019,17,778
17/01/2019,18,514
17/01/2019,19,248
17/01/2019,20,168
17/01/2019,21,116
17/01/2019,22,81
17/01/2019,23,39
17/01/2020,0,9
17/01/2020,1,15
17/01/2020,2,5
17/01/2020,3,5
17/01/2020,4,11
17/01/2020,5,89
17/01/2020,6,241
17/01/2020,7,545
17/01/2020,8,700
17/01/2020,9,270
17/01/2020,10,141
17/01/2020,11,203
17/01/2020,12,186
17/01/2020,13,216
17/01/2020,14,251
17/01/2020,15,320
17/01/2020,16,296
17/01/2020,17,182
17/01/2020,18,74
17/01/2020,19,48
17/01/2020,20,19
17/01/2020,21,12
17/01/2020,22,8
17/01/2020,23,12
17/01/2021,0,61
17/01/2021,1,33
17/01/2021,2,29
17/01/2021,3,13
17/01/2021,4,12
17/01/2021,5,18
17/01/2021,6,32
17/01/2021,7,38
17/01/2021,8,46
17/01/2021,9,74
17/01/2021,10,128
17/01/2021,11,170
17/01/2021,12,224
17/01/2021,13,254
17/01/2021,14,241
17/01/2021,15,261
17/01/2021,16,162
17/01/2021,17,198
17/01/2021,18,154
17/01/2021,19,129
17/01/2021,20,84
17/01/2021,21,83
17/01/2021,22,59
17/01/2021,23,43
17/01/2022,0,24
17/01/2022,1,23
17/01/2022,2,10
17/01/2022,3,10
17/01/2022,4,14
17/01/2022,5,38
17/01/2022,6,84
17/01/2022,7,125
17/01/2022,8,165
17/01/2022,9,150
17/01/2022,10,168
17/01/2022,11,253
17/01/2022,12,273
17/01/2022,13,275
17/01/2022,14,290
17/01/2022,15,236
17/01/2022,16,355
17/01/2022,17,327
17/01/2022,18,289
17/01/2022,19,208
17/01/2022,20,123
17/01/2022,21,100
17/01/2022,22,71
17/01/2022,23,41
17/02/2019,0,27
17/02/2019,1,16
17/02/2019,2,11
17/02/2019,3,15
17/02/2019,4,6
17/02/2019,5,5
17/02/2019,6,16
17/02/2019,7,31
17/02/2019,8,35
17/02/2019,9,47
17/02/2019,10,73
17/02/2019,11,83
17/02/2019,12,80
17/02/2019,13,86
17/02/2019,14,85
17/02/2019,15,76
17/02/2019,16,79
17/02/2019,17,72
17/02/2019,18,57
17/02/2019,19,35
17/02/2019,20,25
17/02/2019,21,20
17/02/2019,22,16
17/02/2019,23,6
17/02/2020,0,27
17/02/2020,1,12
17/02/2020,2,4
17/02/2020,3,8
17/02/2020,4,10
17/02/2020,5,75
17/02/2020,6,168
17/02/2020,7,401
17/02/2020,8,476
17/02/2020,9,261
17/02/2020,10,207
17/02/2020,11,236
17/02/2020,12,216
17/02/2020,13,211
17/02/2020,14,111
17/02/2020,15,139
17/02/2020,16,206
17/02/2020,17,250
17/02/2020,18,233
17/02/2020,19,123
17/02/2020,20,90
17/02/2020,21,79
17/02/2020,22,46
17/02/2020,23,16
17/02/2021,0,2
17/02/2021,1,2
17/02/2021,3,4
17/02/2021,4,2
17/02/2021,5,11
17/02/2021,6,19
17/02/2021,7,47
17/02/2021,8,34
17/02/2021,9,27
17/02/2021,10,24
17/02/2021,11,27
17/02/2021,12,36
17/02/2021,13,38
17/02/2021,14,41
17/02/2021,15,51
17/02/2021,16,36
17/02/2021,17,65
17/02/2021,18,77
17/02/2021,19,35
17/02/2021,20,24
17/02/2021,21,13
17/02/2021,22,13
17/02/2021,23,6
17/02/2022,0,10
17/02/2022,1,7
17/02/2022,2,1
17/02/2022,3,3
17/02/2022,4,12
17/02/2022,5,69
17/02/2022,6,140
17/02/2022,7,309
17/02/2022,8,365
17/02/2022,9,227
17/02/2022,10,157
17/02/2022,11,177
17/02/2022,12,252
17/02/2022,13,205
17/02/2022,14,109
17/02/2022,15,106
17/02/2022,16,102
17/02/2022,17,71
17/02/2022,18,61
17/02/2022,19,44
17/02/2022,20,43
17/02/2022,21,43
17/02/2022,22,37
17/02/2022,23,22
17/03/2019,0,40
17/03/2019,1,25
17/03/2019,2,30
17/03/2019,3,13
17/03/2019,4,10
17/03/2019,5,14
17/03/2019,6,24
17/03/2019,7,61
17/03/2019,8,109
17/03/2019,9,158
17/03/2019,10,289
17/03/2019,11,334
17/03/2019,12,433
17/03/2019,13,503
17/03/2019,14,581
17/03/2019,15,473
17/03/2019,16,405
17/03/2019,17,372
17/03/2019,18,266
17/03/2019,19,148
17/03/2019,20,103
17/03/2019,21,71
17/03/2019,22,50
17/03/2019,23,32
17/03/2020,0,13
17/03/2020,1,2
17/03/2020,2,5
17/03/2020,3,2
17/03/2020,4,11
17/03/2020,5,53
17/03/2020,6,136
17/03/2020,7,236
17/03/2020,8,253
17/03/2020,9,188
17/03/2020,10,149
17/03/2020,11,241
17/03/2020,12,339
17/03/2020,13,290
17/03/2020,14,288
17/03/2020,15,345
17/03/2020,16,459
17/03/2020,17,529
17/03/2020,18,442
17/03/2020,19,219
17/03/2020,20,104
17/03/2020,21,43
17/03/2020,22,34
17/03/2020,23,17
17/03/2021,0,21
17/03/2021,1,15
17/03/2021,2,8
17/03/2021,3,8
17/03/2021,4,16
17/03/2021,5,66
17/03/2021,6,162
17/03/2021,7,304
17/03/2021,8,306
17/03/2021,9,187
17/03/2021,10,171
17/03/2021,11,231
17/03/2021,12,271
17/03/2021,13,281
17/03/2021,14,271
17/03/2021,15,299
17/03/2021,16,436
17/03/2021,17,239
17/03/2021,18,182
17/03/2021,19,92
17/03/2021,20,50
17/03/2021,21,59
17/03/2021,22,39
17/03/2021,23,28
17/03/2022,0,111
17/03/2022,1,98
17/03/2022,2,43
17/03/2022,3,25
17/03/2022,4,35
17/03/2022,5,129
17/03/2022,6,327
17/03/2022,7,885
17/03/2022,8,1035
17/03/2022,9,632
17/03/2022,10,594
17/03/2022,11,680
17/03/2022,12,888
17/03/2022,13,1012
17/03/2022,14,1025
17/03/2022,15,1174
17/03/2022,16,1499
17/03/2022,17,1923
17/03/2022,18,1444
17/03/2022,19,853
17/03/2022,20,596
17/03/2022,21,513
17/03/2022,22,366
17/03/2022,23,299
17/04/2020,0,10
17/04/2020,1,3
17/04/2020,2,7
17/04/2020,3,1
17/04/2020,4,3
17/04/2020,5,4
17/04/2020,6,31
17/04/2020,7,35
17/04/2020,8,35
17/04/2020,9,41
17/04/2020,10,31
17/04/2020,11,44
17/04/2020,12,72
17/04/2020,13,77
17/04/2020,14,78
17/04/2020,15,119
17/04/2020,16,142
17/04/2020,17,192
17/04/2020,18,206
17/04/2020,19,154
17/04/2020,20,76
17/04/2020,21,38
17/04/2020,22,26
17/04/2020,23,10
17/04/2021,0,264
17/04/2021,1,164
17/04/2021,2,63
17/04/2021,3,40
17/04/2021,4,39
17/04/2021,5,29
17/04/2021,6,82
17/04/2021,7,190
17/04/2021,8,335
17/04/2021,9,553
17/04/2021,10,769
17/04/2021,11,1035
17/04/2021,12,1122
17/04/2021,13,1252
17/04/2021,14,1224
17/04/2021,15,1208
17/04/2021,16,1172
17/04/2021,17,1100
17/04/2021,18,996
17/04/2021,19,841
17/04/2021,20,512
17/04/2021,21,418
17/04/2021,22,372
17/04/2021,23,321
17/04/2022,0,181
17/04/2022,1,117
17/04/2022,2,80
17/04/2022,3,38
17/04/2022,4,37
17/04/2022,5,34
17/04/2022,6,83
17/04/2022,7,129
17/04/2022,8,244
17/04/2022,9,369
17/04/2022,10,510
17/04/2022,11,548
17/04/2022,12,637
17/04/2022,13,625
17/04/2022,14,622
17/04/2022,15,561
17/04/2022,16,504
17/04/2022,17,570
17/04/2022,18,466
17/04/2022,19,326
17/04/2022,20,280
17/04/2022,21,200
17/04/2022,22,142
17/04/2022,23,92
17/05/2020,0,13
17/05/2020,1,16
17/05/2020,2,5
17/05/2020,3,6
17/05/2020,4,3
17/05/2020,5,10
17/05/2020,6,25
17/05/2020,7,13
17/05/2020,8,9
17/05/2020,9,29
17/05/2020,10,33
17/05/2020,11,53
17/05/2020,12,72
17/05/2020,13,67
17/05/2020,14,25
17/05/2020,15,28
17/05/2020,16,30
17/05/2020,17,61
17/05/2020,18,71
17/05/2020,19,18
17/05/2020,20,16
17/05/2020,21,32
17/05/2020,22,38
17/05/2020,23,18
17/05/2021,0,127
17/05/2021,1,83
17/05/2021,2,49
17/05/2021,3,29
17/05/2021,4,38
17/05/2021,5,124
17/05/2021,6,353
17/05/2021,7,655
17/05/2021,8,756
17/05/2021,9,518
17/05/2021,10,568
17/05/2021,11,720
17/05/2021,12,794
17/05/2021,13,834
17/05/2021,14,811
17/05/2021,15,986
17/05/2021,16,1268
17/05/2021,17,1792
17/05/2021,18,1541
17/05/2021,19,1231
17/05/2021,20,804
17/05/2021,21,608
17/05/2021,22,329
17/05/2021,23,201
17/05/2022,0,195
17/05/2022,1,87
17/05/2022,2,49
17/05/2022,3,27
17/05/2022,4,47
17/05/2022,5,226
17/05/2022,6,630
17/05/2022,7,1189
17/05/2022,8,1353
17/05/2022,9,843
17/05/2022,10,694
17/05/2022,11,860
17/05/2022,12,990
17/05/2022,13,973
17/05/2022,14,932
17/05/2022,15,1174
17/05/2022,16,1631
17/05/2022,17,2061
17/05/2022,18,1623
17/05/2022,19,1061
17/05/2022,20,690
17/05/2022,21,730
17/05/2022,22,448
17/05/2022,23,260
17/06/2020,0,85
17/06/2020,1,23
17/06/2020,2,19
17/06/2020,3,14
17/06/2020,4,17
17/06/2020,5,95
17/06/2020,6,271
17/06/2020,7,449
17/06/2020,8,523
17/06/2020,9,435
17/06/2020,10,407
17/06/2020,11,548
17/06/2020,12,619
17/06/2020,13,660
17/06/2020,14,685
17/06/2020,15,791
17/06/2020,16,1038
17/06/2020,17,1512
17/06/2020,18,1522
17/06/2020,19,1200
17/06/2020,20,880
17/06/2020,21,493
17/06/2020,22,342
17/06/2020,23,199
17/06/2021,0,273
17/06/2021,1,123
17/06/2021,2,67
17/06/2021,3,40
17/06/2021,4,62
17/06/2021,5,214
17/06/2021,6,605
17/06/2021,7,1099
17/06/2021,8,1215
17/06/2021,9,763
17/06/2021,10,800
17/06/2021,11,946
17/06/2021,12,1104
17/06/2021,13,1087
17/06/2021,14,1197
17/06/2021,15,1485
17/06/2021,16,2044
17/06/2021,17,3006
17/06/2021,18,2839
17/06/2021,19,2360
17/06/2021,20,1751
17/06/2021,21,1375
17/06/2021,22,1122
17/06/2021,23,757
17/06/2022,0,423
17/06/2022,1,226
17/06/2022,2,132
17/06/2022,3,65
17/06/2022,4,76
17/06/2022,5,223
17/06/2022,6,603
17/06/2022,7,948
17/06/2022,8,1103
17/06/2022,9,965
17/06/2022,10,998
17/06/2022,11,1348
17/06/2022,12,1725
17/06/2022,13,1729
17/06/2022,14,1803
17/06/2022,15,2201
17/06/2022,16,2711
17/06/2022,17,2890
17/06/2022,18,2687
17/06/2022,19,2241
17/06/2022,20,1803
17/06/2022,21,1359
17/06/2022,22,1454
17/06/2022,23,1023
17/07/2019,0,79
17/07/2019,1,37
17/07/2019,2,18
17/07/2019,3,16
17/07/2019,4,33
17/07/2019,5,209
17/07/2019,6,703
17/07/2019,7,1433
17/07/2019,8,1668
17/07/2019,9,737
17/07/2019,10,520
17/07/2019,11,618
17/07/2019,12,795
17/07/2019,13,790
17/07/2019,14,757
17/07/2019,15,954
17/07/2019,16,1787
17/07/2019,17,2706
17/07/2019,18,1285
17/07/2019,19,965
17/07/2019,20,727
17/07/2019,21,561
17/07/2019,22,372
17/07/2019,23,195
17/07/2020,0,219
17/07/2020,1,92
17/07/2020,2,64
17/07/2020,3,43
17/07/2020,4,30
17/07/2020,5,169
17/07/2020,6,422
17/07/2020,7,633
17/07/2020,8,730
17/07/2020,9,635
17/07/2020,10,627
17/07/2020,11,744
17/07/2020,12,974
17/07/2020,13,1037
17/07/2020,14,1068
17/07/2020,15,1233
17/07/2020,16,1481
17/07/2020,17,2019
17/07/2020,18,1988
17/07/2020,19,1741
17/07/2020,20,1402
17/07/2020,21,1019
17/07/2020,22,784
17/07/2020,23,769
17/07/2021,0,937
17/07/2021,1,874
17/07/2021,2,629
17/07/2021,3,282
17/07/2021,4,132
17/07/2021,5,144
17/07/2021,6,238
17/07/2021,7,516
17/07/2021,8,815
17/07/2021,9,1355
17/07/2021,10,1899
17/07/2021,11,2327
17/07/2021,12,2535
17/07/2021,13,2722
17/07/2021,14,2870
17/07/2021,15,2877
17/07/2021,16,2772
17/07/2021,17,2658
17/07/2021,18,2514
17/07/2021,19,2346
17/07/2021,20,1707
17/07/2021,21,1422
17/07/2021,22,1305
17/07/2021,23,1385
17/07/2022,0,960
17/07/2022,1,629
17/07/2022,2,402
17/07/2022,3,248
17/07/2022,4,134
17/07/2022,5,46
17/07/2022,6,124
17/07/2022,7,243
17/07/2022,8,464
17/07/2022,9,842
17/07/2022,10,1103
17/07/2022,11,1431
17/07/2022,12,1706
17/07/2022,13,1709
17/07/2022,14,1848
17/07/2022,15,1890
17/07/2022,16,1894
17/07/2022,17,1632
17/07/2022,18,1458
17/07/2022,19,1186
17/07/2022,20,1015
17/07/2022,21,870
17/07/2022,22,743
17/07/2022,23,369
17/08/2019,0,284
17/08/2019,1,195
17/08/2019,2,62
17/08/2019,3,56
17/08/2019,4,28
17/08/2019,5,82
17/08/2019,6,173
17/08/2019,7,322
17/08/2019,8,535
17/08/2019,9,886
17/08/2019,10,1092
17/08/2019,11,833
17/08/2019,12,753
17/08/2019,13,1043
17/08/2019,14,1047
17/08/2019,15,1107
17/08/2019,16,1159
17/08/2019,17,1154
17/08/2019,18,1075
17/08/2019,19,955
17/08/2019,20,653
17/08/2019,21,486
17/08/2019,22,468
17/08/2019,23,374
17/08/2020,0,53
17/08/2020,1,26
17/08/2020,2,18
17/08/2020,3,9
17/08/2020,4,25
17/08/2020,5,71
17/08/2020,6,432
17/08/2020,7,725
17/08/2020,8,765
17/08/2020,9,604
17/08/2020,10,591
17/08/2020,11,769
17/08/2020,12,926
17/08/2020,13,883
17/08/2020,14,950
17/08/2020,15,1099
17/08/2020,16,1391
17/08/2020,17,2090
17/08/2020,18,1925
17/08/2020,19,1648
17/08/2020,20,977
17/08/2020,21,525
17/08/2020,22,420
17/08/2020,23,222
17/08/2021,0,179
17/08/2021,1,114
17/08/2021,2,66
17/08/2021,3,32
17/08/2021,4,66
17/08/2021,5,227
17/08/2021,6,683
17/08/2021,7,1186
17/08/2021,8,1263
17/08/2021,9,851
17/08/2021,10,763
17/08/2021,11,1040
17/08/2021,12,1150
17/08/2021,13,1070
17/08/2021,14,1165
17/08/2021,15,1438
17/08/2021,16,2064
17/08/2021,17,3016
17/08/2021,18,2732
17/08/2021,19,2128
17/08/2021,20,1415
17/08/2021,21,1102
17/08/2021,22,740
17/08/2021,23,362
17/08/2022,0,221
17/08/2022,1,109
17/08/2022,2,54
17/08/2022,3,31
17/08/2022,4,53
17/08/2022,5,231
17/08/2022,6,712
17/08/2022,7,1350
17/08/2022,8,1451
17/08/2022,9,889
17/08/2022,10,824
17/08/2022,11,1068
17/08/2022,12,1176
17/08/2022,13,1158
17/08/2022,14,1210
17/08/2022,15,1580
17/08/2022,16,2261
17/08/2022,17,3067
17/08/2022,18,2625
17/08/2022,19,2047
17/08/2022,20,1400
17/08/2022,21,1111
17/08/2022,22,797
17/08/2022,23,460
17/09/2019,0,64
17/09/2019,1,26
17/09/2019,2,22
17/09/2019,3,23
17/09/2019,4,53
17/09/2019,5,229
17/09/2019,6,734
17/09/2019,7,1599
17/09/2019,8,1904
17/09/2019,9,657
17/09/2019,10,486
17/09/2019,11,650
17/09/2019,12,676
17/09/2019,13,707
17/09/2019,14,721
17/09/2019,15,988
17/09/2019,16,1912
17/09/2019,17,2894
17/09/2019,18,1894
17/09/2019,19,1070
17/09/2019,20,636
17/09/2019,21,466
17/09/2019,22,413
17/09/2019,23,145
17/09/2020,0,168
17/09/2020,1,72
17/09/2020,2,35
17/09/2020,3,19
17/09/2020,4,30
17/09/2020,5,127
17/09/2020,6,434
17/09/2020,7,858
17/09/2020,8,861
17/09/2020,9,610
17/09/2020,10,601
17/09/2020,11,672
17/09/2020,12,873
17/09/2020,13,848
17/09/2020,14,830
17/09/2020,15,1074
17/09/2020,16,1425
17/09/2020,17,2152
17/09/2020,18,2003
17/09/2020,19,1276
17/09/2020,20,680
17/09/2020,21,541
17/09/2020,22,568
17/09/2020,23,337
17/09/2021,0,552
17/09/2021,1,320
17/09/2021,2,148
17/09/2021,3,72
17/09/2021,4,102
17/09/2021,5,228
17/09/2021,6,636
17/09/2021,7,1050
17/09/2021,8,1230
17/09/2021,9,937
17/09/2021,10,1090
17/09/2021,11,1268
17/09/2021,12,1466
17/09/2021,13,1666
17/09/2021,14,1723
17/09/2021,15,2037
17/09/2021,16,2518
17/09/2021,17,2714
17/09/2021,18,2475
17/09/2021,19,1201
17/09/2021,20,632
17/09/2021,21,812
17/09/2021,22,979
17/09/2021,23,1149
17/09/2022,0,1122
17/09/2022,1,727
17/09/2022,2,399
17/09/2022,3,163
17/09/2022,4,93
17/09/2022,5,124
17/09/2022,6,241
17/09/2022,7,440
17/09/2022,8,736
17/09/2022,9,1171
17/09/2022,10,1592
17/09/2022,11,1971
17/09/2022,12,2345
17/09/2022,13,2313
17/09/2022,14,2182
17/09/2022,15,2187
17/09/2022,16,2198
17/09/2022,17,2155
17/09/2022,18,1994
17/09/2022,19,1498
17/09/2022,20,1161
17/09/2022,21,1304
17/09/2022,22,1278
17/09/2022,23,1297
17/10/2019,0,52
17/10/2019,1,36
17/10/2019,2,8
17/10/2019,3,10
17/10/2019,4,20
17/10/2019,5,165
17/10/2019,6,470
17/10/2019,7,1172
17/10/2019,8,1512
17/10/2019,9,655
17/10/2019,10,437
17/10/2019,11,474
17/10/2019,12,589
17/10/2019,13,508
17/10/2019,14,532
17/10/2019,15,714
17/10/2019,16,1406
17/10/2019,17,1941
17/10/2019,18,1195
17/10/2019,19,651
17/10/2019,20,412
17/10/2019,21,315
17/10/2019,22,220
17/10/2019,23,141
17/10/2020,0,213
17/10/2020,1,194
17/10/2020,2,63
17/10/2020,3,34
17/10/2020,4,34
17/10/2020,5,26
17/10/2020,6,116
17/10/2020,7,218
17/10/2020,8,400
17/10/2020,9,670
17/10/2020,10,940
17/10/2020,11,1060
17/10/2020,12,1075
17/10/2020,13,1365
17/10/2020,14,1461
17/10/2020,15,1348
17/10/2020,16,1208
17/10/2020,17,1015
17/10/2020,18,829
17/10/2020,19,645
17/10/2020,20,480
17/10/2020,21,417
17/10/2020,22,350
17/10/2020,23,360
17/10/2021,0,650
17/10/2021,1,409
17/10/2021,2,307
17/10/2021,3,189
17/10/2021,4,102
17/10/2021,5,74
17/10/2021,6,150
17/10/2021,7,267
17/10/2021,8,569
17/10/2021,9,1097
17/10/2021,10,1632
17/10/2021,11,2105
17/10/2021,12,2159
17/10/2021,13,1963
17/10/2021,14,2047
17/10/2021,15,2688
17/10/2021,16,2280
17/10/2021,17,2073
17/10/2021,18,1495
17/10/2021,19,1037
17/10/2021,20,731
17/10/2021,21,516
17/10/2021,22,418
17/10/2021,23,247
17/10/2022,0,87
17/10/2022,1,47
17/10/2022,2,27
17/10/2022,3,28
17/10/2022,4,45
17/10/2022,5,148
17/10/2022,6,380
17/10/2022,7,723
17/10/2022,8,942
17/10/2022,9,552
17/10/2022,10,427
17/10/2022,11,498
17/10/2022,12,553
17/10/2022,13,582
17/10/2022,14,568
17/10/2022,15,682
17/10/2022,16,1073
17/10/2022,17,1356
17/10/2022,18,968
17/10/2022,19,647
17/10/2022,20,404
17/10/2022,21,327
17/10/2022,22,223
17/10/2022,23,152
17/11/2019,0,81
17/11/2019,1,34
17/11/2019,2,26
17/11/2019,3,14
17/11/2019,4,13
17/11/2019,5,14
17/11/2019,6,23
17/11/2019,7,50
17/11/2019,8,136
17/11/2019,9,179
17/11/2019,10,300
17/11/2019,11,283
17/11/2019,12,318
17/11/2019,13,340
17/11/2019,14,326
17/11/2019,15,297
17/11/2019,16,297
17/11/2019,17,211
17/11/2019,18,180
17/11/2019,19,137
17/11/2019,20,93
17/11/2019,21,67
17/11/2019,22,54
17/11/2019,23,34
17/11/2020,0,28
17/11/2020,1,11
17/11/2020,2,9
17/11/2020,3,2
17/11/2020,4,13
17/11/2020,5,83
17/11/2020,6,233
17/11/2020,7,414
17/11/2020,8,374
17/11/2020,9,268
17/11/2020,10,269
17/11/2020,11,332
17/11/2020,12,406
17/11/2020,13,420
17/11/2020,14,426
17/11/2020,15,518
17/11/2020,16,668
17/11/2020,17,703
17/11/2020,18,545
17/11/2020,19,378
17/11/2020,20,208
17/11/2020,21,129
17/11/2020,22,99
17/11/2020,23,66
17/11/2021,0,114
17/11/2021,1,54
17/11/2021,2,42
17/11/2021,3,19
17/11/2021,4,42
17/11/2021,5,159
17/11/2021,6,466
17/11/2021,7,935
17/11/2021,8,1036
17/11/2021,9,703
17/11/2021,10,499
17/11/2021,11,562
17/11/2021,12,541
17/11/2021,13,510
17/11/2021,14,388
17/11/2021,15,388
17/11/2021,16,742
17/11/2021,17,1168
17/11/2021,18,1032
17/11/2021,19,756
17/11/2021,20,529
17/11/2021,21,448
17/11/2021,22,303
17/11/2021,23,184
17/11/2022,0,67
17/11/2022,1,41
17/11/2022,2,21
17/11/2022,3,13
17/11/2022,4,26
17/11/2022,5,86
17/11/2022,6,329
17/11/2022,7,611
17/11/2022,8,814
17/11/2022,9,430
17/11/2022,10,381
17/11/2022,11,396
17/11/2022,12,430
17/11/2022,13,429
17/11/2022,14,361
17/11/2022,15,560
17/11/2022,16,812
17/11/2022,17,942
17/11/2022,18,679
17/11/2022,19,494
17/11/2022,20,336
17/11/2022,21,252
17/11/2022,22,247
17/11/2022,23,147
17/12/2019,0,18
17/12/2019,1,9
17/12/2019,2,4
17/12/2019,3,1
17/12/2019,4,19
17/12/2019,5,104
17/12/2019,6,283
17/12/2019,7,617
17/12/2019,8,770
17/12/2019,9,291
17/12/2019,10,151
17/12/2019,11,215
17/12/2019,12,221
17/12/2019,13,225
17/12/2019,14,217
17/12/2019,15,317
17/12/2019,16,663
17/12/2019,17,801
17/12/2019,18,450
17/12/2019,19,267
17/12/2019,20,146
17/12/2019,21,95
17/12/2019,22,60
17/12/2019,23,29
17/12/2020,0,13
17/12/2020,1,9
17/12/2020,2,3
17/12/2020,3,8
17/12/2020,4,15
17/12/2020,5,39
17/12/2020,6,139
17/12/2020,7,269
17/12/2020,8,250
17/12/2020,9,181
17/12/2020,10,164
17/12/2020,11,194
17/12/2020,12,236
17/12/2020,13,234
17/12/2020,14,262
17/12/2020,15,275
17/12/2020,16,386
17/12/2020,17,406
17/12/2020,18,359
17/12/2020,19,229
17/12/2020,20,132
17/12/2020,21,79
17/12/2020,22,88
17/12/2020,23,41
17/12/2021,0,91
17/12/2021,1,46
17/12/2021,2,35
17/12/2021,3,15
17/12/2021,4,27
17/12/2021,5,107
17/12/2021,6,228
17/12/2021,7,477
17/12/2021,8,523
17/12/2021,9,391
17/12/2021,10,375
17/12/2021,11,473
17/12/2021,12,603
17/12/2021,13,547
17/12/2021,14,588
17/12/2021,15,750
17/12/2021,16,821
17/12/2021,17,824
17/12/2021,18,628
17/12/2021,19,494
17/12/2021,20,287
17/12/2021,21,243
17/12/2021,22,269
17/12/2021,23,218
17/12/2022,0,100
17/12/2022,1,98
17/12/2022,2,46
17/12/2022,3,33
17/12/2022,4,20
17/12/2022,5,31
17/12/2022,6,59
17/12/2022,7,95
17/12/2022,8,154
17/12/2022,9,201
17/12/2022,10,212
17/12/2022,11,278
17/12/2022,12,309
17/12/2022,13,305
17/12/2022,14,314
17/12/2022,15,309
17/12/2022,16,319
17/12/2022,17,271
17/12/2022,18,223
17/12/2022,19,214
17/12/2022,20,140
17/12/2022,21,96
17/12/2022,22,108
17/12/2022,23,98
18/01/2019,0,21
18/01/2019,1,18
18/01/2019,2,10
18/01/2019,3,6
18/01/2019,4,13
18/01/2019,5,70
18/01/2019,6,236
18/01/2019,7,556
18/01/2019,8,703
18/01/2019,9,269
18/01/2019,10,163
18/01/2019,11,191
18/01/2019,12,222
18/01/2019,13,192
18/01/2019,14,207
18/01/2019,15,321
18/01/2019,16,539
18/01/2019,17,563
18/01/2019,18,318
18/01/2019,19,185
18/01/2019,20,99
18/01/2019,21,41
18/01/2019,22,32
18/01/2019,23,18
18/01/2020,0,7
18/01/2020,1,9
18/01/2020,2,2
18/01/2020,3,2
18/01/2020,4,3
18/01/2020,5,8
18/01/2020,6,11
18/01/2020,7,26
18/01/2020,8,47
18/01/2020,9,61
18/01/2020,10,79
18/01/2020,11,117
18/01/2020,12,106
18/01/2020,13,140
18/01/2020,14,93
18/01/2020,15,99
18/01/2020,16,51
18/01/2020,17,59
18/01/2020,18,43
18/01/2020,19,38
18/01/2020,20,25
18/01/2020,21,19
18/01/2020,22,19
18/01/2020,23,12
18/01/2021,0,22
18/01/2021,1,10
18/01/2021,2,7
18/01/2021,3,5
18/01/2021,4,10
18/01/2021,5,35
18/01/2021,6,80
18/01/2021,7,143
18/01/2021,8,159
18/01/2021,9,168
18/01/2021,10,185
18/01/2021,11,230
18/01/2021,12,308
18/01/2021,13,296
18/01/2021,14,331
18/01/2021,15,304
18/01/2021,16,341
18/01/2021,17,293
18/01/2021,18,285
18/01/2021,19,153
18/01/2021,20,81
18/01/2021,21,65
18/01/2021,22,65
18/01/2021,23,24
18/01/2022,0,18
18/01/2022,1,12
18/01/2022,2,5
18/01/2022,3,4
18/01/2022,4,12
18/01/2022,5,92
18/01/2022,6,197
18/01/2022,7,365
18/01/2022,8,448
18/01/2022,9,201
18/01/2022,10,168
18/01/2022,11,243
18/01/2022,12,284
18/01/2022,13,266
18/01/2022,14,295
18/01/2022,15,450
18/01/2022,16,575
18/01/2022,17,691
18/01/2022,18,524
18/01/2022,19,330
18/01/2022,20,240
18/01/2022,21,183
18/01/2022,22,103
18/01/2022,23,64
18/02/2019,0,7
18/02/2019,1,3
18/02/2019,2,3
18/02/2019,3,2
18/02/2019,4,3
18/02/2019,5,29
18/02/2019,6,84
18/02/2019,7,86
18/02/2019,8,121
18/02/2019,9,79
18/02/2019,10,60
18/02/2019,11,81
18/02/2019,12,103
18/02/2019,13,110
18/02/2019,14,118
18/02/2019,15,134
18/02/2019,16,267
18/02/2019,17,370
18/02/2019,18,209
18/02/2019,19,140
18/02/2019,20,85
18/02/2019,21,80
18/02/2019,22,30
18/02/2019,23,23
18/02/2020,0,6
18/02/2020,1,7
18/02/2020,3,2
18/02/2020,4,23
18/02/2020,5,102
18/02/2020,6,284
18/02/2020,7,676
18/02/2020,8,856
18/02/2020,9,291
18/02/2020,10,153
18/02/2020,11,212
18/02/2020,12,242
18/02/2020,13,220
18/02/2020,14,235
18/02/2020,15,319
18/02/2020,16,741
18/02/2020,17,940
18/02/2020,18,571
18/02/2020,19,317
18/02/2020,20,195
18/02/2020,21,113
18/02/2020,22,76
18/02/2020,23,37
18/02/2021,0,4
18/02/2021,1,1
18/02/2021,3,2
18/02/2021,4,3
18/02/2021,5,16
18/02/2021,6,21
18/02/2021,7,45
18/02/2021,8,39
18/02/2021,9,31
18/02/2021,10,23
18/02/2021,11,35
18/02/2021,12,48
18/02/2021,13,37
18/02/2021,14,46
18/02/2021,15,66
18/02/2021,16,71
18/02/2021,17,92
18/02/2021,18,85
18/02/2021,19,55
18/02/2021,20,31
18/02/2021,21,19
18/02/2021,22,16
18/02/2021,23,13
18/02/2022,0,21
18/02/2022,1,11
18/02/2022,2,5
18/02/2022,3,5
18/02/2022,4,13
18/02/2022,5,30
18/02/2022,6,70
18/02/2022,7,134
18/02/2022,8,146
18/02/2022,9,108
18/02/2022,10,101
18/02/2022,11,119
18/02/2022,12,187
18/02/2022,13,192
18/02/2022,14,177
18/02/2022,15,230
18/02/2022,16,272
18/02/2022,17,289
18/02/2022,18,246
18/02/2022,19,193
18/02/2022,20,113
18/02/2022,21,64
18/02/2022,22,75
18/02/2022,23,57
18/03/2019,0,32
18/03/2019,1,11
18/03/2019,2,6
18/03/2019,3,3
18/03/2019,4,22
18/03/2019,5,75
18/03/2019,6,268
18/03/2019,7,561
18/03/2019,8,754
18/03/2019,9,314
18/03/2019,10,190
18/03/2019,11,243
18/03/2019,12,269
18/03/2019,13,271
18/03/2019,14,283
18/03/2019,15,368
18/03/2019,16,806
18/03/2019,17,1130
18/03/2019,18,656
18/03/2019,19,305
18/03/2019,20,212
18/03/2019,21,133
18/03/2019,22,83
18/03/2019,23,25
18/03/2020,0,10
18/03/2020,1,7
18/03/2020,2,5
18/03/2020,3,4
18/03/2020,4,10
18/03/2020,5,41
18/03/2020,6,112
18/03/2020,7,192
18/03/2020,8,187
18/03/2020,9,198
18/03/2020,10,179
18/03/2020,11,202
18/03/2020,12,89
18/03/2020,13,48
18/03/2020,14,58
18/03/2020,15,92
18/03/2020,16,68
18/03/2020,17,162
18/03/2020,18,160
18/03/2020,19,110
18/03/2020,20,85
18/03/2020,21,41
18/03/2020,22,36
18/03/2020,23,14
18/03/2021,0,15
18/03/2021,1,16
18/03/2021,2,4
18/03/2021,3,4
18/03/2021,4,13
18/03/2021,5,52
18/03/2021,6,113
18/03/2021,7,169
18/03/2021,8,123
18/03/2021,9,95
18/03/2021,10,70
18/03/2021,11,105
18/03/2021,12,150
18/03/2021,13,188
18/03/2021,14,218
18/03/2021,15,278
18/03/2021,16,405
18/03/2021,17,498
18/03/2021,18,475
18/03/2021,19,276
18/03/2021,20,192
18/03/2021,21,142
18/03/2021,22,74
18/03/2021,23,51
18/03/2022,0,160
18/03/2022,1,75
18/03/2022,2,59
18/03/2022,3,31
18/03/2022,4,32
18/03/2022,5,86
18/03/2022,6,220
18/03/2022,7,499
18/03/2022,8,548
18/03/2022,9,377
18/03/2022,10,330
18/03/2022,11,417
18/03/2022,12,380
18/03/2022,13,226
18/03/2022,14,227
18/03/2022,15,150
18/03/2022,16,277
18/03/2022,17,308
18/03/2022,18,328
18/03/2022,19,208
18/03/2022,20,157
18/03/2022,21,78
18/03/2022,22,79
18/03/2022,23,74
18/04/2020,0,6
18/04/2020,1,9
18/04/2020,2,5
18/04/2020,3,1
18/04/2020,4,3
18/04/2020,5,12
18/04/2020,6,28
18/04/2020,7,63
18/04/2020,8,75
18/04/2020,9,139
18/04/2020,10,225
18/04/2020,11,364
18/04/2020,12,460
18/04/2020,13,600
18/04/2020,14,636
18/04/2020,15,656
18/04/2020,16,615
18/04/2020,17,423
18/04/2020,18,339
18/04/2020,19,218
18/04/2020,20,87
18/04/2020,21,66
18/04/2020,22,48
18/04/2020,23,38
18/04/2021,0,340
18/04/2021,1,231
18/04/2021,2,79
18/04/2021,3,45
18/04/2021,4,39
18/04/2021,5,35
18/04/2021,6,86
18/04/2021,7,162
18/04/2021,8,267
18/04/2021,9,547
18/04/2021,10,762
18/04/2021,11,1017
18/04/2021,12,1341
18/04/2021,13,1292
18/04/2021,14,1224
18/04/2021,15,1143
18/04/2021,16,1134
18/04/2021,17,1038
18/04/2021,18,810
18/04/2021,19,621
18/04/2021,20,427
18/04/2021,21,312
18/04/2021,22,210
18/04/2021,23,157
18/04/2022,0,43
18/04/2022,1,41
18/04/2022,2,12
18/04/2022,3,7
18/04/2022,4,15
18/04/2022,5,51
18/04/2022,6,201
18/04/2022,7,417
18/04/2022,8,570
18/04/2022,9,337
18/04/2022,10,304
18/04/2022,11,353
18/04/2022,12,413
18/04/2022,13,368
18/04/2022,14,472
18/04/2022,15,501
18/04/2022,16,712
18/04/2022,17,956
18/04/2022,18,711
18/04/2022,19,464
18/04/2022,20,353
18/04/2022,21,306
18/04/2022,22,157
18/04/2022,23,107
18/05/2020,0,20
18/05/2020,1,9
18/05/2020,2,2
18/05/2020,3,5
18/05/2020,4,7
18/05/2020,5,26
18/05/2020,6,98
18/05/2020,7,170
18/05/2020,8,186
18/05/2020,9,156
18/05/2020,10,143
18/05/2020,11,221
18/05/2020,12,257
18/05/2020,13,277
18/05/2020,14,277
18/05/2020,15,311
18/05/2020,16,381
18/05/2020,17,429
18/05/2020,18,359
18/05/2020,19,259
18/05/2020,20,151
18/05/2020,21,74
18/05/2020,22,45
18/05/2020,23,22
18/05/2021,0,145
18/05/2021,1,62
18/05/2021,2,45
18/05/2021,3,28
18/05/2021,4,30
18/05/2021,5,141
18/05/2021,6,390
18/05/2021,7,814
18/05/2021,8,799
18/05/2021,9,573
18/05/2021,10,479
18/05/2021,11,721
18/05/2021,12,795
18/05/2021,13,806
18/05/2021,14,796
18/05/2021,15,877
18/05/2021,16,1139
18/05/2021,17,1482
18/05/2021,18,786
18/05/2021,19,481
18/05/2021,20,334
18/05/2021,21,337
18/05/2021,22,373
18/05/2021,23,238
18/05/2022,0,96
18/05/2022,1,78
18/05/2022,2,33
18/05/2022,3,25
18/05/2022,4,42
18/05/2022,5,178
18/05/2022,6,329
18/05/2022,7,652
18/05/2022,8,993
18/05/2022,9,432
18/05/2022,10,202
18/05/2022,11,252
18/05/2022,12,392
18/05/2022,13,511
18/05/2022,14,694
18/05/2022,15,935
18/05/2022,16,1516
18/05/2022,17,2106
18/05/2022,18,1682
18/05/2022,19,1251
18/05/2022,20,885
18/05/2022,21,728
18/05/2022,22,642
18/05/2022,23,326
18/06/2020,0,74
18/06/2020,1,41
18/06/2020,2,23
18/06/2020,3,9
18/06/2020,4,17
18/06/2020,5,108
18/06/2020,6,303
18/06/2020,7,454
18/06/2020,8,518
18/06/2020,9,396
18/06/2020,10,386
18/06/2020,11,517
18/06/2020,12,694
18/06/2020,13,633
18/06/2020,14,704
18/06/2020,15,796
18/06/2020,16,1178
18/06/2020,17,1616
18/06/2020,18,1573
18/06/2020,19,1261
18/06/2020,20,892
18/06/2020,21,501
18/06/2020,22,361
18/06/2020,23,264
18/06/2021,0,452
18/06/2021,1,248
18/06/2021,2,152
18/06/2021,3,120
18/06/2021,4,81
18/06/2021,5,61
18/06/2021,6,240
18/06/2021,7,559
18/06/2021,8,782
18/06/2021,9,796
18/06/2021,10,972
18/06/2021,11,1281
18/06/2021,12,1549
18/06/2021,13,1748
18/06/2021,14,1847
18/06/2021,15,2009
18/06/2021,16,2519
18/06/2021,17,2965
18/06/2021,18,2540
18/06/2021,19,2031
18/06/2021,20,1488
18/06/2021,21,1292
18/06/2021,22,1212
18/06/2021,23,1147
18/06/2022,0,798
18/06/2022,1,571
18/06/2022,2,304
18/06/2022,3,169
18/06/2022,4,111
18/06/2022,5,132
18/06/2022,6,239
18/06/2022,7,554
18/06/2022,8,843
18/06/2022,9,1366
18/06/2022,10,1862
18/06/2022,11,2416
18/06/2022,12,2654
18/06/2022,13,2630
18/06/2022,14,2509
18/06/2022,15,2765
18/06/2022,16,2691
18/06/2022,17,2553
18/06/2022,18,2420
18/06/2022,19,1848
18/06/2022,20,1430
18/06/2022,21,1237
18/06/2022,22,1279
18/06/2022,23,924
18/07/2019,0,82
18/07/2019,1,43
18/07/2019,2,16
18/07/2019,3,13
18/07/2019,4,32
18/07/2019,5,204
18/07/2019,6,631
18/07/2019,7,788
18/07/2019,8,168
18/07/2019,9,85
18/07/2019,10,74
18/07/2019,11,100
18/07/2019,12,161
18/07/2019,13,503
18/07/2019,14,588
18/07/2019,15,875
18/07/2019,16,1556
18/07/2019,17,2162
18/07/2019,18,1506
18/07/2019,19,1184
18/07/2019,20,851
18/07/2019,21,649
18/07/2019,22,392
18/07/2019,23,232
18/07/2020,0,548
18/07/2020,1,374
18/07/2020,2,182
18/07/2020,3,98
18/07/2020,4,52
18/07/2020,5,101
18/07/2020,6,228
18/07/2020,7,391
18/07/2020,8,638
18/07/2020,9,978
18/07/2020,10,1349
18/07/2020,11,1563
18/07/2020,12,1824
18/07/2020,13,1864
18/07/2020,14,1668
18/07/2020,15,1709
18/07/2020,16,1596
18/07/2020,17,1627
18/07/2020,18,1553
18/07/2020,19,1215
18/07/2020,20,1069
18/07/2020,21,883
18/07/2020,22,753
18/07/2020,23,728
18/07/2021,0,1171
18/07/2021,1,903
18/07/2021,2,665
18/07/2021,3,340
18/07/2021,4,197
18/07/2021,5,171
18/07/2021,6,225
18/07/2021,7,350
18/07/2021,8,604
18/07/2021,9,1088
18/07/2021,10,1505
18/07/2021,11,2063
18/07/2021,12,2346
18/07/2021,13,2568
18/07/2021,14,2570
18/07/2021,15,2632
18/07/2021,16,2681
18/07/2021,17,2431
18/07/2021,18,2254
18/07/2021,19,1846
18/07/2021,20,1386
18/07/2021,21,959
18/07/2021,22,672
18/07/2021,23,390
18/07/2022,0,221
18/07/2022,1,129
18/07/2022,2,80
18/07/2022,3,67
18/07/2022,4,66
18/07/2022,5,230
18/07/2022,6,625
18/07/2022,7,1075
18/07/2022,8,1212
18/07/2022,9,877
18/07/2022,10,785
18/07/2022,11,938
18/07/2022,12,1151
18/07/2022,13,1224
18/07/2022,14,1232
18/07/2022,15,1564
18/07/2022,16,2177
18/07/2022,17,2859
18/07/2022,18,2583
18/07/2022,19,2014
18/07/2022,20,1599
18/07/2022,21,1044
18/07/2022,22,721
18/07/2022,23,381
18/08/2019,0,282
18/08/2019,1,187
18/08/2019,2,105
18/08/2019,3,69
18/08/2019,4,33
18/08/2019,5,52
18/08/2019,6,99
18/08/2019,7,128
18/08/2019,8,37
18/08/2019,9,36
18/08/2019,10,292
18/08/2019,11,645
18/08/2019,12,1088
18/08/2019,13,1437
18/08/2019,14,1382
18/08/2019,15,1613
18/08/2019,16,1419
18/08/2019,17,1358
18/08/2019,18,1245
18/08/2019,19,1061
18/08/2019,20,659
18/08/2019,21,466
18/08/2019,22,263
18/08/2019,23,180
18/08/2020,0,94
18/08/2020,1,46
18/08/2020,2,17
18/08/2020,3,18
18/08/2020,4,29
18/08/2020,5,152
18/08/2020,6,520
18/08/2020,7,834
18/08/2020,8,850
18/08/2020,9,642
18/08/2020,10,660
18/08/2020,11,755
18/08/2020,12,1000
18/08/2020,13,985
18/08/2020,14,932
18/08/2020,15,1097
18/08/2020,16,1612
18/08/2020,17,2452
18/08/2020,18,2395
18/08/2020,19,1836
18/08/2020,20,1026
18/08/2020,21,613
18/08/2020,22,446
18/08/2020,23,267
18/08/2021,0,230
18/08/2021,1,119
18/08/2021,2,77
18/08/2021,3,36
18/08/2021,4,64
18/08/2021,5,243
18/08/2021,6,599
18/08/2021,7,1166
18/08/2021,8,1241
18/08/2021,9,842
18/08/2021,10,762
18/08/2021,11,1004
18/08/2021,12,1132
18/08/2021,13,1188
18/08/2021,14,1101
18/08/2021,15,1380
18/08/2021,16,2020
18/08/2021,17,3034
18/08/2021,18,2670
18/08/2021,19,2149
18/08/2021,20,1569
18/08/2021,21,1174
18/08/2021,22,908
18/08/2021,23,503
18/08/2022,0,248
18/08/2022,1,119
18/08/2022,2,63
18/08/2022,3,41
18/08/2022,4,57
18/08/2022,5,222
18/08/2022,6,701
18/08/2022,7,1269
18/08/2022,8,1444
18/08/2022,9,925
18/08/2022,10,915
18/08/2022,11,1025
18/08/2022,12,1308
18/08/2022,13,1343
18/08/2022,14,1423
18/08/2022,15,1591
18/08/2022,16,2204
18/08/2022,17,2982
18/08/2022,18,2692
18/08/2022,19,2014
18/08/2022,20,1455
18/08/2022,21,1188
18/08/2022,22,917
18/08/2022,23,557
18/09/2019,0,72
18/09/2019,1,40
18/09/2019,2,19
18/09/2019,3,17
18/09/2019,4,50
18/09/2019,5,209
18/09/2019,6,709
18/09/2019,7,1593
18/09/2019,8,1879
18/09/2019,9,774
18/09/2019,10,534
18/09/2019,11,652
18/09/2019,12,760
18/09/2019,13,801
18/09/2019,14,704
18/09/2019,15,939
18/09/2019,16,1879
18/09/2019,17,2929
18/09/2019,18,1870
18/09/2019,19,1165
18/09/2019,20,712
18/09/2019,21,524
18/09/2019,22,408
18/09/2019,23,224
18/09/2020,0,141
18/09/2020,1,61
18/09/2020,2,22
18/09/2020,3,22
18/09/2020,4,28
18/09/2020,5,128
18/09/2020,6,369
18/09/2020,7,690
18/09/2020,8,760
18/09/2020,9,652
18/09/2020,10,663
18/09/2020,11,827
18/09/2020,12,973
18/09/2020,13,984
18/09/2020,14,988
18/09/2020,15,1258
18/09/2020,16,1572
18/09/2020,17,2021
18/09/2020,18,1721
18/09/2020,19,1142
18/09/2020,20,598
18/09/2020,21,457
18/09/2020,22,463
18/09/2020,23,447
18/09/2021,0,903
18/09/2021,1,737
18/09/2021,2,369
18/09/2021,3,171
18/09/2021,4,116
18/09/2021,5,133
18/09/2021,6,271
18/09/2021,7,504
18/09/2021,8,813
18/09/2021,9,1264
18/09/2021,10,1705
18/09/2021,11,2111
18/09/2021,12,2369
18/09/2021,13,2463
18/09/2021,14,2543
18/09/2021,15,2562
18/09/2021,16,2433
18/09/2021,17,2356
18/09/2021,18,2184
18/09/2021,19,1633
18/09/2021,20,1209
18/09/2021,21,1158
18/09/2021,22,1454
18/09/2021,23,1550
18/09/2022,0,1033
18/09/2022,1,756
18/09/2022,2,491
18/09/2022,3,204
18/09/2022,4,123
18/09/2022,5,150
18/09/2022,6,199
18/09/2022,7,306
18/09/2022,8,498
18/09/2022,9,793
18/09/2022,10,1251
18/09/2022,11,1731
18/09/2022,12,1863
18/09/2022,13,2041
18/09/2022,14,1850
18/09/2022,15,1904
18/09/2022,16,1967
18/09/2022,17,1846
18/09/2022,18,1744
18/09/2022,19,1385
18/09/2022,20,973
18/09/2022,21,834
18/09/2022,22,778
18/09/2022,23,211
18/10/2019,0,86
18/10/2019,1,36
18/10/2019,2,32
18/10/2019,3,10
18/10/2019,4,23
18/10/2019,5,137
18/10/2019,6,450
18/10/2019,7,1020
18/10/2019,8,1408
18/10/2019,9,635
18/10/2019,10,513
18/10/2019,11,601
18/10/2019,12,760
18/10/2019,13,720
18/10/2019,14,775
18/10/2019,15,1015
18/10/2019,16,1616
18/10/2019,17,1640
18/10/2019,18,998
18/10/2019,19,546
18/10/2019,20,345
18/10/2019,21,214
18/10/2019,22,311
18/10/2019,23,205
18/10/2020,0,266
18/10/2020,1,214
18/10/2020,2,98
18/10/2020,3,60
18/10/2020,4,28
18/10/2020,5,31
18/10/2020,6,112
18/10/2020,7,147
18/10/2020,8,267
18/10/2020,9,385
18/10/2020,10,232
18/10/2020,11,309
18/10/2020,12,383
18/10/2020,13,215
18/10/2020,14,173
18/10/2020,15,328
18/10/2020,16,308
18/10/2020,17,415
18/10/2020,18,384
18/10/2020,19,276
18/10/2020,20,180
18/10/2020,21,178
18/10/2020,22,126
18/10/2020,23,107
18/10/2021,0,126
18/10/2021,1,70
18/10/2021,2,58
18/10/2021,3,45
18/10/2021,4,40
18/10/2021,5,181
18/10/2021,6,561
18/10/2021,7,1060
18/10/2021,8,1262
18/10/2021,9,778
18/10/2021,10,825
18/10/2021,11,1018
18/10/2021,12,1230
18/10/2021,13,1233
18/10/2021,14,1239
18/10/2021,15,1490
18/10/2021,16,2079
18/10/2021,17,2734
18/10/2021,18,1965
18/10/2021,19,1293
18/10/2021,20,921
18/10/2021,21,718
18/10/2021,22,457
18/10/2021,23,288
18/10/2022,0,85
18/10/2022,1,32
18/10/2022,2,14
18/10/2022,3,15
18/10/2022,4,37
18/10/2022,5,145
18/10/2022,6,403
18/10/2022,7,849
18/10/2022,8,1101
18/10/2022,9,606
18/10/2022,10,411
18/10/2022,11,524
18/10/2022,12,616
18/10/2022,13,629
18/10/2022,14,611
18/10/2022,15,904
18/10/2022,16,1231
18/10/2022,17,1551
18/10/2022,18,1155
18/10/2022,19,792
18/10/2022,20,530
18/10/2022,21,442
18/10/2022,22,303
18/10/2022,23,172
18/11/2019,0,16
18/11/2019,1,9
18/11/2019,2,8
18/11/2019,3,4
18/11/2019,4,19
18/11/2019,5,108
18/11/2019,6,300
18/11/2019,7,791
18/11/2019,8,1005
18/11/2019,9,376
18/11/2019,10,189
18/11/2019,11,210
18/11/2019,12,295
18/11/2019,13,216
18/11/2019,14,236
18/11/2019,15,391
18/11/2019,16,859
18/11/2019,17,1208
18/11/2019,18,687
18/11/2019,19,358
18/11/2019,20,207
18/11/2019,21,162
18/11/2019,22,89
18/11/2019,23,52
18/11/2020,0,27
18/11/2020,1,10
18/11/2020,2,3
18/11/2020,3,6
18/11/2020,4,20
18/11/2020,5,77
18/11/2020,6,218
18/11/2020,7,449
18/11/2020,8,436
18/11/2020,9,342
18/11/2020,10,356
18/11/2020,11,415
18/11/2020,12,502
18/11/2020,13,474
18/11/2020,14,470
18/11/2020,15,523
18/11/2020,16,692
18/11/2020,17,730
18/11/2020,18,608
18/11/2020,19,401
18/11/2020,20,239
18/11/2020,21,146
18/11/2020,22,100
18/11/2020,23,86
18/11/2021,0,108
18/11/2021,1,50
18/11/2021,2,25
18/11/2021,3,21
18/11/2021,4,26
18/11/2021,5,127
18/11/2021,6,375
18/11/2021,7,766
18/11/2021,8,977
18/11/2021,9,595
18/11/2021,10,437
18/11/2021,11,495
18/11/2021,12,579
18/11/2021,13,561
18/11/2021,14,500
18/11/2021,15,716
18/11/2021,16,881
18/11/2021,17,1143
18/11/2021,18,880
18/11/2021,19,588
18/11/2021,20,424
18/11/2021,21,310
18/11/2021,22,285
18/11/2021,23,193
18/11/2022,0,90
18/11/2022,1,44
18/11/2022,2,29
18/11/2022,3,19
18/11/2022,4,23
18/11/2022,5,78
18/11/2022,6,269
18/11/2022,7,442
18/11/2022,8,496
18/11/2022,9,305
18/11/2022,10,298
18/11/2022,11,326
18/11/2022,12,431
18/11/2022,13,371
18/11/2022,14,382
18/11/2022,15,529
18/11/2022,16,555
18/11/2022,17,589
18/11/2022,18,502
18/11/2022,19,317
18/11/2022,20,189
18/11/2022,21,174
18/11/2022,22,145
18/11/2022,23,123
18/12/2019,0,16
18/12/2019,1,8
18/12/2019,2,3
18/12/2019,3,1
18/12/2019,4,10
18/12/2019,5,81
18/12/2019,6,214
18/12/2019,7,476
18/12/2019,8,645
18/12/2019,9,240
18/12/2019,10,107
18/12/2019,11,150
18/12/2019,12,170
18/12/2019,13,149
18/12/2019,14,161
18/12/2019,15,251
18/12/2019,16,532
18/12/2019,17,683
18/12/2019,18,355
18/12/2019,19,200
18/12/2019,20,114
18/12/2019,21,98
18/12/2019,22,59
18/12/2019,23,39
18/12/2020,0,22
18/12/2020,1,19
18/12/2020,2,7
18/12/2020,3,5
18/12/2020,4,10
18/12/2020,5,50
18/12/2020,6,132
18/12/2020,7,246
18/12/2020,8,253
18/12/2020,9,175
18/12/2020,10,225
18/12/2020,11,340
18/12/2020,12,378
18/12/2020,13,362
18/12/2020,14,387
18/12/2020,15,493
18/12/2020,16,506
18/12/2020,17,422
18/12/2020,18,377
18/12/2020,19,245
18/12/2020,20,122
18/12/2020,21,87
18/12/2020,22,74
18/12/2020,23,77
18/12/2021,0,163
18/12/2021,1,104
18/12/2021,2,69
18/12/2021,3,32
18/12/2021,4,33
18/12/2021,5,41
18/12/2021,6,72
18/12/2021,7,110
18/12/2021,8,170
18/12/2021,9,217
18/12/2021,10,377
18/12/2021,11,436
18/12/2021,12,488
18/12/2021,13,584
18/12/2021,14,491
18/12/2021,15,533
18/12/2021,16,544
18/12/2021,17,413
18/12/2021,18,369
18/12/2021,19,298
18/12/2021,20,228
18/12/2021,21,180
18/12/2021,22,196
18/12/2021,23,155
18/12/2022,0,111
18/12/2022,1,89
18/12/2022,2,40
18/12/2022,3,36
18/12/2022,4,26
18/12/2022,5,23
18/12/2022,6,66
18/12/2022,7,72
18/12/2022,8,194
18/12/2022,9,144
18/12/2022,10,219
18/12/2022,11,252
18/12/2022,12,295
18/12/2022,13,263
18/12/2022,14,271
18/12/2022,15,362
18/12/2022,16,330
18/12/2022,17,247
18/12/2022,18,174
18/12/2022,19,133
18/12/2022,20,103
18/12/2022,21,88
18/12/2022,22,70
18/12/2022,23,64
19/01/2019,0,14
19/01/2019,1,13
19/01/2019,2,2
19/01/2019,3,9
19/01/2019,4,1
19/01/2019,5,3
19/01/2019,6,7
19/01/2019,7,8
19/01/2019,8,13
19/01/2019,9,24
19/01/2019,10,18
19/01/2019,11,35
19/01/2019,12,42
19/01/2019,13,36
19/01/2019,14,45
19/01/2019,15,46
19/01/2019,16,38
19/01/2019,17,34
19/01/2019,18,42
19/01/2019,19,36
19/01/2019,20,26
19/01/2019,21,14
19/01/2019,22,13
19/01/2019,23,9
19/01/2020,0,12
19/01/2020,1,4
19/01/2020,2,7
19/01/2020,3,3
19/01/2020,4,4
19/01/2020,5,4
19/01/2020,6,7
19/01/2020,7,15
19/01/2020,8,21
19/01/2020,9,35
19/01/2020,10,50
19/01/2020,11,70
19/01/2020,12,71
19/01/2020,13,85
19/01/2020,14,74
19/01/2020,15,75
19/01/2020,16,77
19/01/2020,17,73
19/01/2020,18,59
19/01/2020,19,45
19/01/2020,20,35
19/01/2020,21,32
19/01/2020,22,20
19/01/2020,23,17
19/01/2021,0,21
19/01/2021,1,6
19/01/2021,2,3
19/01/2021,3,1
19/01/2021,4,9
19/01/2021,5,36
19/01/2021,6,136
19/01/2021,7,269
19/01/2021,8,261
19/01/2021,9,159
19/01/2021,10,152
19/01/2021,11,185
19/01/2021,12,188
19/01/2021,13,168
19/01/2021,14,181
19/01/2021,15,222
19/01/2021,16,260
19/01/2021,17,347
19/01/2021,18,233
19/01/2021,19,151
19/01/2021,20,76
19/01/2021,21,40
19/01/2021,22,26
19/01/2021,23,24
19/01/2022,0,34
19/01/2022,1,14
19/01/2022,2,22
19/01/2022,3,14
19/01/2022,4,14
19/01/2022,5,106
19/01/2022,6,209
19/01/2022,7,383
19/01/2022,8,415
19/01/2022,9,206
19/01/2022,10,179
19/01/2022,11,227
19/01/2022,12,251
19/01/2022,13,211
19/01/2022,14,243
19/01/2022,15,304
19/01/2022,16,441
19/01/2022,17,503
19/01/2022,18,381
19/01/2022,19,223
19/01/2022,20,133
19/01/2022,21,115
19/01/2022,22,77
19/01/2022,23,55
19/02/2019,0,8
19/02/2019,1,4
19/02/2019,2,1
19/02/2019,3,6
19/02/2019,4,10
19/02/2019,5,66
19/02/2019,6,212
19/02/2019,7,386
19/02/2019,8,551
19/02/2019,9,209
19/02/2019,10,105
19/02/2019,11,136
19/02/2019,12,151
19/02/2019,13,171
19/02/2019,14,165
19/02/2019,15,239
19/02/2019,16,502
19/02/2019,17,713
19/02/2019,18,389
19/02/2019,19,213
19/02/2019,20,144
19/02/2019,21,77
19/02/2019,22,53
19/02/2019,23,28
19/02/2020,0,11
19/02/2020,1,3
19/02/2020,2,4
19/02/2020,3,2
19/02/2020,4,11
19/02/2020,5,86
19/02/2020,6,282
19/02/2020,7,567
19/02/2020,8,769
19/02/2020,9,271
19/02/2020,10,133
19/02/2020,11,200
19/02/2020,12,211
19/02/2020,13,218
19/02/2020,14,194
19/02/2020,15,286
19/02/2020,16,628
19/02/2020,17,838
19/02/2020,18,446
19/02/2020,19,243
19/02/2020,20,134
19/02/2020,21,100
19/02/2020,22,65
19/02/2020,23,28
19/02/2021,0,15
19/02/2021,1,2
19/02/2021,2,1
19/02/2021,3,1
19/02/2021,4,3
19/02/2021,5,19
19/02/2021,6,25
19/02/2021,7,53
19/02/2021,8,58
19/02/2021,9,36
19/02/2021,10,44
19/02/2021,11,49
19/02/2021,12,55
19/02/2021,13,60
19/02/2021,14,53
19/02/2021,15,70
19/02/2021,16,106
19/02/2021,17,121
19/02/2021,18,85
19/02/2021,19,47
19/02/2021,20,26
19/02/2021,21,23
19/02/2021,22,20
19/02/2021,23,17
19/02/2022,0,32
19/02/2022,1,42
19/02/2022,2,32
19/02/2022,3,16
19/02/2022,4,13
19/02/2022,5,11
19/02/2022,6,40
19/02/2022,7,60
19/02/2022,8,81
19/02/2022,9,117
19/02/2022,10,203
19/02/2022,11,219
19/02/2022,12,231
19/02/2022,13,275
19/02/2022,14,238
19/02/2022,15,241
19/02/2022,16,218
19/02/2022,17,203
19/02/2022,18,164
19/02/2022,19,130
19/02/2022,20,74
19/02/2022,21,58
19/02/2022,22,54
19/02/2022,23,63
19/03/2019,0,21
19/03/2019,1,13
19/03/2019,2,4
19/03/2019,3,5
19/03/2019,4,21
19/03/2019,5,77
19/03/2019,6,313
19/03/2019,7,693
19/03/2019,8,958
19/03/2019,9,369
19/03/2019,10,223
19/03/2019,11,269
19/03/2019,12,332
19/03/2019,13,312
19/03/2019,14,330
19/03/2019,15,465
19/03/2019,16,969
19/03/2019,17,1396
19/03/2019,18,790
19/03/2019,19,445
19/03/2019,20,233
19/03/2019,21,169
19/03/2019,22,90
19/03/2019,23,46
19/03/2020,0,10
19/03/2020,1,10
19/03/2020,2,7
19/03/2020,3,4
19/03/2020,4,4
19/03/2020,5,24
19/03/2020,6,82
19/03/2020,7,151
19/03/2020,8,155
19/03/2020,9,130
19/03/2020,10,194
19/03/2020,11,162
19/03/2020,12,158
19/03/2020,13,105
19/03/2020,14,65
19/03/2020,15,71
19/03/2020,16,84
19/03/2020,17,137
19/03/2020,18,153
19/03/2020,19,124
19/03/2020,20,79
19/03/2020,21,43
19/03/2020,22,30
19/03/2020,23,20
19/03/2021,0,44
19/03/2021,1,23
19/03/2021,2,9
19/03/2021,3,9
19/03/2021,4,17
19/03/2021,5,67
19/03/2021,6,144
19/03/2021,7,267
19/03/2021,8,302
19/03/2021,9,246
19/03/2021,10,248
19/03/2021,11,305
19/03/2021,12,394
19/03/2021,13,390
19/03/2021,14,431
19/03/2021,15,529
19/03/2021,16,662
19/03/2021,17,818
19/03/2021,18,709
19/03/2021,19,420
19/03/2021,20,214
19/03/2021,21,175
19/03/2021,22,148
19/03/2021,23,131
19/03/2022,0,91
19/03/2022,1,76
19/03/2022,2,46
19/03/2022,3,28
19/03/2022,4,15
19/03/2022,5,24
19/03/2022,6,53
19/03/2022,7,70
19/03/2022,8,153
19/03/2022,9,245
19/03/2022,10,282
19/03/2022,11,420
19/03/2022,12,424
19/03/2022,13,408
19/03/2022,14,394
19/03/2022,15,370
19/03/2022,16,400
19/03/2022,17,373
19/03/2022,18,247
19/03/2022,19,316
19/03/2022,20,210
19/03/2022,21,198
19/03/2022,22,225
19/03/2022,23,277
19/04/2020,0,14
19/04/2020,1,8
19/04/2020,2,16
19/04/2020,3,2
19/04/2020,4,5
19/04/2020,5,10
19/04/2020,6,24
19/04/2020,7,64
19/04/2020,8,71
19/04/2020,9,147
19/04/2020,10,292
19/04/2020,11,486
19/04/2020,12,555
19/04/2020,13,708
19/04/2020,14,743
19/04/2020,15,653
19/04/2020,16,486
19/04/2020,17,355
19/04/2020,18,216
19/04/2020,19,136
19/04/2020,20,66
19/04/2020,21,41
19/04/2020,22,35
19/04/2020,23,25
19/04/2021,0,60
19/04/2021,1,48
19/04/2021,2,21
19/04/2021,3,9
19/04/2021,4,29
19/04/2021,5,100
19/04/2021,6,265
19/04/2021,7,458
19/04/2021,8,503
19/04/2021,9,345
19/04/2021,10,196
19/04/2021,11,195
19/04/2021,12,238
19/04/2021,13,239
19/04/2021,14,277
19/04/2021,15,456
19/04/2021,16,613
19/04/2021,17,827
19/04/2021,18,660
19/04/2021,19,491
19/04/2021,20,317
19/04/2021,21,198
19/04/2021,22,124
19/04/2021,23,94
19/04/2022,0,65
19/04/2022,1,28
19/04/2022,2,15
19/04/2022,3,10
19/04/2022,4,28
19/04/2022,5,119
19/04/2022,6,331
19/04/2022,7,737
19/04/2022,8,874
19/04/2022,9,464
19/04/2022,10,416
19/04/2022,11,499
19/04/2022,12,628
19/04/2022,13,655
19/04/2022,14,620
19/04/2022,15,797
19/04/2022,16,1157
19/04/2022,17,1564
19/04/2022,18,1213
19/04/2022,19,783
19/04/2022,20,486
19/04/2022,21,420
19/04/2022,22,282
19/04/2022,23,145
19/05/2020,0,20
19/05/2020,1,9
19/05/2020,2,5
19/05/2020,3,5
19/05/2020,4,7
19/05/2020,5,22
19/05/2020,6,90
19/05/2020,7,109
19/05/2020,8,108
19/05/2020,9,81
19/05/2020,10,94
19/05/2020,11,128
19/05/2020,12,182
19/05/2020,13,165
19/05/2020,14,183
19/05/2020,15,221
19/05/2020,16,339
19/05/2020,17,362
19/05/2020,18,290
19/05/2020,19,175
19/05/2020,20,105
19/05/2020,21,58
19/05/2020,22,55
19/05/2020,23,39
19/05/2021,0,111
19/05/2021,1,51
19/05/2021,2,38
19/05/2021,3,29
19/05/2021,4,32
19/05/2021,5,148
19/05/2021,6,387
19/05/2021,7,674
19/05/2021,8,574
19/05/2021,9,317
19/05/2021,10,293
19/05/2021,11,524
19/05/2021,12,664
19/05/2021,13,744
19/05/2021,14,719
19/05/2021,15,945
19/05/2021,16,1335
19/05/2021,17,2146
19/05/2021,18,2035
19/05/2021,19,1479
19/05/2021,20,971
19/05/2021,21,731
19/05/2021,22,721
19/05/2021,23,400
19/05/2022,0,147
19/05/2022,1,86
19/05/2022,2,45
19/05/2022,3,34
19/05/2022,4,37
19/05/2022,5,177
19/05/2022,6,510
19/05/2022,7,1117
19/05/2022,8,1370
19/05/2022,9,859
19/05/2022,10,836
19/05/2022,11,1008
19/05/2022,12,1171
19/05/2022,13,1267
19/05/2022,14,1296
19/05/2022,15,1602
19/05/2022,16,2461
19/05/2022,17,3261
19/05/2022,18,2887
19/05/2022,19,2137
19/05/2022,20,1518
19/05/2022,21,1386
19/05/2022,22,1165
19/05/2022,23,694
19/06/2020,0,137
19/06/2020,1,66
19/06/2020,2,37
19/06/2020,3,13
19/06/2020,4,9
19/06/2020,5,97
19/06/2020,6,273
19/06/2020,7,442
19/06/2020,8,538
19/06/2020,9,490
19/06/2020,10,613
19/06/2020,11,701
19/06/2020,12,922
19/06/2020,13,1088
19/06/2020,14,1085
19/06/2020,15,1171
19/06/2020,16,1296
19/06/2020,17,1637
19/06/2020,18,1630
19/06/2020,19,1263
19/06/2020,20,945
19/06/2020,21,733
19/06/2020,22,610
19/06/2020,23,511
19/06/2021,0,1048
19/06/2021,1,952
19/06/2021,2,592
19/06/2021,3,255
19/06/2021,4,123
19/06/2021,5,139
19/06/2021,6,231
19/06/2021,7,479
19/06/2021,8,811
19/06/2021,9,1310
19/06/2021,10,1985
19/06/2021,11,2436
19/06/2021,12,2619
19/06/2021,13,2583
19/06/2021,14,2458
19/06/2021,15,2568
19/06/2021,16,2639
19/06/2021,17,2733
19/06/2021,18,2525
19/06/2021,19,2184
19/06/2021,20,1772
19/06/2021,21,1292
19/06/2021,22,1274
19/06/2021,23,1320
19/06/2022,0,750
19/06/2022,1,484
19/06/2022,2,336
19/06/2022,3,190
19/06/2022,4,154
19/06/2022,5,132
19/06/2022,6,196
19/06/2022,7,339
19/06/2022,8,528
19/06/2022,9,966
19/06/2022,10,1412
19/06/2022,11,1947
19/06/2022,12,2299
19/06/2022,13,2361
19/06/2022,14,2314
19/06/2022,15,2378
19/06/2022,16,2504
19/06/2022,17,2350
19/06/2022,18,2011
19/06/2022,19,1653
19/06/2022,20,1358
19/06/2022,21,1140
19/06/2022,22,940
19/06/2022,23,553
19/07/2019,0,110
19/07/2019,1,69
19/07/2019,2,34
19/07/2019,3,14
19/07/2019,4,31
19/07/2019,5,183
19/07/2019,6,536
19/07/2019,7,1183
19/07/2019,8,1284
19/07/2019,9,677
19/07/2019,10,586
19/07/2019,11,740
19/07/2019,12,833
19/07/2019,13,834
19/07/2019,14,825
19/07/2019,15,1053
19/07/2019,16,1572
19/07/2019,17,1789
19/07/2019,18,1179
19/07/2019,19,858
19/07/2019,20,733
19/07/2019,21,545
19/07/2019,22,409
19/07/2019,23,343
19/07/2020,0,544
19/07/2020,1,438
19/07/2020,2,195
19/07/2020,3,120
19/07/2020,4,103
19/07/2020,5,62
19/07/2020,6,58
19/07/2020,7,91
19/07/2020,8,123
19/07/2020,9,301
19/07/2020,10,409
19/07/2020,11,431
19/07/2020,12,357
19/07/2020,13,516
19/07/2020,14,912
19/07/2020,15,1196
19/07/2020,16,1447
19/07/2020,17,1548
19/07/2020,18,1549
19/07/2020,19,1408
19/07/2020,20,1176
19/07/2020,21,666
19/07/2020,22,519
19/07/2020,23,413
19/07/2021,0,233
19/07/2021,1,113
19/07/2021,2,105
19/07/2021,3,64
19/07/2021,4,77
19/07/2021,5,225
19/07/2021,6,621
19/07/2021,7,1018
19/07/2021,8,1168
19/07/2021,9,776
19/07/2021,10,756
19/07/2021,11,1008
19/07/2021,12,1153
19/07/2021,13,1303
19/07/2021,14,1235
19/07/2021,15,1425
19/07/2021,16,2052
19/07/2021,17,2821
19/07/2021,18,2443
19/07/2021,19,1790
19/07/2021,20,1389
19/07/2021,21,1009
19/07/2021,22,706
19/07/2021,23,382
19/07/2022,0,226
19/07/2022,1,114
19/07/2022,2,61
19/07/2022,3,38
19/07/2022,4,82
19/07/2022,5,254
19/07/2022,6,774
19/07/2022,7,1310
19/07/2022,8,1514
19/07/2022,9,920
19/07/2022,10,798
19/07/2022,11,972
19/07/2022,12,1167
19/07/2022,13,1198
19/07/2022,14,1163
19/07/2022,15,1503
19/07/2022,16,2242
19/07/2022,17,3030
19/07/2022,18,2546
19/07/2022,19,2150
19/07/2022,20,1703
19/07/2022,21,1224
19/07/2022,22,801
19/07/2022,23,443
19/08/2019,0,81
19/08/2019,1,49
19/08/2019,2,11
19/08/2019,3,18
19/08/2019,4,43
19/08/2019,5,236
19/08/2019,6,641
19/08/2019,7,1456
19/08/2019,8,1597
19/08/2019,9,669
19/08/2019,10,550
19/08/2019,11,715
19/08/2019,12,834
19/08/2019,13,848
19/08/2019,14,878
19/08/2019,15,1102
19/08/2019,16,1950
19/08/2019,17,2962
19/08/2019,18,1909
19/08/2019,19,1322
19/08/2019,20,853
19/08/2019,21,480
19/08/2019,22,239
19/08/2019,23,175
19/08/2020,0,117
19/08/2020,1,52
19/08/2020,2,26
19/08/2020,3,13
19/08/2020,4,33
19/08/2020,5,146
19/08/2020,6,545
19/08/2020,7,854
19/08/2020,8,869
19/08/2020,9,647
19/08/2020,10,698
19/08/2020,11,863
19/08/2020,12,1018
19/08/2020,13,956
19/08/2020,14,925
19/08/2020,15,1143
19/08/2020,16,1559
19/08/2020,17,2383
19/08/2020,18,2300
19/08/2020,19,1736
19/08/2020,20,1177
19/08/2020,21,695
19/08/2020,22,498
19/08/2020,23,371
19/08/2021,0,237
19/08/2021,1,122
19/08/2021,2,81
19/08/2021,3,56
19/08/2021,4,70
19/08/2021,5,219
19/08/2021,6,607
19/08/2021,7,1114
19/08/2021,8,1200
19/08/2021,9,868
19/08/2021,10,849
19/08/2021,11,1026
19/08/2021,12,1260
19/08/2021,13,1178
19/08/2021,14,1202
19/08/2021,15,1492
19/08/2021,16,2037
19/08/2021,17,2818
19/08/2021,18,2571
19/08/2021,19,2040
19/08/2021,20,1410
19/08/2021,21,1170
19/08/2021,22,911
19/08/2021,23,622
19/08/2022,0,400
19/08/2022,1,222
19/08/2022,2,110
19/08/2022,3,77
19/08/2022,4,76
19/08/2022,5,225
19/08/2022,6,895
19/08/2022,7,1223
19/08/2022,8,1250
19/08/2022,9,1061
19/08/2022,10,1177
19/08/2022,11,1498
19/08/2022,12,1799
19/08/2022,13,1808
19/08/2022,14,1830
19/08/2022,15,2147
19/08/2022,16,2730
19/08/2022,17,3160
19/08/2022,18,2895
19/08/2022,19,2136
19/08/2022,20,1383
19/08/2022,21,1084
19/08/2022,22,1276
19/08/2022,23,1291
19/09/2019,0,77
19/09/2019,1,43
19/09/2019,2,23
19/09/2019,3,17
19/09/2019,4,35
19/09/2019,5,203
19/09/2019,6,690
19/09/2019,7,1549
19/09/2019,8,1954
19/09/2019,9,777
19/09/2019,10,560
19/09/2019,11,629
19/09/2019,12,835
19/09/2019,13,821
19/09/2019,14,758
19/09/2019,15,1000
19/09/2019,16,1897
19/09/2019,17,2850
19/09/2019,18,1709
19/09/2019,19,1062
19/09/2019,20,721
19/09/2019,21,584
19/09/2019,22,524
19/09/2019,23,214
19/09/2020,0,301
19/09/2020,1,185
19/09/2020,2,92
19/09/2020,3,39
19/09/2020,4,33
19/09/2020,5,60
19/09/2020,6,127
19/09/2020,7,303
19/09/2020,8,615
19/09/2020,9,904
19/09/2020,10,1288
19/09/2020,11,1784
19/09/2020,12,2013
19/09/2020,13,2109
19/09/2020,14,2267
19/09/2020,15,2187
19/09/2020,16,2010
19/09/2020,17,1838
19/09/2020,18,1655
19/09/2020,19,1164
19/09/2020,20,667
19/09/2020,21,525
19/09/2020,22,618
19/09/2020,23,572
19/09/2021,0,1233
19/09/2021,1,740
19/09/2021,2,474
19/09/2021,3,277
19/09/2021,4,171
19/09/2021,5,166
19/09/2021,6,252
19/09/2021,7,438
19/09/2021,8,671
19/09/2021,9,1238
19/09/2021,10,1832
19/09/2021,11,2088
19/09/2021,12,1928
19/09/2021,13,2050
19/09/2021,14,2127
19/09/2021,15,2604
19/09/2021,16,2181
19/09/2021,17,2052
19/09/2021,18,1999
19/09/2021,19,1490
19/09/2021,20,969
19/09/2021,21,821
19/09/2021,22,670
19/09/2021,23,331
19/09/2022,0,86
19/09/2022,1,53
19/09/2022,2,35
19/09/2022,3,60
19/09/2022,4,54
19/09/2022,5,174
19/09/2022,6,541
19/09/2022,7,1059
19/09/2022,8,1221
19/09/2022,9,861
19/09/2022,10,738
19/09/2022,11,866
19/09/2022,12,1004
19/09/2022,13,1176
19/09/2022,14,1221
19/09/2022,15,1417
19/09/2022,16,1939
19/09/2022,17,2559
19/09/2022,18,2142
19/09/2022,19,1460
19/09/2022,20,966
19/09/2022,21,785
19/09/2022,22,486
19/09/2022,23,308
19/10/2019,0,144
19/10/2019,1,83
19/10/2019,2,45
19/10/2019,3,27
19/10/2019,4,24
19/10/2019,5,35
19/10/2019,6,100
19/10/2019,7,171
19/10/2019,8,397
19/10/2019,9,676
19/10/2019,10,879
19/10/2019,11,1112
19/10/2019,12,1207
19/10/2019,13,1362
19/10/2019,14,1413
19/10/2019,15,1446
19/10/2019,16,1222
19/10/2019,17,1064
19/10/2019,18,774
19/10/2019,19,537
19/10/2019,20,417
19/10/2019,21,312
19/10/2019,22,279
19/10/2019,23,227
19/10/2020,0,46
19/10/2020,1,33
19/10/2020,2,12
19/10/2020,3,9
19/10/2020,4,26
19/10/2020,5,96
19/10/2020,6,281
19/10/2020,7,582
19/10/2020,8,569
19/10/2020,9,413
19/10/2020,10,434
19/10/2020,11,509
19/10/2020,12,650
19/10/2020,13,505
19/10/2020,14,532
19/10/2020,15,412
19/10/2020,16,373
19/10/2020,17,536
19/10/2020,18,479
19/10/2020,19,355
19/10/2020,20,255
19/10/2020,21,165
19/10/2020,22,111
19/10/2020,23,85
19/10/2021,0,117
19/10/2021,1,89
19/10/2021,2,43
19/10/2021,3,28
19/10/2021,4,52
19/10/2021,5,217
19/10/2021,6,611
19/10/2021,7,1260
19/10/2021,8,1479
19/10/2021,9,1028
19/10/2021,10,882
19/10/2021,11,1027
19/10/2021,12,1168
19/10/2021,13,1243
19/10/2021,14,1194
19/10/2021,15,1438
19/10/2021,16,2205
19/10/2021,17,2954
19/10/2021,18,2381
19/10/2021,19,1492
19/10/2021,20,958
19/10/2021,21,961
19/10/2021,22,696
19/10/2021,23,346
19/10/2022,0,113
19/10/2022,1,34
19/10/2022,2,33
19/10/2022,3,22
19/10/2022,4,25
19/10/2022,5,154
19/10/2022,6,409
19/10/2022,7,807
19/10/2022,8,1072
19/10/2022,9,659
19/10/2022,10,491
19/10/2022,11,620
19/10/2022,12,662
19/10/2022,13,750
19/10/2022,14,705
19/10/2022,15,1012
19/10/2022,16,1427
19/10/2022,17,1765
19/10/2022,18,1321
19/10/2022,19,915
19/10/2022,20,588
19/10/2022,21,518
19/10/2022,22,349
19/10/2022,23,189
19/11/2019,0,25
19/11/2019,1,6
19/11/2019,2,7
19/11/2019,3,3
19/11/2019,4,23
19/11/2019,5,131
19/11/2019,6,392
19/11/2019,7,882
19/11/2019,8,1114
19/11/2019,9,405
19/11/2019,10,195
19/11/2019,11,230
19/11/2019,12,191
19/11/2019,13,205
19/11/2019,14,191
19/11/2019,15,294
19/11/2019,16,586
19/11/2019,17,980
19/11/2019,18,607
19/11/2019,19,401
19/11/2019,20,238
19/11/2019,21,177
19/11/2019,22,115
19/11/2019,23,58
19/11/2020,0,43
19/11/2020,1,16
19/11/2020,2,15
19/11/2020,3,16
19/11/2020,4,15
19/11/2020,5,67
19/11/2020,6,235
19/11/2020,7,420
19/11/2020,8,443
19/11/2020,9,352
19/11/2020,10,346
19/11/2020,11,523
19/11/2020,12,611
19/11/2020,13,646
19/11/2020,14,642
19/11/2020,15,739
19/11/2020,16,963
19/11/2020,17,929
19/11/2020,18,817
19/11/2020,19,529
19/11/2020,20,365
19/11/2020,21,216
19/11/2020,22,180
19/11/2020,23,98
19/11/2021,0,112
19/11/2021,1,83
19/11/2021,2,43
19/11/2021,3,31
19/11/2021,4,29
19/11/2021,5,132
19/11/2021,6,297
19/11/2021,7,582
19/11/2021,8,720
19/11/2021,9,523
19/11/2021,10,493
19/11/2021,11,585
19/11/2021,12,693
19/11/2021,13,768
19/11/2021,14,788
19/11/2021,15,909
19/11/2021,16,1124
19/11/2021,17,1040
19/11/2021,18,935
19/11/2021,19,617
19/11/2021,20,443
19/11/2021,21,325
19/11/2021,22,329
19/11/2021,23,313
19/11/2022,0,110
19/11/2022,1,82
19/11/2022,2,50
19/11/2022,3,25
19/11/2022,4,20
19/11/2022,5,29
19/11/2022,6,56
19/11/2022,7,108
19/11/2022,8,170
19/11/2022,9,254
19/11/2022,10,313
19/11/2022,11,328
19/11/2022,12,299
19/11/2022,13,270
19/11/2022,14,257
19/11/2022,15,289
19/11/2022,16,334
19/11/2022,17,334
19/11/2022,18,271
19/11/2022,19,226
19/11/2022,20,160
19/11/2022,21,131
19/11/2022,22,140
19/11/2022,23,123
19/12/2019,0,17
19/12/2019,1,9
19/12/2019,2,4
19/12/2019,3,3
19/12/2019,4,13
19/12/2019,5,70
19/12/2019,6,211
19/12/2019,7,482
19/12/2019,8,680
19/12/2019,9,262
19/12/2019,10,145
19/12/2019,11,209
19/12/2019,12,204
19/12/2019,13,199
19/12/2019,14,226
19/12/2019,15,320
19/12/2019,16,617
19/12/2019,17,798
19/12/2019,18,453
19/12/2019,19,286
19/12/2019,20,184
19/12/2019,21,148
19/12/2019,22,82
19/12/2019,23,69
19/12/2020,0,31
19/12/2020,1,29
19/12/2020,2,15
19/12/2020,3,5
19/12/2020,4,20
19/12/2020,5,25
19/12/2020,6,54
19/12/2020,7,93
19/12/2020,8,162
19/12/2020,9,247
19/12/2020,10,332
19/12/2020,11,376
19/12/2020,12,485
19/12/2020,13,521
19/12/2020,14,524
19/12/2020,15,511
19/12/2020,16,457
19/12/2020,17,301
19/12/2020,18,298
19/12/2020,19,228
19/12/2020,20,163
19/12/2020,21,109
19/12/2020,22,59
19/12/2020,23,86
19/12/2021,0,153
19/12/2021,1,109
19/12/2021,2,60
19/12/2021,3,62
19/12/2021,4,29
19/12/2021,5,38
19/12/2021,6,75
19/12/2021,7,107
19/12/2021,8,151
19/12/2021,9,298
19/12/2021,10,395
19/12/2021,11,470
19/12/2021,12,553
19/12/2021,13,558
19/12/2021,14,529
19/12/2021,15,557
19/12/2021,16,499
19/12/2021,17,341
19/12/2021,18,284
19/12/2021,19,198
19/12/2021,20,172
19/12/2021,21,159
19/12/2021,22,138
19/12/2021,23,88
19/12/2022,0,30
19/12/2022,1,15
19/12/2022,2,13
19/12/2022,3,19
19/12/2022,4,17
19/12/2022,5,76
19/12/2022,6,201
19/12/2022,7,329
19/12/2022,8,413
19/12/2022,9,208
19/12/2022,10,193
19/12/2022,11,263
19/12/2022,12,224
19/12/2022,13,278
19/12/2022,14,326
19/12/2022,15,381
19/12/2022,16,512
19/12/2022,17,634
19/12/2022,18,430
19/12/2022,19,296
19/12/2022,20,184
19/12/2022,21,139
19/12/2022,22,108
19/12/2022,23,52
20/01/2019,0,12
20/01/2019,1,10
20/01/2019,2,8
20/01/2019,3,3
20/01/2019,4,3
20/01/2019,5,1
20/01/2019,6,3
20/01/2019,7,11
20/01/2019,8,23
20/01/2019,9,40
20/01/2019,10,63
20/01/2019,11,48
20/01/2019,12,69
20/01/2019,13,80
20/01/2019,14,52
20/01/2019,15,39
20/01/2019,16,60
20/01/2019,17,70
20/01/2019,18,44
20/01/2019,19,36
20/01/2019,20,22
20/01/2019,21,32
20/01/2019,22,24
20/01/2019,23,4
20/01/2020,0,8
20/01/2020,1,8
20/01/2020,2,1
20/01/2020,3,5
20/01/2020,4,13
20/01/2020,5,33
20/01/2020,6,109
20/01/2020,7,204
20/01/2020,8,226
20/01/2020,9,146
20/01/2020,10,129
20/01/2020,11,142
20/01/2020,12,148
20/01/2020,13,162
20/01/2020,14,156
20/01/2020,15,188
20/01/2020,16,329
20/01/2020,17,384
20/01/2020,18,218
20/01/2020,19,127
20/01/2020,20,93
20/01/2020,21,59
20/01/2020,22,32
20/01/2020,23,12
20/01/2021,0,11
20/01/2021,1,1
20/01/2021,2,6
20/01/2021,3,3
20/01/2021,4,10
20/01/2021,5,40
20/01/2021,6,98
20/01/2021,7,157
20/01/2021,8,167
20/01/2021,9,102
20/01/2021,10,102
20/01/2021,11,115
20/01/2021,12,154
20/01/2021,13,172
20/01/2021,14,167
20/01/2021,15,201
20/01/2021,16,284
20/01/2021,17,301
20/01/2021,18,233
20/01/2021,19,154
20/01/2021,20,85
20/01/2021,21,67
20/01/2021,22,49
20/01/2021,23,34
20/01/2022,0,18
20/01/2022,1,12
20/01/2022,2,4
20/01/2022,3,7
20/01/2022,4,7
20/01/2022,5,78
20/01/2022,6,138
20/01/2022,7,244
20/01/2022,8,269
20/01/2022,9,159
20/01/2022,10,119
20/01/2022,11,161
20/01/2022,12,202
20/01/2022,13,208
20/01/2022,14,219
20/01/2022,15,281
20/01/2022,16,362
20/01/2022,17,445
20/01/2022,18,341
20/01/2022,19,225
20/01/2022,20,120
20/01/2022,21,112
20/01/2022,22,81
20/01/2022,23,56
20/02/2019,0,12
20/02/2019,1,9
20/02/2019,2,6
20/02/2019,3,5
20/02/2019,4,13
20/02/2019,5,53
20/02/2019,6,134
20/02/2019,7,221
20/02/2019,8,268
20/02/2019,9,138
20/02/2019,10,62
20/02/2019,11,77
20/02/2019,12,86
20/02/2019,13,86
20/02/2019,14,112
20/02/2019,15,176
20/02/2019,16,415
20/02/2019,17,618
20/02/2019,18,339
20/02/2019,19,228
20/02/2019,20,136
20/02/2019,21,105
20/02/2019,22,63
20/02/2019,23,31
20/02/2020,0,13
20/02/2020,1,12
20/02/2020,2,3
20/02/2020,3,3
20/02/2020,4,12
20/02/2020,5,70
20/02/2020,6,212
20/02/2020,7,474
20/02/2020,8,612
20/02/2020,9,216
20/02/2020,10,122
20/02/2020,11,153
20/02/2020,12,193
20/02/2020,13,156
20/02/2020,14,155
20/02/2020,15,279
20/02/2020,16,541
20/02/2020,17,699
20/02/2020,18,419
20/02/2020,19,228
20/02/2020,20,125
20/02/2020,21,97
20/02/2020,22,73
20/02/2020,23,36
20/02/2021,0,9
20/02/2021,1,4
20/02/2021,2,5
20/02/2021,3,2
20/02/2021,4,3
20/02/2021,5,4
20/02/2021,6,10
20/02/2021,7,23
20/02/2021,8,24
20/02/2021,9,47
20/02/2021,10,76
20/02/2021,11,81
20/02/2021,12,105
20/02/2021,13,102
20/02/2021,14,106
20/02/2021,15,97
20/02/2021,16,94
20/02/2021,17,96
20/02/2021,18,72
20/02/2021,19,73
20/02/2021,20,32
20/02/2021,21,24
20/02/2021,22,22
20/02/2021,23,30
20/02/2022,0,59
20/02/2022,1,47
20/02/2022,2,34
20/02/2022,3,13
20/02/2022,4,7
20/02/2022,5,15
20/02/2022,6,39
20/02/2022,7,47
20/02/2022,8,93
20/02/2022,9,144
20/02/2022,10,234
20/02/2022,11,289
20/02/2022,12,395
20/02/2022,13,438
20/02/2022,14,467
20/02/2022,15,500
20/02/2022,16,494
20/02/2022,17,448
20/02/2022,18,297
20/02/2022,19,234
20/02/2022,20,184
20/02/2022,21,140
20/02/2022,22,162
20/02/2022,23,65
20/03/2019,0,22
20/03/2019,1,11
20/03/2019,2,8
20/03/2019,3,9
20/03/2019,4,15
20/03/2019,5,69
20/03/2019,6,199
20/03/2019,7,280
20/03/2019,8,354
20/03/2019,9,128
20/03/2019,10,101
20/03/2019,11,166
20/03/2019,12,146
20/03/2019,13,135
20/03/2019,14,167
20/03/2019,15,285
20/03/2019,16,629
20/03/2019,17,973
20/03/2019,18,544
20/03/2019,19,337
20/03/2019,20,202
20/03/2019,21,115
20/03/2019,22,43
20/03/2019,23,32
20/03/2020,0,15
20/03/2020,1,10
20/03/2020,2,4
20/03/2020,3,2
20/03/2020,4,5
20/03/2020,5,22
20/03/2020,6,76
20/03/2020,7,125
20/03/2020,8,128
20/03/2020,9,151
20/03/2020,10,144
20/03/2020,11,123
20/03/2020,12,157
20/03/2020,13,173
20/03/2020,14,163
20/03/2020,15,183
20/03/2020,16,194
20/03/2020,17,232
20/03/2020,18,175
20/03/2020,19,112
20/03/2020,20,64
20/03/2020,21,36
20/03/2020,22,24
20/03/2020,23,13
20/03/2021,0,135
20/03/2021,1,75
20/03/2021,2,43
20/03/2021,3,26
20/03/2021,4,18
20/03/2021,5,20
20/03/2021,6,67
20/03/2021,7,124
20/03/2021,8,209
20/03/2021,9,353
20/03/2021,10,627
20/03/2021,11,936
20/03/2021,12,1032
20/03/2021,13,1275
20/03/2021,14,1510
20/03/2021,15,1357
20/03/2021,16,1287
20/03/2021,17,1153
20/03/2021,18,877
20/03/2021,19,535
20/03/2021,20,365
20/03/2021,21,289
20/03/2021,22,257
20/03/2021,23,262
20/03/2022,0,206
20/03/2022,1,129
20/03/2022,2,96
20/03/2022,3,45
20/03/2022,4,34
20/03/2022,5,38
20/03/2022,6,113
20/03/2022,7,265
20/03/2022,8,299
20/03/2022,9,477
20/03/2022,10,869
20/03/2022,11,1203
20/03/2022,12,1550
20/03/2022,13,1679
20/03/2022,14,1817
20/03/2022,15,1973
20/03/2022,16,1855
20/03/2022,17,1486
20/03/2022,18,1185
20/03/2022,19,738
20/03/2022,20,473
20/03/2022,21,330
20/03/2022,22,205
20/03/2022,23,154
20/04/2020,0,9
20/04/2020,1,4
20/04/2020,2,4
20/04/2020,3,3
20/04/2020,4,4
20/04/2020,5,18
20/04/2020,6,74
20/04/2020,7,148
20/04/2020,8,145
20/04/2020,9,128
20/04/2020,10,111
20/04/2020,11,180
20/04/2020,12,299
20/04/2020,13,285
20/04/2020,14,311
20/04/2020,15,336
20/04/2020,16,417
20/04/2020,17,573
20/04/2020,18,401
20/04/2020,19,250
20/04/2020,20,102
20/04/2020,21,58
20/04/2020,22,28
20/04/2020,23,15
20/04/2021,0,56
20/04/2021,1,12
20/04/2021,2,15
20/04/2021,3,12
20/04/2021,4,23
20/04/2021,5,76
20/04/2021,6,249
20/04/2021,7,381
20/04/2021,8,382
20/04/2021,9,231
20/04/2021,10,181
20/04/2021,11,217
20/04/2021,12,322
20/04/2021,13,335
20/04/2021,14,353
20/04/2021,15,502
20/04/2021,16,572
20/04/2021,17,741
20/04/2021,18,626
20/04/2021,19,466
20/04/2021,20,251
20/04/2021,21,191
20/04/2021,22,188
20/04/2021,23,104
20/04/2022,0,72
20/04/2022,1,34
20/04/2022,2,20
20/04/2022,3,19
20/04/2022,4,31
20/04/2022,5,127
20/04/2022,6,389
20/04/2022,7,804
20/04/2022,8,948
20/04/2022,9,547
20/04/2022,10,466
20/04/2022,11,501
20/04/2022,12,607
20/04/2022,13,541
20/04/2022,14,516
20/04/2022,15,740
20/04/2022,16,1044
20/04/2022,17,1100
20/04/2022,18,873
20/04/2022,19,401
20/04/2022,20,294
20/04/2022,21,191
20/04/2022,22,170
20/04/2022,23,126
20/05/2020,0,27
20/05/2020,1,8
20/05/2020,2,6
20/05/2020,3,7
20/05/2020,4,6
20/05/2020,5,34
20/05/2020,6,131
20/05/2020,7,226
20/05/2020,8,228
20/05/2020,9,202
20/05/2020,10,211
20/05/2020,11,275
20/05/2020,12,436
20/05/2020,13,417
20/05/2020,14,395
20/05/2020,15,434
20/05/2020,16,594
20/05/2020,17,907
20/05/2020,18,788
20/05/2020,19,465
20/05/2020,20,282
20/05/2020,21,129
20/05/2020,22,91
20/05/2020,23,49
20/05/2021,0,189
20/05/2021,1,77
20/05/2021,2,61
20/05/2021,3,27
20/05/2021,4,35
20/05/2021,5,134
20/05/2021,6,446
20/05/2021,7,789
20/05/2021,8,817
20/05/2021,9,574
20/05/2021,10,603
20/05/2021,11,793
20/05/2021,12,997
20/05/2021,13,948
20/05/2021,14,984
20/05/2021,15,1195
20/05/2021,16,1706
20/05/2021,17,2413
20/05/2021,18,2356
20/05/2021,19,1810
20/05/2021,20,1244
20/05/2021,21,973
20/05/2021,22,800
20/05/2021,23,569
20/05/2022,0,380
20/05/2022,1,206
20/05/2022,2,93
20/05/2022,3,62
20/05/2022,4,62
20/05/2022,5,186
20/05/2022,6,450
20/05/2022,7,927
20/05/2022,8,1046
20/05/2022,9,802
20/05/2022,10,798
20/05/2022,11,1067
20/05/2022,12,1316
20/05/2022,13,1261
20/05/2022,14,1288
20/05/2022,15,1565
20/05/2022,16,2028
20/05/2022,17,2445
20/05/2022,18,2000
20/05/2022,19,1335
20/05/2022,20,911
20/05/2022,21,721
20/05/2022,22,502
20/05/2022,23,224
20/06/2020,0,344
20/06/2020,1,196
20/06/2020,2,108
20/06/2020,3,58
20/06/2020,4,38
20/06/2020,5,52
20/06/2020,6,117
20/06/2020,7,266
20/06/2020,8,473
20/06/2020,9,712
20/06/2020,10,948
20/06/2020,11,1343
20/06/2020,12,1355
20/06/2020,13,1427
20/06/2020,14,1299
20/06/2020,15,1127
20/06/2020,16,1099
20/06/2020,17,836
20/06/2020,18,927
20/06/2020,19,912
20/06/2020,20,653
20/06/2020,21,116
20/06/2020,22,76
20/06/2020,23,183
20/06/2021,0,976
20/06/2021,1,794
20/06/2021,2,625
20/06/2021,3,338
20/06/2021,4,195
20/06/2021,5,139
20/06/2021,6,197
20/06/2021,7,329
20/06/2021,8,543
20/06/2021,9,999
20/06/2021,10,1352
20/06/2021,11,1697
20/06/2021,12,1866
20/06/2021,13,1659
20/06/2021,14,1643
20/06/2021,15,1591
20/06/2021,16,1489
20/06/2021,17,1212
20/06/2021,18,1026
20/06/2021,19,1033
20/06/2021,20,661
20/06/2021,21,377
20/06/2021,22,344
20/06/2021,23,71
20/06/2022,0,333
20/06/2022,1,198
20/06/2022,2,139
20/06/2022,3,58
20/06/2022,4,69
20/06/2022,5,185
20/06/2022,6,420
20/06/2022,7,728
20/06/2022,8,972
20/06/2022,9,1040
20/06/2022,10,1262
20/06/2022,11,1469
20/06/2022,12,1708
20/06/2022,13,1804
20/06/2022,14,1806
20/06/2022,15,1924
20/06/2022,16,2279
20/06/2022,17,2701
20/06/2022,18,2351
20/06/2022,19,2012
20/06/2022,20,1519
20/06/2022,21,1042
20/06/2022,22,701
20/06/2022,23,350
20/07/2019,0,249
20/07/2019,1,197
20/07/2019,2,96
20/07/2019,3,53
20/07/2019,4,34
20/07/2019,5,59
20/07/2019,6,140
20/07/2019,7,256
20/07/2019,8,562
20/07/2019,9,820
20/07/2019,10,1104
20/07/2019,11,1311
20/07/2019,12,1345
20/07/2019,13,1222
20/07/2019,14,1124
20/07/2019,15,1091
20/07/2019,16,1283
20/07/2019,17,564
20/07/2019,18,844
20/07/2019,19,896
20/07/2019,20,798
20/07/2019,21,655
20/07/2019,22,491
20/07/2019,23,406
20/07/2020,0,292
20/07/2020,1,185
20/07/2020,2,78
20/07/2020,3,44
20/07/2020,4,33
20/07/2020,5,147
20/07/2020,6,397
20/07/2020,7,632
20/07/2020,8,684
20/07/2020,9,507
20/07/2020,10,544
20/07/2020,11,621
20/07/2020,12,827
20/07/2020,13,794
20/07/2020,14,815
20/07/2020,15,971
20/07/2020,16,1275
20/07/2020,17,1952
20/07/2020,18,1817
20/07/2020,19,1306
20/07/2020,20,917
20/07/2020,21,540
20/07/2020,22,389
20/07/2020,23,256
20/07/2021,0,201
20/07/2021,1,97
20/07/2021,2,87
20/07/2021,3,56
20/07/2021,4,57
20/07/2021,5,238
20/07/2021,6,716
20/07/2021,7,1213
20/07/2021,8,1310
20/07/2021,9,860
20/07/2021,10,824
20/07/2021,11,980
20/07/2021,12,1228
20/07/2021,13,1222
20/07/2021,14,1204
20/07/2021,15,1407
20/07/2021,16,2085
20/07/2021,17,2999
20/07/2021,18,2897
20/07/2021,19,2249
20/07/2021,20,1617
20/07/2021,21,1035
20/07/2021,22,941
20/07/2021,23,704
20/07/2022,0,215
20/07/2022,1,125
20/07/2022,2,67
20/07/2022,3,62
20/07/2022,4,77
20/07/2022,5,272
20/07/2022,6,705
20/07/2022,7,1310
20/07/2022,8,1514
20/07/2022,9,968
20/07/2022,10,800
20/07/2022,11,1041
20/07/2022,12,1191
20/07/2022,13,1264
20/07/2022,14,1247
20/07/2022,15,1542
20/07/2022,16,2370
20/07/2022,17,3135
20/07/2022,18,2618
20/07/2022,19,2177
20/07/2022,20,1723
20/07/2022,21,1373
20/07/2022,22,935
20/07/2022,23,500
20/08/2019,0,67
20/08/2019,1,42
20/08/2019,2,28
20/08/2019,3,16
20/08/2019,4,39
20/08/2019,5,243
20/08/2019,6,740
20/08/2019,7,1599
20/08/2019,8,1781
20/08/2019,9,760
20/08/2019,10,501
20/08/2019,11,474
20/08/2019,12,150
20/08/2019,13,148
20/08/2019,14,182
20/08/2019,15,400
20/08/2019,16,1506
20/08/2019,17,2464
20/08/2019,18,1740
20/08/2019,19,1118
20/08/2019,20,717
20/08/2019,21,461
20/08/2019,22,400
20/08/2019,23,168
20/08/2020,0,137
20/08/2020,1,72
20/08/2020,2,41
20/08/2020,3,26
20/08/2020,4,33
20/08/2020,5,147
20/08/2020,6,497
20/08/2020,7,788
20/08/2020,8,867
20/08/2020,9,667
20/08/2020,10,669
20/08/2020,11,822
20/08/2020,12,1004
20/08/2020,13,992
20/08/2020,14,989
20/08/2020,15,1167
20/08/2020,16,1617
20/08/2020,17,2265
20/08/2020,18,2346
20/08/2020,19,1809
20/08/2020,20,1182
20/08/2020,21,850
20/08/2020,22,627
20/08/2020,23,423
20/08/2021,0,416
20/08/2021,1,219
20/08/2021,2,149
20/08/2021,3,90
20/08/2021,4,85
20/08/2021,5,198
20/08/2021,6,513
20/08/2021,7,881
20/08/2021,8,1150
20/08/2021,9,895
20/08/2021,10,1018
20/08/2021,11,1301
20/08/2021,12,1768
20/08/2021,13,1657
20/08/2021,14,1707
20/08/2021,15,1978
20/08/2021,16,2085
20/08/2021,17,2706
20/08/2021,18,2551
20/08/2021,19,2014
20/08/2021,20,1402
20/08/2021,21,1160
20/08/2021,22,1305
20/08/2021,23,1096
20/08/2022,0,983
20/08/2022,1,616
20/08/2022,2,293
20/08/2022,3,52
20/08/2022,4,27
20/08/2022,5,45
20/08/2022,6,138
20/08/2022,7,256
20/08/2022,8,595
20/08/2022,9,1194
20/08/2022,10,1724
20/08/2022,11,1510
20/08/2022,12,1518
20/08/2022,13,875
20/08/2022,14,1409
20/08/2022,15,1478
20/08/2022,16,1421
20/08/2022,17,1956
20/08/2022,18,2016
20/08/2022,19,1701
20/08/2022,20,1224
20/08/2022,21,1053
20/08/2022,22,978
20/08/2022,23,1172
20/09/2019,0,80
20/09/2019,1,50
20/09/2019,2,32
20/09/2019,3,20
20/09/2019,4,37
20/09/2019,5,198
20/09/2019,6,628
20/09/2019,7,1374
20/09/2019,8,1646
20/09/2019,9,798
20/09/2019,10,683
20/09/2019,11,895
20/09/2019,12,1021
20/09/2019,13,1037
20/09/2019,14,1048
20/09/2019,15,1203
20/09/2019,16,2089
20/09/2019,17,2392
20/09/2019,18,1561
20/09/2019,19,1011
20/09/2019,20,645
20/09/2019,21,528
20/09/2019,22,476
20/09/2019,23,397
20/09/2020,0,366
20/09/2020,1,224
20/09/2020,2,137
20/09/2020,3,45
20/09/2020,4,38
20/09/2020,5,43
20/09/2020,6,107
20/09/2020,7,249
20/09/2020,8,437
20/09/2020,9,898
20/09/2020,10,1369
20/09/2020,11,1905
20/09/2020,12,1699
20/09/2020,13,1840
20/09/2020,14,1889
20/09/2020,15,2090
20/09/2020,16,1963
20/09/2020,17,1740
20/09/2020,18,1555
20/09/2020,19,965
20/09/2020,20,584
20/09/2020,21,451
20/09/2020,22,343
20/09/2020,23,197
20/09/2021,0,202
20/09/2021,1,136
20/09/2021,2,78
20/09/2021,3,50
20/09/2021,4,70
20/09/2021,5,204
20/09/2021,6,541
20/09/2021,7,934
20/09/2021,8,739
20/09/2021,9,650
20/09/2021,10,615
20/09/2021,11,838
20/09/2021,12,920
20/09/2021,13,989
20/09/2021,14,1069
20/09/2021,15,1271
20/09/2021,16,1865
20/09/2021,17,2528
20/09/2021,18,2207
20/09/2021,19,1604
20/09/2021,20,921
20/09/2021,21,758
20/09/2021,22,622
20/09/2021,23,244
20/09/2022,0,169
20/09/2022,1,82
20/09/2022,2,54
20/09/2022,3,41
20/09/2022,4,52
20/09/2022,5,220
20/09/2022,6,694
20/09/2022,7,1334
20/09/2022,8,1477
20/09/2022,9,876
20/09/2022,10,736
20/09/2022,11,895
20/09/2022,12,1132
20/09/2022,13,1067
20/09/2022,14,1100
20/09/2022,15,1438
20/09/2022,16,2248
20/09/2022,17,2453
20/09/2022,18,1015
20/09/2022,19,907
20/09/2022,20,785
20/09/2022,21,690
20/09/2022,22,508
20/09/2022,23,339
20/10/2019,0,176
20/10/2019,1,134
20/10/2019,2,95
20/10/2019,3,42
20/10/2019,4,24
20/10/2019,5,23
20/10/2019,6,69
20/10/2019,7,127
20/10/2019,8,307
20/10/2019,9,515
20/10/2019,10,748
20/10/2019,11,960
20/10/2019,12,999
20/10/2019,13,1088
20/10/2019,14,941
20/10/2019,15,989
20/10/2019,16,792
20/10/2019,17,688
20/10/2019,18,562
20/10/2019,19,443
20/10/2019,20,306
20/10/2019,21,194
20/10/2019,22,122
20/10/2019,23,75
20/10/2020,0,34
20/10/2020,1,15
20/10/2020,2,11
20/10/2020,3,8
20/10/2020,4,21
20/10/2020,5,109
20/10/2020,6,323
20/10/2020,7,582
20/10/2020,8,610
20/10/2020,9,373
20/10/2020,10,332
20/10/2020,11,465
20/10/2020,12,556
20/10/2020,13,519
20/10/2020,14,574
20/10/2020,15,662
20/10/2020,16,992
20/10/2020,17,1396
20/10/2020,18,861
20/10/2020,19,292
20/10/2020,20,230
20/10/2020,21,139
20/10/2020,22,70
20/10/2020,23,99
20/10/2021,0,151
20/10/2021,1,70
20/10/2021,2,43
20/10/2021,3,43
20/10/2021,4,35
20/10/2021,5,192
20/10/2021,6,591
20/10/2021,7,1301
20/10/2021,8,1566
20/10/2021,9,955
20/10/2021,10,893
20/10/2021,11,986
20/10/2021,12,1209
20/10/2021,13,1277
20/10/2021,14,1245
20/10/2021,15,1499
20/10/2021,16,2103
20/10/2021,17,2832
20/10/2021,18,2344
20/10/2021,19,1507
20/10/2021,20,973
20/10/2021,21,856
20/10/2021,22,664
20/10/2021,23,383
20/10/2022,0,100
20/10/2022,1,48
20/10/2022,2,26
20/10/2022,3,29
20/10/2022,4,25
20/10/2022,5,133
20/10/2022,6,419
20/10/2022,7,856
20/10/2022,8,1066
20/10/2022,9,686
20/10/2022,10,499
20/10/2022,11,594
20/10/2022,12,783
20/10/2022,13,827
20/10/2022,14,795
20/10/2022,15,1187
20/10/2022,16,1650
20/10/2022,17,2169
20/10/2022,18,1735
20/10/2022,19,1013
20/10/2022,20,789
20/10/2022,21,670
20/10/2022,22,529
20/10/2022,23,314
20/11/2019,0,32
20/11/2019,1,8
20/11/2019,2,4
20/11/2019,3,4
20/11/2019,4,15
20/11/2019,5,128
20/11/2019,6,364
20/11/2019,7,908
20/11/2019,8,1126
20/11/2019,9,463
20/11/2019,10,245
20/11/2019,11,271
20/11/2019,12,368
20/11/2019,13,316
20/11/2019,14,334
20/11/2019,15,471
20/11/2019,16,942
20/11/2019,17,1253
20/11/2019,18,735
20/11/2019,19,491
20/11/2019,20,294
20/11/2019,21,236
20/11/2019,22,127
20/11/2019,23,70
20/11/2020,0,47
20/11/2020,1,19
20/11/2020,2,17
20/11/2020,3,5
20/11/2020,4,21
20/11/2020,5,83
20/11/2020,6,252
20/11/2020,7,427
20/11/2020,8,484
20/11/2020,9,391
20/11/2020,10,443
20/11/2020,11,567
20/11/2020,12,736
20/11/2020,13,699
20/11/2020,14,744
20/11/2020,15,923
20/11/2020,16,970
20/11/2020,17,925
20/11/2020,18,728
20/11/2020,19,521
20/11/2020,20,348
20/11/2020,21,230
20/11/2020,22,193
20/11/2020,23,127
20/11/2021,0,239
20/11/2021,1,173
20/11/2021,2,126
20/11/2021,3,72
20/11/2021,4,39
20/11/2021,5,46
20/11/2021,6,114
20/11/2021,7,188
20/11/2021,8,340
20/11/2021,9,529
20/11/2021,10,729
20/11/2021,11,768
20/11/2021,12,882
20/11/2021,13,932
20/11/2021,14,1233
20/11/2021,15,1211
20/11/2021,16,1199
20/11/2021,17,1094
20/11/2021,18,909
20/11/2021,19,797
20/11/2021,20,515
20/11/2021,21,390
20/11/2021,22,415
20/11/2021,23,378
20/11/2022,0,112
20/11/2022,1,94
20/11/2022,2,58
20/11/2022,3,25
20/11/2022,4,27
20/11/2022,5,33
20/11/2022,6,51
20/11/2022,7,85
20/11/2022,8,128
20/11/2022,9,185
20/11/2022,10,250
20/11/2022,11,349
20/11/2022,12,310
20/11/2022,13,325
20/11/2022,14,350
20/11/2022,15,395
20/11/2022,16,351
20/11/2022,17,305
20/11/2022,18,239
20/11/2022,19,194
20/11/2022,20,146
20/11/2022,21,123
20/11/2022,22,102
20/11/2022,23,66
20/12/2019,0,34
20/12/2019,1,20
20/12/2019,2,7
20/12/2019,3,9
20/12/2019,4,9
20/12/2019,5,70
20/12/2019,6,214
20/12/2019,7,513
20/12/2019,8,650
20/12/2019,9,261
20/12/2019,10,166
20/12/2019,11,267
20/12/2019,12,318
20/12/2019,13,293
20/12/2019,14,316
20/12/2019,15,460
20/12/2019,16,684
20/12/2019,17,619
20/12/2019,18,328
20/12/2019,19,191
20/12/2019,20,119
20/12/2019,21,103
20/12/2019,22,70
20/12/2019,23,57
20/12/2020,0,52
20/12/2020,1,32
20/12/2020,2,11
20/12/2020,3,8
20/12/2020,4,15
20/12/2020,5,35
20/12/2020,6,42
20/12/2020,7,73
20/12/2020,8,114
20/12/2020,9,171
20/12/2020,10,283
20/12/2020,11,373
20/12/2020,12,401
20/12/2020,13,467
20/12/2020,14,465
20/12/2020,15,557
20/12/2020,16,345
20/12/2020,17,289
20/12/2020,18,225
20/12/2020,19,143
20/12/2020,20,98
20/12/2020,21,70
20/12/2020,22,34
20/12/2020,23,37
20/12/2021,0,45
20/12/2021,1,40
20/12/2021,2,15
20/12/2021,3,8
20/12/2021,4,18
20/12/2021,5,82
20/12/2021,6,159
20/12/2021,7,354
20/12/2021,8,408
20/12/2021,9,274
20/12/2021,10,265
20/12/2021,11,381
20/12/2021,12,460
20/12/2021,13,471
20/12/2021,14,530
20/12/2021,15,656
20/12/2021,16,724
20/12/2021,17,762
20/12/2021,18,623
20/12/2021,19,389
20/12/2021,20,263
20/12/2021,21,216
20/12/2021,22,309
20/12/2021,23,138
20/12/2022,0,38
20/12/2022,1,26
20/12/2022,2,12
20/12/2022,3,11
20/12/2022,4,31
20/12/2022,5,81
20/12/2022,6,237
20/12/2022,7,446
20/12/2022,8,537
20/12/2022,9,334
20/12/2022,10,250
20/12/2022,11,279
20/12/2022,12,318
20/12/2022,13,347
20/12/2022,14,382
20/12/2022,15,497
20/12/2022,16,638
20/12/2022,17,751
20/12/2022,18,471
20/12/2022,19,314
20/12/2022,20,193
20/12/2022,21,152
20/12/2022,22,132
20/12/2022,23,78
21/01/2019,0,6
21/01/2019,1,2
21/01/2019,3,2
21/01/2019,4,6
21/01/2019,5,19
21/01/2019,6,70
21/01/2019,7,120
21/01/2019,8,126
21/01/2019,9,74
21/01/2019,10,42
21/01/2019,11,78
21/01/2019,12,93
21/01/2019,13,91
21/01/2019,14,86
21/01/2019,15,113
21/01/2019,16,163
21/01/2019,17,197
21/01/2019,18,160
21/01/2019,19,92
21/01/2019,20,52
21/01/2019,21,30
21/01/2019,22,18
21/01/2019,23,6
21/01/2020,0,12
21/01/2020,2,2
21/01/2020,3,3
21/01/2020,4,13
21/01/2020,5,82
21/01/2020,6,239
21/01/2020,7,506
21/01/2020,8,666
21/01/2020,9,246
21/01/2020,10,122
21/01/2020,11,156
21/01/2020,12,170
21/01/2020,13,166
21/01/2020,14,150
21/01/2020,15,276
21/01/2020,16,597
21/01/2020,17,766
21/01/2020,18,412
21/01/2020,19,250
21/01/2020,20,148
21/01/2020,21,133
21/01/2020,22,48
21/01/2020,23,24
21/01/2021,0,6
21/01/2021,1,8
21/01/2021,2,6
21/01/2021,3,6
21/01/2021,4,16
21/01/2021,5,47
21/01/2021,6,125
21/01/2021,7,225
21/01/2021,8,250
21/01/2021,9,182
21/01/2021,10,193
21/01/2021,11,213
21/01/2021,12,298
21/01/2021,13,271
21/01/2021,14,309
21/01/2021,15,290
21/01/2021,16,412
21/01/2021,17,458
21/01/2021,18,336
21/01/2021,19,222
21/01/2021,20,136
21/01/2021,21,92
21/01/2021,22,57
21/01/2021,23,44
21/01/2022,0,28
21/01/2022,1,11
21/01/2022,2,11
21/01/2022,3,7
21/01/2022,4,13
21/01/2022,5,56
21/01/2022,6,141
21/01/2022,7,275
21/01/2022,8,309
21/01/2022,9,173
21/01/2022,10,165
21/01/2022,11,194
21/01/2022,12,265
21/01/2022,13,287
21/01/2022,14,313
21/01/2022,15,337
21/01/2022,16,476
21/01/2022,17,473
21/01/2022,18,378
21/01/2022,19,233
21/01/2022,20,161
21/01/2022,21,90
21/01/2022,22,107
21/01/2022,23,72
21/02/2019,0,16
21/02/2019,1,3
21/02/2019,2,5
21/02/2019,3,5
21/02/2019,4,13
21/02/2019,5,61
21/02/2019,6,228
21/02/2019,7,466
21/02/2019,8,628
21/02/2019,9,234
21/02/2019,10,133
21/02/2019,11,162
21/02/2019,12,171
21/02/2019,13,161
21/02/2019,14,161
21/02/2019,15,257
21/02/2019,16,561
21/02/2019,17,728
21/02/2019,18,401
21/02/2019,19,256
21/02/2019,20,155
21/02/2019,21,126
21/02/2019,22,71
21/02/2019,23,29
21/02/2020,0,7
21/02/2020,1,2
21/02/2020,2,2
21/02/2020,3,2
21/02/2020,4,16
21/02/2020,5,83
21/02/2020,6,205
21/02/2020,7,493
21/02/2020,8,610
21/02/2020,9,269
21/02/2020,10,135
21/02/2020,11,199
21/02/2020,12,242
21/02/2020,13,235
21/02/2020,14,269
21/02/2020,15,364
21/02/2020,16,701
21/02/2020,17,769
21/02/2020,18,394
21/02/2020,19,211
21/02/2020,20,103
21/02/2020,21,87
21/02/2020,22,67
21/02/2020,23,44
21/02/2021,0,27
21/02/2021,1,13
21/02/2021,2,3
21/02/2021,3,3
21/02/2021,4,3
21/02/2021,5,8
21/02/2021,6,10
21/02/2021,7,25
21/02/2021,8,22
21/02/2021,9,33
21/02/2021,10,51
21/02/2021,11,76
21/02/2021,12,77
21/02/2021,13,99
21/02/2021,14,117
21/02/2021,15,95
21/02/2021,16,86
21/02/2021,17,65
21/02/2021,18,21
21/02/2021,19,22
21/02/2021,20,11
21/02/2021,21,16
21/02/2021,22,15
21/02/2021,23,7
21/02/2022,0,45
21/02/2022,1,28
21/02/2022,2,14
21/02/2022,3,17
21/02/2022,4,13
21/02/2022,5,57
21/02/2022,6,148
21/02/2022,7,280
21/02/2022,8,337
21/02/2022,9,261
21/02/2022,10,246
21/02/2022,11,388
21/02/2022,12,435
21/02/2022,13,499
21/02/2022,14,547
21/02/2022,15,521
21/02/2022,16,682
21/02/2022,17,675
21/02/2022,18,516
21/02/2022,19,333
21/02/2022,20,244
21/02/2022,21,183
21/02/2022,22,137
21/02/2022,23,94
21/03/2019,0,17
21/03/2019,1,12
21/03/2019,2,5
21/03/2019,3,8
21/03/2019,4,23
21/03/2019,5,75
21/03/2019,6,253
21/03/2019,7,428
21/03/2019,8,665
21/03/2019,9,299
21/03/2019,10,155
21/03/2019,11,233
21/03/2019,12,268
21/03/2019,13,234
21/03/2019,14,216
21/03/2019,15,364
21/03/2019,16,730
21/03/2019,17,1055
21/03/2019,18,634
21/03/2019,19,342
21/03/2019,20,205
21/03/2019,21,161
21/03/2019,22,114
21/03/2019,23,59
21/03/2020,0,16
21/03/2020,1,6
21/03/2020,2,5
21/03/2020,3,1
21/03/2020,4,5
21/03/2020,5,13
21/03/2020,6,17
21/03/2020,7,24
21/03/2020,8,54
21/03/2020,9,73
21/03/2020,10,114
21/03/2020,11,171
21/03/2020,12,187
21/03/2020,13,217
21/03/2020,14,251
21/03/2020,15,227
21/03/2020,16,206
21/03/2020,17,182
21/03/2020,18,141
21/03/2020,19,91
21/03/2020,20,61
21/03/2020,21,24
21/03/2020,22,23
21/03/2020,23,17
21/03/2021,0,235
21/03/2021,1,153
21/03/2021,2,72
21/03/2021,3,29
21/03/2021,4,23
21/03/2021,5,17
21/03/2021,6,70
21/03/2021,7,95
21/03/2021,8,208
21/03/2021,9,362
21/03/2021,10,729
21/03/2021,11,1102
21/03/2021,12,1444
21/03/2021,13,1832
21/03/2021,14,2036
21/03/2021,15,1864
21/03/2021,16,1764
21/03/2021,17,1538
21/03/2021,18,1089
21/03/2021,19,686
21/03/2021,20,412
21/03/2021,21,263
21/03/2021,22,221
21/03/2021,23,98
21/03/2022,0,85
21/03/2022,1,45
21/03/2022,2,30
21/03/2022,3,28
21/03/2022,4,32
21/03/2022,5,133
21/03/2022,6,342
21/03/2022,7,723
21/03/2022,8,854
21/03/2022,9,519
21/03/2022,10,566
21/03/2022,11,809
21/03/2022,12,964
21/03/2022,13,1094
21/03/2022,14,1178
21/03/2022,15,1546
21/03/2022,16,1998
21/03/2022,17,2804
21/03/2022,18,2106
21/03/2022,19,1396
21/03/2022,20,870
21/03/2022,21,671
21/03/2022,22,384
21/03/2022,23,197
21/04/2020,0,12
21/04/2020,1,6
21/04/2020,2,3
21/04/2020,3,3
21/04/2020,4,7
21/04/2020,5,19
21/04/2020,6,94
21/04/2020,7,101
21/04/2020,8,112
21/04/2020,9,95
21/04/2020,10,80
21/04/2020,11,131
21/04/2020,12,170
21/04/2020,13,188
21/04/2020,14,158
21/04/2020,15,216
21/04/2020,16,273
21/04/2020,17,385
21/04/2020,18,285
21/04/2020,19,143
21/04/2020,20,73
21/04/2020,21,40
21/04/2020,22,17
21/04/2020,23,16
21/04/2021,0,50
21/04/2021,1,23
21/04/2021,2,11
21/04/2021,3,20
21/04/2021,4,20
21/04/2021,5,80
21/04/2021,6,217
21/04/2021,7,387
21/04/2021,8,414
21/04/2021,9,309
21/04/2021,10,223
21/04/2021,11,297
21/04/2021,12,358
21/04/2021,13,335
21/04/2021,14,361
21/04/2021,15,394
21/04/2021,16,520
21/04/2021,17,763
21/04/2021,18,646
21/04/2021,19,465
21/04/2021,20,248
21/04/2021,21,191
21/04/2021,22,154
21/04/2021,23,105
21/04/2022,0,60
21/04/2022,1,37
21/04/2022,2,18
21/04/2022,3,18
21/04/2022,4,34
21/04/2022,5,122
21/04/2022,6,406
21/04/2022,7,873
21/04/2022,8,1074
21/04/2022,9,664
21/04/2022,10,638
21/04/2022,11,830
21/04/2022,12,1003
21/04/2022,13,1037
21/04/2022,14,1072
21/04/2022,15,1446
21/04/2022,16,2120
21/04/2022,17,2681
21/04/2022,18,2440
21/04/2022,19,1608
21/04/2022,20,1055
21/04/2022,21,838
21/04/2022,22,797
21/04/2022,23,410
21/05/2020,0,43
21/05/2020,1,16
21/05/2020,2,6
21/05/2020,3,10
21/05/2020,4,10
21/05/2020,5,37
21/05/2020,6,119
21/05/2020,7,210
21/05/2020,8,228
21/05/2020,9,185
21/05/2020,10,174
21/05/2020,11,250
21/05/2020,12,378
21/05/2020,13,385
21/05/2020,14,446
21/05/2020,15,454
21/05/2020,16,556
21/05/2020,17,655
21/05/2020,18,636
21/05/2020,19,408
21/05/2020,20,179
21/05/2020,21,107
21/05/2020,22,80
21/05/2020,23,30
21/05/2021,0,322
21/05/2021,1,170
21/05/2021,2,94
21/05/2021,3,52
21/05/2021,4,48
21/05/2021,5,174
21/05/2021,6,455
21/05/2021,7,781
21/05/2021,8,891
21/05/2021,9,695
21/05/2021,10,833
21/05/2021,11,1073
21/05/2021,12,1239
21/05/2021,13,1439
21/05/2021,14,1471
21/05/2021,15,1647
21/05/2021,16,2130
21/05/2021,17,2603
21/05/2021,18,2463
21/05/2021,19,1879
21/05/2021,20,1379
21/05/2021,21,1103
21/05/2021,22,984
21/05/2021,23,996
21/05/2022,0,103
21/05/2022,1,122
21/05/2022,2,119
21/05/2022,3,134
21/05/2022,4,69
21/05/2022,5,39
21/05/2022,6,142
21/05/2022,7,277
21/05/2022,8,502
21/05/2022,9,901
21/05/2022,10,1056
21/05/2022,11,1064
21/05/2022,12,657
21/05/2022,13,433
21/05/2022,14,281
21/05/2022,15,587
21/05/2022,16,931
21/05/2022,17,1106
21/05/2022,18,1194
21/05/2022,19,1038
21/05/2022,20,720
21/05/2022,21,559
21/05/2022,22,595
21/05/2022,23,597
21/06/2020,0,132
21/06/2020,1,69
21/06/2020,2,41
21/06/2020,3,35
21/06/2020,4,22
21/06/2020,5,53
21/06/2020,6,137
21/06/2020,7,178
21/06/2020,8,319
21/06/2020,9,584
21/06/2020,10,771
21/06/2020,11,1003
21/06/2020,12,1246
21/06/2020,13,1356
21/06/2020,14,1333
21/06/2020,15,1315
21/06/2020,16,1334
21/06/2020,17,1177
21/06/2020,18,1057
21/06/2020,19,901
21/06/2020,20,765
21/06/2020,21,508
21/06/2020,22,329
21/06/2020,23,159
21/06/2021,0,49
21/06/2021,1,61
21/06/2021,2,43
21/06/2021,3,29
21/06/2021,4,51
21/06/2021,5,193
21/06/2021,6,491
21/06/2021,7,877
21/06/2021,8,961
21/06/2021,9,684
21/06/2021,10,657
21/06/2021,11,859
21/06/2021,12,1106
21/06/2021,13,1068
21/06/2021,14,1140
21/06/2021,15,1296
21/06/2021,16,1782
21/06/2021,17,2644
21/06/2021,18,2523
21/06/2021,19,1804
21/06/2021,20,1250
21/06/2021,21,911
21/06/2021,22,725
21/06/2021,23,359
21/06/2022,0,220
21/06/2022,1,133
21/06/2022,2,55
21/06/2022,3,38
21/06/2022,4,65
21/06/2022,5,270
21/06/2022,6,726
21/06/2022,7,1225
21/06/2022,8,1335
21/06/2022,9,869
21/06/2022,10,700
21/06/2022,11,828
21/06/2022,12,1017
21/06/2022,13,968
21/06/2022,14,994
21/06/2022,15,1214
21/06/2022,16,1929
21/06/2022,17,2596
21/06/2022,18,2321
21/06/2022,19,1972
21/06/2022,20,1558
21/06/2022,21,1191
21/06/2022,22,720
21/06/2022,23,398
21/07/2019,0,292
21/07/2019,1,170
21/07/2019,2,115
21/07/2019,3,75
21/07/2019,4,38
21/07/2019,5,82
21/07/2019,6,126
21/07/2019,7,210
21/07/2019,8,393
21/07/2019,9,631
21/07/2019,10,804
21/07/2019,11,433
21/07/2019,12,361
21/07/2019,13,484
21/07/2019,14,785
21/07/2019,15,983
21/07/2019,16,1153
21/07/2019,17,1363
21/07/2019,18,1273
21/07/2019,19,1117
21/07/2019,20,680
21/07/2019,21,506
21/07/2019,22,320
21/07/2019,23,195
21/07/2020,0,125
21/07/2020,1,81
21/07/2020,2,38
21/07/2020,3,22
21/07/2020,4,37
21/07/2020,5,179
21/07/2020,6,411
21/07/2020,7,683
21/07/2020,8,746
21/07/2020,9,551
21/07/2020,10,538
21/07/2020,11,678
21/07/2020,12,771
21/07/2020,13,492
21/07/2020,14,565
21/07/2020,15,861
21/07/2020,16,1163
21/07/2020,17,1780
21/07/2020,18,1232
21/07/2020,19,598
21/07/2020,20,360
21/07/2020,21,251
21/07/2020,22,214
21/07/2020,23,170
21/07/2021,0,257
21/07/2021,1,132
21/07/2021,2,89
21/07/2021,3,47
21/07/2021,4,56
21/07/2021,5,239
21/07/2021,6,650
21/07/2021,7,1173
21/07/2021,8,1268
21/07/2021,9,831
21/07/2021,10,716
21/07/2021,11,878
21/07/2021,12,1143
21/07/2021,13,1084
21/07/2021,14,1183
21/07/2021,15,1270
21/07/2021,16,1985
21/07/2021,17,3057
21/07/2021,18,2817
21/07/2021,19,2171
21/07/2021,20,1591
21/07/2021,21,1362
21/07/2021,22,896
21/07/2021,23,549
21/07/2022,0,304
21/07/2022,1,114
21/07/2022,2,92
21/07/2022,3,56
21/07/2022,4,56
21/07/2022,5,251
21/07/2022,6,686
21/07/2022,7,1279
21/07/2022,8,1463
21/07/2022,9,948
21/07/2022,10,842
21/07/2022,11,1033
21/07/2022,12,1225
21/07/2022,13,1177
21/07/2022,14,1278
21/07/2022,15,1584
21/07/2022,16,2219
21/07/2022,17,3015
21/07/2022,18,2558
21/07/2022,19,1971
21/07/2022,20,1602
21/07/2022,21,1281
21/07/2022,22,946
21/07/2022,23,600
21/08/2019,0,76
21/08/2019,1,38
21/08/2019,2,22
21/08/2019,3,13
21/08/2019,4,50
21/08/2019,5,218
21/08/2019,6,684
21/08/2019,7,1586
21/08/2019,8,1794
21/08/2019,9,794
21/08/2019,10,536
21/08/2019,11,738
21/08/2019,12,770
21/08/2019,13,818
21/08/2019,14,857
21/08/2019,15,991
21/08/2019,16,1678
21/08/2019,17,2521
21/08/2019,18,1764
21/08/2019,19,1243
21/08/2019,20,818
21/08/2019,21,629
21/08/2019,22,492
21/08/2019,23,244
21/08/2020,0,213
21/08/2020,1,94
21/08/2020,2,47
21/08/2020,3,30
21/08/2020,4,46
21/08/2020,5,147
21/08/2020,6,470
21/08/2020,7,787
21/08/2020,8,849
21/08/2020,9,704
21/08/2020,10,743
21/08/2020,11,1021
21/08/2020,12,1218
21/08/2020,13,1230
21/08/2020,14,1295
21/08/2020,15,1419
21/08/2020,16,1921
21/08/2020,17,2214
21/08/2020,18,2366
21/08/2020,19,1871
21/08/2020,20,1291
21/08/2020,21,868
21/08/2020,22,929
21/08/2020,23,748
21/08/2021,0,865
21/08/2021,1,628
21/08/2021,2,388
21/08/2021,3,217
21/08/2021,4,115
21/08/2021,5,136
21/08/2021,6,250
21/08/2021,7,476
21/08/2021,8,829
21/08/2021,9,1384
21/08/2021,10,2172
21/08/2021,11,2708
21/08/2021,12,2251
21/08/2021,13,2626
21/08/2021,14,2515
21/08/2021,15,2189
21/08/2021,16,1289
21/08/2021,17,1805
21/08/2021,18,1863
21/08/2021,19,1569
21/08/2021,20,1389
21/08/2021,21,1253
21/08/2021,22,1352
21/08/2021,23,1143
21/08/2022,0,1059
21/08/2022,1,572
21/08/2022,2,343
21/08/2022,3,255
21/08/2022,4,111
21/08/2022,5,108
21/08/2022,6,185
21/08/2022,7,321
21/08/2022,8,571
21/08/2022,9,1202
21/08/2022,10,1678
21/08/2022,11,1524
21/08/2022,12,2034
21/08/2022,13,2018
21/08/2022,14,2198
21/08/2022,15,2408
21/08/2022,16,2309
21/08/2022,17,2061
21/08/2022,18,1909
21/08/2022,19,1509
21/08/2022,20,1060
21/08/2022,21,902
21/08/2022,22,648
21/08/2022,23,342
21/09/2019,0,232
21/09/2019,1,171
21/09/2019,2,88
21/09/2019,3,61
21/09/2019,4,48
21/09/2019,5,73
21/09/2019,6,174
21/09/2019,7,318
21/09/2019,8,618
21/09/2019,9,936
21/09/2019,10,1027
21/09/2019,11,1282
21/09/2019,12,1254
21/09/2019,13,1342
21/09/2019,14,1340
21/09/2019,15,1314
21/09/2019,16,1045
21/09/2019,17,969
21/09/2019,18,898
21/09/2019,19,609
21/09/2019,20,119
21/09/2019,21,70
21/09/2019,22,182
21/09/2019,23,199
21/09/2020,0,89
21/09/2020,1,43
21/09/2020,2,14
21/09/2020,3,13
21/09/2020,4,19
21/09/2020,5,139
21/09/2020,6,372
21/09/2020,7,756
21/09/2020,8,793
21/09/2020,9,543
21/09/2020,10,550
21/09/2020,11,709
21/09/2020,12,915
21/09/2020,13,876
21/09/2020,14,885
21/09/2020,15,1044
21/09/2020,16,1506
21/09/2020,17,2007
21/09/2020,18,1858
21/09/2020,19,1163
21/09/2020,20,638
21/09/2020,21,396
21/09/2020,22,298
21/09/2020,23,165
21/09/2021,0,146
21/09/2021,1,59
21/09/2021,2,39
21/09/2021,3,21
21/09/2021,4,29
21/09/2021,5,196
21/09/2021,6,551
21/09/2021,7,839
21/09/2021,8,807
21/09/2021,9,656
21/09/2021,10,596
21/09/2021,11,720
21/09/2021,12,966
21/09/2021,13,939
21/09/2021,14,984
21/09/2021,15,1204
21/09/2021,16,1660
21/09/2021,17,2318
21/09/2021,18,1935
21/09/2021,19,1233
21/09/2021,20,881
21/09/2021,21,703
21/09/2021,22,535
21/09/2021,23,286
21/09/2022,0,227
21/09/2022,1,111
21/09/2022,2,57
21/09/2022,3,34
21/09/2022,4,62
21/09/2022,5,236
21/09/2022,6,719
21/09/2022,7,1368
21/09/2022,8,1603
21/09/2022,9,979
21/09/2022,10,778
21/09/2022,11,916
21/09/2022,12,1094
21/09/2022,13,1116
21/09/2022,14,1183
21/09/2022,15,1442
21/09/2022,16,2263
21/09/2022,17,2925
21/09/2022,18,2429
21/09/2022,19,1607
21/09/2022,20,1037
21/09/2022,21,913
21/09/2022,22,698
21/09/2022,23,438
21/10/2019,0,34
21/10/2019,1,17
21/10/2019,2,21
21/10/2019,3,11
21/10/2019,4,20
21/10/2019,5,190
21/10/2019,6,497
21/10/2019,7,1211
21/10/2019,8,1114
21/10/2019,9,319
21/10/2019,10,230
21/10/2019,11,321
21/10/2019,12,256
21/10/2019,13,210
21/10/2019,14,289
21/10/2019,15,548
21/10/2019,16,1477
21/10/2019,17,2201
21/10/2019,18,1189
21/10/2019,19,700
21/10/2019,20,361
21/10/2019,21,273
21/10/2019,22,175
21/10/2019,23,93
21/10/2020,0,32
21/10/2020,1,22
21/10/2020,2,11
21/10/2020,3,20
21/10/2020,4,23
21/10/2020,5,112
21/10/2020,6,317
21/10/2020,7,606
21/10/2020,8,658
21/10/2020,9,455
21/10/2020,10,384
21/10/2020,11,496
21/10/2020,12,665
21/10/2020,13,630
21/10/2020,14,664
21/10/2020,15,815
21/10/2020,16,1136
21/10/2020,17,1548
21/10/2020,18,778
21/10/2020,19,421
21/10/2020,20,263
21/10/2020,21,99
21/10/2020,22,88
21/10/2020,23,59
21/10/2021,0,226
21/10/2021,1,111
21/10/2021,2,40
21/10/2021,3,19
21/10/2021,4,54
21/10/2021,5,193
21/10/2021,6,502
21/10/2021,7,1132
21/10/2021,8,1306
21/10/2021,9,835
21/10/2021,10,677
21/10/2021,11,728
21/10/2021,12,912
21/10/2021,13,788
21/10/2021,14,784
21/10/2021,15,1141
21/10/2021,16,1618
21/10/2021,17,2128
21/10/2021,18,1481
21/10/2021,19,1102
21/10/2021,20,752
21/10/2021,21,691
21/10/2021,22,716
21/10/2021,23,368
21/10/2022,0,215
21/10/2022,1,134
21/10/2022,2,55
21/10/2022,3,40
21/10/2022,4,35
21/10/2022,5,133
21/10/2022,6,397
21/10/2022,7,650
21/10/2022,8,908
21/10/2022,9,747
21/10/2022,10,714
21/10/2022,11,947
21/10/2022,12,1194
21/10/2022,13,1409
21/10/2022,14,1383
21/10/2022,15,1780
21/10/2022,16,2141
21/10/2022,17,2469
21/10/2022,18,2108
21/10/2022,19,1213
21/10/2022,20,937
21/10/2022,21,788
21/10/2022,22,697
21/10/2022,23,531
21/11/2019,0,29
21/11/2019,1,21
21/11/2019,2,10
21/11/2019,3,3
21/11/2019,4,12
21/11/2019,5,38
21/11/2019,6,67
21/11/2019,7,361
21/11/2019,8,776
21/11/2019,9,344
21/11/2019,10,194
21/11/2019,11,217
21/11/2019,12,217
21/11/2019,13,252
21/11/2019,14,225
21/11/2019,15,388
21/11/2019,16,812
21/11/2019,17,1118
21/11/2019,18,617
21/11/2019,19,365
21/11/2019,20,224
21/11/2019,21,182
21/11/2019,22,161
21/11/2019,23,84
21/11/2020,0,88
21/11/2020,1,69
21/11/2020,2,33
21/11/2020,3,21
21/11/2020,4,27
21/11/2020,5,35
21/11/2020,6,84
21/11/2020,7,166
21/11/2020,8,240
21/11/2020,9,409
21/11/2020,10,553
21/11/2020,11,691
21/11/2020,12,775
21/11/2020,13,831
21/11/2020,14,832
21/11/2020,15,784
21/11/2020,16,626
21/11/2020,17,403
21/11/2020,18,372
21/11/2020,19,272
21/11/2020,20,205
21/11/2020,21,157
21/11/2020,22,121
21/11/2020,23,105
21/11/2021,0,280
21/11/2021,1,234
21/11/2021,2,176
21/11/2021,3,89
21/11/2021,4,65
21/11/2021,5,60
21/11/2021,6,99
21/11/2021,7,144
21/11/2021,8,189
21/11/2021,9,430
21/11/2021,10,704
21/11/2021,11,970
21/11/2021,12,981
21/11/2021,13,1070
21/11/2021,14,1093
21/11/2021,15,1331
21/11/2021,16,1074
21/11/2021,17,637
21/11/2021,18,452
21/11/2021,19,365
21/11/2021,20,213
21/11/2021,21,176
21/11/2021,22,152
21/11/2021,23,103
21/11/2022,0,55
21/11/2022,1,26
21/11/2022,2,16
21/11/2022,3,10
21/11/2022,4,27
21/11/2022,5,69
21/11/2022,6,272
21/11/2022,7,468
21/11/2022,8,571
21/11/2022,9,337
21/11/2022,10,310
21/11/2022,11,382
21/11/2022,12,507
21/11/2022,13,463
21/11/2022,14,523
21/11/2022,15,645
21/11/2022,16,897
21/11/2022,17,949
21/11/2022,18,638
21/11/2022,19,461
21/11/2022,20,335
21/11/2022,21,259
21/11/2022,22,167
21/11/2022,23,117
21/12/2019,0,50
21/12/2019,1,31
21/12/2019,2,22
21/12/2019,3,12
21/12/2019,4,9
21/12/2019,5,12
21/12/2019,6,34
21/12/2019,7,79
21/12/2019,8,120
21/12/2019,9,200
21/12/2019,10,280
21/12/2019,11,307
21/12/2019,12,338
21/12/2019,13,423
21/12/2019,14,446
21/12/2019,15,377
21/12/2019,16,299
21/12/2019,17,213
21/12/2019,18,162
21/12/2019,19,120
21/12/2019,20,106
21/12/2019,21,77
21/12/2019,22,80
21/12/2019,23,54
21/12/2020,0,22
21/12/2020,1,11
21/12/2020,2,5
21/12/2020,3,6
21/12/2020,4,11
21/12/2020,5,45
21/12/2020,6,133
21/12/2020,7,224
21/12/2020,8,279
21/12/2020,9,232
21/12/2020,10,239
21/12/2020,11,290
21/12/2020,12,366
21/12/2020,13,401
21/12/2020,14,392
21/12/2020,15,381
21/12/2020,16,442
21/12/2020,17,449
21/12/2020,18,291
21/12/2020,19,192
21/12/2020,20,107
21/12/2020,21,70
21/12/2020,22,60
21/12/2020,23,33
21/12/2021,0,59
21/12/2021,1,38
21/12/2021,2,15
21/12/2021,3,21
21/12/2021,4,19
21/12/2021,5,97
21/12/2021,6,181
21/12/2021,7,360
21/12/2021,8,436
21/12/2021,9,291
21/12/2021,10,309
21/12/2021,11,456
21/12/2021,12,466
21/12/2021,13,512
21/12/2021,14,433
21/12/2021,15,597
21/12/2021,16,637
21/12/2021,17,604
21/12/2021,18,474
21/12/2021,19,300
21/12/2021,20,222
21/12/2021,21,165
21/12/2021,22,110
21/12/2021,23,77
21/12/2022,0,71
21/12/2022,1,21
21/12/2022,2,9
21/12/2022,3,16
21/12/2022,4,28
21/12/2022,5,86
21/12/2022,6,219
21/12/2022,7,377
21/12/2022,8,432
21/12/2022,9,296
21/12/2022,10,252
21/12/2022,11,305
21/12/2022,12,314
21/12/2022,13,376
21/12/2022,14,394
21/12/2022,15,522
21/12/2022,16,646
21/12/2022,17,608
21/12/2022,18,460
21/12/2022,19,349
21/12/2022,20,204
21/12/2022,21,140
21/12/2022,22,123
21/12/2022,23,80
22/01/2019,0,4
22/01/2019,1,3
22/01/2019,2,2
22/01/2019,3,3
22/01/2019,4,10
22/01/2019,5,46
22/01/2019,6,166
22/01/2019,7,361
22/01/2019,8,469
22/01/2019,9,178
22/01/2019,10,72
22/01/2019,11,91
22/01/2019,12,88
22/01/2019,13,105
22/01/2019,14,65
22/01/2019,15,110
22/01/2019,16,211
22/01/2019,17,373
22/01/2019,18,245
22/01/2019,19,118
22/01/2019,20,72
22/01/2019,21,53
22/01/2019,22,27
22/01/2019,23,11
22/01/2020,0,14
22/01/2020,1,2
22/01/2020,2,4
22/01/2020,3,1
22/01/2020,4,11
22/01/2020,5,98
22/01/2020,6,272
22/01/2020,7,552
22/01/2020,8,690
22/01/2020,9,266
22/01/2020,10,129
22/01/2020,11,153
22/01/2020,12,178
22/01/2020,13,188
22/01/2020,14,165
22/01/2020,15,271
22/01/2020,16,639
22/01/2020,17,820
22/01/2020,18,449
22/01/2020,19,244
22/01/2020,20,150
22/01/2020,21,123
22/01/2020,22,70
22/01/2020,23,25
22/01/2021,0,11
22/01/2021,1,13
22/01/2021,2,9
22/01/2021,3,2
22/01/2021,4,7
22/01/2021,5,40
22/01/2021,6,121
22/01/2021,7,187
22/01/2021,8,203
22/01/2021,9,133
22/01/2021,10,121
22/01/2021,11,145
22/01/2021,12,165
22/01/2021,13,176
22/01/2021,14,199
22/01/2021,15,280
22/01/2021,16,323
22/01/2021,17,321
22/01/2021,18,271
22/01/2021,19,158
22/01/2021,20,94
22/01/2021,21,61
22/01/2021,22,48
22/01/2021,23,44
22/01/2022,0,78
22/01/2022,1,34
22/01/2022,2,27
22/01/2022,3,17
22/01/2022,4,9
22/01/2022,5,13
22/01/2022,6,32
22/01/2022,7,109
22/01/2022,8,132
22/01/2022,9,181
22/01/2022,10,239
22/01/2022,11,282
22/01/2022,12,311
22/01/2022,13,360
22/01/2022,14,366
22/01/2022,15,443
22/01/2022,16,360
22/01/2022,17,289
22/01/2022,18,243
22/01/2022,19,193
22/01/2022,20,126
22/01/2022,21,106
22/01/2022,22,84
22/01/2022,23,59
22/02/2019,0,28
22/02/2019,1,9
22/02/2019,2,9
22/02/2019,3,14
22/02/2019,4,7
22/02/2019,5,62
22/02/2019,6,219
22/02/2019,7,493
22/02/2019,8,631
22/02/2019,9,242
22/02/2019,10,174
22/02/2019,11,193
22/02/2019,12,222
22/02/2019,13,224
22/02/2019,14,248
22/02/2019,15,320
22/02/2019,16,611
22/02/2019,17,697
22/02/2019,18,339
22/02/2019,19,181
22/02/2019,20,129
22/02/2019,21,95
22/02/2019,22,53
22/02/2019,23,53
22/02/2020,0,32
22/02/2020,1,24
22/02/2020,2,11
22/02/2020,3,12
22/02/2020,4,7
22/02/2020,5,13
22/02/2020,6,37
22/02/2020,7,96
22/02/2020,8,139
22/02/2020,9,231
22/02/2020,10,307
22/02/2020,11,427
22/02/2020,12,520
22/02/2020,13,626
22/02/2020,14,621
22/02/2020,15,594
22/02/2020,16,570
22/02/2020,17,404
22/02/2020,18,263
22/02/2020,19,170
22/02/2020,20,107
22/02/2020,21,101
22/02/2020,22,84
22/02/2020,23,59
22/02/2021,0,1
22/02/2021,2,2
22/02/2021,3,2
22/02/2021,4,4
22/02/2021,5,17
22/02/2021,6,48
22/02/2021,7,78
22/02/2021,8,84
22/02/2021,9,54
22/02/2021,10,59
22/02/2021,11,74
22/02/2021,12,67
22/02/2021,13,73
22/02/2021,14,109
22/02/2021,15,131
22/02/2021,16,133
22/02/2021,17,183
22/02/2021,18,171
22/02/2021,19,73
22/02/2021,20,62
22/02/2021,21,53
22/02/2021,22,20
22/02/2021,23,17
22/02/2022,0,45
22/02/2022,1,29
22/02/2022,2,11
22/02/2022,3,9
22/02/2022,4,17
22/02/2022,5,69
22/02/2022,6,107
22/02/2022,7,240
22/02/2022,8,344
22/02/2022,9,146
22/02/2022,10,106
22/02/2022,11,88
22/02/2022,12,72
22/02/2022,13,152
22/02/2022,14,148
22/02/2022,15,232
22/02/2022,16,378
22/02/2022,17,470
22/02/2022,18,391
22/02/2022,19,254
22/02/2022,20,162
22/02/2022,21,124
22/02/2022,22,87
22/02/2022,23,77
22/03/2019,0,28
22/03/2019,1,23
22/03/2019,2,18
22/03/2019,3,8
22/03/2019,4,15
22/03/2019,5,70
22/03/2019,6,264
22/03/2019,7,612
22/03/2019,8,847
22/03/2019,9,354
22/03/2019,10,217
22/03/2019,11,291
22/03/2019,12,286
22/03/2019,13,342
22/03/2019,14,316
22/03/2019,15,467
22/03/2019,16,787
22/03/2019,17,803
22/03/2019,18,536
22/03/2019,19,258
22/03/2019,20,166
22/03/2019,21,119
22/03/2019,22,71
22/03/2019,23,73
22/03/2020,0,16
22/03/2020,1,7
22/03/2020,2,4
22/03/2020,3,2
22/03/2020,4,1
22/03/2020,5,1
22/03/2020,6,15
22/03/2020,7,19
22/03/2020,8,34
22/03/2020,9,60
22/03/2020,10,97
22/03/2020,11,156
22/03/2020,12,131
22/03/2020,13,191
22/03/2020,14,190
22/03/2020,15,162
22/03/2020,16,82
22/03/2020,17,37
22/03/2020,18,33
22/03/2020,19,31
22/03/2020,20,23
22/03/2020,21,10
22/03/2020,22,10
22/03/2020,23,9
22/03/2021,0,68
22/03/2021,1,37
22/03/2021,2,15
22/03/2021,3,6
22/03/2021,4,28
22/03/2021,5,67
22/03/2021,6,199
22/03/2021,7,443
22/03/2021,8,451
22/03/2021,9,321
22/03/2021,10,349
22/03/2021,11,505
22/03/2021,12,608
22/03/2021,13,633
22/03/2021,14,647
22/03/2021,15,826
22/03/2021,16,1158
22/03/2021,17,1635
22/03/2021,18,1273
22/03/2021,19,767
22/03/2021,20,450
22/03/2021,21,292
22/03/2021,22,251
22/03/2021,23,138
22/03/2022,0,102
22/03/2022,1,47
22/03/2022,2,27
22/03/2022,3,18
22/03/2022,4,26
22/03/2022,5,109
22/03/2022,6,287
22/03/2022,7,519
22/03/2022,8,534
22/03/2022,9,231
22/03/2022,10,215
22/03/2022,11,298
22/03/2022,12,395
22/03/2022,13,442
22/03/2022,14,437
22/03/2022,15,563
22/03/2022,16,808
22/03/2022,17,791
22/03/2022,18,631
22/03/2022,19,445
22/03/2022,20,325
22/03/2022,21,211
22/03/2022,22,162
22/03/2022,23,108
22/04/2020,0,10
22/04/2020,1,4
22/04/2020,2,14
22/04/2020,3,6
22/04/2020,4,3
22/04/2020,5,17
22/04/2020,6,77
22/04/2020,7,126
22/04/2020,8,106
22/04/2020,9,94
22/04/2020,10,89
22/04/2020,11,90
22/04/2020,12,163
22/04/2020,13,179
22/04/2020,14,128
22/04/2020,15,138
22/04/2020,16,160
22/04/2020,17,135
22/04/2020,18,178
22/04/2020,19,120
22/04/2020,20,73
22/04/2020,21,38
22/04/2020,22,30
22/04/2020,23,17
22/04/2021,0,52
22/04/2021,1,21
22/04/2021,2,10
22/04/2021,3,9
22/04/2021,4,18
22/04/2021,5,85
22/04/2021,6,223
22/04/2021,7,421
22/04/2021,8,475
22/04/2021,9,330
22/04/2021,10,352
22/04/2021,11,452
22/04/2021,12,546
22/04/2021,13,534
22/04/2021,14,571
22/04/2021,15,708
22/04/2021,16,840
22/04/2021,17,1376
22/04/2021,18,1326
22/04/2021,19,893
22/04/2021,20,543
22/04/2021,21,394
22/04/2021,22,420
22/04/2021,23,228
22/04/2022,0,203
22/04/2022,1,109
22/04/2022,2,49
22/04/2022,3,28
22/04/2022,4,34
22/04/2022,5,86
22/04/2022,6,311
22/04/2022,7,586
22/04/2022,8,612
22/04/2022,9,439
22/04/2022,10,450
22/04/2022,11,559
22/04/2022,12,457
22/04/2022,13,414
22/04/2022,14,247
22/04/2022,15,235
22/04/2022,16,235
22/04/2022,17,577
22/04/2022,18,721
22/04/2022,19,638
22/04/2022,20,360
22/04/2022,21,398
22/04/2022,22,381
22/04/2022,23,329
22/05/2020,0,16
22/05/2020,1,14
22/05/2020,2,12
22/05/2020,3,7
22/05/2020,4,8
22/05/2020,5,31
22/05/2020,6,113
22/05/2020,7,168
22/05/2020,8,188
22/05/2020,9,207
22/05/2020,10,243
22/05/2020,11,337
22/05/2020,12,396
22/05/2020,13,462
22/05/2020,14,550
22/05/2020,15,621
22/05/2020,16,837
22/05/2020,17,966
22/05/2020,18,892
22/05/2020,19,669
22/05/2020,20,412
22/05/2020,21,184
22/05/2020,22,124
22/05/2020,23,112
22/05/2021,0,847
22/05/2021,1,703
22/05/2021,2,415
22/05/2021,3,157
22/05/2021,4,84
22/05/2021,5,93
22/05/2021,6,242
22/05/2021,7,373
22/05/2021,8,667
22/05/2021,9,1197
22/05/2021,10,1686
22/05/2021,11,2226
22/05/2021,12,2579
22/05/2021,13,2721
22/05/2021,14,2659
22/05/2021,15,2519
22/05/2021,16,2761
22/05/2021,17,2577
22/05/2021,18,2494
22/05/2021,19,2113
22/05/2021,20,1761
22/05/2021,21,1563
22/05/2021,22,1361
22/05/2021,23,1227
22/05/2022,0,484
22/05/2022,1,318
22/05/2022,2,251
22/05/2022,3,116
22/05/2022,4,81
22/05/2022,5,100
22/05/2022,6,270
22/05/2022,7,418
22/05/2022,8,572
22/05/2022,9,995
22/05/2022,10,1361
22/05/2022,11,1572
22/05/2022,12,2129
22/05/2022,13,2055
22/05/2022,14,1938
22/05/2022,15,1926
22/05/2022,16,1838
22/05/2022,17,1741
22/05/2022,18,1445
22/05/2022,19,1094
22/05/2022,20,718
22/05/2022,21,468
22/05/2022,22,326
22/05/2022,23,232
22/06/2020,0,109
22/06/2020,1,63
22/06/2020,2,45
22/06/2020,3,39
22/06/2020,4,37
22/06/2020,5,91
22/06/2020,6,300
22/06/2020,7,496
22/06/2020,8,513
22/06/2020,9,414
22/06/2020,10,437
22/06/2020,11,517
22/06/2020,12,615
22/06/2020,13,358
22/06/2020,14,353
22/06/2020,15,523
22/06/2020,16,579
22/06/2020,17,603
22/06/2020,18,591
22/06/2020,19,184
22/06/2020,20,33
22/06/2020,21,37
22/06/2020,22,64
22/06/2020,23,35
22/06/2021,0,182
22/06/2021,1,85
22/06/2021,2,43
22/06/2021,3,32
22/06/2021,4,59
22/06/2021,5,206
22/06/2021,6,614
22/06/2021,7,1117
22/06/2021,8,1350
22/06/2021,9,786
22/06/2021,10,792
22/06/2021,11,921
22/06/2021,12,1115
22/06/2021,13,1186
22/06/2021,14,1216
22/06/2021,15,1362
22/06/2021,16,1977
22/06/2021,17,3072
22/06/2021,18,2948
22/06/2021,19,2120
22/06/2021,20,1537
22/06/2021,21,1096
22/06/2021,22,1066
22/06/2021,23,646
22/06/2022,0,209
22/06/2022,1,107
22/06/2022,2,39
22/06/2022,3,37
22/06/2022,4,55
22/06/2022,5,264
22/06/2022,6,682
22/06/2022,7,1264
22/06/2022,8,1423
22/06/2022,9,812
22/06/2022,10,779
22/06/2022,11,918
22/06/2022,12,1136
22/06/2022,13,1100
22/06/2022,14,1144
22/06/2022,15,1454
22/06/2022,16,2253
22/06/2022,17,3173
22/06/2022,18,2728
22/06/2022,19,2352
22/06/2022,20,1860
22/06/2022,21,1379
22/06/2022,22,1033
22/06/2022,23,542
22/07/2019,0,103
22/07/2019,1,59
22/07/2019,2,24
22/07/2019,3,23
22/07/2019,4,28
22/07/2019,5,195
22/07/2019,6,630
22/07/2019,7,1385
22/07/2019,8,1636
22/07/2019,9,665
22/07/2019,10,547
22/07/2019,11,683
22/07/2019,12,846
22/07/2019,13,918
22/07/2019,14,858
22/07/2019,15,1069
22/07/2019,16,2039
22/07/2019,17,2840
22/07/2019,18,1918
22/07/2019,19,1388
22/07/2019,20,970
22/07/2019,21,591
22/07/2019,22,278
22/07/2019,23,133
22/07/2020,0,63
22/07/2020,1,55
22/07/2020,2,38
22/07/2020,3,19
22/07/2020,4,23
22/07/2020,5,165
22/07/2020,6,423
22/07/2020,7,726
22/07/2020,8,768
22/07/2020,9,609
22/07/2020,10,539
22/07/2020,11,691
22/07/2020,12,782
22/07/2020,13,769
22/07/2020,14,758
22/07/2020,15,952
22/07/2020,16,1248
22/07/2020,17,2060
22/07/2020,18,2037
22/07/2020,19,1645
22/07/2020,20,1288
22/07/2020,21,793
22/07/2020,22,542
22/07/2020,23,339
22/07/2021,0,273
22/07/2021,1,136
22/07/2021,2,84
22/07/2021,3,42
22/07/2021,4,68
22/07/2021,5,202
22/07/2021,6,657
22/07/2021,7,1170
22/07/2021,8,1273
22/07/2021,9,858
22/07/2021,10,822
22/07/2021,11,955
22/07/2021,12,1168
22/07/2021,13,1181
22/07/2021,14,1269
22/07/2021,15,1437
22/07/2021,16,2029
22/07/2021,17,2940
22/07/2021,18,2626
22/07/2021,19,2233
22/07/2021,20,1644
22/07/2021,21,1246
22/07/2021,22,1065
22/07/2021,23,723
22/07/2022,0,357
22/07/2022,1,168
22/07/2022,2,146
22/07/2022,3,92
22/07/2022,4,76
22/07/2022,5,243
22/07/2022,6,611
22/07/2022,7,1032
22/07/2022,8,1178
22/07/2022,9,938
22/07/2022,10,988
22/07/2022,11,1273
22/07/2022,12,1470
22/07/2022,13,1691
22/07/2022,14,1668
22/07/2022,15,1934
22/07/2022,16,2437
22/07/2022,17,2777
22/07/2022,18,2503
22/07/2022,19,2018
22/07/2022,20,1493
22/07/2022,21,1214
22/07/2022,22,1110
22/07/2022,23,782
22/08/2019,0,110
22/08/2019,1,68
22/08/2019,2,31
22/08/2019,3,17
22/08/2019,4,37
22/08/2019,5,214
22/08/2019,6,691
22/08/2019,7,1565
22/08/2019,8,1815
22/08/2019,9,775
22/08/2019,10,585
22/08/2019,11,827
22/08/2019,12,990
22/08/2019,13,962
22/08/2019,14,833
22/08/2019,15,1102
22/08/2019,16,1991
22/08/2019,17,2851
22/08/2019,18,1980
22/08/2019,19,1353
22/08/2019,20,910
22/08/2019,21,575
22/08/2019,22,387
22/08/2019,23,220
22/08/2020,0,439
22/08/2020,1,266
22/08/2020,2,129
22/08/2020,3,55
22/08/2020,4,47
22/08/2020,5,99
22/08/2020,6,242
22/08/2020,7,471
22/08/2020,8,738
22/08/2020,9,1203
22/08/2020,10,1649
22/08/2020,11,2124
22/08/2020,12,2360
22/08/2020,13,2400
22/08/2020,14,2359
22/08/2020,15,2155
22/08/2020,16,2307
22/08/2020,17,2168
22/08/2020,18,2114
22/08/2020,19,1774
22/08/2020,20,1223
22/08/2020,21,880
22/08/2020,22,840
22/08/2020,23,840
22/08/2021,0,861
22/08/2021,1,665
22/08/2021,2,528
22/08/2021,3,280
22/08/2021,4,147
22/08/2021,5,128
22/08/2021,6,190
22/08/2021,7,345
22/08/2021,8,680
22/08/2021,9,1063
22/08/2021,10,1721
22/08/2021,11,2339
22/08/2021,12,2415
22/08/2021,13,2634
22/08/2021,14,2525
22/08/2021,15,2513
22/08/2021,16,2308
22/08/2021,17,2305
22/08/2021,18,1930
22/08/2021,19,1729
22/08/2021,20,1095
22/08/2021,21,880
22/08/2021,22,677
22/08/2021,23,358
22/08/2022,0,238
22/08/2022,1,131
22/08/2022,2,66
22/08/2022,3,50
22/08/2022,4,74
22/08/2022,5,195
22/08/2022,6,624
22/08/2022,7,1152
22/08/2022,8,1352
22/08/2022,9,861
22/08/2022,10,819
22/08/2022,11,1071
22/08/2022,12,1158
22/08/2022,13,1199
22/08/2022,14,1215
22/08/2022,15,1609
22/08/2022,16,2047
22/08/2022,17,2764
22/08/2022,18,2548
22/08/2022,19,1761
22/08/2022,20,1226
22/08/2022,21,1075
22/08/2022,22,715
22/08/2022,23,351
22/09/2019,0,112
22/09/2019,1,46
22/09/2019,2,67
22/09/2019,3,48
22/09/2019,4,11
22/09/2019,5,41
22/09/2019,6,60
22/09/2019,7,148
22/09/2019,8,299
22/09/2019,9,586
22/09/2019,10,812
22/09/2019,11,1068
22/09/2019,12,1096
22/09/2019,13,628
22/09/2019,14,477
22/09/2019,15,197
22/09/2019,16,355
22/09/2019,17,137
22/09/2019,18,123
22/09/2019,19,169
22/09/2019,20,116
22/09/2019,21,108
22/09/2019,22,119
22/09/2019,23,78
22/09/2020,0,68
22/09/2020,1,33
22/09/2020,2,28
22/09/2020,3,15
22/09/2020,4,39
22/09/2020,5,155
22/09/2020,6,457
22/09/2020,7,813
22/09/2020,8,832
22/09/2020,9,615
22/09/2020,10,574
22/09/2020,11,773
22/09/2020,12,852
22/09/2020,13,894
22/09/2020,14,963
22/09/2020,15,1063
22/09/2020,16,1547
22/09/2020,17,2352
22/09/2020,18,2300
22/09/2020,19,1468
22/09/2020,20,812
22/09/2020,21,590
22/09/2020,22,439
22/09/2020,23,266
22/09/2021,0,126
22/09/2021,1,78
22/09/2021,2,35
22/09/2021,3,19
22/09/2021,4,28
22/09/2021,5,164
22/09/2021,6,423
22/09/2021,7,946
22/09/2021,8,1028
22/09/2021,9,562
22/09/2021,10,448
22/09/2021,11,595
22/09/2021,12,780
22/09/2021,13,734
22/09/2021,14,875
22/09/2021,15,1054
22/09/2021,16,1600
22/09/2021,17,2172
22/09/2021,18,1854
22/09/2021,19,1189
22/09/2021,20,819
22/09/2021,21,779
22/09/2021,22,532
22/09/2021,23,339
22/09/2022,0,171
22/09/2022,1,112
22/09/2022,2,72
22/09/2022,3,33
22/09/2022,4,59
22/09/2022,5,190
22/09/2022,6,674
22/09/2022,7,1191
22/09/2022,8,1445
22/09/2022,9,887
22/09/2022,10,765
22/09/2022,11,859
22/09/2022,12,1081
22/09/2022,13,1144
22/09/2022,14,1178
22/09/2022,15,1442
22/09/2022,16,2087
22/09/2022,17,2594
22/09/2022,18,2325
22/09/2022,19,1439
22/09/2022,20,911
22/09/2022,21,805
22/09/2022,22,799
22/09/2022,23,398
22/10/2019,0,37
22/10/2019,1,12
22/10/2019,2,18
22/10/2019,3,12
22/10/2019,4,30
22/10/2019,5,161
22/10/2019,6,509
22/10/2019,7,1100
22/10/2019,8,1283
22/10/2019,9,418
22/10/2019,10,250
22/10/2019,11,241
22/10/2019,12,282
22/10/2019,13,280
22/10/2019,14,293
22/10/2019,15,482
22/10/2019,16,1164
22/10/2019,17,1852
22/10/2019,18,1031
22/10/2019,19,591
22/10/2019,20,398
22/10/2019,21,286
22/10/2019,22,183
22/10/2019,23,98
22/10/2020,0,30
22/10/2020,1,8
22/10/2020,2,4
22/10/2020,3,6
22/10/2020,4,6
22/10/2020,5,44
22/10/2020,6,133
22/10/2020,7,222
22/10/2020,8,360
22/10/2020,9,350
22/10/2020,10,312
22/10/2020,11,442
22/10/2020,12,587
22/10/2020,13,586
22/10/2020,14,775
22/10/2020,15,996
22/10/2020,16,1497
22/10/2020,17,2162
22/10/2020,18,1737
22/10/2020,19,1043
22/10/2020,20,631
22/10/2020,21,504
22/10/2020,22,467
22/10/2020,23,326
22/10/2021,0,250
22/10/2021,1,116
22/10/2021,2,62
22/10/2021,3,51
22/10/2021,4,57
22/10/2021,5,172
22/10/2021,6,431
22/10/2021,7,888
22/10/2021,8,1020
22/10/2021,9,760
22/10/2021,10,736
22/10/2021,11,969
22/10/2021,12,1146
22/10/2021,13,1283
22/10/2021,14,1297
22/10/2021,15,1657
22/10/2021,16,1920
22/10/2021,17,2297
22/10/2021,18,1730
22/10/2021,19,1187
22/10/2021,20,752
22/10/2021,21,758
22/10/2021,22,666
22/10/2021,23,563
22/10/2022,0,530
22/10/2022,1,433
22/10/2022,2,215
22/10/2022,3,103
22/10/2022,4,44
22/10/2022,5,73
22/10/2022,6,163
22/10/2022,7,329
22/10/2022,8,613
22/10/2022,9,946
22/10/2022,10,1472
22/10/2022,11,1898
22/10/2022,12,2212
22/10/2022,13,2479
22/10/2022,14,2495
22/10/2022,15,2436
22/10/2022,16,2265
22/10/2022,17,2125
22/10/2022,18,1865
22/10/2022,19,1175
22/10/2022,20,936
22/10/2022,21,947
22/10/2022,22,814
22/10/2022,23,698
22/11/2019,0,38
22/11/2019,1,20
22/11/2019,2,12
22/11/2019,3,13
22/11/2019,4,15
22/11/2019,5,113
22/11/2019,6,308
22/11/2019,7,730
22/11/2019,8,969
22/11/2019,9,369
22/11/2019,10,228
22/11/2019,11,295
22/11/2019,12,285
22/11/2019,13,332
22/11/2019,14,348
22/11/2019,15,506
22/11/2019,16,865
22/11/2019,17,895
22/11/2019,18,523
22/11/2019,19,273
22/11/2019,20,172
22/11/2019,21,117
22/11/2019,22,115
22/11/2019,23,71
22/11/2020,0,82
22/11/2020,1,59
22/11/2020,2,25
22/11/2020,3,25
22/11/2020,4,16
22/11/2020,5,21
22/11/2020,6,63
22/11/2020,7,98
22/11/2020,8,118
22/11/2020,9,191
22/11/2020,10,237
22/11/2020,11,306
22/11/2020,12,387
22/11/2020,13,443
22/11/2020,14,555
22/11/2020,15,652
22/11/2020,16,532
22/11/2020,17,396
22/11/2020,18,268
22/11/2020,19,221
22/11/2020,20,129
22/11/2020,21,81
22/11/2020,22,65
22/11/2020,23,48
22/11/2021,0,41
22/11/2021,1,33
22/11/2021,2,24
22/11/2021,3,16
22/11/2021,4,26
22/11/2021,5,115
22/11/2021,6,276
22/11/2021,7,508
22/11/2021,8,699
22/11/2021,9,413
22/11/2021,10,317
22/11/2021,11,415
22/11/2021,12,496
22/11/2021,13,478
22/11/2021,14,492
22/11/2021,15,714
22/11/2021,16,811
22/11/2021,17,838
22/11/2021,18,653
22/11/2021,19,436
22/11/2021,20,297
22/11/2021,21,223
22/11/2021,22,160
22/11/2021,23,101
22/11/2022,0,65
22/11/2022,1,35
22/11/2022,2,22
22/11/2022,3,13
22/11/2022,4,34
22/11/2022,5,105
22/11/2022,6,318
22/11/2022,7,530
22/11/2022,8,640
22/11/2022,9,412
22/11/2022,10,370
22/11/2022,11,486
22/11/2022,12,519
22/11/2022,13,579
22/11/2022,14,593
22/11/2022,15,766
22/11/2022,16,999
22/11/2022,17,959
22/11/2022,18,699
22/11/2022,19,506
22/11/2022,20,346
22/11/2022,21,277
22/11/2022,22,208
22/11/2022,23,176
22/12/2019,0,45
22/12/2019,1,26
22/12/2019,2,20
22/12/2019,3,8
22/12/2019,4,15
22/12/2019,5,13
22/12/2019,6,23
22/12/2019,7,46
22/12/2019,8,91
22/12/2019,9,151
22/12/2019,10,235
22/12/2019,11,315
22/12/2019,12,352
22/12/2019,13,398
22/12/2019,14,394
22/12/2019,15,430
22/12/2019,16,414
22/12/2019,17,253
22/12/2019,18,198
22/12/2019,19,132
22/12/2019,20,105
22/12/2019,21,123
22/12/2019,22,127
22/12/2019,23,39
22/12/2020,0,17
22/12/2020,1,9
22/12/2020,2,10
22/12/2020,3,4
22/12/2020,4,14
22/12/2020,5,55
22/12/2020,6,139
22/12/2020,7,227
22/12/2020,8,267
22/12/2020,9,202
22/12/2020,10,247
22/12/2020,11,316
22/12/2020,12,379
22/12/2020,13,359
22/12/2020,14,374
22/12/2020,15,425
22/12/2020,16,487
22/12/2020,17,433
22/12/2020,18,346
22/12/2020,19,194
22/12/2020,20,184
22/12/2020,21,66
22/12/2020,22,64
22/12/2020,23,39
22/12/2021,0,37
22/12/2021,1,12
22/12/2021,2,15
22/12/2021,3,7
22/12/2021,4,19
22/12/2021,5,78
22/12/2021,6,155
22/12/2021,7,255
22/12/2021,8,317
22/12/2021,9,241
22/12/2021,10,232
22/12/2021,11,314
22/12/2021,12,363
22/12/2021,13,395
22/12/2021,14,395
22/12/2021,15,457
22/12/2021,16,454
22/12/2021,17,448
22/12/2021,18,373
22/12/2021,19,241
22/12/2021,20,170
22/12/2021,21,129
22/12/2021,22,109
22/12/2021,23,76
22/12/2022,0,71
22/12/2022,1,40
22/12/2022,2,20
22/12/2022,3,16
22/12/2022,4,26
22/12/2022,5,81
22/12/2022,6,159
22/12/2022,7,277
22/12/2022,8,296
22/12/2022,9,211
22/12/2022,10,247
22/12/2022,11,304
22/12/2022,12,272
22/12/2022,13,181
22/12/2022,14,109
22/12/2022,15,102
22/12/2022,16,61
22/12/2022,17,54
22/12/2022,18,30
22/12/2022,19,23
22/12/2022,20,15
22/12/2022,21,12
22/12/2022,22,8
22/12/2022,23,8
23/01/2019,0,13
23/01/2019,1,4
23/01/2019,2,8
23/01/2019,3,7
23/01/2019,4,11
23/01/2019,5,38
23/01/2019,6,154
23/01/2019,7,201
23/01/2019,8,298
23/01/2019,9,130
23/01/2019,10,53
23/01/2019,11,94
23/01/2019,12,91
23/01/2019,13,92
23/01/2019,14,87
23/01/2019,15,152
23/01/2019,16,393
23/01/2019,17,487
23/01/2019,18,276
23/01/2019,19,172
23/01/2019,20,98
23/01/2019,21,85
23/01/2019,22,36
23/01/2019,23,15
23/01/2020,0,14
23/01/2020,1,4
23/01/2020,2,1
23/01/2020,3,5
23/01/2020,4,15
23/01/2020,5,69
23/01/2020,6,178
23/01/2020,7,329
23/01/2020,8,407
23/01/2020,9,159
23/01/2020,10,83
23/01/2020,11,86
23/01/2020,12,102
23/01/2020,13,97
23/01/2020,14,119
23/01/2020,15,191
23/01/2020,16,415
23/01/2020,17,540
23/01/2020,18,289
23/01/2020,19,213
23/01/2020,20,116
23/01/2020,21,99
23/01/2020,22,55
23/01/2020,23,27
23/01/2021,0,23
23/01/2021,1,13
23/01/2021,2,11
23/01/2021,3,6
23/01/2021,4,3
23/01/2021,5,10
23/01/2021,6,35
23/01/2021,7,69
23/01/2021,8,110
23/01/2021,9,143
23/01/2021,10,212
23/01/2021,11,303
23/01/2021,12,339
23/01/2021,13,396
23/01/2021,14,348
23/01/2021,15,341
23/01/2021,16,335
23/01/2021,17,245
23/01/2021,18,197
23/01/2021,19,158
23/01/2021,20,98
23/01/2021,21,52
23/01/2021,22,58
23/01/2021,23,60
23/01/2022,0,38
23/01/2022,1,24
23/01/2022,2,28
23/01/2022,3,10
23/01/2022,4,7
23/01/2022,5,10
23/01/2022,6,19
23/01/2022,7,19
23/01/2022,8,25
23/01/2022,9,40
23/01/2022,10,65
23/01/2022,11,86
23/01/2022,12,119
23/01/2022,13,150
23/01/2022,14,139
23/01/2022,15,136
23/01/2022,16,114
23/01/2022,17,112
23/01/2022,18,84
23/01/2022,19,64
23/01/2022,20,47
23/01/2022,21,49
23/01/2022,22,38
23/01/2022,23,21
23/02/2019,0,20
23/02/2019,1,22
23/02/2019,2,17
23/02/2019,3,9
23/02/2019,4,9
23/02/2019,5,7
23/02/2019,6,20
23/02/2019,7,62
23/02/2019,8,123
23/02/2019,9,126
23/02/2019,10,101
23/02/2019,11,57
23/02/2019,12,58
23/02/2019,13,66
23/02/2019,14,106
23/02/2019,15,132
23/02/2019,16,108
23/02/2019,17,69
23/02/2019,18,48
23/02/2019,19,56
23/02/2019,20,31
23/02/2019,21,20
23/02/2019,22,26
23/02/2019,23,21
23/02/2020,0,68
23/02/2020,1,41
23/02/2020,2,28
23/02/2020,3,10
23/02/2020,4,6
23/02/2020,5,12
23/02/2020,6,36
23/02/2020,7,61
23/02/2020,8,142
23/02/2020,9,218
23/02/2020,10,357
23/02/2020,11,559
23/02/2020,12,781
23/02/2020,13,914
23/02/2020,14,1062
23/02/2020,15,989
23/02/2020,16,966
23/02/2020,17,628
23/02/2020,18,340
23/02/2020,19,214
23/02/2020,20,133
23/02/2020,21,107
23/02/2020,22,59
23/02/2020,23,34
23/02/2021,0,10
23/02/2021,1,3
23/02/2021,2,4
23/02/2021,3,4
23/02/2021,4,3
23/02/2021,5,34
23/02/2021,6,66
23/02/2021,7,132
23/02/2021,8,146
23/02/2021,9,82
23/02/2021,10,92
23/02/2021,11,146
23/02/2021,12,171
23/02/2021,13,199
23/02/2021,14,179
23/02/2021,15,207
23/02/2021,16,321
23/02/2021,17,376
23/02/2021,18,278
23/02/2021,19,161
23/02/2021,20,109
23/02/2021,21,56
23/02/2021,22,34
23/02/2021,23,33
23/02/2022,0,29
23/02/2022,1,13
23/02/2022,2,15
23/02/2022,3,9
23/02/2022,4,18
23/02/2022,5,81
23/02/2022,6,186
23/02/2022,7,391
23/02/2022,8,440
23/02/2022,9,277
23/02/2022,10,190
23/02/2022,11,245
23/02/2022,12,266
23/02/2022,13,235
23/02/2022,14,275
23/02/2022,15,260
23/02/2022,16,450
23/02/2022,17,623
23/02/2022,18,417
23/02/2022,19,239
23/02/2022,20,166
23/02/2022,21,150
23/02/2022,22,89
23/02/2022,23,62
23/03/2019,0,58
23/03/2019,1,26
23/03/2019,2,19
23/03/2019,3,11
23/03/2019,4,5
23/03/2019,5,11
23/03/2019,6,38
23/03/2019,7,99
23/03/2019,8,197
23/03/2019,9,290
23/03/2019,10,409
23/03/2019,11,513
23/03/2019,12,593
23/03/2019,13,729
23/03/2019,14,704
23/03/2019,15,692
23/03/2019,16,655
23/03/2019,17,559
23/03/2019,18,393
23/03/2019,19,237
23/03/2019,20,168
23/03/2019,21,103
23/03/2019,22,90
23/03/2019,23,69
23/03/2020,0,3
23/03/2020,2,1
23/03/2020,3,1
23/03/2020,4,2
23/03/2020,5,13
23/03/2020,6,40
23/03/2020,7,69
23/03/2020,8,69
23/03/2020,9,47
23/03/2020,10,50
23/03/2020,11,64
23/03/2020,12,123
23/03/2020,13,110
23/03/2020,14,104
23/03/2020,15,161
23/03/2020,16,272
23/03/2020,17,302
23/03/2020,18,260
23/03/2020,19,170
23/03/2020,20,48
23/03/2020,21,27
23/03/2020,22,19
23/03/2020,23,11
23/03/2021,0,58
23/03/2021,1,28
23/03/2021,2,16
23/03/2021,3,13
23/03/2021,4,25
23/03/2021,5,85
23/03/2021,6,249
23/03/2021,7,436
23/03/2021,8,413
23/03/2021,9,304
23/03/2021,10,299
23/03/2021,11,354
23/03/2021,12,469
23/03/2021,13,397
23/03/2021,14,300
23/03/2021,15,375
23/03/2021,16,270
23/03/2021,17,305
23/03/2021,18,328
23/03/2021,19,233
23/03/2021,20,159
23/03/2021,21,102
23/03/2021,22,77
23/03/2021,23,50
23/03/2022,0,30
23/03/2022,1,14
23/03/2022,2,7
23/03/2022,3,16
23/03/2022,4,18
23/03/2022,5,100
23/03/2022,6,304
23/03/2022,7,584
23/03/2022,8,672
23/03/2022,9,330
23/03/2022,10,287
23/03/2022,11,295
23/03/2022,12,362
23/03/2022,13,440
23/03/2022,14,334
23/03/2022,15,225
23/03/2022,16,468
23/03/2022,17,599
23/03/2022,18,718
23/03/2022,19,516
23/03/2022,20,369
23/03/2022,21,246
23/03/2022,22,180
23/03/2022,23,112
23/04/2020,0,1
23/04/2020,1,8
23/04/2020,2,9
23/04/2020,3,2
23/04/2020,4,5
23/04/2020,5,20
23/04/2020,6,96
23/04/2020,7,142
23/04/2020,8,149
23/04/2020,9,104
23/04/2020,10,87
23/04/2020,11,147
23/04/2020,12,152
23/04/2020,13,154
23/04/2020,14,181
23/04/2020,15,192
23/04/2020,16,257
23/04/2020,17,189
23/04/2020,18,136
23/04/2020,19,108
23/04/2020,20,58
23/04/2020,21,39
23/04/2020,22,30
23/04/2020,23,18
23/04/2021,0,101
23/04/2021,1,38
23/04/2021,2,24
23/04/2021,3,13
23/04/2021,4,22
23/04/2021,5,111
23/04/2021,6,262
23/04/2021,7,462
23/04/2021,8,554
23/04/2021,9,438
23/04/2021,10,468
23/04/2021,11,607
23/04/2021,12,815
23/04/2021,13,819
23/04/2021,14,873
23/04/2021,15,963
23/04/2021,16,1205
23/04/2021,17,1614
23/04/2021,18,1322
23/04/2021,19,960
23/04/2021,20,589
23/04/2021,21,438
23/04/2021,22,371
23/04/2021,23,393
23/04/2022,0,268
23/04/2022,1,211
23/04/2022,2,131
23/04/2022,3,96
23/04/2022,4,39
23/04/2022,5,51
23/04/2022,6,170
23/04/2022,7,398
23/04/2022,8,689
23/04/2022,9,1193
23/04/2022,10,1832
23/04/2022,11,2597
23/04/2022,12,2949
23/04/2022,13,2960
23/04/2022,14,2873
23/04/2022,15,2772
23/04/2022,16,3143
23/04/2022,17,2901
23/04/2022,18,2610
23/04/2022,19,2179
23/04/2022,20,1529
23/04/2022,21,1246
23/04/2022,22,1126
23/04/2022,23,1000
23/05/2020,0,84
23/05/2020,1,43
23/05/2020,2,29
23/05/2020,3,15
23/05/2020,4,6
23/05/2020,5,28
23/05/2020,6,62
23/05/2020,7,104
23/05/2020,8,188
23/05/2020,9,352
23/05/2020,10,687
23/05/2020,11,942
23/05/2020,12,1218
23/05/2020,13,1260
23/05/2020,14,1155
23/05/2020,15,712
23/05/2020,16,129
23/05/2020,17,278
23/05/2020,18,524
23/05/2020,19,475
23/05/2020,20,257
23/05/2020,21,51
23/05/2020,22,104
23/05/2020,23,81
23/05/2021,0,1196
23/05/2021,1,827
23/05/2021,2,547
23/05/2021,3,317
23/05/2021,4,128
23/05/2021,5,131
23/05/2021,6,165
23/05/2021,7,317
23/05/2021,8,506
23/05/2021,9,822
23/05/2021,10,1234
23/05/2021,11,1562
23/05/2021,12,1893
23/05/2021,13,2049
23/05/2021,14,1939
23/05/2021,15,1844
23/05/2021,16,1640
23/05/2021,17,1506
23/05/2021,18,805
23/05/2021,19,694
23/05/2021,20,524
23/05/2021,21,416
23/05/2021,22,312
23/05/2021,23,223
23/05/2022,0,128
23/05/2022,1,58
23/05/2022,2,48
23/05/2022,3,31
23/05/2022,4,39
23/05/2022,5,174
23/05/2022,6,527
23/05/2022,7,939
23/05/2022,8,1127
23/05/2022,9,730
23/05/2022,10,723
23/05/2022,11,864
23/05/2022,12,1016
23/05/2022,13,975
23/05/2022,14,1072
23/05/2022,15,1368
23/05/2022,16,1825
23/05/2022,17,2188
23/05/2022,18,1658
23/05/2022,19,1236
23/05/2022,20,813
23/05/2022,21,538
23/05/2022,22,331
23/05/2022,23,180
23/06/2020,0,28
23/06/2020,1,15
23/06/2020,2,4
23/06/2020,3,5
23/06/2020,4,28
23/06/2020,5,82
23/06/2020,6,336
23/06/2020,7,495
23/06/2020,8,507
23/06/2020,9,423
23/06/2020,10,506
23/06/2020,11,597
23/06/2020,12,791
23/06/2020,13,768
23/06/2020,14,785
23/06/2020,15,913
23/06/2020,16,1180
23/06/2020,17,1814
23/06/2020,18,1740
23/06/2020,19,1457
23/06/2020,20,560
23/06/2020,21,328
23/06/2020,22,218
23/06/2020,23,112
23/06/2021,0,240
23/06/2021,1,151
23/06/2021,2,83
23/06/2021,3,36
23/06/2021,4,60
23/06/2021,5,183
23/06/2021,6,545
23/06/2021,7,1058
23/06/2021,8,1182
23/06/2021,9,738
23/06/2021,10,576
23/06/2021,11,701
23/06/2021,12,911
23/06/2021,13,891
23/06/2021,14,927
23/06/2021,15,1181
23/06/2021,16,1887
23/06/2021,17,2923
23/06/2021,18,2765
23/06/2021,19,2201
23/06/2021,20,1666
23/06/2021,21,1421
23/06/2021,22,1096
23/06/2021,23,465
23/06/2022,0,253
23/06/2022,1,132
23/06/2022,2,69
23/06/2022,3,50
23/06/2022,4,65
23/06/2022,5,235
23/06/2022,6,663
23/06/2022,7,1270
23/06/2022,8,1401
23/06/2022,9,891
23/06/2022,10,779
23/06/2022,11,1031
23/06/2022,12,1219
23/06/2022,13,1247
23/06/2022,14,1281
23/06/2022,15,1564
23/06/2022,16,2295
23/06/2022,17,3050
23/06/2022,18,2599
23/06/2022,19,2203
23/06/2022,20,1758
23/06/2022,21,1435
23/06/2022,22,1045
23/06/2022,23,622
23/07/2019,0,78
23/07/2019,1,29
23/07/2019,2,10
23/07/2019,3,8
23/07/2019,4,41
23/07/2019,5,227
23/07/2019,6,722
23/07/2019,7,1548
23/07/2019,8,1728
23/07/2019,9,793
23/07/2019,10,591
23/07/2019,11,665
23/07/2019,12,862
23/07/2019,13,847
23/07/2019,14,856
23/07/2019,15,1042
23/07/2019,16,2027
23/07/2019,17,2925
23/07/2019,18,1905
23/07/2019,19,1450
23/07/2019,20,952
23/07/2019,21,629
23/07/2019,22,350
23/07/2019,23,159
23/07/2020,0,184
23/07/2020,1,108
23/07/2020,2,36
23/07/2020,3,31
23/07/2020,4,29
23/07/2020,5,169
23/07/2020,6,408
23/07/2020,7,705
23/07/2020,8,787
23/07/2020,9,629
23/07/2020,10,587
23/07/2020,11,747
23/07/2020,12,868
23/07/2020,13,859
23/07/2020,14,903
23/07/2020,15,943
23/07/2020,16,1409
23/07/2020,17,2223
23/07/2020,18,2075
23/07/2020,19,1704
23/07/2020,20,1272
23/07/2020,21,858
23/07/2020,22,641
23/07/2020,23,411
23/07/2021,0,369
23/07/2021,1,220
23/07/2021,2,119
23/07/2021,3,84
23/07/2021,4,85
23/07/2021,5,199
23/07/2021,6,577
23/07/2021,7,938
23/07/2021,8,1099
23/07/2021,9,866
23/07/2021,10,921
23/07/2021,11,1287
23/07/2021,12,1601
23/07/2021,13,1514
23/07/2021,14,1374
23/07/2021,15,1647
23/07/2021,16,1767
23/07/2021,17,2207
23/07/2021,18,2407
23/07/2021,19,1895
23/07/2021,20,1643
23/07/2021,21,1193
23/07/2021,22,1097
23/07/2021,23,1123
23/07/2022,0,718
23/07/2022,1,561
23/07/2022,2,324
23/07/2022,3,172
23/07/2022,4,74
23/07/2022,5,21
23/07/2022,6,54
23/07/2022,7,257
23/07/2022,8,602
23/07/2022,9,996
23/07/2022,10,1492
23/07/2022,11,1892
23/07/2022,12,2253
23/07/2022,13,2371
23/07/2022,14,2458
23/07/2022,15,2574
23/07/2022,16,2486
23/07/2022,17,2427
23/07/2022,18,2271
23/07/2022,19,1776
23/07/2022,20,1413
23/07/2022,21,1488
23/07/2022,22,1318
23/07/2022,23,1135
23/08/2019,0,114
23/08/2019,1,71
23/08/2019,2,30
23/08/2019,3,18
23/08/2019,4,39
23/08/2019,5,216
23/08/2019,6,640
23/08/2019,7,1390
23/08/2019,8,1706
23/08/2019,9,825
23/08/2019,10,663
23/08/2019,11,889
23/08/2019,12,1168
23/08/2019,13,1171
23/08/2019,14,1183
23/08/2019,15,1446
23/08/2019,16,2182
23/08/2019,17,2334
23/08/2019,18,1599
23/08/2019,19,1102
23/08/2019,20,694
23/08/2019,21,525
23/08/2019,22,455
23/08/2019,23,319
23/08/2020,0,467
23/08/2020,1,308
23/08/2020,2,169
23/08/2020,3,109
23/08/2020,4,73
23/08/2020,5,86
23/08/2020,6,194
23/08/2020,7,322
23/08/2020,8,608
23/08/2020,9,959
23/08/2020,10,1387
23/08/2020,11,1729
23/08/2020,12,2018
23/08/2020,13,2131
23/08/2020,14,1991
23/08/2020,15,1822
23/08/2020,16,1912
23/08/2020,17,1524
23/08/2020,18,594
23/08/2020,19,605
23/08/2020,20,532
23/08/2020,21,447
23/08/2020,22,294
23/08/2020,23,261
23/08/2021,0,224
23/08/2021,1,123
23/08/2021,2,82
23/08/2021,3,71
23/08/2021,4,70
23/08/2021,5,231
23/08/2021,6,540
23/08/2021,7,1098
23/08/2021,8,1200
23/08/2021,9,803
23/08/2021,10,844
23/08/2021,11,1043
23/08/2021,12,1157
23/08/2021,13,1146
23/08/2021,14,1180
23/08/2021,15,1415
23/08/2021,16,1885
23/08/2021,17,2730
23/08/2021,18,2450
23/08/2021,19,1941
23/08/2021,20,1310
23/08/2021,21,992
23/08/2021,22,720
23/08/2021,23,352
23/08/2022,0,169
23/08/2022,1,82
23/08/2022,2,63
23/08/2022,3,42
23/08/2022,4,50
23/08/2022,5,251
23/08/2022,6,713
23/08/2022,7,1419
23/08/2022,8,1524
23/08/2022,9,878
23/08/2022,10,811
23/08/2022,11,1016
23/08/2022,12,1279
23/08/2022,13,1221
23/08/2022,14,1234
23/08/2022,15,1597
23/08/2022,16,2318
23/08/2022,17,3039
23/08/2022,18,2758
23/08/2022,19,2027
23/08/2022,20,1277
23/08/2022,21,1091
23/08/2022,22,777
23/08/2022,23,472
23/09/2019,0,33
23/09/2019,1,26
23/09/2019,2,9
23/09/2019,3,14
23/09/2019,4,39
23/09/2019,5,208
23/09/2019,6,638
23/09/2019,7,1522
23/09/2019,8,1794
23/09/2019,9,658
23/09/2019,10,542
23/09/2019,11,658
23/09/2019,12,780
23/09/2019,13,753
23/09/2019,14,755
23/09/2019,15,970
23/09/2019,16,1993
23/09/2019,17,2942
23/09/2019,18,1874
23/09/2019,19,1073
23/09/2019,20,570
23/09/2019,21,423
23/09/2019,22,307
23/09/2019,23,113
23/09/2020,0,111
23/09/2020,1,43
23/09/2020,2,14
23/09/2020,3,19
23/09/2020,4,31
23/09/2020,5,142
23/09/2020,6,471
23/09/2020,7,858
23/09/2020,8,922
23/09/2020,9,648
23/09/2020,10,640
23/09/2020,11,799
23/09/2020,12,955
23/09/2020,13,915
23/09/2020,14,900
23/09/2020,15,1179
23/09/2020,16,1563
23/09/2020,17,2414
23/09/2020,18,2360
23/09/2020,19,1313
23/09/2020,20,830
23/09/2020,21,641
23/09/2020,22,478
23/09/2020,23,285
23/09/2021,0,175
23/09/2021,1,107
23/09/2021,2,43
23/09/2021,3,26
23/09/2021,4,60
23/09/2021,5,172
23/09/2021,6,515
23/09/2021,7,1066
23/09/2021,8,1210
23/09/2021,9,748
23/09/2021,10,631
23/09/2021,11,789
23/09/2021,12,941
23/09/2021,13,918
23/09/2021,14,1022
23/09/2021,15,1271
23/09/2021,16,1813
23/09/2021,17,2476
23/09/2021,18,2219
23/09/2021,19,1560
23/09/2021,20,1002
23/09/2021,21,803
23/09/2021,22,733
23/09/2021,23,428
23/09/2022,0,215
23/09/2022,1,157
23/09/2022,2,99
23/09/2022,3,68
23/09/2022,4,51
23/09/2022,5,169
23/09/2022,6,603
23/09/2022,7,922
23/09/2022,8,1039
23/09/2022,9,817
23/09/2022,10,784
23/09/2022,11,942
23/09/2022,12,1215
23/09/2022,13,1283
23/09/2022,14,1276
23/09/2022,15,1579
23/09/2022,16,1769
23/09/2022,17,2005
23/09/2022,18,1799
23/09/2022,19,1297
23/09/2022,20,906
23/09/2022,21,772
23/09/2022,22,796
23/09/2022,23,625
23/10/2019,0,36
23/10/2019,1,14
23/10/2019,2,14
23/10/2019,3,9
23/10/2019,4,30
23/10/2019,5,173
23/10/2019,6,472
23/10/2019,7,1147
23/10/2019,8,1440
23/10/2019,9,648
23/10/2019,10,381
23/10/2019,11,436
23/10/2019,12,481
23/10/2019,13,522
23/10/2019,14,518
23/10/2019,15,640
23/10/2019,16,1446
23/10/2019,17,2015
23/10/2019,18,1103
23/10/2019,19,648
23/10/2019,20,368
23/10/2019,21,258
23/10/2019,22,124
23/10/2019,23,88
23/10/2020,0,171
23/10/2020,1,92
23/10/2020,2,46
23/10/2020,3,26
23/10/2020,4,25
23/10/2020,5,101
23/10/2020,6,298
23/10/2020,7,544
23/10/2020,8,388
23/10/2020,9,156
23/10/2020,10,118
23/10/2020,11,144
23/10/2020,12,230
23/10/2020,13,274
23/10/2020,14,206
23/10/2020,15,366
23/10/2020,16,725
23/10/2020,17,887
23/10/2020,18,776
23/10/2020,19,504
23/10/2020,20,359
23/10/2020,21,212
23/10/2020,22,221
23/10/2020,23,173
23/10/2021,0,516
23/10/2021,1,455
23/10/2021,2,272
23/10/2021,3,107
23/10/2021,4,49
23/10/2021,5,76
23/10/2021,6,155
23/10/2021,7,322
23/10/2021,8,592
23/10/2021,9,900
23/10/2021,10,1332
23/10/2021,11,1695
23/10/2021,12,1936
23/10/2021,13,1902
23/10/2021,14,1979
23/10/2021,15,1997
23/10/2021,16,1893
23/10/2021,17,1743
23/10/2021,18,1459
23/10/2021,19,976
23/10/2021,20,705
23/10/2021,21,857
23/10/2021,22,717
23/10/2021,23,565
23/10/2022,0,636
23/10/2022,1,481
23/10/2022,2,312
23/10/2022,3,155
23/10/2022,4,86
23/10/2022,5,80
23/10/2022,6,137
23/10/2022,7,233
23/10/2022,8,445
23/10/2022,9,881
23/10/2022,10,1330
23/10/2022,11,1762
23/10/2022,12,1965
23/10/2022,13,2011
23/10/2022,14,2005
23/10/2022,15,2104
23/10/2022,16,1979
23/10/2022,17,1895
23/10/2022,18,1442
23/10/2022,19,981
23/10/2022,20,660
23/10/2022,21,591
23/10/2022,22,395
23/10/2022,23,285
23/11/2019,0,63
23/11/2019,1,52
23/11/2019,2,19
23/11/2019,3,10
23/11/2019,4,18
23/11/2019,5,19
23/11/2019,6,46
23/11/2019,7,99
23/11/2019,8,191
23/11/2019,9,275
23/11/2019,10,361
23/11/2019,11,337
23/11/2019,12,361
23/11/2019,13,374
23/11/2019,14,423
23/11/2019,15,377
23/11/2019,16,363
23/11/2019,17,255
23/11/2019,18,246
23/11/2019,19,174
23/11/2019,20,122
23/11/2019,21,108
23/11/2019,22,64
23/11/2019,23,77
23/11/2020,0,37
23/11/2020,1,31
23/11/2020,2,15
23/11/2020,3,8
23/11/2020,4,25
23/11/2020,5,60
23/11/2020,6,170
23/11/2020,7,335
23/11/2020,8,374
23/11/2020,9,271
23/11/2020,10,315
23/11/2020,11,398
23/11/2020,12,423
23/11/2020,13,503
23/11/2020,14,467
23/11/2020,15,543
23/11/2020,16,596
23/11/2020,17,623
23/11/2020,18,442
23/11/2020,19,299
23/11/2020,20,209
23/11/2020,21,122
23/11/2020,22,74
23/11/2020,23,61
23/11/2021,0,63
23/11/2021,1,19
23/11/2021,2,23
23/11/2021,3,14
23/11/2021,4,18
23/11/2021,5,111
23/11/2021,6,280
23/11/2021,7,538
23/11/2021,8,682
23/11/2021,9,419
23/11/2021,10,388
23/11/2021,11,453
23/11/2021,12,597
23/11/2021,13,612
23/11/2021,14,598
23/11/2021,15,775
23/11/2021,16,956
23/11/2021,17,958
23/11/2021,18,697
23/11/2021,19,454
23/11/2021,20,332
23/11/2021,21,224
23/11/2021,22,200
23/11/2021,23,125
23/11/2022,0,100
23/11/2022,1,43
23/11/2022,2,37
23/11/2022,3,31
23/11/2022,4,31
23/11/2022,5,91
23/11/2022,6,274
23/11/2022,7,402
23/11/2022,8,425
23/11/2022,9,443
23/11/2022,10,466
23/11/2022,11,643
23/11/2022,12,771
23/11/2022,13,834
23/11/2022,14,868
23/11/2022,15,1039
23/11/2022,16,1023
23/11/2022,17,802
23/11/2022,18,591
23/11/2022,19,475
23/11/2022,20,360
23/11/2022,21,285
23/11/2022,22,258
23/11/2022,23,216
23/12/2019,0,14
23/12/2019,1,15
23/12/2019,2,12
23/12/2019,3,5
23/12/2019,4,15
23/12/2019,5,67
23/12/2019,6,183
23/12/2019,7,367
23/12/2019,8,471
23/12/2019,9,244
23/12/2019,10,232
23/12/2019,11,317
23/12/2019,12,365
23/12/2019,13,376
23/12/2019,14,416
23/12/2019,15,493
23/12/2019,16,620
23/12/2019,17,521
23/12/2019,18,307
23/12/2019,19,185
23/12/2019,20,116
23/12/2019,21,88
23/12/2019,22,66
23/12/2019,23,45
23/12/2020,0,27
23/12/2020,1,16
23/12/2020,2,13
23/12/2020,3,5
23/12/2020,4,13
23/12/2020,5,46
23/12/2020,6,121
23/12/2020,7,188
23/12/2020,8,239
23/12/2020,9,219
23/12/2020,10,278
23/12/2020,11,339
23/12/2020,12,377
23/12/2020,13,486
23/12/2020,14,467
23/12/2020,15,491
23/12/2020,16,405
23/12/2020,17,275
23/12/2020,18,161
23/12/2020,19,143
23/12/2020,20,105
23/12/2020,21,79
23/12/2020,22,36
23/12/2020,23,18
23/12/2021,0,57
23/12/2021,1,29
23/12/2021,2,18
23/12/2021,3,9
23/12/2021,4,20
23/12/2021,5,75
23/12/2021,6,119
23/12/2021,7,180
23/12/2021,8,248
23/12/2021,9,265
23/12/2021,10,273
23/12/2021,11,441
23/12/2021,12,437
23/12/2021,13,468
23/12/2021,14,519
23/12/2021,15,594
23/12/2021,16,580
23/12/2021,17,498
23/12/2021,18,370
23/12/2021,19,304
23/12/2021,20,199
23/12/2021,21,147
23/12/2021,22,141
23/12/2021,23,105
23/12/2022,0,3
23/12/2022,1,3
23/12/2022,2,1
23/12/2022,4,3
23/12/2022,5,3
23/12/2022,6,9
23/12/2022,7,11
23/12/2022,8,10
23/12/2022,9,9
23/12/2022,10,17
23/12/2022,11,18
23/12/2022,12,14
23/12/2022,13,26
23/12/2022,14,30
23/12/2022,15,17
23/12/2022,16,17
23/12/2022,17,14
23/12/2022,18,14
23/12/2022,19,14
23/12/2022,20,11
23/12/2022,21,9
23/12/2022,22,11
23/12/2022,23,4
24/01/2019,0,12
24/01/2019,1,4
24/01/2019,2,6
24/01/2019,3,4
24/01/2019,4,15
24/01/2019,5,45
24/01/2019,6,151
24/01/2019,7,335
24/01/2019,8,435
24/01/2019,9,210
24/01/2019,10,98
24/01/2019,11,93
24/01/2019,12,117
24/01/2019,13,103
24/01/2019,14,100
24/01/2019,15,161
24/01/2019,16,346
24/01/2019,17,433
24/01/2019,18,219
24/01/2019,19,165
24/01/2019,20,80
24/01/2019,21,44
24/01/2019,22,22
24/01/2019,23,12
24/01/2020,0,13
24/01/2020,1,8
24/01/2020,2,1
24/01/2020,3,2
24/01/2020,4,10
24/01/2020,5,58
24/01/2020,6,204
24/01/2020,7,466
24/01/2020,8,562
24/01/2020,9,217
24/01/2020,10,126
24/01/2020,11,149
24/01/2020,12,192
24/01/2020,13,193
24/01/2020,14,191
24/01/2020,15,240
24/01/2020,16,327
24/01/2020,17,285
24/01/2020,18,141
24/01/2020,19,86
24/01/2020,20,61
24/01/2020,21,63
24/01/2020,22,40
24/01/2020,23,22
24/01/2021,0,82
24/01/2021,1,31
24/01/2021,2,29
24/01/2021,3,11
24/01/2021,4,6
24/01/2021,5,18
24/01/2021,6,32
24/01/2021,7,46
24/01/2021,8,62
24/01/2021,9,104
24/01/2021,10,174
24/01/2021,11,206
24/01/2021,12,278
24/01/2021,13,367
24/01/2021,14,321
24/01/2021,15,270
24/01/2021,16,200
24/01/2021,17,215
24/01/2021,18,172
24/01/2021,19,134
24/01/2021,20,89
24/01/2021,21,84
24/01/2021,22,63
24/01/2021,23,24
24/01/2022,0,8
24/01/2022,1,5
24/01/2022,2,3
24/01/2022,3,5
24/01/2022,4,9
24/01/2022,5,38
24/01/2022,6,56
24/01/2022,7,78
24/01/2022,8,90
24/01/2022,9,50
24/01/2022,10,54
24/01/2022,11,80
24/01/2022,12,78
24/01/2022,13,95
24/01/2022,14,124
24/01/2022,15,133
24/01/2022,16,204
24/01/2022,17,231
24/01/2022,18,157
24/01/2022,19,118
24/01/2022,20,70
24/01/2022,21,59
24/01/2022,22,38
24/01/2022,23,19
24/02/2019,0,32
24/02/2019,1,21
24/02/2019,2,12
24/02/2019,3,8
24/02/2019,4,6
24/02/2019,5,9
24/02/2019,6,11
24/02/2019,7,26
24/02/2019,8,61
24/02/2019,9,80
24/02/2019,10,122
24/02/2019,11,110
24/02/2019,12,131
24/02/2019,13,120
24/02/2019,14,111
24/02/2019,15,108
24/02/2019,16,115
24/02/2019,17,99
24/02/2019,18,61
24/02/2019,19,53
24/02/2019,20,32
24/02/2019,21,25
24/02/2019,22,22
24/02/2019,23,11
24/02/2020,0,21
24/02/2020,1,14
24/02/2020,2,13
24/02/2020,3,7
24/02/2020,4,25
24/02/2020,5,112
24/02/2020,6,301
24/02/2020,7,740
24/02/2020,8,924
24/02/2020,9,343
24/02/2020,10,188
24/02/2020,11,200
24/02/2020,12,218
24/02/2020,13,201
24/02/2020,14,177
24/02/2020,15,313
24/02/2020,16,662
24/02/2020,17,943
24/02/2020,18,584
24/02/2020,19,327
24/02/2020,20,182
24/02/2020,21,130
24/02/2020,22,77
24/02/2020,23,21
24/02/2021,0,21
24/02/2021,1,12
24/02/2021,2,1
24/02/2021,3,4
24/02/2021,4,9
24/02/2021,5,45
24/02/2021,6,130
24/02/2021,7,199
24/02/2021,8,188
24/02/2021,9,116
24/02/2021,10,123
24/02/2021,11,180
24/02/2021,12,192
24/02/2021,13,183
24/02/2021,14,198
24/02/2021,15,207
24/02/2021,16,290
24/02/2021,17,371
24/02/2021,18,252
24/02/2021,19,175
24/02/2021,20,88
24/02/2021,21,84
24/02/2021,22,45
24/02/2021,23,34
24/02/2022,0,34
24/02/2022,1,13
24/02/2022,2,8
24/02/2022,3,7
24/02/2022,4,14
24/02/2022,5,77
24/02/2022,6,176
24/02/2022,7,372
24/02/2022,8,444
24/02/2022,9,234
24/02/2022,10,186
24/02/2022,11,183
24/02/2022,12,265
24/02/2022,13,261
24/02/2022,14,244
24/02/2022,15,283
24/02/2022,16,227
24/02/2022,17,354
24/02/2022,18,259
24/02/2022,19,146
24/02/2022,20,70
24/02/2022,21,60
24/02/2022,22,60
24/02/2022,23,37
24/03/2019,0,45
24/03/2019,1,24
24/03/2019,2,44
24/03/2019,3,14
24/03/2019,4,9
24/03/2019,5,20
24/03/2019,6,28
24/03/2019,7,133
24/03/2019,8,156
24/03/2019,9,209
24/03/2019,10,373
24/03/2019,11,346
24/03/2019,12,331
24/03/2019,13,318
24/03/2019,14,332
24/03/2019,15,317
24/03/2019,16,136
24/03/2019,17,76
24/03/2019,18,119
24/03/2019,19,87
24/03/2019,20,48
24/03/2019,21,33
24/03/2019,22,34
24/03/2019,23,19
24/03/2020,0,3
24/03/2020,1,3
24/03/2020,2,3
24/03/2020,3,2
24/03/2020,4,4
24/03/2020,5,13
24/03/2020,6,73
24/03/2020,7,92
24/03/2020,8,100
24/03/2020,9,67
24/03/2020,10,80
24/03/2020,11,112
24/03/2020,12,210
24/03/2020,13,209
24/03/2020,14,170
24/03/2020,15,208
24/03/2020,16,262
24/03/2020,17,293
24/03/2020,18,284
24/03/2020,19,141
24/03/2020,20,44
24/03/2020,21,33
24/03/2020,22,7
24/03/2020,23,18
24/03/2021,0,32
24/03/2021,1,18
24/03/2021,2,7
24/03/2021,3,15
24/03/2021,4,14
24/03/2021,5,83
24/03/2021,6,228
24/03/2021,7,451
24/03/2021,8,474
24/03/2021,9,332
24/03/2021,10,325
24/03/2021,11,422
24/03/2021,12,518
24/03/2021,13,413
24/03/2021,14,468
24/03/2021,15,477
24/03/2021,16,715
24/03/2021,17,1068
24/03/2021,18,877
24/03/2021,19,562
24/03/2021,20,244
24/03/2021,21,243
24/03/2021,22,171
24/03/2021,23,118
24/03/2022,0,53
24/03/2022,1,37
24/03/2022,2,15
24/03/2022,3,11
24/03/2022,4,22
24/03/2022,5,94
24/03/2022,6,313
24/03/2022,7,763
24/03/2022,8,916
24/03/2022,9,374
24/03/2022,10,304
24/03/2022,11,364
24/03/2022,12,391
24/03/2022,13,310
24/03/2022,14,348
24/03/2022,15,377
24/03/2022,16,461
24/03/2022,17,518
24/03/2022,18,389
24/03/2022,19,244
24/03/2022,20,213
24/03/2022,21,183
24/03/2022,22,192
24/03/2022,23,167
24/04/2020,0,10
24/04/2020,1,12
24/04/2020,2,7
24/04/2020,3,5
24/04/2020,4,3
24/04/2020,5,20
24/04/2020,6,72
24/04/2020,7,98
24/04/2020,8,119
24/04/2020,9,98
24/04/2020,10,102
24/04/2020,11,127
24/04/2020,12,144
24/04/2020,13,131
24/04/2020,14,86
24/04/2020,15,80
24/04/2020,16,231
24/04/2020,17,309
24/04/2020,18,245
24/04/2020,19,161
24/04/2020,20,87
24/04/2020,21,57
24/04/2020,22,48
24/04/2020,23,32
24/04/2021,0,405
24/04/2021,1,289
24/04/2021,2,103
24/04/2021,3,39
24/04/2021,4,49
24/04/2021,5,43
24/04/2021,6,120
24/04/2021,7,162
24/04/2021,8,304
24/04/2021,9,486
24/04/2021,10,685
24/04/2021,11,859
24/04/2021,12,1175
24/04/2021,13,1169
24/04/2021,14,1241
24/04/2021,15,1261
24/04/2021,16,1410
24/04/2021,17,1424
24/04/2021,18,1306
24/04/2021,19,952
24/04/2021,20,517
24/04/2021,21,343
24/04/2021,22,352
24/04/2021,23,412
24/04/2022,0,794
24/04/2022,1,517
24/04/2022,2,290
24/04/2022,3,163
24/04/2022,4,76
24/04/2022,5,64
24/04/2022,6,113
24/04/2022,7,206
24/04/2022,8,280
24/04/2022,9,474
24/04/2022,10,595
24/04/2022,11,669
24/04/2022,12,389
24/04/2022,13,482
24/04/2022,14,650
24/04/2022,15,902
24/04/2022,16,1061
24/04/2022,17,1239
24/04/2022,18,1122
24/04/2022,19,952
24/04/2022,20,657
24/04/2022,21,482
24/04/2022,22,331
24/04/2022,23,196
24/05/2020,0,55
24/05/2020,1,37
24/05/2020,2,20
24/05/2020,3,20
24/05/2020,4,15
24/05/2020,5,29
24/05/2020,6,75
24/05/2020,7,106
24/05/2020,8,193
24/05/2020,9,411
24/05/2020,10,702
24/05/2020,11,1062
24/05/2020,12,1408
24/05/2020,13,1632
24/05/2020,14,1523
24/05/2020,15,1435
24/05/2020,16,1388
24/05/2020,17,1162
24/05/2020,18,1044
24/05/2020,19,914
24/05/2020,20,621
24/05/2020,21,397
24/05/2020,22,286
24/05/2020,23,301
24/05/2021,0,158
24/05/2021,1,67
24/05/2021,2,62
24/05/2021,3,34
24/05/2021,4,40
24/05/2021,5,154
24/05/2021,6,417
24/05/2021,7,751
24/05/2021,8,876
24/05/2021,9,602
24/05/2021,10,675
24/05/2021,11,801
24/05/2021,12,972
24/05/2021,13,1007
24/05/2021,14,1098
24/05/2021,15,1194
24/05/2021,16,1673
24/05/2021,17,2334
24/05/2021,18,2134
24/05/2021,19,1748
24/05/2021,20,1260
24/05/2021,21,842
24/05/2021,22,640
24/05/2021,23,410
24/05/2022,0,102
24/05/2022,1,68
24/05/2022,2,49
24/05/2022,3,25
24/05/2022,4,51
24/05/2022,5,201
24/05/2022,6,579
24/05/2022,7,1206
24/05/2022,8,1334
24/05/2022,9,802
24/05/2022,10,698
24/05/2022,11,760
24/05/2022,12,874
24/05/2022,13,978
24/05/2022,14,994
24/05/2022,15,1223
24/05/2022,16,1895
24/05/2022,17,2621
24/05/2022,18,2159
24/05/2022,19,1497
24/05/2022,20,999
24/05/2022,21,675
24/05/2022,22,464
24/05/2022,23,253
24/06/2020,0,66
24/06/2020,1,38
24/06/2020,2,14
24/06/2020,3,21
24/06/2020,4,18
24/06/2020,5,102
24/06/2020,6,347
24/06/2020,7,596
24/06/2020,8,613
24/06/2020,9,424
24/06/2020,10,475
24/06/2020,11,628
24/06/2020,12,717
24/06/2020,13,511
24/06/2020,14,427
24/06/2020,15,670
24/06/2020,16,1067
24/06/2020,17,1621
24/06/2020,18,1523
24/06/2020,19,1151
24/06/2020,20,864
24/06/2020,21,491
24/06/2020,22,321
24/06/2020,23,185
24/06/2021,0,273
24/06/2021,1,159
24/06/2021,2,89
24/06/2021,3,59
24/06/2021,4,66
24/06/2021,5,212
24/06/2021,6,585
24/06/2021,7,1012
24/06/2021,8,1180
24/06/2021,9,749
24/06/2021,10,711
24/06/2021,11,799
24/06/2021,12,887
24/06/2021,13,714
24/06/2021,14,340
24/06/2021,15,465
24/06/2021,16,837
24/06/2021,17,972
24/06/2021,18,1037
24/06/2021,19,1121
24/06/2021,20,930
24/06/2021,21,775
24/06/2021,22,760
24/06/2021,23,512
24/06/2022,0,410
24/06/2022,1,188
24/06/2022,2,109
24/06/2022,3,59
24/06/2022,4,78
24/06/2022,5,227
24/06/2022,6,675
24/06/2022,7,1054
24/06/2022,8,1202
24/06/2022,9,951
24/06/2022,10,1006
24/06/2022,11,1301
24/06/2022,12,1600
24/06/2022,13,1613
24/06/2022,14,1695
24/06/2022,15,2091
24/06/2022,16,2559
24/06/2022,17,3069
24/06/2022,18,2675
24/06/2022,19,2039
24/06/2022,20,1842
24/06/2022,21,1288
24/06/2022,22,1302
24/06/2022,23,1292
24/07/2019,0,104
24/07/2019,1,47
24/07/2019,2,16
24/07/2019,3,5
24/07/2019,4,37
24/07/2019,5,235
24/07/2019,6,696
24/07/2019,7,1529
24/07/2019,8,1705
24/07/2019,9,753
24/07/2019,10,528
24/07/2019,11,747
24/07/2019,12,850
24/07/2019,13,851
24/07/2019,14,872
24/07/2019,15,1030
24/07/2019,16,2027
24/07/2019,17,2906
24/07/2019,18,1889
24/07/2019,19,1424
24/07/2019,20,1082
24/07/2019,21,689
24/07/2019,22,513
24/07/2019,23,208
24/07/2020,0,191
24/07/2020,1,104
24/07/2020,2,39
24/07/2020,3,18
24/07/2020,4,38
24/07/2020,5,163
24/07/2020,6,398
24/07/2020,7,647
24/07/2020,8,743
24/07/2020,9,634
24/07/2020,10,656
24/07/2020,11,819
24/07/2020,12,1028
24/07/2020,13,1053
24/07/2020,14,1163
24/07/2020,15,1440
24/07/2020,16,1705
24/07/2020,17,2074
24/07/2020,18,2055
24/07/2020,19,1659
24/07/2020,20,1301
24/07/2020,21,1038
24/07/2020,22,833
24/07/2020,23,874
24/07/2021,0,877
24/07/2021,1,754
24/07/2021,2,547
24/07/2021,3,300
24/07/2021,4,144
24/07/2021,5,150
24/07/2021,6,244
24/07/2021,7,491
24/07/2021,8,891
24/07/2021,9,1376
24/07/2021,10,1948
24/07/2021,11,2386
24/07/2021,12,2673
24/07/2021,13,2467
24/07/2021,14,2335
24/07/2021,15,2244
24/07/2021,16,2083
24/07/2021,17,1214
24/07/2021,18,1734
24/07/2021,19,1664
24/07/2021,20,1344
24/07/2021,21,1281
24/07/2021,22,1286
24/07/2021,23,1236
24/07/2022,0,934
24/07/2022,1,591
24/07/2022,2,417
24/07/2022,3,219
24/07/2022,4,109
24/07/2022,5,49
24/07/2022,6,50
24/07/2022,7,72
24/07/2022,8,202
24/07/2022,9,547
24/07/2022,10,1056
24/07/2022,11,1483
24/07/2022,12,1906
24/07/2022,13,1927
24/07/2022,14,2011
24/07/2022,15,2160
24/07/2022,16,2072
24/07/2022,17,2099
24/07/2022,18,2096
24/07/2022,19,1721
24/07/2022,20,1347
24/07/2022,21,849
24/07/2022,22,808
24/07/2022,23,667
24/08/2019,0,212
24/08/2019,1,163
24/08/2019,2,130
24/08/2019,3,61
24/08/2019,4,50
24/08/2019,5,81
24/08/2019,6,165
24/08/2019,7,313
24/08/2019,8,618
24/08/2019,9,1042
24/08/2019,10,1391
24/08/2019,11,1643
24/08/2019,12,1860
24/08/2019,13,1993
24/08/2019,14,1907
24/08/2019,15,1894
24/08/2019,16,1829
24/08/2019,17,1701
24/08/2019,18,1389
24/08/2019,19,1077
24/08/2019,20,652
24/08/2019,21,546
24/08/2019,22,531
24/08/2019,23,341
24/08/2020,0,128
24/08/2020,1,63
24/08/2020,2,46
24/08/2020,3,14
24/08/2020,4,30
24/08/2020,5,132
24/08/2020,6,454
24/08/2020,7,766
24/08/2020,8,813
24/08/2020,9,558
24/08/2020,10,609
24/08/2020,11,728
24/08/2020,12,862
24/08/2020,13,813
24/08/2020,14,815
24/08/2020,15,950
24/08/2020,16,1319
24/08/2020,17,1963
24/08/2020,18,1824
24/08/2020,19,1470
24/08/2020,20,870
24/08/2020,21,548
24/08/2020,22,378
24/08/2020,23,219
24/08/2021,0,182
24/08/2021,1,91
24/08/2021,2,58
24/08/2021,3,31
24/08/2021,4,56
24/08/2021,5,252
24/08/2021,6,652
24/08/2021,7,1240
24/08/2021,8,1347
24/08/2021,9,870
24/08/2021,10,791
24/08/2021,11,926
24/08/2021,12,1040
24/08/2021,13,1082
24/08/2021,14,1005
24/08/2021,15,1228
24/08/2021,16,1787
24/08/2021,17,2569
24/08/2021,18,889
24/08/2021,19,365
24/08/2021,20,261
24/08/2021,21,280
24/08/2021,22,273
24/08/2021,23,221
24/08/2022,0,235
24/08/2022,1,130
24/08/2022,2,76
24/08/2022,3,38
24/08/2022,4,56
24/08/2022,5,229
24/08/2022,6,741
24/08/2022,7,1469
24/08/2022,8,1589
24/08/2022,9,937
24/08/2022,10,892
24/08/2022,11,1055
24/08/2022,12,1235
24/08/2022,13,1207
24/08/2022,14,1364
24/08/2022,15,1645
24/08/2022,16,2275
24/08/2022,17,3183
24/08/2022,18,2623
24/08/2022,19,1994
24/08/2022,20,1477
24/08/2022,21,1285
24/08/2022,22,1001
24/08/2022,23,509
24/09/2019,0,56
24/09/2019,1,25
24/09/2019,2,15
24/09/2019,3,11
24/09/2019,4,43
24/09/2019,5,212
24/09/2019,6,724
24/09/2019,7,1687
24/09/2019,8,2004
24/09/2019,9,818
24/09/2019,10,546
24/09/2019,11,631
24/09/2019,12,749
24/09/2019,13,688
24/09/2019,14,706
24/09/2019,15,988
24/09/2019,16,1998
24/09/2019,17,3023
24/09/2019,18,1941
24/09/2019,19,1124
24/09/2019,20,748
24/09/2019,21,517
24/09/2019,22,304
24/09/2019,23,160
24/09/2020,0,122
24/09/2020,1,52
24/09/2020,2,28
24/09/2020,3,18
24/09/2020,4,20
24/09/2020,5,131
24/09/2020,6,470
24/09/2020,7,839
24/09/2020,8,909
24/09/2020,9,597
24/09/2020,10,635
24/09/2020,11,821
24/09/2020,12,1022
24/09/2020,13,928
24/09/2020,14,987
24/09/2020,15,1201
24/09/2020,16,1681
24/09/2020,17,2456
24/09/2020,18,2250
24/09/2020,19,1281
24/09/2020,20,881
24/09/2020,21,669
24/09/2020,22,589
24/09/2020,23,440
24/09/2021,0,272
24/09/2021,1,173
24/09/2021,2,95
24/09/2021,3,64
24/09/2021,4,63
24/09/2021,5,166
24/09/2021,6,572
24/09/2021,7,967
24/09/2021,8,1122
24/09/2021,9,881
24/09/2021,10,861
24/09/2021,11,1161
24/09/2021,12,1472
24/09/2021,13,1490
24/09/2021,14,1546
24/09/2021,15,1867
24/09/2021,16,2496
24/09/2021,17,2777
24/09/2021,18,2226
24/09/2021,19,1454
24/09/2021,20,1026
24/09/2021,21,952
24/09/2021,22,894
24/09/2021,23,350
24/09/2022,0,600
24/09/2022,1,392
24/09/2022,2,264
24/09/2022,3,132
24/09/2022,4,53
24/09/2022,5,102
24/09/2022,6,211
24/09/2022,7,377
24/09/2022,8,729
24/09/2022,9,1075
24/09/2022,10,1438
24/09/2022,11,1647
24/09/2022,12,1764
24/09/2022,13,2019
24/09/2022,14,2071
24/09/2022,15,2036
24/09/2022,16,2094
24/09/2022,17,1934
24/09/2022,18,1769
24/09/2022,19,1251
24/09/2022,20,983
24/09/2022,21,932
24/09/2022,22,591
24/09/2022,23,425
24/10/2019,0,25
24/10/2019,1,31
24/10/2019,2,13
24/10/2019,3,3
24/10/2019,4,20
24/10/2019,5,161
24/10/2019,6,441
24/10/2019,7,1137
24/10/2019,8,1406
24/10/2019,9,605
24/10/2019,10,367
24/10/2019,11,425
24/10/2019,12,495
24/10/2019,13,490
24/10/2019,14,437
24/10/2019,15,668
24/10/2019,16,1232
24/10/2019,17,1778
24/10/2019,18,1044
24/10/2019,19,595
24/10/2019,20,381
24/10/2019,21,291
24/10/2019,22,233
24/10/2019,23,112
24/10/2020,0,130
24/10/2020,1,87
24/10/2020,2,44
24/10/2020,3,35
24/10/2020,4,12
24/10/2020,5,35
24/10/2020,6,103
24/10/2020,7,177
24/10/2020,8,316
24/10/2020,9,580
24/10/2020,10,806
24/10/2020,11,1045
24/10/2020,12,1283
24/10/2020,13,1204
24/10/2020,14,1295
24/10/2020,15,1172
24/10/2020,16,1117
24/10/2020,17,949
24/10/2020,18,648
24/10/2020,19,433
24/10/2020,20,257
24/10/2020,21,268
24/10/2020,22,264
24/10/2020,23,192
24/10/2021,0,479
24/10/2021,1,395
24/10/2021,2,280
24/10/2021,3,132
24/10/2021,4,70
24/10/2021,5,85
24/10/2021,6,132
24/10/2021,7,179
24/10/2021,8,362
24/10/2021,9,420
24/10/2021,10,541
24/10/2021,11,539
24/10/2021,12,421
24/10/2021,13,244
24/10/2021,14,249
24/10/2021,15,299
24/10/2021,16,294
24/10/2021,17,171
24/10/2021,18,111
24/10/2021,19,58
24/10/2021,20,56
24/10/2021,21,52
24/10/2021,22,45
24/10/2021,23,35
24/10/2022,0,165
24/10/2022,1,72
24/10/2022,2,34
24/10/2022,3,31
24/10/2022,4,38
24/10/2022,5,147
24/10/2022,6,503
24/10/2022,7,1000
24/10/2022,8,1318
24/10/2022,9,786
24/10/2022,10,684
24/10/2022,11,858
24/10/2022,12,1054
24/10/2022,13,1044
24/10/2022,14,1080
24/10/2022,15,1266
24/10/2022,16,1807
24/10/2022,17,2425
24/10/2022,18,1848
24/10/2022,19,1223
24/10/2022,20,809
24/10/2022,21,737
24/10/2022,22,533
24/10/2022,23,257
24/11/2019,0,55
24/11/2019,1,44
24/11/2019,2,30
24/11/2019,3,10
24/11/2019,4,8
24/11/2019,5,10
24/11/2019,6,22
24/11/2019,7,70
24/11/2019,8,134
24/11/2019,9,240
24/11/2019,10,354
24/11/2019,11,513
24/11/2019,12,496
24/11/2019,13,482
24/11/2019,14,456
24/11/2019,15,531
24/11/2019,16,422
24/11/2019,17,315
24/11/2019,18,282
24/11/2019,19,162
24/11/2019,20,149
24/11/2019,21,121
24/11/2019,22,90
24/11/2019,23,45
24/11/2020,0,24
24/11/2020,1,16
24/11/2020,2,15
24/11/2020,3,8
24/11/2020,4,13
24/11/2020,5,31
24/11/2020,6,80
24/11/2020,7,136
24/11/2020,8,175
24/11/2020,9,127
24/11/2020,10,156
24/11/2020,11,159
24/11/2020,12,160
24/11/2020,13,165
24/11/2020,14,152
24/11/2020,15,149
24/11/2020,16,201
24/11/2020,17,296
24/11/2020,18,261
24/11/2020,19,168
24/11/2020,20,158
24/11/2020,21,64
24/11/2020,22,32
24/11/2020,23,29
24/11/2021,0,72
24/11/2021,1,49
24/11/2021,2,23
24/11/2021,3,25
24/11/2021,4,20
24/11/2021,5,116
24/11/2021,6,234
24/11/2021,7,407
24/11/2021,8,472
24/11/2021,9,418
24/11/2021,10,339
24/11/2021,11,535
24/11/2021,12,635
24/11/2021,13,708
24/11/2021,14,701
24/11/2021,15,842
24/11/2021,16,840
24/11/2021,17,717
24/11/2021,18,632
24/11/2021,19,432
24/11/2021,20,361
24/11/2021,21,190
24/11/2021,22,153
24/11/2021,23,111
24/11/2022,0,185
24/11/2022,1,181
24/11/2022,2,123
24/11/2022,3,81
24/11/2022,4,24
24/11/2022,5,41
24/11/2022,6,91
24/11/2022,7,144
24/11/2022,8,251
24/11/2022,9,255
24/11/2022,10,380
24/11/2022,11,417
24/11/2022,12,479
24/11/2022,13,399
24/11/2022,14,449
24/11/2022,15,411
24/11/2022,16,310
24/11/2022,17,190
24/11/2022,18,168
24/11/2022,19,151
24/11/2022,20,157
24/11/2022,21,174
24/11/2022,22,142
24/11/2022,23,111
24/12/2019,0,20
24/12/2019,1,12
24/12/2019,2,3
24/12/2019,3,7
24/12/2019,4,13
24/12/2019,5,41
24/12/2019,6,91
24/12/2019,7,156
24/12/2019,8,189
24/12/2019,9,147
24/12/2019,10,198
24/12/2019,11,255
24/12/2019,12,332
24/12/2019,13,335
24/12/2019,14,329
24/12/2019,15,292
24/12/2019,16,212
24/12/2019,17,110
24/12/2019,18,80
24/12/2019,19,65
24/12/2019,20,64
24/12/2019,21,34
24/12/2019,22,35
24/12/2019,23,42
24/12/2020,0,14
24/12/2020,1,11
24/12/2020,2,5
24/12/2020,3,5
24/12/2020,4,13
24/12/2020,5,25
24/12/2020,6,51
24/12/2020,7,76
24/12/2020,8,81
24/12/2020,9,85
24/12/2020,10,119
24/12/2020,11,153
24/12/2020,12,145
24/12/2020,13,136
24/12/2020,14,150
24/12/2020,15,148
24/12/2020,16,123
24/12/2020,17,119
24/12/2020,18,69
24/12/2020,19,46
24/12/2020,20,22
24/12/2020,21,22
24/12/2020,22,22
24/12/2020,23,14
24/12/2021,0,55
24/12/2021,1,47
24/12/2021,2,34
24/12/2021,3,12
24/12/2021,4,21
24/12/2021,5,35
24/12/2021,6,70
24/12/2021,7,116
24/12/2021,8,183
24/12/2021,9,264
24/12/2021,10,298
24/12/2021,11,412
24/12/2021,12,455
24/12/2021,13,477
24/12/2021,14,434
24/12/2021,15,400
24/12/2021,16,360
24/12/2021,17,295
24/12/2021,18,223
24/12/2021,19,166
24/12/2021,20,140
24/12/2021,21,126
24/12/2021,22,128
24/12/2021,23,55
24/12/2022,0,6
24/12/2022,1,4
24/12/2022,2,2
24/12/2022,3,1
24/12/2022,4,1
24/12/2022,5,2
24/12/2022,6,7
24/12/2022,7,7
24/12/2022,8,15
24/12/2022,9,7
24/12/2022,10,23
24/12/2022,11,28
24/12/2022,12,38
24/12/2022,13,54
24/12/2022,14,55
24/12/2022,15,58
24/12/2022,16,45
24/12/2022,17,30
24/12/2022,18,12
24/12/2022,19,19
24/12/2022,20,20
24/12/2022,21,17
24/12/2022,22,10
24/12/2022,23,15
25/01/2019,0,10
25/01/2019,1,4
25/01/2019,2,4
25/01/2019,3,4
25/01/2019,4,10
25/01/2019,5,33
25/01/2019,6,87
25/01/2019,7,179
25/01/2019,8,243
25/01/2019,9,116
25/01/2019,10,42
25/01/2019,11,78
25/01/2019,12,67
25/01/2019,13,74
25/01/2019,14,87
25/01/2019,15,110
25/01/2019,16,166
25/01/2019,17,151
25/01/2019,18,99
25/01/2019,19,49
25/01/2019,20,44
25/01/2019,21,22
25/01/2019,22,28
25/01/2019,23,19
25/01/2020,0,28
25/01/2020,1,14
25/01/2020,2,7
25/01/2020,3,14
25/01/2020,4,9
25/01/2020,5,13
25/01/2020,6,24
25/01/2020,7,58
25/01/2020,8,109
25/01/2020,9,109
25/01/2020,10,116
25/01/2020,11,122
25/01/2020,12,130
25/01/2020,13,122
25/01/2020,14,108
25/01/2020,15,112
25/01/2020,16,92
25/01/2020,17,108
25/01/2020,18,99
25/01/2020,19,97
25/01/2020,20,60
25/01/2020,21,54
25/01/2020,22,62
25/01/2020,23,61
25/01/2021,0,14
25/01/2021,1,11
25/01/2021,2,9
25/01/2021,3,1
25/01/2021,4,9
25/01/2021,5,43
25/01/2021,6,141
25/01/2021,7,238
25/01/2021,8,256
25/01/2021,9,156
25/01/2021,10,143
25/01/2021,11,181
25/01/2021,12,215
25/01/2021,13,198
25/01/2021,14,201
25/01/2021,15,247
25/01/2021,16,310
25/01/2021,17,269
25/01/2021,18,165
25/01/2021,19,92
25/01/2021,20,63
25/01/2021,21,42
25/01/2021,22,21
25/01/2021,23,7
25/01/2022,0,11
25/01/2022,1,7
25/01/2022,2,8
25/01/2022,3,1
25/01/2022,4,9
25/01/2022,5,51
25/01/2022,6,90
25/01/2022,7,176
25/01/2022,8,171
25/01/2022,9,126
25/01/2022,10,106
25/01/2022,11,100
25/01/2022,12,131
25/01/2022,13,114
25/01/2022,14,123
25/01/2022,15,170
25/01/2022,16,225
25/01/2022,17,286
25/01/2022,18,194
25/01/2022,19,135
25/01/2022,20,69
25/01/2022,21,67
25/01/2022,22,38
25/01/2022,23,24
25/02/2019,0,10
25/02/2019,1,4
25/02/2019,2,6
25/02/2019,3,2
25/02/2019,4,9
25/02/2019,5,53
25/02/2019,6,145
25/02/2019,7,314
25/02/2019,8,449
25/02/2019,9,170
25/02/2019,10,73
25/02/2019,11,103
25/02/2019,12,139
25/02/2019,13,147
25/02/2019,14,130
25/02/2019,15,191
25/02/2019,16,459
25/02/2019,17,657
25/02/2019,18,339
25/02/2019,19,206
25/02/2019,20,118
25/02/2019,21,98
25/02/2019,22,40
25/02/2019,23,16
25/02/2020,0,15
25/02/2020,1,5
25/02/2020,2,4
25/02/2020,3,2
25/02/2020,4,26
25/02/2020,5,100
25/02/2020,6,307
25/02/2020,7,722
25/02/2020,8,820
25/02/2020,9,332
25/02/2020,10,150
25/02/2020,11,209
25/02/2020,12,220
25/02/2020,13,194
25/02/2020,14,171
25/02/2020,15,275
25/02/2020,16,434
25/02/2020,17,455
25/02/2020,18,197
25/02/2020,19,127
25/02/2020,20,98
25/02/2020,21,73
25/02/2020,22,33
25/02/2020,23,17
25/02/2021,0,9
25/02/2021,1,10
25/02/2021,2,4
25/02/2021,3,5
25/02/2021,4,11
25/02/2021,5,49
25/02/2021,6,106
25/02/2021,7,189
25/02/2021,8,184
25/02/2021,9,116
25/02/2021,10,119
25/02/2021,11,134
25/02/2021,12,184
25/02/2021,13,227
25/02/2021,14,225
25/02/2021,15,214
25/02/2021,16,294
25/02/2021,17,404
25/02/2021,18,296
25/02/2021,19,159
25/02/2021,20,90
25/02/2021,21,56
25/02/2021,22,53
25/02/2021,23,47
25/02/2022,0,27
25/02/2022,1,6
25/02/2022,2,9
25/02/2022,3,12
25/02/2022,4,11
25/02/2022,5,31
25/02/2022,6,92
25/02/2022,7,170
25/02/2022,8,192
25/02/2022,9,137
25/02/2022,10,141
25/02/2022,11,157
25/02/2022,12,223
25/02/2022,13,220
25/02/2022,14,199
25/02/2022,15,242
25/02/2022,16,350
25/02/2022,17,332
25/02/2022,18,293
25/02/2022,19,217
25/02/2022,20,119
25/02/2022,21,105
25/02/2022,22,105
25/02/2022,23,98
25/03/2019,0,11
25/03/2019,1,7
25/03/2019,2,4
25/03/2019,3,2
25/03/2019,4,17
25/03/2019,5,67
25/03/2019,6,250
25/03/2019,7,532
25/03/2019,8,753
25/03/2019,9,265
25/03/2019,10,163
25/03/2019,11,199
25/03/2019,12,249
25/03/2019,13,215
25/03/2019,14,227
25/03/2019,15,326
25/03/2019,16,652
25/03/2019,17,977
25/03/2019,18,593
25/03/2019,19,291
25/03/2019,20,149
25/03/2019,21,116
25/03/2019,22,70
25/03/2019,23,33
25/03/2020,0,2
25/03/2020,1,5
25/03/2020,2,3
25/03/2020,4,6
25/03/2020,5,14
25/03/2020,6,73
25/03/2020,7,99
25/03/2020,8,119
25/03/2020,9,97
25/03/2020,10,126
25/03/2020,11,195
25/03/2020,12,358
25/03/2020,13,486
25/03/2020,14,526
25/03/2020,15,544
25/03/2020,16,707
25/03/2020,17,898
25/03/2020,18,471
25/03/2020,19,259
25/03/2020,20,82
25/03/2020,21,50
25/03/2020,22,16
25/03/2020,23,25
25/03/2021,0,40
25/03/2021,1,25
25/03/2021,2,12
25/03/2021,3,12
25/03/2021,4,20
25/03/2021,5,78
25/03/2021,6,220
25/03/2021,7,394
25/03/2021,8,408
25/03/2021,9,270
25/03/2021,10,295
25/03/2021,11,346
25/03/2021,12,399
25/03/2021,13,397
25/03/2021,14,352
25/03/2021,15,450
25/03/2021,16,571
25/03/2021,17,726
25/03/2021,18,566
25/03/2021,19,291
25/03/2021,20,116
25/03/2021,21,49
25/03/2021,22,40
25/03/2021,23,50
25/03/2022,0,100
25/03/2022,1,60
25/03/2022,2,32
25/03/2022,3,22
25/03/2022,4,35
25/03/2022,5,94
25/03/2022,6,245
25/03/2022,7,474
25/03/2022,8,439
25/03/2022,9,364
25/03/2022,10,368
25/03/2022,11,534
25/03/2022,12,603
25/03/2022,13,483
25/03/2022,14,520
25/03/2022,15,663
25/03/2022,16,896
25/03/2022,17,919
25/03/2022,18,728
25/03/2022,19,446
25/03/2022,20,291
25/03/2022,21,238
25/03/2022,22,182
25/03/2022,23,283
25/04/2020,0,15
25/04/2020,1,10
25/04/2020,2,14
25/04/2020,3,5
25/04/2020,4,7
25/04/2020,5,11
25/04/2020,6,27
25/04/2020,7,22
25/04/2020,8,39
25/04/2020,9,59
25/04/2020,10,80
25/04/2020,11,77
25/04/2020,12,78
25/04/2020,13,90
25/04/2020,14,82
25/04/2020,15,58
25/04/2020,16,74
25/04/2020,17,83
25/04/2020,18,75
25/04/2020,19,44
25/04/2020,20,25
25/04/2020,21,31
25/04/2020,22,22
25/04/2020,23,20
25/04/2021,0,384
25/04/2021,1,254
25/04/2021,2,90
25/04/2021,3,57
25/04/2021,4,46
25/04/2021,5,39
25/04/2021,6,71
25/04/2021,7,106
25/04/2021,8,200
25/04/2021,9,353
25/04/2021,10,579
25/04/2021,11,736
25/04/2021,12,959
25/04/2021,13,894
25/04/2021,14,843
25/04/2021,15,731
25/04/2021,16,633
25/04/2021,17,565
25/04/2021,18,448
25/04/2021,19,296
25/04/2021,20,212
25/04/2021,21,153
25/04/2021,22,144
25/04/2021,23,74
25/04/2022,0,91
25/04/2022,1,70
25/04/2022,2,26
25/04/2022,3,22
25/04/2022,4,44
25/04/2022,5,131
25/04/2022,6,434
25/04/2022,7,809
25/04/2022,8,913
25/04/2022,9,535
25/04/2022,10,499
25/04/2022,11,653
25/04/2022,12,666
25/04/2022,13,673
25/04/2022,14,680
25/04/2022,15,874
25/04/2022,16,1137
25/04/2022,17,1444
25/04/2022,18,1087
25/04/2022,19,772
25/04/2022,20,470
25/04/2022,21,364
25/04/2022,22,229
25/04/2022,23,137
25/05/2020,0,163
25/05/2020,1,113
25/05/2020,2,55
25/05/2020,3,32
25/05/2020,4,20
25/05/2020,5,43
25/05/2020,6,98
25/05/2020,7,116
25/05/2020,8,258
25/05/2020,9,376
25/05/2020,10,660
25/05/2020,11,968
25/05/2020,12,1210
25/05/2020,13,1466
25/05/2020,14,1416
25/05/2020,15,1457
25/05/2020,16,1373
25/05/2020,17,1249
25/05/2020,18,1092
25/05/2020,19,912
25/05/2020,20,537
25/05/2020,21,316
25/05/2020,22,226
25/05/2020,23,112
25/05/2021,0,234
25/05/2021,1,125
25/05/2021,2,70
25/05/2021,3,50
25/05/2021,4,49
25/05/2021,5,187
25/05/2021,6,481
25/05/2021,7,961
25/05/2021,8,921
25/05/2021,9,670
25/05/2021,10,707
25/05/2021,11,759
25/05/2021,12,911
25/05/2021,13,1002
25/05/2021,14,972
25/05/2021,15,1121
25/05/2021,16,1569
25/05/2021,17,2338
25/05/2021,18,2023
25/05/2021,19,1347
25/05/2021,20,858
25/05/2021,21,655
25/05/2021,22,556
25/05/2021,23,348
25/05/2022,0,136
25/05/2022,1,51
25/05/2022,2,38
25/05/2022,3,27
25/05/2022,4,37
25/05/2022,5,172
25/05/2022,6,285
25/05/2022,7,570
25/05/2022,8,624
25/05/2022,9,528
25/05/2022,10,515
25/05/2022,11,622
25/05/2022,12,769
25/05/2022,13,831
25/05/2022,14,916
25/05/2022,15,1081
25/05/2022,16,1463
25/05/2022,17,2016
25/05/2022,18,1269
25/05/2022,19,816
25/05/2022,20,704
25/05/2022,21,555
25/05/2022,22,418
25/05/2022,23,303
25/06/2020,0,125
25/06/2020,1,31
25/06/2020,2,28
25/06/2020,3,22
25/06/2020,4,23
25/06/2020,5,105
25/06/2020,6,335
25/06/2020,7,575
25/06/2020,8,608
25/06/2020,9,497
25/06/2020,10,532
25/06/2020,11,706
25/06/2020,12,790
25/06/2020,13,818
25/06/2020,14,813
25/06/2020,15,966
25/06/2020,16,1372
25/06/2020,17,1888
25/06/2020,18,1804
25/06/2020,19,1443
25/06/2020,20,1076
25/06/2020,21,705
25/06/2020,22,434
25/06/2020,23,305
25/06/2021,0,295
25/06/2021,1,197
25/06/2021,2,117
25/06/2021,3,35
25/06/2021,4,20
25/06/2021,5,52
25/06/2021,6,195
25/06/2021,7,300
25/06/2021,8,301
25/06/2021,9,161
25/06/2021,10,213
25/06/2021,11,311
25/06/2021,12,285
25/06/2021,13,924
25/06/2021,14,964
25/06/2021,15,1230
25/06/2021,16,1442
25/06/2021,17,1981
25/06/2021,18,1985
25/06/2021,19,1724
25/06/2021,20,1305
25/06/2021,21,1039
25/06/2021,22,848
25/06/2021,23,891
25/06/2022,0,959
25/06/2022,1,642
25/06/2022,2,341
25/06/2022,3,190
25/06/2022,4,132
25/06/2022,5,185
25/06/2022,6,267
25/06/2022,7,508
25/06/2022,8,754
25/06/2022,9,719
25/06/2022,10,338
25/06/2022,11,486
25/06/2022,12,877
25/06/2022,13,467
25/06/2022,14,1261
25/06/2022,15,1950
25/06/2022,16,2020
25/06/2022,17,1987
25/06/2022,18,1739
25/06/2022,19,1487
25/06/2022,20,1286
25/06/2022,21,1020
25/06/2022,22,1252
25/06/2022,23,1525
25/07/2019,0,96
25/07/2019,1,53
25/07/2019,2,10
25/07/2019,3,10
25/07/2019,4,28
25/07/2019,5,216
25/07/2019,6,640
25/07/2019,7,1501
25/07/2019,8,1773
25/07/2019,9,737
25/07/2019,10,545
25/07/2019,11,775
25/07/2019,12,835
25/07/2019,13,869
25/07/2019,14,910
25/07/2019,15,1085
25/07/2019,16,1950
25/07/2019,17,2780
25/07/2019,18,1939
25/07/2019,19,1409
25/07/2019,20,1023
25/07/2019,21,736
25/07/2019,22,473
25/07/2019,23,271
25/07/2020,0,544
25/07/2020,1,339
25/07/2020,2,153
25/07/2020,3,64
25/07/2020,4,67
25/07/2020,5,93
25/07/2020,6,180
25/07/2020,7,357
25/07/2020,8,671
25/07/2020,9,1046
25/07/2020,10,1398
25/07/2020,11,1758
25/07/2020,12,1977
25/07/2020,13,2031
25/07/2020,14,2019
25/07/2020,15,1967
25/07/2020,16,2081
25/07/2020,17,2062
25/07/2020,18,1867
25/07/2020,19,1684
25/07/2020,20,1432
25/07/2020,21,948
25/07/2020,22,834
25/07/2020,23,838
25/07/2021,0,1103
25/07/2021,1,915
25/07/2021,2,715
25/07/2021,3,410
25/07/2021,4,208
25/07/2021,5,152
25/07/2021,6,218
25/07/2021,7,362
25/07/2021,8,624
25/07/2021,9,1063
25/07/2021,10,1533
25/07/2021,11,2003
25/07/2021,12,2264
25/07/2021,13,2309
25/07/2021,14,2318
25/07/2021,15,2324
25/07/2021,16,2443
25/07/2021,17,2478
25/07/2021,18,2069
25/07/2021,19,1723
25/07/2021,20,1459
25/07/2021,21,1079
25/07/2021,22,722
25/07/2021,23,434
25/07/2022,0,347
25/07/2022,1,126
25/07/2022,2,127
25/07/2022,3,60
25/07/2022,4,65
25/07/2022,5,230
25/07/2022,6,638
25/07/2022,7,1060
25/07/2022,8,1314
25/07/2022,9,862
25/07/2022,10,797
25/07/2022,11,970
25/07/2022,12,1210
25/07/2022,13,1194
25/07/2022,14,1268
25/07/2022,15,1489
25/07/2022,16,2058
25/07/2022,17,2756
25/07/2022,18,2386
25/07/2022,19,1795
25/07/2022,20,1334
25/07/2022,21,1042
25/07/2022,22,824
25/07/2022,23,425
25/08/2019,0,252
25/08/2019,1,128
25/08/2019,2,99
25/08/2019,3,68
25/08/2019,4,67
25/08/2019,5,78
25/08/2019,6,139
25/08/2019,7,268
25/08/2019,8,441
25/08/2019,9,711
25/08/2019,10,1067
25/08/2019,11,1392
25/08/2019,12,1595
25/08/2019,13,1663
25/08/2019,14,1514
25/08/2019,15,1628
25/08/2019,16,1585
25/08/2019,17,1385
25/08/2019,18,1256
25/08/2019,19,925
25/08/2019,20,597
25/08/2019,21,408
25/08/2019,22,239
25/08/2019,23,173
25/08/2020,0,107
25/08/2020,1,49
25/08/2020,2,38
25/08/2020,3,14
25/08/2020,4,31
25/08/2020,5,94
25/08/2020,6,482
25/08/2020,7,735
25/08/2020,8,802
25/08/2020,9,631
25/08/2020,10,606
25/08/2020,11,726
25/08/2020,12,886
25/08/2020,13,780
25/08/2020,14,905
25/08/2020,15,981
25/08/2020,16,1425
25/08/2020,17,2168
25/08/2020,18,2142
25/08/2020,19,1621
25/08/2020,20,946
25/08/2020,21,604
25/08/2020,22,468
25/08/2020,23,278
25/08/2021,0,128
25/08/2021,1,81
25/08/2021,2,59
25/08/2021,3,34
25/08/2021,4,59
25/08/2021,5,226
25/08/2021,6,582
25/08/2021,7,1216
25/08/2021,8,1329
25/08/2021,9,872
25/08/2021,10,739
25/08/2021,11,957
25/08/2021,12,1206
25/08/2021,13,1126
25/08/2021,14,1086
25/08/2021,15,1310
25/08/2021,16,2007
25/08/2021,17,2981
25/08/2021,18,2092
25/08/2021,19,894
25/08/2021,20,701
25/08/2021,21,534
25/08/2021,22,238
25/08/2021,23,147
25/08/2022,0,296
25/08/2022,1,126
25/08/2022,2,80
25/08/2022,3,58
25/08/2022,4,59
25/08/2022,5,206
25/08/2022,6,437
25/08/2022,7,806
25/08/2022,8,1127
25/08/2022,9,330
25/08/2022,10,611
25/08/2022,11,928
25/08/2022,12,1153
25/08/2022,13,1163
25/08/2022,14,1065
25/08/2022,15,1424
25/08/2022,16,1993
25/08/2022,17,2764
25/08/2022,18,2415
25/08/2022,19,1732
25/08/2022,20,749
25/08/2022,21,685
25/08/2022,22,609
25/08/2022,23,481
25/09/2019,0,59
25/09/2019,1,25
25/09/2019,2,19
25/09/2019,3,10
25/09/2019,4,36
25/09/2019,5,154
25/09/2019,6,577
25/09/2019,7,1494
25/09/2019,8,1794
25/09/2019,9,758
25/09/2019,10,464
25/09/2019,11,617
25/09/2019,12,726
25/09/2019,13,707
25/09/2019,14,698
25/09/2019,15,956
25/09/2019,16,2116
25/09/2019,17,2786
25/09/2019,18,1675
25/09/2019,19,996
25/09/2019,20,607
25/09/2019,21,497
25/09/2019,22,352
25/09/2019,23,176
25/09/2020,0,129
25/09/2020,1,83
25/09/2020,2,35
25/09/2020,3,27
25/09/2020,4,36
25/09/2020,5,127
25/09/2020,6,415
25/09/2020,7,772
25/09/2020,8,876
25/09/2020,9,687
25/09/2020,10,734
25/09/2020,11,960
25/09/2020,12,1270
25/09/2020,13,1235
25/09/2020,14,1397
25/09/2020,15,1685
25/09/2020,16,2047
25/09/2020,17,2640
25/09/2020,18,2461
25/09/2020,19,1606
25/09/2020,20,1035
25/09/2020,21,775
25/09/2020,22,871
25/09/2020,23,868
25/09/2021,0,357
25/09/2021,1,322
25/09/2021,2,217
25/09/2021,3,117
25/09/2021,4,79
25/09/2021,5,119
25/09/2021,6,265
25/09/2021,7,528
25/09/2021,8,1144
25/09/2021,9,1487
25/09/2021,10,1827
25/09/2021,11,1939
25/09/2021,12,2185
25/09/2021,13,2213
25/09/2021,14,2250
25/09/2021,15,2487
25/09/2021,16,2391
25/09/2021,17,2515
25/09/2021,18,2143
25/09/2021,19,1769
25/09/2021,20,1143
25/09/2021,21,987
25/09/2021,22,989
25/09/2021,23,1000
25/09/2022,0,396
25/09/2022,1,339
25/09/2022,2,272
25/09/2022,3,158
25/09/2022,4,109
25/09/2022,5,135
25/09/2022,6,226
25/09/2022,7,410
25/09/2022,8,621
25/09/2022,9,905
25/09/2022,10,1361
25/09/2022,11,1675
25/09/2022,12,1442
25/09/2022,13,1477
25/09/2022,14,1485
25/09/2022,15,1921
25/09/2022,16,1489
25/09/2022,17,1364
25/09/2022,18,1371
25/09/2022,19,888
25/09/2022,20,442
25/09/2022,21,289
25/09/2022,22,274
25/09/2022,23,191
25/10/2019,0,64
25/10/2019,1,39
25/10/2019,2,20
25/10/2019,3,14
25/10/2019,4,16
25/10/2019,5,166
25/10/2019,6,425
25/10/2019,7,968
25/10/2019,8,1348
25/10/2019,9,548
25/10/2019,10,394
25/10/2019,11,463
25/10/2019,12,573
25/10/2019,13,591
25/10/2019,14,620
25/10/2019,15,785
25/10/2019,16,1403
25/10/2019,17,1476
25/10/2019,18,801
25/10/2019,19,432
25/10/2019,20,257
25/10/2019,21,191
25/10/2019,22,199
25/10/2019,23,117
25/10/2020,0,167
25/10/2020,1,52
25/10/2020,2,46
25/10/2020,3,36
25/10/2020,4,29
25/10/2020,5,18
25/10/2020,6,75
25/10/2020,7,116
25/10/2020,8,189
25/10/2020,9,402
25/10/2020,10,605
25/10/2020,11,868
25/10/2020,12,753
25/10/2020,13,811
25/10/2020,14,770
25/10/2020,15,832
25/10/2020,16,735
25/10/2020,17,634
25/10/2020,18,522
25/10/2020,19,340
25/10/2020,20,242
25/10/2020,21,183
25/10/2020,22,118
25/10/2020,23,84
25/10/2021,0,20
25/10/2021,1,16
25/10/2021,2,17
25/10/2021,3,13
25/10/2021,4,23
25/10/2021,5,72
25/10/2021,6,73
25/10/2021,7,134
25/10/2021,8,191
25/10/2021,9,202
25/10/2021,10,295
25/10/2021,11,362
25/10/2021,12,438
25/10/2021,13,313
25/10/2021,14,442
25/10/2021,15,651
25/10/2021,16,1047
25/10/2021,17,1503
25/10/2021,18,1228
25/10/2021,19,798
25/10/2021,20,596
25/10/2021,21,446
25/10/2021,22,304
25/10/2021,23,202
25/10/2022,0,175
25/10/2022,1,89
25/10/2022,2,59
25/10/2022,3,33
25/10/2022,4,43
25/10/2022,5,191
25/10/2022,6,544
25/10/2022,7,859
25/10/2022,8,653
25/10/2022,9,371
25/10/2022,10,302
25/10/2022,11,296
25/10/2022,12,398
25/10/2022,13,287
25/10/2022,14,251
25/10/2022,15,252
25/10/2022,16,466
25/10/2022,17,608
25/10/2022,18,426
25/10/2022,19,418
25/10/2022,20,361
25/10/2022,21,400
25/10/2022,22,335
25/10/2022,23,185
25/11/2019,0,23
25/11/2019,1,9
25/11/2019,2,6
25/11/2019,3,6
25/11/2019,4,14
25/11/2019,5,115
25/11/2019,6,340
25/11/2019,7,791
25/11/2019,8,1081
25/11/2019,9,400
25/11/2019,10,217
25/11/2019,11,290
25/11/2019,12,335
25/11/2019,13,353
25/11/2019,14,366
25/11/2019,15,490
25/11/2019,16,1016
25/11/2019,17,1352
25/11/2019,18,768
25/11/2019,19,473
25/11/2019,20,287
25/11/2019,21,188
25/11/2019,22,92
25/11/2019,23,62
25/11/2020,0,32
25/11/2020,1,18
25/11/2020,2,10
25/11/2020,3,13
25/11/2020,4,21
25/11/2020,5,47
25/11/2020,6,127
25/11/2020,7,208
25/11/2020,8,224
25/11/2020,9,126
25/11/2020,10,81
25/11/2020,11,105
25/11/2020,12,101
25/11/2020,13,151
25/11/2020,14,236
25/11/2020,15,313
25/11/2020,16,320
25/11/2020,17,338
25/11/2020,18,291
25/11/2020,19,211
25/11/2020,20,103
25/11/2020,21,64
25/11/2020,22,69
25/11/2020,23,53
25/11/2021,0,111
25/11/2021,1,154
25/11/2021,2,138
25/11/2021,3,70
25/11/2021,4,47
25/11/2021,5,43
25/11/2021,6,69
25/11/2021,7,127
25/11/2021,8,212
25/11/2021,9,248
25/11/2021,10,399
25/11/2021,11,390
25/11/2021,12,382
25/11/2021,13,289
25/11/2021,14,278
25/11/2021,15,262
25/11/2021,16,220
25/11/2021,17,151
25/11/2021,18,108
25/11/2021,19,124
25/11/2021,20,125
25/11/2021,21,86
25/11/2021,22,92
25/11/2021,23,66
25/11/2022,0,49
25/11/2022,1,31
25/11/2022,2,22
25/11/2022,3,27
25/11/2022,4,32
25/11/2022,5,56
25/11/2022,6,101
25/11/2022,7,169
25/11/2022,8,161
25/11/2022,9,274
25/11/2022,10,405
25/11/2022,11,553
25/11/2022,12,752
25/11/2022,13,654
25/11/2022,14,615
25/11/2022,15,805
25/11/2022,16,658
25/11/2022,17,557
25/11/2022,18,435
25/11/2022,19,381
25/11/2022,20,278
25/11/2022,21,234
25/11/2022,22,227
25/11/2022,23,204
25/12/2019,0,15
25/12/2019,1,10
25/12/2019,2,7
25/12/2019,3,2
25/12/2019,4,1
25/12/2019,5,6
25/12/2019,6,20
25/12/2019,7,25
25/12/2019,8,46
25/12/2019,9,92
25/12/2019,10,137
25/12/2019,11,162
25/12/2019,12,208
25/12/2019,13,268
25/12/2019,14,305
25/12/2019,15,298
25/12/2019,16,237
25/12/2019,17,128
25/12/2019,18,96
25/12/2019,19,88
25/12/2019,20,93
25/12/2019,21,66
25/12/2019,22,55
25/12/2019,23,55
25/12/2020,0,14
25/12/2020,1,9
25/12/2020,2,5
25/12/2020,3,1
25/12/2020,4,2
25/12/2020,5,7
25/12/2020,6,20
25/12/2020,7,27
25/12/2020,8,25
25/12/2020,9,38
25/12/2020,10,42
25/12/2020,11,50
25/12/2020,12,55
25/12/2020,13,80
25/12/2020,14,90
25/12/2020,15,99
25/12/2020,16,80
25/12/2020,17,60
25/12/2020,18,30
25/12/2020,19,32
25/12/2020,20,32
25/12/2020,21,29
25/12/2020,22,23
25/12/2020,23,14
25/12/2021,0,56
25/12/2021,1,30
25/12/2021,2,29
25/12/2021,3,8
25/12/2021,4,15
25/12/2021,5,14
25/12/2021,6,38
25/12/2021,7,51
25/12/2021,8,68
25/12/2021,9,73
25/12/2021,10,164
25/12/2021,11,187
25/12/2021,12,263
25/12/2021,13,286
25/12/2021,14,382
25/12/2021,15,393
25/12/2021,16,299
25/12/2021,17,158
25/12/2021,18,127
25/12/2021,19,104
25/12/2021,20,90
25/12/2021,21,100
25/12/2021,22,77
25/12/2021,23,51
25/12/2022,0,7
25/12/2022,1,8
25/12/2022,2,3
25/12/2022,3,6
25/12/2022,4,4
25/12/2022,5,4
25/12/2022,6,12
25/12/2022,7,8
25/12/2022,8,14
25/12/2022,9,14
25/12/2022,10,36
25/12/2022,11,31
25/12/2022,12,42
25/12/2022,13,34
25/12/2022,14,21
25/12/2022,15,34
25/12/2022,16,32
25/12/2022,17,26
25/12/2022,18,31
25/12/2022,19,22
25/12/2022,20,25
25/12/2022,21,21
25/12/2022,22,23
25/12/2022,23,23
26/01/2019,0,15
26/01/2019,1,8
26/01/2019,2,6
26/01/2019,3,3
26/01/2019,4,1
26/01/2019,5,6
26/01/2019,6,7
26/01/2019,7,18
26/01/2019,8,39
26/01/2019,9,46
26/01/2019,10,57
26/01/2019,11,87
26/01/2019,12,83
26/01/2019,13,105
26/01/2019,14,88
26/01/2019,15,72
26/01/2019,16,56
26/01/2019,17,32
26/01/2019,18,28
26/01/2019,19,20
26/01/2019,20,16
26/01/2019,21,12
26/01/2019,22,11
26/01/2019,23,10
26/01/2020,0,51
26/01/2020,1,28
26/01/2020,2,13
26/01/2020,3,12
26/01/2020,4,8
26/01/2020,5,7
26/01/2020,6,14
26/01/2020,7,46
26/01/2020,8,81
26/01/2020,9,152
26/01/2020,10,189
26/01/2020,11,206
26/01/2020,12,215
26/01/2020,13,246
26/01/2020,14,215
26/01/2020,15,237
26/01/2020,16,209
26/01/2020,17,174
26/01/2020,18,154
26/01/2020,19,99
26/01/2020,20,71
26/01/2020,21,57
26/01/2020,22,30
26/01/2020,23,28
26/01/2021,0,5
26/01/2021,1,3
26/01/2021,2,1
26/01/2021,4,5
26/01/2021,5,19
26/01/2021,6,45
26/01/2021,7,87
26/01/2021,8,80
26/01/2021,9,52
26/01/2021,10,38
26/01/2021,11,63
26/01/2021,12,72
26/01/2021,13,64
26/01/2021,14,75
26/01/2021,15,75
26/01/2021,16,113
26/01/2021,17,117
26/01/2021,18,121
26/01/2021,19,87
26/01/2021,20,72
26/01/2021,21,35
26/01/2021,22,19
26/01/2021,23,18
26/01/2022,0,9
26/01/2022,1,3
26/01/2022,2,5
26/01/2022,3,2
26/01/2022,4,4
26/01/2022,5,36
26/01/2022,6,65
26/01/2022,7,99
26/01/2022,8,119
26/01/2022,9,102
26/01/2022,10,63
26/01/2022,11,81
26/01/2022,12,97
26/01/2022,13,114
26/01/2022,14,107
26/01/2022,15,125
26/01/2022,16,179
26/01/2022,17,216
26/01/2022,18,191
26/01/2022,19,137
26/01/2022,20,86
26/01/2022,21,57
26/01/2022,22,38
26/01/2022,23,22
26/02/2019,0,12
26/02/2019,1,5
26/02/2019,2,1
26/02/2019,3,2
26/02/2019,4,15
26/02/2019,5,59
26/02/2019,6,211
26/02/2019,7,432
26/02/2019,8,517
26/02/2019,9,196
26/02/2019,10,96
26/02/2019,11,105
26/02/2019,12,143
26/02/2019,13,136
26/02/2019,14,142
26/02/2019,15,211
26/02/2019,16,445
26/02/2019,17,672
26/02/2019,18,350
26/02/2019,19,181
26/02/2019,20,107
26/02/2019,21,72
26/02/2019,22,51
26/02/2019,23,22
26/02/2020,0,10
26/02/2020,1,3
26/02/2020,2,4
26/02/2020,3,3
26/02/2020,4,10
26/02/2020,5,49
26/02/2020,6,159
26/02/2020,7,264
26/02/2020,8,322
26/02/2020,9,179
26/02/2020,10,108
26/02/2020,11,169
26/02/2020,12,178
26/02/2020,13,154
26/02/2020,14,183
26/02/2020,15,255
26/02/2020,16,491
26/02/2020,17,634
26/02/2020,18,405
26/02/2020,19,227
26/02/2020,20,125
26/02/2020,21,96
26/02/2020,22,61
26/02/2020,23,18
26/02/2021,0,13
26/02/2021,1,5
26/02/2021,2,4
26/02/2021,3,5
26/02/2021,4,10
26/02/2021,5,47
26/02/2021,6,103
26/02/2021,7,208
26/02/2021,8,198
26/02/2021,9,155
26/02/2021,10,167
26/02/2021,11,195
26/02/2021,12,236
26/02/2021,13,271
26/02/2021,14,266
26/02/2021,15,324
26/02/2021,16,366
26/02/2021,17,441
26/02/2021,18,343
26/02/2021,19,234
26/02/2021,20,113
26/02/2021,21,80
26/02/2021,22,72
26/02/2021,23,76
26/02/2022,0,81
26/02/2022,1,85
26/02/2022,2,57
26/02/2022,3,19
26/02/2022,4,14
26/02/2022,5,18
26/02/2022,6,36
26/02/2022,7,80
26/02/2022,8,146
26/02/2022,9,176
26/02/2022,10,186
26/02/2022,11,266
26/02/2022,12,291
26/02/2022,13,359
26/02/2022,14,336
26/02/2022,15,335
26/02/2022,16,369
26/02/2022,17,353
26/02/2022,18,270
26/02/2022,19,222
26/02/2022,20,116
26/02/2022,21,120
26/02/2022,22,134
26/02/2022,23,102
26/03/2019,0,15
26/03/2019,1,8
26/03/2019,2,8
26/03/2019,3,1
26/03/2019,4,19
26/03/2019,5,75
26/03/2019,6,285
26/03/2019,7,653
26/03/2019,8,796
26/03/2019,9,322
26/03/2019,10,169
26/03/2019,11,257
26/03/2019,12,329
26/03/2019,13,279
26/03/2019,14,278
26/03/2019,15,399
26/03/2019,16,741
26/03/2019,17,1140
26/03/2019,18,696
26/03/2019,19,415
26/03/2019,20,199
26/03/2019,21,130
26/03/2019,22,74
26/03/2019,23,32
26/03/2020,0,8
26/03/2020,1,10
26/03/2020,2,4
26/03/2020,3,4
26/03/2020,4,8
26/03/2020,5,14
26/03/2020,6,89
26/03/2020,7,113
26/03/2020,8,111
26/03/2020,9,106
26/03/2020,10,108
26/03/2020,11,120
26/03/2020,12,134
26/03/2020,13,110
26/03/2020,14,55
26/03/2020,15,81
26/03/2020,16,124
26/03/2020,17,152
26/03/2020,18,119
26/03/2020,19,102
26/03/2020,20,51
26/03/2020,21,30
26/03/2020,22,5
26/03/2020,23,6
26/03/2021,0,25
26/03/2021,1,12
26/03/2021,2,3
26/03/2021,3,4
26/03/2021,4,8
26/03/2021,5,57
26/03/2021,6,152
26/03/2021,7,310
26/03/2021,8,317
26/03/2021,9,228
26/03/2021,10,238
26/03/2021,11,311
26/03/2021,12,417
26/03/2021,13,378
26/03/2021,14,358
26/03/2021,15,454
26/03/2021,16,571
26/03/2021,17,722
26/03/2021,18,622
26/03/2021,19,427
26/03/2021,20,225
26/03/2021,21,153
26/03/2021,22,140
26/03/2021,23,159
26/03/2022,0,157
26/03/2022,1,101
26/03/2022,2,85
26/03/2022,3,52
26/03/2022,4,24
26/03/2022,5,33
26/03/2022,6,64
26/03/2022,7,142
26/03/2022,8,179
26/03/2022,9,247
26/03/2022,10,328
26/03/2022,11,366
26/03/2022,12,401
26/03/2022,13,433
26/03/2022,14,434
26/03/2022,15,461
26/03/2022,16,430
26/03/2022,17,351
26/03/2022,18,389
26/03/2022,19,258
26/03/2022,20,192
26/03/2022,21,196
26/03/2022,22,168
26/03/2022,23,160
26/04/2020,0,22
26/04/2020,1,6
26/04/2020,2,8
26/04/2020,3,8
26/04/2020,4,6
26/04/2020,5,15
26/04/2020,6,31
26/04/2020,7,48
26/04/2020,8,75
26/04/2020,9,155
26/04/2020,10,228
26/04/2020,11,405
26/04/2020,12,588
26/04/2020,13,759
26/04/2020,14,879
26/04/2020,15,840
26/04/2020,16,725
26/04/2020,17,591
26/04/2020,18,342
26/04/2020,19,242
26/04/2020,20,95
26/04/2020,21,53
26/04/2020,22,49
26/04/2020,23,30
26/04/2021,0,57
26/04/2021,1,17
26/04/2021,2,21
26/04/2021,3,16
26/04/2021,4,27
26/04/2021,5,85
26/04/2021,6,258
26/04/2021,7,469
26/04/2021,8,519
26/04/2021,9,422
26/04/2021,10,395
26/04/2021,11,532
26/04/2021,12,685
26/04/2021,13,756
26/04/2021,14,803
26/04/2021,15,975
26/04/2021,16,1285
26/04/2021,17,1956
26/04/2021,18,1712
26/04/2021,19,1408
26/04/2021,20,836
26/04/2021,21,545
26/04/2021,22,402
26/04/2021,23,249
26/04/2022,0,66
26/04/2022,1,25
26/04/2022,2,24
26/04/2022,3,29
26/04/2022,4,33
26/04/2022,5,148
26/04/2022,6,418
26/04/2022,7,898
26/04/2022,8,962
26/04/2022,9,572
26/04/2022,10,401
26/04/2022,11,491
26/04/2022,12,602
26/04/2022,13,635
26/04/2022,14,640
26/04/2022,15,836
26/04/2022,16,1275
26/04/2022,17,1699
26/04/2022,18,1337
26/04/2022,19,880
26/04/2022,20,513
26/04/2022,21,421
26/04/2022,22,255
26/04/2022,23,151
26/05/2020,0,105
26/05/2020,1,94
26/05/2020,2,33
26/05/2020,3,16
26/05/2020,4,9
26/05/2020,5,48
26/05/2020,6,178
26/05/2020,7,301
26/05/2020,8,272
26/05/2020,9,250
26/05/2020,10,286
26/05/2020,11,364
26/05/2020,12,418
26/05/2020,13,366
26/05/2020,14,388
26/05/2020,15,315
26/05/2020,16,506
26/05/2020,17,914
26/05/2020,18,975
26/05/2020,19,802
26/05/2020,20,529
26/05/2020,21,256
26/05/2020,22,156
26/05/2020,23,130
26/05/2021,0,132
26/05/2021,1,37
26/05/2021,2,25
26/05/2021,3,8
26/05/2021,4,15
26/05/2021,5,89
26/05/2021,6,284
26/05/2021,7,672
26/05/2021,8,815
26/05/2021,9,580
26/05/2021,10,622
26/05/2021,11,793
26/05/2021,12,995
26/05/2021,13,1023
26/05/2021,14,1062
26/05/2021,15,1307
26/05/2021,16,1743
26/05/2021,17,2548
26/05/2021,18,2441
26/05/2021,19,1998
26/05/2021,20,1369
26/05/2021,21,928
26/05/2021,22,656
26/05/2021,23,348
26/05/2022,0,183
26/05/2022,1,72
26/05/2022,2,61
26/05/2022,3,38
26/05/2022,4,48
26/05/2022,5,194
26/05/2022,6,470
26/05/2022,7,1081
26/05/2022,8,1274
26/05/2022,9,839
26/05/2022,10,738
26/05/2022,11,863
26/05/2022,12,939
26/05/2022,13,936
26/05/2022,14,946
26/05/2022,15,1365
26/05/2022,16,2000
26/05/2022,17,2800
26/05/2022,18,2485
26/05/2022,19,1852
26/05/2022,20,1394
26/05/2022,21,992
26/05/2022,22,770
26/05/2022,23,504
26/06/2020,0,154
26/06/2020,1,81
26/06/2020,2,46
26/06/2020,3,43
26/06/2020,4,20
26/06/2020,5,118
26/06/2020,6,284
26/06/2020,7,419
26/06/2020,8,282
26/06/2020,9,212
26/06/2020,10,201
26/06/2020,11,160
26/06/2020,12,152
26/06/2020,13,366
26/06/2020,14,506
26/06/2020,15,486
26/06/2020,16,509
26/06/2020,17,578
26/06/2020,18,706
26/06/2020,19,212
26/06/2020,20,151
26/06/2020,21,148
26/06/2020,22,210
26/06/2020,23,184
26/06/2021,0,882
26/06/2021,1,611
26/06/2021,2,451
26/06/2021,3,215
26/06/2021,4,139
26/06/2021,5,109
26/06/2021,6,153
26/06/2021,7,150
26/06/2021,8,257
26/06/2021,9,687
26/06/2021,10,1001
26/06/2021,11,890
26/06/2021,12,242
26/06/2021,13,645
26/06/2021,14,1225
26/06/2021,15,1052
26/06/2021,16,754
26/06/2021,17,676
26/06/2021,18,430
26/06/2021,19,806
26/06/2021,20,788
26/06/2021,21,854
26/06/2021,22,762
26/06/2021,23,883
26/06/2022,0,1162
26/06/2022,1,626
26/06/2022,2,410
26/06/2022,3,226
26/06/2022,4,148
26/06/2022,5,134
26/06/2022,6,208
26/06/2022,7,363
26/06/2022,8,639
26/06/2022,9,1143
26/06/2022,10,1844
26/06/2022,11,2362
26/06/2022,12,2551
26/06/2022,13,2527
26/06/2022,14,2820
26/06/2022,15,2983
26/06/2022,16,2778
26/06/2022,17,2575
26/06/2022,18,2104
26/06/2022,19,1766
26/06/2022,20,1357
26/06/2022,21,996
26/06/2022,22,774
26/06/2022,23,500
26/07/2019,0,149
26/07/2019,1,76
26/07/2019,2,47
26/07/2019,3,15
26/07/2019,4,54
26/07/2019,5,216
26/07/2019,6,636
26/07/2019,7,1343
26/07/2019,8,1504
26/07/2019,9,796
26/07/2019,10,637
26/07/2019,11,829
26/07/2019,12,968
26/07/2019,13,1090
26/07/2019,14,1181
26/07/2019,15,1457
26/07/2019,16,2076
26/07/2019,17,2166
26/07/2019,18,1529
26/07/2019,19,1126
26/07/2019,20,895
26/07/2019,21,591
26/07/2019,22,500
26/07/2019,23,327
26/07/2020,0,614
26/07/2020,1,406
26/07/2020,2,291
26/07/2020,3,160
26/07/2020,4,86
26/07/2020,5,64
26/07/2020,6,186
26/07/2020,7,307
26/07/2020,8,529
26/07/2020,9,845
26/07/2020,10,1079
26/07/2020,11,1342
26/07/2020,12,1539
26/07/2020,13,1554
26/07/2020,14,1639
26/07/2020,15,1397
26/07/2020,16,1458
26/07/2020,17,1398
26/07/2020,18,1421
26/07/2020,19,1302
26/07/2020,20,1105
26/07/2020,21,477
26/07/2020,22,349
26/07/2020,23,263
26/07/2021,0,230
26/07/2021,1,199
26/07/2021,2,103
26/07/2021,3,69
26/07/2021,4,80
26/07/2021,5,252
26/07/2021,6,656
26/07/2021,7,1000
26/07/2021,8,1098
26/07/2021,9,788
26/07/2021,10,729
26/07/2021,11,962
26/07/2021,12,1149
26/07/2021,13,1152
26/07/2021,14,1148
26/07/2021,15,1289
26/07/2021,16,1822
26/07/2021,17,2775
26/07/2021,18,2540
26/07/2021,19,1895
26/07/2021,20,1418
26/07/2021,21,1050
26/07/2021,22,784
26/07/2021,23,464
26/07/2022,0,223
26/07/2022,1,120
26/07/2022,2,53
26/07/2022,3,45
26/07/2022,4,60
26/07/2022,5,244
26/07/2022,6,726
26/07/2022,7,1308
26/07/2022,8,1450
26/07/2022,9,795
26/07/2022,10,826
26/07/2022,11,975
26/07/2022,12,1203
26/07/2022,13,1181
26/07/2022,14,1211
26/07/2022,15,1521
26/07/2022,16,2270
26/07/2022,17,2958
26/07/2022,18,2582
26/07/2022,19,2145
26/07/2022,20,1519
26/07/2022,21,1075
26/07/2022,22,731
26/07/2022,23,525
26/08/2019,0,89
26/08/2019,1,42
26/08/2019,2,23
26/08/2019,3,16
26/08/2019,4,28
26/08/2019,5,186
26/08/2019,6,400
26/08/2019,7,583
26/08/2019,8,907
26/08/2019,9,425
26/08/2019,10,297
26/08/2019,11,341
26/08/2019,12,357
26/08/2019,13,228
26/08/2019,14,296
26/08/2019,15,401
26/08/2019,16,853
26/08/2019,17,1973
26/08/2019,18,1199
26/08/2019,19,705
26/08/2019,20,348
26/08/2019,21,296
26/08/2019,22,188
26/08/2019,23,96
26/08/2020,0,130
26/08/2020,1,76
26/08/2020,2,30
26/08/2020,3,18
26/08/2020,4,40
26/08/2020,5,160
26/08/2020,6,560
26/08/2020,7,881
26/08/2020,8,923
26/08/2020,9,614
26/08/2020,10,661
26/08/2020,11,789
26/08/2020,12,907
26/08/2020,13,811
26/08/2020,14,849
26/08/2020,15,1010
26/08/2020,16,1321
26/08/2020,17,2181
26/08/2020,18,2153
26/08/2020,19,1686
26/08/2020,20,1048
26/08/2020,21,716
26/08/2020,22,555
26/08/2020,23,320
26/08/2021,0,153
26/08/2021,1,86
26/08/2021,2,58
26/08/2021,3,27
26/08/2021,4,68
26/08/2021,5,216
26/08/2021,6,644
26/08/2021,7,1229
26/08/2021,8,1314
26/08/2021,9,906
26/08/2021,10,943
26/08/2021,11,1047
26/08/2021,12,1271
26/08/2021,13,1323
26/08/2021,14,1257
26/08/2021,15,1436
26/08/2021,16,2106
26/08/2021,17,3014
26/08/2021,18,2681
26/08/2021,19,2070
26/08/2021,20,1655
26/08/2021,21,1217
26/08/2021,22,838
26/08/2021,23,688
26/08/2022,0,254
26/08/2022,1,156
26/08/2022,2,101
26/08/2022,3,70
26/08/2022,4,60
26/08/2022,5,202
26/08/2022,6,842
26/08/2022,7,1119
26/08/2022,8,1199
26/08/2022,9,956
26/08/2022,10,959
26/08/2022,11,1238
26/08/2022,12,1469
26/08/2022,13,1569
26/08/2022,14,1758
26/08/2022,15,2081
26/08/2022,16,2403
26/08/2022,17,2591
26/08/2022,18,2483
26/08/2022,19,1838
26/08/2022,20,1281
26/08/2022,21,1065
26/08/2022,22,888
26/08/2022,23,759
26/09/2019,0,64
26/09/2019,1,34
26/09/2019,2,30
26/09/2019,3,19
26/09/2019,4,36
26/09/2019,5,205
26/09/2019,6,673
26/09/2019,7,1492
26/09/2019,8,1830
26/09/2019,9,774
26/09/2019,10,522
26/09/2019,11,677
26/09/2019,12,823
26/09/2019,13,769
26/09/2019,14,783
26/09/2019,15,1022
26/09/2019,16,1936
26/09/2019,17,2765
26/09/2019,18,2019
26/09/2019,19,1070
26/09/2019,20,616
26/09/2019,21,465
26/09/2019,22,385
26/09/2019,23,247
26/09/2020,0,494
26/09/2020,1,222
26/09/2020,2,139
26/09/2020,3,69
26/09/2020,4,44
26/09/2020,5,56
26/09/2020,6,181
26/09/2020,7,379
26/09/2020,8,716
26/09/2020,9,1142
26/09/2020,10,1496
26/09/2020,11,1899
26/09/2020,12,2053
26/09/2020,13,2133
26/09/2020,14,2184
26/09/2020,15,2249
26/09/2020,16,2164
26/09/2020,17,2085
26/09/2020,18,1758
26/09/2020,19,1306
26/09/2020,20,961
26/09/2020,21,810
26/09/2020,22,806
26/09/2020,23,804
26/09/2021,0,778
26/09/2021,1,563
26/09/2021,2,344
26/09/2021,3,191
26/09/2021,4,164
26/09/2021,5,137
26/09/2021,6,204
26/09/2021,7,365
26/09/2021,8,596
26/09/2021,9,1065
26/09/2021,10,1610
26/09/2021,11,2205
26/09/2021,12,2086
26/09/2021,13,2153
26/09/2021,14,2124
26/09/2021,15,2339
26/09/2021,16,2233
26/09/2021,17,2147
26/09/2021,18,1846
26/09/2021,19,1275
26/09/2021,20,856
26/09/2021,21,643
26/09/2021,22,482
26/09/2021,23,301
26/09/2022,0,109
26/09/2022,1,60
26/09/2022,2,43
26/09/2022,3,33
26/09/2022,4,45
26/09/2022,5,172
26/09/2022,6,505
26/09/2022,7,987
26/09/2022,8,1226
26/09/2022,9,757
26/09/2022,10,661
26/09/2022,11,805
26/09/2022,12,981
26/09/2022,13,968
26/09/2022,14,1067
26/09/2022,15,1298
26/09/2022,16,1729
26/09/2022,17,2258
26/09/2022,18,1790
26/09/2022,19,1159
26/09/2022,20,753
26/09/2022,21,615
26/09/2022,22,442
26/09/2022,23,244
26/10/2019,0,104
26/10/2019,1,89
26/10/2019,2,53
26/10/2019,3,25
26/10/2019,4,19
26/10/2019,5,27
26/10/2019,6,69
26/10/2019,7,149
26/10/2019,8,305
26/10/2019,9,478
26/10/2019,10,563
26/10/2019,11,575
26/10/2019,12,367
26/10/2019,13,167
26/10/2019,14,86
26/10/2019,15,50
26/10/2019,16,37
26/10/2019,17,32
26/10/2019,18,22
26/10/2019,19,12
26/10/2019,20,12
26/10/2019,21,23
26/10/2019,22,36
26/10/2019,23,26
26/10/2020,0,31
26/10/2020,1,22
26/10/2020,2,13
26/10/2020,3,16
26/10/2020,4,11
26/10/2020,5,67
26/10/2020,6,235
26/10/2020,7,417
26/10/2020,8,499
26/10/2020,9,327
26/10/2020,10,203
26/10/2020,11,192
26/10/2020,12,291
26/10/2020,13,292
26/10/2020,14,336
26/10/2020,15,469
26/10/2020,16,615
26/10/2020,17,835
26/10/2020,18,678
26/10/2020,19,405
26/10/2020,20,247
26/10/2020,21,169
26/10/2020,22,154
26/10/2020,23,87
26/10/2021,0,95
26/10/2021,1,66
26/10/2021,2,27
26/10/2021,3,24
26/10/2021,4,45
26/10/2021,5,201
26/10/2021,6,484
26/10/2021,7,1102
26/10/2021,8,1267
26/10/2021,9,810
26/10/2021,10,639
26/10/2021,11,767
26/10/2021,12,990
26/10/2021,13,947
26/10/2021,14,910
26/10/2021,15,1182
26/10/2021,16,1646
26/10/2021,17,2258
26/10/2021,18,1842
26/10/2021,19,1192
26/10/2021,20,789
26/10/2021,21,656
26/10/2021,22,410
26/10/2021,23,268
26/10/2022,0,77
26/10/2022,1,38
26/10/2022,2,15
26/10/2022,3,8
26/10/2022,4,25
26/10/2022,5,142
26/10/2022,6,491
26/10/2022,7,963
26/10/2022,8,1201
26/10/2022,9,669
26/10/2022,10,531
26/10/2022,11,649
26/10/2022,12,844
26/10/2022,13,858
26/10/2022,14,918
26/10/2022,15,1128
26/10/2022,16,1666
26/10/2022,17,2138
26/10/2022,18,1631
26/10/2022,19,1026
26/10/2022,20,680
26/10/2022,21,601
26/10/2022,22,465
26/10/2022,23,254
26/11/2019,0,38
26/11/2019,1,12
26/11/2019,2,9
26/11/2019,3,6
26/11/2019,4,23
26/11/2019,5,136
26/11/2019,6,365
26/11/2019,7,819
26/11/2019,8,1113
26/11/2019,9,418
26/11/2019,10,279
26/11/2019,11,343
26/11/2019,12,392
26/11/2019,13,389
26/11/2019,14,285
26/11/2019,15,249
26/11/2019,16,569
26/11/2019,17,403
26/11/2019,18,232
26/11/2019,19,119
26/11/2019,20,108
26/11/2019,21,48
26/11/2019,22,52
26/11/2019,23,30
26/11/2020,0,34
26/11/2020,1,29
26/11/2020,2,16
26/11/2020,3,9
26/11/2020,4,10
26/11/2020,5,16
26/11/2020,6,53
26/11/2020,7,106
26/11/2020,8,144
26/11/2020,9,217
26/11/2020,10,290
26/11/2020,11,335
26/11/2020,12,347
26/11/2020,13,350
26/11/2020,14,368
26/11/2020,15,333
26/11/2020,16,259
26/11/2020,17,152
26/11/2020,18,107
26/11/2020,19,100
26/11/2020,20,91
26/11/2020,21,83
26/11/2020,22,66
26/11/2020,23,68
26/11/2021,0,32
26/11/2021,1,18
26/11/2021,2,13
26/11/2021,3,15
26/11/2021,4,23
26/11/2021,5,46
26/11/2021,6,92
26/11/2021,7,105
26/11/2021,8,146
26/11/2021,9,186
26/11/2021,10,252
26/11/2021,11,263
26/11/2021,12,355
26/11/2021,13,390
26/11/2021,14,415
26/11/2021,15,479
26/11/2021,16,349
26/11/2021,17,296
26/11/2021,18,280
26/11/2021,19,220
26/11/2021,20,157
26/11/2021,21,175
26/11/2021,22,146
26/11/2021,23,119
26/11/2022,0,131
26/11/2022,1,115
26/11/2022,2,107
26/11/2022,3,39
26/11/2022,4,28
26/11/2022,5,26
26/11/2022,6,65
26/11/2022,7,127
26/11/2022,8,256
26/11/2022,9,339
26/11/2022,10,535
26/11/2022,11,591
26/11/2022,12,757
26/11/2022,13,725
26/11/2022,14,819
26/11/2022,15,1000
26/11/2022,16,767
26/11/2022,17,564
26/11/2022,18,525
26/11/2022,19,402
26/11/2022,20,298
26/11/2022,21,285
26/11/2022,22,280
26/11/2022,23,253
26/12/2019,0,26
26/12/2019,1,23
26/12/2019,2,10
26/12/2019,3,10
26/12/2019,4,5
26/12/2019,5,39
26/12/2019,6,111
26/12/2019,7,228
26/12/2019,8,309
26/12/2019,9,219
26/12/2019,10,207
26/12/2019,11,360
26/12/2019,12,448
26/12/2019,13,527
26/12/2019,14,567
26/12/2019,15,616
26/12/2019,16,686
26/12/2019,17,468
26/12/2019,18,326
26/12/2019,19,233
26/12/2019,20,129
26/12/2019,21,107
26/12/2019,22,100
26/12/2019,23,47
26/12/2020,0,11
26/12/2020,1,7
26/12/2020,2,3
26/12/2020,3,1
26/12/2020,4,5
26/12/2020,5,13
26/12/2020,6,30
26/12/2020,7,36
26/12/2020,8,67
26/12/2020,9,86
26/12/2020,10,139
26/12/2020,11,185
26/12/2020,12,243
26/12/2020,13,259
26/12/2020,14,284
26/12/2020,15,251
26/12/2020,16,194
26/12/2020,17,166
26/12/2020,18,113
26/12/2020,19,111
26/12/2020,20,54
26/12/2020,21,60
26/12/2020,22,48
26/12/2020,23,43
26/12/2021,0,29
26/12/2021,1,23
26/12/2021,2,23
26/12/2021,3,21
26/12/2021,4,15
26/12/2021,5,20
26/12/2021,6,46
26/12/2021,7,72
26/12/2021,8,111
26/12/2021,9,160
26/12/2021,10,274
26/12/2021,11,365
26/12/2021,12,351
26/12/2021,13,398
26/12/2021,14,376
26/12/2021,15,364
26/12/2021,16,316
26/12/2021,17,214
26/12/2021,18,188
26/12/2021,19,156
26/12/2021,20,112
26/12/2021,21,123
26/12/2021,22,73
26/12/2021,23,35
26/12/2022,0,14
26/12/2022,1,3
26/12/2022,2,8
26/12/2022,3,1
26/12/2022,4,7
26/12/2022,5,12
26/12/2022,6,20
26/12/2022,7,29
26/12/2022,8,44
26/12/2022,9,50
26/12/2022,10,46
26/12/2022,11,87
26/12/2022,12,76
26/12/2022,13,86
26/12/2022,14,109
26/12/2022,15,96
26/12/2022,16,97
26/12/2022,17,79
26/12/2022,18,102
26/12/2022,19,76
26/12/2022,20,49
26/12/2022,21,69
26/12/2022,22,39
26/12/2022,23,46
27/01/2019,0,13
27/01/2019,1,5
27/01/2019,2,5
27/01/2019,3,3
27/01/2019,4,4
27/01/2019,6,2
27/01/2019,7,10
27/01/2019,8,17
27/01/2019,9,31
27/01/2019,10,46
27/01/2019,11,62
27/01/2019,12,60
27/01/2019,13,64
27/01/2019,14,61
27/01/2019,15,55
27/01/2019,16,68
27/01/2019,17,58
27/01/2019,18,42
27/01/2019,19,35
27/01/2019,20,18
27/01/2019,21,15
27/01/2019,22,22
27/01/2019,23,12
27/01/2020,0,16
27/01/2020,1,6
27/01/2020,2,2
27/01/2020,3,2
27/01/2020,4,25
27/01/2020,5,98
27/01/2020,6,272
27/01/2020,7,620
27/01/2020,8,849
27/01/2020,9,298
27/01/2020,10,155
27/01/2020,11,147
27/01/2020,12,182
27/01/2020,13,210
27/01/2020,14,180
27/01/2020,15,273
27/01/2020,16,742
27/01/2020,17,986
27/01/2020,18,533
27/01/2020,19,306
27/01/2020,20,173
27/01/2020,21,133
27/01/2020,22,69
27/01/2020,23,37
27/01/2021,0,11
27/01/2021,1,1
27/01/2021,2,3
27/01/2021,3,2
27/01/2021,4,5
27/01/2021,5,34
27/01/2021,6,85
27/01/2021,7,124
27/01/2021,8,144
27/01/2021,9,94
27/01/2021,10,91
27/01/2021,11,115
27/01/2021,12,125
27/01/2021,13,121
27/01/2021,14,118
27/01/2021,15,158
27/01/2021,16,204
27/01/2021,17,273
27/01/2021,18,226
27/01/2021,19,138
27/01/2021,20,91
27/01/2021,21,41
27/01/2021,22,40
27/01/2021,23,12
27/01/2022,0,18
27/01/2022,1,6
27/01/2022,2,2
27/01/2022,3,5
27/01/2022,4,6
27/01/2022,5,62
27/01/2022,6,119
27/01/2022,7,226
27/01/2022,8,256
27/01/2022,9,155
27/01/2022,10,141
27/01/2022,11,157
27/01/2022,12,243
27/01/2022,13,214
27/01/2022,14,192
27/01/2022,15,262
27/01/2022,16,395
27/01/2022,17,442
27/01/2022,18,352
27/01/2022,19,214
27/01/2022,20,145
27/01/2022,21,113
27/01/2022,22,82
27/01/2022,23,38
27/02/2019,0,9
27/02/2019,1,7
27/02/2019,2,4
27/02/2019,3,6
27/02/2019,4,15
27/02/2019,5,72
27/02/2019,6,225
27/02/2019,7,459
27/02/2019,8,647
27/02/2019,9,243
27/02/2019,10,127
27/02/2019,11,136
27/02/2019,12,162
27/02/2019,13,157
27/02/2019,14,159
27/02/2019,15,228
27/02/2019,16,504
27/02/2019,17,707
27/02/2019,18,405
27/02/2019,19,210
27/02/2019,20,141
27/02/2019,21,88
27/02/2019,22,50
27/02/2019,23,29
27/02/2020,0,3
27/02/2020,1,7
27/02/2020,2,5
27/02/2020,3,4
27/02/2020,4,19
27/02/2020,5,80
27/02/2020,6,268
27/02/2020,7,589
27/02/2020,8,721
27/02/2020,9,296
27/02/2020,10,232
27/02/2020,11,208
27/02/2020,12,201
27/02/2020,13,184
27/02/2020,14,178
27/02/2020,15,261
27/02/2020,16,590
27/02/2020,17,794
27/02/2020,18,442
27/02/2020,19,251
27/02/2020,20,156
27/02/2020,21,119
27/02/2020,22,59
27/02/2020,23,37
27/02/2021,0,47
27/02/2021,1,27
27/02/2021,2,24
27/02/2021,3,6
27/02/2021,4,10
27/02/2021,5,19
27/02/2021,6,46
27/02/2021,7,78
27/02/2021,8,129
27/02/2021,9,222
27/02/2021,10,329
27/02/2021,11,498
27/02/2021,12,722
27/02/2021,13,824
27/02/2021,14,911
27/02/2021,15,890
27/02/2021,16,806
27/02/2021,17,567
27/02/2021,18,358
27/02/2021,19,220
27/02/2021,20,159
27/02/2021,21,110
27/02/2021,22,99
27/02/2021,23,186
27/02/2022,0,92
27/02/2022,1,68
27/02/2022,2,66
27/02/2022,3,21
27/02/2022,4,22
27/02/2022,5,23
27/02/2022,6,52
27/02/2022,7,73
27/02/2022,8,126
27/02/2022,9,170
27/02/2022,10,304
27/02/2022,11,366
27/02/2022,12,487
27/02/2022,13,506
27/02/2022,14,521
27/02/2022,15,517
27/02/2022,16,517
27/02/2022,17,436
27/02/2022,18,284
27/02/2022,19,231
27/02/2022,20,140
27/02/2022,21,126
27/02/2022,22,92
27/02/2022,23,79
27/03/2019,0,20
27/03/2019,1,15
27/03/2019,2,3
27/03/2019,3,8
27/03/2019,4,19
27/03/2019,5,80
27/03/2019,6,304
27/03/2019,7,627
27/03/2019,8,864
27/03/2019,9,408
27/03/2019,10,220
27/03/2019,11,331
27/03/2019,12,342
27/03/2019,13,415
27/03/2019,14,376
27/03/2019,15,548
27/03/2019,16,1023
27/03/2019,17,1573
27/03/2019,18,987
27/03/2019,19,484
27/03/2019,20,241
27/03/2019,21,192
27/03/2019,22,65
27/03/2019,23,47
27/03/2020,0,11
27/03/2020,1,2
27/03/2020,3,2
27/03/2020,4,8
27/03/2020,5,16
27/03/2020,6,64
27/03/2020,7,93
27/03/2020,8,96
27/03/2020,9,79
27/03/2020,10,67
27/03/2020,11,96
27/03/2020,12,138
27/03/2020,13,134
27/03/2020,14,108
27/03/2020,15,100
27/03/2020,16,115
27/03/2020,17,115
27/03/2020,18,86
27/03/2020,19,58
27/03/2020,20,49
27/03/2020,21,32
27/03/2020,22,12
27/03/2020,23,9
27/03/2021,0,171
27/03/2021,1,143
27/03/2021,2,46
27/03/2021,3,29
27/03/2021,4,17
27/03/2021,5,25
27/03/2021,6,67
27/03/2021,7,138
27/03/2021,8,242
27/03/2021,9,365
27/03/2021,10,524
27/03/2021,11,876
27/03/2021,12,1219
27/03/2021,13,1383
27/03/2021,14,1263
27/03/2021,15,1095
27/03/2021,16,1051
27/03/2021,17,954
27/03/2021,18,912
27/03/2021,19,691
27/03/2021,20,446
27/03/2021,21,418
27/03/2021,22,368
27/03/2021,23,409
27/03/2022,0,141
27/03/2022,1,101
27/03/2022,2,70
27/03/2022,3,49
27/03/2022,4,24
27/03/2022,5,29
27/03/2022,6,60
27/03/2022,7,64
27/03/2022,8,148
27/03/2022,9,181
27/03/2022,10,372
27/03/2022,11,398
27/03/2022,12,495
27/03/2022,13,493
27/03/2022,14,498
27/03/2022,15,581
27/03/2022,16,510
27/03/2022,17,448
27/03/2022,18,424
27/03/2022,19,308
27/03/2022,20,182
27/03/2022,21,141
27/03/2022,22,117
27/03/2022,23,77
27/04/2020,0,20
27/04/2020,1,10
27/04/2020,2,2
27/04/2020,3,2
27/04/2020,4,3
27/04/2020,5,21
27/04/2020,6,100
27/04/2020,7,146
27/04/2020,8,131
27/04/2020,9,132
27/04/2020,10,154
27/04/2020,11,253
27/04/2020,12,330
27/04/2020,13,237
27/04/2020,14,232
27/04/2020,15,125
27/04/2020,16,133
27/04/2020,17,185
27/04/2020,18,135
27/04/2020,19,113
27/04/2020,20,65
27/04/2020,21,36
27/04/2020,22,11
27/04/2020,23,19
27/04/2021,0,106
27/04/2021,1,87
27/04/2021,2,26
27/04/2021,3,20
27/04/2021,4,29
27/04/2021,5,119
27/04/2021,6,383
27/04/2021,7,686
27/04/2021,8,703
27/04/2021,9,586
27/04/2021,10,532
27/04/2021,11,687
27/04/2021,12,865
27/04/2021,13,995
27/04/2021,14,973
27/04/2021,15,1189
27/04/2021,16,1671
27/04/2021,17,2621
27/04/2021,18,2407
27/04/2021,19,1640
27/04/2021,20,813
27/04/2021,21,550
27/04/2021,22,391
27/04/2021,23,187
27/04/2022,0,71
27/04/2022,1,37
27/04/2022,2,20
27/04/2022,3,19
27/04/2022,4,35
27/04/2022,5,134
27/04/2022,6,428
27/04/2022,7,797
27/04/2022,8,949
27/04/2022,9,559
27/04/2022,10,422
27/04/2022,11,543
27/04/2022,12,571
27/04/2022,13,554
27/04/2022,14,599
27/04/2022,15,713
27/04/2022,16,991
27/04/2022,17,1343
27/04/2022,18,1011
27/04/2022,19,664
27/04/2022,20,449
27/04/2022,21,319
27/04/2022,22,258
27/04/2022,23,147
27/05/2020,0,77
27/05/2020,1,39
27/05/2020,2,25
27/05/2020,3,7
27/05/2020,4,7
27/05/2020,5,55
27/05/2020,6,213
27/05/2020,7,332
27/05/2020,8,327
27/05/2020,9,269
27/05/2020,10,343
27/05/2020,11,470
27/05/2020,12,503
27/05/2020,13,516
27/05/2020,14,470
27/05/2020,15,543
27/05/2020,16,725
27/05/2020,17,931
27/05/2020,18,953
27/05/2020,19,475
27/05/2020,20,357
27/05/2020,21,240
27/05/2020,22,152
27/05/2020,23,92
27/05/2021,0,166
27/05/2021,1,97
27/05/2021,2,49
27/05/2021,3,27
27/05/2021,4,43
27/05/2021,5,150
27/05/2021,6,404
27/05/2021,7,794
27/05/2021,8,914
27/05/2021,9,622
27/05/2021,10,530
27/05/2021,11,718
27/05/2021,12,793
27/05/2021,13,759
27/05/2021,14,564
27/05/2021,15,408
27/05/2021,16,693
27/05/2021,17,1140
27/05/2021,18,1011
27/05/2021,19,620
27/05/2021,20,485
27/05/2021,21,365
27/05/2021,22,272
27/05/2021,23,212
27/05/2022,0,288
27/05/2022,1,198
27/05/2022,2,90
27/05/2022,3,56
27/05/2022,4,47
27/05/2022,5,146
27/05/2022,6,348
27/05/2022,7,537
27/05/2022,8,342
27/05/2022,9,223
27/05/2022,10,304
27/05/2022,11,542
27/05/2022,12,776
27/05/2022,13,966
27/05/2022,14,1138
27/05/2022,15,1390
27/05/2022,16,1595
27/05/2022,17,1662
27/05/2022,18,1576
27/05/2022,19,1316
27/05/2022,20,951
27/05/2022,21,654
27/05/2022,22,677
27/05/2022,23,535
27/06/2020,0,137
27/06/2020,1,87
27/06/2020,2,57
27/06/2020,3,43
27/06/2020,4,24
27/06/2020,5,53
27/06/2020,6,164
27/06/2020,7,262
27/06/2020,8,447
27/06/2020,9,759
27/06/2020,10,1156
27/06/2020,11,1471
27/06/2020,12,1573
27/06/2020,13,1743
27/06/2020,14,1692
27/06/2020,15,1703
27/06/2020,16,1569
27/06/2020,17,1516
27/06/2020,18,1560
27/06/2020,19,1377
27/06/2020,20,1071
27/06/2020,21,817
27/06/2020,22,630
27/06/2020,23,588
27/06/2021,0,814
27/06/2021,1,831
27/06/2021,2,716
27/06/2021,3,372
27/06/2021,4,218
27/06/2021,5,140
27/06/2021,6,154
27/06/2021,7,282
27/06/2021,8,509
27/06/2021,9,876
27/06/2021,10,1475
27/06/2021,11,1721
27/06/2021,12,2055
27/06/2021,13,2198
27/06/2021,14,2326
27/06/2021,15,2236
27/06/2021,16,2536
27/06/2021,17,2269
27/06/2021,18,1977
27/06/2021,19,1807
27/06/2021,20,1283
27/06/2021,21,785
27/06/2021,22,712
27/06/2021,23,365
27/06/2022,0,258
27/06/2022,1,149
27/06/2022,2,74
27/06/2022,3,54
27/06/2022,4,68
27/06/2022,5,225
27/06/2022,6,590
27/06/2022,7,995
27/06/2022,8,1214
27/06/2022,9,798
27/06/2022,10,782
27/06/2022,11,939
27/06/2022,12,1218
27/06/2022,13,1248
27/06/2022,14,1275
27/06/2022,15,1449
27/06/2022,16,2048
27/06/2022,17,2799
27/06/2022,18,2551
27/06/2022,19,1973
27/06/2022,20,1532
27/06/2022,21,930
27/06/2022,22,545
27/06/2022,23,369
27/07/2019,0,245
27/07/2019,1,166
27/07/2019,2,135
27/07/2019,3,45
27/07/2019,4,23
27/07/2019,5,87
27/07/2019,6,155
27/07/2019,7,307
27/07/2019,8,615
27/07/2019,9,978
27/07/2019,10,1326
27/07/2019,11,1528
27/07/2019,12,1796
27/07/2019,13,1841
27/07/2019,14,1666
27/07/2019,15,1632
27/07/2019,16,1610
27/07/2019,17,1491
27/07/2019,18,1371
27/07/2019,19,1086
27/07/2019,20,849
27/07/2019,21,656
27/07/2019,22,586
27/07/2019,23,523
27/07/2020,0,167
27/07/2020,1,92
27/07/2020,2,27
27/07/2020,3,36
27/07/2020,4,45
27/07/2020,5,141
27/07/2020,6,368
27/07/2020,7,528
27/07/2020,8,554
27/07/2020,9,443
27/07/2020,10,468
27/07/2020,11,556
27/07/2020,12,689
27/07/2020,13,661
27/07/2020,14,707
27/07/2020,15,803
27/07/2020,16,1168
27/07/2020,17,1778
27/07/2020,18,1760
27/07/2020,19,1445
27/07/2020,20,1171
27/07/2020,21,675
27/07/2020,22,486
27/07/2020,23,306
27/07/2021,0,206
27/07/2021,1,149
27/07/2021,2,61
27/07/2021,3,48
27/07/2021,4,54
27/07/2021,5,232
27/07/2021,6,712
27/07/2021,7,1209
27/07/2021,8,1277
27/07/2021,9,809
27/07/2021,10,798
27/07/2021,11,907
27/07/2021,12,1048
27/07/2021,13,1041
27/07/2021,14,1134
27/07/2021,15,1401
27/07/2021,16,2040
27/07/2021,17,2970
27/07/2021,18,2676
27/07/2021,19,1983
27/07/2021,20,1577
27/07/2021,21,1148
27/07/2021,22,1033
27/07/2021,23,534
27/07/2022,0,226
27/07/2022,1,138
27/07/2022,2,56
27/07/2022,3,39
27/07/2022,4,66
27/07/2022,5,246
27/07/2022,6,676
27/07/2022,7,1291
27/07/2022,8,1429
27/07/2022,9,894
27/07/2022,10,784
27/07/2022,11,985
27/07/2022,12,1085
27/07/2022,13,1140
27/07/2022,14,1139
27/07/2022,15,771
27/07/2022,16,1872
27/07/2022,17,2933
27/07/2022,18,2573
27/07/2022,19,2148
27/07/2022,20,1763
27/07/2022,21,1205
27/07/2022,22,870
27/07/2022,23,513
27/08/2019,0,56
27/08/2019,1,22
27/08/2019,2,21
27/08/2019,3,13
27/08/2019,4,42
27/08/2019,5,217
27/08/2019,6,731
27/08/2019,7,1548
27/08/2019,8,1841
27/08/2019,9,790
27/08/2019,10,496
27/08/2019,11,708
27/08/2019,12,807
27/08/2019,13,824
27/08/2019,14,721
27/08/2019,15,975
27/08/2019,16,1954
27/08/2019,17,2831
27/08/2019,18,2017
27/08/2019,19,1211
27/08/2019,20,820
27/08/2019,21,506
27/08/2019,22,302
27/08/2019,23,142
27/08/2020,0,164
27/08/2020,1,80
27/08/2020,2,53
27/08/2020,3,31
27/08/2020,4,28
27/08/2020,5,158
27/08/2020,6,503
27/08/2020,7,859
27/08/2020,8,913
27/08/2020,9,667
27/08/2020,10,629
27/08/2020,11,754
27/08/2020,12,906
27/08/2020,13,841
27/08/2020,14,759
27/08/2020,15,855
27/08/2020,16,1211
27/08/2020,17,1589
27/08/2020,18,1930
27/08/2020,19,1508
27/08/2020,20,923
27/08/2020,21,671
27/08/2020,22,598
27/08/2020,23,378
27/08/2021,0,690
27/08/2021,1,572
27/08/2021,2,182
27/08/2021,3,71
27/08/2021,4,100
27/08/2021,5,184
27/08/2021,6,603
27/08/2021,7,951
27/08/2021,8,1058
27/08/2021,9,910
27/08/2021,10,980
27/08/2021,11,1111
27/08/2021,12,1521
27/08/2021,13,1518
27/08/2021,14,1644
27/08/2021,15,1828
27/08/2021,16,2246
27/08/2021,17,2595
27/08/2021,18,2522
27/08/2021,19,1965
27/08/2021,20,1439
27/08/2021,21,1020
27/08/2021,22,1031
27/08/2021,23,983
27/08/2022,0,688
27/08/2022,1,540
27/08/2022,2,316
27/08/2022,3,194
27/08/2022,4,70
27/08/2022,5,119
27/08/2022,6,276
27/08/2022,7,467
27/08/2022,8,890
27/08/2022,9,1356
27/08/2022,10,1693
27/08/2022,11,2178
27/08/2022,12,2419
27/08/2022,13,2534
27/08/2022,14,2488
27/08/2022,15,2487
27/08/2022,16,2416
27/08/2022,17,2343
27/08/2022,18,2297
27/08/2022,19,1889
27/08/2022,20,1433
27/08/2022,21,1188
27/08/2022,22,960
27/08/2022,23,973
27/09/2019,0,83
27/09/2019,1,88
27/09/2019,2,41
27/09/2019,3,20
27/09/2019,4,54
27/09/2019,5,182
27/09/2019,6,622
27/09/2019,7,1352
27/09/2019,8,1651
27/09/2019,9,813
27/09/2019,10,579
27/09/2019,11,213
27/09/2019,12,64
27/09/2019,13,138
27/09/2019,14,201
27/09/2019,15,347
27/09/2019,16,1087
27/09/2019,17,883
27/09/2019,18,277
27/09/2019,19,166
27/09/2019,20,67
27/09/2019,21,64
27/09/2019,22,43
27/09/2019,23,56
27/09/2020,0,517
27/09/2020,1,298
27/09/2020,2,150
27/09/2020,3,70
27/09/2020,4,45
27/09/2020,5,47
27/09/2020,6,166
27/09/2020,7,280
27/09/2020,8,550
27/09/2020,9,881
27/09/2020,10,1336
27/09/2020,11,1884
27/09/2020,12,1766
27/09/2020,13,1875
27/09/2020,14,1755
27/09/2020,15,1928
27/09/2020,16,1971
27/09/2020,17,1804
27/09/2020,18,1466
27/09/2020,19,902
27/09/2020,20,531
27/09/2020,21,320
27/09/2020,22,217
27/09/2020,23,115
27/09/2021,0,162
27/09/2021,1,98
27/09/2021,2,62
27/09/2021,3,50
27/09/2021,4,70
27/09/2021,5,220
27/09/2021,6,602
27/09/2021,7,1168
27/09/2021,8,1287
27/09/2021,9,869
27/09/2021,10,822
27/09/2021,11,910
27/09/2021,12,1194
27/09/2021,13,1144
27/09/2021,14,1153
27/09/2021,15,1458
27/09/2021,16,2021
27/09/2021,17,2669
27/09/2021,18,2095
27/09/2021,19,1378
27/09/2021,20,897
27/09/2021,21,677
27/09/2021,22,440
27/09/2021,23,242
27/09/2022,0,101
27/09/2022,1,65
27/09/2022,2,40
27/09/2022,3,38
27/09/2022,4,52
27/09/2022,5,198
27/09/2022,6,602
27/09/2022,7,1211
27/09/2022,8,1402
27/09/2022,9,830
27/09/2022,10,669
27/09/2022,11,718
27/09/2022,12,938
27/09/2022,13,913
27/09/2022,14,898
27/09/2022,15,1343
27/09/2022,16,1889
27/09/2022,17,2349
27/09/2022,18,1942
27/09/2022,19,1236
27/09/2022,20,766
27/09/2022,21,779
27/09/2022,22,452
27/09/2022,23,255
27/10/2019,0,26
27/10/2019,1,34
27/10/2019,2,35
27/10/2019,3,11
27/10/2019,4,15
27/10/2019,5,25
27/10/2019,6,46
27/10/2019,7,79
27/10/2019,8,198
27/10/2019,9,346
27/10/2019,10,555
27/10/2019,11,800
27/10/2019,12,836
27/10/2019,13,937
27/10/2019,14,935
27/10/2019,15,1229
27/10/2019,16,995
27/10/2019,17,835
27/10/2019,18,570
27/10/2019,19,347
27/10/2019,20,220
27/10/2019,21,164
27/10/2019,22,125
27/10/2019,23,59
27/10/2020,0,28
27/10/2020,1,13
27/10/2020,2,12
27/10/2020,3,8
27/10/2020,4,18
27/10/2020,5,80
27/10/2020,6,230
27/10/2020,7,452
27/10/2020,8,372
27/10/2020,9,214
27/10/2020,10,165
27/10/2020,11,228
27/10/2020,12,247
27/10/2020,13,252
27/10/2020,14,313
27/10/2020,15,400
27/10/2020,16,628
27/10/2020,17,828
27/10/2020,18,634
27/10/2020,19,447
27/10/2020,20,253
27/10/2020,21,181
27/10/2020,22,115
27/10/2020,23,60
27/10/2021,0,147
27/10/2021,1,63
27/10/2021,2,33
27/10/2021,3,18
27/10/2021,4,40
27/10/2021,5,185
27/10/2021,6,501
27/10/2021,7,1009
27/10/2021,8,1308
27/10/2021,9,831
27/10/2021,10,683
27/10/2021,11,807
27/10/2021,12,1046
27/10/2021,13,979
27/10/2021,14,1017
27/10/2021,15,1251
27/10/2021,16,1731
27/10/2021,17,2359
27/10/2021,18,1826
27/10/2021,19,1157
27/10/2021,20,769
27/10/2021,21,766
27/10/2021,22,520
27/10/2021,23,340
27/10/2022,0,132
27/10/2022,1,80
27/10/2022,2,50
27/10/2022,3,40
27/10/2022,4,35
27/10/2022,5,171
27/10/2022,6,489
27/10/2022,7,1012
27/10/2022,8,1338
27/10/2022,9,785
27/10/2022,10,554
27/10/2022,11,681
27/10/2022,12,847
27/10/2022,13,812
27/10/2022,14,919
27/10/2022,15,1121
27/10/2022,16,1599
27/10/2022,17,2114
27/10/2022,18,1488
27/10/2022,19,1049
27/10/2022,20,694
27/10/2022,21,626
27/10/2022,22,627
27/10/2022,23,315
27/11/2019,0,23
27/11/2019,1,12
27/11/2019,2,5
27/11/2019,3,2
27/11/2019,4,17
27/11/2019,5,93
27/11/2019,6,201
27/11/2019,7,413
27/11/2019,8,446
27/11/2019,9,252
27/11/2019,10,149
27/11/2019,11,224
27/11/2019,12,273
27/11/2019,13,277
27/11/2019,14,364
27/11/2019,15,394
27/11/2019,16,355
27/11/2019,17,331
27/11/2019,18,200
27/11/2019,19,116
27/11/2019,20,70
27/11/2019,21,60
27/11/2019,22,35
27/11/2019,23,28
27/11/2020,0,61
27/11/2020,1,47
27/11/2020,2,12
27/11/2020,3,22
27/11/2020,4,18
27/11/2020,5,31
27/11/2020,6,103
27/11/2020,7,134
27/11/2020,8,161
27/11/2020,9,218
27/11/2020,10,239
27/11/2020,11,355
27/11/2020,12,404
27/11/2020,13,504
27/11/2020,14,605
27/11/2020,15,728
27/11/2020,16,486
27/11/2020,17,378
27/11/2020,18,281
27/11/2020,19,178
27/11/2020,20,144
27/11/2020,21,81
27/11/2020,22,106
27/11/2020,23,57
27/11/2021,0,97
27/11/2021,1,89
27/11/2021,2,73
27/11/2021,3,51
27/11/2021,4,15
27/11/2021,5,23
27/11/2021,6,67
27/11/2021,7,103
27/11/2021,8,157
27/11/2021,9,285
27/11/2021,10,401
27/11/2021,11,414
27/11/2021,12,408
27/11/2021,13,475
27/11/2021,14,538
27/11/2021,15,645
27/11/2021,16,583
27/11/2021,17,460
27/11/2021,18,426
27/11/2021,19,319
27/11/2021,20,241
27/11/2021,21,209
27/11/2021,22,241
27/11/2021,23,163
27/11/2022,0,212
27/11/2022,1,160
27/11/2022,2,115
27/11/2022,3,61
27/11/2022,4,18
27/11/2022,5,19
27/11/2022,6,45
27/11/2022,7,95
27/11/2022,8,110
27/11/2022,9,110
27/11/2022,10,206
27/11/2022,11,282
27/11/2022,12,384
27/11/2022,13,373
27/11/2022,14,413
27/11/2022,15,466
27/11/2022,16,407
27/11/2022,17,380
27/11/2022,18,378
27/11/2022,19,283
27/11/2022,20,187
27/11/2022,21,202
27/11/2022,22,172
27/11/2022,23,104
27/12/2019,0,26
27/12/2019,1,14
27/12/2019,2,11
27/12/2019,3,8
27/12/2019,4,10
27/12/2019,5,39
27/12/2019,6,131
27/12/2019,7,250
27/12/2019,8,319
27/12/2019,9,159
27/12/2019,10,162
27/12/2019,11,245
27/12/2019,12,280
27/12/2019,13,262
27/12/2019,14,278
27/12/2019,15,358
27/12/2019,16,400
27/12/2019,17,379
27/12/2019,18,212
27/12/2019,19,135
27/12/2019,20,96
27/12/2019,21,78
27/12/2019,22,78
27/12/2019,23,51
27/12/2020,0,29
27/12/2020,1,17
27/12/2020,2,6
27/12/2020,3,13
27/12/2020,4,7
27/12/2020,5,19
27/12/2020,6,28
27/12/2020,7,61
27/12/2020,8,63
27/12/2020,9,129
27/12/2020,10,180
27/12/2020,11,287
27/12/2020,12,365
27/12/2020,13,369
27/12/2020,14,449
27/12/2020,15,433
27/12/2020,16,307
27/12/2020,17,221
27/12/2020,18,189
27/12/2020,19,107
27/12/2020,20,86
27/12/2020,21,61
27/12/2020,22,43
27/12/2020,23,29
27/12/2021,0,9
27/12/2021,1,10
27/12/2021,2,5
27/12/2021,3,5
27/12/2021,4,11
27/12/2021,5,46
27/12/2021,6,93
27/12/2021,7,160
27/12/2021,8,191
27/12/2021,9,165
27/12/2021,10,219
27/12/2021,11,308
27/12/2021,12,316
27/12/2021,13,403
27/12/2021,14,424
27/12/2021,15,493
27/12/2021,16,540
27/12/2021,17,442
27/12/2021,18,329
27/12/2021,19,267
27/12/2021,20,196
27/12/2021,21,123
27/12/2021,22,94
27/12/2021,23,54
27/12/2022,0,20
27/12/2022,1,11
27/12/2022,2,7
27/12/2022,3,7
27/12/2022,4,14
27/12/2022,5,39
27/12/2022,6,79
27/12/2022,7,119
27/12/2022,8,144
27/12/2022,9,111
27/12/2022,10,83
27/12/2022,11,118
27/12/2022,12,123
27/12/2022,13,154
27/12/2022,14,129
27/12/2022,15,190
27/12/2022,16,240
27/12/2022,17,218
27/12/2022,18,157
27/12/2022,19,107
27/12/2022,20,68
27/12/2022,21,67
27/12/2022,22,56
27/12/2022,23,43
28/01/2019,0,7
28/01/2019,1,1
28/01/2019,2,1
28/01/2019,4,1
28/01/2019,5,14
28/01/2019,6,34
28/01/2019,7,52
28/01/2019,8,63
28/01/2019,9,51
28/01/2019,10,37
28/01/2019,11,40
28/01/2019,12,64
28/01/2019,13,41
28/01/2019,14,49
28/01/2019,15,77
28/01/2019,16,157
28/01/2019,17,145
28/01/2019,18,70
28/01/2019,19,54
28/01/2019,20,25
28/01/2019,21,33
28/01/2019,22,14
28/01/2019,23,4
28/01/2020,0,9
28/01/2020,1,4
28/01/2020,2,4
28/01/2020,3,4
28/01/2020,4,20
28/01/2020,5,107
28/01/2020,6,314
28/01/2020,7,676
28/01/2020,8,873
28/01/2020,9,362
28/01/2020,10,154
28/01/2020,11,180
28/01/2020,12,201
28/01/2020,13,203
28/01/2020,14,190
28/01/2020,15,293
28/01/2020,16,721
28/01/2020,17,1043
28/01/2020,18,540
28/01/2020,19,326
28/01/2020,20,196
28/01/2020,21,149
28/01/2020,22,76
28/01/2020,23,31
28/01/2021,0,13
28/01/2021,1,11
28/01/2021,2,5
28/01/2021,3,3
28/01/2021,4,5
28/01/2021,5,30
28/01/2021,6,106
28/01/2021,7,139
28/01/2021,8,150
28/01/2021,9,112
28/01/2021,10,94
28/01/2021,11,140
28/01/2021,12,148
28/01/2021,13,128
28/01/2021,14,144
28/01/2021,15,205
28/01/2021,16,216
28/01/2021,17,312
28/01/2021,18,260
28/01/2021,19,147
28/01/2021,20,103
28/01/2021,21,68
28/01/2021,22,45
28/01/2021,23,32
28/01/2022,0,17
28/01/2022,1,8
28/01/2022,2,8
28/01/2022,3,3
28/01/2022,4,6
28/01/2022,5,22
28/01/2022,6,44
28/01/2022,7,86
28/01/2022,8,103
28/01/2022,9,48
28/01/2022,10,72
28/01/2022,11,77
28/01/2022,12,88
28/01/2022,13,89
28/01/2022,14,101
28/01/2022,15,144
28/01/2022,16,200
28/01/2022,17,238
28/01/2022,18,171
28/01/2022,19,119
28/01/2022,20,83
28/01/2022,21,48
28/01/2022,22,63
28/01/2022,23,50
28/02/2019,0,21
28/02/2019,1,3
28/02/2019,2,6
28/02/2019,3,4
28/02/2019,4,13
28/02/2019,5,74
28/02/2019,6,213
28/02/2019,7,422
28/02/2019,8,627
28/02/2019,9,216
28/02/2019,10,147
28/02/2019,11,135
28/02/2019,12,176
28/02/2019,13,143
28/02/2019,14,140
28/02/2019,15,229
28/02/2019,16,483
28/02/2019,17,669
28/02/2019,18,331
28/02/2019,19,212
28/02/2019,20,142
28/02/2019,21,79
28/02/2019,22,51
28/02/2019,23,30
28/02/2020,0,20
28/02/2020,1,5
28/02/2020,2,10
28/02/2020,3,4
28/02/2020,4,10
28/02/2020,5,86
28/02/2020,6,234
28/02/2020,7,492
28/02/2020,8,629
28/02/2020,9,277
28/02/2020,10,225
28/02/2020,11,225
28/02/2020,12,201
28/02/2020,13,221
28/02/2020,14,217
28/02/2020,15,340
28/02/2020,16,627
28/02/2020,17,688
28/02/2020,18,362
28/02/2020,19,190
28/02/2020,20,121
28/02/2020,21,72
28/02/2020,22,55
28/02/2020,23,37
28/02/2021,0,92
28/02/2021,1,61
28/02/2021,2,19
28/02/2021,3,10
28/02/2021,4,10
28/02/2021,5,18
28/02/2021,6,38
28/02/2021,7,54
28/02/2021,8,59
28/02/2021,9,98
28/02/2021,10,146
28/02/2021,11,258
28/02/2021,12,328
28/02/2021,13,372
28/02/2021,14,388
28/02/2021,15,395
28/02/2021,16,324
28/02/2021,17,265
28/02/2021,18,163
28/02/2021,19,113
28/02/2021,20,73
28/02/2021,21,55
28/02/2021,22,44
28/02/2021,23,29
28/02/2022,0,15
28/02/2022,1,14
28/02/2022,2,10
28/02/2022,3,10
28/02/2022,4,18
28/02/2022,5,96
28/02/2022,6,223
28/02/2022,7,470
28/02/2022,8,547
28/02/2022,9,297
28/02/2022,10,230
28/02/2022,11,275
28/02/2022,12,390
28/02/2022,13,393
28/02/2022,14,433
28/02/2022,15,637
28/02/2022,16,888
28/02/2022,17,1055
28/02/2022,18,680
28/02/2022,19,479
28/02/2022,20,349
28/02/2022,21,209
28/02/2022,22,144
28/02/2022,23,75
28/03/2019,0,23
28/03/2019,1,8
28/03/2019,2,6
28/03/2019,3,7
28/03/2019,4,22
28/03/2019,5,86
28/03/2019,6,334
28/03/2019,7,742
28/03/2019,8,1010
28/03/2019,9,432
28/03/2019,10,303
28/03/2019,11,349
28/03/2019,12,504
28/03/2019,13,509
28/03/2019,14,467
28/03/2019,15,560
28/03/2019,16,1017
28/03/2019,17,1334
28/03/2019,18,706
28/03/2019,19,395
28/03/2019,20,214
28/03/2019,21,162
28/03/2019,22,103
28/03/2019,23,42
28/03/2020,0,3
28/03/2020,1,4
28/03/2020,4,2
28/03/2020,5,6
28/03/2020,6,7
28/03/2020,7,19
28/03/2020,8,18
28/03/2020,9,50
28/03/2020,10,91
28/03/2020,11,150
28/03/2020,12,206
28/03/2020,13,137
28/03/2020,14,186
28/03/2020,15,148
28/03/2020,16,115
28/03/2020,17,65
28/03/2020,18,62
28/03/2020,19,50
28/03/2020,20,36
28/03/2020,21,37
28/03/2020,22,31
28/03/2020,23,20
28/03/2021,0,326
28/03/2021,1,253
28/03/2021,2,59
28/03/2021,3,21
28/03/2021,4,28
28/03/2021,5,25
28/03/2021,6,67
28/03/2021,7,108
28/03/2021,8,125
28/03/2021,9,233
28/03/2021,10,369
28/03/2021,11,416
28/03/2021,12,586
28/03/2021,13,676
28/03/2021,14,674
28/03/2021,15,805
28/03/2021,16,657
28/03/2021,17,669
28/03/2021,18,481
28/03/2021,19,321
28/03/2021,20,182
28/03/2021,21,139
28/03/2021,22,143
28/03/2021,23,88
28/03/2022,0,50
28/03/2022,1,13
28/03/2022,2,17
28/03/2022,3,9
28/03/2022,4,22
28/03/2022,5,90
28/03/2022,6,219
28/03/2022,7,470
28/03/2022,8,528
28/03/2022,9,308
28/03/2022,10,264
28/03/2022,11,349
28/03/2022,12,378
28/03/2022,13,387
28/03/2022,14,355
28/03/2022,15,513
28/03/2022,16,745
28/03/2022,17,898
28/03/2022,18,675
28/03/2022,19,428
28/03/2022,20,295
28/03/2022,21,199
28/03/2022,22,148
28/03/2022,23,97
28/04/2020,0,5
28/04/2020,1,4
28/04/2020,2,8
28/04/2020,3,4
28/04/2020,4,9
28/04/2020,5,23
28/04/2020,6,110
28/04/2020,7,173
28/04/2020,8,155
28/04/2020,9,160
28/04/2020,10,190
28/04/2020,11,298
28/04/2020,12,406
28/04/2020,13,378
28/04/2020,14,381
28/04/2020,15,377
28/04/2020,16,365
28/04/2020,17,141
28/04/2020,18,32
28/04/2020,19,76
28/04/2020,20,47
28/04/2020,21,26
28/04/2020,22,15
28/04/2020,23,9
28/04/2021,0,100
28/04/2021,1,41
28/04/2021,2,16
28/04/2021,3,18
28/04/2021,4,20
28/04/2021,5,63
28/04/2021,6,187
28/04/2021,7,405
28/04/2021,8,522
28/04/2021,9,374
28/04/2021,10,323
28/04/2021,11,337
28/04/2021,12,409
28/04/2021,13,384
28/04/2021,14,377
28/04/2021,15,425
28/04/2021,16,345
28/04/2021,17,628
28/04/2021,18,691
28/04/2021,19,447
28/04/2021,20,316
28/04/2021,21,174
28/04/2021,22,135
28/04/2021,23,75
28/04/2022,0,63
28/04/2022,1,30
28/04/2022,2,22
28/04/2022,3,19
28/04/2022,4,27
28/04/2022,5,120
28/04/2022,6,400
28/04/2022,7,804
28/04/2022,8,986
28/04/2022,9,556
28/04/2022,10,431
28/04/2022,11,500
28/04/2022,12,597
28/04/2022,13,569
28/04/2022,14,478
28/04/2022,15,659
28/04/2022,16,999
28/04/2022,17,1377
28/04/2022,18,1221
28/04/2022,19,803
28/04/2022,20,545
28/04/2022,21,537
28/04/2022,22,366
28/04/2022,23,326
28/05/2020,0,49
28/05/2020,1,37
28/05/2020,2,20
28/05/2020,3,9
28/05/2020,4,24
28/05/2020,5,62
28/05/2020,6,180
28/05/2020,7,297
28/05/2020,8,316
28/05/2020,9,261
28/05/2020,10,189
28/05/2020,11,160
28/05/2020,12,259
28/05/2020,13,316
28/05/2020,14,418
28/05/2020,15,567
28/05/2020,16,682
28/05/2020,17,911
28/05/2020,18,866
28/05/2020,19,502
28/05/2020,20,253
28/05/2020,21,166
28/05/2020,22,148
28/05/2020,23,93
28/05/2021,0,134
28/05/2021,1,64
28/05/2021,2,47
28/05/2021,3,27
28/05/2021,4,27
28/05/2021,5,51
28/05/2021,6,152
28/05/2021,7,378
28/05/2021,8,425
28/05/2021,9,378
28/05/2021,10,416
28/05/2021,11,433
28/05/2021,12,532
28/05/2021,13,561
28/05/2021,14,577
28/05/2021,15,672
28/05/2021,16,791
28/05/2021,17,464
28/05/2021,18,173
28/05/2021,19,160
28/05/2021,20,190
28/05/2021,21,214
28/05/2021,22,208
28/05/2021,23,245
28/05/2022,0,509
28/05/2022,1,360
28/05/2022,2,235
28/05/2022,3,154
28/05/2022,4,58
28/05/2022,5,110
28/05/2022,6,236
28/05/2022,7,357
28/05/2022,8,663
28/05/2022,9,1087
28/05/2022,10,1631
28/05/2022,11,2238
28/05/2022,12,2610
28/05/2022,13,2943
28/05/2022,14,2584
28/05/2022,15,2503
28/05/2022,16,2653
28/05/2022,17,2432
28/05/2022,18,2051
28/05/2022,19,1800
28/05/2022,20,1260
28/05/2022,21,1100
28/05/2022,22,1172
28/05/2022,23,1188
28/06/2020,0,428
28/06/2020,1,278
28/06/2020,2,184
28/06/2020,3,90
28/06/2020,4,58
28/06/2020,5,60
28/06/2020,6,118
28/06/2020,7,250
28/06/2020,8,414
28/06/2020,9,627
28/06/2020,10,982
28/06/2020,11,1264
28/06/2020,12,1611
28/06/2020,13,1763
28/06/2020,14,1949
28/06/2020,15,1709
28/06/2020,16,1695
28/06/2020,17,1658
28/06/2020,18,1574
28/06/2020,19,1342
28/06/2020,20,1020
28/06/2020,21,643
28/06/2020,22,413
28/06/2020,23,253
28/06/2021,0,257
28/06/2021,1,129
28/06/2021,2,101
28/06/2021,3,45
28/06/2021,4,68
28/06/2021,5,174
28/06/2021,6,447
28/06/2021,7,755
28/06/2021,8,1002
28/06/2021,9,637
28/06/2021,10,611
28/06/2021,11,845
28/06/2021,12,988
28/06/2021,13,1060
28/06/2021,14,1082
28/06/2021,15,503
28/06/2021,16,657
28/06/2021,17,1607
28/06/2021,18,1742
28/06/2021,19,1405
28/06/2021,20,915
28/06/2021,21,585
28/06/2021,22,445
28/06/2021,23,266
28/06/2022,0,195
28/06/2022,1,90
28/06/2022,2,70
28/06/2022,3,37
28/06/2022,4,91
28/06/2022,5,230
28/06/2022,6,722
28/06/2022,7,1367
28/06/2022,8,1380
28/06/2022,9,888
28/06/2022,10,751
28/06/2022,11,1009
28/06/2022,12,1149
28/06/2022,13,1237
28/06/2022,14,1220
28/06/2022,15,1557
28/06/2022,16,2231
28/06/2022,17,2873
28/06/2022,18,2557
28/06/2022,19,1957
28/06/2022,20,1505
28/06/2022,21,1173
28/06/2022,22,958
28/06/2022,23,460
28/07/2019,0,324
28/07/2019,1,185
28/07/2019,2,118
28/07/2019,3,56
28/07/2019,4,37
28/07/2019,5,67
28/07/2019,6,127
28/07/2019,7,244
28/07/2019,8,471
28/07/2019,9,775
28/07/2019,10,1070
28/07/2019,11,1218
28/07/2019,12,1483
28/07/2019,13,1477
28/07/2019,14,1466
28/07/2019,15,1435
28/07/2019,16,1507
28/07/2019,17,1464
28/07/2019,18,1207
28/07/2019,19,1145
28/07/2019,20,822
28/07/2019,21,508
28/07/2019,22,342
28/07/2019,23,194
28/07/2020,0,176
28/07/2020,1,79
28/07/2020,2,42
28/07/2020,3,17
28/07/2020,4,41
28/07/2020,5,196
28/07/2020,6,488
28/07/2020,7,751
28/07/2020,8,795
28/07/2020,9,640
28/07/2020,10,562
28/07/2020,11,675
28/07/2020,12,797
28/07/2020,13,780
28/07/2020,14,867
28/07/2020,15,914
28/07/2020,16,1403
28/07/2020,17,2054
28/07/2020,18,2100
28/07/2020,19,1706
28/07/2020,20,1285
28/07/2020,21,908
28/07/2020,22,572
28/07/2020,23,334
28/07/2021,0,279
28/07/2021,1,114
28/07/2021,2,68
28/07/2021,3,59
28/07/2021,4,68
28/07/2021,5,126
28/07/2021,6,558
28/07/2021,7,1112
28/07/2021,8,1264
28/07/2021,9,873
28/07/2021,10,797
28/07/2021,11,1009
28/07/2021,12,1162
28/07/2021,13,1144
28/07/2021,14,1123
28/07/2021,15,1410
28/07/2021,16,1997
28/07/2021,17,3104
28/07/2021,18,2712
28/07/2021,19,2194
28/07/2021,20,1659
28/07/2021,21,1375
28/07/2021,22,1215
28/07/2021,23,729
28/07/2022,0,333
28/07/2022,1,134
28/07/2022,2,83
28/07/2022,3,55
28/07/2022,4,48
28/07/2022,5,204
28/07/2022,6,616
28/07/2022,7,1065
28/07/2022,8,1364
28/07/2022,9,925
28/07/2022,10,899
28/07/2022,11,1106
28/07/2022,12,1307
28/07/2022,13,1381
28/07/2022,14,1400
28/07/2022,15,1743
28/07/2022,16,2328
28/07/2022,17,3052
28/07/2022,18,2669
28/07/2022,19,2147
28/07/2022,20,1715
28/07/2022,21,1369
28/07/2022,22,1142
28/07/2022,23,729
28/08/2019,0,63
28/08/2019,1,35
28/08/2019,2,16
28/08/2019,3,16
28/08/2019,4,34
28/08/2019,5,214
28/08/2019,6,712
28/08/2019,7,1571
28/08/2019,8,1754
28/08/2019,9,740
28/08/2019,10,549
28/08/2019,11,681
28/08/2019,12,874
28/08/2019,13,772
28/08/2019,14,834
28/08/2019,15,967
28/08/2019,16,1968
28/08/2019,17,2781
28/08/2019,18,1926
28/08/2019,19,1244
28/08/2019,20,769
28/08/2019,21,586
28/08/2019,22,400
28/08/2019,23,171
28/08/2020,0,227
28/08/2020,1,101
28/08/2020,2,61
28/08/2020,3,27
28/08/2020,4,36
28/08/2020,5,151
28/08/2020,6,461
28/08/2020,7,821
28/08/2020,8,814
28/08/2020,9,647
28/08/2020,10,727
28/08/2020,11,917
28/08/2020,12,1076
28/08/2020,13,1125
28/08/2020,14,1137
28/08/2020,15,1296
28/08/2020,16,1612
28/08/2020,17,1895
28/08/2020,18,1939
28/08/2020,19,1655
28/08/2020,20,1111
28/08/2020,21,703
28/08/2020,22,765
28/08/2020,23,595
28/08/2021,0,763
28/08/2021,1,619
28/08/2021,2,339
28/08/2021,3,170
28/08/2021,4,127
28/08/2021,5,149
28/08/2021,6,244
28/08/2021,7,452
28/08/2021,8,811
28/08/2021,9,1268
28/08/2021,10,1689
28/08/2021,11,2082
28/08/2021,12,2308
28/08/2021,13,2284
28/08/2021,14,2258
28/08/2021,15,2209
28/08/2021,16,2439
28/08/2021,17,2195
28/08/2021,18,2064
28/08/2021,19,1692
28/08/2021,20,1343
28/08/2021,21,1147
28/08/2021,22,1043
28/08/2021,23,1040
28/08/2022,0,770
28/08/2022,1,542
28/08/2022,2,347
28/08/2022,3,216
28/08/2022,4,211
28/08/2022,5,204
28/08/2022,6,293
28/08/2022,7,436
28/08/2022,8,701
28/08/2022,9,1062
28/08/2022,10,1426
28/08/2022,11,1891
28/08/2022,12,2006
28/08/2022,13,2174
28/08/2022,14,1989
28/08/2022,15,1836
28/08/2022,16,1825
28/08/2022,17,1494
28/08/2022,18,1079
28/08/2022,19,967
28/08/2022,20,713
28/08/2022,21,643
28/08/2022,22,454
28/08/2022,23,305
28/09/2019,0,54
28/09/2019,1,30
28/09/2019,2,25
28/09/2019,3,16
28/09/2019,4,17
28/09/2019,5,26
28/09/2019,6,41
28/09/2019,7,122
28/09/2019,8,243
28/09/2019,9,356
28/09/2019,10,494
28/09/2019,11,724
28/09/2019,12,820
28/09/2019,13,764
28/09/2019,14,774
28/09/2019,15,823
28/09/2019,16,817
28/09/2019,17,755
28/09/2019,18,722
28/09/2019,19,508
28/09/2019,20,347
28/09/2019,21,314
28/09/2019,22,314
28/09/2019,23,256
28/09/2020,0,42
28/09/2020,1,26
28/09/2020,2,9
28/09/2020,3,6
28/09/2020,4,9
28/09/2020,5,87
28/09/2020,6,283
28/09/2020,7,485
28/09/2020,8,508
28/09/2020,9,410
28/09/2020,10,428
28/09/2020,11,500
28/09/2020,12,606
28/09/2020,13,705
28/09/2020,14,646
28/09/2020,15,725
28/09/2020,16,913
28/09/2020,17,1420
28/09/2020,18,1378
28/09/2020,19,764
28/09/2020,20,473
28/09/2020,21,300
28/09/2020,22,268
28/09/2020,23,119
28/09/2021,0,134
28/09/2021,1,80
28/09/2021,2,63
28/09/2021,3,32
28/09/2021,4,42
28/09/2021,5,226
28/09/2021,6,653
28/09/2021,7,1261
28/09/2021,8,1390
28/09/2021,9,864
28/09/2021,10,715
28/09/2021,11,960
28/09/2021,12,1113
28/09/2021,13,1184
28/09/2021,14,1155
28/09/2021,15,1348
28/09/2021,16,2043
28/09/2021,17,2810
28/09/2021,18,2237
28/09/2021,19,1572
28/09/2021,20,1082
28/09/2021,21,883
28/09/2021,22,595
28/09/2021,23,313
28/09/2022,0,144
28/09/2022,1,50
28/09/2022,2,24
28/09/2022,3,18
28/09/2022,4,39
28/09/2022,5,171
28/09/2022,6,531
28/09/2022,7,1141
28/09/2022,8,1420
28/09/2022,9,795
28/09/2022,10,648
28/09/2022,11,768
28/09/2022,12,932
28/09/2022,13,966
28/09/2022,14,931
28/09/2022,15,1238
28/09/2022,16,1906
28/09/2022,17,2498
28/09/2022,18,1855
28/09/2022,19,1201
28/09/2022,20,838
28/09/2022,21,778
28/09/2022,22,584
28/09/2022,23,322
28/10/2019,0,46
28/10/2019,1,15
28/10/2019,2,20
28/10/2019,3,5
28/10/2019,4,21
28/10/2019,5,167
28/10/2019,6,440
28/10/2019,7,1058
28/10/2019,8,1448
28/10/2019,9,554
28/10/2019,10,375
28/10/2019,11,422
28/10/2019,12,485
28/10/2019,13,456
28/10/2019,14,452
28/10/2019,15,580
28/10/2019,16,1273
28/10/2019,17,1787
28/10/2019,18,951
28/10/2019,19,537
28/10/2019,20,321
28/10/2019,21,204
28/10/2019,22,124
28/10/2019,23,39
28/10/2020,0,27
28/10/2020,1,12
28/10/2020,2,6
28/10/2020,3,7
28/10/2020,4,17
28/10/2020,5,93
28/10/2020,6,273
28/10/2020,7,470
28/10/2020,8,514
28/10/2020,9,388
28/10/2020,10,327
28/10/2020,11,478
28/10/2020,12,551
28/10/2020,13,611
28/10/2020,14,596
28/10/2020,15,670
28/10/2020,16,995
28/10/2020,17,1244
28/10/2020,18,955
28/10/2020,19,558
28/10/2020,20,331
28/10/2020,21,300
28/10/2020,22,154
28/10/2020,23,84
28/10/2021,0,154
28/10/2021,1,73
28/10/2021,2,34
28/10/2021,3,33
28/10/2021,4,37
28/10/2021,5,187
28/10/2021,6,476
28/10/2021,7,992
28/10/2021,8,1170
28/10/2021,9,722
28/10/2021,10,603
28/10/2021,11,685
28/10/2021,12,845
28/10/2021,13,590
28/10/2021,14,450
28/10/2021,15,540
28/10/2021,16,665
28/10/2021,17,798
28/10/2021,18,700
28/10/2021,19,441
28/10/2021,20,269
28/10/2021,21,405
28/10/2021,22,392
28/10/2021,23,251
28/10/2022,0,197
28/10/2022,1,93
28/10/2022,2,60
28/10/2022,3,35
28/10/2022,4,37
28/10/2022,5,131
28/10/2022,6,409
28/10/2022,7,714
28/10/2022,8,979
28/10/2022,9,708
28/10/2022,10,701
28/10/2022,11,839
28/10/2022,12,1089
28/10/2022,13,1149
28/10/2022,14,1141
28/10/2022,15,1494
28/10/2022,16,1713
28/10/2022,17,1855
28/10/2022,18,1497
28/10/2022,19,1024
28/10/2022,20,751
28/10/2022,21,527
28/10/2022,22,492
28/10/2022,23,471
28/11/2019,0,23
28/11/2019,1,19
28/11/2019,2,23
28/11/2019,3,6
28/11/2019,4,12
28/11/2019,5,13
28/11/2019,6,29
28/11/2019,7,58
28/11/2019,8,97
28/11/2019,9,123
28/11/2019,10,152
28/11/2019,11,146
28/11/2019,12,182
28/11/2019,13,134
28/11/2019,14,108
28/11/2019,15,108
28/11/2019,16,87
28/11/2019,17,49
28/11/2019,18,41
28/11/2019,19,41
28/11/2019,20,28
28/11/2019,21,46
28/11/2019,22,36
28/11/2019,23,14
28/11/2020,0,36
28/11/2020,1,32
28/11/2020,2,22
28/11/2020,3,10
28/11/2020,4,12
28/11/2020,5,25
28/11/2020,6,65
28/11/2020,7,88
28/11/2020,8,170
28/11/2020,9,247
28/11/2020,10,346
28/11/2020,11,586
28/11/2020,12,756
28/11/2020,13,831
28/11/2020,14,952
28/11/2020,15,927
28/11/2020,16,691
28/11/2020,17,406
28/11/2020,18,300
28/11/2020,19,230
28/11/2020,20,169
28/11/2020,21,141
28/11/2020,22,123
28/11/2020,23,80
28/11/2021,0,119
28/11/2021,1,102
28/11/2021,2,87
28/11/2021,3,57
28/11/2021,4,39
28/11/2021,5,47
28/11/2021,6,66
28/11/2021,7,94
28/11/2021,8,149
28/11/2021,9,267
28/11/2021,10,387
28/11/2021,11,447
28/11/2021,12,576
28/11/2021,13,574
28/11/2021,14,608
28/11/2021,15,593
28/11/2021,16,534
28/11/2021,17,451
28/11/2021,18,330
28/11/2021,19,281
28/11/2021,20,224
28/11/2021,21,177
28/11/2021,22,140
28/11/2021,23,93
28/11/2022,0,77
28/11/2022,1,35
28/11/2022,2,24
28/11/2022,3,17
28/11/2022,4,32
28/11/2022,5,110
28/11/2022,6,340
28/11/2022,7,584
28/11/2022,8,785
28/11/2022,9,455
28/11/2022,10,396
28/11/2022,11,442
28/11/2022,12,543
28/11/2022,13,514
28/11/2022,14,514
28/11/2022,15,706
28/11/2022,16,887
28/11/2022,17,1082
28/11/2022,18,839
28/11/2022,19,523
28/11/2022,20,389
28/11/2022,21,287
28/11/2022,22,206
28/11/2022,23,106
28/12/2019,0,60
28/12/2019,1,27
28/12/2019,2,24
28/12/2019,3,11
28/12/2019,4,12
28/12/2019,5,15
28/12/2019,6,28
28/12/2019,7,54
28/12/2019,8,104
28/12/2019,9,145
28/12/2019,10,232
28/12/2019,11,212
28/12/2019,12,240
28/12/2019,13,236
28/12/2019,14,236
28/12/2019,15,243
28/12/2019,16,209
28/12/2019,17,182
28/12/2019,18,159
28/12/2019,19,136
28/12/2019,20,98
28/12/2019,21,48
28/12/2019,22,26
28/12/2019,23,31
28/12/2020,0,25
28/12/2020,1,6
28/12/2020,2,6
28/12/2020,3,3
28/12/2020,4,7
28/12/2020,5,39
28/12/2020,6,97
28/12/2020,7,153
28/12/2020,8,153
28/12/2020,9,176
28/12/2020,10,174
28/12/2020,11,245
28/12/2020,12,296
28/12/2020,13,297
28/12/2020,14,316
28/12/2020,15,381
28/12/2020,16,357
28/12/2020,17,298
28/12/2020,18,243
28/12/2020,19,153
28/12/2020,20,105
28/12/2020,21,70
28/12/2020,22,40
28/12/2020,23,17
28/12/2021,0,35
28/12/2021,1,21
28/12/2021,2,15
28/12/2021,3,11
28/12/2021,4,17
28/12/2021,5,62
28/12/2021,6,127
28/12/2021,7,215
28/12/2021,8,246
28/12/2021,9,190
28/12/2021,10,197
28/12/2021,11,212
28/12/2021,12,120
28/12/2021,13,99
28/12/2021,14,100
28/12/2021,15,111
28/12/2021,16,144
28/12/2021,17,201
28/12/2021,18,172
28/12/2021,19,134
28/12/2021,20,126
28/12/2021,21,120
28/12/2021,22,98
28/12/2021,23,57
28/12/2022,0,34
28/12/2022,1,18
28/12/2022,2,12
28/12/2022,3,3
28/12/2022,4,20
28/12/2022,5,50
28/12/2022,6,113
28/12/2022,7,175
28/12/2022,8,190
28/12/2022,9,154
28/12/2022,10,149
28/12/2022,11,221
28/12/2022,12,234
28/12/2022,13,248
28/12/2022,14,267
28/12/2022,15,376
28/12/2022,16,401
28/12/2022,17,403
28/12/2022,18,297
28/12/2022,19,221
28/12/2022,20,156
28/12/2022,21,131
28/12/2022,22,117
28/12/2022,23,86
29/01/2019,0,6
29/01/2019,1,2
29/01/2019,4,3
29/01/2019,5,24
29/01/2019,6,74
29/01/2019,7,84
29/01/2019,8,147
29/01/2019,9,80
29/01/2019,10,31
29/01/2019,11,41
29/01/2019,12,45
29/01/2019,13,37
29/01/2019,14,50
29/01/2019,15,64
29/01/2019,16,107
29/01/2019,17,107
29/01/2019,18,72
29/01/2019,19,22
29/01/2019,20,26
29/01/2019,21,10
29/01/2019,22,6
29/01/2019,23,3
29/01/2020,0,9
29/01/2020,1,12
29/01/2020,2,3
29/01/2020,3,1
29/01/2020,4,18
29/01/2020,5,113
29/01/2020,6,324
29/01/2020,7,679
29/01/2020,8,852
29/01/2020,9,348
29/01/2020,10,152
29/01/2020,11,161
29/01/2020,12,220
29/01/2020,13,193
29/01/2020,14,177
29/01/2020,15,304
29/01/2020,16,652
29/01/2020,17,922
29/01/2020,18,484
29/01/2020,19,369
29/01/2020,20,186
29/01/2020,21,143
29/01/2020,22,88
29/01/2020,23,45
29/01/2021,0,12
29/01/2021,1,3
29/01/2021,2,4
29/01/2021,3,4
29/01/2021,4,7
29/01/2021,5,33
29/01/2021,6,118
29/01/2021,7,146
29/01/2021,8,174
29/01/2021,9,125
29/01/2021,10,160
29/01/2021,11,187
29/01/2021,12,219
29/01/2021,13,209
29/01/2021,14,192
29/01/2021,15,265
29/01/2021,16,283
29/01/2021,17,330
29/01/2021,18,295
29/01/2021,19,220
29/01/2021,20,110
29/01/2021,21,55
29/01/2021,22,59
29/01/2021,23,58
29/01/2022,0,42
29/01/2022,1,31
29/01/2022,2,24
29/01/2022,3,9
29/01/2022,4,14
29/01/2022,5,12
29/01/2022,6,28
29/01/2022,7,50
29/01/2022,8,83
29/01/2022,9,99
29/01/2022,10,148
29/01/2022,11,163
29/01/2022,12,212
29/01/2022,13,191
29/01/2022,14,198
29/01/2022,15,210
29/01/2022,16,206
29/01/2022,17,145
29/01/2022,18,152
29/01/2022,19,101
29/01/2022,20,70
29/01/2022,21,61
29/01/2022,22,60
29/01/2022,23,48
29/02/2020,0,29
29/02/2020,1,21
29/02/2020,2,7
29/02/2020,3,5
29/02/2020,4,5
29/02/2020,5,12
29/02/2020,6,33
29/02/2020,7,92
29/02/2020,8,128
29/02/2020,9,193
29/02/2020,10,265
29/02/2020,11,296
29/02/2020,12,314
29/02/2020,13,297
29/02/2020,14,383
29/02/2020,15,346
29/02/2020,16,344
29/02/2020,17,301
29/02/2020,18,169
29/02/2020,19,139
29/02/2020,20,75
29/02/2020,21,72
29/02/2020,22,64
29/02/2020,23,47
29/03/2019,0,28
29/03/2019,1,17
29/03/2019,2,8
29/03/2019,3,4
29/03/2019,4,21
29/03/2019,5,80
29/03/2019,6,281
29/03/2019,7,683
29/03/2019,8,875
29/03/2019,9,393
29/03/2019,10,268
29/03/2019,11,335
29/03/2019,12,388
29/03/2019,13,381
29/03/2019,14,443
29/03/2019,15,593
29/03/2019,16,885
29/03/2019,17,992
29/03/2019,18,528
29/03/2019,19,270
29/03/2019,20,96
29/03/2019,21,29
29/03/2019,22,26
29/03/2019,23,26
29/03/2020,0,8
29/03/2020,1,12
29/03/2020,2,9
29/03/2020,3,4
29/03/2020,4,4
29/03/2020,5,7
29/03/2020,6,26
29/03/2020,7,29
29/03/2020,8,42
29/03/2020,9,54
29/03/2020,10,80
29/03/2020,11,108
29/03/2020,12,156
29/03/2020,13,155
29/03/2020,14,132
29/03/2020,15,133
29/03/2020,16,109
29/03/2020,17,141
29/03/2020,18,95
29/03/2020,19,63
29/03/2020,20,43
29/03/2020,21,27
29/03/2020,22,15
29/03/2020,23,9
29/03/2021,0,33
29/03/2021,1,29
29/03/2021,2,7
29/03/2021,3,7
29/03/2021,4,21
29/03/2021,5,74
29/03/2021,6,202
29/03/2021,7,336
29/03/2021,8,337
29/03/2021,9,259
29/03/2021,10,289
29/03/2021,11,451
29/03/2021,12,581
29/03/2021,13,566
29/03/2021,14,610
29/03/2021,15,702
29/03/2021,16,948
29/03/2021,17,1232
29/03/2021,18,989
29/03/2021,19,607
29/03/2021,20,324
29/03/2021,21,222
29/03/2021,22,133
29/03/2021,23,68
29/03/2022,0,44
29/03/2022,1,16
29/03/2022,2,7
29/03/2022,3,10
29/03/2022,4,19
29/03/2022,5,119
29/03/2022,6,266
29/03/2022,7,587
29/03/2022,8,703
29/03/2022,9,406
29/03/2022,10,336
29/03/2022,11,335
29/03/2022,12,466
29/03/2022,13,427
29/03/2022,14,411
29/03/2022,15,572
29/03/2022,16,813
29/03/2022,17,993
29/03/2022,18,773
29/03/2022,19,525
29/03/2022,20,338
29/03/2022,21,278
29/03/2022,22,195
29/03/2022,23,106
29/04/2020,0,5
29/04/2020,1,3
29/04/2020,2,3
29/04/2020,3,3
29/04/2020,4,1
29/04/2020,5,7
29/04/2020,6,31
29/04/2020,7,40
29/04/2020,8,30
29/04/2020,9,19
29/04/2020,10,21
29/04/2020,11,35
29/04/2020,12,38
29/04/2020,13,28
29/04/2020,14,31
29/04/2020,15,57
29/04/2020,16,42
29/04/2020,17,66
29/04/2020,18,80
29/04/2020,19,63
29/04/2020,20,14
29/04/2020,21,12
29/04/2020,22,11
29/04/2020,23,5
29/04/2021,0,61
29/04/2021,1,18
29/04/2021,2,9
29/04/2021,3,19
29/04/2021,4,20
29/04/2021,5,75
29/04/2021,6,259
29/04/2021,7,489
29/04/2021,8,369
29/04/2021,9,210
29/04/2021,10,163
29/04/2021,11,291
29/04/2021,12,413
29/04/2021,13,456
29/04/2021,14,557
29/04/2021,15,704
29/04/2021,16,990
29/04/2021,17,1415
29/04/2021,18,1372
29/04/2021,19,712
29/04/2021,20,382
29/04/2021,21,351
29/04/2021,22,291
29/04/2021,23,243
29/04/2022,0,104
29/04/2022,1,100
29/04/2022,2,40
29/04/2022,3,52
29/04/2022,4,34
29/04/2022,5,135
29/04/2022,6,374
29/04/2022,7,681
29/04/2022,8,784
29/04/2022,9,560
29/04/2022,10,525
29/04/2022,11,792
29/04/2022,12,990
29/04/2022,13,1006
29/04/2022,14,1132
29/04/2022,15,1283
29/04/2022,16,1501
29/04/2022,17,1802
29/04/2022,18,1267
29/04/2022,19,899
29/04/2022,20,410
29/04/2022,21,437
29/04/2022,22,507
29/04/2022,23,537
29/05/2020,0,32
29/05/2020,1,17
29/05/2020,2,10
29/05/2020,3,9
29/05/2020,4,10
29/05/2020,5,50
29/05/2020,6,164
29/05/2020,7,257
29/05/2020,8,324
29/05/2020,9,280
29/05/2020,10,371
29/05/2020,11,451
29/05/2020,12,541
29/05/2020,13,663
29/05/2020,14,660
29/05/2020,15,740
29/05/2020,16,961
29/05/2020,17,1243
29/05/2020,18,1246
29/05/2020,19,1008
29/05/2020,20,676
29/05/2020,21,337
29/05/2020,22,275
29/05/2020,23,255
29/05/2021,0,245
29/05/2021,1,231
29/05/2021,2,134
29/05/2021,3,55
29/05/2021,4,52
29/05/2021,5,59
29/05/2021,6,129
29/05/2021,7,271
29/05/2021,8,443
29/05/2021,9,726
29/05/2021,10,1169
29/05/2021,11,1573
29/05/2021,12,1928
29/05/2021,13,2009
29/05/2021,14,1884
29/05/2021,15,1751
29/05/2021,16,1928
29/05/2021,17,1853
29/05/2021,18,1460
29/05/2021,19,1141
29/05/2021,20,923
29/05/2021,21,655
29/05/2021,22,580
29/05/2021,23,613
29/05/2022,0,1047
29/05/2022,1,510
29/05/2022,2,270
29/05/2022,3,140
29/05/2022,4,88
29/05/2022,5,117
29/05/2022,6,139
29/05/2022,7,299
29/05/2022,8,557
29/05/2022,9,974
29/05/2022,10,1529
29/05/2022,11,2147
29/05/2022,12,2563
29/05/2022,13,2689
29/05/2022,14,2722
29/05/2022,15,2651
29/05/2022,16,2768
29/05/2022,17,2627
29/05/2022,18,2469
29/05/2022,19,2181
29/05/2022,20,1467
29/05/2022,21,996
29/05/2022,22,1215
29/05/2022,23,1212
29/06/2020,0,133
29/06/2020,1,74
29/06/2020,2,50
29/06/2020,3,19
29/06/2020,4,21
29/06/2020,5,103
29/06/2020,6,337
29/06/2020,7,557
29/06/2020,8,563
29/06/2020,9,442
29/06/2020,10,509
29/06/2020,11,629
29/06/2020,12,726
29/06/2020,13,679
29/06/2020,14,499
29/06/2020,15,701
29/06/2020,16,604
29/06/2020,17,816
29/06/2020,18,623
29/06/2020,19,429
29/06/2020,20,279
29/06/2020,21,251
29/06/2020,22,189
29/06/2020,23,162
29/06/2021,0,136
29/06/2021,1,112
29/06/2021,2,72
29/06/2021,3,32
29/06/2021,4,65
29/06/2021,5,203
29/06/2021,6,510
29/06/2021,7,326
29/06/2021,8,513
29/06/2021,9,437
29/06/2021,10,135
29/06/2021,11,421
29/06/2021,12,752
29/06/2021,13,891
29/06/2021,14,1063
29/06/2021,15,1170
29/06/2021,16,1626
29/06/2021,17,2347
29/06/2021,18,2342
29/06/2021,19,1758
29/06/2021,20,1031
29/06/2021,21,821
29/06/2021,22,602
29/06/2021,23,362
29/06/2022,0,231
29/06/2022,1,142
29/06/2022,2,73
29/06/2022,3,47
29/06/2022,4,46
29/06/2022,5,247
29/06/2022,6,704
29/06/2022,7,1249
29/06/2022,8,1400
29/06/2022,9,894
29/06/2022,10,726
29/06/2022,11,909
29/06/2022,12,1106
29/06/2022,13,1173
29/06/2022,14,1266
29/06/2022,15,1617
29/06/2022,16,2320
29/06/2022,17,2988
29/06/2022,18,2824
29/06/2022,19,2091
29/06/2022,20,1637
29/06/2022,21,1480
29/06/2022,22,1082
29/06/2022,23,631
29/07/2019,0,73
29/07/2019,1,47
29/07/2019,2,24
29/07/2019,3,21
29/07/2019,4,31
29/07/2019,5,192
29/07/2019,6,484
29/07/2019,7,1166
29/07/2019,8,1377
29/07/2019,9,424
29/07/2019,10,320
29/07/2019,11,441
29/07/2019,12,452
29/07/2019,13,266
29/07/2019,14,526
29/07/2019,15,825
29/07/2019,16,1241
29/07/2019,17,2469
29/07/2019,18,1681
29/07/2019,19,1232
29/07/2019,20,808
29/07/2019,21,505
29/07/2019,22,290
29/07/2019,23,178
29/07/2020,0,187
29/07/2020,1,81
29/07/2020,2,55
29/07/2020,3,38
29/07/2020,4,37
29/07/2020,5,150
29/07/2020,6,470
29/07/2020,7,698
29/07/2020,8,774
29/07/2020,9,587
29/07/2020,10,552
29/07/2020,11,658
29/07/2020,12,820
29/07/2020,13,751
29/07/2020,14,719
29/07/2020,15,878
29/07/2020,16,1183
29/07/2020,17,1727
29/07/2020,18,1752
29/07/2020,19,1307
29/07/2020,20,656
29/07/2020,21,566
29/07/2020,22,524
29/07/2020,23,313
29/07/2021,0,318
29/07/2021,1,188
29/07/2021,2,92
29/07/2021,3,20
29/07/2021,4,37
29/07/2021,5,163
29/07/2021,6,551
29/07/2021,7,1017
29/07/2021,8,1233
29/07/2021,9,896
29/07/2021,10,921
29/07/2021,11,1161
29/07/2021,12,1372
29/07/2021,13,1272
29/07/2021,14,1249
29/07/2021,15,1483
29/07/2021,16,2125
29/07/2021,17,2613
29/07/2021,18,2560
29/07/2021,19,2044
29/07/2021,20,1586
29/07/2021,21,1376
29/07/2021,22,1280
29/07/2021,23,1003
29/07/2022,0,378
29/07/2022,1,332
29/07/2022,2,165
29/07/2022,3,94
29/07/2022,4,65
29/07/2022,5,212
29/07/2022,6,699
29/07/2022,7,936
29/07/2022,8,1158
29/07/2022,9,985
29/07/2022,10,1126
29/07/2022,11,1384
29/07/2022,12,1726
29/07/2022,13,1889
29/07/2022,14,2028
29/07/2022,15,2143
29/07/2022,16,2523
29/07/2022,17,2743
29/07/2022,18,2430
29/07/2022,19,1840
29/07/2022,20,1694
29/07/2022,21,1258
29/07/2022,22,1407
29/07/2022,23,1108
29/08/2019,0,96
29/08/2019,1,30
29/08/2019,2,22
29/08/2019,3,23
29/08/2019,4,49
29/08/2019,5,175
29/08/2019,6,643
29/08/2019,7,1482
29/08/2019,8,1709
29/08/2019,9,694
29/08/2019,10,551
29/08/2019,11,749
29/08/2019,12,863
29/08/2019,13,845
29/08/2019,14,790
29/08/2019,15,1068
29/08/2019,16,1843
29/08/2019,17,2625
29/08/2019,18,1735
29/08/2019,19,1242
29/08/2019,20,745
29/08/2019,21,615
29/08/2019,22,505
29/08/2019,23,229
29/08/2020,0,431
29/08/2020,1,285
29/08/2020,2,124
29/08/2020,3,74
29/08/2020,4,34
29/08/2020,5,83
29/08/2020,6,199
29/08/2020,7,392
29/08/2020,8,661
29/08/2020,9,1146
29/08/2020,10,1675
29/08/2020,11,1786
29/08/2020,12,2115
29/08/2020,13,2440
29/08/2020,14,2364
29/08/2020,15,2285
29/08/2020,16,2208
29/08/2020,17,2174
29/08/2020,18,2200
29/08/2020,19,1857
29/08/2020,20,1145
29/08/2020,21,895
29/08/2020,22,875
29/08/2020,23,849
29/08/2021,0,855
29/08/2021,1,655
29/08/2021,2,447
29/08/2021,3,261
29/08/2021,4,180
29/08/2021,5,211
29/08/2021,6,284
29/08/2021,7,439
29/08/2021,8,638
29/08/2021,9,709
29/08/2021,10,1211
29/08/2021,11,1687
29/08/2021,12,1917
29/08/2021,13,1907
29/08/2021,14,1862
29/08/2021,15,1909
29/08/2021,16,1578
29/08/2021,17,1440
29/08/2021,18,1433
29/08/2021,19,1398
29/08/2021,20,938
29/08/2021,21,672
29/08/2021,22,486
29/08/2021,23,437
29/08/2022,0,205
29/08/2022,1,153
29/08/2022,2,71
29/08/2022,3,46
29/08/2022,4,64
29/08/2022,5,195
29/08/2022,6,620
29/08/2022,7,1195
29/08/2022,8,1339
29/08/2022,9,872
29/08/2022,10,733
29/08/2022,11,1006
29/08/2022,12,854
29/08/2022,13,296
29/08/2022,14,340
29/08/2022,15,926
29/08/2022,16,1547
29/08/2022,17,2359
29/08/2022,18,2114
29/08/2022,19,1541
29/08/2022,20,944
29/08/2022,21,696
29/08/2022,22,478
29/08/2022,23,248
29/09/2019,0,197
29/09/2019,1,129
29/09/2019,2,97
29/09/2019,3,49
29/09/2019,4,15
29/09/2019,5,11
29/09/2019,6,12
29/09/2019,7,79
29/09/2019,8,135
29/09/2019,9,136
29/09/2019,10,334
29/09/2019,11,503
29/09/2019,12,704
29/09/2019,13,765
29/09/2019,14,853
29/09/2019,15,875
29/09/2019,16,727
29/09/2019,17,759
29/09/2019,18,809
29/09/2019,19,362
29/09/2019,20,262
29/09/2019,21,214
29/09/2019,22,155
29/09/2019,23,100
29/09/2020,0,56
29/09/2020,1,34
29/09/2020,2,17
29/09/2020,3,7
29/09/2020,4,27
29/09/2020,5,118
29/09/2020,6,436
29/09/2020,7,749
29/09/2020,8,799
29/09/2020,9,557
29/09/2020,10,543
29/09/2020,11,681
29/09/2020,12,829
29/09/2020,13,781
29/09/2020,14,767
29/09/2020,15,931
29/09/2020,16,1300
29/09/2020,17,1865
29/09/2020,18,1593
29/09/2020,19,940
29/09/2020,20,437
29/09/2020,21,336
29/09/2020,22,325
29/09/2020,23,166
29/09/2021,0,198
29/09/2021,1,77
29/09/2021,2,59
29/09/2021,3,33
29/09/2021,4,69
29/09/2021,5,224
29/09/2021,6,648
29/09/2021,7,1294
29/09/2021,8,1487
29/09/2021,9,949
29/09/2021,10,711
29/09/2021,11,924
29/09/2021,12,1107
29/09/2021,13,1107
29/09/2021,14,1160
29/09/2021,15,1471
29/09/2021,16,1948
29/09/2021,17,2816
29/09/2021,18,2489
29/09/2021,19,1652
29/09/2021,20,1128
29/09/2021,21,933
29/09/2021,22,746
29/09/2021,23,415
29/09/2022,0,188
29/09/2022,1,101
29/09/2022,2,38
29/09/2022,3,34
29/09/2022,4,41
29/09/2022,5,175
29/09/2022,6,569
29/09/2022,7,1165
29/09/2022,8,1416
29/09/2022,9,871
29/09/2022,10,682
29/09/2022,11,816
29/09/2022,12,1055
29/09/2022,13,1021
29/09/2022,14,1037
29/09/2022,15,1415
29/09/2022,16,2012
29/09/2022,17,2515
29/09/2022,18,2108
29/09/2022,19,1396
29/09/2022,20,887
29/09/2022,21,753
29/09/2022,22,689
29/09/2022,23,455
29/10/2019,0,29
29/10/2019,1,13
29/10/2019,2,7
29/10/2019,3,3
29/10/2019,4,11
29/10/2019,5,95
29/10/2019,6,372
29/10/2019,7,771
29/10/2019,8,1099
29/10/2019,9,464
29/10/2019,10,266
29/10/2019,11,286
29/10/2019,12,353
29/10/2019,13,354
29/10/2019,14,311
29/10/2019,15,485
29/10/2019,16,1125
29/10/2019,17,1605
29/10/2019,18,901
29/10/2019,19,508
29/10/2019,20,375
29/10/2019,21,246
29/10/2019,22,118
29/10/2019,23,79
29/10/2020,0,46
29/10/2020,1,23
29/10/2020,2,19
29/10/2020,3,16
29/10/2020,4,17
29/10/2020,5,89
29/10/2020,6,258
29/10/2020,7,521
29/10/2020,8,517
29/10/2020,9,365
29/10/2020,10,316
29/10/2020,11,398
29/10/2020,12,474
29/10/2020,13,490
29/10/2020,14,443
29/10/2020,15,538
29/10/2020,16,651
29/10/2020,17,904
29/10/2020,18,724
29/10/2020,19,463
29/10/2020,20,317
29/10/2020,21,238
29/10/2020,22,197
29/10/2020,23,115
29/10/2021,0,175
29/10/2021,1,134
29/10/2021,2,70
29/10/2021,3,36
29/10/2021,4,41
29/10/2021,5,127
29/10/2021,6,187
29/10/2021,7,309
29/10/2021,8,369
29/10/2021,9,438
29/10/2021,10,272
29/10/2021,11,370
29/10/2021,12,484
29/10/2021,13,510
29/10/2021,14,271
29/10/2021,15,444
29/10/2021,16,530
29/10/2021,17,519
29/10/2021,18,515
29/10/2021,19,539
29/10/2021,20,303
29/10/2021,21,257
29/10/2021,22,261
29/10/2021,23,248
29/10/2022,0,415
29/10/2022,1,455
29/10/2022,2,271
29/10/2022,3,120
29/10/2022,4,65
29/10/2022,5,74
29/10/2022,6,137
29/10/2022,7,290
29/10/2022,8,501
29/10/2022,9,763
29/10/2022,10,1148
29/10/2022,11,1446
29/10/2022,12,1543
29/10/2022,13,1656
29/10/2022,14,1821
29/10/2022,15,1748
29/10/2022,16,1651
29/10/2022,17,1503
29/10/2022,18,1335
29/10/2022,19,1000
29/10/2022,20,762
29/10/2022,21,586
29/10/2022,22,535
29/10/2022,23,527
29/11/2019,0,18
29/11/2019,1,16
29/11/2019,2,7
29/11/2019,3,7
29/11/2019,4,7
29/11/2019,5,21
29/11/2019,6,66
29/11/2019,7,107
29/11/2019,8,127
29/11/2019,9,153
29/11/2019,10,185
29/11/2019,11,234
29/11/2019,12,273
29/11/2019,13,264
29/11/2019,14,273
29/11/2019,15,289
29/11/2019,16,271
29/11/2019,17,194
29/11/2019,18,147
29/11/2019,19,114
29/11/2019,20,89
29/11/2019,21,96
29/11/2019,22,71
29/11/2019,23,44
29/11/2020,0,72
29/11/2020,1,44
29/11/2020,2,33
29/11/2020,3,12
29/11/2020,4,15
29/11/2020,5,21
29/11/2020,6,55
29/11/2020,7,86
29/11/2020,8,108
29/11/2020,9,221
29/11/2020,10,291
29/11/2020,11,430
29/11/2020,12,541
29/11/2020,13,632
29/11/2020,14,628
29/11/2020,15,590
29/11/2020,16,503
29/11/2020,17,355
29/11/2020,18,288
29/11/2020,19,191
29/11/2020,20,125
29/11/2020,21,96
29/11/2020,22,74
29/11/2020,23,42
29/11/2021,0,54
29/11/2021,1,25
29/11/2021,2,12
29/11/2021,3,11
29/11/2021,4,26
29/11/2021,5,127
29/11/2021,6,321
29/11/2021,7,596
29/11/2021,8,705
29/11/2021,9,403
29/11/2021,10,362
29/11/2021,11,433
29/11/2021,12,515
29/11/2021,13,517
29/11/2021,14,501
29/11/2021,15,664
29/11/2021,16,844
29/11/2021,17,1034
29/11/2021,18,725
29/11/2021,19,474
29/11/2021,20,352
29/11/2021,21,280
29/11/2021,22,204
29/11/2021,23,146
29/11/2022,0,51
29/11/2022,1,38
29/11/2022,2,21
29/11/2022,3,17
29/11/2022,4,33
29/11/2022,5,130
29/11/2022,6,405
29/11/2022,7,846
29/11/2022,8,969
29/11/2022,9,578
29/11/2022,10,449
29/11/2022,11,494
29/11/2022,12,760
29/11/2022,13,585
29/11/2022,14,523
29/11/2022,15,915
29/11/2022,16,1166
29/11/2022,17,1428
29/11/2022,18,1004
29/11/2022,19,490
29/11/2022,20,315
29/11/2022,21,280
29/11/2022,22,217
29/11/2022,23,108
29/12/2019,0,7
29/12/2019,1,9
29/12/2019,2,6
29/12/2019,3,6
29/12/2019,4,10
29/12/2019,5,2
29/12/2019,6,15
29/12/2019,7,39
29/12/2019,8,79
29/12/2019,9,152
29/12/2019,10,251
29/12/2019,11,359
29/12/2019,12,412
29/12/2019,13,452
29/12/2019,14,458
29/12/2019,15,459
29/12/2019,16,364
29/12/2019,17,267
29/12/2019,18,255
29/12/2019,19,157
29/12/2019,20,75
29/12/2019,21,34
29/12/2019,22,19
29/12/2019,23,15
29/12/2020,0,27
29/12/2020,1,8
29/12/2020,2,6
29/12/2020,3,4
29/12/2020,4,14
29/12/2020,5,35
29/12/2020,6,110
29/12/2020,7,147
29/12/2020,8,173
29/12/2020,9,149
29/12/2020,10,178
29/12/2020,11,243
29/12/2020,12,263
29/12/2020,13,251
29/12/2020,14,300
29/12/2020,15,283
29/12/2020,16,219
29/12/2020,17,82
29/12/2020,18,58
29/12/2020,19,39
29/12/2020,20,20
29/12/2020,21,21
29/12/2020,22,17
29/12/2020,23,8
29/12/2021,0,48
29/12/2021,1,31
29/12/2021,2,29
29/12/2021,3,12
29/12/2021,4,24
29/12/2021,5,63
29/12/2021,6,122
29/12/2021,7,212
29/12/2021,8,241
29/12/2021,9,207
29/12/2021,10,232
29/12/2021,11,337
29/12/2021,12,445
29/12/2021,13,430
29/12/2021,14,446
29/12/2021,15,454
29/12/2021,16,508
29/12/2021,17,423
29/12/2021,18,353
29/12/2021,19,255
29/12/2021,20,206
29/12/2021,21,138
29/12/2021,22,97
29/12/2021,23,57
29/12/2022,0,85
29/12/2022,1,40
29/12/2022,2,34
29/12/2022,3,19
29/12/2022,4,21
29/12/2022,5,63
29/12/2022,6,136
29/12/2022,7,255
29/12/2022,8,289
29/12/2022,9,229
29/12/2022,10,251
29/12/2022,11,328
29/12/2022,12,424
29/12/2022,13,364
29/12/2022,14,462
29/12/2022,15,539
29/12/2022,16,641
29/12/2022,17,590
29/12/2022,18,468
29/12/2022,19,381
29/12/2022,20,224
29/12/2022,21,218
29/12/2022,22,200
29/12/2022,23,147
30/01/2019,0,1
30/01/2019,2,1
30/01/2019,5,2
30/01/2019,6,6
30/01/2019,7,8
30/01/2019,8,18
30/01/2019,9,6
30/01/2019,10,12
30/01/2019,11,7
30/01/2019,12,10
30/01/2019,13,6
30/01/2019,14,8
30/01/2019,15,15
30/01/2019,16,20
30/01/2019,17,17
30/01/2019,18,11
30/01/2019,19,8
30/01/2019,20,2
30/01/2019,21,4
30/01/2019,22,2
30/01/2019,23,1
30/01/2020,0,28
30/01/2020,1,5
30/01/2020,2,6
30/01/2020,3,6
30/01/2020,4,20
30/01/2020,5,115
30/01/2020,6,291
30/01/2020,7,634
30/01/2020,8,823
30/01/2020,9,327
30/01/2020,10,187
30/01/2020,11,172
30/01/2020,12,249
30/01/2020,13,201
30/01/2020,14,211
30/01/2020,15,319
30/01/2020,16,665
30/01/2020,17,925
30/01/2020,18,552
30/01/2020,19,346
30/01/2020,20,218
30/01/2020,21,146
30/01/2020,22,88
30/01/2020,23,42
30/01/2021,0,34
30/01/2021,1,21
30/01/2021,2,13
30/01/2021,3,10
30/01/2021,4,6
30/01/2021,5,11
30/01/2021,6,34
30/01/2021,7,75
30/01/2021,8,118
30/01/2021,9,172
30/01/2021,10,239
30/01/2021,11,263
30/01/2021,12,249
30/01/2021,13,269
30/01/2021,14,261
30/01/2021,15,175
30/01/2021,16,90
30/01/2021,17,60
30/01/2021,18,32
30/01/2021,19,34
30/01/2021,20,14
30/01/2021,21,21
30/01/2021,22,9
30/01/2021,23,10
30/01/2022,0,62
30/01/2022,1,44
30/01/2022,2,31
30/01/2022,3,13
30/01/2022,4,11
30/01/2022,5,12
30/01/2022,6,22
30/01/2022,7,44
30/01/2022,8,78
30/01/2022,9,137
30/01/2022,10,169
30/01/2022,11,192
30/01/2022,12,214
30/01/2022,13,221
30/01/2022,14,201
30/01/2022,15,186
30/01/2022,16,173
30/01/2022,17,187
30/01/2022,18,149
30/01/2022,19,117
30/01/2022,20,99
30/01/2022,21,90
30/01/2022,22,48
30/01/2022,23,37
30/03/2019,0,10
30/03/2019,1,9
30/03/2019,2,5
30/03/2019,3,6
30/03/2019,4,2
30/03/2019,5,9
30/03/2019,6,24
30/03/2019,7,94
30/03/2019,8,166
30/03/2019,9,248
30/03/2019,10,334
30/03/2019,11,326
30/03/2019,12,316
30/03/2019,13,373
30/03/2019,14,335
30/03/2019,15,266
30/03/2019,16,263
30/03/2019,17,204
30/03/2019,18,152
30/03/2019,19,132
30/03/2019,20,79
30/03/2019,21,67
30/03/2019,22,65
30/03/2019,23,44
30/03/2020,0,4
30/03/2020,1,3
30/03/2020,2,2
30/03/2020,3,3
30/03/2020,4,6
30/03/2020,5,21
30/03/2020,6,59
30/03/2020,7,85
30/03/2020,8,100
30/03/2020,9,70
30/03/2020,10,80
30/03/2020,11,112
30/03/2020,12,158
30/03/2020,13,157
30/03/2020,14,133
30/03/2020,15,125
30/03/2020,16,195
30/03/2020,17,221
30/03/2020,18,165
30/03/2020,19,127
30/03/2020,20,57
30/03/2020,21,27
30/03/2020,22,13
30/03/2020,23,15
30/03/2021,0,61
30/03/2021,1,18
30/03/2021,2,11
30/03/2021,3,5
30/03/2021,4,14
30/03/2021,5,75
30/03/2021,6,229
30/03/2021,7,395
30/03/2021,8,433
30/03/2021,9,358
30/03/2021,10,346
30/03/2021,11,494
30/03/2021,12,595
30/03/2021,13,688
30/03/2021,14,716
30/03/2021,15,854
30/03/2021,16,1023
30/03/2021,17,1262
30/03/2021,18,942
30/03/2021,19,592
30/03/2021,20,316
30/03/2021,21,209
30/03/2021,22,147
30/03/2021,23,125
30/03/2022,0,57
30/03/2022,1,37
30/03/2022,2,13
30/03/2022,3,9
30/03/2022,4,22
30/03/2022,5,130
30/03/2022,6,324
30/03/2022,7,698
30/03/2022,8,839
30/03/2022,9,572
30/03/2022,10,307
30/03/2022,11,140
30/03/2022,12,133
30/03/2022,13,99
30/03/2022,14,146
30/03/2022,15,225
30/03/2022,16,358
30/03/2022,17,459
30/03/2022,18,307
30/03/2022,19,181
30/03/2022,20,128
30/03/2022,21,106
30/03/2022,22,148
30/03/2022,23,116
30/04/2020,0,4
30/04/2020,1,4
30/04/2020,2,4
30/04/2020,3,6
30/04/2020,4,7
30/04/2020,5,3
30/04/2020,6,34
30/04/2020,7,58
30/04/2020,8,85
30/04/2020,9,73
30/04/2020,10,72
30/04/2020,11,94
30/04/2020,12,116
30/04/2020,13,106
30/04/2020,14,137
30/04/2020,15,200
30/04/2020,16,271
30/04/2020,17,406
30/04/2020,18,377
30/04/2020,19,276
30/04/2020,20,107
30/04/2020,21,52
30/04/2020,22,43
30/04/2020,23,32
30/04/2021,0,113
30/04/2021,1,46
30/04/2021,2,24
30/04/2021,3,14
30/04/2021,4,23
30/04/2021,5,127
30/04/2021,6,302
30/04/2021,7,534
30/04/2021,8,577
30/04/2021,9,439
30/04/2021,10,428
30/04/2021,11,558
30/04/2021,12,653
30/04/2021,13,664
30/04/2021,14,728
30/04/2021,15,916
30/04/2021,16,1138
30/04/2021,17,1435
30/04/2021,18,1252
30/04/2021,19,901
30/04/2021,20,475
30/04/2021,21,397
30/04/2021,22,265
30/04/2021,23,304
30/04/2022,0,322
30/04/2022,1,153
30/04/2022,2,107
30/04/2022,3,74
30/04/2022,4,50
30/04/2022,5,50
30/04/2022,6,130
30/04/2022,7,239
30/04/2022,8,309
30/04/2022,9,496
30/04/2022,10,455
30/04/2022,11,403
30/04/2022,12,512
30/04/2022,13,947
30/04/2022,14,1210
30/04/2022,15,1154
30/04/2022,16,849
30/04/2022,17,333
30/04/2022,18,663
30/04/2022,19,636
30/04/2022,20,156
30/04/2022,21,271
30/04/2022,22,371
30/04/2022,23,423
30/05/2020,0,153
30/05/2020,1,98
30/05/2020,2,83
30/05/2020,3,38
30/05/2020,4,28
30/05/2020,5,48
30/05/2020,6,81
30/05/2020,7,183
30/05/2020,8,276
30/05/2020,9,444
30/05/2020,10,729
30/05/2020,11,954
30/05/2020,12,1262
30/05/2020,13,1494
30/05/2020,14,1493
30/05/2020,15,1612
30/05/2020,16,1728
30/05/2020,17,1600
30/05/2020,18,1536
30/05/2020,19,1269
30/05/2020,20,953
30/05/2020,21,620
30/05/2020,22,274
30/05/2020,23,206
30/05/2021,0,453
30/05/2021,1,339
30/05/2021,2,226
30/05/2021,3,128
30/05/2021,4,58
30/05/2021,5,65
30/05/2021,6,93
30/05/2021,7,228
30/05/2021,8,423
30/05/2021,9,823
30/05/2021,10,1396
30/05/2021,11,1699
30/05/2021,12,2222
30/05/2021,13,2404
30/05/2021,14,2403
30/05/2021,15,2378
30/05/2021,16,2497
30/05/2021,17,2358
30/05/2021,18,1888
30/05/2021,19,1502
30/05/2021,20,1166
30/05/2021,21,863
30/05/2021,22,708
30/05/2021,23,661
30/05/2022,0,959
30/05/2022,1,384
30/05/2022,2,252
30/05/2022,3,164
30/05/2022,4,120
30/05/2022,5,137
30/05/2022,6,209
30/05/2022,7,364
30/05/2022,8,564
30/05/2022,9,1021
30/05/2022,10,1722
30/05/2022,11,2075
30/05/2022,12,2308
30/05/2022,13,2456
30/05/2022,14,2379
30/05/2022,15,2577
30/05/2022,16,2765
30/05/2022,17,2560
30/05/2022,18,2138
30/05/2022,19,1691
30/05/2022,20,1379
30/05/2022,21,1102
30/05/2022,22,764
30/05/2022,23,380
30/06/2020,0,67
30/06/2020,1,69
30/06/2020,2,36
30/06/2020,3,16
30/06/2020,4,26
30/06/2020,5,125
30/06/2020,6,403
30/06/2020,7,604
30/06/2020,8,640
30/06/2020,9,540
30/06/2020,10,520
30/06/2020,11,606
30/06/2020,12,708
30/06/2020,13,745
30/06/2020,14,669
30/06/2020,15,804
30/06/2020,16,1167
30/06/2020,17,1647
30/06/2020,18,1608
30/06/2020,19,1375
30/06/2020,20,980
30/06/2020,21,546
30/06/2020,22,397
30/06/2020,23,291
30/06/2021,0,173
30/06/2021,1,110
30/06/2021,2,74
30/06/2021,3,30
30/06/2021,4,54
30/06/2021,5,209
30/06/2021,6,570
30/06/2021,7,936
30/06/2021,8,1103
30/06/2021,9,803
30/06/2021,10,695
30/06/2021,11,792
30/06/2021,12,732
30/06/2021,13,514
30/06/2021,14,695
30/06/2021,15,1017
30/06/2021,16,1539
30/06/2021,17,2582
30/06/2021,18,1428
30/06/2021,19,1425
30/06/2021,20,1243
30/06/2021,21,934
30/06/2021,22,711
30/06/2021,23,509
30/06/2022,0,321
30/06/2022,1,167
30/06/2022,2,83
30/06/2022,3,59
30/06/2022,4,47
30/06/2022,5,228
30/06/2022,6,638
30/06/2022,7,1184
30/06/2022,8,1388
30/06/2022,9,985
30/06/2022,10,826
30/06/2022,11,1079
30/06/2022,12,1309
30/06/2022,13,1298
30/06/2022,14,1276
30/06/2022,15,1666
30/06/2022,16,2384
30/06/2022,17,3118
30/06/2022,18,2701
30/06/2022,19,2092
30/06/2022,20,1719
30/06/2022,21,1430
30/06/2022,22,1143
30/06/2022,23,779
30/07/2019,0,91
30/07/2019,1,54
30/07/2019,2,12
30/07/2019,3,16
30/07/2019,4,37
30/07/2019,5,223
30/07/2019,6,730
30/07/2019,7,1580
30/07/2019,8,1779
30/07/2019,9,789
30/07/2019,10,603
30/07/2019,11,726
30/07/2019,12,832
30/07/2019,13,847
30/07/2019,14,902
30/07/2019,15,1130
30/07/2019,16,2017
30/07/2019,17,2986
30/07/2019,18,1960
30/07/2019,19,1387
30/07/2019,20,937
30/07/2019,21,556
30/07/2019,22,353
30/07/2019,23,177
30/07/2020,0,187
30/07/2020,1,95
30/07/2020,2,42
30/07/2020,3,43
30/07/2020,4,33
30/07/2020,5,155
30/07/2020,6,329
30/07/2020,7,626
30/07/2020,8,740
30/07/2020,9,560
30/07/2020,10,584
30/07/2020,11,741
30/07/2020,12,807
30/07/2020,13,898
30/07/2020,14,954
30/07/2020,15,1006
30/07/2020,16,1373
30/07/2020,17,2079
30/07/2020,18,1989
30/07/2020,19,1527
30/07/2020,20,1154
30/07/2020,21,782
30/07/2020,22,653
30/07/2020,23,489
30/07/2021,0,591
30/07/2021,1,384
30/07/2021,2,207
30/07/2021,3,117
30/07/2021,4,89
30/07/2021,5,192
30/07/2021,6,541
30/07/2021,7,857
30/07/2021,8,1015
30/07/2021,9,911
30/07/2021,10,1055
30/07/2021,11,1384
30/07/2021,12,1747
30/07/2021,13,1935
30/07/2021,14,1970
30/07/2021,15,2030
30/07/2021,16,2358
30/07/2021,17,2725
30/07/2021,18,2394
30/07/2021,19,1832
30/07/2021,20,1392
30/07/2021,21,1272
30/07/2021,22,1379
30/07/2021,23,1271
30/07/2022,0,805
30/07/2022,1,675
30/07/2022,2,373
30/07/2022,3,174
30/07/2022,4,99
30/07/2022,5,146
30/07/2022,6,230
30/07/2022,7,428
30/07/2022,8,756
30/07/2022,9,1346
30/07/2022,10,1778
30/07/2022,11,2095
30/07/2022,12,2426
30/07/2022,13,2574
30/07/2022,14,2524
30/07/2022,15,2588
30/07/2022,16,2431
30/07/2022,17,2189
30/07/2022,18,2146
30/07/2022,19,1878
30/07/2022,20,1545
30/07/2022,21,1433
30/07/2022,22,1567
30/07/2022,23,1138
30/08/2019,0,133
30/08/2019,1,70
30/08/2019,2,32
30/08/2019,3,24
30/08/2019,4,44
30/08/2019,5,169
30/08/2019,6,565
30/08/2019,7,1238
30/08/2019,8,1467
30/08/2019,9,781
30/08/2019,10,694
30/08/2019,11,864
30/08/2019,12,1080
30/08/2019,13,1230
30/08/2019,14,1256
30/08/2019,15,1597
30/08/2019,16,1942
30/08/2019,17,1787
30/08/2019,18,1238
30/08/2019,19,941
30/08/2019,20,513
30/08/2019,21,434
30/08/2019,22,368
30/08/2019,23,358
30/08/2020,0,480
30/08/2020,1,359
30/08/2020,2,167
30/08/2020,3,72
30/08/2020,4,58
30/08/2020,5,68
30/08/2020,6,161
30/08/2020,7,314
30/08/2020,8,568
30/08/2020,9,1007
30/08/2020,10,1337
30/08/2020,11,1787
30/08/2020,12,2112
30/08/2020,13,2224
30/08/2020,14,2285
30/08/2020,15,2287
30/08/2020,16,2223
30/08/2020,17,2088
30/08/2020,18,1767
30/08/2020,19,1380
30/08/2020,20,797
30/08/2020,21,591
30/08/2020,22,433
30/08/2020,23,225
30/08/2021,0,194
30/08/2021,1,139
30/08/2021,2,66
30/08/2021,3,68
30/08/2021,4,87
30/08/2021,5,225
30/08/2021,6,627
30/08/2021,7,1054
30/08/2021,8,1198
30/08/2021,9,787
30/08/2021,10,785
30/08/2021,11,929
30/08/2021,12,1151
30/08/2021,13,1101
30/08/2021,14,1121
30/08/2021,15,1416
30/08/2021,16,1921
30/08/2021,17,2619
30/08/2021,18,2285
30/08/2021,19,1716
30/08/2021,20,1053
30/08/2021,21,783
30/08/2021,22,728
30/08/2021,23,517
30/08/2022,0,146
30/08/2022,1,70
30/08/2022,2,64
30/08/2022,3,40
30/08/2022,4,49
30/08/2022,5,235
30/08/2022,6,778
30/08/2022,7,1443
30/08/2022,8,1626
30/08/2022,9,1021
30/08/2022,10,826
30/08/2022,11,964
30/08/2022,12,1105
30/08/2022,13,1227
30/08/2022,14,1105
30/08/2022,15,1612
30/08/2022,16,2271
30/08/2022,17,3055
30/08/2022,18,2530
30/08/2022,19,1952
30/08/2022,20,1221
30/08/2022,21,942
30/08/2022,22,651
30/08/2022,23,366
30/09/2019,0,41
30/09/2019,1,27
30/09/2019,2,16
30/09/2019,3,10
30/09/2019,4,29
30/09/2019,5,178
30/09/2019,6,551
30/09/2019,7,1387
30/09/2019,8,1694
30/09/2019,9,726
30/09/2019,10,545
30/09/2019,11,702
30/09/2019,12,841
30/09/2019,13,733
30/09/2019,14,736
30/09/2019,15,954
30/09/2019,16,1908
30/09/2019,17,2942
30/09/2019,18,1806
30/09/2019,19,1002
30/09/2019,20,584
30/09/2019,21,464
30/09/2019,22,243
30/09/2019,23,137
30/09/2020,0,63
30/09/2020,1,35
30/09/2020,2,18
30/09/2020,3,11
30/09/2020,4,25
30/09/2020,5,108
30/09/2020,6,427
30/09/2020,7,725
30/09/2020,8,776
30/09/2020,9,562
30/09/2020,10,521
30/09/2020,11,617
30/09/2020,12,775
30/09/2020,13,723
30/09/2020,14,595
30/09/2020,15,755
30/09/2020,16,1135
30/09/2020,17,1892
30/09/2020,18,1726
30/09/2020,19,992
30/09/2020,20,639
30/09/2020,21,404
30/09/2020,22,382
30/09/2020,23,212
30/09/2021,0,206
30/09/2021,1,85
30/09/2021,2,57
30/09/2021,3,34
30/09/2021,4,49
30/09/2021,5,207
30/09/2021,6,652
30/09/2021,7,1238
30/09/2021,8,1321
30/09/2021,9,917
30/09/2021,10,828
30/09/2021,11,963
30/09/2021,12,1146
30/09/2021,13,1160
30/09/2021,14,1202
30/09/2021,15,1471
30/09/2021,16,1996
30/09/2021,17,2864
30/09/2021,18,2502
30/09/2021,19,1679
30/09/2021,20,1164
30/09/2021,21,963
30/09/2021,22,876
30/09/2021,23,499
30/09/2022,0,240
30/09/2022,1,142
30/09/2022,2,97
30/09/2022,3,51
30/09/2022,4,52
30/09/2022,5,175
30/09/2022,6,500
30/09/2022,7,971
30/09/2022,8,1155
30/09/2022,9,861
30/09/2022,10,816
30/09/2022,11,984
30/09/2022,12,1342
30/09/2022,13,1320
30/09/2022,14,1473
30/09/2022,15,1733
30/09/2022,16,2061
30/09/2022,17,2387
30/09/2022,18,2043
30/09/2022,19,1372
30/09/2022,20,938
30/09/2022,21,726
30/09/2022,22,665
30/09/2022,23,623
30/10/2019,0,24
30/10/2019,1,18
30/10/2019,2,1
30/10/2019,3,3
30/10/2019,4,5
30/10/2019,5,46
30/10/2019,6,112
30/10/2019,7,214
30/10/2019,8,395
30/10/2019,9,161
30/10/2019,10,79
30/10/2019,11,104
30/10/2019,12,146
30/10/2019,13,194
30/10/2019,14,158
30/10/2019,15,177
30/10/2019,16,527
30/10/2019,17,885
30/10/2019,18,439
30/10/2019,19,262
30/10/2019,20,149
30/10/2019,21,115
30/10/2019,22,64
30/10/2019,23,57
30/10/2020,0,59
30/10/2020,1,23
30/10/2020,2,16
30/10/2020,3,14
30/10/2020,4,18
30/10/2020,5,81
30/10/2020,6,211
30/10/2020,7,403
30/10/2020,8,498
30/10/2020,9,355
30/10/2020,10,358
30/10/2020,11,529
30/10/2020,12,659
30/10/2020,13,637
30/10/2020,14,672
30/10/2020,15,776
30/10/2020,16,931
30/10/2020,17,1022
30/10/2020,18,796
30/10/2020,19,519
30/10/2020,20,307
30/10/2020,21,194
30/10/2020,22,150
30/10/2020,23,150
30/10/2021,0,329
30/10/2021,1,446
30/10/2021,2,273
30/10/2021,3,137
30/10/2021,4,72
30/10/2021,5,54
30/10/2021,6,127
30/10/2021,7,259
30/10/2021,8,430
30/10/2021,9,782
30/10/2021,10,1196
30/10/2021,11,1389
30/10/2021,12,1418
30/10/2021,13,1509
30/10/2021,14,1512
30/10/2021,15,1786
30/10/2021,16,1729
30/10/2021,17,1589
30/10/2021,18,1355
30/10/2021,19,1228
30/10/2021,20,928
30/10/2021,21,807
30/10/2021,22,631
30/10/2021,23,612
30/10/2022,0,680
30/10/2022,1,701
30/10/2022,2,511
30/10/2022,3,229
30/10/2022,4,100
30/10/2022,5,74
30/10/2022,6,99
30/10/2022,7,181
30/10/2022,8,335
30/10/2022,9,540
30/10/2022,10,780
30/10/2022,11,1187
30/10/2022,12,1212
30/10/2022,13,1269
30/10/2022,14,1183
30/10/2022,15,1305
30/10/2022,16,1097
30/10/2022,17,1001
30/10/2022,18,536
30/10/2022,19,403
30/10/2022,20,369
30/10/2022,21,292
30/10/2022,22,255
30/10/2022,23,152
30/11/2019,0,45
30/11/2019,1,34
30/11/2019,2,17
30/11/2019,3,11
30/11/2019,4,9
30/11/2019,5,9
30/11/2019,6,26
30/11/2019,7,45
30/11/2019,8,80
30/11/2019,9,102
30/11/2019,10,117
30/11/2019,11,85
30/11/2019,12,112
30/11/2019,13,114
30/11/2019,14,127
30/11/2019,15,146
30/11/2019,16,138
30/11/2019,17,114
30/11/2019,18,74
30/11/2019,19,38
30/11/2019,20,25
30/11/2019,21,24
30/11/2019,22,20
30/11/2019,23,26
30/11/2020,0,16
30/11/2020,1,9
30/11/2020,2,4
30/11/2020,3,1
30/11/2020,4,11
30/11/2020,5,59
30/11/2020,6,171
30/11/2020,7,273
30/11/2020,8,258
30/11/2020,9,202
30/11/2020,10,167
30/11/2020,11,205
30/11/2020,12,248
30/11/2020,13,223
30/11/2020,14,217
30/11/2020,15,294
30/11/2020,16,373
30/11/2020,17,383
30/11/2020,18,332
30/11/2020,19,195
30/11/2020,20,134
30/11/2020,21,77
30/11/2020,22,57
30/11/2020,23,31
30/11/2021,0,51
30/11/2021,1,27
30/11/2021,2,18
30/11/2021,3,13
30/11/2021,4,36
30/11/2021,5,124
30/11/2021,6,363
30/11/2021,7,779
30/11/2021,8,898
30/11/2021,9,556
30/11/2021,10,457
30/11/2021,11,499
30/11/2021,12,634
30/11/2021,13,637
30/11/2021,14,605
30/11/2021,15,985
30/11/2021,16,1156
30/11/2021,17,1370
30/11/2021,18,1071
30/11/2021,19,681
30/11/2021,20,499
30/11/2021,21,380
30/11/2021,22,271
30/11/2021,23,166
30/11/2022,0,57
30/11/2022,1,29
30/11/2022,2,8
30/11/2022,3,15
30/11/2022,4,21
30/11/2022,5,100
30/11/2022,6,355
30/11/2022,7,640
30/11/2022,8,779
30/11/2022,9,432
30/11/2022,10,287
30/11/2022,11,311
30/11/2022,12,380
30/11/2022,13,349
30/11/2022,14,351
30/11/2022,15,549
30/11/2022,16,737
30/11/2022,17,889
30/11/2022,18,553
30/11/2022,19,377
30/11/2022,20,212
30/11/2022,21,173
30/11/2022,22,135
30/11/2022,23,103
30/12/2019,0,14
30/12/2019,1,10
30/12/2019,2,1
30/12/2019,3,5
30/12/2019,4,10
30/12/2019,5,62
30/12/2019,6,135
30/12/2019,7,207
30/12/2019,8,336
30/12/2019,9,185
30/12/2019,10,129
30/12/2019,11,192
30/12/2019,12,182
30/12/2019,13,208
30/12/2019,14,188
30/12/2019,15,250
30/12/2019,16,378
30/12/2019,17,316
30/12/2019,18,201
30/12/2019,19,127
30/12/2019,20,69
30/12/2019,21,43
30/12/2019,22,31
30/12/2019,23,29
30/12/2020,0,5
30/12/2020,1,2
30/12/2020,2,1
30/12/2020,3,4
30/12/2020,4,3
30/12/2020,5,22
30/12/2020,6,38
30/12/2020,7,71
30/12/2020,8,70
30/12/2020,9,68
30/12/2020,10,70
30/12/2020,11,113
30/12/2020,12,136
30/12/2020,13,139
30/12/2020,14,152
30/12/2020,15,207
30/12/2020,16,197
30/12/2020,17,182
30/12/2020,18,122
30/12/2020,19,82
30/12/2020,20,62
30/12/2020,21,49
30/12/2020,22,36
30/12/2020,23,19
30/12/2021,0,43
30/12/2021,1,30
30/12/2021,2,22
30/12/2021,3,9
30/12/2021,4,27
30/12/2021,5,50
30/12/2021,6,104
30/12/2021,7,218
30/12/2021,8,258
30/12/2021,9,249
30/12/2021,10,249
30/12/2021,11,340
30/12/2021,12,445
30/12/2021,13,484
30/12/2021,14,527
30/12/2021,15,582
30/12/2021,16,534
30/12/2021,17,470
30/12/2021,18,379
30/12/2021,19,323
30/12/2021,20,265
30/12/2021,21,182
30/12/2021,22,194
30/12/2021,23,145
30/12/2022,0,115
30/12/2022,1,98
30/12/2022,2,68
30/12/2022,3,46
30/12/2022,4,32
30/12/2022,5,59
30/12/2022,6,154
30/12/2022,7,228
30/12/2022,8,275
30/12/2022,9,275
30/12/2022,10,257
30/12/2022,11,390
30/12/2022,12,454
30/12/2022,13,533
30/12/2022,14,497
30/12/2022,15,523
30/12/2022,16,517
30/12/2022,17,480
30/12/2022,18,405
30/12/2022,19,296
30/12/2022,20,222
30/12/2022,21,161
30/12/2022,22,144
30/12/2022,23,157
31/01/2019,2,1
31/01/2019,4,1
31/01/2019,5,2
31/01/2019,6,7
31/01/2019,7,18
31/01/2019,8,11
31/01/2019,9,10
31/01/2019,10,12
31/01/2019,11,21
31/01/2019,12,20
31/01/2019,13,17
31/01/2019,14,23
31/01/2019,15,25
31/01/2019,16,45
31/01/2019,17,67
31/01/2019,18,31
31/01/2019,19,15
31/01/2019,20,12
31/01/2019,21,12
31/01/2019,22,3
31/01/2019,23,1
31/01/2020,0,37
31/01/2020,1,11
31/01/2020,2,7
31/01/2020,3,4
31/01/2020,4,12
31/01/2020,5,89
31/01/2020,6,195
31/01/2020,7,446
31/01/2020,8,514
31/01/2020,9,261
31/01/2020,10,149
31/01/2020,11,192
31/01/2020,12,217
31/01/2020,13,249
31/01/2020,14,217
31/01/2020,15,374
31/01/2020,16,664
31/01/2020,17,769
31/01/2020,18,423
31/01/2020,19,213
31/01/2020,20,138
31/01/2020,21,108
31/01/2020,22,85
31/01/2020,23,54
31/01/2021,0,8
31/01/2021,1,6
31/01/2021,2,7
31/01/2021,3,3
31/01/2021,4,2
31/01/2021,5,4
31/01/2021,6,10
31/01/2021,7,11
31/01/2021,8,12
31/01/2021,9,23
31/01/2021,10,31
31/01/2021,11,31
31/01/2021,12,45
31/01/2021,13,40
31/01/2021,14,51
31/01/2021,15,34
31/01/2021,16,25
31/01/2021,17,29
31/01/2021,18,27
31/01/2021,19,19
31/01/2021,20,21
31/01/2021,21,14
31/01/2021,22,24
31/01/2021,23,9
31/01/2022,0,17
31/01/2022,1,8
31/01/2022,2,13
31/01/2022,3,7
31/01/2022,4,8
31/01/2022,5,83
31/01/2022,6,118
31/01/2022,7,280
31/01/2022,8,337
31/01/2022,9,221
31/01/2022,10,145
31/01/2022,11,241
31/01/2022,12,241
31/01/2022,13,240
31/01/2022,14,248
31/01/2022,15,309
31/01/2022,16,446
31/01/2022,17,525
31/01/2022,18,386
31/01/2022,19,257
31/01/2022,20,164
31/01/2022,21,114
31/01/2022,22,79
31/01/2022,23,42
31/03/2019,0,32
31/03/2019,1,17
31/03/2019,2,9
31/03/2019,3,10
31/03/2019,4,3
31/03/2019,5,10
31/03/2019,6,21
31/03/2019,7,46
31/03/2019,8,96
31/03/2019,9,124
31/03/2019,10,222
31/03/2019,11,221
31/03/2019,12,264
31/03/2019,13,280
31/03/2019,14,290
31/03/2019,15,286
31/03/2019,16,252
31/03/2019,17,259
31/03/2019,18,225
31/03/2019,19,144
31/03/2019,20,77
31/03/2019,21,48
31/03/2019,22,43
31/03/2019,23,25
31/03/2020,0,6
31/03/2020,3,1
31/03/2020,4,3
31/03/2020,5,21
31/03/2020,6,73
31/03/2020,7,79
31/03/2020,8,77
31/03/2020,9,48
31/03/2020,10,46
31/03/2020,11,71
31/03/2020,12,106
31/03/2020,13,113
31/03/2020,14,106
31/03/2020,15,138
31/03/2020,16,181
31/03/2020,17,179
31/03/2020,18,160
31/03/2020,19,101
31/03/2020,20,56
31/03/2020,21,25
31/03/2020,22,18
31/03/2020,23,14
31/03/2021,0,42
31/03/2021,1,15
31/03/2021,2,10
31/03/2021,3,4
31/03/2021,4,14
31/03/2021,5,77
31/03/2021,6,183
31/03/2021,7,316
31/03/2021,8,374
31/03/2021,9,290
31/03/2021,10,276
31/03/2021,11,360
31/03/2021,12,405
31/03/2021,13,440
31/03/2021,14,398
31/03/2021,15,480
31/03/2021,16,556
31/03/2021,17,727
31/03/2021,18,613
31/03/2021,19,394
31/03/2021,20,216
31/03/2021,21,150
31/03/2021,22,119
31/03/2021,23,76
31/03/2022,0,47
31/03/2022,1,16
31/03/2022,2,4
31/03/2022,3,10
31/03/2022,4,13
31/03/2022,5,43
31/03/2022,6,131
31/03/2022,7,370
31/03/2022,8,441
31/03/2022,9,256
31/03/2022,10,243
31/03/2022,11,327
31/03/2022,12,336
31/03/2022,13,410
31/03/2022,14,406
31/03/2022,15,559
31/03/2022,16,754
31/03/2022,17,876
31/03/2022,18,659
31/03/2022,19,444
31/03/2022,20,271
31/03/2022,21,229
31/03/2022,22,238
31/03/2022,23,115
31/05/2020,0,105
31/05/2020,1,55
31/05/2020,2,33
31/05/2021,0,438
31/05/2021,1,383
31/05/2021,2,192
31/05/2021,3,124
31/05/2021,4,79
31/05/2021,5,80
31/05/2021,6,152
31/05/2021,7,236
31/05/2021,8,414
31/05/2021,9,724
31/05/2021,10,1149
31/05/2021,11,1637
31/05/2021,12,1960
31/05/2021,13,2007
31/05/2021,14,2001
31/05/2021,15,2005
31/05/2021,16,2074
31/05/2021,17,1657
31/05/2021,18,1308
31/05/2021,19,970
31/05/2021,20,782
31/05/2021,21,618
31/05/2021,22,445
31/05/2021,23,228
31/05/2022,0,235
31/05/2022,1,141
31/05/2022,2,82
31/05/2022,3,52
31/05/2022,4,61
31/05/2022,5,245
31/05/2022,6,594
31/05/2022,7,1143
31/05/2022,8,1273
31/05/2022,9,781
31/05/2022,10,726
31/05/2022,11,877
31/05/2022,12,1058
31/05/2022,13,1059
31/05/2022,14,1222
31/05/2022,15,1358
31/05/2022,16,1997
31/05/2022,17,2658
31/05/2022,18,2334
31/05/2022,19,1819
31/05/2022,20,1356
31/05/2022,21,896
31/05/2022,22,665
31/05/2022,23,355
31/07/2019,0,70
31/07/2019,1,52
31/07/2019,2,22
31/07/2019,3,21
31/07/2019,4,39
31/07/2019,5,225
31/07/2019,6,701
31/07/2019,7,1585
31/07/2019,8,1735
31/07/2019,9,768
31/07/2019,10,572
31/07/2019,11,700
31/07/2019,12,789
31/07/2019,13,873
31/07/2019,14,823
31/07/2019,15,1072
31/07/2019,16,2050
31/07/2019,17,2897
31/07/2019,18,2008
31/07/2019,19,1454
31/07/2019,20,951
31/07/2019,21,657
31/07/2019,22,496
31/07/2019,23,308
31/07/2020,0,259
31/07/2020,1,117
31/07/2020,2,75
31/07/2020,3,32
31/07/2020,4,34
31/07/2020,5,164
31/07/2020,6,401
31/07/2020,7,693
31/07/2020,8,767
31/07/2020,9,641
31/07/2020,10,731
31/07/2020,11,930
31/07/2020,12,1145
31/07/2020,13,1168
31/07/2020,14,1279
31/07/2020,15,1438
31/07/2020,16,1763
31/07/2020,17,2080
31/07/2020,18,2202
31/07/2020,19,1695
31/07/2020,20,1327
31/07/2020,21,941
31/07/2020,22,917
31/07/2020,23,877
31/07/2021,0,822
31/07/2021,1,869
31/07/2021,2,597
31/07/2021,3,205
31/07/2021,4,123
31/07/2021,5,124
31/07/2021,6,261
31/07/2021,7,390
31/07/2021,8,787
31/07/2021,9,1405
31/07/2021,10,1871
31/07/2021,11,2252
31/07/2021,12,2641
31/07/2021,13,2661
31/07/2021,14,2744
31/07/2021,15,2610
31/07/2021,16,2499
31/07/2021,17,2355
31/07/2021,18,2231
31/07/2021,19,1996
31/07/2021,20,1632
31/07/2021,21,1509
31/07/2021,22,1694
31/07/2021,23,1461
31/07/2022,0,846
31/07/2022,1,609
31/07/2022,2,405
31/07/2022,3,220
31/07/2022,4,123
31/07/2022,5,133
31/07/2022,6,205
31/07/2022,7,359
31/07/2022,8,647
31/07/2022,9,1041
31/07/2022,10,1499
31/07/2022,11,1962
31/07/2022,12,2259
31/07/2022,13,2439
31/07/2022,14,2387
31/07/2022,15,2409
31/07/2022,16,2363
31/07/2022,17,2159
31/07/2022,18,1911
31/07/2022,19,1580
31/07/2022,20,1207
31/07/2022,21,1045
31/07/2022,22,954
31/07/2022,23,475
31/08/2019,0,232
31/08/2019,1,111
31/08/2019,2,84
31/08/2019,3,57
31/08/2019,4,34
31/08/2019,5,62
31/08/2019,6,133
31/08/2019,7,266
31/08/2019,8,493
31/08/2019,9,807
31/08/2019,10,1118
31/08/2019,11,1371
31/08/2019,12,1551
31/08/2019,13,1753
31/08/2019,14,1718
31/08/2019,15,1752
31/08/2019,16,1665
31/08/2019,17,1311
31/08/2019,18,931
31/08/2019,19,701
31/08/2019,20,455
31/08/2019,21,216
31/08/2019,22,311
31/08/2019,23,229
31/08/2020,0,149
31/08/2020,1,60
31/08/2020,2,38
31/08/2020,3,12
31/08/2020,4,39
31/08/2020,5,128
31/08/2020,6,462
31/08/2020,7,819
31/08/2020,8,837
31/08/2020,9,645
31/08/2020,10,613
31/08/2020,11,788
31/08/2020,12,1010
31/08/2020,13,909
31/08/2020,14,968
31/08/2020,15,1104
31/08/2020,16,1445
31/08/2020,17,2093
31/08/2020,18,1941
31/08/2020,19,1415
31/08/2020,20,806
31/08/2020,21,524
31/08/2020,22,348
31/08/2020,23,229
31/08/2021,0,194
31/08/2021,1,93
31/08/2021,2,53
31/08/2021,3,43
31/08/2021,4,54
31/08/2021,5,239
31/08/2021,6,682
31/08/2021,7,1189
31/08/2021,8,1412
31/08/2021,9,824
31/08/2021,10,786
31/08/2021,11,954
31/08/2021,12,1126
31/08/2021,13,1068
31/08/2021,14,1068
31/08/2021,15,1439
31/08/2021,16,1948
31/08/2021,17,2949
31/08/2021,18,2510
31/08/2021,19,1794
31/08/2021,20,1026
31/08/2021,21,839
31/08/2021,22,642
31/08/2021,23,331
31/08/2022,0,201
31/08/2022,1,112
31/08/2022,2,71
31/08/2022,3,34
31/08/2022,4,64
31/08/2022,5,249
31/08/2022,6,761
31/08/2022,7,1392
31/08/2022,8,1596
31/08/2022,9,907
31/08/2022,10,829
31/08/2022,11,1037
31/08/2022,12,1185
31/08/2022,13,1199
31/08/2022,14,1207
31/08/2022,15,1591
31/08/2022,16,2212
31/08/2022,17,2924
31/08/2022,18,2485
31/08/2022,19,1924
31/08/2022,20,1486
31/08/2022,21,1168
31/08/2022,22,799
31/08/2022,23,389
31/10/2019,0,19
31/10/2019,1,12
31/10/2019,2,5
31/10/2019,3,3
31/10/2019,4,11
31/10/2019,5,56
31/10/2019,6,168
31/10/2019,7,304
31/10/2019,8,468
31/10/2019,9,217
31/10/2019,10,87
31/10/2019,11,96
31/10/2019,12,136
31/10/2019,13,91
31/10/2019,14,106
31/10/2019,15,146
31/10/2019,16,298
31/10/2019,17,424
31/10/2019,18,329
31/10/2019,19,168
31/10/2019,20,107
31/10/2019,21,100
31/10/2019,22,71
31/10/2019,23,38
31/10/2020,0,131
31/10/2020,1,86
31/10/2020,2,50
31/10/2020,3,17
31/10/2020,4,7
31/10/2020,5,39
31/10/2020,6,87
31/10/2020,7,171
31/10/2020,8,299
31/10/2020,9,541
31/10/2020,10,734
31/10/2020,11,943
31/10/2020,12,1103
31/10/2020,13,1320
31/10/2020,14,1447
31/10/2020,15,1406
31/10/2020,16,1412
31/10/2020,17,1110
31/10/2020,18,745
31/10/2020,19,504
31/10/2020,20,350
31/10/2020,21,279
31/10/2020,22,205
31/10/2020,23,193
31/10/2021,0,867
31/10/2021,1,871
31/10/2021,2,736
31/10/2021,3,306
31/10/2021,4,142
31/10/2021,5,97
31/10/2021,6,115
31/10/2021,7,161
31/10/2021,8,402
31/10/2021,9,708
31/10/2021,10,1127
31/10/2021,11,1436
31/10/2021,12,1248
31/10/2021,13,1266
31/10/2021,14,1203
31/10/2021,15,1726
31/10/2021,16,1303
31/10/2021,17,1280
31/10/2021,18,1004
31/10/2021,19,753
31/10/2021,20,551
31/10/2021,21,380
31/10/2021,22,294
31/10/2021,23,195
31/10/2022,0,94
31/10/2022,1,47
31/10/2022,2,36
31/10/2022,3,31
31/10/2022,4,48
31/10/2022,5,158
31/10/2022,6,400
31/10/2022,7,683
31/10/2022,8,877
31/10/2022,9,524
31/10/2022,10,455
31/10/2022,11,586
31/10/2022,12,771
31/10/2022,13,774
31/10/2022,14,788
31/10/2022,15,1124
31/10/2022,16,1408
31/10/2022,17,1599
31/10/2022,18,1377
31/10/2022,19,933
31/10/2022,20,662
31/10/2022,21,560
31/10/2022,22,365
31/10/2022,23,230
31/12/2019,0,15
31/12/2019,1,5
31/12/2019,2,3
31/12/2019,3,2
31/12/2019,4,3
31/12/2019,5,29
31/12/2019,6,71
31/12/2019,7,114
31/12/2019,8,157
31/12/2019,9,119
31/12/2019,10,90
31/12/2019,11,145
31/12/2019,12,150
31/12/2019,13,176
31/12/2019,14,175
31/12/2019,15,217
31/12/2019,16,221
31/12/2019,17,150
31/12/2019,18,101
31/12/2019,19,80
31/12/2019,20,44
31/12/2019,21,36
31/12/2019,22,22
31/12/2019,23,64
31/12/2020,0,17
31/12/2020,1,9
31/12/2020,2,8
31/12/2020,3,6
31/12/2020,4,6
31/12/2020,5,19
31/12/2020,6,64
31/12/2020,7,100
31/12/2020,8,97
31/12/2020,9,124
31/12/2020,10,120
31/12/2020,11,188
31/12/2020,12,241
31/12/2020,13,239
31/12/2020,14,294
31/12/2020,15,265
31/12/2020,16,289
31/12/2020,17,220
31/12/2020,18,132
31/12/2020,19,105
31/12/2020,20,73
31/12/2020,21,55
31/12/2020,22,29
31/12/2020,23,30
31/12/2021,0,90
31/12/2021,1,74
31/12/2021,2,35
31/12/2021,3,34
31/12/2021,4,28
31/12/2021,5,46
31/12/2021,6,89
31/12/2021,7,146
31/12/2021,8,193
31/12/2021,9,271
31/12/2021,10,358
31/12/2021,11,465
31/12/2021,12,557
31/12/2021,13,563
31/12/2021,14,577
31/12/2021,15,619
31/12/2021,16,534
31/12/2021,17,415
31/12/2021,18,324
31/12/2021,19,288
31/12/2021,20,254
31/12/2021,21,193
31/12/2021,22,178
31/12/2021,23,198
31/12/2022,0,132
31/12/2022,1,97
31/12/2022,2,51
31/12/2022,3,34
31/12/2022,4,36
31/12/2022,5,24
31/12/2022,6,34
31/12/2022,7,85
31/12/2022,8,126
31/12/2022,9,185
31/12/2022,10,297
31/12/2022,11,321
31/12/2022,12,381
31/12/2022,13,404
31/12/2022,14,432
31/12/2022,15,457
31/12/2022,16,386
31/12/2022,17,326
31/12/2022,18,224
31/12/2022,19,274
31/12/2022,20,223
31/12/2022,21,159
31/12/2022,22,171
31/12/2022,23,194
