DATE,HOUR,RENTED_BIKE_COUNT
01/01/2014,0,67
01/01/2014,1,104
01/01/2014,2,121
01/01/2014,3,64
01/01/2014,4,10
01/01/2014,5,11
01/01/2014,6,10
01/01/2014,7,10
01/01/2014,8,26
01/01/2014,9,67
01/01/2014,10,92
01/01/2014,11,179
01/01/2014,12,260
01/01/2014,13,282
01/01/2014,14,336
01/01/2014,15,294
01/01/2014,16,281
01/01/2014,17,208
01/01/2014,18,147
01/01/2014,19,139
01/01/2014,20,105
01/01/2014,21,91
01/01/2014,22,67
01/01/2014,23,40
01/01/2015,0,54
01/01/2015,1,114
01/01/2015,2,100
01/01/2015,3,16
01/01/2015,4,8
01/01/2015,5,6
01/01/2015,6,7
01/01/2015,7,11
01/01/2015,8,32
01/01/2015,9,46
01/01/2015,10,103
01/01/2015,11,214
01/01/2015,12,202
01/01/2015,13,206
01/01/2015,14,231
01/01/2015,15,249
01/01/2015,16,285
01/01/2015,17,201
01/01/2015,18,149
01/01/2015,19,97
01/01/2015,20,90
01/01/2015,21,71
01/01/2015,22,54
01/01/2015,23,32
01/01/2016,0,56
01/01/2016,1,105
01/01/2016,2,74
01/01/2016,3,32
01/01/2016,4,13
01/01/2016,5,5
01/01/2016,6,10
01/01/2016,7,14
01/01/2016,8,54
01/01/2016,9,101
01/01/2016,10,120
01/01/2016,11,239
01/01/2016,12,232
01/01/2016,13,295
01/01/2016,14,324
01/01/2016,15,338
01/01/2016,16,342
01/01/2016,17,247
01/01/2016,18,185
01/01/2016,19,160
01/01/2016,20,90
01/01/2016,21,75
01/01/2016,22,70
01/01/2016,23,39
01/01/2017,0,77
01/01/2017,1,80
01/01/2017,2,62
01/01/2017,3,18
01/01/2017,4,5
01/01/2017,5,5
01/01/2017,6,8
01/01/2017,7,24
01/01/2017,8,53
01/01/2017,9,108
01/01/2017,10,168
01/01/2017,11,248
01/01/2017,12,375
01/01/2017,13,420
01/01/2017,14,522
01/01/2017,15,546
01/01/2017,16,390
01/01/2017,17,301
01/01/2017,18,184
01/01/2017,19,162
01/01/2017,20,110
01/01/2017,21,91
01/01/2017,22,60
01/01/2017,23,46
01/01/2018,0,34
01/01/2018,1,49
01/01/2018,2,37
01/01/2018,3,9
01/01/2018,4,12
01/01/2018,5,8
01/01/2018,6,9
01/01/2018,7,11
01/01/2018,8,19
01/01/2018,9,31
01/01/2018,10,61
01/01/2018,11,97
01/01/2018,12,104
01/01/2018,13,116
01/01/2018,14,113
01/01/2018,15,124
01/01/2018,16,88
01/01/2018,17,87
01/01/2018,18,51
01/01/2018,19,56
01/01/2018,20,41
01/01/2018,21,27
01/01/2018,22,20
01/01/2018,23,9
01/02/2014,0,83
01/02/2014,1,63
01/02/2014,2,50
01/02/2014,3,20
01/02/2014,4,5
01/02/2014,5,4
01/02/2014,6,13
01/02/2014,7,39
01/02/2014,8,124
01/02/2014,9,218
01/02/2014,10,294
01/02/2014,11,370
01/02/2014,12,443
01/02/2014,13,477
01/02/2014,14,516
01/02/2014,15,564
01/02/2014,16,515
01/02/2014,17,413
01/02/2014,18,310
01/02/2014,19,237
01/02/2014,20,164
01/02/2014,21,182
01/02/2014,22,143
01/02/2014,23,95
01/02/2015,0,84
01/02/2015,1,49
01/02/2015,2,40
01/02/2015,3,12
01/02/2015,4,4
01/02/2015,5,5
01/02/2015,6,1
01/02/2015,7,27
01/02/2015,8,95
01/02/2015,9,141
01/02/2015,10,265
01/02/2015,11,275
01/02/2015,12,327
01/02/2015,13,317
01/02/2015,14,256
01/02/2015,15,321
01/02/2015,16,336
01/02/2015,17,366
01/02/2015,18,238
01/02/2015,19,89
01/02/2015,20,71
01/02/2015,21,64
01/02/2015,22,167
01/02/2015,23,37
01/02/2016,0,19
01/02/2016,1,9
01/02/2016,2,4
01/02/2016,3,2
01/02/2016,4,3
01/02/2016,5,57
01/02/2016,6,149
01/02/2016,7,439
01/02/2016,8,667
01/02/2016,9,317
01/02/2016,10,151
01/02/2016,11,167
01/02/2016,12,205
01/02/2016,13,194
01/02/2016,14,105
01/02/2016,15,69
01/02/2016,16,207
01/02/2016,17,524
01/02/2016,18,433
01/02/2016,19,334
01/02/2016,20,224
01/02/2016,21,167
01/02/2016,22,91
01/02/2016,23,67
01/02/2017,0,27
01/02/2017,1,10
01/02/2017,2,9
01/02/2017,3,3
01/02/2017,4,6
01/02/2017,5,92
01/02/2017,6,250
01/02/2017,7,683
01/02/2017,8,1119
01/02/2017,9,485
01/02/2017,10,230
01/02/2017,11,271
01/02/2017,12,297
01/02/2017,13,281
01/02/2017,14,225
01/02/2017,15,323
01/02/2017,16,589
01/02/2017,17,1139
01/02/2017,18,824
01/02/2017,19,517
01/02/2017,20,343
01/02/2017,21,237
01/02/2017,22,187
01/02/2017,23,84
01/02/2018,0,22
01/02/2018,1,10
01/02/2018,2,2
01/02/2018,3,4
01/02/2018,4,9
01/02/2018,5,68
01/02/2018,6,236
01/02/2018,7,598
01/02/2018,8,1065
01/02/2018,9,487
01/02/2018,10,220
01/02/2018,11,253
01/02/2018,12,329
01/02/2018,13,267
01/02/2018,14,259
01/02/2018,15,367
01/02/2018,16,568
01/02/2018,17,965
01/02/2018,18,801
01/02/2018,19,525
01/02/2018,20,335
01/02/2018,21,195
01/02/2018,22,103
01/02/2018,23,44
01/03/2014,0,61
01/03/2014,1,45
01/03/2014,2,26
01/03/2014,3,8
01/03/2014,4,4
01/03/2014,5,2
01/03/2014,6,19
01/03/2014,7,46
01/03/2014,8,104
01/03/2014,9,187
01/03/2014,10,256
01/03/2014,11,325
01/03/2014,12,356
01/03/2014,13,364
01/03/2014,14,400
01/03/2014,15,410
01/03/2014,16,428
01/03/2014,17,387
01/03/2014,18,329
01/03/2014,19,250
01/03/2014,20,190
01/03/2014,21,143
01/03/2014,22,106
01/03/2014,23,114
01/03/2015,0,44
01/03/2015,1,36
01/03/2015,2,39
01/03/2015,3,10
01/03/2015,4,2
01/03/2015,5,3
01/03/2015,6,7
01/03/2015,7,43
01/03/2015,8,50
01/03/2015,9,83
01/03/2015,10,73
01/03/2015,11,63
01/03/2015,12,48
01/03/2015,13,34
01/03/2015,14,22
01/03/2015,15,33
01/03/2015,16,27
01/03/2015,17,28
01/03/2015,18,32
01/03/2015,19,16
01/03/2015,20,19
01/03/2015,21,22
01/03/2015,22,27
01/03/2015,23,7
01/03/2016,0,15
01/03/2016,1,12
01/03/2016,2,7
01/03/2016,3,5
01/03/2016,4,11
01/03/2016,5,59
01/03/2016,6,241
01/03/2016,7,732
01/03/2016,8,1122
01/03/2016,9,443
01/03/2016,10,220
01/03/2016,11,249
01/03/2016,12,353
01/03/2016,13,334
01/03/2016,14,308
01/03/2016,15,367
01/03/2016,16,556
01/03/2016,17,1169
01/03/2016,18,937
01/03/2016,19,566
01/03/2016,20,358
01/03/2016,21,261
01/03/2016,22,192
01/03/2016,23,71
01/03/2017,0,27
01/03/2017,1,19
01/03/2017,2,11
01/03/2017,3,4
01/03/2017,4,8
01/03/2017,5,90
01/03/2017,6,318
01/03/2017,7,795
01/03/2017,8,1079
01/03/2017,9,406
01/03/2017,10,246
01/03/2017,11,339
01/03/2017,12,433
01/03/2017,13,323
01/03/2017,14,261
01/03/2017,15,349
01/03/2017,16,626
01/03/2017,17,1085
01/03/2017,18,971
01/03/2017,19,600
01/03/2017,20,425
01/03/2017,21,294
01/03/2017,22,188
01/03/2017,23,80
01/03/2018,0,44
01/03/2018,1,15
01/03/2018,2,7
01/03/2018,3,8
01/03/2018,4,15
01/03/2018,5,85
01/03/2018,6,292
01/03/2018,7,767
01/03/2018,8,1187
01/03/2018,9,477
01/03/2018,10,121
01/03/2018,11,195
01/03/2018,12,295
01/03/2018,13,289
01/03/2018,14,286
01/03/2018,15,362
01/03/2018,16,630
01/03/2018,17,1047
01/03/2018,18,796
01/03/2018,19,442
01/03/2018,20,118
01/03/2018,21,125
01/03/2018,22,140
01/03/2018,23,71
01/04/2014,0,30
01/04/2014,1,16
01/04/2014,2,12
01/04/2014,4,8
01/04/2014,5,55
01/04/2014,6,179
01/04/2014,7,577
01/04/2014,8,998
01/04/2014,9,454
01/04/2014,10,268
01/04/2014,11,291
01/04/2014,12,357
01/04/2014,13,427
01/04/2014,14,364
01/04/2014,15,449
01/04/2014,16,587
01/04/2014,17,1195
01/04/2014,18,1155
01/04/2014,19,758
01/04/2014,20,502
01/04/2014,21,342
01/04/2014,22,233
01/04/2014,23,114
01/04/2015,0,31
01/04/2015,1,10
01/04/2015,2,3
01/04/2015,3,2
01/04/2015,4,3
01/04/2015,5,54
01/04/2015,6,214
01/04/2015,7,613
01/04/2015,8,1071
01/04/2015,9,495
01/04/2015,10,261
01/04/2015,11,336
01/04/2015,12,466
01/04/2015,13,404
01/04/2015,14,401
01/04/2015,15,534
01/04/2015,16,708
01/04/2015,17,1321
01/04/2015,18,1172
01/04/2015,19,706
01/04/2015,20,472
01/04/2015,21,318
01/04/2015,22,189
01/04/2015,23,93
01/04/2016,0,64
01/04/2016,1,41
01/04/2016,2,28
01/04/2016,3,9
01/04/2016,4,11
01/04/2016,5,53
01/04/2016,6,187
01/04/2016,7,627
01/04/2016,8,603
01/04/2016,9,388
01/04/2016,10,304
01/04/2016,11,423
01/04/2016,12,526
01/04/2016,13,610
01/04/2016,14,653
01/04/2016,15,720
01/04/2016,16,989
01/04/2016,17,1467
01/04/2016,18,1123
01/04/2016,19,731
01/04/2016,20,436
01/04/2016,21,375
01/04/2016,22,302
01/04/2016,23,204
01/04/2017,0,63
01/04/2017,1,45
01/04/2017,2,27
01/04/2017,3,19
01/04/2017,4,5
01/04/2017,5,9
01/04/2017,6,50
01/04/2017,7,122
01/04/2017,8,230
01/04/2017,9,488
01/04/2017,10,715
01/04/2017,11,862
01/04/2017,12,936
01/04/2017,13,963
01/04/2017,14,1028
01/04/2017,15,1008
01/04/2017,16,1033
01/04/2017,17,906
01/04/2017,18,619
01/04/2017,19,429
01/04/2017,20,261
01/04/2017,21,197
01/04/2017,22,167
01/04/2017,23,139
01/04/2018,0,124
01/04/2018,1,76
01/04/2018,2,50
01/04/2018,3,27
01/04/2018,4,6
01/04/2018,5,29
01/04/2018,6,54
01/04/2018,7,134
01/04/2018,8,280
01/04/2018,9,442
01/04/2018,10,753
01/04/2018,11,776
01/04/2018,12,887
01/04/2018,13,967
01/04/2018,14,975
01/04/2018,15,992
01/04/2018,16,900
01/04/2018,17,953
01/04/2018,18,793
01/04/2018,19,509
01/04/2018,20,306
01/04/2018,21,196
01/04/2018,22,138
01/04/2018,23,101
01/05/2014,0,35
01/05/2014,1,11
01/05/2014,2,4
01/05/2014,3,4
01/05/2014,4,6
01/05/2014,5,38
01/05/2014,6,179
01/05/2014,7,496
01/05/2014,8,881
01/05/2014,9,470
01/05/2014,10,302
01/05/2014,11,320
01/05/2014,12,434
01/05/2014,13,443
01/05/2014,14,372
01/05/2014,15,401
01/05/2014,16,632
01/05/2014,17,1158
01/05/2014,18,1195
01/05/2014,19,790
01/05/2014,20,586
01/05/2014,21,387
01/05/2014,22,244
01/05/2014,23,190
01/05/2015,0,68
01/05/2015,1,34
01/05/2015,2,23
01/05/2015,3,7
01/05/2015,4,5
01/05/2015,5,58
01/05/2015,6,172
01/05/2015,7,526
01/05/2015,8,1049
01/05/2015,9,547
01/05/2015,10,375
01/05/2015,11,419
01/05/2015,12,491
01/05/2015,13,508
01/05/2015,14,526
01/05/2015,15,594
01/05/2015,16,820
01/05/2015,17,1173
01/05/2015,18,986
01/05/2015,19,730
01/05/2015,20,473
01/05/2015,21,335
01/05/2015,22,240
01/05/2015,23,197
01/05/2016,0,80
01/05/2016,1,62
01/05/2016,2,33
01/05/2016,3,19
01/05/2016,4,8
01/05/2016,6,15
01/05/2016,7,22
01/05/2016,8,44
01/05/2016,9,81
01/05/2016,10,108
01/05/2016,11,113
01/05/2016,12,277
01/05/2016,13,370
01/05/2016,14,443
01/05/2016,15,522
01/05/2016,16,515
01/05/2016,17,474
01/05/2016,18,407
01/05/2016,19,292
01/05/2016,20,204
01/05/2016,21,118
01/05/2016,22,112
01/05/2016,23,57
01/05/2017,0,59
01/05/2017,1,24
01/05/2017,2,20
01/05/2017,3,6
01/05/2017,4,16
01/05/2017,5,97
01/05/2017,6,330
01/05/2017,7,800
01/05/2017,8,979
01/05/2017,9,541
01/05/2017,10,357
01/05/2017,11,390
01/05/2017,12,492
01/05/2017,13,526
01/05/2017,14,487
01/05/2017,15,570
01/05/2017,16,926
01/05/2017,17,1620
01/05/2017,18,1236
01/05/2017,19,588
01/05/2017,20,336
01/05/2017,21,269
01/05/2017,22,183
01/05/2017,23,130
01/06/2014,0,209
01/06/2014,1,111
01/06/2014,2,91
01/06/2014,3,54
01/06/2014,4,16
01/06/2014,5,10
01/06/2014,6,31
01/06/2014,7,94
01/06/2014,8,233
01/06/2014,9,471
01/06/2014,10,681
01/06/2014,11,808
01/06/2014,12,944
01/06/2014,13,963
01/06/2014,14,926
01/06/2014,15,881
01/06/2014,16,944
01/06/2014,17,862
01/06/2014,18,758
01/06/2014,19,633
01/06/2014,20,530
01/06/2014,21,336
01/06/2014,22,229
01/06/2014,23,117
01/06/2015,0,85
01/06/2015,1,18
01/06/2015,2,13
01/06/2015,3,1
01/06/2015,4,6
01/06/2015,5,81
01/06/2015,6,293
01/06/2015,7,833
01/06/2015,8,1000
01/06/2015,9,481
01/06/2015,10,266
01/06/2015,11,383
01/06/2015,12,518
01/06/2015,13,431
01/06/2015,14,375
01/06/2015,15,476
01/06/2015,16,403
01/06/2015,17,854
01/06/2015,18,554
01/06/2015,19,436
01/06/2015,20,221
01/06/2015,21,194
01/06/2015,22,147
01/06/2015,23,37
01/06/2016,0,28
01/06/2016,1,18
01/06/2016,2,7
01/06/2016,3,5
01/06/2016,4,11
01/06/2016,5,127
01/06/2016,6,350
01/06/2016,7,1008
01/06/2016,8,1332
01/06/2016,9,584
01/06/2016,10,334
01/06/2016,11,369
01/06/2016,12,488
01/06/2016,13,403
01/06/2016,14,406
01/06/2016,15,454
01/06/2016,16,849
01/06/2016,17,1635
01/06/2016,18,1428
01/06/2016,19,910
01/06/2016,20,705
01/06/2016,21,475
01/06/2016,22,312
01/06/2016,23,117
01/06/2017,0,52
01/06/2017,1,35
01/06/2017,2,15
01/06/2017,3,12
01/06/2017,4,13
01/06/2017,5,118
01/06/2017,6,366
01/06/2017,7,933
01/06/2017,8,1224
01/06/2017,9,545
01/06/2017,10,431
01/06/2017,11,453
01/06/2017,12,604
01/06/2017,13,601
01/06/2017,14,545
01/06/2017,15,702
01/06/2017,16,1024
01/06/2017,17,1795
01/06/2017,18,1388
01/06/2017,19,1014
01/06/2017,20,768
01/06/2017,21,476
01/06/2017,22,299
01/06/2017,23,242
01/07/2014,0,58
01/07/2014,1,19
01/07/2014,2,8
01/07/2014,3,3
01/07/2014,4,7
01/07/2014,5,73
01/07/2014,6,331
01/07/2014,7,792
01/07/2014,8,1014
01/07/2014,9,516
01/07/2014,10,302
01/07/2014,11,318
01/07/2014,12,379
01/07/2014,13,413
01/07/2014,14,437
01/07/2014,15,713
01/07/2014,16,581
01/07/2014,17,750
01/07/2014,18,1081
01/07/2014,19,974
01/07/2014,20,673
01/07/2014,21,485
01/07/2014,22,392
01/07/2014,23,183
01/07/2015,0,60
01/07/2015,1,3
01/07/2015,2,8
01/07/2015,3,3
01/07/2015,4,9
01/07/2015,5,72
01/07/2015,6,298
01/07/2015,7,825
01/07/2015,8,1157
01/07/2015,9,582
01/07/2015,10,310
01/07/2015,11,440
01/07/2015,12,511
01/07/2015,13,515
01/07/2015,14,483
01/07/2015,15,552
01/07/2015,16,794
01/07/2015,17,1341
01/07/2015,18,923
01/07/2015,19,824
01/07/2015,20,633
01/07/2015,21,431
01/07/2015,22,278
01/07/2015,23,171
01/07/2016,0,110
01/07/2016,1,48
01/07/2016,2,18
01/07/2016,3,7
01/07/2016,4,17
01/07/2016,5,97
01/07/2016,6,255
01/07/2016,7,700
01/07/2016,8,1215
01/07/2016,9,632
01/07/2016,10,455
01/07/2016,11,552
01/07/2016,12,641
01/07/2016,13,756
01/07/2016,14,844
01/07/2016,15,983
01/07/2016,16,1073
01/07/2016,17,1048
01/07/2016,18,849
01/07/2016,19,635
01/07/2016,20,625
01/07/2016,21,320
01/07/2016,22,281
01/07/2016,23,244
01/07/2017,0,189
01/07/2017,1,121
01/07/2017,2,84
01/07/2017,3,36
01/07/2017,4,18
01/07/2017,5,38
01/07/2017,6,76
01/07/2017,7,167
01/07/2017,8,344
01/07/2017,9,561
01/07/2017,10,780
01/07/2017,11,930
01/07/2017,12,940
01/07/2017,13,942
01/07/2017,14,829
01/07/2017,15,725
01/07/2017,16,498
01/07/2017,17,752
01/07/2017,18,734
01/07/2017,19,790
01/07/2017,20,642
01/07/2017,21,555
01/07/2017,22,366
01/07/2017,23,292
01/08/2014,0,106
01/08/2014,1,44
01/08/2014,2,26
01/08/2014,3,11
01/08/2014,4,16
01/08/2014,5,61
01/08/2014,6,242
01/08/2014,7,568
01/08/2014,8,989
01/08/2014,9,547
01/08/2014,10,313
01/08/2014,11,332
01/08/2014,12,340
01/08/2014,13,462
01/08/2014,14,445
01/08/2014,15,447
01/08/2014,16,791
01/08/2014,17,1138
01/08/2014,18,953
01/08/2014,19,596
01/08/2014,20,476
01/08/2014,21,449
01/08/2014,22,331
01/08/2014,23,169
01/08/2015,0,180
01/08/2015,1,123
01/08/2015,2,87
01/08/2015,3,30
01/08/2015,4,9
01/08/2015,5,17
01/08/2015,6,75
01/08/2015,7,132
01/08/2015,8,289
01/08/2015,9,556
01/08/2015,10,755
01/08/2015,11,760
01/08/2015,12,945
01/08/2015,13,1022
01/08/2015,14,962
01/08/2015,15,969
01/08/2015,16,887
01/08/2015,17,906
01/08/2015,18,817
01/08/2015,19,729
01/08/2015,20,559
01/08/2015,21,537
01/08/2015,22,389
01/08/2015,23,308
01/08/2016,0,45
01/08/2016,1,38
01/08/2016,2,22
01/08/2016,3,8
01/08/2016,4,12
01/08/2016,5,100
01/08/2016,6,332
01/08/2016,7,884
01/08/2016,8,1064
01/08/2016,9,524
01/08/2016,10,324
01/08/2016,11,418
01/08/2016,12,512
01/08/2016,13,455
01/08/2016,14,470
01/08/2016,15,520
01/08/2016,16,767
01/08/2016,17,1638
01/08/2016,18,1333
01/08/2016,19,952
01/08/2016,20,668
01/08/2016,21,416
01/08/2016,22,286
01/08/2016,23,163
01/08/2017,0,69
01/08/2017,1,24
01/08/2017,2,8
01/08/2017,3,4
01/08/2017,4,22
01/08/2017,5,127
01/08/2017,6,435
01/08/2017,7,992
01/08/2017,8,1353
01/08/2017,9,663
01/08/2017,10,401
01/08/2017,11,495
01/08/2017,12,588
01/08/2017,13,533
01/08/2017,14,527
01/08/2017,15,678
01/08/2017,16,1021
01/08/2017,17,1011
01/08/2017,18,848
01/08/2017,19,909
01/08/2017,20,748
01/08/2017,21,459
01/08/2017,22,308
01/08/2017,23,179
01/09/2014,0,94
01/09/2014,1,48
01/09/2014,2,38
01/09/2014,3,9
01/09/2014,4,8
01/09/2014,5,15
01/09/2014,6,36
01/09/2014,7,73
01/09/2014,8,202
01/09/2014,9,387
01/09/2014,10,593
01/09/2014,11,729
01/09/2014,12,763
01/09/2014,13,741
01/09/2014,14,761
01/09/2014,15,753
01/09/2014,16,484
01/09/2014,17,572
01/09/2014,18,587
01/09/2014,19,545
01/09/2014,20,309
01/09/2014,21,259
01/09/2014,22,187
01/09/2014,23,110
01/09/2015,0,44
01/09/2015,1,14
01/09/2015,2,16
01/09/2015,3,9
01/09/2015,4,11
01/09/2015,5,103
01/09/2015,6,361
01/09/2015,7,921
01/09/2015,8,1245
01/09/2015,9,564
01/09/2015,10,362
01/09/2015,11,402
01/09/2015,12,467
01/09/2015,13,441
01/09/2015,14,344
01/09/2015,15,417
01/09/2015,16,780
01/09/2015,17,1422
01/09/2015,18,1320
01/09/2015,19,925
01/09/2015,20,570
01/09/2015,21,373
01/09/2015,22,262
01/09/2015,23,149
01/09/2016,0,51
01/09/2016,1,9
01/09/2016,2,6
01/09/2016,3,7
01/09/2016,4,12
01/09/2016,5,97
01/09/2016,6,395
01/09/2016,7,530
01/09/2016,8,1002
01/09/2016,9,368
01/09/2016,10,269
01/09/2016,11,332
01/09/2016,12,381
01/09/2016,13,426
01/09/2016,14,458
01/09/2016,15,595
01/09/2016,16,867
01/09/2016,17,1520
01/09/2016,18,1150
01/09/2016,19,492
01/09/2016,20,417
01/09/2016,21,293
01/09/2016,22,198
01/09/2016,23,123
01/09/2017,0,94
01/09/2017,1,46
01/09/2017,2,29
01/09/2017,3,13
01/09/2017,4,12
01/09/2017,5,100
01/09/2017,6,282
01/09/2017,7,756
01/09/2017,8,1199
01/09/2017,9,693
01/09/2017,10,451
01/09/2017,11,590
01/09/2017,12,801
01/09/2017,13,740
01/09/2017,14,857
01/09/2017,15,1107
01/09/2017,16,1246
01/09/2017,17,1304
01/09/2017,18,1023
01/09/2017,19,693
01/09/2017,20,425
01/09/2017,21,313
01/09/2017,22,234
01/09/2017,23,168
01/10/2014,0,28
01/10/2014,1,22
01/10/2014,2,13
01/10/2014,3,4
01/10/2014,4,10
01/10/2014,5,98
01/10/2014,6,186
01/10/2014,7,589
01/10/2014,8,979
01/10/2014,9,506
01/10/2014,10,343
01/10/2014,11,335
01/10/2014,12,432
01/10/2014,13,411
01/10/2014,14,399
01/10/2014,15,449
01/10/2014,16,787
01/10/2014,17,1467
01/10/2014,18,1203
01/10/2014,19,852
01/10/2014,20,528
01/10/2014,21,450
01/10/2014,22,303
01/10/2014,23,156
01/10/2015,0,56
01/10/2015,1,18
01/10/2015,2,5
01/10/2015,3,1
01/10/2015,4,9
01/10/2015,5,71
01/10/2015,6,243
01/10/2015,7,359
01/10/2015,8,476
01/10/2015,9,228
01/10/2015,10,57
01/10/2015,11,66
01/10/2015,12,72
01/10/2015,13,59
01/10/2015,14,74
01/10/2015,15,120
01/10/2015,16,215
01/10/2015,17,620
01/10/2015,18,716
01/10/2015,19,456
01/10/2015,20,352
01/10/2015,21,258
01/10/2015,22,178
01/10/2015,23,90
01/10/2016,0,103
01/10/2016,1,63
01/10/2016,2,33
01/10/2016,3,23
01/10/2016,4,11
01/10/2016,5,15
01/10/2016,6,42
01/10/2016,7,115
01/10/2016,8,146
01/10/2016,9,174
01/10/2016,10,272
01/10/2016,11,477
01/10/2016,12,562
01/10/2016,13,416
01/10/2016,14,463
01/10/2016,15,625
01/10/2016,16,551
01/10/2016,17,632
01/10/2016,18,536
01/10/2016,19,449
01/10/2016,20,304
01/10/2016,21,248
01/10/2016,22,208
01/10/2016,23,161
01/10/2017,0,172
01/10/2017,1,138
01/10/2017,2,70
01/10/2017,3,55
01/10/2017,4,17
01/10/2017,5,28
01/10/2017,6,36
01/10/2017,7,97
01/10/2017,8,270
01/10/2017,9,526
01/10/2017,10,736
01/10/2017,11,910
01/10/2017,12,1091
01/10/2017,13,1054
01/10/2017,14,1107
01/10/2017,15,1083
01/10/2017,16,1126
01/10/2017,17,1000
01/10/2017,18,961
01/10/2017,19,605
01/10/2017,20,385
01/10/2017,21,266
01/10/2017,22,165
01/10/2017,23,104
01/11/2014,0,138
01/11/2014,1,146
01/11/2014,2,137
01/11/2014,3,74
01/11/2014,4,20
01/11/2014,5,18
01/11/2014,6,24
01/11/2014,7,86
01/11/2014,8,174
01/11/2014,9,272
01/11/2014,10,371
01/11/2014,11,471
01/11/2014,12,431
01/11/2014,13,487
01/11/2014,14,455
01/11/2014,15,450
01/11/2014,16,501
01/11/2014,17,475
01/11/2014,18,385
01/11/2014,19,258
01/11/2014,20,238
01/11/2014,21,181
01/11/2014,22,143
01/11/2014,23,129
01/11/2015,0,151
01/11/2015,1,278
01/11/2015,2,57
01/11/2015,3,31
01/11/2015,4,6
01/11/2015,5,7
01/11/2015,6,20
01/11/2015,7,47
01/11/2015,8,85
01/11/2015,9,211
01/11/2015,10,399
01/11/2015,11,511
01/11/2015,12,679
01/11/2015,13,710
01/11/2015,14,734
01/11/2015,15,713
01/11/2015,16,683
01/11/2015,17,612
01/11/2015,18,375
01/11/2015,19,312
01/11/2015,20,232
01/11/2015,21,145
01/11/2015,22,153
01/11/2015,23,60
01/11/2016,0,38
01/11/2016,1,16
01/11/2016,2,5
01/11/2016,3,12
01/11/2016,4,9
01/11/2016,5,91
01/11/2016,6,322
01/11/2016,7,950
01/11/2016,8,1344
01/11/2016,9,622
01/11/2016,10,332
01/11/2016,11,396
01/11/2016,12,487
01/11/2016,13,436
01/11/2016,14,390
01/11/2016,15,518
01/11/2016,16,827
01/11/2016,17,1609
01/11/2016,18,1166
01/11/2016,19,683
01/11/2016,20,466
01/11/2016,21,316
01/11/2016,22,209
01/11/2016,23,125
01/11/2017,0,59
01/11/2017,1,23
01/11/2017,2,21
01/11/2017,3,4
01/11/2017,4,16
01/11/2017,5,90
01/11/2017,6,322
01/11/2017,7,868
01/11/2017,8,1250
01/11/2017,9,614
01/11/2017,10,268
01/11/2017,11,331
01/11/2017,12,472
01/11/2017,13,449
01/11/2017,14,392
01/11/2017,15,503
01/11/2017,16,876
01/11/2017,17,1444
01/11/2017,18,1119
01/11/2017,19,647
01/11/2017,20,414
01/11/2017,21,327
01/11/2017,22,221
01/11/2017,23,129
01/12/2014,0,24
01/12/2014,1,14
01/12/2014,2,4
01/12/2014,3,2
01/12/2014,4,4
01/12/2014,5,53
01/12/2014,6,193
01/12/2014,7,632
01/12/2014,8,977
01/12/2014,9,402
01/12/2014,10,242
01/12/2014,11,268
01/12/2014,12,354
01/12/2014,13,335
01/12/2014,14,338
01/12/2014,15,358
01/12/2014,16,473
01/12/2014,17,576
01/12/2014,18,368
01/12/2014,19,184
01/12/2014,20,188
01/12/2014,21,175
01/12/2014,22,98
01/12/2014,23,52
01/12/2015,0,9
01/12/2015,1,5
01/12/2015,2,2
01/12/2015,3,3
01/12/2015,4,5
01/12/2015,5,46
01/12/2015,6,105
01/12/2015,7,170
01/12/2015,8,295
01/12/2015,9,161
01/12/2015,10,38
01/12/2015,11,53
01/12/2015,12,62
01/12/2015,13,51
01/12/2015,14,70
01/12/2015,15,171
01/12/2015,16,296
01/12/2015,17,669
01/12/2015,18,653
01/12/2015,19,416
01/12/2015,20,296
01/12/2015,21,196
01/12/2015,22,114
01/12/2015,23,68
01/12/2016,0,44
01/12/2016,1,5
01/12/2016,2,2
01/12/2016,3,4
01/12/2016,4,3
01/12/2016,5,74
01/12/2016,6,256
01/12/2016,7,795
01/12/2016,8,1139
01/12/2016,9,515
01/12/2016,10,264
01/12/2016,11,259
01/12/2016,12,371
01/12/2016,13,403
01/12/2016,14,335
01/12/2016,15,453
01/12/2016,16,731
01/12/2016,17,1153
01/12/2016,18,932
01/12/2016,19,551
01/12/2016,20,322
01/12/2016,21,252
01/12/2016,22,178
01/12/2016,23,90
01/12/2017,0,49
01/12/2017,1,27
01/12/2017,2,11
01/12/2017,3,7
01/12/2017,4,15
01/12/2017,5,79
01/12/2017,6,280
01/12/2017,7,669
01/12/2017,8,1187
01/12/2017,9,526
01/12/2017,10,303
01/12/2017,11,359
01/12/2017,12,438
01/12/2017,13,518
01/12/2017,14,487
01/12/2017,15,562
01/12/2017,16,823
01/12/2017,17,1172
01/12/2017,18,808
01/12/2017,19,493
01/12/2017,20,297
01/12/2017,21,219
01/12/2017,22,195
01/12/2017,23,135
02/01/2014,0,16
02/01/2014,1,2
02/01/2014,2,1
02/01/2014,4,1
02/01/2014,5,24
02/01/2014,6,109
02/01/2014,7,272
02/01/2014,8,595
02/01/2014,9,339
02/01/2014,10,134
02/01/2014,11,149
02/01/2014,12,198
02/01/2014,13,223
02/01/2014,14,221
02/01/2014,15,236
02/01/2014,16,207
02/01/2014,17,255
02/01/2014,18,170
02/01/2014,19,72
02/01/2014,20,42
02/01/2014,21,23
02/01/2014,22,15
02/01/2014,23,12
02/01/2015,0,25
02/01/2015,1,18
02/01/2015,2,8
02/01/2015,3,5
02/01/2015,4,5
02/01/2015,5,24
02/01/2015,6,69
02/01/2015,7,162
02/01/2015,8,345
02/01/2015,9,306
02/01/2015,10,191
02/01/2015,11,284
02/01/2015,12,409
02/01/2015,13,375
02/01/2015,14,397
02/01/2015,15,417
02/01/2015,16,493
02/01/2015,17,463
02/01/2015,18,382
02/01/2015,19,248
02/01/2015,20,149
02/01/2015,21,137
02/01/2015,22,116
02/01/2015,23,80
02/01/2016,0,37
02/01/2016,1,31
02/01/2016,2,17
02/01/2016,3,23
02/01/2016,4,4
02/01/2016,5,7
02/01/2016,6,10
02/01/2016,7,34
02/01/2016,8,80
02/01/2016,9,203
02/01/2016,10,274
02/01/2016,11,400
02/01/2016,12,500
02/01/2016,13,490
02/01/2016,14,495
02/01/2016,15,525
02/01/2016,16,529
02/01/2016,17,392
02/01/2016,18,232
02/01/2016,19,188
02/01/2016,20,150
02/01/2016,21,113
02/01/2016,22,92
02/01/2016,23,95
02/01/2017,0,45
02/01/2017,1,22
02/01/2017,2,6
02/01/2017,3,1
02/01/2017,4,2
02/01/2017,5,10
02/01/2017,6,20
02/01/2017,7,33
02/01/2017,8,41
02/01/2017,9,50
02/01/2017,10,76
02/01/2017,11,119
02/01/2017,12,103
02/01/2017,13,94
02/01/2017,14,85
02/01/2017,15,98
02/01/2017,16,143
02/01/2017,17,171
02/01/2017,18,150
02/01/2017,19,114
02/01/2017,20,95
02/01/2017,21,77
02/01/2017,22,50
02/01/2017,23,33
02/01/2018,0,3
02/01/2018,1,6
02/01/2018,2,4
02/01/2018,3,4
02/01/2018,4,10
02/01/2018,5,43
02/01/2018,6,135
02/01/2018,7,284
02/01/2018,8,501
02/01/2018,9,257
02/01/2018,10,108
02/01/2018,11,124
02/01/2018,12,158
02/01/2018,13,157
02/01/2018,14,140
02/01/2018,15,209
02/01/2018,16,344
02/01/2018,17,493
02/01/2018,18,371
02/01/2018,19,212
02/01/2018,20,100
02/01/2018,21,70
02/01/2018,22,43
02/01/2018,23,16
02/02/2014,0,98
02/02/2014,1,80
02/02/2014,2,66
02/02/2014,3,13
02/02/2014,4,7
02/02/2014,5,6
02/02/2014,6,15
02/02/2014,7,38
02/02/2014,8,111
02/02/2014,9,194
02/02/2014,10,296
02/02/2014,11,406
02/02/2014,12,498
02/02/2014,13,480
02/02/2014,14,503
02/02/2014,15,551
02/02/2014,16,503
02/02/2014,17,510
02/02/2014,18,315
02/02/2014,19,128
02/02/2014,20,106
02/02/2014,21,128
02/02/2014,22,254
02/02/2014,23,117
02/02/2015,0,11
02/02/2015,1,7
02/02/2015,2,3
02/02/2015,3,1
02/02/2015,4,2
02/02/2015,5,48
02/02/2015,6,127
02/02/2015,7,323
02/02/2015,8,518
02/02/2015,9,173
02/02/2015,10,105
02/02/2015,11,116
02/02/2015,12,141
02/02/2015,13,165
02/02/2015,14,140
02/02/2015,15,184
02/02/2015,16,267
02/02/2015,17,537
02/02/2015,18,419
02/02/2015,19,255
02/02/2015,20,148
02/02/2015,21,106
02/02/2015,22,61
02/02/2015,23,24
02/02/2016,0,17
02/02/2016,1,5
02/02/2016,2,6
02/02/2016,4,4
02/02/2016,5,66
02/02/2016,6,217
02/02/2016,7,544
02/02/2016,8,916
02/02/2016,9,371
02/02/2016,10,172
02/02/2016,11,178
02/02/2016,12,266
02/02/2016,13,221
02/02/2016,14,222
02/02/2016,15,271
02/02/2016,16,433
02/02/2016,17,851
02/02/2016,18,705
02/02/2016,19,451
02/02/2016,20,262
02/02/2016,21,218
02/02/2016,22,131
02/02/2016,23,57
02/02/2017,0,25
02/02/2017,1,13
02/02/2017,2,2
02/02/2017,3,5
02/02/2017,4,8
02/02/2017,5,55
02/02/2017,6,251
02/02/2017,7,704
02/02/2017,8,1109
02/02/2017,9,478
02/02/2017,10,199
02/02/2017,11,226
02/02/2017,12,301
02/02/2017,13,309
02/02/2017,14,251
02/02/2017,15,369
02/02/2017,16,553
02/02/2017,17,954
02/02/2017,18,758
02/02/2017,19,415
02/02/2017,20,280
02/02/2017,21,200
02/02/2017,22,125
02/02/2017,23,59
02/02/2018,0,22
02/02/2018,1,9
02/02/2018,2,10
02/02/2018,3,7
02/02/2018,4,13
02/02/2018,5,59
02/02/2018,6,183
02/02/2018,7,432
02/02/2018,8,794
02/02/2018,9,423
02/02/2018,10,185
02/02/2018,11,206
02/02/2018,12,223
02/02/2018,13,220
02/02/2018,14,207
02/02/2018,15,270
02/02/2018,16,344
02/02/2018,17,577
02/02/2018,18,416
02/02/2018,19,241
02/02/2018,20,136
02/02/2018,21,86
02/02/2018,22,78
02/02/2018,23,58
02/03/2014,0,97
02/03/2014,1,72
02/03/2014,2,52
02/03/2014,3,37
02/03/2014,4,11
02/03/2014,5,7
02/03/2014,6,11
02/03/2014,7,28
02/03/2014,8,92
02/03/2014,9,184
02/03/2014,10,320
02/03/2014,11,424
02/03/2014,12,525
02/03/2014,13,460
02/03/2014,14,447
02/03/2014,15,165
02/03/2014,16,101
02/03/2014,17,119
02/03/2014,18,93
02/03/2014,19,81
02/03/2014,20,79
02/03/2014,21,40
02/03/2014,22,38
02/03/2014,23,10
02/03/2015,0,9
02/03/2015,3,1
02/03/2015,5,14
02/03/2015,6,38
02/03/2015,7,144
02/03/2015,8,308
02/03/2015,9,302
02/03/2015,10,242
02/03/2015,11,151
02/03/2015,12,162
02/03/2015,13,182
02/03/2015,14,157
02/03/2015,15,200
02/03/2015,16,292
02/03/2015,17,566
02/03/2015,18,496
02/03/2015,19,354
02/03/2015,20,207
02/03/2015,21,127
02/03/2015,22,84
02/03/2015,23,31
02/03/2016,0,15
02/03/2016,1,7
02/03/2016,2,1
02/03/2016,3,3
02/03/2016,4,3
02/03/2016,5,61
02/03/2016,6,186
02/03/2016,7,536
02/03/2016,8,906
02/03/2016,9,397
02/03/2016,10,169
02/03/2016,11,179
02/03/2016,12,240
02/03/2016,13,183
02/03/2016,14,187
02/03/2016,15,212
02/03/2016,16,370
02/03/2016,17,782
02/03/2016,18,573
02/03/2016,19,346
02/03/2016,20,242
02/03/2016,21,181
02/03/2016,22,98
02/03/2016,23,41
02/03/2017,0,43
02/03/2017,1,14
02/03/2017,2,9
02/03/2017,3,2
02/03/2017,4,12
02/03/2017,5,63
02/03/2017,6,251
02/03/2017,7,727
02/03/2017,8,1070
02/03/2017,9,464
02/03/2017,10,209
02/03/2017,11,280
02/03/2017,12,327
02/03/2017,13,333
02/03/2017,14,292
02/03/2017,15,386
02/03/2017,16,552
02/03/2017,17,1093
02/03/2017,18,826
02/03/2017,19,428
02/03/2017,20,307
02/03/2017,21,229
02/03/2017,22,137
02/03/2017,23,80
02/03/2018,0,31
02/03/2018,1,11
02/03/2018,2,6
02/03/2018,3,4
02/03/2018,4,7
02/03/2018,5,38
02/03/2018,6,91
02/03/2018,7,150
02/03/2018,8,334
02/03/2018,9,228
02/03/2018,10,137
02/03/2018,11,198
02/03/2018,12,176
02/03/2018,13,200
02/03/2018,14,137
02/03/2018,15,188
02/03/2018,16,217
02/03/2018,17,318
02/03/2018,18,248
02/03/2018,19,159
02/03/2018,20,87
02/03/2018,21,74
02/03/2018,22,72
02/03/2018,23,56
02/04/2014,0,50
02/04/2014,1,25
02/04/2014,2,10
02/04/2014,3,5
02/04/2014,4,7
02/04/2014,5,48
02/04/2014,6,215
02/04/2014,7,573
02/04/2014,8,991
02/04/2014,9,433
02/04/2014,10,229
02/04/2014,11,245
02/04/2014,12,344
02/04/2014,13,354
02/04/2014,14,370
02/04/2014,15,412
02/04/2014,16,531
02/04/2014,17,1116
02/04/2014,18,1053
02/04/2014,19,732
02/04/2014,20,453
02/04/2014,21,373
02/04/2014,22,209
02/04/2014,23,108
02/04/2015,0,28
02/04/2015,1,21
02/04/2015,2,8
02/04/2015,4,2
02/04/2015,5,46
02/04/2015,6,211
02/04/2015,7,623
02/04/2015,8,1138
02/04/2015,9,509
02/04/2015,10,336
02/04/2015,11,433
02/04/2015,12,569
02/04/2015,13,542
02/04/2015,14,543
02/04/2015,15,572
02/04/2015,16,867
02/04/2015,17,1457
02/04/2015,18,1238
02/04/2015,19,782
02/04/2015,20,539
02/04/2015,21,382
02/04/2015,22,280
02/04/2015,23,150
02/04/2016,0,150
02/04/2016,1,102
02/04/2016,2,75
02/04/2016,3,29
02/04/2016,4,12
02/04/2016,5,17
02/04/2016,6,25
02/04/2016,7,45
02/04/2016,8,116
02/04/2016,9,194
02/04/2016,10,244
02/04/2016,11,427
02/04/2016,12,775
02/04/2016,13,926
02/04/2016,14,953
02/04/2016,15,1020
02/04/2016,16,1014
02/04/2016,17,940
02/04/2016,18,811
02/04/2016,19,560
02/04/2016,20,373
02/04/2016,21,257
02/04/2016,22,159
02/04/2016,23,58
02/04/2017,0,163
02/04/2017,1,77
02/04/2017,2,78
02/04/2017,3,27
02/04/2017,4,9
02/04/2017,5,13
02/04/2017,6,244
02/04/2017,7,173
02/04/2017,8,251
02/04/2017,9,592
02/04/2017,10,811
02/04/2017,11,995
02/04/2017,12,1218
02/04/2017,13,1257
02/04/2017,14,1427
02/04/2017,15,1342
02/04/2017,16,1333
02/04/2017,17,1209
02/04/2017,18,940
02/04/2017,19,656
02/04/2017,20,397
02/04/2017,21,231
02/04/2017,22,174
02/04/2017,23,97
02/04/2018,0,43
02/04/2018,1,31
02/04/2018,2,13
02/04/2018,3,4
02/04/2018,4,14
02/04/2018,5,58
02/04/2018,6,163
02/04/2018,7,482
02/04/2018,8,877
02/04/2018,9,529
02/04/2018,10,367
02/04/2018,11,398
02/04/2018,12,431
02/04/2018,13,417
02/04/2018,14,454
02/04/2018,15,507
02/04/2018,16,794
02/04/2018,17,1282
02/04/2018,18,1010
02/04/2018,19,604
02/04/2018,20,424
02/04/2018,21,232
02/04/2018,22,149
02/04/2018,23,119
02/05/2014,0,79
02/05/2014,1,36
02/05/2014,2,27
02/05/2014,3,5
02/05/2014,4,7
02/05/2014,5,67
02/05/2014,6,159
02/05/2014,7,553
02/05/2014,8,1005
02/05/2014,9,525
02/05/2014,10,317
02/05/2014,11,408
02/05/2014,12,521
02/05/2014,13,509
02/05/2014,14,506
02/05/2014,15,534
02/05/2014,16,758
02/05/2014,17,1177
02/05/2014,18,1025
02/05/2014,19,719
02/05/2014,20,486
02/05/2014,21,371
02/05/2014,22,317
02/05/2014,23,222
02/05/2015,0,157
02/05/2015,1,85
02/05/2015,2,67
02/05/2015,3,24
02/05/2015,4,9
02/05/2015,5,4
02/05/2015,6,48
02/05/2015,7,113
02/05/2015,8,296
02/05/2015,9,559
02/05/2015,10,876
02/05/2015,11,923
02/05/2015,12,1028
02/05/2015,13,1074
02/05/2015,14,1141
02/05/2015,15,1158
02/05/2015,16,1081
02/05/2015,17,967
02/05/2015,18,798
02/05/2015,19,660
02/05/2015,20,548
02/05/2015,21,414
02/05/2015,22,328
02/05/2015,23,221
02/05/2016,0,26
02/05/2016,1,4
02/05/2016,2,5
02/05/2016,3,2
02/05/2016,4,10
02/05/2016,5,58
02/05/2016,6,151
02/05/2016,7,535
02/05/2016,8,981
02/05/2016,9,501
02/05/2016,10,262
02/05/2016,11,320
02/05/2016,12,450
02/05/2016,13,478
02/05/2016,14,379
02/05/2016,15,483
02/05/2016,16,751
02/05/2016,17,1444
02/05/2016,18,806
02/05/2016,19,137
02/05/2016,20,129
02/05/2016,21,92
02/05/2016,22,71
02/05/2016,23,64
02/05/2017,0,63
02/05/2017,1,19
02/05/2017,2,19
02/05/2017,3,21
02/05/2017,4,11
02/05/2017,5,97
02/05/2017,6,441
02/05/2017,7,1110
02/05/2017,8,1279
02/05/2017,9,569
02/05/2017,10,334
02/05/2017,11,437
02/05/2017,12,549
02/05/2017,13,545
02/05/2017,14,533
02/05/2017,15,688
02/05/2017,16,1009
02/05/2017,17,1810
02/05/2017,18,1420
02/05/2017,19,886
02/05/2017,20,611
02/05/2017,21,428
02/05/2017,22,291
02/05/2017,23,142
02/06/2014,0,43
02/06/2014,1,11
02/06/2014,2,19
02/06/2014,3,3
02/06/2014,4,6
02/06/2014,5,73
02/06/2014,6,265
02/06/2014,7,704
02/06/2014,8,1010
02/06/2014,9,447
02/06/2014,10,284
02/06/2014,11,354
02/06/2014,12,481
02/06/2014,13,438
02/06/2014,14,435
02/06/2014,15,450
02/06/2014,16,652
02/06/2014,17,1336
02/06/2014,18,1244
02/06/2014,19,790
02/06/2014,20,517
02/06/2014,21,428
02/06/2014,22,239
02/06/2014,23,126
02/06/2015,0,11
02/06/2015,1,4
02/06/2015,2,2
02/06/2015,3,3
02/06/2015,4,6
02/06/2015,5,79
02/06/2015,6,309
02/06/2015,7,793
02/06/2015,8,814
02/06/2015,9,279
02/06/2015,10,199
02/06/2015,11,256
02/06/2015,12,185
02/06/2015,13,241
02/06/2015,14,244
02/06/2015,15,403
02/06/2015,16,584
02/06/2015,17,1150
02/06/2015,18,787
02/06/2015,19,592
02/06/2015,20,430
02/06/2015,21,339
02/06/2015,22,237
02/06/2015,23,108
02/06/2016,0,65
02/06/2016,1,23
02/06/2016,2,8
02/06/2016,3,6
02/06/2016,4,10
02/06/2016,5,106
02/06/2016,6,330
02/06/2016,7,941
02/06/2016,8,1333
02/06/2016,9,601
02/06/2016,10,364
02/06/2016,11,389
02/06/2016,12,462
02/06/2016,13,455
02/06/2016,14,439
02/06/2016,15,564
02/06/2016,16,798
02/06/2016,17,1611
02/06/2016,18,1366
02/06/2016,19,943
02/06/2016,20,675
02/06/2016,21,421
02/06/2016,22,304
02/06/2016,23,152
02/06/2017,0,90
02/06/2017,1,31
02/06/2017,2,26
02/06/2017,3,3
02/06/2017,4,14
02/06/2017,5,85
02/06/2017,6,323
02/06/2017,7,849
02/06/2017,8,1244
02/06/2017,9,637
02/06/2017,10,521
02/06/2017,11,510
02/06/2017,12,751
02/06/2017,13,692
02/06/2017,14,661
02/06/2017,15,847
02/06/2017,16,1149
02/06/2017,17,1681
02/06/2017,18,1277
02/06/2017,19,876
02/06/2017,20,654
02/06/2017,21,502
02/06/2017,22,424
02/06/2017,23,263
02/07/2014,0,90
02/07/2014,1,25
02/07/2014,2,10
02/07/2014,3,2
02/07/2014,4,6
02/07/2014,5,71
02/07/2014,6,285
02/07/2014,7,749
02/07/2014,8,1038
02/07/2014,9,502
02/07/2014,10,327
02/07/2014,11,338
02/07/2014,12,382
02/07/2014,13,347
02/07/2014,14,343
02/07/2014,15,388
02/07/2014,16,579
02/07/2014,17,1111
02/07/2014,18,928
02/07/2014,19,672
02/07/2014,20,562
02/07/2014,21,434
02/07/2014,22,299
02/07/2014,23,77
02/07/2015,0,78
02/07/2015,1,26
02/07/2015,2,7
02/07/2015,3,5
02/07/2015,4,6
02/07/2015,5,77
02/07/2015,6,113
02/07/2015,7,407
02/07/2015,8,959
02/07/2015,9,548
02/07/2015,10,306
02/07/2015,11,403
02/07/2015,12,522
02/07/2015,13,624
02/07/2015,14,689
02/07/2015,15,865
02/07/2015,16,948
02/07/2015,17,1084
02/07/2015,18,1044
02/07/2015,19,739
02/07/2015,20,620
02/07/2015,21,472
02/07/2015,22,389
02/07/2015,23,326
02/07/2016,0,164
02/07/2016,1,122
02/07/2016,2,77
02/07/2016,3,43
02/07/2016,4,24
02/07/2016,5,35
02/07/2016,6,61
02/07/2016,7,142
02/07/2016,8,316
02/07/2016,9,563
02/07/2016,10,762
02/07/2016,11,975
02/07/2016,12,1143
02/07/2016,13,1199
02/07/2016,14,1206
02/07/2016,15,1184
02/07/2016,16,1088
02/07/2016,17,1087
02/07/2016,18,1055
02/07/2016,19,807
02/07/2016,20,740
02/07/2016,21,572
02/07/2016,22,426
02/07/2016,23,281
02/07/2017,0,176
02/07/2017,1,167
02/07/2017,2,98
02/07/2017,3,47
02/07/2017,4,12
02/07/2017,5,29
02/07/2017,6,79
02/07/2017,7,173
02/07/2017,8,342
02/07/2017,9,568
02/07/2017,10,796
02/07/2017,11,937
02/07/2017,12,1028
02/07/2017,13,1070
02/07/2017,14,1136
02/07/2017,15,1115
02/07/2017,16,1031
02/07/2017,17,990
02/07/2017,18,887
02/07/2017,19,925
02/07/2017,20,787
02/07/2017,21,575
02/07/2017,22,378
02/07/2017,23,237
02/08/2014,0,52
02/08/2014,1,50
02/08/2014,2,43
02/08/2014,3,38
02/08/2014,4,12
02/08/2014,5,18
02/08/2014,6,39
02/08/2014,7,104
02/08/2014,8,264
02/08/2014,9,425
02/08/2014,10,601
02/08/2014,11,774
02/08/2014,12,901
02/08/2014,13,853
02/08/2014,14,950
02/08/2014,15,992
02/08/2014,16,873
02/08/2014,17,905
02/08/2014,18,733
02/08/2014,19,643
02/08/2014,20,496
02/08/2014,21,434
02/08/2014,22,387
02/08/2014,23,250
02/08/2015,0,247
02/08/2015,1,167
02/08/2015,2,109
02/08/2015,3,64
02/08/2015,4,24
02/08/2015,5,20
02/08/2015,6,30
02/08/2015,7,109
02/08/2015,8,245
02/08/2015,9,475
02/08/2015,10,729
02/08/2015,11,841
02/08/2015,12,971
02/08/2015,13,928
02/08/2015,14,929
02/08/2015,15,871
02/08/2015,16,1010
02/08/2015,17,800
02/08/2015,18,843
02/08/2015,19,679
02/08/2015,20,532
02/08/2015,21,378
02/08/2015,22,280
02/08/2015,23,166
02/08/2016,0,69
02/08/2016,1,26
02/08/2016,2,14
02/08/2016,3,6
02/08/2016,4,18
02/08/2016,5,105
02/08/2016,6,445
02/08/2016,7,974
02/08/2016,8,1256
02/08/2016,9,554
02/08/2016,10,383
02/08/2016,11,449
02/08/2016,12,499
02/08/2016,13,495
02/08/2016,14,454
02/08/2016,15,534
02/08/2016,16,875
02/08/2016,17,1736
02/08/2016,18,1541
02/08/2016,19,1073
02/08/2016,20,805
02/08/2016,21,557
02/08/2016,22,332
02/08/2016,23,174
02/08/2017,0,78
02/08/2017,1,38
02/08/2017,2,37
02/08/2017,3,6
02/08/2017,4,24
02/08/2017,5,128
02/08/2017,6,434
02/08/2017,7,991
02/08/2017,8,1336
02/08/2017,9,661
02/08/2017,10,400
02/08/2017,11,482
02/08/2017,12,594
02/08/2017,13,560
02/08/2017,14,596
02/08/2017,15,630
02/08/2017,16,978
02/08/2017,17,1729
02/08/2017,18,1435
02/08/2017,19,1040
02/08/2017,20,767
02/08/2017,21,552
02/08/2017,22,385
02/08/2017,23,198
02/09/2014,0,32
02/09/2014,1,16
02/09/2014,2,16
02/09/2014,3,2
02/09/2014,4,15
02/09/2014,5,73
02/09/2014,6,305
02/09/2014,7,736
02/09/2014,8,929
02/09/2014,9,460
02/09/2014,10,254
02/09/2014,11,298
02/09/2014,12,398
02/09/2014,13,365
02/09/2014,14,324
02/09/2014,15,370
02/09/2014,16,593
02/09/2014,17,1116
02/09/2014,18,1066
02/09/2014,19,474
02/09/2014,20,232
02/09/2014,21,228
02/09/2014,22,203
02/09/2014,23,118
02/09/2015,0,71
02/09/2015,1,16
02/09/2015,2,12
02/09/2015,3,2
02/09/2015,4,15
02/09/2015,5,113
02/09/2015,6,363
02/09/2015,7,879
02/09/2015,8,1253
02/09/2015,9,542
02/09/2015,10,296
02/09/2015,11,436
02/09/2015,12,470
02/09/2015,13,431
02/09/2015,14,399
02/09/2015,15,422
02/09/2015,16,707
02/09/2015,17,1369
02/09/2015,18,1323
02/09/2015,19,868
02/09/2015,20,582
02/09/2015,21,388
02/09/2015,22,258
02/09/2015,23,163
02/09/2016,0,187
02/09/2016,1,55
02/09/2016,2,29
02/09/2016,3,9
02/09/2016,4,15
02/09/2016,5,87
02/09/2016,6,234
02/09/2016,7,748
02/09/2016,8,1139
02/09/2016,9,628
02/09/2016,10,407
02/09/2016,11,562
02/09/2016,12,674
02/09/2016,13,769
02/09/2016,14,816
02/09/2016,15,994
02/09/2016,16,1034
02/09/2016,17,1255
02/09/2016,18,971
02/09/2016,19,684
02/09/2016,20,541
02/09/2016,21,389
02/09/2016,22,279
02/09/2016,23,209
02/09/2017,0,137
02/09/2017,1,91
02/09/2017,2,66
02/09/2017,3,33
02/09/2017,4,4
02/09/2017,5,12
02/09/2017,6,14
02/09/2017,7,56
02/09/2017,8,108
02/09/2017,9,92
02/09/2017,10,110
02/09/2017,11,123
02/09/2017,12,249
02/09/2017,13,271
02/09/2017,14,184
02/09/2017,15,219
02/09/2017,16,346
02/09/2017,17,396
02/09/2017,18,412
02/09/2017,19,381
02/09/2017,20,261
02/09/2017,21,246
02/09/2017,22,184
02/09/2017,23,180
02/10/2014,0,50
02/10/2014,1,22
02/10/2014,2,8
02/10/2014,3,2
02/10/2014,4,14
02/10/2014,5,74
02/10/2014,6,313
02/10/2014,7,826
02/10/2014,8,1218
02/10/2014,9,500
02/10/2014,10,315
02/10/2014,11,443
02/10/2014,12,445
02/10/2014,13,471
02/10/2014,14,460
02/10/2014,15,571
02/10/2014,16,799
02/10/2014,17,1465
02/10/2014,18,1231
02/10/2014,19,881
02/10/2014,20,572
02/10/2014,21,493
02/10/2014,22,318
02/10/2014,23,206
02/10/2015,0,45
02/10/2015,1,30
02/10/2015,2,4
02/10/2015,3,7
02/10/2015,4,2
02/10/2015,5,24
02/10/2015,6,67
02/10/2015,7,121
02/10/2015,8,244
02/10/2015,9,163
02/10/2015,10,81
02/10/2015,11,73
02/10/2015,12,55
02/10/2015,13,68
02/10/2015,14,46
02/10/2015,15,85
02/10/2015,16,118
02/10/2015,17,244
02/10/2015,18,197
02/10/2015,19,155
02/10/2015,20,65
02/10/2015,21,72
02/10/2015,22,60
02/10/2015,23,53
02/10/2016,0,191
02/10/2016,1,102
02/10/2016,2,71
02/10/2016,3,36
02/10/2016,4,9
02/10/2016,5,5
02/10/2016,6,45
02/10/2016,7,93
02/10/2016,8,209
02/10/2016,9,406
02/10/2016,10,670
02/10/2016,11,791
02/10/2016,12,926
02/10/2016,13,892
02/10/2016,14,922
02/10/2016,15,948
02/10/2016,16,973
02/10/2016,17,898
02/10/2016,18,853
02/10/2016,19,588
02/10/2016,20,348
02/10/2016,21,209
02/10/2016,22,175
02/10/2016,23,84
02/10/2017,0,63
02/10/2017,1,17
02/10/2017,2,11
02/10/2017,3,7
02/10/2017,4,18
02/10/2017,5,103
02/10/2017,6,365
02/10/2017,7,895
02/10/2017,8,1266
02/10/2017,9,584
02/10/2017,10,352
02/10/2017,11,455
02/10/2017,12,526
02/10/2017,13,619
02/10/2017,14,539
02/10/2017,15,654
02/10/2017,16,1082
02/10/2017,17,1810
02/10/2017,18,1354
02/10/2017,19,843
02/10/2017,20,502
02/10/2017,21,323
02/10/2017,22,200
02/10/2017,23,112
02/11/2014,0,115
02/11/2014,1,143
02/11/2014,2,30
02/11/2014,3,14
02/11/2014,4,3
02/11/2014,5,5
02/11/2014,6,25
02/11/2014,7,76
02/11/2014,8,161
02/11/2014,9,294
02/11/2014,10,374
02/11/2014,11,434
02/11/2014,12,554
02/11/2014,13,521
02/11/2014,14,509
02/11/2014,15,502
02/11/2014,16,543
02/11/2014,17,404
02/11/2014,18,295
02/11/2014,19,228
02/11/2014,20,152
02/11/2014,21,115
02/11/2014,22,95
02/11/2014,23,51
02/11/2015,0,29
02/11/2015,1,16
02/11/2015,2,13
02/11/2015,3,3
02/11/2015,4,5
02/11/2015,5,84
02/11/2015,6,287
02/11/2015,7,882
02/11/2015,8,1106
02/11/2015,9,461
02/11/2015,10,262
02/11/2015,11,281
02/11/2015,12,398
02/11/2015,13,363
02/11/2015,14,330
02/11/2015,15,410
02/11/2015,16,685
02/11/2015,17,1271
02/11/2015,18,953
02/11/2015,19,676
02/11/2015,20,435
02/11/2015,21,274
02/11/2015,22,159
02/11/2015,23,63
02/11/2016,0,59
02/11/2016,1,9
02/11/2016,2,3
02/11/2016,3,3
02/11/2016,4,10
02/11/2016,5,104
02/11/2016,6,348
02/11/2016,7,991
02/11/2016,8,1301
02/11/2016,9,576
02/11/2016,10,308
02/11/2016,11,464
02/11/2016,12,517
02/11/2016,13,494
02/11/2016,14,461
02/11/2016,15,598
02/11/2016,16,938
02/11/2016,17,1689
02/11/2016,18,1317
02/11/2016,19,789
02/11/2016,20,474
02/11/2016,21,350
02/11/2016,22,230
02/11/2016,23,90
02/11/2017,0,65
02/11/2017,1,20
02/11/2017,2,6
02/11/2017,3,5
02/11/2017,4,19
02/11/2017,5,87
02/11/2017,6,339
02/11/2017,7,876
02/11/2017,8,1336
02/11/2017,9,662
02/11/2017,10,345
02/11/2017,11,445
02/11/2017,12,557
02/11/2017,13,550
02/11/2017,14,577
02/11/2017,15,706
02/11/2017,16,1006
02/11/2017,17,1727
02/11/2017,18,1377
02/11/2017,19,762
02/11/2017,20,523
02/11/2017,21,416
02/11/2017,22,349
02/11/2017,23,170
02/12/2014,0,20
02/12/2014,1,9
02/12/2014,2,4
02/12/2014,3,2
02/12/2014,4,1
02/12/2014,5,41
02/12/2014,6,136
02/12/2014,7,159
02/12/2014,8,143
02/12/2014,9,68
02/12/2014,10,77
02/12/2014,11,105
02/12/2014,12,119
02/12/2014,13,100
02/12/2014,14,101
02/12/2014,15,120
02/12/2014,16,174
02/12/2014,17,413
02/12/2014,18,432
02/12/2014,19,186
02/12/2014,20,74
02/12/2014,21,68
02/12/2014,22,52
02/12/2014,23,49
02/12/2015,0,45
02/12/2015,1,11
02/12/2015,2,2
02/12/2015,3,1
02/12/2015,4,4
02/12/2015,5,54
02/12/2015,6,198
02/12/2015,7,272
02/12/2015,8,791
02/12/2015,9,445
02/12/2015,10,149
02/12/2015,11,107
02/12/2015,12,100
02/12/2015,13,96
02/12/2015,14,143
02/12/2015,15,188
02/12/2015,16,370
02/12/2015,17,698
02/12/2015,18,716
02/12/2015,19,466
02/12/2015,20,338
02/12/2015,21,295
02/12/2015,22,164
02/12/2015,23,87
02/12/2016,0,47
02/12/2016,1,27
02/12/2016,2,14
02/12/2016,3,6
02/12/2016,4,14
02/12/2016,5,70
02/12/2016,6,222
02/12/2016,7,636
02/12/2016,8,1046
02/12/2016,9,501
02/12/2016,10,279
02/12/2016,11,308
02/12/2016,12,414
02/12/2016,13,406
02/12/2016,14,398
02/12/2016,15,502
02/12/2016,16,698
02/12/2016,17,1013
02/12/2016,18,677
02/12/2016,19,467
02/12/2016,20,239
02/12/2016,21,172
02/12/2016,22,149
02/12/2016,23,106
02/12/2017,0,106
02/12/2017,1,76
02/12/2017,2,63
02/12/2017,3,26
02/12/2017,4,6
02/12/2017,5,9
02/12/2017,6,33
02/12/2017,7,94
02/12/2017,8,230
02/12/2017,9,343
02/12/2017,10,534
02/12/2017,11,615
02/12/2017,12,678
02/12/2017,13,710
02/12/2017,14,657
02/12/2017,15,728
02/12/2017,16,678
02/12/2017,17,594
02/12/2017,18,406
02/12/2017,19,268
02/12/2017,20,223
02/12/2017,21,170
02/12/2017,22,163
02/12/2017,23,150
03/01/2014,0,7
03/01/2014,1,9
03/01/2014,2,3
03/01/2014,4,2
03/01/2014,5,11
03/01/2014,6,18
03/01/2014,7,51
03/01/2014,8,132
03/01/2014,9,101
03/01/2014,10,59
03/01/2014,11,53
03/01/2014,12,71
03/01/2014,13,77
03/01/2014,14,79
03/01/2014,15,107
03/01/2014,16,119
03/01/2014,17,222
03/01/2014,18,194
03/01/2014,19,103
03/01/2014,20,67
03/01/2014,21,53
03/01/2014,22,40
03/01/2014,23,30
03/01/2015,0,61
03/01/2015,1,50
03/01/2015,2,21
03/01/2015,3,14
03/01/2015,4,6
03/01/2015,5,2
03/01/2015,6,11
03/01/2015,7,25
03/01/2015,8,40
03/01/2015,9,84
03/01/2015,10,159
03/01/2015,11,133
03/01/2015,12,95
03/01/2015,13,118
03/01/2015,14,144
03/01/2015,15,155
03/01/2015,16,122
03/01/2015,17,104
03/01/2015,18,114
03/01/2015,19,85
03/01/2015,20,51
03/01/2015,21,26
03/01/2015,22,26
03/01/2015,23,57
03/01/2016,0,60
03/01/2016,1,42
03/01/2016,2,39
03/01/2016,3,15
03/01/2016,4,6
03/01/2016,5,9
03/01/2016,6,5
03/01/2016,7,33
03/01/2016,8,87
03/01/2016,9,168
03/01/2016,10,308
03/01/2016,11,413
03/01/2016,12,503
03/01/2016,13,518
03/01/2016,14,524
03/01/2016,15,546
03/01/2016,16,579
03/01/2016,17,398
03/01/2016,18,237
03/01/2016,19,172
03/01/2016,20,115
03/01/2016,21,96
03/01/2016,22,64
03/01/2016,23,28
03/01/2017,0,13
03/01/2017,1,5
03/01/2017,2,2
03/01/2017,4,2
03/01/2017,5,47
03/01/2017,6,89
03/01/2017,7,130
03/01/2017,8,178
03/01/2017,9,57
03/01/2017,10,37
03/01/2017,11,52
03/01/2017,12,82
03/01/2017,13,125
03/01/2017,14,129
03/01/2017,15,221
03/01/2017,16,391
03/01/2017,17,766
03/01/2017,18,637
03/01/2017,19,338
03/01/2017,20,195
03/01/2017,21,142
03/01/2017,22,97
03/01/2017,23,36
03/01/2018,0,9
03/01/2018,1,2
03/01/2018,2,3
03/01/2018,3,5
03/01/2018,4,12
03/01/2018,5,47
03/01/2018,6,145
03/01/2018,7,342
03/01/2018,8,626
03/01/2018,9,322
03/01/2018,10,152
03/01/2018,11,144
03/01/2018,12,189
03/01/2018,13,177
03/01/2018,14,162
03/01/2018,15,261
03/01/2018,16,368
03/01/2018,17,669
03/01/2018,18,521
03/01/2018,19,256
03/01/2018,20,142
03/01/2018,21,100
03/01/2018,22,67
03/01/2018,23,27
03/02/2014,0,11
03/02/2014,1,7
03/02/2014,2,3
03/02/2014,3,1
03/02/2014,5,8
03/02/2014,6,23
03/02/2014,7,57
03/02/2014,8,87
03/02/2014,9,62
03/02/2014,10,27
03/02/2014,11,33
03/02/2014,12,44
03/02/2014,13,39
03/02/2014,14,59
03/02/2014,15,112
03/02/2014,16,198
03/02/2014,17,449
03/02/2014,18,410
03/02/2014,19,306
03/02/2014,20,224
03/02/2014,21,171
03/02/2014,22,87
03/02/2014,23,44
03/02/2015,0,8
03/02/2015,1,7
03/02/2015,4,3
03/02/2015,5,34
03/02/2015,6,117
03/02/2015,7,375
03/02/2015,8,755
03/02/2015,9,358
03/02/2015,10,112
03/02/2015,11,124
03/02/2015,12,166
03/02/2015,13,190
03/02/2015,14,158
03/02/2015,15,221
03/02/2015,16,319
03/02/2015,17,654
03/02/2015,18,569
03/02/2015,19,399
03/02/2015,20,237
03/02/2015,21,176
03/02/2015,22,100
03/02/2015,23,35
03/02/2016,0,23
03/02/2016,1,6
03/02/2016,2,1
03/02/2016,4,6
03/02/2016,5,62
03/02/2016,6,200
03/02/2016,7,480
03/02/2016,8,702
03/02/2016,9,224
03/02/2016,10,133
03/02/2016,11,133
03/02/2016,12,86
03/02/2016,13,27
03/02/2016,14,46
03/02/2016,15,67
03/02/2016,16,165
03/02/2016,17,366
03/02/2016,18,501
03/02/2016,19,367
03/02/2016,20,253
03/02/2016,21,175
03/02/2016,22,158
03/02/2016,23,62
03/02/2017,0,50
03/02/2017,1,16
03/02/2017,2,5
03/02/2017,3,1
03/02/2017,4,6
03/02/2017,5,54
03/02/2017,6,187
03/02/2017,7,530
03/02/2017,8,916
03/02/2017,9,472
03/02/2017,10,221
03/02/2017,11,265
03/02/2017,12,301
03/02/2017,13,305
03/02/2017,14,268
03/02/2017,15,360
03/02/2017,16,487
03/02/2017,17,776
03/02/2017,18,548
03/02/2017,19,306
03/02/2017,20,182
03/02/2017,21,134
03/02/2017,22,87
03/02/2017,23,66
03/02/2018,0,37
03/02/2018,1,32
03/02/2018,2,17
03/02/2018,3,5
03/02/2018,4,9
03/02/2018,5,7
03/02/2018,6,17
03/02/2018,7,54
03/02/2018,8,136
03/02/2018,9,191
03/02/2018,10,253
03/02/2018,11,359
03/02/2018,12,352
03/02/2018,13,353
03/02/2018,14,336
03/02/2018,15,357
03/02/2018,16,317
03/02/2018,17,240
03/02/2018,18,241
03/02/2018,19,162
03/02/2018,20,103
03/02/2018,21,96
03/02/2018,22,71
03/02/2018,23,49
03/03/2014,0,16
03/03/2014,1,8
03/03/2014,2,5
03/03/2014,4,2
03/03/2014,5,8
03/03/2014,6,4
03/03/2014,7,13
03/03/2014,8,9
03/03/2014,9,10
03/03/2014,10,11
03/03/2014,11,16
03/03/2014,12,11
03/03/2014,13,11
03/03/2014,14,20
03/03/2014,15,33
03/03/2014,16,37
03/03/2014,17,46
03/03/2014,18,45
03/03/2014,19,44
03/03/2014,20,20
03/03/2014,21,20
03/03/2014,22,17
03/03/2014,23,12
03/03/2015,0,18
03/03/2015,1,1
03/03/2015,2,2
03/03/2015,3,3
03/03/2015,4,5
03/03/2015,5,37
03/03/2015,6,122
03/03/2015,7,366
03/03/2015,8,756
03/03/2015,9,372
03/03/2015,10,167
03/03/2015,11,149
03/03/2015,12,149
03/03/2015,13,106
03/03/2015,14,92
03/03/2015,15,140
03/03/2015,16,164
03/03/2015,17,285
03/03/2015,18,258
03/03/2015,19,211
03/03/2015,20,163
03/03/2015,21,110
03/03/2015,22,105
03/03/2015,23,50
03/03/2016,0,13
03/03/2016,1,8
03/03/2016,2,2
03/03/2016,4,6
03/03/2016,5,51
03/03/2016,6,192
03/03/2016,7,506
03/03/2016,8,884
03/03/2016,9,399
03/03/2016,10,152
03/03/2016,11,179
03/03/2016,12,207
03/03/2016,13,227
03/03/2016,14,204
03/03/2016,15,233
03/03/2016,16,396
03/03/2016,17,761
03/03/2016,18,644
03/03/2016,19,385
03/03/2016,20,224
03/03/2016,21,137
03/03/2016,22,54
03/03/2016,23,38
03/03/2017,0,43
03/03/2017,1,13
03/03/2017,2,14
03/03/2017,3,1
03/03/2017,4,14
03/03/2017,5,64
03/03/2017,6,180
03/03/2017,7,468
03/03/2017,8,923
03/03/2017,9,489
03/03/2017,10,254
03/03/2017,11,286
03/03/2017,12,335
03/03/2017,13,307
03/03/2017,14,276
03/03/2017,15,339
03/03/2017,16,533
03/03/2017,17,797
03/03/2017,18,587
03/03/2017,19,291
03/03/2017,20,189
03/03/2017,21,145
03/03/2017,22,124
03/03/2017,23,69
03/03/2018,0,52
03/03/2018,1,36
03/03/2018,2,24
03/03/2018,3,9
03/03/2018,4,5
03/03/2018,5,7
03/03/2018,6,28
03/03/2018,7,65
03/03/2018,8,140
03/03/2018,9,245
03/03/2018,10,288
03/03/2018,11,402
03/03/2018,12,487
03/03/2018,13,596
03/03/2018,14,618
03/03/2018,15,628
03/03/2018,16,577
03/03/2018,17,491
03/03/2018,18,340
03/03/2018,19,210
03/03/2018,20,150
03/03/2018,21,111
03/03/2018,22,103
03/03/2018,23,102
03/04/2014,0,41
03/04/2014,1,20
03/04/2014,2,6
03/04/2014,3,4
03/04/2014,4,8
03/04/2014,5,39
03/04/2014,6,179
03/04/2014,7,576
03/04/2014,8,982
03/04/2014,9,564
03/04/2014,10,313
03/04/2014,11,317
03/04/2014,12,437
03/04/2014,13,412
03/04/2014,14,403
03/04/2014,15,459
03/04/2014,16,540
03/04/2014,17,1006
03/04/2014,18,1007
03/04/2014,19,653
03/04/2014,20,426
03/04/2014,21,339
03/04/2014,22,239
03/04/2014,23,137
03/04/2015,0,72
03/04/2015,1,40
03/04/2015,2,25
03/04/2015,3,2
03/04/2015,4,3
03/04/2015,5,67
03/04/2015,6,180
03/04/2015,7,477
03/04/2015,8,488
03/04/2015,9,184
03/04/2015,10,85
03/04/2015,11,144
03/04/2015,12,216
03/04/2015,13,159
03/04/2015,14,184
03/04/2015,15,354
03/04/2015,16,631
03/04/2015,17,810
03/04/2015,18,783
03/04/2015,19,499
03/04/2015,20,338
03/04/2015,21,297
03/04/2015,22,221
03/04/2015,23,169
03/04/2016,0,60
03/04/2016,1,61
03/04/2016,2,36
03/04/2016,3,19
03/04/2016,4,6
03/04/2016,5,12
03/04/2016,6,114
03/04/2016,7,105
03/04/2016,8,135
03/04/2016,9,239
03/04/2016,10,359
03/04/2016,11,482
03/04/2016,12,555
03/04/2016,13,587
03/04/2016,14,606
03/04/2016,15,680
03/04/2016,16,616
03/04/2016,17,592
03/04/2016,18,528
03/04/2016,19,390
03/04/2016,20,270
03/04/2016,21,164
03/04/2016,22,131
03/04/2016,23,53
03/04/2017,0,39
03/04/2017,1,19
03/04/2017,2,10
03/04/2017,3,5
03/04/2017,4,6
03/04/2017,5,78
03/04/2017,6,275
03/04/2017,7,719
03/04/2017,8,1039
03/04/2017,9,559
03/04/2017,10,473
03/04/2017,11,537
03/04/2017,12,621
03/04/2017,13,528
03/04/2017,14,519
03/04/2017,15,669
03/04/2017,16,974
03/04/2017,17,1542
03/04/2017,18,1165
03/04/2017,19,648
03/04/2017,20,193
03/04/2017,21,102
03/04/2017,22,88
03/04/2017,23,60
03/04/2018,0,31
03/04/2018,1,12
03/04/2018,2,2
03/04/2018,3,1
03/04/2018,4,22
03/04/2018,5,72
03/04/2018,6,256
03/04/2018,7,674
03/04/2018,8,1207
03/04/2018,9,567
03/04/2018,10,300
03/04/2018,11,371
03/04/2018,12,445
03/04/2018,13,422
03/04/2018,14,354
03/04/2018,15,374
03/04/2018,16,621
03/04/2018,17,1204
03/04/2018,18,913
03/04/2018,19,553
03/04/2018,20,311
03/04/2018,21,254
03/04/2018,22,171
03/04/2018,23,89
03/05/2014,0,176
03/05/2014,1,95
03/05/2014,2,78
03/05/2014,3,25
03/05/2014,4,10
03/05/2014,5,16
03/05/2014,6,41
03/05/2014,7,134
03/05/2014,8,264
03/05/2014,9,544
03/05/2014,10,652
03/05/2014,11,786
03/05/2014,12,922
03/05/2014,13,980
03/05/2014,14,963
03/05/2014,15,944
03/05/2014,16,948
03/05/2014,17,922
03/05/2014,18,713
03/05/2014,19,627
03/05/2014,20,418
03/05/2014,21,378
03/05/2014,22,316
03/05/2014,23,230
03/05/2015,0,149
03/05/2015,1,230
03/05/2015,2,90
03/05/2015,3,36
03/05/2015,4,7
03/05/2015,5,13
03/05/2015,6,31
03/05/2015,7,105
03/05/2015,8,253
03/05/2015,9,503
03/05/2015,10,812
03/05/2015,11,1001
03/05/2015,12,1061
03/05/2015,13,1063
03/05/2015,14,1122
03/05/2015,15,1096
03/05/2015,16,1000
03/05/2015,17,896
03/05/2015,18,811
03/05/2015,19,681
03/05/2015,20,479
03/05/2015,21,327
03/05/2015,22,219
03/05/2015,23,121
03/05/2016,0,22
03/05/2016,1,12
03/05/2016,2,9
03/05/2016,3,6
03/05/2016,4,5
03/05/2016,5,64
03/05/2016,6,160
03/05/2016,7,517
03/05/2016,8,997
03/05/2016,9,517
03/05/2016,10,279
03/05/2016,11,320
03/05/2016,12,361
03/05/2016,13,383
03/05/2016,14,392
03/05/2016,15,454
03/05/2016,16,665
03/05/2016,17,482
03/05/2016,18,816
03/05/2016,19,662
03/05/2016,20,423
03/05/2016,21,305
03/05/2016,22,199
03/05/2016,23,82
03/05/2017,0,65
03/05/2017,1,32
03/05/2017,2,28
03/05/2017,3,8
03/05/2017,4,12
03/05/2017,5,102
03/05/2017,6,399
03/05/2017,7,1095
03/05/2017,8,1270
03/05/2017,9,634
03/05/2017,10,388
03/05/2017,11,432
03/05/2017,12,564
03/05/2017,13,538
03/05/2017,14,446
03/05/2017,15,556
03/05/2017,16,1032
03/05/2017,17,1713
03/05/2017,18,1400
03/05/2017,19,859
03/05/2017,20,552
03/05/2017,21,379
03/05/2017,22,315
03/05/2017,23,112
03/06/2014,0,59
03/06/2014,1,16
03/06/2014,2,12
03/06/2014,3,3
03/06/2014,4,6
03/06/2014,5,68
03/06/2014,6,305
03/06/2014,7,810
03/06/2014,8,1070
03/06/2014,9,483
03/06/2014,10,308
03/06/2014,11,366
03/06/2014,12,433
03/06/2014,13,268
03/06/2014,14,203
03/06/2014,15,390
03/06/2014,16,611
03/06/2014,17,1245
03/06/2014,18,1274
03/06/2014,19,805
03/06/2014,20,597
03/06/2014,21,512
03/06/2014,22,361
03/06/2014,23,162
03/06/2015,0,23
03/06/2015,1,13
03/06/2015,2,4
03/06/2015,3,3
03/06/2015,4,8
03/06/2015,5,86
03/06/2015,6,311
03/06/2015,7,816
03/06/2015,8,1005
03/06/2015,9,464
03/06/2015,10,250
03/06/2015,11,264
03/06/2015,12,389
03/06/2015,13,391
03/06/2015,14,341
03/06/2015,15,378
03/06/2015,16,669
03/06/2015,17,1274
03/06/2015,18,1178
03/06/2015,19,745
03/06/2015,20,498
03/06/2015,21,407
03/06/2015,22,245
03/06/2015,23,120
03/06/2016,0,69
03/06/2016,1,30
03/06/2016,2,16
03/06/2016,3,13
03/06/2016,4,13
03/06/2016,5,104
03/06/2016,6,276
03/06/2016,7,772
03/06/2016,8,1258
03/06/2016,9,558
03/06/2016,10,316
03/06/2016,11,436
03/06/2016,12,547
03/06/2016,13,588
03/06/2016,14,523
03/06/2016,15,317
03/06/2016,16,422
03/06/2016,17,278
03/06/2016,18,308
03/06/2016,19,468
03/06/2016,20,405
03/06/2016,21,362
03/06/2016,22,233
03/06/2016,23,205
03/06/2017,0,188
03/06/2017,1,112
03/06/2017,2,79
03/06/2017,3,29
03/06/2017,4,15
03/06/2017,5,43
03/06/2017,6,78
03/06/2017,7,175
03/06/2017,8,393
03/06/2017,9,670
03/06/2017,10,888
03/06/2017,11,1083
03/06/2017,12,1083
03/06/2017,13,1205
03/06/2017,14,1167
03/06/2017,15,1076
03/06/2017,16,1007
03/06/2017,17,1015
03/06/2017,18,999
03/06/2017,19,893
03/06/2017,20,655
03/06/2017,21,402
03/06/2017,22,360
03/06/2017,23,283
03/07/2014,0,55
03/07/2014,1,24
03/07/2014,2,24
03/07/2014,3,10
03/07/2014,4,8
03/07/2014,5,47
03/07/2014,6,233
03/07/2014,7,580
03/07/2014,8,952
03/07/2014,9,561
03/07/2014,10,373
03/07/2014,11,441
03/07/2014,12,505
03/07/2014,13,527
03/07/2014,14,604
03/07/2014,15,805
03/07/2014,16,598
03/07/2014,17,314
03/07/2014,18,488
03/07/2014,19,394
03/07/2014,20,312
03/07/2014,21,335
03/07/2014,22,215
03/07/2014,23,193
03/07/2015,0,172
03/07/2015,1,117
03/07/2015,2,98
03/07/2015,3,28
03/07/2015,4,11
03/07/2015,5,39
03/07/2015,6,65
03/07/2015,7,127
03/07/2015,8,274
03/07/2015,9,480
03/07/2015,10,766
03/07/2015,11,947
03/07/2015,12,1091
03/07/2015,13,1190
03/07/2015,14,1261
03/07/2015,15,1177
03/07/2015,16,1221
03/07/2015,17,1082
03/07/2015,18,829
03/07/2015,19,502
03/07/2015,20,458
03/07/2015,21,360
03/07/2015,22,262
03/07/2015,23,234
03/07/2016,0,207
03/07/2016,1,173
03/07/2016,2,89
03/07/2016,3,48
03/07/2016,4,22
03/07/2016,5,28
03/07/2016,6,27
03/07/2016,7,79
03/07/2016,8,189
03/07/2016,9,373
03/07/2016,10,730
03/07/2016,11,965
03/07/2016,12,1198
03/07/2016,13,1256
03/07/2016,14,1297
03/07/2016,15,1277
03/07/2016,16,985
03/07/2016,17,782
03/07/2016,18,754
03/07/2016,19,679
03/07/2016,20,628
03/07/2016,21,540
03/07/2016,22,433
03/07/2016,23,277
03/07/2017,0,114
03/07/2017,1,72
03/07/2017,2,44
03/07/2017,3,6
03/07/2017,4,15
03/07/2017,5,73
03/07/2017,6,232
03/07/2017,7,520
03/07/2017,8,734
03/07/2017,9,694
03/07/2017,10,784
03/07/2017,11,897
03/07/2017,12,985
03/07/2017,13,952
03/07/2017,14,1123
03/07/2017,15,1184
03/07/2017,16,1208
03/07/2017,17,1273
03/07/2017,18,1094
03/07/2017,19,1005
03/07/2017,20,856
03/07/2017,21,675
03/07/2017,22,438
03/07/2017,23,315
03/08/2014,0,200
03/08/2014,1,157
03/08/2014,2,91
03/08/2014,3,43
03/08/2014,4,11
03/08/2014,5,10
03/08/2014,6,30
03/08/2014,7,77
03/08/2014,8,183
03/08/2014,9,360
03/08/2014,10,637
03/08/2014,11,700
03/08/2014,12,896
03/08/2014,13,847
03/08/2014,14,824
03/08/2014,15,848
03/08/2014,16,805
03/08/2014,17,777
03/08/2014,18,732
03/08/2014,19,588
03/08/2014,20,498
03/08/2014,21,327
03/08/2014,22,149
03/08/2014,23,34
03/08/2015,0,62
03/08/2015,1,24
03/08/2015,2,11
03/08/2015,3,3
03/08/2015,4,11
03/08/2015,5,83
03/08/2015,6,318
03/08/2015,7,802
03/08/2015,8,1050
03/08/2015,9,609
03/08/2015,10,405
03/08/2015,11,500
03/08/2015,12,490
03/08/2015,13,477
03/08/2015,14,518
03/08/2015,15,571
03/08/2015,16,749
03/08/2015,17,1404
03/08/2015,18,1341
03/08/2015,19,1000
03/08/2015,20,681
03/08/2015,21,525
03/08/2015,22,293
03/08/2015,23,158
03/08/2016,0,56
03/08/2016,1,33
03/08/2016,2,11
03/08/2016,3,8
03/08/2016,4,18
03/08/2016,5,133
03/08/2016,6,390
03/08/2016,7,1005
03/08/2016,8,1293
03/08/2016,9,612
03/08/2016,10,411
03/08/2016,11,477
03/08/2016,12,572
03/08/2016,13,578
03/08/2016,14,512
03/08/2016,15,645
03/08/2016,16,938
03/08/2016,17,1634
03/08/2016,18,1409
03/08/2016,19,1077
03/08/2016,20,781
03/08/2016,21,476
03/08/2016,22,358
03/08/2016,23,164
03/08/2017,0,114
03/08/2017,1,45
03/08/2017,2,26
03/08/2017,3,5
03/08/2017,4,12
03/08/2017,5,125
03/08/2017,6,408
03/08/2017,7,955
03/08/2017,8,1296
03/08/2017,9,616
03/08/2017,10,409
03/08/2017,11,497
03/08/2017,12,643
03/08/2017,13,572
03/08/2017,14,554
03/08/2017,15,736
03/08/2017,16,981
03/08/2017,17,1678
03/08/2017,18,885
03/08/2017,19,639
03/08/2017,20,584
03/08/2017,21,457
03/08/2017,22,340
03/08/2017,23,219
03/09/2014,0,23
03/09/2014,1,14
03/09/2014,2,12
03/09/2014,3,3
03/09/2014,4,11
03/09/2014,5,79
03/09/2014,6,323
03/09/2014,7,764
03/09/2014,8,1137
03/09/2014,9,450
03/09/2014,10,290
03/09/2014,11,313
03/09/2014,12,401
03/09/2014,13,415
03/09/2014,14,351
03/09/2014,15,389
03/09/2014,16,666
03/09/2014,17,1272
03/09/2014,18,1171
03/09/2014,19,873
03/09/2014,20,588
03/09/2014,21,403
03/09/2014,22,306
03/09/2014,23,158
03/09/2015,0,59
03/09/2015,1,18
03/09/2015,2,8
03/09/2015,3,3
03/09/2015,4,16
03/09/2015,5,87
03/09/2015,6,342
03/09/2015,7,836
03/09/2015,8,1207
03/09/2015,9,558
03/09/2015,10,352
03/09/2015,11,408
03/09/2015,12,482
03/09/2015,13,409
03/09/2015,14,397
03/09/2015,15,530
03/09/2015,16,723
03/09/2015,17,1338
03/09/2015,18,1134
03/09/2015,19,839
03/09/2015,20,538
03/09/2015,21,400
03/09/2015,22,283
03/09/2015,23,164
03/09/2016,0,122
03/09/2016,1,78
03/09/2016,2,74
03/09/2016,3,36
03/09/2016,4,18
03/09/2016,5,22
03/09/2016,6,53
03/09/2016,7,124
03/09/2016,8,243
03/09/2016,9,452
03/09/2016,10,586
03/09/2016,11,759
03/09/2016,12,912
03/09/2016,13,939
03/09/2016,14,962
03/09/2016,15,934
03/09/2016,16,940
03/09/2016,17,944
03/09/2016,18,794
03/09/2016,19,714
03/09/2016,20,535
03/09/2016,21,339
03/09/2016,22,269
03/09/2016,23,178
03/09/2017,0,108
03/09/2017,1,79
03/09/2017,2,52
03/09/2017,3,22
03/09/2017,4,7
03/09/2017,5,17
03/09/2017,6,40
03/09/2017,7,92
03/09/2017,8,266
03/09/2017,9,538
03/09/2017,10,847
03/09/2017,11,1098
03/09/2017,12,1255
03/09/2017,13,1354
03/09/2017,14,1451
03/09/2017,15,1360
03/09/2017,16,1307
03/09/2017,17,1254
03/09/2017,18,1181
03/09/2017,19,1001
03/09/2017,20,680
03/09/2017,21,597
03/09/2017,22,447
03/09/2017,23,318
03/10/2014,0,95
03/10/2014,1,52
03/10/2014,2,17
03/10/2014,3,10
03/10/2014,4,19
03/10/2014,5,79
03/10/2014,6,276
03/10/2014,7,754
03/10/2014,8,1200
03/10/2014,9,590
03/10/2014,10,398
03/10/2014,11,468
03/10/2014,12,589
03/10/2014,13,653
03/10/2014,14,639
03/10/2014,15,583
03/10/2014,16,771
03/10/2014,17,1226
03/10/2014,18,877
03/10/2014,19,849
03/10/2014,20,305
03/10/2014,21,142
03/10/2014,22,190
03/10/2014,23,121
03/10/2015,0,30
03/10/2015,1,33
03/10/2015,2,18
03/10/2015,3,5
03/10/2015,4,6
03/10/2015,5,6
03/10/2015,6,15
03/10/2015,7,39
03/10/2015,8,87
03/10/2015,9,198
03/10/2015,10,277
03/10/2015,11,311
03/10/2015,12,343
03/10/2015,13,375
03/10/2015,14,395
03/10/2015,15,442
03/10/2015,16,378
03/10/2015,17,303
03/10/2015,18,198
03/10/2015,19,179
03/10/2015,20,109
03/10/2015,21,111
03/10/2015,22,110
03/10/2015,23,82
03/10/2016,0,43
03/10/2016,1,16
03/10/2016,2,19
03/10/2016,3,7
03/10/2016,4,16
03/10/2016,5,92
03/10/2016,6,309
03/10/2016,7,855
03/10/2016,8,1151
03/10/2016,9,599
03/10/2016,10,340
03/10/2016,11,443
03/10/2016,12,582
03/10/2016,13,556
03/10/2016,14,519
03/10/2016,15,607
03/10/2016,16,928
03/10/2016,17,1705
03/10/2016,18,1448
03/10/2016,19,869
03/10/2016,20,497
03/10/2016,21,349
03/10/2016,22,224
03/10/2016,23,127
03/10/2017,0,57
03/10/2017,1,13
03/10/2017,2,9
03/10/2017,3,6
03/10/2017,4,20
03/10/2017,5,118
03/10/2017,6,405
03/10/2017,7,1086
03/10/2017,8,1474
03/10/2017,9,672
03/10/2017,10,334
03/10/2017,11,445
03/10/2017,12,618
03/10/2017,13,610
03/10/2017,14,494
03/10/2017,15,682
03/10/2017,16,1048
03/10/2017,17,1810
03/10/2017,18,1440
03/10/2017,19,856
03/10/2017,20,525
03/10/2017,21,375
03/10/2017,22,255
03/10/2017,23,132
03/11/2014,0,20
03/11/2014,1,8
03/11/2014,2,2
03/11/2014,3,3
03/11/2014,4,10
03/11/2014,5,54
03/11/2014,6,265
03/11/2014,7,738
03/11/2014,8,994
03/11/2014,9,452
03/11/2014,10,234
03/11/2014,11,262
03/11/2014,12,335
03/11/2014,13,361
03/11/2014,14,320
03/11/2014,15,404
03/11/2014,16,641
03/11/2014,17,1115
03/11/2014,18,919
03/11/2014,19,553
03/11/2014,20,347
03/11/2014,21,283
03/11/2014,22,167
03/11/2014,23,76
03/11/2015,0,34
03/11/2015,1,15
03/11/2015,2,3
03/11/2015,3,2
03/11/2015,4,6
03/11/2015,5,89
03/11/2015,6,329
03/11/2015,7,943
03/11/2015,8,1281
03/11/2015,9,461
03/11/2015,10,277
03/11/2015,11,323
03/11/2015,12,427
03/11/2015,13,443
03/11/2015,14,386
03/11/2015,15,479
03/11/2015,16,803
03/11/2015,17,1420
03/11/2015,18,1047
03/11/2015,19,662
03/11/2015,20,481
03/11/2015,21,324
03/11/2015,22,184
03/11/2015,23,89
03/11/2016,0,82
03/11/2016,1,68
03/11/2016,2,8
03/11/2016,3,8
03/11/2016,4,15
03/11/2016,5,77
03/11/2016,6,304
03/11/2016,7,844
03/11/2016,8,1385
03/11/2016,9,614
03/11/2016,10,373
03/11/2016,11,407
03/11/2016,12,530
03/11/2016,13,493
03/11/2016,14,363
03/11/2016,15,513
03/11/2016,16,925
03/11/2016,17,1613
03/11/2016,18,1251
03/11/2016,19,753
03/11/2016,20,545
03/11/2016,21,388
03/11/2016,22,265
03/11/2016,23,134
03/11/2017,0,86
03/11/2017,1,49
03/11/2017,2,28
03/11/2017,3,11
03/11/2017,4,15
03/11/2017,5,84
03/11/2017,6,259
03/11/2017,7,763
03/11/2017,8,1330
03/11/2017,9,753
03/11/2017,10,515
03/11/2017,11,605
03/11/2017,12,770
03/11/2017,13,796
03/11/2017,14,693
03/11/2017,15,818
03/11/2017,16,1209
03/11/2017,17,1638
03/11/2017,18,1134
03/11/2017,19,710
03/11/2017,20,466
03/11/2017,21,411
03/11/2017,22,402
03/11/2017,23,232
03/12/2014,0,20
03/12/2014,1,9
03/12/2014,2,5
03/12/2014,3,1
03/12/2014,4,4
03/12/2014,5,51
03/12/2014,6,152
03/12/2014,7,424
03/12/2014,8,830
03/12/2014,9,407
03/12/2014,10,172
03/12/2014,11,196
03/12/2014,12,273
03/12/2014,13,244
03/12/2014,14,226
03/12/2014,15,297
03/12/2014,16,446
03/12/2014,17,869
03/12/2014,18,804
03/12/2014,19,486
03/12/2014,20,376
03/12/2014,21,286
03/12/2014,22,178
03/12/2014,23,97
03/12/2015,0,43
03/12/2015,1,20
03/12/2015,2,11
03/12/2015,4,11
03/12/2015,5,58
03/12/2015,6,234
03/12/2015,7,656
03/12/2015,8,1114
03/12/2015,9,458
03/12/2015,10,238
03/12/2015,11,237
03/12/2015,12,328
03/12/2015,13,300
03/12/2015,14,229
03/12/2015,15,326
03/12/2015,16,537
03/12/2015,17,884
03/12/2015,18,863
03/12/2015,19,544
03/12/2015,20,374
03/12/2015,21,220
03/12/2015,22,182
03/12/2015,23,102
03/12/2016,0,81
03/12/2016,1,62
03/12/2016,2,44
03/12/2016,3,24
03/12/2016,4,9
03/12/2016,5,11
03/12/2016,6,21
03/12/2016,7,93
03/12/2016,8,219
03/12/2016,9,358
03/12/2016,10,435
03/12/2016,11,523
03/12/2016,12,594
03/12/2016,13,567
03/12/2016,14,632
03/12/2016,15,555
03/12/2016,16,483
03/12/2016,17,379
03/12/2016,18,316
03/12/2016,19,262
03/12/2016,20,184
03/12/2016,21,137
03/12/2016,22,121
03/12/2016,23,99
03/12/2017,0,118
03/12/2017,1,87
03/12/2017,2,60
03/12/2017,3,33
03/12/2017,4,12
03/12/2017,5,8
03/12/2017,6,22
03/12/2017,7,50
03/12/2017,8,143
03/12/2017,9,277
03/12/2017,10,472
03/12/2017,11,521
03/12/2017,12,657
03/12/2017,13,705
03/12/2017,14,722
03/12/2017,15,702
03/12/2017,16,585
03/12/2017,17,467
03/12/2017,18,343
03/12/2017,19,259
03/12/2017,20,179
03/12/2017,21,136
03/12/2017,22,94
03/12/2017,23,57
04/01/2014,0,21
04/01/2014,1,16
04/01/2014,2,13
04/01/2014,3,8
04/01/2014,4,1
04/01/2014,5,6
04/01/2014,6,4
04/01/2014,7,22
04/01/2014,8,53
04/01/2014,9,95
04/01/2014,10,128
04/01/2014,11,179
04/01/2014,12,192
04/01/2014,13,167
04/01/2014,14,185
04/01/2014,15,215
04/01/2014,16,200
04/01/2014,17,151
04/01/2014,18,149
04/01/2014,19,131
04/01/2014,20,95
04/01/2014,21,76
04/01/2014,22,70
04/01/2014,23,65
04/01/2015,0,35
04/01/2015,1,32
04/01/2015,2,29
04/01/2015,3,10
04/01/2015,4,3
04/01/2015,5,4
04/01/2015,6,7
04/01/2015,7,12
04/01/2015,8,43
04/01/2015,9,112
04/01/2015,10,210
04/01/2015,11,258
04/01/2015,12,340
04/01/2015,13,343
04/01/2015,14,376
04/01/2015,15,439
04/01/2015,16,408
04/01/2015,17,335
04/01/2015,18,271
04/01/2015,19,101
04/01/2015,20,101
04/01/2015,21,78
04/01/2015,22,73
04/01/2015,23,38
04/01/2016,0,20
04/01/2016,1,6
04/01/2016,2,2
04/01/2016,3,1
04/01/2016,4,3
04/01/2016,5,58
04/01/2016,6,192
04/01/2016,7,468
04/01/2016,8,759
04/01/2016,9,321
04/01/2016,10,145
04/01/2016,11,152
04/01/2016,12,199
04/01/2016,13,203
04/01/2016,14,145
04/01/2016,15,206
04/01/2016,16,365
04/01/2016,17,700
04/01/2016,18,547
04/01/2016,19,293
04/01/2016,20,146
04/01/2016,21,96
04/01/2016,22,62
04/01/2016,23,44
04/01/2017,0,16
04/01/2017,1,8
04/01/2017,2,6
04/01/2017,3,1
04/01/2017,4,8
04/01/2017,5,66
04/01/2017,6,234
04/01/2017,7,633
04/01/2017,8,945
04/01/2017,9,423
04/01/2017,10,113
04/01/2017,11,194
04/01/2017,12,276
04/01/2017,13,299
04/01/2017,14,341
04/01/2017,15,403
04/01/2017,16,588
04/01/2017,17,963
04/01/2017,18,738
04/01/2017,19,422
04/01/2017,20,205
04/01/2017,21,167
04/01/2017,22,89
04/01/2017,23,47
04/01/2018,0,9
04/01/2018,1,6
04/01/2018,3,3
04/01/2018,4,7
04/01/2018,5,22
04/01/2018,6,46
04/01/2018,7,87
04/01/2018,8,206
04/01/2018,9,185
04/01/2018,10,158
04/01/2018,11,107
04/01/2018,12,91
04/01/2018,13,88
04/01/2018,14,95
04/01/2018,15,109
04/01/2018,16,187
04/01/2018,17,345
04/01/2018,18,280
04/01/2018,19,161
04/01/2018,20,68
04/01/2018,21,55
04/01/2018,22,31
04/01/2018,23,22
04/02/2014,0,14
04/02/2014,1,11
04/02/2014,2,6
04/02/2014,4,1
04/02/2014,5,30
04/02/2014,6,148
04/02/2014,7,383
04/02/2014,8,785
04/02/2014,9,336
04/02/2014,10,168
04/02/2014,11,163
04/02/2014,12,216
04/02/2014,13,196
04/02/2014,14,133
04/02/2014,15,194
04/02/2014,16,291
04/02/2014,17,630
04/02/2014,18,571
04/02/2014,19,373
04/02/2014,20,261
04/02/2014,21,160
04/02/2014,22,77
04/02/2014,23,30
04/02/2015,0,20
04/02/2015,1,6
04/02/2015,4,3
04/02/2015,5,54
04/02/2015,6,179
04/02/2015,7,477
04/02/2015,8,810
04/02/2015,9,347
04/02/2015,10,160
04/02/2015,11,168
04/02/2015,12,248
04/02/2015,13,194
04/02/2015,14,169
04/02/2015,15,212
04/02/2015,16,393
04/02/2015,17,735
04/02/2015,18,726
04/02/2015,19,446
04/02/2015,20,306
04/02/2015,21,210
04/02/2015,22,126
04/02/2015,23,85
04/02/2016,0,20
04/02/2016,1,8
04/02/2016,3,1
04/02/2016,4,2
04/02/2016,5,60
04/02/2016,6,201
04/02/2016,7,557
04/02/2016,8,934
04/02/2016,9,382
04/02/2016,10,172
04/02/2016,11,199
04/02/2016,12,226
04/02/2016,13,231
04/02/2016,14,209
04/02/2016,15,266
04/02/2016,16,451
04/02/2016,17,802
04/02/2016,18,783
04/02/2016,19,453
04/02/2016,20,302
04/02/2016,21,204
04/02/2016,22,159
04/02/2016,23,69
04/02/2017,0,49
04/02/2017,1,33
04/02/2017,2,6
04/02/2017,3,9
04/02/2017,4,6
04/02/2017,5,9
04/02/2017,6,19
04/02/2017,7,68
04/02/2017,8,141
04/02/2017,9,251
04/02/2017,10,260
04/02/2017,11,373
04/02/2017,12,413
04/02/2017,13,447
04/02/2017,14,491
04/02/2017,15,478
04/02/2017,16,466
04/02/2017,17,371
04/02/2017,18,259
04/02/2017,19,201
04/02/2017,20,166
04/02/2017,21,105
04/02/2017,22,113
04/02/2017,23,73
04/02/2018,0,51
04/02/2018,1,50
04/02/2018,2,29
04/02/2018,3,20
04/02/2018,4,11
04/02/2018,5,11
04/02/2018,6,27
04/02/2018,7,43
04/02/2018,8,102
04/02/2018,9,158
04/02/2018,10,167
04/02/2018,11,117
04/02/2018,12,85
04/02/2018,13,66
04/02/2018,14,53
04/02/2018,15,47
04/02/2018,16,24
04/02/2018,17,25
04/02/2018,18,25
04/02/2018,19,43
04/02/2018,20,38
04/02/2018,21,32
04/02/2018,22,142
04/02/2018,23,62
04/03/2014,0,10
04/03/2014,1,2
04/03/2014,2,1
04/03/2014,3,1
04/03/2014,4,3
04/03/2014,5,17
04/03/2014,6,32
04/03/2014,7,57
04/03/2014,8,149
04/03/2014,9,119
04/03/2014,10,116
04/03/2014,11,59
04/03/2014,12,84
04/03/2014,13,91
04/03/2014,14,70
04/03/2014,15,98
04/03/2014,16,145
04/03/2014,17,277
04/03/2014,18,285
04/03/2014,19,231
04/03/2014,20,161
04/03/2014,21,124
04/03/2014,22,80
04/03/2014,23,32
04/03/2015,0,16
04/03/2015,1,10
04/03/2015,2,1
04/03/2015,3,2
04/03/2015,4,3
04/03/2015,5,35
04/03/2015,6,113
04/03/2015,7,377
04/03/2015,8,711
04/03/2015,9,293
04/03/2015,10,143
04/03/2015,11,148
04/03/2015,12,224
04/03/2015,13,195
04/03/2015,14,149
04/03/2015,15,175
04/03/2015,16,236
04/03/2015,17,401
04/03/2015,18,365
04/03/2015,19,269
04/03/2015,20,106
04/03/2015,21,89
04/03/2015,22,46
04/03/2015,23,34
04/03/2016,0,13
04/03/2016,1,6
04/03/2016,2,5
04/03/2016,4,3
04/03/2016,5,47
04/03/2016,6,103
04/03/2016,7,297
04/03/2016,8,618
04/03/2016,9,352
04/03/2016,10,179
04/03/2016,11,190
04/03/2016,12,257
04/03/2016,13,245
04/03/2016,14,208
04/03/2016,15,254
04/03/2016,16,420
04/03/2016,17,756
04/03/2016,18,521
04/03/2016,19,316
04/03/2016,20,199
04/03/2016,21,150
04/03/2016,22,114
04/03/2016,23,92
04/03/2017,0,52
04/03/2017,1,36
04/03/2017,2,21
04/03/2017,3,9
04/03/2017,4,3
04/03/2017,5,8
04/03/2017,6,16
04/03/2017,7,63
04/03/2017,8,173
04/03/2017,9,276
04/03/2017,10,365
04/03/2017,11,442
04/03/2017,12,459
04/03/2017,13,487
04/03/2017,14,461
04/03/2017,15,472
04/03/2017,16,498
04/03/2017,17,426
04/03/2017,18,304
04/03/2017,19,202
04/03/2017,20,151
04/03/2017,21,114
04/03/2017,22,120
04/03/2017,23,125
04/03/2018,0,76
04/03/2018,1,44
04/03/2018,2,37
04/03/2018,3,16
04/03/2018,4,7
04/03/2018,5,6
04/03/2018,6,30
04/03/2018,7,96
04/03/2018,8,198
04/03/2018,9,258
04/03/2018,10,444
04/03/2018,11,549
04/03/2018,12,683
04/03/2018,13,706
04/03/2018,14,687
04/03/2018,15,648
04/03/2018,16,602
04/03/2018,17,543
04/03/2018,18,326
04/03/2018,19,224
04/03/2018,20,115
04/03/2018,21,91
04/03/2018,22,73
04/03/2018,23,54
04/04/2014,0,48
04/04/2014,1,35
04/04/2014,2,11
04/04/2014,3,12
04/04/2014,4,11
04/04/2014,5,52
04/04/2014,6,154
04/04/2014,7,453
04/04/2014,8,955
04/04/2014,9,466
04/04/2014,10,320
04/04/2014,11,378
04/04/2014,12,501
04/04/2014,13,403
04/04/2014,14,413
04/04/2014,15,489
04/04/2014,16,739
04/04/2014,17,1044
04/04/2014,18,798
04/04/2014,19,554
04/04/2014,20,398
04/04/2014,21,293
04/04/2014,22,248
04/04/2014,23,102
04/04/2015,0,111
04/04/2015,1,83
04/04/2015,2,54
04/04/2015,3,27
04/04/2015,4,6
04/04/2015,5,12
04/04/2015,6,34
04/04/2015,7,77
04/04/2015,8,232
04/04/2015,9,448
04/04/2015,10,645
04/04/2015,11,799
04/04/2015,12,883
04/04/2015,13,955
04/04/2015,14,912
04/04/2015,15,1046
04/04/2015,16,993
04/04/2015,17,911
04/04/2015,18,700
04/04/2015,19,545
04/04/2015,20,351
04/04/2015,21,274
04/04/2015,22,170
04/04/2015,23,170
04/04/2016,0,39
04/04/2016,1,13
04/04/2016,2,4
04/04/2016,3,3
04/04/2016,4,8
04/04/2016,5,62
04/04/2016,6,218
04/04/2016,7,730
04/04/2016,8,1203
04/04/2016,9,512
04/04/2016,10,285
04/04/2016,11,372
04/04/2016,12,432
04/04/2016,13,456
04/04/2016,14,349
04/04/2016,15,407
04/04/2016,16,326
04/04/2016,17,439
04/04/2016,18,331
04/04/2016,19,414
04/04/2016,20,355
04/04/2016,21,227
04/04/2016,22,129
04/04/2016,23,84
04/04/2017,0,53
04/04/2017,1,6
04/04/2017,2,7
04/04/2017,3,4
04/04/2017,4,10
04/04/2017,5,84
04/04/2017,6,312
04/04/2017,7,805
04/04/2017,8,1230
04/04/2017,9,394
04/04/2017,10,338
04/04/2017,11,462
04/04/2017,12,557
04/04/2017,13,597
04/04/2017,14,585
04/04/2017,15,693
04/04/2017,16,1054
04/04/2017,17,1744
04/04/2017,18,1414
04/04/2017,19,926
04/04/2017,20,619
04/04/2017,21,431
04/04/2017,22,242
04/04/2017,23,99
04/04/2018,0,32
04/04/2018,1,16
04/04/2018,2,11
04/04/2018,3,5
04/04/2018,4,18
04/04/2018,5,99
04/04/2018,6,317
04/04/2018,7,762
04/04/2018,8,1236
04/04/2018,9,629
04/04/2018,10,342
04/04/2018,11,365
04/04/2018,12,329
04/04/2018,13,398
04/04/2018,14,450
04/04/2018,15,495
04/04/2018,16,705
04/04/2018,17,1289
04/04/2018,18,1013
04/04/2018,19,620
04/04/2018,20,332
04/04/2018,21,257
04/04/2018,22,126
04/04/2018,23,63
04/05/2014,0,181
04/05/2014,1,115
04/05/2014,2,71
04/05/2014,3,31
04/05/2014,4,12
04/05/2014,5,6
04/05/2014,6,23
04/05/2014,7,102
04/05/2014,8,232
04/05/2014,9,428
04/05/2014,10,742
04/05/2014,11,872
04/05/2014,12,991
04/05/2014,13,960
04/05/2014,14,887
04/05/2014,15,860
04/05/2014,16,875
04/05/2014,17,854
04/05/2014,18,749
04/05/2014,19,573
04/05/2014,20,383
04/05/2014,21,242
04/05/2014,22,219
04/05/2014,23,104
04/05/2015,0,44
04/05/2015,1,27
04/05/2015,2,15
04/05/2015,3,13
04/05/2015,4,11
04/05/2015,5,74
04/05/2015,6,275
04/05/2015,7,791
04/05/2015,8,1114
04/05/2015,9,516
04/05/2015,10,348
04/05/2015,11,461
04/05/2015,12,486
04/05/2015,13,492
04/05/2015,14,561
04/05/2015,15,540
04/05/2015,16,745
04/05/2015,17,1558
04/05/2015,18,1507
04/05/2015,19,865
04/05/2015,20,592
04/05/2015,21,490
04/05/2015,22,336
04/05/2015,23,131
04/05/2016,0,23
04/05/2016,1,5
04/05/2016,2,1
04/05/2016,3,3
04/05/2016,4,7
04/05/2016,5,87
04/05/2016,6,250
04/05/2016,7,723
04/05/2016,8,1170
04/05/2016,9,536
04/05/2016,10,288
04/05/2016,11,365
04/05/2016,12,422
04/05/2016,13,431
04/05/2016,14,359
04/05/2016,15,382
04/05/2016,16,654
04/05/2016,17,1308
04/05/2016,18,1018
04/05/2016,19,550
04/05/2016,20,408
04/05/2016,21,341
04/05/2016,22,181
04/05/2016,23,113
04/05/2017,0,40
04/05/2017,1,18
04/05/2017,2,8
04/05/2017,3,7
04/05/2017,4,18
04/05/2017,5,85
04/05/2017,6,361
04/05/2017,7,929
04/05/2017,8,1299
04/05/2017,9,659
04/05/2017,10,373
04/05/2017,11,487
04/05/2017,12,654
04/05/2017,13,571
04/05/2017,14,498
04/05/2017,15,597
04/05/2017,16,968
04/05/2017,17,1572
04/05/2017,18,1242
04/05/2017,19,768
04/05/2017,20,344
04/05/2017,21,183
04/05/2017,22,115
04/05/2017,23,55
04/06/2014,0,84
04/06/2014,1,18
04/06/2014,2,6
04/06/2014,3,7
04/06/2014,4,11
04/06/2014,5,76
04/06/2014,6,305
04/06/2014,7,810
04/06/2014,8,1052
04/06/2014,9,548
04/06/2014,10,307
04/06/2014,11,351
04/06/2014,12,401
04/06/2014,13,379
04/06/2014,14,429
04/06/2014,15,423
04/06/2014,16,682
04/06/2014,17,1309
04/06/2014,18,1226
04/06/2014,19,812
04/06/2014,20,528
04/06/2014,21,195
04/06/2014,22,97
04/06/2014,23,110
04/06/2015,0,62
04/06/2015,1,17
04/06/2015,2,6
04/06/2015,3,4
04/06/2015,4,7
04/06/2015,5,82
04/06/2015,6,173
04/06/2015,7,574
04/06/2015,8,1119
04/06/2015,9,424
04/06/2015,10,274
04/06/2015,11,322
04/06/2015,12,392
04/06/2015,13,401
04/06/2015,14,347
04/06/2015,15,328
04/06/2015,16,428
04/06/2015,17,303
04/06/2015,18,176
04/06/2015,19,218
04/06/2015,20,222
04/06/2015,21,222
04/06/2015,22,160
04/06/2015,23,99
04/06/2016,0,153
04/06/2016,1,132
04/06/2016,2,53
04/06/2016,3,37
04/06/2016,4,9
04/06/2016,5,26
04/06/2016,6,43
04/06/2016,7,156
04/06/2016,8,308
04/06/2016,9,568
04/06/2016,10,707
04/06/2016,11,845
04/06/2016,12,951
04/06/2016,13,974
04/06/2016,14,1029
04/06/2016,15,986
04/06/2016,16,894
04/06/2016,17,969
04/06/2016,18,845
04/06/2016,19,749
04/06/2016,20,581
04/06/2016,21,401
04/06/2016,22,330
04/06/2016,23,245
04/06/2017,0,202
04/06/2017,1,139
04/06/2017,2,101
04/06/2017,3,46
04/06/2017,4,16
04/06/2017,5,35
04/06/2017,6,77
04/06/2017,7,149
04/06/2017,8,370
04/06/2017,9,522
04/06/2017,10,829
04/06/2017,11,1037
04/06/2017,12,1084
04/06/2017,13,1050
04/06/2017,14,1102
04/06/2017,15,979
04/06/2017,16,953
04/06/2017,17,934
04/06/2017,18,871
04/06/2017,19,735
04/06/2017,20,560
04/06/2017,21,418
04/06/2017,22,289
04/06/2017,23,136
04/07/2014,0,118
04/07/2014,1,61
04/07/2014,2,41
04/07/2014,3,31
04/07/2014,4,14
04/07/2014,5,29
04/07/2014,6,50
04/07/2014,7,110
04/07/2014,8,187
04/07/2014,9,420
04/07/2014,10,659
04/07/2014,11,848
04/07/2014,12,784
04/07/2014,13,801
04/07/2014,14,1044
04/07/2014,15,997
04/07/2014,16,852
04/07/2014,17,693
04/07/2014,18,872
04/07/2014,19,772
04/07/2014,20,732
04/07/2014,21,768
04/07/2014,22,656
04/07/2014,23,358
04/07/2015,0,188
04/07/2015,1,126
04/07/2015,2,86
04/07/2015,3,53
04/07/2015,4,26
04/07/2015,5,22
04/07/2015,6,45
04/07/2015,7,86
04/07/2015,8,234
04/07/2015,9,112
04/07/2015,10,230
04/07/2015,11,594
04/07/2015,12,762
04/07/2015,13,959
04/07/2015,14,1116
04/07/2015,15,1202
04/07/2015,16,312
04/07/2015,17,471
04/07/2015,18,692
04/07/2015,19,715
04/07/2015,20,667
04/07/2015,21,709
04/07/2015,22,561
04/07/2015,23,320
04/07/2016,0,183
04/07/2016,1,114
04/07/2016,2,70
04/07/2016,3,36
04/07/2016,4,19
04/07/2016,5,25
04/07/2016,6,53
04/07/2016,7,84
04/07/2016,8,211
04/07/2016,9,474
04/07/2016,10,691
04/07/2016,11,852
04/07/2016,12,901
04/07/2016,13,705
04/07/2016,14,308
04/07/2016,15,206
04/07/2016,16,209
04/07/2016,17,335
04/07/2016,18,397
04/07/2016,19,242
04/07/2016,20,473
04/07/2016,21,550
04/07/2016,22,325
04/07/2016,23,137
04/07/2017,0,230
04/07/2017,1,133
04/07/2017,2,90
04/07/2017,3,42
04/07/2017,4,11
04/07/2017,5,42
04/07/2017,6,91
04/07/2017,7,184
04/07/2017,8,351
04/07/2017,9,663
04/07/2017,10,921
04/07/2017,11,1021
04/07/2017,12,1075
04/07/2017,13,1160
04/07/2017,14,1278
04/07/2017,15,1159
04/07/2017,16,955
04/07/2017,17,852
04/07/2017,18,967
04/07/2017,19,1108
04/07/2017,20,965
04/07/2017,21,1061
04/07/2017,22,835
04/07/2017,23,209
04/08/2014,0,16
04/08/2014,1,12
04/08/2014,2,8
04/08/2014,3,9
04/08/2014,4,9
04/08/2014,5,70
04/08/2014,6,235
04/08/2014,7,617
04/08/2014,8,1036
04/08/2014,9,566
04/08/2014,10,396
04/08/2014,11,402
04/08/2014,12,473
04/08/2014,13,497
04/08/2014,14,454
04/08/2014,15,494
04/08/2014,16,727
04/08/2014,17,1299
04/08/2014,18,1194
04/08/2014,19,828
04/08/2014,20,665
04/08/2014,21,422
04/08/2014,22,344
04/08/2014,23,114
04/08/2015,0,67
04/08/2015,1,26
04/08/2015,2,12
04/08/2015,3,2
04/08/2015,4,14
04/08/2015,5,102
04/08/2015,6,363
04/08/2015,7,901
04/08/2015,8,1204
04/08/2015,9,548
04/08/2015,10,349
04/08/2015,11,382
04/08/2015,12,447
04/08/2015,13,476
04/08/2015,14,433
04/08/2015,15,475
04/08/2015,16,747
04/08/2015,17,1411
04/08/2015,18,1283
04/08/2015,19,889
04/08/2015,20,610
04/08/2015,21,405
04/08/2015,22,302
04/08/2015,23,178
04/08/2016,0,82
04/08/2016,1,47
04/08/2016,2,31
04/08/2016,3,28
04/08/2016,4,12
04/08/2016,5,112
04/08/2016,6,359
04/08/2016,7,879
04/08/2016,8,1268
04/08/2016,9,612
04/08/2016,10,388
04/08/2016,11,404
04/08/2016,12,598
04/08/2016,13,577
04/08/2016,14,523
04/08/2016,15,622
04/08/2016,16,911
04/08/2016,17,1645
04/08/2016,18,1442
04/08/2016,19,1067
04/08/2016,20,875
04/08/2016,21,557
04/08/2016,22,327
04/08/2016,23,189
04/08/2017,0,112
04/08/2017,1,44
04/08/2017,2,44
04/08/2017,3,13
04/08/2017,4,23
04/08/2017,5,107
04/08/2017,6,328
04/08/2017,7,772
04/08/2017,8,1228
04/08/2017,9,680
04/08/2017,10,542
04/08/2017,11,669
04/08/2017,12,747
04/08/2017,13,693
04/08/2017,14,708
04/08/2017,15,864
04/08/2017,16,1183
04/08/2017,17,1455
04/08/2017,18,1207
04/08/2017,19,930
04/08/2017,20,716
04/08/2017,21,502
04/08/2017,22,402
04/08/2017,23,319
04/09/2014,0,50
04/09/2014,1,28
04/09/2014,2,8
04/09/2014,3,5
04/09/2014,4,10
04/09/2014,5,68
04/09/2014,6,311
04/09/2014,7,776
04/09/2014,8,1137
04/09/2014,9,489
04/09/2014,10,272
04/09/2014,11,342
04/09/2014,12,455
04/09/2014,13,451
04/09/2014,14,377
04/09/2014,15,486
04/09/2014,16,666
04/09/2014,17,1269
04/09/2014,18,1191
04/09/2014,19,896
04/09/2014,20,616
04/09/2014,21,413
04/09/2014,22,272
04/09/2014,23,242
04/09/2015,0,66
04/09/2015,1,44
04/09/2015,2,17
04/09/2015,3,10
04/09/2015,4,9
04/09/2015,5,70
04/09/2015,6,252
04/09/2015,7,708
04/09/2015,8,1055
04/09/2015,9,578
04/09/2015,10,432
04/09/2015,11,456
04/09/2015,12,562
04/09/2015,13,583
04/09/2015,14,669
04/09/2015,15,872
04/09/2015,16,1012
04/09/2015,17,993
04/09/2015,18,856
04/09/2015,19,550
04/09/2015,20,377
04/09/2015,21,364
04/09/2015,22,300
04/09/2015,23,215
04/09/2016,0,131
04/09/2016,1,109
04/09/2016,2,63
04/09/2016,3,39
04/09/2016,4,19
04/09/2016,5,18
04/09/2016,6,38
04/09/2016,7,97
04/09/2016,8,212
04/09/2016,9,452
04/09/2016,10,705
04/09/2016,11,941
04/09/2016,12,1096
04/09/2016,13,1121
04/09/2016,14,1182
04/09/2016,15,1094
04/09/2016,16,1131
04/09/2016,17,1095
04/09/2016,18,944
04/09/2016,19,831
04/09/2016,20,503
04/09/2016,21,443
04/09/2016,22,296
04/09/2016,23,230
04/09/2017,0,198
04/09/2017,1,99
04/09/2017,2,70
04/09/2017,3,33
04/09/2017,4,15
04/09/2017,5,23
04/09/2017,6,40
04/09/2017,7,99
04/09/2017,8,263
04/09/2017,9,611
04/09/2017,10,873
04/09/2017,11,1135
04/09/2017,12,1215
04/09/2017,13,1293
04/09/2017,14,1262
04/09/2017,15,1168
04/09/2017,16,1164
04/09/2017,17,1106
04/09/2017,18,1027
04/09/2017,19,733
04/09/2017,20,523
04/09/2017,21,317
04/09/2017,22,212
04/09/2017,23,101
04/10/2014,0,73
04/10/2014,1,90
04/10/2014,2,48
04/10/2014,3,31
04/10/2014,4,17
04/10/2014,5,21
04/10/2014,6,56
04/10/2014,7,108
04/10/2014,8,251
04/10/2014,9,492
04/10/2014,10,659
04/10/2014,11,804
04/10/2014,12,940
04/10/2014,13,1013
04/10/2014,14,900
04/10/2014,15,1077
04/10/2014,16,991
04/10/2014,17,910
04/10/2014,18,742
04/10/2014,19,443
04/10/2014,20,319
04/10/2014,21,224
04/10/2014,22,239
04/10/2014,23,194
04/10/2015,0,112
04/10/2015,1,72
04/10/2015,2,51
04/10/2015,3,31
04/10/2015,4,10
04/10/2015,5,9
04/10/2015,6,15
04/10/2015,7,75
04/10/2015,8,151
04/10/2015,9,217
04/10/2015,10,372
04/10/2015,11,481
04/10/2015,12,566
04/10/2015,13,593
04/10/2015,14,615
04/10/2015,15,598
04/10/2015,16,620
04/10/2015,17,502
04/10/2015,18,518
04/10/2015,19,382
04/10/2015,20,255
04/10/2015,21,166
04/10/2015,22,133
04/10/2015,23,80
04/10/2016,0,38
04/10/2016,1,17
04/10/2016,2,11
04/10/2016,3,6
04/10/2016,4,18
04/10/2016,5,100
04/10/2016,6,352
04/10/2016,7,1018
04/10/2016,8,1407
04/10/2016,9,680
04/10/2016,10,382
04/10/2016,11,417
04/10/2016,12,559
04/10/2016,13,517
04/10/2016,14,529
04/10/2016,15,600
04/10/2016,16,942
04/10/2016,17,1715
04/10/2016,18,1399
04/10/2016,19,800
04/10/2016,20,563
04/10/2016,21,356
04/10/2016,22,242
04/10/2016,23,126
04/10/2017,0,40
04/10/2017,1,37
04/10/2017,2,15
04/10/2017,3,3
04/10/2017,4,16
04/10/2017,5,136
04/10/2017,6,430
04/10/2017,7,1031
04/10/2017,8,1428
04/10/2017,9,646
04/10/2017,10,404
04/10/2017,11,474
04/10/2017,12,623
04/10/2017,13,552
04/10/2017,14,505
04/10/2017,15,664
04/10/2017,16,1057
04/10/2017,17,1793
04/10/2017,18,1507
04/10/2017,19,914
04/10/2017,20,571
04/10/2017,21,472
04/10/2017,22,282
04/10/2017,23,144
04/11/2014,0,28
04/11/2014,1,16
04/11/2014,2,6
04/11/2014,3,1
04/11/2014,4,12
04/11/2014,5,81
04/11/2014,6,305
04/11/2014,7,822
04/11/2014,8,1064
04/11/2014,9,531
04/11/2014,10,252
04/11/2014,11,355
04/11/2014,12,442
04/11/2014,13,407
04/11/2014,14,379
04/11/2014,15,406
04/11/2014,16,727
04/11/2014,17,1203
04/11/2014,18,1011
04/11/2014,19,574
04/11/2014,20,462
04/11/2014,21,363
04/11/2014,22,252
04/11/2014,23,110
04/11/2015,0,27
04/11/2015,1,9
04/11/2015,2,8
04/11/2015,3,5
04/11/2015,4,9
04/11/2015,5,101
04/11/2015,6,383
04/11/2015,7,945
04/11/2015,8,1203
04/11/2015,9,555
04/11/2015,10,284
04/11/2015,11,396
04/11/2015,12,487
04/11/2015,13,496
04/11/2015,14,485
04/11/2015,15,518
04/11/2015,16,771
04/11/2015,17,1385
04/11/2015,18,1121
04/11/2015,19,640
04/11/2015,20,403
04/11/2015,21,275
04/11/2015,22,201
04/11/2015,23,115
04/11/2016,0,66
04/11/2016,1,41
04/11/2016,2,39
04/11/2016,3,8
04/11/2016,4,14
04/11/2016,5,98
04/11/2016,6,271
04/11/2016,7,773
04/11/2016,8,1233
04/11/2016,9,626
04/11/2016,10,382
04/11/2016,11,462
04/11/2016,12,589
04/11/2016,13,621
04/11/2016,14,658
04/11/2016,15,723
04/11/2016,16,1060
04/11/2016,17,1549
04/11/2016,18,1041
04/11/2016,19,635
04/11/2016,20,380
04/11/2016,21,317
04/11/2016,22,227
04/11/2016,23,167
04/11/2017,0,193
04/11/2017,1,110
04/11/2017,2,68
04/11/2017,3,46
04/11/2017,4,13
04/11/2017,5,17
04/11/2017,6,49
04/11/2017,7,131
04/11/2017,8,282
04/11/2017,9,468
04/11/2017,10,671
04/11/2017,11,814
04/11/2017,12,1027
04/11/2017,13,1025
04/11/2017,14,1032
04/11/2017,15,1118
04/11/2017,16,1009
04/11/2017,17,628
04/11/2017,18,296
04/11/2017,19,105
04/11/2017,20,44
04/11/2017,21,44
04/11/2017,22,43
04/11/2017,23,45
04/12/2014,0,39
04/12/2014,1,17
04/12/2014,2,6
04/12/2014,3,1
04/12/2014,4,4
04/12/2014,5,49
04/12/2014,6,189
04/12/2014,7,552
04/12/2014,8,972
04/12/2014,9,475
04/12/2014,10,214
04/12/2014,11,238
04/12/2014,12,285
04/12/2014,13,279
04/12/2014,14,260
04/12/2014,15,307
04/12/2014,16,474
04/12/2014,17,810
04/12/2014,18,802
04/12/2014,19,475
04/12/2014,20,340
04/12/2014,21,291
04/12/2014,22,143
04/12/2014,23,110
04/12/2015,0,38
04/12/2015,1,39
04/12/2015,2,21
04/12/2015,3,11
04/12/2015,4,18
04/12/2015,5,57
04/12/2015,6,196
04/12/2015,7,541
04/12/2015,8,1012
04/12/2015,9,499
04/12/2015,10,239
04/12/2015,11,262
04/12/2015,12,353
04/12/2015,13,365
04/12/2015,14,370
04/12/2015,15,373
04/12/2015,16,599
04/12/2015,17,913
04/12/2015,18,742
04/12/2015,19,475
04/12/2015,20,275
04/12/2015,21,200
04/12/2015,22,213
04/12/2015,23,129
04/12/2016,0,95
04/12/2016,1,63
04/12/2016,2,56
04/12/2016,3,38
04/12/2016,4,9
04/12/2016,5,10
04/12/2016,6,18
04/12/2016,7,105
04/12/2016,8,112
04/12/2016,9,263
04/12/2016,10,381
04/12/2016,11,483
04/12/2016,12,530
04/12/2016,13,517
04/12/2016,14,462
04/12/2016,15,516
04/12/2016,16,491
04/12/2016,17,351
04/12/2016,18,257
04/12/2016,19,209
04/12/2016,20,160
04/12/2016,21,80
04/12/2016,22,35
04/12/2016,23,23
04/12/2017,0,32
04/12/2017,1,4
04/12/2017,2,5
04/12/2017,3,4
04/12/2017,4,12
04/12/2017,5,77
04/12/2017,6,310
04/12/2017,7,675
04/12/2017,8,1064
04/12/2017,9,449
04/12/2017,10,245
04/12/2017,11,272
04/12/2017,12,359
04/12/2017,13,323
04/12/2017,14,348
04/12/2017,15,450
04/12/2017,16,709
04/12/2017,17,1167
04/12/2017,18,976
04/12/2017,19,591
04/12/2017,20,330
04/12/2017,21,259
04/12/2017,22,150
04/12/2017,23,74
05/01/2014,0,64
05/01/2014,1,45
05/01/2014,2,35
05/01/2014,3,19
05/01/2014,4,4
05/01/2014,5,3
05/01/2014,6,2
05/01/2014,7,17
05/01/2014,8,21
05/01/2014,9,43
05/01/2014,10,85
05/01/2014,11,126
05/01/2014,12,156
05/01/2014,13,188
05/01/2014,14,174
05/01/2014,15,191
05/01/2014,16,234
05/01/2014,17,209
05/01/2014,18,107
05/01/2014,19,104
05/01/2014,20,112
05/01/2014,21,55
05/01/2014,22,33
05/01/2014,23,33
05/01/2015,0,17
05/01/2015,1,3
05/01/2015,2,2
05/01/2015,3,2
05/01/2015,4,6
05/01/2015,5,55
05/01/2015,6,175
05/01/2015,7,471
05/01/2015,8,804
05/01/2015,9,348
05/01/2015,10,190
05/01/2015,11,157
05/01/2015,12,206
05/01/2015,13,217
05/01/2015,14,172
05/01/2015,15,192
05/01/2015,16,366
05/01/2015,17,630
05/01/2015,18,528
05/01/2015,19,325
05/01/2015,20,168
05/01/2015,21,102
05/01/2015,22,56
05/01/2015,23,30
05/01/2016,0,5
05/01/2016,1,5
05/01/2016,2,3
05/01/2016,3,1
05/01/2016,4,2
05/01/2016,5,42
05/01/2016,6,131
05/01/2016,7,363
05/01/2016,8,683
05/01/2016,9,329
05/01/2016,10,146
05/01/2016,11,143
05/01/2016,12,151
05/01/2016,13,193
05/01/2016,14,174
05/01/2016,15,209
05/01/2016,16,365
05/01/2016,17,676
05/01/2016,18,519
05/01/2016,19,279
05/01/2016,20,178
05/01/2016,21,122
05/01/2016,22,85
05/01/2016,23,46
05/01/2017,0,23
05/01/2017,1,9
05/01/2017,2,2
05/01/2017,3,2
05/01/2017,4,2
05/01/2017,5,61
05/01/2017,6,208
05/01/2017,7,547
05/01/2017,8,849
05/01/2017,9,416
05/01/2017,10,174
05/01/2017,11,211
05/01/2017,12,230
05/01/2017,13,260
05/01/2017,14,222
05/01/2017,15,283
05/01/2017,16,428
05/01/2017,17,777
05/01/2017,18,611
05/01/2017,19,376
05/01/2017,20,237
05/01/2017,21,136
05/01/2017,22,106
05/01/2017,23,44
05/01/2018,0,9
05/01/2018,1,3
05/01/2018,4,4
05/01/2018,5,33
05/01/2018,6,68
05/01/2018,7,172
05/01/2018,8,387
05/01/2018,9,185
05/01/2018,10,102
05/01/2018,11,94
05/01/2018,12,134
05/01/2018,13,111
05/01/2018,14,107
05/01/2018,15,149
05/01/2018,16,235
05/01/2018,17,365
05/01/2018,18,248
05/01/2018,19,128
05/01/2018,20,65
05/01/2018,21,49
05/01/2018,22,38
05/01/2018,23,23
05/02/2014,0,11
05/02/2014,1,4
05/02/2014,4,3
05/02/2014,5,17
05/02/2014,6,58
05/02/2014,7,115
05/02/2014,8,203
05/02/2014,9,186
05/02/2014,10,79
05/02/2014,11,94
05/02/2014,12,123
05/02/2014,13,134
05/02/2014,14,152
05/02/2014,15,150
05/02/2014,16,264
05/02/2014,17,609
05/02/2014,18,546
05/02/2014,19,398
05/02/2014,20,245
05/02/2014,21,177
05/02/2014,22,116
05/02/2014,23,62
05/02/2015,0,31
05/02/2015,1,11
05/02/2015,2,4
05/02/2015,3,4
05/02/2015,4,6
05/02/2015,5,40
05/02/2015,6,150
05/02/2015,7,446
05/02/2015,8,839
05/02/2015,9,363
05/02/2015,10,163
05/02/2015,11,147
05/02/2015,12,186
05/02/2015,13,169
05/02/2015,14,167
05/02/2015,15,182
05/02/2015,16,295
05/02/2015,17,551
05/02/2015,18,449
05/02/2015,19,304
05/02/2015,20,216
05/02/2015,21,143
05/02/2015,22,79
05/02/2015,23,41
05/02/2016,0,28
05/02/2016,1,11
05/02/2016,2,6
05/02/2016,4,4
05/02/2016,5,40
05/02/2016,6,145
05/02/2016,7,309
05/02/2016,8,761
05/02/2016,9,393
05/02/2016,10,195
05/02/2016,11,199
05/02/2016,12,255
05/02/2016,13,272
05/02/2016,14,270
05/02/2016,15,282
05/02/2016,16,456
05/02/2016,17,733
05/02/2016,18,592
05/02/2016,19,312
05/02/2016,20,199
05/02/2016,21,154
05/02/2016,22,109
05/02/2016,23,97
05/02/2017,0,57
05/02/2017,1,50
05/02/2017,2,37
05/02/2017,3,17
05/02/2017,4,6
05/02/2017,5,8
05/02/2017,6,16
05/02/2017,7,50
05/02/2017,8,112
05/02/2017,9,180
05/02/2017,10,355
05/02/2017,11,426
05/02/2017,12,505
05/02/2017,13,516
05/02/2017,14,518
05/02/2017,15,562
05/02/2017,16,521
05/02/2017,17,524
05/02/2017,18,335
05/02/2017,19,143
05/02/2017,20,105
05/02/2017,21,90
05/02/2017,22,256
05/02/2017,23,100
05/02/2018,0,12
05/02/2018,1,7
05/02/2018,2,3
05/02/2018,3,2
05/02/2018,4,16
05/02/2018,5,53
05/02/2018,6,178
05/02/2018,7,410
05/02/2018,8,812
05/02/2018,9,397
05/02/2018,10,164
05/02/2018,11,158
05/02/2018,12,212
05/02/2018,13,197
05/02/2018,14,195
05/02/2018,15,276
05/02/2018,16,409
05/02/2018,17,867
05/02/2018,18,633
05/02/2018,19,366
05/02/2018,20,266
05/02/2018,21,153
05/02/2018,22,78
05/02/2018,23,31
05/03/2014,0,15
05/03/2014,1,4
05/03/2014,2,2
05/03/2014,3,3
05/03/2014,4,5
05/03/2014,5,26
05/03/2014,6,95
05/03/2014,7,256
05/03/2014,8,519
05/03/2014,9,268
05/03/2014,10,115
05/03/2014,11,138
05/03/2014,12,168
05/03/2014,13,182
05/03/2014,14,150
05/03/2014,15,194
05/03/2014,16,324
05/03/2014,17,576
05/03/2014,18,515
05/03/2014,19,344
05/03/2014,20,267
05/03/2014,21,175
05/03/2014,22,111
05/03/2014,23,60
05/03/2015,0,9
05/03/2015,1,6
05/03/2015,2,4
05/03/2015,3,4
05/03/2015,4,4
05/03/2015,5,12
05/03/2015,6,20
05/03/2015,7,37
05/03/2015,8,63
05/03/2015,9,57
05/03/2015,10,31
05/03/2015,11,33
05/03/2015,12,28
05/03/2015,13,30
05/03/2015,14,12
05/03/2015,15,19
05/03/2015,16,20
05/03/2015,17,34
05/03/2015,18,25
05/03/2015,19,21
05/03/2015,20,16
05/03/2015,21,18
05/03/2015,22,18
05/03/2015,23,17
05/03/2016,0,66
05/03/2016,1,35
05/03/2016,2,43
05/03/2016,3,15
05/03/2016,4,3
05/03/2016,5,9
05/03/2016,6,19
05/03/2016,7,68
05/03/2016,8,155
05/03/2016,9,290
05/03/2016,10,365
05/03/2016,11,412
05/03/2016,12,471
05/03/2016,13,459
05/03/2016,14,429
05/03/2016,15,484
05/03/2016,16,474
05/03/2016,17,456
05/03/2016,18,324
05/03/2016,19,238
05/03/2016,20,174
05/03/2016,21,137
05/03/2016,22,94
05/03/2016,23,114
05/03/2017,0,58
05/03/2017,1,43
05/03/2017,2,29
05/03/2017,3,15
05/03/2017,4,4
05/03/2017,5,7
05/03/2017,6,10
05/03/2017,7,65
05/03/2017,8,118
05/03/2017,9,198
05/03/2017,10,314
05/03/2017,11,411
05/03/2017,12,461
05/03/2017,13,496
05/03/2017,14,551
05/03/2017,15,520
05/03/2017,16,475
05/03/2017,17,377
05/03/2017,18,307
05/03/2017,19,195
05/03/2017,20,134
05/03/2017,21,98
05/03/2017,22,77
05/03/2017,23,36
05/03/2018,0,41
05/03/2018,1,9
05/03/2018,2,5
05/03/2018,3,3
05/03/2018,4,11
05/03/2018,5,57
05/03/2018,6,240
05/03/2018,7,566
05/03/2018,8,819
05/03/2018,9,369
05/03/2018,10,211
05/03/2018,11,265
05/03/2018,12,325
05/03/2018,13,313
05/03/2018,14,290
05/03/2018,15,417
05/03/2018,16,685
05/03/2018,17,1121
05/03/2018,18,812
05/03/2018,19,474
05/03/2018,20,265
05/03/2018,21,218
05/03/2018,22,121
05/03/2018,23,62
05/04/2014,0,83
05/04/2014,1,75
05/04/2014,2,74
05/04/2014,3,36
05/04/2014,4,8
05/04/2014,5,19
05/04/2014,6,35
05/04/2014,7,103
05/04/2014,8,290
05/04/2014,9,477
05/04/2014,10,631
05/04/2014,11,889
05/04/2014,12,1051
05/04/2014,13,1086
05/04/2014,14,1061
05/04/2014,15,1015
05/04/2014,16,929
05/04/2014,17,872
05/04/2014,18,670
05/04/2014,19,433
05/04/2014,20,280
05/04/2014,21,263
05/04/2014,22,209
05/04/2014,23,165
05/04/2015,0,114
05/04/2015,1,84
05/04/2015,2,45
05/04/2015,3,21
05/04/2015,4,3
05/04/2015,5,15
05/04/2015,6,48
05/04/2015,7,86
05/04/2015,8,195
05/04/2015,9,397
05/04/2015,10,588
05/04/2015,11,746
05/04/2015,12,833
05/04/2015,13,894
05/04/2015,14,1015
05/04/2015,15,1076
05/04/2015,16,965
05/04/2015,17,920
05/04/2015,18,821
05/04/2015,19,542
05/04/2015,20,319
05/04/2015,21,224
05/04/2015,22,161
05/04/2015,23,75
05/04/2016,0,25
05/04/2016,1,7
05/04/2016,2,2
05/04/2016,3,3
05/04/2016,4,6
05/04/2016,5,67
05/04/2016,6,189
05/04/2016,7,539
05/04/2016,8,886
05/04/2016,9,399
05/04/2016,10,192
05/04/2016,11,191
05/04/2016,12,285
05/04/2016,13,261
05/04/2016,14,247
05/04/2016,15,310
05/04/2016,16,542
05/04/2016,17,1070
05/04/2016,18,921
05/04/2016,19,561
05/04/2016,20,336
05/04/2016,21,261
05/04/2016,22,141
05/04/2016,23,71
05/04/2017,0,49
05/04/2017,1,24
05/04/2017,2,10
05/04/2017,3,5
05/04/2017,4,8
05/04/2017,5,100
05/04/2017,6,338
05/04/2017,7,995
05/04/2017,8,1300
05/04/2017,9,643
05/04/2017,10,409
05/04/2017,11,500
05/04/2017,12,658
05/04/2017,13,693
05/04/2017,14,680
05/04/2017,15,732
05/04/2017,16,1040
05/04/2017,17,1713
05/04/2017,18,1458
05/04/2017,19,830
05/04/2017,20,522
05/04/2017,21,385
05/04/2017,22,321
05/04/2017,23,132
05/04/2018,0,29
05/04/2018,1,13
05/04/2018,2,6
05/04/2018,3,3
05/04/2018,4,19
05/04/2018,5,72
05/04/2018,6,265
05/04/2018,7,713
05/04/2018,8,1107
05/04/2018,9,547
05/04/2018,10,343
05/04/2018,11,411
05/04/2018,12,501
05/04/2018,13,521
05/04/2018,14,548
05/04/2018,15,760
05/04/2018,16,963
05/04/2018,17,1575
05/04/2018,18,1340
05/04/2018,19,809
05/04/2018,20,506
05/04/2018,21,315
05/04/2018,22,263
05/04/2018,23,111
05/05/2014,0,34
05/05/2014,1,12
05/05/2014,2,2
05/05/2014,3,3
05/05/2014,4,3
05/05/2014,5,45
05/05/2014,6,221
05/05/2014,7,622
05/05/2014,8,928
05/05/2014,9,468
05/05/2014,10,306
05/05/2014,11,346
05/05/2014,12,429
05/05/2014,13,427
05/05/2014,14,361
05/05/2014,15,436
05/05/2014,16,607
05/05/2014,17,1183
05/05/2014,18,1028
05/05/2014,19,369
05/05/2014,20,94
05/05/2014,21,58
05/05/2014,22,42
05/05/2014,23,63
05/05/2015,0,58
05/05/2015,1,28
05/05/2015,2,16
05/05/2015,3,10
05/05/2015,4,12
05/05/2015,5,86
05/05/2015,6,351
05/05/2015,7,963
05/05/2015,8,1247
05/05/2015,9,552
05/05/2015,10,369
05/05/2015,11,455
05/05/2015,12,502
05/05/2015,13,477
05/05/2015,14,449
05/05/2015,15,507
05/05/2015,16,809
05/05/2015,17,1404
05/05/2015,18,835
05/05/2015,19,647
05/05/2015,20,490
05/05/2015,21,362
05/05/2015,22,305
05/05/2015,23,166
05/05/2016,0,50
05/05/2016,1,12
05/05/2016,2,2
05/05/2016,3,5
05/05/2016,4,7
05/05/2016,5,54
05/05/2016,6,226
05/05/2016,7,410
05/05/2016,8,917
05/05/2016,9,480
05/05/2016,10,201
05/05/2016,11,273
05/05/2016,12,293
05/05/2016,13,342
05/05/2016,14,303
05/05/2016,15,396
05/05/2016,16,659
05/05/2016,17,1424
05/05/2016,18,1050
05/05/2016,19,610
05/05/2016,20,415
05/05/2016,21,291
05/05/2016,22,183
05/05/2016,23,123
05/05/2017,0,19
05/05/2017,1,18
05/05/2017,2,18
05/05/2017,3,8
05/05/2017,4,6
05/05/2017,5,11
05/05/2017,6,51
05/05/2017,7,123
05/05/2017,8,111
05/05/2017,9,105
05/05/2017,10,197
05/05/2017,11,294
05/05/2017,12,385
05/05/2017,13,375
05/05/2017,14,456
05/05/2017,15,584
05/05/2017,16,878
05/05/2017,17,1189
05/05/2017,18,887
05/05/2017,19,652
05/05/2017,20,407
05/05/2017,21,279
05/05/2017,22,93
05/05/2017,23,117
05/06/2014,0,40
05/06/2014,1,19
05/06/2014,2,11
05/06/2014,3,4
05/06/2014,4,8
05/06/2014,5,46
05/06/2014,6,252
05/06/2014,7,617
05/06/2014,8,1024
05/06/2014,9,522
05/06/2014,10,269
05/06/2014,11,337
05/06/2014,12,445
05/06/2014,13,419
05/06/2014,14,414
05/06/2014,15,510
05/06/2014,16,674
05/06/2014,17,1254
05/06/2014,18,1205
05/06/2014,19,862
05/06/2014,20,736
05/06/2014,21,520
05/06/2014,22,335
05/06/2014,23,214
05/06/2015,0,67
05/06/2015,1,26
05/06/2015,2,13
05/06/2015,3,5
05/06/2015,4,9
05/06/2015,5,59
05/06/2015,6,163
05/06/2015,7,593
05/06/2015,8,909
05/06/2015,9,517
05/06/2015,10,350
05/06/2015,11,379
05/06/2015,12,539
05/06/2015,13,523
05/06/2015,14,584
05/06/2015,15,648
05/06/2015,16,845
05/06/2015,17,1442
05/06/2015,18,1160
05/06/2015,19,696
05/06/2015,20,481
05/06/2015,21,424
05/06/2015,22,384
05/06/2015,23,266
05/06/2016,0,202
05/06/2016,1,97
05/06/2016,2,39
05/06/2016,3,19
05/06/2016,4,8
05/06/2016,5,11
05/06/2016,6,43
05/06/2016,7,72
05/06/2016,8,210
05/06/2016,9,416
05/06/2016,10,644
05/06/2016,11,738
05/06/2016,12,859
05/06/2016,13,943
05/06/2016,14,848
05/06/2016,15,835
05/06/2016,16,801
05/06/2016,17,689
05/06/2016,18,521
05/06/2016,19,396
05/06/2016,20,380
05/06/2016,21,258
05/06/2016,22,234
05/06/2016,23,115
05/06/2017,0,49
05/06/2017,1,28
05/06/2017,2,4
05/06/2017,3,5
05/06/2017,4,11
05/06/2017,5,98
05/06/2017,6,339
05/06/2017,7,834
05/06/2017,8,1054
05/06/2017,9,501
05/06/2017,10,238
05/06/2017,11,312
05/06/2017,12,325
05/06/2017,13,352
05/06/2017,14,317
05/06/2017,15,406
05/06/2017,16,862
05/06/2017,17,1578
05/06/2017,18,1272
05/06/2017,19,846
05/06/2017,20,501
05/06/2017,21,374
05/06/2017,22,236
05/06/2017,23,98
05/07/2014,0,218
05/07/2014,1,128
05/07/2014,2,69
05/07/2014,3,35
05/07/2014,4,3
05/07/2014,5,13
05/07/2014,6,41
05/07/2014,7,100
05/07/2014,8,204
05/07/2014,9,377
05/07/2014,10,674
05/07/2014,11,920
05/07/2014,12,999
05/07/2014,13,1029
05/07/2014,14,1188
05/07/2014,15,1156
05/07/2014,16,1004
05/07/2014,17,882
05/07/2014,18,775
05/07/2014,19,955
05/07/2014,20,776
05/07/2014,21,560
05/07/2014,22,460
05/07/2014,23,260
05/07/2015,0,318
05/07/2015,1,134
05/07/2015,2,106
05/07/2015,3,59
05/07/2015,4,40
05/07/2015,5,30
05/07/2015,6,36
05/07/2015,7,76
05/07/2015,8,237
05/07/2015,9,423
05/07/2015,10,716
05/07/2015,11,979
05/07/2015,12,1041
05/07/2015,13,1082
05/07/2015,14,976
05/07/2015,15,941
05/07/2015,16,1060
05/07/2015,17,948
05/07/2015,18,868
05/07/2015,19,608
05/07/2015,20,473
05/07/2015,21,504
05/07/2015,22,326
05/07/2015,23,218
05/07/2016,0,64
05/07/2016,1,24
05/07/2016,2,10
05/07/2016,3,11
05/07/2016,4,8
05/07/2016,5,21
05/07/2016,6,150
05/07/2016,7,579
05/07/2016,8,1117
05/07/2016,9,569
05/07/2016,10,509
05/07/2016,11,517
05/07/2016,12,663
05/07/2016,13,519
05/07/2016,14,553
05/07/2016,15,596
05/07/2016,16,909
05/07/2016,17,1537
05/07/2016,18,1262
05/07/2016,19,861
05/07/2016,20,670
05/07/2016,21,403
05/07/2016,22,272
05/07/2016,23,146
05/07/2017,0,106
05/07/2017,1,36
05/07/2017,2,30
05/07/2017,3,10
05/07/2017,4,16
05/07/2017,5,93
05/07/2017,6,306
05/07/2017,7,677
05/07/2017,8,976
05/07/2017,9,422
05/07/2017,10,262
05/07/2017,11,462
05/07/2017,12,606
05/07/2017,13,629
05/07/2017,14,586
05/07/2017,15,717
05/07/2017,16,1002
05/07/2017,17,1540
05/07/2017,18,1250
05/07/2017,19,281
05/07/2017,20,166
05/07/2017,21,169
05/07/2017,22,153
05/07/2017,23,92
05/08/2014,0,50
05/08/2014,1,20
05/08/2014,2,10
05/08/2014,3,1
05/08/2014,4,14
05/08/2014,5,80
05/08/2014,6,279
05/08/2014,7,707
05/08/2014,8,1008
05/08/2014,9,534
05/08/2014,10,320
05/08/2014,11,387
05/08/2014,12,472
05/08/2014,13,489
05/08/2014,14,428
05/08/2014,15,482
05/08/2014,16,684
05/08/2014,17,1200
05/08/2014,18,1116
05/08/2014,19,779
05/08/2014,20,616
05/08/2014,21,496
05/08/2014,22,403
05/08/2014,23,141
05/08/2015,0,53
05/08/2015,1,15
05/08/2015,2,9
05/08/2015,3,5
05/08/2015,4,9
05/08/2015,5,107
05/08/2015,6,329
05/08/2015,7,904
05/08/2015,8,1211
05/08/2015,9,624
05/08/2015,10,363
05/08/2015,11,412
05/08/2015,12,524
05/08/2015,13,525
05/08/2015,14,445
05/08/2015,15,534
05/08/2015,16,850
05/08/2015,17,1456
05/08/2015,18,1371
05/08/2015,19,972
05/08/2015,20,716
05/08/2015,21,479
05/08/2015,22,383
05/08/2015,23,205
05/08/2016,0,72
05/08/2016,1,57
05/08/2016,2,25
05/08/2016,3,15
05/08/2016,4,9
05/08/2016,5,105
05/08/2016,6,285
05/08/2016,7,722
05/08/2016,8,1202
05/08/2016,9,643
05/08/2016,10,472
05/08/2016,11,480
05/08/2016,12,733
05/08/2016,13,663
05/08/2016,14,682
05/08/2016,15,735
05/08/2016,16,1005
05/08/2016,17,1453
05/08/2016,18,1189
05/08/2016,19,885
05/08/2016,20,624
05/08/2016,21,478
05/08/2016,22,398
05/08/2016,23,254
05/08/2017,0,206
05/08/2017,1,97
05/08/2017,2,92
05/08/2017,3,39
05/08/2017,4,11
05/08/2017,5,29
05/08/2017,6,77
05/08/2017,7,192
05/08/2017,8,361
05/08/2017,9,629
05/08/2017,10,973
05/08/2017,11,1142
05/08/2017,12,1297
05/08/2017,13,1339
05/08/2017,14,1461
05/08/2017,15,1419
05/08/2017,16,1330
05/08/2017,17,1288
05/08/2017,18,1095
05/08/2017,19,985
05/08/2017,20,841
05/08/2017,21,618
05/08/2017,22,454
05/08/2017,23,371
05/09/2014,0,96
05/09/2014,1,40
05/09/2014,2,16
05/09/2014,3,10
05/09/2014,4,9
05/09/2014,5,71
05/09/2014,6,310
05/09/2014,7,738
05/09/2014,8,1119
05/09/2014,9,509
05/09/2014,10,377
05/09/2014,11,401
05/09/2014,12,469
05/09/2014,13,520
05/09/2014,14,479
05/09/2014,15,508
05/09/2014,16,692
05/09/2014,17,1196
05/09/2014,18,1008
05/09/2014,19,829
05/09/2014,20,569
05/09/2014,21,409
05/09/2014,22,355
05/09/2014,23,276
05/09/2015,0,147
05/09/2015,1,102
05/09/2015,2,71
05/09/2015,3,30
05/09/2015,4,13
05/09/2015,5,17
05/09/2015,6,49
05/09/2015,7,124
05/09/2015,8,233
05/09/2015,9,425
05/09/2015,10,605
05/09/2015,11,767
05/09/2015,12,807
05/09/2015,13,927
05/09/2015,14,933
05/09/2015,15,895
05/09/2015,16,821
05/09/2015,17,837
05/09/2015,18,882
05/09/2015,19,703
05/09/2015,20,504
05/09/2015,21,395
05/09/2015,22,296
05/09/2015,23,284
05/09/2016,0,169
05/09/2016,1,76
05/09/2016,2,57
05/09/2016,3,16
05/09/2016,4,6
05/09/2016,5,32
05/09/2016,6,43
05/09/2016,7,119
05/09/2016,8,270
05/09/2016,9,489
05/09/2016,10,730
05/09/2016,11,965
05/09/2016,12,1023
05/09/2016,13,1051
05/09/2016,14,1068
05/09/2016,15,908
05/09/2016,16,870
05/09/2016,17,855
05/09/2016,18,829
05/09/2016,19,668
05/09/2016,20,425
05/09/2016,21,274
05/09/2016,22,179
05/09/2016,23,98
05/09/2017,0,55
05/09/2017,1,14
05/09/2017,2,10
05/09/2017,3,7
05/09/2017,4,14
05/09/2017,5,96
05/09/2017,6,342
05/09/2017,7,979
05/09/2017,8,1203
05/09/2017,9,568
05/09/2017,10,431
05/09/2017,11,458
05/09/2017,12,608
05/09/2017,13,546
05/09/2017,14,512
05/09/2017,15,578
05/09/2017,16,1041
05/09/2017,17,1719
05/09/2017,18,1013
05/09/2017,19,240
05/09/2017,20,317
05/09/2017,21,331
05/09/2017,22,179
05/09/2017,23,98
05/10/2014,0,267
05/10/2014,1,115
05/10/2014,2,85
05/10/2014,3,40
05/10/2014,4,17
05/10/2014,5,17
05/10/2014,6,19
05/10/2014,7,77
05/10/2014,8,186
05/10/2014,9,367
05/10/2014,10,627
05/10/2014,11,753
05/10/2014,12,928
05/10/2014,13,849
05/10/2014,14,874
05/10/2014,15,852
05/10/2014,16,817
05/10/2014,17,840
05/10/2014,18,652
05/10/2014,19,444
05/10/2014,20,345
05/10/2014,21,195
05/10/2014,22,185
05/10/2014,23,96
05/10/2015,0,20
05/10/2015,1,14
05/10/2015,2,12
05/10/2015,3,2
05/10/2015,4,11
05/10/2015,5,84
05/10/2015,6,249
05/10/2015,7,794
05/10/2015,8,1181
05/10/2015,9,485
05/10/2015,10,294
05/10/2015,11,367
05/10/2015,12,425
05/10/2015,13,462
05/10/2015,14,391
05/10/2015,15,451
05/10/2015,16,775
05/10/2015,17,1441
05/10/2015,18,1261
05/10/2015,19,750
05/10/2015,20,438
05/10/2015,21,276
05/10/2015,22,167
05/10/2015,23,95
05/10/2016,0,44
05/10/2016,1,9
05/10/2016,2,13
05/10/2016,3,2
05/10/2016,4,16
05/10/2016,5,100
05/10/2016,6,367
05/10/2016,7,1078
05/10/2016,8,1302
05/10/2016,9,624
05/10/2016,10,359
05/10/2016,11,425
05/10/2016,12,493
05/10/2016,13,512
05/10/2016,14,469
05/10/2016,15,586
05/10/2016,16,979
05/10/2016,17,1680
05/10/2016,18,1357
05/10/2016,19,845
05/10/2016,20,550
05/10/2016,21,393
05/10/2016,22,235
05/10/2016,23,152
05/10/2017,0,57
05/10/2017,1,31
05/10/2017,2,30
05/10/2017,3,13
05/10/2017,4,14
05/10/2017,5,109
05/10/2017,6,409
05/10/2017,7,1033
05/10/2017,8,1450
05/10/2017,9,644
05/10/2017,10,363
05/10/2017,11,507
05/10/2017,12,605
05/10/2017,13,609
05/10/2017,14,573
05/10/2017,15,682
05/10/2017,16,1059
05/10/2017,17,1767
05/10/2017,18,1495
05/10/2017,19,926
05/10/2017,20,524
05/10/2017,21,446
05/10/2017,22,344
05/10/2017,23,202
05/11/2014,0,50
05/11/2014,1,35
05/11/2014,2,9
05/11/2014,3,9
05/11/2014,4,9
05/11/2014,5,92
05/11/2014,6,331
05/11/2014,7,816
05/11/2014,8,1148
05/11/2014,9,511
05/11/2014,10,259
05/11/2014,11,286
05/11/2014,12,442
05/11/2014,13,393
05/11/2014,14,323
05/11/2014,15,382
05/11/2014,16,694
05/11/2014,17,1148
05/11/2014,18,874
05/11/2014,19,475
05/11/2014,20,334
05/11/2014,21,259
05/11/2014,22,166
05/11/2014,23,73
05/11/2015,0,40
05/11/2015,1,12
05/11/2015,2,8
05/11/2015,3,1
05/11/2015,4,13
05/11/2015,5,71
05/11/2015,6,281
05/11/2015,7,811
05/11/2015,8,1217
05/11/2015,9,526
05/11/2015,10,281
05/11/2015,11,335
05/11/2015,12,440
05/11/2015,13,440
05/11/2015,14,402
05/11/2015,15,456
05/11/2015,16,809
05/11/2015,17,1318
05/11/2015,18,1114
05/11/2015,19,695
05/11/2015,20,463
05/11/2015,21,387
05/11/2015,22,259
05/11/2015,23,174
05/11/2016,0,102
05/11/2016,1,88
05/11/2016,2,63
05/11/2016,3,16
05/11/2016,4,21
05/11/2016,5,19
05/11/2016,6,41
05/11/2016,7,127
05/11/2016,8,295
05/11/2016,9,459
05/11/2016,10,673
05/11/2016,11,811
05/11/2016,12,964
05/11/2016,13,1107
05/11/2016,14,1090
05/11/2016,15,1107
05/11/2016,16,1107
05/11/2016,17,1000
05/11/2016,18,720
05/11/2016,19,467
05/11/2016,20,312
05/11/2016,21,248
05/11/2016,22,254
05/11/2016,23,212
05/11/2017,0,83
05/11/2017,1,104
05/11/2017,2,16
05/11/2017,3,11
05/11/2017,4,3
05/11/2017,5,12
05/11/2017,6,50
05/11/2017,7,88
05/11/2017,8,173
05/11/2017,9,267
05/11/2017,10,328
05/11/2017,11,419
05/11/2017,12,536
05/11/2017,13,459
05/11/2017,14,498
05/11/2017,15,568
05/11/2017,16,543
05/11/2017,17,429
05/11/2017,18,362
05/11/2017,19,285
05/11/2017,20,192
05/11/2017,21,195
05/11/2017,22,147
05/11/2017,23,118
05/12/2014,0,53
05/12/2014,1,16
05/12/2014,2,12
05/12/2014,3,1
05/12/2014,4,5
05/12/2014,5,53
05/12/2014,6,151
05/12/2014,7,385
05/12/2014,8,839
05/12/2014,9,415
05/12/2014,10,217
05/12/2014,11,202
05/12/2014,12,290
05/12/2014,13,275
05/12/2014,14,223
05/12/2014,15,199
05/12/2014,16,322
05/12/2014,17,631
05/12/2014,18,557
05/12/2014,19,382
05/12/2014,20,241
05/12/2014,21,222
05/12/2014,22,167
05/12/2014,23,128
05/12/2015,0,97
05/12/2015,1,84
05/12/2015,2,83
05/12/2015,3,25
05/12/2015,4,2
05/12/2015,5,10
05/12/2015,6,23
05/12/2015,7,76
05/12/2015,8,174
05/12/2015,9,305
05/12/2015,10,462
05/12/2015,11,560
05/12/2015,12,668
05/12/2015,13,709
05/12/2015,14,635
05/12/2015,15,697
05/12/2015,16,594
05/12/2015,17,534
05/12/2015,18,400
05/12/2015,19,275
05/12/2015,20,235
05/12/2015,21,184
05/12/2015,22,135
05/12/2015,23,119
05/12/2016,0,14
05/12/2016,1,3
05/12/2016,2,4
05/12/2016,4,7
05/12/2016,5,59
05/12/2016,6,235
05/12/2016,7,634
05/12/2016,8,961
05/12/2016,9,469
05/12/2016,10,238
05/12/2016,11,260
05/12/2016,12,341
05/12/2016,13,361
05/12/2016,14,281
05/12/2016,15,377
05/12/2016,16,633
05/12/2016,17,1117
05/12/2016,18,932
05/12/2016,19,507
05/12/2016,20,334
05/12/2016,21,250
05/12/2016,22,138
05/12/2016,23,55
05/12/2017,0,43
05/12/2017,1,12
05/12/2017,2,11
05/12/2017,3,8
05/12/2017,4,18
05/12/2017,5,76
05/12/2017,6,317
05/12/2017,7,801
05/12/2017,8,1262
05/12/2017,9,491
05/12/2017,10,228
05/12/2017,11,283
05/12/2017,12,378
05/12/2017,13,361
05/12/2017,14,326
05/12/2017,15,456
05/12/2017,16,731
05/12/2017,17,1062
05/12/2017,18,627
05/12/2017,19,217
05/12/2017,20,162
05/12/2017,21,206
05/12/2017,22,115
05/12/2017,23,101
06/01/2014,0,15
06/01/2014,1,4
06/01/2014,2,2
06/01/2014,3,2
06/01/2014,4,2
06/01/2014,5,15
06/01/2014,6,81
06/01/2014,7,171
06/01/2014,8,599
06/01/2014,9,241
06/01/2014,10,111
06/01/2014,11,113
06/01/2014,12,157
06/01/2014,13,154
06/01/2014,14,126
06/01/2014,15,181
06/01/2014,16,253
06/01/2014,17,479
06/01/2014,18,369
06/01/2014,19,211
06/01/2014,20,96
06/01/2014,21,79
06/01/2014,22,27
06/01/2014,23,19
06/01/2015,0,12
06/01/2015,1,6
06/01/2015,2,1
06/01/2015,4,1
06/01/2015,5,23
06/01/2015,6,58
06/01/2015,7,104
06/01/2015,8,145
06/01/2015,9,79
06/01/2015,10,43
06/01/2015,11,59
06/01/2015,12,65
06/01/2015,13,73
06/01/2015,14,74
06/01/2015,15,98
06/01/2015,16,174
06/01/2015,17,304
06/01/2015,18,275
06/01/2015,19,199
06/01/2015,20,128
06/01/2015,21,65
06/01/2015,22,50
06/01/2015,23,24
06/01/2016,0,10
06/01/2016,1,1
06/01/2016,2,2
06/01/2016,4,1
06/01/2016,5,57
06/01/2016,6,174
06/01/2016,7,419
06/01/2016,8,799
06/01/2016,9,391
06/01/2016,10,156
06/01/2016,11,149
06/01/2016,12,205
06/01/2016,13,217
06/01/2016,14,178
06/01/2016,15,221
06/01/2016,16,392
06/01/2016,17,770
06/01/2016,18,645
06/01/2016,19,375
06/01/2016,20,235
06/01/2016,21,167
06/01/2016,22,100
06/01/2016,23,48
06/01/2017,0,19
06/01/2017,1,5
06/01/2017,2,7
06/01/2017,3,2
06/01/2017,4,3
06/01/2017,5,50
06/01/2017,6,150
06/01/2017,7,439
06/01/2017,8,787
06/01/2017,9,406
06/01/2017,10,159
06/01/2017,11,210
06/01/2017,12,266
06/01/2017,13,249
06/01/2017,14,224
06/01/2017,15,279
06/01/2017,16,406
06/01/2017,17,721
06/01/2017,18,500
06/01/2017,19,258
06/01/2017,20,161
06/01/2017,21,119
06/01/2017,22,92
06/01/2017,23,58
06/01/2018,0,16
06/01/2018,1,12
06/01/2018,2,5
06/01/2018,3,6
06/01/2018,4,3
06/01/2018,5,5
06/01/2018,6,5
06/01/2018,7,21
06/01/2018,8,55
06/01/2018,9,88
06/01/2018,10,125
06/01/2018,11,132
06/01/2018,12,143
06/01/2018,13,127
06/01/2018,14,121
06/01/2018,15,143
06/01/2018,16,114
06/01/2018,17,73
06/01/2018,18,96
06/01/2018,19,54
06/01/2018,20,53
06/01/2018,21,37
06/01/2018,22,36
06/01/2018,23,19
06/02/2014,0,22
06/02/2014,1,19
06/02/2014,2,3
06/02/2014,4,4
06/02/2014,5,24
06/02/2014,6,127
06/02/2014,7,324
06/02/2014,8,741
06/02/2014,9,331
06/02/2014,10,143
06/02/2014,11,160
06/02/2014,12,181
06/02/2014,13,197
06/02/2014,14,156
06/02/2014,15,204
06/02/2014,16,269
06/02/2014,17,588
06/02/2014,18,560
06/02/2014,19,407
06/02/2014,20,279
06/02/2014,21,216
06/02/2014,22,135
06/02/2014,23,86
06/02/2015,0,19
06/02/2015,1,12
06/02/2015,2,4
06/02/2015,4,5
06/02/2015,5,35
06/02/2015,6,106
06/02/2015,7,311
06/02/2015,8,610
06/02/2015,9,358
06/02/2015,10,167
06/02/2015,11,178
06/02/2015,12,207
06/02/2015,13,228
06/02/2015,14,164
06/02/2015,15,220
06/02/2015,16,347
06/02/2015,17,605
06/02/2015,18,481
06/02/2015,19,329
06/02/2015,20,202
06/02/2015,21,147
06/02/2015,22,106
06/02/2015,23,86
06/02/2016,0,74
06/02/2016,1,52
06/02/2016,2,28
06/02/2016,3,16
06/02/2016,4,8
06/02/2016,5,1
06/02/2016,6,14
06/02/2016,7,75
06/02/2016,8,162
06/02/2016,9,255
06/02/2016,10,320
06/02/2016,11,414
06/02/2016,12,467
06/02/2016,13,441
06/02/2016,14,482
06/02/2016,15,451
06/02/2016,16,407
06/02/2016,17,362
06/02/2016,18,292
06/02/2016,19,210
06/02/2016,20,156
06/02/2016,21,136
06/02/2016,22,125
06/02/2016,23,94
06/02/2017,0,22
06/02/2017,1,10
06/02/2017,2,16
06/02/2017,3,8
06/02/2017,4,6
06/02/2017,5,56
06/02/2017,6,193
06/02/2017,7,573
06/02/2017,8,1161
06/02/2017,9,449
06/02/2017,10,203
06/02/2017,11,264
06/02/2017,12,311
06/02/2017,13,331
06/02/2017,14,304
06/02/2017,15,408
06/02/2017,16,644
06/02/2017,17,1204
06/02/2017,18,933
06/02/2017,19,539
06/02/2017,20,334
06/02/2017,21,233
06/02/2017,22,145
06/02/2017,23,52
06/02/2018,0,18
06/02/2018,1,7
06/02/2018,2,2
06/02/2018,4,13
06/02/2018,5,82
06/02/2018,6,222
06/02/2018,7,545
06/02/2018,8,974
06/02/2018,9,443
06/02/2018,10,207
06/02/2018,11,218
06/02/2018,12,232
06/02/2018,13,240
06/02/2018,14,202
06/02/2018,15,318
06/02/2018,16,491
06/02/2018,17,913
06/02/2018,18,734
06/02/2018,19,428
06/02/2018,20,230
06/02/2018,21,192
06/02/2018,22,104
06/02/2018,23,41
06/03/2014,0,31
06/03/2014,1,12
06/03/2014,2,1
06/03/2014,4,2
06/03/2014,5,31
06/03/2014,6,111
06/03/2014,7,330
06/03/2014,8,681
06/03/2014,9,311
06/03/2014,10,136
06/03/2014,11,150
06/03/2014,12,212
06/03/2014,13,174
06/03/2014,14,138
06/03/2014,15,200
06/03/2014,16,249
06/03/2014,17,616
06/03/2014,18,577
06/03/2014,19,294
06/03/2014,20,240
06/03/2014,21,173
06/03/2014,22,89
06/03/2014,23,74
06/03/2015,0,6
06/03/2015,1,5
06/03/2015,2,3
06/03/2015,5,9
06/03/2015,6,10
06/03/2015,7,32
06/03/2015,8,103
06/03/2015,9,109
06/03/2015,10,101
06/03/2015,11,73
06/03/2015,12,67
06/03/2015,13,94
06/03/2015,14,86
06/03/2015,15,108
06/03/2015,16,169
06/03/2015,17,265
06/03/2015,18,236
06/03/2015,19,166
06/03/2015,20,96
06/03/2015,21,88
06/03/2015,22,47
06/03/2015,23,55
06/03/2016,0,77
06/03/2016,1,60
06/03/2016,2,60
06/03/2016,3,16
06/03/2016,4,2
06/03/2016,5,6
06/03/2016,6,16
06/03/2016,7,57
06/03/2016,8,155
06/03/2016,9,251
06/03/2016,10,373
06/03/2016,11,421
06/03/2016,12,568
06/03/2016,13,568
06/03/2016,14,565
06/03/2016,15,587
06/03/2016,16,615
06/03/2016,17,526
06/03/2016,18,365
06/03/2016,19,220
06/03/2016,20,152
06/03/2016,21,130
06/03/2016,22,72
06/03/2016,23,37
06/03/2017,0,17
06/03/2017,1,4
06/03/2017,2,2
06/03/2017,3,3
06/03/2017,4,11
06/03/2017,5,55
06/03/2017,6,229
06/03/2017,7,604
06/03/2017,8,986
06/03/2017,9,418
06/03/2017,10,239
06/03/2017,11,277
06/03/2017,12,354
06/03/2017,13,388
06/03/2017,14,348
06/03/2017,15,456
06/03/2017,16,607
06/03/2017,17,1216
06/03/2017,18,950
06/03/2017,19,574
06/03/2017,20,374
06/03/2017,21,225
06/03/2017,22,165
06/03/2017,23,81
06/03/2018,0,23
06/03/2018,1,9
06/03/2018,2,8
06/03/2018,3,10
06/03/2018,4,14
06/03/2018,5,73
06/03/2018,6,286
06/03/2018,7,664
06/03/2018,8,1141
06/03/2018,9,479
06/03/2018,10,221
06/03/2018,11,268
06/03/2018,12,327
06/03/2018,13,291
06/03/2018,14,228
06/03/2018,15,267
06/03/2018,16,451
06/03/2018,17,920
06/03/2018,18,780
06/03/2018,19,408
06/03/2018,20,125
06/03/2018,21,70
06/03/2018,22,53
06/03/2018,23,27
06/04/2014,0,113
06/04/2014,1,77
06/04/2014,2,69
06/04/2014,3,30
06/04/2014,4,7
06/04/2014,5,22
06/04/2014,6,126
06/04/2014,7,105
06/04/2014,8,192
06/04/2014,9,396
06/04/2014,10,603
06/04/2014,11,740
06/04/2014,12,910
06/04/2014,13,930
06/04/2014,14,937
06/04/2014,15,978
06/04/2014,16,1037
06/04/2014,17,828
06/04/2014,18,640
06/04/2014,19,434
06/04/2014,20,276
06/04/2014,21,127
06/04/2014,22,157
06/04/2014,23,83
06/04/2015,0,31
06/04/2015,1,13
06/04/2015,2,6
06/04/2015,3,2
06/04/2015,4,9
06/04/2015,5,51
06/04/2015,6,215
06/04/2015,7,643
06/04/2015,8,1083
06/04/2015,9,569
06/04/2015,10,453
06/04/2015,11,603
06/04/2015,12,722
06/04/2015,13,713
06/04/2015,14,673
06/04/2015,15,718
06/04/2015,16,893
06/04/2015,17,1469
06/04/2015,18,1301
06/04/2015,19,1099
06/04/2015,20,592
06/04/2015,21,368
06/04/2015,22,203
06/04/2015,23,211
06/04/2016,0,33
06/04/2016,1,5
06/04/2016,2,4
06/04/2016,3,1
06/04/2016,4,5
06/04/2016,5,49
06/04/2016,6,192
06/04/2016,7,586
06/04/2016,8,1049
06/04/2016,9,509
06/04/2016,10,234
06/04/2016,11,306
06/04/2016,12,343
06/04/2016,13,356
06/04/2016,14,340
06/04/2016,15,371
06/04/2016,16,627
06/04/2016,17,1191
06/04/2016,18,1106
06/04/2016,19,691
06/04/2016,20,464
06/04/2016,21,334
06/04/2016,22,185
06/04/2016,23,87
06/04/2017,0,48
06/04/2017,1,15
06/04/2017,2,6
06/04/2017,3,2
06/04/2017,4,8
06/04/2017,5,79
06/04/2017,6,262
06/04/2017,7,814
06/04/2017,8,937
06/04/2017,9,89
06/04/2017,10,41
06/04/2017,11,29
06/04/2017,12,47
06/04/2017,13,97
06/04/2017,14,120
06/04/2017,15,305
06/04/2017,16,188
06/04/2017,17,1049
06/04/2017,18,984
06/04/2017,19,376
06/04/2017,20,311
06/04/2017,21,253
06/04/2017,22,171
06/04/2017,23,122
06/04/2018,0,67
06/04/2018,1,26
06/04/2018,2,12
06/04/2018,3,11
06/04/2018,4,17
06/04/2018,5,65
06/04/2018,6,257
06/04/2018,7,649
06/04/2018,8,1171
06/04/2018,9,678
06/04/2018,10,382
06/04/2018,11,574
06/04/2018,12,665
06/04/2018,13,760
06/04/2018,14,803
06/04/2018,15,1090
06/04/2018,16,1503
06/04/2018,17,2038
06/04/2018,18,1592
06/04/2018,19,990
06/04/2018,20,565
06/04/2018,21,402
06/04/2018,22,345
06/04/2018,23,268
06/05/2014,0,19
06/05/2014,1,24
06/05/2014,2,10
06/05/2014,3,3
06/05/2014,4,4
06/05/2014,5,60
06/05/2014,6,215
06/05/2014,7,656
06/05/2014,8,1040
06/05/2014,9,449
06/05/2014,10,287
06/05/2014,11,330
06/05/2014,12,422
06/05/2014,13,406
06/05/2014,14,418
06/05/2014,15,394
06/05/2014,16,708
06/05/2014,17,1383
06/05/2014,18,1221
06/05/2014,19,819
06/05/2014,20,600
06/05/2014,21,439
06/05/2014,22,323
06/05/2014,23,173
06/05/2015,0,54
06/05/2015,1,24
06/05/2015,2,11
06/05/2015,3,2
06/05/2015,4,11
06/05/2015,5,79
06/05/2015,6,336
06/05/2015,7,916
06/05/2015,8,1219
06/05/2015,9,542
06/05/2015,10,337
06/05/2015,11,420
06/05/2015,12,505
06/05/2015,13,481
06/05/2015,14,443
06/05/2015,15,572
06/05/2015,16,805
06/05/2015,17,1318
06/05/2015,18,1310
06/05/2015,19,716
06/05/2015,20,579
06/05/2015,21,353
06/05/2015,22,310
06/05/2015,23,146
06/05/2016,0,53
06/05/2016,1,35
06/05/2016,2,19
06/05/2016,3,9
06/05/2016,4,9
06/05/2016,5,56
06/05/2016,6,94
06/05/2016,7,202
06/05/2016,8,336
06/05/2016,9,153
06/05/2016,10,65
06/05/2016,11,50
06/05/2016,12,43
06/05/2016,13,47
06/05/2016,14,51
06/05/2016,15,125
06/05/2016,16,127
06/05/2016,17,269
06/05/2016,18,384
06/05/2016,19,358
06/05/2016,20,275
06/05/2016,21,167
06/05/2016,22,93
06/05/2016,23,82
06/05/2017,0,127
06/05/2017,1,73
06/05/2017,2,71
06/05/2017,3,47
06/05/2017,4,14
06/05/2017,5,7
06/05/2017,6,47
06/05/2017,7,129
06/05/2017,8,263
06/05/2017,9,411
06/05/2017,10,418
06/05/2017,11,321
06/05/2017,12,328
06/05/2017,13,399
06/05/2017,14,474
06/05/2017,15,557
06/05/2017,16,552
06/05/2017,17,311
06/05/2017,18,253
06/05/2017,19,281
06/05/2017,20,231
06/05/2017,21,189
06/05/2017,22,166
06/05/2017,23,173
06/06/2014,0,108
06/06/2014,1,42
06/06/2014,2,17
06/06/2014,3,6
06/06/2014,4,5
06/06/2014,5,63
06/06/2014,6,236
06/06/2014,7,720
06/06/2014,8,1051
06/06/2014,9,603
06/06/2014,10,338
06/06/2014,11,396
06/06/2014,12,552
06/06/2014,13,588
06/06/2014,14,605
06/06/2014,15,569
06/06/2014,16,914
06/06/2014,17,1351
06/06/2014,18,1032
06/06/2014,19,804
06/06/2014,20,618
06/06/2014,21,452
06/06/2014,22,409
06/06/2014,23,330
06/06/2015,0,184
06/06/2015,1,106
06/06/2015,2,73
06/06/2015,3,24
06/06/2015,4,5
06/06/2015,5,9
06/06/2015,6,35
06/06/2015,7,150
06/06/2015,8,344
06/06/2015,9,558
06/06/2015,10,716
06/06/2015,11,999
06/06/2015,12,1012
06/06/2015,13,997
06/06/2015,14,964
06/06/2015,15,1051
06/06/2015,16,1020
06/06/2015,17,977
06/06/2015,18,837
06/06/2015,19,754
06/06/2015,20,617
06/06/2015,21,508
06/06/2015,22,423
06/06/2015,23,322
06/06/2016,0,38
06/06/2016,1,20
06/06/2016,2,11
06/06/2016,3,3
06/06/2016,4,6
06/06/2016,5,81
06/06/2016,6,331
06/06/2016,7,941
06/06/2016,8,1260
06/06/2016,9,616
06/06/2016,10,350
06/06/2016,11,345
06/06/2016,12,453
06/06/2016,13,470
06/06/2016,14,440
06/06/2016,15,533
06/06/2016,16,881
06/06/2016,17,1665
06/06/2016,18,1527
06/06/2016,19,988
06/06/2016,20,699
06/06/2016,21,425
06/06/2016,22,258
06/06/2016,23,127
06/06/2017,0,48
06/06/2017,1,16
06/06/2017,2,13
06/06/2017,4,14
06/06/2017,5,114
06/06/2017,6,443
06/06/2017,7,1089
06/06/2017,8,1311
06/06/2017,9,632
06/06/2017,10,408
06/06/2017,11,517
06/06/2017,12,584
06/06/2017,13,579
06/06/2017,14,603
06/06/2017,15,715
06/06/2017,16,1004
06/06/2017,17,1843
06/06/2017,18,1482
06/06/2017,19,1021
06/06/2017,20,775
06/06/2017,21,496
06/06/2017,22,273
06/06/2017,23,159
06/07/2014,0,237
06/07/2014,1,122
06/07/2014,2,95
06/07/2014,3,48
06/07/2014,4,14
06/07/2014,5,13
06/07/2014,6,45
06/07/2014,7,90
06/07/2014,8,202
06/07/2014,9,415
06/07/2014,10,672
06/07/2014,11,864
06/07/2014,12,995
06/07/2014,13,989
06/07/2014,14,868
06/07/2014,15,872
06/07/2014,16,927
06/07/2014,17,848
06/07/2014,18,679
06/07/2014,19,628
06/07/2014,20,532
06/07/2014,21,393
06/07/2014,22,271
06/07/2014,23,107
06/07/2015,0,78
06/07/2015,1,43
06/07/2015,2,11
06/07/2015,3,14
06/07/2015,4,13
06/07/2015,5,71
06/07/2015,6,226
06/07/2015,7,670
06/07/2015,8,977
06/07/2015,9,526
06/07/2015,10,348
06/07/2015,11,442
06/07/2015,12,475
06/07/2015,13,562
06/07/2015,14,514
06/07/2015,15,554
06/07/2015,16,764
06/07/2015,17,1261
06/07/2015,18,1160
06/07/2015,19,775
06/07/2015,20,584
06/07/2015,21,447
06/07/2015,22,252
06/07/2015,23,135
06/07/2016,0,56
06/07/2016,1,24
06/07/2016,2,8
06/07/2016,3,7
06/07/2016,4,14
06/07/2016,5,124
06/07/2016,6,372
06/07/2016,7,925
06/07/2016,8,1284
06/07/2016,9,624
06/07/2016,10,348
06/07/2016,11,433
06/07/2016,12,477
06/07/2016,13,488
06/07/2016,14,406
06/07/2016,15,530
06/07/2016,16,787
06/07/2016,17,1488
06/07/2016,18,1281
06/07/2016,19,1018
06/07/2016,20,779
06/07/2016,21,524
06/07/2016,22,291
06/07/2016,23,160
06/07/2017,0,48
06/07/2017,1,16
06/07/2017,2,16
06/07/2017,3,5
06/07/2017,4,5
06/07/2017,5,30
06/07/2017,6,92
06/07/2017,7,131
06/07/2017,8,272
06/07/2017,9,161
06/07/2017,10,94
06/07/2017,11,114
06/07/2017,12,256
06/07/2017,13,304
06/07/2017,14,411
06/07/2017,15,390
06/07/2017,16,706
06/07/2017,17,1255
06/07/2017,18,1130
06/07/2017,19,825
06/07/2017,20,459
06/07/2017,21,244
06/07/2017,22,255
06/07/2017,23,138
06/08/2014,0,23
06/08/2014,1,21
06/08/2014,2,2
06/08/2014,3,3
06/08/2014,4,7
06/08/2014,5,72
06/08/2014,6,285
06/08/2014,7,653
06/08/2014,8,995
06/08/2014,9,497
06/08/2014,10,320
06/08/2014,11,377
06/08/2014,12,501
06/08/2014,13,447
06/08/2014,14,463
06/08/2014,15,469
06/08/2014,16,705
06/08/2014,17,1291
06/08/2014,18,1220
06/08/2014,19,954
06/08/2014,20,616
06/08/2014,21,488
06/08/2014,22,357
06/08/2014,23,185
06/08/2015,0,91
06/08/2015,1,30
06/08/2015,2,13
06/08/2015,3,4
06/08/2015,4,5
06/08/2015,5,83
06/08/2015,6,323
06/08/2015,7,932
06/08/2015,8,1282
06/08/2015,9,667
06/08/2015,10,425
06/08/2015,11,462
06/08/2015,12,548
06/08/2015,13,481
06/08/2015,14,494
06/08/2015,15,583
06/08/2015,16,815
06/08/2015,17,1502
06/08/2015,18,1377
06/08/2015,19,880
06/08/2015,20,651
06/08/2015,21,395
06/08/2015,22,312
06/08/2015,23,262
06/08/2016,0,205
06/08/2016,1,148
06/08/2016,2,63
06/08/2016,3,37
06/08/2016,4,29
06/08/2016,5,26
06/08/2016,6,64
06/08/2016,7,159
06/08/2016,8,334
06/08/2016,9,628
06/08/2016,10,806
06/08/2016,11,871
06/08/2016,12,880
06/08/2016,13,920
06/08/2016,14,771
06/08/2016,15,685
06/08/2016,16,840
06/08/2016,17,809
06/08/2016,18,711
06/08/2016,19,717
06/08/2016,20,540
06/08/2016,21,473
06/08/2016,22,397
06/08/2016,23,227
06/08/2017,0,219
06/08/2017,1,150
06/08/2017,2,102
06/08/2017,3,52
06/08/2017,4,22
06/08/2017,5,16
06/08/2017,6,52
06/08/2017,7,135
06/08/2017,8,271
06/08/2017,9,574
06/08/2017,10,839
06/08/2017,11,1124
06/08/2017,12,1215
06/08/2017,13,1182
06/08/2017,14,1238
06/08/2017,15,1341
06/08/2017,16,1241
06/08/2017,17,1096
06/08/2017,18,1000
06/08/2017,19,828
06/08/2017,20,606
06/08/2017,21,387
06/08/2017,22,313
06/08/2017,23,156
06/09/2014,0,204
06/09/2014,1,135
06/09/2014,2,76
06/09/2014,3,35
06/09/2014,4,15
06/09/2014,5,17
06/09/2014,6,60
06/09/2014,7,133
06/09/2014,8,307
06/09/2014,9,426
06/09/2014,10,639
06/09/2014,11,834
06/09/2014,12,804
06/09/2014,13,825
06/09/2014,14,815
06/09/2014,15,740
06/09/2014,16,663
06/09/2014,17,722
06/09/2014,18,716
06/09/2014,19,315
06/09/2014,20,201
06/09/2014,21,223
06/09/2014,22,220
06/09/2014,23,190
06/09/2015,0,172
06/09/2015,1,128
06/09/2015,2,67
06/09/2015,3,28
06/09/2015,4,16
06/09/2015,5,17
06/09/2015,6,35
06/09/2015,7,91
06/09/2015,8,224
06/09/2015,9,548
06/09/2015,10,826
06/09/2015,11,938
06/09/2015,12,1016
06/09/2015,13,992
06/09/2015,14,996
06/09/2015,15,949
06/09/2015,16,1050
06/09/2015,17,986
06/09/2015,18,913
06/09/2015,19,759
06/09/2015,20,555
06/09/2015,21,466
06/09/2015,22,384
06/09/2015,23,244
06/09/2016,0,43
06/09/2016,1,20
06/09/2016,2,7
06/09/2016,3,5
06/09/2016,4,26
06/09/2016,5,119
06/09/2016,6,360
06/09/2016,7,932
06/09/2016,8,1070
06/09/2016,9,475
06/09/2016,10,337
06/09/2016,11,354
06/09/2016,12,453
06/09/2016,13,514
06/09/2016,14,416
06/09/2016,15,509
06/09/2016,16,828
06/09/2016,17,1641
06/09/2016,18,1417
06/09/2016,19,934
06/09/2016,20,554
06/09/2016,21,383
06/09/2016,22,239
06/09/2016,23,116
06/09/2017,0,57
06/09/2017,1,13
06/09/2017,2,5
06/09/2017,3,7
06/09/2017,4,14
06/09/2017,5,96
06/09/2017,6,384
06/09/2017,7,958
06/09/2017,8,1304
06/09/2017,9,538
06/09/2017,10,256
06/09/2017,11,129
06/09/2017,12,98
06/09/2017,13,93
06/09/2017,14,103
06/09/2017,15,82
06/09/2017,16,217
06/09/2017,17,475
06/09/2017,18,416
06/09/2017,19,290
06/09/2017,20,150
06/09/2017,21,120
06/09/2017,22,121
06/09/2017,23,70
06/10/2014,0,54
06/10/2014,1,23
06/10/2014,2,17
06/10/2014,3,2
06/10/2014,4,10
06/10/2014,5,81
06/10/2014,6,267
06/10/2014,7,777
06/10/2014,8,1063
06/10/2014,9,472
06/10/2014,10,288
06/10/2014,11,346
06/10/2014,12,471
06/10/2014,13,481
06/10/2014,14,452
06/10/2014,15,491
06/10/2014,16,860
06/10/2014,17,1459
06/10/2014,18,1180
06/10/2014,19,724
06/10/2014,20,473
06/10/2014,21,314
06/10/2014,22,239
06/10/2014,23,111
06/10/2015,0,43
06/10/2015,1,11
06/10/2015,2,6
06/10/2015,3,2
06/10/2015,4,9
06/10/2015,5,87
06/10/2015,6,318
06/10/2015,7,845
06/10/2015,8,1299
06/10/2015,9,552
06/10/2015,10,322
06/10/2015,11,353
06/10/2015,12,454
06/10/2015,13,455
06/10/2015,14,412
06/10/2015,15,480
06/10/2015,16,829
06/10/2015,17,1588
06/10/2015,18,1399
06/10/2015,19,839
06/10/2015,20,526
06/10/2015,21,353
06/10/2015,22,243
06/10/2015,23,126
06/10/2016,0,49
06/10/2016,1,19
06/10/2016,2,8
06/10/2016,3,2
06/10/2016,4,14
06/10/2016,5,90
06/10/2016,6,309
06/10/2016,7,936
06/10/2016,8,1321
06/10/2016,9,560
06/10/2016,10,356
06/10/2016,11,406
06/10/2016,12,530
06/10/2016,13,518
06/10/2016,14,462
06/10/2016,15,611
06/10/2016,16,947
06/10/2016,17,1571
06/10/2016,18,1400
06/10/2016,19,845
06/10/2016,20,569
06/10/2016,21,390
06/10/2016,22,299
06/10/2016,23,150
06/10/2017,0,106
06/10/2017,1,63
06/10/2017,2,39
06/10/2017,3,11
06/10/2017,4,18
06/10/2017,5,101
06/10/2017,6,353
06/10/2017,7,867
06/10/2017,8,1287
06/10/2017,9,673
06/10/2017,10,544
06/10/2017,11,579
06/10/2017,12,761
06/10/2017,13,833
06/10/2017,14,785
06/10/2017,15,938
06/10/2017,16,1298
06/10/2017,17,1746
06/10/2017,18,1344
06/10/2017,19,801
06/10/2017,20,522
06/10/2017,21,439
06/10/2017,22,500
06/10/2017,23,377
06/11/2014,0,32
06/11/2014,1,10
06/11/2014,2,6
06/11/2014,4,3
06/11/2014,5,22
06/11/2014,6,59
06/11/2014,7,370
06/11/2014,8,772
06/11/2014,9,558
06/11/2014,10,312
06/11/2014,11,286
06/11/2014,12,420
06/11/2014,13,398
06/11/2014,14,145
06/11/2014,15,244
06/11/2014,16,505
06/11/2014,17,749
06/11/2014,18,790
06/11/2014,19,534
06/11/2014,20,400
06/11/2014,21,339
06/11/2014,22,217
06/11/2014,23,135
06/11/2015,0,87
06/11/2015,1,40
06/11/2015,2,19
06/11/2015,3,6
06/11/2015,4,7
06/11/2015,5,73
06/11/2015,6,274
06/11/2015,7,806
06/11/2015,8,1211
06/11/2015,9,578
06/11/2015,10,436
06/11/2015,11,496
06/11/2015,12,593
06/11/2015,13,660
06/11/2015,14,612
06/11/2015,15,761
06/11/2015,16,1126
06/11/2015,17,1352
06/11/2015,18,991
06/11/2015,19,592
06/11/2015,20,250
06/11/2015,21,211
06/11/2015,22,233
06/11/2015,23,195
06/11/2016,0,145
06/11/2016,1,138
06/11/2016,2,23
06/11/2016,3,11
06/11/2016,4,9
06/11/2016,5,10
06/11/2016,6,55
06/11/2016,7,121
06/11/2016,8,300
06/11/2016,9,563
06/11/2016,10,817
06/11/2016,11,899
06/11/2016,12,1047
06/11/2016,13,975
06/11/2016,14,923
06/11/2016,15,939
06/11/2016,16,950
06/11/2016,17,603
06/11/2016,18,427
06/11/2016,19,298
06/11/2016,20,260
06/11/2016,21,170
06/11/2016,22,99
06/11/2016,23,58
06/11/2017,0,29
06/11/2017,1,11
06/11/2017,2,12
06/11/2017,3,5
06/11/2017,4,12
06/11/2017,5,107
06/11/2017,6,366
06/11/2017,7,896
06/11/2017,8,1131
06/11/2017,9,502
06/11/2017,10,352
06/11/2017,11,430
06/11/2017,12,502
06/11/2017,13,503
06/11/2017,14,478
06/11/2017,15,660
06/11/2017,16,1027
06/11/2017,17,1354
06/11/2017,18,1017
06/11/2017,19,604
06/11/2017,20,415
06/11/2017,21,283
06/11/2017,22,236
06/11/2017,23,84
06/12/2014,0,106
06/12/2014,1,79
06/12/2014,2,65
06/12/2014,3,31
06/12/2014,4,10
06/12/2014,5,7
06/12/2014,6,16
06/12/2014,7,72
06/12/2014,8,151
06/12/2014,9,268
06/12/2014,10,346
06/12/2014,11,375
06/12/2014,12,209
06/12/2014,13,180
06/12/2014,14,81
06/12/2014,15,96
06/12/2014,16,197
06/12/2014,17,92
06/12/2014,18,87
06/12/2014,19,67
06/12/2014,20,45
06/12/2014,21,19
06/12/2014,22,31
06/12/2014,23,47
06/12/2015,0,118
06/12/2015,1,70
06/12/2015,2,63
06/12/2015,3,33
06/12/2015,4,12
06/12/2015,5,5
06/12/2015,6,15
06/12/2015,7,56
06/12/2015,8,149
06/12/2015,9,257
06/12/2015,10,422
06/12/2015,11,502
06/12/2015,12,607
06/12/2015,13,655
06/12/2015,14,581
06/12/2015,15,595
06/12/2015,16,486
06/12/2015,17,385
06/12/2015,18,287
06/12/2015,19,243
06/12/2015,20,168
06/12/2015,21,139
06/12/2015,22,91
06/12/2015,23,41
06/12/2016,0,33
06/12/2016,1,6
06/12/2016,2,4
06/12/2016,3,2
06/12/2016,4,10
06/12/2016,5,66
06/12/2016,6,298
06/12/2016,7,732
06/12/2016,8,877
06/12/2016,9,315
06/12/2016,10,93
06/12/2016,11,84
06/12/2016,12,97
06/12/2016,13,57
06/12/2016,14,35
06/12/2016,15,55
06/12/2016,16,98
06/12/2016,17,244
06/12/2016,18,241
06/12/2016,19,136
06/12/2016,20,163
06/12/2016,21,111
06/12/2016,22,97
06/12/2016,23,39
06/12/2017,0,40
06/12/2017,1,17
06/12/2017,2,5
06/12/2017,3,3
06/12/2017,4,17
06/12/2017,5,90
06/12/2017,6,295
06/12/2017,7,764
06/12/2017,8,1088
06/12/2017,9,493
06/12/2017,10,226
06/12/2017,11,228
06/12/2017,12,339
06/12/2017,13,330
06/12/2017,14,283
06/12/2017,15,384
06/12/2017,16,639
06/12/2017,17,986
06/12/2017,18,921
06/12/2017,19,514
06/12/2017,20,383
06/12/2017,21,239
06/12/2017,22,166
06/12/2017,23,91
07/01/2014,0,18
07/01/2014,1,4
07/01/2014,2,1
07/01/2014,3,1
07/01/2014,4,2
07/01/2014,5,23
07/01/2014,6,49
07/01/2014,7,147
07/01/2014,8,307
07/01/2014,9,207
07/01/2014,10,68
07/01/2014,11,49
07/01/2014,12,76
07/01/2014,13,68
07/01/2014,14,71
07/01/2014,15,75
07/01/2014,16,136
07/01/2014,17,275
07/01/2014,18,276
07/01/2014,19,173
07/01/2014,20,93
07/01/2014,21,69
07/01/2014,22,57
07/01/2014,23,37
07/01/2015,0,8
07/01/2015,1,6
07/01/2015,2,1
07/01/2015,4,4
07/01/2015,5,31
07/01/2015,6,85
07/01/2015,7,226
07/01/2015,8,428
07/01/2015,9,270
07/01/2015,10,99
07/01/2015,11,108
07/01/2015,12,109
07/01/2015,13,107
07/01/2015,14,102
07/01/2015,15,127
07/01/2015,16,191
07/01/2015,17,358
07/01/2015,18,336
07/01/2015,19,171
07/01/2015,20,114
07/01/2015,21,83
07/01/2015,22,56
07/01/2015,23,15
07/01/2016,0,21
07/01/2016,1,9
07/01/2016,2,4
07/01/2016,4,2
07/01/2016,5,51
07/01/2016,6,184
07/01/2016,7,511
07/01/2016,8,942
07/01/2016,9,428
07/01/2016,10,184
07/01/2016,11,197
07/01/2016,12,258
07/01/2016,13,253
07/01/2016,14,206
07/01/2016,15,283
07/01/2016,16,429
07/01/2016,17,825
07/01/2016,18,732
07/01/2016,19,431
07/01/2016,20,267
07/01/2016,21,211
07/01/2016,22,100
07/01/2016,23,64
07/01/2017,0,42
07/01/2017,1,39
07/01/2017,2,21
07/01/2017,3,7
07/01/2017,4,4
07/01/2017,5,5
07/01/2017,6,9
07/01/2017,7,57
07/01/2017,8,99
07/01/2017,9,135
07/01/2017,10,197
07/01/2017,11,183
07/01/2017,12,115
07/01/2017,13,90
07/01/2017,14,98
07/01/2017,15,130
07/01/2017,16,126
07/01/2017,17,111
07/01/2017,18,106
07/01/2017,19,64
07/01/2017,20,63
07/01/2017,21,35
07/01/2017,22,37
07/01/2017,23,36
07/01/2018,0,24
07/01/2018,1,12
07/01/2018,2,13
07/01/2018,3,8
07/01/2018,4,6
07/01/2018,5,6
07/01/2018,6,5
07/01/2018,7,27
07/01/2018,8,50
07/01/2018,9,77
07/01/2018,10,125
07/01/2018,11,120
07/01/2018,12,175
07/01/2018,13,169
07/01/2018,14,161
07/01/2018,15,167
07/01/2018,16,154
07/01/2018,17,140
07/01/2018,18,98
07/01/2018,19,71
07/01/2018,20,62
07/01/2018,21,37
07/01/2018,22,29
07/01/2018,23,17
07/02/2014,0,34
07/02/2014,1,17
07/02/2014,2,8
07/02/2014,3,3
07/02/2014,4,3
07/02/2014,5,40
07/02/2014,6,116
07/02/2014,7,331
07/02/2014,8,679
07/02/2014,9,375
07/02/2014,10,156
07/02/2014,11,191
07/02/2014,12,221
07/02/2014,13,219
07/02/2014,14,233
07/02/2014,15,302
07/02/2014,16,339
07/02/2014,17,628
07/02/2014,18,531
07/02/2014,19,369
07/02/2014,20,198
07/02/2014,21,144
07/02/2014,22,133
07/02/2014,23,124
07/02/2015,0,85
07/02/2015,1,41
07/02/2015,2,21
07/02/2015,3,15
07/02/2015,4,2
07/02/2015,5,2
07/02/2015,6,13
07/02/2015,7,47
07/02/2015,8,123
07/02/2015,9,201
07/02/2015,10,281
07/02/2015,11,362
07/02/2015,12,463
07/02/2015,13,462
07/02/2015,14,438
07/02/2015,15,470
07/02/2015,16,390
07/02/2015,17,360
07/02/2015,18,307
07/02/2015,19,264
07/02/2015,20,193
07/02/2015,21,144
07/02/2015,22,129
07/02/2015,23,112
07/02/2016,0,71
07/02/2016,1,72
07/02/2016,2,47
07/02/2016,3,30
07/02/2016,4,6
07/02/2016,5,5
07/02/2016,6,16
07/02/2016,7,37
07/02/2016,8,105
07/02/2016,9,187
07/02/2016,10,308
07/02/2016,11,393
07/02/2016,12,400
07/02/2016,13,441
07/02/2016,14,410
07/02/2016,15,374
07/02/2016,16,439
07/02/2016,17,399
07/02/2016,18,289
07/02/2016,19,96
07/02/2016,20,111
07/02/2016,21,107
07/02/2016,22,217
07/02/2016,23,104
07/02/2017,0,14
07/02/2017,1,9
07/02/2017,3,3
07/02/2017,4,5
07/02/2017,5,69
07/02/2017,6,292
07/02/2017,7,710
07/02/2017,8,1194
07/02/2017,9,467
07/02/2017,10,265
07/02/2017,11,309
07/02/2017,12,396
07/02/2017,13,413
07/02/2017,14,321
07/02/2017,15,462
07/02/2017,16,733
07/02/2017,17,1441
07/02/2017,18,1048
07/02/2017,19,652
07/02/2017,20,405
07/02/2017,21,308
07/02/2017,22,203
07/02/2017,23,77
07/02/2018,0,20
07/02/2018,1,4
07/02/2018,2,5
07/02/2018,3,3
07/02/2018,4,9
07/02/2018,5,52
07/02/2018,6,147
07/02/2018,7,380
07/02/2018,8,762
07/02/2018,9,527
07/02/2018,10,233
07/02/2018,11,60
07/02/2018,12,65
07/02/2018,13,40
07/02/2018,14,60
07/02/2018,15,105
07/02/2018,16,138
07/02/2018,17,309
07/02/2018,18,478
07/02/2018,19,301
07/02/2018,20,239
07/02/2018,21,171
07/02/2018,22,93
07/02/2018,23,38
07/03/2014,0,33
07/03/2014,1,16
07/03/2014,2,17
07/03/2014,3,3
07/03/2014,4,7
07/03/2014,5,33
07/03/2014,6,104
07/03/2014,7,316
07/03/2014,8,632
07/03/2014,9,307
07/03/2014,10,158
07/03/2014,11,184
07/03/2014,12,225
07/03/2014,13,234
07/03/2014,14,231
07/03/2014,15,260
07/03/2014,16,352
07/03/2014,17,573
07/03/2014,18,480
07/03/2014,19,306
07/03/2014,20,230
07/03/2014,21,155
07/03/2014,22,103
07/03/2014,23,105
07/03/2015,0,23
07/03/2015,1,25
07/03/2015,2,16
07/03/2015,3,10
07/03/2015,4,2
07/03/2015,5,6
07/03/2015,6,8
07/03/2015,7,33
07/03/2015,8,72
07/03/2015,9,123
07/03/2015,10,173
07/03/2015,11,226
07/03/2015,12,264
07/03/2015,13,289
07/03/2015,14,302
07/03/2015,15,288
07/03/2015,16,255
07/03/2015,17,309
07/03/2015,18,215
07/03/2015,19,170
07/03/2015,20,115
07/03/2015,21,102
07/03/2015,22,80
07/03/2015,23,76
07/03/2016,0,16
07/03/2016,1,5
07/03/2016,2,4
07/03/2016,3,5
07/03/2016,5,58
07/03/2016,6,183
07/03/2016,7,581
07/03/2016,8,1046
07/03/2016,9,482
07/03/2016,10,272
07/03/2016,11,319
07/03/2016,12,383
07/03/2016,13,376
07/03/2016,14,344
07/03/2016,15,472
07/03/2016,16,669
07/03/2016,17,1335
07/03/2016,18,1037
07/03/2016,19,574
07/03/2016,20,369
07/03/2016,21,270
07/03/2016,22,136
07/03/2016,23,67
07/03/2017,0,21
07/03/2017,1,8
07/03/2017,2,9
07/03/2017,3,3
07/03/2017,4,12
07/03/2017,5,72
07/03/2017,6,277
07/03/2017,7,777
07/03/2017,8,1164
07/03/2017,9,470
07/03/2017,10,300
07/03/2017,11,402
07/03/2017,12,447
07/03/2017,13,404
07/03/2017,14,354
07/03/2017,15,495
07/03/2017,16,695
07/03/2017,17,979
07/03/2017,18,613
07/03/2017,19,320
07/03/2017,20,167
07/03/2017,21,160
07/03/2017,22,152
07/03/2017,23,82
07/03/2018,0,18
07/03/2018,1,6
07/03/2018,2,2
07/03/2018,3,7
07/03/2018,4,10
07/03/2018,5,64
07/03/2018,6,213
07/03/2018,7,442
07/03/2018,8,705
07/03/2018,9,304
07/03/2018,10,130
07/03/2018,11,201
07/03/2018,12,250
07/03/2018,13,276
07/03/2018,14,206
07/03/2018,15,342
07/03/2018,16,536
07/03/2018,17,1017
07/03/2018,18,807
07/03/2018,19,398
07/03/2018,20,270
07/03/2018,21,214
07/03/2018,22,133
07/03/2018,23,62
07/04/2014,0,35
07/04/2014,1,14
07/04/2014,2,6
07/04/2014,3,3
07/04/2014,4,12
07/04/2014,5,40
07/04/2014,6,116
07/04/2014,7,275
07/04/2014,8,462
07/04/2014,9,143
07/04/2014,10,57
07/04/2014,11,40
07/04/2014,12,56
07/04/2014,13,46
07/04/2014,14,79
07/04/2014,15,40
07/04/2014,16,87
07/04/2014,17,269
07/04/2014,18,257
07/04/2014,19,267
07/04/2014,20,194
07/04/2014,21,125
07/04/2014,22,93
07/04/2014,23,85
07/04/2015,0,73
07/04/2015,1,31
07/04/2015,2,5
07/04/2015,3,3
07/04/2015,4,5
07/04/2015,5,50
07/04/2015,6,208
07/04/2015,7,716
07/04/2015,8,1191
07/04/2015,9,593
07/04/2015,10,399
07/04/2015,11,451
07/04/2015,12,526
07/04/2015,13,617
07/04/2015,14,610
07/04/2015,15,592
07/04/2015,16,745
07/04/2015,17,1342
07/04/2015,18,1133
07/04/2015,19,701
07/04/2015,20,430
07/04/2015,21,359
07/04/2015,22,234
07/04/2015,23,103
07/04/2016,0,36
07/04/2016,1,18
07/04/2016,2,4
07/04/2016,3,1
07/04/2016,4,9
07/04/2016,5,60
07/04/2016,6,232
07/04/2016,7,266
07/04/2016,8,345
07/04/2016,9,98
07/04/2016,10,28
07/04/2016,11,154
07/04/2016,12,239
07/04/2016,13,294
07/04/2016,14,336
07/04/2016,15,408
07/04/2016,16,420
07/04/2016,17,347
07/04/2016,18,743
07/04/2016,19,474
07/04/2016,20,359
07/04/2016,21,263
07/04/2016,22,196
07/04/2016,23,103
07/04/2017,0,47
07/04/2017,1,24
07/04/2017,2,7
07/04/2017,3,7
07/04/2017,4,6
07/04/2017,5,73
07/04/2017,6,221
07/04/2017,7,510
07/04/2017,8,956
07/04/2017,9,554
07/04/2017,10,267
07/04/2017,11,308
07/04/2017,12,353
07/04/2017,13,385
07/04/2017,14,329
07/04/2017,15,395
07/04/2017,16,621
07/04/2017,17,897
07/04/2017,18,654
07/04/2017,19,420
07/04/2017,20,212
07/04/2017,21,142
07/04/2017,22,117
07/04/2017,23,91
07/04/2018,0,176
07/04/2018,1,104
07/04/2018,2,78
07/04/2018,3,29
07/04/2018,4,18
07/04/2018,5,18
07/04/2018,6,48
07/04/2018,7,84
07/04/2018,8,229
07/04/2018,9,400
07/04/2018,10,493
07/04/2018,11,680
07/04/2018,12,664
07/04/2018,13,607
07/04/2018,14,635
07/04/2018,15,641
07/04/2018,16,634
07/04/2018,17,562
07/04/2018,18,455
07/04/2018,19,347
07/04/2018,20,243
07/04/2018,21,188
07/04/2018,22,139
07/04/2018,23,109
07/05/2014,0,74
07/05/2014,1,33
07/05/2014,2,15
07/05/2014,3,2
07/05/2014,4,3
07/05/2014,5,78
07/05/2014,6,257
07/05/2014,7,712
07/05/2014,8,1120
07/05/2014,9,478
07/05/2014,10,259
07/05/2014,11,296
07/05/2014,12,83
07/05/2014,13,81
07/05/2014,14,203
07/05/2014,15,313
07/05/2014,16,519
07/05/2014,17,1072
07/05/2014,18,1053
07/05/2014,19,674
07/05/2014,20,499
07/05/2014,21,353
07/05/2014,22,247
07/05/2014,23,138
07/05/2015,0,67
07/05/2015,1,48
07/05/2015,2,26
07/05/2015,3,8
07/05/2015,4,12
07/05/2015,5,70
07/05/2015,6,321
07/05/2015,7,897
07/05/2015,8,1251
07/05/2015,9,532
07/05/2015,10,357
07/05/2015,11,436
07/05/2015,12,520
07/05/2015,13,526
07/05/2015,14,455
07/05/2015,15,569
07/05/2015,16,824
07/05/2015,17,1439
07/05/2015,18,1389
07/05/2015,19,908
07/05/2015,20,682
07/05/2015,21,463
07/05/2015,22,344
07/05/2015,23,178
07/05/2016,0,63
07/05/2016,1,38
07/05/2016,2,20
07/05/2016,3,11
07/05/2016,4,9
07/05/2016,5,4
07/05/2016,6,36
07/05/2016,7,125
07/05/2016,8,224
07/05/2016,9,448
07/05/2016,10,552
07/05/2016,11,618
07/05/2016,12,741
07/05/2016,13,819
07/05/2016,14,736
07/05/2016,15,807
07/05/2016,16,806
07/05/2016,17,777
07/05/2016,18,648
07/05/2016,19,605
07/05/2016,20,408
07/05/2016,21,312
07/05/2016,22,269
07/05/2016,23,149
07/05/2017,0,114
07/05/2017,1,67
07/05/2017,2,41
07/05/2017,3,20
07/05/2017,4,8
07/05/2017,5,8
07/05/2017,6,34
07/05/2017,7,79
07/05/2017,8,233
07/05/2017,9,411
07/05/2017,10,602
07/05/2017,11,780
07/05/2017,12,879
07/05/2017,13,875
07/05/2017,14,949
07/05/2017,15,921
07/05/2017,16,831
07/05/2017,17,840
07/05/2017,18,595
07/05/2017,19,421
07/05/2017,20,348
07/05/2017,21,293
07/05/2017,22,146
07/05/2017,23,118
07/06/2014,0,208
07/06/2014,1,146
07/06/2014,2,111
07/06/2014,3,53
07/06/2014,4,15
07/06/2014,5,23
07/06/2014,6,56
07/06/2014,7,141
07/06/2014,8,276
07/06/2014,9,505
07/06/2014,10,717
07/06/2014,11,942
07/06/2014,12,926
07/06/2014,13,990
07/06/2014,14,1004
07/06/2014,15,892
07/06/2014,16,814
07/06/2014,17,766
07/06/2014,18,667
07/06/2014,19,770
07/06/2014,20,599
07/06/2014,21,452
07/06/2014,22,433
07/06/2014,23,334
07/06/2015,0,242
07/06/2015,1,156
07/06/2015,2,102
07/06/2015,3,56
07/06/2015,4,23
07/06/2015,5,19
07/06/2015,6,28
07/06/2015,7,120
07/06/2015,8,261
07/06/2015,9,421
07/06/2015,10,671
07/06/2015,11,835
07/06/2015,12,949
07/06/2015,13,1050
07/06/2015,14,1035
07/06/2015,15,1064
07/06/2015,16,999
07/06/2015,17,866
07/06/2015,18,798
07/06/2015,19,716
07/06/2015,20,590
07/06/2015,21,319
07/06/2015,22,212
07/06/2015,23,143
07/06/2016,0,63
07/06/2016,1,22
07/06/2016,2,14
07/06/2016,3,7
07/06/2016,4,15
07/06/2016,5,108
07/06/2016,6,407
07/06/2016,7,1170
07/06/2016,8,1360
07/06/2016,9,552
07/06/2016,10,336
07/06/2016,11,403
07/06/2016,12,527
07/06/2016,13,476
07/06/2016,14,463
07/06/2016,15,531
07/06/2016,16,918
07/06/2016,17,1712
07/06/2016,18,1489
07/06/2016,19,1033
07/06/2016,20,723
07/06/2016,21,508
07/06/2016,22,314
07/06/2016,23,120
07/06/2017,0,76
07/06/2017,1,20
07/06/2017,2,14
07/06/2017,3,11
07/06/2017,4,17
07/06/2017,5,121
07/06/2017,6,365
07/06/2017,7,1023
07/06/2017,8,1308
07/06/2017,9,560
07/06/2017,10,357
07/06/2017,11,406
07/06/2017,12,519
07/06/2017,13,521
07/06/2017,14,526
07/06/2017,15,562
07/06/2017,16,963
07/06/2017,17,1734
07/06/2017,18,1329
07/06/2017,19,802
07/06/2017,20,604
07/06/2017,21,353
07/06/2017,22,251
07/06/2017,23,120
07/07/2014,0,59
07/07/2014,1,19
07/07/2014,2,8
07/07/2014,3,7
07/07/2014,4,11
07/07/2014,5,74
07/07/2014,6,270
07/07/2014,7,629
07/07/2014,8,932
07/07/2014,9,460
07/07/2014,10,297
07/07/2014,11,341
07/07/2014,12,370
07/07/2014,13,396
07/07/2014,14,400
07/07/2014,15,453
07/07/2014,16,642
07/07/2014,17,1202
07/07/2014,18,1101
07/07/2014,19,897
07/07/2014,20,659
07/07/2014,21,427
07/07/2014,22,267
07/07/2014,23,132
07/07/2015,0,60
07/07/2015,1,29
07/07/2015,2,9
07/07/2015,3,5
07/07/2015,4,10
07/07/2015,5,97
07/07/2015,6,343
07/07/2015,7,897
07/07/2015,8,1200
07/07/2015,9,561
07/07/2015,10,369
07/07/2015,11,369
07/07/2015,12,516
07/07/2015,13,424
07/07/2015,14,408
07/07/2015,15,551
07/07/2015,16,746
07/07/2015,17,1532
07/07/2015,18,1328
07/07/2015,19,922
07/07/2015,20,747
07/07/2015,21,573
07/07/2015,22,367
07/07/2015,23,160
07/07/2016,0,83
07/07/2016,1,19
07/07/2016,2,11
07/07/2016,3,7
07/07/2016,4,11
07/07/2016,5,106
07/07/2016,6,379
07/07/2016,7,886
07/07/2016,8,1268
07/07/2016,9,648
07/07/2016,10,368
07/07/2016,11,371
07/07/2016,12,456
07/07/2016,13,482
07/07/2016,14,392
07/07/2016,15,428
07/07/2016,16,762
07/07/2016,17,1517
07/07/2016,18,1300
07/07/2016,19,899
07/07/2016,20,792
07/07/2016,21,562
07/07/2016,22,315
07/07/2016,23,156
07/07/2017,0,70
07/07/2017,1,31
07/07/2017,2,25
07/07/2017,3,3
07/07/2017,4,12
07/07/2017,5,88
07/07/2017,6,291
07/07/2017,7,697
07/07/2017,8,1210
07/07/2017,9,660
07/07/2017,10,443
07/07/2017,11,557
07/07/2017,12,785
07/07/2017,13,792
07/07/2017,14,795
07/07/2017,15,799
07/07/2017,16,1073
07/07/2017,17,1602
07/07/2017,18,1203
07/07/2017,19,965
07/07/2017,20,664
07/07/2017,21,480
07/07/2017,22,432
07/07/2017,23,304
07/08/2014,0,64
07/08/2014,1,23
07/08/2014,2,12
07/08/2014,3,5
07/08/2014,4,18
07/08/2014,5,65
07/08/2014,6,283
07/08/2014,7,673
07/08/2014,8,1085
07/08/2014,9,540
07/08/2014,10,371
07/08/2014,11,426
07/08/2014,12,521
07/08/2014,13,490
07/08/2014,14,388
07/08/2014,15,467
07/08/2014,16,674
07/08/2014,17,1195
07/08/2014,18,1205
07/08/2014,19,892
07/08/2014,20,643
07/08/2014,21,463
07/08/2014,22,352
07/08/2014,23,208
07/08/2015,0,119
07/08/2015,1,53
07/08/2015,2,23
07/08/2015,3,4
07/08/2015,4,12
07/08/2015,5,80
07/08/2015,6,234
07/08/2015,7,659
07/08/2015,8,1080
07/08/2015,9,629
07/08/2015,10,385
07/08/2015,11,448
07/08/2015,12,600
07/08/2015,13,641
07/08/2015,14,565
07/08/2015,15,663
07/08/2015,16,927
07/08/2015,17,1373
07/08/2015,18,1183
07/08/2015,19,798
07/08/2015,20,580
07/08/2015,21,428
07/08/2015,22,395
07/08/2015,23,302
07/08/2016,0,170
07/08/2016,1,138
07/08/2016,2,93
07/08/2016,3,52
07/08/2016,4,14
07/08/2016,5,32
07/08/2016,6,45
07/08/2016,7,115
07/08/2016,8,263
07/08/2016,9,546
07/08/2016,10,807
07/08/2016,11,933
07/08/2016,12,973
07/08/2016,13,980
07/08/2016,14,977
07/08/2016,15,985
07/08/2016,16,1004
07/08/2016,17,900
07/08/2016,18,814
07/08/2016,19,758
07/08/2016,20,579
07/08/2016,21,406
07/08/2016,22,245
07/08/2016,23,133
07/08/2017,0,94
07/08/2017,1,31
07/08/2017,2,6
07/08/2017,3,9
07/08/2017,4,15
07/08/2017,5,59
07/08/2017,6,176
07/08/2017,7,248
07/08/2017,8,523
07/08/2017,9,365
07/08/2017,10,93
07/08/2017,11,68
07/08/2017,12,46
07/08/2017,13,42
07/08/2017,14,51
07/08/2017,15,168
07/08/2017,16,571
07/08/2017,17,1074
07/08/2017,18,710
07/08/2017,19,490
07/08/2017,20,395
07/08/2017,21,324
07/08/2017,22,237
07/08/2017,23,100
07/09/2014,0,190
07/09/2014,1,102
07/09/2014,2,95
07/09/2014,3,36
07/09/2014,4,17
07/09/2014,5,67
07/09/2014,6,81
07/09/2014,7,112
07/09/2014,8,278
07/09/2014,9,482
07/09/2014,10,708
07/09/2014,11,924
07/09/2014,12,1082
07/09/2014,13,880
07/09/2014,14,901
07/09/2014,15,859
07/09/2014,16,1002
07/09/2014,17,902
07/09/2014,18,816
07/09/2014,19,644
07/09/2014,20,414
07/09/2014,21,318
07/09/2014,22,219
07/09/2014,23,100
07/09/2015,0,150
07/09/2015,1,109
07/09/2015,2,61
07/09/2015,3,22
07/09/2015,4,11
07/09/2015,5,18
07/09/2015,6,45
07/09/2015,7,133
07/09/2015,8,298
07/09/2015,9,510
07/09/2015,10,775
07/09/2015,11,939
07/09/2015,12,952
07/09/2015,13,845
07/09/2015,14,762
07/09/2015,15,797
07/09/2015,16,862
07/09/2015,17,742
07/09/2015,18,714
07/09/2015,19,587
07/09/2015,20,384
07/09/2015,21,303
07/09/2015,22,214
07/09/2015,23,118
07/09/2016,0,47
07/09/2016,1,24
07/09/2016,2,14
07/09/2016,3,8
07/09/2016,4,16
07/09/2016,5,140
07/09/2016,6,419
07/09/2016,7,1076
07/09/2016,8,1259
07/09/2016,9,567
07/09/2016,10,318
07/09/2016,11,402
07/09/2016,12,490
07/09/2016,13,440
07/09/2016,14,402
07/09/2016,15,471
07/09/2016,16,800
07/09/2016,17,1069
07/09/2016,18,1144
07/09/2016,19,841
07/09/2016,20,400
07/09/2016,21,318
07/09/2016,22,245
07/09/2016,23,118
07/09/2017,0,36
07/09/2017,1,31
07/09/2017,2,12
07/09/2017,3,5
07/09/2017,4,18
07/09/2017,5,120
07/09/2017,6,406
07/09/2017,7,1083
07/09/2017,8,1297
07/09/2017,9,631
07/09/2017,10,398
07/09/2017,11,509
07/09/2017,12,644
07/09/2017,13,599
07/09/2017,14,531
07/09/2017,15,666
07/09/2017,16,1020
07/09/2017,17,1792
07/09/2017,18,1558
07/09/2017,19,1024
07/09/2017,20,630
07/09/2017,21,453
07/09/2017,22,390
07/09/2017,23,197
07/10/2014,0,63
07/10/2014,1,24
07/10/2014,2,7
07/10/2014,3,6
07/10/2014,4,13
07/10/2014,5,80
07/10/2014,6,308
07/10/2014,7,834
07/10/2014,8,1222
07/10/2014,9,515
07/10/2014,10,281
07/10/2014,11,277
07/10/2014,12,344
07/10/2014,13,325
07/10/2014,14,306
07/10/2014,15,448
07/10/2014,16,738
07/10/2014,17,1354
07/10/2014,18,1147
07/10/2014,19,498
07/10/2014,20,268
07/10/2014,21,257
07/10/2014,22,68
07/10/2014,23,81
07/10/2015,0,65
07/10/2015,1,21
07/10/2015,2,10
07/10/2015,3,4
07/10/2015,4,12
07/10/2015,5,103
07/10/2015,6,373
07/10/2015,7,941
07/10/2015,8,1286
07/10/2015,9,546
07/10/2015,10,316
07/10/2015,11,358
07/10/2015,12,469
07/10/2015,13,481
07/10/2015,14,369
07/10/2015,15,466
07/10/2015,16,831
07/10/2015,17,1506
07/10/2015,18,1348
07/10/2015,19,867
07/10/2015,20,572
07/10/2015,21,378
07/10/2015,22,259
07/10/2015,23,153
07/10/2016,0,83
07/10/2016,1,35
07/10/2016,2,17
07/10/2016,3,9
07/10/2016,4,20
07/10/2016,5,75
07/10/2016,6,264
07/10/2016,7,851
07/10/2016,8,1209
07/10/2016,9,646
07/10/2016,10,392
07/10/2016,11,522
07/10/2016,12,668
07/10/2016,13,726
07/10/2016,14,738
07/10/2016,15,921
07/10/2016,16,1224
07/10/2016,17,1507
07/10/2016,18,1092
07/10/2016,19,682
07/10/2016,20,467
07/10/2016,21,499
07/10/2016,22,348
07/10/2016,23,200
07/10/2017,0,241
07/10/2017,1,158
07/10/2017,2,91
07/10/2017,3,54
07/10/2017,4,21
07/10/2017,5,29
07/10/2017,6,66
07/10/2017,7,170
07/10/2017,8,384
07/10/2017,9,673
07/10/2017,10,928
07/10/2017,11,1185
07/10/2017,12,1264
07/10/2017,13,1324
07/10/2017,14,1369
07/10/2017,15,1433
07/10/2017,16,1360
07/10/2017,17,1233
07/10/2017,18,1015
07/10/2017,19,671
07/10/2017,20,541
07/10/2017,21,547
07/10/2017,22,413
07/10/2017,23,307
07/11/2014,0,72
07/11/2014,1,30
07/11/2014,2,6
07/11/2014,3,3
07/11/2014,4,8
07/11/2014,5,50
07/11/2014,6,242
07/11/2014,7,668
07/11/2014,8,1105
07/11/2014,9,549
07/11/2014,10,335
07/11/2014,11,375
07/11/2014,12,465
07/11/2014,13,419
07/11/2014,14,388
07/11/2014,15,418
07/11/2014,16,567
07/11/2014,17,1042
07/11/2014,18,712
07/11/2014,19,387
07/11/2014,20,298
07/11/2014,21,207
07/11/2014,22,184
07/11/2014,23,160
07/11/2015,0,165
07/11/2015,1,122
07/11/2015,2,69
07/11/2015,3,34
07/11/2015,4,7
07/11/2015,5,14
07/11/2015,6,26
07/11/2015,7,108
07/11/2015,8,283
07/11/2015,9,352
07/11/2015,10,304
07/11/2015,11,226
07/11/2015,12,173
07/11/2015,13,234
07/11/2015,14,375
07/11/2015,15,480
07/11/2015,16,492
07/11/2015,17,515
07/11/2015,18,389
07/11/2015,19,321
07/11/2015,20,262
07/11/2015,21,257
07/11/2015,22,215
07/11/2015,23,187
07/11/2016,0,20
07/11/2016,1,8
07/11/2016,2,13
07/11/2016,3,10
07/11/2016,4,12
07/11/2016,5,76
07/11/2016,6,354
07/11/2016,7,927
07/11/2016,8,1136
07/11/2016,9,547
07/11/2016,10,336
07/11/2016,11,372
07/11/2016,12,435
07/11/2016,13,465
07/11/2016,14,465
07/11/2016,15,511
07/11/2016,16,828
07/11/2016,17,1367
07/11/2016,18,952
07/11/2016,19,543
07/11/2016,20,335
07/11/2016,21,255
07/11/2016,22,119
07/11/2016,23,69
07/11/2017,0,40
07/11/2017,1,9
07/11/2017,2,12
07/11/2017,3,4
07/11/2017,4,18
07/11/2017,5,122
07/11/2017,6,412
07/11/2017,7,979
07/11/2017,8,1340
07/11/2017,9,543
07/11/2017,10,261
07/11/2017,11,81
07/11/2017,12,59
07/11/2017,13,41
07/11/2017,14,44
07/11/2017,15,64
07/11/2017,16,164
07/11/2017,17,263
07/11/2017,18,136
07/11/2017,19,130
07/11/2017,20,112
07/11/2017,21,133
07/11/2017,22,85
07/11/2017,23,60
07/12/2014,0,67
07/12/2014,1,63
07/12/2014,2,52
07/12/2014,3,30
07/12/2014,4,12
07/12/2014,5,8
07/12/2014,6,14
07/12/2014,7,41
07/12/2014,8,145
07/12/2014,9,230
07/12/2014,10,351
07/12/2014,11,424
07/12/2014,12,514
07/12/2014,13,513
07/12/2014,14,543
07/12/2014,15,475
07/12/2014,16,473
07/12/2014,17,381
07/12/2014,18,296
07/12/2014,19,213
07/12/2014,20,144
07/12/2014,21,126
07/12/2014,22,97
07/12/2014,23,41
07/12/2015,0,25
07/12/2015,1,5
07/12/2015,2,9
07/12/2015,3,1
07/12/2015,4,7
07/12/2015,5,57
07/12/2015,6,229
07/12/2015,7,600
07/12/2015,8,962
07/12/2015,9,426
07/12/2015,10,183
07/12/2015,11,224
07/12/2015,12,331
07/12/2015,13,316
07/12/2015,14,270
07/12/2015,15,354
07/12/2015,16,575
07/12/2015,17,1021
07/12/2015,18,902
07/12/2015,19,590
07/12/2015,20,390
07/12/2015,21,245
07/12/2015,22,123
07/12/2015,23,83
07/12/2016,0,22
07/12/2016,1,8
07/12/2016,2,6
07/12/2016,3,1
07/12/2016,4,8
07/12/2016,5,79
07/12/2016,6,263
07/12/2016,7,777
07/12/2016,8,1020
07/12/2016,9,464
07/12/2016,10,230
07/12/2016,11,248
07/12/2016,12,388
07/12/2016,13,365
07/12/2016,14,344
07/12/2016,15,414
07/12/2016,16,646
07/12/2016,17,1105
07/12/2016,18,882
07/12/2016,19,552
07/12/2016,20,343
07/12/2016,21,235
07/12/2016,22,154
07/12/2016,23,101
07/12/2017,0,51
07/12/2017,1,17
07/12/2017,2,7
07/12/2017,3,5
07/12/2017,4,16
07/12/2017,5,83
07/12/2017,6,282
07/12/2017,7,770
07/12/2017,8,1121
07/12/2017,9,523
07/12/2017,10,239
07/12/2017,11,292
07/12/2017,12,326
07/12/2017,13,288
07/12/2017,14,348
07/12/2017,15,406
07/12/2017,16,645
07/12/2017,17,1030
07/12/2017,18,891
07/12/2017,19,552
07/12/2017,20,314
07/12/2017,21,253
07/12/2017,22,162
07/12/2017,23,100
08/01/2014,0,8
08/01/2014,1,1
08/01/2014,2,1
08/01/2014,3,1
08/01/2014,4,3
08/01/2014,5,23
08/01/2014,6,92
08/01/2014,7,210
08/01/2014,8,541
08/01/2014,9,297
08/01/2014,10,87
08/01/2014,11,114
08/01/2014,12,135
08/01/2014,13,129
08/01/2014,14,137
08/01/2014,15,147
08/01/2014,16,234
08/01/2014,17,499
08/01/2014,18,440
08/01/2014,19,328
08/01/2014,20,172
08/01/2014,21,120
08/01/2014,22,78
08/01/2014,23,58
08/01/2015,0,9
08/01/2015,1,5
08/01/2015,2,1
08/01/2015,3,3
08/01/2015,5,22
08/01/2015,6,50
08/01/2015,7,204
08/01/2015,8,425
08/01/2015,9,246
08/01/2015,10,100
08/01/2015,11,90
08/01/2015,12,100
08/01/2015,13,122
08/01/2015,14,90
08/01/2015,15,109
08/01/2015,16,172
08/01/2015,17,360
08/01/2015,18,355
08/01/2015,19,180
08/01/2015,20,129
08/01/2015,21,99
08/01/2015,22,54
08/01/2015,23,27
08/01/2016,0,17
08/01/2016,1,14
08/01/2016,2,6
08/01/2016,3,5
08/01/2016,4,2
08/01/2016,5,47
08/01/2016,6,169
08/01/2016,7,473
08/01/2016,8,903
08/01/2016,9,443
08/01/2016,10,166
08/01/2016,11,194
08/01/2016,12,265
08/01/2016,13,258
08/01/2016,14,253
08/01/2016,15,273
08/01/2016,16,399
08/01/2016,17,690
08/01/2016,18,607
08/01/2016,19,332
08/01/2016,20,220
08/01/2016,21,178
08/01/2016,22,137
08/01/2016,23,102
08/01/2017,0,33
08/01/2017,1,19
08/01/2017,2,12
08/01/2017,3,7
08/01/2017,5,1
08/01/2017,6,8
08/01/2017,7,22
08/01/2017,8,68
08/01/2017,9,71
08/01/2017,10,144
08/01/2017,11,143
08/01/2017,12,194
08/01/2017,13,176
08/01/2017,14,149
08/01/2017,15,193
08/01/2017,16,165
08/01/2017,17,149
08/01/2017,18,102
08/01/2017,19,83
08/01/2017,20,68
08/01/2017,21,48
08/01/2017,22,48
08/01/2017,23,17
08/01/2018,0,7
08/01/2018,1,3
08/01/2018,2,5
08/01/2018,3,5
08/01/2018,4,9
08/01/2018,5,54
08/01/2018,6,169
08/01/2018,7,413
08/01/2018,8,717
08/01/2018,9,306
08/01/2018,10,154
08/01/2018,11,152
08/01/2018,12,236
08/01/2018,13,188
08/01/2018,14,201
08/01/2018,15,206
08/01/2018,16,304
08/01/2018,17,401
08/01/2018,18,221
08/01/2018,19,131
08/01/2018,20,68
08/01/2018,21,62
08/01/2018,22,44
08/01/2018,23,24
08/02/2014,0,74
08/02/2014,1,60
08/02/2014,2,39
08/02/2014,3,17
08/02/2014,4,6
08/02/2014,5,10
08/02/2014,6,11
08/02/2014,7,48
08/02/2014,8,122
08/02/2014,9,187
08/02/2014,10,254
08/02/2014,11,338
08/02/2014,12,345
08/02/2014,13,373
08/02/2014,14,315
08/02/2014,15,343
08/02/2014,16,314
08/02/2014,17,323
08/02/2014,18,229
08/02/2014,19,188
08/02/2014,20,146
08/02/2014,21,119
08/02/2014,22,97
08/02/2014,23,79
08/02/2015,0,94
08/02/2015,1,73
08/02/2015,2,59
08/02/2015,3,22
08/02/2015,4,3
08/02/2015,5,8
08/02/2015,6,3
08/02/2015,7,24
08/02/2015,8,95
08/02/2015,9,178
08/02/2015,10,305
08/02/2015,11,433
08/02/2015,12,520
08/02/2015,13,704
08/02/2015,14,699
08/02/2015,15,856
08/02/2015,16,851
08/02/2015,17,621
08/02/2015,18,420
08/02/2015,19,281
08/02/2015,20,149
08/02/2015,21,120
08/02/2015,22,80
08/02/2015,23,49
08/02/2016,0,18
08/02/2016,1,3
08/02/2016,2,5
08/02/2016,4,4
08/02/2016,5,47
08/02/2016,6,155
08/02/2016,7,503
08/02/2016,8,904
08/02/2016,9,371
08/02/2016,10,151
08/02/2016,11,195
08/02/2016,12,245
08/02/2016,13,233
08/02/2016,14,214
08/02/2016,15,239
08/02/2016,16,428
08/02/2016,17,827
08/02/2016,18,693
08/02/2016,19,331
08/02/2016,20,190
08/02/2016,21,153
08/02/2016,22,51
08/02/2016,23,34
08/02/2017,0,30
08/02/2017,1,17
08/02/2017,2,5
08/02/2017,3,6
08/02/2017,4,8
08/02/2017,5,98
08/02/2017,6,321
08/02/2017,7,863
08/02/2017,8,1252
08/02/2017,9,490
08/02/2017,10,267
08/02/2017,11,339
08/02/2017,12,502
08/02/2017,13,497
08/02/2017,14,455
08/02/2017,15,477
08/02/2017,16,817
08/02/2017,17,1509
08/02/2017,18,1094
08/02/2017,19,625
08/02/2017,20,418
08/02/2017,21,285
08/02/2017,22,157
08/02/2017,23,87
08/02/2018,0,24
08/02/2018,1,6
08/02/2018,2,1
08/02/2018,3,5
08/02/2018,4,12
08/02/2018,5,68
08/02/2018,6,195
08/02/2018,7,477
08/02/2018,8,881
08/02/2018,9,473
08/02/2018,10,194
08/02/2018,11,187
08/02/2018,12,251
08/02/2018,13,230
08/02/2018,14,214
08/02/2018,15,298
08/02/2018,16,443
08/02/2018,17,880
08/02/2018,18,668
08/02/2018,19,391
08/02/2018,20,244
08/02/2018,21,203
08/02/2018,22,108
08/02/2018,23,72
08/03/2014,0,72
08/03/2014,1,53
08/03/2014,2,32
08/03/2014,3,20
08/03/2014,4,6
08/03/2014,5,6
08/03/2014,6,15
08/03/2014,7,49
08/03/2014,8,178
08/03/2014,9,275
08/03/2014,10,398
08/03/2014,11,578
08/03/2014,12,694
08/03/2014,13,796
08/03/2014,14,918
08/03/2014,15,958
08/03/2014,16,924
08/03/2014,17,750
08/03/2014,18,570
08/03/2014,19,347
08/03/2014,20,215
08/03/2014,21,214
08/03/2014,22,191
08/03/2014,23,157
08/03/2015,0,87
08/03/2015,1,44
08/03/2015,3,65
08/03/2015,4,23
08/03/2015,5,7
08/03/2015,6,5
08/03/2015,7,18
08/03/2015,8,64
08/03/2015,9,116
08/03/2015,10,240
08/03/2015,11,299
08/03/2015,12,416
08/03/2015,13,491
08/03/2015,14,538
08/03/2015,15,621
08/03/2015,16,609
08/03/2015,17,529
08/03/2015,18,443
08/03/2015,19,287
08/03/2015,20,158
08/03/2015,21,124
08/03/2015,22,110
08/03/2015,23,54
08/03/2016,0,26
08/03/2016,1,6
08/03/2016,2,6
08/03/2016,3,1
08/03/2016,4,2
08/03/2016,5,69
08/03/2016,6,277
08/03/2016,7,816
08/03/2016,8,1211
08/03/2016,9,533
08/03/2016,10,295
08/03/2016,11,371
08/03/2016,12,482
08/03/2016,13,429
08/03/2016,14,457
08/03/2016,15,508
08/03/2016,16,769
08/03/2016,17,1348
08/03/2016,18,1137
08/03/2016,19,705
08/03/2016,20,469
08/03/2016,21,333
08/03/2016,22,201
08/03/2016,23,107
08/03/2017,0,30
08/03/2017,1,10
08/03/2017,2,10
08/03/2017,3,1
08/03/2017,4,6
08/03/2017,5,70
08/03/2017,6,260
08/03/2017,7,800
08/03/2017,8,1150
08/03/2017,9,504
08/03/2017,10,318
08/03/2017,11,450
08/03/2017,12,570
08/03/2017,13,578
08/03/2017,14,487
08/03/2017,15,640
08/03/2017,16,885
08/03/2017,17,1365
08/03/2017,18,1109
08/03/2017,19,638
08/03/2017,20,430
08/03/2017,21,364
08/03/2017,22,198
08/03/2017,23,98
08/03/2018,0,42
08/03/2018,1,4
08/03/2018,2,5
08/03/2018,3,6
08/03/2018,4,17
08/03/2018,5,74
08/03/2018,6,257
08/03/2018,7,617
08/03/2018,8,1087
08/03/2018,9,475
08/03/2018,10,227
08/03/2018,11,288
08/03/2018,12,335
08/03/2018,13,308
08/03/2018,14,281
08/03/2018,15,391
08/03/2018,16,560
08/03/2018,17,977
08/03/2018,18,761
08/03/2018,19,422
08/03/2018,20,263
08/03/2018,21,198
08/03/2018,22,117
08/03/2018,23,65
08/04/2014,0,34
08/04/2014,1,12
08/04/2014,2,4
08/04/2014,3,2
08/04/2014,4,5
08/04/2014,5,41
08/04/2014,6,174
08/04/2014,7,487
08/04/2014,8,890
08/04/2014,9,399
08/04/2014,10,250
08/04/2014,11,265
08/04/2014,12,393
08/04/2014,13,389
08/04/2014,14,367
08/04/2014,15,420
08/04/2014,16,581
08/04/2014,17,1157
08/04/2014,18,1094
08/04/2014,19,758
08/04/2014,20,470
08/04/2014,21,341
08/04/2014,22,202
08/04/2014,23,114
08/04/2015,0,8
08/04/2015,1,4
08/04/2015,2,1
08/04/2015,3,1
08/04/2015,4,4
08/04/2015,5,59
08/04/2015,6,215
08/04/2015,7,511
08/04/2015,8,708
08/04/2015,9,320
08/04/2015,10,221
08/04/2015,11,243
08/04/2015,12,295
08/04/2015,13,313
08/04/2015,14,261
08/04/2015,15,358
08/04/2015,16,527
08/04/2015,17,1034
08/04/2015,18,967
08/04/2015,19,548
08/04/2015,20,285
08/04/2015,21,254
08/04/2015,22,207
08/04/2015,23,97
08/04/2016,0,46
08/04/2016,1,20
08/04/2016,2,18
08/04/2016,3,2
08/04/2016,4,11
08/04/2016,5,49
08/04/2016,6,202
08/04/2016,7,606
08/04/2016,8,1016
08/04/2016,9,590
08/04/2016,10,303
08/04/2016,11,383
08/04/2016,12,400
08/04/2016,13,466
08/04/2016,14,426
08/04/2016,15,544
08/04/2016,16,741
08/04/2016,17,1147
08/04/2016,18,938
08/04/2016,19,643
08/04/2016,20,361
08/04/2016,21,267
08/04/2016,22,191
08/04/2016,23,159
08/04/2017,0,83
08/04/2017,1,47
08/04/2017,2,34
08/04/2017,3,24
08/04/2017,4,7
08/04/2017,5,15
08/04/2017,6,36
08/04/2017,7,113
08/04/2017,8,235
08/04/2017,9,448
08/04/2017,10,699
08/04/2017,11,848
08/04/2017,12,1153
08/04/2017,13,1244
08/04/2017,14,1271
08/04/2017,15,1271
08/04/2017,16,1194
08/04/2017,17,1050
08/04/2017,18,949
08/04/2017,19,628
08/04/2017,20,381
08/04/2017,21,284
08/04/2017,22,271
08/04/2017,23,223
08/04/2018,0,96
08/04/2018,1,71
08/04/2018,2,60
08/04/2018,3,27
08/04/2018,4,6
08/04/2018,5,16
08/04/2018,6,245
08/04/2018,7,153
08/04/2018,8,212
08/04/2018,9,428
08/04/2018,10,642
08/04/2018,11,722
08/04/2018,12,878
08/04/2018,13,973
08/04/2018,14,955
08/04/2018,15,903
08/04/2018,16,1047
08/04/2018,17,918
08/04/2018,18,710
08/04/2018,19,486
08/04/2018,20,229
08/04/2018,21,150
08/04/2018,22,123
08/04/2018,23,109
08/05/2014,0,60
08/05/2014,1,24
08/05/2014,2,13
08/05/2014,3,6
08/05/2014,4,13
08/05/2014,5,51
08/05/2014,6,237
08/05/2014,7,624
08/05/2014,8,975
08/05/2014,9,480
08/05/2014,10,256
08/05/2014,11,333
08/05/2014,12,448
08/05/2014,13,436
08/05/2014,14,392
08/05/2014,15,418
08/05/2014,16,637
08/05/2014,17,1288
08/05/2014,18,1214
08/05/2014,19,884
08/05/2014,20,589
08/05/2014,21,451
08/05/2014,22,364
08/05/2014,23,211
08/05/2015,0,117
08/05/2015,1,58
08/05/2015,2,27
08/05/2015,4,8
08/05/2015,5,80
08/05/2015,6,272
08/05/2015,7,787
08/05/2015,8,1264
08/05/2015,9,581
08/05/2015,10,485
08/05/2015,11,827
08/05/2015,12,689
08/05/2015,13,722
08/05/2015,14,646
08/05/2015,15,698
08/05/2015,16,890
08/05/2015,17,1448
08/05/2015,18,1245
08/05/2015,19,921
08/05/2015,20,557
08/05/2015,21,453
08/05/2015,22,379
08/05/2015,23,277
08/05/2016,0,129
08/05/2016,1,90
08/05/2016,2,52
08/05/2016,3,12
08/05/2016,4,5
08/05/2016,5,11
08/05/2016,6,23
08/05/2016,7,77
08/05/2016,8,182
08/05/2016,9,390
08/05/2016,10,695
08/05/2016,11,857
08/05/2016,12,961
08/05/2016,13,1116
08/05/2016,14,1044
08/05/2016,15,1086
08/05/2016,16,995
08/05/2016,17,851
08/05/2016,18,731
08/05/2016,19,572
08/05/2016,20,421
08/05/2016,21,232
08/05/2016,22,180
08/05/2016,23,91
08/05/2017,0,59
08/05/2017,1,15
08/05/2017,2,9
08/05/2017,3,1
08/05/2017,4,18
08/05/2017,5,80
08/05/2017,6,308
08/05/2017,7,761
08/05/2017,8,1034
08/05/2017,9,481
08/05/2017,10,346
08/05/2017,11,402
08/05/2017,12,522
08/05/2017,13,542
08/05/2017,14,513
08/05/2017,15,608
08/05/2017,16,914
08/05/2017,17,1712
08/05/2017,18,1249
08/05/2017,19,755
08/05/2017,20,501
08/05/2017,21,312
08/05/2017,22,190
08/05/2017,23,80
08/06/2014,0,261
08/06/2014,1,148
08/06/2014,2,129
08/06/2014,3,58
08/06/2014,4,16
08/06/2014,5,13
08/06/2014,6,28
08/06/2014,7,97
08/06/2014,8,231
08/06/2014,9,427
08/06/2014,10,658
08/06/2014,11,814
08/06/2014,12,943
08/06/2014,13,949
08/06/2014,14,896
08/06/2014,15,901
08/06/2014,16,854
08/06/2014,17,797
08/06/2014,18,790
08/06/2014,19,627
08/06/2014,20,437
08/06/2014,21,289
08/06/2014,22,173
08/06/2014,23,52
08/06/2015,0,49
08/06/2015,1,10
08/06/2015,2,17
08/06/2015,3,6
08/06/2015,4,5
08/06/2015,5,86
08/06/2015,6,322
08/06/2015,7,872
08/06/2015,8,1176
08/06/2015,9,514
08/06/2015,10,429
08/06/2015,11,436
08/06/2015,12,443
08/06/2015,13,491
08/06/2015,14,422
08/06/2015,15,461
08/06/2015,16,795
08/06/2015,17,905
08/06/2015,18,1070
08/06/2015,19,835
08/06/2015,20,238
08/06/2015,21,227
08/06/2015,22,102
08/06/2015,23,56
08/06/2016,0,64
08/06/2016,1,33
08/06/2016,2,20
08/06/2016,3,7
08/06/2016,4,17
08/06/2016,5,118
08/06/2016,6,410
08/06/2016,7,1121
08/06/2016,8,1416
08/06/2016,9,635
08/06/2016,10,357
08/06/2016,11,388
08/06/2016,12,529
08/06/2016,13,497
08/06/2016,14,486
08/06/2016,15,580
08/06/2016,16,969
08/06/2016,17,1741
08/06/2016,18,1463
08/06/2016,19,1053
08/06/2016,20,798
08/06/2016,21,439
08/06/2016,22,296
08/06/2016,23,149
08/06/2017,0,75
08/06/2017,1,29
08/06/2017,2,15
08/06/2017,3,9
08/06/2017,4,16
08/06/2017,5,96
08/06/2017,6,388
08/06/2017,7,1006
08/06/2017,8,1338
08/06/2017,9,590
08/06/2017,10,374
08/06/2017,11,438
08/06/2017,12,576
08/06/2017,13,546
08/06/2017,14,499
08/06/2017,15,730
08/06/2017,16,1005
08/06/2017,17,1720
08/06/2017,18,1558
08/06/2017,19,964
08/06/2017,20,781
08/06/2017,21,562
08/06/2017,22,427
08/06/2017,23,210
08/07/2014,0,66
08/07/2014,1,48
08/07/2014,2,9
08/07/2014,3,1
08/07/2014,4,8
08/07/2014,5,63
08/07/2014,6,290
08/07/2014,7,736
08/07/2014,8,972
08/07/2014,9,472
08/07/2014,10,245
08/07/2014,11,306
08/07/2014,12,354
08/07/2014,13,355
08/07/2014,14,310
08/07/2014,15,456
08/07/2014,16,601
08/07/2014,17,1071
08/07/2014,18,1163
08/07/2014,19,402
08/07/2014,20,133
08/07/2014,21,183
08/07/2014,22,195
08/07/2014,23,104
08/07/2015,0,57
08/07/2015,1,27
08/07/2015,2,16
08/07/2015,3,4
08/07/2015,4,16
08/07/2015,5,103
08/07/2015,6,341
08/07/2015,7,893
08/07/2015,8,1215
08/07/2015,9,584
08/07/2015,10,373
08/07/2015,11,398
08/07/2015,12,437
08/07/2015,13,486
08/07/2015,14,407
08/07/2015,15,372
08/07/2015,16,555
08/07/2015,17,748
08/07/2015,18,536
08/07/2015,19,715
08/07/2015,20,522
08/07/2015,21,329
08/07/2015,22,224
08/07/2015,23,137
08/07/2016,0,65
08/07/2016,1,31
08/07/2016,2,14
08/07/2016,3,4
08/07/2016,4,17
08/07/2016,5,92
08/07/2016,6,286
08/07/2016,7,784
08/07/2016,8,1185
08/07/2016,9,635
08/07/2016,10,384
08/07/2016,11,399
08/07/2016,12,509
08/07/2016,13,597
08/07/2016,14,492
08/07/2016,15,432
08/07/2016,16,772
08/07/2016,17,1361
08/07/2016,18,1026
08/07/2016,19,744
08/07/2016,20,634
08/07/2016,21,511
08/07/2016,22,345
08/07/2016,23,262
08/07/2017,0,227
08/07/2017,1,109
08/07/2017,2,75
08/07/2017,3,28
08/07/2017,4,14
08/07/2017,5,29
08/07/2017,6,84
08/07/2017,7,200
08/07/2017,8,414
08/07/2017,9,787
08/07/2017,10,950
08/07/2017,11,1108
08/07/2017,12,1229
08/07/2017,13,1275
08/07/2017,14,1199
08/07/2017,15,1183
08/07/2017,16,1105
08/07/2017,17,1077
08/07/2017,18,1025
08/07/2017,19,1029
08/07/2017,20,826
08/07/2017,21,688
08/07/2017,22,487
08/07/2017,23,369
08/08/2014,0,106
08/08/2014,1,44
08/08/2014,2,23
08/08/2014,3,9
08/08/2014,4,10
08/08/2014,5,58
08/08/2014,6,246
08/08/2014,7,612
08/08/2014,8,961
08/08/2014,9,588
08/08/2014,10,404
08/08/2014,11,513
08/08/2014,12,589
08/08/2014,13,539
08/08/2014,14,537
08/08/2014,15,548
08/08/2014,16,810
08/08/2014,17,1237
08/08/2014,18,1017
08/08/2014,19,794
08/08/2014,20,591
08/08/2014,21,393
08/08/2014,22,375
08/08/2014,23,270
08/08/2015,0,176
08/08/2015,1,140
08/08/2015,2,94
08/08/2015,3,40
08/08/2015,4,16
08/08/2015,5,26
08/08/2015,6,75
08/08/2015,7,154
08/08/2015,8,299
08/08/2015,9,541
08/08/2015,10,740
08/08/2015,11,864
08/08/2015,12,1069
08/08/2015,13,1080
08/08/2015,14,1188
08/08/2015,15,1052
08/08/2015,16,910
08/08/2015,17,1060
08/08/2015,18,867
08/08/2015,19,754
08/08/2015,20,588
08/08/2015,21,493
08/08/2015,22,418
08/08/2015,23,326
08/08/2016,0,65
08/08/2016,1,22
08/08/2016,2,10
08/08/2016,3,6
08/08/2016,4,16
08/08/2016,5,89
08/08/2016,6,330
08/08/2016,7,868
08/08/2016,8,1131
08/08/2016,9,554
08/08/2016,10,385
08/08/2016,11,420
08/08/2016,12,505
08/08/2016,13,451
08/08/2016,14,466
08/08/2016,15,506
08/08/2016,16,848
08/08/2016,17,1626
08/08/2016,18,1310
08/08/2016,19,917
08/08/2016,20,626
08/08/2016,21,411
08/08/2016,22,258
08/08/2016,23,106
08/08/2017,0,50
08/08/2017,1,12
08/08/2017,2,10
08/08/2017,3,2
08/08/2017,4,16
08/08/2017,5,101
08/08/2017,6,347
08/08/2017,7,877
08/08/2017,8,1315
08/08/2017,9,599
08/08/2017,10,494
08/08/2017,11,534
08/08/2017,12,634
08/08/2017,13,667
08/08/2017,14,606
08/08/2017,15,791
08/08/2017,16,1136
08/08/2017,17,1912
08/08/2017,18,1628
08/08/2017,19,1030
08/08/2017,20,792
08/08/2017,21,566
08/08/2017,22,435
08/08/2017,23,188
08/09/2014,0,44
08/09/2014,1,14
08/09/2014,2,6
08/09/2014,3,9
08/09/2014,4,11
08/09/2014,5,65
08/09/2014,6,310
08/09/2014,7,792
08/09/2014,8,1108
08/09/2014,9,471
08/09/2014,10,294
08/09/2014,11,400
08/09/2014,12,444
08/09/2014,13,430
08/09/2014,14,387
08/09/2014,15,405
08/09/2014,16,673
08/09/2014,17,1303
08/09/2014,18,1174
08/09/2014,19,781
08/09/2014,20,480
08/09/2014,21,401
08/09/2014,22,267
08/09/2014,23,108
08/09/2015,0,38
08/09/2015,1,13
08/09/2015,2,6
08/09/2015,3,1
08/09/2015,4,12
08/09/2015,5,89
08/09/2015,6,336
08/09/2015,7,918
08/09/2015,8,1124
08/09/2015,9,489
08/09/2015,10,292
08/09/2015,11,324
08/09/2015,12,432
08/09/2015,13,419
08/09/2015,14,388
08/09/2015,15,433
08/09/2015,16,735
08/09/2015,17,1419
08/09/2015,18,1286
08/09/2015,19,838
08/09/2015,20,542
08/09/2015,21,368
08/09/2015,22,313
08/09/2015,23,150
08/09/2016,0,66
08/09/2016,1,28
08/09/2016,2,12
08/09/2016,3,10
08/09/2016,4,10
08/09/2016,5,115
08/09/2016,6,400
08/09/2016,7,1059
08/09/2016,8,1099
08/09/2016,9,520
08/09/2016,10,327
08/09/2016,11,377
08/09/2016,12,448
08/09/2016,13,398
08/09/2016,14,324
08/09/2016,15,468
08/09/2016,16,750
08/09/2016,17,1404
08/09/2016,18,1267
08/09/2016,19,918
08/09/2016,20,570
08/09/2016,21,383
08/09/2016,22,307
08/09/2016,23,210
08/09/2017,0,113
08/09/2017,1,44
08/09/2017,2,31
08/09/2017,3,4
08/09/2017,4,9
08/09/2017,5,93
08/09/2017,6,372
08/09/2017,7,918
08/09/2017,8,1495
08/09/2017,9,652
08/09/2017,10,503
08/09/2017,11,608
08/09/2017,12,691
08/09/2017,13,767
08/09/2017,14,743
08/09/2017,15,877
08/09/2017,16,1164
08/09/2017,17,1690
08/09/2017,18,1380
08/09/2017,19,881
08/09/2017,20,557
08/09/2017,21,483
08/09/2017,22,360
08/09/2017,23,256
08/10/2014,0,62
08/10/2014,1,19
08/10/2014,2,13
08/10/2014,3,3
08/10/2014,4,13
08/10/2014,5,101
08/10/2014,6,343
08/10/2014,7,842
08/10/2014,8,1207
08/10/2014,9,523
08/10/2014,10,328
08/10/2014,11,370
08/10/2014,12,441
08/10/2014,13,431
08/10/2014,14,418
08/10/2014,15,525
08/10/2014,16,794
08/10/2014,17,1397
08/10/2014,18,1241
08/10/2014,19,778
08/10/2014,20,525
08/10/2014,21,431
08/10/2014,22,293
08/10/2014,23,163
08/10/2015,0,49
08/10/2015,1,19
08/10/2015,2,13
08/10/2015,3,6
08/10/2015,4,4
08/10/2015,5,81
08/10/2015,6,280
08/10/2015,7,872
08/10/2015,8,1271
08/10/2015,9,545
08/10/2015,10,343
08/10/2015,11,414
08/10/2015,12,515
08/10/2015,13,490
08/10/2015,14,436
08/10/2015,15,494
08/10/2015,16,751
08/10/2015,17,1455
08/10/2015,18,1434
08/10/2015,19,775
08/10/2015,20,568
08/10/2015,21,424
08/10/2015,22,281
08/10/2015,23,191
08/10/2016,0,171
08/10/2016,1,114
08/10/2016,2,76
08/10/2016,3,27
08/10/2016,4,17
08/10/2016,5,21
08/10/2016,6,49
08/10/2016,7,136
08/10/2016,8,277
08/10/2016,9,490
08/10/2016,10,463
08/10/2016,11,323
08/10/2016,12,234
08/10/2016,13,187
08/10/2016,14,131
08/10/2016,15,171
08/10/2016,16,312
08/10/2016,17,344
08/10/2016,18,369
08/10/2016,19,298
08/10/2016,20,256
08/10/2016,21,252
08/10/2016,22,206
08/10/2016,23,201
08/10/2017,0,190
08/10/2017,1,168
08/10/2017,2,100
08/10/2017,3,79
08/10/2017,4,22
08/10/2017,5,17
08/10/2017,6,86
08/10/2017,7,136
08/10/2017,8,219
08/10/2017,9,360
08/10/2017,10,484
08/10/2017,11,679
08/10/2017,12,869
08/10/2017,13,899
08/10/2017,14,970
08/10/2017,15,956
08/10/2017,16,848
08/10/2017,17,861
08/10/2017,18,760
08/10/2017,19,526
08/10/2017,20,410
08/10/2017,21,368
08/10/2017,22,244
08/10/2017,23,153
08/11/2014,0,92
08/11/2014,1,68
08/11/2014,2,54
08/11/2014,3,24
08/11/2014,4,9
08/11/2014,5,10
08/11/2014,6,25
08/11/2014,7,98
08/11/2014,8,238
08/11/2014,9,359
08/11/2014,10,450
08/11/2014,11,606
08/11/2014,12,690
08/11/2014,13,654
08/11/2014,14,702
08/11/2014,15,689
08/11/2014,16,581
08/11/2014,17,621
08/11/2014,18,389
08/11/2014,19,388
08/11/2014,20,240
08/11/2014,21,203
08/11/2014,22,188
08/11/2014,23,173
08/11/2015,0,100
08/11/2015,1,96
08/11/2015,2,74
08/11/2015,3,45
08/11/2015,4,11
08/11/2015,5,13
08/11/2015,6,28
08/11/2015,7,103
08/11/2015,8,188
08/11/2015,9,432
08/11/2015,10,698
08/11/2015,11,856
08/11/2015,12,874
08/11/2015,13,893
08/11/2015,14,915
08/11/2015,15,888
08/11/2015,16,858
08/11/2015,17,614
08/11/2015,18,417
08/11/2015,19,319
08/11/2015,20,235
08/11/2015,21,171
08/11/2015,22,110
08/11/2015,23,56
08/11/2016,0,26
08/11/2016,1,15
08/11/2016,2,9
08/11/2016,3,4
08/11/2016,4,16
08/11/2016,5,94
08/11/2016,6,330
08/11/2016,7,912
08/11/2016,8,1217
08/11/2016,9,627
08/11/2016,10,417
08/11/2016,11,486
08/11/2016,12,588
08/11/2016,13,574
08/11/2016,14,562
08/11/2016,15,773
08/11/2016,16,1024
08/11/2016,17,1367
08/11/2016,18,1079
08/11/2016,19,688
08/11/2016,20,379
08/11/2016,21,268
08/11/2016,22,284
08/11/2016,23,287
08/11/2017,0,18
08/11/2017,1,17
08/11/2017,2,10
08/11/2017,3,5
08/11/2017,4,11
08/11/2017,5,92
08/11/2017,6,388
08/11/2017,7,793
08/11/2017,8,1065
08/11/2017,9,476
08/11/2017,10,236
08/11/2017,11,278
08/11/2017,12,371
08/11/2017,13,374
08/11/2017,14,337
08/11/2017,15,419
08/11/2017,16,728
08/11/2017,17,1178
08/11/2017,18,970
08/11/2017,19,567
08/11/2017,20,348
08/11/2017,21,282
08/11/2017,22,199
08/11/2017,23,92
08/12/2014,0,24
08/12/2014,1,7
08/12/2014,2,9
08/12/2014,3,1
08/12/2014,4,6
08/12/2014,5,51
08/12/2014,6,183
08/12/2014,7,497
08/12/2014,8,855
08/12/2014,9,387
08/12/2014,10,169
08/12/2014,11,163
08/12/2014,12,227
08/12/2014,13,212
08/12/2014,14,194
08/12/2014,15,231
08/12/2014,16,429
08/12/2014,17,687
08/12/2014,18,629
08/12/2014,19,423
08/12/2014,20,260
08/12/2014,21,177
08/12/2014,22,140
08/12/2014,23,65
08/12/2015,0,57
08/12/2015,1,14
08/12/2015,2,4
08/12/2015,3,4
08/12/2015,4,6
08/12/2015,5,73
08/12/2015,6,237
08/12/2015,7,705
08/12/2015,8,1157
08/12/2015,9,495
08/12/2015,10,211
08/12/2015,11,250
08/12/2015,12,353
08/12/2015,13,353
08/12/2015,14,278
08/12/2015,15,331
08/12/2015,16,549
08/12/2015,17,1037
08/12/2015,18,896
08/12/2015,19,551
08/12/2015,20,376
08/12/2015,21,263
08/12/2015,22,177
08/12/2015,23,81
08/12/2016,0,35
08/12/2016,1,20
08/12/2016,2,6
08/12/2016,3,1
08/12/2016,4,5
08/12/2016,5,64
08/12/2016,6,240
08/12/2016,7,729
08/12/2016,8,1129
08/12/2016,9,560
08/12/2016,10,241
08/12/2016,11,274
08/12/2016,12,327
08/12/2016,13,318
08/12/2016,14,307
08/12/2016,15,369
08/12/2016,16,574
08/12/2016,17,933
08/12/2016,18,759
08/12/2016,19,442
08/12/2016,20,272
08/12/2016,21,210
08/12/2016,22,129
08/12/2016,23,49
08/12/2017,0,29
08/12/2017,1,19
08/12/2017,2,16
08/12/2017,3,10
08/12/2017,4,18
08/12/2017,5,74
08/12/2017,6,255
08/12/2017,7,576
08/12/2017,8,992
08/12/2017,9,551
08/12/2017,10,288
08/12/2017,11,297
08/12/2017,12,363
08/12/2017,13,355
08/12/2017,14,353
08/12/2017,15,420
08/12/2017,16,656
08/12/2017,17,853
08/12/2017,18,615
08/12/2017,19,401
08/12/2017,20,260
08/12/2017,21,197
08/12/2017,22,164
08/12/2017,23,119
09/01/2014,0,12
09/01/2014,1,5
09/01/2014,2,2
09/01/2014,3,3
09/01/2014,4,2
09/01/2014,5,35
09/01/2014,6,130
09/01/2014,7,326
09/01/2014,8,743
09/01/2014,9,346
09/01/2014,10,150
09/01/2014,11,134
09/01/2014,12,221
09/01/2014,13,216
09/01/2014,14,166
09/01/2014,15,216
09/01/2014,16,285
09/01/2014,17,541
09/01/2014,18,476
09/01/2014,19,346
09/01/2014,20,249
09/01/2014,21,166
09/01/2014,22,111
09/01/2014,23,67
09/01/2015,0,7
09/01/2015,1,7
09/01/2015,2,7
09/01/2015,4,3
09/01/2015,5,22
09/01/2015,6,72
09/01/2015,7,261
09/01/2015,8,534
09/01/2015,9,343
09/01/2015,10,148
09/01/2015,11,159
09/01/2015,12,213
09/01/2015,13,198
09/01/2015,14,159
09/01/2015,15,221
09/01/2015,16,295
09/01/2015,17,551
09/01/2015,18,401
09/01/2015,19,233
09/01/2015,20,162
09/01/2015,21,95
09/01/2015,22,83
09/01/2015,23,40
09/01/2016,0,96
09/01/2016,1,54
09/01/2016,2,37
09/01/2016,3,20
09/01/2016,4,8
09/01/2016,5,5
09/01/2016,6,10
09/01/2016,7,83
09/01/2016,8,141
09/01/2016,9,228
09/01/2016,10,333
09/01/2016,11,398
09/01/2016,12,483
09/01/2016,13,476
09/01/2016,14,442
09/01/2016,15,507
09/01/2016,16,485
09/01/2016,17,437
09/01/2016,18,352
09/01/2016,19,282
09/01/2016,20,220
09/01/2016,21,138
09/01/2016,22,35
09/01/2016,23,44
09/01/2017,0,6
09/01/2017,1,2
09/01/2017,2,4
09/01/2017,4,4
09/01/2017,5,55
09/01/2017,6,167
09/01/2017,7,396
09/01/2017,8,608
09/01/2017,9,306
09/01/2017,10,125
09/01/2017,11,127
09/01/2017,12,177
09/01/2017,13,157
09/01/2017,14,146
09/01/2017,15,171
09/01/2017,16,321
09/01/2017,17,635
09/01/2017,18,529
09/01/2017,19,310
09/01/2017,20,172
09/01/2017,21,113
09/01/2017,22,56
09/01/2017,23,30
09/01/2018,0,24
09/01/2018,1,5
09/01/2018,2,9
09/01/2018,3,4
09/01/2018,4,6
09/01/2018,5,50
09/01/2018,6,155
09/01/2018,7,352
09/01/2018,8,716
09/01/2018,9,351
09/01/2018,10,163
09/01/2018,11,165
09/01/2018,12,217
09/01/2018,13,247
09/01/2018,14,199
09/01/2018,15,328
09/01/2018,16,531
09/01/2018,17,907
09/01/2018,18,729
09/01/2018,19,400
09/01/2018,20,268
09/01/2018,21,153
09/01/2018,22,103
09/01/2018,23,42
09/02/2014,0,74
09/02/2014,1,65
09/02/2014,2,70
09/02/2014,3,14
09/02/2014,4,7
09/02/2014,5,1
09/02/2014,6,11
09/02/2014,7,32
09/02/2014,8,68
09/02/2014,9,125
09/02/2014,10,202
09/02/2014,11,285
09/02/2014,12,345
09/02/2014,13,332
09/02/2014,14,310
09/02/2014,15,288
09/02/2014,16,176
09/02/2014,17,159
09/02/2014,18,140
09/02/2014,19,125
09/02/2014,20,116
09/02/2014,21,76
09/02/2014,22,69
09/02/2014,23,30
09/02/2015,0,17
09/02/2015,1,15
09/02/2015,2,9
09/02/2015,3,1
09/02/2015,4,6
09/02/2015,5,48
09/02/2015,6,156
09/02/2015,7,507
09/02/2015,8,846
09/02/2015,9,362
09/02/2015,10,154
09/02/2015,11,145
09/02/2015,12,197
09/02/2015,13,201
09/02/2015,14,154
09/02/2015,15,221
09/02/2015,16,327
09/02/2015,17,432
09/02/2015,18,495
09/02/2015,19,325
09/02/2015,20,165
09/02/2015,21,80
09/02/2015,22,56
09/02/2015,23,20
09/02/2016,0,15
09/02/2016,1,4
09/02/2016,3,2
09/02/2016,4,2
09/02/2016,5,31
09/02/2016,6,70
09/02/2016,7,185
09/02/2016,8,457
09/02/2016,9,201
09/02/2016,10,94
09/02/2016,11,74
09/02/2016,12,97
09/02/2016,13,98
09/02/2016,14,122
09/02/2016,15,168
09/02/2016,16,308
09/02/2016,17,692
09/02/2016,18,570
09/02/2016,19,340
09/02/2016,20,225
09/02/2016,21,164
09/02/2016,22,89
09/02/2016,23,45
09/02/2017,0,23
09/02/2017,1,7
09/02/2017,2,5
09/02/2017,4,4
09/02/2017,5,35
09/02/2017,6,164
09/02/2017,7,449
09/02/2017,8,835
09/02/2017,9,413
09/02/2017,10,179
09/02/2017,11,162
09/02/2017,12,221
09/02/2017,13,191
09/02/2017,14,181
09/02/2017,15,206
09/02/2017,16,370
09/02/2017,17,669
09/02/2017,18,538
09/02/2017,19,295
09/02/2017,20,165
09/02/2017,21,135
09/02/2017,22,81
09/02/2017,23,41
09/02/2018,0,33
09/02/2018,1,6
09/02/2018,2,3
09/02/2018,3,5
09/02/2018,4,15
09/02/2018,5,48
09/02/2018,6,167
09/02/2018,7,435
09/02/2018,8,881
09/02/2018,9,460
09/02/2018,10,231
09/02/2018,11,247
09/02/2018,12,288
09/02/2018,13,316
09/02/2018,14,312
09/02/2018,15,399
09/02/2018,16,582
09/02/2018,17,950
09/02/2018,18,637
09/02/2018,19,385
09/02/2018,20,209
09/02/2018,21,146
09/02/2018,22,130
09/02/2018,23,128
09/03/2014,0,132
09/03/2014,1,80
09/03/2014,3,76
09/03/2014,4,39
09/03/2014,5,7
09/03/2014,6,9
09/03/2014,7,37
09/03/2014,8,102
09/03/2014,9,147
09/03/2014,10,348
09/03/2014,11,420
09/03/2014,12,512
09/03/2014,13,609
09/03/2014,14,545
09/03/2014,15,611
09/03/2014,16,594
09/03/2014,17,554
09/03/2014,18,396
09/03/2014,19,253
09/03/2014,20,163
09/03/2014,21,116
09/03/2014,22,98
09/03/2014,23,68
09/03/2015,0,29
09/03/2015,1,10
09/03/2015,2,3
09/03/2015,3,1
09/03/2015,4,3
09/03/2015,5,48
09/03/2015,6,148
09/03/2015,7,433
09/03/2015,8,862
09/03/2015,9,450
09/03/2015,10,209
09/03/2015,11,233
09/03/2015,12,311
09/03/2015,13,366
09/03/2015,14,314
09/03/2015,15,368
09/03/2015,16,629
09/03/2015,17,1054
09/03/2015,18,1016
09/03/2015,19,592
09/03/2015,20,376
09/03/2015,21,270
09/03/2015,22,145
09/03/2015,23,72
09/03/2016,0,43
09/03/2016,1,11
09/03/2016,2,11
09/03/2016,3,2
09/03/2016,4,8
09/03/2016,5,63
09/03/2016,6,292
09/03/2016,7,843
09/03/2016,8,1264
09/03/2016,9,491
09/03/2016,10,323
09/03/2016,11,378
09/03/2016,12,462
09/03/2016,13,458
09/03/2016,14,459
09/03/2016,15,528
09/03/2016,16,865
09/03/2016,17,1507
09/03/2016,18,1214
09/03/2016,19,711
09/03/2016,20,504
09/03/2016,21,384
09/03/2016,22,258
09/03/2016,23,135
09/03/2017,0,56
09/03/2017,1,21
09/03/2017,2,7
09/03/2017,3,5
09/03/2017,4,12
09/03/2017,5,77
09/03/2017,6,297
09/03/2017,7,868
09/03/2017,8,1289
09/03/2017,9,604
09/03/2017,10,391
09/03/2017,11,484
09/03/2017,12,594
09/03/2017,13,657
09/03/2017,14,640
09/03/2017,15,747
09/03/2017,16,978
09/03/2017,17,1646
09/03/2017,18,1206
09/03/2017,19,674
09/03/2017,20,454
09/03/2017,21,352
09/03/2017,22,228
09/03/2017,23,119
09/03/2018,0,32
09/03/2018,1,16
09/03/2018,2,10
09/03/2018,3,6
09/03/2018,4,17
09/03/2018,5,47
09/03/2018,6,211
09/03/2018,7,520
09/03/2018,8,926
09/03/2018,9,434
09/03/2018,10,228
09/03/2018,11,275
09/03/2018,12,351
09/03/2018,13,329
09/03/2018,14,329
09/03/2018,15,453
09/03/2018,16,612
09/03/2018,17,926
09/03/2018,18,590
09/03/2018,19,320
09/03/2018,20,253
09/03/2018,21,140
09/03/2018,22,106
09/03/2018,23,104
09/04/2014,0,32
09/04/2014,1,23
09/04/2014,2,6
09/04/2014,3,7
09/04/2014,4,9
09/04/2014,5,69
09/04/2014,6,209
09/04/2014,7,641
09/04/2014,8,1042
09/04/2014,9,481
09/04/2014,10,293
09/04/2014,11,368
09/04/2014,12,401
09/04/2014,13,404
09/04/2014,14,390
09/04/2014,15,401
09/04/2014,16,597
09/04/2014,17,1206
09/04/2014,18,1177
09/04/2014,19,839
09/04/2014,20,519
09/04/2014,21,352
09/04/2014,22,260
09/04/2014,23,147
09/04/2015,0,37
09/04/2015,1,16
09/04/2015,2,4
09/04/2015,3,3
09/04/2015,4,2
09/04/2015,5,32
09/04/2015,6,171
09/04/2015,7,517
09/04/2015,8,888
09/04/2015,9,514
09/04/2015,10,245
09/04/2015,11,301
09/04/2015,12,357
09/04/2015,13,305
09/04/2015,14,315
09/04/2015,15,417
09/04/2015,16,595
09/04/2015,17,977
09/04/2015,18,884
09/04/2015,19,513
09/04/2015,20,295
09/04/2015,21,227
09/04/2015,22,141
09/04/2015,23,72
09/04/2016,0,111
09/04/2016,1,59
09/04/2016,2,49
09/04/2016,3,25
09/04/2016,4,4
09/04/2016,5,3
09/04/2016,6,23
09/04/2016,7,45
09/04/2016,8,123
09/04/2016,9,220
09/04/2016,10,106
09/04/2016,11,146
09/04/2016,12,262
09/04/2016,13,330
09/04/2016,14,373
09/04/2016,15,498
09/04/2016,16,407
09/04/2016,17,336
09/04/2016,18,293
09/04/2016,19,225
09/04/2016,20,154
09/04/2016,21,131
09/04/2016,22,82
09/04/2016,23,64
09/04/2017,0,141
09/04/2017,1,95
09/04/2017,2,74
09/04/2017,3,31
09/04/2017,4,11
09/04/2017,5,16
09/04/2017,6,30
09/04/2017,7,96
09/04/2017,8,219
09/04/2017,9,503
09/04/2017,10,922
09/04/2017,11,1109
09/04/2017,12,1436
09/04/2017,13,1553
09/04/2017,14,1578
09/04/2017,15,1537
09/04/2017,16,1494
09/04/2017,17,1339
09/04/2017,18,1003
09/04/2017,19,778
09/04/2017,20,538
09/04/2017,21,354
09/04/2017,22,196
09/04/2017,23,80
09/04/2018,0,48
09/04/2018,1,21
09/04/2018,2,12
09/04/2018,3,9
09/04/2018,4,15
09/04/2018,5,57
09/04/2018,6,246
09/04/2018,7,558
09/04/2018,8,883
09/04/2018,9,408
09/04/2018,10,253
09/04/2018,11,316
09/04/2018,12,346
09/04/2018,13,330
09/04/2018,14,320
09/04/2018,15,375
09/04/2018,16,597
09/04/2018,17,1149
09/04/2018,18,956
09/04/2018,19,494
09/04/2018,20,309
09/04/2018,21,219
09/04/2018,22,85
09/04/2018,23,40
09/05/2014,0,102
09/05/2014,1,51
09/05/2014,2,21
09/05/2014,3,12
09/05/2014,4,8
09/05/2014,5,50
09/05/2014,6,220
09/05/2014,7,555
09/05/2014,8,962
09/05/2014,9,466
09/05/2014,10,289
09/05/2014,11,428
09/05/2014,12,579
09/05/2014,13,523
09/05/2014,14,542
09/05/2014,15,656
09/05/2014,16,760
09/05/2014,17,1168
09/05/2014,18,994
09/05/2014,19,635
09/05/2014,20,463
09/05/2014,21,365
09/05/2014,22,320
09/05/2014,23,240
09/05/2015,0,169
09/05/2015,1,125
09/05/2015,2,61
09/05/2015,3,31
09/05/2015,4,14
09/05/2015,5,17
09/05/2015,6,46
09/05/2015,7,174
09/05/2015,8,346
09/05/2015,9,567
09/05/2015,10,896
09/05/2015,11,872
09/05/2015,12,1014
09/05/2015,13,1139
09/05/2015,14,1108
09/05/2015,15,1087
09/05/2015,16,961
09/05/2015,17,944
09/05/2015,18,821
09/05/2015,19,757
09/05/2015,20,637
09/05/2015,21,423
09/05/2015,22,368
09/05/2015,23,274
09/05/2016,0,40
09/05/2016,1,13
09/05/2016,2,7
09/05/2016,3,3
09/05/2016,4,9
09/05/2016,5,61
09/05/2016,6,250
09/05/2016,7,762
09/05/2016,8,1183
09/05/2016,9,524
09/05/2016,10,270
09/05/2016,11,148
09/05/2016,12,137
09/05/2016,13,121
09/05/2016,14,208
09/05/2016,15,339
09/05/2016,16,623
09/05/2016,17,1343
09/05/2016,18,1269
09/05/2016,19,750
09/05/2016,20,483
09/05/2016,21,304
09/05/2016,22,219
09/05/2016,23,98
09/05/2017,0,54
09/05/2017,1,18
09/05/2017,2,9
09/05/2017,3,2
09/05/2017,4,14
09/05/2017,5,83
09/05/2017,6,356
09/05/2017,7,873
09/05/2017,8,1291
09/05/2017,9,624
09/05/2017,10,369
09/05/2017,11,383
09/05/2017,12,522
09/05/2017,13,526
09/05/2017,14,554
09/05/2017,15,626
09/05/2017,16,915
09/05/2017,17,1688
09/05/2017,18,1307
09/05/2017,19,808
09/05/2017,20,594
09/05/2017,21,403
09/05/2017,22,230
09/05/2017,23,120
09/06/2014,0,6
09/06/2014,1,6
09/06/2014,2,8
09/06/2014,3,5
09/06/2014,4,8
09/06/2014,5,56
09/06/2014,6,272
09/06/2014,7,698
09/06/2014,8,988
09/06/2014,9,503
09/06/2014,10,300
09/06/2014,11,408
09/06/2014,12,449
09/06/2014,13,452
09/06/2014,14,414
09/06/2014,15,441
09/06/2014,16,638
09/06/2014,17,1306
09/06/2014,18,1197
09/06/2014,19,867
09/06/2014,20,638
09/06/2014,21,440
09/06/2014,22,265
09/06/2014,23,131
09/06/2015,0,44
09/06/2015,1,15
09/06/2015,2,2
09/06/2015,3,3
09/06/2015,4,8
09/06/2015,5,108
09/06/2015,6,312
09/06/2015,7,913
09/06/2015,8,1245
09/06/2015,9,483
09/06/2015,10,333
09/06/2015,11,369
09/06/2015,12,432
09/06/2015,13,453
09/06/2015,14,409
09/06/2015,15,528
09/06/2015,16,753
09/06/2015,17,1439
09/06/2015,18,1405
09/06/2015,19,919
09/06/2015,20,705
09/06/2015,21,460
09/06/2015,22,291
09/06/2015,23,143
09/06/2016,0,64
09/06/2016,1,14
09/06/2016,2,15
09/06/2016,3,4
09/06/2016,4,12
09/06/2016,5,97
09/06/2016,6,355
09/06/2016,7,1015
09/06/2016,8,1408
09/06/2016,9,559
09/06/2016,10,326
09/06/2016,11,403
09/06/2016,12,533
09/06/2016,13,541
09/06/2016,14,494
09/06/2016,15,605
09/06/2016,16,914
09/06/2016,17,1667
09/06/2016,18,1444
09/06/2016,19,1054
09/06/2016,20,784
09/06/2016,21,523
09/06/2016,22,372
09/06/2016,23,220
09/06/2017,0,84
09/06/2017,1,35
09/06/2017,2,32
09/06/2017,3,8
09/06/2017,4,15
09/06/2017,5,102
09/06/2017,6,317
09/06/2017,7,846
09/06/2017,8,1242
09/06/2017,9,640
09/06/2017,10,481
09/06/2017,11,650
09/06/2017,12,791
09/06/2017,13,823
09/06/2017,14,830
09/06/2017,15,943
09/06/2017,16,1199
09/06/2017,17,1638
09/06/2017,18,1174
09/06/2017,19,837
09/06/2017,20,650
09/06/2017,21,511
09/06/2017,22,437
09/06/2017,23,290
09/07/2014,0,43
09/07/2014,1,15
09/07/2014,2,10
09/07/2014,3,1
09/07/2014,4,10
09/07/2014,5,83
09/07/2014,6,294
09/07/2014,7,758
09/07/2014,8,908
09/07/2014,9,459
09/07/2014,10,207
09/07/2014,11,318
09/07/2014,12,396
09/07/2014,13,398
09/07/2014,14,368
09/07/2014,15,484
09/07/2014,16,644
09/07/2014,17,500
09/07/2014,18,665
09/07/2014,19,827
09/07/2014,20,577
09/07/2014,21,412
09/07/2014,22,279
09/07/2014,23,143
09/07/2015,0,54
09/07/2015,1,41
09/07/2015,2,9
09/07/2015,3,5
09/07/2015,4,6
09/07/2015,5,94
09/07/2015,6,325
09/07/2015,7,910
09/07/2015,8,1156
09/07/2015,9,556
09/07/2015,10,321
09/07/2015,11,385
09/07/2015,12,451
09/07/2015,13,471
09/07/2015,14,418
09/07/2015,15,456
09/07/2015,16,719
09/07/2015,17,1333
09/07/2015,18,1042
09/07/2015,19,724
09/07/2015,20,651
09/07/2015,21,468
09/07/2015,22,300
09/07/2015,23,150
09/07/2016,0,190
09/07/2016,1,118
09/07/2016,2,61
09/07/2016,3,34
09/07/2016,4,24
09/07/2016,5,32
09/07/2016,6,90
09/07/2016,7,164
09/07/2016,8,357
09/07/2016,9,612
09/07/2016,10,774
09/07/2016,11,865
09/07/2016,12,934
09/07/2016,13,996
09/07/2016,14,998
09/07/2016,15,949
09/07/2016,16,896
09/07/2016,17,871
09/07/2016,18,766
09/07/2016,19,795
09/07/2016,20,625
09/07/2016,21,450
09/07/2016,22,331
09/07/2016,23,266
09/07/2017,0,243
09/07/2017,1,155
09/07/2017,2,97
09/07/2017,3,54
09/07/2017,4,29
09/07/2017,5,28
09/07/2017,6,75
09/07/2017,7,176
09/07/2017,8,401
09/07/2017,9,732
09/07/2017,10,1018
09/07/2017,11,1128
09/07/2017,12,1216
09/07/2017,13,1240
09/07/2017,14,1305
09/07/2017,15,1222
09/07/2017,16,1224
09/07/2017,17,1190
09/07/2017,18,1086
09/07/2017,19,891
09/07/2017,20,702
09/07/2017,21,538
09/07/2017,22,365
09/07/2017,23,187
09/08/2014,0,201
09/08/2014,1,120
09/08/2014,2,86
09/08/2014,3,33
09/08/2014,4,17
09/08/2014,5,22
09/08/2014,6,52
09/08/2014,7,92
09/08/2014,8,263
09/08/2014,9,506
09/08/2014,10,610
09/08/2014,11,740
09/08/2014,12,806
09/08/2014,13,891
09/08/2014,14,825
09/08/2014,15,865
09/08/2014,16,781
09/08/2014,17,744
09/08/2014,18,716
09/08/2014,19,613
09/08/2014,20,445
09/08/2014,21,367
09/08/2014,22,296
09/08/2014,23,265
09/08/2015,0,275
09/08/2015,1,187
09/08/2015,2,109
09/08/2015,3,36
09/08/2015,4,12
09/08/2015,5,15
09/08/2015,6,46
09/08/2015,7,98
09/08/2015,8,221
09/08/2015,9,451
09/08/2015,10,802
09/08/2015,11,848
09/08/2015,12,938
09/08/2015,13,1030
09/08/2015,14,1003
09/08/2015,15,885
09/08/2015,16,918
09/08/2015,17,899
09/08/2015,18,817
09/08/2015,19,679
09/08/2015,20,494
09/08/2015,21,441
09/08/2015,22,284
09/08/2015,23,163
09/08/2016,0,45
09/08/2016,1,30
09/08/2016,2,6
09/08/2016,3,2
09/08/2016,4,11
09/08/2016,5,103
09/08/2016,6,361
09/08/2016,7,966
09/08/2016,8,1302
09/08/2016,9,605
09/08/2016,10,354
09/08/2016,11,438
09/08/2016,12,549
09/08/2016,13,532
09/08/2016,14,454
09/08/2016,15,563
09/08/2016,16,888
09/08/2016,17,1617
09/08/2016,18,1301
09/08/2016,19,819
09/08/2016,20,601
09/08/2016,21,408
09/08/2016,22,316
09/08/2016,23,153
09/08/2017,0,108
09/08/2017,1,25
09/08/2017,2,10
09/08/2017,3,7
09/08/2017,4,15
09/08/2017,5,116
09/08/2017,6,390
09/08/2017,7,972
09/08/2017,8,1344
09/08/2017,9,685
09/08/2017,10,501
09/08/2017,11,556
09/08/2017,12,667
09/08/2017,13,672
09/08/2017,14,645
09/08/2017,15,729
09/08/2017,16,1148
09/08/2017,17,1881
09/08/2017,18,1483
09/08/2017,19,1071
09/08/2017,20,785
09/08/2017,21,554
09/08/2017,22,392
09/08/2017,23,206
09/09/2014,0,40
09/09/2014,1,26
09/09/2014,2,7
09/09/2014,3,5
09/09/2014,4,8
09/09/2014,5,83
09/09/2014,6,333
09/09/2014,7,907
09/09/2014,8,1153
09/09/2014,9,458
09/09/2014,10,313
09/09/2014,11,314
09/09/2014,12,414
09/09/2014,13,419
09/09/2014,14,383
09/09/2014,15,425
09/09/2014,16,693
09/09/2014,17,1455
09/09/2014,18,1245
09/09/2014,19,814
09/09/2014,20,506
09/09/2014,21,420
09/09/2014,22,414
09/09/2014,23,143
09/09/2015,0,48
09/09/2015,1,20
09/09/2015,2,8
09/09/2015,3,5
09/09/2015,4,14
09/09/2015,5,115
09/09/2015,6,391
09/09/2015,7,970
09/09/2015,8,1192
09/09/2015,9,603
09/09/2015,10,286
09/09/2015,11,286
09/09/2015,12,384
09/09/2015,13,393
09/09/2015,14,374
09/09/2015,15,413
09/09/2015,16,717
09/09/2015,17,1386
09/09/2015,18,1285
09/09/2015,19,819
09/09/2015,20,491
09/09/2015,21,399
09/09/2015,22,327
09/09/2015,23,139
09/09/2016,0,109
09/09/2016,1,44
09/09/2016,2,20
09/09/2016,3,14
09/09/2016,4,13
09/09/2016,5,103
09/09/2016,6,316
09/09/2016,7,954
09/09/2016,8,1186
09/09/2016,9,487
09/09/2016,10,347
09/09/2016,11,421
09/09/2016,12,448
09/09/2016,13,500
09/09/2016,14,449
09/09/2016,15,558
09/09/2016,16,844
09/09/2016,17,1389
09/09/2016,18,1093
09/09/2016,19,706
09/09/2016,20,485
09/09/2016,21,381
09/09/2016,22,315
09/09/2016,23,233
09/09/2017,0,179
09/09/2017,1,118
09/09/2017,2,118
09/09/2017,3,31
09/09/2017,4,11
09/09/2017,5,33
09/09/2017,6,58
09/09/2017,7,150
09/09/2017,8,355
09/09/2017,9,646
09/09/2017,10,948
09/09/2017,11,1047
09/09/2017,12,1199
09/09/2017,13,1218
09/09/2017,14,1308
09/09/2017,15,1325
09/09/2017,16,1243
09/09/2017,17,1265
09/09/2017,18,1115
09/09/2017,19,907
09/09/2017,20,535
09/09/2017,21,417
09/09/2017,22,286
09/09/2017,23,250
09/10/2014,0,54
09/10/2014,1,22
09/10/2014,2,9
09/10/2014,3,6
09/10/2014,4,9
09/10/2014,5,83
09/10/2014,6,286
09/10/2014,7,797
09/10/2014,8,1168
09/10/2014,9,545
09/10/2014,10,357
09/10/2014,11,403
09/10/2014,12,515
09/10/2014,13,490
09/10/2014,14,465
09/10/2014,15,505
09/10/2014,16,791
09/10/2014,17,1352
09/10/2014,18,1220
09/10/2014,19,747
09/10/2014,20,481
09/10/2014,21,376
09/10/2014,22,362
09/10/2014,23,187
09/10/2015,0,115
09/10/2015,1,53
09/10/2015,2,17
09/10/2015,3,10
09/10/2015,4,4
09/10/2015,5,74
09/10/2015,6,231
09/10/2015,7,728
09/10/2015,8,1132
09/10/2015,9,612
09/10/2015,10,415
09/10/2015,11,452
09/10/2015,12,646
09/10/2015,13,530
09/10/2015,14,529
09/10/2015,15,694
09/10/2015,16,915
09/10/2015,17,1322
09/10/2015,18,667
09/10/2015,19,362
09/10/2015,20,306
09/10/2015,21,277
09/10/2015,22,224
09/10/2015,23,186
09/10/2016,0,129
09/10/2016,1,81
09/10/2016,2,79
09/10/2016,3,24
09/10/2016,4,15
09/10/2016,5,11
09/10/2016,6,30
09/10/2016,7,98
09/10/2016,8,199
09/10/2016,9,392
09/10/2016,10,579
09/10/2016,11,730
09/10/2016,12,990
09/10/2016,13,745
09/10/2016,14,875
09/10/2016,15,926
09/10/2016,16,1010
09/10/2016,17,1013
09/10/2016,18,756
09/10/2016,19,490
09/10/2016,20,370
09/10/2016,21,132
09/10/2016,22,178
09/10/2016,23,174
09/10/2017,0,91
09/10/2017,1,76
09/10/2017,2,34
09/10/2017,3,17
09/10/2017,4,19
09/10/2017,5,33
09/10/2017,6,36
09/10/2017,7,45
09/10/2017,8,154
09/10/2017,9,159
09/10/2017,10,220
09/10/2017,11,449
09/10/2017,12,565
09/10/2017,13,648
09/10/2017,14,641
09/10/2017,15,809
09/10/2017,16,887
09/10/2017,17,1186
09/10/2017,18,1074
09/10/2017,19,692
09/10/2017,20,475
09/10/2017,21,346
09/10/2017,22,216
09/10/2017,23,158
09/11/2014,0,129
09/11/2014,1,107
09/11/2014,2,82
09/11/2014,3,33
09/11/2014,4,10
09/11/2014,5,9
09/11/2014,6,22
09/11/2014,7,93
09/11/2014,8,178
09/11/2014,9,343
09/11/2014,10,564
09/11/2014,11,595
09/11/2014,12,735
09/11/2014,13,741
09/11/2014,14,738
09/11/2014,15,773
09/11/2014,16,780
09/11/2014,17,533
09/11/2014,18,425
09/11/2014,19,329
09/11/2014,20,222
09/11/2014,21,178
09/11/2014,22,126
09/11/2014,23,81
09/11/2015,0,31
09/11/2015,1,9
09/11/2015,2,5
09/11/2015,3,6
09/11/2015,4,9
09/11/2015,5,73
09/11/2015,6,254
09/11/2015,7,745
09/11/2015,8,1039
09/11/2015,9,501
09/11/2015,10,184
09/11/2015,11,237
09/11/2015,12,334
09/11/2015,13,326
09/11/2015,14,312
09/11/2015,15,312
09/11/2015,16,529
09/11/2015,17,703
09/11/2015,18,541
09/11/2015,19,294
09/11/2015,20,163
09/11/2015,21,68
09/11/2015,22,28
09/11/2015,23,12
09/11/2016,0,194
09/11/2016,1,135
09/11/2016,2,49
09/11/2016,3,37
09/11/2016,4,17
09/11/2016,5,47
09/11/2016,6,116
09/11/2016,7,259
09/11/2016,8,387
09/11/2016,9,442
09/11/2016,10,325
09/11/2016,11,337
09/11/2016,12,434
09/11/2016,13,390
09/11/2016,14,408
09/11/2016,15,344
09/11/2016,16,440
09/11/2016,17,970
09/11/2016,18,769
09/11/2016,19,485
09/11/2016,20,320
09/11/2016,21,280
09/11/2016,22,132
09/11/2016,23,82
09/11/2017,0,45
09/11/2017,1,12
09/11/2017,2,15
09/11/2017,3,8
09/11/2017,4,15
09/11/2017,5,77
09/11/2017,6,275
09/11/2017,7,752
09/11/2017,8,1187
09/11/2017,9,537
09/11/2017,10,246
09/11/2017,11,310
09/11/2017,12,415
09/11/2017,13,455
09/11/2017,14,436
09/11/2017,15,554
09/11/2017,16,849
09/11/2017,17,1149
09/11/2017,18,926
09/11/2017,19,527
09/11/2017,20,220
09/11/2017,21,267
09/11/2017,22,197
09/11/2017,23,127
09/12/2014,0,27
09/12/2014,1,8
09/12/2014,2,2
09/12/2014,4,1
09/12/2014,5,25
09/12/2014,6,75
09/12/2014,7,143
09/12/2014,8,213
09/12/2014,9,125
09/12/2014,10,46
09/12/2014,11,73
09/12/2014,12,89
09/12/2014,13,105
09/12/2014,14,73
09/12/2014,15,94
09/12/2014,16,222
09/12/2014,17,455
09/12/2014,18,534
09/12/2014,19,341
09/12/2014,20,212
09/12/2014,21,187
09/12/2014,22,170
09/12/2014,23,70
09/12/2015,0,33
09/12/2015,1,13
09/12/2015,2,7
09/12/2015,3,1
09/12/2015,4,8
09/12/2015,5,79
09/12/2015,6,260
09/12/2015,7,658
09/12/2015,8,1121
09/12/2015,9,504
09/12/2015,10,209
09/12/2015,11,249
09/12/2015,12,295
09/12/2015,13,273
09/12/2015,14,236
09/12/2015,15,272
09/12/2015,16,504
09/12/2015,17,944
09/12/2015,18,886
09/12/2015,19,527
09/12/2015,20,361
09/12/2015,21,299
09/12/2015,22,155
09/12/2015,23,88
09/12/2016,0,31
09/12/2016,1,15
09/12/2016,2,18
09/12/2016,3,2
09/12/2016,4,4
09/12/2016,5,48
09/12/2016,6,168
09/12/2016,7,474
09/12/2016,8,908
09/12/2016,9,455
09/12/2016,10,250
09/12/2016,11,274
09/12/2016,12,301
09/12/2016,13,290
09/12/2016,14,284
09/12/2016,15,369
09/12/2016,16,502
09/12/2016,17,696
09/12/2016,18,489
09/12/2016,19,288
09/12/2016,20,201
09/12/2016,21,155
09/12/2016,22,114
09/12/2016,23,83
09/12/2017,0,83
09/12/2017,1,54
09/12/2017,2,44
09/12/2017,3,19
09/12/2017,4,8
09/12/2017,5,7
09/12/2017,6,16
09/12/2017,7,79
09/12/2017,8,137
09/12/2017,9,166
09/12/2017,10,176
09/12/2017,11,171
09/12/2017,12,184
09/12/2017,13,175
09/12/2017,14,135
09/12/2017,15,135
09/12/2017,16,144
09/12/2017,17,133
09/12/2017,18,100
09/12/2017,19,95
09/12/2017,20,96
09/12/2017,21,58
09/12/2017,22,72
09/12/2017,23,59
10/01/2014,0,42
10/01/2014,1,9
10/01/2014,2,7
10/01/2014,3,3
10/01/2014,4,3
10/01/2014,5,20
10/01/2014,6,39
10/01/2014,7,77
10/01/2014,8,131
10/01/2014,9,97
10/01/2014,10,35
10/01/2014,11,70
10/01/2014,12,126
10/01/2014,13,86
10/01/2014,14,60
10/01/2014,15,112
10/01/2014,16,107
10/01/2014,17,215
10/01/2014,18,186
10/01/2014,19,88
10/01/2014,20,120
10/01/2014,21,76
10/01/2014,22,72
10/01/2014,23,62
10/01/2015,0,50
10/01/2015,1,34
10/01/2015,2,13
10/01/2015,3,7
10/01/2015,5,4
10/01/2015,6,9
10/01/2015,7,28
10/01/2015,8,96
10/01/2015,9,159
10/01/2015,10,157
10/01/2015,11,196
10/01/2015,12,218
10/01/2015,13,195
10/01/2015,14,220
10/01/2015,15,240
10/01/2015,16,232
10/01/2015,17,195
10/01/2015,18,178
10/01/2015,19,132
10/01/2015,20,114
10/01/2015,21,68
10/01/2015,22,68
10/01/2015,23,60
10/01/2016,0,36
10/01/2016,1,24
10/01/2016,2,26
10/01/2016,3,8
10/01/2016,4,2
10/01/2016,5,4
10/01/2016,6,15
10/01/2016,7,33
10/01/2016,8,106
10/01/2016,9,207
10/01/2016,10,342
10/01/2016,11,471
10/01/2016,12,655
10/01/2016,13,666
10/01/2016,14,667
10/01/2016,15,629
10/01/2016,16,504
10/01/2016,17,379
10/01/2016,18,283
10/01/2016,19,186
10/01/2016,20,191
10/01/2016,21,117
10/01/2016,22,80
10/01/2016,23,32
10/01/2017,0,21
10/01/2017,1,8
10/01/2017,2,2
10/01/2017,4,1
10/01/2017,5,51
10/01/2017,6,187
10/01/2017,7,473
10/01/2017,8,774
10/01/2017,9,365
10/01/2017,10,146
10/01/2017,11,153
10/01/2017,12,192
10/01/2017,13,216
10/01/2017,14,192
10/01/2017,15,222
10/01/2017,16,400
10/01/2017,17,712
10/01/2017,18,600
10/01/2017,19,347
10/01/2017,20,238
10/01/2017,21,149
10/01/2017,22,101
10/01/2017,23,56
10/01/2018,0,13
10/01/2018,1,8
10/01/2018,2,8
10/01/2018,3,4
10/01/2018,4,10
10/01/2018,5,71
10/01/2018,6,229
10/01/2018,7,609
10/01/2018,8,978
10/01/2018,9,401
10/01/2018,10,186
10/01/2018,11,201
10/01/2018,12,261
10/01/2018,13,233
10/01/2018,14,230
10/01/2018,15,338
10/01/2018,16,550
10/01/2018,17,926
10/01/2018,18,753
10/01/2018,19,390
10/01/2018,20,273
10/01/2018,21,227
10/01/2018,22,140
10/01/2018,23,62
10/02/2014,0,21
10/02/2014,1,3
10/02/2014,2,5
10/02/2014,3,4
10/02/2014,4,3
10/02/2014,5,42
10/02/2014,6,125
10/02/2014,7,299
10/02/2014,8,642
10/02/2014,9,320
10/02/2014,10,126
10/02/2014,11,139
10/02/2014,12,181
10/02/2014,13,159
10/02/2014,14,129
10/02/2014,15,164
10/02/2014,16,267
10/02/2014,17,533
10/02/2014,18,491
10/02/2014,19,279
10/02/2014,20,219
10/02/2014,21,152
10/02/2014,22,79
10/02/2014,23,49
10/02/2015,0,8
10/02/2015,1,3
10/02/2015,3,2
10/02/2015,4,4
10/02/2015,5,40
10/02/2015,6,126
10/02/2015,7,399
10/02/2015,8,810
10/02/2015,9,353
10/02/2015,10,163
10/02/2015,11,156
10/02/2015,12,218
10/02/2015,13,212
10/02/2015,14,174
10/02/2015,15,212
10/02/2015,16,316
10/02/2015,17,740
10/02/2015,18,625
10/02/2015,19,414
10/02/2015,20,318
10/02/2015,21,216
10/02/2015,22,110
10/02/2015,23,48
10/02/2016,0,17
10/02/2016,1,7
10/02/2016,2,2
10/02/2016,4,3
10/02/2016,5,41
10/02/2016,6,163
10/02/2016,7,464
10/02/2016,8,812
10/02/2016,9,409
10/02/2016,10,154
10/02/2016,11,175
10/02/2016,12,217
10/02/2016,13,216
10/02/2016,14,208
10/02/2016,15,199
10/02/2016,16,390
10/02/2016,17,683
10/02/2016,18,567
10/02/2016,19,324
10/02/2016,20,208
10/02/2016,21,125
10/02/2016,22,70
10/02/2016,23,39
10/02/2017,0,19
10/02/2017,1,10
10/02/2017,2,8
10/02/2017,3,1
10/02/2017,4,5
10/02/2017,5,34
10/02/2017,6,159
10/02/2017,7,411
10/02/2017,8,772
10/02/2017,9,394
10/02/2017,10,193
10/02/2017,11,202
10/02/2017,12,324
10/02/2017,13,287
10/02/2017,14,250
10/02/2017,15,343
10/02/2017,16,508
10/02/2017,17,746
10/02/2017,18,505
10/02/2017,19,303
10/02/2017,20,170
10/02/2017,21,131
10/02/2017,22,104
10/02/2017,23,95
10/02/2018,0,58
10/02/2018,1,51
10/02/2018,2,34
10/02/2018,3,12
10/02/2018,4,7
10/02/2018,5,15
10/02/2018,6,29
10/02/2018,7,85
10/02/2018,8,163
10/02/2018,9,333
10/02/2018,10,400
10/02/2018,11,170
10/02/2018,12,97
10/02/2018,13,58
10/02/2018,14,60
10/02/2018,15,49
10/02/2018,16,84
10/02/2018,17,78
10/02/2018,18,60
10/02/2018,19,53
10/02/2018,20,79
10/02/2018,21,51
10/02/2018,22,33
10/02/2018,23,38
10/03/2014,0,30
10/03/2014,1,12
10/03/2014,2,6
10/03/2014,3,5
10/03/2014,4,11
10/03/2014,5,33
10/03/2014,6,147
10/03/2014,7,350
10/03/2014,8,769
10/03/2014,9,414
10/03/2014,10,171
10/03/2014,11,182
10/03/2014,12,235
10/03/2014,13,244
10/03/2014,14,219
10/03/2014,15,325
10/03/2014,16,485
10/03/2014,17,886
10/03/2014,18,870
10/03/2014,19,581
10/03/2014,20,316
10/03/2014,21,260
10/03/2014,22,141
10/03/2014,23,93
10/03/2015,0,22
10/03/2015,1,11
10/03/2015,4,4
10/03/2015,5,49
10/03/2015,6,160
10/03/2015,7,530
10/03/2015,8,978
10/03/2015,9,473
10/03/2015,10,203
10/03/2015,11,131
10/03/2015,12,140
10/03/2015,13,84
10/03/2015,14,68
10/03/2015,15,79
10/03/2015,16,137
10/03/2015,17,287
10/03/2015,18,201
10/03/2015,19,130
10/03/2015,20,97
10/03/2015,21,76
10/03/2015,22,34
10/03/2015,23,47
10/03/2016,0,80
10/03/2016,1,19
10/03/2016,2,4
10/03/2016,3,4
10/03/2016,4,5
10/03/2016,5,85
10/03/2016,6,293
10/03/2016,7,825
10/03/2016,8,1195
10/03/2016,9,525
10/03/2016,10,338
10/03/2016,11,380
10/03/2016,12,472
10/03/2016,13,447
10/03/2016,14,445
10/03/2016,15,517
10/03/2016,16,831
10/03/2016,17,1387
10/03/2016,18,1146
10/03/2016,19,726
10/03/2016,20,453
10/03/2016,21,379
10/03/2016,22,221
10/03/2016,23,177
10/03/2017,0,52
10/03/2017,1,26
10/03/2017,2,16
10/03/2017,3,6
10/03/2017,4,10
10/03/2017,5,68
10/03/2017,6,213
10/03/2017,7,625
10/03/2017,8,870
10/03/2017,9,151
10/03/2017,10,66
10/03/2017,11,137
10/03/2017,12,258
10/03/2017,13,281
10/03/2017,14,301
10/03/2017,15,363
10/03/2017,16,492
10/03/2017,17,856
10/03/2017,18,526
10/03/2017,19,246
10/03/2017,20,158
10/03/2017,21,119
10/03/2017,22,87
10/03/2017,23,71
10/03/2018,0,58
10/03/2018,1,44
10/03/2018,2,28
10/03/2018,3,9
10/03/2018,4,9
10/03/2018,5,20
10/03/2018,6,62
10/03/2018,7,206
10/03/2018,8,323
10/03/2018,9,457
10/03/2018,10,581
10/03/2018,11,651
10/03/2018,12,720
10/03/2018,13,762
10/03/2018,14,824
10/03/2018,15,828
10/03/2018,16,778
10/03/2018,17,665
10/03/2018,18,377
10/03/2018,19,256
10/03/2018,20,224
10/03/2018,21,189
10/03/2018,22,108
10/03/2018,23,116
10/04/2014,0,59
10/04/2014,1,19
10/04/2014,2,6
10/04/2014,3,8
10/04/2014,4,8
10/04/2014,5,62
10/04/2014,6,236
10/04/2014,7,636
10/04/2014,8,990
10/04/2014,9,501
10/04/2014,10,322
10/04/2014,11,355
10/04/2014,12,537
10/04/2014,13,575
10/04/2014,14,531
10/04/2014,15,603
10/04/2014,16,732
10/04/2014,17,1310
10/04/2014,18,1292
10/04/2014,19,943
10/04/2014,20,605
10/04/2014,21,424
10/04/2014,22,295
10/04/2014,23,192
10/04/2015,0,31
10/04/2015,1,15
10/04/2015,2,5
10/04/2015,4,4
10/04/2015,5,45
10/04/2015,6,182
10/04/2015,7,457
10/04/2015,8,824
10/04/2015,9,501
10/04/2015,10,283
10/04/2015,11,389
10/04/2015,12,473
10/04/2015,13,555
10/04/2015,14,473
10/04/2015,15,561
10/04/2015,16,745
10/04/2015,17,1161
10/04/2015,18,873
10/04/2015,19,625
10/04/2015,20,418
10/04/2015,21,287
10/04/2015,22,293
10/04/2015,23,198
10/04/2016,0,52
10/04/2016,1,58
10/04/2016,2,32
10/04/2016,3,23
10/04/2016,4,3
10/04/2016,5,3
10/04/2016,6,12
10/04/2016,7,48
10/04/2016,8,127
10/04/2016,9,254
10/04/2016,10,446
10/04/2016,11,580
10/04/2016,12,674
10/04/2016,13,716
10/04/2016,14,686
10/04/2016,15,706
10/04/2016,16,753
10/04/2016,17,695
10/04/2016,18,546
10/04/2016,19,411
10/04/2016,20,255
10/04/2016,21,168
10/04/2016,22,130
10/04/2016,23,43
10/04/2017,0,37
10/04/2017,1,15
10/04/2017,2,4
10/04/2017,3,4
10/04/2017,4,6
10/04/2017,5,82
10/04/2017,6,304
10/04/2017,7,797
10/04/2017,8,1055
10/04/2017,9,573
10/04/2017,10,496
10/04/2017,11,614
10/04/2017,12,695
10/04/2017,13,720
10/04/2017,14,718
10/04/2017,15,854
10/04/2017,16,1071
10/04/2017,17,1820
10/04/2017,18,1564
10/04/2017,19,915
10/04/2017,20,526
10/04/2017,21,404
10/04/2017,22,321
10/04/2017,23,147
10/04/2018,0,23
10/04/2018,1,7
10/04/2018,2,6
10/04/2018,3,4
10/04/2018,4,16
10/04/2018,5,83
10/04/2018,6,265
10/04/2018,7,738
10/04/2018,8,1116
10/04/2018,9,545
10/04/2018,10,315
10/04/2018,11,357
10/04/2018,12,397
10/04/2018,13,429
10/04/2018,14,398
10/04/2018,15,547
10/04/2018,16,809
10/04/2018,17,1490
10/04/2018,18,1212
10/04/2018,19,732
10/04/2018,20,423
10/04/2018,21,320
10/04/2018,22,200
10/04/2018,23,76
10/05/2014,0,158
10/05/2014,1,124
10/05/2014,2,73
10/05/2014,3,37
10/05/2014,4,15
10/05/2014,5,17
10/05/2014,6,54
10/05/2014,7,137
10/05/2014,8,291
10/05/2014,9,471
10/05/2014,10,724
10/05/2014,11,738
10/05/2014,12,620
10/05/2014,13,371
10/05/2014,14,565
10/05/2014,15,571
10/05/2014,16,396
10/05/2014,17,571
10/05/2014,18,631
10/05/2014,19,560
10/05/2014,20,325
10/05/2014,21,291
10/05/2014,22,259
10/05/2014,23,232
10/05/2015,0,260
10/05/2015,1,132
10/05/2015,2,96
10/05/2015,3,36
10/05/2015,4,12
10/05/2015,5,17
10/05/2015,6,35
10/05/2015,7,102
10/05/2015,8,220
10/05/2015,9,453
10/05/2015,10,715
10/05/2015,11,823
10/05/2015,12,970
10/05/2015,13,1034
10/05/2015,14,911
10/05/2015,15,990
10/05/2015,16,880
10/05/2015,17,867
10/05/2015,18,750
10/05/2015,19,565
10/05/2015,20,472
10/05/2015,21,317
10/05/2015,22,281
10/05/2015,23,162
10/05/2016,0,38
10/05/2016,1,11
10/05/2016,2,9
10/05/2016,3,4
10/05/2016,4,11
10/05/2016,5,80
10/05/2016,6,257
10/05/2016,7,767
10/05/2016,8,996
10/05/2016,9,430
10/05/2016,10,274
10/05/2016,11,336
10/05/2016,12,414
10/05/2016,13,448
10/05/2016,14,360
10/05/2016,15,413
10/05/2016,16,749
10/05/2016,17,1456
10/05/2016,18,1205
10/05/2016,19,792
10/05/2016,20,495
10/05/2016,21,334
10/05/2016,22,225
10/05/2016,23,138
10/05/2017,0,43
10/05/2017,1,27
10/05/2017,2,6
10/05/2017,3,6
10/05/2017,4,11
10/05/2017,5,84
10/05/2017,6,381
10/05/2017,7,918
10/05/2017,8,1252
10/05/2017,9,587
10/05/2017,10,384
10/05/2017,11,439
10/05/2017,12,641
10/05/2017,13,635
10/05/2017,14,572
10/05/2017,15,683
10/05/2017,16,1076
10/05/2017,17,1787
10/05/2017,18,1445
10/05/2017,19,954
10/05/2017,20,555
10/05/2017,21,425
10/05/2017,22,457
10/05/2017,23,161
10/06/2014,0,43
10/06/2014,1,18
10/06/2014,2,6
10/06/2014,3,6
10/06/2014,4,10
10/06/2014,5,78
10/06/2014,6,269
10/06/2014,7,785
10/06/2014,8,943
10/06/2014,9,381
10/06/2014,10,218
10/06/2014,11,251
10/06/2014,12,271
10/06/2014,13,251
10/06/2014,14,318
10/06/2014,15,374
10/06/2014,16,661
10/06/2014,17,1232
10/06/2014,18,1102
10/06/2014,19,757
10/06/2014,20,616
10/06/2014,21,446
10/06/2014,22,329
10/06/2014,23,183
10/06/2015,0,70
10/06/2015,1,16
10/06/2015,2,6
10/06/2015,3,4
10/06/2015,4,8
10/06/2015,5,95
10/06/2015,6,386
10/06/2015,7,929
10/06/2015,8,1235
10/06/2015,9,537
10/06/2015,10,257
10/06/2015,11,323
10/06/2015,12,414
10/06/2015,13,412
10/06/2015,14,399
10/06/2015,15,463
10/06/2015,16,669
10/06/2015,17,1424
10/06/2015,18,1282
10/06/2015,19,958
10/06/2015,20,717
10/06/2015,21,502
10/06/2015,22,325
10/06/2015,23,159
10/06/2016,0,89
10/06/2016,1,40
10/06/2016,2,25
10/06/2016,3,9
10/06/2016,4,15
10/06/2016,5,92
10/06/2016,6,334
10/06/2016,7,910
10/06/2016,8,1290
10/06/2016,9,568
10/06/2016,10,417
10/06/2016,11,509
10/06/2016,12,639
10/06/2016,13,642
10/06/2016,14,684
10/06/2016,15,779
10/06/2016,16,1142
10/06/2016,17,1669
10/06/2016,18,1220
10/06/2016,19,803
10/06/2016,20,694
10/06/2016,21,500
10/06/2016,22,401
10/06/2016,23,259
10/06/2017,0,273
10/06/2017,1,145
10/06/2017,2,105
10/06/2017,3,30
10/06/2017,4,21
10/06/2017,5,36
10/06/2017,6,122
10/06/2017,7,212
10/06/2017,8,418
10/06/2017,9,688
10/06/2017,10,991
10/06/2017,11,1160
10/06/2017,12,1190
10/06/2017,13,1172
10/06/2017,14,1154
10/06/2017,15,1229
10/06/2017,16,938
10/06/2017,17,891
10/06/2017,18,818
10/06/2017,19,866
10/06/2017,20,762
10/06/2017,21,608
10/06/2017,22,457
10/06/2017,23,391
10/07/2014,0,85
10/07/2014,1,34
10/07/2014,2,7
10/07/2014,3,4
10/07/2014,4,12
10/07/2014,5,74
10/07/2014,6,308
10/07/2014,7,721
10/07/2014,8,1025
10/07/2014,9,501
10/07/2014,10,303
10/07/2014,11,332
10/07/2014,12,409
10/07/2014,13,453
10/07/2014,14,383
10/07/2014,15,430
10/07/2014,16,661
10/07/2014,17,1210
10/07/2014,18,728
10/07/2014,19,261
10/07/2014,20,288
10/07/2014,21,160
10/07/2014,22,184
10/07/2014,23,116
10/07/2015,0,101
10/07/2015,1,47
10/07/2015,2,28
10/07/2015,3,11
10/07/2015,4,7
10/07/2015,5,97
10/07/2015,6,315
10/07/2015,7,770
10/07/2015,8,1174
10/07/2015,9,605
10/07/2015,10,380
10/07/2015,11,447
10/07/2015,12,601
10/07/2015,13,625
10/07/2015,14,565
10/07/2015,15,698
10/07/2015,16,906
10/07/2015,17,1380
10/07/2015,18,1281
10/07/2015,19,981
10/07/2015,20,689
10/07/2015,21,559
10/07/2015,22,432
10/07/2015,23,314
10/07/2016,0,191
10/07/2016,1,134
10/07/2016,2,90
10/07/2016,3,48
10/07/2016,4,20
10/07/2016,5,16
10/07/2016,6,51
10/07/2016,7,111
10/07/2016,8,269
10/07/2016,9,443
10/07/2016,10,684
10/07/2016,11,837
10/07/2016,12,1048
10/07/2016,13,1056
10/07/2016,14,1106
10/07/2016,15,966
10/07/2016,16,937
10/07/2016,17,902
10/07/2016,18,903
10/07/2016,19,754
10/07/2016,20,631
10/07/2016,21,422
10/07/2016,22,248
10/07/2016,23,114
10/07/2017,0,93
10/07/2017,1,32
10/07/2017,2,29
10/07/2017,3,9
10/07/2017,4,17
10/07/2017,5,112
10/07/2017,6,393
10/07/2017,7,887
10/07/2017,8,1126
10/07/2017,9,498
10/07/2017,10,369
10/07/2017,11,488
10/07/2017,12,511
10/07/2017,13,517
10/07/2017,14,547
10/07/2017,15,632
10/07/2017,16,971
10/07/2017,17,1687
10/07/2017,18,1370
10/07/2017,19,1015
10/07/2017,20,771
10/07/2017,21,487
10/07/2017,22,273
10/07/2017,23,85
10/08/2014,0,176
10/08/2014,1,139
10/08/2014,2,88
10/08/2014,3,49
10/08/2014,4,14
10/08/2014,5,20
10/08/2014,6,34
10/08/2014,7,77
10/08/2014,8,180
10/08/2014,9,439
10/08/2014,10,627
10/08/2014,11,798
10/08/2014,12,934
10/08/2014,13,957
10/08/2014,14,948
10/08/2014,15,943
10/08/2014,16,848
10/08/2014,17,799
10/08/2014,18,711
10/08/2014,19,706
10/08/2014,20,439
10/08/2014,21,335
10/08/2014,22,290
10/08/2014,23,128
10/08/2015,0,72
10/08/2015,1,28
10/08/2015,2,9
10/08/2015,3,8
10/08/2015,4,2
10/08/2015,5,41
10/08/2015,6,224
10/08/2015,7,654
10/08/2015,8,896
10/08/2015,9,567
10/08/2015,10,347
10/08/2015,11,387
10/08/2015,12,445
10/08/2015,13,480
10/08/2015,14,458
10/08/2015,15,545
10/08/2015,16,708
10/08/2015,17,1467
10/08/2015,18,1236
10/08/2015,19,793
10/08/2015,20,600
10/08/2015,21,269
10/08/2015,22,181
10/08/2015,23,77
10/08/2016,0,63
10/08/2016,1,31
10/08/2016,2,5
10/08/2016,3,4
10/08/2016,4,14
10/08/2016,5,125
10/08/2016,6,331
10/08/2016,7,945
10/08/2016,8,1235
10/08/2016,9,558
10/08/2016,10,389
10/08/2016,11,401
10/08/2016,12,441
10/08/2016,13,474
10/08/2016,14,493
10/08/2016,15,581
10/08/2016,16,816
10/08/2016,17,1468
10/08/2016,18,1353
10/08/2016,19,952
10/08/2016,20,670
10/08/2016,21,434
10/08/2016,22,295
10/08/2016,23,180
10/08/2017,0,97
10/08/2017,1,24
10/08/2017,2,19
10/08/2017,3,12
10/08/2017,4,15
10/08/2017,5,105
10/08/2017,6,352
10/08/2017,7,924
10/08/2017,8,1411
10/08/2017,9,674
10/08/2017,10,496
10/08/2017,11,541
10/08/2017,12,674
10/08/2017,13,701
10/08/2017,14,615
10/08/2017,15,736
10/08/2017,16,1103
10/08/2017,17,1810
10/08/2017,18,1589
10/08/2017,19,1054
10/08/2017,20,698
10/08/2017,21,524
10/08/2017,22,409
10/08/2017,23,196
10/09/2014,0,60
10/09/2014,1,25
10/09/2014,2,8
10/09/2014,3,2
10/09/2014,4,10
10/09/2014,5,92
10/09/2014,6,345
10/09/2014,7,880
10/09/2014,8,1144
10/09/2014,9,474
10/09/2014,10,321
10/09/2014,11,322
10/09/2014,12,408
10/09/2014,13,384
10/09/2014,14,380
10/09/2014,15,523
10/09/2014,16,730
10/09/2014,17,1355
10/09/2014,18,1307
10/09/2014,19,903
10/09/2014,20,592
10/09/2014,21,476
10/09/2014,22,308
10/09/2014,23,184
10/09/2015,0,51
10/09/2015,1,15
10/09/2015,2,5
10/09/2015,3,2
10/09/2015,4,2
10/09/2015,5,66
10/09/2015,6,313
10/09/2015,7,890
10/09/2015,8,1154
10/09/2015,9,508
10/09/2015,10,291
10/09/2015,11,314
10/09/2015,12,378
10/09/2015,13,382
10/09/2015,14,286
10/09/2015,15,366
10/09/2015,16,663
10/09/2015,17,1290
10/09/2015,18,1229
10/09/2015,19,775
10/09/2015,20,543
10/09/2015,21,393
10/09/2015,22,249
10/09/2015,23,191
10/09/2016,0,152
10/09/2016,1,117
10/09/2016,2,70
10/09/2016,3,25
10/09/2016,4,22
10/09/2016,5,20
10/09/2016,6,59
10/09/2016,7,165
10/09/2016,8,359
10/09/2016,9,588
10/09/2016,10,690
10/09/2016,11,826
10/09/2016,12,848
10/09/2016,13,821
10/09/2016,14,761
10/09/2016,15,754
10/09/2016,16,752
10/09/2016,17,744
10/09/2016,18,710
10/09/2016,19,567
10/09/2016,20,427
10/09/2016,21,358
10/09/2016,22,312
10/09/2016,23,229
10/09/2017,0,187
10/09/2017,1,129
10/09/2017,2,91
10/09/2017,3,43
10/09/2017,4,12
10/09/2017,5,39
10/09/2017,6,66
10/09/2017,7,128
10/09/2017,8,318
10/09/2017,9,560
10/09/2017,10,846
10/09/2017,11,1020
10/09/2017,12,1193
10/09/2017,13,1103
10/09/2017,14,1051
10/09/2017,15,1173
10/09/2017,16,1178
10/09/2017,17,1062
10/09/2017,18,878
10/09/2017,19,773
10/09/2017,20,490
10/09/2017,21,329
10/09/2017,22,218
10/09/2017,23,122
10/10/2014,0,102
10/10/2014,1,33
10/10/2014,2,32
10/10/2014,3,6
10/10/2014,4,10
10/10/2014,5,71
10/10/2014,6,224
10/10/2014,7,589
10/10/2014,8,1083
10/10/2014,9,618
10/10/2014,10,388
10/10/2014,11,458
10/10/2014,12,290
10/10/2014,13,303
10/10/2014,14,316
10/10/2014,15,332
10/10/2014,16,513
10/10/2014,17,856
10/10/2014,18,757
10/10/2014,19,508
10/10/2014,20,279
10/10/2014,21,197
10/10/2014,22,101
10/10/2014,23,78
10/10/2015,0,113
10/10/2015,1,92
10/10/2015,2,84
10/10/2015,3,31
10/10/2015,4,9
10/10/2015,5,16
10/10/2015,6,45
10/10/2015,7,109
10/10/2015,8,257
10/10/2015,9,455
10/10/2015,10,639
10/10/2015,11,795
10/10/2015,12,863
10/10/2015,13,841
10/10/2015,14,910
10/10/2015,15,927
10/10/2015,16,984
10/10/2015,17,881
10/10/2015,18,721
10/10/2015,19,512
10/10/2015,20,327
10/10/2015,21,261
10/10/2015,22,239
10/10/2015,23,158
10/10/2016,0,69
10/10/2016,1,40
10/10/2016,2,21
10/10/2016,3,10
10/10/2016,4,12
10/10/2016,5,35
10/10/2016,6,123
10/10/2016,7,292
10/10/2016,8,571
10/10/2016,9,455
10/10/2016,10,471
10/10/2016,11,578
10/10/2016,12,721
10/10/2016,13,780
10/10/2016,14,890
10/10/2016,15,833
10/10/2016,16,912
10/10/2016,17,1134
10/10/2016,18,894
10/10/2016,19,665
10/10/2016,20,371
10/10/2016,21,267
10/10/2016,22,201
10/10/2016,23,70
10/10/2017,0,58
10/10/2017,1,26
10/10/2017,2,14
10/10/2017,3,5
10/10/2017,4,24
10/10/2017,5,112
10/10/2017,6,414
10/10/2017,7,982
10/10/2017,8,1349
10/10/2017,9,604
10/10/2017,10,364
10/10/2017,11,425
10/10/2017,12,520
10/10/2017,13,588
10/10/2017,14,558
10/10/2017,15,620
10/10/2017,16,1025
10/10/2017,17,1843
10/10/2017,18,1415
10/10/2017,19,850
10/10/2017,20,518
10/10/2017,21,416
10/10/2017,22,287
10/10/2017,23,136
10/11/2014,0,42
10/11/2014,1,14
10/11/2014,2,7
10/11/2014,3,5
10/11/2014,4,7
10/11/2014,5,62
10/11/2014,6,219
10/11/2014,7,664
10/11/2014,8,1049
10/11/2014,9,489
10/11/2014,10,282
10/11/2014,11,360
10/11/2014,12,421
10/11/2014,13,405
10/11/2014,14,427
10/11/2014,15,511
10/11/2014,16,723
10/11/2014,17,1103
10/11/2014,18,899
10/11/2014,19,585
10/11/2014,20,395
10/11/2014,21,280
10/11/2014,22,219
10/11/2014,23,126
10/11/2015,0,6
10/11/2015,1,2
10/11/2015,2,4
10/11/2015,3,1
10/11/2015,4,1
10/11/2015,5,56
10/11/2015,6,209
10/11/2015,7,425
10/11/2015,8,794
10/11/2015,9,309
10/11/2015,10,113
10/11/2015,11,147
10/11/2015,12,225
10/11/2015,13,149
10/11/2015,14,107
10/11/2015,15,217
10/11/2015,16,341
10/11/2015,17,647
10/11/2015,18,696
10/11/2015,19,446
10/11/2015,20,346
10/11/2015,21,261
10/11/2015,22,147
10/11/2015,23,124
10/11/2016,0,30
10/11/2016,1,14
10/11/2016,2,9
10/11/2016,3,4
10/11/2016,4,12
10/11/2016,5,67
10/11/2016,6,273
10/11/2016,7,796
10/11/2016,8,1185
10/11/2016,9,538
10/11/2016,10,345
10/11/2016,11,330
10/11/2016,12,439
10/11/2016,13,430
10/11/2016,14,466
10/11/2016,15,612
10/11/2016,16,845
10/11/2016,17,1192
10/11/2016,18,988
10/11/2016,19,555
10/11/2016,20,455
10/11/2016,21,297
10/11/2016,22,247
10/11/2016,23,122
10/11/2017,0,76
10/11/2017,1,32
10/11/2017,2,18
10/11/2017,3,15
10/11/2017,4,19
10/11/2017,5,35
10/11/2017,6,151
10/11/2017,7,339
10/11/2017,8,653
10/11/2017,9,406
10/11/2017,10,328
10/11/2017,11,463
10/11/2017,12,423
10/11/2017,13,463
10/11/2017,14,473
10/11/2017,15,450
10/11/2017,16,539
10/11/2017,17,645
10/11/2017,18,441
10/11/2017,19,271
10/11/2017,20,177
10/11/2017,21,139
10/11/2017,22,111
10/11/2017,23,88
10/12/2014,0,21
10/12/2014,1,12
10/12/2014,2,4
10/12/2014,3,2
10/12/2014,4,7
10/12/2014,5,51
10/12/2014,6,184
10/12/2014,7,535
10/12/2014,8,959
10/12/2014,9,486
10/12/2014,10,212
10/12/2014,11,197
10/12/2014,12,282
10/12/2014,13,238
10/12/2014,14,230
10/12/2014,15,243
10/12/2014,16,418
10/12/2014,17,777
10/12/2014,18,668
10/12/2014,19,450
10/12/2014,20,264
10/12/2014,21,231
10/12/2014,22,150
10/12/2014,23,76
10/12/2015,0,31
10/12/2015,1,7
10/12/2015,2,6
10/12/2015,3,7
10/12/2015,4,7
10/12/2015,5,60
10/12/2015,6,227
10/12/2015,7,646
10/12/2015,8,1101
10/12/2015,9,506
10/12/2015,10,233
10/12/2015,11,302
10/12/2015,12,358
10/12/2015,13,381
10/12/2015,14,345
10/12/2015,15,413
10/12/2015,16,642
10/12/2015,17,1002
10/12/2015,18,894
10/12/2015,19,521
10/12/2015,20,380
10/12/2015,21,299
10/12/2015,22,206
10/12/2015,23,111
10/12/2016,0,69
10/12/2016,1,45
10/12/2016,2,20
10/12/2016,3,11
10/12/2016,4,6
10/12/2016,5,5
10/12/2016,6,19
10/12/2016,7,74
10/12/2016,8,158
10/12/2016,9,241
10/12/2016,10,281
10/12/2016,11,342
10/12/2016,12,417
10/12/2016,13,453
10/12/2016,14,348
10/12/2016,15,404
10/12/2016,16,311
10/12/2016,17,263
10/12/2016,18,212
10/12/2016,19,150
10/12/2016,20,119
10/12/2016,21,111
10/12/2016,22,71
10/12/2016,23,72
10/12/2017,0,48
10/12/2017,1,50
10/12/2017,2,21
10/12/2017,3,21
10/12/2017,4,13
10/12/2017,5,10
10/12/2017,6,21
10/12/2017,7,78
10/12/2017,8,106
10/12/2017,9,163
10/12/2017,10,274
10/12/2017,11,320
10/12/2017,12,353
10/12/2017,13,358
10/12/2017,14,366
10/12/2017,15,402
10/12/2017,16,397
10/12/2017,17,302
10/12/2017,18,265
10/12/2017,19,201
10/12/2017,20,120
10/12/2017,21,131
10/12/2017,22,87
10/12/2017,23,44
11/01/2014,0,64
11/01/2014,1,53
11/01/2014,2,30
11/01/2014,3,16
11/01/2014,4,6
11/01/2014,5,5
11/01/2014,6,3
11/01/2014,7,22
11/01/2014,8,60
11/01/2014,9,112
11/01/2014,10,62
11/01/2014,11,74
11/01/2014,12,86
11/01/2014,13,94
11/01/2014,14,125
11/01/2014,15,118
11/01/2014,16,86
11/01/2014,17,114
11/01/2014,18,156
11/01/2014,19,192
11/01/2014,20,142
11/01/2014,21,121
11/01/2014,22,101
11/01/2014,23,113
11/01/2015,0,57
11/01/2015,1,48
11/01/2015,2,24
11/01/2015,3,6
11/01/2015,4,2
11/01/2015,5,5
11/01/2015,6,2
11/01/2015,7,25
11/01/2015,8,80
11/01/2015,9,123
11/01/2015,10,183
11/01/2015,11,305
11/01/2015,12,339
11/01/2015,13,377
11/01/2015,14,327
11/01/2015,15,322
11/01/2015,16,330
11/01/2015,17,280
11/01/2015,18,208
11/01/2015,19,139
11/01/2015,20,120
11/01/2015,21,68
11/01/2015,22,58
11/01/2015,23,23
11/01/2016,0,20
11/01/2016,1,4
11/01/2016,2,4
11/01/2016,3,3
11/01/2016,4,5
11/01/2016,5,49
11/01/2016,6,196
11/01/2016,7,476
11/01/2016,8,830
11/01/2016,9,393
11/01/2016,10,165
11/01/2016,11,178
11/01/2016,12,257
11/01/2016,13,233
11/01/2016,14,229
11/01/2016,15,258
11/01/2016,16,437
11/01/2016,17,826
11/01/2016,18,680
11/01/2016,19,452
11/01/2016,20,275
11/01/2016,21,162
11/01/2016,22,105
11/01/2016,23,57
11/01/2017,0,19
11/01/2017,1,5
11/01/2017,2,4
11/01/2017,3,1
11/01/2017,4,4
11/01/2017,5,53
11/01/2017,6,231
11/01/2017,7,595
11/01/2017,8,1011
11/01/2017,9,483
11/01/2017,10,227
11/01/2017,11,258
11/01/2017,12,329
11/01/2017,13,299
11/01/2017,14,309
11/01/2017,15,352
11/01/2017,16,532
11/01/2017,17,987
11/01/2017,18,783
11/01/2017,19,259
11/01/2017,20,172
11/01/2017,21,152
11/01/2017,22,124
11/01/2017,23,78
11/01/2018,0,21
11/01/2018,1,5
11/01/2018,2,6
11/01/2018,3,3
11/01/2018,4,16
11/01/2018,5,75
11/01/2018,6,265
11/01/2018,7,656
11/01/2018,8,1122
11/01/2018,9,433
11/01/2018,10,225
11/01/2018,11,239
11/01/2018,12,324
11/01/2018,13,330
11/01/2018,14,304
11/01/2018,15,413
11/01/2018,16,625
11/01/2018,17,1083
11/01/2018,18,868
11/01/2018,19,451
11/01/2018,20,306
11/01/2018,21,202
11/01/2018,22,159
11/01/2018,23,79
11/02/2014,0,12
11/02/2014,1,10
11/02/2014,2,5
11/02/2014,3,1
11/02/2014,4,2
11/02/2014,5,33
11/02/2014,6,123
11/02/2014,7,349
11/02/2014,8,656
11/02/2014,9,317
11/02/2014,10,130
11/02/2014,11,168
11/02/2014,12,161
11/02/2014,13,177
11/02/2014,14,128
11/02/2014,15,173
11/02/2014,16,287
11/02/2014,17,562
11/02/2014,18,570
11/02/2014,19,358
11/02/2014,20,203
11/02/2014,21,172
11/02/2014,22,103
11/02/2014,23,47
11/02/2015,0,17
11/02/2015,1,4
11/02/2015,2,3
11/02/2015,3,2
11/02/2015,4,1
11/02/2015,5,50
11/02/2015,6,168
11/02/2015,7,458
11/02/2015,8,920
11/02/2015,9,425
11/02/2015,10,166
11/02/2015,11,245
11/02/2015,12,253
11/02/2015,13,246
11/02/2015,14,212
11/02/2015,15,253
11/02/2015,16,434
11/02/2015,17,829
11/02/2015,18,700
11/02/2015,19,459
11/02/2015,20,289
11/02/2015,21,260
11/02/2015,22,126
11/02/2015,23,72
11/02/2016,0,10
11/02/2016,1,2
11/02/2016,2,2
11/02/2016,3,1
11/02/2016,4,4
11/02/2016,5,39
11/02/2016,6,115
11/02/2016,7,349
11/02/2016,8,632
11/02/2016,9,326
11/02/2016,10,120
11/02/2016,11,137
11/02/2016,12,156
11/02/2016,13,163
11/02/2016,14,106
11/02/2016,15,137
11/02/2016,16,286
11/02/2016,17,533
11/02/2016,18,445
11/02/2016,19,282
11/02/2016,20,172
11/02/2016,21,115
11/02/2016,22,77
11/02/2016,23,37
11/02/2017,0,52
11/02/2017,1,47
11/02/2017,2,30
11/02/2017,3,21
11/02/2017,4,9
11/02/2017,5,7
11/02/2017,6,19
11/02/2017,7,74
11/02/2017,8,155
11/02/2017,9,289
11/02/2017,10,407
11/02/2017,11,507
11/02/2017,12,650
11/02/2017,13,622
11/02/2017,14,650
11/02/2017,15,656
11/02/2017,16,613
11/02/2017,17,566
11/02/2017,18,459
11/02/2017,19,292
11/02/2017,20,207
11/02/2017,21,215
11/02/2017,22,138
11/02/2017,23,136
11/02/2018,0,29
11/02/2018,1,28
11/02/2018,2,24
11/02/2018,3,13
11/02/2018,4,1
11/02/2018,5,1
11/02/2018,6,4
11/02/2018,7,20
11/02/2018,8,31
11/02/2018,9,68
11/02/2018,10,110
11/02/2018,11,108
11/02/2018,12,223
11/02/2018,13,287
11/02/2018,14,374
11/02/2018,15,427
11/02/2018,16,428
11/02/2018,17,420
11/02/2018,18,158
11/02/2018,19,171
11/02/2018,20,131
11/02/2018,21,120
11/02/2018,22,90
11/02/2018,23,70
11/03/2014,0,34
11/03/2014,1,3
11/03/2014,2,6
11/03/2014,3,3
11/03/2014,4,10
11/03/2014,5,34
11/03/2014,6,180
11/03/2014,7,484
11/03/2014,8,953
11/03/2014,9,452
11/03/2014,10,187
11/03/2014,11,235
11/03/2014,12,306
11/03/2014,13,365
11/03/2014,14,267
11/03/2014,15,393
11/03/2014,16,545
11/03/2014,17,1044
11/03/2014,18,1057
11/03/2014,19,707
11/03/2014,20,439
11/03/2014,21,322
11/03/2014,22,214
11/03/2014,23,120
11/03/2015,0,13
11/03/2015,1,6
11/03/2015,2,2
11/03/2015,4,1
11/03/2015,5,48
11/03/2015,6,157
11/03/2015,7,473
11/03/2015,8,830
11/03/2015,9,334
11/03/2015,10,180
11/03/2015,11,189
11/03/2015,12,283
11/03/2015,13,303
11/03/2015,14,280
11/03/2015,15,351
11/03/2015,16,497
11/03/2015,17,1010
11/03/2015,18,1043
11/03/2015,19,648
11/03/2015,20,405
11/03/2015,21,318
11/03/2015,22,227
11/03/2015,23,102
11/03/2016,0,82
11/03/2016,1,42
11/03/2016,2,13
11/03/2016,3,11
11/03/2016,4,5
11/03/2016,5,70
11/03/2016,6,225
11/03/2016,7,663
11/03/2016,8,1162
11/03/2016,9,550
11/03/2016,10,318
11/03/2016,11,443
11/03/2016,12,552
11/03/2016,13,614
11/03/2016,14,572
11/03/2016,15,687
11/03/2016,16,976
11/03/2016,17,1433
11/03/2016,18,1069
11/03/2016,19,597
11/03/2016,20,404
11/03/2016,21,286
11/03/2016,22,253
11/03/2016,23,192
11/03/2017,0,48
11/03/2017,1,26
11/03/2017,2,27
11/03/2017,3,11
11/03/2017,4,4
11/03/2017,5,23
11/03/2017,6,47
11/03/2017,7,168
11/03/2017,8,238
11/03/2017,9,312
11/03/2017,10,403
11/03/2017,11,455
11/03/2017,12,453
11/03/2017,13,425
11/03/2017,14,376
11/03/2017,15,434
11/03/2017,16,392
11/03/2017,17,426
11/03/2017,18,252
11/03/2017,19,200
11/03/2017,20,123
11/03/2017,21,126
11/03/2017,22,82
11/03/2017,23,65
11/03/2018,0,56
11/03/2018,1,56
11/03/2018,3,40
11/03/2018,4,10
11/03/2018,5,6
11/03/2018,6,19
11/03/2018,7,40
11/03/2018,8,124
11/03/2018,9,222
11/03/2018,10,438
11/03/2018,11,513
11/03/2018,12,605
11/03/2018,13,742
11/03/2018,14,826
11/03/2018,15,895
11/03/2018,16,824
11/03/2018,17,768
11/03/2018,18,591
11/03/2018,19,408
11/03/2018,20,234
11/03/2018,21,150
11/03/2018,22,122
11/03/2018,23,55
11/04/2014,0,72
11/04/2014,1,45
11/04/2014,2,16
11/04/2014,3,8
11/04/2014,4,6
11/04/2014,5,67
11/04/2014,6,246
11/04/2014,7,589
11/04/2014,8,987
11/04/2014,9,575
11/04/2014,10,386
11/04/2014,11,481
11/04/2014,12,609
11/04/2014,13,604
11/04/2014,14,660
11/04/2014,15,725
11/04/2014,16,1028
11/04/2014,17,1355
11/04/2014,18,1162
11/04/2014,19,739
11/04/2014,20,366
11/04/2014,21,219
11/04/2014,22,277
11/04/2014,23,210
11/04/2015,0,148
11/04/2015,1,118
11/04/2015,2,86
11/04/2015,3,39
11/04/2015,4,22
11/04/2015,5,39
11/04/2015,6,116
11/04/2015,7,221
11/04/2015,8,478
11/04/2015,9,714
11/04/2015,10,970
11/04/2015,11,1303
11/04/2015,12,1446
11/04/2015,13,1544
11/04/2015,14,1479
11/04/2015,15,1487
11/04/2015,16,1629
11/04/2015,17,1428
11/04/2015,18,1228
11/04/2015,19,902
11/04/2015,20,430
11/04/2015,21,418
11/04/2015,22,275
11/04/2015,23,226
11/04/2016,0,22
11/04/2016,1,7
11/04/2016,2,8
11/04/2016,3,1
11/04/2016,4,5
11/04/2016,5,61
11/04/2016,6,161
11/04/2016,7,471
11/04/2016,8,660
11/04/2016,9,475
11/04/2016,10,232
11/04/2016,11,323
11/04/2016,12,361
11/04/2016,13,412
11/04/2016,14,388
11/04/2016,15,456
11/04/2016,16,756
11/04/2016,17,1320
11/04/2016,18,1321
11/04/2016,19,798
11/04/2016,20,511
11/04/2016,21,368
11/04/2016,22,241
11/04/2016,23,98
11/04/2017,0,88
11/04/2017,1,17
11/04/2017,2,12
11/04/2017,3,3
11/04/2017,4,9
11/04/2017,5,103
11/04/2017,6,360
11/04/2017,7,964
11/04/2017,8,1375
11/04/2017,9,664
11/04/2017,10,551
11/04/2017,11,649
11/04/2017,12,786
11/04/2017,13,806
11/04/2017,14,753
11/04/2017,15,819
11/04/2017,16,1076
11/04/2017,17,1890
11/04/2017,18,1641
11/04/2017,19,1060
11/04/2017,20,666
11/04/2017,21,541
11/04/2017,22,443
11/04/2017,23,95
11/04/2018,0,45
11/04/2018,1,9
11/04/2018,2,11
11/04/2018,3,2
11/04/2018,4,14
11/04/2018,5,96
11/04/2018,6,277
11/04/2018,7,763
11/04/2018,8,1218
11/04/2018,9,554
11/04/2018,10,309
11/04/2018,11,394
11/04/2018,12,448
11/04/2018,13,485
11/04/2018,14,438
11/04/2018,15,584
11/04/2018,16,830
11/04/2018,17,1435
11/04/2018,18,1273
11/04/2018,19,834
11/04/2018,20,490
11/04/2018,21,342
11/04/2018,22,206
11/04/2018,23,106
11/05/2014,0,141
11/05/2014,1,136
11/05/2014,2,117
11/05/2014,3,47
11/05/2014,4,11
11/05/2014,5,11
11/05/2014,6,34
11/05/2014,7,100
11/05/2014,8,248
11/05/2014,9,440
11/05/2014,10,655
11/05/2014,11,790
11/05/2014,12,883
11/05/2014,13,941
11/05/2014,14,910
11/05/2014,15,980
11/05/2014,16,934
11/05/2014,17,872
11/05/2014,18,781
11/05/2014,19,669
11/05/2014,20,499
11/05/2014,21,332
11/05/2014,22,254
11/05/2014,23,184
11/05/2015,0,54
11/05/2015,1,9
11/05/2015,2,22
11/05/2015,3,1
11/05/2015,4,11
11/05/2015,5,57
11/05/2015,6,256
11/05/2015,7,818
11/05/2015,8,1351
11/05/2015,9,729
11/05/2015,10,433
11/05/2015,11,413
11/05/2015,12,472
11/05/2015,13,512
11/05/2015,14,449
11/05/2015,15,517
11/05/2015,16,758
11/05/2015,17,1504
11/05/2015,18,1336
11/05/2015,19,883
11/05/2015,20,627
11/05/2015,21,470
11/05/2015,22,325
11/05/2015,23,132
11/05/2016,0,37
11/05/2016,1,13
11/05/2016,2,14
11/05/2016,3,1
11/05/2016,4,6
11/05/2016,5,86
11/05/2016,6,287
11/05/2016,7,769
11/05/2016,8,1257
11/05/2016,9,388
11/05/2016,10,167
11/05/2016,11,243
11/05/2016,12,159
11/05/2016,13,127
11/05/2016,14,123
11/05/2016,15,118
11/05/2016,16,352
11/05/2016,17,834
11/05/2016,18,970
11/05/2016,19,604
11/05/2016,20,405
11/05/2016,21,332
11/05/2016,22,245
11/05/2016,23,132
11/05/2017,0,54
11/05/2017,1,25
11/05/2017,2,18
11/05/2017,3,10
11/05/2017,4,8
11/05/2017,5,80
11/05/2017,6,338
11/05/2017,7,663
11/05/2017,8,214
11/05/2017,9,78
11/05/2017,10,50
11/05/2017,11,46
11/05/2017,12,57
11/05/2017,13,51
11/05/2017,14,56
11/05/2017,15,125
11/05/2017,16,158
11/05/2017,17,334
11/05/2017,18,273
11/05/2017,19,300
11/05/2017,20,257
11/05/2017,21,222
11/05/2017,22,132
11/05/2017,23,98
11/06/2014,0,66
11/06/2014,1,22
11/06/2014,2,13
11/06/2014,3,2
11/06/2014,4,10
11/06/2014,5,67
11/06/2014,6,110
11/06/2014,7,465
11/06/2014,8,1024
11/06/2014,9,491
11/06/2014,10,305
11/06/2014,11,343
11/06/2014,12,429
11/06/2014,13,399
11/06/2014,14,329
11/06/2014,15,452
11/06/2014,16,651
11/06/2014,17,1295
11/06/2014,18,974
11/06/2014,19,635
11/06/2014,20,308
11/06/2014,21,64
11/06/2014,22,92
11/06/2014,23,66
11/06/2015,0,82
11/06/2015,1,41
11/06/2015,2,22
11/06/2015,3,9
11/06/2015,4,8
11/06/2015,5,97
11/06/2015,6,332
11/06/2015,7,892
11/06/2015,8,1238
11/06/2015,9,558
11/06/2015,10,303
11/06/2015,11,368
11/06/2015,12,464
11/06/2015,13,451
11/06/2015,14,388
11/06/2015,15,471
11/06/2015,16,725
11/06/2015,17,1243
11/06/2015,18,1332
11/06/2015,19,926
11/06/2015,20,758
11/06/2015,21,592
11/06/2015,22,351
11/06/2015,23,203
11/06/2016,0,180
11/06/2016,1,110
11/06/2016,2,62
11/06/2016,3,45
11/06/2016,4,15
11/06/2016,5,25
11/06/2016,6,143
11/06/2016,7,189
11/06/2016,8,402
11/06/2016,9,627
11/06/2016,10,815
11/06/2016,11,1053
11/06/2016,12,997
11/06/2016,13,914
11/06/2016,14,962
11/06/2016,15,928
11/06/2016,16,777
11/06/2016,17,709
11/06/2016,18,715
11/06/2016,19,682
11/06/2016,20,552
11/06/2016,21,478
11/06/2016,22,378
11/06/2016,23,235
11/06/2017,0,256
11/06/2017,1,155
11/06/2017,2,106
11/06/2017,3,46
11/06/2017,4,8
11/06/2017,5,21
11/06/2017,6,51
11/06/2017,7,138
11/06/2017,8,293
11/06/2017,9,592
11/06/2017,10,737
11/06/2017,11,863
11/06/2017,12,964
11/06/2017,13,1021
11/06/2017,14,966
11/06/2017,15,878
11/06/2017,16,841
11/06/2017,17,863
11/06/2017,18,781
11/06/2017,19,729
11/06/2017,20,673
11/06/2017,21,417
11/06/2017,22,269
11/06/2017,23,167
11/07/2014,0,62
11/07/2014,1,33
11/07/2014,2,19
11/07/2014,3,10
11/07/2014,4,6
11/07/2014,5,52
11/07/2014,6,263
11/07/2014,7,609
11/07/2014,8,992
11/07/2014,9,604
11/07/2014,10,361
11/07/2014,11,403
11/07/2014,12,533
11/07/2014,13,509
11/07/2014,14,448
11/07/2014,15,582
11/07/2014,16,783
11/07/2014,17,1197
11/07/2014,18,1078
11/07/2014,19,881
11/07/2014,20,649
11/07/2014,21,496
11/07/2014,22,394
11/07/2014,23,265
11/07/2015,0,229
11/07/2015,1,145
11/07/2015,2,77
11/07/2015,3,22
11/07/2015,4,7
11/07/2015,5,9
11/07/2015,6,49
11/07/2015,7,63
11/07/2015,8,202
11/07/2015,9,430
11/07/2015,10,614
11/07/2015,11,828
11/07/2015,12,1036
11/07/2015,13,1042
11/07/2015,14,1075
11/07/2015,15,1085
11/07/2015,16,979
11/07/2015,17,931
11/07/2015,18,962
11/07/2015,19,801
11/07/2015,20,673
11/07/2015,21,450
11/07/2015,22,422
11/07/2015,23,289
11/07/2016,0,67
11/07/2016,1,30
11/07/2016,2,8
11/07/2016,3,11
11/07/2016,4,20
11/07/2016,5,87
11/07/2016,6,341
11/07/2016,7,958
11/07/2016,8,1142
11/07/2016,9,607
11/07/2016,10,371
11/07/2016,11,385
11/07/2016,12,467
11/07/2016,13,514
11/07/2016,14,538
11/07/2016,15,541
11/07/2016,16,843
11/07/2016,17,1555
11/07/2016,18,1421
11/07/2016,19,1003
11/07/2016,20,812
11/07/2016,21,546
11/07/2016,22,305
11/07/2016,23,138
11/07/2017,0,27
11/07/2017,1,12
11/07/2017,2,12
11/07/2017,3,7
11/07/2017,4,18
11/07/2017,5,122
11/07/2017,6,457
11/07/2017,7,1064
11/07/2017,8,1374
11/07/2017,9,624
11/07/2017,10,458
11/07/2017,11,451
11/07/2017,12,578
11/07/2017,13,504
11/07/2017,14,501
11/07/2017,15,614
11/07/2017,16,923
11/07/2017,17,1735
11/07/2017,18,1443
11/07/2017,19,965
11/07/2017,20,730
11/07/2017,21,530
11/07/2017,22,349
11/07/2017,23,178
11/08/2014,0,59
11/08/2014,1,13
11/08/2014,2,11
11/08/2014,3,13
11/08/2014,4,8
11/08/2014,5,64
11/08/2014,6,273
11/08/2014,7,644
11/08/2014,8,1015
11/08/2014,9,501
11/08/2014,10,428
11/08/2014,11,411
11/08/2014,12,441
11/08/2014,13,484
11/08/2014,14,455
11/08/2014,15,470
11/08/2014,16,770
11/08/2014,17,1197
11/08/2014,18,973
11/08/2014,19,649
11/08/2014,20,239
11/08/2014,21,233
11/08/2014,22,159
11/08/2014,23,102
11/08/2015,0,24
11/08/2015,1,15
11/08/2015,2,3
11/08/2015,3,5
11/08/2015,4,9
11/08/2015,5,86
11/08/2015,6,204
11/08/2015,7,668
11/08/2015,8,1089
11/08/2015,9,612
11/08/2015,10,316
11/08/2015,11,392
11/08/2015,12,482
11/08/2015,13,510
11/08/2015,14,448
11/08/2015,15,473
11/08/2015,16,701
11/08/2015,17,1481
11/08/2015,18,1351
11/08/2015,19,897
11/08/2015,20,686
11/08/2015,21,444
11/08/2015,22,315
11/08/2015,23,131
11/08/2016,0,72
11/08/2016,1,23
11/08/2016,2,21
11/08/2016,3,8
11/08/2016,4,10
11/08/2016,5,95
11/08/2016,6,344
11/08/2016,7,860
11/08/2016,8,1177
11/08/2016,9,611
11/08/2016,10,368
11/08/2016,11,421
11/08/2016,12,467
11/08/2016,13,424
11/08/2016,14,364
11/08/2016,15,467
11/08/2016,16,730
11/08/2016,17,1374
11/08/2016,18,1191
11/08/2016,19,873
11/08/2016,20,625
11/08/2016,21,438
11/08/2016,22,324
11/08/2016,23,179
11/08/2017,0,114
11/08/2017,1,67
11/08/2017,2,23
11/08/2017,3,10
11/08/2017,4,10
11/08/2017,5,95
11/08/2017,6,312
11/08/2017,7,769
11/08/2017,8,1280
11/08/2017,9,738
11/08/2017,10,495
11/08/2017,11,657
11/08/2017,12,754
11/08/2017,13,794
11/08/2017,14,752
11/08/2017,15,879
11/08/2017,16,1242
11/08/2017,17,1522
11/08/2017,18,1083
11/08/2017,19,387
11/08/2017,20,117
11/08/2017,21,146
11/08/2017,22,45
11/08/2017,23,98
11/09/2014,0,71
11/09/2014,1,26
11/09/2014,2,8
11/09/2014,3,7
11/09/2014,4,14
11/09/2014,5,75
11/09/2014,6,317
11/09/2014,7,867
11/09/2014,8,1116
11/09/2014,9,535
11/09/2014,10,327
11/09/2014,11,360
11/09/2014,12,466
11/09/2014,13,411
11/09/2014,14,411
11/09/2014,15,448
11/09/2014,16,643
11/09/2014,17,1328
11/09/2014,18,1258
11/09/2014,19,845
11/09/2014,20,593
11/09/2014,21,379
11/09/2014,22,299
11/09/2014,23,193
11/09/2015,0,66
11/09/2015,1,36
11/09/2015,2,14
11/09/2015,3,4
11/09/2015,4,11
11/09/2015,5,83
11/09/2015,6,300
11/09/2015,7,870
11/09/2015,8,1194
11/09/2015,9,569
11/09/2015,10,402
11/09/2015,11,479
11/09/2015,12,606
11/09/2015,13,557
11/09/2015,14,500
11/09/2015,15,621
11/09/2015,16,878
11/09/2015,17,1439
11/09/2015,18,1221
11/09/2015,19,884
11/09/2015,20,531
11/09/2015,21,354
11/09/2015,22,316
11/09/2015,23,232
11/09/2016,0,167
11/09/2016,1,105
11/09/2016,2,86
11/09/2016,3,53
11/09/2016,4,22
11/09/2016,5,45
11/09/2016,6,89
11/09/2016,7,136
11/09/2016,8,344
11/09/2016,9,525
11/09/2016,10,757
11/09/2016,11,859
11/09/2016,12,966
11/09/2016,13,910
11/09/2016,14,939
11/09/2016,15,938
11/09/2016,16,953
11/09/2016,17,977
11/09/2016,18,849
11/09/2016,19,756
11/09/2016,20,432
11/09/2016,21,340
11/09/2016,22,221
11/09/2016,23,116
11/09/2017,0,68
11/09/2017,1,24
11/09/2017,2,9
11/09/2017,3,5
11/09/2017,4,9
11/09/2017,5,95
11/09/2017,6,383
11/09/2017,7,905
11/09/2017,8,1267
11/09/2017,9,526
11/09/2017,10,358
11/09/2017,11,473
11/09/2017,12,569
11/09/2017,13,590
11/09/2017,14,607
11/09/2017,15,722
11/09/2017,16,1069
11/09/2017,17,1849
11/09/2017,18,1534
11/09/2017,19,964
11/09/2017,20,595
11/09/2017,21,394
11/09/2017,22,251
11/09/2017,23,135
11/10/2014,0,65
11/10/2014,1,64
11/10/2014,2,44
11/10/2014,3,21
11/10/2014,4,9
11/10/2014,5,7
11/10/2014,6,12
11/10/2014,7,21
11/10/2014,8,77
11/10/2014,9,153
11/10/2014,10,185
11/10/2014,11,286
11/10/2014,12,356
11/10/2014,13,372
11/10/2014,14,451
11/10/2014,15,586
11/10/2014,16,589
11/10/2014,17,579
11/10/2014,18,525
11/10/2014,19,342
11/10/2014,20,290
11/10/2014,21,264
11/10/2014,22,218
11/10/2014,23,181
11/10/2015,0,157
11/10/2015,1,98
11/10/2015,2,68
11/10/2015,3,42
11/10/2015,4,11
11/10/2015,5,21
11/10/2015,6,56
11/10/2015,7,77
11/10/2015,8,193
11/10/2015,9,350
11/10/2015,10,655
11/10/2015,11,794
11/10/2015,12,879
11/10/2015,13,914
11/10/2015,14,1034
11/10/2015,15,1000
11/10/2015,16,948
11/10/2015,17,969
11/10/2015,18,749
11/10/2015,19,524
11/10/2015,20,355
11/10/2015,21,274
11/10/2015,22,204
11/10/2015,23,119
11/10/2016,0,27
11/10/2016,1,15
11/10/2016,2,6
11/10/2016,3,8
11/10/2016,4,16
11/10/2016,5,82
11/10/2016,6,275
11/10/2016,7,837
11/10/2016,8,1106
11/10/2016,9,530
11/10/2016,10,333
11/10/2016,11,393
11/10/2016,12,504
11/10/2016,13,472
11/10/2016,14,481
11/10/2016,15,559
11/10/2016,16,1000
11/10/2016,17,1780
11/10/2016,18,1322
11/10/2016,19,694
11/10/2016,20,426
11/10/2016,21,324
11/10/2016,22,251
11/10/2016,23,88
11/10/2017,0,65
11/10/2017,1,16
11/10/2017,2,22
11/10/2017,3,11
11/10/2017,4,11
11/10/2017,5,135
11/10/2017,6,389
11/10/2017,7,920
11/10/2017,8,1284
11/10/2017,9,590
11/10/2017,10,338
11/10/2017,11,457
11/10/2017,12,515
11/10/2017,13,527
11/10/2017,14,428
11/10/2017,15,619
11/10/2017,16,886
11/10/2017,17,1094
11/10/2017,18,760
11/10/2017,19,437
11/10/2017,20,331
11/10/2017,21,256
11/10/2017,22,170
11/10/2017,23,113
11/11/2014,0,60
11/11/2014,1,38
11/11/2014,2,10
11/11/2014,3,3
11/11/2014,4,6
11/11/2014,5,38
11/11/2014,6,118
11/11/2014,7,393
11/11/2014,8,813
11/11/2014,9,529
11/11/2014,10,500
11/11/2014,11,527
11/11/2014,12,684
11/11/2014,13,679
11/11/2014,14,696
11/11/2014,15,723
11/11/2014,16,837
11/11/2014,17,975
11/11/2014,18,882
11/11/2014,19,628
11/11/2014,20,509
11/11/2014,21,542
11/11/2014,22,463
11/11/2014,23,119
11/11/2015,0,44
11/11/2015,1,24
11/11/2015,2,14
11/11/2015,3,6
11/11/2015,4,5
11/11/2015,5,50
11/11/2015,6,147
11/11/2015,7,507
11/11/2015,8,876
11/11/2015,9,554
11/11/2015,10,329
11/11/2015,11,463
11/11/2015,12,536
11/11/2015,13,566
11/11/2015,14,539
11/11/2015,15,542
11/11/2015,16,654
11/11/2015,17,885
11/11/2015,18,716
11/11/2015,19,525
11/11/2015,20,371
11/11/2015,21,267
11/11/2015,22,205
11/11/2015,23,76
11/11/2016,0,85
11/11/2016,1,45
11/11/2016,2,23
11/11/2016,3,14
11/11/2016,4,13
11/11/2016,5,41
11/11/2016,6,138
11/11/2016,7,419
11/11/2016,8,749
11/11/2016,9,602
11/11/2016,10,477
11/11/2016,11,588
11/11/2016,12,665
11/11/2016,13,700
11/11/2016,14,784
11/11/2016,15,776
11/11/2016,16,824
11/11/2016,17,934
11/11/2016,18,678
11/11/2016,19,450
11/11/2016,20,273
11/11/2016,21,237
11/11/2016,22,215
11/11/2016,23,118
11/11/2017,0,50
11/11/2017,1,46
11/11/2017,2,30
11/11/2017,3,10
11/11/2017,4,13
11/11/2017,5,9
11/11/2017,6,31
11/11/2017,7,92
11/11/2017,8,141
11/11/2017,9,284
11/11/2017,10,357
11/11/2017,11,466
11/11/2017,12,524
11/11/2017,13,589
11/11/2017,14,604
11/11/2017,15,512
11/11/2017,16,448
11/11/2017,17,354
11/11/2017,18,239
11/11/2017,19,225
11/11/2017,20,141
11/11/2017,21,132
11/11/2017,22,106
11/11/2017,23,91
11/12/2014,0,41
11/12/2014,1,10
11/12/2014,2,8
11/12/2014,3,3
11/12/2014,4,7
11/12/2014,5,36
11/12/2014,6,175
11/12/2014,7,491
11/12/2014,8,892
11/12/2014,9,462
11/12/2014,10,186
11/12/2014,11,214
11/12/2014,12,215
11/12/2014,13,238
11/12/2014,14,184
11/12/2014,15,232
11/12/2014,16,397
11/12/2014,17,700
11/12/2014,18,675
11/12/2014,19,406
11/12/2014,20,296
11/12/2014,21,216
11/12/2014,22,156
11/12/2014,23,80
11/12/2015,0,57
11/12/2015,1,36
11/12/2015,2,18
11/12/2015,3,3
11/12/2015,4,6
11/12/2015,5,66
11/12/2015,6,197
11/12/2015,7,622
11/12/2015,8,1078
11/12/2015,9,511
11/12/2015,10,271
11/12/2015,11,313
11/12/2015,12,406
11/12/2015,13,415
11/12/2015,14,382
11/12/2015,15,491
11/12/2015,16,712
11/12/2015,17,987
11/12/2015,18,734
11/12/2015,19,491
11/12/2015,20,319
11/12/2015,21,263
11/12/2015,22,205
11/12/2015,23,139
11/12/2016,0,55
11/12/2016,1,52
11/12/2016,2,46
11/12/2016,3,14
11/12/2016,4,4
11/12/2016,5,10
11/12/2016,6,18
11/12/2016,7,39
11/12/2016,8,93
11/12/2016,9,165
11/12/2016,10,256
11/12/2016,11,319
11/12/2016,12,370
11/12/2016,13,389
11/12/2016,14,337
11/12/2016,15,358
11/12/2016,16,345
11/12/2016,17,263
11/12/2016,18,192
11/12/2016,19,186
11/12/2016,20,123
11/12/2016,21,91
11/12/2016,22,62
11/12/2016,23,28
11/12/2017,0,28
11/12/2017,1,5
11/12/2017,2,4
11/12/2017,3,1
11/12/2017,4,10
11/12/2017,5,74
11/12/2017,6,229
11/12/2017,7,639
11/12/2017,8,1038
11/12/2017,9,455
11/12/2017,10,226
11/12/2017,11,252
11/12/2017,12,331
11/12/2017,13,334
11/12/2017,14,310
11/12/2017,15,376
11/12/2017,16,582
11/12/2017,17,1026
11/12/2017,18,813
11/12/2017,19,471
11/12/2017,20,286
11/12/2017,21,220
11/12/2017,22,104
11/12/2017,23,57
12/01/2014,0,105
12/01/2014,1,89
12/01/2014,2,68
12/01/2014,3,29
12/01/2014,4,8
12/01/2014,5,4
12/01/2014,6,11
12/01/2014,7,35
12/01/2014,8,107
12/01/2014,9,184
12/01/2014,10,314
12/01/2014,11,388
12/01/2014,12,502
12/01/2014,13,546
12/01/2014,14,526
12/01/2014,15,534
12/01/2014,16,537
12/01/2014,17,385
12/01/2014,18,322
12/01/2014,19,231
12/01/2014,20,217
12/01/2014,21,131
12/01/2014,22,84
12/01/2014,23,56
12/01/2015,0,13
12/01/2015,1,8
12/01/2015,2,2
12/01/2015,4,1
12/01/2015,5,34
12/01/2015,6,48
12/01/2015,7,64
12/01/2015,8,115
12/01/2015,9,128
12/01/2015,10,83
12/01/2015,11,39
12/01/2015,12,28
12/01/2015,13,31
12/01/2015,14,46
12/01/2015,15,70
12/01/2015,16,145
12/01/2015,17,322
12/01/2015,18,345
12/01/2015,19,289
12/01/2015,20,134
12/01/2015,21,92
12/01/2015,22,87
12/01/2015,23,31
12/01/2016,0,34
12/01/2016,1,9
12/01/2016,2,4
12/01/2016,3,1
12/01/2016,4,4
12/01/2016,5,55
12/01/2016,6,215
12/01/2016,7,552
12/01/2016,8,945
12/01/2016,9,411
12/01/2016,10,156
12/01/2016,11,193
12/01/2016,12,256
12/01/2016,13,220
12/01/2016,14,196
12/01/2016,15,271
12/01/2016,16,449
12/01/2016,17,854
12/01/2016,18,778
12/01/2016,19,349
12/01/2016,20,232
12/01/2016,21,140
12/01/2016,22,96
12/01/2016,23,70
12/01/2017,0,30
12/01/2017,1,14
12/01/2017,2,4
12/01/2017,3,5
12/01/2017,4,9
12/01/2017,5,54
12/01/2017,6,237
12/01/2017,7,663
12/01/2017,8,1078
12/01/2017,9,473
12/01/2017,10,234
12/01/2017,11,279
12/01/2017,12,366
12/01/2017,13,391
12/01/2017,14,362
12/01/2017,15,495
12/01/2017,16,682
12/01/2017,17,1170
12/01/2017,18,967
12/01/2017,19,596
12/01/2017,20,389
12/01/2017,21,301
12/01/2017,22,181
12/01/2017,23,111
12/01/2018,0,34
12/01/2018,1,26
12/01/2018,2,15
12/01/2018,3,5
12/01/2018,4,9
12/01/2018,5,43
12/01/2018,6,108
12/01/2018,7,351
12/01/2018,8,761
12/01/2018,9,278
12/01/2018,10,125
12/01/2018,11,186
12/01/2018,12,268
12/01/2018,13,323
12/01/2018,14,347
12/01/2018,15,459
12/01/2018,16,591
12/01/2018,17,610
12/01/2018,18,525
12/01/2018,19,348
12/01/2018,20,128
12/01/2018,21,126
12/01/2018,22,131
12/01/2018,23,53
12/02/2014,0,13
12/02/2014,1,5
12/02/2014,2,3
12/02/2014,3,1
12/02/2014,4,5
12/02/2014,5,29
12/02/2014,6,116
12/02/2014,7,307
12/02/2014,8,586
12/02/2014,9,313
12/02/2014,10,127
12/02/2014,11,137
12/02/2014,12,164
12/02/2014,13,136
12/02/2014,14,144
12/02/2014,15,154
12/02/2014,16,245
12/02/2014,17,476
12/02/2014,18,452
12/02/2014,19,306
12/02/2014,20,116
12/02/2014,21,60
12/02/2014,22,27
12/02/2014,23,23
12/02/2015,0,24
12/02/2015,1,11
12/02/2015,2,2
12/02/2015,4,1
12/02/2015,5,45
12/02/2015,6,156
12/02/2015,7,465
12/02/2015,8,915
12/02/2015,9,380
12/02/2015,10,170
12/02/2015,11,184
12/02/2015,12,193
12/02/2015,13,221
12/02/2015,14,168
12/02/2015,15,204
12/02/2015,16,336
12/02/2015,17,619
12/02/2015,18,567
12/02/2015,19,320
12/02/2015,20,228
12/02/2015,21,120
12/02/2015,22,78
12/02/2015,23,32
12/02/2016,0,22
12/02/2016,1,8
12/02/2016,2,1
12/02/2016,4,3
12/02/2016,5,40
12/02/2016,6,97
12/02/2016,7,283
12/02/2016,8,610
12/02/2016,9,338
12/02/2016,10,148
12/02/2016,11,163
12/02/2016,12,211
12/02/2016,13,208
12/02/2016,14,169
12/02/2016,15,250
12/02/2016,16,326
12/02/2016,17,522
12/02/2016,18,401
12/02/2016,19,223
12/02/2016,20,128
12/02/2016,21,106
12/02/2016,22,60
12/02/2016,23,46
12/02/2017,0,102
12/02/2017,1,91
12/02/2017,2,61
12/02/2017,3,30
12/02/2017,4,15
12/02/2017,5,10
12/02/2017,6,17
12/02/2017,7,48
12/02/2017,8,115
12/02/2017,9,196
12/02/2017,10,231
12/02/2017,11,177
12/02/2017,12,334
12/02/2017,13,386
12/02/2017,14,549
12/02/2017,15,589
12/02/2017,16,459
12/02/2017,17,375
12/02/2017,18,313
12/02/2017,19,232
12/02/2017,20,170
12/02/2017,21,116
12/02/2017,22,70
12/02/2017,23,37
12/02/2018,0,26
12/02/2018,1,20
12/02/2018,2,10
12/02/2018,3,12
12/02/2018,4,15
12/02/2018,5,61
12/02/2018,6,143
12/02/2018,7,319
12/02/2018,8,755
12/02/2018,9,343
12/02/2018,10,144
12/02/2018,11,146
12/02/2018,12,272
12/02/2018,13,286
12/02/2018,14,279
12/02/2018,15,391
12/02/2018,16,575
12/02/2018,17,1102
12/02/2018,18,840
12/02/2018,19,471
12/02/2018,20,261
12/02/2018,21,201
12/02/2018,22,133
12/02/2018,23,52
12/03/2014,0,34
12/03/2014,1,21
12/03/2014,2,13
12/03/2014,3,3
12/03/2014,4,8
12/03/2014,5,48
12/03/2014,6,192
12/03/2014,7,471
12/03/2014,8,956
12/03/2014,9,416
12/03/2014,10,194
12/03/2014,11,269
12/03/2014,12,294
12/03/2014,13,303
12/03/2014,14,222
12/03/2014,15,205
12/03/2014,16,458
12/03/2014,17,839
12/03/2014,18,472
12/03/2014,19,296
12/03/2014,20,208
12/03/2014,21,153
12/03/2014,22,105
12/03/2014,23,49
12/03/2015,0,23
12/03/2015,1,17
12/03/2015,2,7
12/03/2015,5,42
12/03/2015,6,171
12/03/2015,7,585
12/03/2015,8,1052
12/03/2015,9,453
12/03/2015,10,260
12/03/2015,11,274
12/03/2015,12,386
12/03/2015,13,397
12/03/2015,14,406
12/03/2015,15,471
12/03/2015,16,618
12/03/2015,17,1158
12/03/2015,18,1060
12/03/2015,19,631
12/03/2015,20,385
12/03/2015,21,338
12/03/2015,22,188
12/03/2015,23,77
12/03/2016,0,122
12/03/2016,1,79
12/03/2016,2,46
12/03/2016,3,27
12/03/2016,4,11
12/03/2016,5,22
12/03/2016,6,164
12/03/2016,7,205
12/03/2016,8,360
12/03/2016,9,610
12/03/2016,10,787
12/03/2016,11,911
12/03/2016,12,981
12/03/2016,13,945
12/03/2016,14,925
12/03/2016,15,783
12/03/2016,16,675
12/03/2016,17,753
12/03/2016,18,621
12/03/2016,19,405
12/03/2016,20,330
12/03/2016,21,244
12/03/2016,22,196
12/03/2016,23,226
12/03/2017,0,42
12/03/2017,1,34
12/03/2017,3,48
12/03/2017,4,11
12/03/2017,5,7
12/03/2017,6,6
12/03/2017,7,35
12/03/2017,8,59
12/03/2017,9,120
12/03/2017,10,239
12/03/2017,11,351
12/03/2017,12,438
12/03/2017,13,401
12/03/2017,14,507
12/03/2017,15,484
12/03/2017,16,459
12/03/2017,17,469
12/03/2017,18,361
12/03/2017,19,215
12/03/2017,20,132
12/03/2017,21,97
12/03/2017,22,66
12/03/2017,23,40
12/03/2018,0,28
12/03/2018,1,16
12/03/2018,2,15
12/03/2018,3,4
12/03/2018,4,19
12/03/2018,5,62
12/03/2018,6,193
12/03/2018,7,514
12/03/2018,8,987
12/03/2018,9,471
12/03/2018,10,236
12/03/2018,11,253
12/03/2018,12,272
12/03/2018,13,293
12/03/2018,14,288
12/03/2018,15,376
12/03/2018,16,595
12/03/2018,17,1023
12/03/2018,18,747
12/03/2018,19,416
12/03/2018,20,230
12/03/2018,21,134
12/03/2018,22,73
12/03/2018,23,41
12/04/2014,0,140
12/04/2014,1,107
12/04/2014,2,78
12/04/2014,3,18
12/04/2014,4,5
12/04/2014,5,26
12/04/2014,6,95
12/04/2014,7,228
12/04/2014,8,433
12/04/2014,9,650
12/04/2014,10,952
12/04/2014,11,1101
12/04/2014,12,1322
12/04/2014,13,1408
12/04/2014,14,1418
12/04/2014,15,1364
12/04/2014,16,1315
12/04/2014,17,1248
12/04/2014,18,1161
12/04/2014,19,866
12/04/2014,20,586
12/04/2014,21,462
12/04/2014,22,334
12/04/2014,23,247
12/04/2015,0,165
12/04/2015,1,94
12/04/2015,2,67
12/04/2015,3,27
12/04/2015,4,12
12/04/2015,5,35
12/04/2015,6,222
12/04/2015,7,218
12/04/2015,8,377
12/04/2015,9,717
12/04/2015,10,1010
12/04/2015,11,1283
12/04/2015,12,1458
12/04/2015,13,1575
12/04/2015,14,1412
12/04/2015,15,1442
12/04/2015,16,1366
12/04/2015,17,1309
12/04/2015,18,1091
12/04/2015,19,837
12/04/2015,20,500
12/04/2015,21,251
12/04/2015,22,187
12/04/2015,23,97
12/04/2016,0,47
12/04/2016,1,9
12/04/2016,2,12
12/04/2016,3,4
12/04/2016,4,8
12/04/2016,5,81
12/04/2016,6,195
12/04/2016,7,426
12/04/2016,8,797
12/04/2016,9,187
12/04/2016,10,171
12/04/2016,11,276
12/04/2016,12,292
12/04/2016,13,355
12/04/2016,14,360
12/04/2016,15,459
12/04/2016,16,748
12/04/2016,17,1345
12/04/2016,18,1063
12/04/2016,19,675
12/04/2016,20,440
12/04/2016,21,303
12/04/2016,22,241
12/04/2016,23,89
12/04/2017,0,32
12/04/2017,1,23
12/04/2017,2,27
12/04/2017,3,20
12/04/2017,4,12
12/04/2017,5,98
12/04/2017,6,369
12/04/2017,7,939
12/04/2017,8,1309
12/04/2017,9,632
12/04/2017,10,335
12/04/2017,11,502
12/04/2017,12,632
12/04/2017,13,615
12/04/2017,14,612
12/04/2017,15,732
12/04/2017,16,1096
12/04/2017,17,1836
12/04/2017,18,1499
12/04/2017,19,1131
12/04/2017,20,665
12/04/2017,21,442
12/04/2017,22,353
12/04/2017,23,177
12/04/2018,0,36
12/04/2018,1,14
12/04/2018,2,9
12/04/2018,3,6
12/04/2018,4,10
12/04/2018,5,81
12/04/2018,6,290
12/04/2018,7,777
12/04/2018,8,1245
12/04/2018,9,622
12/04/2018,10,340
12/04/2018,11,420
12/04/2018,12,501
12/04/2018,13,558
12/04/2018,14,565
12/04/2018,15,682
12/04/2018,16,1001
12/04/2018,17,1769
12/04/2018,18,1528
12/04/2018,19,1012
12/04/2018,20,572
12/04/2018,21,463
12/04/2018,22,361
12/04/2018,23,224
12/05/2014,0,50
12/05/2014,1,23
12/05/2014,2,13
12/05/2014,3,9
12/05/2014,4,7
12/05/2014,5,61
12/05/2014,6,228
12/05/2014,7,648
12/05/2014,8,956
12/05/2014,9,460
12/05/2014,10,302
12/05/2014,11,365
12/05/2014,12,443
12/05/2014,13,426
12/05/2014,14,394
12/05/2014,15,402
12/05/2014,16,651
12/05/2014,17,1174
12/05/2014,18,1122
12/05/2014,19,754
12/05/2014,20,319
12/05/2014,21,303
12/05/2014,22,213
12/05/2014,23,111
12/05/2015,0,53
12/05/2015,1,26
12/05/2015,2,13
12/05/2015,3,2
12/05/2015,4,10
12/05/2015,5,80
12/05/2015,6,358
12/05/2015,7,944
12/05/2015,8,1258
12/05/2015,9,535
12/05/2015,10,346
12/05/2015,11,421
12/05/2015,12,470
12/05/2015,13,457
12/05/2015,14,418
12/05/2015,15,473
12/05/2015,16,781
12/05/2015,17,1482
12/05/2015,18,1343
12/05/2015,19,939
12/05/2015,20,703
12/05/2015,21,500
12/05/2015,22,321
12/05/2015,23,134
12/05/2016,0,43
12/05/2016,1,29
12/05/2016,2,19
12/05/2016,3,6
12/05/2016,4,8
12/05/2016,5,83
12/05/2016,6,250
12/05/2016,7,793
12/05/2016,8,1228
12/05/2016,9,539
12/05/2016,10,289
12/05/2016,11,327
12/05/2016,12,427
12/05/2016,13,482
12/05/2016,14,385
12/05/2016,15,485
12/05/2016,16,728
12/05/2016,17,1382
12/05/2016,18,1240
12/05/2016,19,761
12/05/2016,20,546
12/05/2016,21,340
12/05/2016,22,250
12/05/2016,23,165
12/05/2017,0,41
12/05/2017,1,45
12/05/2017,2,26
12/05/2017,3,2
12/05/2017,4,20
12/05/2017,5,71
12/05/2017,6,299
12/05/2017,7,700
12/05/2017,8,1014
12/05/2017,9,571
12/05/2017,10,315
12/05/2017,11,485
12/05/2017,12,581
12/05/2017,13,566
12/05/2017,14,593
12/05/2017,15,545
12/05/2017,16,312
12/05/2017,17,381
12/05/2017,18,211
12/05/2017,19,131
12/05/2017,20,112
12/05/2017,21,82
12/05/2017,22,67
12/05/2017,23,43
12/06/2014,0,46
12/06/2014,1,13
12/06/2014,2,7
12/06/2014,3,2
12/06/2014,4,6
12/06/2014,5,51
12/06/2014,6,203
12/06/2014,7,579
12/06/2014,8,957
12/06/2014,9,428
12/06/2014,10,276
12/06/2014,11,318
12/06/2014,12,400
12/06/2014,13,393
12/06/2014,14,328
12/06/2014,15,299
12/06/2014,16,415
12/06/2014,17,1035
12/06/2014,18,1095
12/06/2014,19,770
12/06/2014,20,634
12/06/2014,21,459
12/06/2014,22,282
12/06/2014,23,214
12/06/2015,0,102
12/06/2015,1,51
12/06/2015,2,26
12/06/2015,3,7
12/06/2015,4,7
12/06/2015,5,85
12/06/2015,6,276
12/06/2015,7,775
12/06/2015,8,1087
12/06/2015,9,616
12/06/2015,10,364
12/06/2015,11,437
12/06/2015,12,512
12/06/2015,13,514
12/06/2015,14,437
12/06/2015,15,545
12/06/2015,16,775
12/06/2015,17,1143
12/06/2015,18,879
12/06/2015,19,656
12/06/2015,20,536
12/06/2015,21,399
12/06/2015,22,381
12/06/2015,23,262
12/06/2016,0,169
12/06/2016,1,146
12/06/2016,2,92
12/06/2016,3,50
12/06/2016,4,27
12/06/2016,5,26
12/06/2016,6,45
12/06/2016,7,149
12/06/2016,8,254
12/06/2016,9,565
12/06/2016,10,708
12/06/2016,11,831
12/06/2016,12,906
12/06/2016,13,857
12/06/2016,14,908
12/06/2016,15,824
12/06/2016,16,745
12/06/2016,17,732
12/06/2016,18,789
12/06/2016,19,732
12/06/2016,20,667
12/06/2016,21,370
12/06/2016,22,279
12/06/2016,23,152
12/06/2017,0,61
12/06/2017,1,37
12/06/2017,2,10
12/06/2017,3,14
12/06/2017,4,15
12/06/2017,5,103
12/06/2017,6,359
12/06/2017,7,903
12/06/2017,8,1096
12/06/2017,9,521
12/06/2017,10,369
12/06/2017,11,405
12/06/2017,12,478
12/06/2017,13,477
12/06/2017,14,474
12/06/2017,15,577
12/06/2017,16,918
12/06/2017,17,1599
12/06/2017,18,1290
12/06/2017,19,868
12/06/2017,20,712
12/06/2017,21,507
12/06/2017,22,317
12/06/2017,23,195
12/07/2014,0,180
12/07/2014,1,120
12/07/2014,2,88
12/07/2014,3,38
12/07/2014,4,13
12/07/2014,5,21
12/07/2014,6,62
12/07/2014,7,134
12/07/2014,8,264
12/07/2014,9,504
12/07/2014,10,716
12/07/2014,11,850
12/07/2014,12,910
12/07/2014,13,946
12/07/2014,14,887
12/07/2014,15,970
12/07/2014,16,795
12/07/2014,17,741
12/07/2014,18,811
12/07/2014,19,706
12/07/2014,20,614
12/07/2014,21,490
12/07/2014,22,356
12/07/2014,23,296
12/07/2015,0,222
12/07/2015,1,177
12/07/2015,2,128
12/07/2015,3,40
12/07/2015,4,20
12/07/2015,5,15
12/07/2015,6,33
12/07/2015,7,97
12/07/2015,8,218
12/07/2015,9,435
12/07/2015,10,723
12/07/2015,11,870
12/07/2015,12,996
12/07/2015,13,985
12/07/2015,14,960
12/07/2015,15,912
12/07/2015,16,989
12/07/2015,17,883
12/07/2015,18,846
12/07/2015,19,677
12/07/2015,20,572
12/07/2015,21,459
12/07/2015,22,297
12/07/2015,23,157
12/07/2016,0,70
12/07/2016,1,26
12/07/2016,2,6
12/07/2016,3,6
12/07/2016,4,11
12/07/2016,5,114
12/07/2016,6,398
12/07/2016,7,971
12/07/2016,8,1343
12/07/2016,9,608
12/07/2016,10,370
12/07/2016,11,381
12/07/2016,12,496
12/07/2016,13,510
12/07/2016,14,478
12/07/2016,15,513
12/07/2016,16,949
12/07/2016,17,1683
12/07/2016,18,1355
12/07/2016,19,1078
12/07/2016,20,804
12/07/2016,21,519
12/07/2016,22,328
12/07/2016,23,151
12/07/2017,0,79
12/07/2017,1,18
12/07/2017,2,14
12/07/2017,3,7
12/07/2017,4,15
12/07/2017,5,128
12/07/2017,6,451
12/07/2017,7,1055
12/07/2017,8,1239
12/07/2017,9,628
12/07/2017,10,433
12/07/2017,11,474
12/07/2017,12,549
12/07/2017,13,547
12/07/2017,14,525
12/07/2017,15,625
12/07/2017,16,972
12/07/2017,17,1647
12/07/2017,18,1348
12/07/2017,19,897
12/07/2017,20,781
12/07/2017,21,520
12/07/2017,22,345
12/07/2017,23,188
12/08/2014,0,37
12/08/2014,1,18
12/08/2014,2,5
12/08/2014,3,1
12/08/2014,4,8
12/08/2014,5,71
12/08/2014,6,125
12/08/2014,7,414
12/08/2014,8,536
12/08/2014,9,301
12/08/2014,10,43
12/08/2014,11,38
12/08/2014,12,48
12/08/2014,13,33
12/08/2014,14,34
12/08/2014,15,139
12/08/2014,16,438
12/08/2014,17,920
12/08/2014,18,914
12/08/2014,19,686
12/08/2014,20,498
12/08/2014,21,323
12/08/2014,22,229
12/08/2014,23,112
12/08/2015,0,73
12/08/2015,1,20
12/08/2015,2,13
12/08/2015,3,4
12/08/2015,4,11
12/08/2015,5,118
12/08/2015,6,366
12/08/2015,7,891
12/08/2015,8,1186
12/08/2015,9,620
12/08/2015,10,349
12/08/2015,11,395
12/08/2015,12,548
12/08/2015,13,496
12/08/2015,14,431
12/08/2015,15,552
12/08/2015,16,828
12/08/2015,17,1493
12/08/2015,18,1418
12/08/2015,19,978
12/08/2015,20,754
12/08/2015,21,498
12/08/2015,22,293
12/08/2015,23,150
12/08/2016,0,78
12/08/2016,1,38
12/08/2016,2,25
12/08/2016,3,12
12/08/2016,4,12
12/08/2016,5,83
12/08/2016,6,314
12/08/2016,7,735
12/08/2016,8,1075
12/08/2016,9,596
12/08/2016,10,364
12/08/2016,11,460
12/08/2016,12,477
12/08/2016,13,521
12/08/2016,14,478
12/08/2016,15,575
12/08/2016,16,769
12/08/2016,17,1147
12/08/2016,18,919
12/08/2016,19,722
12/08/2016,20,507
12/08/2016,21,373
12/08/2016,22,344
12/08/2016,23,229
12/08/2017,0,87
12/08/2017,1,78
12/08/2017,2,48
12/08/2017,3,20
12/08/2017,4,10
12/08/2017,5,27
12/08/2017,6,75
12/08/2017,7,178
12/08/2017,8,359
12/08/2017,9,545
12/08/2017,10,702
12/08/2017,11,946
12/08/2017,12,951
12/08/2017,13,1039
12/08/2017,14,1120
12/08/2017,15,1145
12/08/2017,16,1088
12/08/2017,17,1083
12/08/2017,18,864
12/08/2017,19,667
12/08/2017,20,102
12/08/2017,21,210
12/08/2017,22,187
12/08/2017,23,161
12/09/2014,0,100
12/09/2014,1,39
12/09/2014,2,28
12/09/2014,3,11
12/09/2014,4,11
12/09/2014,5,70
12/09/2014,6,297
12/09/2014,7,783
12/09/2014,8,1091
12/09/2014,9,543
12/09/2014,10,363
12/09/2014,11,463
12/09/2014,12,609
12/09/2014,13,642
12/09/2014,14,598
12/09/2014,15,651
12/09/2014,16,889
12/09/2014,17,1337
12/09/2014,18,1194
12/09/2014,19,853
12/09/2014,20,564
12/09/2014,21,429
12/09/2014,22,346
12/09/2014,23,268
12/09/2015,0,154
12/09/2015,1,117
12/09/2015,2,75
12/09/2015,3,37
12/09/2015,4,8
12/09/2015,5,12
12/09/2015,6,58
12/09/2015,7,126
12/09/2015,8,154
12/09/2015,9,209
12/09/2015,10,264
12/09/2015,11,407
12/09/2015,12,427
12/09/2015,13,234
12/09/2015,14,422
12/09/2015,15,499
12/09/2015,16,497
12/09/2015,17,650
12/09/2015,18,585
12/09/2015,19,518
12/09/2015,20,409
12/09/2015,21,313
12/09/2015,22,286
12/09/2015,23,204
12/09/2016,0,50
12/09/2016,1,26
12/09/2016,2,15
12/09/2016,3,8
12/09/2016,4,12
12/09/2016,5,109
12/09/2016,6,382
12/09/2016,7,1012
12/09/2016,8,1085
12/09/2016,9,552
12/09/2016,10,382
12/09/2016,11,382
12/09/2016,12,496
12/09/2016,13,475
12/09/2016,14,489
12/09/2016,15,561
12/09/2016,16,867
12/09/2016,17,1638
12/09/2016,18,1504
12/09/2016,19,888
12/09/2016,20,547
12/09/2016,21,399
12/09/2016,22,294
12/09/2016,23,138
12/09/2017,0,63
12/09/2017,1,30
12/09/2017,2,22
12/09/2017,3,4
12/09/2017,4,23
12/09/2017,5,119
12/09/2017,6,421
12/09/2017,7,1092
12/09/2017,8,1594
12/09/2017,9,606
12/09/2017,10,423
12/09/2017,11,456
12/09/2017,12,621
12/09/2017,13,556
12/09/2017,14,546
12/09/2017,15,674
12/09/2017,16,1027
12/09/2017,17,1942
12/09/2017,18,1692
12/09/2017,19,1058
12/09/2017,20,613
12/09/2017,21,466
12/09/2017,22,312
12/09/2017,23,137
12/10/2014,0,156
12/10/2014,1,116
12/10/2014,2,78
12/10/2014,3,38
12/10/2014,4,14
12/10/2014,5,9
12/10/2014,6,42
12/10/2014,7,82
12/10/2014,8,185
12/10/2014,9,359
12/10/2014,10,600
12/10/2014,11,857
12/10/2014,12,931
12/10/2014,13,868
12/10/2014,14,867
12/10/2014,15,861
12/10/2014,16,785
12/10/2014,17,726
12/10/2014,18,613
12/10/2014,19,413
12/10/2014,20,299
12/10/2014,21,200
12/10/2014,22,180
12/10/2014,23,140
12/10/2015,0,72
12/10/2015,1,35
12/10/2015,2,24
12/10/2015,3,11
12/10/2015,4,3
12/10/2015,5,48
12/10/2015,6,98
12/10/2015,7,320
12/10/2015,8,582
12/10/2015,9,436
12/10/2015,10,503
12/10/2015,11,597
12/10/2015,12,759
12/10/2015,13,790
12/10/2015,14,740
12/10/2015,15,760
12/10/2015,16,867
12/10/2015,17,1093
12/10/2015,18,1058
12/10/2015,19,675
12/10/2015,20,413
12/10/2015,21,322
12/10/2015,22,180
12/10/2015,23,109
12/10/2016,0,28
12/10/2016,1,13
12/10/2016,2,6
12/10/2016,3,6
12/10/2016,4,9
12/10/2016,5,81
12/10/2016,6,326
12/10/2016,7,865
12/10/2016,8,1287
12/10/2016,9,547
12/10/2016,10,345
12/10/2016,11,406
12/10/2016,12,448
12/10/2016,13,511
12/10/2016,14,464
12/10/2016,15,565
12/10/2016,16,905
12/10/2016,17,1671
12/10/2016,18,1363
12/10/2016,19,760
12/10/2016,20,492
12/10/2016,21,359
12/10/2016,22,236
12/10/2016,23,104
12/10/2017,0,26
12/10/2017,1,15
12/10/2017,2,13
12/10/2017,3,8
12/10/2017,4,17
12/10/2017,5,93
12/10/2017,6,359
12/10/2017,7,917
12/10/2017,8,1270
12/10/2017,9,625
12/10/2017,10,387
12/10/2017,11,359
12/10/2017,12,451
12/10/2017,13,449
12/10/2017,14,492
12/10/2017,15,629
12/10/2017,16,896
12/10/2017,17,1481
12/10/2017,18,1155
12/10/2017,19,834
12/10/2017,20,496
12/10/2017,21,341
12/10/2017,22,255
12/10/2017,23,162
12/11/2014,0,50
12/11/2014,1,18
12/11/2014,2,12
12/11/2014,3,4
12/11/2014,4,11
12/11/2014,5,81
12/11/2014,6,303
12/11/2014,7,828
12/11/2014,8,1225
12/11/2014,9,534
12/11/2014,10,308
12/11/2014,11,325
12/11/2014,12,366
12/11/2014,13,386
12/11/2014,14,350
12/11/2014,15,472
12/11/2014,16,641
12/11/2014,17,1130
12/11/2014,18,888
12/11/2014,19,605
12/11/2014,20,412
12/11/2014,21,310
12/11/2014,22,169
12/11/2014,23,111
12/11/2015,0,46
12/11/2015,1,15
12/11/2015,2,17
12/11/2015,3,4
12/11/2015,4,6
12/11/2015,5,74
12/11/2015,6,269
12/11/2015,7,751
12/11/2015,8,877
12/11/2015,9,363
12/11/2015,10,170
12/11/2015,11,137
12/11/2015,12,246
12/11/2015,13,298
12/11/2015,14,288
12/11/2015,15,381
12/11/2015,16,683
12/11/2015,17,1144
12/11/2015,18,1005
12/11/2015,19,599
12/11/2015,20,437
12/11/2015,21,362
12/11/2015,22,189
12/11/2015,23,115
12/11/2016,0,88
12/11/2016,1,47
12/11/2016,2,44
12/11/2016,3,14
12/11/2016,4,12
12/11/2016,5,18
12/11/2016,6,38
12/11/2016,7,113
12/11/2016,8,252
12/11/2016,9,366
12/11/2016,10,582
12/11/2016,11,687
12/11/2016,12,730
12/11/2016,13,833
12/11/2016,14,958
12/11/2016,15,835
12/11/2016,16,791
12/11/2016,17,566
12/11/2016,18,375
12/11/2016,19,304
12/11/2016,20,210
12/11/2016,21,182
12/11/2016,22,177
12/11/2016,23,105
12/11/2017,0,82
12/11/2017,1,59
12/11/2017,2,37
12/11/2017,3,17
12/11/2017,4,13
12/11/2017,5,4
12/11/2017,6,35
12/11/2017,7,74
12/11/2017,8,140
12/11/2017,9,275
12/11/2017,10,359
12/11/2017,11,439
12/11/2017,12,565
12/11/2017,13,523
12/11/2017,14,566
12/11/2017,15,542
12/11/2017,16,568
12/11/2017,17,425
12/11/2017,18,309
12/11/2017,19,209
12/11/2017,20,153
12/11/2017,21,146
12/11/2017,22,116
12/11/2017,23,41
12/12/2014,0,45
12/12/2014,1,28
12/12/2014,2,14
12/12/2014,3,3
12/12/2014,4,3
12/12/2014,5,48
12/12/2014,6,167
12/12/2014,7,443
12/12/2014,8,911
12/12/2014,9,443
12/12/2014,10,246
12/12/2014,11,235
12/12/2014,12,347
12/12/2014,13,296
12/12/2014,14,303
12/12/2014,15,371
12/12/2014,16,478
12/12/2014,17,728
12/12/2014,18,559
12/12/2014,19,322
12/12/2014,20,264
12/12/2014,21,190
12/12/2014,22,181
12/12/2014,23,135
12/12/2015,0,135
12/12/2015,1,92
12/12/2015,2,68
12/12/2015,3,25
12/12/2015,4,12
12/12/2015,5,10
12/12/2015,6,22
12/12/2015,7,84
12/12/2015,8,240
12/12/2015,9,371
12/12/2015,10,496
12/12/2015,11,674
12/12/2015,12,766
12/12/2015,13,812
12/12/2015,14,852
12/12/2015,15,905
12/12/2015,16,846
12/12/2015,17,590
12/12/2015,18,435
12/12/2015,19,403
12/12/2015,20,278
12/12/2015,21,239
12/12/2015,22,215
12/12/2015,23,150
12/12/2016,0,14
12/12/2016,1,8
12/12/2016,2,4
12/12/2016,3,3
12/12/2016,4,4
12/12/2016,5,29
12/12/2016,6,126
12/12/2016,7,435
12/12/2016,8,815
12/12/2016,9,442
12/12/2016,10,204
12/12/2016,11,194
12/12/2016,12,276
12/12/2016,13,281
12/12/2016,14,296
12/12/2016,15,365
12/12/2016,16,621
12/12/2016,17,1058
12/12/2016,18,794
12/12/2016,19,448
12/12/2016,20,266
12/12/2016,21,176
12/12/2016,22,110
12/12/2016,23,68
12/12/2017,0,29
12/12/2017,1,13
12/12/2017,2,7
12/12/2017,3,3
12/12/2017,4,8
12/12/2017,5,87
12/12/2017,6,282
12/12/2017,7,718
12/12/2017,8,1214
12/12/2017,9,537
12/12/2017,10,235
12/12/2017,11,268
12/12/2017,12,309
12/12/2017,13,292
12/12/2017,14,255
12/12/2017,15,365
12/12/2017,16,561
12/12/2017,17,940
12/12/2017,18,761
12/12/2017,19,358
12/12/2017,20,216
12/12/2017,21,145
12/12/2017,22,84
12/12/2017,23,38
13/01/2014,0,17
13/01/2014,1,8
13/01/2014,2,9
13/01/2014,3,1
13/01/2014,4,4
13/01/2014,5,36
13/01/2014,6,139
13/01/2014,7,437
13/01/2014,8,819
13/01/2014,9,387
13/01/2014,10,174
13/01/2014,11,217
13/01/2014,12,332
13/01/2014,13,332
13/01/2014,14,261
13/01/2014,15,305
13/01/2014,16,466
13/01/2014,17,850
13/01/2014,18,707
13/01/2014,19,527
13/01/2014,20,345
13/01/2014,21,256
13/01/2014,22,160
13/01/2014,23,72
13/01/2015,0,40
13/01/2015,1,13
13/01/2015,2,4
13/01/2015,4,8
13/01/2015,5,49
13/01/2015,6,129
13/01/2015,7,444
13/01/2015,8,826
13/01/2015,9,414
13/01/2015,10,165
13/01/2015,11,174
13/01/2015,12,186
13/01/2015,13,186
13/01/2015,14,158
13/01/2015,15,197
13/01/2015,16,325
13/01/2015,17,621
13/01/2015,18,580
13/01/2015,19,351
13/01/2015,20,238
13/01/2015,21,203
13/01/2015,22,107
13/01/2015,23,55
13/01/2016,0,14
13/01/2016,1,7
13/01/2016,2,3
13/01/2016,4,6
13/01/2016,5,53
13/01/2016,6,179
13/01/2016,7,455
13/01/2016,8,810
13/01/2016,9,398
13/01/2016,10,174
13/01/2016,11,172
13/01/2016,12,204
13/01/2016,13,191
13/01/2016,14,170
13/01/2016,15,216
13/01/2016,16,363
13/01/2016,17,696
13/01/2016,18,613
13/01/2016,19,353
13/01/2016,20,218
13/01/2016,21,193
13/01/2016,22,82
13/01/2016,23,50
13/01/2017,0,60
13/01/2017,1,43
13/01/2017,2,13
13/01/2017,3,4
13/01/2017,4,10
13/01/2017,5,67
13/01/2017,6,194
13/01/2017,7,603
13/01/2017,8,1054
13/01/2017,9,505
13/01/2017,10,243
13/01/2017,11,301
13/01/2017,12,384
13/01/2017,13,407
13/01/2017,14,432
13/01/2017,15,487
13/01/2017,16,687
13/01/2017,17,898
13/01/2017,18,635
13/01/2017,19,409
13/01/2017,20,197
13/01/2017,21,169
13/01/2017,22,138
13/01/2017,23,91
13/01/2018,0,39
13/01/2018,1,25
13/01/2018,2,30
13/01/2018,3,12
13/01/2018,4,6
13/01/2018,5,7
13/01/2018,6,22
13/01/2018,7,59
13/01/2018,8,139
13/01/2018,9,215
13/01/2018,10,233
13/01/2018,11,324
13/01/2018,12,304
13/01/2018,13,333
13/01/2018,14,368
13/01/2018,15,299
13/01/2018,16,268
13/01/2018,17,204
13/01/2018,18,138
13/01/2018,19,106
13/01/2018,20,97
13/01/2018,21,67
13/01/2018,22,42
13/01/2018,23,41
13/02/2014,0,24
13/02/2014,1,16
13/02/2014,2,7
13/02/2014,3,2
13/02/2014,5,2
13/02/2014,6,1
13/02/2015,0,21
13/02/2015,1,6
13/02/2015,2,3
13/02/2015,3,3
13/02/2015,4,4
13/02/2015,5,26
13/02/2015,6,60
13/02/2015,7,253
13/02/2015,8,510
13/02/2015,9,310
13/02/2015,10,138
13/02/2015,11,139
13/02/2015,12,194
13/02/2015,13,209
13/02/2015,14,156
13/02/2015,15,227
13/02/2015,16,303
13/02/2015,17,456
13/02/2015,18,372
13/02/2015,19,227
13/02/2015,20,174
13/02/2015,21,99
13/02/2015,22,76
13/02/2015,23,44
13/02/2016,0,45
13/02/2016,1,15
13/02/2016,2,17
13/02/2016,3,4
13/02/2016,4,3
13/02/2016,5,3
13/02/2016,6,4
13/02/2016,7,25
13/02/2016,8,42
13/02/2016,9,58
13/02/2016,10,129
13/02/2016,11,106
13/02/2016,12,141
13/02/2016,13,129
13/02/2016,14,119
13/02/2016,15,136
13/02/2016,16,135
13/02/2016,17,121
13/02/2016,18,97
13/02/2016,19,75
13/02/2016,20,56
13/02/2016,21,32
13/02/2016,22,27
13/02/2016,23,16
13/02/2017,0,25
13/02/2017,1,9
13/02/2017,2,2
13/02/2017,3,1
13/02/2017,4,6
13/02/2017,5,50
13/02/2017,6,190
13/02/2017,7,482
13/02/2017,8,754
13/02/2017,9,354
13/02/2017,10,155
13/02/2017,11,155
13/02/2017,12,206
13/02/2017,13,208
13/02/2017,14,232
13/02/2017,15,291
13/02/2017,16,468
13/02/2017,17,893
13/02/2017,18,777
13/02/2017,19,461
13/02/2017,20,290
13/02/2017,21,193
13/02/2017,22,111
13/02/2017,23,51
13/02/2018,0,16
13/02/2018,1,4
13/02/2018,2,4
13/02/2018,3,4
13/02/2018,4,17
13/02/2018,5,83
13/02/2018,6,230
13/02/2018,7,591
13/02/2018,8,1009
13/02/2018,9,503
13/02/2018,10,235
13/02/2018,11,236
13/02/2018,12,294
13/02/2018,13,297
13/02/2018,14,235
13/02/2018,15,312
13/02/2018,16,489
13/02/2018,17,848
13/02/2018,18,741
13/02/2018,19,424
13/02/2018,20,272
13/02/2018,21,197
13/02/2018,22,122
13/02/2018,23,72
13/03/2014,0,11
13/03/2014,1,6
13/03/2014,2,3
13/03/2014,3,1
13/03/2014,4,2
13/03/2014,5,31
13/03/2014,6,84
13/03/2014,7,247
13/03/2014,8,528
13/03/2014,9,293
13/03/2014,10,102
13/03/2014,11,117
13/03/2014,12,131
13/03/2014,13,140
13/03/2014,14,147
13/03/2014,15,160
13/03/2014,16,218
13/03/2014,17,455
13/03/2014,18,494
13/03/2014,19,272
13/03/2014,20,202
13/03/2014,21,162
13/03/2014,22,111
13/03/2014,23,67
13/03/2015,0,42
13/03/2015,1,18
13/03/2015,2,16
13/03/2015,3,1
13/03/2015,4,7
13/03/2015,5,38
13/03/2015,6,147
13/03/2015,7,436
13/03/2015,8,898
13/03/2015,9,474
13/03/2015,10,280
13/03/2015,11,360
13/03/2015,12,438
13/03/2015,13,498
13/03/2015,14,394
13/03/2015,15,413
13/03/2015,16,566
13/03/2015,17,1006
13/03/2015,18,758
13/03/2015,19,437
13/03/2015,20,287
13/03/2015,21,175
13/03/2015,22,142
13/03/2015,23,77
13/03/2016,0,143
13/03/2016,1,121
13/03/2016,3,88
13/03/2016,4,18
13/03/2016,5,8
13/03/2016,6,20
13/03/2016,7,39
13/03/2016,8,136
13/03/2016,9,188
13/03/2016,10,387
13/03/2016,11,515
13/03/2016,12,637
13/03/2016,13,685
13/03/2016,14,738
13/03/2016,15,322
13/03/2016,16,185
13/03/2016,17,266
13/03/2016,18,260
13/03/2016,19,195
13/03/2016,20,117
13/03/2016,21,77
13/03/2016,22,34
13/03/2016,23,15
13/03/2017,0,27
13/03/2017,1,13
13/03/2017,2,2
13/03/2017,3,1
13/03/2017,4,6
13/03/2017,5,62
13/03/2017,6,175
13/03/2017,7,460
13/03/2017,8,839
13/03/2017,9,432
13/03/2017,10,198
13/03/2017,11,198
13/03/2017,12,285
13/03/2017,13,288
13/03/2017,14,314
13/03/2017,15,403
13/03/2017,16,580
13/03/2017,17,909
13/03/2017,18,735
13/03/2017,19,282
13/03/2017,20,144
13/03/2017,21,61
13/03/2017,22,40
13/03/2017,23,16
13/03/2018,0,15
13/03/2018,1,8
13/03/2018,2,4
13/03/2018,3,5
13/03/2018,4,12
13/03/2018,5,56
13/03/2018,6,213
13/03/2018,7,498
13/03/2018,8,968
13/03/2018,9,430
13/03/2018,10,203
13/03/2018,11,196
13/03/2018,12,265
13/03/2018,13,283
13/03/2018,14,273
13/03/2018,15,382
13/03/2018,16,546
13/03/2018,17,1083
13/03/2018,18,840
13/03/2018,19,466
13/03/2018,20,288
13/03/2018,21,216
13/03/2018,22,123
13/03/2018,23,71
13/04/2014,0,195
13/04/2014,1,123
13/04/2014,2,84
13/04/2014,3,45
13/04/2014,4,17
13/04/2014,5,24
13/04/2014,6,59
13/04/2014,7,184
13/04/2014,8,356
13/04/2014,9,647
13/04/2014,10,967
13/04/2014,11,1239
13/04/2014,12,1265
13/04/2014,13,1337
13/04/2014,14,1317
13/04/2014,15,1219
13/04/2014,16,1205
13/04/2014,17,1081
13/04/2014,18,942
13/04/2014,19,819
13/04/2014,20,574
13/04/2014,21,331
13/04/2014,22,248
13/04/2014,23,141
13/04/2015,0,45
13/04/2015,1,14
13/04/2015,2,10
13/04/2015,3,4
13/04/2015,4,3
13/04/2015,5,70
13/04/2015,6,284
13/04/2015,7,738
13/04/2015,8,1096
13/04/2015,9,523
13/04/2015,10,429
13/04/2015,11,478
13/04/2015,12,625
13/04/2015,13,554
13/04/2015,14,626
13/04/2015,15,613
13/04/2015,16,932
13/04/2015,17,1603
13/04/2015,18,1532
13/04/2015,19,1090
13/04/2015,20,651
13/04/2015,21,438
13/04/2015,22,230
13/04/2015,23,108
13/04/2016,0,30
13/04/2016,1,19
13/04/2016,2,7
13/04/2016,3,2
13/04/2016,4,12
13/04/2016,5,71
13/04/2016,6,255
13/04/2016,7,747
13/04/2016,8,1178
13/04/2016,9,538
13/04/2016,10,274
13/04/2016,11,321
13/04/2016,12,406
13/04/2016,13,422
13/04/2016,14,338
13/04/2016,15,434
13/04/2016,16,698
13/04/2016,17,1410
13/04/2016,18,1178
13/04/2016,19,701
13/04/2016,20,424
13/04/2016,21,347
13/04/2016,22,223
13/04/2016,23,96
13/04/2017,0,73
13/04/2017,1,29
13/04/2017,2,17
13/04/2017,3,11
13/04/2017,4,14
13/04/2017,5,91
13/04/2017,6,307
13/04/2017,7,941
13/04/2017,8,1398
13/04/2017,9,676
13/04/2017,10,542
13/04/2017,11,657
13/04/2017,12,791
13/04/2017,13,773
13/04/2017,14,778
13/04/2017,15,859
13/04/2017,16,1226
13/04/2017,17,1858
13/04/2017,18,1631
13/04/2017,19,1049
13/04/2017,20,697
13/04/2017,21,501
13/04/2017,22,351
13/04/2017,23,164
13/04/2018,0,83
13/04/2018,1,48
13/04/2018,2,18
13/04/2018,3,20
13/04/2018,4,19
13/04/2018,5,99
13/04/2018,6,301
13/04/2018,7,751
13/04/2018,8,1227
13/04/2018,9,678
13/04/2018,10,560
13/04/2018,11,674
13/04/2018,12,777
13/04/2018,13,872
13/04/2018,14,992
13/04/2018,15,1146
13/04/2018,16,1401
13/04/2018,17,1981
13/04/2018,18,1505
13/04/2018,19,965
13/04/2018,20,702
13/04/2018,21,489
13/04/2018,22,477
13/04/2018,23,311
13/05/2014,0,39
13/05/2014,1,26
13/05/2014,2,20
13/05/2014,3,4
13/05/2014,4,9
13/05/2014,5,77
13/05/2014,6,268
13/05/2014,7,751
13/05/2014,8,973
13/05/2014,9,462
13/05/2014,10,275
13/05/2014,11,302
13/05/2014,12,424
13/05/2014,13,512
13/05/2014,14,340
13/05/2014,15,362
13/05/2014,16,601
13/05/2014,17,1191
13/05/2014,18,1152
13/05/2014,19,834
13/05/2014,20,568
13/05/2014,21,363
13/05/2014,22,258
13/05/2014,23,119
13/05/2015,0,52
13/05/2015,1,12
13/05/2015,2,5
13/05/2015,3,5
13/05/2015,4,3
13/05/2015,5,88
13/05/2015,6,372
13/05/2015,7,924
13/05/2015,8,1248
13/05/2015,9,561
13/05/2015,10,331
13/05/2015,11,408
13/05/2015,12,492
13/05/2015,13,502
13/05/2015,14,427
13/05/2015,15,503
13/05/2015,16,797
13/05/2015,17,1477
13/05/2015,18,1316
13/05/2015,19,925
13/05/2015,20,573
13/05/2015,21,362
13/05/2015,22,231
13/05/2015,23,166
13/05/2016,0,87
13/05/2016,1,52
13/05/2016,2,25
13/05/2016,3,2
13/05/2016,4,10
13/05/2016,5,69
13/05/2016,6,249
13/05/2016,7,647
13/05/2016,8,1136
13/05/2016,9,506
13/05/2016,10,240
13/05/2016,11,106
13/05/2016,12,189
13/05/2016,13,351
13/05/2016,14,418
13/05/2016,15,546
13/05/2016,16,857
13/05/2016,17,1370
13/05/2016,18,1089
13/05/2016,19,683
13/05/2016,20,484
13/05/2016,21,368
13/05/2016,22,380
13/05/2016,23,242
13/05/2017,0,23
13/05/2017,1,19
13/05/2017,2,10
13/05/2017,3,3
13/05/2017,5,2
13/05/2017,6,20
13/05/2017,7,98
13/05/2017,8,215
13/05/2017,9,376
13/05/2017,10,478
13/05/2017,11,591
13/05/2017,12,693
13/05/2017,13,755
13/05/2017,14,735
13/05/2017,15,726
13/05/2017,16,715
13/05/2017,17,641
13/05/2017,18,577
13/05/2017,19,446
13/05/2017,20,312
13/05/2017,21,252
13/05/2017,22,288
13/05/2017,23,202
13/06/2014,0,102
13/06/2014,1,45
13/06/2014,2,19
13/06/2014,3,3
13/06/2014,4,7
13/06/2014,5,63
13/06/2014,6,247
13/06/2014,7,603
13/06/2014,8,1062
13/06/2014,9,600
13/06/2014,10,353
13/06/2014,11,393
13/06/2014,12,530
13/06/2014,13,299
13/06/2014,14,177
13/06/2014,15,430
13/06/2014,16,623
13/06/2014,17,1204
13/06/2014,18,761
13/06/2014,19,606
13/06/2014,20,477
13/06/2014,21,348
13/06/2014,22,277
13/06/2014,23,228
13/06/2015,0,234
13/06/2015,1,137
13/06/2015,2,80
13/06/2015,3,40
13/06/2015,4,20
13/06/2015,5,19
13/06/2015,6,99
13/06/2015,7,159
13/06/2015,8,359
13/06/2015,9,606
13/06/2015,10,753
13/06/2015,11,888
13/06/2015,12,904
13/06/2015,13,929
13/06/2015,14,846
13/06/2015,15,986
13/06/2015,16,757
13/06/2015,17,749
13/06/2015,18,753
13/06/2015,19,736
13/06/2015,20,610
13/06/2015,21,450
13/06/2015,22,344
13/06/2015,23,310
13/06/2016,0,56
13/06/2016,1,18
13/06/2016,2,21
13/06/2016,3,12
13/06/2016,4,12
13/06/2016,5,98
13/06/2016,6,339
13/06/2016,7,996
13/06/2016,8,1321
13/06/2016,9,600
13/06/2016,10,338
13/06/2016,11,443
13/06/2016,12,582
13/06/2016,13,537
13/06/2016,14,462
13/06/2016,15,639
13/06/2016,16,933
13/06/2016,17,1732
13/06/2016,18,1529
13/06/2016,19,935
13/06/2016,20,644
13/06/2016,21,438
13/06/2016,22,329
13/06/2016,23,147
13/06/2017,0,85
13/06/2017,1,36
13/06/2017,2,14
13/06/2017,3,7
13/06/2017,4,14
13/06/2017,5,117
13/06/2017,6,446
13/06/2017,7,1068
13/06/2017,8,1216
13/06/2017,9,548
13/06/2017,10,338
13/06/2017,11,430
13/06/2017,12,467
13/06/2017,13,452
13/06/2017,14,423
13/06/2017,15,502
13/06/2017,16,775
13/06/2017,17,1567
13/06/2017,18,1381
13/06/2017,19,909
13/06/2017,20,671
13/06/2017,21,507
13/06/2017,22,401
13/06/2017,23,160
13/07/2014,0,248
13/07/2014,1,166
13/07/2014,2,86
13/07/2014,3,41
13/07/2014,4,9
13/07/2014,5,16
13/07/2014,6,30
13/07/2014,7,93
13/07/2014,8,246
13/07/2014,9,462
13/07/2014,10,717
13/07/2014,11,813
13/07/2014,12,876
13/07/2014,13,843
13/07/2014,14,863
13/07/2014,15,571
13/07/2014,16,419
13/07/2014,17,556
13/07/2014,18,792
13/07/2014,19,620
13/07/2014,20,453
13/07/2014,21,296
13/07/2014,22,72
13/07/2014,23,53
13/07/2015,0,70
13/07/2015,1,29
13/07/2015,2,8
13/07/2015,3,3
13/07/2015,4,7
13/07/2015,5,89
13/07/2015,6,304
13/07/2015,7,805
13/07/2015,8,626
13/07/2015,9,434
13/07/2015,10,318
13/07/2015,11,245
13/07/2015,12,314
13/07/2015,13,439
13/07/2015,14,417
13/07/2015,15,540
13/07/2015,16,774
13/07/2015,17,1403
13/07/2015,18,1187
13/07/2015,19,826
13/07/2015,20,630
13/07/2015,21,423
13/07/2015,22,226
13/07/2015,23,107
13/07/2016,0,66
13/07/2016,1,31
13/07/2016,2,9
13/07/2016,3,5
13/07/2016,4,14
13/07/2016,5,130
13/07/2016,6,405
13/07/2016,7,943
13/07/2016,8,1287
13/07/2016,9,582
13/07/2016,10,346
13/07/2016,11,402
13/07/2016,12,448
13/07/2016,13,451
13/07/2016,14,390
13/07/2016,15,496
13/07/2016,16,858
13/07/2016,17,1565
13/07/2016,18,1287
13/07/2016,19,1049
13/07/2016,20,769
13/07/2016,21,462
13/07/2016,22,352
13/07/2016,23,173
13/07/2017,0,92
13/07/2017,1,35
13/07/2017,2,15
13/07/2017,3,4
13/07/2017,4,18
13/07/2017,5,124
13/07/2017,6,427
13/07/2017,7,999
13/07/2017,8,1191
13/07/2017,9,536
13/07/2017,10,359
13/07/2017,11,437
13/07/2017,12,528
13/07/2017,13,480
13/07/2017,14,471
13/07/2017,15,571
13/07/2017,16,842
13/07/2017,17,1450
13/07/2017,18,1264
13/07/2017,19,946
13/07/2017,20,735
13/07/2017,21,505
13/07/2017,22,401
13/07/2017,23,229
13/08/2014,0,37
13/08/2014,1,28
13/08/2014,2,8
13/08/2014,3,7
13/08/2014,4,11
13/08/2014,5,82
13/08/2014,6,270
13/08/2014,7,700
13/08/2014,8,994
13/08/2014,9,491
13/08/2014,10,342
13/08/2014,11,393
13/08/2014,12,495
13/08/2014,13,554
13/08/2014,14,428
13/08/2014,15,436
13/08/2014,16,679
13/08/2014,17,1303
13/08/2014,18,1153
13/08/2014,19,879
13/08/2014,20,646
13/08/2014,21,453
13/08/2014,22,315
13/08/2014,23,178
13/08/2015,0,51
13/08/2015,1,38
13/08/2015,2,24
13/08/2015,3,12
13/08/2015,4,8
13/08/2015,5,92
13/08/2015,6,355
13/08/2015,7,871
13/08/2015,8,1121
13/08/2015,9,579
13/08/2015,10,359
13/08/2015,11,423
13/08/2015,12,521
13/08/2015,13,530
13/08/2015,14,463
13/08/2015,15,624
13/08/2015,16,816
13/08/2015,17,1541
13/08/2015,18,1414
13/08/2015,19,950
13/08/2015,20,627
13/08/2015,21,528
13/08/2015,22,305
13/08/2015,23,183
13/08/2016,0,146
13/08/2016,1,78
13/08/2016,2,70
13/08/2016,3,34
13/08/2016,4,12
13/08/2016,5,17
13/08/2016,6,61
13/08/2016,7,150
13/08/2016,8,338
13/08/2016,9,492
13/08/2016,10,578
13/08/2016,11,673
13/08/2016,12,710
13/08/2016,13,652
13/08/2016,14,613
13/08/2016,15,571
13/08/2016,16,613
13/08/2016,17,538
13/08/2016,18,531
13/08/2016,19,534
13/08/2016,20,445
13/08/2016,21,329
13/08/2016,22,314
13/08/2016,23,218
13/08/2017,0,138
13/08/2017,1,98
13/08/2017,2,70
13/08/2017,3,34
13/08/2017,4,17
13/08/2017,5,26
13/08/2017,6,64
13/08/2017,7,146
13/08/2017,8,285
13/08/2017,9,623
13/08/2017,10,865
13/08/2017,11,1035
13/08/2017,12,1276
13/08/2017,13,1239
13/08/2017,14,1243
13/08/2017,15,1155
13/08/2017,16,1190
13/08/2017,17,1111
13/08/2017,18,952
13/08/2017,19,909
13/08/2017,20,704
13/08/2017,21,438
13/08/2017,22,390
13/08/2017,23,138
13/09/2014,0,202
13/09/2014,1,110
13/09/2014,2,72
13/09/2014,3,49
13/09/2014,4,17
13/09/2014,5,23
13/09/2014,6,43
13/09/2014,7,151
13/09/2014,8,321
13/09/2014,9,534
13/09/2014,10,672
13/09/2014,11,565
13/09/2014,12,523
13/09/2014,13,265
13/09/2014,14,188
13/09/2014,15,460
13/09/2014,16,580
13/09/2014,17,732
13/09/2014,18,777
13/09/2014,19,609
13/09/2014,20,432
13/09/2014,21,349
13/09/2014,22,261
13/09/2014,23,272
13/09/2015,0,169
13/09/2015,1,120
13/09/2015,2,104
13/09/2015,3,48
13/09/2015,4,20
13/09/2015,5,46
13/09/2015,6,51
13/09/2015,7,108
13/09/2015,8,223
13/09/2015,9,442
13/09/2015,10,645
13/09/2015,11,789
13/09/2015,12,934
13/09/2015,13,877
13/09/2015,14,861
13/09/2015,15,858
13/09/2015,16,978
13/09/2015,17,832
13/09/2015,18,824
13/09/2015,19,572
13/09/2015,20,411
13/09/2015,21,235
13/09/2015,22,171
13/09/2015,23,79
13/09/2016,0,42
13/09/2016,1,15
13/09/2016,2,6
13/09/2016,3,3
13/09/2016,4,12
13/09/2016,5,127
13/09/2016,6,405
13/09/2016,7,1136
13/09/2016,8,1250
13/09/2016,9,538
13/09/2016,10,356
13/09/2016,11,364
13/09/2016,12,492
13/09/2016,13,485
13/09/2016,14,452
13/09/2016,15,549
13/09/2016,16,909
13/09/2016,17,1678
13/09/2016,18,1491
13/09/2016,19,914
13/09/2016,20,582
13/09/2016,21,497
13/09/2016,22,364
13/09/2016,23,138
13/09/2017,0,63
13/09/2017,1,23
13/09/2017,2,12
13/09/2017,3,5
13/09/2017,4,10
13/09/2017,5,108
13/09/2017,6,232
13/09/2017,7,530
13/09/2017,8,843
13/09/2017,9,551
13/09/2017,10,351
13/09/2017,11,415
13/09/2017,12,576
13/09/2017,13,548
13/09/2017,14,465
13/09/2017,15,575
13/09/2017,16,996
13/09/2017,17,1781
13/09/2017,18,1392
13/09/2017,19,933
13/09/2017,20,639
13/09/2017,21,440
13/09/2017,22,294
13/09/2017,23,138
13/10/2014,0,82
13/10/2014,1,38
13/10/2014,2,18
13/10/2014,3,9
13/10/2014,4,16
13/10/2014,5,33
13/10/2014,6,96
13/10/2014,7,273
13/10/2014,8,463
13/10/2014,9,367
13/10/2014,10,234
13/10/2014,11,135
13/10/2014,12,283
13/10/2014,13,336
13/10/2014,14,376
13/10/2014,15,389
13/10/2014,16,536
13/10/2014,17,743
13/10/2014,18,771
13/10/2014,19,530
13/10/2014,20,345
13/10/2014,21,229
13/10/2014,22,190
13/10/2014,23,119
13/10/2015,0,61
13/10/2015,1,21
13/10/2015,2,10
13/10/2015,3,2
13/10/2015,4,4
13/10/2015,5,81
13/10/2015,6,321
13/10/2015,7,860
13/10/2015,8,1192
13/10/2015,9,459
13/10/2015,10,296
13/10/2015,11,349
13/10/2015,12,461
13/10/2015,13,449
13/10/2015,14,384
13/10/2015,15,488
13/10/2015,16,734
13/10/2015,17,1512
13/10/2015,18,1076
13/10/2015,19,704
13/10/2015,20,515
13/10/2015,21,371
13/10/2015,22,238
13/10/2015,23,215
13/10/2016,0,50
13/10/2016,1,17
13/10/2016,2,9
13/10/2016,3,11
13/10/2016,4,12
13/10/2016,5,79
13/10/2016,6,293
13/10/2016,7,933
13/10/2016,8,1306
13/10/2016,9,580
13/10/2016,10,344
13/10/2016,11,404
13/10/2016,12,559
13/10/2016,13,477
13/10/2016,14,477
13/10/2016,15,585
13/10/2016,16,961
13/10/2016,17,1673
13/10/2016,18,1459
13/10/2016,19,795
13/10/2016,20,485
13/10/2016,21,357
13/10/2016,22,241
13/10/2016,23,132
13/10/2017,0,187
13/10/2017,1,323
13/10/2017,2,69
13/10/2017,3,19
13/10/2017,4,14
13/10/2017,5,87
13/10/2017,6,304
13/10/2017,7,802
13/10/2017,8,1348
13/10/2017,9,639
13/10/2017,10,467
13/10/2017,11,516
13/10/2017,12,614
13/10/2017,13,661
13/10/2017,14,647
13/10/2017,15,791
13/10/2017,16,1121
13/10/2017,17,1345
13/10/2017,18,775
13/10/2017,19,478
13/10/2017,20,342
13/10/2017,21,306
13/10/2017,22,292
13/10/2017,23,222
13/11/2014,0,26
13/11/2014,1,12
13/11/2014,2,3
13/11/2014,3,4
13/11/2014,4,8
13/11/2014,5,64
13/11/2014,6,245
13/11/2014,7,682
13/11/2014,8,1098
13/11/2014,9,448
13/11/2014,10,250
13/11/2014,11,242
13/11/2014,12,357
13/11/2014,13,297
13/11/2014,14,283
13/11/2014,15,313
13/11/2014,16,516
13/11/2014,17,848
13/11/2014,18,555
13/11/2014,19,271
13/11/2014,20,198
13/11/2014,21,180
13/11/2014,22,123
13/11/2014,23,101
13/11/2015,0,59
13/11/2015,1,25
13/11/2015,2,8
13/11/2015,3,2
13/11/2015,4,5
13/11/2015,5,76
13/11/2015,6,258
13/11/2015,7,721
13/11/2015,8,1178
13/11/2015,9,565
13/11/2015,10,304
13/11/2015,11,395
13/11/2015,12,503
13/11/2015,13,450
13/11/2015,14,451
13/11/2015,15,475
13/11/2015,16,751
13/11/2015,17,1043
13/11/2015,18,752
13/11/2015,19,451
13/11/2015,20,290
13/11/2015,21,226
13/11/2015,22,159
13/11/2015,23,115
13/11/2016,0,71
13/11/2016,1,71
13/11/2016,2,47
13/11/2016,3,21
13/11/2016,4,12
13/11/2016,5,5
13/11/2016,6,25
13/11/2016,7,113
13/11/2016,8,164
13/11/2016,9,365
13/11/2016,10,546
13/11/2016,11,647
13/11/2016,12,797
13/11/2016,13,878
13/11/2016,14,881
13/11/2016,15,983
13/11/2016,16,795
13/11/2016,17,576
13/11/2016,18,397
13/11/2016,19,282
13/11/2016,20,210
13/11/2016,21,141
13/11/2016,22,84
13/11/2016,23,44
13/11/2017,0,10
13/11/2017,1,11
13/11/2017,2,6
13/11/2017,4,9
13/11/2017,5,65
13/11/2017,6,260
13/11/2017,7,691
13/11/2017,8,987
13/11/2017,9,495
13/11/2017,10,280
13/11/2017,11,323
13/11/2017,12,400
13/11/2017,13,410
13/11/2017,14,386
13/11/2017,15,476
13/11/2017,16,717
13/11/2017,17,1186
13/11/2017,18,921
13/11/2017,19,574
13/11/2017,20,358
13/11/2017,21,274
13/11/2017,22,166
13/11/2017,23,55
13/12/2014,0,103
13/12/2014,1,78
13/12/2014,2,49
13/12/2014,3,21
13/12/2014,4,8
13/12/2014,5,9
13/12/2014,6,19
13/12/2014,7,60
13/12/2014,8,155
13/12/2014,9,258
13/12/2014,10,359
13/12/2014,11,430
13/12/2014,12,454
13/12/2014,13,559
13/12/2014,14,519
13/12/2014,15,521
13/12/2014,16,432
13/12/2014,17,428
13/12/2014,18,288
13/12/2014,19,248
13/12/2014,20,200
13/12/2014,21,167
13/12/2014,22,153
13/12/2014,23,105
13/12/2015,0,149
13/12/2015,1,149
13/12/2015,2,90
13/12/2015,3,30
13/12/2015,4,7
13/12/2015,5,10
13/12/2015,6,20
13/12/2015,7,55
13/12/2015,8,175
13/12/2015,9,298
13/12/2015,10,458
13/12/2015,11,643
13/12/2015,12,710
13/12/2015,13,805
13/12/2015,14,806
13/12/2015,15,841
13/12/2015,16,782
13/12/2015,17,563
13/12/2015,18,448
13/12/2015,19,334
13/12/2015,20,249
13/12/2015,21,195
13/12/2015,22,146
13/12/2015,23,71
13/12/2016,0,32
13/12/2016,1,11
13/12/2016,2,6
13/12/2016,3,2
13/12/2016,4,6
13/12/2016,5,68
13/12/2016,6,237
13/12/2016,7,709
13/12/2016,8,1061
13/12/2016,9,496
13/12/2016,10,210
13/12/2016,11,251
13/12/2016,12,285
13/12/2016,13,284
13/12/2016,14,272
13/12/2016,15,338
13/12/2016,16,558
13/12/2016,17,992
13/12/2016,18,767
13/12/2016,19,463
13/12/2016,20,288
13/12/2016,21,185
13/12/2016,22,149
13/12/2016,23,73
13/12/2017,0,21
13/12/2017,1,6
13/12/2017,2,7
13/12/2017,3,5
13/12/2017,4,6
13/12/2017,5,52
13/12/2017,6,197
13/12/2017,7,461
13/12/2017,8,848
13/12/2017,9,385
13/12/2017,10,177
13/12/2017,11,163
13/12/2017,12,199
13/12/2017,13,198
13/12/2017,14,201
13/12/2017,15,259
13/12/2017,16,427
13/12/2017,17,742
13/12/2017,18,576
13/12/2017,19,343
13/12/2017,20,205
13/12/2017,21,180
13/12/2017,22,122
13/12/2017,23,74
14/01/2014,0,32
14/01/2014,1,11
14/01/2014,2,2
14/01/2014,3,2
14/01/2014,4,3
14/01/2014,5,45
14/01/2014,6,140
14/01/2014,7,304
14/01/2014,8,769
14/01/2014,9,347
14/01/2014,10,108
14/01/2014,11,61
14/01/2014,12,48
14/01/2014,13,44
14/01/2014,14,80
14/01/2014,15,175
14/01/2014,16,317
14/01/2014,17,638
14/01/2014,18,677
14/01/2014,19,448
14/01/2014,20,317
14/01/2014,21,236
14/01/2014,22,178
14/01/2014,23,77
14/01/2015,0,28
14/01/2015,1,13
14/01/2015,2,3
14/01/2015,3,1
14/01/2015,4,2
14/01/2015,5,30
14/01/2015,6,85
14/01/2015,7,294
14/01/2015,8,478
14/01/2015,9,326
14/01/2015,10,160
14/01/2015,11,158
14/01/2015,12,177
14/01/2015,13,169
14/01/2015,14,143
14/01/2015,15,175
14/01/2015,16,315
14/01/2015,17,580
14/01/2015,18,551
14/01/2015,19,328
14/01/2015,20,211
14/01/2015,21,168
14/01/2015,22,113
14/01/2015,23,47
14/01/2016,0,25
14/01/2016,1,9
14/01/2016,2,4
14/01/2016,3,1
14/01/2016,4,3
14/01/2016,5,49
14/01/2016,6,187
14/01/2016,7,514
14/01/2016,8,883
14/01/2016,9,426
14/01/2016,10,155
14/01/2016,11,194
14/01/2016,12,284
14/01/2016,13,265
14/01/2016,14,241
14/01/2016,15,333
14/01/2016,16,483
14/01/2016,17,937
14/01/2016,18,797
14/01/2016,19,493
14/01/2016,20,382
14/01/2016,21,249
14/01/2016,22,152
14/01/2016,23,98
14/01/2017,0,64
14/01/2017,1,55
14/01/2017,2,37
14/01/2017,3,12
14/01/2017,4,4
14/01/2017,5,5
14/01/2017,6,21
14/01/2017,7,44
14/01/2017,8,75
14/01/2017,9,125
14/01/2017,10,144
14/01/2017,11,175
14/01/2017,12,135
14/01/2017,13,103
14/01/2017,14,145
14/01/2017,15,202
14/01/2017,16,113
14/01/2017,17,76
14/01/2017,18,63
14/01/2017,19,51
14/01/2017,20,42
14/01/2017,21,54
14/01/2017,22,57
14/01/2017,23,62
14/01/2018,0,33
14/01/2018,1,27
14/01/2018,2,8
14/01/2018,3,8
14/01/2018,4,5
14/01/2018,5,3
14/01/2018,6,12
14/01/2018,7,32
14/01/2018,8,51
14/01/2018,9,96
14/01/2018,10,166
14/01/2018,11,229
14/01/2018,12,237
14/01/2018,13,224
14/01/2018,14,209
14/01/2018,15,251
14/01/2018,16,198
14/01/2018,17,157
14/01/2018,18,134
14/01/2018,19,75
14/01/2018,20,60
14/01/2018,21,57
14/01/2018,22,43
14/01/2018,23,25
14/02/2014,10,3
14/02/2014,11,100
14/02/2014,12,100
14/02/2014,13,126
14/02/2014,14,124
14/02/2014,15,183
14/02/2014,16,219
14/02/2014,17,336
14/02/2014,18,272
14/02/2014,19,160
14/02/2014,20,96
14/02/2014,21,70
14/02/2014,22,72
14/02/2014,23,50
14/02/2015,0,44
14/02/2015,1,39
14/02/2015,2,23
14/02/2015,3,6
14/02/2015,4,3
14/02/2015,5,2
14/02/2015,6,11
14/02/2015,7,35
14/02/2015,8,115
14/02/2015,9,151
14/02/2015,10,221
14/02/2015,11,245
14/02/2015,12,245
14/02/2015,13,266
14/02/2015,14,281
14/02/2015,15,342
14/02/2015,16,314
14/02/2015,17,286
14/02/2015,18,162
14/02/2015,19,50
14/02/2015,20,25
14/02/2015,21,27
14/02/2015,22,26
14/02/2015,23,14
14/02/2016,0,23
14/02/2016,1,16
14/02/2016,2,9
14/02/2016,3,4
14/02/2016,4,1
14/02/2016,5,3
14/02/2016,6,3
14/02/2016,7,17
14/02/2016,8,38
14/02/2016,9,73
14/02/2016,10,116
14/02/2016,11,127
14/02/2016,12,164
14/02/2016,13,192
14/02/2016,14,162
14/02/2016,15,166
14/02/2016,16,174
14/02/2016,17,174
14/02/2016,18,128
14/02/2016,19,95
14/02/2016,20,68
14/02/2016,21,47
14/02/2016,22,32
14/02/2016,23,19
14/02/2017,0,22
14/02/2017,1,10
14/02/2017,2,2
14/02/2017,3,3
14/02/2017,4,5
14/02/2017,5,65
14/02/2017,6,251
14/02/2017,7,636
14/02/2017,8,957
14/02/2017,9,435
14/02/2017,10,203
14/02/2017,11,203
14/02/2017,12,259
14/02/2017,13,237
14/02/2017,14,227
14/02/2017,15,353
14/02/2017,16,571
14/02/2017,17,1095
14/02/2017,18,828
14/02/2017,19,431
14/02/2017,20,251
14/02/2017,21,208
14/02/2017,22,114
14/02/2017,23,43
14/02/2018,0,28
14/02/2018,1,6
14/02/2018,3,7
14/02/2018,4,15
14/02/2018,5,66
14/02/2018,6,253
14/02/2018,7,643
14/02/2018,8,1049
14/02/2018,9,490
14/02/2018,10,236
14/02/2018,11,241
14/02/2018,12,320
14/02/2018,13,320
14/02/2018,14,291
14/02/2018,15,419
14/02/2018,16,638
14/02/2018,17,1118
14/02/2018,18,755
14/02/2018,19,462
14/02/2018,20,279
14/02/2018,21,214
14/02/2018,22,145
14/02/2018,23,45
14/03/2014,0,32
14/03/2014,1,13
14/03/2014,2,7
14/03/2014,3,1
14/03/2014,4,4
14/03/2014,5,38
14/03/2014,6,104
14/03/2014,7,278
14/03/2014,8,708
14/03/2014,9,376
14/03/2014,10,177
14/03/2014,11,206
14/03/2014,12,292
14/03/2014,13,343
14/03/2014,14,360
14/03/2014,15,434
14/03/2014,16,546
14/03/2014,17,863
14/03/2014,18,771
14/03/2014,19,497
14/03/2014,20,310
14/03/2014,21,271
14/03/2014,22,187
14/03/2014,23,131
14/03/2015,0,43
14/03/2015,1,41
14/03/2015,2,12
14/03/2015,3,7
14/03/2015,4,1
14/03/2015,5,5
14/03/2015,6,68
14/03/2015,7,66
14/03/2015,8,95
14/03/2015,9,111
14/03/2015,10,128
14/03/2015,11,144
14/03/2015,12,204
14/03/2015,13,360
14/03/2015,14,398
14/03/2015,15,333
14/03/2015,16,144
14/03/2015,17,269
14/03/2015,18,284
14/03/2015,19,233
14/03/2015,20,195
14/03/2015,21,151
14/03/2015,22,137
14/03/2015,23,118
14/03/2016,0,6
14/03/2016,1,6
14/03/2016,2,2
14/03/2016,4,5
14/03/2016,5,39
14/03/2016,6,166
14/03/2016,7,397
14/03/2016,8,850
14/03/2016,9,574
14/03/2016,10,234
14/03/2016,11,259
14/03/2016,12,280
14/03/2016,13,300
14/03/2016,14,278
14/03/2016,15,342
14/03/2016,16,534
14/03/2016,17,1113
14/03/2016,18,1001
14/03/2016,19,578
14/03/2016,20,286
14/03/2016,21,205
14/03/2016,22,142
14/03/2016,23,74
14/03/2017,0,3
14/03/2017,1,4
14/03/2017,2,1
14/03/2017,4,1
14/03/2017,5,2
14/03/2017,6,6
14/03/2017,7,16
14/03/2017,8,28
14/03/2017,9,50
14/03/2017,10,75
14/03/2017,11,93
14/03/2017,12,71
14/03/2017,13,80
14/03/2017,14,67
14/03/2017,15,99
14/03/2017,16,141
14/03/2017,17,239
14/03/2017,18,252
14/03/2017,19,156
14/03/2017,20,82
14/03/2017,21,59
14/03/2017,22,40
14/03/2017,23,18
14/03/2018,0,23
14/03/2018,1,6
14/03/2018,2,5
14/03/2018,3,4
14/03/2018,4,17
14/03/2018,5,67
14/03/2018,6,214
14/03/2018,7,533
14/03/2018,8,964
14/03/2018,9,442
14/03/2018,10,200
14/03/2018,11,227
14/03/2018,12,263
14/03/2018,13,222
14/03/2018,14,212
14/03/2018,15,308
14/03/2018,16,496
14/03/2018,17,944
14/03/2018,18,728
14/03/2018,19,436
14/03/2018,20,256
14/03/2018,21,155
14/03/2018,22,102
14/03/2018,23,42
14/04/2014,0,62
14/04/2014,1,27
14/04/2014,2,2
14/04/2014,3,1
14/04/2014,4,8
14/04/2014,5,54
14/04/2014,6,218
14/04/2014,7,632
14/04/2014,8,896
14/04/2014,9,508
14/04/2014,10,387
14/04/2014,11,474
14/04/2014,12,553
14/04/2014,13,563
14/04/2014,14,517
14/04/2014,15,599
14/04/2014,16,796
14/04/2014,17,1284
14/04/2014,18,1124
14/04/2014,19,690
14/04/2014,20,488
14/04/2014,21,373
14/04/2014,22,194
14/04/2014,23,124
14/04/2015,0,29
14/04/2015,1,10
14/04/2015,2,10
14/04/2015,3,1
14/04/2015,4,5
14/04/2015,5,51
14/04/2015,6,71
14/04/2015,7,149
14/04/2015,8,467
14/04/2015,9,310
14/04/2015,10,146
14/04/2015,11,170
14/04/2015,12,138
14/04/2015,13,97
14/04/2015,14,68
14/04/2015,15,76
14/04/2015,16,123
14/04/2015,17,339
14/04/2015,18,518
14/04/2015,19,394
14/04/2015,20,240
14/04/2015,21,206
14/04/2015,22,130
14/04/2015,23,77
14/04/2016,0,25
14/04/2016,1,21
14/04/2016,2,10
14/04/2016,3,2
14/04/2016,4,8
14/04/2016,5,56
14/04/2016,6,237
14/04/2016,7,710
14/04/2016,8,1197
14/04/2016,9,545
14/04/2016,10,292
14/04/2016,11,369
14/04/2016,12,423
14/04/2016,13,458
14/04/2016,14,453
14/04/2016,15,526
14/04/2016,16,725
14/04/2016,17,1393
14/04/2016,18,1185
14/04/2016,19,711
14/04/2016,20,485
14/04/2016,21,331
14/04/2016,22,241
14/04/2016,23,120
14/04/2017,0,80
14/04/2017,1,30
14/04/2017,2,21
14/04/2017,3,3
14/04/2017,4,15
14/04/2017,5,67
14/04/2017,6,245
14/04/2017,7,757
14/04/2017,8,1156
14/04/2017,9,769
14/04/2017,10,638
14/04/2017,11,871
14/04/2017,12,991
14/04/2017,13,1054
14/04/2017,14,1240
14/04/2017,15,1256
14/04/2017,16,1442
14/04/2017,17,1655
14/04/2017,18,1206
14/04/2017,19,1002
14/04/2017,20,600
14/04/2017,21,391
14/04/2017,22,337
14/04/2017,23,212
14/04/2018,0,230
14/04/2018,1,143
14/04/2018,2,92
14/04/2018,3,50
14/04/2018,4,32
14/04/2018,5,27
14/04/2018,6,83
14/04/2018,7,191
14/04/2018,8,415
14/04/2018,9,797
14/04/2018,10,1074
14/04/2018,11,1395
14/04/2018,12,1636
14/04/2018,13,1754
14/04/2018,14,1620
14/04/2018,15,1796
14/04/2018,16,1641
14/04/2018,17,1560
14/04/2018,18,1296
14/04/2018,19,1135
14/04/2018,20,774
14/04/2018,21,643
14/04/2018,22,399
14/04/2018,23,330
14/05/2014,0,53
14/05/2014,1,34
14/05/2014,2,12
14/05/2014,3,3
14/05/2014,4,8
14/05/2014,5,64
14/05/2014,6,246
14/05/2014,7,649
14/05/2014,8,985
14/05/2014,9,507
14/05/2014,10,299
14/05/2014,11,327
14/05/2014,12,391
14/05/2014,13,431
14/05/2014,14,427
14/05/2014,15,413
14/05/2014,16,664
14/05/2014,17,1194
14/05/2014,18,1084
14/05/2014,19,695
14/05/2014,20,489
14/05/2014,21,341
14/05/2014,22,268
14/05/2014,23,137
14/05/2015,0,85
14/05/2015,1,50
14/05/2015,2,22
14/05/2015,3,4
14/05/2015,4,9
14/05/2015,5,71
14/05/2015,6,307
14/05/2015,7,909
14/05/2015,8,1269
14/05/2015,9,539
14/05/2015,10,354
14/05/2015,11,430
14/05/2015,12,585
14/05/2015,13,558
14/05/2015,14,524
14/05/2015,15,633
14/05/2015,16,913
14/05/2015,17,1575
14/05/2015,18,1386
14/05/2015,19,862
14/05/2015,20,665
14/05/2015,21,393
14/05/2015,22,302
14/05/2015,23,172
14/05/2016,0,147
14/05/2016,1,102
14/05/2016,2,60
14/05/2016,3,33
14/05/2016,4,9
14/05/2016,5,10
14/05/2016,6,44
14/05/2016,7,119
14/05/2016,8,330
14/05/2016,9,626
14/05/2016,10,810
14/05/2016,11,1038
14/05/2016,12,1155
14/05/2016,13,1084
14/05/2016,14,919
14/05/2016,15,246
14/05/2016,16,153
14/05/2016,17,417
14/05/2016,18,642
14/05/2016,19,468
14/05/2016,20,374
14/05/2016,21,269
14/05/2016,22,185
14/05/2016,23,149
14/05/2017,0,154
14/05/2017,1,122
14/05/2017,2,83
14/05/2017,3,37
14/05/2017,4,12
14/05/2017,5,24
14/05/2017,6,45
14/05/2017,7,106
14/05/2017,8,222
14/05/2017,9,450
14/05/2017,10,773
14/05/2017,11,1001
14/05/2017,12,1216
14/05/2017,13,1179
14/05/2017,14,1235
14/05/2017,15,1232
14/05/2017,16,1154
14/05/2017,17,1048
14/05/2017,18,904
14/05/2017,19,692
14/05/2017,20,491
14/05/2017,21,345
14/05/2017,22,228
14/05/2017,23,113
14/06/2014,0,165
14/06/2014,1,105
14/06/2014,2,67
14/06/2014,3,32
14/06/2014,4,14
14/06/2014,5,13
14/06/2014,6,92
14/06/2014,7,192
14/06/2014,8,306
14/06/2014,9,556
14/06/2014,10,665
14/06/2014,11,850
14/06/2014,12,874
14/06/2014,13,884
14/06/2014,14,1031
14/06/2014,15,975
14/06/2014,16,920
14/06/2014,17,1022
14/06/2014,18,736
14/06/2014,19,590
14/06/2014,20,686
14/06/2014,21,454
14/06/2014,22,336
14/06/2014,23,329
14/06/2015,0,237
14/06/2015,1,146
14/06/2015,2,108
14/06/2015,3,65
14/06/2015,4,19
14/06/2015,5,16
14/06/2015,6,35
14/06/2015,7,103
14/06/2015,8,244
14/06/2015,9,504
14/06/2015,10,722
14/06/2015,11,845
14/06/2015,12,956
14/06/2015,13,859
14/06/2015,14,849
14/06/2015,15,846
14/06/2015,16,708
14/06/2015,17,248
14/06/2015,18,401
14/06/2015,19,504
14/06/2015,20,473
14/06/2015,21,263
14/06/2015,22,236
14/06/2015,23,128
14/06/2016,0,65
14/06/2016,1,13
14/06/2016,2,15
14/06/2016,3,7
14/06/2016,4,12
14/06/2016,5,106
14/06/2016,6,412
14/06/2016,7,1029
14/06/2016,8,1524
14/06/2016,9,607
14/06/2016,10,385
14/06/2016,11,463
14/06/2016,12,566
14/06/2016,13,506
14/06/2016,14,472
14/06/2016,15,586
14/06/2016,16,980
14/06/2016,17,1838
14/06/2016,18,1590
14/06/2016,19,1001
14/06/2016,20,709
14/06/2016,21,469
14/06/2016,22,434
14/06/2016,23,160
14/06/2017,0,64
14/06/2017,1,34
14/06/2017,2,17
14/06/2017,3,9
14/06/2017,4,18
14/06/2017,5,116
14/06/2017,6,403
14/06/2017,7,1040
14/06/2017,8,1250
14/06/2017,9,594
14/06/2017,10,283
14/06/2017,11,438
14/06/2017,12,592
14/06/2017,13,469
14/06/2017,14,499
14/06/2017,15,579
14/06/2017,16,903
14/06/2017,17,1598
14/06/2017,18,1437
14/06/2017,19,1039
14/06/2017,20,750
14/06/2017,21,536
14/06/2017,22,367
14/06/2017,23,172
14/07/2014,0,28
14/07/2014,1,11
14/07/2014,2,14
14/07/2014,3,3
14/07/2014,4,12
14/07/2014,5,49
14/07/2014,6,283
14/07/2014,7,673
14/07/2014,8,936
14/07/2014,9,460
14/07/2014,10,311
14/07/2014,11,339
14/07/2014,12,409
14/07/2014,13,341
14/07/2014,14,344
14/07/2014,15,392
14/07/2014,16,541
14/07/2014,17,521
14/07/2014,18,839
14/07/2014,19,709
14/07/2014,20,560
14/07/2014,21,388
14/07/2014,22,252
14/07/2014,23,124
14/07/2015,0,102
14/07/2015,1,29
14/07/2015,2,10
14/07/2015,3,11
14/07/2015,4,15
14/07/2015,5,99
14/07/2015,6,349
14/07/2015,7,883
14/07/2015,8,1148
14/07/2015,9,463
14/07/2015,10,358
14/07/2015,11,356
14/07/2015,12,490
14/07/2015,13,472
14/07/2015,14,401
14/07/2015,15,445
14/07/2015,16,701
14/07/2015,17,1433
14/07/2015,18,1323
14/07/2015,19,937
14/07/2015,20,640
14/07/2015,21,425
14/07/2015,22,306
14/07/2015,23,195
14/07/2016,0,74
14/07/2016,1,39
14/07/2016,2,18
14/07/2016,3,4
14/07/2016,4,15
14/07/2016,5,97
14/07/2016,6,360
14/07/2016,7,926
14/07/2016,8,1174
14/07/2016,9,593
14/07/2016,10,403
14/07/2016,11,396
14/07/2016,12,440
14/07/2016,13,438
14/07/2016,14,408
14/07/2016,15,488
14/07/2016,16,784
14/07/2016,17,1410
14/07/2016,18,1265
14/07/2016,19,892
14/07/2016,20,713
14/07/2016,21,536
14/07/2016,22,392
14/07/2016,23,221
14/07/2017,0,95
14/07/2017,1,58
14/07/2017,2,34
14/07/2017,3,9
14/07/2017,4,18
14/07/2017,5,106
14/07/2017,6,362
14/07/2017,7,822
14/07/2017,8,1161
14/07/2017,9,548
14/07/2017,10,424
14/07/2017,11,479
14/07/2017,12,613
14/07/2017,13,602
14/07/2017,14,519
14/07/2017,15,718
14/07/2017,16,616
14/07/2017,17,637
14/07/2017,18,417
14/07/2017,19,499
14/07/2017,20,518
14/07/2017,21,431
14/07/2017,22,352
14/07/2017,23,274
14/08/2014,0,72
14/08/2014,1,36
14/08/2014,2,15
14/08/2014,3,12
14/08/2014,4,7
14/08/2014,5,72
14/08/2014,6,264
14/08/2014,7,633
14/08/2014,8,995
14/08/2014,9,525
14/08/2014,10,369
14/08/2014,11,413
14/08/2014,12,507
14/08/2014,13,537
14/08/2014,14,452
14/08/2014,15,500
14/08/2014,16,721
14/08/2014,17,1249
14/08/2014,18,1196
14/08/2014,19,838
14/08/2014,20,597
14/08/2014,21,467
14/08/2014,22,349
14/08/2014,23,180
14/08/2015,0,117
14/08/2015,1,45
14/08/2015,2,20
14/08/2015,3,7
14/08/2015,4,10
14/08/2015,5,78
14/08/2015,6,291
14/08/2015,7,729
14/08/2015,8,1138
14/08/2015,9,649
14/08/2015,10,411
14/08/2015,11,495
14/08/2015,12,682
14/08/2015,13,659
14/08/2015,14,606
14/08/2015,15,700
14/08/2015,16,989
14/08/2015,17,1444
14/08/2015,18,1085
14/08/2015,19,736
14/08/2015,20,559
14/08/2015,21,457
14/08/2015,22,334
14/08/2015,23,308
14/08/2016,0,181
14/08/2016,1,99
14/08/2016,2,65
14/08/2016,3,40
14/08/2016,4,24
14/08/2016,5,9
14/08/2016,6,52
14/08/2016,7,102
14/08/2016,8,214
14/08/2016,9,365
14/08/2016,10,554
14/08/2016,11,680
14/08/2016,12,608
14/08/2016,13,630
14/08/2016,14,577
14/08/2016,15,578
14/08/2016,16,556
14/08/2016,17,525
14/08/2016,18,511
14/08/2016,19,443
14/08/2016,20,333
14/08/2016,21,245
14/08/2016,22,201
14/08/2016,23,116
14/08/2017,0,64
14/08/2017,1,32
14/08/2017,2,14
14/08/2017,3,6
14/08/2017,4,10
14/08/2017,5,79
14/08/2017,6,334
14/08/2017,7,778
14/08/2017,8,1101
14/08/2017,9,645
14/08/2017,10,456
14/08/2017,11,573
14/08/2017,12,726
14/08/2017,13,598
14/08/2017,14,591
14/08/2017,15,726
14/08/2017,16,1060
14/08/2017,17,1593
14/08/2017,18,1301
14/08/2017,19,921
14/08/2017,20,614
14/08/2017,21,495
14/08/2017,22,304
14/08/2017,23,159
14/09/2014,0,210
14/09/2014,1,176
14/09/2014,2,131
14/09/2014,3,74
14/09/2014,4,25
14/09/2014,5,20
14/09/2014,6,70
14/09/2014,7,99
14/09/2014,8,272
14/09/2014,9,479
14/09/2014,10,735
14/09/2014,11,923
14/09/2014,12,1040
14/09/2014,13,1033
14/09/2014,14,1015
14/09/2014,15,1034
14/09/2014,16,1073
14/09/2014,17,958
14/09/2014,18,887
14/09/2014,19,671
14/09/2014,20,403
14/09/2014,21,290
14/09/2014,22,195
14/09/2014,23,98
14/09/2015,0,46
14/09/2015,1,17
14/09/2015,2,8
14/09/2015,3,5
14/09/2015,4,12
14/09/2015,5,84
14/09/2015,6,315
14/09/2015,7,867
14/09/2015,8,1074
14/09/2015,9,508
14/09/2015,10,285
14/09/2015,11,366
14/09/2015,12,436
14/09/2015,13,461
14/09/2015,14,475
14/09/2015,15,498
14/09/2015,16,788
14/09/2015,17,1513
14/09/2015,18,1411
14/09/2015,19,859
14/09/2015,20,455
14/09/2015,21,356
14/09/2015,22,208
14/09/2015,23,109
14/09/2016,0,67
14/09/2016,1,23
14/09/2016,2,10
14/09/2016,3,9
14/09/2016,4,20
14/09/2016,5,113
14/09/2016,6,434
14/09/2016,7,1148
14/09/2016,8,1248
14/09/2016,9,507
14/09/2016,10,306
14/09/2016,11,366
14/09/2016,12,519
14/09/2016,13,432
14/09/2016,14,429
14/09/2016,15,542
14/09/2016,16,845
14/09/2016,17,1565
14/09/2016,18,1404
14/09/2016,19,1016
14/09/2016,20,633
14/09/2016,21,446
14/09/2016,22,297
14/09/2016,23,146
14/09/2017,0,58
14/09/2017,1,22
14/09/2017,2,19
14/09/2017,3,6
14/09/2017,4,15
14/09/2017,5,93
14/09/2017,6,368
14/09/2017,7,950
14/09/2017,8,1471
14/09/2017,9,653
14/09/2017,10,404
14/09/2017,11,442
14/09/2017,12,560
14/09/2017,13,603
14/09/2017,14,594
14/09/2017,15,681
14/09/2017,16,1044
14/09/2017,17,1734
14/09/2017,18,1342
14/09/2017,19,812
14/09/2017,20,591
14/09/2017,21,424
14/09/2017,22,213
14/09/2017,23,120
14/10/2014,0,49
14/10/2014,1,25
14/10/2014,2,11
14/10/2014,3,6
14/10/2014,4,12
14/10/2014,5,79
14/10/2014,6,296
14/10/2014,7,767
14/10/2014,8,1089
14/10/2014,9,509
14/10/2014,10,321
14/10/2014,11,350
14/10/2014,12,427
14/10/2014,13,475
14/10/2014,14,490
14/10/2014,15,542
14/10/2014,16,726
14/10/2014,17,1370
14/10/2014,18,1237
14/10/2014,19,800
14/10/2014,20,530
14/10/2014,21,374
14/10/2014,22,279
14/10/2014,23,136
14/10/2015,0,73
14/10/2015,1,22
14/10/2015,2,17
14/10/2015,3,17
14/10/2015,4,12
14/10/2015,5,102
14/10/2015,6,351
14/10/2015,7,901
14/10/2015,8,1321
14/10/2015,9,546
14/10/2015,10,300
14/10/2015,11,347
14/10/2015,12,453
14/10/2015,13,412
14/10/2015,14,363
14/10/2015,15,516
14/10/2015,16,810
14/10/2015,17,1500
14/10/2015,18,1322
14/10/2015,19,799
14/10/2015,20,499
14/10/2015,21,349
14/10/2015,22,254
14/10/2015,23,120
14/10/2016,0,220
14/10/2016,1,165
14/10/2016,2,26
14/10/2016,3,16
14/10/2016,4,19
14/10/2016,5,57
14/10/2016,6,234
14/10/2016,7,746
14/10/2016,8,1187
14/10/2016,9,674
14/10/2016,10,431
14/10/2016,11,541
14/10/2016,12,544
14/10/2016,13,662
14/10/2016,14,681
14/10/2016,15,743
14/10/2016,16,1116
14/10/2016,17,1504
14/10/2016,18,1139
14/10/2016,19,620
14/10/2016,20,435
14/10/2016,21,319
14/10/2016,22,226
14/10/2016,23,166
14/10/2017,0,180
14/10/2017,1,133
14/10/2017,2,127
14/10/2017,3,53
14/10/2017,4,31
14/10/2017,5,17
14/10/2017,6,71
14/10/2017,7,177
14/10/2017,8,394
14/10/2017,9,594
14/10/2017,10,790
14/10/2017,11,959
14/10/2017,12,1055
14/10/2017,13,1152
14/10/2017,14,1245
14/10/2017,15,1210
14/10/2017,16,1208
14/10/2017,17,1201
14/10/2017,18,999
14/10/2017,19,626
14/10/2017,20,538
14/10/2017,21,407
14/10/2017,22,343
14/10/2017,23,305
14/11/2014,0,48
14/11/2014,1,18
14/11/2014,2,7
14/11/2014,3,3
14/11/2014,4,3
14/11/2014,5,55
14/11/2014,6,177
14/11/2014,7,533
14/11/2014,8,890
14/11/2014,9,424
14/11/2014,10,233
14/11/2014,11,255
14/11/2014,12,372
14/11/2014,13,301
14/11/2014,14,299
14/11/2014,15,343
14/11/2014,16,543
14/11/2014,17,801
14/11/2014,18,617
14/11/2014,19,374
14/11/2014,20,264
14/11/2014,21,188
14/11/2014,22,153
14/11/2014,23,117
14/11/2015,0,106
14/11/2015,1,51
14/11/2015,2,39
14/11/2015,3,24
14/11/2015,4,4
14/11/2015,5,8
14/11/2015,6,26
14/11/2015,7,92
14/11/2015,8,212
14/11/2015,9,381
14/11/2015,10,493
14/11/2015,11,593
14/11/2015,12,623
14/11/2015,13,667
14/11/2015,14,695
14/11/2015,15,715
14/11/2015,16,619
14/11/2015,17,471
14/11/2015,18,384
14/11/2015,19,297
14/11/2015,20,198
14/11/2015,21,197
14/11/2015,22,145
14/11/2015,23,131
14/11/2016,0,16
14/11/2016,1,8
14/11/2016,2,7
14/11/2016,4,9
14/11/2016,5,79
14/11/2016,6,259
14/11/2016,7,805
14/11/2016,8,1077
14/11/2016,9,471
14/11/2016,10,316
14/11/2016,11,368
14/11/2016,12,408
14/11/2016,13,382
14/11/2016,14,376
14/11/2016,15,474
14/11/2016,16,720
14/11/2016,17,1146
14/11/2016,18,905
14/11/2016,19,538
14/11/2016,20,385
14/11/2016,21,266
14/11/2016,22,134
14/11/2016,23,61
14/11/2017,0,26
14/11/2017,1,12
14/11/2017,2,8
14/11/2017,3,9
14/11/2017,4,19
14/11/2017,5,82
14/11/2017,6,335
14/11/2017,7,771
14/11/2017,8,1290
14/11/2017,9,589
14/11/2017,10,271
14/11/2017,11,324
14/11/2017,12,371
14/11/2017,13,344
14/11/2017,14,346
14/11/2017,15,431
14/11/2017,16,728
14/11/2017,17,1152
14/11/2017,18,927
14/11/2017,19,524
14/11/2017,20,376
14/11/2017,21,255
14/11/2017,22,203
14/11/2017,23,101
14/12/2014,0,98
14/12/2014,1,82
14/12/2014,2,72
14/12/2014,3,27
14/12/2014,4,13
14/12/2014,5,5
14/12/2014,6,14
14/12/2014,7,35
14/12/2014,8,89
14/12/2014,9,191
14/12/2014,10,286
14/12/2014,11,400
14/12/2014,12,554
14/12/2014,13,532
14/12/2014,14,454
14/12/2014,15,467
14/12/2014,16,519
14/12/2014,17,434
14/12/2014,18,301
14/12/2014,19,204
14/12/2014,20,159
14/12/2014,21,135
14/12/2014,22,118
14/12/2014,23,58
14/12/2015,0,41
14/12/2015,1,19
14/12/2015,2,10
14/12/2015,3,2
14/12/2015,4,5
14/12/2015,5,71
14/12/2015,6,257
14/12/2015,7,669
14/12/2015,8,1021
14/12/2015,9,474
14/12/2015,10,199
14/12/2015,11,233
14/12/2015,12,352
14/12/2015,13,312
14/12/2015,14,304
14/12/2015,15,359
14/12/2015,16,498
14/12/2015,17,282
14/12/2015,18,488
14/12/2015,19,354
14/12/2015,20,238
14/12/2015,21,240
14/12/2015,22,133
14/12/2015,23,84
14/12/2016,0,21
14/12/2016,1,11
14/12/2016,2,4
14/12/2016,3,4
14/12/2016,4,10
14/12/2016,5,68
14/12/2016,6,258
14/12/2016,7,662
14/12/2016,8,966
14/12/2016,9,432
14/12/2016,10,197
14/12/2016,11,229
14/12/2016,12,291
14/12/2016,13,265
14/12/2016,14,279
14/12/2016,15,342
14/12/2016,16,539
14/12/2016,17,986
14/12/2016,18,825
14/12/2016,19,502
14/12/2016,20,304
14/12/2016,21,217
14/12/2016,22,127
14/12/2016,23,71
14/12/2017,0,28
14/12/2017,1,17
14/12/2017,2,4
14/12/2017,3,5
14/12/2017,4,7
14/12/2017,5,69
14/12/2017,6,255
14/12/2017,7,611
14/12/2017,8,1027
14/12/2017,9,431
14/12/2017,10,197
14/12/2017,11,206
14/12/2017,12,260
14/12/2017,13,264
14/12/2017,14,254
14/12/2017,15,369
14/12/2017,16,504
14/12/2017,17,823
14/12/2017,18,680
14/12/2017,19,406
14/12/2017,20,237
14/12/2017,21,209
14/12/2017,22,146
14/12/2017,23,83
15/01/2014,0,34
15/01/2014,1,13
15/01/2014,2,10
15/01/2014,4,2
15/01/2014,5,38
15/01/2014,6,138
15/01/2014,7,433
15/01/2014,8,822
15/01/2014,9,386
15/01/2014,10,172
15/01/2014,11,206
15/01/2014,12,272
15/01/2014,13,242
15/01/2014,14,244
15/01/2014,15,291
15/01/2014,16,429
15/01/2014,17,794
15/01/2014,18,716
15/01/2014,19,447
15/01/2014,20,311
15/01/2014,21,214
15/01/2014,22,164
15/01/2014,23,81
15/01/2015,0,21
15/01/2015,1,23
15/01/2015,2,3
15/01/2015,4,3
15/01/2015,5,46
15/01/2015,6,142
15/01/2015,7,436
15/01/2015,8,825
15/01/2015,9,366
15/01/2015,10,165
15/01/2015,11,159
15/01/2015,12,242
15/01/2015,13,238
15/01/2015,14,196
15/01/2015,15,243
15/01/2015,16,374
15/01/2015,17,650
15/01/2015,18,624
15/01/2015,19,384
15/01/2015,20,257
15/01/2015,21,179
15/01/2015,22,127
15/01/2015,23,71
15/01/2016,0,36
15/01/2016,1,21
15/01/2016,2,16
15/01/2016,3,4
15/01/2016,4,3
15/01/2016,5,52
15/01/2016,6,166
15/01/2016,7,491
15/01/2016,8,977
15/01/2016,9,446
15/01/2016,10,232
15/01/2016,11,272
15/01/2016,12,347
15/01/2016,13,325
15/01/2016,14,334
15/01/2016,15,405
15/01/2016,16,615
15/01/2016,17,675
15/01/2016,18,265
15/01/2016,19,110
15/01/2016,20,75
15/01/2016,21,54
15/01/2016,22,44
15/01/2016,23,18
15/01/2017,0,52
15/01/2017,1,35
15/01/2017,2,22
15/01/2017,3,13
15/01/2017,4,6
15/01/2017,5,7
15/01/2017,6,15
15/01/2017,7,38
15/01/2017,8,94
15/01/2017,9,202
15/01/2017,10,351
15/01/2017,11,405
15/01/2017,12,519
15/01/2017,13,643
15/01/2017,14,577
15/01/2017,15,615
15/01/2017,16,521
15/01/2017,17,351
15/01/2017,18,260
15/01/2017,19,166
15/01/2017,20,164
15/01/2017,21,130
15/01/2017,22,95
15/01/2017,23,67
15/01/2018,0,20
15/01/2018,1,17
15/01/2018,2,8
15/01/2018,3,4
15/01/2018,4,13
15/01/2018,5,17
15/01/2018,6,27
15/01/2018,7,75
15/01/2018,8,159
15/01/2018,9,169
15/01/2018,10,195
15/01/2018,11,241
15/01/2018,12,244
15/01/2018,13,261
15/01/2018,14,253
15/01/2018,15,278
15/01/2018,16,292
15/01/2018,17,339
15/01/2018,18,256
15/01/2018,19,170
15/01/2018,20,105
15/01/2018,21,93
15/01/2018,22,55
15/01/2018,23,32
15/02/2014,0,41
15/02/2014,1,31
15/02/2014,2,30
15/02/2014,3,15
15/02/2014,4,11
15/02/2014,5,8
15/02/2014,6,10
15/02/2014,7,28
15/02/2014,8,42
15/02/2014,9,47
15/02/2014,10,78
15/02/2014,11,101
15/02/2014,12,120
15/02/2014,13,130
15/02/2014,14,148
15/02/2014,15,150
15/02/2014,16,148
15/02/2014,17,172
15/02/2014,18,141
15/02/2014,19,95
15/02/2014,20,58
15/02/2014,21,61
15/02/2014,22,37
15/02/2014,23,46
15/02/2015,0,11
15/02/2015,1,7
15/02/2015,2,11
15/02/2015,3,5
15/02/2015,5,1
15/02/2015,6,4
15/02/2015,7,7
15/02/2015,8,23
15/02/2015,9,41
15/02/2015,10,64
15/02/2015,11,72
15/02/2015,12,77
15/02/2015,13,84
15/02/2015,14,102
15/02/2015,15,84
15/02/2015,16,97
15/02/2015,17,104
15/02/2015,18,72
15/02/2015,19,51
15/02/2015,20,37
15/02/2015,21,38
15/02/2015,22,34
15/02/2015,23,15
15/02/2016,0,9
15/02/2016,1,1
15/02/2016,2,3
15/02/2016,3,1
15/02/2016,4,2
15/02/2016,5,8
15/02/2016,6,9
15/02/2016,7,24
15/02/2016,8,34
15/02/2016,9,31
15/02/2016,10,15
15/02/2016,11,30
15/02/2016,12,25
15/02/2016,13,32
15/02/2016,14,37
15/02/2016,15,41
15/02/2016,16,54
15/02/2016,17,36
15/02/2016,18,34
15/02/2016,19,26
15/02/2016,20,14
15/02/2016,21,14
15/02/2016,22,13
15/02/2016,23,8
15/02/2017,0,26
15/02/2017,1,8
15/02/2017,2,8
15/02/2017,3,3
15/02/2017,4,6
15/02/2017,5,67
15/02/2017,6,259
15/02/2017,7,651
15/02/2017,8,1071
15/02/2017,9,490
15/02/2017,10,219
15/02/2017,11,258
15/02/2017,12,307
15/02/2017,13,318
15/02/2017,14,280
15/02/2017,15,320
15/02/2017,16,464
15/02/2017,17,966
15/02/2017,18,731
15/02/2017,19,432
15/02/2017,20,257
15/02/2017,21,198
15/02/2017,22,98
15/02/2017,23,48
15/02/2018,0,17
15/02/2018,1,16
15/02/2018,2,3
15/02/2018,3,2
15/02/2018,4,19
15/02/2018,5,77
15/02/2018,6,244
15/02/2018,7,623
15/02/2018,8,1114
15/02/2018,9,490
15/02/2018,10,265
15/02/2018,11,285
15/02/2018,12,385
15/02/2018,13,385
15/02/2018,14,365
15/02/2018,15,538
15/02/2018,16,817
15/02/2018,17,1367
15/02/2018,18,963
15/02/2018,19,628
15/02/2018,20,449
15/02/2018,21,365
15/02/2018,22,213
15/02/2018,23,129
15/03/2014,0,124
15/03/2014,1,83
15/03/2014,2,42
15/03/2014,3,17
15/03/2014,4,17
15/03/2014,5,18
15/03/2014,6,129
15/03/2014,7,133
15/03/2014,8,265
15/03/2014,9,452
15/03/2014,10,562
15/03/2014,11,702
15/03/2014,12,851
15/03/2014,13,980
15/03/2014,14,946
15/03/2014,15,980
15/03/2014,16,965
15/03/2014,17,890
15/03/2014,18,738
15/03/2014,19,488
15/03/2014,20,310
15/03/2014,21,265
15/03/2014,22,196
15/03/2014,23,191
15/03/2015,0,125
15/03/2015,1,75
15/03/2015,2,54
15/03/2015,3,28
15/03/2015,4,5
15/03/2015,5,2
15/03/2015,6,11
15/03/2015,7,41
15/03/2015,8,131
15/03/2015,9,199
15/03/2015,10,389
15/03/2015,11,517
15/03/2015,12,577
15/03/2015,13,637
15/03/2015,14,673
15/03/2015,15,680
15/03/2015,16,618
15/03/2015,17,548
15/03/2015,18,417
15/03/2015,19,251
15/03/2015,20,152
15/03/2015,21,147
15/03/2015,22,96
15/03/2015,23,43
15/03/2016,0,22
15/03/2016,1,8
15/03/2016,2,2
15/03/2016,3,4
15/03/2016,4,5
15/03/2016,5,73
15/03/2016,6,213
15/03/2016,7,338
15/03/2016,8,790
15/03/2016,9,499
15/03/2016,10,237
15/03/2016,11,258
15/03/2016,12,330
15/03/2016,13,324
15/03/2016,14,298
15/03/2016,15,418
15/03/2016,16,659
15/03/2016,17,1237
15/03/2016,18,1081
15/03/2016,19,683
15/03/2016,20,432
15/03/2016,21,303
15/03/2016,22,237
15/03/2016,23,107
15/03/2017,0,8
15/03/2017,1,3
15/03/2017,2,3
15/03/2017,4,3
15/03/2017,5,29
15/03/2017,6,118
15/03/2017,7,246
15/03/2017,8,434
15/03/2017,9,250
15/03/2017,10,121
15/03/2017,11,89
15/03/2017,12,105
15/03/2017,13,105
15/03/2017,14,77
15/03/2017,15,117
15/03/2017,16,237
15/03/2017,17,474
15/03/2017,18,409
15/03/2017,19,219
15/03/2017,20,139
15/03/2017,21,99
15/03/2017,22,51
15/03/2017,23,23
15/03/2018,0,21
15/03/2018,1,6
15/03/2018,2,5
15/03/2018,3,4
15/03/2018,4,12
15/03/2018,5,68
15/03/2018,6,206
15/03/2018,7,513
15/03/2018,8,989
15/03/2018,9,512
15/03/2018,10,255
15/03/2018,11,312
15/03/2018,12,389
15/03/2018,13,342
15/03/2018,14,318
15/03/2018,15,460
15/03/2018,16,623
15/03/2018,17,1113
15/03/2018,18,921
15/03/2018,19,547
15/03/2018,20,316
15/03/2018,21,254
15/03/2018,22,196
15/03/2018,23,109
15/04/2014,0,25
15/04/2014,1,16
15/04/2014,2,11
15/04/2014,3,6
15/04/2014,4,11
15/04/2014,5,45
15/04/2014,6,135
15/04/2014,7,175
15/04/2014,8,145
15/04/2014,9,67
15/04/2014,10,74
15/04/2014,11,144
15/04/2014,12,180
15/04/2014,13,56
15/04/2014,14,34
15/04/2014,15,39
15/04/2014,16,92
15/04/2014,17,127
15/04/2014,18,152
15/04/2014,19,71
15/04/2014,20,64
15/04/2014,21,59
15/04/2014,22,41
15/04/2014,23,47
15/04/2015,0,39
15/04/2015,1,23
15/04/2015,2,6
15/04/2015,3,12
15/04/2015,4,14
15/04/2015,5,85
15/04/2015,6,285
15/04/2015,7,785
15/04/2015,8,1175
15/04/2015,9,519
15/04/2015,10,317
15/04/2015,11,381
15/04/2015,12,513
15/04/2015,13,419
15/04/2015,14,488
15/04/2015,15,437
15/04/2015,16,719
15/04/2015,17,1402
15/04/2015,18,1283
15/04/2015,19,811
15/04/2015,20,571
15/04/2015,21,411
15/04/2015,22,287
15/04/2015,23,147
15/04/2016,0,49
15/04/2016,1,35
15/04/2016,2,13
15/04/2016,3,7
15/04/2016,4,6
15/04/2016,5,60
15/04/2016,6,195
15/04/2016,7,633
15/04/2016,8,1146
15/04/2016,9,598
15/04/2016,10,344
15/04/2016,11,498
15/04/2016,12,627
15/04/2016,13,659
15/04/2016,14,601
15/04/2016,15,696
15/04/2016,16,948
15/04/2016,17,1381
15/04/2016,18,1046
15/04/2016,19,730
15/04/2016,20,456
15/04/2016,21,249
15/04/2016,22,237
15/04/2016,23,181
15/04/2017,0,175
15/04/2017,1,107
15/04/2017,2,48
15/04/2017,3,33
15/04/2017,4,17
15/04/2017,5,25
15/04/2017,6,60
15/04/2017,7,141
15/04/2017,8,346
15/04/2017,9,595
15/04/2017,10,951
15/04/2017,11,1215
15/04/2017,12,1482
15/04/2017,13,1486
15/04/2017,14,1463
15/04/2017,15,1595
15/04/2017,16,1537
15/04/2017,17,1431
15/04/2017,18,1219
15/04/2017,19,1012
15/04/2017,20,733
15/04/2017,21,593
15/04/2017,22,342
15/04/2017,23,290
15/04/2018,0,239
15/04/2018,1,189
15/04/2018,2,112
15/04/2018,3,64
15/04/2018,4,26
15/04/2018,5,22
15/04/2018,6,48
15/04/2018,7,106
15/04/2018,8,245
15/04/2018,9,477
15/04/2018,10,668
15/04/2018,11,306
15/04/2018,12,485
15/04/2018,13,368
15/04/2018,14,177
15/04/2018,15,279
15/04/2018,16,354
15/04/2018,17,173
15/04/2018,18,166
15/04/2018,19,98
15/04/2018,20,74
15/04/2018,21,73
15/04/2018,22,48
15/04/2018,23,58
15/05/2014,0,38
15/05/2014,1,43
15/05/2014,2,16
15/05/2014,3,16
15/05/2014,4,9
15/05/2014,5,49
15/05/2014,6,275
15/05/2014,7,708
15/05/2014,8,1030
15/05/2014,9,488
15/05/2014,10,289
15/05/2014,11,364
15/05/2014,12,385
15/05/2014,13,413
15/05/2014,14,405
15/05/2014,15,469
15/05/2014,16,723
15/05/2014,17,1203
15/05/2014,18,879
15/05/2014,19,634
15/05/2014,20,427
15/05/2014,21,343
15/05/2014,22,98
15/05/2014,23,96
15/05/2015,0,68
15/05/2015,1,41
15/05/2015,2,13
15/05/2015,3,2
15/05/2015,4,9
15/05/2015,5,82
15/05/2015,6,304
15/05/2015,7,966
15/05/2015,8,1433
15/05/2015,9,615
15/05/2015,10,461
15/05/2015,11,540
15/05/2015,12,644
15/05/2015,13,784
15/05/2015,14,726
15/05/2015,15,733
15/05/2015,16,995
15/05/2015,17,1489
15/05/2015,18,1214
15/05/2015,19,830
15/05/2015,20,593
15/05/2015,21,472
15/05/2015,22,382
15/05/2015,23,255
15/05/2016,0,111
15/05/2016,1,89
15/05/2016,2,39
15/05/2016,3,21
15/05/2016,4,9
15/05/2016,5,7
15/05/2016,6,47
15/05/2016,7,111
15/05/2016,8,231
15/05/2016,9,343
15/05/2016,10,548
15/05/2016,11,654
15/05/2016,12,833
15/05/2016,13,819
15/05/2016,14,766
15/05/2016,15,732
15/05/2016,16,711
15/05/2016,17,651
15/05/2016,18,537
15/05/2016,19,497
15/05/2016,20,337
15/05/2016,21,185
15/05/2016,22,147
15/05/2016,23,82
15/05/2017,0,60
15/05/2017,1,25
15/05/2017,2,15
15/05/2017,3,6
15/05/2017,4,15
15/05/2017,5,86
15/05/2017,6,361
15/05/2017,7,807
15/05/2017,8,975
15/05/2017,9,548
15/05/2017,10,333
15/05/2017,11,466
15/05/2017,12,601
15/05/2017,13,622
15/05/2017,14,590
15/05/2017,15,754
15/05/2017,16,1071
15/05/2017,17,1673
15/05/2017,18,1389
15/05/2017,19,858
15/05/2017,20,529
15/05/2017,21,384
15/05/2017,22,271
15/05/2017,23,141
15/06/2014,0,170
15/06/2014,1,118
15/06/2014,2,99
15/06/2014,3,44
15/06/2014,4,12
15/06/2014,5,13
15/06/2014,6,37
15/06/2014,7,94
15/06/2014,8,241
15/06/2014,9,449
15/06/2014,10,641
15/06/2014,11,867
15/06/2014,12,955
15/06/2014,13,916
15/06/2014,14,977
15/06/2014,15,942
15/06/2014,16,892
15/06/2014,17,857
15/06/2014,18,716
15/06/2014,19,611
15/06/2014,20,596
15/06/2014,21,337
15/06/2014,22,289
15/06/2014,23,163
15/06/2015,0,58
15/06/2015,1,15
15/06/2015,2,11
15/06/2015,3,6
15/06/2015,4,11
15/06/2015,5,83
15/06/2015,6,270
15/06/2015,7,774
15/06/2015,8,947
15/06/2015,9,510
15/06/2015,10,310
15/06/2015,11,373
15/06/2015,12,505
15/06/2015,13,477
15/06/2015,14,382
15/06/2015,15,493
15/06/2015,16,744
15/06/2015,17,1205
15/06/2015,18,783
15/06/2015,19,724
15/06/2015,20,570
15/06/2015,21,377
15/06/2015,22,219
15/06/2015,23,140
15/06/2016,0,75
15/06/2016,1,24
15/06/2016,2,5
15/06/2016,3,4
15/06/2016,4,14
15/06/2016,5,116
15/06/2016,6,306
15/06/2016,7,875
15/06/2016,8,1459
15/06/2016,9,640
15/06/2016,10,345
15/06/2016,11,428
15/06/2016,12,486
15/06/2016,13,550
15/06/2016,14,535
15/06/2016,15,577
15/06/2016,16,867
15/06/2016,17,1620
15/06/2016,18,1380
15/06/2016,19,971
15/06/2016,20,763
15/06/2016,21,463
15/06/2016,22,295
15/06/2016,23,156
15/06/2017,0,74
15/06/2017,1,35
15/06/2017,2,19
15/06/2017,3,9
15/06/2017,4,17
15/06/2017,5,115
15/06/2017,6,398
15/06/2017,7,974
15/06/2017,8,1225
15/06/2017,9,608
15/06/2017,10,426
15/06/2017,11,452
15/06/2017,12,591
15/06/2017,13,589
15/06/2017,14,570
15/06/2017,15,685
15/06/2017,16,999
15/06/2017,17,1712
15/06/2017,18,1472
15/06/2017,19,970
15/06/2017,20,703
15/06/2017,21,565
15/06/2017,22,436
15/06/2017,23,199
15/07/2014,0,65
15/07/2014,1,13
15/07/2014,2,8
15/07/2014,3,4
15/07/2014,4,6
15/07/2014,5,67
15/07/2014,6,309
15/07/2014,7,749
15/07/2014,8,1024
15/07/2014,9,454
15/07/2014,10,274
15/07/2014,11,340
15/07/2014,12,382
15/07/2014,13,402
15/07/2014,14,307
15/07/2014,15,142
15/07/2014,16,527
15/07/2014,17,1147
15/07/2014,18,1079
15/07/2014,19,254
15/07/2014,20,101
15/07/2014,21,70
15/07/2014,22,48
15/07/2014,23,80
15/07/2015,0,73
15/07/2015,1,11
15/07/2015,2,6
15/07/2015,3,1
15/07/2015,4,18
15/07/2015,5,112
15/07/2015,6,340
15/07/2015,7,949
15/07/2015,8,1329
15/07/2015,9,577
15/07/2015,10,348
15/07/2015,11,325
15/07/2015,12,436
15/07/2015,13,421
15/07/2015,14,365
15/07/2015,15,500
15/07/2015,16,741
15/07/2015,17,1363
15/07/2015,18,1406
15/07/2015,19,994
15/07/2015,20,779
15/07/2015,21,497
15/07/2015,22,322
15/07/2015,23,175
15/07/2016,0,94
15/07/2016,1,52
15/07/2016,2,27
15/07/2016,3,17
15/07/2016,4,12
15/07/2016,5,92
15/07/2016,6,315
15/07/2016,7,807
15/07/2016,8,1182
15/07/2016,9,601
15/07/2016,10,387
15/07/2016,11,495
15/07/2016,12,557
15/07/2016,13,598
15/07/2016,14,514
15/07/2016,15,703
15/07/2016,16,946
15/07/2016,17,1355
15/07/2016,18,1109
15/07/2016,19,818
15/07/2016,20,638
15/07/2016,21,543
15/07/2016,22,455
15/07/2016,23,296
15/07/2017,0,213
15/07/2017,1,137
15/07/2017,2,86
15/07/2017,3,48
15/07/2017,4,24
15/07/2017,5,24
15/07/2017,6,79
15/07/2017,7,210
15/07/2017,8,410
15/07/2017,9,654
15/07/2017,10,918
15/07/2017,11,1037
15/07/2017,12,1120
15/07/2017,13,1080
15/07/2017,14,1121
15/07/2017,15,1049
15/07/2017,16,1174
15/07/2017,17,1061
15/07/2017,18,982
15/07/2017,19,921
15/07/2017,20,782
15/07/2017,21,582
15/07/2017,22,410
15/07/2017,23,347
15/08/2014,0,118
15/08/2014,1,33
15/08/2014,2,15
15/08/2014,3,7
15/08/2014,4,10
15/08/2014,5,63
15/08/2014,6,240
15/08/2014,7,583
15/08/2014,8,1070
15/08/2014,9,599
15/08/2014,10,403
15/08/2014,11,555
15/08/2014,12,643
15/08/2014,13,572
15/08/2014,14,633
15/08/2014,15,684
15/08/2014,16,892
15/08/2014,17,1287
15/08/2014,18,1008
15/08/2014,19,798
15/08/2014,20,650
15/08/2014,21,455
15/08/2014,22,353
15/08/2014,23,271
15/08/2015,0,175
15/08/2015,1,112
15/08/2015,2,99
15/08/2015,3,41
15/08/2015,4,10
15/08/2015,5,22
15/08/2015,6,54
15/08/2015,7,146
15/08/2015,8,304
15/08/2015,9,485
15/08/2015,10,760
15/08/2015,11,942
15/08/2015,12,1076
15/08/2015,13,1016
15/08/2015,14,901
15/08/2015,15,950
15/08/2015,16,917
15/08/2015,17,848
15/08/2015,18,808
15/08/2015,19,749
15/08/2015,20,557
15/08/2015,21,466
15/08/2015,22,351
15/08/2015,23,293
15/08/2016,0,64
15/08/2016,1,23
15/08/2016,2,19
15/08/2016,3,17
15/08/2016,4,21
15/08/2016,5,79
15/08/2016,6,318
15/08/2016,7,802
15/08/2016,8,1108
15/08/2016,9,527
15/08/2016,10,357
15/08/2016,11,325
15/08/2016,12,413
15/08/2016,13,386
15/08/2016,14,367
15/08/2016,15,414
15/08/2016,16,734
15/08/2016,17,1391
15/08/2016,18,930
15/08/2016,19,606
15/08/2016,20,215
15/08/2016,21,50
15/08/2016,22,42
15/08/2016,23,32
15/08/2017,0,76
15/08/2017,1,34
15/08/2017,2,21
15/08/2017,3,8
15/08/2017,4,22
15/08/2017,5,106
15/08/2017,6,375
15/08/2017,7,726
15/08/2017,8,567
15/08/2017,9,177
15/08/2017,10,82
15/08/2017,11,93
15/08/2017,12,145
15/08/2017,13,318
15/08/2017,14,401
15/08/2017,15,550
15/08/2017,16,948
15/08/2017,17,1467
15/08/2017,18,1256
15/08/2017,19,905
15/08/2017,20,668
15/08/2017,21,499
15/08/2017,22,351
15/08/2017,23,158
15/09/2014,0,33
15/09/2014,1,14
15/09/2014,2,10
15/09/2014,3,5
15/09/2014,4,9
15/09/2014,5,75
15/09/2014,6,299
15/09/2014,7,846
15/09/2014,8,1102
15/09/2014,9,456
15/09/2014,10,294
15/09/2014,11,383
15/09/2014,12,509
15/09/2014,13,511
15/09/2014,14,490
15/09/2014,15,527
15/09/2014,16,830
15/09/2014,17,1413
15/09/2014,18,1288
15/09/2014,19,916
15/09/2014,20,597
15/09/2014,21,379
15/09/2014,22,234
15/09/2014,23,128
15/09/2015,0,38
15/09/2015,1,15
15/09/2015,2,5
15/09/2015,3,5
15/09/2015,4,15
15/09/2015,5,84
15/09/2015,6,371
15/09/2015,7,990
15/09/2015,8,1279
15/09/2015,9,513
15/09/2015,10,285
15/09/2015,11,376
15/09/2015,12,471
15/09/2015,13,457
15/09/2015,14,394
15/09/2015,15,461
15/09/2015,16,826
15/09/2015,17,1502
15/09/2015,18,1469
15/09/2015,19,932
15/09/2015,20,603
15/09/2015,21,439
15/09/2015,22,265
15/09/2015,23,148
15/09/2016,0,57
15/09/2016,1,34
15/09/2016,2,14
15/09/2016,3,7
15/09/2016,4,16
15/09/2016,5,121
15/09/2016,6,384
15/09/2016,7,1074
15/09/2016,8,1403
15/09/2016,9,606
15/09/2016,10,368
15/09/2016,11,425
15/09/2016,12,533
15/09/2016,13,475
15/09/2016,14,506
15/09/2016,15,639
15/09/2016,16,1039
15/09/2016,17,1642
15/09/2016,18,1476
15/09/2016,19,916
15/09/2016,20,636
15/09/2016,21,456
15/09/2016,22,271
15/09/2016,23,175
15/09/2017,0,72
15/09/2017,1,33
15/09/2017,2,25
15/09/2017,3,7
15/09/2017,4,18
15/09/2017,5,97
15/09/2017,6,330
15/09/2017,7,872
15/09/2017,8,1412
15/09/2017,9,639
15/09/2017,10,427
15/09/2017,11,565
15/09/2017,12,780
15/09/2017,13,720
15/09/2017,14,748
15/09/2017,15,893
15/09/2017,16,1225
15/09/2017,17,1695
15/09/2017,18,1427
15/09/2017,19,932
15/09/2017,20,558
15/09/2017,21,414
15/09/2017,22,378
15/09/2017,23,337
15/10/2014,0,55
15/10/2014,1,24
15/10/2014,2,9
15/10/2014,3,3
15/10/2014,4,12
15/10/2014,5,83
15/10/2014,6,302
15/10/2014,7,713
15/10/2014,8,1067
15/10/2014,9,553
15/10/2014,10,291
15/10/2014,11,317
15/10/2014,12,178
15/10/2014,13,113
15/10/2014,14,72
15/10/2014,15,42
15/10/2014,16,159
15/10/2014,17,562
15/10/2014,18,492
15/10/2014,19,236
15/10/2014,20,329
15/10/2014,21,214
15/10/2014,22,174
15/10/2014,23,100
15/10/2015,0,64
15/10/2015,1,17
15/10/2015,2,11
15/10/2015,3,9
15/10/2015,4,7
15/10/2015,5,78
15/10/2015,6,284
15/10/2015,7,827
15/10/2015,8,1292
15/10/2015,9,630
15/10/2015,10,321
15/10/2015,11,402
15/10/2015,12,512
15/10/2015,13,481
15/10/2015,14,417
15/10/2015,15,550
15/10/2015,16,823
15/10/2015,17,1405
15/10/2015,18,1264
15/10/2015,19,748
15/10/2015,20,540
15/10/2015,21,409
15/10/2015,22,243
15/10/2015,23,172
15/10/2016,0,149
15/10/2016,1,77
15/10/2016,2,60
15/10/2016,3,26
15/10/2016,4,10
15/10/2016,5,21
15/10/2016,6,39
15/10/2016,7,133
15/10/2016,8,297
15/10/2016,9,528
15/10/2016,10,697
15/10/2016,11,1013
15/10/2016,12,1057
15/10/2016,13,1189
15/10/2016,14,1207
15/10/2016,15,1207
15/10/2016,16,1114
15/10/2016,17,1003
15/10/2016,18,835
15/10/2016,19,521
15/10/2016,20,372
15/10/2016,21,272
15/10/2016,22,252
15/10/2016,23,240
15/10/2017,0,231
15/10/2017,1,163
15/10/2017,2,95
15/10/2017,3,53
15/10/2017,4,27
15/10/2017,5,17
15/10/2017,6,38
15/10/2017,7,111
15/10/2017,8,267
15/10/2017,9,419
15/10/2017,10,696
15/10/2017,11,864
15/10/2017,12,1004
15/10/2017,13,1062
15/10/2017,14,1070
15/10/2017,15,1083
15/10/2017,16,1177
15/10/2017,17,1169
15/10/2017,18,994
15/10/2017,19,682
15/10/2017,20,445
15/10/2017,21,316
15/10/2017,22,218
15/10/2017,23,127
15/11/2014,0,89
15/11/2014,1,46
15/11/2014,2,38
15/11/2014,3,15
15/11/2014,4,6
15/11/2014,5,4
15/11/2014,6,19
15/11/2014,7,74
15/11/2014,8,135
15/11/2014,9,275
15/11/2014,10,417
15/11/2014,11,557
15/11/2014,12,543
15/11/2014,13,526
15/11/2014,14,581
15/11/2014,15,594
15/11/2014,16,495
15/11/2014,17,370
15/11/2014,18,295
15/11/2014,19,238
15/11/2014,20,173
15/11/2014,21,165
15/11/2014,22,150
15/11/2014,23,133
15/11/2015,0,126
15/11/2015,1,98
15/11/2015,2,64
15/11/2015,3,24
15/11/2015,4,7
15/11/2015,5,7
15/11/2015,6,11
15/11/2015,7,49
15/11/2015,8,154
15/11/2015,9,319
15/11/2015,10,530
15/11/2015,11,679
15/11/2015,12,720
15/11/2015,13,729
15/11/2015,14,751
15/11/2015,15,758
15/11/2015,16,728
15/11/2015,17,539
15/11/2015,18,356
15/11/2015,19,240
15/11/2015,20,223
15/11/2015,21,152
15/11/2015,22,112
15/11/2015,23,65
15/11/2016,0,26
15/11/2016,1,9
15/11/2016,2,3
15/11/2016,3,2
15/11/2016,4,6
15/11/2016,5,80
15/11/2016,6,319
15/11/2016,7,905
15/11/2016,8,1228
15/11/2016,9,562
15/11/2016,10,301
15/11/2016,11,345
15/11/2016,12,464
15/11/2016,13,418
15/11/2016,14,403
15/11/2016,15,528
15/11/2016,16,884
15/11/2016,17,1302
15/11/2016,18,1005
15/11/2016,19,586
15/11/2016,20,351
15/11/2016,21,364
15/11/2016,22,208
15/11/2016,23,96
15/11/2017,0,35
15/11/2017,1,14
15/11/2017,2,10
15/11/2017,3,4
15/11/2017,4,16
15/11/2017,5,99
15/11/2017,6,324
15/11/2017,7,835
15/11/2017,8,1203
15/11/2017,9,547
15/11/2017,10,305
15/11/2017,11,314
15/11/2017,12,377
15/11/2017,13,399
15/11/2017,14,376
15/11/2017,15,463
15/11/2017,16,714
15/11/2017,17,1191
15/11/2017,18,983
15/11/2017,19,557
15/11/2017,20,389
15/11/2017,21,296
15/11/2017,22,227
15/11/2017,23,107
15/12/2014,0,30
15/12/2014,1,17
15/12/2014,2,14
15/12/2014,3,3
15/12/2014,4,8
15/12/2014,5,65
15/12/2014,6,205
15/12/2014,7,542
15/12/2014,8,976
15/12/2014,9,500
15/12/2014,10,230
15/12/2014,11,238
15/12/2014,12,324
15/12/2014,13,328
15/12/2014,14,315
15/12/2014,15,351
15/12/2014,16,532
15/12/2014,17,876
15/12/2014,18,780
15/12/2014,19,517
15/12/2014,20,316
15/12/2014,21,223
15/12/2014,22,178
15/12/2014,23,70
15/12/2015,0,35
15/12/2015,1,34
15/12/2015,2,9
15/12/2015,3,2
15/12/2015,4,6
15/12/2015,5,82
15/12/2015,6,274
15/12/2015,7,787
15/12/2015,8,1140
15/12/2015,9,469
15/12/2015,10,212
15/12/2015,11,309
15/12/2015,12,400
15/12/2015,13,344
15/12/2015,14,338
15/12/2015,15,403
15/12/2015,16,576
15/12/2015,17,1021
15/12/2015,18,892
15/12/2015,19,572
15/12/2015,20,387
15/12/2015,21,249
15/12/2015,22,180
15/12/2015,23,82
15/12/2016,0,40
15/12/2016,1,17
15/12/2016,2,7
15/12/2016,4,8
15/12/2016,5,58
15/12/2016,6,170
15/12/2016,7,462
15/12/2016,8,759
15/12/2016,9,325
15/12/2016,10,148
15/12/2016,11,106
15/12/2016,12,155
15/12/2016,13,137
15/12/2016,14,135
15/12/2016,15,182
15/12/2016,16,285
15/12/2016,17,521
15/12/2016,18,434
15/12/2016,19,222
15/12/2016,20,156
15/12/2016,21,126
15/12/2016,22,62
15/12/2016,23,41
15/12/2017,0,49
15/12/2017,1,33
15/12/2017,2,13
15/12/2017,3,3
15/12/2017,4,9
15/12/2017,5,59
15/12/2017,6,201
15/12/2017,7,478
15/12/2017,8,865
15/12/2017,9,472
15/12/2017,10,213
15/12/2017,11,238
15/12/2017,12,257
15/12/2017,13,192
15/12/2017,14,151
15/12/2017,15,208
15/12/2017,16,261
15/12/2017,17,406
15/12/2017,18,310
15/12/2017,19,179
15/12/2017,20,110
15/12/2017,21,116
15/12/2017,22,82
15/12/2017,23,60
16/01/2014,0,40
16/01/2014,1,8
16/01/2014,2,5
16/01/2014,3,3
16/01/2014,4,6
16/01/2014,5,44
16/01/2014,6,145
16/01/2014,7,412
16/01/2014,8,854
16/01/2014,9,399
16/01/2014,10,162
16/01/2014,11,186
16/01/2014,12,230
16/01/2014,13,240
16/01/2014,14,193
16/01/2014,15,241
16/01/2014,16,377
16/01/2014,17,656
16/01/2014,18,674
16/01/2014,19,415
16/01/2014,20,281
16/01/2014,21,202
16/01/2014,22,145
16/01/2014,23,98
16/01/2015,0,26
16/01/2015,1,16
16/01/2015,2,11
16/01/2015,3,1
16/01/2015,4,5
16/01/2015,5,42
16/01/2015,6,106
16/01/2015,7,361
16/01/2015,8,766
16/01/2015,9,409
16/01/2015,10,183
16/01/2015,11,188
16/01/2015,12,251
16/01/2015,13,263
16/01/2015,14,229
16/01/2015,15,300
16/01/2015,16,410
16/01/2015,17,680
16/01/2015,18,538
16/01/2015,19,312
16/01/2015,20,231
16/01/2015,21,137
16/01/2015,22,125
16/01/2015,23,93
16/01/2016,0,29
16/01/2016,1,39
16/01/2016,2,28
16/01/2016,3,7
16/01/2016,4,10
16/01/2016,5,7
16/01/2016,6,20
16/01/2016,7,53
16/01/2016,8,149
16/01/2016,9,262
16/01/2016,10,357
16/01/2016,11,507
16/01/2016,12,654
16/01/2016,13,633
16/01/2016,14,628
16/01/2016,15,598
16/01/2016,16,521
16/01/2016,17,375
16/01/2016,18,293
16/01/2016,19,222
16/01/2016,20,182
16/01/2016,21,116
16/01/2016,22,126
16/01/2016,23,92
16/01/2017,0,43
16/01/2017,1,26
16/01/2017,2,9
16/01/2017,3,13
16/01/2017,4,4
16/01/2017,5,14
16/01/2017,6,40
16/01/2017,7,111
16/01/2017,8,200
16/01/2017,9,220
16/01/2017,10,243
16/01/2017,11,330
16/01/2017,12,377
16/01/2017,13,345
16/01/2017,14,390
16/01/2017,15,375
16/01/2017,16,382
16/01/2017,17,375
16/01/2017,18,341
16/01/2017,19,222
16/01/2017,20,177
16/01/2017,21,119
16/01/2017,22,103
16/01/2017,23,26
16/01/2018,0,8
16/01/2018,1,7
16/01/2018,2,6
16/01/2018,3,2
16/01/2018,4,13
16/01/2018,5,72
16/01/2018,6,216
16/01/2018,7,527
16/01/2018,8,999
16/01/2018,9,476
16/01/2018,10,181
16/01/2018,11,225
16/01/2018,12,245
16/01/2018,13,205
16/01/2018,14,209
16/01/2018,15,331
16/01/2018,16,486
16/01/2018,17,910
16/01/2018,18,737
16/01/2018,19,400
16/01/2018,20,253
16/01/2018,21,165
16/01/2018,22,101
16/01/2018,23,62
16/02/2014,0,42
16/02/2014,1,44
16/02/2014,2,32
16/02/2014,3,13
16/02/2014,4,5
16/02/2014,5,6
16/02/2014,6,8
16/02/2014,7,24
16/02/2014,8,48
16/02/2014,9,102
16/02/2014,10,167
16/02/2014,11,202
16/02/2014,12,298
16/02/2014,13,243
16/02/2014,14,233
16/02/2014,15,244
16/02/2014,16,282
16/02/2014,17,229
16/02/2014,18,190
16/02/2014,19,126
16/02/2014,20,112
16/02/2014,21,81
16/02/2014,22,58
16/02/2014,23,49
16/02/2015,0,8
16/02/2015,1,2
16/02/2015,2,3
16/02/2015,3,1
16/02/2015,4,1
16/02/2015,5,4
16/02/2015,6,15
16/02/2015,7,43
16/02/2015,8,94
16/02/2015,9,99
16/02/2015,10,95
16/02/2015,11,120
16/02/2015,12,142
16/02/2015,13,149
16/02/2015,14,130
16/02/2015,15,119
16/02/2015,16,96
16/02/2015,17,70
16/02/2015,18,46
16/02/2015,19,30
16/02/2015,20,13
16/02/2015,21,11
16/02/2015,22,15
16/02/2015,23,9
16/02/2016,0,2
16/02/2016,1,1
16/02/2016,2,2
16/02/2016,4,3
16/02/2016,5,13
16/02/2016,6,25
16/02/2016,7,49
16/02/2016,8,65
16/02/2016,9,49
16/02/2016,10,42
16/02/2016,11,53
16/02/2016,12,80
16/02/2016,13,113
16/02/2016,14,120
16/02/2016,15,172
16/02/2016,16,297
16/02/2016,17,695
16/02/2016,18,546
16/02/2016,19,338
16/02/2016,20,224
16/02/2016,21,190
16/02/2016,22,110
16/02/2016,23,49
16/02/2017,0,14
16/02/2017,1,6
16/02/2017,2,4
16/02/2017,3,3
16/02/2017,4,4
16/02/2017,5,59
16/02/2017,6,205
16/02/2017,7,584
16/02/2017,8,880
16/02/2017,9,467
16/02/2017,10,185
16/02/2017,11,226
16/02/2017,12,223
16/02/2017,13,223
16/02/2017,14,216
16/02/2017,15,270
16/02/2017,16,439
16/02/2017,17,820
16/02/2017,18,684
16/02/2017,19,327
16/02/2017,20,251
16/02/2017,21,183
16/02/2017,22,94
16/02/2017,23,60
16/02/2018,0,55
16/02/2018,1,44
16/02/2018,2,29
16/02/2018,3,13
16/02/2018,4,13
16/02/2018,5,41
16/02/2018,6,147
16/02/2018,7,352
16/02/2018,8,836
16/02/2018,9,505
16/02/2018,10,255
16/02/2018,11,328
16/02/2018,12,370
16/02/2018,13,334
16/02/2018,14,247
16/02/2018,15,417
16/02/2018,16,579
16/02/2018,17,937
16/02/2018,18,568
16/02/2018,19,321
16/02/2018,20,212
16/02/2018,21,117
16/02/2018,22,114
16/02/2018,23,88
16/03/2014,0,124
16/03/2014,1,108
16/03/2014,2,81
16/03/2014,3,33
16/03/2014,4,4
16/03/2014,5,5
16/03/2014,6,9
16/03/2014,7,39
16/03/2014,8,91
16/03/2014,9,247
16/03/2014,10,361
16/03/2014,11,468
16/03/2014,12,543
16/03/2014,13,573
16/03/2014,14,495
16/03/2014,15,448
16/03/2014,16,379
16/03/2014,17,326
16/03/2014,18,247
16/03/2014,19,110
16/03/2014,20,59
16/03/2014,21,36
16/03/2014,22,15
16/03/2014,23,12
16/03/2015,0,28
16/03/2015,1,4
16/03/2015,2,9
16/03/2015,3,4
16/03/2015,4,3
16/03/2015,5,41
16/03/2015,6,156
16/03/2015,7,528
16/03/2015,8,935
16/03/2015,9,419
16/03/2015,10,196
16/03/2015,11,254
16/03/2015,12,372
16/03/2015,13,380
16/03/2015,14,365
16/03/2015,15,484
16/03/2015,16,663
16/03/2015,17,1186
16/03/2015,18,1139
16/03/2015,19,630
16/03/2015,20,424
16/03/2015,21,316
16/03/2015,22,157
16/03/2015,23,88
16/03/2016,0,37
16/03/2016,1,18
16/03/2016,2,5
16/03/2016,3,10
16/03/2016,4,9
16/03/2016,5,82
16/03/2016,6,342
16/03/2016,7,947
16/03/2016,8,1331
16/03/2016,9,699
16/03/2016,10,424
16/03/2016,11,418
16/03/2016,12,527
16/03/2016,13,601
16/03/2016,14,627
16/03/2016,15,709
16/03/2016,16,1161
16/03/2016,17,1774
16/03/2016,18,1503
16/03/2016,19,822
16/03/2016,20,504
16/03/2016,21,435
16/03/2016,22,252
16/03/2016,23,119
16/03/2017,0,6
16/03/2017,1,9
16/03/2017,2,8
16/03/2017,3,2
16/03/2017,4,4
16/03/2017,5,38
16/03/2017,6,148
16/03/2017,7,336
16/03/2017,8,644
16/03/2017,9,314
16/03/2017,10,133
16/03/2017,11,116
16/03/2017,12,162
16/03/2017,13,176
16/03/2017,14,182
16/03/2017,15,235
16/03/2017,16,396
16/03/2017,17,788
16/03/2017,18,624
16/03/2017,19,332
16/03/2017,20,200
16/03/2017,21,169
16/03/2017,22,111
16/03/2017,23,46
16/03/2018,0,65
16/03/2018,1,16
16/03/2018,2,6
16/03/2018,3,4
16/03/2018,4,10
16/03/2018,5,68
16/03/2018,6,178
16/03/2018,7,427
16/03/2018,8,779
16/03/2018,9,465
16/03/2018,10,235
16/03/2018,11,289
16/03/2018,12,374
16/03/2018,13,361
16/03/2018,14,311
16/03/2018,15,438
16/03/2018,16,604
16/03/2018,17,999
16/03/2018,18,728
16/03/2018,19,368
16/03/2018,20,192
16/03/2018,21,177
16/03/2018,22,122
16/03/2018,23,117
16/04/2014,0,14
16/04/2014,1,10
16/04/2014,2,7
16/04/2014,3,2
16/04/2014,4,9
16/04/2014,5,38
16/04/2014,6,139
16/04/2014,7,387
16/04/2014,8,736
16/04/2014,9,386
16/04/2014,10,225
16/04/2014,11,257
16/04/2014,12,344
16/04/2014,13,334
16/04/2014,14,355
16/04/2014,15,409
16/04/2014,16,566
16/04/2014,17,1056
16/04/2014,18,902
16/04/2014,19,657
16/04/2014,20,386
16/04/2014,21,280
16/04/2014,22,166
16/04/2014,23,106
16/04/2015,0,59
16/04/2015,1,16
16/04/2015,2,16
16/04/2015,3,7
16/04/2015,4,8
16/04/2015,5,59
16/04/2015,6,262
16/04/2015,7,787
16/04/2015,8,1184
16/04/2015,9,574
16/04/2015,10,331
16/04/2015,11,444
16/04/2015,12,526
16/04/2015,13,523
16/04/2015,14,492
16/04/2015,15,565
16/04/2015,16,788
16/04/2015,17,1443
16/04/2015,18,1377
16/04/2015,19,818
16/04/2015,20,520
16/04/2015,21,467
16/04/2015,22,317
16/04/2015,23,108
16/04/2016,0,106
16/04/2016,1,75
16/04/2016,2,43
16/04/2016,3,18
16/04/2016,4,5
16/04/2016,5,13
16/04/2016,6,41
16/04/2016,7,122
16/04/2016,8,281
16/04/2016,9,573
16/04/2016,10,752
16/04/2016,11,969
16/04/2016,12,1295
16/04/2016,13,1178
16/04/2016,14,1204
16/04/2016,15,1377
16/04/2016,16,1211
16/04/2016,17,1110
16/04/2016,18,932
16/04/2016,19,773
16/04/2016,20,518
16/04/2016,21,405
16/04/2016,22,292
16/04/2016,23,212
16/04/2017,0,223
16/04/2017,1,124
16/04/2017,2,96
16/04/2017,3,42
16/04/2017,4,18
16/04/2017,5,36
16/04/2017,6,82
16/04/2017,7,123
16/04/2017,8,310
16/04/2017,9,599
16/04/2017,10,894
16/04/2017,11,1100
16/04/2017,12,1305
16/04/2017,13,1134
16/04/2017,14,1049
16/04/2017,15,1078
16/04/2017,16,1086
16/04/2017,17,1028
16/04/2017,18,809
16/04/2017,19,741
16/04/2017,20,493
16/04/2017,21,394
16/04/2017,22,239
16/04/2017,23,126
16/04/2018,0,11
16/04/2018,1,7
16/04/2018,2,1
16/04/2018,3,1
16/04/2018,4,7
16/04/2018,5,30
16/04/2018,6,150
16/04/2018,7,414
16/04/2018,8,607
16/04/2018,9,200
16/04/2018,10,127
16/04/2018,11,205
16/04/2018,12,261
16/04/2018,13,219
16/04/2018,14,198
16/04/2018,15,339
16/04/2018,16,586
16/04/2018,17,1079
16/04/2018,18,854
16/04/2018,19,486
16/04/2018,20,338
16/04/2018,21,205
16/04/2018,22,131
16/04/2018,23,65
16/05/2014,0,37
16/05/2014,1,7
16/05/2014,2,5
16/05/2014,3,4
16/05/2014,4,3
16/05/2014,5,14
16/05/2014,6,25
16/05/2014,7,99
16/05/2014,8,169
16/05/2014,9,343
16/05/2014,10,208
16/05/2014,11,287
16/05/2014,12,440
16/05/2014,13,480
16/05/2014,14,462
16/05/2014,15,532
16/05/2014,16,777
16/05/2014,17,1116
16/05/2014,18,978
16/05/2014,19,672
16/05/2014,20,499
16/05/2014,21,397
16/05/2014,22,260
16/05/2014,23,219
16/05/2015,0,170
16/05/2015,1,103
16/05/2015,2,85
16/05/2015,3,50
16/05/2015,4,17
16/05/2015,5,31
16/05/2015,6,54
16/05/2015,7,162
16/05/2015,8,348
16/05/2015,9,634
16/05/2015,10,821
16/05/2015,11,970
16/05/2015,12,1136
16/05/2015,13,1062
16/05/2015,14,1088
16/05/2015,15,1032
16/05/2015,16,1032
16/05/2015,17,885
16/05/2015,18,114
16/05/2015,19,291
16/05/2015,20,356
16/05/2015,21,289
16/05/2015,22,264
16/05/2015,23,214
16/05/2016,0,28
16/05/2016,1,22
16/05/2016,2,3
16/05/2016,3,1
16/05/2016,4,4
16/05/2016,5,70
16/05/2016,6,236
16/05/2016,7,740
16/05/2016,8,1092
16/05/2016,9,510
16/05/2016,10,305
16/05/2016,11,409
16/05/2016,12,496
16/05/2016,13,488
16/05/2016,14,535
16/05/2016,15,636
16/05/2016,16,863
16/05/2016,17,1500
16/05/2016,18,1272
16/05/2016,19,811
16/05/2016,20,597
16/05/2016,21,417
16/05/2016,22,215
16/05/2016,23,107
16/05/2017,0,40
16/05/2017,1,9
16/05/2017,2,5
16/05/2017,3,4
16/05/2017,4,10
16/05/2017,5,102
16/05/2017,6,389
16/05/2017,7,1056
16/05/2017,8,1367
16/05/2017,9,552
16/05/2017,10,401
16/05/2017,11,475
16/05/2017,12,567
16/05/2017,13,588
16/05/2017,14,522
16/05/2017,15,719
16/05/2017,16,1061
16/05/2017,17,1836
16/05/2017,18,1375
16/05/2017,19,923
16/05/2017,20,691
16/05/2017,21,485
16/05/2017,22,282
16/05/2017,23,181
16/06/2014,0,61
16/06/2014,1,20
16/06/2014,2,2
16/06/2014,3,2
16/06/2014,4,12
16/06/2014,5,67
16/06/2014,6,270
16/06/2014,7,694
16/06/2014,8,992
16/06/2014,9,457
16/06/2014,10,373
16/06/2014,11,383
16/06/2014,12,389
16/06/2014,13,400
16/06/2014,14,403
16/06/2014,15,416
16/06/2014,16,704
16/06/2014,17,1429
16/06/2014,18,1003
16/06/2014,19,623
16/06/2014,20,843
16/06/2014,21,482
16/06/2014,22,278
16/06/2014,23,129
16/06/2015,0,42
16/06/2015,1,16
16/06/2015,2,11
16/06/2015,3,5
16/06/2015,4,9
16/06/2015,5,108
16/06/2015,6,325
16/06/2015,7,940
16/06/2015,8,1204
16/06/2015,9,502
16/06/2015,10,294
16/06/2015,11,356
16/06/2015,12,430
16/06/2015,13,420
16/06/2015,14,415
16/06/2015,15,469
16/06/2015,16,779
16/06/2015,17,1352
16/06/2015,18,1299
16/06/2015,19,919
16/06/2015,20,689
16/06/2015,21,453
16/06/2015,22,314
16/06/2015,23,149
16/06/2016,0,83
16/06/2016,1,32
16/06/2016,2,16
16/06/2016,3,3
16/06/2016,4,13
16/06/2016,5,90
16/06/2016,6,336
16/06/2016,7,890
16/06/2016,8,1152
16/06/2016,9,612
16/06/2016,10,339
16/06/2016,11,383
16/06/2016,12,496
16/06/2016,13,459
16/06/2016,14,442
16/06/2016,15,513
16/06/2016,16,812
16/06/2016,17,1660
16/06/2016,18,1328
16/06/2016,19,775
16/06/2016,20,484
16/06/2016,21,52
16/06/2016,22,24
16/06/2016,23,62
16/06/2017,0,99
16/06/2017,1,41
16/06/2017,2,21
16/06/2017,3,11
16/06/2017,4,17
16/06/2017,5,108
16/06/2017,6,344
16/06/2017,7,810
16/06/2017,8,1207
16/06/2017,9,734
16/06/2017,10,464
16/06/2017,11,572
16/06/2017,12,632
16/06/2017,13,658
16/06/2017,14,588
16/06/2017,15,747
16/06/2017,16,1069
16/06/2017,17,1535
16/06/2017,18,1119
16/06/2017,19,729
16/06/2017,20,454
16/06/2017,21,249
16/06/2017,22,117
16/06/2017,23,140
16/07/2014,0,30
16/07/2014,1,18
16/07/2014,2,11
16/07/2014,3,3
16/07/2014,4,14
16/07/2014,5,82
16/07/2014,6,304
16/07/2014,7,762
16/07/2014,8,1052
16/07/2014,9,469
16/07/2014,10,320
16/07/2014,11,346
16/07/2014,12,452
16/07/2014,13,450
16/07/2014,14,418
16/07/2014,15,495
16/07/2014,16,697
16/07/2014,17,1357
16/07/2014,18,1215
16/07/2014,19,944
16/07/2014,20,753
16/07/2014,21,542
16/07/2014,22,381
16/07/2014,23,193
16/07/2015,0,93
16/07/2015,1,17
16/07/2015,2,14
16/07/2015,3,3
16/07/2015,4,11
16/07/2015,5,94
16/07/2015,6,328
16/07/2015,7,908
16/07/2015,8,1286
16/07/2015,9,598
16/07/2015,10,379
16/07/2015,11,424
16/07/2015,12,596
16/07/2015,13,512
16/07/2015,14,472
16/07/2015,15,583
16/07/2015,16,874
16/07/2015,17,1514
16/07/2015,18,1442
16/07/2015,19,1070
16/07/2015,20,791
16/07/2015,21,526
16/07/2015,22,466
16/07/2015,23,256
16/07/2016,0,220
16/07/2016,1,153
16/07/2016,2,90
16/07/2016,3,57
16/07/2016,4,26
16/07/2016,5,24
16/07/2016,6,81
16/07/2016,7,218
16/07/2016,8,453
16/07/2016,9,728
16/07/2016,10,970
16/07/2016,11,1148
16/07/2016,12,1240
16/07/2016,13,1290
16/07/2016,14,1153
16/07/2016,15,1108
16/07/2016,16,1143
16/07/2016,17,982
16/07/2016,18,380
16/07/2016,19,368
16/07/2016,20,611
16/07/2016,21,554
16/07/2016,22,441
16/07/2016,23,399
16/07/2017,0,270
16/07/2017,1,167
16/07/2017,2,102
16/07/2017,3,72
16/07/2017,4,26
16/07/2017,5,27
16/07/2017,6,69
16/07/2017,7,146
16/07/2017,8,382
16/07/2017,9,591
16/07/2017,10,874
16/07/2017,11,972
16/07/2017,12,1058
16/07/2017,13,1123
16/07/2017,14,1090
16/07/2017,15,1097
16/07/2017,16,1055
16/07/2017,17,986
16/07/2017,18,901
16/07/2017,19,839
16/07/2017,20,767
16/07/2017,21,415
16/07/2017,22,377
16/07/2017,23,178
16/08/2014,0,198
16/08/2014,1,136
16/08/2014,2,82
16/08/2014,3,46
16/08/2014,4,22
16/08/2014,5,18
16/08/2014,6,55
16/08/2014,7,126
16/08/2014,8,273
16/08/2014,9,455
16/08/2014,10,654
16/08/2014,11,847
16/08/2014,12,966
16/08/2014,13,1045
16/08/2014,14,1061
16/08/2014,15,1051
16/08/2014,16,967
16/08/2014,17,927
16/08/2014,18,902
16/08/2014,19,721
16/08/2014,20,553
16/08/2014,21,417
16/08/2014,22,413
16/08/2014,23,316
16/08/2015,0,192
16/08/2015,1,135
16/08/2015,2,92
16/08/2015,3,55
16/08/2015,4,9
16/08/2015,5,18
16/08/2015,6,37
16/08/2015,7,89
16/08/2015,8,236
16/08/2015,9,478
16/08/2015,10,714
16/08/2015,11,881
16/08/2015,12,909
16/08/2015,13,845
16/08/2015,14,805
16/08/2015,15,772
16/08/2015,16,754
16/08/2015,17,727
16/08/2015,18,668
16/08/2015,19,669
16/08/2015,20,487
16/08/2015,21,290
16/08/2015,22,218
16/08/2015,23,112
16/08/2016,0,30
16/08/2016,1,15
16/08/2016,2,7
16/08/2016,3,6
16/08/2016,4,10
16/08/2016,5,98
16/08/2016,6,350
16/08/2016,7,913
16/08/2016,8,1186
16/08/2016,9,519
16/08/2016,10,355
16/08/2016,11,381
16/08/2016,12,403
16/08/2016,13,387
16/08/2016,14,372
16/08/2016,15,416
16/08/2016,16,741
16/08/2016,17,1446
16/08/2016,18,1258
16/08/2016,19,937
16/08/2016,20,655
16/08/2016,21,429
16/08/2016,22,276
16/08/2016,23,126
16/08/2017,0,61
16/08/2017,1,28
16/08/2017,2,20
16/08/2017,3,8
16/08/2017,4,13
16/08/2017,5,114
16/08/2017,6,393
16/08/2017,7,893
16/08/2017,8,1319
16/08/2017,9,627
16/08/2017,10,464
16/08/2017,11,528
16/08/2017,12,713
16/08/2017,13,629
16/08/2017,14,493
16/08/2017,15,625
16/08/2017,16,980
16/08/2017,17,1576
16/08/2017,18,1439
16/08/2017,19,992
16/08/2017,20,660
16/08/2017,21,481
16/08/2017,22,322
16/08/2017,23,199
16/09/2014,0,63
16/09/2014,1,29
16/09/2014,2,6
16/09/2014,3,5
16/09/2014,4,13
16/09/2014,5,79
16/09/2014,6,351
16/09/2014,7,982
16/09/2014,8,1201
16/09/2014,9,566
16/09/2014,10,333
16/09/2014,11,399
16/09/2014,12,511
16/09/2014,13,462
16/09/2014,14,424
16/09/2014,15,561
16/09/2014,16,794
16/09/2014,17,1502
16/09/2014,18,1431
16/09/2014,19,922
16/09/2014,20,623
16/09/2014,21,445
16/09/2014,22,295
16/09/2014,23,137
16/09/2015,0,65
16/09/2015,1,22
16/09/2015,2,4
16/09/2015,3,6
16/09/2015,4,13
16/09/2015,5,115
16/09/2015,6,402
16/09/2015,7,980
16/09/2015,8,1264
16/09/2015,9,528
16/09/2015,10,321
16/09/2015,11,407
16/09/2015,12,469
16/09/2015,13,444
16/09/2015,14,408
16/09/2015,15,500
16/09/2015,16,815
16/09/2015,17,1501
16/09/2015,18,1388
16/09/2015,19,952
16/09/2015,20,544
16/09/2015,21,374
16/09/2015,22,239
16/09/2015,23,177
16/09/2016,0,82
16/09/2016,1,38
16/09/2016,2,38
16/09/2016,3,17
16/09/2016,4,16
16/09/2016,5,106
16/09/2016,6,318
16/09/2016,7,964
16/09/2016,8,1258
16/09/2016,9,559
16/09/2016,10,422
16/09/2016,11,546
16/09/2016,12,628
16/09/2016,13,636
16/09/2016,14,639
16/09/2016,15,761
16/09/2016,16,1074
16/09/2016,17,1674
16/09/2016,18,1222
16/09/2016,19,787
16/09/2016,20,506
16/09/2016,21,375
16/09/2016,22,300
16/09/2016,23,245
16/09/2017,0,211
16/09/2017,1,155
16/09/2017,2,73
16/09/2017,3,39
16/09/2017,4,16
16/09/2017,5,28
16/09/2017,6,60
16/09/2017,7,185
16/09/2017,8,442
16/09/2017,9,723
16/09/2017,10,974
16/09/2017,11,1147
16/09/2017,12,1365
16/09/2017,13,1331
16/09/2017,14,1249
16/09/2017,15,1209
16/09/2017,16,1347
16/09/2017,17,1182
16/09/2017,18,1055
16/09/2017,19,847
16/09/2017,20,556
16/09/2017,21,432
16/09/2017,22,394
16/09/2017,23,277
16/10/2014,0,41
16/10/2014,1,27
16/10/2014,2,11
16/10/2014,3,2
16/10/2014,4,15
16/10/2014,5,70
16/10/2014,6,284
16/10/2014,7,694
16/10/2014,8,1059
16/10/2014,9,466
16/10/2014,10,281
16/10/2014,11,337
16/10/2014,12,410
16/10/2014,13,404
16/10/2014,14,306
16/10/2014,15,457
16/10/2014,16,707
16/10/2014,17,1251
16/10/2014,18,1177
16/10/2014,19,668
16/10/2014,20,488
16/10/2014,21,440
16/10/2014,22,315
16/10/2014,23,166
16/10/2015,0,76
16/10/2015,1,52
16/10/2015,2,19
16/10/2015,3,5
16/10/2015,4,6
16/10/2015,5,75
16/10/2015,6,233
16/10/2015,7,712
16/10/2015,8,1253
16/10/2015,9,587
16/10/2015,10,399
16/10/2015,11,466
16/10/2015,12,544
16/10/2015,13,578
16/10/2015,14,547
16/10/2015,15,584
16/10/2015,16,867
16/10/2015,17,1420
16/10/2015,18,1084
16/10/2015,19,602
16/10/2015,20,422
16/10/2015,21,308
16/10/2015,22,232
16/10/2015,23,192
16/10/2016,0,149
16/10/2016,1,116
16/10/2016,2,69
16/10/2016,3,41
16/10/2016,4,19
16/10/2016,5,12
16/10/2016,6,29
16/10/2016,7,102
16/10/2016,8,196
16/10/2016,9,437
16/10/2016,10,752
16/10/2016,11,966
16/10/2016,12,1020
16/10/2016,13,1039
16/10/2016,14,1069
16/10/2016,15,960
16/10/2016,16,1086
16/10/2016,17,953
16/10/2016,18,831
16/10/2016,19,529
16/10/2016,20,361
16/10/2016,21,262
16/10/2016,22,175
16/10/2016,23,80
16/10/2017,0,51
16/10/2017,1,14
16/10/2017,2,25
16/10/2017,3,9
16/10/2017,4,9
16/10/2017,5,66
16/10/2017,6,237
16/10/2017,7,705
16/10/2017,8,1196
16/10/2017,9,599
16/10/2017,10,372
16/10/2017,11,406
16/10/2017,12,576
16/10/2017,13,608
16/10/2017,14,507
16/10/2017,15,626
16/10/2017,16,1004
16/10/2017,17,1672
16/10/2017,18,1236
16/10/2017,19,745
16/10/2017,20,461
16/10/2017,21,326
16/10/2017,22,234
16/10/2017,23,121
16/11/2014,0,89
16/11/2014,1,83
16/11/2014,2,67
16/11/2014,3,30
16/11/2014,4,3
16/11/2014,5,11
16/11/2014,6,11
16/11/2014,7,52
16/11/2014,8,143
16/11/2014,9,240
16/11/2014,10,421
16/11/2014,11,450
16/11/2014,12,518
16/11/2014,13,472
16/11/2014,14,455
16/11/2014,15,415
16/11/2014,16,389
16/11/2014,17,167
16/11/2014,18,153
16/11/2014,19,143
16/11/2014,20,139
16/11/2014,21,117
16/11/2014,22,105
16/11/2014,23,64
16/11/2015,0,28
16/11/2015,1,13
16/11/2015,2,9
16/11/2015,3,5
16/11/2015,4,7
16/11/2015,5,65
16/11/2015,6,224
16/11/2015,7,756
16/11/2015,8,1155
16/11/2015,9,478
16/11/2015,10,272
16/11/2015,11,312
16/11/2015,12,346
16/11/2015,13,353
16/11/2015,14,293
16/11/2015,15,427
16/11/2015,16,697
16/11/2015,17,1214
16/11/2015,18,1013
16/11/2015,19,578
16/11/2015,20,383
16/11/2015,21,296
16/11/2015,22,157
16/11/2015,23,75
16/11/2016,0,32
16/11/2016,1,17
16/11/2016,2,8
16/11/2016,3,1
16/11/2016,4,8
16/11/2016,5,95
16/11/2016,6,326
16/11/2016,7,942
16/11/2016,8,1237
16/11/2016,9,610
16/11/2016,10,297
16/11/2016,11,370
16/11/2016,12,425
16/11/2016,13,434
16/11/2016,14,367
16/11/2016,15,322
16/11/2016,16,654
16/11/2016,17,1181
16/11/2016,18,978
16/11/2016,19,630
16/11/2016,20,446
16/11/2016,21,320
16/11/2016,22,238
16/11/2016,23,108
16/11/2017,0,55
16/11/2017,1,14
16/11/2017,2,9
16/11/2017,3,5
16/11/2017,4,19
16/11/2017,5,89
16/11/2017,6,337
16/11/2017,7,844
16/11/2017,8,1234
16/11/2017,9,561
16/11/2017,10,307
16/11/2017,11,369
16/11/2017,12,482
16/11/2017,13,422
16/11/2017,14,446
16/11/2017,15,560
16/11/2017,16,763
16/11/2017,17,1187
16/11/2017,18,973
16/11/2017,19,590
16/11/2017,20,385
16/11/2017,21,254
16/11/2017,22,178
16/11/2017,23,117
16/12/2014,0,34
16/12/2014,1,17
16/12/2014,2,4
16/12/2014,3,4
16/12/2014,4,3
16/12/2014,5,65
16/12/2014,6,214
16/12/2014,7,634
16/12/2014,8,1125
16/12/2014,9,536
16/12/2014,10,155
16/12/2014,11,44
16/12/2014,12,42
16/12/2014,13,110
16/12/2014,14,66
16/12/2014,15,165
16/12/2014,16,330
16/12/2014,17,653
16/12/2014,18,578
16/12/2014,19,431
16/12/2014,20,282
16/12/2014,21,242
16/12/2014,22,138
16/12/2014,23,75
16/12/2015,0,36
16/12/2015,1,19
16/12/2015,2,4
16/12/2015,3,4
16/12/2015,4,8
16/12/2015,5,75
16/12/2015,6,268
16/12/2015,7,699
16/12/2015,8,1081
16/12/2015,9,525
16/12/2015,10,254
16/12/2015,11,273
16/12/2015,12,343
16/12/2015,13,340
16/12/2015,14,306
16/12/2015,15,363
16/12/2015,16,606
16/12/2015,17,984
16/12/2015,18,926
16/12/2015,19,554
16/12/2015,20,365
16/12/2015,21,286
16/12/2015,22,193
16/12/2015,23,113
16/12/2016,0,19
16/12/2016,1,10
16/12/2016,2,1
16/12/2016,3,1
16/12/2016,4,6
16/12/2016,5,36
16/12/2016,6,121
16/12/2016,7,321
16/12/2016,8,621
16/12/2016,9,338
16/12/2016,10,161
16/12/2016,11,188
16/12/2016,12,199
16/12/2016,13,198
16/12/2016,14,177
16/12/2016,15,259
16/12/2016,16,365
16/12/2016,17,489
16/12/2016,18,414
16/12/2016,19,195
16/12/2016,20,143
16/12/2016,21,111
16/12/2016,22,85
16/12/2016,23,59
16/12/2017,0,45
16/12/2017,1,39
16/12/2017,2,31
16/12/2017,3,18
16/12/2017,4,5
16/12/2017,5,7
16/12/2017,6,21
16/12/2017,7,77
16/12/2017,8,152
16/12/2017,9,215
16/12/2017,10,325
16/12/2017,11,424
16/12/2017,12,473
16/12/2017,13,426
16/12/2017,14,490
16/12/2017,15,513
16/12/2017,16,460
16/12/2017,17,387
16/12/2017,18,286
16/12/2017,19,234
16/12/2017,20,152
16/12/2017,21,137
16/12/2017,22,146
16/12/2017,23,121
17/01/2014,0,51
17/01/2014,1,14
17/01/2014,2,12
17/01/2014,3,2
17/01/2014,4,3
17/01/2014,5,36
17/01/2014,6,119
17/01/2014,7,349
17/01/2014,8,781
17/01/2014,9,406
17/01/2014,10,199
17/01/2014,11,214
17/01/2014,12,296
17/01/2014,13,314
17/01/2014,14,306
17/01/2014,15,328
17/01/2014,16,462
17/01/2014,17,684
17/01/2014,18,559
17/01/2014,19,368
17/01/2014,20,225
17/01/2014,21,172
17/01/2014,22,132
17/01/2014,23,106
17/01/2015,0,75
17/01/2015,1,63
17/01/2015,2,32
17/01/2015,3,12
17/01/2015,4,7
17/01/2015,5,6
17/01/2015,6,16
17/01/2015,7,50
17/01/2015,8,111
17/01/2015,9,202
17/01/2015,10,275
17/01/2015,11,344
17/01/2015,12,395
17/01/2015,13,403
17/01/2015,14,406
17/01/2015,15,447
17/01/2015,16,318
17/01/2015,17,283
17/01/2015,18,222
17/01/2015,19,173
17/01/2015,20,125
17/01/2015,21,98
17/01/2015,22,84
17/01/2015,23,70
17/01/2016,0,73
17/01/2016,1,49
17/01/2016,2,55
17/01/2016,3,37
17/01/2016,4,7
17/01/2016,5,6
17/01/2016,6,16
17/01/2016,7,35
17/01/2016,8,81
17/01/2016,9,192
17/01/2016,10,322
17/01/2016,11,336
17/01/2016,12,311
17/01/2016,13,195
17/01/2016,14,157
17/01/2016,15,254
17/01/2016,16,327
17/01/2016,17,242
17/01/2016,18,187
17/01/2016,19,147
17/01/2016,20,133
17/01/2016,21,102
17/01/2016,22,90
17/01/2016,23,46
17/01/2017,0,16
17/01/2017,1,8
17/01/2017,2,7
17/01/2017,4,9
17/01/2017,5,66
17/01/2017,6,228
17/01/2017,7,552
17/01/2017,8,870
17/01/2017,9,283
17/01/2017,10,56
17/01/2017,11,139
17/01/2017,12,190
17/01/2017,13,153
17/01/2017,14,81
17/01/2017,15,115
17/01/2017,16,339
17/01/2017,17,712
17/01/2017,18,685
17/01/2017,19,420
17/01/2017,20,300
17/01/2017,21,188
17/01/2017,22,100
17/01/2017,23,57
17/01/2018,0,9
17/01/2018,1,11
17/01/2018,2,4
17/01/2018,3,5
17/01/2018,4,6
17/01/2018,5,51
17/01/2018,6,96
17/01/2018,7,266
17/01/2018,8,491
17/01/2018,9,263
17/01/2018,10,125
17/01/2018,11,126
17/01/2018,12,158
17/01/2018,13,138
17/01/2018,14,122
17/01/2018,15,176
17/01/2018,16,346
17/01/2018,17,612
17/01/2018,18,502
17/01/2018,19,257
17/01/2018,20,166
17/01/2018,21,101
17/01/2018,22,50
17/01/2018,23,27
17/02/2014,0,23
17/02/2014,1,24
17/02/2014,2,9
17/02/2014,3,10
17/02/2014,4,2
17/02/2014,5,9
17/02/2014,6,32
17/02/2014,7,64
17/02/2014,8,168
17/02/2014,9,177
17/02/2014,10,169
17/02/2014,11,229
17/02/2014,12,264
17/02/2014,13,272
17/02/2014,14,253
17/02/2014,15,275
17/02/2014,16,271
17/02/2014,17,291
17/02/2014,18,288
17/02/2014,19,170
17/02/2014,20,122
17/02/2014,21,89
17/02/2014,22,53
17/02/2014,23,47
17/02/2015,0,12
17/02/2015,1,7
17/02/2015,3,1
17/02/2015,5,2
17/02/2015,6,5
17/02/2015,7,11
17/02/2015,8,35
17/02/2015,9,40
17/02/2015,10,41
17/02/2015,11,51
17/02/2015,12,70
17/02/2015,13,86
17/02/2015,14,80
17/02/2015,15,94
17/02/2015,16,109
17/02/2015,17,127
17/02/2015,18,123
17/02/2015,19,97
17/02/2015,20,71
17/02/2015,21,50
17/02/2015,22,49
17/02/2015,23,17
17/02/2016,0,15
17/02/2016,1,7
17/02/2016,2,2
17/02/2016,3,2
17/02/2016,4,5
17/02/2016,5,54
17/02/2016,6,181
17/02/2016,7,503
17/02/2016,8,869
17/02/2016,9,380
17/02/2016,10,158
17/02/2016,11,195
17/02/2016,12,246
17/02/2016,13,212
17/02/2016,14,190
17/02/2016,15,234
17/02/2016,16,440
17/02/2016,17,773
17/02/2016,18,633
17/02/2016,19,365
17/02/2016,20,273
17/02/2016,21,186
17/02/2016,22,114
17/02/2016,23,60
17/02/2017,0,25
17/02/2017,1,24
17/02/2017,2,5
17/02/2017,3,1
17/02/2017,4,7
17/02/2017,5,51
17/02/2017,6,155
17/02/2017,7,451
17/02/2017,8,876
17/02/2017,9,436
17/02/2017,10,220
17/02/2017,11,260
17/02/2017,12,398
17/02/2017,13,361
17/02/2017,14,383
17/02/2017,15,471
17/02/2017,16,680
17/02/2017,17,881
17/02/2017,18,597
17/02/2017,19,395
17/02/2017,20,225
17/02/2017,21,156
17/02/2017,22,125
17/02/2017,23,99
17/02/2018,0,59
17/02/2018,1,36
17/02/2018,2,41
17/02/2018,3,18
17/02/2018,4,5
17/02/2018,5,12
17/02/2018,6,26
17/02/2018,7,62
17/02/2018,8,134
17/02/2018,9,260
17/02/2018,10,372
17/02/2018,11,460
17/02/2018,12,491
17/02/2018,13,455
17/02/2018,14,216
17/02/2018,15,93
17/02/2018,16,60
17/02/2018,17,38
17/02/2018,18,25
17/02/2018,19,57
17/02/2018,20,57
17/02/2018,21,45
17/02/2018,22,46
17/02/2018,23,53
17/03/2014,0,5
17/03/2014,1,4
17/03/2014,2,1
17/03/2014,3,3
17/03/2014,4,1
17/03/2014,5,3
17/03/2014,6,4
17/03/2014,7,7
17/03/2014,8,20
17/03/2014,9,30
17/03/2014,10,31
17/03/2014,11,41
17/03/2014,12,37
17/03/2014,13,62
17/03/2014,14,80
17/03/2014,15,84
17/03/2014,16,109
17/03/2014,17,143
17/03/2014,18,166
17/03/2014,19,176
17/03/2014,20,102
17/03/2014,21,77
17/03/2014,22,53
17/03/2014,23,40
17/03/2015,0,52
17/03/2015,1,18
17/03/2015,2,7
17/03/2015,3,4
17/03/2015,4,5
17/03/2015,5,58
17/03/2015,6,205
17/03/2015,7,623
17/03/2015,8,1057
17/03/2015,9,482
17/03/2015,10,273
17/03/2015,11,299
17/03/2015,12,420
17/03/2015,13,393
17/03/2015,14,366
17/03/2015,15,442
17/03/2015,16,732
17/03/2015,17,1195
17/03/2015,18,1034
17/03/2015,19,550
17/03/2015,20,354
17/03/2015,21,208
17/03/2015,22,172
17/03/2015,23,78
17/03/2016,0,35
17/03/2016,1,15
17/03/2016,2,13
17/03/2016,3,4
17/03/2016,4,4
17/03/2016,5,73
17/03/2016,6,233
17/03/2016,7,676
17/03/2016,8,1253
17/03/2016,9,587
17/03/2016,10,350
17/03/2016,11,424
17/03/2016,12,505
17/03/2016,13,469
17/03/2016,14,392
17/03/2016,15,512
17/03/2016,16,780
17/03/2016,17,1271
17/03/2016,18,1205
17/03/2016,19,688
17/03/2016,20,429
17/03/2016,21,338
17/03/2016,22,275
17/03/2016,23,142
17/03/2017,0,27
17/03/2017,1,7
17/03/2017,2,6
17/03/2017,3,4
17/03/2017,4,9
17/03/2017,5,50
17/03/2017,6,147
17/03/2017,7,377
17/03/2017,8,767
17/03/2017,9,403
17/03/2017,10,228
17/03/2017,11,248
17/03/2017,12,379
17/03/2017,13,398
17/03/2017,14,372
17/03/2017,15,486
17/03/2017,16,636
17/03/2017,17,979
17/03/2017,18,665
17/03/2017,19,366
17/03/2017,20,216
17/03/2017,21,169
17/03/2017,22,146
17/03/2017,23,122
17/03/2018,0,86
17/03/2018,1,54
17/03/2018,2,25
17/03/2018,3,20
17/03/2018,4,10
17/03/2018,5,11
17/03/2018,6,24
17/03/2018,7,65
17/03/2018,8,175
17/03/2018,9,328
17/03/2018,10,439
17/03/2018,11,483
17/03/2018,12,511
17/03/2018,13,506
17/03/2018,14,424
17/03/2018,15,433
17/03/2018,16,426
17/03/2018,17,392
17/03/2018,18,380
17/03/2018,19,274
17/03/2018,20,178
17/03/2018,21,150
17/03/2018,22,147
17/03/2018,23,104
17/04/2014,0,39
17/04/2014,1,18
17/04/2014,2,11
17/04/2014,3,4
17/04/2014,4,8
17/04/2014,5,40
17/04/2014,6,175
17/04/2014,7,467
17/04/2014,8,914
17/04/2014,9,433
17/04/2014,10,283
17/04/2014,11,310
17/04/2014,12,405
17/04/2014,13,447
17/04/2014,14,396
17/04/2014,15,455
17/04/2014,16,613
17/04/2014,17,1069
17/04/2014,18,983
17/04/2014,19,617
17/04/2014,20,385
17/04/2014,21,293
17/04/2014,22,163
17/04/2014,23,96
17/04/2015,0,29
17/04/2015,1,14
17/04/2015,2,18
17/04/2015,3,3
17/04/2015,4,4
17/04/2015,5,59
17/04/2015,6,203
17/04/2015,7,706
17/04/2015,8,1126
17/04/2015,9,604
17/04/2015,10,466
17/04/2015,11,523
17/04/2015,12,682
17/04/2015,13,618
17/04/2015,14,630
17/04/2015,15,739
17/04/2015,16,983
17/04/2015,17,1515
17/04/2015,18,1142
17/04/2015,19,715
17/04/2015,20,564
17/04/2015,21,500
17/04/2015,22,402
17/04/2015,23,305
17/04/2016,0,131
17/04/2016,1,99
17/04/2016,2,66
17/04/2016,3,33
17/04/2016,4,5
17/04/2016,5,12
17/04/2016,6,24
17/04/2016,7,72
17/04/2016,8,270
17/04/2016,9,479
17/04/2016,10,734
17/04/2016,11,984
17/04/2016,12,1127
17/04/2016,13,1207
17/04/2016,14,1146
17/04/2016,15,1175
17/04/2016,16,1074
17/04/2016,17,1058
17/04/2016,18,879
17/04/2016,19,720
17/04/2016,20,481
17/04/2016,21,337
17/04/2016,22,169
17/04/2016,23,85
17/04/2017,0,73
17/04/2017,1,26
17/04/2017,2,16
17/04/2017,3,12
17/04/2017,4,14
17/04/2017,5,77
17/04/2017,6,257
17/04/2017,7,620
17/04/2017,8,822
17/04/2017,9,528
17/04/2017,10,364
17/04/2017,11,183
17/04/2017,12,107
17/04/2017,13,301
17/04/2017,14,460
17/04/2017,15,608
17/04/2017,16,852
17/04/2017,17,1552
17/04/2017,18,1255
17/04/2017,19,880
17/04/2017,20,565
17/04/2017,21,373
17/04/2017,22,236
17/04/2017,23,97
17/04/2018,0,28
17/04/2018,1,8
17/04/2018,2,6
17/04/2018,3,2
17/04/2018,4,10
17/04/2018,5,77
17/04/2018,6,303
17/04/2018,7,725
17/04/2018,8,1350
17/04/2018,9,628
17/04/2018,10,292
17/04/2018,11,292
17/04/2018,12,360
17/04/2018,13,299
17/04/2018,14,291
17/04/2018,15,384
17/04/2018,16,574
17/04/2018,17,1118
17/04/2018,18,941
17/04/2018,19,559
17/04/2018,20,324
17/04/2018,21,243
17/04/2018,22,127
17/04/2018,23,58
17/05/2014,0,135
17/05/2014,1,121
17/05/2014,2,83
17/05/2014,3,30
17/05/2014,4,17
17/05/2014,5,13
17/05/2014,6,42
17/05/2014,7,121
17/05/2014,8,283
17/05/2014,9,445
17/05/2014,10,603
17/05/2014,11,764
17/05/2014,12,922
17/05/2014,13,982
17/05/2014,14,989
17/05/2014,15,1047
17/05/2014,16,924
17/05/2014,17,852
17/05/2014,18,761
17/05/2014,19,647
17/05/2014,20,457
17/05/2014,21,409
17/05/2014,22,324
17/05/2014,23,232
17/05/2015,0,152
17/05/2015,1,120
17/05/2015,2,103
17/05/2015,3,53
17/05/2015,4,15
17/05/2015,5,21
17/05/2015,6,38
17/05/2015,7,145
17/05/2015,8,256
17/05/2015,9,380
17/05/2015,10,655
17/05/2015,11,792
17/05/2015,12,945
17/05/2015,13,897
17/05/2015,14,876
17/05/2015,15,882
17/05/2015,16,880
17/05/2015,17,845
17/05/2015,18,806
17/05/2015,19,681
17/05/2015,20,560
17/05/2015,21,392
17/05/2015,22,281
17/05/2015,23,167
17/05/2016,0,35
17/05/2016,1,13
17/05/2016,2,9
17/05/2016,3,5
17/05/2016,4,5
17/05/2016,5,73
17/05/2016,6,290
17/05/2016,7,687
17/05/2016,8,576
17/05/2016,9,203
17/05/2016,10,85
17/05/2016,11,61
17/05/2016,12,72
17/05/2016,13,93
17/05/2016,14,66
17/05/2016,15,86
17/05/2016,16,228
17/05/2016,17,673
17/05/2016,18,765
17/05/2016,19,573
17/05/2016,20,316
17/05/2016,21,226
17/05/2016,22,147
17/05/2016,23,87
17/05/2017,0,52
17/05/2017,1,19
17/05/2017,2,19
17/05/2017,3,1
17/05/2017,4,15
17/05/2017,5,103
17/05/2017,6,424
17/05/2017,7,1003
17/05/2017,8,1253
17/05/2017,9,603
17/05/2017,10,382
17/05/2017,11,438
17/05/2017,12,545
17/05/2017,13,486
17/05/2017,14,462
17/05/2017,15,556
17/05/2017,16,912
17/05/2017,17,1570
17/05/2017,18,1404
17/05/2017,19,934
17/05/2017,20,682
17/05/2017,21,427
17/05/2017,22,314
17/05/2017,23,175
17/06/2014,0,43
17/06/2014,1,16
17/06/2014,2,6
17/06/2014,3,4
17/06/2014,4,14
17/06/2014,5,82
17/06/2014,6,299
17/06/2014,7,819
17/06/2014,8,1107
17/06/2014,9,466
17/06/2014,10,301
17/06/2014,11,309
17/06/2014,12,354
17/06/2014,13,320
17/06/2014,14,376
17/06/2014,15,400
17/06/2014,16,604
17/06/2014,17,1253
17/06/2014,18,1186
17/06/2014,19,818
17/06/2014,20,742
17/06/2014,21,463
17/06/2014,22,338
17/06/2014,23,186
17/06/2015,0,91
17/06/2015,1,17
17/06/2015,2,11
17/06/2015,3,1
17/06/2015,4,11
17/06/2015,5,107
17/06/2015,6,370
17/06/2015,7,885
17/06/2015,8,1208
17/06/2015,9,534
17/06/2015,10,299
17/06/2015,11,394
17/06/2015,12,493
17/06/2015,13,448
17/06/2015,14,378
17/06/2015,15,417
17/06/2015,16,741
17/06/2015,17,1339
17/06/2015,18,1332
17/06/2015,19,835
17/06/2015,20,582
17/06/2015,21,237
17/06/2015,22,333
17/06/2015,23,112
17/06/2016,0,61
17/06/2016,1,29
17/06/2016,2,21
17/06/2016,3,8
17/06/2016,4,11
17/06/2016,5,78
17/06/2016,6,250
17/06/2016,7,777
17/06/2016,8,1291
17/06/2016,9,607
17/06/2016,10,366
17/06/2016,11,463
17/06/2016,12,617
17/06/2016,13,606
17/06/2016,14,615
17/06/2016,15,762
17/06/2016,16,1080
17/06/2016,17,1607
17/06/2016,18,1221
17/06/2016,19,961
17/06/2016,20,690
17/06/2016,21,528
17/06/2016,22,373
17/06/2016,23,268
17/06/2017,0,115
17/06/2017,1,102
17/06/2017,2,71
17/06/2017,3,43
17/06/2017,4,14
17/06/2017,5,37
17/06/2017,6,41
17/06/2017,7,165
17/06/2017,8,378
17/06/2017,9,613
17/06/2017,10,806
17/06/2017,11,919
17/06/2017,12,1070
17/06/2017,13,1018
17/06/2017,14,1095
17/06/2017,15,1060
17/06/2017,16,983
17/06/2017,17,1012
17/06/2017,18,884
17/06/2017,19,816
17/06/2017,20,690
17/06/2017,21,530
17/06/2017,22,442
17/06/2017,23,289
17/07/2014,0,90
17/07/2014,1,35
17/07/2014,2,20
17/07/2014,3,6
17/07/2014,4,9
17/07/2014,5,77
17/07/2014,6,322
17/07/2014,7,759
17/07/2014,8,1042
17/07/2014,9,565
17/07/2014,10,370
17/07/2014,11,359
17/07/2014,12,461
17/07/2014,13,502
17/07/2014,14,456
17/07/2014,15,529
17/07/2014,16,754
17/07/2014,17,1334
17/07/2014,18,1258
17/07/2014,19,847
17/07/2014,20,711
17/07/2014,21,518
17/07/2014,22,364
17/07/2014,23,222
17/07/2015,0,113
17/07/2015,1,65
17/07/2015,2,33
17/07/2015,3,5
17/07/2015,4,13
17/07/2015,5,102
17/07/2015,6,276
17/07/2015,7,772
17/07/2015,8,1181
17/07/2015,9,601
17/07/2015,10,392
17/07/2015,11,475
17/07/2015,12,650
17/07/2015,13,574
17/07/2015,14,629
17/07/2015,15,724
17/07/2015,16,935
17/07/2015,17,1438
17/07/2015,18,1133
17/07/2015,19,823
17/07/2015,20,582
17/07/2015,21,447
17/07/2015,22,400
17/07/2015,23,264
17/07/2016,0,251
17/07/2016,1,174
17/07/2016,2,105
17/07/2016,3,80
17/07/2016,4,25
17/07/2016,5,20
17/07/2016,6,65
17/07/2016,7,196
17/07/2016,8,370
17/07/2016,9,700
17/07/2016,10,911
17/07/2016,11,1148
17/07/2016,12,1215
17/07/2016,13,1194
17/07/2016,14,1300
17/07/2016,15,1291
17/07/2016,16,1154
17/07/2016,17,1221
17/07/2016,18,1050
17/07/2016,19,979
17/07/2016,20,863
17/07/2016,21,688
17/07/2016,22,344
17/07/2016,23,182
17/07/2017,0,66
17/07/2017,1,37
17/07/2017,2,21
17/07/2017,3,5
17/07/2017,4,13
17/07/2017,5,120
17/07/2017,6,413
17/07/2017,7,895
17/07/2017,8,1083
17/07/2017,9,555
17/07/2017,10,402
17/07/2017,11,452
17/07/2017,12,524
17/07/2017,13,457
17/07/2017,14,298
17/07/2017,15,464
17/07/2017,16,928
17/07/2017,17,1647
17/07/2017,18,1252
17/07/2017,19,1031
17/07/2017,20,795
17/07/2017,21,540
17/07/2017,22,319
17/07/2017,23,161
17/08/2014,0,215
17/08/2014,1,131
17/08/2014,2,106
17/08/2014,3,59
17/08/2014,4,12
17/08/2014,5,29
17/08/2014,6,40
17/08/2014,7,80
17/08/2014,8,251
17/08/2014,9,334
17/08/2014,10,625
17/08/2014,11,790
17/08/2014,12,962
17/08/2014,13,945
17/08/2014,14,904
17/08/2014,15,800
17/08/2014,16,878
17/08/2014,17,767
17/08/2014,18,751
17/08/2014,19,674
17/08/2014,20,493
17/08/2014,21,343
17/08/2014,22,255
17/08/2014,23,144
17/08/2015,0,52
17/08/2015,1,28
17/08/2015,2,8
17/08/2015,3,10
17/08/2015,4,12
17/08/2015,5,75
17/08/2015,6,312
17/08/2015,7,801
17/08/2015,8,1070
17/08/2015,9,540
17/08/2015,10,359
17/08/2015,11,354
17/08/2015,12,501
17/08/2015,13,429
17/08/2015,14,372
17/08/2015,15,488
17/08/2015,16,700
17/08/2015,17,1308
17/08/2015,18,1248
17/08/2015,19,882
17/08/2015,20,610
17/08/2015,21,444
17/08/2015,22,244
17/08/2015,23,124
17/08/2016,0,86
17/08/2016,1,29
17/08/2016,2,6
17/08/2016,3,6
17/08/2016,4,22
17/08/2016,5,94
17/08/2016,6,395
17/08/2016,7,859
17/08/2016,8,1226
17/08/2016,9,542
17/08/2016,10,306
17/08/2016,11,367
17/08/2016,12,409
17/08/2016,13,377
17/08/2016,14,400
17/08/2016,15,443
17/08/2016,16,788
17/08/2016,17,1517
17/08/2016,18,1307
17/08/2016,19,936
17/08/2016,20,596
17/08/2016,21,140
17/08/2016,22,70
17/08/2016,23,67
17/08/2017,0,53
17/08/2017,1,30
17/08/2017,2,13
17/08/2017,3,2
17/08/2017,4,18
17/08/2017,5,116
17/08/2017,6,369
17/08/2017,7,907
17/08/2017,8,1254
17/08/2017,9,602
17/08/2017,10,400
17/08/2017,11,518
17/08/2017,12,651
17/08/2017,13,554
17/08/2017,14,520
17/08/2017,15,603
17/08/2017,16,935
17/08/2017,17,1599
17/08/2017,18,1395
17/08/2017,19,1004
17/08/2017,20,733
17/08/2017,21,456
17/08/2017,22,346
17/08/2017,23,223
17/09/2014,0,49
17/09/2014,1,23
17/09/2014,2,9
17/09/2014,3,5
17/09/2014,4,13
17/09/2014,5,79
17/09/2014,6,357
17/09/2014,7,937
17/09/2014,8,1210
17/09/2014,9,489
17/09/2014,10,348
17/09/2014,11,386
17/09/2014,12,478
17/09/2014,13,515
17/09/2014,14,429
17/09/2014,15,529
17/09/2014,16,784
17/09/2014,17,1400
17/09/2014,18,1282
17/09/2014,19,897
17/09/2014,20,566
17/09/2014,21,435
17/09/2014,22,272
17/09/2014,23,141
17/09/2015,0,64
17/09/2015,1,32
17/09/2015,2,15
17/09/2015,3,4
17/09/2015,4,9
17/09/2015,5,91
17/09/2015,6,335
17/09/2015,7,911
17/09/2015,8,1275
17/09/2015,9,549
17/09/2015,10,336
17/09/2015,11,372
17/09/2015,12,471
17/09/2015,13,486
17/09/2015,14,421
17/09/2015,15,528
17/09/2015,16,807
17/09/2015,17,1480
17/09/2015,18,1376
17/09/2015,19,877
17/09/2015,20,585
17/09/2015,21,416
17/09/2015,22,332
17/09/2015,23,177
17/09/2016,0,187
17/09/2016,1,124
17/09/2016,2,95
17/09/2016,3,55
17/09/2016,4,20
17/09/2016,5,25
17/09/2016,6,48
17/09/2016,7,190
17/09/2016,8,352
17/09/2016,9,639
17/09/2016,10,868
17/09/2016,11,1041
17/09/2016,12,1105
17/09/2016,13,1101
17/09/2016,14,1007
17/09/2016,15,1043
17/09/2016,16,1005
17/09/2016,17,989
17/09/2016,18,878
17/09/2016,19,732
17/09/2016,20,501
17/09/2016,21,395
17/09/2016,22,257
17/09/2016,23,245
17/09/2017,0,238
17/09/2017,1,141
17/09/2017,2,93
17/09/2017,3,55
17/09/2017,4,15
17/09/2017,5,33
17/09/2017,6,151
17/09/2017,7,182
17/09/2017,8,363
17/09/2017,9,634
17/09/2017,10,951
17/09/2017,11,1092
17/09/2017,12,1038
17/09/2017,13,1117
17/09/2017,14,1049
17/09/2017,15,1013
17/09/2017,16,1107
17/09/2017,17,1100
17/09/2017,18,912
17/09/2017,19,724
17/09/2017,20,439
17/09/2017,21,314
17/09/2017,22,252
17/09/2017,23,156
17/10/2014,0,96
17/10/2014,1,48
17/10/2014,2,11
17/10/2014,3,8
17/10/2014,4,11
17/10/2014,5,65
17/10/2014,6,187
17/10/2014,7,642
17/10/2014,8,1156
17/10/2014,9,575
17/10/2014,10,413
17/10/2014,11,530
17/10/2014,12,684
17/10/2014,13,652
17/10/2014,14,654
17/10/2014,15,725
17/10/2014,16,911
17/10/2014,17,1382
17/10/2014,18,1093
17/10/2014,19,727
17/10/2014,20,466
17/10/2014,21,344
17/10/2014,22,301
17/10/2014,23,259
17/10/2015,0,143
17/10/2015,1,108
17/10/2015,2,58
17/10/2015,3,34
17/10/2015,4,4
17/10/2015,5,9
17/10/2015,6,41
17/10/2015,7,123
17/10/2015,8,293
17/10/2015,9,454
17/10/2015,10,619
17/10/2015,11,709
17/10/2015,12,836
17/10/2015,13,811
17/10/2015,14,721
17/10/2015,15,853
17/10/2015,16,724
17/10/2015,17,633
17/10/2015,18,506
17/10/2015,19,345
17/10/2015,20,265
17/10/2015,21,189
17/10/2015,22,163
17/10/2015,23,141
17/10/2016,0,30
17/10/2016,1,16
17/10/2016,2,10
17/10/2016,3,5
17/10/2016,4,17
17/10/2016,5,87
17/10/2016,6,302
17/10/2016,7,790
17/10/2016,8,1123
17/10/2016,9,526
17/10/2016,10,383
17/10/2016,11,452
17/10/2016,12,566
17/10/2016,13,555
17/10/2016,14,542
17/10/2016,15,557
17/10/2016,16,965
17/10/2016,17,1643
17/10/2016,18,1360
17/10/2016,19,723
17/10/2016,20,538
17/10/2016,21,373
17/10/2016,22,217
17/10/2016,23,125
17/10/2017,0,45
17/10/2017,1,22
17/10/2017,2,9
17/10/2017,3,4
17/10/2017,4,13
17/10/2017,5,107
17/10/2017,6,379
17/10/2017,7,927
17/10/2017,8,1397
17/10/2017,9,568
17/10/2017,10,355
17/10/2017,11,352
17/10/2017,12,549
17/10/2017,13,509
17/10/2017,14,537
17/10/2017,15,624
17/10/2017,16,1000
17/10/2017,17,1692
17/10/2017,18,1293
17/10/2017,19,719
17/10/2017,20,456
17/10/2017,21,328
17/10/2017,22,233
17/10/2017,23,168
17/11/2014,0,19
17/11/2014,1,8
17/11/2014,2,3
17/11/2014,3,2
17/11/2014,4,3
17/11/2014,5,36
17/11/2014,6,91
17/11/2014,7,303
17/11/2014,8,276
17/11/2014,9,132
17/11/2014,10,43
17/11/2014,11,31
17/11/2014,12,62
17/11/2014,13,120
17/11/2014,14,117
17/11/2014,15,153
17/11/2014,16,305
17/11/2014,17,615
17/11/2014,18,650
17/11/2014,19,438
17/11/2014,20,291
17/11/2014,21,186
17/11/2014,22,132
17/11/2014,23,67
17/11/2015,0,30
17/11/2015,1,11
17/11/2015,2,6
17/11/2015,3,4
17/11/2015,4,3
17/11/2015,5,79
17/11/2015,6,279
17/11/2015,7,880
17/11/2015,8,1258
17/11/2015,9,489
17/11/2015,10,230
17/11/2015,11,262
17/11/2015,12,362
17/11/2015,13,339
17/11/2015,14,319
17/11/2015,15,380
17/11/2015,16,614
17/11/2015,17,1141
17/11/2015,18,990
17/11/2015,19,587
17/11/2015,20,411
17/11/2015,21,312
17/11/2015,22,157
17/11/2015,23,83
17/11/2016,0,29
17/11/2016,1,11
17/11/2016,2,12
17/11/2016,3,4
17/11/2016,4,10
17/11/2016,5,77
17/11/2016,6,300
17/11/2016,7,899
17/11/2016,8,1197
17/11/2016,9,575
17/11/2016,10,297
17/11/2016,11,392
17/11/2016,12,471
17/11/2016,13,435
17/11/2016,14,430
17/11/2016,15,555
17/11/2016,16,769
17/11/2016,17,1288
17/11/2016,18,1089
17/11/2016,19,580
17/11/2016,20,404
17/11/2016,21,346
17/11/2016,22,211
17/11/2016,23,114
17/11/2017,0,54
17/11/2017,1,29
17/11/2017,2,9
17/11/2017,3,7
17/11/2017,4,16
17/11/2017,5,87
17/11/2017,6,278
17/11/2017,7,684
17/11/2017,8,1120
17/11/2017,9,554
17/11/2017,10,324
17/11/2017,11,402
17/11/2017,12,522
17/11/2017,13,500
17/11/2017,14,499
17/11/2017,15,637
17/11/2017,16,786
17/11/2017,17,1075
17/11/2017,18,746
17/11/2017,19,453
17/11/2017,20,255
17/11/2017,21,213
17/11/2017,22,169
17/11/2017,23,122
17/12/2014,0,30
17/12/2014,1,16
17/12/2014,2,12
17/12/2014,3,2
17/12/2014,4,8
17/12/2014,5,64
17/12/2014,6,208
17/12/2014,7,621
17/12/2014,8,962
17/12/2014,9,464
17/12/2014,10,261
17/12/2014,11,250
17/12/2014,12,289
17/12/2014,13,330
17/12/2014,14,283
17/12/2014,15,345
17/12/2014,16,484
17/12/2014,17,776
17/12/2014,18,742
17/12/2014,19,461
17/12/2014,20,269
17/12/2014,21,214
17/12/2014,22,194
17/12/2014,23,84
17/12/2015,0,48
17/12/2015,1,10
17/12/2015,2,6
17/12/2015,3,2
17/12/2015,4,4
17/12/2015,5,63
17/12/2015,6,232
17/12/2015,7,302
17/12/2015,8,300
17/12/2015,9,197
17/12/2015,10,86
17/12/2015,11,66
17/12/2015,12,93
17/12/2015,13,68
17/12/2015,14,80
17/12/2015,15,97
17/12/2015,16,298
17/12/2015,17,685
17/12/2015,18,668
17/12/2015,19,418
17/12/2015,20,289
17/12/2015,21,235
17/12/2015,22,197
17/12/2015,23,109
17/12/2016,0,43
17/12/2016,1,44
17/12/2016,2,22
17/12/2016,3,11
17/12/2016,4,6
17/12/2016,5,3
17/12/2016,6,4
17/12/2016,7,11
17/12/2016,8,20
17/12/2016,9,27
17/12/2016,10,54
17/12/2016,11,53
17/12/2016,12,131
17/12/2016,13,120
17/12/2016,14,223
17/12/2016,15,268
17/12/2016,16,295
17/12/2016,17,257
17/12/2016,18,195
17/12/2016,19,148
17/12/2016,20,118
17/12/2016,21,112
17/12/2016,22,79
17/12/2016,23,75
17/12/2017,0,76
17/12/2017,1,60
17/12/2017,2,36
17/12/2017,3,25
17/12/2017,4,9
17/12/2017,5,9
17/12/2017,6,16
17/12/2017,7,51
17/12/2017,8,133
17/12/2017,9,223
17/12/2017,10,329
17/12/2017,11,406
17/12/2017,12,525
17/12/2017,13,487
17/12/2017,14,517
17/12/2017,15,470
17/12/2017,16,441
17/12/2017,17,374
17/12/2017,18,260
17/12/2017,19,238
17/12/2017,20,179
17/12/2017,21,141
17/12/2017,22,90
17/12/2017,23,46
18/01/2014,0,94
18/01/2014,1,79
18/01/2014,2,36
18/01/2014,3,22
18/01/2014,4,8
18/01/2014,5,5
18/01/2014,6,16
18/01/2014,7,45
18/01/2014,8,92
18/01/2014,9,179
18/01/2014,10,257
18/01/2014,11,299
18/01/2014,12,286
18/01/2014,13,273
18/01/2014,14,241
18/01/2014,15,269
18/01/2014,16,250
18/01/2014,17,209
18/01/2014,18,150
18/01/2014,19,142
18/01/2014,20,126
18/01/2014,21,93
18/01/2014,22,60
18/01/2014,23,68
18/01/2015,0,64
18/01/2015,1,36
18/01/2015,2,46
18/01/2015,3,17
18/01/2015,4,6
18/01/2015,5,3
18/01/2015,6,12
18/01/2015,7,23
18/01/2015,8,9
18/01/2015,9,25
18/01/2015,10,41
18/01/2015,11,84
18/01/2015,12,154
18/01/2015,13,192
18/01/2015,14,215
18/01/2015,15,268
18/01/2015,16,258
18/01/2015,17,256
18/01/2015,18,266
18/01/2015,19,148
18/01/2015,20,122
18/01/2015,21,107
18/01/2015,22,103
18/01/2015,23,68
18/01/2016,0,36
18/01/2016,1,22
18/01/2016,2,9
18/01/2016,3,5
18/01/2016,4,2
18/01/2016,5,20
18/01/2016,6,35
18/01/2016,7,68
18/01/2016,8,128
18/01/2016,9,128
18/01/2016,10,150
18/01/2016,11,201
18/01/2016,12,197
18/01/2016,13,231
18/01/2016,14,186
18/01/2016,15,199
18/01/2016,16,192
18/01/2016,17,221
18/01/2016,18,150
18/01/2016,19,124
18/01/2016,20,79
18/01/2016,21,51
18/01/2016,22,46
18/01/2016,23,19
18/01/2017,0,16
18/01/2017,1,8
18/01/2017,2,6
18/01/2017,3,6
18/01/2017,4,4
18/01/2017,5,58
18/01/2017,6,211
18/01/2017,7,561
18/01/2017,8,923
18/01/2017,9,421
18/01/2017,10,250
18/01/2017,11,267
18/01/2017,12,365
18/01/2017,13,328
18/01/2017,14,287
18/01/2017,15,350
18/01/2017,16,475
18/01/2017,17,869
18/01/2017,18,737
18/01/2017,19,481
18/01/2017,20,307
18/01/2017,21,225
18/01/2017,22,129
18/01/2017,23,61
18/01/2018,0,12
18/01/2018,1,2
18/01/2018,2,3
18/01/2018,3,1
18/01/2018,4,7
18/01/2018,5,56
18/01/2018,6,171
18/01/2018,7,419
18/01/2018,8,746
18/01/2018,9,426
18/01/2018,10,170
18/01/2018,11,187
18/01/2018,12,269
18/01/2018,13,244
18/01/2018,14,205
18/01/2018,15,296
18/01/2018,16,482
18/01/2018,17,836
18/01/2018,18,647
18/01/2018,19,416
18/01/2018,20,285
18/01/2018,21,164
18/01/2018,22,106
18/01/2018,23,47
18/02/2014,0,19
18/02/2014,1,4
18/02/2014,2,1
18/02/2014,3,1
18/02/2014,4,1
18/02/2014,5,24
18/02/2014,6,86
18/02/2014,7,220
18/02/2014,8,522
18/02/2014,9,263
18/02/2014,10,138
18/02/2014,11,160
18/02/2014,12,202
18/02/2014,13,222
18/02/2014,14,212
18/02/2014,15,235
18/02/2014,16,368
18/02/2014,17,716
18/02/2014,18,641
18/02/2014,19,388
18/02/2014,20,278
18/02/2014,21,207
18/02/2014,22,120
18/02/2014,23,58
18/02/2015,0,10
18/02/2015,1,4
18/02/2015,4,4
18/02/2015,5,20
18/02/2015,6,67
18/02/2015,7,210
18/02/2015,8,384
18/02/2015,9,240
18/02/2015,10,119
18/02/2015,11,97
18/02/2015,12,141
18/02/2015,13,121
18/02/2015,14,110
18/02/2015,15,129
18/02/2015,16,208
18/02/2015,17,425
18/02/2015,18,341
18/02/2015,19,203
18/02/2015,20,148
18/02/2015,21,81
18/02/2015,22,54
18/02/2015,23,27
18/02/2016,0,25
18/02/2016,1,5
18/02/2016,2,5
18/02/2016,3,3
18/02/2016,4,4
18/02/2016,5,54
18/02/2016,6,169
18/02/2016,7,461
18/02/2016,8,848
18/02/2016,9,386
18/02/2016,10,160
18/02/2016,11,190
18/02/2016,12,213
18/02/2016,13,205
18/02/2016,14,173
18/02/2016,15,224
18/02/2016,16,337
18/02/2016,17,758
18/02/2016,18,640
18/02/2016,19,375
18/02/2016,20,253
18/02/2016,21,173
18/02/2016,22,105
18/02/2016,23,56
18/02/2017,0,61
18/02/2017,1,42
18/02/2017,2,30
18/02/2017,3,15
18/02/2017,4,13
18/02/2017,5,9
18/02/2017,6,31
18/02/2017,7,70
18/02/2017,8,146
18/02/2017,9,362
18/02/2017,10,524
18/02/2017,11,785
18/02/2017,12,1016
18/02/2017,13,1095
18/02/2017,14,1303
18/02/2017,15,1256
18/02/2017,16,1217
18/02/2017,17,993
18/02/2017,18,565
18/02/2017,19,404
18/02/2017,20,243
18/02/2017,21,200
18/02/2017,22,187
18/02/2017,23,159
18/02/2018,0,39
18/02/2018,1,27
18/02/2018,2,30
18/02/2018,3,16
18/02/2018,4,10
18/02/2018,5,8
18/02/2018,6,19
18/02/2018,7,43
18/02/2018,8,112
18/02/2018,9,227
18/02/2018,10,350
18/02/2018,11,517
18/02/2018,12,650
18/02/2018,13,715
18/02/2018,14,836
18/02/2018,15,900
18/02/2018,16,761
18/02/2018,17,680
18/02/2018,18,361
18/02/2018,19,215
18/02/2018,20,168
18/02/2018,21,104
18/02/2018,22,106
18/02/2018,23,63
18/03/2014,0,17
18/03/2014,1,8
18/03/2014,2,4
18/03/2014,4,2
18/03/2014,5,19
18/03/2014,6,100
18/03/2014,7,232
18/03/2014,8,503
18/03/2014,9,287
18/03/2014,10,127
18/03/2014,11,86
18/03/2014,12,157
18/03/2014,13,149
18/03/2014,14,166
18/03/2014,15,210
18/03/2014,16,282
18/03/2014,17,622
18/03/2014,18,611
18/03/2014,19,415
18/03/2014,20,288
18/03/2014,21,198
18/03/2014,22,123
18/03/2014,23,52
18/03/2015,0,28
18/03/2015,1,13
18/03/2015,2,5
18/03/2015,3,2
18/03/2015,4,2
18/03/2015,5,53
18/03/2015,6,176
18/03/2015,7,535
18/03/2015,8,891
18/03/2015,9,413
18/03/2015,10,204
18/03/2015,11,212
18/03/2015,12,294
18/03/2015,13,291
18/03/2015,14,285
18/03/2015,15,315
18/03/2015,16,496
18/03/2015,17,965
18/03/2015,18,817
18/03/2015,19,586
18/03/2015,20,347
18/03/2015,21,236
18/03/2015,22,146
18/03/2015,23,70
18/03/2016,0,75
18/03/2016,1,38
18/03/2016,2,21
18/03/2016,3,10
18/03/2016,4,6
18/03/2016,5,71
18/03/2016,6,206
18/03/2016,7,634
18/03/2016,8,1209
18/03/2016,9,606
18/03/2016,10,342
18/03/2016,11,531
18/03/2016,12,632
18/03/2016,13,637
18/03/2016,14,522
18/03/2016,15,672
18/03/2016,16,906
18/03/2016,17,1344
18/03/2016,18,1054
18/03/2016,19,678
18/03/2016,20,404
18/03/2016,21,357
18/03/2016,22,291
18/03/2016,23,183
18/03/2017,0,66
18/03/2017,1,38
18/03/2017,2,42
18/03/2017,3,17
18/03/2017,4,8
18/03/2017,5,7
18/03/2017,6,30
18/03/2017,7,70
18/03/2017,8,146
18/03/2017,9,260
18/03/2017,10,423
18/03/2017,11,567
18/03/2017,12,731
18/03/2017,13,863
18/03/2017,14,956
18/03/2017,15,1048
18/03/2017,16,1018
18/03/2017,17,848
18/03/2017,18,617
18/03/2017,19,218
18/03/2017,20,145
18/03/2017,21,89
18/03/2017,22,23
18/03/2017,23,15
18/03/2018,0,86
18/03/2018,1,63
18/03/2018,2,55
18/03/2018,3,24
18/03/2018,4,9
18/03/2018,5,7
18/03/2018,6,20
18/03/2018,7,56
18/03/2018,8,128
18/03/2018,9,289
18/03/2018,10,491
18/03/2018,11,631
18/03/2018,12,813
18/03/2018,13,891
18/03/2018,14,992
18/03/2018,15,1123
18/03/2018,16,984
18/03/2018,17,963
18/03/2018,18,692
18/03/2018,19,464
18/03/2018,20,274
18/03/2018,21,225
18/03/2018,22,147
18/03/2018,23,116
18/04/2014,0,55
18/04/2014,1,27
18/04/2014,2,10
18/04/2014,3,5
18/04/2014,4,11
18/04/2014,5,49
18/04/2014,6,151
18/04/2014,7,366
18/04/2014,8,796
18/04/2014,9,476
18/04/2014,10,397
18/04/2014,11,388
18/04/2014,12,526
18/04/2014,13,552
18/04/2014,14,563
18/04/2014,15,681
18/04/2014,16,815
18/04/2014,17,1024
18/04/2014,18,800
18/04/2014,19,579
18/04/2014,20,349
18/04/2014,21,322
18/04/2014,22,237
18/04/2014,23,162
18/04/2015,0,211
18/04/2015,1,105
18/04/2015,2,74
18/04/2015,3,42
18/04/2015,4,10
18/04/2015,5,16
18/04/2015,6,44
18/04/2015,7,166
18/04/2015,8,378
18/04/2015,9,688
18/04/2015,10,961
18/04/2015,11,1190
18/04/2015,12,1419
18/04/2015,13,1295
18/04/2015,14,1373
18/04/2015,15,1452
18/04/2015,16,1352
18/04/2015,17,1323
18/04/2015,18,1200
18/04/2015,19,922
18/04/2015,20,652
18/04/2015,21,491
18/04/2015,22,347
18/04/2015,23,297
18/04/2016,0,51
18/04/2016,1,21
18/04/2016,2,11
18/04/2016,3,5
18/04/2016,4,10
18/04/2016,5,58
18/04/2016,6,270
18/04/2016,7,779
18/04/2016,8,1182
18/04/2016,9,598
18/04/2016,10,303
18/04/2016,11,403
18/04/2016,12,471
18/04/2016,13,583
18/04/2016,14,477
18/04/2016,15,522
18/04/2016,16,816
18/04/2016,17,1536
18/04/2016,18,1354
18/04/2016,19,921
18/04/2016,20,631
18/04/2016,21,475
18/04/2016,22,265
18/04/2016,23,140
18/04/2017,0,55
18/04/2017,1,19
18/04/2017,2,9
18/04/2017,3,10
18/04/2017,4,14
18/04/2017,5,70
18/04/2017,6,383
18/04/2017,7,931
18/04/2017,8,1237
18/04/2017,9,595
18/04/2017,10,454
18/04/2017,11,496
18/04/2017,12,654
18/04/2017,13,678
18/04/2017,14,632
18/04/2017,15,739
18/04/2017,16,1072
18/04/2017,17,1988
18/04/2017,18,1557
18/04/2017,19,1019
18/04/2017,20,526
18/04/2017,21,320
18/04/2017,22,206
18/04/2017,23,88
18/04/2018,0,31
18/04/2018,1,5
18/04/2018,2,2
18/04/2018,3,6
18/04/2018,4,17
18/04/2018,5,86
18/04/2018,6,271
18/04/2018,7,717
18/04/2018,8,1132
18/04/2018,9,568
18/04/2018,10,285
18/04/2018,11,377
18/04/2018,12,464
18/04/2018,13,496
18/04/2018,14,528
18/04/2018,15,616
18/04/2018,16,867
18/04/2018,17,1481
18/04/2018,18,1342
18/04/2018,19,831
18/04/2018,20,551
18/04/2018,21,376
18/04/2018,22,247
18/04/2018,23,99
18/05/2014,0,174
18/05/2014,1,132
18/05/2014,2,91
18/05/2014,3,59
18/05/2014,4,15
18/05/2014,5,21
18/05/2014,6,32
18/05/2014,7,97
18/05/2014,8,219
18/05/2014,9,417
18/05/2014,10,631
18/05/2014,11,774
18/05/2014,12,961
18/05/2014,13,961
18/05/2014,14,886
18/05/2014,15,860
18/05/2014,16,849
18/05/2014,17,827
18/05/2014,18,669
18/05/2014,19,517
18/05/2014,20,403
18/05/2014,21,278
18/05/2014,22,223
18/05/2014,23,111
18/05/2015,0,67
18/05/2015,1,31
18/05/2015,2,25
18/05/2015,3,2
18/05/2015,4,14
18/05/2015,5,82
18/05/2015,6,303
18/05/2015,7,848
18/05/2015,8,1137
18/05/2015,9,547
18/05/2015,10,379
18/05/2015,11,473
18/05/2015,12,517
18/05/2015,13,477
18/05/2015,14,477
18/05/2015,15,567
18/05/2015,16,750
18/05/2015,17,868
18/05/2015,18,1180
18/05/2015,19,806
18/05/2015,20,446
18/05/2015,21,244
18/05/2015,22,167
18/05/2015,23,38
18/05/2016,0,33
18/05/2016,1,11
18/05/2016,2,8
18/05/2016,3,7
18/05/2016,4,9
18/05/2016,5,94
18/05/2016,6,275
18/05/2016,7,775
18/05/2016,8,1173
18/05/2016,9,583
18/05/2016,10,317
18/05/2016,11,343
18/05/2016,12,415
18/05/2016,13,400
18/05/2016,14,363
18/05/2016,15,466
18/05/2016,16,775
18/05/2016,17,1303
18/05/2016,18,1206
18/05/2016,19,783
18/05/2016,20,505
18/05/2016,21,328
18/05/2016,22,273
18/05/2016,23,138
18/05/2017,0,62
18/05/2017,1,43
18/05/2017,2,11
18/05/2017,3,9
18/05/2017,4,11
18/05/2017,5,103
18/05/2017,6,400
18/05/2017,7,989
18/05/2017,8,1246
18/05/2017,9,572
18/05/2017,10,396
18/05/2017,11,461
18/05/2017,12,593
18/05/2017,13,538
18/05/2017,14,470
18/05/2017,15,644
18/05/2017,16,868
18/05/2017,17,1561
18/05/2017,18,1311
18/05/2017,19,901
18/05/2017,20,437
18/05/2017,21,345
18/05/2017,22,269
18/05/2017,23,164
18/06/2014,0,75
18/06/2014,1,21
18/06/2014,2,9
18/06/2014,3,5
18/06/2014,4,8
18/06/2014,5,77
18/06/2014,6,311
18/06/2014,7,769
18/06/2014,8,1041
18/06/2014,9,465
18/06/2014,10,273
18/06/2014,11,286
18/06/2014,12,363
18/06/2014,13,383
18/06/2014,14,327
18/06/2014,15,405
18/06/2014,16,548
18/06/2014,17,1137
18/06/2014,18,1099
18/06/2014,19,763
18/06/2014,20,621
18/06/2014,21,494
18/06/2014,22,304
18/06/2014,23,207
18/06/2015,0,22
18/06/2015,1,21
18/06/2015,2,7
18/06/2015,3,5
18/06/2015,4,14
18/06/2015,5,88
18/06/2015,6,301
18/06/2015,7,851
18/06/2015,8,1256
18/06/2015,9,582
18/06/2015,10,288
18/06/2015,11,382
18/06/2015,12,430
18/06/2015,13,488
18/06/2015,14,379
18/06/2015,15,483
18/06/2015,16,512
18/06/2015,17,546
18/06/2015,18,1098
18/06/2015,19,837
18/06/2015,20,487
18/06/2015,21,393
18/06/2015,22,348
18/06/2015,23,177
18/06/2016,0,246
18/06/2016,1,101
18/06/2016,2,78
18/06/2016,3,42
18/06/2016,4,23
18/06/2016,5,27
18/06/2016,6,68
18/06/2016,7,176
18/06/2016,8,355
18/06/2016,9,647
18/06/2016,10,883
18/06/2016,11,1058
18/06/2016,12,1084
18/06/2016,13,1045
18/06/2016,14,1112
18/06/2016,15,1100
18/06/2016,16,1004
18/06/2016,17,981
18/06/2016,18,911
18/06/2016,19,777
18/06/2016,20,679
18/06/2016,21,514
18/06/2016,22,342
18/06/2016,23,297
18/06/2017,0,218
18/06/2017,1,150
18/06/2017,2,144
18/06/2017,3,63
18/06/2017,4,20
18/06/2017,5,22
18/06/2017,6,39
18/06/2017,7,142
18/06/2017,8,265
18/06/2017,9,539
18/06/2017,10,752
18/06/2017,11,987
18/06/2017,12,970
18/06/2017,13,853
18/06/2017,14,827
18/06/2017,15,851
18/06/2017,16,754
18/06/2017,17,789
18/06/2017,18,714
18/06/2017,19,655
18/06/2017,20,588
18/06/2017,21,413
18/06/2017,22,260
18/06/2017,23,146
18/07/2014,0,64
18/07/2014,1,49
18/07/2014,2,24
18/07/2014,3,14
18/07/2014,4,9
18/07/2014,5,56
18/07/2014,6,226
18/07/2014,7,613
18/07/2014,8,1045
18/07/2014,9,545
18/07/2014,10,427
18/07/2014,11,442
18/07/2014,12,577
18/07/2014,13,556
18/07/2014,14,566
18/07/2014,15,640
18/07/2014,16,848
18/07/2014,17,1356
18/07/2014,18,1012
18/07/2014,19,785
18/07/2014,20,565
18/07/2014,21,476
18/07/2014,22,395
18/07/2014,23,367
18/07/2015,0,197
18/07/2015,1,162
18/07/2015,2,97
18/07/2015,3,39
18/07/2015,4,14
18/07/2015,5,12
18/07/2015,6,59
18/07/2015,7,158
18/07/2015,8,339
18/07/2015,9,396
18/07/2015,10,315
18/07/2015,11,630
18/07/2015,12,816
18/07/2015,13,917
18/07/2015,14,924
18/07/2015,15,973
18/07/2015,16,811
18/07/2015,17,744
18/07/2015,18,824
18/07/2015,19,802
18/07/2015,20,673
18/07/2015,21,467
18/07/2015,22,417
18/07/2015,23,310
18/07/2016,0,97
18/07/2016,1,32
18/07/2016,2,16
18/07/2016,3,10
18/07/2016,4,7
18/07/2016,5,95
18/07/2016,6,344
18/07/2016,7,869
18/07/2016,8,1120
18/07/2016,9,559
18/07/2016,10,317
18/07/2016,11,378
18/07/2016,12,408
18/07/2016,13,407
18/07/2016,14,356
18/07/2016,15,487
18/07/2016,16,394
18/07/2016,17,378
18/07/2016,18,999
18/07/2016,19,874
18/07/2016,20,694
18/07/2016,21,461
18/07/2016,22,274
18/07/2016,23,153
18/07/2017,0,64
18/07/2017,1,25
18/07/2017,2,21
18/07/2017,3,6
18/07/2017,4,17
18/07/2017,5,134
18/07/2017,6,453
18/07/2017,7,1076
18/07/2017,8,1309
18/07/2017,9,535
18/07/2017,10,424
18/07/2017,11,480
18/07/2017,12,547
18/07/2017,13,518
18/07/2017,14,455
18/07/2017,15,610
18/07/2017,16,893
18/07/2017,17,1161
18/07/2017,18,1287
18/07/2017,19,1059
18/07/2017,20,790
18/07/2017,21,549
18/07/2017,22,315
18/07/2017,23,194
18/08/2014,0,48
18/08/2014,1,23
18/08/2014,2,12
18/08/2014,3,4
18/08/2014,4,13
18/08/2014,5,61
18/08/2014,6,274
18/08/2014,7,638
18/08/2014,8,1043
18/08/2014,9,513
18/08/2014,10,312
18/08/2014,11,407
18/08/2014,12,434
18/08/2014,13,499
18/08/2014,14,443
18/08/2014,15,490
18/08/2014,16,717
18/08/2014,17,1298
18/08/2014,18,1193
18/08/2014,19,921
18/08/2014,20,533
18/08/2014,21,370
18/08/2014,22,335
18/08/2014,23,133
18/08/2015,0,32
18/08/2015,1,11
18/08/2015,2,6
18/08/2015,3,2
18/08/2015,4,7
18/08/2015,5,97
18/08/2015,6,319
18/08/2015,7,914
18/08/2015,8,1203
18/08/2015,9,521
18/08/2015,10,329
18/08/2015,11,429
18/08/2015,12,433
18/08/2015,13,447
18/08/2015,14,445
18/08/2015,15,530
18/08/2015,16,820
18/08/2015,17,1455
18/08/2015,18,1306
18/08/2015,19,866
18/08/2015,20,595
18/08/2015,21,382
18/08/2015,22,275
18/08/2015,23,171
18/08/2016,0,40
18/08/2016,1,14
18/08/2016,2,16
18/08/2016,3,9
18/08/2016,4,24
18/08/2016,5,83
18/08/2016,6,321
18/08/2016,7,859
18/08/2016,8,1225
18/08/2016,9,628
18/08/2016,10,370
18/08/2016,11,420
18/08/2016,12,518
18/08/2016,13,427
18/08/2016,14,438
18/08/2016,15,503
18/08/2016,16,806
18/08/2016,17,1464
18/08/2016,18,1298
18/08/2016,19,819
18/08/2016,20,666
18/08/2016,21,400
18/08/2016,22,287
18/08/2016,23,186
18/08/2017,0,86
18/08/2017,1,56
18/08/2017,2,39
18/08/2017,3,8
18/08/2017,4,20
18/08/2017,5,89
18/08/2017,6,308
18/08/2017,7,748
18/08/2017,8,1104
18/08/2017,9,679
18/08/2017,10,493
18/08/2017,11,579
18/08/2017,12,693
18/08/2017,13,713
18/08/2017,14,663
18/08/2017,15,729
18/08/2017,16,1020
18/08/2017,17,1234
18/08/2017,18,303
18/08/2017,19,527
18/08/2017,20,432
18/08/2017,21,358
18/08/2017,22,291
18/08/2017,23,231
18/09/2014,0,52
18/09/2014,1,25
18/09/2014,2,3
18/09/2014,3,5
18/09/2014,4,13
18/09/2014,5,78
18/09/2014,6,321
18/09/2014,7,878
18/09/2014,8,1147
18/09/2014,9,529
18/09/2014,10,294
18/09/2014,11,391
18/09/2014,12,496
18/09/2014,13,523
18/09/2014,14,479
18/09/2014,15,501
18/09/2014,16,780
18/09/2014,17,1371
18/09/2014,18,1241
18/09/2014,19,891
18/09/2014,20,542
18/09/2014,21,452
18/09/2014,22,316
18/09/2014,23,179
18/09/2015,0,63
18/09/2015,1,40
18/09/2015,2,20
18/09/2015,3,7
18/09/2015,4,8
18/09/2015,5,90
18/09/2015,6,295
18/09/2015,7,777
18/09/2015,8,1264
18/09/2015,9,548
18/09/2015,10,411
18/09/2015,11,440
18/09/2015,12,568
18/09/2015,13,544
18/09/2015,14,556
18/09/2015,15,610
18/09/2015,16,908
18/09/2015,17,1420
18/09/2015,18,1151
18/09/2015,19,771
18/09/2015,20,495
18/09/2015,21,377
18/09/2015,22,376
18/09/2015,23,217
18/09/2016,0,206
18/09/2016,1,153
18/09/2016,2,105
18/09/2016,3,53
18/09/2016,4,17
18/09/2016,5,41
18/09/2016,6,121
18/09/2016,7,135
18/09/2016,8,322
18/09/2016,9,522
18/09/2016,10,845
18/09/2016,11,941
18/09/2016,12,986
18/09/2016,13,1005
18/09/2016,14,968
18/09/2016,15,923
18/09/2016,16,816
18/09/2016,17,806
18/09/2016,18,847
18/09/2016,19,598
18/09/2016,20,380
18/09/2016,21,248
18/09/2016,22,197
18/09/2016,23,112
18/09/2017,0,71
18/09/2017,1,32
18/09/2017,2,13
18/09/2017,3,4
18/09/2017,4,17
18/09/2017,5,113
18/09/2017,6,355
18/09/2017,7,898
18/09/2017,8,1119
18/09/2017,9,547
18/09/2017,10,393
18/09/2017,11,461
18/09/2017,12,597
18/09/2017,13,590
18/09/2017,14,551
18/09/2017,15,619
18/09/2017,16,994
18/09/2017,17,1833
18/09/2017,18,1446
18/09/2017,19,971
18/09/2017,20,617
18/09/2017,21,399
18/09/2017,22,248
18/09/2017,23,146
18/10/2014,0,190
18/10/2014,1,130
18/10/2014,2,101
18/10/2014,3,41
18/10/2014,4,18
18/10/2014,5,13
18/10/2014,6,48
18/10/2014,7,123
18/10/2014,8,288
18/10/2014,9,483
18/10/2014,10,687
18/10/2014,11,879
18/10/2014,12,933
18/10/2014,13,958
18/10/2014,14,1023
18/10/2014,15,1039
18/10/2014,16,921
18/10/2014,17,822
18/10/2014,18,600
18/10/2014,19,442
18/10/2014,20,326
18/10/2014,21,325
18/10/2014,22,261
18/10/2014,23,197
18/10/2015,0,100
18/10/2015,1,67
18/10/2015,2,53
18/10/2015,3,20
18/10/2015,4,7
18/10/2015,5,10
18/10/2015,6,17
18/10/2015,7,62
18/10/2015,8,160
18/10/2015,9,319
18/10/2015,10,511
18/10/2015,11,639
18/10/2015,12,673
18/10/2015,13,634
18/10/2015,14,570
18/10/2015,15,617
18/10/2015,16,632
18/10/2015,17,508
18/10/2015,18,471
18/10/2015,19,321
18/10/2015,20,205
18/10/2015,21,186
18/10/2015,22,138
18/10/2015,23,58
18/10/2016,0,49
18/10/2016,1,21
18/10/2016,2,12
18/10/2016,3,6
18/10/2016,4,10
18/10/2016,5,107
18/10/2016,6,368
18/10/2016,7,1043
18/10/2016,8,1325
18/10/2016,9,619
18/10/2016,10,371
18/10/2016,11,417
18/10/2016,12,550
18/10/2016,13,549
18/10/2016,14,493
18/10/2016,15,651
18/10/2016,16,891
18/10/2016,17,1813
18/10/2016,18,1503
18/10/2016,19,845
18/10/2016,20,566
18/10/2016,21,410
18/10/2016,22,232
18/10/2016,23,135
18/10/2017,0,60
18/10/2017,1,15
18/10/2017,2,17
18/10/2017,3,5
18/10/2017,4,15
18/10/2017,5,122
18/10/2017,6,372
18/10/2017,7,918
18/10/2017,8,1376
18/10/2017,9,666
18/10/2017,10,365
18/10/2017,11,419
18/10/2017,12,532
18/10/2017,13,598
18/10/2017,14,539
18/10/2017,15,684
18/10/2017,16,1029
18/10/2017,17,1701
18/10/2017,18,1333
18/10/2017,19,799
18/10/2017,20,505
18/10/2017,21,438
18/10/2017,22,312
18/10/2017,23,185
18/11/2014,0,27
18/11/2014,1,8
18/11/2014,2,3
18/11/2014,3,7
18/11/2014,4,4
18/11/2014,5,41
18/11/2014,6,155
18/11/2014,7,500
18/11/2014,8,858
18/11/2014,9,374
18/11/2014,10,156
18/11/2014,11,158
18/11/2014,12,224
18/11/2014,13,175
18/11/2014,14,169
18/11/2014,15,238
18/11/2014,16,373
18/11/2014,17,646
18/11/2014,18,545
18/11/2014,19,314
18/11/2014,20,240
18/11/2014,21,167
18/11/2014,22,101
18/11/2014,23,45
18/11/2015,0,32
18/11/2015,1,14
18/11/2015,2,8
18/11/2015,3,3
18/11/2015,4,4
18/11/2015,5,103
18/11/2015,6,316
18/11/2015,7,862
18/11/2015,8,1202
18/11/2015,9,511
18/11/2015,10,278
18/11/2015,11,295
18/11/2015,12,352
18/11/2015,13,365
18/11/2015,14,349
18/11/2015,15,376
18/11/2015,16,649
18/11/2015,17,1194
18/11/2015,18,1022
18/11/2015,19,628
18/11/2015,20,469
18/11/2015,21,345
18/11/2015,22,238
18/11/2015,23,153
18/11/2016,0,59
18/11/2016,1,28
18/11/2016,2,9
18/11/2016,3,5
18/11/2016,4,6
18/11/2016,5,64
18/11/2016,6,245
18/11/2016,7,789
18/11/2016,8,1160
18/11/2016,9,504
18/11/2016,10,354
18/11/2016,11,431
18/11/2016,12,588
18/11/2016,13,598
18/11/2016,14,651
18/11/2016,15,732
18/11/2016,16,1084
18/11/2016,17,1324
18/11/2016,18,905
18/11/2016,19,566
18/11/2016,20,372
18/11/2016,21,307
18/11/2016,22,262
18/11/2016,23,210
18/11/2017,0,115
18/11/2017,1,66
18/11/2017,2,45
18/11/2017,3,15
18/11/2017,4,8
18/11/2017,5,11
18/11/2017,6,36
18/11/2017,7,127
18/11/2017,8,250
18/11/2017,9,382
18/11/2017,10,538
18/11/2017,11,622
18/11/2017,12,731
18/11/2017,13,783
18/11/2017,14,722
18/11/2017,15,606
18/11/2017,16,570
18/11/2017,17,555
18/11/2017,18,376
18/11/2017,19,348
18/11/2017,20,268
18/11/2017,21,193
18/11/2017,22,176
18/11/2017,23,212
18/12/2014,0,34
18/12/2014,1,13
18/12/2014,2,7
18/12/2014,3,9
18/12/2014,4,3
18/12/2014,5,60
18/12/2014,6,172
18/12/2014,7,500
18/12/2014,8,871
18/12/2014,9,464
18/12/2014,10,168
18/12/2014,11,259
18/12/2014,12,233
18/12/2014,13,230
18/12/2014,14,257
18/12/2014,15,270
18/12/2014,16,432
18/12/2014,17,674
18/12/2014,18,590
18/12/2014,19,408
18/12/2014,20,271
18/12/2014,21,173
18/12/2014,22,136
18/12/2014,23,79
18/12/2015,0,76
18/12/2015,1,47
18/12/2015,2,12
18/12/2015,3,2
18/12/2015,4,10
18/12/2015,5,55
18/12/2015,6,182
18/12/2015,7,509
18/12/2015,8,963
18/12/2015,9,450
18/12/2015,10,241
18/12/2015,11,291
18/12/2015,12,295
18/12/2015,13,299
18/12/2015,14,326
18/12/2015,15,376
18/12/2015,16,487
18/12/2015,17,670
18/12/2015,18,562
18/12/2015,19,328
18/12/2015,20,193
18/12/2015,21,145
18/12/2015,22,103
18/12/2015,23,76
18/12/2016,0,64
18/12/2016,1,56
18/12/2016,2,44
18/12/2016,3,29
18/12/2016,4,6
18/12/2016,5,9
18/12/2016,6,6
18/12/2016,7,38
18/12/2016,8,92
18/12/2016,9,131
18/12/2016,10,246
18/12/2016,11,310
18/12/2016,12,379
18/12/2016,13,337
18/12/2016,14,199
18/12/2016,15,229
18/12/2016,16,294
18/12/2016,17,214
18/12/2016,18,203
18/12/2016,19,162
18/12/2016,20,75
18/12/2016,21,102
18/12/2016,22,58
18/12/2016,23,30
18/12/2017,0,27
18/12/2017,1,19
18/12/2017,2,17
18/12/2017,3,9
18/12/2017,4,13
18/12/2017,5,65
18/12/2017,6,255
18/12/2017,7,624
18/12/2017,8,1106
18/12/2017,9,591
18/12/2017,10,260
18/12/2017,11,330
18/12/2017,12,429
18/12/2017,13,398
18/12/2017,14,407
18/12/2017,15,445
18/12/2017,16,688
18/12/2017,17,1081
18/12/2017,18,874
18/12/2017,19,531
18/12/2017,20,303
18/12/2017,21,248
18/12/2017,22,162
18/12/2017,23,96
19/01/2014,0,63
19/01/2014,1,50
19/01/2014,2,47
19/01/2014,3,18
19/01/2014,4,3
19/01/2014,5,3
19/01/2014,6,7
19/01/2014,7,21
19/01/2014,8,57
19/01/2014,9,113
19/01/2014,10,225
19/01/2014,11,326
19/01/2014,12,414
19/01/2014,13,391
19/01/2014,14,429
19/01/2014,15,390
19/01/2014,16,337
19/01/2014,17,310
19/01/2014,18,259
19/01/2014,19,156
19/01/2014,20,136
19/01/2014,21,128
19/01/2014,22,142
19/01/2014,23,74
19/01/2015,0,42
19/01/2015,1,26
19/01/2015,2,22
19/01/2015,3,13
19/01/2015,4,10
19/01/2015,5,12
19/01/2015,6,34
19/01/2015,7,101
19/01/2015,8,207
19/01/2015,9,176
19/01/2015,10,239
19/01/2015,11,299
19/01/2015,12,366
19/01/2015,13,399
19/01/2015,14,404
19/01/2015,15,375
19/01/2015,16,429
19/01/2015,17,423
19/01/2015,18,336
19/01/2015,19,248
19/01/2015,20,178
19/01/2015,21,128
19/01/2015,22,97
19/01/2015,23,70
19/01/2016,0,5
19/01/2016,1,3
19/01/2016,2,1
19/01/2016,4,3
19/01/2016,5,41
19/01/2016,6,116
19/01/2016,7,320
19/01/2016,8,588
19/01/2016,9,310
19/01/2016,10,110
19/01/2016,11,89
19/01/2016,12,128
19/01/2016,13,118
19/01/2016,14,115
19/01/2016,15,141
19/01/2016,16,233
19/01/2016,17,516
19/01/2016,18,449
19/01/2016,19,286
19/01/2016,20,132
19/01/2016,21,126
19/01/2016,22,52
19/01/2016,23,30
19/01/2017,0,34
19/01/2017,1,14
19/01/2017,2,10
19/01/2017,4,5
19/01/2017,5,49
19/01/2017,6,166
19/01/2017,7,462
19/01/2017,8,731
19/01/2017,9,432
19/01/2017,10,248
19/01/2017,11,290
19/01/2017,12,399
19/01/2017,13,369
19/01/2017,14,363
19/01/2017,15,461
19/01/2017,16,524
19/01/2017,17,793
19/01/2017,18,707
19/01/2017,19,469
19/01/2017,20,295
19/01/2017,21,271
19/01/2017,22,191
19/01/2017,23,93
19/01/2018,0,26
19/01/2018,1,9
19/01/2018,2,4
19/01/2018,3,5
19/01/2018,4,11
19/01/2018,5,55
19/01/2018,6,182
19/01/2018,7,433
19/01/2018,8,886
19/01/2018,9,480
19/01/2018,10,220
19/01/2018,11,321
19/01/2018,12,399
19/01/2018,13,394
19/01/2018,14,340
19/01/2018,15,489
19/01/2018,16,701
19/01/2018,17,951
19/01/2018,18,680
19/01/2018,19,399
19/01/2018,20,212
19/01/2018,21,183
19/01/2018,22,130
19/01/2018,23,94
19/02/2014,0,23
19/02/2014,1,17
19/02/2014,2,4
19/02/2014,3,1
19/02/2014,4,4
19/02/2014,5,32
19/02/2014,6,145
19/02/2014,7,380
19/02/2014,8,670
19/02/2014,9,114
19/02/2014,10,61
19/02/2014,11,127
19/02/2014,12,237
19/02/2014,13,215
19/02/2014,14,244
19/02/2014,15,244
19/02/2014,16,364
19/02/2014,17,796
19/02/2014,18,644
19/02/2014,19,465
19/02/2014,20,361
19/02/2014,21,236
19/02/2014,22,157
19/02/2014,23,81
19/02/2015,0,9
19/02/2015,1,3
19/02/2015,2,3
19/02/2015,4,3
19/02/2015,5,17
19/02/2015,6,77
19/02/2015,7,232
19/02/2015,8,435
19/02/2015,9,232
19/02/2015,10,84
19/02/2015,11,102
19/02/2015,12,92
19/02/2015,13,89
19/02/2015,14,66
19/02/2015,15,108
19/02/2015,16,155
19/02/2015,17,299
19/02/2015,18,269
19/02/2015,19,165
19/02/2015,20,106
19/02/2015,21,81
19/02/2015,22,42
19/02/2015,23,13
19/02/2016,0,20
19/02/2016,1,9
19/02/2016,2,2
19/02/2016,3,3
19/02/2016,4,3
19/02/2016,5,58
19/02/2016,6,143
19/02/2016,7,398
19/02/2016,8,744
19/02/2016,9,393
19/02/2016,10,157
19/02/2016,11,192
19/02/2016,12,228
19/02/2016,13,232
19/02/2016,14,217
19/02/2016,15,300
19/02/2016,16,433
19/02/2016,17,701
19/02/2016,18,536
19/02/2016,19,322
19/02/2016,20,208
19/02/2016,21,124
19/02/2016,22,127
19/02/2016,23,83
19/02/2017,0,126
19/02/2017,1,67
19/02/2017,2,55
19/02/2017,3,26
19/02/2017,4,8
19/02/2017,5,13
19/02/2017,6,22
19/02/2017,7,55
19/02/2017,8,170
19/02/2017,9,349
19/02/2017,10,727
19/02/2017,11,948
19/02/2017,12,1262
19/02/2017,13,1361
19/02/2017,14,1439
19/02/2017,15,1521
19/02/2017,16,1372
19/02/2017,17,1127
19/02/2017,18,610
19/02/2017,19,338
19/02/2017,20,260
19/02/2017,21,229
19/02/2017,22,158
19/02/2017,23,107
19/02/2018,0,44
19/02/2018,1,22
19/02/2018,2,13
19/02/2018,3,7
19/02/2018,4,9
19/02/2018,5,31
19/02/2018,6,55
19/02/2018,7,87
19/02/2018,8,216
19/02/2018,9,214
19/02/2018,10,260
19/02/2018,11,321
19/02/2018,12,391
19/02/2018,13,313
19/02/2018,14,295
19/02/2018,15,359
19/02/2018,16,382
19/02/2018,17,445
19/02/2018,18,390
19/02/2018,19,257
19/02/2018,20,159
19/02/2018,21,161
19/02/2018,22,96
19/02/2018,23,54
19/03/2014,0,19
19/03/2014,1,13
19/03/2014,2,3
19/03/2014,3,2
19/03/2014,4,4
19/03/2014,5,27
19/03/2014,6,136
19/03/2014,7,382
19/03/2014,8,787
19/03/2014,9,371
19/03/2014,10,154
19/03/2014,11,97
19/03/2014,12,85
19/03/2014,13,116
19/03/2014,14,105
19/03/2014,15,90
19/03/2014,16,129
19/03/2014,17,187
19/03/2014,18,202
19/03/2014,19,295
19/03/2014,20,217
19/03/2014,21,156
19/03/2014,22,116
19/03/2014,23,61
19/03/2015,0,34
19/03/2015,1,12
19/03/2015,2,11
19/03/2015,3,3
19/03/2015,4,6
19/03/2015,5,52
19/03/2015,6,174
19/03/2015,7,540
19/03/2015,8,914
19/03/2015,9,465
19/03/2015,10,220
19/03/2015,11,291
19/03/2015,12,368
19/03/2015,13,367
19/03/2015,14,305
19/03/2015,15,395
19/03/2015,16,553
19/03/2015,17,1019
19/03/2015,18,876
19/03/2015,19,533
19/03/2015,20,366
19/03/2015,21,264
19/03/2015,22,185
19/03/2015,23,91
19/03/2016,0,146
19/03/2016,1,75
19/03/2016,2,44
19/03/2016,3,15
19/03/2016,4,2
19/03/2016,5,8
19/03/2016,6,17
19/03/2016,7,82
19/03/2016,8,183
19/03/2016,9,360
19/03/2016,10,440
19/03/2016,11,409
19/03/2016,12,199
19/03/2016,13,212
19/03/2016,14,138
19/03/2016,15,113
19/03/2016,16,118
19/03/2016,17,160
19/03/2016,18,81
19/03/2016,19,98
19/03/2016,20,98
19/03/2016,21,85
19/03/2016,22,80
19/03/2016,23,64
19/03/2017,0,24
19/03/2017,1,16
19/03/2017,2,19
19/03/2017,3,4
19/03/2017,4,5
19/03/2017,5,4
19/03/2017,6,5
19/03/2017,7,26
19/03/2017,8,71
19/03/2017,9,181
19/03/2017,10,321
19/03/2017,11,405
19/03/2017,12,510
19/03/2017,13,554
19/03/2017,14,656
19/03/2017,15,605
19/03/2017,16,587
19/03/2017,17,542
19/03/2017,18,425
19/03/2017,19,261
19/03/2017,20,167
19/03/2017,21,141
19/03/2017,22,106
19/03/2017,23,54
19/03/2018,0,29
19/03/2018,1,16
19/03/2018,2,10
19/03/2018,3,5
19/03/2018,4,22
19/03/2018,5,60
19/03/2018,6,207
19/03/2018,7,577
19/03/2018,8,1006
19/03/2018,9,480
19/03/2018,10,288
19/03/2018,11,348
19/03/2018,12,428
19/03/2018,13,483
19/03/2018,14,447
19/03/2018,15,495
19/03/2018,16,789
19/03/2018,17,1345
19/03/2018,18,1083
19/03/2018,19,642
19/03/2018,20,367
19/03/2018,21,248
19/03/2018,22,117
19/03/2018,23,67
19/04/2014,0,100
19/04/2014,1,77
19/04/2014,2,48
19/04/2014,3,27
19/04/2014,4,7
19/04/2014,5,14
19/04/2014,6,22
19/04/2014,7,97
19/04/2014,8,252
19/04/2014,9,434
19/04/2014,10,636
19/04/2014,11,911
19/04/2014,12,1052
19/04/2014,13,996
19/04/2014,14,1121
19/04/2014,15,1255
19/04/2014,16,1178
19/04/2014,17,1030
19/04/2014,18,852
19/04/2014,19,612
19/04/2014,20,444
19/04/2014,21,309
19/04/2014,22,245
19/04/2014,23,207
19/04/2015,0,218
19/04/2015,1,140
19/04/2015,2,114
19/04/2015,3,54
19/04/2015,4,7
19/04/2015,5,14
19/04/2015,6,36
19/04/2015,7,102
19/04/2015,8,279
19/04/2015,9,508
19/04/2015,10,787
19/04/2015,11,1094
19/04/2015,12,1139
19/04/2015,13,1108
19/04/2015,14,1051
19/04/2015,15,1054
19/04/2015,16,985
19/04/2015,17,788
19/04/2015,18,440
19/04/2015,19,140
19/04/2015,20,110
19/04/2015,21,40
19/04/2015,22,28
19/04/2015,23,19
19/04/2016,0,29
19/04/2016,1,23
19/04/2016,2,11
19/04/2016,3,5
19/04/2016,4,12
19/04/2016,5,89
19/04/2016,6,321
19/04/2016,7,901
19/04/2016,8,1304
19/04/2016,9,565
19/04/2016,10,382
19/04/2016,11,397
19/04/2016,12,491
19/04/2016,13,459
19/04/2016,14,443
19/04/2016,15,561
19/04/2016,16,810
19/04/2016,17,1549
19/04/2016,18,1386
19/04/2016,19,911
19/04/2016,20,567
19/04/2016,21,378
19/04/2016,22,217
19/04/2016,23,116
19/04/2017,0,43
19/04/2017,1,8
19/04/2017,2,7
19/04/2017,3,7
19/04/2017,4,9
19/04/2017,5,89
19/04/2017,6,274
19/04/2017,7,770
19/04/2017,8,1223
19/04/2017,9,650
19/04/2017,10,340
19/04/2017,11,469
19/04/2017,12,541
19/04/2017,13,516
19/04/2017,14,475
19/04/2017,15,595
19/04/2017,16,851
19/04/2017,17,1574
19/04/2017,18,1224
19/04/2017,19,754
19/04/2017,20,533
19/04/2017,21,343
19/04/2017,22,303
19/04/2017,23,95
19/04/2018,0,58
19/04/2018,1,8
19/04/2018,2,6
19/04/2018,3,12
19/04/2018,4,16
19/04/2018,5,76
19/04/2018,6,285
19/04/2018,7,622
19/04/2018,8,648
19/04/2018,9,473
19/04/2018,10,356
19/04/2018,11,308
19/04/2018,12,292
19/04/2018,13,339
19/04/2018,14,366
19/04/2018,15,468
19/04/2018,16,677
19/04/2018,17,1187
19/04/2018,18,1032
19/04/2018,19,589
19/04/2018,20,332
19/04/2018,21,268
19/04/2018,22,186
19/04/2018,23,88
19/05/2014,0,46
19/05/2014,1,11
19/05/2014,2,12
19/05/2014,3,2
19/05/2014,4,7
19/05/2014,5,62
19/05/2014,6,212
19/05/2014,7,676
19/05/2014,8,894
19/05/2014,9,418
19/05/2014,10,362
19/05/2014,11,388
19/05/2014,12,464
19/05/2014,13,499
19/05/2014,14,487
19/05/2014,15,505
19/05/2014,16,697
19/05/2014,17,1327
19/05/2014,18,1162
19/05/2014,19,797
19/05/2014,20,578
19/05/2014,21,427
19/05/2014,22,250
19/05/2014,23,150
19/05/2015,0,26
19/05/2015,1,15
19/05/2015,2,11
19/05/2015,3,11
19/05/2015,4,8
19/05/2015,5,85
19/05/2015,6,332
19/05/2015,7,909
19/05/2015,8,1288
19/05/2015,9,572
19/05/2015,10,326
19/05/2015,11,375
19/05/2015,12,505
19/05/2015,13,455
19/05/2015,14,422
19/05/2015,15,538
19/05/2015,16,757
19/05/2015,17,1462
19/05/2015,18,1362
19/05/2015,19,912
19/05/2015,20,660
19/05/2015,21,465
19/05/2015,22,394
19/05/2015,23,178
19/05/2016,0,37
19/05/2016,1,18
19/05/2016,2,14
19/05/2016,3,4
19/05/2016,4,7
19/05/2016,5,63
19/05/2016,6,277
19/05/2016,7,838
19/05/2016,8,1197
19/05/2016,9,526
19/05/2016,10,259
19/05/2016,11,394
19/05/2016,12,483
19/05/2016,13,480
19/05/2016,14,438
19/05/2016,15,514
19/05/2016,16,827
19/05/2016,17,1555
19/05/2016,18,1382
19/05/2016,19,898
19/05/2016,20,615
19/05/2016,21,446
19/05/2016,22,315
19/05/2016,23,133
19/05/2017,0,79
19/05/2017,1,59
19/05/2017,2,30
19/05/2017,3,12
19/05/2017,4,17
19/05/2017,5,84
19/05/2017,6,418
19/05/2017,7,1105
19/05/2017,8,1388
19/05/2017,9,710
19/05/2017,10,504
19/05/2017,11,624
19/05/2017,12,682
19/05/2017,13,696
19/05/2017,14,600
19/05/2017,15,746
19/05/2017,16,1032
19/05/2017,17,1428
19/05/2017,18,1027
19/05/2017,19,659
19/05/2017,20,440
19/05/2017,21,408
19/05/2017,22,389
19/05/2017,23,290
19/06/2014,0,60
19/06/2014,1,15
19/06/2014,2,12
19/06/2014,3,2
19/06/2014,4,7
19/06/2014,5,65
19/06/2014,6,277
19/06/2014,7,751
19/06/2014,8,1063
19/06/2014,9,464
19/06/2014,10,266
19/06/2014,11,335
19/06/2014,12,428
19/06/2014,13,418
19/06/2014,14,386
19/06/2014,15,457
19/06/2014,16,637
19/06/2014,17,1238
19/06/2014,18,1050
19/06/2014,19,809
19/06/2014,20,637
19/06/2014,21,469
19/06/2014,22,380
19/06/2014,23,198
19/06/2015,0,85
19/06/2015,1,24
19/06/2015,2,11
19/06/2015,3,2
19/06/2015,4,8
19/06/2015,5,77
19/06/2015,6,266
19/06/2015,7,773
19/06/2015,8,1135
19/06/2015,9,591
19/06/2015,10,401
19/06/2015,11,418
19/06/2015,12,595
19/06/2015,13,538
19/06/2015,14,507
19/06/2015,15,638
19/06/2015,16,867
19/06/2015,17,1333
19/06/2015,18,1214
19/06/2015,19,925
19/06/2015,20,595
19/06/2015,21,362
19/06/2015,22,397
19/06/2015,23,262
19/06/2016,0,240
19/06/2016,1,138
19/06/2016,2,126
19/06/2016,3,60
19/06/2016,4,29
19/06/2016,5,20
19/06/2016,6,42
19/06/2016,7,120
19/06/2016,8,303
19/06/2016,9,487
19/06/2016,10,761
19/06/2016,11,882
19/06/2016,12,910
19/06/2016,13,957
19/06/2016,14,979
19/06/2016,15,971
19/06/2016,16,874
19/06/2016,17,965
19/06/2016,18,813
19/06/2016,19,733
19/06/2016,20,584
19/06/2016,21,374
19/06/2016,22,274
19/06/2016,23,188
19/06/2017,0,64
19/06/2017,1,22
19/06/2017,2,18
19/06/2017,3,9
19/06/2017,4,11
19/06/2017,5,124
19/06/2017,6,381
19/06/2017,7,817
19/06/2017,8,1001
19/06/2017,9,491
19/06/2017,10,419
19/06/2017,11,454
19/06/2017,12,586
19/06/2017,13,569
19/06/2017,14,536
19/06/2017,15,430
19/06/2017,16,265
19/06/2017,17,564
19/06/2017,18,741
19/06/2017,19,666
19/06/2017,20,549
19/06/2017,21,371
19/06/2017,22,228
19/06/2017,23,107
19/07/2014,0,230
19/07/2014,1,123
19/07/2014,2,72
19/07/2014,3,42
19/07/2014,4,17
19/07/2014,5,18
19/07/2014,6,43
19/07/2014,7,136
19/07/2014,8,291
19/07/2014,9,470
19/07/2014,10,672
19/07/2014,11,866
19/07/2014,12,897
19/07/2014,13,937
19/07/2014,14,932
19/07/2014,15,898
19/07/2014,16,970
19/07/2014,17,906
19/07/2014,18,857
19/07/2014,19,762
19/07/2014,20,583
19/07/2014,21,420
19/07/2014,22,350
19/07/2014,23,272
19/07/2015,0,239
19/07/2015,1,171
19/07/2015,2,106
19/07/2015,3,57
19/07/2015,4,18
19/07/2015,5,17
19/07/2015,6,48
19/07/2015,7,91
19/07/2015,8,268
19/07/2015,9,461
19/07/2015,10,809
19/07/2015,11,862
19/07/2015,12,848
19/07/2015,13,723
19/07/2015,14,782
19/07/2015,15,720
19/07/2015,16,723
19/07/2015,17,734
19/07/2015,18,640
19/07/2015,19,604
19/07/2015,20,520
19/07/2015,21,383
19/07/2015,22,229
19/07/2015,23,95
19/07/2016,0,45
19/07/2016,1,20
19/07/2016,2,5
19/07/2016,3,4
19/07/2016,4,16
19/07/2016,5,111
19/07/2016,6,400
19/07/2016,7,921
19/07/2016,8,1212
19/07/2016,9,600
19/07/2016,10,378
19/07/2016,11,380
19/07/2016,12,518
19/07/2016,13,459
19/07/2016,14,427
19/07/2016,15,547
19/07/2016,16,778
19/07/2016,17,1613
19/07/2016,18,1362
19/07/2016,19,993
19/07/2016,20,699
19/07/2016,21,504
19/07/2016,22,297
19/07/2016,23,36
19/07/2017,0,63
19/07/2017,1,27
19/07/2017,2,13
19/07/2017,3,6
19/07/2017,4,16
19/07/2017,5,136
19/07/2017,6,433
19/07/2017,7,1027
19/07/2017,8,1326
19/07/2017,9,579
19/07/2017,10,379
19/07/2017,11,391
19/07/2017,12,515
19/07/2017,13,493
19/07/2017,14,468
19/07/2017,15,514
19/07/2017,16,886
19/07/2017,17,1584
19/07/2017,18,1382
19/07/2017,19,1035
19/07/2017,20,831
19/07/2017,21,548
19/07/2017,22,339
19/07/2017,23,175
19/08/2014,0,44
19/08/2014,1,28
19/08/2014,2,9
19/08/2014,3,6
19/08/2014,4,10
19/08/2014,5,75
19/08/2014,6,290
19/08/2014,7,753
19/08/2014,8,1031
19/08/2014,9,517
19/08/2014,10,271
19/08/2014,11,273
19/08/2014,12,388
19/08/2014,13,371
19/08/2014,14,398
19/08/2014,15,505
19/08/2014,16,658
19/08/2014,17,1350
19/08/2014,18,1221
19/08/2014,19,840
19/08/2014,20,628
19/08/2014,21,413
19/08/2014,22,287
19/08/2014,23,164
19/08/2015,0,71
19/08/2015,1,26
19/08/2015,2,9
19/08/2015,3,8
19/08/2015,4,12
19/08/2015,5,131
19/08/2015,6,325
19/08/2015,7,926
19/08/2015,8,1206
19/08/2015,9,590
19/08/2015,10,382
19/08/2015,11,416
19/08/2015,12,506
19/08/2015,13,524
19/08/2015,14,437
19/08/2015,15,505
19/08/2015,16,711
19/08/2015,17,1393
19/08/2015,18,1301
19/08/2015,19,949
19/08/2015,20,667
19/08/2015,21,393
19/08/2015,22,316
19/08/2015,23,162
19/08/2016,0,103
19/08/2016,1,35
19/08/2016,2,24
19/08/2016,3,9
19/08/2016,4,18
19/08/2016,5,91
19/08/2016,6,291
19/08/2016,7,746
19/08/2016,8,1120
19/08/2016,9,592
19/08/2016,10,413
19/08/2016,11,516
19/08/2016,12,578
19/08/2016,13,580
19/08/2016,14,564
19/08/2016,15,634
19/08/2016,16,941
19/08/2016,17,1230
19/08/2016,18,1015
19/08/2016,19,779
19/08/2016,20,583
19/08/2016,21,412
19/08/2016,22,381
19/08/2016,23,260
19/08/2017,0,136
19/08/2017,1,91
19/08/2017,2,81
19/08/2017,3,40
19/08/2017,4,17
19/08/2017,5,29
19/08/2017,6,87
19/08/2017,7,205
19/08/2017,8,380
19/08/2017,9,706
19/08/2017,10,936
19/08/2017,11,1039
19/08/2017,12,1038
19/08/2017,13,1094
19/08/2017,14,1105
19/08/2017,15,985
19/08/2017,16,1011
19/08/2017,17,958
19/08/2017,18,910
19/08/2017,19,817
19/08/2017,20,661
19/08/2017,21,476
19/08/2017,22,324
19/08/2017,23,316
19/09/2014,0,93
19/09/2014,1,47
19/09/2014,2,27
19/09/2014,3,7
19/09/2014,4,17
19/09/2014,5,83
19/09/2014,6,310
19/09/2014,7,738
19/09/2014,8,1141
19/09/2014,9,562
19/09/2014,10,356
19/09/2014,11,466
19/09/2014,12,606
19/09/2014,13,619
19/09/2014,14,591
19/09/2014,15,661
19/09/2014,16,908
19/09/2014,17,1315
19/09/2014,18,1106
19/09/2014,19,785
19/09/2014,20,458
19/09/2014,21,373
19/09/2014,22,347
19/09/2014,23,239
19/09/2015,0,209
19/09/2015,1,130
19/09/2015,2,88
19/09/2015,3,24
19/09/2015,4,18
19/09/2015,5,22
19/09/2015,6,38
19/09/2015,7,148
19/09/2015,8,313
19/09/2015,9,548
19/09/2015,10,732
19/09/2015,11,827
19/09/2015,12,911
19/09/2015,13,876
19/09/2015,14,855
19/09/2015,15,927
19/09/2015,16,835
19/09/2015,17,868
19/09/2015,18,894
19/09/2015,19,776
19/09/2015,20,464
19/09/2015,21,445
19/09/2015,22,338
19/09/2015,23,294
19/09/2016,0,48
19/09/2016,1,25
19/09/2016,2,8
19/09/2016,3,8
19/09/2016,4,14
19/09/2016,5,89
19/09/2016,6,264
19/09/2016,7,840
19/09/2016,8,1176
19/09/2016,9,344
19/09/2016,10,82
19/09/2016,11,66
19/09/2016,12,64
19/09/2016,13,113
19/09/2016,14,93
19/09/2016,15,246
19/09/2016,16,627
19/09/2016,17,1308
19/09/2016,18,1239
19/09/2016,19,733
19/09/2016,20,466
19/09/2016,21,313
19/09/2016,22,201
19/09/2016,23,97
19/09/2017,0,40
19/09/2017,1,9
19/09/2017,2,17
19/09/2017,3,6
19/09/2017,4,23
19/09/2017,5,117
19/09/2017,6,422
19/09/2017,7,1145
19/09/2017,8,1417
19/09/2017,9,589
19/09/2017,10,363
19/09/2017,11,455
19/09/2017,12,610
19/09/2017,13,552
19/09/2017,14,542
19/09/2017,15,729
19/09/2017,16,1066
19/09/2017,17,1961
19/09/2017,18,1543
19/09/2017,19,983
19/09/2017,20,583
19/09/2017,21,475
19/09/2017,22,265
19/09/2017,23,133
19/10/2014,0,193
19/10/2014,1,135
19/10/2014,2,118
19/10/2014,3,56
19/10/2014,4,11
19/10/2014,5,16
19/10/2014,6,20
19/10/2014,7,89
19/10/2014,8,140
19/10/2014,9,368
19/10/2014,10,564
19/10/2014,11,627
19/10/2014,12,776
19/10/2014,13,729
19/10/2014,14,667
19/10/2014,15,732
19/10/2014,16,692
19/10/2014,17,662
19/10/2014,18,560
19/10/2014,19,350
19/10/2014,20,235
19/10/2014,21,175
19/10/2014,22,121
19/10/2014,23,85
19/10/2015,0,26
19/10/2015,1,13
19/10/2015,2,12
19/10/2015,3,4
19/10/2015,4,7
19/10/2015,5,52
19/10/2015,6,200
19/10/2015,7,654
19/10/2015,8,1073
19/10/2015,9,509
19/10/2015,10,244
19/10/2015,11,296
19/10/2015,12,391
19/10/2015,13,354
19/10/2015,14,336
19/10/2015,15,407
19/10/2015,16,653
19/10/2015,17,1257
19/10/2015,18,1094
19/10/2015,19,583
19/10/2015,20,384
19/10/2015,21,253
19/10/2015,22,184
19/10/2015,23,88
19/10/2016,0,50
19/10/2016,1,25
19/10/2016,2,9
19/10/2016,3,6
19/10/2016,4,11
19/10/2016,5,119
19/10/2016,6,356
19/10/2016,7,1080
19/10/2016,8,1353
19/10/2016,9,644
19/10/2016,10,349
19/10/2016,11,453
19/10/2016,12,537
19/10/2016,13,526
19/10/2016,14,481
19/10/2016,15,569
19/10/2016,16,924
19/10/2016,17,1704
19/10/2016,18,1373
19/10/2016,19,827
19/10/2016,20,641
19/10/2016,21,298
19/10/2016,22,302
19/10/2016,23,284
19/10/2017,0,60
19/10/2017,1,37
19/10/2017,2,23
19/10/2017,3,6
19/10/2017,4,17
19/10/2017,5,94
19/10/2017,6,376
19/10/2017,7,883
19/10/2017,8,1322
19/10/2017,9,648
19/10/2017,10,412
19/10/2017,11,459
19/10/2017,12,595
19/10/2017,13,607
19/10/2017,14,572
19/10/2017,15,756
19/10/2017,16,1049
19/10/2017,17,1796
19/10/2017,18,1382
19/10/2017,19,776
19/10/2017,20,544
19/10/2017,21,389
19/10/2017,22,324
19/10/2017,23,187
19/11/2014,0,24
19/11/2014,1,9
19/11/2014,2,4
19/11/2014,3,4
19/11/2014,4,5
19/11/2014,5,48
19/11/2014,6,177
19/11/2014,7,460
19/11/2014,8,785
19/11/2014,9,420
19/11/2014,10,181
19/11/2014,11,194
19/11/2014,12,244
19/11/2014,13,180
19/11/2014,14,196
19/11/2014,15,224
19/11/2014,16,394
19/11/2014,17,683
19/11/2014,18,654
19/11/2014,19,405
19/11/2014,20,232
19/11/2014,21,240
19/11/2014,22,156
19/11/2014,23,63
19/11/2015,0,69
19/11/2015,1,25
19/11/2015,2,17
19/11/2015,3,8
19/11/2015,4,8
19/11/2015,5,33
19/11/2015,6,190
19/11/2015,7,544
19/11/2015,8,1060
19/11/2015,9,450
19/11/2015,10,158
19/11/2015,11,130
19/11/2015,12,136
19/11/2015,13,50
19/11/2015,14,47
19/11/2015,15,120
19/11/2015,16,260
19/11/2015,17,758
19/11/2015,18,744
19/11/2015,19,441
19/11/2015,20,347
19/11/2015,21,317
19/11/2015,22,215
19/11/2015,23,128
19/11/2016,0,172
19/11/2016,1,85
19/11/2016,2,63
19/11/2016,3,25
19/11/2016,4,14
19/11/2016,5,15
19/11/2016,6,51
19/11/2016,7,115
19/11/2016,8,284
19/11/2016,9,511
19/11/2016,10,687
19/11/2016,11,880
19/11/2016,12,1070
19/11/2016,13,1147
19/11/2016,14,1141
19/11/2016,15,686
19/11/2016,16,387
19/11/2016,17,102
19/11/2016,18,140
19/11/2016,19,166
19/11/2016,20,162
19/11/2016,21,133
19/11/2016,22,121
19/11/2016,23,90
19/11/2017,0,135
19/11/2017,1,50
19/11/2017,2,40
19/11/2017,3,30
19/11/2017,4,13
19/11/2017,5,8
19/11/2017,6,28
19/11/2017,7,71
19/11/2017,8,172
19/11/2017,9,303
19/11/2017,10,451
19/11/2017,11,570
19/11/2017,12,665
19/11/2017,13,558
19/11/2017,14,570
19/11/2017,15,513
19/11/2017,16,452
19/11/2017,17,376
19/11/2017,18,264
19/11/2017,19,186
19/11/2017,20,158
19/11/2017,21,120
19/11/2017,22,87
19/11/2017,23,91
19/12/2014,0,50
19/12/2014,1,16
19/12/2014,2,13
19/12/2014,3,6
19/12/2014,4,6
19/12/2014,5,41
19/12/2014,6,136
19/12/2014,7,401
19/12/2014,8,766
19/12/2014,9,421
19/12/2014,10,232
19/12/2014,11,248
19/12/2014,12,322
19/12/2014,13,264
19/12/2014,14,242
19/12/2014,15,326
19/12/2014,16,414
19/12/2014,17,651
19/12/2014,18,517
19/12/2014,19,281
19/12/2014,20,193
19/12/2014,21,138
19/12/2014,22,113
19/12/2014,23,70
19/12/2015,0,63
19/12/2015,1,64
19/12/2015,2,28
19/12/2015,3,15
19/12/2015,4,5
19/12/2015,5,3
19/12/2015,6,12
19/12/2015,7,55
19/12/2015,8,120
19/12/2015,9,184
19/12/2015,10,319
19/12/2015,11,410
19/12/2015,12,367
19/12/2015,13,416
19/12/2015,14,359
19/12/2015,15,379
19/12/2015,16,342
19/12/2015,17,302
19/12/2015,18,239
19/12/2015,19,149
19/12/2015,20,150
19/12/2015,21,127
19/12/2015,22,91
19/12/2015,23,80
19/12/2016,0,14
19/12/2016,1,7
19/12/2016,2,2
19/12/2016,3,1
19/12/2016,4,10
19/12/2016,5,51
19/12/2016,6,171
19/12/2016,7,500
19/12/2016,8,768
19/12/2016,9,418
19/12/2016,10,191
19/12/2016,11,228
19/12/2016,12,312
19/12/2016,13,287
19/12/2016,14,254
19/12/2016,15,330
19/12/2016,16,444
19/12/2016,17,784
19/12/2016,18,676
19/12/2016,19,383
19/12/2016,20,228
19/12/2016,21,139
19/12/2016,22,76
19/12/2016,23,54
19/12/2017,0,60
19/12/2017,1,12
19/12/2017,2,7
19/12/2017,3,7
19/12/2017,4,15
19/12/2017,5,86
19/12/2017,6,298
19/12/2017,7,697
19/12/2017,8,1221
19/12/2017,9,535
19/12/2017,10,312
19/12/2017,11,419
19/12/2017,12,483
19/12/2017,13,471
19/12/2017,14,449
19/12/2017,15,585
19/12/2017,16,727
19/12/2017,17,1165
19/12/2017,18,936
19/12/2017,19,555
19/12/2017,20,349
19/12/2017,21,274
19/12/2017,22,177
19/12/2017,23,80
20/01/2014,0,48
20/01/2014,1,32
20/01/2014,2,15
20/01/2014,3,7
20/01/2014,4,3
20/01/2014,5,7
20/01/2014,6,42
20/01/2014,7,74
20/01/2014,8,145
20/01/2014,9,171
20/01/2014,10,244
20/01/2014,11,348
20/01/2014,12,475
20/01/2014,13,541
20/01/2014,14,482
20/01/2014,15,556
20/01/2014,16,541
20/01/2014,17,466
20/01/2014,18,355
20/01/2014,19,248
20/01/2014,20,195
20/01/2014,21,152
20/01/2014,22,103
20/01/2014,23,66
20/01/2015,0,12
20/01/2015,1,5
20/01/2015,2,6
20/01/2015,4,7
20/01/2015,5,47
20/01/2015,6,169
20/01/2015,7,476
20/01/2015,8,844
20/01/2015,9,368
20/01/2015,10,192
20/01/2015,11,193
20/01/2015,12,212
20/01/2015,13,208
20/01/2015,14,199
20/01/2015,15,244
20/01/2015,16,406
20/01/2015,17,740
20/01/2015,18,708
20/01/2015,19,478
20/01/2015,20,346
20/01/2015,21,191
20/01/2015,22,122
20/01/2015,23,90
20/01/2016,0,12
20/01/2016,1,2
20/01/2016,2,1
20/01/2016,3,1
20/01/2016,4,9
20/01/2016,5,42
20/01/2016,6,156
20/01/2016,7,372
20/01/2016,8,697
20/01/2016,9,332
20/01/2016,10,138
20/01/2016,11,159
20/01/2016,12,175
20/01/2016,13,171
20/01/2016,14,157
20/01/2016,15,188
20/01/2016,16,332
20/01/2016,17,581
20/01/2016,18,424
20/01/2016,19,130
20/01/2016,20,103
20/01/2016,21,65
20/01/2016,22,44
20/01/2016,23,30
20/01/2017,0,79
20/01/2017,1,52
20/01/2017,2,31
20/01/2017,3,19
20/01/2017,4,18
20/01/2017,5,59
20/01/2017,6,95
20/01/2017,7,178
20/01/2017,8,282
20/01/2017,9,269
20/01/2017,10,361
20/01/2017,11,409
20/01/2017,12,392
20/01/2017,13,443
20/01/2017,14,418
20/01/2017,15,357
20/01/2017,16,409
20/01/2017,17,399
20/01/2017,18,336
20/01/2017,19,291
20/01/2017,20,232
20/01/2017,21,177
20/01/2017,22,139
20/01/2017,23,121
20/01/2018,0,70
20/01/2018,1,44
20/01/2018,2,26
20/01/2018,3,21
20/01/2018,4,4
20/01/2018,5,12
20/01/2018,6,17
20/01/2018,7,66
20/01/2018,8,172
20/01/2018,9,292
20/01/2018,10,497
20/01/2018,11,692
20/01/2018,12,756
20/01/2018,13,823
20/01/2018,14,871
20/01/2018,15,917
20/01/2018,16,874
20/01/2018,17,636
20/01/2018,18,371
20/01/2018,19,288
20/01/2018,20,195
20/01/2018,21,129
20/01/2018,22,156
20/01/2018,23,104
20/02/2014,0,35
20/02/2014,1,13
20/02/2014,2,7
20/02/2014,3,1
20/02/2014,4,1
20/02/2014,5,52
20/02/2014,6,151
20/02/2014,7,433
20/02/2014,8,837
20/02/2014,9,380
20/02/2014,10,193
20/02/2014,11,221
20/02/2014,12,241
20/02/2014,13,224
20/02/2014,14,210
20/02/2014,15,296
20/02/2014,16,389
20/02/2014,17,817
20/02/2014,18,696
20/02/2014,19,476
20/02/2014,20,336
20/02/2014,21,253
20/02/2014,22,185
20/02/2014,23,130
20/02/2015,0,9
20/02/2015,1,3
20/02/2015,2,1
20/02/2015,3,1
20/02/2015,4,2
20/02/2015,5,16
20/02/2015,6,47
20/02/2015,7,155
20/02/2015,8,323
20/02/2015,9,173
20/02/2015,10,69
20/02/2015,11,81
20/02/2015,12,100
20/02/2015,13,110
20/02/2015,14,98
20/02/2015,15,126
20/02/2015,16,189
20/02/2015,17,324
20/02/2015,18,242
20/02/2015,19,154
20/02/2015,20,107
20/02/2015,21,68
20/02/2015,22,43
20/02/2015,23,43
20/02/2016,0,67
20/02/2016,1,55
20/02/2016,2,37
20/02/2016,3,20
20/02/2016,4,9
20/02/2016,5,7
20/02/2016,6,21
20/02/2016,7,63
20/02/2016,8,195
20/02/2016,9,279
20/02/2016,10,364
20/02/2016,11,546
20/02/2016,12,701
20/02/2016,13,809
20/02/2016,14,942
20/02/2016,15,899
20/02/2016,16,924
20/02/2016,17,699
20/02/2016,18,489
20/02/2016,19,324
20/02/2016,20,239
20/02/2016,21,212
20/02/2016,22,198
20/02/2016,23,146
20/02/2017,0,91
20/02/2017,1,32
20/02/2017,2,11
20/02/2017,3,11
20/02/2017,4,8
20/02/2017,5,33
20/02/2017,6,50
20/02/2017,7,170
20/02/2017,8,372
20/02/2017,9,462
20/02/2017,10,606
20/02/2017,11,819
20/02/2017,12,883
20/02/2017,13,1009
20/02/2017,14,966
20/02/2017,15,971
20/02/2017,16,1020
20/02/2017,17,943
20/02/2017,18,580
20/02/2017,19,434
20/02/2017,20,274
20/02/2017,21,164
20/02/2017,22,109
20/02/2017,23,40
20/02/2018,0,23
20/02/2018,1,11
20/02/2018,2,7
20/02/2018,3,7
20/02/2018,4,13
20/02/2018,5,87
20/02/2018,6,281
20/02/2018,7,677
20/02/2018,8,1092
20/02/2018,9,471
20/02/2018,10,284
20/02/2018,11,378
20/02/2018,12,548
20/02/2018,13,504
20/02/2018,14,478
20/02/2018,15,621
20/02/2018,16,909
20/02/2018,17,1554
20/02/2018,18,1199
20/02/2018,19,718
20/02/2018,20,441
20/02/2018,21,372
20/02/2018,22,221
20/02/2018,23,93
20/03/2014,0,31
20/03/2014,1,8
20/03/2014,2,8
20/03/2014,3,4
20/03/2014,4,6
20/03/2014,5,30
20/03/2014,6,139
20/03/2014,7,406
20/03/2014,8,832
20/03/2014,9,428
20/03/2014,10,207
20/03/2014,11,218
20/03/2014,12,326
20/03/2014,13,343
20/03/2014,14,305
20/03/2014,15,350
20/03/2014,16,503
20/03/2014,17,913
20/03/2014,18,869
20/03/2014,19,573
20/03/2014,20,389
20/03/2014,21,287
20/03/2014,22,214
20/03/2014,23,125
20/03/2015,0,33
20/03/2015,1,32
20/03/2015,2,7
20/03/2015,3,1
20/03/2015,4,3
20/03/2015,5,17
20/03/2015,6,42
20/03/2015,7,89
20/03/2015,8,237
20/03/2015,9,131
20/03/2015,10,61
20/03/2015,11,61
20/03/2015,12,73
20/03/2015,13,77
20/03/2015,14,84
20/03/2015,15,107
20/03/2015,16,191
20/03/2015,17,450
20/03/2015,18,417
20/03/2015,19,275
20/03/2015,20,194
20/03/2015,21,137
20/03/2015,22,103
20/03/2015,23,83
20/03/2016,0,55
20/03/2016,1,57
20/03/2016,2,39
20/03/2016,3,26
20/03/2016,4,3
20/03/2016,5,4
20/03/2016,6,18
20/03/2016,7,51
20/03/2016,8,99
20/03/2016,9,173
20/03/2016,10,274
20/03/2016,11,389
20/03/2016,12,481
20/03/2016,13,435
20/03/2016,14,378
20/03/2016,15,405
20/03/2016,16,373
20/03/2016,17,347
20/03/2016,18,278
20/03/2016,19,241
20/03/2016,20,171
20/03/2016,21,124
20/03/2016,22,58
20/03/2016,23,53
20/03/2017,0,23
20/03/2017,1,9
20/03/2017,2,4
20/03/2017,3,4
20/03/2017,4,5
20/03/2017,5,63
20/03/2017,6,225
20/03/2017,7,583
20/03/2017,8,921
20/03/2017,9,465
20/03/2017,10,271
20/03/2017,11,322
20/03/2017,12,463
20/03/2017,13,463
20/03/2017,14,433
20/03/2017,15,528
20/03/2017,16,693
20/03/2017,17,1307
20/03/2017,18,1058
20/03/2017,19,593
20/03/2017,20,385
20/03/2017,21,250
20/03/2017,22,162
20/03/2017,23,73
20/03/2018,0,23
20/03/2018,1,8
20/03/2018,2,5
20/03/2018,3,3
20/03/2018,4,12
20/03/2018,5,45
20/03/2018,6,70
20/03/2018,7,128
20/03/2018,8,267
20/03/2018,9,196
20/03/2018,10,49
20/03/2018,11,48
20/03/2018,12,34
20/03/2018,13,46
20/03/2018,14,53
20/03/2018,15,64
20/03/2018,16,132
20/03/2018,17,285
20/03/2018,18,290
20/03/2018,19,136
20/03/2018,20,113
20/03/2018,21,68
20/03/2018,22,39
20/03/2018,23,26
20/04/2014,0,139
20/04/2014,1,90
20/04/2014,2,73
20/04/2014,3,25
20/04/2014,4,10
20/04/2014,5,26
20/04/2014,6,39
20/04/2014,7,99
20/04/2014,8,212
20/04/2014,9,357
20/04/2014,10,593
20/04/2014,11,702
20/04/2014,12,853
20/04/2014,13,921
20/04/2014,14,852
20/04/2014,15,938
20/04/2014,16,821
20/04/2014,17,824
20/04/2014,18,644
20/04/2014,19,555
20/04/2014,20,302
20/04/2014,21,234
20/04/2014,22,148
20/04/2014,23,56
20/04/2015,0,7
20/04/2015,2,5
20/04/2015,4,1
20/04/2015,5,26
20/04/2015,6,124
20/04/2015,7,375
20/04/2015,8,945
20/04/2015,9,505
20/04/2015,10,314
20/04/2015,11,382
20/04/2015,12,449
20/04/2015,13,477
20/04/2015,14,527
20/04/2015,15,519
20/04/2015,16,676
20/04/2015,17,1289
20/04/2015,18,1140
20/04/2015,19,765
20/04/2015,20,149
20/04/2015,21,186
20/04/2015,22,133
20/04/2015,23,74
20/04/2016,0,61
20/04/2016,1,22
20/04/2016,2,6
20/04/2016,3,4
20/04/2016,4,6
20/04/2016,5,90
20/04/2016,6,328
20/04/2016,7,854
20/04/2016,8,1295
20/04/2016,9,623
20/04/2016,10,285
20/04/2016,11,383
20/04/2016,12,481
20/04/2016,13,457
20/04/2016,14,434
20/04/2016,15,494
20/04/2016,16,887
20/04/2016,17,1532
20/04/2016,18,1237
20/04/2016,19,863
20/04/2016,20,556
20/04/2016,21,401
20/04/2016,22,234
20/04/2016,23,117
20/04/2017,0,49
20/04/2017,1,14
20/04/2017,2,7
20/04/2017,3,5
20/04/2017,4,9
20/04/2017,5,85
20/04/2017,6,341
20/04/2017,7,842
20/04/2017,8,573
20/04/2017,9,470
20/04/2017,10,382
20/04/2017,11,478
20/04/2017,12,677
20/04/2017,13,695
20/04/2017,14,613
20/04/2017,15,802
20/04/2017,16,1053
20/04/2017,17,1715
20/04/2017,18,1410
20/04/2017,19,984
20/04/2017,20,317
20/04/2017,21,321
20/04/2017,22,268
20/04/2017,23,163
20/04/2018,0,48
20/04/2018,1,20
20/04/2018,2,16
20/04/2018,3,8
20/04/2018,4,13
20/04/2018,5,69
20/04/2018,6,250
20/04/2018,7,612
20/04/2018,8,1041
20/04/2018,9,607
20/04/2018,10,319
20/04/2018,11,437
20/04/2018,12,612
20/04/2018,13,607
20/04/2018,14,628
20/04/2018,15,804
20/04/2018,16,1040
20/04/2018,17,1405
20/04/2018,18,1141
20/04/2018,19,728
20/04/2018,20,423
20/04/2018,21,283
20/04/2018,22,244
20/04/2018,23,212
20/05/2014,0,64
20/05/2014,1,20
20/05/2014,2,6
20/05/2014,3,8
20/05/2014,4,5
20/05/2014,5,73
20/05/2014,6,258
20/05/2014,7,744
20/05/2014,8,1086
20/05/2014,9,472
20/05/2014,10,279
20/05/2014,11,333
20/05/2014,12,488
20/05/2014,13,494
20/05/2014,14,414
20/05/2014,15,451
20/05/2014,16,733
20/05/2014,17,1271
20/05/2014,18,1219
20/05/2014,19,818
20/05/2014,20,622
20/05/2014,21,489
20/05/2014,22,345
20/05/2014,23,155
20/05/2015,0,77
20/05/2015,1,28
20/05/2015,2,15
20/05/2015,3,6
20/05/2015,4,7
20/05/2015,5,113
20/05/2015,6,380
20/05/2015,7,953
20/05/2015,8,1276
20/05/2015,9,576
20/05/2015,10,411
20/05/2015,11,471
20/05/2015,12,569
20/05/2015,13,607
20/05/2015,14,533
20/05/2015,15,604
20/05/2015,16,846
20/05/2015,17,1542
20/05/2015,18,1427
20/05/2015,19,933
20/05/2015,20,632
20/05/2015,21,456
20/05/2015,22,353
20/05/2015,23,171
20/05/2016,0,67
20/05/2016,1,51
20/05/2016,2,13
20/05/2016,3,12
20/05/2016,4,9
20/05/2016,5,71
20/05/2016,6,335
20/05/2016,7,959
20/05/2016,8,1409
20/05/2016,9,650
20/05/2016,10,426
20/05/2016,11,515
20/05/2016,12,709
20/05/2016,13,763
20/05/2016,14,692
20/05/2016,15,839
20/05/2016,16,1118
20/05/2016,17,1615
20/05/2016,18,1208
20/05/2016,19,892
20/05/2016,20,522
20/05/2016,21,419
20/05/2016,22,321
20/05/2016,23,245
20/05/2017,0,214
20/05/2017,1,134
20/05/2017,2,61
20/05/2017,3,46
20/05/2017,4,28
20/05/2017,5,43
20/05/2017,6,94
20/05/2017,7,187
20/05/2017,8,330
20/05/2017,9,675
20/05/2017,10,920
20/05/2017,11,1018
20/05/2017,12,1068
20/05/2017,13,1139
20/05/2017,14,1215
20/05/2017,15,1238
20/05/2017,16,1179
20/05/2017,17,1120
20/05/2017,18,943
20/05/2017,19,680
20/05/2017,20,551
20/05/2017,21,361
20/05/2017,22,350
20/05/2017,23,201
20/06/2014,0,88
20/06/2014,1,46
20/06/2014,2,26
20/06/2014,3,7
20/06/2014,4,12
20/06/2014,5,62
20/06/2014,6,258
20/06/2014,7,698
20/06/2014,8,1012
20/06/2014,9,509
20/06/2014,10,398
20/06/2014,11,473
20/06/2014,12,516
20/06/2014,13,533
20/06/2014,14,520
20/06/2014,15,620
20/06/2014,16,814
20/06/2014,17,1302
20/06/2014,18,1119
20/06/2014,19,777
20/06/2014,20,574
20/06/2014,21,499
20/06/2014,22,403
20/06/2014,23,368
20/06/2015,0,245
20/06/2015,1,128
20/06/2015,2,92
20/06/2015,3,41
20/06/2015,4,15
20/06/2015,5,16
20/06/2015,6,50
20/06/2015,7,157
20/06/2015,8,305
20/06/2015,9,518
20/06/2015,10,667
20/06/2015,11,828
20/06/2015,12,886
20/06/2015,13,947
20/06/2015,14,907
20/06/2015,15,809
20/06/2015,16,814
20/06/2015,17,791
20/06/2015,18,664
20/06/2015,19,259
20/06/2015,20,76
20/06/2015,21,23
20/06/2015,22,20
20/06/2015,23,60
20/06/2016,0,55
20/06/2016,1,24
20/06/2016,2,21
20/06/2016,3,4
20/06/2016,4,12
20/06/2016,5,96
20/06/2016,6,311
20/06/2016,7,955
20/06/2016,8,1242
20/06/2016,9,610
20/06/2016,10,400
20/06/2016,11,440
20/06/2016,12,502
20/06/2016,13,474
20/06/2016,14,456
20/06/2016,15,592
20/06/2016,16,883
20/06/2016,17,1704
20/06/2016,18,1424
20/06/2016,19,966
20/06/2016,20,763
20/06/2016,21,520
20/06/2016,22,334
20/06/2016,23,124
20/06/2017,0,43
20/06/2017,1,20
20/06/2017,2,16
20/06/2017,3,3
20/06/2017,4,12
20/06/2017,5,134
20/06/2017,6,444
20/06/2017,7,1090
20/06/2017,8,1243
20/06/2017,9,549
20/06/2017,10,424
20/06/2017,11,546
20/06/2017,12,596
20/06/2017,13,569
20/06/2017,14,490
20/06/2017,15,599
20/06/2017,16,984
20/06/2017,17,1736
20/06/2017,18,1506
20/06/2017,19,1030
20/06/2017,20,778
20/06/2017,21,624
20/06/2017,22,365
20/06/2017,23,176
20/07/2014,0,218
20/07/2014,1,145
20/07/2014,2,127
20/07/2014,3,69
20/07/2014,4,18
20/07/2014,5,17
20/07/2014,6,40
20/07/2014,7,83
20/07/2014,8,218
20/07/2014,9,469
20/07/2014,10,679
20/07/2014,11,867
20/07/2014,12,947
20/07/2014,13,920
20/07/2014,14,938
20/07/2014,15,871
20/07/2014,16,856
20/07/2014,17,833
20/07/2014,18,732
20/07/2014,19,537
20/07/2014,20,484
20/07/2014,21,374
20/07/2014,22,232
20/07/2014,23,131
20/07/2015,0,59
20/07/2015,1,18
20/07/2015,2,11
20/07/2015,3,4
20/07/2015,4,11
20/07/2015,5,91
20/07/2015,6,289
20/07/2015,7,751
20/07/2015,8,977
20/07/2015,9,468
20/07/2015,10,314
20/07/2015,11,383
20/07/2015,12,465
20/07/2015,13,424
20/07/2015,14,345
20/07/2015,15,419
20/07/2015,16,706
20/07/2015,17,1325
20/07/2015,18,1255
20/07/2015,19,879
20/07/2015,20,721
20/07/2015,21,465
20/07/2015,22,309
20/07/2015,23,167
20/07/2016,0,41
20/07/2016,1,18
20/07/2016,2,12
20/07/2016,3,6
20/07/2016,4,15
20/07/2016,5,102
20/07/2016,6,376
20/07/2016,7,922
20/07/2016,8,1307
20/07/2016,9,621
20/07/2016,10,390
20/07/2016,11,412
20/07/2016,12,513
20/07/2016,13,474
20/07/2016,14,493
20/07/2016,15,561
20/07/2016,16,915
20/07/2016,17,1669
20/07/2016,18,1413
20/07/2016,19,981
20/07/2016,20,795
20/07/2016,21,595
20/07/2016,22,439
20/07/2016,23,230
20/07/2017,0,101
20/07/2017,1,19
20/07/2017,2,19
20/07/2017,3,14
20/07/2017,4,19
20/07/2017,5,117
20/07/2017,6,390
20/07/2017,7,956
20/07/2017,8,1224
20/07/2017,9,593
20/07/2017,10,380
20/07/2017,11,423
20/07/2017,12,504
20/07/2017,13,455
20/07/2017,14,466
20/07/2017,15,534
20/07/2017,16,850
20/07/2017,17,1490
20/07/2017,18,1281
20/07/2017,19,933
20/07/2017,20,745
20/07/2017,21,577
20/07/2017,22,362
20/07/2017,23,221
20/08/2014,0,54
20/08/2014,1,20
20/08/2014,2,12
20/08/2014,3,1
20/08/2014,4,15
20/08/2014,5,73
20/08/2014,6,291
20/08/2014,7,764
20/08/2014,8,1017
20/08/2014,9,531
20/08/2014,10,325
20/08/2014,11,385
20/08/2014,12,471
20/08/2014,13,497
20/08/2014,14,408
20/08/2014,15,512
20/08/2014,16,751
20/08/2014,17,388
20/08/2014,18,518
20/08/2014,19,733
20/08/2014,20,528
20/08/2014,21,417
20/08/2014,22,299
20/08/2014,23,140
20/08/2015,0,74
20/08/2015,1,54
20/08/2015,2,10
20/08/2015,3,4
20/08/2015,4,8
20/08/2015,5,78
20/08/2015,6,272
20/08/2015,7,733
20/08/2015,8,1109
20/08/2015,9,530
20/08/2015,10,312
20/08/2015,11,398
20/08/2015,12,456
20/08/2015,13,424
20/08/2015,14,377
20/08/2015,15,517
20/08/2015,16,718
20/08/2015,17,1390
20/08/2015,18,1254
20/08/2015,19,611
20/08/2015,20,306
20/08/2015,21,243
20/08/2015,22,179
20/08/2015,23,135
20/08/2016,0,159
20/08/2016,1,85
20/08/2016,2,63
20/08/2016,3,41
20/08/2016,4,18
20/08/2016,5,20
20/08/2016,6,78
20/08/2016,7,149
20/08/2016,8,375
20/08/2016,9,561
20/08/2016,10,780
20/08/2016,11,843
20/08/2016,12,923
20/08/2016,13,901
20/08/2016,14,926
20/08/2016,15,933
20/08/2016,16,890
20/08/2016,17,742
20/08/2016,18,776
20/08/2016,19,736
20/08/2016,20,516
20/08/2016,21,458
20/08/2016,22,317
20/08/2016,23,244
20/08/2017,0,195
20/08/2017,1,181
20/08/2017,2,89
20/08/2017,3,49
20/08/2017,4,13
20/08/2017,5,21
20/08/2017,6,67
20/08/2017,7,149
20/08/2017,8,328
20/08/2017,9,522
20/08/2017,10,836
20/08/2017,11,1034
20/08/2017,12,1056
20/08/2017,13,1088
20/08/2017,14,1086
20/08/2017,15,1018
20/08/2017,16,991
20/08/2017,17,911
20/08/2017,18,908
20/08/2017,19,744
20/08/2017,20,566
20/08/2017,21,356
20/08/2017,22,305
20/08/2017,23,130
20/09/2014,0,196
20/09/2014,1,134
20/09/2014,2,88
20/09/2014,3,36
20/09/2014,4,16
20/09/2014,5,14
20/09/2014,6,42
20/09/2014,7,144
20/09/2014,8,324
20/09/2014,9,579
20/09/2014,10,829
20/09/2014,11,961
20/09/2014,12,1037
20/09/2014,13,1132
20/09/2014,14,1051
20/09/2014,15,1026
20/09/2014,16,987
20/09/2014,17,983
20/09/2014,18,897
20/09/2014,19,794
20/09/2014,20,444
20/09/2014,21,415
20/09/2014,22,306
20/09/2014,23,242
20/09/2015,0,204
20/09/2015,1,127
20/09/2015,2,100
20/09/2015,3,58
20/09/2015,4,22
20/09/2015,5,25
20/09/2015,6,107
20/09/2015,7,148
20/09/2015,8,319
20/09/2015,9,495
20/09/2015,10,698
20/09/2015,11,820
20/09/2015,12,1017
20/09/2015,13,885
20/09/2015,14,877
20/09/2015,15,899
20/09/2015,16,997
20/09/2015,17,791
20/09/2015,18,759
20/09/2015,19,646
20/09/2015,20,441
20/09/2015,21,265
20/09/2015,22,196
20/09/2015,23,102
20/09/2016,0,50
20/09/2016,1,21
20/09/2016,2,8
20/09/2016,3,5
20/09/2016,4,12
20/09/2016,5,104
20/09/2016,6,391
20/09/2016,7,1043
20/09/2016,8,1367
20/09/2016,9,592
20/09/2016,10,371
20/09/2016,11,382
20/09/2016,12,540
20/09/2016,13,537
20/09/2016,14,452
20/09/2016,15,560
20/09/2016,16,875
20/09/2016,17,1648
20/09/2016,18,1440
20/09/2016,19,882
20/09/2016,20,580
20/09/2016,21,422
20/09/2016,22,255
20/09/2016,23,93
20/09/2017,0,66
20/09/2017,1,31
20/09/2017,2,18
20/09/2017,3,8
20/09/2017,4,11
20/09/2017,5,116
20/09/2017,6,431
20/09/2017,7,1110
20/09/2017,8,1397
20/09/2017,9,607
20/09/2017,10,375
20/09/2017,11,468
20/09/2017,12,607
20/09/2017,13,582
20/09/2017,14,528
20/09/2017,15,667
20/09/2017,16,1004
20/09/2017,17,1789
20/09/2017,18,1466
20/09/2017,19,958
20/09/2017,20,576
20/09/2017,21,394
20/09/2017,22,326
20/09/2017,23,185
20/10/2014,0,27
20/10/2014,1,22
20/10/2014,2,5
20/10/2014,3,4
20/10/2014,4,8
20/10/2014,5,54
20/10/2014,6,247
20/10/2014,7,635
20/10/2014,8,1132
20/10/2014,9,481
20/10/2014,10,254
20/10/2014,11,306
20/10/2014,12,366
20/10/2014,13,392
20/10/2014,14,402
20/10/2014,15,418
20/10/2014,16,670
20/10/2014,17,1277
20/10/2014,18,1048
20/10/2014,19,670
20/10/2014,20,428
20/10/2014,21,320
20/10/2014,22,185
20/10/2014,23,75
20/10/2015,0,32
20/10/2015,1,14
20/10/2015,2,8
20/10/2015,3,3
20/10/2015,4,9
20/10/2015,5,73
20/10/2015,6,262
20/10/2015,7,767
20/10/2015,8,1197
20/10/2015,9,502
20/10/2015,10,260
20/10/2015,11,278
20/10/2015,12,375
20/10/2015,13,367
20/10/2015,14,353
20/10/2015,15,440
20/10/2015,16,734
20/10/2015,17,1449
20/10/2015,18,1173
20/10/2015,19,686
20/10/2015,20,428
20/10/2015,21,307
20/10/2015,22,204
20/10/2015,23,115
20/10/2016,0,71
20/10/2016,1,30
20/10/2016,2,12
20/10/2016,3,14
20/10/2016,4,11
20/10/2016,5,90
20/10/2016,6,299
20/10/2016,7,978
20/10/2016,8,1377
20/10/2016,9,610
20/10/2016,10,376
20/10/2016,11,441
20/10/2016,12,572
20/10/2016,13,560
20/10/2016,14,523
20/10/2016,15,605
20/10/2016,16,983
20/10/2016,17,1732
20/10/2016,18,1430
20/10/2016,19,827
20/10/2016,20,589
20/10/2016,21,408
20/10/2016,22,307
20/10/2016,23,175
20/10/2017,0,103
20/10/2017,1,44
20/10/2017,2,36
20/10/2017,3,15
20/10/2017,4,20
20/10/2017,5,82
20/10/2017,6,343
20/10/2017,7,821
20/10/2017,8,1340
20/10/2017,9,747
20/10/2017,10,504
20/10/2017,11,654
20/10/2017,12,812
20/10/2017,13,780
20/10/2017,14,741
20/10/2017,15,921
20/10/2017,16,1235
20/10/2017,17,1689
20/10/2017,18,1200
20/10/2017,19,716
20/10/2017,20,511
20/10/2017,21,355
20/10/2017,22,311
20/10/2017,23,267
20/11/2014,0,31
20/11/2014,1,16
20/11/2014,2,3
20/11/2014,3,4
20/11/2014,4,5
20/11/2014,5,47
20/11/2014,6,177
20/11/2014,7,546
20/11/2014,8,898
20/11/2014,9,457
20/11/2014,10,213
20/11/2014,11,223
20/11/2014,12,305
20/11/2014,13,314
20/11/2014,14,281
20/11/2014,15,324
20/11/2014,16,516
20/11/2014,17,849
20/11/2014,18,723
20/11/2014,19,483
20/11/2014,20,352
20/11/2014,21,229
20/11/2014,22,167
20/11/2014,23,72
20/11/2015,0,57
20/11/2015,1,18
20/11/2015,2,11
20/11/2015,3,4
20/11/2015,4,9
20/11/2015,5,71
20/11/2015,6,218
20/11/2015,7,690
20/11/2015,8,1126
20/11/2015,9,547
20/11/2015,10,270
20/11/2015,11,340
20/11/2015,12,475
20/11/2015,13,443
20/11/2015,14,445
20/11/2015,15,531
20/11/2015,16,774
20/11/2015,17,1024
20/11/2015,18,744
20/11/2015,19,489
20/11/2015,20,297
20/11/2015,21,196
20/11/2015,22,180
20/11/2015,23,138
20/11/2016,0,75
20/11/2016,1,53
20/11/2016,2,34
20/11/2016,3,13
20/11/2016,4,10
20/11/2016,5,5
20/11/2016,6,11
20/11/2016,7,55
20/11/2016,8,115
20/11/2016,9,241
20/11/2016,10,325
20/11/2016,11,372
20/11/2016,12,370
20/11/2016,13,396
20/11/2016,14,312
20/11/2016,15,345
20/11/2016,16,330
20/11/2016,17,248
20/11/2016,18,172
20/11/2016,19,136
20/11/2016,20,94
20/11/2016,21,57
20/11/2016,22,40
20/11/2016,23,17
20/11/2017,0,27
20/11/2017,1,16
20/11/2017,2,3
20/11/2017,3,2
20/11/2017,4,9
20/11/2017,5,77
20/11/2017,6,268
20/11/2017,7,695
20/11/2017,8,995
20/11/2017,9,426
20/11/2017,10,275
20/11/2017,11,285
20/11/2017,12,366
20/11/2017,13,372
20/11/2017,14,377
20/11/2017,15,507
20/11/2017,16,747
20/11/2017,17,1109
20/11/2017,18,867
20/11/2017,19,469
20/11/2017,20,307
20/11/2017,21,229
20/11/2017,22,138
20/11/2017,23,69
20/12/2014,0,71
20/12/2014,1,63
20/12/2014,2,37
20/12/2014,3,10
20/12/2014,4,4
20/12/2014,5,6
20/12/2014,6,15
20/12/2014,7,31
20/12/2014,8,92
20/12/2014,9,165
20/12/2014,10,264
20/12/2014,11,348
20/12/2014,12,355
20/12/2014,13,356
20/12/2014,14,308
20/12/2014,15,369
20/12/2014,16,330
20/12/2014,17,232
20/12/2014,18,196
20/12/2014,19,182
20/12/2014,20,137
20/12/2014,21,130
20/12/2014,22,86
20/12/2014,23,60
20/12/2015,0,80
20/12/2015,1,52
20/12/2015,2,43
20/12/2015,3,20
20/12/2015,4,7
20/12/2015,5,11
20/12/2015,6,15
20/12/2015,7,30
20/12/2015,8,88
20/12/2015,9,155
20/12/2015,10,289
20/12/2015,11,377
20/12/2015,12,404
20/12/2015,13,409
20/12/2015,14,420
20/12/2015,15,405
20/12/2015,16,402
20/12/2015,17,282
20/12/2015,18,219
20/12/2015,19,168
20/12/2015,20,131
20/12/2015,21,96
20/12/2015,22,75
20/12/2015,23,41
20/12/2016,0,29
20/12/2016,1,16
20/12/2016,2,5
20/12/2016,3,2
20/12/2016,4,5
20/12/2016,5,74
20/12/2016,6,191
20/12/2016,7,469
20/12/2016,8,786
20/12/2016,9,400
20/12/2016,10,184
20/12/2016,11,242
20/12/2016,12,268
20/12/2016,13,251
20/12/2016,14,247
20/12/2016,15,288
20/12/2016,16,436
20/12/2016,17,734
20/12/2016,18,609
20/12/2016,19,344
20/12/2016,20,230
20/12/2016,21,167
20/12/2016,22,83
20/12/2016,23,46
20/12/2017,0,52
20/12/2017,1,15
20/12/2017,2,10
20/12/2017,3,8
20/12/2017,4,15
20/12/2017,5,93
20/12/2017,6,278
20/12/2017,7,706
20/12/2017,8,1043
20/12/2017,9,537
20/12/2017,10,280
20/12/2017,11,326
20/12/2017,12,397
20/12/2017,13,356
20/12/2017,14,356
20/12/2017,15,445
20/12/2017,16,628
20/12/2017,17,954
20/12/2017,18,711
20/12/2017,19,428
20/12/2017,20,252
20/12/2017,21,184
20/12/2017,22,171
20/12/2017,23,91
21/01/2014,0,28
21/01/2014,1,10
21/01/2014,3,1
21/01/2014,4,5
21/01/2014,5,39
21/01/2014,6,90
21/01/2014,7,187
21/01/2014,8,375
21/01/2014,9,263
21/01/2014,10,164
21/01/2014,11,111
21/01/2014,12,68
21/01/2014,13,60
21/01/2014,14,43
21/01/2014,15,54
21/01/2014,16,49
21/01/2014,17,51
21/01/2014,18,50
21/01/2014,19,21
21/01/2014,20,32
21/01/2014,21,16
21/01/2014,22,15
21/01/2014,23,15
21/01/2015,0,26
21/01/2015,1,7
21/01/2015,2,1
21/01/2015,3,3
21/01/2015,4,8
21/01/2015,5,72
21/01/2015,6,187
21/01/2015,7,491
21/01/2015,8,878
21/01/2015,9,418
21/01/2015,10,152
21/01/2015,11,161
21/01/2015,12,161
21/01/2015,13,77
21/01/2015,14,81
21/01/2015,15,126
21/01/2015,16,238
21/01/2015,17,573
21/01/2015,18,576
21/01/2015,19,395
21/01/2015,20,305
21/01/2015,21,207
21/01/2015,22,115
21/01/2015,23,92
21/01/2016,0,10
21/01/2016,1,3
21/01/2016,4,1
21/01/2016,5,29
21/01/2016,6,83
21/01/2016,7,181
21/01/2016,8,405
21/01/2016,9,260
21/01/2016,10,125
21/01/2016,11,130
21/01/2016,12,162
21/01/2016,13,174
21/01/2016,14,171
21/01/2016,15,210
21/01/2016,16,335
21/01/2016,17,563
21/01/2016,18,496
21/01/2016,19,284
21/01/2016,20,270
21/01/2016,21,161
21/01/2016,22,117
21/01/2016,23,58
21/01/2017,0,97
21/01/2017,1,62
21/01/2017,2,36
21/01/2017,3,9
21/01/2017,4,8
21/01/2017,5,20
21/01/2017,6,49
21/01/2017,7,159
21/01/2017,8,533
21/01/2017,9,834
21/01/2017,10,660
21/01/2017,11,527
21/01/2017,12,588
21/01/2017,13,549
21/01/2017,14,713
21/01/2017,15,817
21/01/2017,16,774
21/01/2017,17,525
21/01/2017,18,353
21/01/2017,19,241
21/01/2017,20,188
21/01/2017,21,158
21/01/2017,22,140
21/01/2017,23,117
21/01/2018,0,84
21/01/2018,1,81
21/01/2018,2,51
21/01/2018,3,21
21/01/2018,4,10
21/01/2018,5,5
21/01/2018,6,17
21/01/2018,7,55
21/01/2018,8,145
21/01/2018,9,241
21/01/2018,10,462
21/01/2018,11,546
21/01/2018,12,576
21/01/2018,13,615
21/01/2018,14,801
21/01/2018,15,711
21/01/2018,16,565
21/01/2018,17,438
21/01/2018,18,385
21/01/2018,19,209
21/01/2018,20,173
21/01/2018,21,177
21/01/2018,22,114
21/01/2018,23,60
21/02/2014,0,44
21/02/2014,1,18
21/02/2014,2,12
21/02/2014,3,5
21/02/2014,4,8
21/02/2014,5,49
21/02/2014,6,143
21/02/2014,7,414
21/02/2014,8,856
21/02/2014,9,407
21/02/2014,10,193
21/02/2014,11,206
21/02/2014,12,147
21/02/2014,13,96
21/02/2014,14,124
21/02/2014,15,209
21/02/2014,16,339
21/02/2014,17,747
21/02/2014,18,582
21/02/2014,19,422
21/02/2014,20,258
21/02/2014,21,210
21/02/2014,22,151
21/02/2014,23,143
21/02/2015,0,24
21/02/2015,1,13
21/02/2015,2,15
21/02/2015,3,4
21/02/2015,4,3
21/02/2015,5,5
21/02/2015,6,7
21/02/2015,7,28
21/02/2015,8,71
21/02/2015,9,119
21/02/2015,10,159
21/02/2015,11,64
21/02/2015,12,46
21/02/2015,13,28
21/02/2015,14,21
21/02/2015,15,17
21/02/2015,16,27
21/02/2015,17,21
21/02/2015,18,19
21/02/2015,19,13
21/02/2015,20,6
21/02/2015,21,7
21/02/2015,22,13
21/02/2015,23,11
21/02/2016,0,134
21/02/2016,1,92
21/02/2016,2,68
21/02/2016,3,35
21/02/2016,4,8
21/02/2016,5,5
21/02/2016,6,18
21/02/2016,7,56
21/02/2016,8,146
21/02/2016,9,280
21/02/2016,10,422
21/02/2016,11,340
21/02/2016,12,237
21/02/2016,13,311
21/02/2016,14,356
21/02/2016,15,362
21/02/2016,16,301
21/02/2016,17,296
21/02/2016,18,253
21/02/2016,19,193
21/02/2016,20,130
21/02/2016,21,90
21/02/2016,22,75
21/02/2016,23,46
21/02/2017,0,12
21/02/2017,1,14
21/02/2017,2,4
21/02/2017,3,7
21/02/2017,4,5
21/02/2017,5,76
21/02/2017,6,274
21/02/2017,7,748
21/02/2017,8,996
21/02/2017,9,381
21/02/2017,10,250
21/02/2017,11,318
21/02/2017,12,392
21/02/2017,13,319
21/02/2017,14,287
21/02/2017,15,456
21/02/2017,16,687
21/02/2017,17,1266
21/02/2017,18,934
21/02/2017,19,554
21/02/2017,20,338
21/02/2017,21,281
21/02/2017,22,143
21/02/2017,23,73
21/02/2018,0,33
21/02/2018,1,15
21/02/2018,2,4
21/02/2018,4,9
21/02/2018,5,107
21/02/2018,6,339
21/02/2018,7,875
21/02/2018,8,1270
21/02/2018,9,509
21/02/2018,10,308
21/02/2018,11,394
21/02/2018,12,485
21/02/2018,13,481
21/02/2018,14,465
21/02/2018,15,691
21/02/2018,16,948
21/02/2018,17,1765
21/02/2018,18,1234
21/02/2018,19,710
21/02/2018,20,495
21/02/2018,21,326
21/02/2018,22,221
21/02/2018,23,122
21/03/2014,0,66
21/03/2014,1,26
21/03/2014,2,11
21/03/2014,3,7
21/03/2014,4,8
21/03/2014,5,37
21/03/2014,6,128
21/03/2014,7,418
21/03/2014,8,873
21/03/2014,9,399
21/03/2014,10,271
21/03/2014,11,267
21/03/2014,12,334
21/03/2014,13,362
21/03/2014,14,331
21/03/2014,15,357
21/03/2014,16,571
21/03/2014,17,942
21/03/2014,18,802
21/03/2014,19,531
21/03/2014,20,336
21/03/2014,21,254
21/03/2014,22,189
21/03/2014,23,157
21/03/2015,0,68
21/03/2015,1,46
21/03/2015,2,25
21/03/2015,3,12
21/03/2015,4,3
21/03/2015,5,7
21/03/2015,6,16
21/03/2015,7,53
21/03/2015,8,184
21/03/2015,9,292
21/03/2015,10,383
21/03/2015,11,473
21/03/2015,12,654
21/03/2015,13,764
21/03/2015,14,906
21/03/2015,15,956
21/03/2015,16,956
21/03/2015,17,906
21/03/2015,18,768
21/03/2015,19,485
21/03/2015,20,338
21/03/2015,21,300
21/03/2015,22,239
21/03/2015,23,209
21/03/2016,0,27
21/03/2016,1,16
21/03/2016,3,3
21/03/2016,4,1
21/03/2016,5,47
21/03/2016,6,163
21/03/2016,7,495
21/03/2016,8,889
21/03/2016,9,453
21/03/2016,10,208
21/03/2016,11,228
21/03/2016,12,291
21/03/2016,13,337
21/03/2016,14,279
21/03/2016,15,353
21/03/2016,16,549
21/03/2016,17,1072
21/03/2016,18,987
21/03/2016,19,504
21/03/2016,20,287
21/03/2016,21,195
21/03/2016,22,136
21/03/2016,23,60
21/03/2017,0,27
21/03/2017,1,10
21/03/2017,2,7
21/03/2017,3,1
21/03/2017,4,6
21/03/2017,5,72
21/03/2017,6,296
21/03/2017,7,698
21/03/2017,8,1172
21/03/2017,9,543
21/03/2017,10,297
21/03/2017,11,299
21/03/2017,12,378
21/03/2017,13,435
21/03/2017,14,436
21/03/2017,15,574
21/03/2017,16,836
21/03/2017,17,1428
21/03/2017,18,1249
21/03/2017,19,699
21/03/2017,20,489
21/03/2017,21,350
21/03/2017,22,217
21/03/2017,23,93
21/03/2018,0,8
21/03/2018,1,4
21/03/2018,2,7
21/03/2018,3,4
21/03/2018,4,8
21/03/2018,5,23
21/03/2018,6,41
21/03/2018,7,52
21/03/2018,8,86
21/03/2018,9,43
21/03/2018,10,22
21/03/2018,11,33
21/03/2018,12,34
21/03/2018,13,36
21/03/2018,14,44
21/03/2018,15,64
21/03/2018,16,91
21/03/2018,17,152
21/03/2018,18,160
21/03/2018,19,128
21/03/2018,20,90
21/03/2018,21,76
21/03/2018,22,62
21/03/2018,23,30
21/04/2014,0,28
21/04/2014,1,13
21/04/2014,2,11
21/04/2014,3,1
21/04/2014,4,9
21/04/2014,5,49
21/04/2014,6,181
21/04/2014,7,520
21/04/2014,8,880
21/04/2014,9,442
21/04/2014,10,326
21/04/2014,11,342
21/04/2014,12,462
21/04/2014,13,412
21/04/2014,14,423
21/04/2014,15,508
21/04/2014,16,706
21/04/2014,17,1309
21/04/2014,18,1130
21/04/2014,19,757
21/04/2014,20,478
21/04/2014,21,357
21/04/2014,22,214
21/04/2014,23,112
21/04/2015,0,35
21/04/2015,1,6
21/04/2015,2,3
21/04/2015,3,2
21/04/2015,4,9
21/04/2015,5,67
21/04/2015,6,245
21/04/2015,7,827
21/04/2015,8,1230
21/04/2015,9,550
21/04/2015,10,333
21/04/2015,11,414
21/04/2015,12,503
21/04/2015,13,491
21/04/2015,14,431
21/04/2015,15,533
21/04/2015,16,820
21/04/2015,17,1513
21/04/2015,18,1427
21/04/2015,19,851
21/04/2015,20,562
21/04/2015,21,347
21/04/2015,22,302
21/04/2015,23,143
21/04/2016,0,43
21/04/2016,1,19
21/04/2016,2,4
21/04/2016,3,3
21/04/2016,4,6
21/04/2016,5,83
21/04/2016,6,290
21/04/2016,7,841
21/04/2016,8,1291
21/04/2016,9,555
21/04/2016,10,313
21/04/2016,11,393
21/04/2016,12,504
21/04/2016,13,485
21/04/2016,14,446
21/04/2016,15,504
21/04/2016,16,860
21/04/2016,17,1456
21/04/2016,18,1295
21/04/2016,19,762
21/04/2016,20,522
21/04/2016,21,404
21/04/2016,22,243
21/04/2016,23,125
21/04/2017,0,68
21/04/2017,1,42
21/04/2017,2,15
21/04/2017,3,9
21/04/2017,4,9
21/04/2017,5,71
21/04/2017,6,264
21/04/2017,7,675
21/04/2017,8,1114
21/04/2017,9,667
21/04/2017,10,487
21/04/2017,11,595
21/04/2017,12,741
21/04/2017,13,754
21/04/2017,14,714
21/04/2017,15,847
21/04/2017,16,1219
21/04/2017,17,1440
21/04/2017,18,1255
21/04/2017,19,862
21/04/2017,20,569
21/04/2017,21,435
21/04/2017,22,392
21/04/2017,23,297
21/04/2018,0,144
21/04/2018,1,68
21/04/2018,2,48
21/04/2018,3,22
21/04/2018,4,11
21/04/2018,5,24
21/04/2018,6,61
21/04/2018,7,142
21/04/2018,8,346
21/04/2018,9,569
21/04/2018,10,746
21/04/2018,11,983
21/04/2018,12,1102
21/04/2018,13,1349
21/04/2018,14,1461
21/04/2018,15,1294
21/04/2018,16,1311
21/04/2018,17,1219
21/04/2018,18,1034
21/04/2018,19,742
21/04/2018,20,479
21/04/2018,21,322
21/04/2018,22,292
21/04/2018,23,271
21/05/2014,0,66
21/05/2014,1,17
21/05/2014,2,13
21/05/2014,3,4
21/05/2014,4,14
21/05/2014,5,68
21/05/2014,6,266
21/05/2014,7,713
21/05/2014,8,989
21/05/2014,9,490
21/05/2014,10,271
21/05/2014,11,337
21/05/2014,12,383
21/05/2014,13,417
21/05/2014,14,368
21/05/2014,15,482
21/05/2014,16,668
21/05/2014,17,860
21/05/2014,18,487
21/05/2014,19,554
21/05/2014,20,522
21/05/2014,21,225
21/05/2014,22,187
21/05/2014,23,102
21/05/2015,0,49
21/05/2015,1,30
21/05/2015,2,11
21/05/2015,3,7
21/05/2015,4,10
21/05/2015,5,70
21/05/2015,6,293
21/05/2015,7,819
21/05/2015,8,727
21/05/2015,9,243
21/05/2015,10,91
21/05/2015,11,54
21/05/2015,12,77
21/05/2015,13,67
21/05/2015,14,77
21/05/2015,15,151
21/05/2015,16,459
21/05/2015,17,1007
21/05/2015,18,989
21/05/2015,19,594
21/05/2015,20,471
21/05/2015,21,336
21/05/2015,22,220
21/05/2015,23,131
21/05/2016,0,180
21/05/2016,1,111
21/05/2016,2,53
21/05/2016,3,32
21/05/2016,4,16
21/05/2016,5,17
21/05/2016,6,17
21/05/2016,7,27
21/05/2016,8,26
21/05/2016,9,91
21/05/2016,10,270
21/05/2016,11,388
21/05/2016,12,517
21/05/2016,13,536
21/05/2016,14,431
21/05/2016,15,289
21/05/2016,16,279
21/05/2016,17,228
21/05/2016,18,204
21/05/2016,19,196
21/05/2016,20,161
21/05/2016,21,136
21/05/2016,22,135
21/05/2016,23,92
21/05/2017,0,146
21/05/2017,1,113
21/05/2017,2,90
21/05/2017,3,54
21/05/2017,4,25
21/05/2017,5,18
21/05/2017,6,44
21/05/2017,7,146
21/05/2017,8,319
21/05/2017,9,483
21/05/2017,10,685
21/05/2017,11,858
21/05/2017,12,980
21/05/2017,13,1064
21/05/2017,14,955
21/05/2017,15,994
21/05/2017,16,915
21/05/2017,17,953
21/05/2017,18,778
21/05/2017,19,572
21/05/2017,20,358
21/05/2017,21,267
21/05/2017,22,173
21/05/2017,23,111
21/06/2014,0,174
21/06/2014,1,124
21/06/2014,2,74
21/06/2014,3,31
21/06/2014,4,26
21/06/2014,5,22
21/06/2014,6,39
21/06/2014,7,126
21/06/2014,8,217
21/06/2014,9,272
21/06/2014,10,383
21/06/2014,11,647
21/06/2014,12,754
21/06/2014,13,714
21/06/2014,14,856
21/06/2014,15,774
21/06/2014,16,703
21/06/2014,17,893
21/06/2014,18,758
21/06/2014,19,647
21/06/2014,20,489
21/06/2014,21,447
21/06/2014,22,400
21/06/2014,23,236
21/06/2015,0,99
21/06/2015,1,90
21/06/2015,2,59
21/06/2015,3,22
21/06/2015,4,14
21/06/2015,5,19
21/06/2015,6,24
21/06/2015,7,74
21/06/2015,8,250
21/06/2015,9,477
21/06/2015,10,685
21/06/2015,11,844
21/06/2015,12,914
21/06/2015,13,878
21/06/2015,14,806
21/06/2015,15,552
21/06/2015,16,550
21/06/2015,17,494
21/06/2015,18,444
21/06/2015,19,400
21/06/2015,20,395
21/06/2015,21,322
21/06/2015,22,234
21/06/2015,23,138
21/06/2016,0,62
21/06/2016,1,31
21/06/2016,2,7
21/06/2016,3,10
21/06/2016,4,19
21/06/2016,5,117
21/06/2016,6,403
21/06/2016,7,1018
21/06/2016,8,1373
21/06/2016,9,618
21/06/2016,10,383
21/06/2016,11,450
21/06/2016,12,490
21/06/2016,13,475
21/06/2016,14,310
21/06/2016,15,185
21/06/2016,16,458
21/06/2016,17,800
21/06/2016,18,541
21/06/2016,19,410
21/06/2016,20,542
21/06/2016,21,367
21/06/2016,22,216
21/06/2016,23,228
21/06/2017,0,82
21/06/2017,1,28
21/06/2017,2,11
21/06/2017,3,5
21/06/2017,4,18
21/06/2017,5,137
21/06/2017,6,433
21/06/2017,7,1000
21/06/2017,8,1349
21/06/2017,9,585
21/06/2017,10,440
21/06/2017,11,486
21/06/2017,12,586
21/06/2017,13,591
21/06/2017,14,551
21/06/2017,15,566
21/06/2017,16,967
21/06/2017,17,1701
21/06/2017,18,1482
21/06/2017,19,1007
21/06/2017,20,832
21/06/2017,21,578
21/06/2017,22,363
21/06/2017,23,212
21/07/2014,0,44
21/07/2014,1,15
21/07/2014,2,6
21/07/2014,3,4
21/07/2014,4,7
21/07/2014,5,65
21/07/2014,6,266
21/07/2014,7,672
21/07/2014,8,965
21/07/2014,9,537
21/07/2014,10,363
21/07/2014,11,440
21/07/2014,12,473
21/07/2014,13,470
21/07/2014,14,487
21/07/2014,15,495
21/07/2014,16,667
21/07/2014,17,1307
21/07/2014,18,1228
21/07/2014,19,899
21/07/2014,20,680
21/07/2014,21,453
21/07/2014,22,293
21/07/2014,23,193
21/07/2015,0,41
21/07/2015,1,13
21/07/2015,2,9
21/07/2015,3,5
21/07/2015,4,13
21/07/2015,5,87
21/07/2015,6,319
21/07/2015,7,865
21/07/2015,8,1134
21/07/2015,9,533
21/07/2015,10,319
21/07/2015,11,400
21/07/2015,12,452
21/07/2015,13,492
21/07/2015,14,421
21/07/2015,15,516
21/07/2015,16,720
21/07/2015,17,1446
21/07/2015,18,1349
21/07/2015,19,878
21/07/2015,20,711
21/07/2015,21,533
21/07/2015,22,381
21/07/2015,23,174
21/07/2016,0,92
21/07/2016,1,27
21/07/2016,2,11
21/07/2016,3,9
21/07/2016,4,13
21/07/2016,5,91
21/07/2016,6,334
21/07/2016,7,954
21/07/2016,8,1286
21/07/2016,9,603
21/07/2016,10,400
21/07/2016,11,415
21/07/2016,12,496
21/07/2016,13,461
21/07/2016,14,452
21/07/2016,15,555
21/07/2016,16,903
21/07/2016,17,1569
21/07/2016,18,1311
21/07/2016,19,1011
21/07/2016,20,746
21/07/2016,21,563
21/07/2016,22,360
21/07/2016,23,200
21/07/2017,0,116
21/07/2017,1,53
21/07/2017,2,24
21/07/2017,3,13
21/07/2017,4,17
21/07/2017,5,98
21/07/2017,6,392
21/07/2017,7,823
21/07/2017,8,1145
21/07/2017,9,590
21/07/2017,10,458
21/07/2017,11,524
21/07/2017,12,616
21/07/2017,13,604
21/07/2017,14,598
21/07/2017,15,756
21/07/2017,16,1025
21/07/2017,17,1360
21/07/2017,18,1128
21/07/2017,19,836
21/07/2017,20,643
21/07/2017,21,476
21/07/2017,22,350
21/07/2017,23,294
21/08/2014,0,64
21/08/2014,1,30
21/08/2014,2,23
21/08/2014,3,1
21/08/2014,4,7
21/08/2014,5,67
21/08/2014,6,282
21/08/2014,7,728
21/08/2014,8,1011
21/08/2014,9,524
21/08/2014,10,314
21/08/2014,11,406
21/08/2014,12,466
21/08/2014,13,450
21/08/2014,14,466
21/08/2014,15,498
21/08/2014,16,672
21/08/2014,17,740
21/08/2014,18,808
21/08/2014,19,730
21/08/2014,20,529
21/08/2014,21,444
21/08/2014,22,292
21/08/2014,23,183
21/08/2015,0,83
21/08/2015,1,32
21/08/2015,2,18
21/08/2015,3,2
21/08/2015,4,7
21/08/2015,5,99
21/08/2015,6,276
21/08/2015,7,717
21/08/2015,8,1131
21/08/2015,9,646
21/08/2015,10,415
21/08/2015,11,530
21/08/2015,12,669
21/08/2015,13,652
21/08/2015,14,728
21/08/2015,15,742
21/08/2015,16,1032
21/08/2015,17,1426
21/08/2015,18,1170
21/08/2015,19,824
21/08/2015,20,561
21/08/2015,21,453
21/08/2015,22,395
21/08/2015,23,294
21/08/2016,0,191
21/08/2016,1,141
21/08/2016,2,99
21/08/2016,3,44
21/08/2016,4,25
21/08/2016,5,23
21/08/2016,6,44
21/08/2016,7,105
21/08/2016,8,231
21/08/2016,9,468
21/08/2016,10,631
21/08/2016,11,767
21/08/2016,12,784
21/08/2016,13,758
21/08/2016,14,529
21/08/2016,15,160
21/08/2016,16,193
21/08/2016,17,483
21/08/2016,18,518
21/08/2016,19,304
21/08/2016,20,270
21/08/2016,21,242
21/08/2016,22,156
21/08/2016,23,86
21/08/2017,0,57
21/08/2017,1,21
21/08/2017,2,19
21/08/2017,3,4
21/08/2017,4,12
21/08/2017,5,82
21/08/2017,6,302
21/08/2017,7,768
21/08/2017,8,1049
21/08/2017,9,571
21/08/2017,10,420
21/08/2017,11,486
21/08/2017,12,620
21/08/2017,13,631
21/08/2017,14,589
21/08/2017,15,521
21/08/2017,16,818
21/08/2017,17,1461
21/08/2017,18,1397
21/08/2017,19,1000
21/08/2017,20,677
21/08/2017,21,397
21/08/2017,22,258
21/08/2017,23,111
21/09/2014,0,230
21/09/2014,1,148
21/09/2014,2,111
21/09/2014,3,57
21/09/2014,4,10
21/09/2014,5,15
21/09/2014,6,30
21/09/2014,7,107
21/09/2014,8,255
21/09/2014,9,474
21/09/2014,10,765
21/09/2014,11,856
21/09/2014,12,981
21/09/2014,13,931
21/09/2014,14,840
21/09/2014,15,857
21/09/2014,16,935
21/09/2014,17,873
21/09/2014,18,770
21/09/2014,19,568
21/09/2014,20,359
21/09/2014,21,247
21/09/2014,22,213
21/09/2014,23,105
21/09/2015,0,57
21/09/2015,1,11
21/09/2015,2,13
21/09/2015,3,2
21/09/2015,4,10
21/09/2015,5,93
21/09/2015,6,322
21/09/2015,7,934
21/09/2015,8,1122
21/09/2015,9,559
21/09/2015,10,302
21/09/2015,11,358
21/09/2015,12,470
21/09/2015,13,421
21/09/2015,14,377
21/09/2015,15,498
21/09/2015,16,594
21/09/2015,17,506
21/09/2015,18,371
21/09/2015,19,269
21/09/2015,20,173
21/09/2015,21,202
21/09/2015,22,99
21/09/2015,23,53
21/09/2016,0,42
21/09/2016,1,18
21/09/2016,2,8
21/09/2016,3,4
21/09/2016,4,15
21/09/2016,5,152
21/09/2016,6,404
21/09/2016,7,1060
21/09/2016,8,1338
21/09/2016,9,569
21/09/2016,10,342
21/09/2016,11,404
21/09/2016,12,516
21/09/2016,13,401
21/09/2016,14,476
21/09/2016,15,536
21/09/2016,16,874
21/09/2016,17,1599
21/09/2016,18,1357
21/09/2016,19,877
21/09/2016,20,642
21/09/2016,21,459
21/09/2016,22,252
21/09/2016,23,144
21/09/2017,0,68
21/09/2017,1,28
21/09/2017,2,12
21/09/2017,3,9
21/09/2017,4,19
21/09/2017,5,109
21/09/2017,6,389
21/09/2017,7,1020
21/09/2017,8,1365
21/09/2017,9,585
21/09/2017,10,356
21/09/2017,11,462
21/09/2017,12,551
21/09/2017,13,534
21/09/2017,14,509
21/09/2017,15,683
21/09/2017,16,985
21/09/2017,17,1790
21/09/2017,18,1505
21/09/2017,19,877
21/09/2017,20,639
21/09/2017,21,461
21/09/2017,22,321
21/09/2017,23,204
21/10/2014,0,37
21/10/2014,1,16
21/10/2014,2,5
21/10/2014,3,3
21/10/2014,4,9
21/10/2014,5,71
21/10/2014,6,289
21/10/2014,7,733
21/10/2014,8,1170
21/10/2014,9,512
21/10/2014,10,263
21/10/2014,11,297
21/10/2014,12,408
21/10/2014,13,455
21/10/2014,14,392
21/10/2014,15,406
21/10/2014,16,610
21/10/2014,17,522
21/10/2014,18,413
21/10/2014,19,364
21/10/2014,20,253
21/10/2014,21,141
21/10/2014,22,65
21/10/2014,23,33
21/10/2015,0,53
21/10/2015,1,21
21/10/2015,2,5
21/10/2015,3,12
21/10/2015,4,6
21/10/2015,5,106
21/10/2015,6,281
21/10/2015,7,789
21/10/2015,8,1245
21/10/2015,9,517
21/10/2015,10,289
21/10/2015,11,304
21/10/2015,12,419
21/10/2015,13,395
21/10/2015,14,375
21/10/2015,15,443
21/10/2015,16,791
21/10/2015,17,1444
21/10/2015,18,1216
21/10/2015,19,737
21/10/2015,20,536
21/10/2015,21,367
21/10/2015,22,216
21/10/2015,23,111
21/10/2016,0,100
21/10/2016,1,42
21/10/2016,2,21
21/10/2016,3,9
21/10/2016,4,16
21/10/2016,5,87
21/10/2016,6,294
21/10/2016,7,819
21/10/2016,8,1313
21/10/2016,9,626
21/10/2016,10,434
21/10/2016,11,554
21/10/2016,12,670
21/10/2016,13,682
21/10/2016,14,180
21/10/2016,15,364
21/10/2016,16,781
21/10/2016,17,1325
21/10/2016,18,903
21/10/2016,19,538
21/10/2016,20,271
21/10/2016,21,220
21/10/2016,22,185
21/10/2016,23,151
21/10/2017,0,148
21/10/2017,1,86
21/10/2017,2,60
21/10/2017,3,49
21/10/2017,4,22
21/10/2017,5,18
21/10/2017,6,58
21/10/2017,7,173
21/10/2017,8,338
21/10/2017,9,634
21/10/2017,10,885
21/10/2017,11,1165
21/10/2017,12,1287
21/10/2017,13,1370
21/10/2017,14,1327
21/10/2017,15,1338
21/10/2017,16,1389
21/10/2017,17,1227
21/10/2017,18,945
21/10/2017,19,653
21/10/2017,20,409
21/10/2017,21,336
21/10/2017,22,306
21/10/2017,23,241
21/11/2014,0,38
21/11/2014,1,19
21/11/2014,2,6
21/11/2014,3,1
21/11/2014,4,4
21/11/2014,5,47
21/11/2014,6,141
21/11/2014,7,430
21/11/2014,8,868
21/11/2014,9,430
21/11/2014,10,222
21/11/2014,11,266
21/11/2014,12,273
21/11/2014,13,313
21/11/2014,14,246
21/11/2014,15,292
21/11/2014,16,486
21/11/2014,17,738
21/11/2014,18,570
21/11/2014,19,351
21/11/2014,20,210
21/11/2014,21,182
21/11/2014,22,121
21/11/2014,23,91
21/11/2015,0,95
21/11/2015,1,74
21/11/2015,2,27
21/11/2015,3,12
21/11/2015,4,10
21/11/2015,5,6
21/11/2015,6,35
21/11/2015,7,101
21/11/2015,8,198
21/11/2015,9,356
21/11/2015,10,497
21/11/2015,11,624
21/11/2015,12,724
21/11/2015,13,631
21/11/2015,14,687
21/11/2015,15,701
21/11/2015,16,588
21/11/2015,17,471
21/11/2015,18,322
21/11/2015,19,330
21/11/2015,20,244
21/11/2015,21,222
21/11/2015,22,177
21/11/2015,23,167
21/11/2016,0,14
21/11/2016,1,7
21/11/2016,2,1
21/11/2016,3,1
21/11/2016,4,7
21/11/2016,5,60
21/11/2016,6,210
21/11/2016,7,591
21/11/2016,8,870
21/11/2016,9,417
21/11/2016,10,210
21/11/2016,11,246
21/11/2016,12,262
21/11/2016,13,265
21/11/2016,14,252
21/11/2016,15,336
21/11/2016,16,558
21/11/2016,17,924
21/11/2016,18,662
21/11/2016,19,375
21/11/2016,20,265
21/11/2016,21,160
21/11/2016,22,90
21/11/2016,23,43
21/11/2017,0,48
21/11/2017,1,10
21/11/2017,2,5
21/11/2017,3,2
21/11/2017,4,14
21/11/2017,5,76
21/11/2017,6,284
21/11/2017,7,722
21/11/2017,8,1088
21/11/2017,9,529
21/11/2017,10,301
21/11/2017,11,385
21/11/2017,12,449
21/11/2017,13,468
21/11/2017,14,399
21/11/2017,15,586
21/11/2017,16,768
21/11/2017,17,1089
21/11/2017,18,850
21/11/2017,19,521
21/11/2017,20,304
21/11/2017,21,234
21/11/2017,22,143
21/11/2017,23,103
21/12/2014,0,64
21/12/2014,1,66
21/12/2014,2,36
21/12/2014,3,21
21/12/2014,4,8
21/12/2014,5,2
21/12/2014,6,13
21/12/2014,7,37
21/12/2014,8,76
21/12/2014,9,154
21/12/2014,10,235
21/12/2014,11,316
21/12/2014,12,345
21/12/2014,13,322
21/12/2014,14,336
21/12/2014,15,339
21/12/2014,16,321
21/12/2014,17,230
21/12/2014,18,188
21/12/2014,19,160
21/12/2014,20,116
21/12/2014,21,64
21/12/2014,22,68
21/12/2014,23,35
21/12/2015,0,26
21/12/2015,1,15
21/12/2015,2,3
21/12/2015,3,2
21/12/2015,4,4
21/12/2015,5,56
21/12/2015,6,144
21/12/2015,7,440
21/12/2015,8,823
21/12/2015,9,416
21/12/2015,10,187
21/12/2015,11,253
21/12/2015,12,278
21/12/2015,13,331
21/12/2015,14,280
21/12/2015,15,328
21/12/2015,16,524
21/12/2015,17,842
21/12/2015,18,700
21/12/2015,19,404
21/12/2015,20,245
21/12/2015,21,197
21/12/2015,22,121
21/12/2015,23,56
21/12/2016,0,19
21/12/2016,1,3
21/12/2016,2,3
21/12/2016,3,3
21/12/2016,4,10
21/12/2016,5,63
21/12/2016,6,167
21/12/2016,7,471
21/12/2016,8,775
21/12/2016,9,457
21/12/2016,10,227
21/12/2016,11,258
21/12/2016,12,339
21/12/2016,13,319
21/12/2016,14,319
21/12/2016,15,359
21/12/2016,16,516
21/12/2016,17,796
21/12/2016,18,586
21/12/2016,19,399
21/12/2016,20,190
21/12/2016,21,141
21/12/2016,22,107
21/12/2016,23,60
21/12/2017,0,42
21/12/2017,1,20
21/12/2017,2,8
21/12/2017,3,5
21/12/2017,4,11
21/12/2017,5,66
21/12/2017,6,208
21/12/2017,7,502
21/12/2017,8,863
21/12/2017,9,447
21/12/2017,10,250
21/12/2017,11,305
21/12/2017,12,406
21/12/2017,13,328
21/12/2017,14,349
21/12/2017,15,436
21/12/2017,16,565
21/12/2017,17,802
21/12/2017,18,549
21/12/2017,19,325
21/12/2017,20,179
21/12/2017,21,160
21/12/2017,22,114
21/12/2017,23,64
22/01/2014,0,7
22/01/2014,1,5
22/01/2014,2,3
22/01/2014,3,1
22/01/2014,5,7
22/01/2014,6,19
22/01/2014,7,27
22/01/2014,8,94
22/01/2014,9,121
22/01/2014,10,84
22/01/2014,11,44
22/01/2014,12,46
22/01/2014,13,56
22/01/2014,14,45
22/01/2014,15,57
22/01/2014,16,99
22/01/2014,17,191
22/01/2014,18,166
22/01/2014,19,139
22/01/2014,20,89
22/01/2014,21,65
22/01/2014,22,36
22/01/2014,23,25
22/01/2015,0,23
22/01/2015,1,12
22/01/2015,2,4
22/01/2015,3,2
22/01/2015,4,3
22/01/2015,5,52
22/01/2015,6,143
22/01/2015,7,442
22/01/2015,8,820
22/01/2015,9,370
22/01/2015,10,212
22/01/2015,11,239
22/01/2015,12,293
22/01/2015,13,254
22/01/2015,14,189
22/01/2015,15,260
22/01/2015,16,404
22/01/2015,17,743
22/01/2015,18,679
22/01/2015,19,443
22/01/2015,20,319
22/01/2015,21,245
22/01/2015,22,137
22/01/2015,23,81
22/01/2016,0,31
22/01/2016,1,10
22/01/2016,2,17
22/01/2016,3,3
22/01/2016,4,3
22/01/2016,5,42
22/01/2016,6,115
22/01/2016,7,247
22/01/2016,8,534
22/01/2016,9,303
22/01/2016,10,202
22/01/2016,11,347
22/01/2016,12,501
22/01/2016,13,368
22/01/2016,14,126
22/01/2016,15,53
22/01/2016,16,37
22/01/2016,17,30
22/01/2016,18,16
22/01/2017,0,97
22/01/2017,1,78
22/01/2017,2,40
22/01/2017,3,17
22/01/2017,4,4
22/01/2017,5,4
22/01/2017,6,12
22/01/2017,7,40
22/01/2017,8,96
22/01/2017,9,221
22/01/2017,10,344
22/01/2017,11,450
22/01/2017,12,537
22/01/2017,13,555
22/01/2017,14,447
22/01/2017,15,153
22/01/2017,16,229
22/01/2017,17,199
22/01/2017,18,155
22/01/2017,19,140
22/01/2017,20,77
22/01/2017,21,78
22/01/2017,22,69
22/01/2017,23,24
22/01/2018,0,30
22/01/2018,1,8
22/01/2018,2,10
22/01/2018,3,9
22/01/2018,4,12
22/01/2018,5,65
22/01/2018,6,259
22/01/2018,7,641
22/01/2018,8,1100
22/01/2018,9,514
22/01/2018,10,287
22/01/2018,11,383
22/01/2018,12,432
22/01/2018,13,468
22/01/2018,14,388
22/01/2018,15,529
22/01/2018,16,731
22/01/2018,17,1215
22/01/2018,18,919
22/01/2018,19,574
22/01/2018,20,373
22/01/2018,21,238
22/01/2018,22,136
22/01/2018,23,64
22/02/2014,0,85
22/02/2014,1,78
22/02/2014,2,57
22/02/2014,3,23
22/02/2014,4,5
22/02/2014,5,11
22/02/2014,6,18
22/02/2014,7,66
22/02/2014,8,183
22/02/2014,9,264
22/02/2014,10,394
22/02/2014,11,543
22/02/2014,12,798
22/02/2014,13,827
22/02/2014,14,978
22/02/2014,15,850
22/02/2014,16,668
22/02/2014,17,553
22/02/2014,18,453
22/02/2014,19,292
22/02/2014,20,236
22/02/2014,21,164
22/02/2014,22,142
22/02/2014,23,129
22/02/2015,0,8
22/02/2015,1,12
22/02/2015,2,6
22/02/2015,3,5
22/02/2015,4,2
22/02/2015,6,2
22/02/2015,7,8
22/02/2015,8,27
22/02/2015,9,40
22/02/2015,10,75
22/02/2015,11,122
22/02/2015,12,139
22/02/2015,13,162
22/02/2015,14,191
22/02/2015,15,281
22/02/2015,16,242
22/02/2015,17,203
22/02/2015,18,167
22/02/2015,19,113
22/02/2015,20,68
22/02/2015,21,44
22/02/2015,22,43
22/02/2015,23,29
22/02/2016,0,18
22/02/2016,1,6
22/02/2016,2,4
22/02/2016,3,4
22/02/2016,4,3
22/02/2016,5,51
22/02/2016,6,181
22/02/2016,7,549
22/02/2016,8,950
22/02/2016,9,410
22/02/2016,10,191
22/02/2016,11,203
22/02/2016,12,249
22/02/2016,13,259
22/02/2016,14,253
22/02/2016,15,313
22/02/2016,16,481
22/02/2016,17,987
22/02/2016,18,835
22/02/2016,19,488
22/02/2016,20,321
22/02/2016,21,221
22/02/2016,22,116
22/02/2016,23,55
22/02/2017,0,28
22/02/2017,1,11
22/02/2017,2,4
22/02/2017,3,2
22/02/2017,4,8
22/02/2017,5,85
22/02/2017,6,300
22/02/2017,7,790
22/02/2017,8,1093
22/02/2017,9,428
22/02/2017,10,255
22/02/2017,11,290
22/02/2017,12,382
22/02/2017,13,390
22/02/2017,14,375
22/02/2017,15,474
22/02/2017,16,775
22/02/2017,17,1289
22/02/2017,18,1015
22/02/2017,19,604
22/02/2017,20,443
22/02/2017,21,343
22/02/2017,22,185
22/02/2017,23,90
22/02/2018,0,68
22/02/2018,1,17
22/02/2018,2,8
22/02/2018,3,4
22/02/2018,4,10
22/02/2018,5,87
22/02/2018,6,271
22/02/2018,7,760
22/02/2018,8,1146
22/02/2018,9,546
22/02/2018,10,260
22/02/2018,11,243
22/02/2018,12,352
22/02/2018,13,323
22/02/2018,14,296
22/02/2018,15,392
22/02/2018,16,451
22/02/2018,17,491
22/02/2018,18,524
22/02/2018,19,399
22/02/2018,20,253
22/02/2018,21,184
22/02/2018,22,134
22/02/2018,23,75
22/03/2014,0,112
22/03/2014,1,92
22/03/2014,2,63
22/03/2014,3,26
22/03/2014,4,10
22/03/2014,5,8
22/03/2014,6,27
22/03/2014,7,65
22/03/2014,8,192
22/03/2014,9,321
22/03/2014,10,499
22/03/2014,11,755
22/03/2014,12,809
22/03/2014,13,915
22/03/2014,14,1119
22/03/2014,15,1099
22/03/2014,16,1091
22/03/2014,17,979
22/03/2014,18,900
22/03/2014,19,629
22/03/2014,20,407
22/03/2014,21,293
22/03/2014,22,229
22/03/2014,23,207
22/03/2015,0,141
22/03/2015,1,84
22/03/2015,2,84
22/03/2015,3,30
22/03/2015,4,4
22/03/2015,5,4
22/03/2015,6,12
22/03/2015,7,45
22/03/2015,8,109
22/03/2015,9,270
22/03/2015,10,430
22/03/2015,11,619
22/03/2015,12,692
22/03/2015,13,794
22/03/2015,14,767
22/03/2015,15,874
22/03/2015,16,707
22/03/2015,17,728
22/03/2015,18,576
22/03/2015,19,349
22/03/2015,20,254
22/03/2015,21,194
22/03/2015,22,134
22/03/2015,23,52
22/03/2016,0,30
22/03/2016,1,17
22/03/2016,2,3
22/03/2016,3,4
22/03/2016,4,2
22/03/2016,5,70
22/03/2016,6,226
22/03/2016,7,614
22/03/2016,8,1081
22/03/2016,9,481
22/03/2016,10,233
22/03/2016,11,272
22/03/2016,12,383
22/03/2016,13,388
22/03/2016,14,385
22/03/2016,15,460
22/03/2016,16,745
22/03/2016,17,1367
22/03/2016,18,1171
22/03/2016,19,727
22/03/2016,20,454
22/03/2016,21,355
22/03/2016,22,205
22/03/2016,23,90
22/03/2017,0,39
22/03/2017,1,13
22/03/2017,2,6
22/03/2017,3,3
22/03/2017,4,11
22/03/2017,5,67
22/03/2017,6,280
22/03/2017,7,646
22/03/2017,8,1017
22/03/2017,9,488
22/03/2017,10,239
22/03/2017,11,282
22/03/2017,12,336
22/03/2017,13,321
22/03/2017,14,290
22/03/2017,15,418
22/03/2017,16,552
22/03/2017,17,1064
22/03/2017,18,913
22/03/2017,19,576
22/03/2017,20,304
22/03/2017,21,232
22/03/2017,22,155
22/03/2017,23,61
22/03/2018,0,22
22/03/2018,1,9
22/03/2018,2,2
22/03/2018,3,7
22/03/2018,4,14
22/03/2018,5,36
22/03/2018,6,112
22/03/2018,7,304
22/03/2018,8,574
22/03/2018,9,482
22/03/2018,10,275
22/03/2018,11,185
22/03/2018,12,267
22/03/2018,13,225
22/03/2018,14,272
22/03/2018,15,356
22/03/2018,16,519
22/03/2018,17,977
22/03/2018,18,812
22/03/2018,19,462
22/03/2018,20,273
22/03/2018,21,236
22/03/2018,22,122
22/03/2018,23,85
22/04/2014,0,53
22/04/2014,1,26
22/04/2014,2,13
22/04/2014,3,10
22/04/2014,4,5
22/04/2014,5,59
22/04/2014,6,239
22/04/2014,7,687
22/04/2014,8,1081
22/04/2014,9,460
22/04/2014,10,310
22/04/2014,11,315
22/04/2014,12,495
22/04/2014,13,314
22/04/2014,14,115
22/04/2014,15,306
22/04/2014,16,537
22/04/2014,17,1131
22/04/2014,18,982
22/04/2014,19,686
22/04/2014,20,520
22/04/2014,21,367
22/04/2014,22,259
22/04/2014,23,138
22/04/2015,0,47
22/04/2015,1,14
22/04/2015,2,8
22/04/2015,3,6
22/04/2015,4,7
22/04/2015,5,87
22/04/2015,6,290
22/04/2015,7,863
22/04/2015,8,1277
22/04/2015,9,575
22/04/2015,10,343
22/04/2015,11,397
22/04/2015,12,482
22/04/2015,13,484
22/04/2015,14,335
22/04/2015,15,355
22/04/2015,16,633
22/04/2015,17,1220
22/04/2015,18,1255
22/04/2015,19,707
22/04/2015,20,485
22/04/2015,21,327
22/04/2015,22,253
22/04/2015,23,95
22/04/2016,0,77
22/04/2016,1,37
22/04/2016,2,11
22/04/2016,3,14
22/04/2016,4,17
22/04/2016,5,87
22/04/2016,6,289
22/04/2016,7,711
22/04/2016,8,1246
22/04/2016,9,588
22/04/2016,10,391
22/04/2016,11,443
22/04/2016,12,575
22/04/2016,13,482
22/04/2016,14,446
22/04/2016,15,559
22/04/2016,16,934
22/04/2016,17,1422
22/04/2016,18,1036
22/04/2016,19,605
22/04/2016,20,340
22/04/2016,21,318
22/04/2016,22,293
22/04/2016,23,172
22/04/2017,0,196
22/04/2017,1,118
22/04/2017,2,94
22/04/2017,3,40
22/04/2017,4,11
22/04/2017,5,14
22/04/2017,6,35
22/04/2017,7,115
22/04/2017,8,284
22/04/2017,9,415
22/04/2017,10,308
22/04/2017,11,329
22/04/2017,12,241
22/04/2017,13,262
22/04/2017,14,221
22/04/2017,15,273
22/04/2017,16,226
22/04/2017,17,183
22/04/2017,18,206
22/04/2017,19,215
22/04/2017,20,206
22/04/2017,21,203
22/04/2017,22,149
22/04/2017,23,141
22/04/2018,0,141
22/04/2018,1,94
22/04/2018,2,89
22/04/2018,3,51
22/04/2018,4,19
22/04/2018,5,29
22/04/2018,6,53
22/04/2018,7,112
22/04/2018,8,252
22/04/2018,9,493
22/04/2018,10,831
22/04/2018,11,1120
22/04/2018,12,1245
22/04/2018,13,1328
22/04/2018,14,1351
22/04/2018,15,1234
22/04/2018,16,1173
22/04/2018,17,1021
22/04/2018,18,790
22/04/2018,19,610
22/04/2018,20,423
22/04/2018,21,309
22/04/2018,22,159
22/04/2018,23,75
22/05/2014,0,56
22/05/2014,1,39
22/05/2014,2,20
22/05/2014,3,7
22/05/2014,4,9
22/05/2014,5,47
22/05/2014,6,160
22/05/2014,7,580
22/05/2014,8,1035
22/05/2014,9,497
22/05/2014,10,334
22/05/2014,11,383
22/05/2014,12,506
22/05/2014,13,447
22/05/2014,14,389
22/05/2014,15,434
22/05/2014,16,662
22/05/2014,17,1208
22/05/2014,18,1108
22/05/2014,19,780
22/05/2014,20,613
22/05/2014,21,484
22/05/2014,22,334
22/05/2014,23,194
22/05/2015,0,60
22/05/2015,1,16
22/05/2015,2,13
22/05/2015,3,7
22/05/2015,4,6
22/05/2015,5,74
22/05/2015,6,232
22/05/2015,7,669
22/05/2015,8,1122
22/05/2015,9,621
22/05/2015,10,437
22/05/2015,11,538
22/05/2015,12,672
22/05/2015,13,734
22/05/2015,14,789
22/05/2015,15,960
22/05/2015,16,1059
22/05/2015,17,1339
22/05/2015,18,1027
22/05/2015,19,766
22/05/2015,20,515
22/05/2015,21,387
22/05/2015,22,288
22/05/2015,23,200
22/05/2016,0,48
22/05/2016,1,34
22/05/2016,2,38
22/05/2016,3,14
22/05/2016,4,11
22/05/2016,5,11
22/05/2016,6,13
22/05/2016,7,64
22/05/2016,8,89
22/05/2016,9,155
22/05/2016,10,268
22/05/2016,11,378
22/05/2016,12,201
22/05/2016,13,170
22/05/2016,14,235
22/05/2016,15,251
22/05/2016,16,219
22/05/2016,17,141
22/05/2016,18,129
22/05/2016,19,118
22/05/2016,20,92
22/05/2016,21,79
22/05/2016,22,59
22/05/2016,23,34
22/05/2017,0,45
22/05/2017,1,27
22/05/2017,2,12
22/05/2017,3,4
22/05/2017,4,7
22/05/2017,5,34
22/05/2017,6,114
22/05/2017,7,164
22/05/2017,8,271
22/05/2017,9,204
22/05/2017,10,168
22/05/2017,11,254
22/05/2017,12,418
22/05/2017,13,450
22/05/2017,14,475
22/05/2017,15,682
22/05/2017,16,912
22/05/2017,17,1553
22/05/2017,18,1162
22/05/2017,19,813
22/05/2017,20,569
22/05/2017,21,397
22/05/2017,22,245
22/05/2017,23,126
22/06/2014,0,218
22/06/2014,1,137
22/06/2014,2,114
22/06/2014,3,51
22/06/2014,4,18
22/06/2014,5,16
22/06/2014,6,31
22/06/2014,7,79
22/06/2014,8,222
22/06/2014,9,391
22/06/2014,10,652
22/06/2014,11,793
22/06/2014,12,947
22/06/2014,13,878
22/06/2014,14,906
22/06/2014,15,920
22/06/2014,16,942
22/06/2014,17,917
22/06/2014,18,588
22/06/2014,19,378
22/06/2014,20,771
22/06/2014,21,428
22/06/2014,22,272
22/06/2014,23,159
22/06/2015,0,61
22/06/2015,1,17
22/06/2015,2,16
22/06/2015,3,13
22/06/2015,4,12
22/06/2015,5,89
22/06/2015,6,289
22/06/2015,7,820
22/06/2015,8,1044
22/06/2015,9,532
22/06/2015,10,317
22/06/2015,11,418
22/06/2015,12,514
22/06/2015,13,366
22/06/2015,14,351
22/06/2015,15,458
22/06/2015,16,663
22/06/2015,17,1388
22/06/2015,18,1275
22/06/2015,19,963
22/06/2015,20,696
22/06/2015,21,486
22/06/2015,22,327
22/06/2015,23,148
22/06/2016,0,70
22/06/2016,1,34
22/06/2016,2,20
22/06/2016,3,14
22/06/2016,4,14
22/06/2016,5,127
22/06/2016,6,395
22/06/2016,7,1027
22/06/2016,8,1374
22/06/2016,9,635
22/06/2016,10,415
22/06/2016,11,496
22/06/2016,12,549
22/06/2016,13,572
22/06/2016,14,477
22/06/2016,15,592
22/06/2016,16,906
22/06/2016,17,1758
22/06/2016,18,1482
22/06/2016,19,1020
22/06/2016,20,863
22/06/2016,21,511
22/06/2016,22,368
22/06/2016,23,183
22/06/2017,0,101
22/06/2017,1,29
22/06/2017,2,25
22/06/2017,3,14
22/06/2017,4,15
22/06/2017,5,114
22/06/2017,6,440
22/06/2017,7,956
22/06/2017,8,1274
22/06/2017,9,626
22/06/2017,10,392
22/06/2017,11,474
22/06/2017,12,615
22/06/2017,13,579
22/06/2017,14,573
22/06/2017,15,610
22/06/2017,16,924
22/06/2017,17,1582
22/06/2017,18,1369
22/06/2017,19,936
22/06/2017,20,712
22/06/2017,21,528
22/06/2017,22,384
22/06/2017,23,227
22/07/2014,0,53
22/07/2014,1,18
22/07/2014,2,7
22/07/2014,3,5
22/07/2014,4,12
22/07/2014,5,70
22/07/2014,6,313
22/07/2014,7,746
22/07/2014,8,1080
22/07/2014,9,524
22/07/2014,10,335
22/07/2014,11,399
22/07/2014,12,470
22/07/2014,13,480
22/07/2014,14,419
22/07/2014,15,423
22/07/2014,16,699
22/07/2014,17,1325
22/07/2014,18,1233
22/07/2014,19,943
22/07/2014,20,708
22/07/2014,21,441
22/07/2014,22,317
22/07/2014,23,172
22/07/2015,0,64
22/07/2015,1,35
22/07/2015,2,17
22/07/2015,3,7
22/07/2015,4,15
22/07/2015,5,112
22/07/2015,6,400
22/07/2015,7,972
22/07/2015,8,1228
22/07/2015,9,585
22/07/2015,10,404
22/07/2015,11,495
22/07/2015,12,542
22/07/2015,13,481
22/07/2015,14,435
22/07/2015,15,548
22/07/2015,16,836
22/07/2015,17,1576
22/07/2015,18,1352
22/07/2015,19,998
22/07/2015,20,775
22/07/2015,21,547
22/07/2015,22,348
22/07/2015,23,162
22/07/2016,0,94
22/07/2016,1,53
22/07/2016,2,24
22/07/2016,3,12
22/07/2016,4,14
22/07/2016,5,88
22/07/2016,6,283
22/07/2016,7,769
22/07/2016,8,1161
22/07/2016,9,638
22/07/2016,10,463
22/07/2016,11,454
22/07/2016,12,590
22/07/2016,13,576
22/07/2016,14,555
22/07/2016,15,619
22/07/2016,16,889
22/07/2016,17,1267
22/07/2016,18,1039
22/07/2016,19,768
22/07/2016,20,630
22/07/2016,21,465
22/07/2016,22,385
22/07/2016,23,269
22/07/2017,0,183
22/07/2017,1,127
22/07/2017,2,104
22/07/2017,3,34
22/07/2017,4,24
22/07/2017,5,39
22/07/2017,6,84
22/07/2017,7,210
22/07/2017,8,392
22/07/2017,9,688
22/07/2017,10,846
22/07/2017,11,973
22/07/2017,12,1019
22/07/2017,13,933
22/07/2017,14,615
22/07/2017,15,531
22/07/2017,16,856
22/07/2017,17,739
22/07/2017,18,270
22/07/2017,19,299
22/07/2017,20,422
22/07/2017,21,304
22/07/2017,22,167
22/07/2017,23,169
22/08/2014,0,88
22/08/2014,1,31
22/08/2014,2,19
22/08/2014,3,12
22/08/2014,4,9
22/08/2014,5,68
22/08/2014,6,234
22/08/2014,7,644
22/08/2014,8,910
22/08/2014,9,577
22/08/2014,10,338
22/08/2014,11,333
22/08/2014,12,508
22/08/2014,13,455
22/08/2014,14,449
22/08/2014,15,520
22/08/2014,16,742
22/08/2014,17,1099
22/08/2014,18,994
22/08/2014,19,716
22/08/2014,20,493
22/08/2014,21,392
22/08/2014,22,349
22/08/2014,23,264
22/08/2015,0,199
22/08/2015,1,114
22/08/2015,2,76
22/08/2015,3,34
22/08/2015,4,19
22/08/2015,5,13
22/08/2015,6,52
22/08/2015,7,155
22/08/2015,8,291
22/08/2015,9,543
22/08/2015,10,694
22/08/2015,11,932
22/08/2015,12,929
22/08/2015,13,981
22/08/2015,14,1009
22/08/2015,15,1038
22/08/2015,16,958
22/08/2015,17,993
22/08/2015,18,847
22/08/2015,19,714
22/08/2015,20,591
22/08/2015,21,503
22/08/2015,22,398
22/08/2015,23,256
22/08/2016,0,56
22/08/2016,1,18
22/08/2016,2,9
22/08/2016,3,5
22/08/2016,4,18
22/08/2016,5,98
22/08/2016,6,325
22/08/2016,7,903
22/08/2016,8,1115
22/08/2016,9,475
22/08/2016,10,347
22/08/2016,11,409
22/08/2016,12,483
22/08/2016,13,467
22/08/2016,14,435
22/08/2016,15,541
22/08/2016,16,897
22/08/2016,17,1638
22/08/2016,18,1501
22/08/2016,19,1026
22/08/2016,20,738
22/08/2016,21,437
22/08/2016,22,262
22/08/2016,23,146
22/08/2017,0,49
22/08/2017,1,50
22/08/2017,2,15
22/08/2017,3,7
22/08/2017,4,18
22/08/2017,5,105
22/08/2017,6,380
22/08/2017,7,945
22/08/2017,8,1251
22/08/2017,9,573
22/08/2017,10,384
22/08/2017,11,448
22/08/2017,12,519
22/08/2017,13,464
22/08/2017,14,479
22/08/2017,15,530
22/08/2017,16,838
22/08/2017,17,1576
22/08/2017,18,1345
22/08/2017,19,986
22/08/2017,20,732
22/08/2017,21,467
22/08/2017,22,322
22/08/2017,23,120
22/09/2014,0,61
22/09/2014,1,16
22/09/2014,2,8
22/09/2014,3,9
22/09/2014,4,14
22/09/2014,5,93
22/09/2014,6,282
22/09/2014,7,855
22/09/2014,8,1154
22/09/2014,9,525
22/09/2014,10,301
22/09/2014,11,400
22/09/2014,12,463
22/09/2014,13,432
22/09/2014,14,427
22/09/2014,15,458
22/09/2014,16,806
22/09/2014,17,1460
22/09/2014,18,1277
22/09/2014,19,763
22/09/2014,20,506
22/09/2014,21,355
22/09/2014,22,247
22/09/2014,23,90
22/09/2015,0,34
22/09/2015,1,19
22/09/2015,2,11
22/09/2015,3,3
22/09/2015,4,7
22/09/2015,5,85
22/09/2015,6,324
22/09/2015,7,934
22/09/2015,8,1140
22/09/2015,9,459
22/09/2015,10,320
22/09/2015,11,347
22/09/2015,12,478
22/09/2015,13,461
22/09/2015,14,427
22/09/2015,15,536
22/09/2015,16,878
22/09/2015,17,1539
22/09/2015,18,1449
22/09/2015,19,1010
22/09/2015,20,565
22/09/2015,21,484
22/09/2015,22,301
22/09/2015,23,141
22/09/2016,0,43
22/09/2016,1,21
22/09/2016,2,16
22/09/2016,3,8
22/09/2016,4,13
22/09/2016,5,101
22/09/2016,6,376
22/09/2016,7,990
22/09/2016,8,1340
22/09/2016,9,604
22/09/2016,10,375
22/09/2016,11,426
22/09/2016,12,524
22/09/2016,13,483
22/09/2016,14,472
22/09/2016,15,554
22/09/2016,16,915
22/09/2016,17,1652
22/09/2016,18,1455
22/09/2016,19,919
22/09/2016,20,569
22/09/2016,21,409
22/09/2016,22,280
22/09/2016,23,185
22/09/2017,0,115
22/09/2017,1,70
22/09/2017,2,25
22/09/2017,3,23
22/09/2017,4,16
22/09/2017,5,93
22/09/2017,6,328
22/09/2017,7,883
22/09/2017,8,1224
22/09/2017,9,601
22/09/2017,10,477
22/09/2017,11,618
22/09/2017,12,788
22/09/2017,13,761
22/09/2017,14,708
22/09/2017,15,836
22/09/2017,16,1187
22/09/2017,17,1572
22/09/2017,18,1247
22/09/2017,19,835
22/09/2017,20,518
22/09/2017,21,439
22/09/2017,22,375
22/09/2017,23,301
22/10/2014,0,24
22/10/2014,1,12
22/10/2014,2,7
22/10/2014,3,4
22/10/2014,4,4
22/10/2014,5,31
22/10/2014,6,123
22/10/2014,7,115
22/10/2014,8,191
22/10/2014,9,119
22/10/2014,10,47
22/10/2014,11,41
22/10/2014,12,97
22/10/2014,13,75
22/10/2014,14,117
22/10/2014,15,197
22/10/2014,16,287
22/10/2014,17,806
22/10/2014,18,721
22/10/2014,19,436
22/10/2014,20,348
22/10/2014,21,296
22/10/2014,22,199
22/10/2014,23,89
22/10/2015,0,59
22/10/2015,1,19
22/10/2015,2,12
22/10/2015,3,5
22/10/2015,4,8
22/10/2015,5,71
22/10/2015,6,272
22/10/2015,7,781
22/10/2015,8,1218
22/10/2015,9,583
22/10/2015,10,323
22/10/2015,11,407
22/10/2015,12,502
22/10/2015,13,485
22/10/2015,14,478
22/10/2015,15,509
22/10/2015,16,820
22/10/2015,17,1445
22/10/2015,18,1269
22/10/2015,19,739
22/10/2015,20,523
22/10/2015,21,362
22/10/2015,22,261
22/10/2015,23,136
22/10/2016,0,121
22/10/2016,1,68
22/10/2016,2,34
22/10/2016,3,19
22/10/2016,4,8
22/10/2016,5,13
22/10/2016,6,34
22/10/2016,7,118
22/10/2016,8,298
22/10/2016,9,506
22/10/2016,10,665
22/10/2016,11,749
22/10/2016,12,809
22/10/2016,13,807
22/10/2016,14,873
22/10/2016,15,745
22/10/2016,16,744
22/10/2016,17,658
22/10/2016,18,512
22/10/2016,19,317
22/10/2016,20,270
22/10/2016,21,219
22/10/2016,22,145
22/10/2016,23,172
22/10/2017,0,210
22/10/2017,1,128
22/10/2017,2,98
22/10/2017,3,58
22/10/2017,4,24
22/10/2017,5,28
22/10/2017,6,100
22/10/2017,7,156
22/10/2017,8,444
22/10/2017,9,724
22/10/2017,10,1016
22/10/2017,11,1103
22/10/2017,12,1237
22/10/2017,13,1221
22/10/2017,14,1211
22/10/2017,15,1190
22/10/2017,16,1157
22/10/2017,17,1049
22/10/2017,18,826
22/10/2017,19,520
22/10/2017,20,354
22/10/2017,21,270
22/10/2017,22,163
22/10/2017,23,97
22/11/2014,0,79
22/11/2014,1,62
22/11/2014,2,56
22/11/2014,3,29
22/11/2014,4,4
22/11/2014,5,10
22/11/2014,6,19
22/11/2014,7,60
22/11/2014,8,153
22/11/2014,9,242
22/11/2014,10,341
22/11/2014,11,436
22/11/2014,12,458
22/11/2014,13,504
22/11/2014,14,525
22/11/2014,15,542
22/11/2014,16,486
22/11/2014,17,382
22/11/2014,18,325
22/11/2014,19,256
22/11/2014,20,186
22/11/2014,21,169
22/11/2014,22,108
22/11/2014,23,129
22/11/2015,0,124
22/11/2015,1,99
22/11/2015,2,73
22/11/2015,3,15
22/11/2015,4,5
22/11/2015,5,8
22/11/2015,6,25
22/11/2015,7,48
22/11/2015,8,145
22/11/2015,9,284
22/11/2015,10,385
22/11/2015,11,496
22/11/2015,12,490
22/11/2015,13,470
22/11/2015,14,405
22/11/2015,15,408
22/11/2015,16,399
22/11/2015,17,299
22/11/2015,18,255
22/11/2015,19,201
22/11/2015,20,140
22/11/2015,21,83
22/11/2015,22,55
22/11/2015,23,36
22/11/2016,0,17
22/11/2016,1,10
22/11/2016,2,4
22/11/2016,3,3
22/11/2016,4,8
22/11/2016,5,75
22/11/2016,6,210
22/11/2016,7,643
22/11/2016,8,1002
22/11/2016,9,494
22/11/2016,10,279
22/11/2016,11,285
22/11/2016,12,367
22/11/2016,13,299
22/11/2016,14,351
22/11/2016,15,395
22/11/2016,16,621
22/11/2016,17,966
22/11/2016,18,684
22/11/2016,19,395
22/11/2016,20,217
22/11/2016,21,152
22/11/2016,22,104
22/11/2016,23,45
22/11/2017,0,39
22/11/2017,1,20
22/11/2017,2,7
22/11/2017,3,5
22/11/2017,4,8
22/11/2017,5,91
22/11/2017,6,210
22/11/2017,7,519
22/11/2017,8,808
22/11/2017,9,480
22/11/2017,10,327
22/11/2017,11,354
22/11/2017,12,460
22/11/2017,13,569
22/11/2017,14,591
22/11/2017,15,699
22/11/2017,16,625
22/11/2017,17,523
22/11/2017,18,310
22/11/2017,19,215
22/11/2017,20,135
22/11/2017,21,78
22/11/2017,22,73
22/11/2017,23,62
22/12/2014,0,16
22/12/2014,1,5
22/12/2014,2,2
22/12/2014,3,2
22/12/2014,4,7
22/12/2014,5,36
22/12/2014,6,130
22/12/2014,7,310
22/12/2014,8,626
22/12/2014,9,364
22/12/2014,10,184
22/12/2014,11,161
22/12/2014,12,116
22/12/2014,13,88
22/12/2014,14,71
22/12/2014,15,83
22/12/2014,16,90
22/12/2014,17,195
22/12/2014,18,169
22/12/2014,19,78
22/12/2014,20,88
22/12/2014,21,72
22/12/2014,22,48
22/12/2014,23,22
22/12/2015,0,31
22/12/2015,1,15
22/12/2015,2,7
22/12/2015,4,4
22/12/2015,5,29
22/12/2015,6,55
22/12/2015,7,154
22/12/2015,8,267
22/12/2015,9,270
22/12/2015,10,156
22/12/2015,11,202
22/12/2015,12,278
22/12/2015,13,276
22/12/2015,14,274
22/12/2015,15,296
22/12/2015,16,482
22/12/2015,17,694
22/12/2015,18,516
22/12/2015,19,335
22/12/2015,20,244
22/12/2015,21,171
22/12/2015,22,110
22/12/2015,23,68
22/12/2016,0,30
22/12/2016,1,11
22/12/2016,2,8
22/12/2016,3,4
22/12/2016,4,3
22/12/2016,5,45
22/12/2016,6,157
22/12/2016,7,413
22/12/2016,8,693
22/12/2016,9,448
22/12/2016,10,233
22/12/2016,11,309
22/12/2016,12,379
22/12/2016,13,440
22/12/2016,14,372
22/12/2016,15,375
22/12/2016,16,509
22/12/2016,17,622
22/12/2016,18,456
22/12/2016,19,264
22/12/2016,20,181
22/12/2016,21,118
22/12/2016,22,70
22/12/2016,23,47
22/12/2017,0,45
22/12/2017,1,16
22/12/2017,2,9
22/12/2017,3,9
22/12/2017,4,9
22/12/2017,5,49
22/12/2017,6,164
22/12/2017,7,314
22/12/2017,8,544
22/12/2017,9,375
22/12/2017,10,262
22/12/2017,11,355
22/12/2017,12,400
22/12/2017,13,485
22/12/2017,14,521
22/12/2017,15,613
22/12/2017,16,508
22/12/2017,17,454
22/12/2017,18,346
22/12/2017,19,169
22/12/2017,20,158
22/12/2017,21,131
22/12/2017,22,130
22/12/2017,23,93
23/01/2014,0,9
23/01/2014,1,1
23/01/2014,2,1
23/01/2014,3,1
23/01/2014,4,1
23/01/2014,5,19
23/01/2014,6,50
23/01/2014,7,146
23/01/2014,8,343
23/01/2014,9,184
23/01/2014,10,76
23/01/2014,11,84
23/01/2014,12,93
23/01/2014,13,95
23/01/2014,14,101
23/01/2014,15,96
23/01/2014,16,117
23/01/2014,17,307
23/01/2014,18,260
23/01/2014,19,164
23/01/2014,20,120
23/01/2014,21,79
23/01/2014,22,53
23/01/2014,23,26
23/01/2015,0,34
23/01/2015,1,9
23/01/2015,2,12
23/01/2015,3,2
23/01/2015,4,5
23/01/2015,5,48
23/01/2015,6,145
23/01/2015,7,413
23/01/2015,8,861
23/01/2015,9,425
23/01/2015,10,202
23/01/2015,11,237
23/01/2015,12,312
23/01/2015,13,307
23/01/2015,14,272
23/01/2015,15,297
23/01/2015,16,347
23/01/2015,17,355
23/01/2015,18,193
23/01/2015,19,121
23/01/2015,20,73
23/01/2015,21,27
23/01/2015,22,19
23/01/2015,23,17
23/01/2017,0,19
23/01/2017,1,7
23/01/2017,2,4
23/01/2017,3,4
23/01/2017,4,3
23/01/2017,5,38
23/01/2017,6,124
23/01/2017,7,220
23/01/2017,8,287
23/01/2017,9,141
23/01/2017,10,56
23/01/2017,11,54
23/01/2017,12,57
23/01/2017,13,40
23/01/2017,14,43
23/01/2017,15,88
23/01/2017,16,173
23/01/2017,17,450
23/01/2017,18,427
23/01/2017,19,272
23/01/2017,20,174
23/01/2017,21,125
23/01/2017,22,70
23/01/2017,23,29
23/01/2018,0,27
23/01/2018,1,9
23/01/2018,2,20
23/01/2018,3,4
23/01/2018,4,8
23/01/2018,5,47
23/01/2018,6,133
23/01/2018,7,414
23/01/2018,8,1042
23/01/2018,9,543
23/01/2018,10,270
23/01/2018,11,276
23/01/2018,12,371
23/01/2018,13,356
23/01/2018,14,324
23/01/2018,15,400
23/01/2018,16,706
23/01/2018,17,1181
23/01/2018,18,901
23/01/2018,19,501
23/01/2018,20,290
23/01/2018,21,213
23/01/2018,22,98
23/01/2018,23,66
23/02/2014,0,134
23/02/2014,1,76
23/02/2014,2,80
23/02/2014,3,38
23/02/2014,4,7
23/02/2014,5,10
23/02/2014,6,10
23/02/2014,7,60
23/02/2014,8,125
23/02/2014,9,196
23/02/2014,10,327
23/02/2014,11,353
23/02/2014,12,460
23/02/2014,13,518
23/02/2014,14,627
23/02/2014,15,699
23/02/2014,16,711
23/02/2014,17,554
23/02/2014,18,387
23/02/2014,19,264
23/02/2014,20,161
23/02/2014,21,129
23/02/2014,22,78
23/02/2014,23,61
23/02/2015,0,41
23/02/2015,1,8
23/02/2015,2,4
23/02/2015,3,3
23/02/2015,4,5
23/02/2015,5,36
23/02/2015,6,101
23/02/2015,7,326
23/02/2015,8,538
23/02/2015,9,284
23/02/2015,10,82
23/02/2015,11,89
23/02/2015,12,123
23/02/2015,13,109
23/02/2015,14,100
23/02/2015,15,138
23/02/2015,16,238
23/02/2015,17,429
23/02/2015,18,373
23/02/2015,19,247
23/02/2015,20,155
23/02/2015,21,105
23/02/2015,22,41
23/02/2015,23,22
23/02/2016,0,19
23/02/2016,1,9
23/02/2016,2,13
23/02/2016,3,4
23/02/2016,4,5
23/02/2016,5,50
23/02/2016,6,78
23/02/2016,7,146
23/02/2016,8,197
23/02/2016,9,108
23/02/2016,10,73
23/02/2016,11,62
23/02/2016,12,65
23/02/2016,13,67
23/02/2016,14,48
23/02/2016,15,76
23/02/2016,16,163
23/02/2016,17,363
23/02/2016,18,318
23/02/2016,19,257
23/02/2016,20,181
23/02/2016,21,164
23/02/2016,22,92
23/02/2016,23,27
23/02/2017,0,29
23/02/2017,1,19
23/02/2017,2,2
23/02/2017,3,3
23/02/2017,4,10
23/02/2017,5,71
23/02/2017,6,328
23/02/2017,7,880
23/02/2017,8,1287
23/02/2017,9,545
23/02/2017,10,296
23/02/2017,11,412
23/02/2017,12,613
23/02/2017,13,551
23/02/2017,14,547
23/02/2017,15,605
23/02/2017,16,928
23/02/2017,17,1539
23/02/2017,18,1162
23/02/2017,19,714
23/02/2017,20,477
23/02/2017,21,380
23/02/2017,22,211
23/02/2017,23,135
23/02/2018,0,48
23/02/2018,1,11
23/02/2018,2,14
23/02/2018,3,4
23/02/2018,4,12
23/02/2018,5,61
23/02/2018,6,163
23/02/2018,7,351
23/02/2018,8,635
23/02/2018,9,410
23/02/2018,10,244
23/02/2018,11,252
23/02/2018,12,272
23/02/2018,13,303
23/02/2018,14,313
23/02/2018,15,427
23/02/2018,16,638
23/02/2018,17,913
23/02/2018,18,643
23/02/2018,19,452
23/02/2018,20,262
23/02/2018,21,198
23/02/2018,22,140
23/02/2018,23,115
23/03/2014,0,143
23/03/2014,1,89
23/03/2014,2,69
23/03/2014,3,27
23/03/2014,4,10
23/03/2014,5,12
23/03/2014,6,18
23/03/2014,7,51
23/03/2014,8,115
23/03/2014,9,224
23/03/2014,10,393
23/03/2014,11,449
23/03/2014,12,487
23/03/2014,13,489
23/03/2014,14,469
23/03/2014,15,431
23/03/2014,16,388
23/03/2014,17,364
23/03/2014,18,398
23/03/2014,19,286
23/03/2014,20,165
23/03/2014,21,116
23/03/2014,22,80
23/03/2014,23,40
23/03/2015,0,27
23/03/2015,1,16
23/03/2015,2,2
23/03/2015,3,1
23/03/2015,4,10
23/03/2015,5,49
23/03/2015,6,165
23/03/2015,7,481
23/03/2015,8,876
23/03/2015,9,430
23/03/2015,10,232
23/03/2015,11,236
23/03/2015,12,317
23/03/2015,13,354
23/03/2015,14,362
23/03/2015,15,346
23/03/2015,16,611
23/03/2015,17,1087
23/03/2015,18,1002
23/03/2015,19,595
23/03/2015,20,346
23/03/2015,21,226
23/03/2015,22,148
23/03/2015,23,48
23/03/2016,0,29
23/03/2016,1,16
23/03/2016,2,7
23/03/2016,3,4
23/03/2016,4,4
23/03/2016,5,82
23/03/2016,6,277
23/03/2016,7,761
23/03/2016,8,1212
23/03/2016,9,608
23/03/2016,10,334
23/03/2016,11,413
23/03/2016,12,589
23/03/2016,13,550
23/03/2016,14,542
23/03/2016,15,620
23/03/2016,16,886
23/03/2016,17,1533
23/03/2016,18,1474
23/03/2016,19,942
23/03/2016,20,595
23/03/2016,21,463
23/03/2016,22,273
23/03/2016,23,126
23/03/2017,0,22
23/03/2017,1,5
23/03/2017,2,9
23/03/2017,4,4
23/03/2017,5,61
23/03/2017,6,231
23/03/2017,7,586
23/03/2017,8,1007
23/03/2017,9,495
23/03/2017,10,219
23/03/2017,11,296
23/03/2017,12,337
23/03/2017,13,344
23/03/2017,14,344
23/03/2017,15,465
23/03/2017,16,663
23/03/2017,17,1173
23/03/2017,18,972
23/03/2017,19,561
23/03/2017,20,343
23/03/2017,21,257
23/03/2017,22,153
23/03/2017,23,69
23/03/2018,0,50
23/03/2018,1,22
23/03/2018,2,8
23/03/2018,3,6
23/03/2018,4,13
23/03/2018,5,58
23/03/2018,6,189
23/03/2018,7,478
23/03/2018,8,882
23/03/2018,9,490
23/03/2018,10,287
23/03/2018,11,336
23/03/2018,12,379
23/03/2018,13,454
23/03/2018,14,435
23/03/2018,15,567
23/03/2018,16,732
23/03/2018,17,1089
23/03/2018,18,823
23/03/2018,19,500
23/03/2018,20,267
23/03/2018,21,228
23/03/2018,22,126
23/03/2018,23,103
23/04/2014,0,48
23/04/2014,1,24
23/04/2014,2,1
23/04/2014,3,5
23/04/2014,4,8
23/04/2014,5,58
23/04/2014,6,214
23/04/2014,7,677
23/04/2014,8,996
23/04/2014,9,444
23/04/2014,10,244
23/04/2014,11,318
23/04/2014,12,353
23/04/2014,13,385
23/04/2014,14,360
23/04/2014,15,370
23/04/2014,16,587
23/04/2014,17,1138
23/04/2014,18,1051
23/04/2014,19,619
23/04/2014,20,421
23/04/2014,21,297
23/04/2014,22,212
23/04/2014,23,95
23/04/2015,0,39
23/04/2015,1,14
23/04/2015,2,8
23/04/2015,3,3
23/04/2015,4,7
23/04/2015,5,56
23/04/2015,6,225
23/04/2015,7,729
23/04/2015,8,1143
23/04/2015,9,522
23/04/2015,10,345
23/04/2015,11,365
23/04/2015,12,469
23/04/2015,13,429
23/04/2015,14,433
23/04/2015,15,518
23/04/2015,16,655
23/04/2015,17,1190
23/04/2015,18,1139
23/04/2015,19,699
23/04/2015,20,398
23/04/2015,21,352
23/04/2015,22,246
23/04/2015,23,123
23/04/2016,0,115
23/04/2016,1,73
23/04/2016,2,51
23/04/2016,3,26
23/04/2016,4,6
23/04/2016,5,9
23/04/2016,6,33
23/04/2016,7,126
23/04/2016,8,233
23/04/2016,9,169
23/04/2016,10,171
23/04/2016,11,142
23/04/2016,12,459
23/04/2016,13,647
23/04/2016,14,807
23/04/2016,15,848
23/04/2016,16,901
23/04/2016,17,926
23/04/2016,18,853
23/04/2016,19,683
23/04/2016,20,456
23/04/2016,21,360
23/04/2016,22,203
23/04/2016,23,190
23/04/2017,0,123
23/04/2017,1,109
23/04/2017,2,72
23/04/2017,3,38
23/04/2017,4,14
23/04/2017,5,19
23/04/2017,6,29
23/04/2017,7,78
23/04/2017,8,250
23/04/2017,9,411
23/04/2017,10,719
23/04/2017,11,926
23/04/2017,12,1000
23/04/2017,13,998
23/04/2017,14,1080
23/04/2017,15,1018
23/04/2017,16,1029
23/04/2017,17,854
23/04/2017,18,650
23/04/2017,19,515
23/04/2017,20,303
23/04/2017,21,250
23/04/2017,22,171
23/04/2017,23,88
23/04/2018,0,37
23/04/2018,1,10
23/04/2018,2,7
23/04/2018,3,9
23/04/2018,4,23
23/04/2018,5,82
23/04/2018,6,273
23/04/2018,7,746
23/04/2018,8,1071
23/04/2018,9,510
23/04/2018,10,350
23/04/2018,11,495
23/04/2018,12,628
23/04/2018,13,576
23/04/2018,14,584
23/04/2018,15,647
23/04/2018,16,951
23/04/2018,17,1596
23/04/2018,18,1365
23/04/2018,19,797
23/04/2018,20,498
23/04/2018,21,314
23/04/2018,22,152
23/04/2018,23,95
23/05/2014,0,112
23/05/2014,1,61
23/05/2014,2,25
23/05/2014,3,15
23/05/2014,4,7
23/05/2014,5,53
23/05/2014,6,177
23/05/2014,7,581
23/05/2014,8,903
23/05/2014,9,547
23/05/2014,10,357
23/05/2014,11,460
23/05/2014,12,537
23/05/2014,13,560
23/05/2014,14,654
23/05/2014,15,848
23/05/2014,16,856
23/05/2014,17,950
23/05/2014,18,813
23/05/2014,19,705
23/05/2014,20,434
23/05/2014,21,300
23/05/2014,22,239
23/05/2014,23,205
23/05/2015,0,148
23/05/2015,1,109
23/05/2015,2,68
23/05/2015,3,30
23/05/2015,4,14
23/05/2015,5,12
23/05/2015,6,38
23/05/2015,7,86
23/05/2015,8,221
23/05/2015,9,418
23/05/2015,10,721
23/05/2015,11,939
23/05/2015,12,978
23/05/2015,13,1142
23/05/2015,14,1237
23/05/2015,15,1116
23/05/2015,16,1056
23/05/2015,17,1088
23/05/2015,18,929
23/05/2015,19,814
23/05/2015,20,576
23/05/2015,21,449
23/05/2015,22,297
23/05/2015,23,234
23/05/2016,0,16
23/05/2016,1,7
23/05/2016,3,2
23/05/2016,5,62
23/05/2016,6,215
23/05/2016,7,650
23/05/2016,8,1190
23/05/2016,9,518
23/05/2016,10,304
23/05/2016,11,375
23/05/2016,12,488
23/05/2016,13,458
23/05/2016,14,436
23/05/2016,15,335
23/05/2016,16,527
23/05/2016,17,742
23/05/2016,18,372
23/05/2016,19,419
23/05/2016,20,384
23/05/2016,21,264
23/05/2016,22,173
23/05/2016,23,111
23/05/2017,0,49
23/05/2017,1,11
23/05/2017,2,5
23/05/2017,3,4
23/05/2017,4,15
23/05/2017,5,102
23/05/2017,6,403
23/05/2017,7,965
23/05/2017,8,1285
23/05/2017,9,564
23/05/2017,10,340
23/05/2017,11,404
23/05/2017,12,521
23/05/2017,13,498
23/05/2017,14,478
23/05/2017,15,638
23/05/2017,16,943
23/05/2017,17,1564
23/05/2017,18,767
23/05/2017,19,328
23/05/2017,20,158
23/05/2017,21,193
23/05/2017,22,186
23/05/2017,23,101
23/06/2014,0,54
23/06/2014,1,23
23/06/2014,2,11
23/06/2014,3,4
23/06/2014,4,10
23/06/2014,5,66
23/06/2014,6,264
23/06/2014,7,723
23/06/2014,8,1028
23/06/2014,9,487
23/06/2014,10,330
23/06/2014,11,395
23/06/2014,12,492
23/06/2014,13,433
23/06/2014,14,425
23/06/2014,15,463
23/06/2014,16,666
23/06/2014,17,1279
23/06/2014,18,1219
23/06/2014,19,924
23/06/2014,20,684
23/06/2014,21,451
23/06/2014,22,275
23/06/2014,23,132
23/06/2015,0,42
23/06/2015,1,29
23/06/2015,2,9
23/06/2015,3,4
23/06/2015,4,13
23/06/2015,5,100
23/06/2015,6,363
23/06/2015,7,882
23/06/2015,8,1138
23/06/2015,9,562
23/06/2015,10,276
23/06/2015,11,301
23/06/2015,12,360
23/06/2015,13,335
23/06/2015,14,319
23/06/2015,15,385
23/06/2015,16,654
23/06/2015,17,1267
23/06/2015,18,1046
23/06/2015,19,94
23/06/2015,20,350
23/06/2015,21,276
23/06/2015,22,237
23/06/2015,23,148
23/06/2016,0,66
23/06/2016,1,52
23/06/2016,2,17
23/06/2016,3,10
23/06/2016,4,8
23/06/2016,5,58
23/06/2016,6,65
23/06/2016,7,142
23/06/2016,8,307
23/06/2016,9,564
23/06/2016,10,331
23/06/2016,11,400
23/06/2016,12,491
23/06/2016,13,466
23/06/2016,14,418
23/06/2016,15,529
23/06/2016,16,749
23/06/2016,17,1433
23/06/2016,18,1146
23/06/2016,19,769
23/06/2016,20,563
23/06/2016,21,394
23/06/2016,22,296
23/06/2016,23,161
23/06/2017,0,104
23/06/2017,1,84
23/06/2017,2,29
23/06/2017,3,7
23/06/2017,4,14
23/06/2017,5,94
23/06/2017,6,117
23/06/2017,7,469
23/06/2017,8,1170
23/06/2017,9,761
23/06/2017,10,399
23/06/2017,11,486
23/06/2017,12,650
23/06/2017,13,601
23/06/2017,14,634
23/06/2017,15,742
23/06/2017,16,815
23/06/2017,17,1535
23/06/2017,18,1086
23/06/2017,19,858
23/06/2017,20,692
23/06/2017,21,468
23/06/2017,22,386
23/06/2017,23,317
23/07/2014,0,61
23/07/2014,1,24
23/07/2014,2,11
23/07/2014,3,10
23/07/2014,4,17
23/07/2014,5,81
23/07/2014,6,319
23/07/2014,7,760
23/07/2014,8,1065
23/07/2014,9,526
23/07/2014,10,303
23/07/2014,11,329
23/07/2014,12,411
23/07/2014,13,415
23/07/2014,14,315
23/07/2014,15,407
23/07/2014,16,632
23/07/2014,17,1184
23/07/2014,18,1180
23/07/2014,19,869
23/07/2014,20,481
23/07/2014,21,416
23/07/2014,22,261
23/07/2014,23,144
23/07/2015,0,97
23/07/2015,1,36
23/07/2015,2,18
23/07/2015,3,7
23/07/2015,4,14
23/07/2015,5,82
23/07/2015,6,325
23/07/2015,7,963
23/07/2015,8,1220
23/07/2015,9,554
23/07/2015,10,372
23/07/2015,11,410
23/07/2015,12,573
23/07/2015,13,568
23/07/2015,14,489
23/07/2015,15,537
23/07/2015,16,841
23/07/2015,17,1564
23/07/2015,18,1419
23/07/2015,19,1005
23/07/2015,20,814
23/07/2015,21,520
23/07/2015,22,374
23/07/2015,23,190
23/07/2016,0,179
23/07/2016,1,95
23/07/2016,2,81
23/07/2016,3,45
23/07/2016,4,20
23/07/2016,5,32
23/07/2016,6,71
23/07/2016,7,182
23/07/2016,8,376
23/07/2016,9,534
23/07/2016,10,701
23/07/2016,11,752
23/07/2016,12,784
23/07/2016,13,694
23/07/2016,14,662
23/07/2016,15,732
23/07/2016,16,709
23/07/2016,17,668
23/07/2016,18,619
23/07/2016,19,591
23/07/2016,20,612
23/07/2016,21,456
23/07/2016,22,414
23/07/2016,23,252
23/07/2017,0,147
23/07/2017,1,105
23/07/2017,2,71
23/07/2017,3,38
23/07/2017,4,12
23/07/2017,5,18
23/07/2017,6,70
23/07/2017,7,166
23/07/2017,8,320
23/07/2017,9,629
23/07/2017,10,914
23/07/2017,11,953
23/07/2017,12,1094
23/07/2017,13,993
23/07/2017,14,876
23/07/2017,15,985
23/07/2017,16,748
23/07/2017,17,868
23/07/2017,18,435
23/07/2017,19,495
23/07/2017,20,522
23/07/2017,21,329
23/07/2017,22,241
23/07/2017,23,21
23/08/2014,0,210
23/08/2014,1,151
23/08/2014,2,89
23/08/2014,3,41
23/08/2014,4,15
23/08/2014,5,33
23/08/2014,6,65
23/08/2014,7,144
23/08/2014,8,277
23/08/2014,9,391
23/08/2014,10,363
23/08/2014,11,422
23/08/2014,12,600
23/08/2014,13,628
23/08/2014,14,369
23/08/2014,15,172
23/08/2014,16,209
23/08/2014,17,288
23/08/2014,18,376
23/08/2014,19,415
23/08/2014,20,371
23/08/2014,21,314
23/08/2014,22,281
23/08/2014,23,207
23/08/2015,0,183
23/08/2015,1,129
23/08/2015,2,97
23/08/2015,3,52
23/08/2015,4,6
23/08/2015,5,19
23/08/2015,6,49
23/08/2015,7,123
23/08/2015,8,261
23/08/2015,9,507
23/08/2015,10,790
23/08/2015,11,854
23/08/2015,12,905
23/08/2015,13,810
23/08/2015,14,888
23/08/2015,15,943
23/08/2015,16,901
23/08/2015,17,910
23/08/2015,18,822
23/08/2015,19,654
23/08/2015,20,470
23/08/2015,21,317
23/08/2015,22,205
23/08/2015,23,86
23/08/2016,0,49
23/08/2016,1,18
23/08/2016,2,13
23/08/2016,3,4
23/08/2016,4,11
23/08/2016,5,120
23/08/2016,6,385
23/08/2016,7,1014
23/08/2016,8,1311
23/08/2016,9,598
23/08/2016,10,359
23/08/2016,11,463
23/08/2016,12,546
23/08/2016,13,514
23/08/2016,14,469
23/08/2016,15,540
23/08/2016,16,939
23/08/2016,17,1683
23/08/2016,18,1418
23/08/2016,19,1027
23/08/2016,20,716
23/08/2016,21,436
23/08/2016,22,268
23/08/2016,23,141
23/08/2017,0,82
23/08/2017,1,39
23/08/2017,2,23
23/08/2017,3,12
23/08/2017,4,18
23/08/2017,5,118
23/08/2017,6,414
23/08/2017,7,999
23/08/2017,8,1268
23/08/2017,9,597
23/08/2017,10,412
23/08/2017,11,503
23/08/2017,12,601
23/08/2017,13,578
23/08/2017,14,555
23/08/2017,15,715
23/08/2017,16,1045
23/08/2017,17,1764
23/08/2017,18,1507
23/08/2017,19,1089
23/08/2017,20,709
23/08/2017,21,510
23/08/2017,22,327
23/08/2017,23,176
23/09/2014,0,46
23/09/2014,1,13
23/09/2014,2,5
23/09/2014,3,1
23/09/2014,4,5
23/09/2014,5,82
23/09/2014,6,362
23/09/2014,7,902
23/09/2014,8,1215
23/09/2014,9,520
23/09/2014,10,337
23/09/2014,11,367
23/09/2014,12,456
23/09/2014,13,468
23/09/2014,14,437
23/09/2014,15,496
23/09/2014,16,762
23/09/2014,17,1472
23/09/2014,18,1338
23/09/2014,19,858
23/09/2014,20,562
23/09/2014,21,407
23/09/2014,22,330
23/09/2014,23,151
23/09/2015,0,81
23/09/2015,1,18
23/09/2015,2,12
23/09/2015,3,26
23/09/2015,4,38
23/09/2015,5,162
23/09/2015,6,370
23/09/2015,7,825
23/09/2015,8,974
23/09/2015,9,594
23/09/2015,10,467
23/09/2015,11,539
23/09/2015,12,716
23/09/2015,13,642
23/09/2015,14,581
23/09/2015,15,641
23/09/2015,16,901
23/09/2015,17,1365
23/09/2015,18,1327
23/09/2015,19,937
23/09/2015,20,588
23/09/2015,21,447
23/09/2015,22,354
23/09/2015,23,168
23/09/2016,0,80
23/09/2016,1,45
23/09/2016,2,23
23/09/2016,3,9
23/09/2016,4,20
23/09/2016,5,108
23/09/2016,6,343
23/09/2016,7,898
23/09/2016,8,1211
23/09/2016,9,601
23/09/2016,10,400
23/09/2016,11,522
23/09/2016,12,584
23/09/2016,13,596
23/09/2016,14,587
23/09/2016,15,684
23/09/2016,16,1053
23/09/2016,17,1826
23/09/2016,18,1346
23/09/2016,19,810
23/09/2016,20,548
23/09/2016,21,423
23/09/2016,22,334
23/09/2016,23,291
23/09/2017,0,176
23/09/2017,1,129
23/09/2017,2,88
23/09/2017,3,46
23/09/2017,4,19
23/09/2017,5,32
23/09/2017,6,80
23/09/2017,7,173
23/09/2017,8,400
23/09/2017,9,682
23/09/2017,10,885
23/09/2017,11,1006
23/09/2017,12,1140
23/09/2017,13,1078
23/09/2017,14,1067
23/09/2017,15,1079
23/09/2017,16,1030
23/09/2017,17,1023
23/09/2017,18,966
23/09/2017,19,822
23/09/2017,20,479
23/09/2017,21,428
23/09/2017,22,384
23/09/2017,23,272
23/10/2014,0,38
23/10/2014,1,17
23/10/2014,2,6
23/10/2014,3,4
23/10/2014,4,8
23/10/2014,5,69
23/10/2014,6,242
23/10/2014,7,634
23/10/2014,8,1076
23/10/2014,9,553
23/10/2014,10,310
23/10/2014,11,293
23/10/2014,12,370
23/10/2014,13,444
23/10/2014,14,360
23/10/2014,15,414
23/10/2014,16,654
23/10/2014,17,1192
23/10/2014,18,1122
23/10/2014,19,653
23/10/2014,20,488
23/10/2014,21,389
23/10/2014,22,251
23/10/2014,23,167
23/10/2015,0,86
23/10/2015,1,42
23/10/2015,2,21
23/10/2015,3,9
23/10/2015,4,6
23/10/2015,5,51
23/10/2015,6,226
23/10/2015,7,732
23/10/2015,8,1152
23/10/2015,9,585
23/10/2015,10,379
23/10/2015,11,436
23/10/2015,12,603
23/10/2015,13,617
23/10/2015,14,609
23/10/2015,15,698
23/10/2015,16,929
23/10/2015,17,1398
23/10/2015,18,1065
23/10/2015,19,618
23/10/2015,20,420
23/10/2015,21,311
23/10/2015,22,284
23/10/2015,23,193
23/10/2016,0,115
23/10/2016,1,61
23/10/2016,2,53
23/10/2016,3,30
23/10/2016,4,12
23/10/2016,5,5
23/10/2016,6,24
23/10/2016,7,77
23/10/2016,8,182
23/10/2016,9,417
23/10/2016,10,628
23/10/2016,11,771
23/10/2016,12,929
23/10/2016,13,948
23/10/2016,14,910
23/10/2016,15,919
23/10/2016,16,892
23/10/2016,17,861
23/10/2016,18,694
23/10/2016,19,375
23/10/2016,20,281
23/10/2016,21,208
23/10/2016,22,135
23/10/2016,23,78
23/10/2017,0,48
23/10/2017,1,23
23/10/2017,2,12
23/10/2017,3,15
23/10/2017,4,17
23/10/2017,5,99
23/10/2017,6,322
23/10/2017,7,814
23/10/2017,8,1137
23/10/2017,9,635
23/10/2017,10,408
23/10/2017,11,497
23/10/2017,12,613
23/10/2017,13,594
23/10/2017,14,586
23/10/2017,15,732
23/10/2017,16,1073
23/10/2017,17,1678
23/10/2017,18,1385
23/10/2017,19,778
23/10/2017,20,485
23/10/2017,21,342
23/10/2017,22,200
23/10/2017,23,109
23/11/2014,0,107
23/11/2014,1,78
23/11/2014,2,50
23/11/2014,3,24
23/11/2014,4,10
23/11/2014,5,7
23/11/2014,6,7
23/11/2014,7,36
23/11/2014,8,106
23/11/2014,9,213
23/11/2014,10,399
23/11/2014,11,496
23/11/2014,12,548
23/11/2014,13,556
23/11/2014,14,531
23/11/2014,15,540
23/11/2014,16,481
23/11/2014,17,417
23/11/2014,18,369
23/11/2014,19,257
23/11/2014,20,135
23/11/2014,21,99
23/11/2014,22,66
23/11/2014,23,28
23/11/2015,0,16
23/11/2015,1,9
23/11/2015,2,7
23/11/2015,3,4
23/11/2015,4,4
23/11/2015,5,72
23/11/2015,6,210
23/11/2015,7,553
23/11/2015,8,918
23/11/2015,9,445
23/11/2015,10,206
23/11/2015,11,183
23/11/2015,12,241
23/11/2015,13,222
23/11/2015,14,203
23/11/2015,15,273
23/11/2015,16,456
23/11/2015,17,864
23/11/2015,18,688
23/11/2015,19,428
23/11/2015,20,271
23/11/2015,21,181
23/11/2015,22,99
23/11/2015,23,48
23/11/2016,0,23
23/11/2016,1,11
23/11/2016,2,11
23/11/2016,3,3
23/11/2016,4,9
23/11/2016,5,56
23/11/2016,6,160
23/11/2016,7,438
23/11/2016,8,790
23/11/2016,9,452
23/11/2016,10,261
23/11/2016,11,333
23/11/2016,12,461
23/11/2016,13,533
23/11/2016,14,616
23/11/2016,15,696
23/11/2016,16,613
23/11/2016,17,452
23/11/2016,18,334
23/11/2016,19,243
23/11/2016,20,158
23/11/2016,21,109
23/11/2016,22,88
23/11/2016,23,53
23/11/2017,0,39
23/11/2017,1,23
23/11/2017,2,20
23/11/2017,3,11
23/11/2017,4,9
23/11/2017,5,11
23/11/2017,6,25
23/11/2017,7,81
23/11/2017,8,143
23/11/2017,9,182
23/11/2017,10,251
23/11/2017,11,347
23/11/2017,12,311
23/11/2017,13,321
23/11/2017,14,314
23/11/2017,15,339
23/11/2017,16,213
23/11/2017,17,131
23/11/2017,18,100
23/11/2017,19,75
23/11/2017,20,46
23/11/2017,21,30
23/11/2017,22,40
23/11/2017,23,45
23/12/2014,0,15
23/12/2014,1,3
23/12/2014,2,6
23/12/2014,3,3
23/12/2014,4,9
23/12/2014,5,30
23/12/2014,6,65
23/12/2014,7,215
23/12/2014,8,393
23/12/2014,9,284
23/12/2014,10,141
23/12/2014,11,179
23/12/2014,12,231
23/12/2014,13,227
23/12/2014,14,219
23/12/2014,15,211
23/12/2014,16,295
23/12/2014,17,405
23/12/2014,18,294
23/12/2014,19,175
23/12/2014,20,137
23/12/2014,21,89
23/12/2014,22,61
23/12/2014,23,33
23/12/2015,0,38
23/12/2015,1,32
23/12/2015,2,7
23/12/2015,3,2
23/12/2015,4,7
23/12/2015,5,46
23/12/2015,6,144
23/12/2015,7,295
23/12/2015,8,325
23/12/2015,9,122
23/12/2015,10,77
23/12/2015,11,77
23/12/2015,12,94
23/12/2015,13,72
23/12/2015,14,80
23/12/2015,15,95
23/12/2015,16,55
23/12/2015,17,131
23/12/2015,18,183
23/12/2015,19,89
23/12/2015,20,86
23/12/2015,21,85
23/12/2015,22,72
23/12/2015,23,49
23/12/2016,0,27
23/12/2016,1,18
23/12/2016,2,5
23/12/2016,3,4
23/12/2016,4,4
23/12/2016,5,35
23/12/2016,6,81
23/12/2016,7,196
23/12/2016,8,397
23/12/2016,9,277
23/12/2016,10,220
23/12/2016,11,242
23/12/2016,12,308
23/12/2016,13,371
23/12/2016,14,410
23/12/2016,15,397
23/12/2016,16,361
23/12/2016,17,277
23/12/2016,18,196
23/12/2016,19,112
23/12/2016,20,99
23/12/2016,21,82
23/12/2016,22,50
23/12/2016,23,40
23/12/2017,0,40
23/12/2017,1,34
23/12/2017,2,21
23/12/2017,3,13
23/12/2017,4,6
23/12/2017,5,7
23/12/2017,6,25
23/12/2017,7,60
23/12/2017,8,91
23/12/2017,9,200
23/12/2017,10,228
23/12/2017,11,266
23/12/2017,12,265
23/12/2017,13,254
23/12/2017,14,220
23/12/2017,15,135
23/12/2017,16,178
23/12/2017,17,94
23/12/2017,18,37
23/12/2017,19,62
23/12/2017,20,53
23/12/2017,21,55
23/12/2017,22,60
23/12/2017,23,60
24/01/2014,0,14
24/01/2014,1,3
24/01/2014,2,5
24/01/2014,3,2
24/01/2014,4,1
24/01/2014,5,21
24/01/2014,6,60
24/01/2014,7,141
24/01/2014,8,331
24/01/2014,9,206
24/01/2014,10,96
24/01/2014,11,104
24/01/2014,12,106
24/01/2014,13,113
24/01/2014,14,114
24/01/2014,15,131
24/01/2014,16,161
24/01/2014,17,331
24/01/2014,18,248
24/01/2014,19,164
24/01/2014,20,99
24/01/2014,21,79
24/01/2014,22,54
24/01/2014,23,39
24/01/2015,0,12
24/01/2015,1,7
24/01/2015,2,6
24/01/2015,3,7
24/01/2015,4,2
24/01/2015,5,2
24/01/2015,6,7
24/01/2015,7,31
24/01/2015,8,68
24/01/2015,9,151
24/01/2015,10,209
24/01/2015,11,245
24/01/2015,12,283
24/01/2015,13,271
24/01/2015,14,252
24/01/2015,15,322
24/01/2015,16,310
24/01/2015,17,318
24/01/2015,18,278
24/01/2015,19,216
24/01/2015,20,128
24/01/2015,21,140
24/01/2015,22,112
24/01/2015,23,95
24/01/2017,0,13
24/01/2017,1,10
24/01/2017,2,2
24/01/2017,4,5
24/01/2017,5,56
24/01/2017,6,223
24/01/2017,7,606
24/01/2017,8,951
24/01/2017,9,427
24/01/2017,10,218
24/01/2017,11,241
24/01/2017,12,253
24/01/2017,13,268
24/01/2017,14,224
24/01/2017,15,328
24/01/2017,16,560
24/01/2017,17,933
24/01/2017,18,835
24/01/2017,19,494
24/01/2017,20,333
24/01/2017,21,219
24/01/2017,22,132
24/01/2017,23,58
24/01/2018,0,26
24/01/2018,1,12
24/01/2018,2,7
24/01/2018,3,2
24/01/2018,4,11
24/01/2018,5,85
24/01/2018,6,306
24/01/2018,7,697
24/01/2018,8,1180
24/01/2018,9,478
24/01/2018,10,215
24/01/2018,11,239
24/01/2018,12,279
24/01/2018,13,273
24/01/2018,14,243
24/01/2018,15,349
24/01/2018,16,561
24/01/2018,17,988
24/01/2018,18,759
24/01/2018,19,442
24/01/2018,20,223
24/01/2018,21,176
24/01/2018,22,116
24/01/2018,23,61
24/02/2014,0,23
24/02/2014,1,8
24/02/2014,2,4
24/02/2014,3,5
24/02/2014,4,3
24/02/2014,5,37
24/02/2014,6,153
24/02/2014,7,418
24/02/2014,8,740
24/02/2014,9,324
24/02/2014,10,170
24/02/2014,11,174
24/02/2014,12,203
24/02/2014,13,203
24/02/2014,14,165
24/02/2014,15,212
24/02/2014,16,355
24/02/2014,17,642
24/02/2014,18,571
24/02/2014,19,370
24/02/2014,20,260
24/02/2014,21,168
24/02/2014,22,121
24/02/2014,23,67
24/02/2015,0,10
24/02/2015,1,4
24/02/2015,2,1
24/02/2015,3,1
24/02/2015,4,5
24/02/2015,5,21
24/02/2015,6,90
24/02/2015,7,313
24/02/2015,8,524
24/02/2015,9,269
24/02/2015,10,116
24/02/2015,11,121
24/02/2015,12,137
24/02/2015,13,131
24/02/2015,14,129
24/02/2015,15,137
24/02/2015,16,254
24/02/2015,17,452
24/02/2015,18,433
24/02/2015,19,278
24/02/2015,20,185
24/02/2015,21,150
24/02/2015,22,68
24/02/2015,23,42
24/02/2016,0,21
24/02/2016,1,7
24/02/2016,2,4
24/02/2016,3,1
24/02/2016,4,4
24/02/2016,5,51
24/02/2016,6,108
24/02/2016,7,284
24/02/2016,8,350
24/02/2016,9,252
24/02/2016,10,115
24/02/2016,11,99
24/02/2016,12,144
24/02/2016,13,123
24/02/2016,14,104
24/02/2016,15,71
24/02/2016,16,187
24/02/2016,17,527
24/02/2016,18,49
24/02/2016,19,198
24/02/2016,20,200
24/02/2016,21,189
24/02/2016,22,140
24/02/2016,23,51
24/02/2017,0,69
24/02/2017,1,44
24/02/2017,2,12
24/02/2017,3,7
24/02/2017,4,9
24/02/2017,5,78
24/02/2017,6,268
24/02/2017,7,799
24/02/2017,8,1239
24/02/2017,9,570
24/02/2017,10,396
24/02/2017,11,537
24/02/2017,12,717
24/02/2017,13,744
24/02/2017,14,764
24/02/2017,15,956
24/02/2017,16,1210
24/02/2017,17,1636
24/02/2017,18,1073
24/02/2017,19,625
24/02/2017,20,402
24/02/2017,21,339
24/02/2017,22,240
24/02/2017,23,225
24/02/2018,0,107
24/02/2018,1,90
24/02/2018,2,56
24/02/2018,3,19
24/02/2018,4,12
24/02/2018,5,15
24/02/2018,6,33
24/02/2018,7,103
24/02/2018,8,210
24/02/2018,9,354
24/02/2018,10,406
24/02/2018,11,546
24/02/2018,12,587
24/02/2018,13,557
24/02/2018,14,374
24/02/2018,15,380
24/02/2018,16,303
24/02/2018,17,313
24/02/2018,18,288
24/02/2018,19,268
24/02/2018,20,154
24/02/2018,21,109
24/02/2018,22,65
24/02/2018,23,58
24/03/2014,0,19
24/03/2014,1,10
24/03/2014,2,3
24/03/2014,3,1
24/03/2014,4,5
24/03/2014,5,39
24/03/2014,6,115
24/03/2014,7,326
24/03/2014,8,645
24/03/2014,9,370
24/03/2014,10,164
24/03/2014,11,144
24/03/2014,12,233
24/03/2014,13,196
24/03/2014,14,190
24/03/2014,15,199
24/03/2014,16,298
24/03/2014,17,677
24/03/2014,18,636
24/03/2014,19,454
24/03/2014,20,271
24/03/2014,21,200
24/03/2014,22,90
24/03/2014,23,56
24/03/2015,0,27
24/03/2015,1,4
24/03/2015,2,8
24/03/2015,3,3
24/03/2015,4,6
24/03/2015,5,60
24/03/2015,6,188
24/03/2015,7,527
24/03/2015,8,925
24/03/2015,9,465
24/03/2015,10,246
24/03/2015,11,255
24/03/2015,12,307
24/03/2015,13,319
24/03/2015,14,266
24/03/2015,15,350
24/03/2015,16,534
24/03/2015,17,963
24/03/2015,18,923
24/03/2015,19,549
24/03/2015,20,374
24/03/2015,21,212
24/03/2015,22,146
24/03/2015,23,72
24/03/2016,0,62
24/03/2016,1,21
24/03/2016,2,9
24/03/2016,3,6
24/03/2016,4,11
24/03/2016,5,83
24/03/2016,6,294
24/03/2016,7,778
24/03/2016,8,1297
24/03/2016,9,613
24/03/2016,10,410
24/03/2016,11,484
24/03/2016,12,654
24/03/2016,13,641
24/03/2016,14,612
24/03/2016,15,713
24/03/2016,16,984
24/03/2016,17,1686
24/03/2016,18,1482
24/03/2016,19,958
24/03/2016,20,625
24/03/2016,21,448
24/03/2016,22,298
24/03/2016,23,194
24/03/2017,0,37
24/03/2017,1,9
24/03/2017,2,7
24/03/2017,3,6
24/03/2017,4,6
24/03/2017,5,52
24/03/2017,6,208
24/03/2017,7,559
24/03/2017,8,956
24/03/2017,9,478
24/03/2017,10,90
24/03/2017,11,81
24/03/2017,12,313
24/03/2017,13,461
24/03/2017,14,464
24/03/2017,15,612
24/03/2017,16,838
24/03/2017,17,1268
24/03/2017,18,983
24/03/2017,19,630
24/03/2017,20,356
24/03/2017,21,270
24/03/2017,22,221
24/03/2017,23,181
24/03/2018,0,87
24/03/2018,1,55
24/03/2018,2,34
24/03/2018,3,15
24/03/2018,4,11
24/03/2018,5,20
24/03/2018,6,48
24/03/2018,7,95
24/03/2018,8,253
24/03/2018,9,463
24/03/2018,10,717
24/03/2018,11,889
24/03/2018,12,818
24/03/2018,13,937
24/03/2018,14,1188
24/03/2018,15,1158
24/03/2018,16,910
24/03/2018,17,743
24/03/2018,18,590
24/03/2018,19,412
24/03/2018,20,234
24/03/2018,21,170
24/03/2018,22,158
24/03/2018,23,141
24/04/2014,0,41
24/04/2014,1,14
24/04/2014,2,7
24/04/2014,3,1
24/04/2014,4,4
24/04/2014,5,47
24/04/2014,6,215
24/04/2014,7,578
24/04/2014,8,991
24/04/2014,9,485
24/04/2014,10,279
24/04/2014,11,315
24/04/2014,12,482
24/04/2014,13,443
24/04/2014,14,392
24/04/2014,15,482
24/04/2014,16,678
24/04/2014,17,1145
24/04/2014,18,1072
24/04/2014,19,765
24/04/2014,20,495
24/04/2014,21,380
24/04/2014,22,297
24/04/2014,23,196
24/04/2015,0,57
24/04/2015,1,28
24/04/2015,2,11
24/04/2015,3,1
24/04/2015,4,6
24/04/2015,5,55
24/04/2015,6,206
24/04/2015,7,539
24/04/2015,8,1020
24/04/2015,9,580
24/04/2015,10,333
24/04/2015,11,425
24/04/2015,12,554
24/04/2015,13,582
24/04/2015,14,567
24/04/2015,15,625
24/04/2015,16,834
24/04/2015,17,1288
24/04/2015,18,970
24/04/2015,19,644
24/04/2015,20,399
24/04/2015,21,251
24/04/2015,22,216
24/04/2015,23,185
24/04/2016,0,132
24/04/2016,1,73
24/04/2016,2,46
24/04/2016,3,30
24/04/2016,4,7
24/04/2016,5,13
24/04/2016,6,25
24/04/2016,7,99
24/04/2016,8,195
24/04/2016,9,435
24/04/2016,10,796
24/04/2016,11,1011
24/04/2016,12,1167
24/04/2016,13,1113
24/04/2016,14,1170
24/04/2016,15,1066
24/04/2016,16,1113
24/04/2016,17,974
24/04/2016,18,880
24/04/2016,19,624
24/04/2016,20,440
24/04/2016,21,238
24/04/2016,22,206
24/04/2016,23,95
24/04/2017,0,31
24/04/2017,1,16
24/04/2017,2,3
24/04/2017,3,6
24/04/2017,4,4
24/04/2017,5,73
24/04/2017,6,223
24/04/2017,7,591
24/04/2017,8,768
24/04/2017,9,243
24/04/2017,10,213
24/04/2017,11,274
24/04/2017,12,262
24/04/2017,13,190
24/04/2017,14,102
24/04/2017,15,153
24/04/2017,16,252
24/04/2017,17,643
24/04/2017,18,672
24/04/2017,19,395
24/04/2017,20,237
24/04/2017,21,150
24/04/2017,22,130
24/04/2017,23,53
24/04/2018,0,42
24/04/2018,1,20
24/04/2018,2,6
24/04/2018,3,2
24/04/2018,4,23
24/04/2018,5,110
24/04/2018,6,320
24/04/2018,7,861
24/04/2018,8,1360
24/04/2018,9,616
24/04/2018,10,306
24/04/2018,11,352
24/04/2018,12,402
24/04/2018,13,397
24/04/2018,14,324
24/04/2018,15,231
24/04/2018,16,256
24/04/2018,17,493
24/04/2018,18,411
24/04/2018,19,222
24/04/2018,20,145
24/04/2018,21,103
24/04/2018,22,44
24/04/2018,23,31
24/05/2014,0,117
24/05/2014,1,79
24/05/2014,2,41
24/05/2014,3,27
24/05/2014,4,12
24/05/2014,5,16
24/05/2014,6,45
24/05/2014,7,103
24/05/2014,8,216
24/05/2014,9,423
24/05/2014,10,548
24/05/2014,11,746
24/05/2014,12,913
24/05/2014,13,923
24/05/2014,14,941
24/05/2014,15,926
24/05/2014,16,851
24/05/2014,17,825
24/05/2014,18,799
24/05/2014,19,630
24/05/2014,20,504
24/05/2014,21,342
24/05/2014,22,299
24/05/2014,23,199
24/05/2015,0,162
24/05/2015,1,120
24/05/2015,2,57
24/05/2015,3,35
24/05/2015,4,16
24/05/2015,5,20
24/05/2015,6,28
24/05/2015,7,108
24/05/2015,8,226
24/05/2015,9,512
24/05/2015,10,773
24/05/2015,11,1025
24/05/2015,12,1161
24/05/2015,13,1106
24/05/2015,14,1092
24/05/2015,15,1117
24/05/2015,16,1296
24/05/2015,17,1062
24/05/2015,18,985
24/05/2015,19,853
24/05/2015,20,670
24/05/2015,21,520
24/05/2015,22,375
24/05/2015,23,260
24/05/2016,0,27
24/05/2016,1,11
24/05/2016,2,14
24/05/2016,3,7
24/05/2016,4,9
24/05/2016,5,83
24/05/2016,6,329
24/05/2016,7,970
24/05/2016,8,1465
24/05/2016,9,575
24/05/2016,10,327
24/05/2016,11,437
24/05/2016,12,577
24/05/2016,13,552
24/05/2016,14,543
24/05/2016,15,555
24/05/2016,16,862
24/05/2016,17,1698
24/05/2016,18,1489
24/05/2016,19,951
24/05/2016,20,712
24/05/2016,21,474
24/05/2016,22,405
24/05/2016,23,163
24/05/2017,0,53
24/05/2017,1,23
24/05/2017,2,5
24/05/2017,3,2
24/05/2017,4,14
24/05/2017,5,81
24/05/2017,6,353
24/05/2017,7,838
24/05/2017,8,1272
24/05/2017,9,582
24/05/2017,10,381
24/05/2017,11,464
24/05/2017,12,567
24/05/2017,13,575
24/05/2017,14,492
24/05/2017,15,581
24/05/2017,16,877
24/05/2017,17,1601
24/05/2017,18,1219
24/05/2017,19,738
24/05/2017,20,512
24/05/2017,21,417
24/05/2017,22,250
24/05/2017,23,45
24/06/2014,0,59
24/06/2014,1,26
24/06/2014,2,9
24/06/2014,3,2
24/06/2014,4,19
24/06/2014,5,83
24/06/2014,6,313
24/06/2014,7,824
24/06/2014,8,1097
24/06/2014,9,577
24/06/2014,10,278
24/06/2014,11,362
24/06/2014,12,403
24/06/2014,13,416
24/06/2014,14,414
24/06/2014,15,456
24/06/2014,16,652
24/06/2014,17,1262
24/06/2014,18,1278
24/06/2014,19,934
24/06/2014,20,699
24/06/2014,21,530
24/06/2014,22,308
24/06/2014,23,168
24/06/2015,0,60
24/06/2015,1,21
24/06/2015,2,18
24/06/2015,3,5
24/06/2015,4,12
24/06/2015,5,103
24/06/2015,6,366
24/06/2015,7,938
24/06/2015,8,1146
24/06/2015,9,488
24/06/2015,10,326
24/06/2015,11,412
24/06/2015,12,520
24/06/2015,13,476
24/06/2015,14,464
24/06/2015,15,492
24/06/2015,16,772
24/06/2015,17,1558
24/06/2015,18,1430
24/06/2015,19,1018
24/06/2015,20,792
24/06/2015,21,525
24/06/2015,22,435
24/06/2015,23,213
24/06/2016,0,96
24/06/2016,1,38
24/06/2016,2,25
24/06/2016,3,8
24/06/2016,4,17
24/06/2016,5,98
24/06/2016,6,299
24/06/2016,7,847
24/06/2016,8,1199
24/06/2016,9,645
24/06/2016,10,440
24/06/2016,11,513
24/06/2016,12,669
24/06/2016,13,624
24/06/2016,14,594
24/06/2016,15,647
24/06/2016,16,992
24/06/2016,17,1426
24/06/2016,18,1138
24/06/2016,19,659
24/06/2016,20,502
24/06/2016,21,382
24/06/2016,22,302
24/06/2016,23,245
24/06/2017,0,222
24/06/2017,1,126
24/06/2017,2,42
24/06/2017,3,26
24/06/2017,4,9
24/06/2017,5,26
24/06/2017,6,70
24/06/2017,7,196
24/06/2017,8,452
24/06/2017,9,718
24/06/2017,10,878
24/06/2017,11,1005
24/06/2017,12,1073
24/06/2017,13,1102
24/06/2017,14,1170
24/06/2017,15,1181
24/06/2017,16,997
24/06/2017,17,1067
24/06/2017,18,911
24/06/2017,19,856
24/06/2017,20,800
24/06/2017,21,600
24/06/2017,22,430
24/06/2017,23,364
24/07/2014,0,49
24/07/2014,1,27
24/07/2014,2,16
24/07/2014,3,7
24/07/2014,4,11
24/07/2014,5,54
24/07/2014,6,250
24/07/2014,7,635
24/07/2014,8,1037
24/07/2014,9,528
24/07/2014,10,292
24/07/2014,11,343
24/07/2014,12,394
24/07/2014,13,428
24/07/2014,14,420
24/07/2014,15,491
24/07/2014,16,630
24/07/2014,17,1221
24/07/2014,18,1190
24/07/2014,19,872
24/07/2014,20,715
24/07/2014,21,509
24/07/2014,22,364
24/07/2014,23,207
24/07/2015,0,95
24/07/2015,1,68
24/07/2015,2,29
24/07/2015,3,8
24/07/2015,4,11
24/07/2015,5,92
24/07/2015,6,292
24/07/2015,7,797
24/07/2015,8,1201
24/07/2015,9,644
24/07/2015,10,472
24/07/2015,11,533
24/07/2015,12,616
24/07/2015,13,634
24/07/2015,14,596
24/07/2015,15,708
24/07/2015,16,1017
24/07/2015,17,1529
24/07/2015,18,1251
24/07/2015,19,847
24/07/2015,20,722
24/07/2015,21,465
24/07/2015,22,415
24/07/2015,23,297
24/07/2016,0,170
24/07/2016,1,130
24/07/2016,2,87
24/07/2016,3,66
24/07/2016,4,14
24/07/2016,5,24
24/07/2016,6,57
24/07/2016,7,126
24/07/2016,8,275
24/07/2016,9,461
24/07/2016,10,666
24/07/2016,11,713
24/07/2016,12,741
24/07/2016,13,762
24/07/2016,14,728
24/07/2016,15,734
24/07/2016,16,652
24/07/2016,17,633
24/07/2016,18,713
24/07/2016,19,626
24/07/2016,20,507
24/07/2016,21,339
24/07/2016,22,270
24/07/2016,23,121
24/07/2017,0,34
24/07/2017,1,21
24/07/2017,2,17
24/07/2017,3,3
24/07/2017,4,16
24/07/2017,5,103
24/07/2017,6,340
24/07/2017,7,817
24/07/2017,8,1103
24/07/2017,9,601
24/07/2017,10,414
24/07/2017,11,458
24/07/2017,12,541
24/07/2017,13,516
24/07/2017,14,561
24/07/2017,15,620
24/07/2017,16,995
24/07/2017,17,1478
24/07/2017,18,1282
24/07/2017,19,970
24/07/2017,20,725
24/07/2017,21,470
24/07/2017,22,296
24/07/2017,23,138
24/08/2014,0,178
24/08/2014,1,130
24/08/2014,2,130
24/08/2014,3,43
24/08/2014,4,20
24/08/2014,5,8
24/08/2014,6,28
24/08/2014,7,103
24/08/2014,8,187
24/08/2014,9,413
24/08/2014,10,617
24/08/2014,11,854
24/08/2014,12,1003
24/08/2014,13,1021
24/08/2014,14,893
24/08/2014,15,911
24/08/2014,16,815
24/08/2014,17,905
24/08/2014,18,832
24/08/2014,19,665
24/08/2014,20,430
24/08/2014,21,288
24/08/2014,22,214
24/08/2014,23,104
24/08/2015,0,32
24/08/2015,1,13
24/08/2015,2,8
24/08/2015,3,5
24/08/2015,4,7
24/08/2015,5,95
24/08/2015,6,283
24/08/2015,7,847
24/08/2015,8,1091
24/08/2015,9,556
24/08/2015,10,358
24/08/2015,11,389
24/08/2015,12,439
24/08/2015,13,478
24/08/2015,14,419
24/08/2015,15,467
24/08/2015,16,778
24/08/2015,17,1499
24/08/2015,18,1225
24/08/2015,19,557
24/08/2015,20,199
24/08/2015,21,267
24/08/2015,22,167
24/08/2015,23,104
24/08/2016,0,62
24/08/2016,1,31
24/08/2016,2,13
24/08/2016,3,9
24/08/2016,4,9
24/08/2016,5,128
24/08/2016,6,423
24/08/2016,7,1006
24/08/2016,8,1231
24/08/2016,9,578
24/08/2016,10,401
24/08/2016,11,374
24/08/2016,12,597
24/08/2016,13,494
24/08/2016,14,491
24/08/2016,15,529
24/08/2016,16,850
24/08/2016,17,1638
24/08/2016,18,1367
24/08/2016,19,984
24/08/2016,20,576
24/08/2016,21,455
24/08/2016,22,342
24/08/2016,23,165
24/08/2017,0,72
24/08/2017,1,31
24/08/2017,2,16
24/08/2017,3,12
24/08/2017,4,20
24/08/2017,5,89
24/08/2017,6,360
24/08/2017,7,904
24/08/2017,8,1289
24/08/2017,9,626
24/08/2017,10,429
24/08/2017,11,548
24/08/2017,12,706
24/08/2017,13,656
24/08/2017,14,666
24/08/2017,15,695
24/08/2017,16,1018
24/08/2017,17,1733
24/08/2017,18,1460
24/08/2017,19,1030
24/08/2017,20,756
24/08/2017,21,497
24/08/2017,22,331
24/08/2017,23,190
24/09/2014,0,54
24/09/2014,1,12
24/09/2014,2,11
24/09/2014,3,5
24/09/2014,4,9
24/09/2014,5,79
24/09/2014,6,305
24/09/2014,7,868
24/09/2014,8,1244
24/09/2014,9,523
24/09/2014,10,351
24/09/2014,11,422
24/09/2014,12,501
24/09/2014,13,455
24/09/2014,14,406
24/09/2014,15,508
24/09/2014,16,719
24/09/2014,17,1139
24/09/2014,18,530
24/09/2014,19,346
24/09/2014,20,298
24/09/2014,21,259
24/09/2014,22,162
24/09/2014,23,103
24/09/2015,0,57
24/09/2015,1,25
24/09/2015,2,6
24/09/2015,3,17
24/09/2015,4,33
24/09/2015,5,116
24/09/2015,6,345
24/09/2015,7,842
24/09/2015,8,1022
24/09/2015,9,540
24/09/2015,10,441
24/09/2015,11,560
24/09/2015,12,673
24/09/2015,13,626
24/09/2015,14,555
24/09/2015,15,635
24/09/2015,16,806
24/09/2015,17,1355
24/09/2015,18,1378
24/09/2015,19,963
24/09/2015,20,566
24/09/2015,21,439
24/09/2015,22,308
24/09/2015,23,206
24/09/2016,0,194
24/09/2016,1,103
24/09/2016,2,61
24/09/2016,3,37
24/09/2016,4,12
24/09/2016,5,22
24/09/2016,6,55
24/09/2016,7,192
24/09/2016,8,406
24/09/2016,9,701
24/09/2016,10,866
24/09/2016,11,956
24/09/2016,12,1060
24/09/2016,13,1093
24/09/2016,14,1018
24/09/2016,15,1064
24/09/2016,16,997
24/09/2016,17,1011
24/09/2016,18,962
24/09/2016,19,647
24/09/2016,20,525
24/09/2016,21,443
24/09/2016,22,398
24/09/2016,23,283
24/09/2017,0,269
24/09/2017,1,176
24/09/2017,2,122
24/09/2017,3,60
24/09/2017,4,22
24/09/2017,5,13
24/09/2017,6,53
24/09/2017,7,125
24/09/2017,8,301
24/09/2017,9,591
24/09/2017,10,830
24/09/2017,11,911
24/09/2017,12,1132
24/09/2017,13,969
24/09/2017,14,1006
24/09/2017,15,909
24/09/2017,16,1038
24/09/2017,17,899
24/09/2017,18,833
24/09/2017,19,665
24/09/2017,20,422
24/09/2017,21,332
24/09/2017,22,185
24/09/2017,23,110
24/10/2014,0,73
24/10/2014,1,32
24/10/2014,2,25
24/10/2014,3,11
24/10/2014,4,11
24/10/2014,5,44
24/10/2014,6,231
24/10/2014,7,620
24/10/2014,8,1036
24/10/2014,9,605
24/10/2014,10,356
24/10/2014,11,446
24/10/2014,12,543
24/10/2014,13,552
24/10/2014,14,541
24/10/2014,15,601
24/10/2014,16,811
24/10/2014,17,1253
24/10/2014,18,984
24/10/2014,19,586
24/10/2014,20,371
24/10/2014,21,293
24/10/2014,22,252
24/10/2014,23,176
24/10/2015,0,117
24/10/2015,1,93
24/10/2015,2,63
24/10/2015,3,28
24/10/2015,4,7
24/10/2015,5,11
24/10/2015,6,40
24/10/2015,7,110
24/10/2015,8,305
24/10/2015,9,428
24/10/2015,10,622
24/10/2015,11,755
24/10/2015,12,884
24/10/2015,13,833
24/10/2015,14,866
24/10/2015,15,867
24/10/2015,16,848
24/10/2015,17,774
24/10/2015,18,620
24/10/2015,19,440
24/10/2015,20,293
24/10/2015,21,263
24/10/2015,22,268
24/10/2015,23,195
24/10/2016,0,34
24/10/2016,1,19
24/10/2016,2,13
24/10/2016,3,3
24/10/2016,4,10
24/10/2016,5,87
24/10/2016,6,289
24/10/2016,7,817
24/10/2016,8,1021
24/10/2016,9,524
24/10/2016,10,366
24/10/2016,11,416
24/10/2016,12,462
24/10/2016,13,491
24/10/2016,14,457
24/10/2016,15,569
24/10/2016,16,882
24/10/2016,17,1594
24/10/2016,18,1205
24/10/2016,19,670
24/10/2016,20,396
24/10/2016,21,241
24/10/2016,22,156
24/10/2016,23,78
24/10/2017,0,38
24/10/2017,1,20
24/10/2017,2,11
24/10/2017,3,2
24/10/2017,4,16
24/10/2017,5,100
24/10/2017,6,372
24/10/2017,7,945
24/10/2017,8,1426
24/10/2017,9,682
24/10/2017,10,362
24/10/2017,11,472
24/10/2017,12,614
24/10/2017,13,563
24/10/2017,14,581
24/10/2017,15,667
24/10/2017,16,1048
24/10/2017,17,1731
24/10/2017,18,1397
24/10/2017,19,770
24/10/2017,20,463
24/10/2017,21,446
24/10/2017,22,301
24/10/2017,23,122
24/11/2014,0,10
24/11/2014,1,2
24/11/2014,2,6
24/11/2014,3,3
24/11/2014,4,4
24/11/2014,5,58
24/11/2014,6,196
24/11/2014,7,599
24/11/2014,8,1014
24/11/2014,9,481
24/11/2014,10,275
24/11/2014,11,255
24/11/2014,12,410
24/11/2014,13,400
24/11/2014,14,464
24/11/2014,15,485
24/11/2014,16,631
24/11/2014,17,1186
24/11/2014,18,910
24/11/2014,19,646
24/11/2014,20,428
24/11/2014,21,318
24/11/2014,22,245
24/11/2014,23,116
24/11/2015,0,36
24/11/2015,1,5
24/11/2015,2,5
24/11/2015,4,7
24/11/2015,5,56
24/11/2015,6,226
24/11/2015,7,583
24/11/2015,8,959
24/11/2015,9,421
24/11/2015,10,222
24/11/2015,11,262
24/11/2015,12,376
24/11/2015,13,368
24/11/2015,14,315
24/11/2015,15,386
24/11/2015,16,555
24/11/2015,17,949
24/11/2015,18,722
24/11/2015,19,422
24/11/2015,20,266
24/11/2015,21,178
24/11/2015,22,119
24/11/2015,23,62
24/11/2016,0,34
24/11/2016,1,27
24/11/2016,2,30
24/11/2016,3,11
24/11/2016,4,5
24/11/2016,5,14
24/11/2016,6,22
24/11/2016,7,76
24/11/2016,8,110
24/11/2016,9,166
24/11/2016,10,250
24/11/2016,11,376
24/11/2016,12,330
24/11/2016,13,349
24/11/2016,14,316
24/11/2016,15,268
24/11/2016,16,260
24/11/2016,17,174
24/11/2016,18,109
24/11/2016,19,97
24/11/2016,20,93
24/11/2016,21,79
24/11/2016,22,63
24/11/2016,23,69
24/11/2017,0,28
24/11/2017,1,12
24/11/2017,2,6
24/11/2017,3,2
24/11/2017,4,4
24/11/2017,5,9
24/11/2017,6,56
24/11/2017,7,111
24/11/2017,8,144
24/11/2017,9,214
24/11/2017,10,269
24/11/2017,11,379
24/11/2017,12,442
24/11/2017,13,547
24/11/2017,14,652
24/11/2017,15,611
24/11/2017,16,582
24/11/2017,17,441
24/11/2017,18,238
24/11/2017,19,220
24/11/2017,20,129
24/11/2017,21,115
24/11/2017,22,92
24/11/2017,23,80
24/12/2014,0,4
24/12/2014,1,3
24/12/2014,2,4
24/12/2014,3,2
24/12/2014,4,1
24/12/2014,5,13
24/12/2014,6,39
24/12/2014,7,66
24/12/2014,8,52
24/12/2014,9,52
24/12/2014,10,43
24/12/2014,11,64
24/12/2014,12,55
24/12/2014,13,58
24/12/2014,14,113
24/12/2014,15,137
24/12/2014,16,137
24/12/2014,17,96
24/12/2014,18,73
24/12/2014,19,54
24/12/2014,20,56
24/12/2014,21,34
24/12/2014,22,33
24/12/2014,23,23
24/12/2015,0,22
24/12/2015,1,19
24/12/2015,2,22
24/12/2015,3,6
24/12/2015,4,3
24/12/2015,5,14
24/12/2015,6,32
24/12/2015,7,60
24/12/2015,8,105
24/12/2015,9,147
24/12/2015,10,138
24/12/2015,11,207
24/12/2015,12,293
24/12/2015,13,297
24/12/2015,14,258
24/12/2015,15,298
24/12/2015,16,251
24/12/2015,17,158
24/12/2015,18,125
24/12/2015,19,92
24/12/2015,20,79
24/12/2015,21,62
24/12/2015,22,59
24/12/2015,23,49
24/12/2016,0,28
24/12/2016,1,21
24/12/2016,2,13
24/12/2016,3,9
24/12/2016,4,9
24/12/2016,5,1
24/12/2016,6,2
24/12/2016,7,10
24/12/2016,8,16
24/12/2016,9,28
24/12/2016,10,44
24/12/2016,11,83
24/12/2016,12,128
24/12/2016,13,158
24/12/2016,14,158
24/12/2016,15,138
24/12/2016,16,134
24/12/2016,17,117
24/12/2016,18,79
24/12/2016,19,70
24/12/2016,20,29
24/12/2016,21,38
24/12/2016,22,39
24/12/2016,23,20
24/12/2017,0,29
24/12/2017,1,24
24/12/2017,2,21
24/12/2017,3,12
24/12/2017,4,13
24/12/2017,5,4
24/12/2017,6,16
24/12/2017,7,24
24/12/2017,8,83
24/12/2017,9,122
24/12/2017,10,182
24/12/2017,11,205
24/12/2017,12,206
24/12/2017,13,190
24/12/2017,14,177
24/12/2017,15,177
24/12/2017,16,158
24/12/2017,17,99
24/12/2017,18,77
24/12/2017,19,65
24/12/2017,20,50
24/12/2017,21,38
24/12/2017,22,30
24/12/2017,23,39
25/01/2014,0,34
25/01/2014,1,40
25/01/2014,2,29
25/01/2014,3,7
25/01/2014,4,2
25/01/2014,5,3
25/01/2014,6,11
25/01/2014,7,24
25/01/2014,8,75
25/01/2014,9,76
25/01/2014,10,141
25/01/2014,11,172
25/01/2014,12,161
25/01/2014,13,182
25/01/2014,14,169
25/01/2014,15,182
25/01/2014,16,190
25/01/2014,17,186
25/01/2014,18,139
25/01/2014,19,131
25/01/2014,20,89
25/01/2014,21,72
25/01/2014,22,75
25/01/2014,23,69
25/01/2015,0,55
25/01/2015,1,78
25/01/2015,2,59
25/01/2015,3,22
25/01/2015,4,9
25/01/2015,5,1
25/01/2015,6,12
25/01/2015,7,33
25/01/2015,8,85
25/01/2015,9,175
25/01/2015,10,359
25/01/2015,11,442
25/01/2015,12,521
25/01/2015,13,531
25/01/2015,14,485
25/01/2015,15,534
25/01/2015,16,476
25/01/2015,17,350
25/01/2015,18,300
25/01/2015,19,224
25/01/2015,20,150
25/01/2015,21,118
25/01/2015,22,99
25/01/2015,23,41
25/01/2017,0,17
25/01/2017,1,7
25/01/2017,2,5
25/01/2017,4,9
25/01/2017,5,85
25/01/2017,6,261
25/01/2017,7,737
25/01/2017,8,1083
25/01/2017,9,444
25/01/2017,10,194
25/01/2017,11,273
25/01/2017,12,342
25/01/2017,13,357
25/01/2017,14,363
25/01/2017,15,486
25/01/2017,16,699
25/01/2017,17,1231
25/01/2017,18,949
25/01/2017,19,598
25/01/2017,20,353
25/01/2017,21,270
25/01/2017,22,176
25/01/2017,23,84
25/01/2018,0,22
25/01/2018,1,2
25/01/2018,2,3
25/01/2018,3,6
25/01/2018,4,13
25/01/2018,5,64
25/01/2018,6,239
25/01/2018,7,584
25/01/2018,8,978
25/01/2018,9,434
25/01/2018,10,199
25/01/2018,11,223
25/01/2018,12,261
25/01/2018,13,240
25/01/2018,14,229
25/01/2018,15,350
25/01/2018,16,529
25/01/2018,17,923
25/01/2018,18,702
25/01/2018,19,418
25/01/2018,20,264
25/01/2018,21,207
25/01/2018,22,134
25/01/2018,23,72
25/02/2014,0,17
25/02/2014,1,6
25/02/2014,2,5
25/02/2014,3,2
25/02/2014,4,5
25/02/2014,5,33
25/02/2014,6,170
25/02/2014,7,402
25/02/2014,8,713
25/02/2014,9,220
25/02/2014,10,57
25/02/2014,11,46
25/02/2014,12,62
25/02/2014,13,103
25/02/2014,14,98
25/02/2014,15,185
25/02/2014,16,269
25/02/2014,17,596
25/02/2014,18,560
25/02/2014,19,398
25/02/2014,20,245
25/02/2014,21,213
25/02/2014,22,107
25/02/2014,23,49
25/02/2015,0,17
25/02/2015,1,8
25/02/2015,2,2
25/02/2015,3,1
25/02/2015,4,3
25/02/2015,5,35
25/02/2015,6,121
25/02/2015,7,363
25/02/2015,8,659
25/02/2015,9,344
25/02/2015,10,130
25/02/2015,11,149
25/02/2015,12,202
25/02/2015,13,171
25/02/2015,14,162
25/02/2015,15,189
25/02/2015,16,308
25/02/2015,17,621
25/02/2015,18,578
25/02/2015,19,338
25/02/2015,20,220
25/02/2015,21,130
25/02/2015,22,124
25/02/2015,23,75
25/02/2016,0,25
25/02/2016,1,14
25/02/2016,2,1
25/02/2016,3,2
25/02/2016,4,3
25/02/2016,5,51
25/02/2016,6,202
25/02/2016,7,528
25/02/2016,8,979
25/02/2016,9,425
25/02/2016,10,184
25/02/2016,11,211
25/02/2016,12,195
25/02/2016,13,240
25/02/2016,14,203
25/02/2016,15,236
25/02/2016,16,351
25/02/2016,17,794
25/02/2016,18,653
25/02/2016,19,378
25/02/2016,20,267
25/02/2016,21,188
25/02/2016,22,132
25/02/2016,23,68
25/02/2017,0,131
25/02/2017,1,98
25/02/2017,2,58
25/02/2017,3,36
25/02/2017,4,11
25/02/2017,5,25
25/02/2017,6,38
25/02/2017,7,123
25/02/2017,8,315
25/02/2017,9,587
25/02/2017,10,782
25/02/2017,11,1001
25/02/2017,12,1014
25/02/2017,13,925
25/02/2017,14,562
25/02/2017,15,303
25/02/2017,16,444
25/02/2017,17,454
25/02/2017,18,373
25/02/2017,19,278
25/02/2017,20,223
25/02/2017,21,165
25/02/2017,22,123
25/02/2017,23,105
25/02/2018,0,59
25/02/2018,1,47
25/02/2018,2,57
25/02/2018,3,39
25/02/2018,4,11
25/02/2018,5,16
25/02/2018,6,20
25/02/2018,7,53
25/02/2018,8,54
25/02/2018,9,113
25/02/2018,10,189
25/02/2018,11,224
25/02/2018,12,287
25/02/2018,13,355
25/02/2018,14,412
25/02/2018,15,490
25/02/2018,16,510
25/02/2018,17,452
25/02/2018,18,352
25/02/2018,19,247
25/02/2018,20,162
25/02/2018,21,169
25/02/2018,22,133
25/02/2018,23,103
25/03/2014,0,27
25/03/2014,1,9
25/03/2014,2,4
25/03/2014,3,3
25/03/2014,4,7
25/03/2014,5,33
25/03/2014,6,130
25/03/2014,7,395
25/03/2014,8,430
25/03/2014,9,186
25/03/2014,10,76
25/03/2014,11,49
25/03/2014,12,48
25/03/2014,13,54
25/03/2014,14,53
25/03/2014,15,92
25/03/2014,16,187
25/03/2014,17,376
25/03/2014,18,289
25/03/2014,19,207
25/03/2014,20,159
25/03/2014,21,123
25/03/2014,22,101
25/03/2014,23,54
25/03/2015,0,22
25/03/2015,1,6
25/03/2015,2,5
25/03/2015,3,4
25/03/2015,4,4
25/03/2015,5,40
25/03/2015,6,186
25/03/2015,7,524
25/03/2015,8,866
25/03/2015,9,443
25/03/2015,10,132
25/03/2015,11,189
25/03/2015,12,248
25/03/2015,13,282
25/03/2015,14,279
25/03/2015,15,303
25/03/2015,16,501
25/03/2015,17,1006
25/03/2015,18,880
25/03/2015,19,541
25/03/2015,20,375
25/03/2015,21,303
25/03/2015,22,182
25/03/2015,23,102
25/03/2016,0,108
25/03/2016,1,34
25/03/2016,2,18
25/03/2016,3,9
25/03/2016,4,6
25/03/2016,5,69
25/03/2016,6,228
25/03/2016,7,629
25/03/2016,8,1135
25/03/2016,9,684
25/03/2016,10,459
25/03/2016,11,360
25/03/2016,12,536
25/03/2016,13,674
25/03/2016,14,829
25/03/2016,15,892
25/03/2016,16,1181
25/03/2016,17,1448
25/03/2016,18,1153
25/03/2016,19,755
25/03/2016,20,438
25/03/2016,21,282
25/03/2016,22,191
25/03/2016,23,94
25/03/2017,0,135
25/03/2017,1,97
25/03/2017,2,60
25/03/2017,3,33
25/03/2017,4,15
25/03/2017,5,16
25/03/2017,6,49
25/03/2017,7,126
25/03/2017,8,311
25/03/2017,9,622
25/03/2017,10,905
25/03/2017,11,1306
25/03/2017,12,1499
25/03/2017,13,1616
25/03/2017,14,1557
25/03/2017,15,1625
25/03/2017,16,1467
25/03/2017,17,1336
25/03/2017,18,1089
25/03/2017,19,761
25/03/2017,20,531
25/03/2017,21,396
25/03/2017,22,365
25/03/2017,23,274
25/03/2018,0,98
25/03/2018,1,68
25/03/2018,2,65
25/03/2018,3,35
25/03/2018,4,6
25/03/2018,5,9
25/03/2018,6,18
25/03/2018,7,56
25/03/2018,8,137
25/03/2018,9,266
25/03/2018,10,446
25/03/2018,11,537
25/03/2018,12,601
25/03/2018,13,661
25/03/2018,14,682
25/03/2018,15,730
25/03/2018,16,655
25/03/2018,17,560
25/03/2018,18,421
25/03/2018,19,313
25/03/2018,20,202
25/03/2018,21,136
25/03/2018,22,97
25/03/2018,23,48
25/04/2014,0,104
25/04/2014,1,29
25/04/2014,2,18
25/04/2014,3,8
25/04/2014,4,5
25/04/2014,5,49
25/04/2014,6,179
25/04/2014,7,555
25/04/2014,8,1017
25/04/2014,9,501
25/04/2014,10,334
25/04/2014,11,413
25/04/2014,12,523
25/04/2014,13,519
25/04/2014,14,508
25/04/2014,15,594
25/04/2014,16,658
25/04/2014,17,165
25/04/2014,18,144
25/04/2014,19,334
25/04/2014,20,281
25/04/2014,21,209
25/04/2014,22,248
25/04/2014,23,179
25/04/2015,0,113
25/04/2015,1,68
25/04/2015,2,48
25/04/2015,3,8
25/04/2015,4,9
25/04/2015,5,17
25/04/2015,6,53
25/04/2015,7,115
25/04/2015,8,272
25/04/2015,9,456
25/04/2015,10,571
25/04/2015,11,734
25/04/2015,12,748
25/04/2015,13,821
25/04/2015,14,737
25/04/2015,15,800
25/04/2015,16,658
25/04/2015,17,494
25/04/2015,18,176
25/04/2015,19,121
25/04/2015,20,71
25/04/2015,21,41
25/04/2015,22,29
25/04/2015,23,32
25/04/2016,0,50
25/04/2016,1,27
25/04/2016,2,10
25/04/2016,3,2
25/04/2016,4,5
25/04/2016,5,80
25/04/2016,6,267
25/04/2016,7,791
25/04/2016,8,1178
25/04/2016,9,501
25/04/2016,10,383
25/04/2016,11,455
25/04/2016,12,519
25/04/2016,13,480
25/04/2016,14,458
25/04/2016,15,571
25/04/2016,16,846
25/04/2016,17,1582
25/04/2016,18,1325
25/04/2016,19,868
25/04/2016,20,616
25/04/2016,21,399
25/04/2016,22,194
25/04/2016,23,87
25/04/2017,0,18
25/04/2017,1,13
25/04/2017,2,6
25/04/2017,3,2
25/04/2017,4,9
25/04/2017,5,72
25/04/2017,6,297
25/04/2017,7,623
25/04/2017,8,945
25/04/2017,9,496
25/04/2017,10,214
25/04/2017,11,134
25/04/2017,12,178
25/04/2017,13,128
25/04/2017,14,151
25/04/2017,15,276
25/04/2017,16,555
25/04/2017,17,1151
25/04/2017,18,1044
25/04/2017,19,663
25/04/2017,20,405
25/04/2017,21,312
25/04/2017,22,188
25/04/2017,23,86
25/04/2018,0,13
25/04/2018,1,10
25/04/2018,2,1
25/04/2018,3,1
25/04/2018,4,6
25/04/2018,5,74
25/04/2018,6,229
25/04/2018,7,614
25/04/2018,8,849
25/04/2018,9,324
25/04/2018,10,214
25/04/2018,11,220
25/04/2018,12,338
25/04/2018,13,320
25/04/2018,14,334
25/04/2018,15,503
25/04/2018,16,768
25/04/2018,17,1253
25/04/2018,18,1149
25/04/2018,19,701
25/04/2018,20,505
25/04/2018,21,370
25/04/2018,22,246
25/04/2018,23,132
25/05/2014,0,146
25/05/2014,1,85
25/05/2014,2,43
25/05/2014,3,19
25/05/2014,4,12
25/05/2014,5,8
25/05/2014,6,31
25/05/2014,7,86
25/05/2014,8,240
25/05/2014,9,508
25/05/2014,10,725
25/05/2014,11,912
25/05/2014,12,953
25/05/2014,13,994
25/05/2014,14,1007
25/05/2014,15,1047
25/05/2014,16,1013
25/05/2014,17,870
25/05/2014,18,860
25/05/2014,19,780
25/05/2014,20,575
25/05/2014,21,518
25/05/2014,22,366
25/05/2014,23,287
25/05/2015,0,132
25/05/2015,1,89
25/05/2015,2,43
25/05/2015,3,22
25/05/2015,4,10
25/05/2015,5,34
25/05/2015,6,60
25/05/2015,7,121
25/05/2015,8,254
25/05/2015,9,507
25/05/2015,10,815
25/05/2015,11,1031
25/05/2015,12,1076
25/05/2015,13,1149
25/05/2015,14,993
25/05/2015,15,1091
25/05/2015,16,927
25/05/2015,17,828
25/05/2015,18,786
25/05/2015,19,708
25/05/2015,20,590
25/05/2015,21,399
25/05/2015,22,235
25/05/2015,23,109
25/05/2016,0,70
25/05/2016,1,46
25/05/2016,2,6
25/05/2016,3,4
25/05/2016,4,4
25/05/2016,5,96
25/05/2016,6,342
25/05/2016,7,1014
25/05/2016,8,1345
25/05/2016,9,606
25/05/2016,10,397
25/05/2016,11,474
25/05/2016,12,576
25/05/2016,13,480
25/05/2016,14,405
25/05/2016,15,531
25/05/2016,16,848
25/05/2016,17,1564
25/05/2016,18,1379
25/05/2016,19,940
25/05/2016,20,712
25/05/2016,21,468
25/05/2016,22,327
25/05/2016,23,152
25/05/2017,0,18
25/05/2017,1,5
25/05/2017,2,4
25/05/2017,4,4
25/05/2017,5,47
25/05/2017,6,120
25/05/2017,7,203
25/05/2017,8,478
25/05/2017,9,302
25/05/2017,10,255
25/05/2017,11,335
25/05/2017,12,446
25/05/2017,13,498
25/05/2017,14,436
25/05/2017,15,584
25/05/2017,16,894
25/05/2017,17,899
25/05/2017,18,157
25/05/2017,19,233
25/05/2017,20,266
25/05/2017,21,236
25/05/2017,22,186
25/05/2017,23,108
25/06/2014,0,83
25/06/2014,1,24
25/06/2014,2,15
25/06/2014,3,7
25/06/2014,4,15
25/06/2014,5,78
25/06/2014,6,296
25/06/2014,7,797
25/06/2014,8,1088
25/06/2014,9,543
25/06/2014,10,327
25/06/2014,11,359
25/06/2014,12,412
25/06/2014,13,409
25/06/2014,14,382
25/06/2014,15,398
25/06/2014,16,612
25/06/2014,17,1246
25/06/2014,18,1145
25/06/2014,19,855
25/06/2014,20,558
25/06/2014,21,298
25/06/2014,22,138
25/06/2014,23,111
25/06/2015,0,85
25/06/2015,1,38
25/06/2015,2,12
25/06/2015,3,6
25/06/2015,4,14
25/06/2015,5,86
25/06/2015,6,355
25/06/2015,7,897
25/06/2015,8,1182
25/06/2015,9,534
25/06/2015,10,347
25/06/2015,11,419
25/06/2015,12,517
25/06/2015,13,496
25/06/2015,14,448
25/06/2015,15,566
25/06/2015,16,743
25/06/2015,17,1306
25/06/2015,18,1169
25/06/2015,19,811
25/06/2015,20,541
25/06/2015,21,260
25/06/2015,22,180
25/06/2015,23,119
25/06/2016,0,201
25/06/2016,1,115
25/06/2016,2,89
25/06/2016,3,20
25/06/2016,4,11
25/06/2016,5,22
25/06/2016,6,74
25/06/2016,7,166
25/06/2016,8,350
25/06/2016,9,596
25/06/2016,10,831
25/06/2016,11,1032
25/06/2016,12,1076
25/06/2016,13,1216
25/06/2016,14,1172
25/06/2016,15,1062
25/06/2016,16,959
25/06/2016,17,1014
25/06/2016,18,859
25/06/2016,19,779
25/06/2016,20,753
25/06/2016,21,556
25/06/2016,22,398
25/06/2016,23,249
25/06/2017,0,263
25/06/2017,1,199
25/06/2017,2,102
25/06/2017,3,54
25/06/2017,4,23
25/06/2017,5,32
25/06/2017,6,69
25/06/2017,7,158
25/06/2017,8,325
25/06/2017,9,531
25/06/2017,10,842
25/06/2017,11,915
25/06/2017,12,1137
25/06/2017,13,1182
25/06/2017,14,1140
25/06/2017,15,1111
25/06/2017,16,1089
25/06/2017,17,996
25/06/2017,18,940
25/06/2017,19,806
25/06/2017,20,735
25/06/2017,21,484
25/06/2017,22,287
25/06/2017,23,201
25/07/2014,0,99
25/07/2014,1,55
25/07/2014,2,30
25/07/2014,3,14
25/07/2014,4,13
25/07/2014,5,60
25/07/2014,6,252
25/07/2014,7,670
25/07/2014,8,1023
25/07/2014,9,591
25/07/2014,10,431
25/07/2014,11,534
25/07/2014,12,618
25/07/2014,13,634
25/07/2014,14,606
25/07/2014,15,668
25/07/2014,16,892
25/07/2014,17,1297
25/07/2014,18,1044
25/07/2014,19,842
25/07/2014,20,673
25/07/2014,21,505
25/07/2014,22,429
25/07/2014,23,331
25/07/2015,0,171
25/07/2015,1,109
25/07/2015,2,84
25/07/2015,3,43
25/07/2015,4,22
25/07/2015,5,22
25/07/2015,6,59
25/07/2015,7,169
25/07/2015,8,359
25/07/2015,9,586
25/07/2015,10,736
25/07/2015,11,936
25/07/2015,12,1002
25/07/2015,13,1047
25/07/2015,14,1027
25/07/2015,15,1045
25/07/2015,16,959
25/07/2015,17,971
25/07/2015,18,889
25/07/2015,19,766
25/07/2015,20,633
25/07/2015,21,511
25/07/2015,22,437
25/07/2015,23,319
25/07/2016,0,46
25/07/2016,1,27
25/07/2016,2,19
25/07/2016,3,11
25/07/2016,4,18
25/07/2016,5,91
25/07/2016,6,330
25/07/2016,7,801
25/07/2016,8,1033
25/07/2016,9,463
25/07/2016,10,277
25/07/2016,11,350
25/07/2016,12,351
25/07/2016,13,329
25/07/2016,14,341
25/07/2016,15,438
25/07/2016,16,626
25/07/2016,17,1358
25/07/2016,18,1111
25/07/2016,19,831
25/07/2016,20,617
25/07/2016,21,411
25/07/2016,22,272
25/07/2016,23,124
25/07/2017,0,86
25/07/2017,1,40
25/07/2017,2,11
25/07/2017,3,10
25/07/2017,4,22
25/07/2017,5,121
25/07/2017,6,456
25/07/2017,7,1049
25/07/2017,8,1270
25/07/2017,9,680
25/07/2017,10,433
25/07/2017,11,469
25/07/2017,12,619
25/07/2017,13,663
25/07/2017,14,612
25/07/2017,15,745
25/07/2017,16,1052
25/07/2017,17,1866
25/07/2017,18,1668
25/07/2017,19,1116
25/07/2017,20,803
25/07/2017,21,583
25/07/2017,22,404
25/07/2017,23,196
25/08/2014,0,48
25/08/2014,1,18
25/08/2014,2,7
25/08/2014,3,4
25/08/2014,4,11
25/08/2014,5,60
25/08/2014,6,260
25/08/2014,7,722
25/08/2014,8,980
25/08/2014,9,469
25/08/2014,10,334
25/08/2014,11,398
25/08/2014,12,474
25/08/2014,13,486
25/08/2014,14,418
25/08/2014,15,517
25/08/2014,16,748
25/08/2014,17,1352
25/08/2014,18,1232
25/08/2014,19,836
25/08/2014,20,627
25/08/2014,21,385
25/08/2014,22,223
25/08/2014,23,135
25/08/2015,0,33
25/08/2015,1,10
25/08/2015,2,8
25/08/2015,3,4
25/08/2015,4,10
25/08/2015,5,92
25/08/2015,6,379
25/08/2015,7,985
25/08/2015,8,1319
25/08/2015,9,543
25/08/2015,10,325
25/08/2015,11,420
25/08/2015,12,521
25/08/2015,13,458
25/08/2015,14,421
25/08/2015,15,517
25/08/2015,16,812
25/08/2015,17,1602
25/08/2015,18,1519
25/08/2015,19,989
25/08/2015,20,664
25/08/2015,21,508
25/08/2015,22,391
25/08/2015,23,142
25/08/2016,0,69
25/08/2016,1,30
25/08/2016,2,19
25/08/2016,3,10
25/08/2016,4,10
25/08/2016,5,111
25/08/2016,6,351
25/08/2016,7,980
25/08/2016,8,1249
25/08/2016,9,539
25/08/2016,10,418
25/08/2016,11,468
25/08/2016,12,509
25/08/2016,13,514
25/08/2016,14,478
25/08/2016,15,580
25/08/2016,16,869
25/08/2016,17,1523
25/08/2016,18,1293
25/08/2016,19,885
25/08/2016,20,654
25/08/2016,21,458
25/08/2016,22,339
25/08/2016,23,168
25/08/2017,0,93
25/08/2017,1,41
25/08/2017,2,31
25/08/2017,3,3
25/08/2017,4,14
25/08/2017,5,82
25/08/2017,6,334
25/08/2017,7,823
25/08/2017,8,1283
25/08/2017,9,646
25/08/2017,10,542
25/08/2017,11,635
25/08/2017,12,765
25/08/2017,13,825
25/08/2017,14,774
25/08/2017,15,873
25/08/2017,16,1297
25/08/2017,17,1727
25/08/2017,18,1305
25/08/2017,19,901
25/08/2017,20,679
25/08/2017,21,485
25/08/2017,22,464
25/08/2017,23,260
25/09/2014,0,32
25/09/2014,1,5
25/09/2014,2,3
25/09/2014,3,2
25/09/2014,4,2
25/09/2014,5,24
25/09/2014,6,66
25/09/2014,7,191
25/09/2014,8,458
25/09/2014,9,339
25/09/2014,10,126
25/09/2014,11,140
25/09/2014,12,142
25/09/2014,13,167
25/09/2014,14,190
25/09/2014,15,325
25/09/2014,16,554
25/09/2014,17,1028
25/09/2014,18,969
25/09/2014,19,597
25/09/2014,20,434
25/09/2014,21,321
25/09/2014,22,338
25/09/2014,23,192
25/09/2015,0,90
25/09/2015,1,37
25/09/2015,2,22
25/09/2015,3,7
25/09/2015,4,9
25/09/2015,5,83
25/09/2015,6,312
25/09/2015,7,824
25/09/2015,8,1253
25/09/2015,9,599
25/09/2015,10,378
25/09/2015,11,466
25/09/2015,12,582
25/09/2015,13,540
25/09/2015,14,572
25/09/2015,15,619
25/09/2015,16,719
25/09/2015,17,1332
25/09/2015,18,1034
25/09/2015,19,654
25/09/2015,20,451
25/09/2015,21,373
25/09/2015,22,243
25/09/2015,23,204
25/09/2016,0,205
25/09/2016,1,184
25/09/2016,2,100
25/09/2016,3,35
25/09/2016,4,22
25/09/2016,5,24
25/09/2016,6,33
25/09/2016,7,102
25/09/2016,8,275
25/09/2016,9,494
25/09/2016,10,764
25/09/2016,11,1041
25/09/2016,12,1069
25/09/2016,13,1044
25/09/2016,14,1096
25/09/2016,15,1011
25/09/2016,16,1068
25/09/2016,17,915
25/09/2016,18,859
25/09/2016,19,643
25/09/2016,20,379
25/09/2016,21,305
25/09/2016,22,183
25/09/2016,23,98
25/09/2017,0,69
25/09/2017,1,42
25/09/2017,2,28
25/09/2017,3,8
25/09/2017,4,21
25/09/2017,5,94
25/09/2017,6,390
25/09/2017,7,898
25/09/2017,8,1115
25/09/2017,9,500
25/09/2017,10,356
25/09/2017,11,448
25/09/2017,12,549
25/09/2017,13,508
25/09/2017,14,524
25/09/2017,15,660
25/09/2017,16,980
25/09/2017,17,1667
25/09/2017,18,1478
25/09/2017,19,901
25/09/2017,20,569
25/09/2017,21,411
25/09/2017,22,247
25/09/2017,23,190
25/10/2014,0,145
25/10/2014,1,84
25/10/2014,2,65
25/10/2014,3,38
25/10/2014,4,5
25/10/2014,5,8
25/10/2014,6,42
25/10/2014,7,122
25/10/2014,8,267
25/10/2014,9,506
25/10/2014,10,654
25/10/2014,11,897
25/10/2014,12,975
25/10/2014,13,1016
25/10/2014,14,1026
25/10/2014,15,1023
25/10/2014,16,1010
25/10/2014,17,945
25/10/2014,18,721
25/10/2014,19,504
25/10/2014,20,331
25/10/2014,21,323
25/10/2014,22,260
25/10/2014,23,215
25/10/2015,0,126
25/10/2015,1,108
25/10/2015,2,61
25/10/2015,3,29
25/10/2015,4,5
25/10/2015,5,27
25/10/2015,6,52
25/10/2015,7,83
25/10/2015,8,184
25/10/2015,9,292
25/10/2015,10,498
25/10/2015,11,609
25/10/2015,12,773
25/10/2015,13,762
25/10/2015,14,847
25/10/2015,15,761
25/10/2015,16,821
25/10/2015,17,747
25/10/2015,18,621
25/10/2015,19,408
25/10/2015,20,301
25/10/2015,21,233
25/10/2015,22,151
25/10/2015,23,88
25/10/2016,0,26
25/10/2016,1,2
25/10/2016,2,8
25/10/2016,3,5
25/10/2016,4,11
25/10/2016,5,96
25/10/2016,6,327
25/10/2016,7,892
25/10/2016,8,1296
25/10/2016,9,529
25/10/2016,10,341
25/10/2016,11,376
25/10/2016,12,505
25/10/2016,13,451
25/10/2016,14,445
25/10/2016,15,517
25/10/2016,16,805
25/10/2016,17,1565
25/10/2016,18,1189
25/10/2016,19,701
25/10/2016,20,435
25/10/2016,21,358
25/10/2016,22,195
25/10/2016,23,106
25/10/2017,0,56
25/10/2017,1,22
25/10/2017,2,11
25/10/2017,3,9
25/10/2017,4,16
25/10/2017,5,121
25/10/2017,6,397
25/10/2017,7,979
25/10/2017,8,1399
25/10/2017,9,665
25/10/2017,10,394
25/10/2017,11,467
25/10/2017,12,616
25/10/2017,13,542
25/10/2017,14,519
25/10/2017,15,626
25/10/2017,16,934
25/10/2017,17,1691
25/10/2017,18,1317
25/10/2017,19,805
25/10/2017,20,501
25/10/2017,21,352
25/10/2017,22,263
25/10/2017,23,119
25/11/2014,0,69
25/11/2014,1,34
25/11/2014,2,12
25/11/2014,3,4
25/11/2014,4,5
25/11/2014,5,64
25/11/2014,6,221
25/11/2014,7,660
25/11/2014,8,1023
25/11/2014,9,457
25/11/2014,10,300
25/11/2014,11,319
25/11/2014,12,332
25/11/2014,13,347
25/11/2014,14,328
25/11/2014,15,384
25/11/2014,16,639
25/11/2014,17,940
25/11/2014,18,689
25/11/2014,19,448
25/11/2014,20,329
25/11/2014,21,256
25/11/2014,22,181
25/11/2014,23,86
25/11/2015,0,35
25/11/2015,1,18
25/11/2015,2,15
25/11/2015,3,2
25/11/2015,4,5
25/11/2015,5,59
25/11/2015,6,151
25/11/2015,7,472
25/11/2015,8,732
25/11/2015,9,405
25/11/2015,10,264
25/11/2015,11,305
25/11/2015,12,413
25/11/2015,13,435
25/11/2015,14,571
25/11/2015,15,732
25/11/2015,16,676
25/11/2015,17,525
25/11/2015,18,364
25/11/2015,19,236
25/11/2015,20,174
25/11/2015,21,120
25/11/2015,22,78
25/11/2015,23,77
25/11/2016,0,49
25/11/2016,1,19
25/11/2016,2,3
25/11/2016,3,3
25/11/2016,4,4
25/11/2016,5,15
25/11/2016,6,45
25/11/2016,7,116
25/11/2016,8,190
25/11/2016,9,259
25/11/2016,10,325
25/11/2016,11,414
25/11/2016,12,503
25/11/2016,13,534
25/11/2016,14,588
25/11/2016,15,631
25/11/2016,16,623
25/11/2016,17,406
25/11/2016,18,291
25/11/2016,19,255
25/11/2016,20,224
25/11/2016,21,133
25/11/2016,22,117
25/11/2016,23,84
25/11/2017,0,36
25/11/2017,1,45
25/11/2017,2,25
25/11/2017,3,5
25/11/2017,4,4
25/11/2017,5,10
25/11/2017,6,21
25/11/2017,7,75
25/11/2017,8,118
25/11/2017,9,311
25/11/2017,10,423
25/11/2017,11,601
25/11/2017,12,726
25/11/2017,13,801
25/11/2017,14,841
25/11/2017,15,788
25/11/2017,16,690
25/11/2017,17,489
25/11/2017,18,338
25/11/2017,19,273
25/11/2017,20,169
25/11/2017,21,156
25/11/2017,22,128
25/11/2017,23,104
25/12/2014,0,16
25/12/2014,1,17
25/12/2014,2,1
25/12/2014,3,1
25/12/2014,4,1
25/12/2014,5,3
25/12/2014,6,5
25/12/2014,7,7
25/12/2014,8,29
25/12/2014,9,41
25/12/2014,10,72
25/12/2014,11,133
25/12/2014,12,141
25/12/2014,13,192
25/12/2014,14,235
25/12/2014,15,213
25/12/2014,16,174
25/12/2014,17,83
25/12/2014,18,51
25/12/2014,19,68
25/12/2014,20,56
25/12/2014,21,41
25/12/2014,22,35
25/12/2014,23,20
25/12/2015,0,38
25/12/2015,1,31
25/12/2015,2,14
25/12/2015,3,2
25/12/2015,4,3
25/12/2015,5,9
25/12/2015,6,8
25/12/2015,7,21
25/12/2015,8,31
25/12/2015,9,62
25/12/2015,10,105
25/12/2015,11,226
25/12/2015,12,174
25/12/2015,13,219
25/12/2015,14,141
25/12/2015,15,56
25/12/2015,16,53
25/12/2015,17,36
25/12/2015,18,26
25/12/2015,19,45
25/12/2015,20,41
25/12/2015,21,71
25/12/2015,22,61
25/12/2015,23,29
25/12/2016,0,11
25/12/2016,1,12
25/12/2016,2,11
25/12/2016,3,1
25/12/2016,5,8
25/12/2016,6,10
25/12/2016,7,7
25/12/2016,8,21
25/12/2016,9,45
25/12/2016,10,108
25/12/2016,11,189
25/12/2016,12,231
25/12/2016,13,307
25/12/2016,14,293
25/12/2016,15,294
25/12/2016,16,250
25/12/2016,17,118
25/12/2016,18,72
25/12/2016,19,55
25/12/2016,20,32
25/12/2016,21,38
25/12/2016,22,23
25/12/2016,23,19
25/12/2017,0,18
25/12/2017,1,8
25/12/2017,2,4
25/12/2017,3,8
25/12/2017,4,4
25/12/2017,5,6
25/12/2017,6,8
25/12/2017,7,17
25/12/2017,8,25
25/12/2017,9,55
25/12/2017,10,39
25/12/2017,11,90
25/12/2017,12,89
25/12/2017,13,117
25/12/2017,14,130
25/12/2017,15,125
25/12/2017,16,89
25/12/2017,17,68
25/12/2017,18,26
25/12/2017,19,40
25/12/2017,20,19
25/12/2017,21,29
25/12/2017,22,12
25/12/2017,23,15
26/01/2014,0,65
26/01/2014,1,43
26/01/2014,2,32
26/01/2014,3,17
26/01/2014,4,3
26/01/2014,5,2
26/01/2014,6,4
26/01/2014,7,19
26/01/2014,8,49
26/01/2014,9,100
26/01/2014,10,156
26/01/2014,11,239
26/01/2014,12,233
26/01/2014,13,249
26/01/2014,14,210
26/01/2014,15,215
26/01/2014,16,223
26/01/2014,17,209
26/01/2014,18,142
26/01/2014,19,113
26/01/2014,20,77
26/01/2014,21,74
26/01/2014,22,46
26/01/2014,23,34
26/01/2015,0,23
26/01/2015,1,5
26/01/2015,2,3
26/01/2015,3,1
26/01/2015,5,31
26/01/2015,6,68
26/01/2015,7,159
26/01/2015,8,327
26/01/2015,9,203
26/01/2015,10,78
26/01/2015,11,59
26/01/2015,12,83
26/01/2015,13,76
26/01/2015,14,71
26/01/2015,15,107
26/01/2015,16,160
26/01/2015,17,332
26/01/2015,18,282
26/01/2015,19,132
26/01/2015,20,120
26/01/2015,21,58
26/01/2015,22,29
26/01/2015,23,22
26/01/2017,0,19
26/01/2017,1,10
26/01/2017,2,9
26/01/2017,3,6
26/01/2017,4,10
26/01/2017,5,58
26/01/2017,6,244
26/01/2017,7,697
26/01/2017,8,1131
26/01/2017,9,499
26/01/2017,10,217
26/01/2017,11,279
26/01/2017,12,360
26/01/2017,13,314
26/01/2017,14,307
26/01/2017,15,373
26/01/2017,16,520
26/01/2017,17,974
26/01/2017,18,784
26/01/2017,19,483
26/01/2017,20,346
26/01/2017,21,197
26/01/2017,22,138
26/01/2017,23,73
26/01/2018,0,26
26/01/2018,1,9
26/01/2018,2,5
26/01/2018,3,8
26/01/2018,4,12
26/01/2018,5,64
26/01/2018,6,192
26/01/2018,7,495
26/01/2018,8,873
26/01/2018,9,469
26/01/2018,10,232
26/01/2018,11,288
26/01/2018,12,394
26/01/2018,13,363
26/01/2018,14,321
26/01/2018,15,420
26/01/2018,16,597
26/01/2018,17,911
26/01/2018,18,623
26/01/2018,19,369
26/01/2018,20,209
26/01/2018,21,166
26/01/2018,22,134
26/01/2018,23,114
26/02/2014,0,24
26/02/2014,1,6
26/02/2014,2,3
26/02/2014,3,3
26/02/2014,4,8
26/02/2014,5,42
26/02/2014,6,91
26/02/2014,7,170
26/02/2014,8,271
26/02/2014,9,151
26/02/2014,10,73
26/02/2014,11,101
26/02/2014,12,150
26/02/2014,13,170
26/02/2014,14,156
26/02/2014,15,173
26/02/2014,16,286
26/02/2014,17,593
26/02/2014,18,521
26/02/2014,19,369
26/02/2014,20,229
26/02/2014,21,163
26/02/2014,22,113
26/02/2014,23,55
26/02/2015,0,27
26/02/2015,1,18
26/02/2015,2,7
26/02/2015,3,2
26/02/2015,4,3
26/02/2015,5,20
26/02/2015,6,33
26/02/2015,7,86
26/02/2015,8,142
26/02/2015,9,154
26/02/2015,10,159
26/02/2015,11,116
26/02/2015,12,128
26/02/2015,13,134
26/02/2015,14,121
26/02/2015,15,167
26/02/2015,16,281
26/02/2015,17,518
26/02/2015,18,492
26/02/2015,19,309
26/02/2015,20,224
26/02/2015,21,153
26/02/2015,22,107
26/02/2015,23,74
26/02/2016,0,26
26/02/2016,1,9
26/02/2016,2,7
26/02/2016,4,4
26/02/2016,5,56
26/02/2016,6,148
26/02/2016,7,428
26/02/2016,8,791
26/02/2016,9,355
26/02/2016,10,164
26/02/2016,11,194
26/02/2016,12,216
26/02/2016,13,226
26/02/2016,14,199
26/02/2016,15,248
26/02/2016,16,395
26/02/2016,17,608
26/02/2016,18,510
26/02/2016,19,286
26/02/2016,20,159
26/02/2016,21,132
26/02/2016,22,94
26/02/2016,23,90
26/02/2017,0,104
26/02/2017,1,53
26/02/2017,2,48
26/02/2017,3,25
26/02/2017,4,3
26/02/2017,5,8
26/02/2017,6,15
26/02/2017,7,50
26/02/2017,8,171
26/02/2017,9,284
26/02/2017,10,465
26/02/2017,11,475
26/02/2017,12,586
26/02/2017,13,673
26/02/2017,14,631
26/02/2017,15,656
26/02/2017,16,602
26/02/2017,17,507
26/02/2017,18,367
26/02/2017,19,240
26/02/2017,20,140
26/02/2017,21,105
26/02/2017,22,89
26/02/2017,23,42
26/02/2018,0,32
26/02/2018,1,14
26/02/2018,2,13
26/02/2018,3,13
26/02/2018,4,21
26/02/2018,5,90
26/02/2018,6,277
26/02/2018,7,701
26/02/2018,8,1078
26/02/2018,9,450
26/02/2018,10,218
26/02/2018,11,252
26/02/2018,12,344
26/02/2018,13,283
26/02/2018,14,294
26/02/2018,15,383
26/02/2018,16,660
26/02/2018,17,1222
26/02/2018,18,881
26/02/2018,19,499
26/02/2018,20,311
26/02/2018,21,212
26/02/2018,22,131
26/02/2018,23,86
26/03/2014,0,20
26/03/2014,1,4
26/03/2014,2,3
26/03/2014,4,7
26/03/2014,5,34
26/03/2014,6,110
26/03/2014,7,334
26/03/2014,8,640
26/03/2014,9,319
26/03/2014,10,123
26/03/2014,11,123
26/03/2014,12,192
26/03/2014,13,169
26/03/2014,14,134
26/03/2014,15,190
26/03/2014,16,292
26/03/2014,17,592
26/03/2014,18,587
26/03/2014,19,356
26/03/2014,20,277
26/03/2014,21,212
26/03/2014,22,160
26/03/2014,23,55
26/03/2015,0,28
26/03/2015,1,8
26/03/2015,2,5
26/03/2015,3,3
26/03/2015,4,4
26/03/2015,5,58
26/03/2015,6,187
26/03/2015,7,576
26/03/2015,8,1097
26/03/2015,9,373
26/03/2015,10,156
26/03/2015,11,133
26/03/2015,12,273
26/03/2015,13,351
26/03/2015,14,334
26/03/2015,15,448
26/03/2015,16,701
26/03/2015,17,1272
26/03/2015,18,1199
26/03/2015,19,692
26/03/2015,20,187
26/03/2015,21,275
26/03/2015,22,87
26/03/2015,23,89
26/03/2016,0,113
26/03/2016,1,64
26/03/2016,2,40
26/03/2016,3,16
26/03/2016,4,5
26/03/2016,5,14
26/03/2016,6,107
26/03/2016,7,170
26/03/2016,8,353
26/03/2016,9,644
26/03/2016,10,848
26/03/2016,11,1083
26/03/2016,12,1228
26/03/2016,13,1395
26/03/2016,14,1363
26/03/2016,15,1393
26/03/2016,16,1348
26/03/2016,17,1117
26/03/2016,18,961
26/03/2016,19,683
26/03/2016,20,423
26/03/2016,21,302
26/03/2016,22,254
26/03/2016,23,192
26/03/2017,0,154
26/03/2017,1,85
26/03/2017,2,61
26/03/2017,3,31
26/03/2017,4,11
26/03/2017,5,7
26/03/2017,6,23
26/03/2017,7,70
26/03/2017,8,216
26/03/2017,9,333
26/03/2017,10,457
26/03/2017,11,571
26/03/2017,12,634
26/03/2017,13,662
26/03/2017,14,563
26/03/2017,15,613
26/03/2017,16,533
26/03/2017,17,519
26/03/2017,18,366
26/03/2017,19,260
26/03/2017,20,157
26/03/2017,21,135
26/03/2017,22,104
26/03/2017,23,56
26/03/2018,0,22
26/03/2018,1,17
26/03/2018,2,4
26/03/2018,3,4
26/03/2018,4,20
26/03/2018,5,70
26/03/2018,6,207
26/03/2018,7,531
26/03/2018,8,938
26/03/2018,9,529
26/03/2018,10,338
26/03/2018,11,413
26/03/2018,12,473
26/03/2018,13,476
26/03/2018,14,473
26/03/2018,15,588
26/03/2018,16,805
26/03/2018,17,1306
26/03/2018,18,1003
26/03/2018,19,563
26/03/2018,20,323
26/03/2018,21,196
26/03/2018,22,119
26/03/2018,23,57
26/04/2014,0,122
26/04/2014,1,82
26/04/2014,2,60
26/04/2014,3,18
26/04/2014,4,10
26/04/2014,5,14
26/04/2014,6,40
26/04/2014,7,139
26/04/2014,8,281
26/04/2014,9,515
26/04/2014,10,751
26/04/2014,11,987
26/04/2014,12,1035
26/04/2014,13,1081
26/04/2014,14,1009
26/04/2014,15,1054
26/04/2014,16,1027
26/04/2014,17,994
26/04/2014,18,784
26/04/2014,19,574
26/04/2014,20,349
26/04/2014,21,198
26/04/2014,22,209
26/04/2014,23,177
26/04/2015,0,45
26/04/2015,1,48
26/04/2015,2,48
26/04/2015,3,13
26/04/2015,4,4
26/04/2015,5,5
26/04/2015,6,28
26/04/2015,7,50
26/04/2015,8,191
26/04/2015,9,362
26/04/2015,10,555
26/04/2015,11,785
26/04/2015,12,1029
26/04/2015,13,1055
26/04/2015,14,1085
26/04/2015,15,998
26/04/2015,16,994
26/04/2015,17,886
26/04/2015,18,766
26/04/2015,19,541
26/04/2015,20,358
26/04/2015,21,245
26/04/2015,22,167
26/04/2015,23,79
26/04/2016,0,37
26/04/2016,1,17
26/04/2016,2,3
26/04/2016,3,4
26/04/2016,4,11
26/04/2016,5,85
26/04/2016,6,340
26/04/2016,7,895
26/04/2016,8,1333
26/04/2016,9,591
26/04/2016,10,336
26/04/2016,11,429
26/04/2016,12,456
26/04/2016,13,476
26/04/2016,14,409
26/04/2016,15,482
26/04/2016,16,765
26/04/2016,17,1473
26/04/2016,18,1317
26/04/2016,19,877
26/04/2016,20,561
26/04/2016,21,390
26/04/2016,22,296
26/04/2016,23,135
26/04/2017,0,24
26/04/2017,1,18
26/04/2017,2,4
26/04/2017,3,2
26/04/2017,4,11
26/04/2017,5,84
26/04/2017,6,357
26/04/2017,7,845
26/04/2017,8,1151
26/04/2017,9,542
26/04/2017,10,312
26/04/2017,11,395
26/04/2017,12,525
26/04/2017,13,518
26/04/2017,14,428
26/04/2017,15,588
26/04/2017,16,910
26/04/2017,17,1604
26/04/2017,18,1330
26/04/2017,19,875
26/04/2017,20,642
26/04/2017,21,409
26/04/2017,22,261
26/04/2017,23,134
26/04/2018,0,54
26/04/2018,1,23
26/04/2018,2,16
26/04/2018,3,8
26/04/2018,4,14
26/04/2018,5,95
26/04/2018,6,348
26/04/2018,7,872
26/04/2018,8,1335
26/04/2018,9,638
26/04/2018,10,403
26/04/2018,11,480
26/04/2018,12,594
26/04/2018,13,640
26/04/2018,14,590
26/04/2018,15,761
26/04/2018,16,1071
26/04/2018,17,1776
26/04/2018,18,1522
26/04/2018,19,1014
26/04/2018,20,615
26/04/2018,21,514
26/04/2018,22,341
26/04/2018,23,217
26/05/2014,0,192
26/05/2014,1,118
26/05/2014,2,57
26/05/2014,3,17
26/05/2014,4,9
26/05/2014,5,20
26/05/2014,6,43
26/05/2014,7,96
26/05/2014,8,194
26/05/2014,9,436
26/05/2014,10,709
26/05/2014,11,846
26/05/2014,12,957
26/05/2014,13,981
26/05/2014,14,835
26/05/2014,15,899
26/05/2014,16,900
26/05/2014,17,758
26/05/2014,18,728
26/05/2014,19,622
26/05/2014,20,538
26/05/2014,21,418
26/05/2014,22,169
26/05/2014,23,147
26/05/2015,0,43
26/05/2015,1,15
26/05/2015,2,6
26/05/2015,3,4
26/05/2015,4,7
26/05/2015,5,83
26/05/2015,6,323
26/05/2015,7,820
26/05/2015,8,1073
26/05/2015,9,535
26/05/2015,10,385
26/05/2015,11,386
26/05/2015,12,494
26/05/2015,13,451
26/05/2015,14,472
26/05/2015,15,473
26/05/2015,16,682
26/05/2015,17,1468
26/05/2015,18,1295
26/05/2015,19,889
26/05/2015,20,615
26/05/2015,21,426
26/05/2015,22,260
26/05/2015,23,149
26/05/2016,0,61
26/05/2016,1,36
26/05/2016,2,9
26/05/2016,3,5
26/05/2016,4,9
26/05/2016,5,83
26/05/2016,6,331
26/05/2016,7,893
26/05/2016,8,1287
26/05/2016,9,596
26/05/2016,10,356
26/05/2016,11,429
26/05/2016,12,518
26/05/2016,13,500
26/05/2016,14,445
26/05/2016,15,452
26/05/2016,16,795
26/05/2016,17,1430
26/05/2016,18,1364
26/05/2016,19,892
26/05/2016,20,674
26/05/2016,21,496
26/05/2016,22,314
26/05/2016,23,213
26/05/2017,0,61
26/05/2017,1,27
26/05/2017,2,21
26/05/2017,3,14
26/05/2017,4,23
26/05/2017,5,62
26/05/2017,6,268
26/05/2017,7,722
26/05/2017,8,1170
26/05/2017,9,626
26/05/2017,10,493
26/05/2017,11,622
26/05/2017,12,764
26/05/2017,13,836
26/05/2017,14,1007
26/05/2017,15,1133
26/05/2017,16,1216
26/05/2017,17,1260
26/05/2017,18,964
26/05/2017,19,747
26/05/2017,20,529
26/05/2017,21,476
26/05/2017,22,339
26/05/2017,23,211
26/06/2014,0,39
26/06/2014,1,15
26/06/2014,2,3
26/06/2014,3,2
26/06/2014,4,7
26/06/2014,5,47
26/06/2014,6,302
26/06/2014,7,738
26/06/2014,8,1038
26/06/2014,9,546
26/06/2014,10,334
26/06/2014,11,562
26/06/2014,12,381
26/06/2014,13,331
26/06/2014,14,471
26/06/2014,15,449
26/06/2014,16,635
26/06/2014,17,1191
26/06/2014,18,1156
26/06/2014,19,875
26/06/2014,20,735
26/06/2014,21,537
26/06/2014,22,367
26/06/2014,23,204
26/06/2015,0,61
26/06/2015,1,23
26/06/2015,2,11
26/06/2015,3,11
26/06/2015,4,2
26/06/2015,5,86
26/06/2015,6,292
26/06/2015,7,717
26/06/2015,8,1191
26/06/2015,9,586
26/06/2015,10,459
26/06/2015,11,536
26/06/2015,12,590
26/06/2015,13,624
26/06/2015,14,629
26/06/2015,15,725
26/06/2015,16,977
26/06/2015,17,1402
26/06/2015,18,1209
26/06/2015,19,855
26/06/2015,20,600
26/06/2015,21,574
26/06/2015,22,495
26/06/2015,23,387
26/06/2016,0,202
26/06/2016,1,114
26/06/2016,2,87
26/06/2016,3,55
26/06/2016,4,37
26/06/2016,5,23
26/06/2016,6,40
26/06/2016,7,108
26/06/2016,8,274
26/06/2016,9,505
26/06/2016,10,760
26/06/2016,11,971
26/06/2016,12,1051
26/06/2016,13,1030
26/06/2016,14,1022
26/06/2016,15,998
26/06/2016,16,976
26/06/2016,17,917
26/06/2016,18,859
26/06/2016,19,734
26/06/2016,20,653
26/06/2016,21,393
26/06/2016,22,340
26/06/2016,23,207
26/06/2017,0,83
26/06/2017,1,35
26/06/2017,2,7
26/06/2017,3,12
26/06/2017,4,11
26/06/2017,5,114
26/06/2017,6,369
26/06/2017,7,943
26/06/2017,8,1142
26/06/2017,9,526
26/06/2017,10,410
26/06/2017,11,539
26/06/2017,12,642
26/06/2017,13,660
26/06/2017,14,650
26/06/2017,15,755
26/06/2017,16,1130
26/06/2017,17,1834
26/06/2017,18,1536
26/06/2017,19,1104
26/06/2017,20,762
26/06/2017,21,521
26/06/2017,22,366
26/06/2017,23,241
26/07/2014,0,226
26/07/2014,1,128
26/07/2014,2,96
26/07/2014,3,45
26/07/2014,4,12
26/07/2014,5,23
26/07/2014,6,54
26/07/2014,7,116
26/07/2014,8,284
26/07/2014,9,463
26/07/2014,10,668
26/07/2014,11,901
26/07/2014,12,987
26/07/2014,13,953
26/07/2014,14,938
26/07/2014,15,856
26/07/2014,16,863
26/07/2014,17,874
26/07/2014,18,827
26/07/2014,19,734
26/07/2014,20,620
26/07/2014,21,561
26/07/2014,22,404
26/07/2014,23,350
26/07/2015,0,233
26/07/2015,1,130
26/07/2015,2,88
26/07/2015,3,48
26/07/2015,4,8
26/07/2015,5,17
26/07/2015,6,35
26/07/2015,7,104
26/07/2015,8,215
26/07/2015,9,573
26/07/2015,10,715
26/07/2015,11,789
26/07/2015,12,903
26/07/2015,13,865
26/07/2015,14,932
26/07/2015,15,940
26/07/2015,16,936
26/07/2015,17,886
26/07/2015,18,806
26/07/2015,19,737
26/07/2015,20,563
26/07/2015,21,360
26/07/2015,22,271
26/07/2015,23,160
26/07/2016,0,46
26/07/2016,1,30
26/07/2016,2,9
26/07/2016,3,11
26/07/2016,4,12
26/07/2016,5,108
26/07/2016,6,364
26/07/2016,7,857
26/07/2016,8,1190
26/07/2016,9,477
26/07/2016,10,326
26/07/2016,11,337
26/07/2016,12,421
26/07/2016,13,381
26/07/2016,14,337
26/07/2016,15,413
26/07/2016,16,686
26/07/2016,17,1394
26/07/2016,18,1262
26/07/2016,19,946
26/07/2016,20,633
26/07/2016,21,475
26/07/2016,22,274
26/07/2016,23,161
26/07/2017,0,97
26/07/2017,1,48
26/07/2017,2,28
26/07/2017,3,3
26/07/2017,4,17
26/07/2017,5,139
26/07/2017,6,475
26/07/2017,7,1106
26/07/2017,8,1349
26/07/2017,9,734
26/07/2017,10,458
26/07/2017,11,593
26/07/2017,12,710
26/07/2017,13,646
26/07/2017,14,629
26/07/2017,15,735
26/07/2017,16,1069
26/07/2017,17,1866
26/07/2017,18,1640
26/07/2017,19,1077
26/07/2017,20,851
26/07/2017,21,597
26/07/2017,22,454
26/07/2017,23,228
26/08/2014,0,53
26/08/2014,1,15
26/08/2014,2,7
26/08/2014,3,1
26/08/2014,4,14
26/08/2014,5,75
26/08/2014,6,303
26/08/2014,7,833
26/08/2014,8,1116
26/08/2014,9,516
26/08/2014,10,307
26/08/2014,11,381
26/08/2014,12,413
26/08/2014,13,431
26/08/2014,14,409
26/08/2014,15,491
26/08/2014,16,714
26/08/2014,17,1300
26/08/2014,18,1218
26/08/2014,19,887
26/08/2014,20,563
26/08/2014,21,415
26/08/2014,22,282
26/08/2014,23,130
26/08/2015,0,67
26/08/2015,1,26
26/08/2015,2,15
26/08/2015,3,10
26/08/2015,4,14
26/08/2015,5,111
26/08/2015,6,405
26/08/2015,7,965
26/08/2015,8,1284
26/08/2015,9,541
26/08/2015,10,316
26/08/2015,11,419
26/08/2015,12,536
26/08/2015,13,477
26/08/2015,14,449
26/08/2015,15,535
26/08/2015,16,798
26/08/2015,17,1525
26/08/2015,18,1441
26/08/2015,19,928
26/08/2015,20,578
26/08/2015,21,386
26/08/2015,22,343
26/08/2015,23,161
26/08/2016,0,78
26/08/2016,1,37
26/08/2016,2,26
26/08/2016,3,9
26/08/2016,4,16
26/08/2016,5,92
26/08/2016,6,282
26/08/2016,7,768
26/08/2016,8,1125
26/08/2016,9,611
26/08/2016,10,416
26/08/2016,11,403
26/08/2016,12,535
26/08/2016,13,509
26/08/2016,14,492
26/08/2016,15,588
26/08/2016,16,922
26/08/2016,17,1271
26/08/2016,18,998
26/08/2016,19,698
26/08/2016,20,499
26/08/2016,21,373
26/08/2016,22,304
26/08/2016,23,244
26/08/2017,0,206
26/08/2017,1,131
26/08/2017,2,101
26/08/2017,3,32
26/08/2017,4,13
26/08/2017,5,27
26/08/2017,6,73
26/08/2017,7,168
26/08/2017,8,389
26/08/2017,9,669
26/08/2017,10,957
26/08/2017,11,1138
26/08/2017,12,1225
26/08/2017,13,1122
26/08/2017,14,1200
26/08/2017,15,1373
26/08/2017,16,1131
26/08/2017,17,1147
26/08/2017,18,1049
26/08/2017,19,906
26/08/2017,20,624
26/08/2017,21,432
26/08/2017,22,319
26/08/2017,23,247
26/09/2014,0,100
26/09/2014,1,39
26/09/2014,2,20
26/09/2014,3,7
26/09/2014,4,7
26/09/2014,5,69
26/09/2014,6,266
26/09/2014,7,678
26/09/2014,8,1149
26/09/2014,9,570
26/09/2014,10,394
26/09/2014,11,583
26/09/2014,12,665
26/09/2014,13,616
26/09/2014,14,662
26/09/2014,15,684
26/09/2014,16,865
26/09/2014,17,1380
26/09/2014,18,1179
26/09/2014,19,705
26/09/2014,20,476
26/09/2014,21,389
26/09/2014,22,370
26/09/2014,23,258
26/09/2015,0,158
26/09/2015,1,117
26/09/2015,2,66
26/09/2015,3,22
26/09/2015,4,14
26/09/2015,5,10
26/09/2015,6,52
26/09/2015,7,138
26/09/2015,8,331
26/09/2015,9,551
26/09/2015,10,694
26/09/2015,11,924
26/09/2015,12,907
26/09/2015,13,1007
26/09/2015,14,1051
26/09/2015,15,985
26/09/2015,16,833
26/09/2015,17,903
26/09/2015,18,637
26/09/2015,19,486
26/09/2015,20,312
26/09/2015,21,264
26/09/2015,22,323
26/09/2015,23,253
26/09/2016,0,44
26/09/2016,1,20
26/09/2016,2,13
26/09/2016,3,5
26/09/2016,4,20
26/09/2016,5,102
26/09/2016,6,373
26/09/2016,7,944
26/09/2016,8,1067
26/09/2016,9,544
26/09/2016,10,323
26/09/2016,11,382
26/09/2016,12,468
26/09/2016,13,460
26/09/2016,14,414
26/09/2016,15,542
26/09/2016,16,869
26/09/2016,17,1687
26/09/2016,18,1218
26/09/2016,19,765
26/09/2016,20,610
26/09/2016,21,138
26/09/2016,22,194
26/09/2016,23,250
26/09/2017,0,62
26/09/2017,1,21
26/09/2017,2,11
26/09/2017,3,3
26/09/2017,4,31
26/09/2017,5,122
26/09/2017,6,428
26/09/2017,7,1107
26/09/2017,8,1461
26/09/2017,9,587
26/09/2017,10,340
26/09/2017,11,429
26/09/2017,12,542
26/09/2017,13,537
26/09/2017,14,520
26/09/2017,15,607
26/09/2017,16,959
26/09/2017,17,1793
26/09/2017,18,1476
26/09/2017,19,905
26/09/2017,20,634
26/09/2017,21,461
26/09/2017,22,277
26/09/2017,23,144
26/10/2014,0,165
26/10/2014,1,131
26/10/2014,2,106
26/10/2014,3,70
26/10/2014,4,11
26/10/2014,5,24
26/10/2014,6,60
26/10/2014,7,137
26/10/2014,8,314
26/10/2014,9,547
26/10/2014,10,684
26/10/2014,11,885
26/10/2014,12,894
26/10/2014,13,918
26/10/2014,14,961
26/10/2014,15,906
26/10/2014,16,863
26/10/2014,17,756
26/10/2014,18,631
26/10/2014,19,391
26/10/2014,20,306
26/10/2014,21,235
26/10/2014,22,163
26/10/2014,23,95
26/10/2015,0,43
26/10/2015,1,9
26/10/2015,2,7
26/10/2015,3,5
26/10/2015,4,6
26/10/2015,5,66
26/10/2015,6,244
26/10/2015,7,709
26/10/2015,8,1087
26/10/2015,9,552
26/10/2015,10,275
26/10/2015,11,371
26/10/2015,12,447
26/10/2015,13,472
26/10/2015,14,367
26/10/2015,15,501
26/10/2015,16,786
26/10/2015,17,1428
26/10/2015,18,1080
26/10/2015,19,651
26/10/2015,20,359
26/10/2015,21,264
26/10/2015,22,175
26/10/2015,23,69
26/10/2016,0,64
26/10/2016,1,16
26/10/2016,2,5
26/10/2016,3,5
26/10/2016,4,12
26/10/2016,5,91
26/10/2016,6,291
26/10/2016,7,825
26/10/2016,8,1203
26/10/2016,9,541
26/10/2016,10,329
26/10/2016,11,361
26/10/2016,12,446
26/10/2016,13,503
26/10/2016,14,421
26/10/2016,15,506
26/10/2016,16,820
26/10/2016,17,1487
26/10/2016,18,1138
26/10/2016,19,682
26/10/2016,20,385
26/10/2016,21,274
26/10/2016,22,190
26/10/2016,23,102
26/10/2017,0,40
26/10/2017,1,31
26/10/2017,2,16
26/10/2017,3,6
26/10/2017,4,18
26/10/2017,5,99
26/10/2017,6,338
26/10/2017,7,911
26/10/2017,8,1310
26/10/2017,9,582
26/10/2017,10,327
26/10/2017,11,416
26/10/2017,12,512
26/10/2017,13,440
26/10/2017,14,503
26/10/2017,15,604
26/10/2017,16,957
26/10/2017,17,1557
26/10/2017,18,1224
26/10/2017,19,694
26/10/2017,20,458
26/10/2017,21,347
26/10/2017,22,251
26/10/2017,23,127
26/11/2014,0,41
26/11/2014,1,19
26/11/2014,2,7
26/11/2014,3,3
26/11/2014,4,2
26/11/2014,5,15
26/11/2014,6,39
26/11/2014,7,59
26/11/2014,8,100
26/11/2014,9,53
26/11/2014,10,40
26/11/2014,11,38
26/11/2014,12,59
26/11/2014,13,94
26/11/2014,14,56
26/11/2014,15,91
26/11/2014,16,99
26/11/2014,17,104
26/11/2014,18,125
26/11/2014,19,113
26/11/2014,20,83
26/11/2014,21,78
26/11/2014,22,65
26/11/2014,23,41
26/11/2015,0,66
26/11/2015,1,42
26/11/2015,2,24
26/11/2015,3,6
26/11/2015,4,4
26/11/2015,5,7
26/11/2015,6,14
26/11/2015,7,73
26/11/2015,8,145
26/11/2015,9,136
26/11/2015,10,230
26/11/2015,11,325
26/11/2015,12,411
26/11/2015,13,357
26/11/2015,14,374
26/11/2015,15,334
26/11/2015,16,233
26/11/2015,17,157
26/11/2015,18,95
26/11/2015,19,94
26/11/2015,20,54
26/11/2015,21,76
26/11/2015,22,82
26/11/2015,23,55
26/11/2016,0,73
26/11/2016,1,46
26/11/2016,2,32
26/11/2016,3,19
26/11/2016,4,5
26/11/2016,5,11
26/11/2016,6,17
26/11/2016,7,54
26/11/2016,8,133
26/11/2016,9,243
26/11/2016,10,417
26/11/2016,11,473
26/11/2016,12,480
26/11/2016,13,494
26/11/2016,14,496
26/11/2016,15,469
26/11/2016,16,387
26/11/2016,17,283
26/11/2016,18,218
26/11/2016,19,190
26/11/2016,20,151
26/11/2016,21,134
26/11/2016,22,95
26/11/2016,23,71
26/11/2017,0,68
26/11/2017,1,45
26/11/2017,2,43
26/11/2017,3,18
26/11/2017,4,7
26/11/2017,5,8
26/11/2017,6,27
26/11/2017,7,53
26/11/2017,8,120
26/11/2017,9,255
26/11/2017,10,373
26/11/2017,11,452
26/11/2017,12,521
26/11/2017,13,532
26/11/2017,14,509
26/11/2017,15,518
26/11/2017,16,449
26/11/2017,17,359
26/11/2017,18,272
26/11/2017,19,228
26/11/2017,20,171
26/11/2017,21,108
26/11/2017,22,66
26/11/2017,23,41
26/12/2014,0,9
26/12/2014,1,7
26/12/2014,4,3
26/12/2014,5,7
26/12/2014,6,13
26/12/2014,7,37
26/12/2014,8,85
26/12/2014,9,129
26/12/2014,10,150
26/12/2014,11,200
26/12/2014,12,286
26/12/2014,13,314
26/12/2014,14,326
26/12/2014,15,345
26/12/2014,16,281
26/12/2014,17,184
26/12/2014,18,125
26/12/2014,19,112
26/12/2014,20,91
26/12/2014,21,85
26/12/2014,22,77
26/12/2014,23,45
26/12/2015,0,21
26/12/2015,1,23
26/12/2015,2,3
26/12/2015,3,1
26/12/2015,4,2
26/12/2015,5,2
26/12/2015,6,18
26/12/2015,7,25
26/12/2015,8,51
26/12/2015,9,117
26/12/2015,10,173
26/12/2015,11,270
26/12/2015,12,272
26/12/2015,13,289
26/12/2015,14,267
26/12/2015,15,245
26/12/2015,16,237
26/12/2015,17,182
26/12/2015,18,128
26/12/2015,19,110
26/12/2015,20,77
26/12/2015,21,87
26/12/2015,22,62
26/12/2015,23,40
26/12/2016,0,21
26/12/2016,1,6
26/12/2016,2,7
26/12/2016,4,2
26/12/2016,5,7
26/12/2016,6,20
26/12/2016,7,34
26/12/2016,8,53
26/12/2016,9,115
26/12/2016,10,117
26/12/2016,11,174
26/12/2016,12,189
26/12/2016,13,213
26/12/2016,14,204
26/12/2016,15,260
26/12/2016,16,280
26/12/2016,17,183
26/12/2016,18,151
26/12/2016,19,115
26/12/2016,20,81
26/12/2016,21,64
26/12/2016,22,42
26/12/2016,23,23
26/12/2017,0,12
26/12/2017,1,3
26/12/2017,2,5
26/12/2017,3,4
26/12/2017,4,6
26/12/2017,5,15
26/12/2017,6,60
26/12/2017,7,128
26/12/2017,8,198
26/12/2017,9,167
26/12/2017,10,144
26/12/2017,11,143
26/12/2017,12,180
26/12/2017,13,194
26/12/2017,14,207
26/12/2017,15,216
26/12/2017,16,308
26/12/2017,17,262
26/12/2017,18,193
26/12/2017,19,116
26/12/2017,20,80
26/12/2017,21,73
26/12/2017,22,40
26/12/2017,23,35
27/01/2014,0,17
27/01/2014,1,4
27/01/2014,2,3
27/01/2014,3,3
27/01/2014,4,5
27/01/2014,5,30
27/01/2014,6,126
27/01/2014,7,338
27/01/2014,8,710
27/01/2014,9,381
27/01/2014,10,139
27/01/2014,11,129
27/01/2014,12,191
27/01/2014,13,168
27/01/2014,14,163
27/01/2014,15,167
27/01/2014,16,250
27/01/2014,17,520
27/01/2014,18,430
27/01/2014,19,266
27/01/2014,20,214
27/01/2014,21,117
27/01/2014,22,73
27/01/2014,23,40
27/01/2015,0,11
27/01/2015,1,5
27/01/2015,2,1
27/01/2015,3,1
27/01/2015,4,2
27/01/2015,5,24
27/01/2015,6,58
27/01/2015,7,168
27/01/2015,8,329
27/01/2015,9,304
27/01/2015,10,240
27/01/2015,11,133
27/01/2015,12,133
27/01/2015,13,153
27/01/2015,14,136
27/01/2015,15,182
27/01/2015,16,254
27/01/2015,17,569
27/01/2015,18,490
27/01/2015,19,341
27/01/2015,20,250
27/01/2015,21,157
27/01/2015,22,83
27/01/2015,23,43
27/01/2016,15,3
27/01/2016,16,38
27/01/2016,17,149
27/01/2016,18,126
27/01/2016,19,76
27/01/2016,20,41
27/01/2016,21,53
27/01/2016,22,29
27/01/2016,23,13
27/01/2017,0,25
27/01/2017,1,19
27/01/2017,2,2
27/01/2017,3,1
27/01/2017,4,7
27/01/2017,5,63
27/01/2017,6,182
27/01/2017,7,597
27/01/2017,8,954
27/01/2017,9,474
27/01/2017,10,230
27/01/2017,11,249
27/01/2017,12,333
27/01/2017,13,323
27/01/2017,14,251
27/01/2017,15,375
27/01/2017,16,556
27/01/2017,17,860
27/01/2017,18,582
27/01/2017,19,307
27/01/2017,20,185
27/01/2017,21,124
27/01/2017,22,120
27/01/2017,23,68
27/01/2018,0,65
27/01/2018,1,61
27/01/2018,2,34
27/01/2018,3,19
27/01/2018,4,13
27/01/2018,5,9
27/01/2018,6,29
27/01/2018,7,81
27/01/2018,8,198
27/01/2018,9,322
27/01/2018,10,528
27/01/2018,11,627
27/01/2018,12,829
27/01/2018,13,918
27/01/2018,14,1040
27/01/2018,15,1029
27/01/2018,16,836
27/01/2018,17,584
27/01/2018,18,395
27/01/2018,19,319
27/01/2018,20,273
27/01/2018,21,168
27/01/2018,22,191
27/01/2018,23,139
27/02/2014,0,29
27/02/2014,1,7
27/02/2014,2,4
27/02/2014,3,3
27/02/2014,4,5
27/02/2014,5,31
27/02/2014,6,116
27/02/2014,7,358
27/02/2014,8,702
27/02/2014,9,347
27/02/2014,10,168
27/02/2014,11,180
27/02/2014,12,188
27/02/2014,13,191
27/02/2014,14,178
27/02/2014,15,203
27/02/2014,16,280
27/02/2014,17,568
27/02/2014,18,485
27/02/2014,19,333
27/02/2014,20,231
27/02/2014,21,145
27/02/2014,22,86
27/02/2014,23,44
27/02/2015,0,26
27/02/2015,1,9
27/02/2015,2,5
27/02/2015,3,4
27/02/2015,4,5
27/02/2015,5,33
27/02/2015,6,92
27/02/2015,7,316
27/02/2015,8,647
27/02/2015,9,366
27/02/2015,10,175
27/02/2015,11,160
27/02/2015,12,193
27/02/2015,13,208
27/02/2015,14,134
27/02/2015,15,238
27/02/2015,16,297
27/02/2015,17,563
27/02/2015,18,452
27/02/2015,19,300
27/02/2015,20,159
27/02/2015,21,88
27/02/2015,22,104
27/02/2015,23,66
27/02/2016,0,68
27/02/2016,1,35
27/02/2016,2,31
27/02/2016,3,15
27/02/2016,4,4
27/02/2016,5,5
27/02/2016,6,18
27/02/2016,7,58
27/02/2016,8,157
27/02/2016,9,290
27/02/2016,10,317
27/02/2016,11,410
27/02/2016,12,490
27/02/2016,13,477
27/02/2016,14,474
27/02/2016,15,534
27/02/2016,16,481
27/02/2016,17,425
27/02/2016,18,352
27/02/2016,19,242
27/02/2016,20,166
27/02/2016,21,165
27/02/2016,22,119
27/02/2016,23,99
27/02/2017,0,40
27/02/2017,1,5
27/02/2017,2,4
27/02/2017,3,1
27/02/2017,4,7
27/02/2017,5,64
27/02/2017,6,265
27/02/2017,7,597
27/02/2017,8,978
27/02/2017,9,442
27/02/2017,10,213
27/02/2017,11,260
27/02/2017,12,358
27/02/2017,13,336
27/02/2017,14,295
27/02/2017,15,436
27/02/2017,16,612
27/02/2017,17,1132
27/02/2017,18,891
27/02/2017,19,551
27/02/2017,20,310
27/02/2017,21,250
27/02/2017,22,149
27/02/2017,23,68
27/02/2018,0,34
27/02/2018,1,14
27/02/2018,2,11
27/02/2018,3,7
27/02/2018,4,10
27/02/2018,5,83
27/02/2018,6,264
27/02/2018,7,772
27/02/2018,8,1232
27/02/2018,9,516
27/02/2018,10,237
27/02/2018,11,307
27/02/2018,12,390
27/02/2018,13,388
27/02/2018,14,336
27/02/2018,15,484
27/02/2018,16,764
27/02/2018,17,1358
27/02/2018,18,1050
27/02/2018,19,556
27/02/2018,20,367
27/02/2018,21,276
27/02/2018,22,150
27/02/2018,23,80
27/03/2014,0,23
27/03/2014,1,8
27/03/2014,2,6
27/03/2014,3,1
27/03/2014,4,6
27/03/2014,5,36
27/03/2014,6,108
27/03/2014,7,377
27/03/2014,8,796
27/03/2014,9,401
27/03/2014,10,179
27/03/2014,11,219
27/03/2014,12,271
27/03/2014,13,257
27/03/2014,14,188
27/03/2014,15,296
27/03/2014,16,375
27/03/2014,17,747
27/03/2014,18,802
27/03/2014,19,498
27/03/2014,20,322
27/03/2014,21,257
27/03/2014,22,156
27/03/2014,23,120
27/03/2015,0,28
27/03/2015,1,11
27/03/2015,2,9
27/03/2015,3,3
27/03/2015,4,1
27/03/2015,5,17
27/03/2015,6,57
27/03/2015,7,188
27/03/2015,8,270
27/03/2015,9,317
27/03/2015,10,194
27/03/2015,11,198
27/03/2015,12,288
27/03/2015,13,295
27/03/2015,14,289
27/03/2015,15,376
27/03/2015,16,489
27/03/2015,17,922
27/03/2015,18,767
27/03/2015,19,506
27/03/2015,20,321
27/03/2015,21,192
27/03/2015,22,150
27/03/2015,23,114
27/03/2016,0,113
27/03/2016,1,82
27/03/2016,2,50
27/03/2016,3,34
27/03/2016,4,12
27/03/2016,5,24
27/03/2016,6,94
27/03/2016,7,166
27/03/2016,8,297
27/03/2016,9,509
27/03/2016,10,698
27/03/2016,11,781
27/03/2016,12,849
27/03/2016,13,816
27/03/2016,14,910
27/03/2016,15,760
27/03/2016,16,666
27/03/2016,17,613
27/03/2016,18,475
27/03/2016,19,243
27/03/2016,20,158
27/03/2016,21,101
27/03/2016,22,62
27/03/2016,23,51
27/03/2017,0,37
27/03/2017,1,8
27/03/2017,2,3
27/03/2017,4,8
27/03/2017,5,51
27/03/2017,6,234
27/03/2017,7,539
27/03/2017,8,885
27/03/2017,9,439
27/03/2017,10,264
27/03/2017,11,342
27/03/2017,12,443
27/03/2017,13,507
27/03/2017,14,576
27/03/2017,15,739
27/03/2017,16,928
27/03/2017,17,1656
27/03/2017,18,1428
27/03/2017,19,997
27/03/2017,20,610
27/03/2017,21,356
27/03/2017,22,208
27/03/2017,23,109
27/03/2018,0,23
27/03/2018,1,9
27/03/2018,2,1
27/03/2018,3,2
27/03/2018,4,17
27/03/2018,5,65
27/03/2018,6,225
27/03/2018,7,606
27/03/2018,8,1052
27/03/2018,9,573
27/03/2018,10,320
27/03/2018,11,336
27/03/2018,12,351
27/03/2018,13,324
27/03/2018,14,287
27/03/2018,15,409
27/03/2018,16,603
27/03/2018,17,1007
27/03/2018,18,705
27/03/2018,19,378
27/03/2018,20,259
27/03/2018,21,229
27/03/2018,22,118
27/03/2018,23,77
27/04/2014,0,182
27/04/2014,1,138
27/04/2014,2,76
27/04/2014,3,39
27/04/2014,4,13
27/04/2014,5,38
27/04/2014,6,91
27/04/2014,7,252
27/04/2014,8,395
27/04/2014,9,496
27/04/2014,10,659
27/04/2014,11,843
27/04/2014,12,1017
27/04/2014,13,976
27/04/2014,14,859
27/04/2014,15,883
27/04/2014,16,835
27/04/2014,17,922
27/04/2014,18,768
27/04/2014,19,557
27/04/2014,20,424
27/04/2014,21,248
27/04/2014,22,201
27/04/2014,23,129
27/04/2015,0,41
27/04/2015,1,23
27/04/2015,2,13
27/04/2015,3,7
27/04/2015,4,2
27/04/2015,5,50
27/04/2015,6,197
27/04/2015,7,693
27/04/2015,8,1054
27/04/2015,9,493
27/04/2015,10,249
27/04/2015,11,290
27/04/2015,12,412
27/04/2015,13,330
27/04/2015,14,348
27/04/2015,15,435
27/04/2015,16,621
27/04/2015,17,1194
27/04/2015,18,1024
27/04/2015,19,613
27/04/2015,20,286
27/04/2015,21,236
27/04/2015,22,197
27/04/2015,23,61
27/04/2016,0,57
27/04/2016,1,29
27/04/2016,2,7
27/04/2016,3,4
27/04/2016,4,11
27/04/2016,5,80
27/04/2016,6,240
27/04/2016,7,648
27/04/2016,8,685
27/04/2016,9,287
27/04/2016,10,209
27/04/2016,11,250
27/04/2016,12,326
27/04/2016,13,333
27/04/2016,14,296
27/04/2016,15,373
27/04/2016,16,658
27/04/2016,17,1256
27/04/2016,18,952
27/04/2016,19,617
27/04/2016,20,409
27/04/2016,21,296
27/04/2016,22,224
27/04/2016,23,113
27/04/2017,0,40
27/04/2017,1,23
27/04/2017,2,22
27/04/2017,3,9
27/04/2017,4,10
27/04/2017,5,81
27/04/2017,6,342
27/04/2017,7,1023
27/04/2017,8,1465
27/04/2017,9,726
27/04/2017,10,450
27/04/2017,11,439
27/04/2017,12,566
27/04/2017,13,570
27/04/2017,14,591
27/04/2017,15,729
27/04/2017,16,991
27/04/2017,17,1714
27/04/2017,18,1483
27/04/2017,19,919
27/04/2017,20,629
27/04/2017,21,478
27/04/2017,22,304
27/04/2017,23,183
27/04/2018,0,75
27/04/2018,1,64
27/04/2018,2,43
27/04/2018,3,6
27/04/2018,4,3
27/04/2018,5,28
27/04/2018,6,93
27/04/2018,7,249
27/04/2018,8,485
27/04/2018,9,451
27/04/2018,10,312
27/04/2018,11,446
27/04/2018,12,512
27/04/2018,13,535
27/04/2018,14,592
27/04/2018,15,745
27/04/2018,16,1015
27/04/2018,17,1436
27/04/2018,18,1131
27/04/2018,19,710
27/04/2018,20,471
27/04/2018,21,375
27/04/2018,22,310
27/04/2018,23,239
27/05/2014,0,39
27/05/2014,1,30
27/05/2014,2,10
27/05/2014,3,6
27/05/2014,4,7
27/05/2014,5,58
27/05/2014,6,249
27/05/2014,7,702
27/05/2014,8,967
27/05/2014,9,494
27/05/2014,10,311
27/05/2014,11,405
27/05/2014,12,444
27/05/2014,13,412
27/05/2014,14,367
27/05/2014,15,441
27/05/2014,16,616
27/05/2014,17,1272
27/05/2014,18,622
27/05/2014,19,88
27/05/2014,20,218
27/05/2014,21,242
27/05/2014,22,143
27/05/2014,23,78
27/05/2015,0,53
27/05/2015,1,29
27/05/2015,2,13
27/05/2015,3,10
27/05/2015,4,14
27/05/2015,5,101
27/05/2015,6,387
27/05/2015,7,925
27/05/2015,8,1267
27/05/2015,9,565
27/05/2015,10,337
27/05/2015,11,390
27/05/2015,12,444
27/05/2015,13,391
27/05/2015,14,379
27/05/2015,15,431
27/05/2015,16,718
27/05/2015,17,1372
27/05/2015,18,1301
27/05/2015,19,868
27/05/2015,20,632
27/05/2015,21,412
27/05/2015,22,299
27/05/2015,23,137
27/05/2016,0,92
27/05/2016,1,43
27/05/2016,2,25
27/05/2016,3,6
27/05/2016,4,10
27/05/2016,5,77
27/05/2016,6,226
27/05/2016,7,694
27/05/2016,8,1136
27/05/2016,9,619
27/05/2016,10,411
27/05/2016,11,506
27/05/2016,12,639
27/05/2016,13,705
27/05/2016,14,706
27/05/2016,15,875
27/05/2016,16,1025
27/05/2016,17,1180
27/05/2016,18,956
27/05/2016,19,670
27/05/2016,20,514
27/05/2016,21,455
27/05/2016,22,355
27/05/2016,23,214
27/05/2017,0,154
27/05/2017,1,86
27/05/2017,2,69
27/05/2017,3,30
27/05/2017,4,18
27/05/2017,5,26
27/05/2017,6,52
27/05/2017,7,114
27/05/2017,8,301
27/05/2017,9,552
27/05/2017,10,787
27/05/2017,11,803
27/05/2017,12,987
27/05/2017,13,1057
27/05/2017,14,966
27/05/2017,15,1052
27/05/2017,16,727
27/05/2017,17,737
27/05/2017,18,724
27/05/2017,19,751
27/05/2017,20,522
27/05/2017,21,430
27/05/2017,22,311
27/05/2017,23,219
27/06/2014,0,80
27/06/2014,1,39
27/06/2014,2,17
27/06/2014,3,6
27/06/2014,4,8
27/06/2014,5,56
27/06/2014,6,220
27/06/2014,7,646
27/06/2014,8,964
27/06/2014,9,539
27/06/2014,10,321
27/06/2014,11,423
27/06/2014,12,496
27/06/2014,13,467
27/06/2014,14,476
27/06/2014,15,541
27/06/2014,16,761
27/06/2014,17,1186
27/06/2014,18,954
27/06/2014,19,765
27/06/2014,20,600
27/06/2014,21,437
27/06/2014,22,379
27/06/2014,23,258
27/06/2015,0,326
27/06/2015,1,173
27/06/2015,2,128
27/06/2015,3,27
27/06/2015,4,11
27/06/2015,5,9
27/06/2015,6,10
27/06/2015,7,35
27/06/2015,8,40
27/06/2015,9,88
27/06/2015,10,170
27/06/2015,11,262
27/06/2015,12,290
27/06/2015,13,182
27/06/2015,14,95
27/06/2015,15,54
27/06/2015,16,109
27/06/2015,17,258
27/06/2015,18,316
27/06/2015,19,292
27/06/2015,20,147
27/06/2015,21,49
27/06/2015,22,107
27/06/2015,23,127
27/06/2016,0,76
27/06/2016,1,33
27/06/2016,2,11
27/06/2016,3,4
27/06/2016,4,15
27/06/2016,5,99
27/06/2016,6,327
27/06/2016,7,922
27/06/2016,8,1225
27/06/2016,9,551
27/06/2016,10,367
27/06/2016,11,436
27/06/2016,12,495
27/06/2016,13,563
27/06/2016,14,490
27/06/2016,15,562
27/06/2016,16,889
27/06/2016,17,1746
27/06/2016,18,1197
27/06/2016,19,654
27/06/2016,20,517
27/06/2016,21,380
27/06/2016,22,296
27/06/2016,23,67
27/06/2017,0,115
27/06/2017,1,20
27/06/2017,2,16
27/06/2017,3,2
27/06/2017,4,14
27/06/2017,5,136
27/06/2017,6,438
27/06/2017,7,1038
27/06/2017,8,1588
27/06/2017,9,763
27/06/2017,10,467
27/06/2017,11,567
27/06/2017,12,629
27/06/2017,13,609
27/06/2017,14,601
27/06/2017,15,626
27/06/2017,16,1068
27/06/2017,17,1879
27/06/2017,18,1492
27/06/2017,19,1006
27/06/2017,20,791
27/06/2017,21,522
27/06/2017,22,430
27/06/2017,23,198
27/07/2014,0,225
27/07/2014,1,135
27/07/2014,2,92
27/07/2014,3,67
27/07/2014,4,11
27/07/2014,5,8
27/07/2014,6,21
27/07/2014,7,75
27/07/2014,8,192
27/07/2014,9,379
27/07/2014,10,548
27/07/2014,11,768
27/07/2014,12,923
27/07/2014,13,868
27/07/2014,14,920
27/07/2014,15,829
27/07/2014,16,752
27/07/2014,17,720
27/07/2014,18,682
27/07/2014,19,623
27/07/2014,20,496
27/07/2014,21,311
27/07/2014,22,216
27/07/2014,23,144
27/07/2015,0,69
27/07/2015,1,38
27/07/2015,2,18
27/07/2015,3,5
27/07/2015,4,6
27/07/2015,5,37
27/07/2015,6,250
27/07/2015,7,721
27/07/2015,8,1026
27/07/2015,9,514
27/07/2015,10,385
27/07/2015,11,402
27/07/2015,12,527
27/07/2015,13,522
27/07/2015,14,463
27/07/2015,15,148
27/07/2015,16,554
27/07/2015,17,1402
27/07/2015,18,1322
27/07/2015,19,925
27/07/2015,20,710
27/07/2015,21,494
27/07/2015,22,238
27/07/2015,23,143
27/07/2016,0,51
27/07/2016,1,45
27/07/2016,2,17
27/07/2016,3,9
27/07/2016,4,15
27/07/2016,5,102
27/07/2016,6,382
27/07/2016,7,942
27/07/2016,8,1129
27/07/2016,9,529
27/07/2016,10,348
27/07/2016,11,373
27/07/2016,12,380
27/07/2016,13,409
27/07/2016,14,400
27/07/2016,15,462
27/07/2016,16,735
27/07/2016,17,1409
27/07/2016,18,1286
27/07/2016,19,920
27/07/2016,20,703
27/07/2016,21,480
27/07/2016,22,296
27/07/2016,23,146
27/07/2017,0,118
27/07/2017,1,52
27/07/2017,2,31
27/07/2017,3,2
27/07/2017,4,16
27/07/2017,5,121
27/07/2017,6,406
27/07/2017,7,972
27/07/2017,8,1376
27/07/2017,9,668
27/07/2017,10,447
27/07/2017,11,578
27/07/2017,12,642
27/07/2017,13,640
27/07/2017,14,644
27/07/2017,15,771
27/07/2017,16,1046
27/07/2017,17,1739
27/07/2017,18,1515
27/07/2017,19,1047
27/07/2017,20,763
27/07/2017,21,467
27/07/2017,22,366
27/07/2017,23,225
27/08/2014,0,61
27/08/2014,1,16
27/08/2014,2,9
27/08/2014,3,3
27/08/2014,4,12
27/08/2014,5,88
27/08/2014,6,301
27/08/2014,7,802
27/08/2014,8,1082
27/08/2014,9,526
27/08/2014,10,338
27/08/2014,11,377
27/08/2014,12,526
27/08/2014,13,454
27/08/2014,14,461
27/08/2014,15,480
27/08/2014,16,701
27/08/2014,17,1296
27/08/2014,18,1241
27/08/2014,19,875
27/08/2014,20,577
27/08/2014,21,457
27/08/2014,22,305
27/08/2014,23,150
27/08/2015,0,74
27/08/2015,1,28
27/08/2015,2,16
27/08/2015,3,12
27/08/2015,4,15
27/08/2015,5,72
27/08/2015,6,346
27/08/2015,7,923
27/08/2015,8,1231
27/08/2015,9,588
27/08/2015,10,309
27/08/2015,11,388
27/08/2015,12,547
27/08/2015,13,511
27/08/2015,14,418
27/08/2015,15,531
27/08/2015,16,811
27/08/2015,17,1550
27/08/2015,18,1409
27/08/2015,19,965
27/08/2015,20,608
27/08/2015,21,482
27/08/2015,22,371
27/08/2015,23,201
27/08/2016,0,199
27/08/2016,1,92
27/08/2016,2,69
27/08/2016,3,32
27/08/2016,4,19
27/08/2016,5,30
27/08/2016,6,70
27/08/2016,7,158
27/08/2016,8,353
27/08/2016,9,526
27/08/2016,10,805
27/08/2016,11,859
27/08/2016,12,867
27/08/2016,13,885
27/08/2016,14,788
27/08/2016,15,806
27/08/2016,16,827
27/08/2016,17,801
27/08/2016,18,813
27/08/2016,19,689
27/08/2016,20,518
27/08/2016,21,433
27/08/2016,22,318
27/08/2016,23,240
27/08/2017,0,144
27/08/2017,1,275
27/08/2017,2,115
27/08/2017,3,40
27/08/2017,4,28
27/08/2017,5,25
27/08/2017,6,37
27/08/2017,7,141
27/08/2017,8,327
27/08/2017,9,533
27/08/2017,10,839
27/08/2017,11,1063
27/08/2017,12,1143
27/08/2017,13,1172
27/08/2017,14,1181
27/08/2017,15,1161
27/08/2017,16,1036
27/08/2017,17,1114
27/08/2017,18,891
27/08/2017,19,831
27/08/2017,20,571
27/08/2017,21,273
27/08/2017,22,264
27/08/2017,23,152
27/09/2014,0,167
27/09/2014,1,104
27/09/2014,2,96
27/09/2014,3,47
27/09/2014,4,9
27/09/2014,5,13
27/09/2014,6,53
27/09/2014,7,153
27/09/2014,8,313
27/09/2014,9,526
27/09/2014,10,792
27/09/2014,11,903
27/09/2014,12,1048
27/09/2014,13,1087
27/09/2014,14,1114
27/09/2014,15,1052
27/09/2014,16,1027
27/09/2014,17,972
27/09/2014,18,857
27/09/2014,19,726
27/09/2014,20,511
27/09/2014,21,400
27/09/2014,22,341
27/09/2014,23,315
27/09/2015,0,189
27/09/2015,1,131
27/09/2015,2,86
27/09/2015,3,50
27/09/2015,4,10
27/09/2015,5,18
27/09/2015,6,25
27/09/2015,7,71
27/09/2015,8,208
27/09/2015,9,423
27/09/2015,10,632
27/09/2015,11,808
27/09/2015,12,975
27/09/2015,13,965
27/09/2015,14,804
27/09/2015,15,853
27/09/2015,16,773
27/09/2015,17,684
27/09/2015,18,682
27/09/2015,19,502
27/09/2015,20,363
27/09/2015,21,307
27/09/2015,22,300
27/09/2015,23,120
27/09/2016,0,56
27/09/2016,1,21
27/09/2016,2,6
27/09/2016,3,1
27/09/2016,4,14
27/09/2016,5,55
27/09/2016,6,285
27/09/2016,7,834
27/09/2016,8,1310
27/09/2016,9,564
27/09/2016,10,319
27/09/2016,11,371
27/09/2016,12,478
27/09/2016,13,475
27/09/2016,14,441
27/09/2016,15,584
27/09/2016,16,916
27/09/2016,17,1707
27/09/2016,18,1481
27/09/2016,19,935
27/09/2016,20,618
27/09/2016,21,452
27/09/2016,22,322
27/09/2016,23,112
27/09/2017,0,76
27/09/2017,1,29
27/09/2017,2,18
27/09/2017,3,5
27/09/2017,4,17
27/09/2017,5,132
27/09/2017,6,460
27/09/2017,7,1111
27/09/2017,8,1410
27/09/2017,9,567
27/09/2017,10,334
27/09/2017,11,428
27/09/2017,12,550
27/09/2017,13,535
27/09/2017,14,490
27/09/2017,15,603
27/09/2017,16,878
27/09/2017,17,1633
27/09/2017,18,1432
27/09/2017,19,934
27/09/2017,20,634
27/09/2017,21,507
27/09/2017,22,308
27/09/2017,23,190
27/10/2014,0,50
27/10/2014,1,23
27/10/2014,2,12
27/10/2014,3,11
27/10/2014,4,5
27/10/2014,5,63
27/10/2014,6,251
27/10/2014,7,642
27/10/2014,8,1095
27/10/2014,9,481
27/10/2014,10,337
27/10/2014,11,357
27/10/2014,12,504
27/10/2014,13,541
27/10/2014,14,443
27/10/2014,15,490
27/10/2014,16,739
27/10/2014,17,1373
27/10/2014,18,1259
27/10/2014,19,741
27/10/2014,20,469
27/10/2014,21,342
27/10/2014,22,200
27/10/2014,23,110
27/10/2015,0,29
27/10/2015,1,19
27/10/2015,2,4
27/10/2015,4,8
27/10/2015,5,73
27/10/2015,6,287
27/10/2015,7,796
27/10/2015,8,1221
27/10/2015,9,527
27/10/2015,10,282
27/10/2015,11,304
27/10/2015,12,396
27/10/2015,13,373
27/10/2015,14,363
27/10/2015,15,411
27/10/2015,16,662
27/10/2015,17,1315
27/10/2015,18,1004
27/10/2015,19,638
27/10/2015,20,447
27/10/2015,21,334
27/10/2015,22,191
27/10/2015,23,113
27/10/2016,0,29
27/10/2016,1,23
27/10/2016,2,8
27/10/2016,3,10
27/10/2016,4,15
27/10/2016,5,83
27/10/2016,6,282
27/10/2016,7,813
27/10/2016,8,1276
27/10/2016,9,578
27/10/2016,10,342
27/10/2016,11,349
27/10/2016,12,307
27/10/2016,13,207
27/10/2016,14,168
27/10/2016,15,284
27/10/2016,16,608
27/10/2016,17,1202
27/10/2016,18,996
27/10/2016,19,608
27/10/2016,20,393
27/10/2016,21,362
27/10/2016,22,205
27/10/2016,23,132
27/10/2017,0,64
27/10/2017,1,33
27/10/2017,2,14
27/10/2017,3,7
27/10/2017,4,19
27/10/2017,5,87
27/10/2017,6,301
27/10/2017,7,667
27/10/2017,8,1220
27/10/2017,9,726
27/10/2017,10,426
27/10/2017,11,515
27/10/2017,12,764
27/10/2017,13,773
27/10/2017,14,760
27/10/2017,15,882
27/10/2017,16,1213
27/10/2017,17,1648
27/10/2017,18,1130
27/10/2017,19,702
27/10/2017,20,388
27/10/2017,21,313
27/10/2017,22,292
27/10/2017,23,205
27/11/2014,0,30
27/11/2014,1,32
27/11/2014,2,20
27/11/2014,3,4
27/11/2014,4,6
27/11/2014,5,9
27/11/2014,6,21
27/11/2014,7,42
27/11/2014,8,90
27/11/2014,9,117
27/11/2014,10,160
27/11/2014,11,170
27/11/2014,12,206
27/11/2014,13,187
27/11/2014,14,173
27/11/2014,15,132
27/11/2014,16,123
27/11/2014,17,58
27/11/2014,18,38
27/11/2014,19,45
27/11/2014,20,41
27/11/2014,21,44
27/11/2014,22,42
27/11/2014,23,53
27/11/2015,0,43
27/11/2015,1,11
27/11/2015,2,15
27/11/2015,3,2
27/11/2015,4,2
27/11/2015,5,13
27/11/2015,6,40
27/11/2015,7,109
27/11/2015,8,181
27/11/2015,9,257
27/11/2015,10,346
27/11/2015,11,427
27/11/2015,12,639
27/11/2015,13,673
27/11/2015,14,658
27/11/2015,15,724
27/11/2015,16,666
27/11/2015,17,455
27/11/2015,18,282
27/11/2015,19,204
27/11/2015,20,155
27/11/2015,21,134
27/11/2015,22,130
27/11/2015,23,74
27/11/2016,0,58
27/11/2016,1,47
27/11/2016,2,30
27/11/2016,3,11
27/11/2016,4,6
27/11/2016,5,9
27/11/2016,6,15
27/11/2016,7,35
27/11/2016,8,122
27/11/2016,9,194
27/11/2016,10,335
27/11/2016,11,429
27/11/2016,12,484
27/11/2016,13,499
27/11/2016,14,470
27/11/2016,15,522
27/11/2016,16,478
27/11/2016,17,329
27/11/2016,18,245
27/11/2016,19,197
27/11/2016,20,139
27/11/2016,21,91
27/11/2016,22,74
27/11/2016,23,48
27/11/2017,0,24
27/11/2017,1,9
27/11/2017,2,5
27/11/2017,3,2
27/11/2017,4,16
27/11/2017,5,84
27/11/2017,6,254
27/11/2017,7,693
27/11/2017,8,1098
27/11/2017,9,449
27/11/2017,10,224
27/11/2017,11,297
27/11/2017,12,369
27/11/2017,13,404
27/11/2017,14,370
27/11/2017,15,506
27/11/2017,16,744
27/11/2017,17,1190
27/11/2017,18,947
27/11/2017,19,565
27/11/2017,20,329
27/11/2017,21,217
27/11/2017,22,141
27/11/2017,23,63
27/12/2014,0,30
27/12/2014,1,24
27/12/2014,2,6
27/12/2014,3,6
27/12/2014,4,2
27/12/2014,5,7
27/12/2014,6,17
27/12/2014,7,34
27/12/2014,8,76
27/12/2014,9,127
27/12/2014,10,230
27/12/2014,11,295
27/12/2014,12,410
27/12/2014,13,415
27/12/2014,14,525
27/12/2014,15,527
27/12/2014,16,393
27/12/2014,17,322
27/12/2014,18,233
27/12/2014,19,180
27/12/2014,20,108
27/12/2014,21,87
27/12/2014,22,82
27/12/2014,23,45
27/12/2015,0,42
27/12/2015,1,27
27/12/2015,2,24
27/12/2015,3,10
27/12/2015,4,4
27/12/2015,5,4
27/12/2015,6,12
27/12/2015,7,28
27/12/2015,8,79
27/12/2015,9,143
27/12/2015,10,262
27/12/2015,11,302
27/12/2015,12,416
27/12/2015,13,465
27/12/2015,14,507
27/12/2015,15,571
27/12/2015,16,542
27/12/2015,17,405
27/12/2015,18,277
27/12/2015,19,144
27/12/2015,20,117
27/12/2015,21,87
27/12/2015,22,97
27/12/2015,23,58
27/12/2016,0,15
27/12/2016,1,11
27/12/2016,2,2
27/12/2016,4,3
27/12/2016,5,32
27/12/2016,6,101
27/12/2016,7,214
27/12/2016,8,353
27/12/2016,9,315
27/12/2016,10,224
27/12/2016,11,290
27/12/2016,12,351
27/12/2016,13,426
27/12/2016,14,481
27/12/2016,15,533
27/12/2016,16,598
27/12/2016,17,691
27/12/2016,18,461
27/12/2016,19,272
27/12/2016,20,179
27/12/2016,21,115
27/12/2016,22,91
27/12/2016,23,45
27/12/2017,0,15
27/12/2017,1,3
27/12/2017,3,8
27/12/2017,4,7
27/12/2017,5,25
27/12/2017,6,105
27/12/2017,7,206
27/12/2017,8,337
27/12/2017,9,242
27/12/2017,10,168
27/12/2017,11,184
27/12/2017,12,207
27/12/2017,13,181
27/12/2017,14,196
27/12/2017,15,249
27/12/2017,16,285
27/12/2017,17,324
27/12/2017,18,222
27/12/2017,19,141
27/12/2017,20,76
27/12/2017,21,66
27/12/2017,22,45
27/12/2017,23,29
28/01/2014,0,11
28/01/2014,1,9
28/01/2014,2,1
28/01/2014,4,4
28/01/2014,5,27
28/01/2014,6,92
28/01/2014,7,223
28/01/2014,8,497
28/01/2014,9,231
28/01/2014,10,86
28/01/2014,11,75
28/01/2014,12,110
28/01/2014,13,106
28/01/2014,14,93
28/01/2014,15,117
28/01/2014,16,177
28/01/2014,17,362
28/01/2014,18,347
28/01/2014,19,215
28/01/2014,20,157
28/01/2014,21,102
28/01/2014,22,55
28/01/2014,23,32
28/01/2015,0,14
28/01/2015,1,7
28/01/2015,2,1
28/01/2015,3,1
28/01/2015,4,4
28/01/2015,5,44
28/01/2015,6,142
28/01/2015,7,384
28/01/2015,8,654
28/01/2015,9,351
28/01/2015,10,145
28/01/2015,11,135
28/01/2015,12,205
28/01/2015,13,183
28/01/2015,14,165
28/01/2015,15,193
28/01/2015,16,310
28/01/2015,17,622
28/01/2015,18,552
28/01/2015,19,362
28/01/2015,20,248
28/01/2015,21,183
28/01/2015,22,152
28/01/2015,23,37
28/01/2016,1,1
28/01/2016,5,13
28/01/2016,6,29
28/01/2016,7,78
28/01/2016,8,173
28/01/2016,9,133
28/01/2016,10,68
28/01/2016,11,70
28/01/2016,12,64
28/01/2016,13,72
28/01/2016,14,72
28/01/2016,15,77
28/01/2016,16,163
28/01/2016,17,309
28/01/2016,18,270
28/01/2016,19,146
28/01/2016,20,103
28/01/2016,21,83
28/01/2016,22,65
28/01/2016,23,33
28/01/2017,0,59
28/01/2017,1,45
28/01/2017,2,30
28/01/2017,3,16
28/01/2017,4,12
28/01/2017,5,5
28/01/2017,6,14
28/01/2017,7,64
28/01/2017,8,139
28/01/2017,9,257
28/01/2017,10,337
28/01/2017,11,391
28/01/2017,12,484
28/01/2017,13,493
28/01/2017,14,546
28/01/2017,15,555
28/01/2017,16,555
28/01/2017,17,439
28/01/2017,18,342
28/01/2017,19,270
28/01/2017,20,149
28/01/2017,21,139
28/01/2017,22,134
28/01/2017,23,80
28/01/2018,0,102
28/01/2018,1,62
28/01/2018,2,44
28/01/2018,3,10
28/01/2018,4,8
28/01/2018,5,7
28/01/2018,6,21
28/01/2018,7,50
28/01/2018,8,78
28/01/2018,9,90
28/01/2018,10,137
28/01/2018,11,174
28/01/2018,12,209
28/01/2018,13,181
28/01/2018,14,237
28/01/2018,15,266
28/01/2018,16,273
28/01/2018,17,270
28/01/2018,18,195
28/01/2018,19,181
28/01/2018,20,92
28/01/2018,21,71
28/01/2018,22,66
28/01/2018,23,43
28/02/2014,0,17
28/02/2014,1,15
28/02/2014,2,6
28/02/2014,3,2
28/02/2014,4,3
28/02/2014,5,28
28/02/2014,6,86
28/02/2014,7,243
28/02/2014,8,534
28/02/2014,9,303
28/02/2014,10,147
28/02/2014,11,161
28/02/2014,12,178
28/02/2014,13,202
28/02/2014,14,168
28/02/2014,15,184
28/02/2014,16,290
28/02/2014,17,504
28/02/2014,18,383
28/02/2014,19,248
28/02/2014,20,146
28/02/2014,21,94
28/02/2014,22,91
28/02/2014,23,60
28/02/2015,0,55
28/02/2015,1,29
28/02/2015,2,13
28/02/2015,3,5
28/02/2015,4,7
28/02/2015,5,2
28/02/2015,6,6
28/02/2015,7,39
28/02/2015,8,103
28/02/2015,9,170
28/02/2015,10,203
28/02/2015,11,225
28/02/2015,12,240
28/02/2015,13,302
28/02/2015,14,298
28/02/2015,15,303
28/02/2015,16,311
28/02/2015,17,266
28/02/2015,18,200
28/02/2015,19,122
28/02/2015,20,115
28/02/2015,21,85
28/02/2015,22,69
28/02/2015,23,54
28/02/2016,0,77
28/02/2016,1,65
28/02/2016,2,39
28/02/2016,3,13
28/02/2016,4,5
28/02/2016,5,4
28/02/2016,6,8
28/02/2016,7,53
28/02/2016,8,128
28/02/2016,9,239
28/02/2016,10,465
28/02/2016,11,694
28/02/2016,12,902
28/02/2016,13,917
28/02/2016,14,1004
28/02/2016,15,1055
28/02/2016,16,992
28/02/2016,17,765
28/02/2016,18,522
28/02/2016,19,308
28/02/2016,20,196
28/02/2016,21,130
28/02/2016,22,109
28/02/2016,23,42
28/02/2017,0,25
28/02/2017,1,9
28/02/2017,2,5
28/02/2017,3,2
28/02/2017,4,7
28/02/2017,5,84
28/02/2017,6,321
28/02/2017,7,888
28/02/2017,8,1275
28/02/2017,9,503
28/02/2017,10,280
28/02/2017,11,365
28/02/2017,12,449
28/02/2017,13,437
28/02/2017,14,411
28/02/2017,15,485
28/02/2017,16,734
28/02/2017,17,837
28/02/2017,18,220
28/02/2017,19,128
28/02/2017,20,105
28/02/2017,21,86
28/02/2017,22,110
28/02/2017,23,62
28/02/2018,0,28
28/02/2018,1,12
28/02/2018,2,7
28/02/2018,3,4
28/02/2018,4,18
28/02/2018,5,103
28/02/2018,6,271
28/02/2018,7,793
28/02/2018,8,1255
28/02/2018,9,484
28/02/2018,10,254
28/02/2018,11,295
28/02/2018,12,417
28/02/2018,13,387
28/02/2018,14,357
28/02/2018,15,470
28/02/2018,16,799
28/02/2018,17,1352
28/02/2018,18,977
28/02/2018,19,559
28/02/2018,20,328
28/02/2018,21,253
28/02/2018,22,192
28/02/2018,23,95
28/03/2014,0,70
28/03/2014,1,32
28/03/2014,2,20
28/03/2014,3,4
28/03/2014,4,5
28/03/2014,5,39
28/03/2014,6,146
28/03/2014,7,312
28/03/2014,8,502
28/03/2014,9,357
28/03/2014,10,155
28/03/2014,11,135
28/03/2014,12,171
28/03/2014,13,261
28/03/2014,14,305
28/03/2014,15,382
28/03/2014,16,544
28/03/2014,17,869
28/03/2014,18,793
28/03/2014,19,491
28/03/2014,20,365
28/03/2014,21,287
28/03/2014,22,252
28/03/2014,23,173
28/03/2015,0,100
28/03/2015,1,62
28/03/2015,2,38
28/03/2015,3,9
28/03/2015,4,2
28/03/2015,5,4
28/03/2015,6,16
28/03/2015,7,60
28/03/2015,8,164
28/03/2015,9,263
28/03/2015,10,335
28/03/2015,11,418
28/03/2015,12,438
28/03/2015,13,463
28/03/2015,14,349
28/03/2015,15,380
28/03/2015,16,307
28/03/2015,17,293
28/03/2015,18,266
28/03/2015,19,207
28/03/2015,20,130
28/03/2015,21,98
28/03/2015,22,78
28/03/2015,23,93
28/03/2016,0,15
28/03/2016,1,7
28/03/2016,2,2
28/03/2016,3,3
28/03/2016,4,8
28/03/2016,5,42
28/03/2016,6,81
28/03/2016,7,197
28/03/2016,8,587
28/03/2016,9,464
28/03/2016,10,251
28/03/2016,11,384
28/03/2016,12,486
28/03/2016,13,481
28/03/2016,14,481
28/03/2016,15,437
28/03/2016,16,696
28/03/2016,17,1332
28/03/2016,18,1113
28/03/2016,19,620
28/03/2016,20,324
28/03/2016,21,226
28/03/2016,22,148
28/03/2016,23,45
28/03/2017,0,55
28/03/2017,1,22
28/03/2017,2,14
28/03/2017,3,9
28/03/2017,4,8
28/03/2017,5,72
28/03/2017,6,313
28/03/2017,7,833
28/03/2017,8,1019
28/03/2017,9,288
28/03/2017,10,165
28/03/2017,11,214
28/03/2017,12,254
28/03/2017,13,368
28/03/2017,14,407
28/03/2017,15,636
28/03/2017,16,866
28/03/2017,17,1591
28/03/2017,18,1312
28/03/2017,19,798
28/03/2017,20,487
28/03/2017,21,386
28/03/2017,22,218
28/03/2017,23,109
28/03/2018,0,28
28/03/2018,1,7
28/03/2018,2,6
28/03/2018,3,5
28/03/2018,4,9
28/03/2018,5,75
28/03/2018,6,202
28/03/2018,7,509
28/03/2018,8,1055
28/03/2018,9,593
28/03/2018,10,362
28/03/2018,11,422
28/03/2018,12,504
28/03/2018,13,449
28/03/2018,14,434
28/03/2018,15,495
28/03/2018,16,390
28/03/2018,17,493
28/03/2018,18,413
28/03/2018,19,322
28/03/2018,20,253
28/03/2018,21,153
28/03/2018,22,146
28/03/2018,23,91
28/04/2014,0,74
28/04/2014,1,26
28/04/2014,2,16
28/04/2014,3,3
28/04/2014,4,2
28/04/2014,5,62
28/04/2014,6,204
28/04/2014,7,608
28/04/2014,8,970
28/04/2014,9,457
28/04/2014,10,317
28/04/2014,11,356
28/04/2014,12,446
28/04/2014,13,425
28/04/2014,14,399
28/04/2014,15,368
28/04/2014,16,306
28/04/2014,17,480
28/04/2014,18,300
28/04/2014,19,237
28/04/2014,20,98
28/04/2014,21,108
28/04/2014,22,94
28/04/2014,23,59
28/04/2015,0,20
28/04/2015,1,15
28/04/2015,2,9
28/04/2015,3,4
28/04/2015,4,7
28/04/2015,5,74
28/04/2015,6,260
28/04/2015,7,759
28/04/2015,8,1145
28/04/2015,9,529
28/04/2015,10,360
28/04/2015,11,400
28/04/2015,12,464
28/04/2015,13,477
28/04/2015,14,441
28/04/2015,15,478
28/04/2015,16,731
28/04/2015,17,1348
28/04/2015,18,1326
28/04/2015,19,852
28/04/2015,20,567
28/04/2015,21,381
28/04/2015,22,226
28/04/2015,23,126
28/04/2016,0,51
28/04/2016,1,16
28/04/2016,2,10
28/04/2016,3,5
28/04/2016,4,8
28/04/2016,5,62
28/04/2016,6,197
28/04/2016,7,641
28/04/2016,8,719
28/04/2016,9,189
28/04/2016,10,51
28/04/2016,11,48
28/04/2016,12,91
28/04/2016,13,187
28/04/2016,14,232
28/04/2016,15,203
28/04/2016,16,221
28/04/2016,17,551
28/04/2016,18,667
28/04/2016,19,464
28/04/2016,20,279
28/04/2016,21,83
28/04/2016,22,116
28/04/2016,23,104
28/04/2017,0,87
28/04/2017,1,46
28/04/2017,2,35
28/04/2017,3,7
28/04/2017,4,13
28/04/2017,5,85
28/04/2017,6,310
28/04/2017,7,819
28/04/2017,8,1231
28/04/2017,9,670
28/04/2017,10,502
28/04/2017,11,662
28/04/2017,12,822
28/04/2017,13,758
28/04/2017,14,725
28/04/2017,15,922
28/04/2017,16,1178
28/04/2017,17,1628
28/04/2017,18,1202
28/04/2017,19,892
28/04/2017,20,613
28/04/2017,21,478
28/04/2017,22,419
28/04/2017,23,287
28/04/2018,0,164
28/04/2018,1,105
28/04/2018,2,60
28/04/2018,3,34
28/04/2018,4,9
28/04/2018,5,35
28/04/2018,6,67
28/04/2018,7,174
28/04/2018,8,334
28/04/2018,9,576
28/04/2018,10,848
28/04/2018,11,1165
28/04/2018,12,1359
28/04/2018,13,1524
28/04/2018,14,1557
28/04/2018,15,1481
28/04/2018,16,1331
28/04/2018,17,1213
28/04/2018,18,906
28/04/2018,19,696
28/04/2018,20,517
28/04/2018,21,392
28/04/2018,22,219
28/04/2018,23,135
28/05/2014,0,28
28/05/2014,1,11
28/05/2014,2,8
28/05/2014,3,7
28/05/2014,4,11
28/05/2014,5,61
28/05/2014,6,274
28/05/2014,7,771
28/05/2014,8,950
28/05/2014,9,470
28/05/2014,10,300
28/05/2014,11,358
28/05/2014,12,430
28/05/2014,13,430
28/05/2014,14,375
28/05/2014,15,375
28/05/2014,16,546
28/05/2014,17,1218
28/05/2014,18,1164
28/05/2014,19,817
28/05/2014,20,595
28/05/2014,21,325
28/05/2014,22,250
28/05/2014,23,148
28/05/2015,0,59
28/05/2015,1,24
28/05/2015,2,11
28/05/2015,3,5
28/05/2015,4,14
28/05/2015,5,78
28/05/2015,6,327
28/05/2015,7,921
28/05/2015,8,1221
28/05/2015,9,560
28/05/2015,10,328
28/05/2015,11,394
28/05/2015,12,473
28/05/2015,13,466
28/05/2015,14,415
28/05/2015,15,519
28/05/2015,16,779
28/05/2015,17,1431
28/05/2015,18,1213
28/05/2015,19,820
28/05/2015,20,648
28/05/2015,21,474
28/05/2015,22,271
28/05/2015,23,187
28/05/2016,0,156
28/05/2016,1,67
28/05/2016,2,68
28/05/2016,3,17
28/05/2016,4,12
28/05/2016,5,18
28/05/2016,6,38
28/05/2016,7,119
28/05/2016,8,323
28/05/2016,9,599
28/05/2016,10,790
28/05/2016,11,868
28/05/2016,12,978
28/05/2016,13,1012
28/05/2016,14,893
28/05/2016,15,877
28/05/2016,16,889
28/05/2016,17,795
28/05/2016,18,803
28/05/2016,19,677
28/05/2016,20,587
28/05/2016,21,456
28/05/2016,22,303
28/05/2016,23,215
28/05/2017,0,164
28/05/2017,1,104
28/05/2017,2,57
28/05/2017,3,39
28/05/2017,4,13
28/05/2017,5,15
28/05/2017,6,49
28/05/2017,7,115
28/05/2017,8,297
28/05/2017,9,595
28/05/2017,10,855
28/05/2017,11,1083
28/05/2017,12,847
28/05/2017,13,629
28/05/2017,14,329
28/05/2017,15,638
28/05/2017,16,847
28/05/2017,17,821
28/05/2017,18,762
28/05/2017,19,648
28/05/2017,20,418
28/05/2017,21,391
28/05/2017,22,267
28/05/2017,23,205
28/06/2014,0,174
28/06/2014,1,116
28/06/2014,2,73
28/06/2014,3,38
28/06/2014,4,12
28/06/2014,5,33
28/06/2014,6,71
28/06/2014,7,155
28/06/2014,8,285
28/06/2014,9,471
28/06/2014,10,681
28/06/2014,11,823
28/06/2014,12,801
28/06/2014,13,754
28/06/2014,14,665
28/06/2014,15,1021
28/06/2014,16,796
28/06/2014,17,785
28/06/2014,18,749
28/06/2014,19,698
28/06/2014,20,554
28/06/2014,21,483
28/06/2014,22,329
28/06/2014,23,283
28/06/2015,0,103
28/06/2015,1,83
28/06/2015,2,39
28/06/2015,3,38
28/06/2015,4,9
28/06/2015,5,11
28/06/2015,6,36
28/06/2015,7,88
28/06/2015,8,204
28/06/2015,9,431
28/06/2015,10,728
28/06/2015,11,949
28/06/2015,12,1029
28/06/2015,13,1062
28/06/2015,14,1035
28/06/2015,15,1078
28/06/2015,16,1058
28/06/2015,17,874
28/06/2015,18,792
28/06/2015,19,699
28/06/2015,20,519
28/06/2015,21,399
28/06/2015,22,235
28/06/2015,23,122
28/06/2016,0,28
28/06/2016,1,13
28/06/2016,2,6
28/06/2016,3,5
28/06/2016,4,13
28/06/2016,5,109
28/06/2016,6,359
28/06/2016,7,976
28/06/2016,8,1357
28/06/2016,9,566
28/06/2016,10,382
28/06/2016,11,454
28/06/2016,12,523
28/06/2016,13,438
28/06/2016,14,375
28/06/2016,15,487
28/06/2016,16,810
28/06/2016,17,1700
28/06/2016,18,989
28/06/2016,19,548
28/06/2016,20,478
28/06/2016,21,125
28/06/2016,22,190
28/06/2016,23,133
28/06/2017,0,85
28/06/2017,1,25
28/06/2017,2,13
28/06/2017,3,4
28/06/2017,4,13
28/06/2017,5,128
28/06/2017,6,404
28/06/2017,7,1068
28/06/2017,8,1411
28/06/2017,9,631
28/06/2017,10,387
28/06/2017,11,518
28/06/2017,12,613
28/06/2017,13,605
28/06/2017,14,614
28/06/2017,15,690
28/06/2017,16,1081
28/06/2017,17,1856
28/06/2017,18,1568
28/06/2017,19,1018
28/06/2017,20,882
28/06/2017,21,635
28/06/2017,22,446
28/06/2017,23,198
28/07/2014,0,53
28/07/2014,1,14
28/07/2014,2,9
28/07/2014,3,11
28/07/2014,4,11
28/07/2014,5,60
28/07/2014,6,257
28/07/2014,7,646
28/07/2014,8,988
28/07/2014,9,515
28/07/2014,10,358
28/07/2014,11,417
28/07/2014,12,453
28/07/2014,13,493
28/07/2014,14,394
28/07/2014,15,462
28/07/2014,16,675
28/07/2014,17,1389
28/07/2014,18,1164
28/07/2014,19,872
28/07/2014,20,624
28/07/2014,21,402
28/07/2014,22,267
28/07/2014,23,154
28/07/2015,0,68
28/07/2015,1,35
28/07/2015,2,17
28/07/2015,3,2
28/07/2015,4,11
28/07/2015,5,85
28/07/2015,6,376
28/07/2015,7,934
28/07/2015,8,1251
28/07/2015,9,616
28/07/2015,10,392
28/07/2015,11,507
28/07/2015,12,533
28/07/2015,13,523
28/07/2015,14,464
28/07/2015,15,547
28/07/2015,16,807
28/07/2015,17,1452
28/07/2015,18,1310
28/07/2015,19,546
28/07/2015,20,620
28/07/2015,21,427
28/07/2015,22,273
28/07/2015,23,180
28/07/2016,0,81
28/07/2016,1,43
28/07/2016,2,36
28/07/2016,3,20
28/07/2016,4,9
28/07/2016,5,97
28/07/2016,6,312
28/07/2016,7,824
28/07/2016,8,1160
28/07/2016,9,567
28/07/2016,10,323
28/07/2016,11,362
28/07/2016,12,426
28/07/2016,13,436
28/07/2016,14,406
28/07/2016,15,498
28/07/2016,16,758
28/07/2016,17,690
28/07/2016,18,881
28/07/2016,19,765
28/07/2016,20,434
28/07/2016,21,110
28/07/2016,22,91
28/07/2016,23,37
28/07/2017,0,98
28/07/2017,1,53
28/07/2017,2,55
28/07/2017,3,8
28/07/2017,4,20
28/07/2017,5,89
28/07/2017,6,346
28/07/2017,7,825
28/07/2017,8,1198
28/07/2017,9,657
28/07/2017,10,397
28/07/2017,11,330
28/07/2017,12,105
28/07/2017,13,146
28/07/2017,14,314
28/07/2017,15,91
28/07/2017,16,82
28/07/2017,17,210
28/07/2017,18,182
28/07/2017,19,192
28/07/2017,20,168
28/07/2017,21,91
28/07/2017,22,41
28/07/2017,23,28
28/08/2014,0,64
28/08/2014,1,27
28/08/2014,2,7
28/08/2014,3,7
28/08/2014,4,8
28/08/2014,5,58
28/08/2014,6,304
28/08/2014,7,738
28/08/2014,8,1066
28/08/2014,9,549
28/08/2014,10,340
28/08/2014,11,403
28/08/2014,12,473
28/08/2014,13,524
28/08/2014,14,440
28/08/2014,15,527
28/08/2014,16,783
28/08/2014,17,1240
28/08/2014,18,1142
28/08/2014,19,774
28/08/2014,20,599
28/08/2014,21,456
28/08/2014,22,354
28/08/2014,23,178
28/08/2015,0,86
28/08/2015,1,36
28/08/2015,2,31
28/08/2015,3,4
28/08/2015,4,10
28/08/2015,5,76
28/08/2015,6,289
28/08/2015,7,777
28/08/2015,8,1158
28/08/2015,9,578
28/08/2015,10,370
28/08/2015,11,472
28/08/2015,12,631
28/08/2015,13,597
28/08/2015,14,644
28/08/2015,15,680
28/08/2015,16,895
28/08/2015,17,1408
28/08/2015,18,1144
28/08/2015,19,778
28/08/2015,20,490
28/08/2015,21,399
28/08/2015,22,387
28/08/2015,23,270
28/08/2016,0,144
28/08/2016,1,118
28/08/2016,2,87
28/08/2016,3,37
28/08/2016,4,20
28/08/2016,5,11
28/08/2016,6,43
28/08/2016,7,139
28/08/2016,8,274
28/08/2016,9,442
28/08/2016,10,708
28/08/2016,11,776
28/08/2016,12,915
28/08/2016,13,880
28/08/2016,14,844
28/08/2016,15,819
28/08/2016,16,831
28/08/2016,17,822
28/08/2016,18,848
28/08/2016,19,611
28/08/2016,20,482
28/08/2016,21,337
28/08/2016,22,228
28/08/2016,23,112
28/08/2017,0,65
28/08/2017,1,24
28/08/2017,2,12
28/08/2017,3,10
28/08/2017,4,12
28/08/2017,5,92
28/08/2017,6,360
28/08/2017,7,859
28/08/2017,8,1081
28/08/2017,9,581
28/08/2017,10,458
28/08/2017,11,513
28/08/2017,12,618
28/08/2017,13,633
28/08/2017,14,634
28/08/2017,15,648
28/08/2017,16,1107
28/08/2017,17,1830
28/08/2017,18,1506
28/08/2017,19,914
28/08/2017,20,530
28/08/2017,21,333
28/08/2017,22,222
28/08/2017,23,87
28/09/2014,0,255
28/09/2014,1,172
28/09/2014,2,118
28/09/2014,3,60
28/09/2014,4,15
28/09/2014,5,11
28/09/2014,6,26
28/09/2014,7,74
28/09/2014,8,224
28/09/2014,9,442
28/09/2014,10,678
28/09/2014,11,881
28/09/2014,12,1031
28/09/2014,13,959
28/09/2014,14,827
28/09/2014,15,885
28/09/2014,16,936
28/09/2014,17,873
28/09/2014,18,785
28/09/2014,19,618
28/09/2014,20,448
28/09/2014,21,300
28/09/2014,22,199
28/09/2014,23,87
28/09/2015,0,39
28/09/2015,1,13
28/09/2015,2,8
28/09/2015,3,6
28/09/2015,4,7
28/09/2015,5,86
28/09/2015,6,293
28/09/2015,7,834
28/09/2015,8,1223
28/09/2015,9,541
28/09/2015,10,301
28/09/2015,11,382
28/09/2015,12,463
28/09/2015,13,475
28/09/2015,14,461
28/09/2015,15,497
28/09/2015,16,799
28/09/2015,17,1507
28/09/2015,18,1312
28/09/2015,19,832
28/09/2015,20,462
28/09/2015,21,402
28/09/2015,22,246
28/09/2015,23,116
28/09/2016,0,43
28/09/2016,1,19
28/09/2016,2,5
28/09/2016,3,5
28/09/2016,4,14
28/09/2016,5,112
28/09/2016,6,336
28/09/2016,7,705
28/09/2016,8,656
28/09/2016,9,509
28/09/2016,10,253
28/09/2016,11,258
28/09/2016,12,300
28/09/2016,13,258
28/09/2016,14,316
28/09/2016,15,359
28/09/2016,16,636
28/09/2016,17,885
28/09/2016,18,774
28/09/2016,19,554
28/09/2016,20,407
28/09/2016,21,164
28/09/2016,22,109
28/09/2016,23,50
28/09/2017,0,62
28/09/2017,1,38
28/09/2017,2,19
28/09/2017,3,4
28/09/2017,4,15
28/09/2017,5,100
28/09/2017,6,403
28/09/2017,7,1046
28/09/2017,8,1383
28/09/2017,9,672
28/09/2017,10,410
28/09/2017,11,474
28/09/2017,12,577
28/09/2017,13,607
28/09/2017,14,584
28/09/2017,15,718
28/09/2017,16,1081
28/09/2017,17,1786
28/09/2017,18,1587
28/09/2017,19,1019
28/09/2017,20,636
28/09/2017,21,537
28/09/2017,22,401
28/09/2017,23,217
28/10/2014,0,59
28/10/2014,1,18
28/10/2014,2,9
28/10/2014,3,2
28/10/2014,4,7
28/10/2014,5,70
28/10/2014,6,308
28/10/2014,7,750
28/10/2014,8,1283
28/10/2014,9,540
28/10/2014,10,319
28/10/2014,11,391
28/10/2014,12,520
28/10/2014,13,522
28/10/2014,14,470
28/10/2014,15,514
28/10/2014,16,757
28/10/2014,17,1434
28/10/2014,18,1272
28/10/2014,19,857
28/10/2014,20,543
28/10/2014,21,469
28/10/2014,22,287
28/10/2014,23,181
28/10/2015,0,31
28/10/2015,1,21
28/10/2015,2,5
28/10/2015,3,3
28/10/2015,4,5
28/10/2015,5,71
28/10/2015,6,207
28/10/2015,7,577
28/10/2015,8,708
28/10/2015,9,376
28/10/2015,10,149
28/10/2015,11,57
28/10/2015,12,99
28/10/2015,13,90
28/10/2015,14,138
28/10/2015,15,139
28/10/2015,16,283
28/10/2015,17,436
28/10/2015,18,597
28/10/2015,19,289
28/10/2015,20,295
28/10/2015,21,247
28/10/2015,22,238
28/10/2015,23,118
28/10/2016,0,50
28/10/2016,1,26
28/10/2016,2,13
28/10/2016,3,15
28/10/2016,4,11
28/10/2016,5,66
28/10/2016,6,226
28/10/2016,7,707
28/10/2016,8,1138
28/10/2016,9,559
28/10/2016,10,363
28/10/2016,11,438
28/10/2016,12,540
28/10/2016,13,551
28/10/2016,14,548
28/10/2016,15,654
28/10/2016,16,1020
28/10/2016,17,1361
28/10/2016,18,907
28/10/2016,19,521
28/10/2016,20,346
28/10/2016,21,228
28/10/2016,22,204
28/10/2016,23,135
28/10/2017,0,138
28/10/2017,1,100
28/10/2017,2,89
28/10/2017,3,46
28/10/2017,4,24
28/10/2017,5,13
28/10/2017,6,45
28/10/2017,7,105
28/10/2017,8,318
28/10/2017,9,568
28/10/2017,10,877
28/10/2017,11,1026
28/10/2017,12,1120
28/10/2017,13,1230
28/10/2017,14,1238
28/10/2017,15,1275
28/10/2017,16,1138
28/10/2017,17,1047
28/10/2017,18,844
28/10/2017,19,532
28/10/2017,20,384
28/10/2017,21,384
28/10/2017,22,268
28/10/2017,23,212
28/11/2014,0,27
28/11/2014,1,9
28/11/2014,2,4
28/11/2014,3,2
28/11/2014,4,4
28/11/2014,5,9
28/11/2014,6,33
28/11/2014,7,81
28/11/2014,8,124
28/11/2014,9,147
28/11/2014,10,126
28/11/2014,11,163
28/11/2014,12,207
28/11/2014,13,208
28/11/2014,14,225
28/11/2014,15,237
28/11/2014,16,246
28/11/2014,17,204
28/11/2014,18,147
28/11/2014,19,123
28/11/2014,20,112
28/11/2014,21,70
28/11/2014,22,56
28/11/2014,23,45
28/11/2015,0,74
28/11/2015,1,33
28/11/2015,2,30
28/11/2015,3,29
28/11/2015,4,11
28/11/2015,5,15
28/11/2015,6,13
28/11/2015,7,56
28/11/2015,8,137
28/11/2015,9,246
28/11/2015,10,430
28/11/2015,11,525
28/11/2015,12,583
28/11/2015,13,561
28/11/2015,14,668
28/11/2015,15,695
28/11/2015,16,610
28/11/2015,17,483
28/11/2015,18,335
28/11/2015,19,292
28/11/2015,20,181
28/11/2015,21,182
28/11/2015,22,156
28/11/2015,23,73
28/11/2016,0,26
28/11/2016,1,7
28/11/2016,2,6
28/11/2016,3,2
28/11/2016,4,4
28/11/2016,5,65
28/11/2016,6,236
28/11/2016,7,671
28/11/2016,8,1039
28/11/2016,9,464
28/11/2016,10,227
28/11/2016,11,230
28/11/2016,12,317
28/11/2016,13,347
28/11/2016,14,311
28/11/2016,15,361
28/11/2016,16,631
28/11/2016,17,1061
28/11/2016,18,837
28/11/2016,19,477
28/11/2016,20,318
28/11/2016,21,206
28/11/2016,22,116
28/11/2016,23,68
28/11/2017,0,27
28/11/2017,1,13
28/11/2017,2,10
28/11/2017,4,19
28/11/2017,5,77
28/11/2017,6,316
28/11/2017,7,857
28/11/2017,8,1252
28/11/2017,9,558
28/11/2017,10,279
28/11/2017,11,289
28/11/2017,12,386
28/11/2017,13,379
28/11/2017,14,347
28/11/2017,15,480
28/11/2017,16,769
28/11/2017,17,1183
28/11/2017,18,1000
28/11/2017,19,581
28/11/2017,20,369
28/11/2017,21,234
28/11/2017,22,180
28/11/2017,23,71
28/12/2014,0,44
28/12/2014,1,33
28/12/2014,2,22
28/12/2014,3,13
28/12/2014,4,4
28/12/2014,5,8
28/12/2014,6,6
28/12/2014,7,26
28/12/2014,8,67
28/12/2014,9,164
28/12/2014,10,245
28/12/2014,11,301
28/12/2014,12,363
28/12/2014,13,315
28/12/2014,14,266
28/12/2014,15,232
28/12/2014,16,140
28/12/2014,17,119
28/12/2014,18,112
28/12/2014,19,134
28/12/2014,20,114
28/12/2014,21,75
28/12/2014,22,45
28/12/2014,23,13
28/12/2015,0,20
28/12/2015,1,24
28/12/2015,2,7
28/12/2015,3,1
28/12/2015,4,2
28/12/2015,5,36
28/12/2015,6,110
28/12/2015,7,263
28/12/2015,8,486
28/12/2015,9,313
28/12/2015,10,208
28/12/2015,11,265
28/12/2015,12,288
28/12/2015,13,268
28/12/2015,14,257
28/12/2015,15,270
28/12/2015,16,383
28/12/2015,17,533
28/12/2015,18,294
28/12/2015,19,214
28/12/2015,20,107
28/12/2015,21,56
28/12/2015,22,44
28/12/2015,23,10
28/12/2016,0,22
28/12/2016,1,12
28/12/2016,2,7
28/12/2016,3,3
28/12/2016,4,8
28/12/2016,5,42
28/12/2016,6,131
28/12/2016,7,298
28/12/2016,8,514
28/12/2016,9,395
28/12/2016,10,337
28/12/2016,11,375
28/12/2016,12,471
28/12/2016,13,476
28/12/2016,14,409
28/12/2016,15,480
28/12/2016,16,603
28/12/2016,17,684
28/12/2016,18,456
28/12/2016,19,264
28/12/2016,20,138
28/12/2016,21,126
28/12/2016,22,95
28/12/2016,23,50
28/12/2017,0,13
28/12/2017,1,6
28/12/2017,2,5
28/12/2017,3,6
28/12/2017,4,10
28/12/2017,5,25
28/12/2017,6,81
28/12/2017,7,168
28/12/2017,8,307
28/12/2017,9,205
28/12/2017,10,125
28/12/2017,11,140
28/12/2017,12,173
28/12/2017,13,155
28/12/2017,14,135
28/12/2017,15,211
28/12/2017,16,268
28/12/2017,17,291
28/12/2017,18,218
28/12/2017,19,118
28/12/2017,20,80
28/12/2017,21,45
28/12/2017,22,49
28/12/2017,23,32
29/01/2014,0,15
29/01/2014,1,2
29/01/2014,4,2
29/01/2014,5,18
29/01/2014,6,58
29/01/2014,7,145
29/01/2014,8,373
29/01/2014,9,230
29/01/2014,10,100
29/01/2014,11,95
29/01/2014,12,105
29/01/2014,13,107
29/01/2014,14,98
29/01/2014,15,127
29/01/2014,16,193
29/01/2014,17,398
29/01/2014,18,402
29/01/2014,19,244
29/01/2014,20,175
29/01/2014,21,121
29/01/2014,22,105
29/01/2014,23,47
29/01/2015,0,14
29/01/2015,1,5
29/01/2015,2,3
29/01/2015,3,4
29/01/2015,4,5
29/01/2015,5,46
29/01/2015,6,122
29/01/2015,7,411
29/01/2015,8,768
29/01/2015,9,384
29/01/2015,10,171
29/01/2015,11,161
29/01/2015,12,218
29/01/2015,13,184
29/01/2015,14,159
29/01/2015,15,183
29/01/2015,16,165
29/01/2015,17,360
29/01/2015,18,428
29/01/2015,19,301
29/01/2015,20,219
29/01/2015,21,158
29/01/2015,22,105
29/01/2015,23,54
29/01/2016,0,13
29/01/2016,1,6
29/01/2016,2,5
29/01/2016,3,1
29/01/2016,4,1
29/01/2016,5,21
29/01/2016,6,60
29/01/2016,7,176
29/01/2016,8,358
29/01/2016,9,242
29/01/2016,10,99
29/01/2016,11,115
29/01/2016,12,130
29/01/2016,13,111
29/01/2016,14,101
29/01/2016,15,142
29/01/2016,16,242
29/01/2016,17,366
29/01/2016,18,281
29/01/2016,19,187
29/01/2016,20,115
29/01/2016,21,67
29/01/2016,22,52
29/01/2016,23,51
29/01/2017,0,70
29/01/2017,1,61
29/01/2017,2,48
29/01/2017,3,26
29/01/2017,4,9
29/01/2017,5,6
29/01/2017,6,9
29/01/2017,7,33
29/01/2017,8,97
29/01/2017,9,165
29/01/2017,10,342
29/01/2017,11,382
29/01/2017,12,638
29/01/2017,13,530
29/01/2017,14,480
29/01/2017,15,584
29/01/2017,16,587
29/01/2017,17,387
29/01/2017,18,251
29/01/2017,19,199
29/01/2017,20,147
29/01/2017,21,102
29/01/2017,22,65
29/01/2017,23,32
29/01/2018,0,11
29/01/2018,1,9
29/01/2018,2,9
29/01/2018,3,6
29/01/2018,4,11
29/01/2018,5,71
29/01/2018,6,239
29/01/2018,7,601
29/01/2018,8,1010
29/01/2018,9,441
29/01/2018,10,192
29/01/2018,11,220
29/01/2018,12,259
29/01/2018,13,247
29/01/2018,14,233
29/01/2018,15,348
29/01/2018,16,551
29/01/2018,17,953
29/01/2018,18,742
29/01/2018,19,461
29/01/2018,20,284
29/01/2018,21,204
29/01/2018,22,108
29/01/2018,23,55
29/02/2016,0,54
29/02/2016,1,12
29/02/2016,2,2
29/02/2016,3,3
29/02/2016,4,6
29/02/2016,5,57
29/02/2016,6,191
29/02/2016,7,615
29/02/2016,8,905
29/02/2016,9,391
29/02/2016,10,227
29/02/2016,11,260
29/02/2016,12,312
29/02/2016,13,350
29/02/2016,14,251
29/02/2016,15,344
29/02/2016,16,539
29/02/2016,17,1134
29/02/2016,18,885
29/02/2016,19,500
29/02/2016,20,334
29/02/2016,21,264
29/02/2016,22,131
29/02/2016,23,61
29/03/2014,0,183
29/03/2014,1,98
29/03/2014,2,80
29/03/2014,3,18
29/03/2014,4,12
29/03/2014,5,8
29/03/2014,6,10
29/03/2014,7,39
29/03/2014,8,110
29/03/2014,9,133
29/03/2014,10,153
29/03/2014,11,233
29/03/2014,12,274
29/03/2014,13,194
29/03/2014,14,104
29/03/2014,15,86
29/03/2014,16,66
29/03/2014,17,60
29/03/2014,18,77
29/03/2014,19,44
29/03/2014,20,57
29/03/2014,21,65
29/03/2014,22,65
29/03/2014,23,93
29/03/2015,0,50
29/03/2015,1,49
29/03/2015,2,31
29/03/2015,3,10
29/03/2015,4,2
29/03/2015,5,2
29/03/2015,6,14
29/03/2015,7,39
29/03/2015,8,68
29/03/2015,9,165
29/03/2015,10,327
29/03/2015,11,428
29/03/2015,12,466
29/03/2015,13,480
29/03/2015,14,545
29/03/2015,15,600
29/03/2015,16,616
29/03/2015,17,619
29/03/2015,18,452
29/03/2015,19,325
29/03/2015,20,157
29/03/2015,21,104
29/03/2015,22,75
29/03/2015,23,48
29/03/2016,0,31
29/03/2016,1,11
29/03/2016,2,9
29/03/2016,3,3
29/03/2016,4,8
29/03/2016,5,79
29/03/2016,6,240
29/03/2016,7,727
29/03/2016,8,1211
29/03/2016,9,564
29/03/2016,10,358
29/03/2016,11,393
29/03/2016,12,389
29/03/2016,13,444
29/03/2016,14,432
29/03/2016,15,474
29/03/2016,16,700
29/03/2016,17,1349
29/03/2016,18,1160
29/03/2016,19,700
29/03/2016,20,400
29/03/2016,21,279
29/03/2016,22,178
29/03/2016,23,82
29/03/2017,0,43
29/03/2017,1,19
29/03/2017,2,10
29/03/2017,3,1
29/03/2017,4,9
29/03/2017,5,87
29/03/2017,6,318
29/03/2017,7,843
29/03/2017,8,1231
29/03/2017,9,575
29/03/2017,10,373
29/03/2017,11,463
29/03/2017,12,640
29/03/2017,13,639
29/03/2017,14,578
29/03/2017,15,731
29/03/2017,16,996
29/03/2017,17,1689
29/03/2017,18,1420
29/03/2017,19,899
29/03/2017,20,530
29/03/2017,21,366
29/03/2017,22,225
29/03/2017,23,104
29/03/2018,0,32
29/03/2018,1,19
29/03/2018,2,3
29/03/2018,3,8
29/03/2018,4,19
29/03/2018,5,75
29/03/2018,6,247
29/03/2018,7,614
29/03/2018,8,1044
29/03/2018,9,613
29/03/2018,10,398
29/03/2018,11,504
29/03/2018,12,620
29/03/2018,13,663
29/03/2018,14,695
29/03/2018,15,890
29/03/2018,16,1076
29/03/2018,17,1737
29/03/2018,18,1635
29/03/2018,19,1053
29/03/2018,20,664
29/03/2018,21,506
29/03/2018,22,358
29/03/2018,23,209
29/04/2014,0,16
29/04/2014,1,5
29/04/2014,2,10
29/04/2014,3,2
29/04/2014,4,2
29/04/2014,5,51
29/04/2014,6,159
29/04/2014,7,335
29/04/2014,8,578
29/04/2014,9,127
29/04/2014,10,74
29/04/2014,11,68
29/04/2014,12,66
29/04/2014,13,91
29/04/2014,14,64
29/04/2014,15,65
29/04/2014,16,101
29/04/2014,17,322
29/04/2014,18,353
29/04/2014,19,319
29/04/2014,20,209
29/04/2014,21,49
29/04/2014,22,27
29/04/2014,23,22
29/04/2015,0,50
29/04/2015,1,13
29/04/2015,2,9
29/04/2015,3,2
29/04/2015,4,6
29/04/2015,5,69
29/04/2015,6,279
29/04/2015,7,861
29/04/2015,8,1283
29/04/2015,9,549
29/04/2015,10,322
29/04/2015,11,391
29/04/2015,12,496
29/04/2015,13,523
29/04/2015,14,450
29/04/2015,15,507
29/04/2015,16,770
29/04/2015,17,1437
29/04/2015,18,1363
29/04/2015,19,870
29/04/2015,20,607
29/04/2015,21,412
29/04/2015,22,243
29/04/2015,23,152
29/04/2016,0,48
29/04/2016,1,18
29/04/2016,2,4
29/04/2016,3,3
29/04/2016,4,9
29/04/2016,5,59
29/04/2016,6,182
29/04/2016,7,480
29/04/2016,8,1018
29/04/2016,9,534
29/04/2016,10,224
29/04/2016,11,253
29/04/2016,12,383
29/04/2016,13,376
29/04/2016,14,405
29/04/2016,15,454
29/04/2016,16,622
29/04/2016,17,1066
29/04/2016,18,835
29/04/2016,19,515
29/04/2016,20,249
29/04/2016,21,186
29/04/2016,22,185
29/04/2016,23,150
29/04/2017,0,244
29/04/2017,1,155
29/04/2017,2,69
29/04/2017,3,46
29/04/2017,4,14
29/04/2017,5,38
29/04/2017,6,77
29/04/2017,7,236
29/04/2017,8,412
29/04/2017,9,703
29/04/2017,10,941
29/04/2017,11,1082
29/04/2017,12,1193
29/04/2017,13,1095
29/04/2017,14,1159
29/04/2017,15,1195
29/04/2017,16,1193
29/04/2017,17,991
29/04/2017,18,884
29/04/2017,19,774
29/04/2017,20,630
29/04/2017,21,446
29/04/2017,22,423
29/04/2017,23,412
29/04/2018,0,82
29/04/2018,1,76
29/04/2018,2,56
29/04/2018,3,44
29/04/2018,4,16
29/04/2018,5,35
29/04/2018,6,87
29/04/2018,7,125
29/04/2018,8,299
29/04/2018,9,520
29/04/2018,10,644
29/04/2018,11,634
29/04/2018,12,758
29/04/2018,13,737
29/04/2018,14,749
29/04/2018,15,756
29/04/2018,16,788
29/04/2018,17,741
29/04/2018,18,629
29/04/2018,19,432
29/04/2018,20,250
29/04/2018,21,186
29/04/2018,22,113
29/04/2018,23,83
29/05/2014,0,52
29/05/2014,1,17
29/05/2014,2,4
29/05/2014,4,5
29/05/2014,5,50
29/05/2014,6,149
29/05/2014,7,365
29/05/2014,8,749
29/05/2014,9,423
29/05/2014,10,218
29/05/2014,11,219
29/05/2014,12,226
29/05/2014,13,145
29/05/2014,14,102
29/05/2014,15,64
29/05/2014,16,138
29/05/2014,17,467
29/05/2014,18,516
29/05/2014,19,530
29/05/2014,20,357
29/05/2014,21,296
29/05/2014,22,147
29/05/2014,23,68
29/05/2015,0,118
29/05/2015,1,56
29/05/2015,2,16
29/05/2015,3,10
29/05/2015,4,17
29/05/2015,5,85
29/05/2015,6,299
29/05/2015,7,835
29/05/2015,8,1132
29/05/2015,9,592
29/05/2015,10,435
29/05/2015,11,431
29/05/2015,12,602
29/05/2015,13,563
29/05/2015,14,520
29/05/2015,15,594
29/05/2015,16,827
29/05/2015,17,1331
29/05/2015,18,1180
29/05/2015,19,779
29/05/2015,20,541
29/05/2015,21,424
29/05/2015,22,375
29/05/2015,23,305
29/05/2016,0,148
29/05/2016,1,83
29/05/2016,2,50
29/05/2016,3,42
29/05/2016,4,30
29/05/2016,5,20
29/05/2016,6,58
29/05/2016,7,129
29/05/2016,8,256
29/05/2016,9,528
29/05/2016,10,853
29/05/2016,11,895
29/05/2016,12,1155
29/05/2016,13,1031
29/05/2016,14,1096
29/05/2016,15,1059
29/05/2016,16,838
29/05/2016,17,219
29/05/2016,18,93
29/05/2016,19,104
29/05/2016,20,117
29/05/2016,21,107
29/05/2016,22,66
29/05/2016,23,92
29/05/2017,0,124
29/05/2017,1,85
29/05/2017,2,59
29/05/2017,3,25
29/05/2017,4,21
29/05/2017,5,33
29/05/2017,6,60
29/05/2017,7,124
29/05/2017,8,265
29/05/2017,9,499
29/05/2017,10,722
29/05/2017,11,1010
29/05/2017,12,1134
29/05/2017,13,1181
29/05/2017,14,1189
29/05/2017,15,1176
29/05/2017,16,1095
29/05/2017,17,1021
29/05/2017,18,943
29/05/2017,19,817
29/05/2017,20,612
29/05/2017,21,391
29/05/2017,22,237
29/05/2017,23,108
29/06/2014,0,203
29/06/2014,1,117
29/06/2014,2,120
29/06/2014,3,45
29/06/2014,4,15
29/06/2014,5,17
29/06/2014,6,34
29/06/2014,7,106
29/06/2014,8,225
29/06/2014,9,453
29/06/2014,10,707
29/06/2014,11,969
29/06/2014,12,852
29/06/2014,13,769
29/06/2014,14,901
29/06/2014,15,859
29/06/2014,16,805
29/06/2014,17,707
29/06/2014,18,672
29/06/2014,19,769
29/06/2014,20,601
29/06/2014,21,423
29/06/2014,22,239
29/06/2014,23,170
29/06/2015,0,65
29/06/2015,1,22
29/06/2015,2,10
29/06/2015,3,8
29/06/2015,4,14
29/06/2015,5,88
29/06/2015,6,319
29/06/2015,7,815
29/06/2015,8,1028
29/06/2015,9,483
29/06/2015,10,356
29/06/2015,11,417
29/06/2015,12,559
29/06/2015,13,552
29/06/2015,14,536
29/06/2015,15,560
29/06/2015,16,768
29/06/2015,17,1618
29/06/2015,18,1389
29/06/2015,19,1010
29/06/2015,20,696
29/06/2015,21,434
29/06/2015,22,326
29/06/2015,23,132
29/06/2016,0,69
29/06/2016,1,19
29/06/2016,2,6
29/06/2016,3,8
29/06/2016,4,10
29/06/2016,5,97
29/06/2016,6,420
29/06/2016,7,1021
29/06/2016,8,1371
29/06/2016,9,668
29/06/2016,10,411
29/06/2016,11,412
29/06/2016,12,539
29/06/2016,13,554
29/06/2016,14,535
29/06/2016,15,588
29/06/2016,16,918
29/06/2016,17,1746
29/06/2016,18,1436
29/06/2016,19,981
29/06/2016,20,831
29/06/2016,21,543
29/06/2016,22,388
29/06/2016,23,207
29/06/2017,0,75
29/06/2017,1,30
29/06/2017,2,13
29/06/2017,3,6
29/06/2017,4,9
29/06/2017,5,127
29/06/2017,6,415
29/06/2017,7,999
29/06/2017,8,1359
29/06/2017,9,606
29/06/2017,10,401
29/06/2017,11,490
29/06/2017,12,587
29/06/2017,13,595
29/06/2017,14,567
29/06/2017,15,689
29/06/2017,16,969
29/06/2017,17,1581
29/06/2017,18,1429
29/06/2017,19,1055
29/06/2017,20,835
29/06/2017,21,527
29/06/2017,22,375
29/06/2017,23,206
29/07/2014,0,65
29/07/2014,1,21
29/07/2014,2,8
29/07/2014,3,8
29/07/2014,4,10
29/07/2014,5,73
29/07/2014,6,313
29/07/2014,7,771
29/07/2014,8,1151
29/07/2014,9,546
29/07/2014,10,326
29/07/2014,11,416
29/07/2014,12,515
29/07/2014,13,533
29/07/2014,14,487
29/07/2014,15,478
29/07/2014,16,757
29/07/2014,17,1290
29/07/2014,18,1183
29/07/2014,19,865
29/07/2014,20,647
29/07/2014,21,452
29/07/2014,22,299
29/07/2014,23,144
29/07/2015,0,60
29/07/2015,1,30
29/07/2015,2,24
29/07/2015,3,14
29/07/2015,4,10
29/07/2015,5,113
29/07/2015,6,357
29/07/2015,7,888
29/07/2015,8,1257
29/07/2015,9,545
29/07/2015,10,357
29/07/2015,11,431
29/07/2015,12,465
29/07/2015,13,512
29/07/2015,14,460
29/07/2015,15,460
29/07/2015,16,748
29/07/2015,17,1393
29/07/2015,18,1319
29/07/2015,19,962
29/07/2015,20,744
29/07/2015,21,500
29/07/2015,22,344
29/07/2015,23,177
29/07/2016,0,34
29/07/2016,1,20
29/07/2016,2,15
29/07/2016,3,4
29/07/2016,4,12
29/07/2016,5,68
29/07/2016,6,219
29/07/2016,7,699
29/07/2016,8,1118
29/07/2016,9,616
29/07/2016,10,482
29/07/2016,11,550
29/07/2016,12,645
29/07/2016,13,599
29/07/2016,14,610
29/07/2016,15,677
29/07/2016,16,953
29/07/2016,17,1325
29/07/2016,18,1085
29/07/2016,19,814
29/07/2016,20,629
29/07/2016,21,446
29/07/2016,22,311
29/07/2016,23,220
29/07/2017,0,10
29/07/2017,1,5
29/07/2017,2,37
29/07/2017,3,23
29/07/2017,4,11
29/07/2017,5,21
29/07/2017,6,56
29/07/2017,7,136
29/07/2017,8,248
29/07/2017,9,444
29/07/2017,10,620
29/07/2017,11,758
29/07/2017,12,782
29/07/2017,13,496
29/07/2017,14,600
29/07/2017,15,620
29/07/2017,16,584
29/07/2017,17,824
29/07/2017,18,805
29/07/2017,19,726
29/07/2017,20,674
29/07/2017,21,482
29/07/2017,22,460
29/07/2017,23,343
29/08/2014,0,82
29/08/2014,1,36
29/08/2014,2,24
29/08/2014,3,7
29/08/2014,4,5
29/08/2014,5,63
29/08/2014,6,244
29/08/2014,7,584
29/08/2014,8,1019
29/08/2014,9,593
29/08/2014,10,413
29/08/2014,11,469
29/08/2014,12,629
29/08/2014,13,677
29/08/2014,14,705
29/08/2014,15,934
29/08/2014,16,1020
29/08/2014,17,1104
29/08/2014,18,862
29/08/2014,19,676
29/08/2014,20,537
29/08/2014,21,392
29/08/2014,22,302
29/08/2014,23,235
29/08/2015,0,169
29/08/2015,1,120
29/08/2015,2,91
29/08/2015,3,29
29/08/2015,4,12
29/08/2015,5,15
29/08/2015,6,51
29/08/2015,7,152
29/08/2015,8,291
29/08/2015,9,568
29/08/2015,10,741
29/08/2015,11,853
29/08/2015,12,937
29/08/2015,13,917
29/08/2015,14,929
29/08/2015,15,936
29/08/2015,16,901
29/08/2015,17,854
29/08/2015,18,835
29/08/2015,19,706
29/08/2015,20,441
29/08/2015,21,416
29/08/2015,22,304
29/08/2015,23,258
29/08/2016,0,71
29/08/2016,1,25
29/08/2016,2,13
29/08/2016,3,5
29/08/2016,4,13
29/08/2016,5,92
29/08/2016,6,349
29/08/2016,7,936
29/08/2016,8,1139
29/08/2016,9,518
29/08/2016,10,327
29/08/2016,11,370
29/08/2016,12,486
29/08/2016,13,444
29/08/2016,14,405
29/08/2016,15,435
29/08/2016,16,795
29/08/2016,17,1556
29/08/2016,18,1238
29/08/2016,19,905
29/08/2016,20,569
29/08/2016,21,388
29/08/2016,22,241
29/08/2016,23,113
29/08/2017,0,63
29/08/2017,1,32
29/08/2017,2,14
29/08/2017,3,3
29/08/2017,4,12
29/08/2017,5,30
29/08/2017,6,122
29/08/2017,7,292
29/08/2017,8,495
29/08/2017,9,281
29/08/2017,10,115
29/08/2017,11,102
29/08/2017,12,103
29/08/2017,13,77
29/08/2017,14,63
29/08/2017,15,92
29/08/2017,16,191
29/08/2017,17,475
29/08/2017,18,667
29/08/2017,19,452
29/08/2017,20,363
29/08/2017,21,251
29/08/2017,22,199
29/08/2017,23,126
29/09/2014,0,25
29/09/2014,1,20
29/09/2014,2,10
29/09/2014,3,7
29/09/2014,4,8
29/09/2014,5,80
29/09/2014,6,259
29/09/2014,7,817
29/09/2014,8,1139
29/09/2014,9,478
29/09/2014,10,341
29/09/2014,11,384
29/09/2014,12,440
29/09/2014,13,466
29/09/2014,14,413
29/09/2014,15,457
29/09/2014,16,738
29/09/2014,17,1359
29/09/2014,18,1223
29/09/2014,19,769
29/09/2014,20,520
29/09/2014,21,352
29/09/2014,22,197
29/09/2014,23,126
29/09/2015,0,42
29/09/2015,1,16
29/09/2015,2,8
29/09/2015,3,8
29/09/2015,4,8
29/09/2015,5,102
29/09/2015,6,345
29/09/2015,7,1003
29/09/2015,8,1276
29/09/2015,9,558
29/09/2015,10,297
29/09/2015,11,367
29/09/2015,12,446
29/09/2015,13,401
29/09/2015,14,385
29/09/2015,15,375
29/09/2015,16,546
29/09/2015,17,440
29/09/2015,18,238
29/09/2015,19,139
29/09/2015,20,68
29/09/2015,21,48
29/09/2015,22,52
29/09/2015,23,72
29/09/2016,0,33
29/09/2016,1,15
29/09/2016,2,6
29/09/2016,3,1
29/09/2016,4,2
29/09/2016,5,27
29/09/2016,6,154
29/09/2016,7,221
29/09/2016,8,712
29/09/2016,9,466
29/09/2016,10,165
29/09/2016,11,185
29/09/2016,12,233
29/09/2016,13,185
29/09/2016,14,188
29/09/2016,15,235
29/09/2016,16,456
29/09/2016,17,962
29/09/2016,18,843
29/09/2016,19,338
29/09/2016,20,185
29/09/2016,21,118
29/09/2016,22,96
29/09/2016,23,60
29/09/2017,0,108
29/09/2017,1,46
29/09/2017,2,31
29/09/2017,3,14
29/09/2017,4,23
29/09/2017,5,100
29/09/2017,6,356
29/09/2017,7,924
29/09/2017,8,1380
29/09/2017,9,739
29/09/2017,10,478
29/09/2017,11,622
29/09/2017,12,724
29/09/2017,13,814
29/09/2017,14,754
29/09/2017,15,964
29/09/2017,16,1213
29/09/2017,17,1701
29/09/2017,18,1266
29/09/2017,19,747
29/09/2017,20,486
29/09/2017,21,417
29/09/2017,22,355
29/09/2017,23,268
29/10/2014,0,55
29/10/2014,1,26
29/10/2014,2,20
29/10/2014,3,3
29/10/2014,4,8
29/10/2014,5,76
29/10/2014,6,317
29/10/2014,7,767
29/10/2014,8,1177
29/10/2014,9,549
29/10/2014,10,338
29/10/2014,11,353
29/10/2014,12,430
29/10/2014,13,394
29/10/2014,14,156
29/10/2014,15,263
29/10/2014,16,513
29/10/2014,17,1093
29/10/2014,18,990
29/10/2014,19,637
29/10/2014,20,457
29/10/2014,21,366
29/10/2014,22,231
29/10/2014,23,177
29/10/2015,0,38
29/10/2015,1,11
29/10/2015,2,6
29/10/2015,3,6
29/10/2015,4,5
29/10/2015,5,60
29/10/2015,6,255
29/10/2015,7,793
29/10/2015,8,1146
29/10/2015,9,497
29/10/2015,10,277
29/10/2015,11,357
29/10/2015,12,459
29/10/2015,13,416
29/10/2015,14,389
29/10/2015,15,492
29/10/2015,16,719
29/10/2015,17,1445
29/10/2015,18,1161
29/10/2015,19,745
29/10/2015,20,532
29/10/2015,21,358
29/10/2015,22,272
29/10/2015,23,193
29/10/2016,0,102
29/10/2016,1,85
29/10/2016,2,66
29/10/2016,3,29
29/10/2016,4,12
29/10/2016,5,21
29/10/2016,6,35
29/10/2016,7,108
29/10/2016,8,245
29/10/2016,9,441
29/10/2016,10,637
29/10/2016,11,874
29/10/2016,12,1061
29/10/2016,13,1117
29/10/2016,14,1121
29/10/2016,15,1197
29/10/2016,16,1100
29/10/2016,17,977
29/10/2016,18,766
29/10/2016,19,499
29/10/2016,20,356
29/10/2016,21,324
29/10/2016,22,258
29/10/2016,23,184
29/10/2017,0,195
29/10/2017,1,173
29/10/2017,2,135
29/10/2017,3,73
29/10/2017,4,16
29/10/2017,5,11
29/10/2017,6,23
29/10/2017,7,50
29/10/2017,8,159
29/10/2017,9,242
29/10/2017,10,375
29/10/2017,11,533
29/10/2017,12,565
29/10/2017,13,557
29/10/2017,14,583
29/10/2017,15,310
29/10/2017,16,172
29/10/2017,17,180
29/10/2017,18,99
29/10/2017,19,42
29/10/2017,20,18
29/10/2017,21,27
29/10/2017,22,36
29/10/2017,23,17
29/11/2014,0,38
29/11/2014,1,31
29/11/2014,2,25
29/11/2014,3,7
29/11/2014,4,2
29/11/2014,5,6
29/11/2014,6,5
29/11/2014,7,31
29/11/2014,8,83
29/11/2014,9,147
29/11/2014,10,210
29/11/2014,11,241
29/11/2014,12,325
29/11/2014,13,337
29/11/2014,14,347
29/11/2014,15,371
29/11/2014,16,331
29/11/2014,17,258
29/11/2014,18,228
29/11/2014,19,198
29/11/2014,20,115
29/11/2014,21,122
29/11/2014,22,110
29/11/2014,23,83
29/11/2015,0,59
29/11/2015,1,38
29/11/2015,2,25
29/11/2015,3,11
29/11/2015,4,2
29/11/2015,5,4
29/11/2015,6,6
29/11/2015,7,22
29/11/2015,8,36
29/11/2015,9,61
29/11/2015,10,132
29/11/2015,11,209
29/11/2015,12,233
29/11/2015,13,276
29/11/2015,14,256
29/11/2015,15,290
29/11/2015,16,292
29/11/2015,17,244
29/11/2015,18,228
29/11/2015,19,154
29/11/2015,20,127
29/11/2015,21,77
29/11/2015,22,54
29/11/2015,23,41
29/11/2016,0,22
29/11/2016,1,15
29/11/2016,2,8
29/11/2016,4,10
29/11/2016,5,47
29/11/2016,6,220
29/11/2016,7,565
29/11/2016,8,844
29/11/2016,9,433
29/11/2016,10,104
29/11/2016,11,153
29/11/2016,12,164
29/11/2016,13,120
29/11/2016,14,182
29/11/2016,15,235
29/11/2016,16,427
29/11/2016,17,813
29/11/2016,18,721
29/11/2016,19,467
29/11/2016,20,317
29/11/2016,21,231
29/11/2016,22,157
29/11/2016,23,76
29/11/2017,0,28
29/11/2017,1,9
29/11/2017,2,4
29/11/2017,3,5
29/11/2017,4,14
29/11/2017,5,101
29/11/2017,6,306
29/11/2017,7,833
29/11/2017,8,1296
29/11/2017,9,561
29/11/2017,10,298
29/11/2017,11,312
29/11/2017,12,441
29/11/2017,13,422
29/11/2017,14,393
29/11/2017,15,515
29/11/2017,16,754
29/11/2017,17,1283
29/11/2017,18,958
29/11/2017,19,613
29/11/2017,20,423
29/11/2017,21,268
29/11/2017,22,178
29/11/2017,23,144
29/12/2014,0,13
29/12/2014,1,6
29/12/2014,2,6
29/12/2014,3,3
29/12/2014,4,3
29/12/2014,5,23
29/12/2014,6,100
29/12/2014,7,261
29/12/2014,8,491
29/12/2014,9,328
29/12/2014,10,242
29/12/2014,11,268
29/12/2014,12,332
29/12/2014,13,300
29/12/2014,14,298
29/12/2014,15,367
29/12/2014,16,417
29/12/2014,17,548
29/12/2014,18,433
29/12/2014,19,282
29/12/2014,20,162
29/12/2014,21,109
29/12/2014,22,98
29/12/2014,23,52
29/12/2015,0,6
29/12/2015,1,3
29/12/2015,2,1
29/12/2015,3,1
29/12/2015,4,3
29/12/2015,5,18
29/12/2015,6,96
29/12/2015,7,164
29/12/2015,8,313
29/12/2015,9,266
29/12/2015,10,177
29/12/2015,11,225
29/12/2015,12,283
29/12/2015,13,319
29/12/2015,14,353
29/12/2015,15,378
29/12/2015,16,535
29/12/2015,17,698
29/12/2015,18,542
29/12/2015,19,342
29/12/2015,20,195
29/12/2015,21,161
29/12/2015,22,90
29/12/2015,23,84
29/12/2016,0,17
29/12/2016,1,15
29/12/2016,2,6
29/12/2016,4,1
29/12/2016,5,13
29/12/2016,6,37
29/12/2016,7,124
29/12/2016,8,175
29/12/2016,9,177
29/12/2016,10,161
29/12/2016,11,189
29/12/2016,12,276
29/12/2016,13,258
29/12/2016,14,306
29/12/2016,15,389
29/12/2016,16,494
29/12/2016,17,594
29/12/2016,18,392
29/12/2016,19,238
29/12/2016,20,124
29/12/2016,21,121
29/12/2016,22,89
29/12/2016,23,58
29/12/2017,0,21
29/12/2017,1,6
29/12/2017,2,7
29/12/2017,3,3
29/12/2017,4,6
29/12/2017,5,28
29/12/2017,6,76
29/12/2017,7,134
29/12/2017,8,231
29/12/2017,9,204
29/12/2017,10,134
29/12/2017,11,168
29/12/2017,12,238
29/12/2017,13,240
29/12/2017,14,220
29/12/2017,15,252
29/12/2017,16,321
29/12/2017,17,249
29/12/2017,18,166
29/12/2017,19,133
29/12/2017,20,63
29/12/2017,21,71
29/12/2017,22,63
29/12/2017,23,54
30/01/2014,0,22
30/01/2014,1,13
30/01/2014,2,4
30/01/2014,4,3
30/01/2014,5,30
30/01/2014,6,103
30/01/2014,7,256
30/01/2014,8,583
30/01/2014,9,282
30/01/2014,10,126
30/01/2014,11,130
30/01/2014,12,158
30/01/2014,13,130
30/01/2014,14,139
30/01/2014,15,178
30/01/2014,16,247
30/01/2014,17,504
30/01/2014,18,472
30/01/2014,19,294
30/01/2014,20,179
30/01/2014,21,162
30/01/2014,22,105
30/01/2014,23,58
30/01/2015,0,35
30/01/2015,1,14
30/01/2015,2,9
30/01/2015,3,2
30/01/2015,4,4
30/01/2015,5,43
30/01/2015,6,137
30/01/2015,7,400
30/01/2015,8,747
30/01/2015,9,420
30/01/2015,10,171
30/01/2015,11,179
30/01/2015,12,218
30/01/2015,13,227
30/01/2015,14,192
30/01/2015,15,213
30/01/2015,16,340
30/01/2015,17,540
30/01/2015,18,391
30/01/2015,19,243
30/01/2015,20,129
30/01/2015,21,81
30/01/2015,22,67
30/01/2015,23,46
30/01/2016,0,28
30/01/2016,1,36
30/01/2016,2,15
30/01/2016,3,5
30/01/2016,4,3
30/01/2016,5,3
30/01/2016,6,7
30/01/2016,7,36
30/01/2016,8,81
30/01/2016,9,108
30/01/2016,10,170
30/01/2016,11,196
30/01/2016,12,219
30/01/2016,13,243
30/01/2016,14,243
30/01/2016,15,285
30/01/2016,16,252
30/01/2016,17,226
30/01/2016,18,194
30/01/2016,19,137
30/01/2016,20,111
30/01/2016,21,79
30/01/2016,22,75
30/01/2016,23,70
30/01/2017,0,15
30/01/2017,1,12
30/01/2017,2,5
30/01/2017,4,5
30/01/2017,5,49
30/01/2017,6,153
30/01/2017,7,385
30/01/2017,8,698
30/01/2017,9,316
30/01/2017,10,151
30/01/2017,11,147
30/01/2017,12,183
30/01/2017,13,191
30/01/2017,14,148
30/01/2017,15,210
30/01/2017,16,374
30/01/2017,17,793
30/01/2017,18,660
30/01/2017,19,425
30/01/2017,20,251
30/01/2017,21,145
30/01/2017,22,71
30/01/2017,23,33
30/01/2018,0,22
30/01/2018,1,15
30/01/2018,2,7
30/01/2018,3,5
30/01/2018,4,10
30/01/2018,5,62
30/01/2018,6,196
30/01/2018,7,518
30/01/2018,8,917
30/01/2018,9,429
30/01/2018,10,183
30/01/2018,11,165
30/01/2018,12,238
30/01/2018,13,188
30/01/2018,14,174
30/01/2018,15,220
30/01/2018,16,380
30/01/2018,17,726
30/01/2018,18,606
30/01/2018,19,337
30/01/2018,20,215
30/01/2018,21,112
30/01/2018,22,94
30/01/2018,23,44
30/03/2014,0,58
30/03/2014,1,63
30/03/2014,2,36
30/03/2014,3,20
30/03/2014,4,3
30/03/2014,5,2
30/03/2014,6,5
30/03/2014,7,12
30/03/2014,8,56
30/03/2014,9,57
30/03/2014,10,63
30/03/2014,11,44
30/03/2014,12,56
30/03/2014,13,53
30/03/2014,14,40
30/03/2014,15,65
30/03/2014,16,47
30/03/2014,17,40
30/03/2014,18,34
30/03/2014,19,24
30/03/2014,20,28
30/03/2014,21,34
30/03/2014,22,29
30/03/2014,23,27
30/03/2015,0,26
30/03/2015,1,7
30/03/2015,2,4
30/03/2015,3,2
30/03/2015,4,3
30/03/2015,5,39
30/03/2015,6,177
30/03/2015,7,478
30/03/2015,8,976
30/03/2015,9,439
30/03/2015,10,291
30/03/2015,11,264
30/03/2015,12,347
30/03/2015,13,393
30/03/2015,14,407
30/03/2015,15,462
30/03/2015,16,686
30/03/2015,17,1247
30/03/2015,18,1088
30/03/2015,19,687
30/03/2015,20,415
30/03/2015,21,284
30/03/2015,22,165
30/03/2015,23,65
30/03/2016,0,31
30/03/2016,1,18
30/03/2016,2,4
30/03/2016,3,6
30/03/2016,4,7
30/03/2016,5,79
30/03/2016,6,215
30/03/2016,7,703
30/03/2016,8,1176
30/03/2016,9,593
30/03/2016,10,380
30/03/2016,11,401
30/03/2016,12,500
30/03/2016,13,541
30/03/2016,14,493
30/03/2016,15,545
30/03/2016,16,749
30/03/2016,17,1375
30/03/2016,18,1216
30/03/2016,19,722
30/03/2016,20,468
30/03/2016,21,312
30/03/2016,22,231
30/03/2016,23,108
30/03/2017,0,35
30/03/2017,1,11
30/03/2017,2,3
30/03/2017,3,2
30/03/2017,4,6
30/03/2017,5,72
30/03/2017,6,269
30/03/2017,7,738
30/03/2017,8,1170
30/03/2017,9,515
30/03/2017,10,352
30/03/2017,11,353
30/03/2017,12,462
30/03/2017,13,474
30/03/2017,14,512
30/03/2017,15,564
30/03/2017,16,763
30/03/2017,17,1329
30/03/2017,18,1097
30/03/2017,19,592
30/03/2017,20,433
30/03/2017,21,289
30/03/2017,22,180
30/03/2017,23,103
30/03/2018,0,138
30/03/2018,1,57
30/03/2018,2,43
30/03/2018,3,13
30/03/2018,4,21
30/03/2018,5,58
30/03/2018,6,206
30/03/2018,7,553
30/03/2018,8,988
30/03/2018,9,688
30/03/2018,10,601
30/03/2018,11,689
30/03/2018,12,822
30/03/2018,13,702
30/03/2018,14,675
30/03/2018,15,722
30/03/2018,16,742
30/03/2018,17,1042
30/03/2018,18,788
30/03/2018,19,595
30/03/2018,20,371
30/03/2018,21,291
30/03/2018,22,192
30/03/2018,23,116
30/04/2014,0,16
30/04/2014,1,12
30/04/2014,2,7
30/04/2014,4,3
30/04/2014,5,31
30/04/2014,6,87
30/04/2014,7,104
30/04/2014,8,151
30/04/2014,9,55
30/04/2014,10,35
30/04/2014,11,47
30/04/2014,12,26
30/04/2014,13,50
30/04/2014,14,41
30/04/2014,15,51
30/04/2014,16,140
30/04/2014,17,127
30/04/2014,18,95
30/04/2014,19,160
30/04/2014,20,206
30/04/2014,21,150
30/04/2014,22,125
30/04/2014,23,74
30/04/2015,0,57
30/04/2015,1,22
30/04/2015,2,14
30/04/2015,3,3
30/04/2015,4,5
30/04/2015,5,62
30/04/2015,6,265
30/04/2015,7,831
30/04/2015,8,1208
30/04/2015,9,586
30/04/2015,10,327
30/04/2015,11,454
30/04/2015,12,512
30/04/2015,13,463
30/04/2015,14,402
30/04/2015,15,478
30/04/2015,16,508
30/04/2015,17,1017
30/04/2015,18,1077
30/04/2015,19,766
30/04/2015,20,464
30/04/2015,21,338
30/04/2015,22,250
30/04/2015,23,148
30/04/2016,0,98
30/04/2016,1,61
30/04/2016,2,62
30/04/2016,3,38
30/04/2016,4,12
30/04/2016,5,12
30/04/2016,6,49
30/04/2016,7,89
30/04/2016,8,256
30/04/2016,9,400
30/04/2016,10,565
30/04/2016,11,733
30/04/2016,12,735
30/04/2016,13,792
30/04/2016,14,782
30/04/2016,15,747
30/04/2016,16,792
30/04/2016,17,712
30/04/2016,18,531
30/04/2016,19,433
30/04/2016,20,274
30/04/2016,21,133
30/04/2016,22,79
30/04/2016,23,126
30/04/2017,0,223
30/04/2017,1,141
30/04/2017,2,136
30/04/2017,3,55
30/04/2017,4,32
30/04/2017,5,34
30/04/2017,6,67
30/04/2017,7,137
30/04/2017,8,344
30/04/2017,9,560
30/04/2017,10,843
30/04/2017,11,1118
30/04/2017,12,1274
30/04/2017,13,1287
30/04/2017,14,1110
30/04/2017,15,1032
30/04/2017,16,1050
30/04/2017,17,1043
30/04/2017,18,921
30/04/2017,19,819
30/04/2017,20,574
30/04/2017,21,413
30/04/2017,22,256
30/04/2017,23,144
30/04/2018,0,43
30/04/2018,1,20
30/04/2018,2,11
30/04/2018,3,8
30/04/2018,4,18
30/04/2018,5,81
30/04/2018,6,259
30/04/2018,7,729
30/04/2018,8,1179
30/04/2018,9,607
30/04/2018,10,370
30/04/2018,11,444
30/04/2018,12,523
30/04/2018,13,579
30/04/2018,14,570
30/04/2018,15,692
30/04/2018,16,967
30/04/2018,17,1657
30/04/2018,18,1432
30/04/2018,19,914
30/04/2018,20,539
30/04/2018,21,359
30/04/2018,22,224
30/04/2018,23,109
30/05/2014,0,48
30/05/2014,1,19
30/05/2014,2,9
30/05/2014,3,4
30/05/2014,4,6
30/05/2014,5,52
30/05/2014,6,181
30/05/2014,7,577
30/05/2014,8,946
30/05/2014,9,481
30/05/2014,10,310
30/05/2014,11,416
30/05/2014,12,533
30/05/2014,13,527
30/05/2014,14,521
30/05/2014,15,541
30/05/2014,16,816
30/05/2014,17,1246
30/05/2014,18,1075
30/05/2014,19,800
30/05/2014,20,545
30/05/2014,21,461
30/05/2014,22,410
30/05/2014,23,281
30/05/2015,0,218
30/05/2015,1,129
30/05/2015,2,84
30/05/2015,3,37
30/05/2015,4,13
30/05/2015,5,10
30/05/2015,6,61
30/05/2015,7,163
30/05/2015,8,345
30/05/2015,9,565
30/05/2015,10,898
30/05/2015,11,1051
30/05/2015,12,1120
30/05/2015,13,1087
30/05/2015,14,1003
30/05/2015,15,950
30/05/2015,16,880
30/05/2015,17,870
30/05/2015,18,809
30/05/2015,19,652
30/05/2015,20,583
30/05/2015,21,433
30/05/2015,22,408
30/05/2015,23,303
30/05/2016,0,92
30/05/2016,1,58
30/05/2016,2,43
30/05/2016,3,21
30/05/2016,4,4
30/05/2016,5,13
30/05/2016,6,35
30/05/2016,7,100
30/05/2016,8,247
30/05/2016,9,466
30/05/2016,10,685
30/05/2016,11,806
30/05/2016,12,941
30/05/2016,13,939
30/05/2016,14,860
30/05/2016,15,836
30/05/2016,16,795
30/05/2016,17,719
30/05/2016,18,606
30/05/2016,19,547
30/05/2016,20,472
30/05/2016,21,329
30/05/2016,22,190
30/05/2016,23,126
30/05/2017,0,56
30/05/2017,1,26
30/05/2017,2,16
30/05/2017,3,8
30/05/2017,4,11
30/05/2017,5,85
30/05/2017,6,331
30/05/2017,7,716
30/05/2017,8,941
30/05/2017,9,472
30/05/2017,10,251
30/05/2017,11,319
30/05/2017,12,465
30/05/2017,13,474
30/05/2017,14,529
30/05/2017,15,591
30/05/2017,16,832
30/05/2017,17,1632
30/05/2017,18,1169
30/05/2017,19,796
30/05/2017,20,278
30/05/2017,21,178
30/05/2017,22,78
30/05/2017,23,49
30/06/2014,0,77
30/06/2014,1,19
30/06/2014,2,10
30/06/2014,3,7
30/06/2014,4,7
30/06/2014,5,79
30/06/2014,6,259
30/06/2014,7,701
30/06/2014,8,983
30/06/2014,9,529
30/06/2014,10,266
30/06/2014,11,372
30/06/2014,12,442
30/06/2014,13,414
30/06/2014,14,384
30/06/2014,15,479
30/06/2014,16,701
30/06/2014,17,1228
30/06/2014,18,1160
30/06/2014,19,801
30/06/2014,20,617
30/06/2014,21,436
30/06/2014,22,366
30/06/2014,23,134
30/06/2015,0,52
30/06/2015,1,16
30/06/2015,2,17
30/06/2015,3,6
30/06/2015,4,10
30/06/2015,5,103
30/06/2015,6,345
30/06/2015,7,892
30/06/2015,8,1220
30/06/2015,9,472
30/06/2015,10,275
30/06/2015,11,355
30/06/2015,12,497
30/06/2015,13,468
30/06/2015,14,456
30/06/2015,15,485
30/06/2015,16,782
30/06/2015,17,1532
30/06/2015,18,1373
30/06/2015,19,901
30/06/2015,20,640
30/06/2015,21,577
30/06/2015,22,359
30/06/2015,23,147
30/06/2016,0,65
30/06/2016,1,23
30/06/2016,2,24
30/06/2016,3,11
30/06/2016,4,10
30/06/2016,5,95
30/06/2016,6,345
30/06/2016,7,959
30/06/2016,8,1316
30/06/2016,9,638
30/06/2016,10,428
30/06/2016,11,476
30/06/2016,12,552
30/06/2016,13,560
30/06/2016,14,479
30/06/2016,15,627
30/06/2016,16,872
30/06/2016,17,1581
30/06/2016,18,1381
30/06/2016,19,961
30/06/2016,20,753
30/06/2016,21,510
30/06/2016,22,444
30/06/2016,23,209
30/06/2017,0,106
30/06/2017,1,54
30/06/2017,2,41
30/06/2017,3,15
30/06/2017,4,17
30/06/2017,5,104
30/06/2017,6,359
30/06/2017,7,832
30/06/2017,8,1317
30/06/2017,9,679
30/06/2017,10,522
30/06/2017,11,620
30/06/2017,12,691
30/06/2017,13,684
30/06/2017,14,670
30/06/2017,15,835
30/06/2017,16,1115
30/06/2017,17,1394
30/06/2017,18,1043
30/06/2017,19,868
30/06/2017,20,658
30/06/2017,21,476
30/06/2017,22,391
30/06/2017,23,261
30/07/2014,0,58
30/07/2014,1,18
30/07/2014,2,11
30/07/2014,3,5
30/07/2014,4,15
30/07/2014,5,75
30/07/2014,6,278
30/07/2014,7,787
30/07/2014,8,1153
30/07/2014,9,568
30/07/2014,10,338
30/07/2014,11,396
30/07/2014,12,532
30/07/2014,13,452
30/07/2014,14,486
30/07/2014,15,462
30/07/2014,16,715
30/07/2014,17,1292
30/07/2014,18,1269
30/07/2014,19,873
30/07/2014,20,574
30/07/2014,21,509
30/07/2014,22,320
30/07/2014,23,173
30/07/2015,0,101
30/07/2015,1,43
30/07/2015,2,8
30/07/2015,3,12
30/07/2015,4,7
30/07/2015,5,95
30/07/2015,6,338
30/07/2015,7,823
30/07/2015,8,1156
30/07/2015,9,550
30/07/2015,10,311
30/07/2015,11,378
30/07/2015,12,458
30/07/2015,13,456
30/07/2015,14,80
30/07/2015,15,357
30/07/2015,16,741
30/07/2015,17,1268
30/07/2015,18,1182
30/07/2015,19,912
30/07/2015,20,634
30/07/2015,21,420
30/07/2015,22,305
30/07/2015,23,173
30/07/2016,0,188
30/07/2016,1,138
30/07/2016,2,87
30/07/2016,3,42
30/07/2016,4,17
30/07/2016,5,26
30/07/2016,6,78
30/07/2016,7,132
30/07/2016,8,315
30/07/2016,9,568
30/07/2016,10,722
30/07/2016,11,902
30/07/2016,12,711
30/07/2016,13,617
30/07/2016,14,764
30/07/2016,15,862
30/07/2016,16,813
30/07/2016,17,727
30/07/2016,18,558
30/07/2016,19,211
30/07/2016,20,59
30/07/2016,21,77
30/07/2016,22,140
30/07/2016,23,184
30/07/2017,0,226
30/07/2017,1,173
30/07/2017,2,112
30/07/2017,3,75
30/07/2017,4,21
30/07/2017,5,39
30/07/2017,6,77
30/07/2017,7,162
30/07/2017,8,378
30/07/2017,9,663
30/07/2017,10,965
30/07/2017,11,1281
30/07/2017,12,1414
30/07/2017,13,1392
30/07/2017,14,1340
30/07/2017,15,1264
30/07/2017,16,1298
30/07/2017,17,1251
30/07/2017,18,1022
30/07/2017,19,912
30/07/2017,20,734
30/07/2017,21,433
30/07/2017,22,380
30/07/2017,23,155
30/08/2014,0,128
30/08/2014,1,99
30/08/2014,2,70
30/08/2014,3,27
30/08/2014,4,12
30/08/2014,5,32
30/08/2014,6,69
30/08/2014,7,126
30/08/2014,8,211
30/08/2014,9,386
30/08/2014,10,566
30/08/2014,11,682
30/08/2014,12,843
30/08/2014,13,841
30/08/2014,14,826
30/08/2014,15,858
30/08/2014,16,881
30/08/2014,17,795
30/08/2014,18,783
30/08/2014,19,637
30/08/2014,20,438
30/08/2014,21,352
30/08/2014,22,305
30/08/2014,23,247
30/08/2015,0,187
30/08/2015,1,125
30/08/2015,2,77
30/08/2015,3,34
30/08/2015,4,14
30/08/2015,5,6
30/08/2015,6,44
30/08/2015,7,111
30/08/2015,8,260
30/08/2015,9,436
30/08/2015,10,696
30/08/2015,11,795
30/08/2015,12,954
30/08/2015,13,821
30/08/2015,14,848
30/08/2015,15,843
30/08/2015,16,865
30/08/2015,17,771
30/08/2015,18,749
30/08/2015,19,526
30/08/2015,20,430
30/08/2015,21,293
30/08/2015,22,188
30/08/2015,23,115
30/08/2016,0,50
30/08/2016,1,22
30/08/2016,2,5
30/08/2016,3,6
30/08/2016,4,20
30/08/2016,5,107
30/08/2016,6,393
30/08/2016,7,1029
30/08/2016,8,1302
30/08/2016,9,584
30/08/2016,10,358
30/08/2016,11,409
30/08/2016,12,453
30/08/2016,13,445
30/08/2016,14,420
30/08/2016,15,467
30/08/2016,16,830
30/08/2016,17,1592
30/08/2016,18,1380
30/08/2016,19,969
30/08/2016,20,613
30/08/2016,21,425
30/08/2016,22,230
30/08/2016,23,107
30/08/2017,0,74
30/08/2017,1,31
30/08/2017,2,17
30/08/2017,3,15
30/08/2017,4,22
30/08/2017,5,95
30/08/2017,6,390
30/08/2017,7,1033
30/08/2017,8,1451
30/08/2017,9,717
30/08/2017,10,447
30/08/2017,11,550
30/08/2017,12,644
30/08/2017,13,645
30/08/2017,14,615
30/08/2017,15,767
30/08/2017,16,1056
30/08/2017,17,1786
30/08/2017,18,1577
30/08/2017,19,1111
30/08/2017,20,718
30/08/2017,21,482
30/08/2017,22,320
30/08/2017,23,151
30/09/2014,0,37
30/09/2014,1,16
30/09/2014,2,11
30/09/2014,3,2
30/09/2014,4,11
30/09/2014,5,83
30/09/2014,6,327
30/09/2014,7,917
30/09/2014,8,1292
30/09/2014,9,572
30/09/2014,10,374
30/09/2014,11,382
30/09/2014,12,470
30/09/2014,13,462
30/09/2014,14,430
30/09/2014,15,563
30/09/2014,16,785
30/09/2014,17,1376
30/09/2014,18,1284
30/09/2014,19,875
30/09/2014,20,578
30/09/2014,21,442
30/09/2014,22,211
30/09/2014,23,108
30/09/2015,0,28
30/09/2015,1,17
30/09/2015,2,7
30/09/2015,3,5
30/09/2015,4,9
30/09/2015,5,93
30/09/2015,6,306
30/09/2015,7,711
30/09/2015,8,1128
30/09/2015,9,483
30/09/2015,10,227
30/09/2015,11,236
30/09/2015,12,370
30/09/2015,13,327
30/09/2015,14,309
30/09/2015,15,470
30/09/2015,16,671
30/09/2015,17,1301
30/09/2015,18,1280
30/09/2015,19,815
30/09/2015,20,568
30/09/2015,21,425
30/09/2015,22,252
30/09/2015,23,146
30/09/2016,0,34
30/09/2016,1,10
30/09/2016,2,6
30/09/2016,3,6
30/09/2016,4,10
30/09/2016,5,89
30/09/2016,6,218
30/09/2016,7,641
30/09/2016,8,1046
30/09/2016,9,531
30/09/2016,10,341
30/09/2016,11,369
30/09/2016,12,478
30/09/2016,13,467
30/09/2016,14,516
30/09/2016,15,536
30/09/2016,16,672
30/09/2016,17,914
30/09/2016,18,675
30/09/2016,19,245
30/09/2016,20,208
30/09/2016,21,188
30/09/2016,22,174
30/09/2016,23,152
30/09/2017,0,185
30/09/2017,1,138
30/09/2017,2,92
30/09/2017,3,38
30/09/2017,4,16
30/09/2017,5,17
30/09/2017,6,58
30/09/2017,7,179
30/09/2017,8,393
30/09/2017,9,635
30/09/2017,10,946
30/09/2017,11,1052
30/09/2017,12,1152
30/09/2017,13,1146
30/09/2017,14,1130
30/09/2017,15,1162
30/09/2017,16,1085
30/09/2017,17,989
30/09/2017,18,825
30/09/2017,19,583
30/09/2017,20,378
30/09/2017,21,309
30/09/2017,22,286
30/09/2017,23,227
30/10/2014,0,49
30/10/2014,1,20
30/10/2014,2,10
30/10/2014,3,3
30/10/2014,4,6
30/10/2014,5,61
30/10/2014,6,258
30/10/2014,7,673
30/10/2014,8,1172
30/10/2014,9,501
30/10/2014,10,309
30/10/2014,11,379
30/10/2014,12,428
30/10/2014,13,447
30/10/2014,14,405
30/10/2014,15,468
30/10/2014,16,638
30/10/2014,17,1265
30/10/2014,18,1063
30/10/2014,19,707
30/10/2014,20,475
30/10/2014,21,320
30/10/2014,22,249
30/10/2014,23,139
30/10/2015,0,65
30/10/2015,1,30
30/10/2015,2,20
30/10/2015,3,3
30/10/2015,4,9
30/10/2015,5,70
30/10/2015,6,202
30/10/2015,7,638
30/10/2015,8,1127
30/10/2015,9,575
30/10/2015,10,275
30/10/2015,11,383
30/10/2015,12,447
30/10/2015,13,490
30/10/2015,14,491
30/10/2015,15,516
30/10/2015,16,806
30/10/2015,17,1216
30/10/2015,18,849
30/10/2015,19,540
30/10/2015,20,359
30/10/2015,21,237
30/10/2015,22,201
30/10/2015,23,151
30/10/2016,0,158
30/10/2016,1,150
30/10/2016,2,141
30/10/2016,3,76
30/10/2016,4,30
30/10/2016,5,36
30/10/2016,6,77
30/10/2016,7,151
30/10/2016,8,350
30/10/2016,9,624
30/10/2016,10,811
30/10/2016,11,953
30/10/2016,12,896
30/10/2016,13,998
30/10/2016,14,1081
30/10/2016,15,1048
30/10/2016,16,1049
30/10/2016,17,1025
30/10/2016,18,467
30/10/2016,19,231
30/10/2016,20,185
30/10/2016,21,143
30/10/2016,22,126
30/10/2016,23,96
30/10/2017,0,10
30/10/2017,1,4
30/10/2017,2,3
30/10/2017,3,1
30/10/2017,4,8
30/10/2017,5,70
30/10/2017,6,228
30/10/2017,7,626
30/10/2017,8,1004
30/10/2017,9,482
30/10/2017,10,272
30/10/2017,11,312
30/10/2017,12,469
30/10/2017,13,426
30/10/2017,14,440
30/10/2017,15,555
30/10/2017,16,878
30/10/2017,17,1543
30/10/2017,18,1160
30/10/2017,19,705
30/10/2017,20,421
30/10/2017,21,285
30/10/2017,22,171
30/10/2017,23,82
30/11/2014,0,67
30/11/2014,1,51
30/11/2014,2,31
30/11/2014,3,28
30/11/2014,4,8
30/11/2014,5,6
30/11/2014,6,7
30/11/2014,7,44
30/11/2014,8,77
30/11/2014,9,181
30/11/2014,10,274
30/11/2014,11,321
30/11/2014,12,411
30/11/2014,13,506
30/11/2014,14,483
30/11/2014,15,556
30/11/2014,16,548
30/11/2014,17,404
30/11/2014,18,318
30/11/2014,19,194
30/11/2014,20,172
30/11/2014,21,136
30/11/2014,22,89
30/11/2014,23,54
30/11/2015,0,24
30/11/2015,1,9
30/11/2015,2,6
30/11/2015,3,3
30/11/2015,4,4
30/11/2015,5,72
30/11/2015,6,225
30/11/2015,7,531
30/11/2015,8,672
30/11/2015,9,290
30/11/2015,10,110
30/11/2015,11,123
30/11/2015,12,157
30/11/2015,13,117
30/11/2015,14,60
30/11/2015,15,99
30/11/2015,16,192
30/11/2015,17,407
30/11/2015,18,399
30/11/2015,19,307
30/11/2015,20,178
30/11/2015,21,89
30/11/2015,22,53
30/11/2015,23,33
30/11/2016,0,31
30/11/2016,1,9
30/11/2016,2,8
30/11/2016,3,2
30/11/2016,4,7
30/11/2016,5,91
30/11/2016,6,196
30/11/2016,7,519
30/11/2016,8,481
30/11/2016,9,155
30/11/2016,10,119
30/11/2016,11,163
30/11/2016,12,254
30/11/2016,13,241
30/11/2016,14,249
30/11/2016,15,362
30/11/2016,16,578
30/11/2016,17,1047
30/11/2016,18,657
30/11/2016,19,444
30/11/2016,20,303
30/11/2016,21,88
30/11/2016,22,94
30/11/2016,23,72
30/11/2017,0,64
30/11/2017,1,17
30/11/2017,2,12
30/11/2017,3,2
30/11/2017,4,18
30/11/2017,5,91
30/11/2017,6,316
30/11/2017,7,808
30/11/2017,8,1269
30/11/2017,9,554
30/11/2017,10,337
30/11/2017,11,321
30/11/2017,12,464
30/11/2017,13,409
30/11/2017,14,407
30/11/2017,15,584
30/11/2017,16,805
30/11/2017,17,1218
30/11/2017,18,926
30/11/2017,19,640
30/11/2017,20,416
30/11/2017,21,206
30/11/2017,22,182
30/11/2017,23,102
30/12/2014,0,29
30/12/2014,1,12
30/12/2014,2,5
30/12/2014,3,1
30/12/2014,4,3
30/12/2014,5,31
30/12/2014,6,104
30/12/2014,7,278
30/12/2014,8,481
30/12/2014,9,348
30/12/2014,10,205
30/12/2014,11,288
30/12/2014,12,299
30/12/2014,13,300
30/12/2014,14,336
30/12/2014,15,351
30/12/2014,16,425
30/12/2014,17,557
30/12/2014,18,430
30/12/2014,19,259
30/12/2014,20,177
30/12/2014,21,123
30/12/2014,22,83
30/12/2014,23,37
30/12/2015,0,39
30/12/2015,1,17
30/12/2015,2,7
30/12/2015,3,1
30/12/2015,4,4
30/12/2015,5,40
30/12/2015,6,132
30/12/2015,7,320
30/12/2015,8,624
30/12/2015,9,422
30/12/2015,10,297
30/12/2015,11,354
30/12/2015,12,417
30/12/2015,13,387
30/12/2015,14,283
30/12/2015,15,277
30/12/2015,16,319
30/12/2015,17,370
30/12/2015,18,358
30/12/2015,19,209
30/12/2015,20,143
30/12/2015,21,129
30/12/2015,22,72
30/12/2015,23,54
30/12/2016,0,18
30/12/2016,1,20
30/12/2016,2,15
30/12/2016,3,3
30/12/2016,4,1
30/12/2016,5,24
30/12/2016,6,96
30/12/2016,7,223
30/12/2016,8,402
30/12/2016,9,307
30/12/2016,10,215
30/12/2016,11,282
30/12/2016,12,291
30/12/2016,13,367
30/12/2016,14,333
30/12/2016,15,411
30/12/2016,16,392
30/12/2016,17,327
30/12/2016,18,248
30/12/2016,19,157
30/12/2016,20,118
30/12/2016,21,83
30/12/2016,22,57
30/12/2016,23,57
30/12/2017,0,38
30/12/2017,1,20
30/12/2017,2,10
30/12/2017,3,8
30/12/2017,4,4
30/12/2017,5,3
30/12/2017,6,14
30/12/2017,7,18
30/12/2017,8,58
30/12/2017,9,79
30/12/2017,10,107
30/12/2017,11,154
30/12/2017,12,168
30/12/2017,13,168
30/12/2017,14,179
30/12/2017,15,191
30/12/2017,16,184
30/12/2017,17,121
30/12/2017,18,100
30/12/2017,19,90
30/12/2017,20,54
30/12/2017,21,54
30/12/2017,22,31
30/12/2017,23,23
31/01/2014,0,28
31/01/2014,1,14
31/01/2014,2,5
31/01/2014,3,10
31/01/2014,4,1
31/01/2014,5,30
31/01/2014,6,116
31/01/2014,7,321
31/01/2014,8,663
31/01/2014,9,331
31/01/2014,10,148
31/01/2014,11,192
31/01/2014,12,253
31/01/2014,13,249
31/01/2014,14,250
31/01/2014,15,275
31/01/2014,16,363
31/01/2014,17,665
31/01/2014,18,493
31/01/2014,19,358
31/01/2014,20,246
31/01/2014,21,149
31/01/2014,22,171
31/01/2014,23,93
31/01/2015,0,48
31/01/2015,1,36
31/01/2015,2,13
31/01/2015,3,8
31/01/2015,4,5
31/01/2015,5,3
31/01/2015,6,13
31/01/2015,7,44
31/01/2015,8,100
31/01/2015,9,166
31/01/2015,10,191
31/01/2015,11,244
31/01/2015,12,280
31/01/2015,13,280
31/01/2015,14,295
31/01/2015,15,279
31/01/2015,16,293
31/01/2015,17,229
31/01/2015,18,183
31/01/2015,19,216
31/01/2015,20,127
31/01/2015,21,94
31/01/2015,22,106
31/01/2015,23,78
31/01/2016,0,54
31/01/2016,1,34
31/01/2016,2,26
31/01/2016,3,21
31/01/2016,4,5
31/01/2016,5,2
31/01/2016,6,6
31/01/2016,7,23
31/01/2016,8,72
31/01/2016,9,128
31/01/2016,10,198
31/01/2016,11,268
31/01/2016,12,311
31/01/2016,13,354
31/01/2016,14,378
31/01/2016,15,438
31/01/2016,16,327
31/01/2016,17,284
31/01/2016,18,215
31/01/2016,19,151
31/01/2016,20,127
31/01/2016,21,86
31/01/2016,22,74
31/01/2016,23,29
31/01/2017,0,20
31/01/2017,1,7
31/01/2017,2,5
31/01/2017,3,4
31/01/2017,4,7
31/01/2017,5,58
31/01/2017,6,226
31/01/2017,7,572
31/01/2017,8,936
31/01/2017,9,447
31/01/2017,10,239
31/01/2017,11,224
31/01/2017,12,310
31/01/2017,13,247
31/01/2017,14,234
31/01/2017,15,380
31/01/2017,16,597
31/01/2017,17,1060
31/01/2017,18,875
31/01/2017,19,498
31/01/2017,20,365
31/01/2017,21,249
31/01/2017,22,151
31/01/2017,23,53
31/01/2018,0,10
31/01/2018,1,6
31/01/2018,2,2
31/01/2018,3,1
31/01/2018,4,7
31/01/2018,5,66
31/01/2018,6,207
31/01/2018,7,502
31/01/2018,8,827
31/01/2018,9,446
31/01/2018,10,182
31/01/2018,11,196
31/01/2018,12,231
31/01/2018,13,212
31/01/2018,14,202
31/01/2018,15,295
31/01/2018,16,491
31/01/2018,17,849
31/01/2018,18,673
31/01/2018,19,379
31/01/2018,20,252
31/01/2018,21,180
31/01/2018,22,116
31/01/2018,23,55
31/03/2014,0,17
31/03/2014,1,10
31/03/2014,2,6
31/03/2014,3,3
31/03/2014,4,7
31/03/2014,5,28
31/03/2014,6,125
31/03/2014,7,431
31/03/2014,8,806
31/03/2014,9,388
31/03/2014,10,187
31/03/2014,11,310
31/03/2014,12,379
31/03/2014,13,381
31/03/2014,14,394
31/03/2014,15,411
31/03/2014,16,599
31/03/2014,17,1048
31/03/2014,18,988
31/03/2014,19,684
31/03/2014,20,436
31/03/2014,21,265
31/03/2014,22,177
31/03/2014,23,78
31/03/2015,0,24
31/03/2015,1,12
31/03/2015,2,7
31/03/2015,3,3
31/03/2015,4,4
31/03/2015,5,56
31/03/2015,6,205
31/03/2015,7,658
31/03/2015,8,1120
31/03/2015,9,515
31/03/2015,10,369
31/03/2015,11,338
31/03/2015,12,418
31/03/2015,13,424
31/03/2015,14,472
31/03/2015,15,454
31/03/2015,16,424
31/03/2015,17,604
31/03/2015,18,704
31/03/2015,19,468
31/03/2015,20,297
31/03/2015,21,253
31/03/2015,22,124
31/03/2015,23,58
31/03/2016,0,28
31/03/2016,1,16
31/03/2016,2,10
31/03/2016,3,2
31/03/2016,4,8
31/03/2016,5,80
31/03/2016,6,240
31/03/2016,7,750
31/03/2016,8,1175
31/03/2016,9,589
31/03/2016,10,356
31/03/2016,11,415
31/03/2016,12,483
31/03/2016,13,566
31/03/2016,14,431
31/03/2016,15,504
31/03/2016,16,746
31/03/2016,17,1312
31/03/2016,18,1240
31/03/2016,19,807
31/03/2016,20,535
31/03/2016,21,346
31/03/2016,22,240
31/03/2016,23,150
31/03/2017,0,35
31/03/2017,1,11
31/03/2017,2,6
31/03/2017,4,8
31/03/2017,5,38
31/03/2017,6,120
31/03/2017,7,122
31/03/2017,8,279
31/03/2017,9,130
31/03/2017,10,37
31/03/2017,11,40
31/03/2017,12,53
31/03/2017,13,104
31/03/2017,14,182
31/03/2017,15,195
31/03/2017,16,411
31/03/2017,17,763
31/03/2017,18,615
31/03/2017,19,144
31/03/2017,20,154
31/03/2017,21,125
31/03/2017,22,128
31/03/2017,23,93
31/03/2018,0,72
31/03/2018,1,60
31/03/2018,2,39
31/03/2018,3,30
31/03/2018,4,7
31/03/2018,5,13
31/03/2018,6,42
31/03/2018,7,134
31/03/2018,8,309
31/03/2018,9,597
31/03/2018,10,979
31/03/2018,11,1299
31/03/2018,12,1473
31/03/2018,13,1606
31/03/2018,14,1556
31/03/2018,15,1653
31/03/2018,16,1586
31/03/2018,17,1446
31/03/2018,18,1058
31/03/2018,19,723
31/03/2018,20,495
31/03/2018,21,299
31/03/2018,22,230
31/03/2018,23,168
31/05/2014,0,197
31/05/2014,1,134
31/05/2014,2,105
31/05/2014,3,50
31/05/2014,4,18
31/05/2014,5,13
31/05/2014,6,53
31/05/2014,7,130
31/05/2014,8,308
31/05/2014,9,498
31/05/2014,10,734
31/05/2014,11,815
31/05/2014,12,932
31/05/2014,13,987
31/05/2014,14,1062
31/05/2014,15,1058
31/05/2014,16,924
31/05/2014,17,960
31/05/2014,18,851
31/05/2014,19,677
31/05/2014,20,567
31/05/2014,21,425
31/05/2014,22,342
31/05/2014,23,234
31/05/2015,0,230
31/05/2015,1,124
31/05/2015,2,100
31/05/2015,3,59
31/05/2015,4,9
31/05/2015,5,15
31/05/2015,6,33
31/05/2015,7,122
31/05/2015,8,271
31/05/2015,9,508
31/05/2015,10,693
31/05/2015,11,829
31/05/2015,12,923
31/05/2015,13,887
31/05/2015,14,831
31/05/2015,15,818
31/05/2015,16,884
31/05/2015,17,790
31/05/2015,18,794
31/05/2015,19,675
31/05/2015,20,577
31/05/2015,21,371
31/05/2015,22,234
31/05/2015,23,151
31/05/2016,0,68
31/05/2016,1,23
31/05/2016,2,7
31/05/2016,3,7
31/05/2016,4,5
31/05/2016,5,99
31/05/2016,6,303
31/05/2016,7,802
31/05/2016,8,1141
31/05/2016,9,533
31/05/2016,10,339
31/05/2016,11,408
31/05/2016,12,459
31/05/2016,13,519
31/05/2016,14,449
31/05/2016,15,512
31/05/2016,16,792
31/05/2016,17,1472
31/05/2016,18,1365
31/05/2016,19,900
31/05/2016,20,621
31/05/2016,21,445
31/05/2016,22,221
31/05/2016,23,88
31/05/2017,0,37
31/05/2017,1,17
31/05/2017,2,3
31/05/2017,3,8
31/05/2017,4,9
31/05/2017,5,115
31/05/2017,6,351
31/05/2017,7,936
31/05/2017,8,1326
31/05/2017,9,614
31/05/2017,10,398
31/05/2017,11,470
31/05/2017,12,595
31/05/2017,13,509
31/05/2017,14,564
31/05/2017,15,653
31/05/2017,16,1006
31/05/2017,17,1198
31/05/2017,18,866
31/05/2017,19,933
31/05/2017,20,658
31/05/2017,21,451
31/05/2017,22,317
31/05/2017,23,138
31/07/2014,0,76
31/07/2014,1,31
31/07/2014,2,15
31/07/2014,3,5
31/07/2014,4,14
31/07/2014,5,71
31/07/2014,6,256
31/07/2014,7,703
31/07/2014,8,1056
31/07/2014,9,564
31/07/2014,10,364
31/07/2014,11,394
31/07/2014,12,460
31/07/2014,13,480
31/07/2014,14,460
31/07/2014,15,475
31/07/2014,16,683
31/07/2014,17,1261
31/07/2014,18,1180
31/07/2014,19,781
31/07/2014,20,584
31/07/2014,21,466
31/07/2014,22,375
31/07/2014,23,228
31/07/2015,0,81
31/07/2015,1,49
31/07/2015,2,22
31/07/2015,3,7
31/07/2015,4,16
31/07/2015,5,85
31/07/2015,6,307
31/07/2015,7,754
31/07/2015,8,1132
31/07/2015,9,586
31/07/2015,10,369
31/07/2015,11,489
31/07/2015,12,593
31/07/2015,13,602
31/07/2015,14,534
31/07/2015,15,658
31/07/2015,16,929
31/07/2015,17,1289
31/07/2015,18,1126
31/07/2015,19,865
31/07/2015,20,696
31/07/2015,21,473
31/07/2015,22,389
31/07/2015,23,345
31/07/2016,0,171
31/07/2016,1,96
31/07/2016,2,83
31/07/2016,3,35
31/07/2016,4,19
31/07/2016,5,16
31/07/2016,6,47
31/07/2016,7,131
31/07/2016,8,259
31/07/2016,9,548
31/07/2016,10,759
31/07/2016,11,940
31/07/2016,12,998
31/07/2016,13,882
31/07/2016,14,948
31/07/2016,15,972
31/07/2016,16,846
31/07/2016,17,707
31/07/2016,18,607
31/07/2016,19,532
31/07/2016,20,493
31/07/2016,21,363
31/07/2016,22,278
31/07/2016,23,114
31/07/2017,0,66
31/07/2017,1,28
31/07/2017,2,11
31/07/2017,3,3
31/07/2017,4,18
31/07/2017,5,96
31/07/2017,6,346
31/07/2017,7,855
31/07/2017,8,1024
31/07/2017,9,622
31/07/2017,10,472
31/07/2017,11,568
31/07/2017,12,707
31/07/2017,13,646
31/07/2017,14,572
31/07/2017,15,714
31/07/2017,16,1077
31/07/2017,17,1822
31/07/2017,18,1440
31/07/2017,19,1092
31/07/2017,20,763
31/07/2017,21,522
31/07/2017,22,324
31/07/2017,23,148
31/08/2014,0,161
31/08/2014,1,136
31/08/2014,2,67
31/08/2014,3,28
31/08/2014,4,8
31/08/2014,5,9
31/08/2014,6,20
31/08/2014,7,83
31/08/2014,8,214
31/08/2014,9,407
31/08/2014,10,689
31/08/2014,11,873
31/08/2014,12,896
31/08/2014,13,865
31/08/2014,14,855
31/08/2014,15,761
31/08/2014,16,826
31/08/2014,17,790
31/08/2014,18,640
31/08/2014,19,242
31/08/2014,20,91
31/08/2014,21,73
31/08/2014,22,64
31/08/2014,23,142
31/08/2015,0,52
31/08/2015,1,28
31/08/2015,2,18
31/08/2015,3,12
31/08/2015,4,5
31/08/2015,5,92
31/08/2015,6,306
31/08/2015,7,842
31/08/2015,8,1078
31/08/2015,9,462
31/08/2015,10,339
31/08/2015,11,391
31/08/2015,12,512
31/08/2015,13,421
31/08/2015,14,382
31/08/2015,15,492
31/08/2015,16,697
31/08/2015,17,1457
31/08/2015,18,1290
31/08/2015,19,890
31/08/2015,20,592
31/08/2015,21,375
31/08/2015,22,221
31/08/2015,23,98
31/08/2016,0,47
31/08/2016,1,20
31/08/2016,2,9
31/08/2016,3,6
31/08/2016,4,22
31/08/2016,5,121
31/08/2016,6,410
31/08/2016,7,1038
31/08/2016,8,1250
31/08/2016,9,522
31/08/2016,10,322
31/08/2016,11,352
31/08/2016,12,458
31/08/2016,13,441
31/08/2016,14,366
31/08/2016,15,453
31/08/2016,16,749
31/08/2016,17,1562
31/08/2016,18,1286
31/08/2016,19,830
31/08/2016,20,607
31/08/2016,21,382
31/08/2016,22,242
31/08/2016,23,118
31/08/2017,0,87
31/08/2017,1,29
31/08/2017,2,13
31/08/2017,3,9
31/08/2017,4,18
31/08/2017,5,109
31/08/2017,6,371
31/08/2017,7,978
31/08/2017,8,1401
31/08/2017,9,641
31/08/2017,10,420
31/08/2017,11,507
31/08/2017,12,577
31/08/2017,13,617
31/08/2017,14,623
31/08/2017,15,693
31/08/2017,16,1026
31/08/2017,17,1737
31/08/2017,18,1545
31/08/2017,19,979
31/08/2017,20,644
31/08/2017,21,395
31/08/2017,22,320
31/08/2017,23,172
31/10/2014,0,82
31/10/2014,1,36
31/10/2014,2,12
31/10/2014,3,4
31/10/2014,4,8
31/10/2014,5,52
31/10/2014,6,223
31/10/2014,7,542
31/10/2014,8,1099
31/10/2014,9,550
31/10/2014,10,342
31/10/2014,11,413
31/10/2014,12,537
31/10/2014,13,479
31/10/2014,14,515
31/10/2014,15,576
31/10/2014,16,845
31/10/2014,17,1174
31/10/2014,18,720
31/10/2014,19,465
31/10/2014,20,304
31/10/2014,21,227
31/10/2014,22,196
31/10/2014,23,174
31/10/2015,0,120
31/10/2015,1,100
31/10/2015,2,57
31/10/2015,3,27
31/10/2015,4,10
31/10/2015,5,10
31/10/2015,6,23
31/10/2015,7,81
31/10/2015,8,210
31/10/2015,9,373
31/10/2015,10,561
31/10/2015,11,643
31/10/2015,12,779
31/10/2015,13,762
31/10/2015,14,866
31/10/2015,15,849
31/10/2015,16,866
31/10/2015,17,639
31/10/2015,18,537
31/10/2015,19,363
31/10/2015,20,284
31/10/2015,21,194
31/10/2015,22,216
31/10/2015,23,151
31/10/2016,0,52
31/10/2016,1,17
31/10/2016,2,4
31/10/2016,3,6
31/10/2016,4,16
31/10/2016,5,81
31/10/2016,6,277
31/10/2016,7,817
31/10/2016,8,1003
31/10/2016,9,581
31/10/2016,10,352
31/10/2016,11,422
31/10/2016,12,544
31/10/2016,13,487
31/10/2016,14,534
31/10/2016,15,652
31/10/2016,16,986
31/10/2016,17,1526
31/10/2016,18,1031
31/10/2016,19,535
31/10/2016,20,324
31/10/2016,21,233
31/10/2016,22,159
31/10/2016,23,87
31/10/2017,0,35
31/10/2017,1,14
31/10/2017,2,12
31/10/2017,3,2
31/10/2017,4,14
31/10/2017,5,95
31/10/2017,6,367
31/10/2017,7,865
31/10/2017,8,1308
31/10/2017,9,533
31/10/2017,10,345
31/10/2017,11,422
31/10/2017,12,499
31/10/2017,13,488
31/10/2017,14,502
31/10/2017,15,653
31/10/2017,16,1090
31/10/2017,17,1629
31/10/2017,18,1129
31/10/2017,19,593
31/10/2017,20,399
31/10/2017,21,280
31/10/2017,22,191
31/10/2017,23,120
31/12/2014,0,17
31/12/2014,1,11
31/12/2014,2,6
31/12/2014,3,4
31/12/2014,4,3
31/12/2014,5,29
31/12/2014,6,83
31/12/2014,7,196
31/12/2014,8,410
31/12/2014,9,297
31/12/2014,10,182
31/12/2014,11,268
31/12/2014,12,311
31/12/2014,13,312
31/12/2014,14,334
31/12/2014,15,411
31/12/2014,16,383
31/12/2014,17,305
31/12/2014,18,187
31/12/2014,19,162
31/12/2014,20,102
31/12/2014,21,84
31/12/2014,22,79
31/12/2014,23,33
31/12/2015,0,41
31/12/2015,1,31
31/12/2015,2,9
31/12/2015,3,6
31/12/2015,4,3
31/12/2015,5,32
31/12/2015,6,90
31/12/2015,7,267
31/12/2015,8,424
31/12/2015,9,346
31/12/2015,10,302
31/12/2015,11,437
31/12/2015,12,515
31/12/2015,13,547
31/12/2015,14,608
31/12/2015,15,604
31/12/2015,16,535
31/12/2015,17,334
31/12/2015,18,210
31/12/2015,19,138
31/12/2015,20,137
31/12/2015,21,102
31/12/2015,22,84
31/12/2015,23,53
31/12/2016,0,39
31/12/2016,1,30
31/12/2016,2,8
31/12/2016,3,14
31/12/2016,4,2
31/12/2016,5,3
31/12/2016,6,10
31/12/2016,7,29
31/12/2016,8,92
31/12/2016,9,150
31/12/2016,10,261
31/12/2016,11,295
31/12/2016,12,338
31/12/2016,13,321
31/12/2016,14,328
31/12/2016,15,278
31/12/2016,16,255
31/12/2016,17,212
31/12/2016,18,144
31/12/2016,19,126
31/12/2016,20,91
31/12/2016,21,76
31/12/2016,22,57
31/12/2016,23,58
31/12/2017,0,15
31/12/2017,1,11
31/12/2017,2,12
31/12/2017,3,6
31/12/2017,4,7
31/12/2017,5,2
31/12/2017,6,5
31/12/2017,7,22
31/12/2017,8,42
31/12/2017,9,91
31/12/2017,10,98
31/12/2017,11,96
31/12/2017,12,146
31/12/2017,13,149
31/12/2017,14,142
31/12/2017,15,129
31/12/2017,16,124
31/12/2017,17,99
31/12/2017,18,67
31/12/2017,19,59
31/12/2017,20,30
31/12/2017,21,46
31/12/2017,22,25
31/12/2017,23,14
