DATE,HOUR,RENTED_BIKE_COUNT
01/01/2023,0,19
01/01/2023,4,26
01/01/2023,5,15
01/01/2023,6,10
01/01/2023,7,7
01/01/2023,8,8
01/01/2023,9,10
01/01/2023,10,16
01/01/2023,11,21
01/01/2023,12,29
01/01/2023,13,30
01/01/2023,14,25
01/01/2023,15,25
01/01/2023,16,28
01/01/2023,17,32
01/01/2023,18,33
01/01/2023,19,32
01/01/2023,20,26
01/01/2023,21,21
01/01/2023,22,18
01/01/2023,23,13
01/01/2024,0,21
01/01/2024,1,29
01/01/2024,2,32
01/01/2024,3,32
01/01/2024,4,24
01/01/2024,5,17
01/01/2024,6,11
01/01/2024,7,7
01/01/2024,8,10
01/01/2024,9,11
01/01/2024,10,15
01/01/2024,11,22
01/01/2024,12,29
01/01/2024,13,32
01/01/2024,14,37
01/01/2024,15,45
01/01/2024,16,47
01/01/2024,17,45
01/01/2024,18,42
01/01/2024,19,38
01/01/2024,20,27
01/01/2024,21,18
01/01/2024,22,15
01/01/2024,23,11
01/02/2023,0,27
01/02/2023,1,10
01/02/2023,2,6
01/02/2023,3,3
01/02/2023,4,3
01/02/2023,5,6
01/02/2023,6,17
01/02/2023,7,74
01/02/2023,8,240
01/02/2023,9,226
01/02/2023,10,83
01/02/2023,11,66
01/02/2023,12,92
01/02/2023,13,92
01/02/2023,14,85
01/02/2023,15,74
01/02/2023,16,89
01/02/2023,17,143
01/02/2023,18,224
01/02/2023,19,218
01/02/2023,20,116
01/02/2023,21,65
01/02/2023,22,59
01/02/2023,23,51
01/02/2024,0,28
01/02/2024,1,13
01/02/2024,2,8
01/02/2024,3,5
01/02/2024,4,4
01/02/2024,5,7
01/02/2024,6,15
01/02/2024,7,55
01/02/2024,8,188
01/02/2024,9,180
01/02/2024,10,71
01/02/2024,11,59
01/02/2024,12,80
01/02/2024,13,78
01/02/2024,14,74
01/02/2024,15,63
01/02/2024,16,80
01/02/2024,17,122
01/02/2024,18,190
01/02/2024,19,179
01/02/2024,20,100
01/02/2024,21,62
01/02/2024,22,59
01/02/2024,23,48
01/03/2023,0,16
01/03/2023,1,8
01/03/2023,2,5
01/03/2023,3,3
01/03/2023,4,3
01/03/2023,5,5
01/03/2023,6,13
01/03/2023,7,45
01/03/2023,8,172
01/03/2023,9,169
01/03/2023,10,63
01/03/2023,11,51
01/03/2023,12,67
01/03/2023,13,68
01/03/2023,14,66
01/03/2023,15,60
01/03/2023,16,69
01/03/2023,17,106
01/03/2023,18,176
01/03/2023,19,174
01/03/2023,20,96
01/03/2023,21,53
01/03/2023,22,49
01/03/2023,23,40
01/03/2024,0,29
01/03/2024,1,17
01/03/2024,2,11
01/03/2024,3,7
01/03/2024,4,5
01/03/2024,5,10
01/03/2024,6,17
01/03/2024,7,54
01/03/2024,8,166
01/03/2024,9,148
01/03/2024,10,65
01/03/2024,11,57
01/03/2024,12,75
01/03/2024,13,74
01/03/2024,14,77
01/03/2024,15,76
01/03/2024,16,91
01/03/2024,17,131
01/03/2024,18,161
01/03/2024,19,119
01/03/2024,20,61
01/03/2024,21,36
01/03/2024,22,36
01/03/2024,23,38
01/04/2023,0,38
01/04/2023,1,26
01/04/2023,2,25
01/04/2023,3,13
01/04/2023,4,11
01/04/2023,5,9
01/04/2023,6,10
01/04/2023,7,15
01/04/2023,8,34
01/04/2023,9,51
01/04/2023,10,69
01/04/2023,11,75
01/04/2023,12,93
01/04/2023,13,90
01/04/2023,14,92
01/04/2023,15,108
01/04/2023,16,113
01/04/2023,17,109
01/04/2023,18,97
01/04/2023,19,84
01/04/2023,20,58
01/04/2023,21,44
01/04/2023,22,38
01/04/2023,23,37
01/04/2024,0,23
01/04/2024,1,16
01/04/2024,2,12
01/04/2024,3,8
01/04/2024,4,6
01/04/2024,5,7
01/04/2024,6,7
01/04/2024,7,9
01/04/2024,8,19
01/04/2024,9,30
01/04/2024,10,42
01/04/2024,11,53
01/04/2024,12,59
01/04/2024,13,57
01/04/2024,14,58
01/04/2024,15,63
01/04/2024,16,60
01/04/2024,17,74
01/04/2024,18,82
01/04/2024,19,79
01/04/2024,20,57
01/04/2024,21,39
01/04/2024,22,37
01/04/2024,23,28
01/05/2023,0,26
01/05/2023,1,15
01/05/2023,2,12
01/05/2023,3,8
01/05/2023,4,6
01/05/2023,5,5
01/05/2023,6,6
01/05/2023,7,10
01/05/2023,8,20
01/05/2023,9,32
01/05/2023,10,48
01/05/2023,11,59
01/05/2023,12,69
01/05/2023,13,67
01/05/2023,14,56
01/05/2023,15,50
01/05/2023,16,65
01/05/2023,17,79
01/05/2023,18,87
01/05/2023,19,86
01/05/2023,20,65
01/05/2023,21,48
01/05/2023,22,37
01/05/2023,23,26
01/05/2024,0,45
01/05/2024,1,31
01/05/2024,2,27
01/05/2024,3,16
01/05/2024,4,12
01/05/2024,5,10
01/05/2024,6,12
01/05/2024,7,15
01/05/2024,8,29
01/05/2024,9,51
01/05/2024,10,69
01/05/2024,11,90
01/05/2024,12,110
01/05/2024,13,93
01/05/2024,14,101
01/05/2024,15,109
01/05/2024,16,117
01/05/2024,17,121
01/05/2024,18,125
01/05/2024,19,114
01/05/2024,20,89
01/05/2024,21,42
01/05/2024,22,28
01/05/2024,23,37
01/06/2023,0,54
01/06/2023,1,22
01/06/2023,2,14
01/06/2023,3,7
01/06/2023,4,4
01/06/2023,5,9
01/06/2023,6,25
01/06/2023,7,96
01/06/2023,8,309
01/06/2023,9,279
01/06/2023,10,111
01/06/2023,11,90
01/06/2023,12,119
01/06/2023,13,116
01/06/2023,14,107
01/06/2023,15,104
01/06/2023,16,125
01/06/2023,17,202
01/06/2023,18,313
01/06/2023,19,294
01/06/2023,20,175
01/06/2023,21,107
01/06/2023,22,100
01/06/2023,23,97
01/06/2024,0,34
01/06/2024,1,27
01/06/2024,2,25
01/06/2024,3,14
01/06/2024,4,11
01/06/2024,5,10
01/06/2024,6,13
01/06/2024,7,18
01/06/2024,8,34
01/06/2024,9,54
01/06/2024,10,65
01/06/2024,11,72
01/06/2024,12,83
01/06/2024,13,61
01/06/2024,14,57
01/06/2024,15,56
01/06/2024,16,47
01/06/2024,17,63
01/06/2024,18,70
01/06/2024,19,74
01/06/2024,20,67
01/06/2024,21,47
01/06/2024,22,44
01/06/2024,23,46
01/07/2023,0,62
01/07/2023,1,51
01/07/2023,2,34
01/07/2023,3,13
01/07/2023,4,10
01/07/2023,5,9
01/07/2023,6,9
01/07/2023,7,13
01/07/2023,8,28
01/07/2023,9,51
01/07/2023,10,60
01/07/2023,11,70
01/07/2023,12,90
01/07/2023,13,91
01/07/2023,14,93
01/07/2023,15,111
01/07/2023,16,120
01/07/2023,17,123
01/07/2023,18,133
01/07/2023,19,131
01/07/2023,20,105
01/07/2023,21,71
01/07/2023,22,61
01/07/2023,23,60
01/07/2024,0,34
01/07/2024,1,19
01/07/2024,2,11
01/07/2024,3,6
01/07/2024,4,5
01/07/2024,5,10
01/07/2024,6,23
01/07/2024,7,73
01/07/2024,8,241
01/07/2024,9,225
01/07/2024,10,81
01/07/2024,11,71
01/07/2024,12,91
01/07/2024,13,91
01/07/2024,14,82
01/07/2024,15,82
01/07/2024,16,99
01/07/2024,17,192
01/07/2024,18,239
01/07/2024,19,185
01/07/2024,20,143
01/07/2024,21,73
01/07/2024,22,65
01/07/2024,23,51
01/08/2023,0,12
01/08/2023,1,8
01/08/2023,2,5
01/08/2023,3,3
01/08/2023,4,3
01/08/2023,5,6
01/08/2023,6,16
01/08/2023,7,46
01/08/2023,8,145
01/08/2023,9,157
01/08/2023,10,63
01/08/2023,11,55
01/08/2023,12,70
01/08/2023,13,65
01/08/2023,14,66
01/08/2023,15,66
01/08/2023,16,79
01/08/2023,17,116
01/08/2023,18,196
01/08/2023,19,169
01/08/2023,20,97
01/08/2023,21,61
01/08/2023,22,51
01/08/2023,23,42
01/08/2024,0,45
01/08/2024,1,26
01/08/2024,2,15
01/08/2024,3,9
01/08/2024,4,8
01/08/2024,5,10
01/08/2024,6,12
01/08/2024,7,41
01/08/2024,8,107
01/08/2024,9,125
01/08/2024,10,70
01/08/2024,11,73
01/08/2024,12,84
01/08/2024,13,85
01/08/2024,14,85
01/08/2024,15,82
01/08/2024,16,84
01/08/2024,17,119
01/08/2024,18,171
01/08/2024,19,154
01/08/2024,20,105
01/08/2024,21,76
01/08/2024,22,77
01/08/2024,23,43
01/09/2023,0,39
01/09/2023,1,25
01/09/2023,2,16
01/09/2023,3,10
01/09/2023,4,7
01/09/2023,5,10
01/09/2023,6,18
01/09/2023,7,54
01/09/2023,8,171
01/09/2023,9,146
01/09/2023,10,70
01/09/2023,11,63
01/09/2023,12,92
01/09/2023,13,85
01/09/2023,14,94
01/09/2023,15,89
01/09/2023,16,112
01/09/2023,17,167
01/09/2023,18,212
01/09/2023,19,180
01/09/2023,20,120
01/09/2023,21,75
01/09/2023,22,61
01/09/2023,23,62
01/09/2024,0,47
01/09/2024,1,34
01/09/2024,2,30
01/09/2024,3,17
01/09/2024,4,14
01/09/2024,5,11
01/09/2024,6,11
01/09/2024,7,16
01/09/2024,8,29
01/09/2024,9,50
01/09/2024,10,75
01/09/2024,11,95
01/09/2024,12,105
01/09/2024,13,101
01/09/2024,14,112
01/09/2024,15,129
01/09/2024,16,138
01/09/2024,17,138
01/09/2024,18,139
01/09/2024,19,120
01/09/2024,20,93
01/09/2024,21,72
01/09/2024,22,64
01/09/2024,23,48
01/10/2023,0,64
01/10/2023,1,49
01/10/2023,2,41
01/10/2023,3,25
01/10/2023,4,17
01/10/2023,5,13
01/10/2023,6,10
01/10/2023,7,16
01/10/2023,8,35
01/10/2023,9,59
01/10/2023,10,92
01/10/2023,11,117
01/10/2023,12,143
01/10/2023,13,131
01/10/2023,14,135
01/10/2023,15,163
01/10/2023,16,177
01/10/2023,17,180
01/10/2023,18,182
01/10/2023,19,153
01/10/2023,20,100
01/10/2023,21,69
01/10/2023,22,61
01/10/2023,23,45
01/10/2024,0,22
01/10/2024,1,11
01/10/2024,2,7
01/10/2024,3,5
01/10/2024,4,5
01/10/2024,5,9
01/10/2024,6,21
01/10/2024,7,81
01/10/2024,8,279
01/10/2024,9,241
01/10/2024,10,91
01/10/2024,11,80
01/10/2024,12,108
01/10/2024,13,110
01/10/2024,14,101
01/10/2024,15,99
01/10/2024,16,115
01/10/2024,17,184
01/10/2024,18,288
01/10/2024,19,252
01/10/2024,20,143
01/10/2024,21,80
01/10/2024,22,71
01/10/2024,23,63
01/11/2023,0,47
01/11/2023,1,35
01/11/2023,2,36
01/11/2023,3,24
01/11/2023,4,20
01/11/2023,5,15
01/11/2023,6,12
01/11/2023,7,16
01/11/2023,8,30
01/11/2023,9,45
01/11/2023,10,55
01/11/2023,11,49
01/11/2023,12,62
01/11/2023,13,63
01/11/2023,14,67
01/11/2023,15,72
01/11/2023,16,87
01/11/2023,17,91
01/11/2023,18,100
01/11/2023,19,84
01/11/2023,20,57
01/11/2023,21,41
01/11/2023,22,40
01/11/2023,23,32
01/11/2024,0,42
01/11/2024,1,32
01/11/2024,2,32
01/11/2024,3,25
01/11/2024,4,18
01/11/2024,5,15
01/11/2024,6,12
01/11/2024,7,16
01/11/2024,8,26
01/11/2024,9,38
01/11/2024,10,53
01/11/2024,11,60
01/11/2024,12,73
01/11/2024,13,70
01/11/2024,14,74
01/11/2024,15,85
01/11/2024,16,91
01/11/2024,17,91
01/11/2024,18,95
01/11/2024,19,85
01/11/2024,20,67
01/11/2024,21,47
01/11/2024,22,44
01/11/2024,23,40
01/12/2023,0,38
01/12/2023,1,21
01/12/2023,2,11
01/12/2023,3,6
01/12/2023,4,5
01/12/2023,5,7
01/12/2023,6,16
01/12/2023,7,70
01/12/2023,8,194
01/12/2023,9,175
01/12/2023,10,82
01/12/2023,11,71
01/12/2023,12,97
01/12/2023,13,89
01/12/2023,14,90
01/12/2023,15,86
01/12/2023,16,104
01/12/2023,17,149
01/12/2023,18,179
01/12/2023,19,154
01/12/2023,20,97
01/12/2023,21,57
01/12/2023,22,47
01/12/2023,23,42
01/12/2024,0,34
01/12/2024,1,27
01/12/2024,2,26
01/12/2024,3,14
01/12/2024,4,11
01/12/2024,5,8
01/12/2024,6,7
01/12/2024,7,9
01/12/2024,8,19
01/12/2024,9,31
01/12/2024,10,45
01/12/2024,11,60
01/12/2024,12,71
01/12/2024,13,67
01/12/2024,14,69
01/12/2024,15,79
01/12/2024,16,82
01/12/2024,17,85
01/12/2024,18,78
01/12/2024,19,71
01/12/2024,20,52
01/12/2024,21,41
01/12/2024,22,35
01/12/2024,23,24
02/01/2023,0,7
02/01/2023,1,5
02/01/2023,2,3
02/01/2023,3,2
02/01/2023,4,2
02/01/2023,5,4
02/01/2023,6,8
02/01/2023,7,23
02/01/2023,8,85
02/01/2023,9,105
02/01/2023,10,42
02/01/2023,11,36
02/01/2023,12,49
02/01/2023,13,58
02/01/2023,14,58
02/01/2023,15,64
02/01/2023,16,73
02/01/2023,17,98
02/01/2023,18,146
02/01/2023,19,117
02/01/2023,20,66
02/01/2023,21,37
02/01/2023,22,29
02/01/2023,23,20
02/01/2024,0,8
02/01/2024,1,5
02/01/2024,2,4
02/01/2024,3,3
02/01/2024,4,3
02/01/2024,5,5
02/01/2024,6,9
02/01/2024,7,22
02/01/2024,8,60
02/01/2024,9,66
02/01/2024,10,26
02/01/2024,11,23
02/01/2024,12,28
02/01/2024,13,30
02/01/2024,14,32
02/01/2024,15,32
02/01/2024,16,35
02/01/2024,17,56
02/01/2024,18,94
02/01/2024,19,73
02/01/2024,20,43
02/01/2024,21,31
02/01/2024,22,25
02/01/2024,23,21
02/02/2023,0,26
02/02/2023,1,11
02/02/2023,2,6
02/02/2023,3,4
02/02/2023,4,3
02/02/2023,5,6
02/02/2023,6,16
02/02/2023,7,73
02/02/2023,8,246
02/02/2023,9,223
02/02/2023,10,84
02/02/2023,11,64
02/02/2023,12,91
02/02/2023,13,88
02/02/2023,14,81
02/02/2023,15,73
02/02/2023,16,94
02/02/2023,17,149
02/02/2023,18,228
02/02/2023,19,211
02/02/2023,20,118
02/02/2023,21,64
02/02/2023,22,59
02/02/2023,23,51
02/02/2024,0,30
02/02/2024,1,16
02/02/2024,2,11
02/02/2024,3,6
02/02/2024,4,5
02/02/2024,5,8
02/02/2024,6,16
02/02/2024,7,53
02/02/2024,8,159
02/02/2024,9,145
02/02/2024,10,68
02/02/2024,11,61
02/02/2024,12,83
02/02/2024,13,83
02/02/2024,14,85
02/02/2024,15,80
02/02/2024,16,99
02/02/2024,17,135
02/02/2024,18,168
02/02/2024,19,145
02/02/2024,20,95
02/02/2024,21,55
02/02/2024,22,46
02/02/2024,23,51
02/03/2023,0,20
02/03/2023,1,9
02/03/2023,2,5
02/03/2023,3,4
02/03/2023,4,3
02/03/2023,5,6
02/03/2023,6,13
02/03/2023,7,47
02/03/2023,8,167
02/03/2023,9,175
02/03/2023,10,66
02/03/2023,11,54
02/03/2023,12,71
02/03/2023,13,70
02/03/2023,14,68
02/03/2023,15,63
02/03/2023,16,76
02/03/2023,17,115
02/03/2023,18,182
02/03/2023,19,178
02/03/2023,20,98
02/03/2023,21,56
02/03/2023,22,51
02/03/2023,23,46
02/03/2024,0,32
02/03/2024,1,21
02/03/2024,2,20
02/03/2024,3,12
02/03/2024,4,9
02/03/2024,5,9
02/03/2024,6,9
02/03/2024,7,14
02/03/2024,8,29
02/03/2024,9,45
02/03/2024,10,39
02/03/2024,11,39
02/03/2024,12,43
02/03/2024,13,46
02/03/2024,14,49
02/03/2024,15,46
02/03/2024,16,38
02/03/2024,17,38
02/03/2024,18,37
02/03/2024,19,47
02/03/2024,20,35
02/03/2024,21,26
02/03/2024,22,23
02/03/2024,23,22
02/04/2023,0,32
02/04/2023,1,26
02/04/2023,2,24
02/04/2023,3,16
02/04/2023,4,11
02/04/2023,5,8
02/04/2023,6,8
02/04/2023,7,13
02/04/2023,8,23
02/04/2023,9,34
02/04/2023,10,52
02/04/2023,11,64
02/04/2023,12,80
02/04/2023,13,74
02/04/2023,14,74
02/04/2023,15,85
02/04/2023,16,84
02/04/2023,17,86
02/04/2023,18,84
02/04/2023,19,72
02/04/2023,20,46
02/04/2023,21,35
02/04/2023,22,31
02/04/2023,23,26
02/04/2024,0,17
02/04/2024,1,9
02/04/2024,2,5
02/04/2024,3,4
02/04/2024,4,3
02/04/2024,5,8
02/04/2024,6,19
02/04/2024,7,67
02/04/2024,8,234
02/04/2024,9,214
02/04/2024,10,75
02/04/2024,11,65
02/04/2024,12,80
02/04/2024,13,86
02/04/2024,14,76
02/04/2024,15,74
02/04/2024,16,88
02/04/2024,17,124
02/04/2024,18,202
02/04/2024,19,186
02/04/2024,20,107
02/04/2024,21,64
02/04/2024,22,59
02/04/2024,23,45
02/05/2023,0,16
02/05/2023,1,8
02/05/2023,2,5
02/05/2023,3,3
02/05/2023,4,3
02/05/2023,5,7
02/05/2023,6,19
02/05/2023,7,60
02/05/2023,8,208
02/05/2023,9,199
02/05/2023,10,76
02/05/2023,11,62
02/05/2023,12,78
02/05/2023,13,79
02/05/2023,14,77
02/05/2023,15,76
02/05/2023,16,90
02/05/2023,17,140
02/05/2023,18,237
02/05/2023,19,223
02/05/2023,20,126
02/05/2023,21,69
02/05/2023,22,60
02/05/2023,23,46
02/05/2024,0,16
02/05/2024,1,10
02/05/2024,2,6
02/05/2024,3,5
02/05/2024,4,4
02/05/2024,5,8
02/05/2024,6,20
02/05/2024,7,67
02/05/2024,8,208
02/05/2024,9,190
02/05/2024,10,78
02/05/2024,11,67
02/05/2024,12,92
02/05/2024,13,88
02/05/2024,14,78
02/05/2024,15,64
02/05/2024,16,60
02/05/2024,17,93
02/05/2024,18,153
02/05/2024,19,140
02/05/2024,20,83
02/05/2024,21,54
02/05/2024,22,51
02/05/2024,23,39
02/06/2023,0,56
02/06/2023,1,27
02/06/2023,2,14
02/06/2023,3,7
02/06/2023,4,6
02/06/2023,5,9
02/06/2023,6,22
02/06/2023,7,77
02/06/2023,8,225
02/06/2023,9,204
02/06/2023,10,100
02/06/2023,11,89
02/06/2023,12,122
02/06/2023,13,115
02/06/2023,14,112
02/06/2023,15,108
02/06/2023,16,160
02/06/2023,17,195
02/06/2023,18,249
02/06/2023,19,228
02/06/2023,20,150
02/06/2023,21,92
02/06/2023,22,75
02/06/2023,23,70
02/06/2024,0,41
02/06/2024,1,39
02/06/2024,2,34
02/06/2024,3,21
02/06/2024,4,14
02/06/2024,5,10
02/06/2024,6,9
02/06/2024,7,13
02/06/2024,8,29
02/06/2024,9,38
02/06/2024,10,49
02/06/2024,11,67
02/06/2024,12,79
02/06/2024,13,77
02/06/2024,14,88
02/06/2024,15,102
02/06/2024,16,102
02/06/2024,17,103
02/06/2024,18,106
02/06/2024,19,96
02/06/2024,20,71
02/06/2024,21,56
02/06/2024,22,46
02/06/2024,23,36
02/07/2023,0,53
02/07/2023,1,49
02/07/2023,2,35
02/07/2023,3,17
02/07/2023,4,12
02/07/2023,5,9
02/07/2023,6,10
02/07/2023,7,15
02/07/2023,8,31
02/07/2023,9,47
02/07/2023,10,71
02/07/2023,11,89
02/07/2023,12,105
02/07/2023,13,96
02/07/2023,14,101
02/07/2023,15,114
02/07/2023,16,126
02/07/2023,17,129
02/07/2023,18,136
02/07/2023,19,120
02/07/2023,20,91
02/07/2023,21,66
02/07/2023,22,56
02/07/2023,23,40
02/07/2024,0,30
02/07/2024,1,16
02/07/2024,2,10
02/07/2024,3,5
02/07/2024,4,5
02/07/2024,5,9
02/07/2024,6,22
02/07/2024,7,77
02/07/2024,8,258
02/07/2024,9,237
02/07/2024,10,93
02/07/2024,11,76
02/07/2024,12,97
02/07/2024,13,94
02/07/2024,14,88
02/07/2024,15,86
02/07/2024,16,100
02/07/2024,17,166
02/07/2024,18,243
02/07/2024,19,228
02/07/2024,20,135
02/07/2024,21,82
02/07/2024,22,73
02/07/2024,23,68
02/08/2023,0,23
02/08/2023,1,9
02/08/2023,2,4
02/08/2023,3,2
02/08/2023,4,2
02/08/2023,5,4
02/08/2023,6,10
02/08/2023,7,27
02/08/2023,8,67
02/08/2023,9,100
02/08/2023,10,53
02/08/2023,11,47
02/08/2023,12,64
02/08/2023,13,62
02/08/2023,14,64
02/08/2023,15,62
02/08/2023,16,70
02/08/2023,17,96
02/08/2023,18,143
02/08/2023,19,125
02/08/2023,20,76
02/08/2023,21,47
02/08/2023,22,42
02/08/2023,23,36
02/08/2024,0,39
02/08/2024,1,23
02/08/2024,2,15
02/08/2024,3,9
02/08/2024,4,8
02/08/2024,5,12
02/08/2024,6,19
02/08/2024,7,43
02/08/2024,8,94
02/08/2024,9,99
02/08/2024,10,67
02/08/2024,11,71
02/08/2024,12,85
02/08/2024,13,95
02/08/2024,14,93
02/08/2024,15,92
02/08/2024,16,101
02/08/2024,17,137
02/08/2024,18,143
02/08/2024,19,134
02/08/2024,20,101
02/08/2024,21,78
02/08/2024,22,77
02/08/2024,23,80
02/09/2023,0,52
02/09/2023,1,36
02/09/2023,2,29
02/09/2023,3,17
02/09/2023,4,13
02/09/2023,5,11
02/09/2023,6,11
02/09/2023,7,17
02/09/2023,8,37
02/09/2023,9,63
02/09/2023,10,81
02/09/2023,11,99
02/09/2023,12,115
02/09/2023,13,110
02/09/2023,14,120
02/09/2023,15,146
02/09/2023,16,153
02/09/2023,17,154
02/09/2023,18,152
02/09/2023,19,149
02/09/2023,20,118
02/09/2023,21,78
02/09/2023,22,66
02/09/2023,23,64
02/09/2024,0,26
02/09/2024,1,16
02/09/2024,2,9
02/09/2024,3,6
02/09/2024,4,6
02/09/2024,5,9
02/09/2024,6,21
02/09/2024,7,68
02/09/2024,8,222
02/09/2024,9,223
02/09/2024,10,92
02/09/2024,11,77
02/09/2024,12,92
02/09/2024,13,99
02/09/2024,14,92
02/09/2024,15,89
02/09/2024,16,112
02/09/2024,17,178
02/09/2024,18,279
02/09/2024,19,220
02/09/2024,20,119
02/09/2024,21,80
02/09/2024,22,67
02/09/2024,23,51
02/10/2023,0,26
02/10/2023,1,13
02/10/2023,2,8
02/10/2023,3,5
02/10/2023,4,4
02/10/2023,5,9
02/10/2023,6,24
02/10/2023,7,101
02/10/2023,8,340
02/10/2023,9,280
02/10/2023,10,105
02/10/2023,11,89
02/10/2023,12,116
02/10/2023,13,115
02/10/2023,14,108
02/10/2023,15,110
02/10/2023,16,139
02/10/2023,17,222
02/10/2023,18,353
02/10/2023,19,308
02/10/2023,20,157
02/10/2023,21,91
02/10/2023,22,77
02/10/2023,23,56
02/10/2024,0,29
02/10/2024,1,15
02/10/2024,2,9
02/10/2024,3,5
02/10/2024,4,5
02/10/2024,5,8
02/10/2024,6,19
02/10/2024,7,82
02/10/2024,8,250
02/10/2024,9,221
02/10/2024,10,66
02/10/2024,11,68
02/10/2024,12,95
02/10/2024,13,93
02/10/2024,14,88
02/10/2024,15,84
02/10/2024,16,101
02/10/2024,17,160
02/10/2024,18,260
02/10/2024,19,236
02/10/2024,20,130
02/10/2024,21,77
02/10/2024,22,74
02/10/2024,23,62
02/11/2023,0,12
02/11/2023,1,6
02/11/2023,2,4
02/11/2023,3,3
02/11/2023,4,3
02/11/2023,5,5
02/11/2023,6,12
02/11/2023,7,37
02/11/2023,8,120
02/11/2023,9,128
02/11/2023,10,58
02/11/2023,11,49
02/11/2023,12,61
02/11/2023,13,63
02/11/2023,14,63
02/11/2023,15,63
02/11/2023,16,66
02/11/2023,17,98
02/11/2023,18,159
02/11/2023,19,140
02/11/2023,20,81
02/11/2023,21,50
02/11/2023,22,46
02/11/2023,23,43
02/11/2024,0,32
02/11/2024,1,23
02/11/2024,2,18
02/11/2024,3,12
02/11/2024,4,9
02/11/2024,5,9
02/11/2024,6,10
02/11/2024,7,13
02/11/2024,8,24
02/11/2024,9,40
02/11/2024,10,57
02/11/2024,11,66
02/11/2024,12,78
02/11/2024,13,76
02/11/2024,14,80
02/11/2024,15,93
02/11/2024,16,95
02/11/2024,17,90
02/11/2024,18,88
02/11/2024,19,89
02/11/2024,20,72
02/11/2024,21,51
02/11/2024,22,43
02/11/2024,23,41
02/12/2023,0,36
02/12/2023,1,26
02/12/2023,2,22
02/12/2023,3,12
02/12/2023,4,9
02/12/2023,5,9
02/12/2023,6,8
02/12/2023,7,14
02/12/2023,8,30
02/12/2023,9,49
02/12/2023,10,59
02/12/2023,11,70
02/12/2023,12,88
02/12/2023,13,85
02/12/2023,14,91
02/12/2023,15,103
02/12/2023,16,103
02/12/2023,17,101
02/12/2023,18,94
02/12/2023,19,86
02/12/2023,20,67
02/12/2023,21,42
02/12/2023,22,35
02/12/2023,23,35
02/12/2024,0,14
02/12/2024,1,10
02/12/2024,2,6
02/12/2024,3,4
02/12/2024,4,4
02/12/2024,5,8
02/12/2024,6,18
02/12/2024,7,67
02/12/2024,8,226
02/12/2024,9,203
02/12/2024,10,78
02/12/2024,11,60
02/12/2024,12,83
02/12/2024,13,86
02/12/2024,14,78
02/12/2024,15,74
02/12/2024,16,89
02/12/2024,17,139
02/12/2024,18,222
02/12/2024,19,190
02/12/2024,20,107
02/12/2024,21,62
02/12/2024,22,54
02/12/2024,23,35
03/01/2023,0,10
03/01/2023,1,6
03/01/2023,2,4
03/01/2023,3,3
03/01/2023,4,3
03/01/2023,5,5
03/01/2023,6,16
03/01/2023,7,67
03/01/2023,8,241
03/01/2023,9,215
03/01/2023,10,74
03/01/2023,11,58
03/01/2023,12,76
03/01/2023,13,78
03/01/2023,14,72
03/01/2023,15,72
03/01/2023,16,89
03/01/2023,17,146
03/01/2023,18,240
03/01/2023,19,201
03/01/2023,20,96
03/01/2023,21,44
03/01/2023,22,35
03/01/2023,23,26
03/01/2024,0,13
03/01/2024,1,8
03/01/2024,2,6
03/01/2024,3,4
03/01/2024,4,4
03/01/2024,5,6
03/01/2024,6,12
03/01/2024,7,34
03/01/2024,8,112
03/01/2024,9,119
03/01/2024,10,47
03/01/2024,11,45
03/01/2024,12,56
03/01/2024,13,44
03/01/2024,14,44
03/01/2024,15,49
03/01/2024,16,54
03/01/2024,17,88
03/01/2024,18,131
03/01/2024,19,114
03/01/2024,20,59
03/01/2024,21,37
03/01/2024,22,33
03/01/2024,23,28
03/02/2023,0,31
03/02/2023,1,16
03/02/2023,2,9
03/02/2023,3,5
03/02/2023,4,4
03/02/2023,5,6
03/02/2023,6,15
03/02/2023,7,61
03/02/2023,8,188
03/02/2023,9,172
03/02/2023,10,76
03/02/2023,11,67
03/02/2023,12,93
03/02/2023,13,85
03/02/2023,14,84
03/02/2023,15,79
03/02/2023,16,98
03/02/2023,17,141
03/02/2023,18,182
03/02/2023,19,160
03/02/2023,20,98
03/02/2023,21,57
03/02/2023,22,47
03/02/2023,23,45
03/02/2024,0,40
03/02/2024,1,28
03/02/2024,2,23
03/02/2024,3,12
03/02/2024,4,11
03/02/2024,5,9
03/02/2024,6,10
03/02/2024,7,16
03/02/2024,8,31
03/02/2024,9,49
03/02/2024,10,58
03/02/2024,11,65
03/02/2024,12,77
03/02/2024,13,80
03/02/2024,14,78
03/02/2024,15,89
03/02/2024,16,90
03/02/2024,17,93
03/02/2024,18,90
03/02/2024,19,90
03/02/2024,20,71
03/02/2024,21,49
03/02/2024,22,40
03/02/2024,23,39
03/03/2023,0,25
03/03/2023,1,14
03/03/2023,2,8
03/03/2023,3,5
03/03/2023,4,4
03/03/2023,5,6
03/03/2023,6,13
03/03/2023,7,40
03/03/2023,8,123
03/03/2023,9,133
03/03/2023,10,63
03/03/2023,11,56
03/03/2023,12,78
03/03/2023,13,74
03/03/2023,14,74
03/03/2023,15,73
03/03/2023,16,87
03/03/2023,17,120
03/03/2023,18,150
03/03/2023,19,135
03/03/2023,20,82
03/03/2023,21,48
03/03/2023,22,39
03/03/2023,23,38
03/03/2024,0,21
03/03/2024,1,17
03/03/2024,2,18
03/03/2024,3,10
03/03/2024,4,8
03/03/2024,5,7
03/03/2024,6,8
03/03/2024,7,14
03/03/2024,8,23
03/03/2024,9,36
03/03/2024,10,49
03/03/2024,11,64
03/03/2024,12,76
03/03/2024,13,73
03/03/2024,14,73
03/03/2024,15,81
03/03/2024,16,85
03/03/2024,17,83
03/03/2024,18,83
03/03/2024,19,74
03/03/2024,20,51
03/03/2024,21,36
03/03/2024,22,32
03/03/2024,23,24
03/04/2023,0,13
03/04/2023,1,7
03/04/2023,2,4
03/04/2023,3,4
03/04/2023,4,4
03/04/2023,5,7
03/04/2023,6,19
03/04/2023,7,74
03/04/2023,8,259
03/04/2023,9,220
03/04/2023,10,75
03/04/2023,11,60
03/04/2023,12,82
03/04/2023,13,87
03/04/2023,14,79
03/04/2023,15,80
03/04/2023,16,99
03/04/2023,17,165
03/04/2023,18,257
03/04/2023,19,238
03/04/2023,20,122
03/04/2023,21,67
03/04/2023,22,54
03/04/2023,23,36
03/04/2024,0,22
03/04/2024,1,11
03/04/2024,2,6
03/04/2024,3,4
03/04/2024,4,4
03/04/2024,5,6
03/04/2024,6,14
03/04/2024,7,46
03/04/2024,8,154
03/04/2024,9,165
03/04/2024,10,73
03/04/2024,11,61
03/04/2024,12,86
03/04/2024,13,83
03/04/2024,14,77
03/04/2024,15,73
03/04/2024,16,87
03/04/2024,17,135
03/04/2024,18,217
03/04/2024,19,207
03/04/2024,20,129
03/04/2024,21,73
03/04/2024,22,72
03/04/2024,23,67
03/05/2023,0,24
03/05/2023,1,11
03/05/2023,2,8
03/05/2023,3,5
03/05/2023,4,4
03/05/2023,5,7
03/05/2023,6,18
03/05/2023,7,62
03/05/2023,8,211
03/05/2023,9,207
03/05/2023,10,81
03/05/2023,11,67
03/05/2023,12,91
03/05/2023,13,88
03/05/2023,14,86
03/05/2023,15,83
03/05/2023,16,98
03/05/2023,17,145
03/05/2023,18,249
03/05/2023,19,234
03/05/2023,20,142
03/05/2023,21,83
03/05/2023,22,74
03/05/2023,23,66
03/05/2024,0,25
03/05/2024,1,16
03/05/2024,2,9
03/05/2024,3,6
03/05/2024,4,5
03/05/2024,5,9
03/05/2024,6,19
03/05/2024,7,61
03/05/2024,8,178
03/05/2024,9,156
03/05/2024,10,88
03/05/2024,11,81
03/05/2024,12,108
03/05/2024,13,102
03/05/2024,14,96
03/05/2024,15,94
03/05/2024,16,113
03/05/2024,17,159
03/05/2024,18,202
03/05/2024,19,176
03/05/2024,20,120
03/05/2024,21,79
03/05/2024,22,64
03/05/2024,23,55
03/06/2023,0,62
03/06/2023,1,42
03/06/2023,2,31
03/06/2023,3,16
03/06/2023,4,12
03/06/2023,5,10
03/06/2023,6,12
03/06/2023,7,21
03/06/2023,8,47
03/06/2023,9,76
03/06/2023,10,91
03/06/2023,11,108
03/06/2023,12,124
03/06/2023,13,123
03/06/2023,14,123
03/06/2023,15,142
03/06/2023,16,154
03/06/2023,17,154
03/06/2023,18,163
03/06/2023,19,162
03/06/2023,20,131
03/06/2023,21,98
03/06/2023,22,83
03/06/2023,23,84
03/06/2024,0,25
03/06/2024,1,14
03/06/2024,2,7
03/06/2024,3,5
03/06/2024,4,4
03/06/2024,5,9
03/06/2024,6,21
03/06/2024,7,78
03/06/2024,8,261
03/06/2024,9,229
03/06/2024,10,86
03/06/2024,11,74
03/06/2024,12,95
03/06/2024,13,93
03/06/2024,14,86
03/06/2024,15,85
03/06/2024,16,104
03/06/2024,17,168
03/06/2024,18,265
03/06/2024,19,241
03/06/2024,20,135
03/06/2024,21,83
03/06/2024,22,68
03/06/2024,23,51
03/07/2023,0,22
03/07/2023,1,13
03/07/2023,2,8
03/07/2023,3,5
03/07/2023,4,4
03/07/2023,5,9
03/07/2023,6,23
03/07/2023,7,78
03/07/2023,8,273
03/07/2023,9,242
03/07/2023,10,88
03/07/2023,11,73
03/07/2023,12,93
03/07/2023,13,97
03/07/2023,14,92
03/07/2023,15,92
03/07/2023,16,114
03/07/2023,17,182
03/07/2023,18,289
03/07/2023,19,268
03/07/2023,20,150
03/07/2023,21,86
03/07/2023,22,71
03/07/2023,23,60
03/07/2024,0,36
03/07/2024,1,20
03/07/2024,2,11
03/07/2024,3,6
03/07/2024,4,5
03/07/2024,5,10
03/07/2024,6,22
03/07/2024,7,71
03/07/2024,8,227
03/07/2024,9,224
03/07/2024,10,89
03/07/2024,11,75
03/07/2024,12,103
03/07/2024,13,97
03/07/2024,14,96
03/07/2024,15,89
03/07/2024,16,104
03/07/2024,17,158
03/07/2024,18,244
03/07/2024,19,222
03/07/2024,20,137
03/07/2024,21,84
03/07/2024,22,82
03/07/2024,23,78
03/08/2023,0,23
03/08/2023,1,12
03/08/2023,2,9
03/08/2023,3,4
03/08/2023,4,4
03/08/2023,5,6
03/08/2023,6,14
03/08/2023,7,34
03/08/2023,8,103
03/08/2023,9,101
03/08/2023,10,46
03/08/2023,11,41
03/08/2023,12,56
03/08/2023,13,56
03/08/2023,14,53
03/08/2023,15,41
03/08/2023,16,43
03/08/2023,17,76
03/08/2023,18,111
03/08/2023,19,116
03/08/2023,20,67
03/08/2023,21,42
03/08/2023,22,37
03/08/2023,23,36
03/08/2024,0,56
03/08/2024,1,32
03/08/2024,2,24
03/08/2024,3,14
03/08/2024,4,12
03/08/2024,5,12
03/08/2024,6,15
03/08/2024,7,21
03/08/2024,8,33
03/08/2024,9,49
03/08/2024,10,61
03/08/2024,11,79
03/08/2024,12,84
03/08/2024,13,86
03/08/2024,14,90
03/08/2024,15,96
03/08/2024,16,82
03/08/2024,17,82
03/08/2024,18,109
03/08/2024,19,115
03/08/2024,20,81
03/08/2024,21,45
03/08/2024,22,52
03/08/2024,23,56
03/09/2023,0,65
03/09/2023,1,42
03/09/2023,2,34
03/09/2023,3,22
03/09/2023,4,15
03/09/2023,5,10
03/09/2023,6,10
03/09/2023,7,14
03/09/2023,8,29
03/09/2023,9,54
03/09/2023,10,83
03/09/2023,11,106
03/09/2023,12,124
03/09/2023,13,110
03/09/2023,14,112
03/09/2023,15,132
03/09/2023,16,144
03/09/2023,17,148
03/09/2023,18,151
03/09/2023,19,127
03/09/2023,20,99
03/09/2023,21,66
03/09/2023,22,52
03/09/2023,23,39
03/09/2024,0,26
03/09/2024,1,14
03/09/2024,2,9
03/09/2024,3,6
03/09/2024,4,5
03/09/2024,5,10
03/09/2024,6,22
03/09/2024,7,76
03/09/2024,8,260
03/09/2024,9,223
03/09/2024,10,75
03/09/2024,11,71
03/09/2024,12,94
03/09/2024,13,95
03/09/2024,14,91
03/09/2024,15,94
03/09/2024,16,114
03/09/2024,17,176
03/09/2024,18,282
03/09/2024,19,237
03/09/2024,20,128
03/09/2024,21,83
03/09/2024,22,78
03/09/2024,23,61
03/10/2023,0,28
03/10/2023,1,14
03/10/2023,2,8
03/10/2023,3,4
03/10/2023,4,4
03/10/2023,5,9
03/10/2023,6,26
03/10/2023,7,110
03/10/2023,8,343
03/10/2023,9,258
03/10/2023,10,80
03/10/2023,11,73
03/10/2023,12,109
03/10/2023,13,110
03/10/2023,14,99
03/10/2023,15,101
03/10/2023,16,132
03/10/2023,17,216
03/10/2023,18,339
03/10/2023,19,300
03/10/2023,20,163
03/10/2023,21,92
03/10/2023,22,85
03/10/2023,23,66
03/10/2024,0,32
03/10/2024,1,16
03/10/2024,2,11
03/10/2024,3,6
03/10/2024,4,5
03/10/2024,5,9
03/10/2024,6,20
03/10/2024,7,78
03/10/2024,8,266
03/10/2024,9,230
03/10/2024,10,94
03/10/2024,11,78
03/10/2024,12,107
03/10/2024,13,105
03/10/2024,14,97
03/10/2024,15,90
03/10/2024,16,111
03/10/2024,17,179
03/10/2024,18,258
03/10/2024,19,232
03/10/2024,20,139
03/10/2024,21,83
03/10/2024,22,78
03/10/2024,23,65
03/11/2023,0,28
03/11/2023,1,15
03/11/2023,2,9
03/11/2023,3,5
03/11/2023,4,5
03/11/2023,5,7
03/11/2023,6,14
03/11/2023,7,45
03/11/2023,8,138
03/11/2023,9,153
03/11/2023,10,76
03/11/2023,11,68
03/11/2023,12,89
03/11/2023,13,85
03/11/2023,14,84
03/11/2023,15,82
03/11/2023,16,94
03/11/2023,17,129
03/11/2023,18,170
03/11/2023,19,144
03/11/2023,20,94
03/11/2023,21,56
03/11/2023,22,49
03/11/2023,23,51
03/11/2024,0,35
03/11/2024,1,26
03/11/2024,2,23
03/11/2024,3,14
03/11/2024,4,11
03/11/2024,5,9
03/11/2024,6,8
03/11/2024,7,13
03/11/2024,8,23
03/11/2024,9,34
03/11/2024,10,52
03/11/2024,11,60
03/11/2024,12,75
03/11/2024,13,74
03/11/2024,14,75
03/11/2024,15,84
03/11/2024,16,93
03/11/2024,17,91
03/11/2024,18,84
03/11/2024,19,67
03/11/2024,20,51
03/11/2024,21,42
03/11/2024,22,33
03/11/2024,23,24
03/12/2023,0,32
03/12/2023,1,25
03/12/2023,2,23
03/12/2023,3,14
03/12/2023,4,9
03/12/2023,5,7
03/12/2023,6,7
03/12/2023,7,8
03/12/2023,8,15
03/12/2023,9,28
03/12/2023,10,40
03/12/2023,11,51
03/12/2023,12,63
03/12/2023,13,57
03/12/2023,14,60
03/12/2023,15,72
03/12/2023,16,78
03/12/2023,17,77
03/12/2023,18,71
03/12/2023,19,60
03/12/2023,20,41
03/12/2023,21,27
03/12/2023,22,23
03/12/2023,23,22
03/12/2024,0,17
03/12/2024,1,9
03/12/2024,2,6
03/12/2024,3,4
03/12/2024,4,4
03/12/2024,5,8
03/12/2024,6,20
03/12/2024,7,70
03/12/2024,8,250
03/12/2024,9,219
03/12/2024,10,79
03/12/2024,11,60
03/12/2024,12,88
03/12/2024,13,85
03/12/2024,14,81
03/12/2024,15,75
03/12/2024,16,89
03/12/2024,17,146
03/12/2024,18,225
03/12/2024,19,205
03/12/2024,20,112
03/12/2024,21,69
03/12/2024,22,64
03/12/2024,23,50
04/01/2023,0,13
04/01/2023,1,6
04/01/2023,2,4
04/01/2023,3,3
04/01/2023,4,3
04/01/2023,5,5
04/01/2023,6,14
04/01/2023,7,59
04/01/2023,8,208
04/01/2023,9,202
04/01/2023,10,73
04/01/2023,11,58
04/01/2023,12,81
04/01/2023,13,78
04/01/2023,14,69
04/01/2023,15,58
04/01/2023,16,71
04/01/2023,17,118
04/01/2023,18,207
04/01/2023,19,186
04/01/2023,20,103
04/01/2023,21,53
04/01/2023,22,47
04/01/2023,23,36
04/01/2024,0,17
04/01/2024,1,10
04/01/2024,2,6
04/01/2024,3,4
04/01/2024,4,4
04/01/2024,5,6
04/01/2024,6,14
04/01/2024,7,37
04/01/2024,8,132
04/01/2024,9,149
04/01/2024,10,60
04/01/2024,11,53
04/01/2024,12,64
04/01/2024,13,61
04/01/2024,14,60
04/01/2024,15,61
04/01/2024,16,68
04/01/2024,17,101
04/01/2024,18,167
04/01/2024,19,139
04/01/2024,20,75
04/01/2024,21,46
04/01/2024,22,43
04/01/2024,23,37
04/02/2023,0,38
04/02/2023,1,27
04/02/2023,2,22
04/02/2023,3,14
04/02/2023,4,10
04/02/2023,5,9
04/02/2023,6,7
04/02/2023,7,14
04/02/2023,8,31
04/02/2023,9,51
04/02/2023,10,56
04/02/2023,11,55
04/02/2023,12,66
04/02/2023,13,60
04/02/2023,14,64
04/02/2023,15,77
04/02/2023,16,82
04/02/2023,17,86
04/02/2023,18,85
04/02/2023,19,90
04/02/2023,20,69
04/02/2023,21,44
04/02/2023,22,36
04/02/2023,23,35
04/02/2024,0,36
04/02/2024,1,29
04/02/2024,2,25
04/02/2024,3,16
04/02/2024,4,11
04/02/2024,5,9
04/02/2024,6,8
04/02/2024,7,9
04/02/2024,8,19
04/02/2024,9,36
04/02/2024,10,49
04/02/2024,11,59
04/02/2024,12,78
04/02/2024,13,75
04/02/2024,14,74
04/02/2024,15,84
04/02/2024,16,82
04/02/2024,17,84
04/02/2024,18,81
04/02/2024,19,68
04/02/2024,20,53
04/02/2024,21,37
04/02/2024,22,28
04/02/2024,23,21
04/03/2023,0,30
04/03/2023,1,19
04/03/2023,2,16
04/03/2023,3,9
04/03/2023,4,7
04/03/2023,5,7
04/03/2023,6,7
04/03/2023,7,11
04/03/2023,8,24
04/03/2023,9,46
04/03/2023,10,56
04/03/2023,11,65
04/03/2023,12,74
04/03/2023,13,71
04/03/2023,14,71
04/03/2023,15,80
04/03/2023,16,83
04/03/2023,17,82
04/03/2023,18,82
04/03/2023,19,80
04/03/2023,20,61
04/03/2023,21,40
04/03/2023,22,32
04/03/2023,23,34
04/03/2024,0,14
04/03/2024,1,7
04/03/2024,2,5
04/03/2024,3,4
04/03/2024,4,4
04/03/2024,5,7
04/03/2024,6,17
04/03/2024,7,66
04/03/2024,8,228
04/03/2024,9,191
04/03/2024,10,73
04/03/2024,11,62
04/03/2024,12,82
04/03/2024,13,85
04/03/2024,14,77
04/03/2024,15,75
04/03/2024,16,94
04/03/2024,17,147
04/03/2024,18,234
04/03/2024,19,203
04/03/2024,20,106
04/03/2024,21,61
04/03/2024,22,51
04/03/2024,23,32
04/04/2023,0,16
04/04/2023,1,9
04/04/2023,2,5
04/04/2023,3,4
04/04/2023,4,4
04/04/2023,5,8
04/04/2023,6,21
04/04/2023,7,81
04/04/2023,8,290
04/04/2023,9,249
04/04/2023,10,92
04/04/2023,11,76
04/04/2023,12,97
04/04/2023,13,99
04/04/2023,14,88
04/04/2023,15,87
04/04/2023,16,110
04/04/2023,17,173
04/04/2023,18,280
04/04/2023,19,257
04/04/2023,20,138
04/04/2023,21,74
04/04/2023,22,67
04/04/2023,23,55
04/04/2024,0,33
04/04/2024,1,17
04/04/2024,2,10
04/04/2024,3,6
04/04/2024,4,5
04/04/2024,5,7
04/04/2024,6,15
04/04/2024,7,40
04/04/2024,8,138
04/04/2024,9,133
04/04/2024,10,36
04/04/2024,11,44
04/04/2024,12,69
04/04/2024,13,79
04/04/2024,14,76
04/04/2024,15,73
04/04/2024,16,94
04/04/2024,17,135
04/04/2024,18,200
04/04/2024,19,188
04/04/2024,20,112
04/04/2024,21,71
04/04/2024,22,70
04/04/2024,23,63
04/05/2023,0,35
04/05/2023,1,16
04/05/2023,2,10
04/05/2023,3,7
04/05/2023,4,5
04/05/2023,5,8
04/05/2023,6,19
04/05/2023,7,63
04/05/2023,8,208
04/05/2023,9,210
04/05/2023,10,83
04/05/2023,11,71
04/05/2023,12,92
04/05/2023,13,88
04/05/2023,14,83
04/05/2023,15,80
04/05/2023,16,94
04/05/2023,17,141
04/05/2023,18,236
04/05/2023,19,225
04/05/2023,20,133
04/05/2023,21,83
04/05/2023,22,75
04/05/2023,23,68
04/05/2024,0,44
04/05/2024,1,32
04/05/2024,2,22
04/05/2024,3,14
04/05/2024,4,12
04/05/2024,5,10
04/05/2024,6,12
04/05/2024,7,19
04/05/2024,8,33
04/05/2024,9,49
04/05/2024,10,57
04/05/2024,11,66
04/05/2024,12,80
04/05/2024,13,77
04/05/2024,14,73
04/05/2024,15,89
04/05/2024,16,97
04/05/2024,17,104
04/05/2024,18,105
04/05/2024,19,107
04/05/2024,20,86
04/05/2024,21,61
04/05/2024,22,50
04/05/2024,23,47
04/06/2023,0,80
04/06/2023,1,57
04/06/2023,2,45
04/06/2023,3,23
04/06/2023,4,26
04/06/2023,5,12
04/06/2023,6,11
04/06/2023,7,16
04/06/2023,8,32
04/06/2023,9,54
04/06/2023,10,81
04/06/2023,11,99
04/06/2023,12,116
04/06/2023,13,110
04/06/2023,14,107
04/06/2023,15,126
04/06/2023,16,138
04/06/2023,17,143
04/06/2023,18,146
04/06/2023,19,128
04/06/2023,20,106
04/06/2023,21,70
04/06/2023,22,59
04/06/2023,23,43
04/06/2024,0,26
04/06/2024,1,15
04/06/2024,2,10
04/06/2024,3,5
04/06/2024,4,4
04/06/2024,5,9
04/06/2024,6,24
04/06/2024,7,88
04/06/2024,8,292
04/06/2024,9,260
04/06/2024,10,99
04/06/2024,11,85
04/06/2024,12,103
04/06/2024,13,104
04/06/2024,14,96
04/06/2024,15,94
04/06/2024,16,110
04/06/2024,17,184
04/06/2024,18,286
04/06/2024,19,267
04/06/2024,20,148
04/06/2024,21,88
04/06/2024,22,83
04/06/2024,23,74
04/07/2023,0,31
04/07/2023,1,14
04/07/2023,2,9
04/07/2023,3,5
04/07/2023,4,5
04/07/2023,5,10
04/07/2023,6,24
04/07/2023,7,83
04/07/2023,8,296
04/07/2023,9,265
04/07/2023,10,98
04/07/2023,11,84
04/07/2023,12,111
04/07/2023,13,105
04/07/2023,14,98
04/07/2023,15,82
04/07/2023,16,96
04/07/2023,17,166
04/07/2023,18,275
04/07/2023,19,240
04/07/2023,20,120
04/07/2023,21,44
04/07/2023,22,42
04/07/2023,23,51
04/07/2024,0,48
04/07/2024,1,25
04/07/2024,2,14
04/07/2024,3,7
04/07/2024,4,6
04/07/2024,5,10
04/07/2024,6,19
04/07/2024,7,65
04/07/2024,8,234
04/07/2024,9,231
04/07/2024,10,90
04/07/2024,11,80
04/07/2024,12,99
04/07/2024,13,96
04/07/2024,14,94
04/07/2024,15,92
04/07/2024,16,107
04/07/2024,17,165
04/07/2024,18,241
04/07/2024,19,224
04/07/2024,20,135
04/07/2024,21,89
04/07/2024,22,84
04/07/2024,23,79
04/08/2023,0,26
04/08/2023,1,15
04/08/2023,2,10
04/08/2023,3,5
04/08/2023,4,4
04/08/2023,5,7
04/08/2023,6,15
04/08/2023,7,33
04/08/2023,8,81
04/08/2023,9,94
04/08/2023,10,54
04/08/2023,11,51
04/08/2023,12,67
04/08/2023,13,44
04/08/2023,14,44
04/08/2023,15,57
04/08/2023,16,73
04/08/2023,17,104
04/08/2023,18,116
04/08/2023,19,99
04/08/2023,20,74
04/08/2023,21,51
04/08/2023,22,42
04/08/2023,23,38
04/08/2024,0,45
04/08/2024,1,28
04/08/2024,2,24
04/08/2024,3,14
04/08/2024,4,12
04/08/2024,5,11
04/08/2024,6,13
04/08/2024,7,16
04/08/2024,8,30
04/08/2024,9,38
04/08/2024,10,57
04/08/2024,11,80
04/08/2024,12,91
04/08/2024,13,80
04/08/2024,14,87
04/08/2024,15,102
04/08/2024,16,97
04/08/2024,17,89
04/08/2024,18,105
04/08/2024,19,106
04/08/2024,20,86
04/08/2024,21,69
04/08/2024,22,70
04/08/2024,23,63
04/09/2023,0,24
04/09/2023,1,14
04/09/2023,2,8
04/09/2023,3,4
04/09/2023,4,4
04/09/2023,5,8
04/09/2023,6,21
04/09/2023,7,82
04/09/2023,8,274
04/09/2023,9,267
04/09/2023,10,103
04/09/2023,11,81
04/09/2023,12,94
04/09/2023,13,104
04/09/2023,14,96
04/09/2023,15,96
04/09/2023,16,119
04/09/2023,17,194
04/09/2023,18,320
04/09/2023,19,276
04/09/2023,20,149
04/09/2023,21,84
04/09/2023,22,66
04/09/2023,23,48
04/09/2024,0,34
04/09/2024,1,18
04/09/2024,2,11
04/09/2024,3,6
04/09/2024,4,6
04/09/2024,5,10
04/09/2024,6,22
04/09/2024,7,84
04/09/2024,8,266
04/09/2024,9,236
04/09/2024,10,102
04/09/2024,11,91
04/09/2024,12,119
04/09/2024,13,114
04/09/2024,14,109
04/09/2024,15,105
04/09/2024,16,119
04/09/2024,17,184
04/09/2024,18,290
04/09/2024,19,256
04/09/2024,20,152
04/09/2024,21,95
04/09/2024,22,86
04/09/2024,23,77
04/10/2023,0,31
04/10/2023,1,15
04/10/2023,2,8
04/10/2023,3,4
04/10/2023,4,4
04/10/2023,5,8
04/10/2023,6,24
04/10/2023,7,103
04/10/2023,8,318
04/10/2023,9,279
04/10/2023,10,111
04/10/2023,11,95
04/10/2023,12,133
04/10/2023,13,132
04/10/2023,14,120
04/10/2023,15,112
04/10/2023,16,136
04/10/2023,17,212
04/10/2023,18,335
04/10/2023,19,304
04/10/2023,20,173
04/10/2023,21,93
04/10/2023,22,91
04/10/2023,23,83
04/10/2024,0,37
04/10/2024,1,22
04/10/2024,2,15
04/10/2024,3,8
04/10/2024,4,6
04/10/2024,5,10
04/10/2024,6,20
04/10/2024,7,68
04/10/2024,8,205
04/10/2024,9,181
04/10/2024,10,91
04/10/2024,11,87
04/10/2024,12,120
04/10/2024,13,115
04/10/2024,14,113
04/10/2024,15,111
04/10/2024,16,135
04/10/2024,17,185
04/10/2024,18,223
04/10/2024,19,194
04/10/2024,20,124
04/10/2024,21,77
04/10/2024,22,70
04/10/2024,23,63
04/11/2023,0,42
04/11/2023,1,28
04/11/2023,2,23
04/11/2023,3,14
04/11/2023,4,9
04/11/2023,5,9
04/11/2023,6,8
04/11/2023,7,8
04/11/2023,8,16
04/11/2023,9,22
04/11/2023,10,25
04/11/2023,11,33
04/11/2023,12,45
04/11/2023,13,61
04/11/2023,14,72
04/11/2023,15,75
04/11/2023,16,85
04/11/2023,17,89
04/11/2023,18,89
04/11/2023,19,85
04/11/2023,20,70
04/11/2023,21,32
04/11/2023,22,27
04/11/2023,23,32
04/11/2024,0,14
04/11/2024,1,8
04/11/2024,2,5
04/11/2024,3,4
04/11/2024,4,4
04/11/2024,5,9
04/11/2024,6,20
04/11/2024,7,75
04/11/2024,8,241
04/11/2024,9,200
04/11/2024,10,73
04/11/2024,11,65
04/11/2024,12,88
04/11/2024,13,89
04/11/2024,14,84
04/11/2024,15,82
04/11/2024,16,105
04/11/2024,17,164
04/11/2024,18,238
04/11/2024,19,193
04/11/2024,20,107
04/11/2024,21,66
04/11/2024,22,55
04/11/2024,23,34
04/12/2023,0,10
04/12/2023,1,6
04/12/2023,2,5
04/12/2023,3,3
04/12/2023,4,3
04/12/2023,5,5
04/12/2023,6,12
04/12/2023,7,45
04/12/2023,8,175
04/12/2023,9,151
04/12/2023,10,50
04/12/2023,11,38
04/12/2023,12,61
04/12/2023,13,66
04/12/2023,14,57
04/12/2023,15,46
04/12/2023,16,61
04/12/2023,17,100
04/12/2023,18,156
04/12/2023,19,142
04/12/2023,20,80
04/12/2023,21,46
04/12/2023,22,41
04/12/2023,23,27
04/12/2024,0,24
04/12/2024,1,13
04/12/2024,2,7
04/12/2024,3,4
04/12/2024,4,5
04/12/2024,5,7
04/12/2024,6,18
04/12/2024,7,65
04/12/2024,8,212
04/12/2024,9,208
04/12/2024,10,81
04/12/2024,11,73
04/12/2024,12,101
04/12/2024,13,101
04/12/2024,14,90
04/12/2024,15,82
04/12/2024,16,93
04/12/2024,17,137
04/12/2024,18,216
04/12/2024,19,204
04/12/2024,20,114
04/12/2024,21,72
04/12/2024,22,63
04/12/2024,23,54
05/01/2023,0,18
05/01/2023,1,10
05/01/2023,2,5
05/01/2023,3,3
05/01/2023,4,3
05/01/2023,5,6
05/01/2023,6,16
05/01/2023,7,64
05/01/2023,8,233
05/01/2023,9,222
05/01/2023,10,82
05/01/2023,11,67
05/01/2023,12,90
05/01/2023,13,86
05/01/2023,14,78
05/01/2023,15,67
05/01/2023,16,89
05/01/2023,17,135
05/01/2023,18,218
05/01/2023,19,207
05/01/2023,20,110
05/01/2023,21,61
05/01/2023,22,53
05/01/2023,23,47
05/01/2024,0,24
05/01/2024,1,13
05/01/2024,2,8
05/01/2024,3,6
05/01/2024,4,5
05/01/2024,5,7
05/01/2024,6,14
05/01/2024,7,33
05/01/2024,8,103
05/01/2024,9,121
05/01/2024,10,63
05/01/2024,11,58
05/01/2024,12,75
05/01/2024,13,71
05/01/2024,14,74
05/01/2024,15,66
05/01/2024,16,77
05/01/2024,17,107
05/01/2024,18,137
05/01/2024,19,120
05/01/2024,20,75
05/01/2024,21,51
05/01/2024,22,43
05/01/2024,23,38
05/02/2023,0,34
05/02/2023,1,25
05/02/2023,2,24
05/02/2023,3,14
05/02/2023,4,10
05/02/2023,5,7
05/02/2023,6,7
05/02/2023,7,8
05/02/2023,8,18
05/02/2023,9,33
05/02/2023,10,44
05/02/2023,11,59
05/02/2023,12,77
05/02/2023,13,75
05/02/2023,14,80
05/02/2023,15,101
05/02/2023,16,100
05/02/2023,17,93
05/02/2023,18,90
05/02/2023,19,66
05/02/2023,20,46
05/02/2023,21,32
05/02/2023,22,27
05/02/2023,23,20
05/02/2024,0,12
05/02/2024,1,7
05/02/2024,2,4
05/02/2024,3,4
05/02/2024,4,3
05/02/2024,5,8
05/02/2024,6,19
05/02/2024,7,64
05/02/2024,8,219
05/02/2024,9,186
05/02/2024,10,65
05/02/2024,11,55
05/02/2024,12,72
05/02/2024,13,71
05/02/2024,14,66
05/02/2024,15,63
05/02/2024,16,77
05/02/2024,17,131
05/02/2024,18,212
05/02/2024,19,182
05/02/2024,20,96
05/02/2024,21,56
05/02/2024,22,50
05/02/2024,23,31
05/03/2023,0,28
05/03/2023,1,21
05/03/2023,2,19
05/03/2023,3,11
05/03/2023,4,8
05/03/2023,5,7
05/03/2023,6,7
05/03/2023,7,14
05/03/2023,8,22
05/03/2023,9,36
05/03/2023,10,50
05/03/2023,11,61
05/03/2023,12,72
05/03/2023,13,66
05/03/2023,14,67
05/03/2023,15,72
05/03/2023,16,71
05/03/2023,17,72
05/03/2023,18,73
05/03/2023,19,60
05/03/2023,20,44
05/03/2023,21,30
05/03/2023,22,25
05/03/2023,23,18
05/03/2024,0,16
05/03/2024,1,8
05/03/2024,2,5
05/03/2024,3,4
05/03/2024,4,3
05/03/2024,5,7
05/03/2024,6,19
05/03/2024,7,70
05/03/2024,8,242
05/03/2024,9,204
05/03/2024,10,73
05/03/2024,11,60
05/03/2024,12,83
05/03/2024,13,77
05/03/2024,14,72
05/03/2024,15,69
05/03/2024,16,85
05/03/2024,17,144
05/03/2024,18,201
05/03/2024,19,193
05/03/2024,20,111
05/03/2024,21,55
05/03/2024,22,48
05/03/2024,23,44
05/04/2023,0,27
05/04/2023,1,11
05/04/2023,2,9
05/04/2023,3,6
05/04/2023,4,4
05/04/2023,5,7
05/04/2023,6,18
05/04/2023,7,77
05/04/2023,8,253
05/04/2023,9,232
05/04/2023,10,92
05/04/2023,11,76
05/04/2023,12,106
05/04/2023,13,108
05/04/2023,14,98
05/04/2023,15,92
05/04/2023,16,106
05/04/2023,17,170
05/04/2023,18,265
05/04/2023,19,251
05/04/2023,20,139
05/04/2023,21,76
05/04/2023,22,69
05/04/2023,23,66
05/04/2024,0,36
05/04/2024,1,21
05/04/2024,2,13
05/04/2024,3,8
05/04/2024,4,6
05/04/2024,5,10
05/04/2024,6,19
05/04/2024,7,60
05/04/2024,8,180
05/04/2024,9,153
05/04/2024,10,66
05/04/2024,11,67
05/04/2024,12,95
05/04/2024,13,93
05/04/2024,14,93
05/04/2024,15,89
05/04/2024,16,105
05/04/2024,17,148
05/04/2024,18,176
05/04/2024,19,155
05/04/2024,20,104
05/04/2024,21,68
05/04/2024,22,59
05/04/2024,23,58
05/05/2023,0,41
05/05/2023,1,22
05/05/2023,2,12
05/05/2023,3,8
05/05/2023,4,6
05/05/2023,5,8
05/05/2023,6,17
05/05/2023,7,36
05/05/2023,8,104
05/05/2023,9,120
05/05/2023,10,67
05/05/2023,11,61
05/05/2023,12,84
05/05/2023,13,78
05/05/2023,14,75
05/05/2023,15,75
05/05/2023,16,90
05/05/2023,17,123
05/05/2023,18,154
05/05/2023,19,131
05/05/2023,20,91
05/05/2023,21,60
05/05/2023,22,39
05/05/2023,23,40
05/05/2024,0,42
05/05/2024,1,31
05/05/2024,2,24
05/05/2024,3,17
05/05/2024,4,12
05/05/2024,5,10
05/05/2024,6,9
05/05/2024,7,12
05/05/2024,8,19
05/05/2024,9,29
05/05/2024,10,48
05/05/2024,11,62
05/05/2024,12,78
05/05/2024,13,76
05/05/2024,14,84
05/05/2024,15,82
05/05/2024,16,70
05/05/2024,17,61
05/05/2024,18,71
05/05/2024,19,72
05/05/2024,20,57
05/05/2024,21,44
05/05/2024,22,35
05/05/2024,23,25
05/06/2023,0,26
05/06/2023,1,14
05/06/2023,2,7
05/06/2023,3,4
05/06/2023,4,4
05/06/2023,5,9
05/06/2023,6,24
05/06/2023,7,90
05/06/2023,8,306
05/06/2023,9,259
05/06/2023,10,94
05/06/2023,11,82
05/06/2023,12,104
05/06/2023,13,101
05/06/2023,14,94
05/06/2023,15,91
05/06/2023,16,119
05/06/2023,17,192
05/06/2023,18,306
05/06/2023,19,296
05/06/2023,20,155
05/06/2023,21,92
05/06/2023,22,80
05/06/2023,23,59
05/06/2024,0,38
05/06/2024,1,18
05/06/2024,2,10
05/06/2024,3,6
05/06/2024,4,5
05/06/2024,5,9
05/06/2024,6,24
05/06/2024,7,82
05/06/2024,8,258
05/06/2024,9,241
05/06/2024,10,98
05/06/2024,11,89
05/06/2024,12,112
05/06/2024,13,114
05/06/2024,14,99
05/06/2024,15,93
05/06/2024,16,109
05/06/2024,17,170
05/06/2024,18,273
05/06/2024,19,250
05/06/2024,20,148
05/06/2024,21,93
05/06/2024,22,84
05/06/2024,23,77
05/07/2023,0,25
05/07/2023,1,14
05/07/2023,2,8
05/07/2023,3,5
05/07/2023,4,5
05/07/2023,5,9
05/07/2023,6,23
05/07/2023,7,78
05/07/2023,8,257
05/07/2023,9,240
05/07/2023,10,95
05/07/2023,11,81
05/07/2023,12,105
05/07/2023,13,103
05/07/2023,14,91
05/07/2023,15,90
05/07/2023,16,109
05/07/2023,17,170
05/07/2023,18,270
05/07/2023,19,266
05/07/2023,20,151
05/07/2023,21,93
05/07/2023,22,85
05/07/2023,23,87
05/07/2024,0,51
05/07/2024,1,31
05/07/2024,2,19
05/07/2024,3,9
05/07/2024,4,8
05/07/2024,5,11
05/07/2024,6,23
05/07/2024,7,56
05/07/2024,8,165
05/07/2024,9,160
05/07/2024,10,85
05/07/2024,11,77
05/07/2024,12,103
05/07/2024,13,101
05/07/2024,14,93
05/07/2024,15,93
05/07/2024,16,110
05/07/2024,17,167
05/07/2024,18,187
05/07/2024,19,170
05/07/2024,20,131
05/07/2024,21,72
05/07/2024,22,54
05/07/2024,23,57
05/08/2023,0,30
05/08/2023,1,20
05/08/2023,2,15
05/08/2023,3,10
05/08/2023,4,8
05/08/2023,5,8
05/08/2023,6,10
05/08/2023,7,12
05/08/2023,8,22
05/08/2023,9,37
05/08/2023,10,47
05/08/2023,11,47
05/08/2023,12,46
05/08/2023,13,52
05/08/2023,14,57
05/08/2023,15,64
05/08/2023,16,60
05/08/2023,17,50
05/08/2023,18,64
05/08/2023,19,69
05/08/2023,20,58
05/08/2023,21,39
05/08/2023,22,30
05/08/2023,23,27
05/08/2024,0,33
05/08/2024,1,20
05/08/2024,2,12
05/08/2024,3,7
05/08/2024,4,7
05/08/2024,5,11
05/08/2024,6,21
05/08/2024,7,49
05/08/2024,8,103
05/08/2024,9,103
05/08/2024,10,61
05/08/2024,11,66
05/08/2024,12,78
05/08/2024,13,79
05/08/2024,14,80
05/08/2024,15,85
05/08/2024,16,98
05/08/2024,17,124
05/08/2024,18,154
05/08/2024,19,134
05/08/2024,20,97
05/08/2024,21,70
05/08/2024,22,71
05/08/2024,23,70
05/09/2023,0,28
05/09/2023,1,15
05/09/2023,2,8
05/09/2023,3,5
05/09/2023,4,4
05/09/2023,5,8
05/09/2023,6,25
05/09/2023,7,103
05/09/2023,8,356
05/09/2023,9,298
05/09/2023,10,112
05/09/2023,11,93
05/09/2023,12,113
05/09/2023,13,107
05/09/2023,14,102
05/09/2023,15,102
05/09/2023,16,125
05/09/2023,17,211
05/09/2023,18,349
05/09/2023,19,314
05/09/2023,20,169
05/09/2023,21,96
05/09/2023,22,88
05/09/2023,23,74
05/09/2024,0,38
05/09/2024,1,21
05/09/2024,2,12
05/09/2024,3,6
05/09/2024,4,6
05/09/2024,5,8
05/09/2024,6,15
05/09/2024,7,39
05/09/2024,8,107
05/09/2024,9,91
05/09/2024,10,41
05/09/2024,11,53
05/09/2024,12,71
05/09/2024,13,72
05/09/2024,14,66
05/09/2024,15,59
05/09/2024,16,73
05/09/2024,17,112
05/09/2024,18,178
05/09/2024,19,170
05/09/2024,20,112
05/09/2024,21,74
05/09/2024,22,67
05/09/2024,23,61
05/10/2023,0,42
05/10/2023,1,19
05/10/2023,2,11
05/10/2023,3,6
05/10/2023,4,5
05/10/2023,5,9
05/10/2023,6,24
05/10/2023,7,102
05/10/2023,8,337
05/10/2023,9,292
05/10/2023,10,115
05/10/2023,11,96
05/10/2023,12,131
05/10/2023,13,126
05/10/2023,14,119
05/10/2023,15,117
05/10/2023,16,144
05/10/2023,17,223
05/10/2023,18,342
05/10/2023,19,301
05/10/2023,20,169
05/10/2023,21,101
05/10/2023,22,99
05/10/2023,23,84
05/10/2024,0,55
05/10/2024,1,37
05/10/2024,2,33
05/10/2024,3,18
05/10/2024,4,13
05/10/2024,5,12
05/10/2024,6,12
05/10/2024,7,19
05/10/2024,8,37
05/10/2024,9,62
05/10/2024,10,81
05/10/2024,11,98
05/10/2024,12,120
05/10/2024,13,117
05/10/2024,14,127
05/10/2024,15,143
05/10/2024,16,148
05/10/2024,17,146
05/10/2024,18,149
05/10/2024,19,139
05/10/2024,20,105
05/10/2024,21,70
05/10/2024,22,56
05/10/2024,23,57
05/11/2023,0,29
05/11/2023,1,22
05/11/2023,2,19
05/11/2023,3,12
05/11/2023,4,9
05/11/2023,5,8
05/11/2023,6,6
05/11/2023,7,12
05/11/2023,8,21
05/11/2023,9,27
05/11/2023,10,35
05/11/2023,11,49
05/11/2023,12,67
05/11/2023,13,69
05/11/2023,14,69
05/11/2023,15,78
05/11/2023,16,88
05/11/2023,17,93
05/11/2023,18,86
05/11/2023,19,71
05/11/2023,20,47
05/11/2023,21,37
05/11/2023,22,32
05/11/2023,23,22
05/11/2024,0,18
05/11/2024,1,10
05/11/2024,2,5
05/11/2024,3,4
05/11/2024,4,4
05/11/2024,5,9
05/11/2024,6,21
05/11/2024,7,83
05/11/2024,8,268
05/11/2024,9,228
05/11/2024,10,85
05/11/2024,11,73
05/11/2024,12,95
05/11/2024,13,95
05/11/2024,14,84
05/11/2024,15,84
05/11/2024,16,102
05/11/2024,17,169
05/11/2024,18,254
05/11/2024,19,218
05/11/2024,20,124
05/11/2024,21,74
05/11/2024,22,69
05/11/2024,23,55
05/12/2023,0,14
05/12/2023,1,7
05/12/2023,2,4
05/12/2023,3,3
05/12/2023,4,3
05/12/2023,5,4
05/12/2023,6,14
05/12/2023,7,61
05/12/2023,8,227
05/12/2023,9,202
05/12/2023,10,73
05/12/2023,11,59
05/12/2023,12,76
05/12/2023,13,73
05/12/2023,14,65
05/12/2023,15,67
05/12/2023,16,87
05/12/2023,17,145
05/12/2023,18,227
05/12/2023,19,208
05/12/2023,20,115
05/12/2023,21,63
05/12/2023,22,59
05/12/2023,23,49
05/12/2024,0,30
05/12/2024,1,15
05/12/2024,2,9
05/12/2024,3,5
05/12/2024,4,4
05/12/2024,5,8
05/12/2024,6,17
05/12/2024,7,55
05/12/2024,8,149
05/12/2024,9,128
05/12/2024,10,48
05/12/2024,11,46
05/12/2024,12,65
05/12/2024,13,69
05/12/2024,14,70
05/12/2024,15,62
05/12/2024,16,74
05/12/2024,17,110
05/12/2024,18,170
05/12/2024,19,161
05/12/2024,20,93
05/12/2024,21,58
05/12/2024,22,54
05/12/2024,23,48
06/01/2023,0,27
06/01/2023,1,14
06/01/2023,2,9
06/01/2023,3,5
06/01/2023,4,4
06/01/2023,5,6
06/01/2023,6,14
06/01/2023,7,57
06/01/2023,8,188
06/01/2023,9,179
06/01/2023,10,81
06/01/2023,11,72
06/01/2023,12,98
06/01/2023,13,88
06/01/2023,14,90
06/01/2023,15,86
06/01/2023,16,105
06/01/2023,17,150
06/01/2023,18,196
06/01/2023,19,176
06/01/2023,20,108
06/01/2023,21,62
06/01/2023,22,49
06/01/2023,23,48
06/01/2024,0,32
06/01/2024,1,24
06/01/2024,2,18
06/01/2024,3,11
06/01/2024,4,9
06/01/2024,5,8
06/01/2024,6,8
06/01/2024,7,11
06/01/2024,8,22
06/01/2024,9,37
06/01/2024,10,49
06/01/2024,11,58
06/01/2024,12,72
06/01/2024,13,68
06/01/2024,14,74
06/01/2024,15,86
06/01/2024,16,87
06/01/2024,17,84
06/01/2024,18,76
06/01/2024,19,73
06/01/2024,20,53
06/01/2024,21,40
06/01/2024,22,34
06/01/2024,23,31
06/02/2023,0,11
06/02/2023,1,8
06/02/2023,2,4
06/02/2023,3,4
06/02/2023,4,5
06/02/2023,5,10
06/02/2023,6,19
06/02/2023,7,72
06/02/2023,8,254
06/02/2023,9,217
06/02/2023,10,73
06/02/2023,11,60
06/02/2023,12,79
06/02/2023,13,79
06/02/2023,14,70
06/02/2023,15,71
06/02/2023,16,90
06/02/2023,17,147
06/02/2023,18,232
06/02/2023,19,216
06/02/2023,20,108
06/02/2023,21,59
06/02/2023,22,51
06/02/2023,23,31
06/02/2024,0,14
06/02/2024,1,8
06/02/2024,2,5
06/02/2024,3,3
06/02/2024,4,3
06/02/2024,5,7
06/02/2024,6,19
06/02/2024,7,69
06/02/2024,8,236
06/02/2024,9,204
06/02/2024,10,75
06/02/2024,11,64
06/02/2024,12,83
06/02/2024,13,80
06/02/2024,14,76
06/02/2024,15,70
06/02/2024,16,87
06/02/2024,17,144
06/02/2024,18,210
06/02/2024,19,195
06/02/2024,20,107
06/02/2024,21,62
06/02/2024,22,58
06/02/2024,23,45
06/03/2023,0,10
06/03/2023,1,5
06/03/2023,2,4
06/03/2023,3,2
06/03/2023,4,3
06/03/2023,5,6
06/03/2023,6,16
06/03/2023,7,71
06/03/2023,8,248
06/03/2023,9,204
06/03/2023,10,70
06/03/2023,11,61
06/03/2023,12,73
06/03/2023,13,75
06/03/2023,14,66
06/03/2023,15,64
06/03/2023,16,82
06/03/2023,17,138
06/03/2023,18,228
06/03/2023,19,207
06/03/2023,20,105
06/03/2023,21,57
06/03/2023,22,46
06/03/2023,23,29
06/03/2024,0,21
06/03/2024,1,10
06/03/2024,2,6
06/03/2024,3,4
06/03/2024,4,3
06/03/2024,5,7
06/03/2024,6,17
06/03/2024,7,64
06/03/2024,8,209
06/03/2024,9,193
06/03/2024,10,74
06/03/2024,11,66
06/03/2024,12,91
06/03/2024,13,90
06/03/2024,14,81
06/03/2024,15,73
06/03/2024,16,85
06/03/2024,17,134
06/03/2024,18,217
06/03/2024,19,201
06/03/2024,20,111
06/03/2024,21,65
06/03/2024,22,62
06/03/2024,23,51
06/04/2023,0,36
06/04/2023,1,15
06/04/2023,2,10
06/04/2023,3,7
06/04/2023,4,5
06/04/2023,5,8
06/04/2023,6,20
06/04/2023,7,75
06/04/2023,8,228
06/04/2023,9,201
06/04/2023,10,81
06/04/2023,11,67
06/04/2023,12,87
06/04/2023,13,99
06/04/2023,14,93
06/04/2023,15,85
06/04/2023,16,106
06/04/2023,17,157
06/04/2023,18,232
06/04/2023,19,224
06/04/2023,20,126
06/04/2023,21,75
06/04/2023,22,67
06/04/2023,23,63
06/04/2024,0,48
06/04/2024,1,36
06/04/2024,2,29
06/04/2024,3,18
06/04/2024,4,13
06/04/2024,5,11
06/04/2024,6,13
06/04/2024,7,18
06/04/2024,8,38
06/04/2024,9,57
06/04/2024,10,78
06/04/2024,11,95
06/04/2024,12,112
06/04/2024,13,114
06/04/2024,14,121
06/04/2024,15,136
06/04/2024,16,145
06/04/2024,17,144
06/04/2024,18,142
06/04/2024,19,129
06/04/2024,20,104
06/04/2024,21,71
06/04/2024,22,60
06/04/2024,23,61
06/05/2023,0,35
06/05/2023,1,23
06/05/2023,2,21
06/05/2023,3,13
06/05/2023,4,11
06/05/2023,5,9
06/05/2023,6,12
06/05/2023,7,16
06/05/2023,8,31
06/05/2023,9,50
06/05/2023,10,62
06/05/2023,11,73
06/05/2023,12,83
06/05/2023,13,80
06/05/2023,14,86
06/05/2023,15,97
06/05/2023,16,101
06/05/2023,17,97
06/05/2023,18,94
06/05/2023,19,94
06/05/2023,20,77
06/05/2023,21,54
06/05/2023,22,45
06/05/2023,23,40
06/05/2024,0,16
06/05/2024,1,9
06/05/2024,2,4
06/05/2024,3,3
06/05/2024,4,4
06/05/2024,5,9
06/05/2024,6,20
06/05/2024,7,68
06/05/2024,8,229
06/05/2024,9,190
06/05/2024,10,77
06/05/2024,11,66
06/05/2024,12,89
06/05/2024,13,92
06/05/2024,14,80
06/05/2024,15,77
06/05/2024,16,98
06/05/2024,17,155
06/05/2024,18,222
06/05/2024,19,191
06/05/2024,20,112
06/05/2024,21,72
06/05/2024,22,58
06/05/2024,23,40
06/06/2023,0,27
06/06/2023,1,12
06/06/2023,2,7
06/06/2023,3,4
06/06/2023,4,4
06/06/2023,5,8
06/06/2023,6,24
06/06/2023,7,102
06/06/2023,8,333
06/06/2023,9,286
06/06/2023,10,104
06/06/2023,11,95
06/06/2023,12,120
06/06/2023,13,118
06/06/2023,14,111
06/06/2023,15,103
06/06/2023,16,123
06/06/2023,17,202
06/06/2023,18,322
06/06/2023,19,311
06/06/2023,20,174
06/06/2023,21,102
06/06/2023,22,90
06/06/2023,23,84
06/06/2024,0,45
06/06/2024,1,22
06/06/2024,2,11
06/06/2024,3,6
06/06/2024,4,6
06/06/2024,5,11
06/06/2024,6,25
06/06/2024,7,84
06/06/2024,8,276
06/06/2024,9,255
06/06/2024,10,99
06/06/2024,11,88
06/06/2024,12,110
06/06/2024,13,108
06/06/2024,14,104
06/06/2024,15,99
06/06/2024,16,114
06/06/2024,17,182
06/06/2024,18,275
06/06/2024,19,254
06/06/2024,20,153
06/06/2024,21,98
06/06/2024,22,90
06/06/2024,23,77
06/07/2023,0,52
06/07/2023,1,27
06/07/2023,2,14
06/07/2023,3,7
06/07/2023,4,5
06/07/2023,5,11
06/07/2023,6,25
06/07/2023,7,81
06/07/2023,8,274
06/07/2023,9,251
06/07/2023,10,102
06/07/2023,11,88
06/07/2023,12,113
06/07/2023,13,105
06/07/2023,14,107
06/07/2023,15,100
06/07/2023,16,118
06/07/2023,17,183
06/07/2023,18,277
06/07/2023,19,265
06/07/2023,20,164
06/07/2023,21,101
06/07/2023,22,98
06/07/2023,23,104
06/07/2024,0,90
06/07/2024,1,49
06/07/2024,2,37
06/07/2024,3,20
06/07/2024,4,15
06/07/2024,5,12
06/07/2024,6,14
06/07/2024,7,19
06/07/2024,8,33
06/07/2024,9,43
06/07/2024,10,47
06/07/2024,11,66
06/07/2024,12,85
06/07/2024,13,87
06/07/2024,14,89
06/07/2024,15,104
06/07/2024,16,110
06/07/2024,17,111
06/07/2024,18,113
06/07/2024,19,112
06/07/2024,20,89
06/07/2024,21,67
06/07/2024,22,53
06/07/2024,23,54
06/08/2023,0,19
06/08/2023,1,11
06/08/2023,2,11
06/08/2023,3,6
06/08/2023,4,6
06/08/2023,5,6
06/08/2023,6,7
06/08/2023,7,10
06/08/2023,8,17
06/08/2023,9,28
06/08/2023,10,46
06/08/2023,11,55
06/08/2023,12,66
06/08/2023,13,65
06/08/2023,14,67
06/08/2023,15,77
06/08/2023,16,81
06/08/2023,17,79
06/08/2023,18,73
06/08/2023,19,69
06/08/2023,20,57
06/08/2023,21,44
06/08/2023,22,33
06/08/2023,23,25
06/08/2024,0,41
06/08/2024,1,23
06/08/2024,2,13
06/08/2024,3,8
06/08/2024,4,6
06/08/2024,5,10
06/08/2024,6,20
06/08/2024,7,44
06/08/2024,8,112
06/08/2024,9,116
06/08/2024,10,64
06/08/2024,11,66
06/08/2024,12,84
06/08/2024,13,86
06/08/2024,14,84
06/08/2024,15,84
06/08/2024,16,96
06/08/2024,17,131
06/08/2024,18,166
06/08/2024,19,144
06/08/2024,20,106
06/08/2024,21,78
06/08/2024,22,86
06/08/2024,23,74
06/09/2023,0,39
06/09/2023,1,20
06/09/2023,2,11
06/09/2023,3,5
06/09/2023,4,4
06/09/2023,5,9
06/09/2023,6,24
06/09/2023,7,103
06/09/2023,8,317
06/09/2023,9,271
06/09/2023,10,107
06/09/2023,11,96
06/09/2023,12,121
06/09/2023,13,116
06/09/2023,14,104
06/09/2023,15,103
06/09/2023,16,119
06/09/2023,17,197
06/09/2023,18,325
06/09/2023,19,304
06/09/2023,20,174
06/09/2023,21,103
06/09/2023,22,96
06/09/2023,23,85
06/09/2024,0,37
06/09/2024,1,24
06/09/2024,2,15
06/09/2024,3,8
06/09/2024,4,7
06/09/2024,5,11
06/09/2024,6,22
06/09/2024,7,70
06/09/2024,8,206
06/09/2024,9,190
06/09/2024,10,95
06/09/2024,11,91
06/09/2024,12,121
06/09/2024,13,115
06/09/2024,14,113
06/09/2024,15,116
06/09/2024,16,138
06/09/2024,17,190
06/09/2024,18,241
06/09/2024,19,214
06/09/2024,20,146
06/09/2024,21,99
06/09/2024,22,88
06/09/2024,23,83
06/10/2023,0,50
06/10/2023,1,27
06/10/2023,2,14
06/10/2023,3,7
06/10/2023,4,7
06/10/2023,5,10
06/10/2023,6,22
06/10/2023,7,86
06/10/2023,8,256
06/10/2023,9,219
06/10/2023,10,110
06/10/2023,11,99
06/10/2023,12,138
06/10/2023,13,129
06/10/2023,14,128
06/10/2023,15,127
06/10/2023,16,150
06/10/2023,17,212
06/10/2023,18,270
06/10/2023,19,239
06/10/2023,20,160
06/10/2023,21,89
06/10/2023,22,75
06/10/2023,23,88
06/10/2024,0,47
06/10/2024,1,36
06/10/2024,2,33
06/10/2024,3,20
06/10/2024,4,14
06/10/2024,5,11
06/10/2024,6,9
06/10/2024,7,10
06/10/2024,8,23
06/10/2024,9,33
06/10/2024,10,41
06/10/2024,11,48
06/10/2024,12,64
06/10/2024,13,61
06/10/2024,14,52
06/10/2024,15,64
06/10/2024,16,66
06/10/2024,17,78
06/10/2024,18,82
06/10/2024,19,72
06/10/2024,20,56
06/10/2024,21,43
06/10/2024,22,38
06/10/2024,23,27
06/11/2023,0,12
06/11/2023,1,8
06/11/2023,2,5
06/11/2023,3,3
06/11/2023,4,3
06/11/2023,5,7
06/11/2023,6,18
06/11/2023,7,84
06/11/2023,8,288
06/11/2023,9,235
06/11/2023,10,83
06/11/2023,11,67
06/11/2023,12,86
06/11/2023,13,92
06/11/2023,14,79
06/11/2023,15,79
06/11/2023,16,103
06/11/2023,17,159
06/11/2023,18,267
06/11/2023,19,223
06/11/2023,20,115
06/11/2023,21,64
06/11/2023,22,53
06/11/2023,23,33
06/11/2024,0,30
06/11/2024,1,14
06/11/2024,2,8
06/11/2024,3,5
06/11/2024,4,5
06/11/2024,5,9
06/11/2024,6,21
06/11/2024,7,80
06/11/2024,8,234
06/11/2024,9,213
06/11/2024,10,88
06/11/2024,11,78
06/11/2024,12,106
06/11/2024,13,104
06/11/2024,14,100
06/11/2024,15,91
06/11/2024,16,101
06/11/2024,17,153
06/11/2024,18,235
06/11/2024,19,214
06/11/2024,20,124
06/11/2024,21,72
06/11/2024,22,68
06/11/2024,23,66
06/12/2023,0,26
06/12/2023,1,10
06/12/2023,2,7
06/12/2023,3,3
06/12/2023,4,3
06/12/2023,5,7
06/12/2023,6,16
06/12/2023,7,71
06/12/2023,8,238
06/12/2023,9,233
06/12/2023,10,89
06/12/2023,11,75
06/12/2023,12,107
06/12/2023,13,106
06/12/2023,14,94
06/12/2023,15,89
06/12/2023,16,100
06/12/2023,17,155
06/12/2023,18,243
06/12/2023,19,224
06/12/2023,20,123
06/12/2023,21,67
06/12/2023,22,67
06/12/2023,23,61
06/12/2024,0,24
06/12/2024,1,18
06/12/2024,2,11
06/12/2024,3,6
06/12/2024,4,6
06/12/2024,5,8
06/12/2024,6,18
06/12/2024,7,56
06/12/2024,8,165
06/12/2024,9,158
06/12/2024,10,79
06/12/2024,11,74
06/12/2024,12,104
06/12/2024,13,94
06/12/2024,14,93
06/12/2024,15,87
06/12/2024,16,107
06/12/2024,17,142
06/12/2024,18,175
06/12/2024,19,156
06/12/2024,20,101
06/12/2024,21,65
06/12/2024,22,54
06/12/2024,23,51
07/01/2023,0,42
07/01/2023,1,31
07/01/2023,2,23
07/01/2023,3,14
07/01/2023,4,10
07/01/2023,5,8
07/01/2023,6,8
07/01/2023,7,13
07/01/2023,8,30
07/01/2023,9,53
07/01/2023,10,68
07/01/2023,11,80
07/01/2023,12,99
07/01/2023,13,92
07/01/2023,14,91
07/01/2023,15,102
07/01/2023,16,93
07/01/2023,17,75
07/01/2023,18,79
07/01/2023,19,81
07/01/2023,20,66
07/01/2023,21,43
07/01/2023,22,36
07/01/2023,23,34
07/01/2024,0,29
07/01/2024,1,22
07/01/2024,2,21
07/01/2024,3,10
07/01/2024,4,9
07/01/2024,5,7
07/01/2024,6,6
07/01/2024,7,8
07/01/2024,8,15
07/01/2024,9,27
07/01/2024,10,40
07/01/2024,11,51
07/01/2024,12,62
07/01/2024,13,57
07/01/2024,14,57
07/01/2024,15,63
07/01/2024,16,66
07/01/2024,17,64
07/01/2024,18,60
07/01/2024,19,54
07/01/2024,20,37
07/01/2024,21,28
07/01/2024,22,23
07/01/2024,23,16
07/02/2023,0,15
07/02/2023,1,8
07/02/2023,2,6
07/02/2023,3,5
07/02/2023,4,4
07/02/2023,5,7
07/02/2023,6,23
07/02/2023,7,93
07/02/2023,8,287
07/02/2023,9,246
07/02/2023,10,99
07/02/2023,11,82
07/02/2023,12,107
07/02/2023,13,113
07/02/2023,14,109
07/02/2023,15,102
07/02/2023,16,119
07/02/2023,17,175
07/02/2023,18,264
07/02/2023,19,255
07/02/2023,20,137
07/02/2023,21,75
07/02/2023,22,68
07/02/2023,23,58
07/02/2024,0,23
07/02/2024,1,11
07/02/2024,2,7
07/02/2024,3,4
07/02/2024,4,4
07/02/2024,5,6
07/02/2024,6,15
07/02/2024,7,50
07/02/2024,8,167
07/02/2024,9,156
07/02/2024,10,65
07/02/2024,11,43
07/02/2024,12,67
07/02/2024,13,66
07/02/2024,14,59
07/02/2024,15,51
07/02/2024,16,62
07/02/2024,17,99
07/02/2024,18,165
07/02/2024,19,155
07/02/2024,20,86
07/02/2024,21,51
07/02/2024,22,49
07/02/2024,23,44
07/03/2023,0,14
07/03/2023,1,7
07/03/2023,2,5
07/03/2023,3,3
07/03/2023,4,3
07/03/2023,5,8
07/03/2023,6,23
07/03/2023,7,91
07/03/2023,8,269
07/03/2023,9,227
07/03/2023,10,100
07/03/2023,11,82
07/03/2023,12,107
07/03/2023,13,130
07/03/2023,14,134
07/03/2023,15,110
07/03/2023,16,128
07/03/2023,17,184
07/03/2023,18,261
07/03/2023,19,255
07/03/2023,20,136
07/03/2023,21,69
07/03/2023,22,58
07/03/2023,23,47
07/03/2024,0,27
07/03/2024,1,12
07/03/2024,2,8
07/03/2024,3,5
07/03/2024,4,4
07/03/2024,5,8
07/03/2024,6,19
07/03/2024,7,72
07/03/2024,8,241
07/03/2024,9,207
07/03/2024,10,84
07/03/2024,11,74
07/03/2024,12,100
07/03/2024,13,94
07/03/2024,14,90
07/03/2024,15,82
07/03/2024,16,101
07/03/2024,17,156
07/03/2024,18,230
07/03/2024,19,210
07/03/2024,20,120
07/03/2024,21,68
07/03/2024,22,64
07/03/2024,23,60
07/04/2023,0,38
07/04/2023,1,18
07/04/2023,2,13
07/04/2023,3,7
07/04/2023,4,5
07/04/2023,5,9
07/04/2023,6,17
07/04/2023,7,63
07/04/2023,8,190
07/04/2023,9,167
07/04/2023,10,88
07/04/2023,11,81
07/04/2023,12,108
07/04/2023,13,99
07/04/2023,14,93
07/04/2023,15,96
07/04/2023,16,115
07/04/2023,17,160
07/04/2023,18,187
07/04/2023,19,161
07/04/2023,20,102
07/04/2023,21,60
07/04/2023,22,51
07/04/2023,23,47
07/04/2024,0,53
07/04/2024,1,39
07/04/2024,2,33
07/04/2024,3,19
07/04/2024,4,13
07/04/2024,5,10
07/04/2024,6,10
07/04/2024,7,13
07/04/2024,8,22
07/04/2024,9,35
07/04/2024,10,53
07/04/2024,11,67
07/04/2024,12,83
07/04/2024,13,80
07/04/2024,14,80
07/04/2024,15,77
07/04/2024,16,81
07/04/2024,17,90
07/04/2024,18,89
07/04/2024,19,76
07/04/2024,20,44
07/04/2024,21,38
07/04/2024,22,33
07/04/2024,23,23
07/05/2023,0,25
07/05/2023,1,12
07/05/2023,2,11
07/05/2023,3,8
07/05/2023,4,6
07/05/2023,5,4
07/05/2023,6,5
07/05/2023,7,7
07/05/2023,8,13
07/05/2023,9,22
07/05/2023,10,33
07/05/2023,11,44
07/05/2023,12,54
07/05/2023,13,44
07/05/2023,14,44
07/05/2023,15,49
07/05/2023,16,47
07/05/2023,17,38
07/05/2023,18,54
07/05/2023,19,62
07/05/2023,20,51
07/05/2023,21,42
07/05/2023,22,34
07/05/2023,23,28
07/05/2024,0,22
07/05/2024,1,11
07/05/2024,2,7
07/05/2024,3,4
07/05/2024,4,5
07/05/2024,5,9
07/05/2024,6,21
07/05/2024,7,73
07/05/2024,8,220
07/05/2024,9,191
07/05/2024,10,86
07/05/2024,11,78
07/05/2024,12,104
07/05/2024,13,99
07/05/2024,14,97
07/05/2024,15,97
07/05/2024,16,114
07/05/2024,17,170
07/05/2024,18,226
07/05/2024,19,194
07/05/2024,20,125
07/05/2024,21,69
07/05/2024,22,54
07/05/2024,23,73
07/06/2023,0,42
07/06/2023,1,20
07/06/2023,2,9
07/06/2023,3,5
07/06/2023,4,4
07/06/2023,5,10
07/06/2023,6,25
07/06/2023,7,94
07/06/2023,8,295
07/06/2023,9,266
07/06/2023,10,103
07/06/2023,11,93
07/06/2023,12,126
07/06/2023,13,121
07/06/2023,14,112
07/06/2023,15,105
07/06/2023,16,121
07/06/2023,17,197
07/06/2023,18,312
07/06/2023,19,293
07/06/2023,20,181
07/06/2023,21,106
07/06/2023,22,99
07/06/2023,23,92
07/06/2024,0,51
07/06/2024,1,29
07/06/2024,2,17
07/06/2024,3,9
07/06/2024,4,7
07/06/2024,5,12
07/06/2024,6,23
07/06/2024,7,72
07/06/2024,8,205
07/06/2024,9,190
07/06/2024,10,93
07/06/2024,11,89
07/06/2024,12,116
07/06/2024,13,110
07/06/2024,14,109
07/06/2024,15,105
07/06/2024,16,124
07/06/2024,17,182
07/06/2024,18,224
07/06/2024,19,205
07/06/2024,20,143
07/06/2024,21,95
07/06/2024,22,81
07/06/2024,23,78
07/07/2023,0,65
07/07/2023,1,40
07/07/2023,2,23
07/07/2023,3,12
07/07/2023,4,8
07/07/2023,5,12
07/07/2023,6,25
07/07/2023,7,65
07/07/2023,8,217
07/07/2023,9,192
07/07/2023,10,96
07/07/2023,11,88
07/07/2023,12,114
07/07/2023,13,103
07/07/2023,14,103
07/07/2023,15,100
07/07/2023,16,119
07/07/2023,17,177
07/07/2023,18,216
07/07/2023,19,195
07/07/2023,20,134
07/07/2023,21,89
07/07/2023,22,74
07/07/2023,23,74
07/07/2024,0,45
07/07/2024,1,32
07/07/2024,2,25
07/07/2024,3,15
07/07/2024,4,11
07/07/2024,5,10
07/07/2024,6,11
07/07/2024,7,14
07/07/2024,8,26
07/07/2024,9,42
07/07/2024,10,58
07/07/2024,11,78
07/07/2024,12,94
07/07/2024,13,91
07/07/2024,14,91
07/07/2024,15,103
07/07/2024,16,108
07/07/2024,17,108
07/07/2024,18,125
07/07/2024,19,114
07/07/2024,20,75
07/07/2024,21,68
07/07/2024,22,61
07/07/2024,23,53
07/08/2023,0,16
07/08/2023,1,9
07/08/2023,2,6
07/08/2023,3,4
07/08/2023,4,3
07/08/2023,5,7
07/08/2023,6,15
07/08/2023,7,41
07/08/2023,8,115
07/08/2023,9,112
07/08/2023,10,50
07/08/2023,11,47
07/08/2023,12,58
07/08/2023,13,59
07/08/2023,14,60
07/08/2023,15,64
07/08/2023,16,76
07/08/2023,17,112
07/08/2023,18,168
07/08/2023,19,128
07/08/2023,20,76
07/08/2023,21,50
07/08/2023,22,41
07/08/2023,23,30
07/08/2024,0,46
07/08/2024,1,24
07/08/2024,2,12
07/08/2024,3,8
07/08/2024,4,7
07/08/2024,5,11
07/08/2024,6,17
07/08/2024,7,41
07/08/2024,8,93
07/08/2024,9,103
07/08/2024,10,62
07/08/2024,11,70
07/08/2024,12,85
07/08/2024,13,89
07/08/2024,14,83
07/08/2024,15,84
07/08/2024,16,100
07/08/2024,17,132
07/08/2024,18,163
07/08/2024,19,140
07/08/2024,20,103
07/08/2024,21,73
07/08/2024,22,80
07/08/2024,23,75
07/09/2023,0,47
07/09/2023,1,23
07/09/2023,2,14
07/09/2023,3,6
07/09/2023,4,6
07/09/2023,5,9
07/09/2023,6,25
07/09/2023,7,105
07/09/2023,8,330
07/09/2023,9,282
07/09/2023,10,110
07/09/2023,11,96
07/09/2023,12,118
07/09/2023,13,114
07/09/2023,14,108
07/09/2023,15,103
07/09/2023,16,130
07/09/2023,17,213
07/09/2023,18,321
07/09/2023,19,302
07/09/2023,20,179
07/09/2023,21,107
07/09/2023,22,97
07/09/2023,23,106
07/09/2024,0,69
07/09/2024,1,44
07/09/2024,2,39
07/09/2024,3,19
07/09/2024,4,10
07/09/2024,5,11
07/09/2024,6,13
07/09/2024,7,19
07/09/2024,8,36
07/09/2024,9,61
07/09/2024,10,77
07/09/2024,11,92
07/09/2024,12,83
07/09/2024,13,81
07/09/2024,14,106
07/09/2024,15,122
07/09/2024,16,126
07/09/2024,17,116
07/09/2024,18,122
07/09/2024,19,127
07/09/2024,20,106
07/09/2024,21,77
07/09/2024,22,68
07/09/2024,23,65
07/10/2023,0,70
07/10/2023,1,46
07/10/2023,2,37
07/10/2023,3,20
07/10/2023,4,14
07/10/2023,5,12
07/10/2023,6,12
07/10/2023,7,22
07/10/2023,8,49
07/10/2023,9,78
07/10/2023,10,98
07/10/2023,11,118
07/10/2023,12,145
07/10/2023,13,140
07/10/2023,14,146
07/10/2023,15,169
07/10/2023,16,180
07/10/2023,17,190
07/10/2023,18,186
07/10/2023,19,173
07/10/2023,20,128
07/10/2023,21,83
07/10/2023,22,70
07/10/2023,23,76
07/10/2024,0,17
07/10/2024,1,9
07/10/2024,2,6
07/10/2024,3,4
07/10/2024,4,4
07/10/2024,5,9
07/10/2024,6,19
07/10/2024,7,69
07/10/2024,8,244
07/10/2024,9,213
07/10/2024,10,79
07/10/2024,11,68
07/10/2024,12,86
07/10/2024,13,86
07/10/2024,14,79
07/10/2024,15,71
07/10/2024,16,76
07/10/2024,17,100
07/10/2024,18,193
07/10/2024,19,160
07/10/2024,20,90
07/10/2024,21,38
07/10/2024,22,42
07/10/2024,23,31
07/11/2023,0,17
07/11/2023,1,8
07/11/2023,2,5
07/11/2023,3,3
07/11/2023,4,3
07/11/2023,5,7
07/11/2023,6,20
07/11/2023,7,98
07/11/2023,8,332
07/11/2023,9,275
07/11/2023,10,99
07/11/2023,11,83
07/11/2023,12,105
07/11/2023,13,105
07/11/2023,14,97
07/11/2023,15,95
07/11/2023,16,115
07/11/2023,17,193
07/11/2023,18,303
07/11/2023,19,262
07/11/2023,20,138
07/11/2023,21,76
07/11/2023,22,72
07/11/2023,23,65
07/11/2024,0,30
07/11/2024,1,17
07/11/2024,2,10
07/11/2024,3,6
07/11/2024,4,5
07/11/2024,5,9
07/11/2024,6,21
07/11/2024,7,74
07/11/2024,8,247
07/11/2024,9,216
07/11/2024,10,93
07/11/2024,11,79
07/11/2024,12,102
07/11/2024,13,101
07/11/2024,14,95
07/11/2024,15,87
07/11/2024,16,107
07/11/2024,17,164
07/11/2024,18,240
07/11/2024,19,208
07/11/2024,20,126
07/11/2024,21,77
07/11/2024,22,71
07/11/2024,23,59
07/12/2023,0,33
07/12/2023,1,14
07/12/2023,2,9
07/12/2023,3,4
07/12/2023,4,4
07/12/2023,5,6
07/12/2023,6,18
07/12/2023,7,74
07/12/2023,8,248
07/12/2023,9,228
07/12/2023,10,85
07/12/2023,11,71
07/12/2023,12,93
07/12/2023,13,93
07/12/2023,14,81
07/12/2023,15,75
07/12/2023,16,96
07/12/2023,17,157
07/12/2023,18,231
07/12/2023,19,198
07/12/2023,20,103
07/12/2023,21,48
07/12/2023,22,44
07/12/2023,23,39
07/12/2024,0,40
07/12/2024,1,29
07/12/2024,2,21
07/12/2024,3,11
07/12/2024,4,9
07/12/2024,5,9
07/12/2024,6,8
07/12/2024,7,14
07/12/2024,8,30
07/12/2024,9,49
07/12/2024,10,59
07/12/2024,11,73
07/12/2024,12,86
07/12/2024,13,82
07/12/2024,14,80
07/12/2024,15,87
07/12/2024,16,80
07/12/2024,17,68
07/12/2024,18,58
07/12/2024,19,58
07/12/2024,20,44
07/12/2024,21,32
07/12/2024,22,31
07/12/2024,23,31
08/01/2023,0,33
08/01/2023,1,25
08/01/2023,2,24
08/01/2023,3,14
08/01/2023,4,11
08/01/2023,5,7
08/01/2023,6,5
08/01/2023,7,6
08/01/2023,8,15
08/01/2023,9,29
08/01/2023,10,51
08/01/2023,11,66
08/01/2023,12,83
08/01/2023,13,79
08/01/2023,14,78
08/01/2023,15,94
08/01/2023,16,91
08/01/2023,17,85
08/01/2023,18,67
08/01/2023,19,58
08/01/2023,20,38
08/01/2023,21,30
08/01/2023,22,23
08/01/2023,23,17
08/01/2024,0,9
08/01/2024,1,6
08/01/2024,2,4
08/01/2024,3,3
08/01/2024,4,6
08/01/2024,5,6
08/01/2024,6,16
08/01/2024,7,59
08/01/2024,8,200
08/01/2024,9,171
08/01/2024,10,52
08/01/2024,11,41
08/01/2024,12,50
08/01/2024,13,51
08/01/2024,14,49
08/01/2024,15,47
08/01/2024,16,60
08/01/2024,17,110
08/01/2024,18,181
08/01/2024,19,156
08/01/2024,20,76
08/01/2024,21,41
08/01/2024,22,32
08/01/2024,23,18
08/02/2023,0,26
08/02/2023,1,9
08/02/2023,2,5
08/02/2023,3,3
08/02/2023,4,3
08/02/2023,5,6
08/02/2023,6,16
08/02/2023,7,71
08/02/2023,8,241
08/02/2023,9,222
08/02/2023,10,83
08/02/2023,11,68
08/02/2023,12,95
08/02/2023,13,95
08/02/2023,14,88
08/02/2023,15,79
08/02/2023,16,95
08/02/2023,17,144
08/02/2023,18,226
08/02/2023,19,218
08/02/2023,20,115
08/02/2023,21,60
08/02/2023,22,57
08/02/2023,23,51
08/02/2024,0,21
08/02/2024,1,11
08/02/2024,2,8
08/02/2024,3,5
08/02/2024,4,4
08/02/2024,5,6
08/02/2024,6,15
08/02/2024,7,57
08/02/2024,8,192
08/02/2024,9,172
08/02/2024,10,53
08/02/2024,11,48
08/02/2024,12,69
08/02/2024,13,76
08/02/2024,14,64
08/02/2024,15,52
08/02/2024,16,68
08/02/2024,17,107
08/02/2024,18,171
08/02/2024,19,161
08/02/2024,20,95
08/02/2024,21,57
08/02/2024,22,50
08/02/2024,23,39
08/03/2023,0,21
08/03/2023,1,7
08/03/2023,2,4
08/03/2023,3,2
08/03/2023,4,2
08/03/2023,5,6
08/03/2023,6,17
08/03/2023,7,75
08/03/2023,8,248
08/03/2023,9,227
08/03/2023,10,88
08/03/2023,11,74
08/03/2023,12,96
08/03/2023,13,94
08/03/2023,14,82
08/03/2023,15,55
08/03/2023,16,67
08/03/2023,17,121
08/03/2023,18,173
08/03/2023,19,204
08/03/2023,20,116
08/03/2023,21,55
08/03/2023,22,44
08/03/2023,23,52
08/03/2024,0,35
08/03/2024,1,19
08/03/2024,2,11
08/03/2024,3,7
08/03/2024,4,5
08/03/2024,5,10
08/03/2024,6,18
08/03/2024,7,62
08/03/2024,8,179
08/03/2024,9,154
08/03/2024,10,76
08/03/2024,11,71
08/03/2024,12,97
08/03/2024,13,97
08/03/2024,14,95
08/03/2024,15,85
08/03/2024,16,103
08/03/2024,17,151
08/03/2024,18,182
08/03/2024,19,161
08/03/2024,20,104
08/03/2024,21,63
08/03/2024,22,56
08/03/2024,23,50
08/04/2023,0,35
08/04/2023,1,23
08/04/2023,2,21
08/04/2023,3,12
08/04/2023,4,10
08/04/2023,5,10
08/04/2023,6,11
08/04/2023,7,17
08/04/2023,8,33
08/04/2023,9,51
08/04/2023,10,66
08/04/2023,11,75
08/04/2023,12,90
08/04/2023,13,89
08/04/2023,14,98
08/04/2023,15,113
08/04/2023,16,116
08/04/2023,17,117
08/04/2023,18,117
08/04/2023,19,106
08/04/2023,20,78
08/04/2023,21,47
08/04/2023,22,38
08/04/2023,23,36
08/04/2024,0,12
08/04/2024,1,8
08/04/2024,2,6
08/04/2024,3,4
08/04/2024,4,4
08/04/2024,5,8
08/04/2024,6,17
08/04/2024,7,54
08/04/2024,8,192
08/04/2024,9,189
08/04/2024,10,60
08/04/2024,11,48
08/04/2024,12,70
08/04/2024,13,76
08/04/2024,14,76
08/04/2024,15,76
08/04/2024,16,92
08/04/2024,17,142
08/04/2024,18,229
08/04/2024,19,210
08/04/2024,20,118
08/04/2024,21,67
08/04/2024,22,58
08/04/2024,23,43
08/05/2023,0,24
08/05/2023,1,15
08/05/2023,2,10
08/05/2023,3,7
08/05/2023,4,5
08/05/2023,5,6
08/05/2023,6,7
08/05/2023,7,12
08/05/2023,8,27
08/05/2023,9,45
08/05/2023,10,60
08/05/2023,11,71
08/05/2023,12,84
08/05/2023,13,84
08/05/2023,14,91
08/05/2023,15,106
08/05/2023,16,111
08/05/2023,17,113
08/05/2023,18,113
08/05/2023,19,100
08/05/2023,20,76
08/05/2023,21,54
08/05/2023,22,43
08/05/2023,23,30
08/05/2024,0,39
08/05/2024,1,24
08/05/2024,2,17
08/05/2024,3,10
08/05/2024,4,8
08/05/2024,5,10
08/05/2024,6,13
08/05/2024,7,20
08/05/2024,8,35
08/05/2024,9,50
08/05/2024,10,58
08/05/2024,11,65
08/05/2024,12,73
08/05/2024,13,69
08/05/2024,14,73
08/05/2024,15,80
08/05/2024,16,82
08/05/2024,17,85
08/05/2024,18,87
08/05/2024,19,85
08/05/2024,20,69
08/05/2024,21,48
08/05/2024,22,40
08/05/2024,23,38
08/06/2023,0,54
08/06/2023,1,23
08/06/2023,2,12
08/06/2023,3,6
08/06/2023,4,5
08/06/2023,5,9
08/06/2023,6,25
08/06/2023,7,96
08/06/2023,8,311
08/06/2023,9,275
08/06/2023,10,111
08/06/2023,11,95
08/06/2023,12,121
08/06/2023,13,118
08/06/2023,14,114
08/06/2023,15,105
08/06/2023,16,129
08/06/2023,17,205
08/06/2023,18,314
08/06/2023,19,293
08/06/2023,20,175
08/06/2023,21,110
08/06/2023,22,101
08/06/2023,23,99
08/06/2024,0,68
08/06/2024,1,44
08/06/2024,2,34
08/06/2024,3,18
08/06/2024,4,13
08/06/2024,5,13
08/06/2024,6,15
08/06/2024,7,23
08/06/2024,8,41
08/06/2024,9,67
08/06/2024,10,84
08/06/2024,11,99
08/06/2024,12,112
08/06/2024,13,109
08/06/2024,14,113
08/06/2024,15,132
08/06/2024,16,141
08/06/2024,17,141
08/06/2024,18,142
08/06/2024,19,142
08/06/2024,20,112
08/06/2024,21,81
08/06/2024,22,64
08/06/2024,23,66
08/07/2023,0,66
08/07/2023,1,43
08/07/2023,2,33
08/07/2023,3,17
08/07/2023,4,12
08/07/2023,5,11
08/07/2023,6,14
08/07/2023,7,19
08/07/2023,8,39
08/07/2023,9,61
08/07/2023,10,80
08/07/2023,11,93
08/07/2023,12,104
08/07/2023,13,96
08/07/2023,14,99
08/07/2023,15,112
08/07/2023,16,117
08/07/2023,17,118
08/07/2023,18,123
08/07/2023,19,126
08/07/2023,20,106
08/07/2023,21,76
08/07/2023,22,65
08/07/2023,23,64
08/07/2024,0,33
08/07/2024,1,19
08/07/2024,2,11
08/07/2024,3,7
08/07/2024,4,5
08/07/2024,5,10
08/07/2024,6,20
08/07/2024,7,64
08/07/2024,8,214
08/07/2024,9,211
08/07/2024,10,77
08/07/2024,11,67
08/07/2024,12,79
08/07/2024,13,78
08/07/2024,14,78
08/07/2024,15,76
08/07/2024,16,93
08/07/2024,17,143
08/07/2024,18,246
08/07/2024,19,219
08/07/2024,20,124
08/07/2024,21,78
08/07/2024,22,66
08/07/2024,23,54
08/08/2023,0,18
08/08/2023,1,10
08/08/2023,2,6
08/08/2023,3,4
08/08/2023,4,4
08/08/2023,5,7
08/08/2023,6,15
08/08/2023,7,44
08/08/2023,8,130
08/08/2023,9,134
08/08/2023,10,58
08/08/2023,11,51
08/08/2023,12,67
08/08/2023,13,63
08/08/2023,14,63
08/08/2023,15,65
08/08/2023,16,79
08/08/2023,17,119
08/08/2023,18,186
08/08/2023,19,145
08/08/2023,20,83
08/08/2023,21,56
08/08/2023,22,51
08/08/2023,23,42
08/08/2024,0,45
08/08/2024,1,23
08/08/2024,2,16
08/08/2024,3,8
08/08/2024,4,6
08/08/2024,5,10
08/08/2024,6,19
08/08/2024,7,41
08/08/2024,8,93
08/08/2024,9,102
08/08/2024,10,64
08/08/2024,11,69
08/08/2024,12,87
08/08/2024,13,86
08/08/2024,14,89
08/08/2024,15,91
08/08/2024,16,103
08/08/2024,17,133
08/08/2024,18,156
08/08/2024,19,143
08/08/2024,20,111
08/08/2024,21,78
08/08/2024,22,85
08/08/2024,23,81
08/09/2023,0,62
08/09/2023,1,35
08/09/2023,2,19
08/09/2023,3,10
08/09/2023,4,6
08/09/2023,5,11
08/09/2023,6,24
08/09/2023,7,90
08/09/2023,8,253
08/09/2023,9,213
08/09/2023,10,106
08/09/2023,11,98
08/09/2023,12,119
08/09/2023,13,111
08/09/2023,14,106
08/09/2023,15,107
08/09/2023,16,133
08/09/2023,17,200
08/09/2023,18,254
08/09/2023,19,231
08/09/2023,20,161
08/09/2023,21,84
08/09/2023,22,75
08/09/2023,23,96
08/09/2024,0,58
08/09/2024,1,42
08/09/2024,2,34
08/09/2024,3,21
08/09/2024,4,16
08/09/2024,5,11
08/09/2024,6,10
08/09/2024,7,13
08/09/2024,8,24
08/09/2024,9,41
08/09/2024,10,65
08/09/2024,11,80
08/09/2024,12,107
08/09/2024,13,99
08/09/2024,14,104
08/09/2024,15,127
08/09/2024,16,134
08/09/2024,17,84
08/09/2024,18,103
08/09/2024,19,94
08/09/2024,20,49
08/09/2024,21,39
08/09/2024,22,29
08/09/2024,23,28
08/10/2023,0,64
08/10/2023,1,49
08/10/2023,2,43
08/10/2023,3,26
08/10/2023,4,16
08/10/2023,5,11
08/10/2023,6,10
08/10/2023,7,19
08/10/2023,8,35
08/10/2023,9,56
08/10/2023,10,88
08/10/2023,11,115
08/10/2023,12,141
08/10/2023,13,135
08/10/2023,14,141
08/10/2023,15,170
08/10/2023,16,176
08/10/2023,17,182
08/10/2023,18,178
08/10/2023,19,156
08/10/2023,20,91
08/10/2023,21,67
08/10/2023,22,52
08/10/2023,23,38
08/10/2024,0,16
08/10/2024,1,10
08/10/2024,2,7
08/10/2024,3,4
08/10/2024,4,4
08/10/2024,5,8
08/10/2024,6,19
08/10/2024,7,77
08/10/2024,8,267
08/10/2024,9,228
08/10/2024,10,90
08/10/2024,11,74
08/10/2024,12,101
08/10/2024,13,100
08/10/2024,14,93
08/10/2024,15,90
08/10/2024,16,114
08/10/2024,17,178
08/10/2024,18,263
08/10/2024,19,205
08/10/2024,20,121
08/10/2024,21,73
08/10/2024,22,67
08/10/2024,23,53
08/11/2023,0,28
08/11/2023,1,13
08/11/2023,2,7
08/11/2023,3,3
08/11/2023,4,4
08/11/2023,5,7
08/11/2023,6,19
08/11/2023,7,84
08/11/2023,8,266
08/11/2023,9,238
08/11/2023,10,91
08/11/2023,11,78
08/11/2023,12,105
08/11/2023,13,108
08/11/2023,14,92
08/11/2023,15,85
08/11/2023,16,103
08/11/2023,17,151
08/11/2023,18,244
08/11/2023,19,218
08/11/2023,20,113
08/11/2023,21,65
08/11/2023,22,65
08/11/2023,23,57
08/11/2024,0,36
08/11/2024,1,20
08/11/2024,2,13
08/11/2024,3,7
08/11/2024,4,6
08/11/2024,5,10
08/11/2024,6,20
08/11/2024,7,64
08/11/2024,8,180
08/11/2024,9,156
08/11/2024,10,81
08/11/2024,11,76
08/11/2024,12,101
08/11/2024,13,96
08/11/2024,14,93
08/11/2024,15,89
08/11/2024,16,108
08/11/2024,17,148
08/11/2024,18,174
08/11/2024,19,155
08/11/2024,20,103
08/11/2024,21,67
08/11/2024,22,57
08/11/2024,23,48
08/12/2023,0,27
08/12/2023,1,17
08/12/2023,2,13
08/12/2023,3,6
08/12/2023,4,5
08/12/2023,5,8
08/12/2023,6,16
08/12/2023,7,62
08/12/2023,8,186
08/12/2023,9,163
08/12/2023,10,81
08/12/2023,11,71
08/12/2023,12,98
08/12/2023,13,95
08/12/2023,14,94
08/12/2023,15,96
08/12/2023,16,112
08/12/2023,17,157
08/12/2023,18,189
08/12/2023,19,167
08/12/2023,20,110
08/12/2023,21,67
08/12/2023,22,55
08/12/2023,23,53
08/12/2024,0,28
08/12/2024,1,23
08/12/2024,2,23
08/12/2024,3,15
08/12/2024,4,10
08/12/2024,5,7
08/12/2024,6,7
08/12/2024,7,9
08/12/2024,8,14
08/12/2024,9,18
08/12/2024,10,22
08/12/2024,11,28
08/12/2024,12,41
08/12/2024,13,40
08/12/2024,14,42
08/12/2024,15,47
08/12/2024,16,42
08/12/2024,17,48
08/12/2024,18,53
08/12/2024,19,55
08/12/2024,20,38
08/12/2024,21,32
08/12/2024,22,29
08/12/2024,23,20
09/01/2023,0,8
09/01/2023,1,5
09/01/2023,2,4
09/01/2023,3,2
09/01/2023,4,2
09/01/2023,5,5
09/01/2023,6,15
09/01/2023,7,66
09/01/2023,8,237
09/01/2023,9,208
09/01/2023,10,69
09/01/2023,11,58
09/01/2023,12,74
09/01/2023,13,74
09/01/2023,14,59
09/01/2023,15,44
09/01/2023,16,68
09/01/2023,17,127
09/01/2023,18,194
09/01/2023,19,192
09/01/2023,20,100
09/01/2023,21,49
09/01/2023,22,40
09/01/2023,23,26
09/01/2024,0,9
09/01/2024,1,5
09/01/2024,2,4
09/01/2024,3,3
09/01/2024,4,3
09/01/2024,5,5
09/01/2024,6,13
09/01/2024,7,47
09/01/2024,8,168
09/01/2024,9,161
09/01/2024,10,53
09/01/2024,11,43
09/01/2024,12,55
09/01/2024,13,57
09/01/2024,14,51
09/01/2024,15,48
09/01/2024,16,61
09/01/2024,17,97
09/01/2024,18,158
09/01/2024,19,144
09/01/2024,20,72
09/01/2024,21,42
09/01/2024,22,36
09/01/2024,23,26
09/02/2023,0,25
09/02/2023,1,10
09/02/2023,2,5
09/02/2023,3,3
09/02/2023,4,3
09/02/2023,5,6
09/02/2023,6,16
09/02/2023,7,67
09/02/2023,8,242
09/02/2023,9,214
09/02/2023,10,82
09/02/2023,11,65
09/02/2023,12,91
09/02/2023,13,83
09/02/2023,14,81
09/02/2023,15,74
09/02/2023,16,94
09/02/2023,17,147
09/02/2023,18,223
09/02/2023,19,208
09/02/2023,20,113
09/02/2023,21,64
09/02/2023,22,57
09/02/2023,23,51
09/02/2024,0,28
09/02/2024,1,15
09/02/2024,2,11
09/02/2024,3,7
09/02/2024,4,5
09/02/2024,5,7
09/02/2024,6,17
09/02/2024,7,53
09/02/2024,8,152
09/02/2024,9,137
09/02/2024,10,68
09/02/2024,11,61
09/02/2024,12,82
09/02/2024,13,80
09/02/2024,14,79
09/02/2024,15,74
09/02/2024,16,87
09/02/2024,17,124
09/02/2024,18,152
09/02/2024,19,143
09/02/2024,20,93
09/02/2024,21,58
09/02/2024,22,51
09/02/2024,23,47
09/03/2023,0,25
09/03/2023,1,9
09/03/2023,2,6
09/03/2023,3,4
09/03/2023,4,3
09/03/2023,5,7
09/03/2023,6,17
09/03/2023,7,76
09/03/2023,8,255
09/03/2023,9,217
09/03/2023,10,84
09/03/2023,11,72
09/03/2023,12,92
09/03/2023,13,91
09/03/2023,14,79
09/03/2023,15,70
09/03/2023,16,93
09/03/2023,17,147
09/03/2023,18,184
09/03/2023,19,189
09/03/2023,20,104
09/03/2023,21,56
09/03/2023,22,56
09/03/2023,23,48
09/03/2024,0,42
09/03/2024,1,28
09/03/2024,2,24
09/03/2024,3,14
09/03/2024,4,10
09/03/2024,5,9
09/03/2024,6,10
09/03/2024,7,16
09/03/2024,8,35
09/03/2024,9,55
09/03/2024,10,69
09/03/2024,11,77
09/03/2024,12,92
09/03/2024,13,89
09/03/2024,14,83
09/03/2024,15,78
09/03/2024,16,71
09/03/2024,17,64
09/03/2024,18,50
09/03/2024,19,56
09/03/2024,20,43
09/03/2024,21,31
09/03/2024,22,27
09/03/2024,23,27
09/04/2023,0,31
09/04/2023,1,22
09/04/2023,2,19
09/04/2023,3,12
09/04/2023,4,9
09/04/2023,5,8
09/04/2023,6,9
09/04/2023,7,10
09/04/2023,8,20
09/04/2023,9,34
09/04/2023,10,54
09/04/2023,11,71
09/04/2023,12,85
09/04/2023,13,78
09/04/2023,14,82
09/04/2023,15,102
09/04/2023,16,109
09/04/2023,17,104
09/04/2023,18,109
09/04/2023,19,96
09/04/2023,20,65
09/04/2023,21,44
09/04/2023,22,37
09/04/2023,23,31
09/04/2024,0,20
09/04/2024,1,11
09/04/2024,2,7
09/04/2024,3,5
09/04/2024,4,4
09/04/2024,5,9
09/04/2024,6,20
09/04/2024,7,61
09/04/2024,8,217
09/04/2024,9,212
09/04/2024,10,78
09/04/2024,11,64
09/04/2024,12,77
09/04/2024,13,70
09/04/2024,14,73
09/04/2024,15,60
09/04/2024,16,71
09/04/2024,17,124
09/04/2024,18,196
09/04/2024,19,202
09/04/2024,20,109
09/04/2024,21,58
09/04/2024,22,60
09/04/2024,23,55
09/05/2023,0,15
09/05/2023,1,8
09/05/2023,2,6
09/05/2023,3,3
09/05/2023,4,4
09/05/2023,5,6
09/05/2023,6,16
09/05/2023,7,54
09/05/2023,8,171
09/05/2023,9,131
09/05/2023,10,42
09/05/2023,11,31
09/05/2023,12,34
09/05/2023,13,38
09/05/2023,14,38
09/05/2023,15,41
09/05/2023,16,58
09/05/2023,17,116
09/05/2023,18,188
09/05/2023,19,178
09/05/2023,20,103
09/05/2023,21,59
09/05/2023,22,48
09/05/2023,23,41
09/05/2024,0,26
09/05/2024,1,17
09/05/2024,2,13
09/05/2024,3,8
09/05/2024,4,7
09/05/2024,5,8
09/05/2024,6,12
09/05/2024,7,17
09/05/2024,8,26
09/05/2024,9,42
09/05/2024,10,53
09/05/2024,11,60
09/05/2024,12,72
09/05/2024,13,75
09/05/2024,14,83
09/05/2024,15,98
09/05/2024,16,102
09/05/2024,17,105
09/05/2024,18,108
09/05/2024,19,101
09/05/2024,20,80
09/05/2024,21,62
09/05/2024,22,50
09/05/2024,23,46
09/06/2023,0,66
09/06/2023,1,34
09/06/2023,2,20
09/06/2023,3,10
09/06/2023,4,7
09/06/2023,5,12
09/06/2023,6,24
09/06/2023,7,78
09/06/2023,8,227
09/06/2023,9,206
09/06/2023,10,105
09/06/2023,11,96
09/06/2023,12,124
09/06/2023,13,118
09/06/2023,14,115
09/06/2023,15,110
09/06/2023,16,131
09/06/2023,17,191
09/06/2023,18,245
09/06/2023,19,223
09/06/2023,20,152
09/06/2023,21,102
09/06/2023,22,88
09/06/2023,23,85
09/06/2024,0,57
09/06/2024,1,37
09/06/2024,2,31
09/06/2024,3,19
09/06/2024,4,13
09/06/2024,5,10
09/06/2024,6,11
09/06/2024,7,15
09/06/2024,8,30
09/06/2024,9,48
09/06/2024,10,74
09/06/2024,11,98
09/06/2024,12,119
09/06/2024,13,110
09/06/2024,14,113
09/06/2024,15,127
09/06/2024,16,135
09/06/2024,17,141
09/06/2024,18,139
09/06/2024,19,125
09/06/2024,20,94
09/06/2024,21,65
09/06/2024,22,56
09/06/2024,23,44
09/07/2023,0,59
09/07/2023,1,45
09/07/2023,2,35
09/07/2023,3,19
09/07/2023,4,14
09/07/2023,5,10
09/07/2023,6,10
09/07/2023,7,16
09/07/2023,8,27
09/07/2023,9,44
09/07/2023,10,58
09/07/2023,11,62
09/07/2023,12,62
09/07/2023,13,70
09/07/2023,14,75
09/07/2023,15,92
09/07/2023,16,102
09/07/2023,17,105
09/07/2023,18,110
09/07/2023,19,107
09/07/2023,20,81
09/07/2023,21,60
09/07/2023,22,49
09/07/2023,23,37
09/07/2024,0,33
09/07/2024,1,16
09/07/2024,2,10
09/07/2024,3,6
09/07/2024,4,5
09/07/2024,5,9
09/07/2024,6,22
09/07/2024,7,71
09/07/2024,8,239
09/07/2024,9,239
09/07/2024,10,86
09/07/2024,11,74
09/07/2024,12,94
09/07/2024,13,90
09/07/2024,14,87
09/07/2024,15,59
09/07/2024,16,84
09/07/2024,17,148
09/07/2024,18,249
09/07/2024,19,244
09/07/2024,20,166
09/07/2024,21,76
09/07/2024,22,55
09/07/2024,23,134
09/08/2023,0,25
09/08/2023,1,14
09/08/2023,2,8
09/08/2023,3,5
09/08/2023,4,4
09/08/2023,5,7
09/08/2023,6,14
09/08/2023,7,41
09/08/2023,8,117
09/08/2023,9,120
09/08/2023,10,55
09/08/2023,11,52
09/08/2023,12,65
09/08/2023,13,61
09/08/2023,14,63
09/08/2023,15,65
09/08/2023,16,77
09/08/2023,17,118
09/08/2023,18,176
09/08/2023,19,136
09/08/2023,20,85
09/08/2023,21,59
09/08/2023,22,51
09/08/2023,23,45
09/08/2024,0,53
09/08/2024,1,28
09/08/2024,2,19
09/08/2024,3,11
09/08/2024,4,8
09/08/2024,5,11
09/08/2024,6,19
09/08/2024,7,37
09/08/2024,8,78
09/08/2024,9,85
09/08/2024,10,64
09/08/2024,11,72
09/08/2024,12,87
09/08/2024,13,91
09/08/2024,14,91
09/08/2024,15,95
09/08/2024,16,113
09/08/2024,17,130
09/08/2024,18,131
09/08/2024,19,107
09/08/2024,20,82
09/08/2024,21,81
09/08/2024,22,80
09/08/2024,23,72
09/09/2023,0,87
09/09/2023,1,61
09/09/2023,2,48
09/09/2023,3,24
09/09/2023,4,18
09/09/2023,5,15
09/09/2023,6,19
09/09/2023,7,24
09/09/2023,8,47
09/09/2023,9,74
09/09/2023,10,95
09/09/2023,11,105
09/09/2023,12,117
09/09/2023,13,109
09/09/2023,14,106
09/09/2023,15,119
09/09/2023,16,126
09/09/2023,17,133
09/09/2023,18,146
09/09/2023,19,151
09/09/2023,20,134
09/09/2023,21,95
09/09/2023,22,77
09/09/2023,23,81
09/09/2024,0,17
09/09/2024,1,11
09/09/2024,2,8
09/09/2024,3,5
09/09/2024,4,5
09/09/2024,5,9
09/09/2024,6,19
09/09/2024,7,72
09/09/2024,8,244
09/09/2024,9,199
09/09/2024,10,74
09/09/2024,11,63
09/09/2024,12,81
09/09/2024,13,86
09/09/2024,14,79
09/09/2024,15,81
09/09/2024,16,100
09/09/2024,17,165
09/09/2024,18,246
09/09/2024,19,203
09/09/2024,20,110
09/09/2024,21,65
09/09/2024,22,56
09/09/2024,23,40
09/10/2023,0,20
09/10/2023,1,11
09/10/2023,2,6
09/10/2023,3,4
09/10/2023,4,4
09/10/2023,5,9
09/10/2023,6,22
09/10/2023,7,98
09/10/2023,8,333
09/10/2023,9,277
09/10/2023,10,100
09/10/2023,11,86
09/10/2023,12,114
09/10/2023,13,116
09/10/2023,14,106
09/10/2023,15,107
09/10/2023,16,133
09/10/2023,17,225
09/10/2023,18,351
09/10/2023,19,308
09/10/2023,20,157
09/10/2023,21,90
09/10/2023,22,76
09/10/2023,23,55
09/10/2024,0,27
09/10/2024,1,14
09/10/2024,2,9
09/10/2024,3,5
09/10/2024,4,4
09/10/2024,5,7
09/10/2024,6,13
09/10/2024,7,54
09/10/2024,8,128
09/10/2024,9,103
09/10/2024,10,39
09/10/2024,11,32
09/10/2024,12,42
09/10/2024,13,41
09/10/2024,14,37
09/10/2024,15,33
09/10/2024,16,36
09/10/2024,17,59
09/10/2024,18,92
09/10/2024,19,75
09/10/2024,20,41
09/10/2024,21,24
09/10/2024,22,22
09/10/2024,23,20
09/11/2023,0,30
09/11/2023,1,15
09/11/2023,2,8
09/11/2023,3,4
09/11/2023,4,4
09/11/2023,5,8
09/11/2023,6,18
09/11/2023,7,85
09/11/2023,8,284
09/11/2023,9,250
09/11/2023,10,100
09/11/2023,11,79
09/11/2023,12,95
09/11/2023,13,95
09/11/2023,14,76
09/11/2023,15,73
09/11/2023,16,84
09/11/2023,17,164
09/11/2023,18,252
09/11/2023,19,228
09/11/2023,20,126
09/11/2023,21,75
09/11/2023,22,69
09/11/2023,23,61
09/11/2024,0,43
09/11/2024,1,30
09/11/2024,2,26
09/11/2024,3,15
09/11/2024,4,12
09/11/2024,5,11
09/11/2024,6,12
09/11/2024,7,17
09/11/2024,8,33
09/11/2024,9,54
09/11/2024,10,65
09/11/2024,11,76
09/11/2024,12,89
09/11/2024,13,88
09/11/2024,14,92
09/11/2024,15,102
09/11/2024,16,106
09/11/2024,17,104
09/11/2024,18,102
09/11/2024,19,99
09/11/2024,20,80
09/11/2024,21,56
09/11/2024,22,49
09/11/2024,23,47
09/12/2023,0,46
09/12/2023,1,30
09/12/2023,2,28
09/12/2023,3,15
09/12/2023,4,11
09/12/2023,5,9
09/12/2023,6,8
09/12/2023,7,10
09/12/2023,8,16
09/12/2023,9,22
09/12/2023,10,23
09/12/2023,11,27
09/12/2023,12,40
09/12/2023,13,48
09/12/2023,14,46
09/12/2023,15,50
09/12/2023,16,44
09/12/2023,17,59
09/12/2023,18,69
09/12/2023,19,77
09/12/2023,20,66
09/12/2023,21,42
09/12/2023,22,34
09/12/2023,23,37
09/12/2024,0,12
09/12/2024,1,8
09/12/2024,2,5
09/12/2024,3,3
09/12/2024,4,4
09/12/2024,5,7
09/12/2024,6,17
09/12/2024,7,59
09/12/2024,8,199
09/12/2024,9,189
09/12/2024,10,66
09/12/2024,11,54
09/12/2024,12,75
09/12/2024,13,75
09/12/2024,14,66
09/12/2024,15,65
09/12/2024,16,78
09/12/2024,17,112
09/12/2024,18,184
09/12/2024,19,167
09/12/2024,20,91
09/12/2024,21,54
09/12/2024,22,44
09/12/2024,23,33
10/01/2023,0,13
10/01/2023,1,6
10/01/2023,2,4
10/01/2023,3,3
10/01/2023,4,2
10/01/2023,5,6
10/01/2023,6,16
10/01/2023,7,69
10/01/2023,8,248
10/01/2023,9,222
10/01/2023,10,66
10/01/2023,11,48
10/01/2023,12,69
10/01/2023,13,70
10/01/2023,14,59
10/01/2023,15,57
10/01/2023,16,73
10/01/2023,17,125
10/01/2023,18,217
10/01/2023,19,208
10/01/2023,20,104
10/01/2023,21,56
10/01/2023,22,50
10/01/2023,23,41
10/01/2024,0,14
10/01/2024,1,7
10/01/2024,2,5
10/01/2024,3,3
10/01/2024,4,3
10/01/2024,5,5
10/01/2024,6,14
10/01/2024,7,49
10/01/2024,8,160
10/01/2024,9,161
10/01/2024,10,58
10/01/2024,11,49
10/01/2024,12,66
10/01/2024,13,66
10/01/2024,14,61
10/01/2024,15,56
10/01/2024,16,64
10/01/2024,17,98
10/01/2024,18,161
10/01/2024,19,147
10/01/2024,20,80
10/01/2024,21,47
10/01/2024,22,45
10/01/2024,23,33
10/02/2023,0,30
10/02/2023,1,15
10/02/2023,2,9
10/02/2023,3,5
10/02/2023,4,4
10/02/2023,5,7
10/02/2023,6,15
10/02/2023,7,59
10/02/2023,8,192
10/02/2023,9,169
10/02/2023,10,75
10/02/2023,11,67
10/02/2023,12,91
10/02/2023,13,85
10/02/2023,14,82
10/02/2023,15,79
10/02/2023,16,102
10/02/2023,17,145
10/02/2023,18,184
10/02/2023,19,161
10/02/2023,20,101
10/02/2023,21,58
10/02/2023,22,48
10/02/2023,23,44
10/02/2024,0,38
10/02/2024,1,28
10/02/2024,2,25
10/02/2024,3,16
10/02/2024,4,13
10/02/2024,5,10
10/02/2024,6,10
10/02/2024,7,13
10/02/2024,8,26
10/02/2024,9,42
10/02/2024,10,47
10/02/2024,11,57
10/02/2024,12,61
10/02/2024,13,50
10/02/2024,14,48
10/02/2024,15,45
10/02/2024,16,40
10/02/2024,17,46
10/02/2024,18,46
10/02/2024,19,52
10/02/2024,20,52
10/02/2024,21,34
10/02/2024,22,31
10/02/2024,23,32
10/03/2023,0,25
10/03/2023,1,12
10/03/2023,2,7
10/03/2023,3,5
10/03/2023,4,4
10/03/2023,5,7
10/03/2023,6,13
10/03/2023,7,52
10/03/2023,8,159
10/03/2023,9,143
10/03/2023,10,62
10/03/2023,11,55
10/03/2023,12,76
10/03/2023,13,71
10/03/2023,14,65
10/03/2023,15,62
10/03/2023,16,79
10/03/2023,17,112
10/03/2023,18,152
10/03/2023,19,140
10/03/2023,20,84
10/03/2023,21,48
10/03/2023,22,41
10/03/2023,23,38
10/03/2024,0,25
10/03/2024,1,21
10/03/2024,2,20
10/03/2024,3,12
10/03/2024,4,9
10/03/2024,5,7
10/03/2024,6,7
10/03/2024,7,9
10/03/2024,8,17
10/03/2024,9,27
10/03/2024,10,43
10/03/2024,11,53
10/03/2024,12,70
10/03/2024,13,62
10/03/2024,14,67
10/03/2024,15,83
10/03/2024,16,83
10/03/2024,17,84
10/03/2024,18,83
10/03/2024,19,74
10/03/2024,20,51
10/03/2024,21,37
10/03/2024,22,33
10/03/2024,23,22
10/04/2023,0,24
10/04/2023,1,14
10/04/2023,2,10
10/04/2023,3,7
10/04/2023,4,7
10/04/2023,5,6
10/04/2023,6,8
10/04/2023,7,10
10/04/2023,8,21
10/04/2023,9,34
10/04/2023,10,50
10/04/2023,11,59
10/04/2023,12,68
10/04/2023,13,59
10/04/2023,14,64
10/04/2023,15,72
10/04/2023,16,76
10/04/2023,17,61
10/04/2023,18,61
10/04/2023,19,47
10/04/2023,20,35
10/04/2023,21,25
10/04/2023,22,25
10/04/2023,23,19
10/04/2024,0,28
10/04/2024,1,13
10/04/2024,2,8
10/04/2024,3,5
10/04/2024,4,4
10/04/2024,5,8
10/04/2024,6,20
10/04/2024,7,58
10/04/2024,8,194
10/04/2024,9,196
10/04/2024,10,79
10/04/2024,11,67
10/04/2024,12,85
10/04/2024,13,83
10/04/2024,14,83
10/04/2024,15,79
10/04/2024,16,92
10/04/2024,17,143
10/04/2024,18,230
10/04/2024,19,222
10/04/2024,20,133
10/04/2024,21,66
10/04/2024,22,63
10/04/2024,23,82
10/05/2023,0,16
10/05/2023,1,8
10/05/2023,2,5
10/05/2023,3,3
10/05/2023,4,3
10/05/2023,5,6
10/05/2023,6,16
10/05/2023,7,57
10/05/2023,8,169
10/05/2023,9,151
10/05/2023,10,48
10/05/2023,11,45
10/05/2023,12,71
10/05/2023,13,77
10/05/2023,14,77
10/05/2023,15,64
10/05/2023,16,79
10/05/2023,17,130
10/05/2023,18,208
10/05/2023,19,202
10/05/2023,20,118
10/05/2023,21,70
10/05/2023,22,59
10/05/2023,23,54
10/05/2024,0,31
10/05/2024,1,21
10/05/2024,2,13
10/05/2024,3,8
10/05/2024,4,7
10/05/2024,5,9
10/05/2024,6,13
10/05/2024,7,30
10/05/2024,8,61
10/05/2024,9,77
10/05/2024,10,67
10/05/2024,11,73
10/05/2024,12,84
10/05/2024,13,82
10/05/2024,14,87
10/05/2024,15,98
10/05/2024,16,100
10/05/2024,17,118
10/05/2024,18,131
10/05/2024,19,122
10/05/2024,20,93
10/05/2024,21,69
10/05/2024,22,60
10/05/2024,23,54
10/06/2023,0,74
10/06/2023,1,49
10/06/2023,2,38
10/06/2023,3,20
10/06/2023,4,15
10/06/2023,5,13
10/06/2023,6,13
10/06/2023,7,22
10/06/2023,8,45
10/06/2023,9,94
10/06/2023,10,95
10/06/2023,11,106
10/06/2023,12,120
10/06/2023,13,114
10/06/2023,14,115
10/06/2023,15,128
10/06/2023,16,133
10/06/2023,17,139
10/06/2023,18,145
10/06/2023,19,146
10/06/2023,20,103
10/06/2023,21,67
10/06/2023,22,58
10/06/2023,23,68
10/06/2024,0,25
10/06/2024,1,15
10/06/2024,2,8
10/06/2024,3,6
10/06/2024,4,4
10/06/2024,5,10
10/06/2024,6,22
10/06/2024,7,78
10/06/2024,8,269
10/06/2024,9,235
10/06/2024,10,83
10/06/2024,11,69
10/06/2024,12,86
10/06/2024,13,86
10/06/2024,14,65
10/06/2024,15,61
10/06/2024,16,86
10/06/2024,17,159
10/06/2024,18,257
10/06/2024,19,222
10/06/2024,20,127
10/06/2024,21,78
10/06/2024,22,65
10/06/2024,23,44
10/07/2023,0,24
10/07/2023,1,13
10/07/2023,2,8
10/07/2023,3,5
10/07/2023,4,5
10/07/2023,5,11
10/07/2023,6,22
10/07/2023,7,72
10/07/2023,8,245
10/07/2023,9,227
10/07/2023,10,85
10/07/2023,11,73
10/07/2023,12,94
10/07/2023,13,92
10/07/2023,14,83
10/07/2023,15,81
10/07/2023,16,98
10/07/2023,17,159
10/07/2023,18,264
10/07/2023,19,246
10/07/2023,20,157
10/07/2023,21,85
10/07/2023,22,74
10/07/2023,23,65
10/07/2024,0,55
10/07/2024,1,29
10/07/2024,2,15
10/07/2024,3,7
10/07/2024,4,6
10/07/2024,5,10
10/07/2024,6,22
10/07/2024,7,69
10/07/2024,8,216
10/07/2024,9,223
10/07/2024,10,92
10/07/2024,11,75
10/07/2024,12,101
10/07/2024,13,96
10/07/2024,14,95
10/07/2024,15,87
10/07/2024,16,103
10/07/2024,17,159
10/07/2024,18,250
10/07/2024,19,232
10/07/2024,20,144
10/07/2024,21,86
10/07/2024,22,81
10/07/2024,23,80
10/08/2023,0,28
10/08/2023,1,14
10/08/2023,2,9
10/08/2023,3,5
10/08/2023,4,4
10/08/2023,5,8
10/08/2023,6,15
10/08/2023,7,41
10/08/2023,8,109
10/08/2023,9,116
10/08/2023,10,58
10/08/2023,11,53
10/08/2023,12,69
10/08/2023,13,64
10/08/2023,14,65
10/08/2023,15,65
10/08/2023,16,76
10/08/2023,17,118
10/08/2023,18,167
10/08/2023,19,138
10/08/2023,20,88
10/08/2023,21,65
10/08/2023,22,54
10/08/2023,23,47
10/08/2024,0,57
10/08/2024,1,33
10/08/2024,2,22
10/08/2024,3,13
10/08/2024,4,12
10/08/2024,5,12
10/08/2024,6,13
10/08/2024,7,22
10/08/2024,8,34
10/08/2024,9,50
10/08/2024,10,67
10/08/2024,11,81
10/08/2024,12,95
10/08/2024,13,93
10/08/2024,14,96
10/08/2024,15,109
10/08/2024,16,111
10/08/2024,17,111
10/08/2024,18,107
10/08/2024,19,105
10/08/2024,20,102
10/08/2024,21,75
10/08/2024,22,67
10/08/2024,23,76
10/09/2023,0,71
10/09/2023,1,56
10/09/2023,2,43
10/09/2023,3,25
10/09/2023,4,17
10/09/2023,5,12
10/09/2023,6,11
10/09/2023,7,18
10/09/2023,8,37
10/09/2023,9,59
10/09/2023,10,82
10/09/2023,11,100
10/09/2023,12,113
10/09/2023,13,102
10/09/2023,14,96
10/09/2023,15,110
10/09/2023,16,119
10/09/2023,17,127
10/09/2023,18,136
10/09/2023,19,124
10/09/2023,20,100
10/09/2023,21,73
10/09/2023,22,60
10/09/2023,23,47
10/09/2024,0,21
10/09/2024,1,12
10/09/2024,2,8
10/09/2024,3,4
10/09/2024,4,4
10/09/2024,5,9
10/09/2024,6,22
10/09/2024,7,89
10/09/2024,8,307
10/09/2024,9,261
10/09/2024,10,97
10/09/2024,11,86
10/09/2024,12,111
10/09/2024,13,107
10/09/2024,14,101
10/09/2024,15,97
10/09/2024,16,115
10/09/2024,17,197
10/09/2024,18,294
10/09/2024,19,255
10/09/2024,20,139
10/09/2024,21,84
10/09/2024,22,74
10/09/2024,23,58
10/10/2023,0,25
10/10/2023,1,11
10/10/2023,2,7
10/10/2023,3,4
10/10/2023,4,4
10/10/2023,5,8
10/10/2023,6,25
10/10/2023,7,111
10/10/2023,8,369
10/10/2023,9,309
10/10/2023,10,116
10/10/2023,11,95
10/10/2023,12,128
10/10/2023,13,129
10/10/2023,14,119
10/10/2023,15,115
10/10/2023,16,143
10/10/2023,17,234
10/10/2023,18,370
10/10/2023,19,340
10/10/2023,20,172
10/10/2023,21,101
10/10/2023,22,97
10/10/2023,23,73
10/10/2024,0,15
10/10/2024,1,10
10/10/2024,2,6
10/10/2024,3,4
10/10/2024,4,5
10/10/2024,5,9
10/10/2024,6,13
10/10/2024,7,50
10/10/2024,8,185
10/10/2024,9,182
10/10/2024,10,78
10/10/2024,11,68
10/10/2024,12,87
10/10/2024,13,83
10/10/2024,14,83
10/10/2024,15,75
10/10/2024,16,82
10/10/2024,17,127
10/10/2024,18,203
10/10/2024,19,194
10/10/2024,20,112
10/10/2024,21,70
10/10/2024,22,66
10/10/2024,23,59
10/11/2023,0,37
10/11/2023,1,21
10/11/2023,2,12
10/11/2023,3,7
10/11/2023,4,5
10/11/2023,5,9
10/11/2023,6,17
10/11/2023,7,69
10/11/2023,8,211
10/11/2023,9,184
10/11/2023,10,89
10/11/2023,11,81
10/11/2023,12,107
10/11/2023,13,102
10/11/2023,14,80
10/11/2023,15,78
10/11/2023,16,93
10/11/2023,17,124
10/11/2023,18,182
10/11/2023,19,165
10/11/2023,20,103
10/11/2023,21,64
10/11/2023,22,54
10/11/2023,23,51
10/11/2024,0,40
10/11/2024,1,32
10/11/2024,2,28
10/11/2024,3,16
10/11/2024,4,12
10/11/2024,5,10
10/11/2024,6,9
10/11/2024,7,10
10/11/2024,8,21
10/11/2024,9,36
10/11/2024,10,48
10/11/2024,11,58
10/11/2024,12,74
10/11/2024,13,69
10/11/2024,14,74
10/11/2024,15,86
10/11/2024,16,91
10/11/2024,17,93
10/11/2024,18,88
10/11/2024,19,80
10/11/2024,20,63
10/11/2024,21,47
10/11/2024,22,37
10/11/2024,23,33
10/12/2023,0,33
10/12/2023,1,28
10/12/2023,2,26
10/12/2023,3,14
10/12/2023,4,11
10/12/2023,5,8
10/12/2023,6,7
10/12/2023,7,11
10/12/2023,8,18
10/12/2023,9,35
10/12/2023,10,54
10/12/2023,11,67
10/12/2023,12,83
10/12/2023,13,75
10/12/2023,14,67
10/12/2023,15,71
10/12/2023,16,77
10/12/2023,17,64
10/12/2023,18,62
10/12/2023,19,56
10/12/2023,20,44
10/12/2023,21,33
10/12/2023,22,29
10/12/2023,23,22
10/12/2024,0,16
10/12/2024,1,9
10/12/2024,2,6
10/12/2024,3,3
10/12/2024,4,4
10/12/2024,5,7
10/12/2024,6,18
10/12/2024,7,67
10/12/2024,8,225
10/12/2024,9,208
10/12/2024,10,78
10/12/2024,11,62
10/12/2024,12,84
10/12/2024,13,84
10/12/2024,14,76
10/12/2024,15,73
10/12/2024,16,79
10/12/2024,17,124
10/12/2024,18,202
10/12/2024,19,190
10/12/2024,20,106
10/12/2024,21,59
10/12/2024,22,56
10/12/2024,23,47
11/01/2023,0,20
11/01/2023,1,10
11/01/2023,2,5
11/01/2023,3,3
11/01/2023,4,3
11/01/2023,5,5
11/01/2023,6,12
11/01/2023,7,58
11/01/2023,8,211
11/01/2023,9,213
11/01/2023,10,85
11/01/2023,11,69
11/01/2023,12,103
11/01/2023,13,98
11/01/2023,14,93
11/01/2023,15,81
11/01/2023,16,96
11/01/2023,17,141
11/01/2023,18,225
11/01/2023,19,217
11/01/2023,20,119
11/01/2023,21,65
11/01/2023,22,60
11/01/2023,23,57
11/01/2024,0,17
11/01/2024,1,9
11/01/2024,2,6
11/01/2024,3,4
11/01/2024,4,4
11/01/2024,5,6
11/01/2024,6,15
11/01/2024,7,52
11/01/2024,8,186
11/01/2024,9,169
11/01/2024,10,65
11/01/2024,11,53
11/01/2024,12,70
11/01/2024,13,69
11/01/2024,14,64
11/01/2024,15,62
11/01/2024,16,75
11/01/2024,17,112
11/01/2024,18,171
11/01/2024,19,157
11/01/2024,20,86
11/01/2024,21,52
11/01/2024,22,47
11/01/2024,23,38
11/02/2023,0,37
11/02/2023,1,26
11/02/2023,2,22
11/02/2023,3,12
11/02/2023,4,10
11/02/2023,5,9
11/02/2023,6,9
11/02/2023,7,15
11/02/2023,8,33
11/02/2023,9,55
11/02/2023,10,66
11/02/2023,11,78
11/02/2023,12,98
11/02/2023,13,99
11/02/2023,14,99
11/02/2023,15,104
11/02/2023,16,103
11/02/2023,17,114
11/02/2023,18,103
11/02/2023,19,99
11/02/2023,20,73
11/02/2023,21,48
11/02/2023,22,39
11/02/2023,23,40
11/02/2024,0,28
11/02/2024,1,22
11/02/2024,2,23
11/02/2024,3,15
11/02/2024,4,12
11/02/2024,5,8
11/02/2024,6,7
11/02/2024,7,9
11/02/2024,8,17
11/02/2024,9,29
11/02/2024,10,43
11/02/2024,11,55
11/02/2024,12,66
11/02/2024,13,55
11/02/2024,14,53
11/02/2024,15,63
11/02/2024,16,58
11/02/2024,17,59
11/02/2024,18,66
11/02/2024,19,59
11/02/2024,20,44
11/02/2024,21,34
11/02/2024,22,29
11/02/2024,23,23
11/03/2023,0,31
11/03/2023,1,21
11/03/2023,2,19
11/03/2023,3,11
11/03/2023,4,9
11/03/2023,5,8
11/03/2023,6,8
11/03/2023,7,15
11/03/2023,8,31
11/03/2023,9,51
11/03/2023,10,62
11/03/2023,11,70
11/03/2023,12,84
11/03/2023,13,90
11/03/2023,14,91
11/03/2023,15,97
11/03/2023,16,104
11/03/2023,17,110
11/03/2023,18,98
11/03/2023,19,97
11/03/2023,20,76
11/03/2023,21,48
11/03/2023,22,33
11/03/2023,23,34
11/03/2024,0,12
11/03/2024,1,7
11/03/2024,2,5
11/03/2024,3,4
11/03/2024,4,4
11/03/2024,5,8
11/03/2024,6,19
11/03/2024,7,69
11/03/2024,8,229
11/03/2024,9,190
11/03/2024,10,70
11/03/2024,11,58
11/03/2024,12,77
11/03/2024,13,74
11/03/2024,14,58
11/03/2024,15,59
11/03/2024,16,71
11/03/2024,17,113
11/03/2024,18,182
11/03/2024,19,167
11/03/2024,20,86
11/03/2024,21,51
11/03/2024,22,44
11/03/2024,23,30
11/04/2023,0,11
11/04/2023,1,6
11/04/2023,2,4
11/04/2023,3,3
11/04/2023,4,3
11/04/2023,5,6
11/04/2023,6,19
11/04/2023,7,76
11/04/2023,8,260
11/04/2023,9,220
11/04/2023,10,80
11/04/2023,11,68
11/04/2023,12,85
11/04/2023,13,86
11/04/2023,14,80
11/04/2023,15,76
11/04/2023,16,97
11/04/2023,17,157
11/04/2023,18,213
11/04/2023,19,180
11/04/2023,20,88
11/04/2023,21,44
11/04/2023,22,39
11/04/2023,23,30
11/04/2024,0,38
11/04/2024,1,18
11/04/2024,2,10
11/04/2024,3,6
11/04/2024,4,5
11/04/2024,5,9
11/04/2024,6,19
11/04/2024,7,57
11/04/2024,8,196
11/04/2024,9,204
11/04/2024,10,79
11/04/2024,11,65
11/04/2024,12,85
11/04/2024,13,84
11/04/2024,14,82
11/04/2024,15,73
11/04/2024,16,88
11/04/2024,17,135
11/04/2024,18,220
11/04/2024,19,211
11/04/2024,20,126
11/04/2024,21,76
11/04/2024,22,71
11/04/2024,23,66
11/05/2023,0,30
11/05/2023,1,13
11/05/2023,2,7
11/05/2023,3,5
11/05/2023,4,4
11/05/2023,5,7
11/05/2023,6,20
11/05/2023,7,80
11/05/2023,8,269
11/05/2023,9,229
11/05/2023,10,90
11/05/2023,11,74
11/05/2023,12,98
11/05/2023,13,93
11/05/2023,14,77
11/05/2023,15,77
11/05/2023,16,95
11/05/2023,17,160
11/05/2023,18,248
11/05/2023,19,241
11/05/2023,20,142
11/05/2023,21,82
11/05/2023,22,74
11/05/2023,23,70
11/05/2024,0,41
11/05/2024,1,27
11/05/2024,2,20
11/05/2024,3,12
11/05/2024,4,9
11/05/2024,5,9
11/05/2024,6,10
11/05/2024,7,16
11/05/2024,8,31
11/05/2024,9,50
11/05/2024,10,67
11/05/2024,11,77
11/05/2024,12,89
11/05/2024,13,90
11/05/2024,14,92
11/05/2024,15,110
11/05/2024,16,115
11/05/2024,17,116
11/05/2024,18,121
11/05/2024,19,115
11/05/2024,20,97
11/05/2024,21,72
11/05/2024,22,63
11/05/2024,23,57
11/06/2023,0,59
11/06/2023,1,43
11/06/2023,2,36
11/06/2023,3,21
11/06/2023,4,14
11/06/2023,5,11
11/06/2023,6,12
11/06/2023,7,21
11/06/2023,8,36
11/06/2023,9,55
11/06/2023,10,80
11/06/2023,11,100
11/06/2023,12,116
11/06/2023,13,102
11/06/2023,14,103
11/06/2023,15,108
11/06/2023,16,113
11/06/2023,17,107
11/06/2023,18,108
11/06/2023,19,111
11/06/2023,20,78
11/06/2023,21,31
11/06/2023,22,36
11/06/2023,23,30
11/06/2024,0,25
11/06/2024,1,13
11/06/2024,2,8
11/06/2024,3,5
11/06/2024,4,5
11/06/2024,5,9
11/06/2024,6,23
11/06/2024,7,84
11/06/2024,8,284
11/06/2024,9,248
11/06/2024,10,91
11/06/2024,11,80
11/06/2024,12,83
11/06/2024,13,93
11/06/2024,14,83
11/06/2024,15,80
11/06/2024,16,98
11/06/2024,17,164
11/06/2024,18,265
11/06/2024,19,234
11/06/2024,20,136
11/06/2024,21,86
11/06/2024,22,75
11/06/2024,23,63
11/07/2023,0,37
11/07/2023,1,17
11/07/2023,2,9
11/07/2023,3,6
11/07/2023,4,5
11/07/2023,5,9
11/07/2023,6,24
11/07/2023,7,82
11/07/2023,8,268
11/07/2023,9,256
11/07/2023,10,96
11/07/2023,11,81
11/07/2023,12,103
11/07/2023,13,96
11/07/2023,14,93
11/07/2023,15,85
11/07/2023,16,109
11/07/2023,17,167
11/07/2023,18,276
11/07/2023,19,261
11/07/2023,20,158
11/07/2023,21,111
11/07/2023,22,88
11/07/2023,23,81
11/07/2024,0,45
11/07/2024,1,24
11/07/2024,2,14
11/07/2024,3,8
11/07/2024,4,6
11/07/2024,5,11
11/07/2024,6,23
11/07/2024,7,70
11/07/2024,8,220
11/07/2024,9,235
11/07/2024,10,89
11/07/2024,11,81
11/07/2024,12,100
11/07/2024,13,96
11/07/2024,14,93
11/07/2024,15,90
11/07/2024,16,98
11/07/2024,17,159
11/07/2024,18,235
11/07/2024,19,210
11/07/2024,20,126
11/07/2024,21,84
11/07/2024,22,74
11/07/2024,23,66
11/08/2023,0,33
11/08/2023,1,18
11/08/2023,2,12
11/08/2023,3,6
11/08/2023,4,5
11/08/2023,5,8
11/08/2023,6,15
11/08/2023,7,34
11/08/2023,8,79
11/08/2023,9,83
11/08/2023,10,55
11/08/2023,11,56
11/08/2023,12,68
11/08/2023,13,65
11/08/2023,14,66
11/08/2023,15,69
11/08/2023,16,77
11/08/2023,17,103
11/08/2023,18,81
11/08/2023,19,57
11/08/2023,20,37
11/08/2023,21,29
11/08/2023,22,25
11/08/2023,23,26
11/08/2024,0,67
11/08/2024,1,50
11/08/2024,2,36
11/08/2024,3,24
11/08/2024,4,15
11/08/2024,5,13
11/08/2024,6,12
11/08/2024,7,16
11/08/2024,8,25
11/08/2024,9,39
11/08/2024,10,51
11/08/2024,11,66
11/08/2024,12,76
11/08/2024,13,75
11/08/2024,14,76
11/08/2024,15,86
11/08/2024,16,79
11/08/2024,17,84
11/08/2024,18,92
11/08/2024,19,88
11/08/2024,20,76
11/08/2024,21,56
11/08/2024,22,45
11/08/2024,23,39
11/09/2023,0,26
11/09/2023,1,14
11/09/2023,2,8
11/09/2023,3,5
11/09/2023,4,4
11/09/2023,5,9
11/09/2023,6,24
11/09/2023,7,100
11/09/2023,8,335
11/09/2023,9,264
11/09/2023,10,94
11/09/2023,11,81
11/09/2023,12,101
11/09/2023,13,105
11/09/2023,14,92
11/09/2023,15,92
11/09/2023,16,119
11/09/2023,17,211
11/09/2023,18,325
11/09/2023,19,284
11/09/2023,20,153
11/09/2023,21,85
11/09/2023,22,76
11/09/2023,23,61
11/09/2024,0,34
11/09/2024,1,16
11/09/2024,2,9
11/09/2024,3,5
11/09/2024,4,5
11/09/2024,5,7
11/09/2024,6,16
11/09/2024,7,74
11/09/2024,8,252
11/09/2024,9,235
11/09/2024,10,93
11/09/2024,11,81
11/09/2024,12,114
11/09/2024,13,106
11/09/2024,14,95
11/09/2024,15,93
11/09/2024,16,107
11/09/2024,17,169
11/09/2024,18,264
11/09/2024,19,239
11/09/2024,20,135
11/09/2024,21,80
11/09/2024,22,76
11/09/2024,23,65
11/10/2023,0,35
11/10/2023,1,16
11/10/2023,2,9
11/10/2023,3,5
11/10/2023,4,4
11/10/2023,5,9
11/10/2023,6,23
11/10/2023,7,102
11/10/2023,8,328
11/10/2023,9,282
11/10/2023,10,118
11/10/2023,11,105
11/10/2023,12,142
11/10/2023,13,136
11/10/2023,14,126
11/10/2023,15,119
11/10/2023,16,140
11/10/2023,17,220
11/10/2023,18,342
11/10/2023,19,312
11/10/2023,20,172
11/10/2023,21,99
11/10/2023,22,96
11/10/2023,23,82
11/10/2024,0,34
11/10/2024,1,22
11/10/2024,2,14
11/10/2024,3,8
11/10/2024,4,6
11/10/2024,5,9
11/10/2024,6,19
11/10/2024,7,62
11/10/2024,8,187
11/10/2024,9,175
11/10/2024,10,88
11/10/2024,11,82
11/10/2024,12,112
11/10/2024,13,111
11/10/2024,14,108
11/10/2024,15,107
11/10/2024,16,125
11/10/2024,17,172
11/10/2024,18,209
11/10/2024,19,183
11/10/2024,20,114
11/10/2024,21,73
11/10/2024,22,64
11/10/2024,23,60
11/11/2023,0,43
11/11/2023,1,32
11/11/2023,2,28
11/11/2023,3,17
11/11/2023,4,12
11/11/2023,5,10
11/11/2023,6,9
11/11/2023,7,12
11/11/2023,8,29
11/11/2023,9,44
11/11/2023,10,63
11/11/2023,11,74
11/11/2023,12,96
11/11/2023,13,95
11/11/2023,14,101
11/11/2023,15,111
11/11/2023,16,109
11/11/2023,17,108
11/11/2023,18,106
11/11/2023,19,104
11/11/2023,20,80
11/11/2023,21,53
11/11/2023,22,43
11/11/2023,23,44
11/11/2024,0,28
11/11/2024,1,18
11/11/2024,2,13
11/11/2024,3,9
11/11/2024,4,8
11/11/2024,5,8
11/11/2024,6,8
11/11/2024,7,12
11/11/2024,8,25
11/11/2024,9,42
11/11/2024,10,55
11/11/2024,11,57
11/11/2024,12,72
11/11/2024,13,74
11/11/2024,14,80
11/11/2024,15,91
11/11/2024,16,96
11/11/2024,17,97
11/11/2024,18,100
11/11/2024,19,84
11/11/2024,20,64
11/11/2024,21,46
11/11/2024,22,38
11/11/2024,23,27
11/12/2023,0,12
11/12/2023,1,7
11/12/2023,2,5
11/12/2023,3,3
11/12/2023,4,3
11/12/2023,5,6
11/12/2023,6,17
11/12/2023,7,72
11/12/2023,8,249
11/12/2023,9,224
11/12/2023,10,81
11/12/2023,11,67
11/12/2023,12,88
11/12/2023,13,92
11/12/2023,14,86
11/12/2023,15,82
11/12/2023,16,102
11/12/2023,17,164
11/12/2023,18,250
11/12/2023,19,224
11/12/2023,20,115
11/12/2023,21,66
11/12/2023,22,58
11/12/2023,23,40
11/12/2024,0,23
11/12/2024,1,11
11/12/2024,2,7
11/12/2024,3,5
11/12/2024,4,4
11/12/2024,5,7
11/12/2024,6,18
11/12/2024,7,58
11/12/2024,8,184
11/12/2024,9,181
11/12/2024,10,78
11/12/2024,11,66
11/12/2024,12,96
11/12/2024,13,89
11/12/2024,14,82
11/12/2024,15,72
11/12/2024,16,82
11/12/2024,17,122
11/12/2024,18,194
11/12/2024,19,182
11/12/2024,20,108
11/12/2024,21,63
11/12/2024,22,62
11/12/2024,23,51
12/01/2023,0,28
12/01/2023,1,12
12/01/2023,2,6
12/01/2023,3,4
12/01/2023,4,3
12/01/2023,5,6
12/01/2023,6,17
12/01/2023,7,68
12/01/2023,8,241
12/01/2023,9,223
12/01/2023,10,79
12/01/2023,11,63
12/01/2023,12,84
12/01/2023,13,81
12/01/2023,14,76
12/01/2023,15,72
12/01/2023,16,91
12/01/2023,17,146
12/01/2023,18,224
12/01/2023,19,212
12/01/2023,20,114
12/01/2023,21,67
12/01/2023,22,57
12/01/2023,23,52
12/01/2024,0,23
12/01/2024,1,13
12/01/2024,2,8
12/01/2024,3,5
12/01/2024,4,5
12/01/2024,5,6
12/01/2024,6,15
12/01/2024,7,47
12/01/2024,8,142
12/01/2024,9,131
12/01/2024,10,59
12/01/2024,11,54
12/01/2024,12,70
12/01/2024,13,67
12/01/2024,14,66
12/01/2024,15,63
12/01/2024,16,76
12/01/2024,17,112
12/01/2024,18,143
12/01/2024,19,126
12/01/2024,20,78
12/01/2024,21,44
12/01/2024,22,37
12/01/2024,23,34
12/02/2023,0,35
12/02/2023,1,26
12/02/2023,2,24
12/02/2023,3,13
12/02/2023,4,10
12/02/2023,5,8
12/02/2023,6,6
12/02/2023,7,9
12/02/2023,8,18
12/02/2023,9,35
12/02/2023,10,51
12/02/2023,11,66
12/02/2023,12,84
12/02/2023,13,72
12/02/2023,14,78
12/02/2023,15,84
12/02/2023,16,92
12/02/2023,17,97
12/02/2023,18,94
12/02/2023,19,73
12/02/2023,20,49
12/02/2023,21,37
12/02/2023,22,29
12/02/2023,23,19
12/02/2024,0,15
12/02/2024,1,8
12/02/2024,2,7
12/02/2024,3,4
12/02/2024,4,4
12/02/2024,5,8
12/02/2024,6,16
12/02/2024,7,52
12/02/2024,8,176
12/02/2024,9,170
12/02/2024,10,61
12/02/2024,11,52
12/02/2024,12,65
12/02/2024,13,69
12/02/2024,14,65
12/02/2024,15,60
12/02/2024,16,66
12/02/2024,17,111
12/02/2024,18,186
12/02/2024,19,171
12/02/2024,20,92
12/02/2024,21,54
12/02/2024,22,48
12/02/2024,23,33
12/03/2023,0,32
12/03/2023,1,23
12/03/2023,2,22
12/03/2023,3,14
12/03/2023,4,10
12/03/2023,5,7
12/03/2023,6,7
12/03/2023,7,10
12/03/2023,8,22
12/03/2023,9,38
12/03/2023,10,59
12/03/2023,11,74
12/03/2023,12,91
12/03/2023,13,81
12/03/2023,14,80
12/03/2023,15,96
12/03/2023,16,103
12/03/2023,17,101
12/03/2023,18,99
12/03/2023,19,80
12/03/2023,20,50
12/03/2023,21,30
12/03/2023,22,23
12/03/2023,23,17
12/03/2024,0,14
12/03/2024,1,7
12/03/2024,2,5
12/03/2024,3,3
12/03/2024,4,3
12/03/2024,5,7
12/03/2024,6,19
12/03/2024,7,68
12/03/2024,8,230
12/03/2024,9,198
12/03/2024,10,65
12/03/2024,11,44
12/03/2024,12,49
12/03/2024,13,46
12/03/2024,14,44
12/03/2024,15,41
12/03/2024,16,60
12/03/2024,17,123
12/03/2024,18,205
12/03/2024,19,183
12/03/2024,20,100
12/03/2024,21,57
12/03/2024,22,53
12/03/2024,23,40
12/04/2023,0,13
12/04/2023,1,6
12/04/2023,2,4
12/04/2023,3,3
12/04/2023,4,3
12/04/2023,5,5
12/04/2023,6,12
12/04/2023,7,51
12/04/2023,8,178
12/04/2023,9,159
12/04/2023,10,67
12/04/2023,11,60
12/04/2023,12,84
12/04/2023,13,89
12/04/2023,14,80
12/04/2023,15,69
12/04/2023,16,81
12/04/2023,17,127
12/04/2023,18,202
12/04/2023,19,159
12/04/2023,20,106
12/04/2023,21,58
12/04/2023,22,53
12/04/2023,23,47
12/04/2024,0,40
12/04/2024,1,24
12/04/2024,2,14
12/04/2024,3,7
12/04/2024,4,6
12/04/2024,5,11
12/04/2024,6,19
12/04/2024,7,49
12/04/2024,8,144
12/04/2024,9,158
12/04/2024,10,79
12/04/2024,11,72
12/04/2024,12,98
12/04/2024,13,94
12/04/2024,14,93
12/04/2024,15,95
12/04/2024,16,112
12/04/2024,17,161
12/04/2024,18,207
12/04/2024,19,182
12/04/2024,20,131
12/04/2024,21,85
12/04/2024,22,73
12/04/2024,23,71
12/05/2023,0,43
12/05/2023,1,23
12/05/2023,2,13
12/05/2023,3,6
12/05/2023,4,5
12/05/2023,5,8
12/05/2023,6,18
12/05/2023,7,67
12/05/2023,8,210
12/05/2023,9,185
12/05/2023,10,84
12/05/2023,11,54
12/05/2023,12,75
12/05/2023,13,76
12/05/2023,14,75
12/05/2023,15,80
12/05/2023,16,99
12/05/2023,17,142
12/05/2023,18,196
12/05/2023,19,176
12/05/2023,20,117
12/05/2023,21,71
12/05/2023,22,60
12/05/2023,23,54
12/05/2024,0,48
12/05/2024,1,36
12/05/2024,2,25
12/05/2024,3,14
12/05/2024,4,12
12/05/2024,5,9
12/05/2024,6,10
12/05/2024,7,12
12/05/2024,8,23
12/05/2024,9,40
12/05/2024,10,58
12/05/2024,11,73
12/05/2024,12,86
12/05/2024,13,80
12/05/2024,14,79
12/05/2024,15,89
12/05/2024,16,69
12/05/2024,17,58
12/05/2024,18,70
12/05/2024,19,76
12/05/2024,20,63
12/05/2024,21,48
12/05/2024,22,41
12/05/2024,23,31
12/06/2023,0,20
12/06/2023,1,10
12/06/2023,2,7
12/06/2023,3,4
12/06/2023,4,4
12/06/2023,5,8
12/06/2023,6,24
12/06/2023,7,83
12/06/2023,8,285
12/06/2023,9,239
12/06/2023,10,85
12/06/2023,11,74
12/06/2023,12,97
12/06/2023,13,96
12/06/2023,14,88
12/06/2023,15,85
12/06/2023,16,108
12/06/2023,17,181
12/06/2023,18,286
12/06/2023,19,267
12/06/2023,20,149
12/06/2023,21,88
12/06/2023,22,77
12/06/2023,23,61
12/06/2024,0,35
12/06/2024,1,18
12/06/2024,2,10
12/06/2024,3,5
12/06/2024,4,5
12/06/2024,5,10
12/06/2024,6,23
12/06/2024,7,77
12/06/2024,8,249
12/06/2024,9,236
12/06/2024,10,97
12/06/2024,11,83
12/06/2024,12,108
12/06/2024,13,108
12/06/2024,14,95
12/06/2024,15,86
12/06/2024,16,99
12/06/2024,17,157
12/06/2024,18,248
12/06/2024,19,235
12/06/2024,20,133
12/06/2024,21,82
12/06/2024,22,80
12/06/2024,23,71
12/07/2023,0,48
12/07/2023,1,24
12/07/2023,2,11
12/07/2023,3,5
12/07/2023,4,5
12/07/2023,5,9
12/07/2023,6,22
12/07/2023,7,73
12/07/2023,8,233
12/07/2023,9,230
12/07/2023,10,93
12/07/2023,11,81
12/07/2023,12,107
12/07/2023,13,100
12/07/2023,14,94
12/07/2023,15,90
12/07/2023,16,105
12/07/2023,17,164
12/07/2023,18,257
12/07/2023,19,248
12/07/2023,20,154
12/07/2023,21,93
12/07/2023,22,84
12/07/2023,23,80
12/07/2024,0,29
12/07/2024,1,14
12/07/2024,2,8
12/07/2024,3,7
12/07/2024,4,5
12/07/2024,5,9
12/07/2024,6,18
12/07/2024,7,38
12/07/2024,8,84
12/07/2024,9,106
12/07/2024,10,58
12/07/2024,11,57
12/07/2024,12,79
12/07/2024,13,76
12/07/2024,14,75
12/07/2024,15,76
12/07/2024,16,91
12/07/2024,17,124
12/07/2024,18,146
12/07/2024,19,143
12/07/2024,20,104
12/07/2024,21,66
12/07/2024,22,55
12/07/2024,23,50
12/08/2023,0,18
12/08/2023,1,12
12/08/2023,2,9
12/08/2023,3,4
12/08/2023,4,3
12/08/2023,5,5
12/08/2023,6,7
12/08/2023,7,11
12/08/2023,8,19
12/08/2023,9,26
12/08/2023,10,28
12/08/2023,11,40
12/08/2023,12,51
12/08/2023,13,56
12/08/2023,14,65
12/08/2023,15,73
12/08/2023,16,77
12/08/2023,17,81
12/08/2023,18,83
12/08/2023,19,81
12/08/2023,20,68
12/08/2023,21,46
12/08/2023,22,40
12/08/2023,23,40
12/08/2024,0,44
12/08/2024,1,26
12/08/2024,2,16
12/08/2024,3,8
12/08/2024,4,9
12/08/2024,5,10
12/08/2024,6,18
12/08/2024,7,37
12/08/2024,8,83
12/08/2024,9,82
12/08/2024,10,47
12/08/2024,11,49
12/08/2024,12,56
12/08/2024,13,53
12/08/2024,14,51
12/08/2024,15,54
12/08/2024,16,56
12/08/2024,17,83
12/08/2024,18,115
12/08/2024,19,95
12/08/2024,20,69
12/08/2024,21,54
12/08/2024,22,46
12/08/2024,23,35
12/09/2023,0,32
12/09/2023,1,15
12/09/2023,2,9
12/09/2023,3,4
12/09/2023,4,5
12/09/2023,5,8
12/09/2023,6,23
12/09/2023,7,101
12/09/2023,8,333
12/09/2023,9,273
12/09/2023,10,99
12/09/2023,11,72
12/09/2023,12,47
12/09/2023,13,42
12/09/2023,14,52
12/09/2023,15,70
12/09/2023,16,79
12/09/2023,17,150
12/09/2023,18,234
12/09/2023,19,242
12/09/2023,20,134
12/09/2023,21,72
12/09/2023,22,67
12/09/2023,23,58
12/09/2024,0,34
12/09/2024,1,18
12/09/2024,2,10
12/09/2024,3,6
12/09/2024,4,5
12/09/2024,5,10
12/09/2024,6,22
12/09/2024,7,76
12/09/2024,8,266
12/09/2024,9,235
12/09/2024,10,94
12/09/2024,11,86
12/09/2024,12,109
12/09/2024,13,96
12/09/2024,14,77
12/09/2024,15,91
12/09/2024,16,108
12/09/2024,17,173
12/09/2024,18,206
12/09/2024,19,211
12/09/2024,20,131
12/09/2024,21,79
12/09/2024,22,69
12/09/2024,23,60
12/10/2023,0,42
12/10/2023,1,20
12/10/2023,2,11
12/10/2023,3,6
12/10/2023,4,4
12/10/2023,5,10
12/10/2023,6,24
12/10/2023,7,102
12/10/2023,8,277
12/10/2023,9,177
12/10/2023,10,100
12/10/2023,11,81
12/10/2023,12,113
12/10/2023,13,116
12/10/2023,14,106
12/10/2023,15,106
12/10/2023,16,131
12/10/2023,17,204
12/10/2023,18,298
12/10/2023,19,273
12/10/2023,20,159
12/10/2023,21,98
12/10/2023,22,90
12/10/2023,23,81
12/10/2024,0,47
12/10/2024,1,34
12/10/2024,2,31
12/10/2024,3,18
12/10/2024,4,13
12/10/2024,5,11
12/10/2024,6,12
12/10/2024,7,17
12/10/2024,8,35
12/10/2024,9,53
12/10/2024,10,66
12/10/2024,11,80
12/10/2024,12,96
12/10/2024,13,63
12/10/2024,14,80
12/10/2024,15,93
12/10/2024,16,99
12/10/2024,17,106
12/10/2024,18,110
12/10/2024,19,93
12/10/2024,20,76
12/10/2024,21,56
12/10/2024,22,50
12/10/2024,23,48
12/11/2023,0,40
12/11/2023,1,33
12/11/2023,2,25
12/11/2023,3,11
12/11/2023,4,7
12/11/2023,5,6
12/11/2023,6,6
12/11/2023,7,7
12/11/2023,8,13
12/11/2023,9,23
12/11/2023,10,30
12/11/2023,11,42
12/11/2023,12,63
12/11/2023,13,52
12/11/2023,14,62
12/11/2023,15,83
12/11/2023,16,85
12/11/2023,17,82
12/11/2023,18,67
12/11/2023,19,56
12/11/2023,20,40
12/11/2023,21,30
12/11/2023,22,28
12/11/2023,23,20
12/11/2024,0,16
12/11/2024,1,9
12/11/2024,2,6
12/11/2024,3,4
12/11/2024,4,4
12/11/2024,5,8
12/11/2024,6,19
12/11/2024,7,73
12/11/2024,8,244
12/11/2024,9,205
12/11/2024,10,70
12/11/2024,11,61
12/11/2024,12,81
12/11/2024,13,86
12/11/2024,14,80
12/11/2024,15,77
12/11/2024,16,93
12/11/2024,17,151
12/11/2024,18,234
12/11/2024,19,201
12/11/2024,20,110
12/11/2024,21,66
12/11/2024,22,61
12/11/2024,23,46
12/12/2023,0,21
12/12/2023,1,9
12/12/2023,2,6
12/12/2023,3,3
12/12/2023,4,3
12/12/2023,5,6
12/12/2023,6,18
12/12/2023,7,77
12/12/2023,8,274
12/12/2023,9,251
12/12/2023,10,90
12/12/2023,11,73
12/12/2023,12,88
12/12/2023,13,74
12/12/2023,14,80
12/12/2023,15,78
12/12/2023,16,99
12/12/2023,17,160
12/12/2023,18,248
12/12/2023,19,227
12/12/2023,20,125
12/12/2023,21,71
12/12/2023,22,68
12/12/2023,23,57
12/12/2024,0,29
12/12/2024,1,17
12/12/2024,2,9
12/12/2024,3,5
12/12/2024,4,5
12/12/2024,5,7
12/12/2024,6,18
12/12/2024,7,62
12/12/2024,8,204
12/12/2024,9,196
12/12/2024,10,79
12/12/2024,11,68
12/12/2024,12,91
12/12/2024,13,90
12/12/2024,14,85
12/12/2024,15,74
12/12/2024,16,90
12/12/2024,17,135
12/12/2024,18,195
12/12/2024,19,183
12/12/2024,20,108
12/12/2024,21,68
12/12/2024,22,61
12/12/2024,23,54
13/01/2023,0,32
13/01/2023,1,13
13/01/2023,2,9
13/01/2023,3,5
13/01/2023,4,5
13/01/2023,5,7
13/01/2023,6,18
13/01/2023,7,59
13/01/2023,8,184
13/01/2023,9,178
13/01/2023,10,84
13/01/2023,11,76
13/01/2023,12,105
13/01/2023,13,93
13/01/2023,14,90
13/01/2023,15,89
13/01/2023,16,108
13/01/2023,17,147
13/01/2023,18,193
13/01/2023,19,170
13/01/2023,20,108
13/01/2023,21,60
13/01/2023,22,50
13/01/2023,23,47
13/01/2024,0,30
13/01/2024,1,21
13/01/2024,2,18
13/01/2024,3,11
13/01/2024,4,9
13/01/2024,5,8
13/01/2024,6,7
13/01/2024,7,13
13/01/2024,8,27
13/01/2024,9,39
13/01/2024,10,46
13/01/2024,11,55
13/01/2024,12,67
13/01/2024,13,67
13/01/2024,14,65
13/01/2024,15,69
13/01/2024,16,71
13/01/2024,17,69
13/01/2024,18,72
13/01/2024,19,68
13/01/2024,20,56
13/01/2024,21,35
13/01/2024,22,30
13/01/2024,23,29
13/02/2023,0,11
13/02/2023,1,6
13/02/2023,2,4
13/02/2023,3,3
13/02/2023,4,3
13/02/2023,5,6
13/02/2023,6,17
13/02/2023,7,68
13/02/2023,8,250
13/02/2023,9,213
13/02/2023,10,72
13/02/2023,11,61
13/02/2023,12,80
13/02/2023,13,86
13/02/2023,14,76
13/02/2023,15,76
13/02/2023,16,96
13/02/2023,17,152
13/02/2023,18,241
13/02/2023,19,220
13/02/2023,20,112
13/02/2023,21,60
13/02/2023,22,49
13/02/2023,23,33
13/02/2024,0,17
13/02/2024,1,8
13/02/2024,2,5
13/02/2024,3,4
13/02/2024,4,4
13/02/2024,5,8
13/02/2024,6,18
13/02/2024,7,57
13/02/2024,8,197
13/02/2024,9,199
13/02/2024,10,74
13/02/2024,11,56
13/02/2024,12,78
13/02/2024,13,77
13/02/2024,14,71
13/02/2024,15,68
13/02/2024,16,72
13/02/2024,17,116
13/02/2024,18,200
13/02/2024,19,179
13/02/2024,20,98
13/02/2024,21,59
13/02/2024,22,50
13/02/2024,23,45
13/03/2023,0,9
13/03/2023,1,6
13/03/2023,2,4
13/03/2023,3,2
13/03/2023,4,3
13/03/2023,5,7
13/03/2023,6,16
13/03/2023,7,70
13/03/2023,8,237
13/03/2023,9,197
13/03/2023,10,68
13/03/2023,11,56
13/03/2023,12,74
13/03/2023,13,77
13/03/2023,14,67
13/03/2023,15,67
13/03/2023,16,86
13/03/2023,17,142
13/03/2023,18,230
13/03/2023,19,211
13/03/2023,20,105
13/03/2023,21,55
13/03/2023,22,47
13/03/2023,23,31
13/03/2024,0,22
13/03/2024,1,10
13/03/2024,2,7
13/03/2024,3,4
13/03/2024,4,3
13/03/2024,5,8
13/03/2024,6,18
13/03/2024,7,68
13/03/2024,8,211
13/03/2024,9,190
13/03/2024,10,75
13/03/2024,11,66
13/03/2024,12,89
13/03/2024,13,92
13/03/2024,14,81
13/03/2024,15,74
13/03/2024,16,89
13/03/2024,17,138
13/03/2024,18,224
13/03/2024,19,205
13/03/2024,20,113
13/03/2024,21,69
13/03/2024,22,65
13/03/2024,23,56
13/04/2023,0,24
13/04/2023,1,11
13/04/2023,2,7
13/04/2023,3,4
13/04/2023,4,3
13/04/2023,5,7
13/04/2023,6,18
13/04/2023,7,73
13/04/2023,8,255
13/04/2023,9,224
13/04/2023,10,88
13/04/2023,11,76
13/04/2023,12,99
13/04/2023,13,92
13/04/2023,14,78
13/04/2023,15,77
13/04/2023,16,92
13/04/2023,17,147
13/04/2023,18,238
13/04/2023,19,226
13/04/2023,20,127
13/04/2023,21,70
13/04/2023,22,66
13/04/2023,23,60
13/04/2024,0,57
13/04/2024,1,40
13/04/2024,2,31
13/04/2024,3,19
13/04/2024,4,14
13/04/2024,5,11
13/04/2024,6,13
13/04/2024,7,18
13/04/2024,8,36
13/04/2024,9,59
13/04/2024,10,74
13/04/2024,11,93
13/04/2024,12,111
13/04/2024,13,112
13/04/2024,14,115
13/04/2024,15,138
13/04/2024,16,137
13/04/2024,17,141
13/04/2024,18,142
13/04/2024,19,140
13/04/2024,20,109
13/04/2024,21,76
13/04/2024,22,66
13/04/2024,23,64
13/05/2023,0,45
13/05/2023,1,32
13/05/2023,2,27
13/05/2023,3,16
13/05/2023,4,11
13/05/2023,5,10
13/05/2023,6,11
13/05/2023,7,19
13/05/2023,8,45
13/05/2023,9,66
13/05/2023,10,80
13/05/2023,11,90
13/05/2023,12,107
13/05/2023,13,108
13/05/2023,14,116
13/05/2023,15,136
13/05/2023,16,142
13/05/2023,17,146
13/05/2023,18,157
13/05/2023,19,131
13/05/2023,20,95
13/05/2023,21,64
13/05/2023,22,57
13/05/2023,23,59
13/05/2024,0,24
13/05/2024,1,12
13/05/2024,2,7
13/05/2024,3,5
13/05/2024,4,5
13/05/2024,5,10
13/05/2024,6,22
13/05/2024,7,79
13/05/2024,8,258
13/05/2024,9,217
13/05/2024,10,80
13/05/2024,11,70
13/05/2024,12,88
13/05/2024,13,93
13/05/2024,14,81
13/05/2024,15,79
13/05/2024,16,101
13/05/2024,17,167
13/05/2024,18,266
13/05/2024,19,229
13/05/2024,20,134
13/05/2024,21,82
13/05/2024,22,67
13/05/2024,23,49
13/06/2023,0,32
13/06/2023,1,14
13/06/2023,2,8
13/06/2023,3,5
13/06/2023,4,4
13/06/2023,5,8
13/06/2023,6,26
13/06/2023,7,100
13/06/2023,8,336
13/06/2023,9,286
13/06/2023,10,107
13/06/2023,11,90
13/06/2023,12,113
13/06/2023,13,110
13/06/2023,14,105
13/06/2023,15,100
13/06/2023,16,125
13/06/2023,17,205
13/06/2023,18,324
13/06/2023,19,303
13/06/2023,20,178
13/06/2023,21,106
13/06/2023,22,98
13/06/2023,23,82
13/06/2024,0,43
13/06/2024,1,19
13/06/2024,2,12
13/06/2024,3,6
13/06/2024,4,6
13/06/2024,5,9
13/06/2024,6,23
13/06/2024,7,80
13/06/2024,8,264
13/06/2024,9,236
13/06/2024,10,98
13/06/2024,11,81
13/06/2024,12,107
13/06/2024,13,105
13/06/2024,14,97
13/06/2024,15,93
13/06/2024,16,109
13/06/2024,17,174
13/06/2024,18,259
13/06/2024,19,237
13/06/2024,20,141
13/06/2024,21,87
13/06/2024,22,78
13/06/2024,23,72
13/07/2023,0,50
13/07/2023,1,25
13/07/2023,2,15
13/07/2023,3,7
13/07/2023,4,5
13/07/2023,5,9
13/07/2023,6,22
13/07/2023,7,62
13/07/2023,8,186
13/07/2023,9,190
13/07/2023,10,88
13/07/2023,11,73
13/07/2023,12,95
13/07/2023,13,91
13/07/2023,14,90
13/07/2023,15,89
13/07/2023,16,105
13/07/2023,17,157
13/07/2023,18,216
13/07/2023,19,186
13/07/2023,20,121
13/07/2023,21,80
13/07/2023,22,67
13/07/2023,23,61
13/07/2024,0,42
13/07/2024,1,30
13/07/2024,2,23
13/07/2024,3,14
13/07/2024,4,11
13/07/2024,5,10
13/07/2024,6,13
13/07/2024,7,18
13/07/2024,8,30
13/07/2024,9,46
13/07/2024,10,59
13/07/2024,11,71
13/07/2024,12,87
13/07/2024,13,83
13/07/2024,14,88
13/07/2024,15,102
13/07/2024,16,111
13/07/2024,17,110
13/07/2024,18,109
13/07/2024,19,85
13/07/2024,20,83
13/07/2024,21,59
13/07/2024,22,46
13/07/2024,23,44
13/08/2023,0,28
13/08/2023,1,18
13/08/2023,2,14
13/08/2023,3,8
13/08/2023,4,6
13/08/2023,5,6
13/08/2023,6,7
13/08/2023,7,11
13/08/2023,8,17
13/08/2023,9,27
13/08/2023,10,40
13/08/2023,11,51
13/08/2023,12,57
13/08/2023,13,57
13/08/2023,14,62
13/08/2023,15,71
13/08/2023,16,75
13/08/2023,17,76
13/08/2023,18,75
13/08/2023,19,70
13/08/2023,20,58
13/08/2023,21,47
13/08/2023,22,37
13/08/2023,23,29
13/08/2024,0,25
13/08/2024,1,16
13/08/2024,2,11
13/08/2024,3,6
13/08/2024,4,5
13/08/2024,5,9
13/08/2024,6,17
13/08/2024,7,37
13/08/2024,8,86
13/08/2024,9,89
13/08/2024,10,47
13/08/2024,11,50
13/08/2024,12,57
13/08/2024,13,57
13/08/2024,14,58
13/08/2024,15,62
13/08/2024,16,70
13/08/2024,17,96
13/08/2024,18,129
13/08/2024,19,105
13/08/2024,20,69
13/08/2024,21,53
13/08/2024,22,46
13/08/2024,23,40
13/09/2023,0,31
13/09/2023,1,15
13/09/2023,2,7
13/09/2023,3,5
13/09/2023,4,4
13/09/2023,5,8
13/09/2023,6,22
13/09/2023,7,97
13/09/2023,8,298
13/09/2023,9,260
13/09/2023,10,103
13/09/2023,11,89
13/09/2023,12,122
13/09/2023,13,119
13/09/2023,14,108
13/09/2023,15,106
13/09/2023,16,125
13/09/2023,17,196
13/09/2023,18,316
13/09/2023,19,291
13/09/2023,20,162
13/09/2023,21,95
13/09/2023,22,87
13/09/2023,23,75
13/09/2024,0,38
13/09/2024,1,22
13/09/2024,2,14
13/09/2024,3,8
13/09/2024,4,7
13/09/2024,5,10
13/09/2024,6,20
13/09/2024,7,64
13/09/2024,8,193
13/09/2024,9,174
13/09/2024,10,91
13/09/2024,11,85
13/09/2024,12,111
13/09/2024,13,104
13/09/2024,14,101
13/09/2024,15,102
13/09/2024,16,119
13/09/2024,17,169
13/09/2024,18,203
13/09/2024,19,177
13/09/2024,20,118
13/09/2024,21,73
13/09/2024,22,61
13/09/2024,23,57
13/10/2023,0,49
13/10/2023,1,28
13/10/2023,2,15
13/10/2023,3,8
13/10/2023,4,6
13/10/2023,5,10
13/10/2023,6,22
13/10/2023,7,87
13/10/2023,8,238
13/10/2023,9,214
13/10/2023,10,109
13/10/2023,11,98
13/10/2023,12,136
13/10/2023,13,133
13/10/2023,14,129
13/10/2023,15,129
13/10/2023,16,153
13/10/2023,17,208
13/10/2023,18,267
13/10/2023,19,231
13/10/2023,20,141
13/10/2023,21,86
13/10/2023,22,76
13/10/2023,23,74
13/10/2024,0,44
13/10/2024,1,36
13/10/2024,2,33
13/10/2024,3,19
13/10/2024,4,14
13/10/2024,5,10
13/10/2024,6,9
13/10/2024,7,14
13/10/2024,8,28
13/10/2024,9,43
13/10/2024,10,62
13/10/2024,11,83
13/10/2024,12,106
13/10/2024,13,100
13/10/2024,14,111
13/10/2024,15,123
13/10/2024,16,125
13/10/2024,17,123
13/10/2024,18,119
13/10/2024,19,100
13/10/2024,20,66
13/10/2024,21,52
13/10/2024,22,41
13/10/2024,23,29
13/11/2023,0,13
13/11/2023,1,7
13/11/2023,2,4
13/11/2023,3,3
13/11/2023,4,3
13/11/2023,5,6
13/11/2023,6,18
13/11/2023,7,75
13/11/2023,8,238
13/11/2023,9,197
13/11/2023,10,71
13/11/2023,11,56
13/11/2023,12,64
13/11/2023,13,70
13/11/2023,14,66
13/11/2023,15,61
13/11/2023,16,87
13/11/2023,17,146
13/11/2023,18,236
13/11/2023,19,209
13/11/2023,20,112
13/11/2023,21,66
13/11/2023,22,55
13/11/2023,23,37
13/11/2024,0,21
13/11/2024,1,12
13/11/2024,2,7
13/11/2024,3,4
13/11/2024,4,4
13/11/2024,5,9
13/11/2024,6,20
13/11/2024,7,73
13/11/2024,8,233
13/11/2024,9,210
13/11/2024,10,84
13/11/2024,11,72
13/11/2024,12,98
13/11/2024,13,101
13/11/2024,14,90
13/11/2024,15,82
13/11/2024,16,95
13/11/2024,17,149
13/11/2024,18,230
13/11/2024,19,212
13/11/2024,20,119
13/11/2024,21,72
13/11/2024,22,70
13/11/2024,23,55
13/12/2023,0,29
13/12/2023,1,15
13/12/2023,2,8
13/12/2023,3,4
13/12/2023,4,3
13/12/2023,5,6
13/12/2023,6,18
13/12/2023,7,71
13/12/2023,8,234
13/12/2023,9,225
13/12/2023,10,90
13/12/2023,11,77
13/12/2023,12,105
13/12/2023,13,95
13/12/2023,14,80
13/12/2023,15,75
13/12/2023,16,89
13/12/2023,17,146
13/12/2023,18,224
13/12/2023,19,207
13/12/2023,20,121
13/12/2023,21,67
13/12/2023,22,63
13/12/2023,23,66
13/12/2024,0,35
13/12/2024,1,24
13/12/2024,2,16
13/12/2024,3,8
13/12/2024,4,7
13/12/2024,5,8
13/12/2024,6,15
13/12/2024,7,54
13/12/2024,8,153
13/12/2024,9,151
13/12/2024,10,76
13/12/2024,11,66
13/12/2024,12,97
13/12/2024,13,88
13/12/2024,14,85
13/12/2024,15,83
13/12/2024,16,94
13/12/2024,17,133
13/12/2024,18,168
13/12/2024,19,140
13/12/2024,20,93
13/12/2024,21,58
13/12/2024,22,50
13/12/2024,23,44
14/01/2023,0,43
14/01/2023,1,31
14/01/2023,2,26
14/01/2023,3,14
14/01/2023,4,11
14/01/2023,5,9
14/01/2023,6,8
14/01/2023,7,15
14/01/2023,8,28
14/01/2023,9,45
14/01/2023,10,55
14/01/2023,11,65
14/01/2023,12,79
14/01/2023,13,72
14/01/2023,14,67
14/01/2023,15,59
14/01/2023,16,64
14/01/2023,17,64
14/01/2023,18,68
14/01/2023,19,65
14/01/2023,20,37
14/01/2023,21,24
14/01/2023,22,20
14/01/2023,23,17
14/01/2024,0,27
14/01/2024,1,22
14/01/2024,2,20
14/01/2024,3,11
14/01/2024,4,8
14/01/2024,5,7
14/01/2024,6,6
14/01/2024,7,8
14/01/2024,8,13
14/01/2024,9,24
14/01/2024,10,33
14/01/2024,11,43
14/01/2024,12,56
14/01/2024,13,50
14/01/2024,14,50
14/01/2024,15,58
14/01/2024,16,59
14/01/2024,17,56
14/01/2024,18,57
14/01/2024,19,50
14/01/2024,20,36
14/01/2024,21,27
14/01/2024,22,23
14/01/2024,23,15
14/02/2023,0,15
14/02/2023,1,7
14/02/2023,2,4
14/02/2023,3,3
14/02/2023,4,3
14/02/2023,5,6
14/02/2023,6,18
14/02/2023,7,78
14/02/2023,8,286
14/02/2023,9,243
14/02/2023,10,87
14/02/2023,11,71
14/02/2023,12,96
14/02/2023,13,92
14/02/2023,14,88
14/02/2023,15,84
14/02/2023,16,106
14/02/2023,17,174
14/02/2023,18,263
14/02/2023,19,244
14/02/2023,20,123
14/02/2023,21,60
14/02/2023,22,54
14/02/2023,23,65
14/02/2024,0,24
14/02/2024,1,12
14/02/2024,2,7
14/02/2024,3,5
14/02/2024,4,4
14/02/2024,5,7
14/02/2024,6,17
14/02/2024,7,52
14/02/2024,8,173
14/02/2024,9,181
14/02/2024,10,68
14/02/2024,11,56
14/02/2024,12,71
14/02/2024,13,69
14/02/2024,14,68
14/02/2024,15,63
14/02/2024,16,78
14/02/2024,17,118
14/02/2024,18,197
14/02/2024,19,185
14/02/2024,20,104
14/02/2024,21,57
14/02/2024,22,52
14/02/2024,23,62
14/03/2023,0,14
14/03/2023,1,7
14/03/2023,2,4
14/03/2023,3,3
14/03/2023,4,3
14/03/2023,5,6
14/03/2023,6,16
14/03/2023,7,77
14/03/2023,8,273
14/03/2023,9,229
14/03/2023,10,73
14/03/2023,11,55
14/03/2023,12,79
14/03/2023,13,80
14/03/2023,14,67
14/03/2023,15,62
14/03/2023,16,81
14/03/2023,17,142
14/03/2023,18,234
14/03/2023,19,220
14/03/2023,20,116
14/03/2023,21,60
14/03/2023,22,57
14/03/2023,23,43
14/03/2024,0,29
14/03/2024,1,13
14/03/2024,2,8
14/03/2024,3,5
14/03/2024,4,5
14/03/2024,5,8
14/03/2024,6,19
14/03/2024,7,74
14/03/2024,8,239
14/03/2024,9,211
14/03/2024,10,85
14/03/2024,11,73
14/03/2024,12,105
14/03/2024,13,102
14/03/2024,14,99
14/03/2024,15,90
14/03/2024,16,109
14/03/2024,17,168
14/03/2024,18,248
14/03/2024,19,216
14/03/2024,20,120
14/03/2024,21,72
14/03/2024,22,67
14/03/2024,23,60
14/04/2023,0,36
14/04/2023,1,18
14/04/2023,2,10
14/04/2023,3,6
14/04/2023,4,5
14/04/2023,5,8
14/04/2023,6,16
14/04/2023,7,62
14/04/2023,8,194
14/04/2023,9,173
14/04/2023,10,80
14/04/2023,11,70
14/04/2023,12,90
14/04/2023,13,74
14/04/2023,14,59
14/04/2023,15,52
14/04/2023,16,74
14/04/2023,17,111
14/04/2023,18,154
14/04/2023,19,138
14/04/2023,20,91
14/04/2023,21,51
14/04/2023,22,46
14/04/2023,23,44
14/04/2024,0,57
14/04/2024,1,40
14/04/2024,2,30
14/04/2024,3,18
14/04/2024,4,13
14/04/2024,5,11
14/04/2024,6,10
14/04/2024,7,12
14/04/2024,8,22
14/04/2024,9,35
14/04/2024,10,54
14/04/2024,11,69
14/04/2024,12,85
14/04/2024,13,84
14/04/2024,14,89
14/04/2024,15,106
14/04/2024,16,112
14/04/2024,17,116
14/04/2024,18,119
14/04/2024,19,101
14/04/2024,20,73
14/04/2024,21,54
14/04/2024,22,41
14/04/2024,23,30
14/05/2023,0,49
14/05/2023,1,37
14/05/2023,2,30
14/05/2023,3,17
14/05/2023,4,11
14/05/2023,5,9
14/05/2023,6,8
14/05/2023,7,12
14/05/2023,8,24
14/05/2023,9,42
14/05/2023,10,59
14/05/2023,11,74
14/05/2023,12,91
14/05/2023,13,86
14/05/2023,14,89
14/05/2023,15,118
14/05/2023,16,132
14/05/2023,17,137
14/05/2023,18,139
14/05/2023,19,118
14/05/2023,20,86
14/05/2023,21,60
14/05/2023,22,46
14/05/2023,23,33
14/05/2024,0,27
14/05/2024,1,14
14/05/2024,2,8
14/05/2024,3,5
14/05/2024,4,4
14/05/2024,5,8
14/05/2024,6,19
14/05/2024,7,64
14/05/2024,8,177
14/05/2024,9,129
14/05/2024,10,39
14/05/2024,11,35
14/05/2024,12,44
14/05/2024,13,55
14/05/2024,14,56
14/05/2024,15,58
14/05/2024,16,68
14/05/2024,17,115
14/05/2024,18,195
14/05/2024,19,176
14/05/2024,20,106
14/05/2024,21,65
14/05/2024,22,59
14/05/2024,23,49
14/06/2023,0,48
14/06/2023,1,22
14/06/2023,2,11
14/06/2023,3,6
14/06/2023,4,5
14/06/2023,5,9
14/06/2023,6,27
14/06/2023,7,99
14/06/2023,8,296
14/06/2023,9,268
14/06/2023,10,108
14/06/2023,11,93
14/06/2023,12,123
14/06/2023,13,121
14/06/2023,14,137
14/06/2023,15,99
14/06/2023,16,142
14/06/2023,17,193
14/06/2023,18,312
14/06/2023,19,297
14/06/2023,20,191
14/06/2023,21,108
14/06/2023,22,102
14/06/2023,23,94
14/06/2024,0,48
14/06/2024,1,25
14/06/2024,2,13
14/06/2024,3,7
14/06/2024,4,6
14/06/2024,5,10
14/06/2024,6,21
14/06/2024,7,62
14/06/2024,8,184
14/06/2024,9,157
14/06/2024,10,79
14/06/2024,11,78
14/06/2024,12,101
14/06/2024,13,96
14/06/2024,14,94
14/06/2024,15,96
14/06/2024,16,113
14/06/2024,17,155
14/06/2024,18,191
14/06/2024,19,149
14/06/2024,20,91
14/06/2024,21,53
14/06/2024,22,56
14/06/2024,23,55
14/07/2023,0,51
14/07/2023,1,42
14/07/2023,2,30
14/07/2023,3,16
14/07/2023,4,14
14/07/2023,5,12
14/07/2023,6,14
14/07/2023,7,18
14/07/2023,8,32
14/07/2023,9,46
14/07/2023,10,55
14/07/2023,11,64
14/07/2023,12,75
14/07/2023,13,76
14/07/2023,14,80
14/07/2023,15,85
14/07/2023,16,89
14/07/2023,17,91
14/07/2023,18,100
14/07/2023,19,102
14/07/2023,20,88
14/07/2023,21,75
14/07/2023,22,72
14/07/2023,23,68
14/07/2024,0,39
14/07/2024,1,29
14/07/2024,2,28
14/07/2024,3,18
14/07/2024,4,14
14/07/2024,5,11
14/07/2024,6,11
14/07/2024,7,14
14/07/2024,8,23
14/07/2024,9,37
14/07/2024,10,58
14/07/2024,11,68
14/07/2024,12,82
14/07/2024,13,74
14/07/2024,14,81
14/07/2024,15,90
14/07/2024,16,94
14/07/2024,17,94
14/07/2024,18,100
14/07/2024,19,94
14/07/2024,20,92
14/07/2024,21,68
14/07/2024,22,62
14/07/2024,23,49
14/08/2023,0,19
14/08/2023,1,12
14/08/2023,2,7
14/08/2023,3,5
14/08/2023,4,4
14/08/2023,5,6
14/08/2023,6,11
14/08/2023,7,24
14/08/2023,8,50
14/08/2023,9,54
14/08/2023,10,44
14/08/2023,11,50
14/08/2023,12,57
14/08/2023,13,56
14/08/2023,14,63
14/08/2023,15,65
14/08/2023,16,75
14/08/2023,17,81
14/08/2023,18,93
14/08/2023,19,66
14/08/2023,20,53
14/08/2023,21,40
14/08/2023,22,28
14/08/2023,23,24
14/08/2024,0,29
14/08/2024,1,17
14/08/2024,2,12
14/08/2024,3,6
14/08/2024,4,6
14/08/2024,5,8
14/08/2024,6,14
14/08/2024,7,33
14/08/2024,8,70
14/08/2024,9,79
14/08/2024,10,47
14/08/2024,11,50
14/08/2024,12,61
14/08/2024,13,59
14/08/2024,14,59
14/08/2024,15,61
14/08/2024,16,68
14/08/2024,17,93
14/08/2024,18,112
14/08/2024,19,98
14/08/2024,20,71
14/08/2024,21,53
14/08/2024,22,44
14/08/2024,23,38
14/09/2023,0,44
14/09/2023,1,22
14/09/2023,2,11
14/09/2023,3,7
14/09/2023,4,5
14/09/2023,5,9
14/09/2023,6,24
14/09/2023,7,101
14/09/2023,8,328
14/09/2023,9,269
14/09/2023,10,111
14/09/2023,11,93
14/09/2023,12,119
14/09/2023,13,112
14/09/2023,14,106
14/09/2023,15,107
14/09/2023,16,133
14/09/2023,17,218
14/09/2023,18,309
14/09/2023,19,283
14/09/2023,20,179
14/09/2023,21,99
14/09/2023,22,85
14/09/2023,23,107
14/09/2024,0,47
14/09/2024,1,32
14/09/2024,2,29
14/09/2024,3,19
14/09/2024,4,12
14/09/2024,5,11
14/09/2024,6,12
14/09/2024,7,19
14/09/2024,8,36
14/09/2024,9,63
14/09/2024,10,81
14/09/2024,11,93
14/09/2024,12,110
14/09/2024,13,111
14/09/2024,14,116
14/09/2024,15,126
14/09/2024,16,138
14/09/2024,17,137
14/09/2024,18,138
14/09/2024,19,132
14/09/2024,20,101
14/09/2024,21,68
14/09/2024,22,57
14/09/2024,23,62
14/10/2023,0,56
14/10/2023,1,41
14/10/2023,2,34
14/10/2023,3,17
14/10/2023,4,14
14/10/2023,5,12
14/10/2023,6,12
14/10/2023,7,21
14/10/2023,8,47
14/10/2023,9,77
14/10/2023,10,96
14/10/2023,11,112
14/10/2023,12,133
14/10/2023,13,118
14/10/2023,14,111
14/10/2023,15,135
14/10/2023,16,140
14/10/2023,17,138
14/10/2023,18,147
14/10/2023,19,128
14/10/2023,20,99
14/10/2023,21,63
14/10/2023,22,51
14/10/2023,23,62
14/10/2024,0,17
14/10/2024,1,10
14/10/2024,2,7
14/10/2024,3,4
14/10/2024,4,4
14/10/2024,5,8
14/10/2024,6,21
14/10/2024,7,72
14/10/2024,8,254
14/10/2024,9,225
14/10/2024,10,81
14/10/2024,11,71
14/10/2024,12,96
14/10/2024,13,99
14/10/2024,14,92
14/10/2024,15,84
14/10/2024,16,100
14/10/2024,17,169
14/10/2024,18,261
14/10/2024,19,214
14/10/2024,20,121
14/10/2024,21,69
14/10/2024,22,58
14/10/2024,23,43
14/11/2023,0,20
14/11/2023,1,9
14/11/2023,2,6
14/11/2023,3,3
14/11/2023,4,3
14/11/2023,5,7
14/11/2023,6,20
14/11/2023,7,87
14/11/2023,8,297
14/11/2023,9,244
14/11/2023,10,79
14/11/2023,11,58
14/11/2023,12,73
14/11/2023,13,79
14/11/2023,14,71
14/11/2023,15,70
14/11/2023,16,94
14/11/2023,17,168
14/11/2023,18,264
14/11/2023,19,235
14/11/2023,20,128
14/11/2023,21,72
14/11/2023,22,66
14/11/2023,23,55
14/11/2024,0,28
14/11/2024,1,15
14/11/2024,2,9
14/11/2024,3,5
14/11/2024,4,4
14/11/2024,5,9
14/11/2024,6,19
14/11/2024,7,74
14/11/2024,8,255
14/11/2024,9,222
14/11/2024,10,90
14/11/2024,11,76
14/11/2024,12,102
14/11/2024,13,105
14/11/2024,14,94
14/11/2024,15,86
14/11/2024,16,106
14/11/2024,17,167
14/11/2024,18,242
14/11/2024,19,217
14/11/2024,20,128
14/11/2024,21,76
14/11/2024,22,70
14/11/2024,23,62
14/12/2023,0,33
14/12/2023,1,17
14/12/2023,2,9
14/12/2023,3,5
14/12/2023,4,4
14/12/2023,5,7
14/12/2023,6,19
14/12/2023,7,72
14/12/2023,8,246
14/12/2023,9,225
14/12/2023,10,86
14/12/2023,11,74
14/12/2023,12,99
14/12/2023,13,96
14/12/2023,14,91
14/12/2023,15,85
14/12/2023,16,106
14/12/2023,17,163
14/12/2023,18,235
14/12/2023,19,218
14/12/2023,20,126
14/12/2023,21,76
14/12/2023,22,73
14/12/2023,23,63
14/12/2024,0,37
14/12/2024,1,27
14/12/2024,2,25
14/12/2024,3,14
14/12/2024,4,11
14/12/2024,5,9
14/12/2024,6,9
14/12/2024,7,14
14/12/2024,8,29
14/12/2024,9,48
14/12/2024,10,63
14/12/2024,11,74
14/12/2024,12,87
14/12/2024,13,84
14/12/2024,14,83
14/12/2024,15,90
14/12/2024,16,90
14/12/2024,17,84
14/12/2024,18,80
14/12/2024,19,84
14/12/2024,20,68
14/12/2024,21,46
14/12/2024,22,40
14/12/2024,23,35
15/01/2023,0,18
15/01/2023,1,16
15/01/2023,2,19
15/01/2023,3,11
15/01/2023,4,8
15/01/2023,5,6
15/01/2023,6,6
15/01/2023,7,7
15/01/2023,8,17
15/01/2023,9,37
15/01/2023,10,59
15/01/2023,11,75
15/01/2023,12,94
15/01/2023,13,88
15/01/2023,14,91
15/01/2023,15,104
15/01/2023,16,108
15/01/2023,17,96
15/01/2023,18,85
15/01/2023,19,72
15/01/2023,20,48
15/01/2023,21,34
15/01/2023,22,27
15/01/2023,23,18
15/01/2024,0,9
15/01/2024,1,6
15/01/2024,2,4
15/01/2024,3,3
15/01/2024,4,3
15/01/2024,5,6
15/01/2024,6,15
15/01/2024,7,53
15/01/2024,8,190
15/01/2024,9,169
15/01/2024,10,58
15/01/2024,11,46
15/01/2024,12,63
15/01/2024,13,68
15/01/2024,14,61
15/01/2024,15,57
15/01/2024,16,71
15/01/2024,17,118
15/01/2024,18,185
15/01/2024,19,159
15/01/2024,20,83
15/01/2024,21,46
15/01/2024,22,41
15/01/2024,23,26
15/02/2023,0,26
15/02/2023,1,10
15/02/2023,2,5
15/02/2023,3,3
15/02/2023,4,3
15/02/2023,5,5
15/02/2023,6,16
15/02/2023,7,68
15/02/2023,8,243
15/02/2023,9,220
15/02/2023,10,84
15/02/2023,11,70
15/02/2023,12,97
15/02/2023,13,95
15/02/2023,14,89
15/02/2023,15,79
15/02/2023,16,92
15/02/2023,17,147
15/02/2023,18,234
15/02/2023,19,223
15/02/2023,20,123
15/02/2023,21,67
15/02/2023,22,66
15/02/2023,23,55
15/02/2024,0,31
15/02/2024,1,15
15/02/2024,2,9
15/02/2024,3,5
15/02/2024,4,5
15/02/2024,5,9
15/02/2024,6,18
15/02/2024,7,52
15/02/2024,8,176
15/02/2024,9,185
15/02/2024,10,78
15/02/2024,11,63
15/02/2024,12,83
15/02/2024,13,83
15/02/2024,14,82
15/02/2024,15,76
15/02/2024,16,90
15/02/2024,17,136
15/02/2024,18,201
15/02/2024,19,191
15/02/2024,20,107
15/02/2024,21,69
15/02/2024,22,62
15/02/2024,23,59
15/03/2023,0,21
15/03/2023,1,9
15/03/2023,2,5
15/03/2023,3,4
15/03/2023,4,3
15/03/2023,5,7
15/03/2023,6,18
15/03/2023,7,80
15/03/2023,8,256
15/03/2023,9,217
15/03/2023,10,84
15/03/2023,11,74
15/03/2023,12,104
15/03/2023,13,104
15/03/2023,14,97
15/03/2023,15,86
15/03/2023,16,97
15/03/2023,17,149
15/03/2023,18,243
15/03/2023,19,233
15/03/2023,20,125
15/03/2023,21,68
15/03/2023,22,65
15/03/2023,23,56
15/03/2024,0,34
15/03/2024,1,19
15/03/2024,2,11
15/03/2024,3,5
15/03/2024,4,6
15/03/2024,5,9
15/03/2024,6,18
15/03/2024,7,58
15/03/2024,8,166
15/03/2024,9,145
15/03/2024,10,68
15/03/2024,11,65
15/03/2024,12,88
15/03/2024,13,75
15/03/2024,14,72
15/03/2024,15,73
15/03/2024,16,93
15/03/2024,17,134
15/03/2024,18,173
15/03/2024,19,137
15/03/2024,20,85
15/03/2024,21,40
15/03/2024,22,43
15/03/2024,23,42
15/04/2023,0,36
15/04/2023,1,25
15/04/2023,2,22
15/04/2023,3,10
15/04/2023,4,7
15/04/2023,5,6
15/04/2023,6,8
15/04/2023,7,12
15/04/2023,8,26
15/04/2023,9,39
15/04/2023,10,46
15/04/2023,11,57
15/04/2023,12,73
15/04/2023,13,78
15/04/2023,14,78
15/04/2023,15,90
15/04/2023,16,99
15/04/2023,17,105
15/04/2023,18,117
15/04/2023,19,122
15/04/2023,20,92
15/04/2023,21,55
15/04/2023,22,47
15/04/2023,23,49
15/04/2024,0,18
15/04/2024,1,10
15/04/2024,2,6
15/04/2024,3,4
15/04/2024,4,3
15/04/2024,5,8
15/04/2024,6,17
15/04/2024,7,52
15/04/2024,8,179
15/04/2024,9,181
15/04/2024,10,67
15/04/2024,11,53
15/04/2024,12,70
15/04/2024,13,68
15/04/2024,14,55
15/04/2024,15,51
15/04/2024,16,48
15/04/2024,17,92
15/04/2024,18,182
15/04/2024,19,166
15/04/2024,20,93
15/04/2024,21,54
15/04/2024,22,42
15/04/2024,23,31
15/05/2023,0,18
15/05/2023,1,9
15/05/2023,2,6
15/05/2023,3,4
15/05/2023,4,3
15/05/2023,5,7
15/05/2023,6,20
15/05/2023,7,76
15/05/2023,8,263
15/05/2023,9,219
15/05/2023,10,76
15/05/2023,11,63
15/05/2023,12,87
15/05/2023,13,84
15/05/2023,14,58
15/05/2023,15,63
15/05/2023,16,76
15/05/2023,17,130
15/05/2023,18,183
15/05/2023,19,204
15/05/2023,20,111
15/05/2023,21,59
15/05/2023,22,50
15/05/2023,23,35
15/05/2024,0,26
15/05/2024,1,14
15/05/2024,2,9
15/05/2024,3,5
15/05/2024,4,5
15/05/2024,5,9
15/05/2024,6,22
15/05/2024,7,79
15/05/2024,8,257
15/05/2024,9,234
15/05/2024,10,93
15/05/2024,11,86
15/05/2024,12,117
15/05/2024,13,112
15/05/2024,14,100
15/05/2024,15,96
15/05/2024,16,111
15/05/2024,17,174
15/05/2024,18,250
15/05/2024,19,238
15/05/2024,20,147
15/05/2024,21,81
15/05/2024,22,76
15/05/2024,23,68
15/06/2023,0,58
15/06/2023,1,26
15/06/2023,2,14
15/06/2023,3,9
15/06/2023,4,5
15/06/2023,5,11
15/06/2023,6,27
15/06/2023,7,98
15/06/2023,8,306
15/06/2023,9,269
15/06/2023,10,108
15/06/2023,11,93
15/06/2023,12,120
15/06/2023,13,117
15/06/2023,14,108
15/06/2023,15,102
15/06/2023,16,128
15/06/2023,17,205
15/06/2023,18,300
15/06/2023,19,290
15/06/2023,20,176
15/06/2023,21,110
15/06/2023,22,104
15/06/2023,23,106
15/06/2024,0,45
15/06/2024,1,31
15/06/2024,2,24
15/06/2024,3,14
15/06/2024,4,11
15/06/2024,5,10
15/06/2024,6,12
15/06/2024,7,19
15/06/2024,8,38
15/06/2024,9,62
15/06/2024,10,73
15/06/2024,11,85
15/06/2024,12,97
15/06/2024,13,94
15/06/2024,14,95
15/06/2024,15,90
15/06/2024,16,89
15/06/2024,17,98
15/06/2024,18,84
15/06/2024,19,92
15/06/2024,20,74
15/06/2024,21,54
15/06/2024,22,45
15/06/2024,23,47
15/07/2023,0,86
15/07/2023,1,45
15/07/2023,2,30
15/07/2023,3,18
15/07/2023,4,12
15/07/2023,5,11
15/07/2023,6,11
15/07/2023,7,13
15/07/2023,8,21
15/07/2023,9,33
15/07/2023,10,48
15/07/2023,11,61
15/07/2023,12,72
15/07/2023,13,70
15/07/2023,14,81
15/07/2023,15,70
15/07/2023,16,86
15/07/2023,17,88
15/07/2023,18,115
15/07/2023,19,93
15/07/2023,20,78
15/07/2023,21,58
15/07/2023,22,48
15/07/2023,23,46
15/07/2024,0,78
15/07/2024,1,31
15/07/2024,2,16
15/07/2024,3,8
15/07/2024,4,6
15/07/2024,5,10
15/07/2024,6,21
15/07/2024,7,58
15/07/2024,8,186
15/07/2024,9,187
15/07/2024,10,71
15/07/2024,11,62
15/07/2024,12,83
15/07/2024,13,74
15/07/2024,14,72
15/07/2024,15,72
15/07/2024,16,80
15/07/2024,17,130
15/07/2024,18,213
15/07/2024,19,193
15/07/2024,20,114
15/07/2024,21,78
15/07/2024,22,64
15/07/2024,23,49
15/08/2023,0,17
15/08/2023,1,11
15/08/2023,2,8
15/08/2023,3,5
15/08/2023,4,5
15/08/2023,5,5
15/08/2023,6,9
15/08/2023,7,13
15/08/2023,8,23
15/08/2023,9,36
15/08/2023,10,46
15/08/2023,11,61
15/08/2023,12,69
15/08/2023,13,67
15/08/2023,14,71
15/08/2023,15,80
15/08/2023,16,86
15/08/2023,17,84
15/08/2023,18,87
15/08/2023,19,80
15/08/2023,20,64
15/08/2023,21,49
15/08/2023,22,42
15/08/2023,23,32
15/08/2024,0,29
15/08/2024,1,19
15/08/2024,2,13
15/08/2024,3,8
15/08/2024,4,7
15/08/2024,5,7
15/08/2024,6,10
15/08/2024,7,15
15/08/2024,8,22
15/08/2024,9,33
15/08/2024,10,44
15/08/2024,11,50
15/08/2024,12,59
15/08/2024,13,56
15/08/2024,14,65
15/08/2024,15,70
15/08/2024,16,72
15/08/2024,17,78
15/08/2024,18,80
15/08/2024,19,81
15/08/2024,20,67
15/08/2024,21,54
15/08/2024,22,47
15/08/2024,23,39
15/09/2023,0,60
15/09/2023,1,33
15/09/2023,2,19
15/09/2023,3,9
15/09/2023,4,7
15/09/2023,5,9
15/09/2023,6,21
15/09/2023,7,88
15/09/2023,8,250
15/09/2023,9,212
15/09/2023,10,109
15/09/2023,11,96
15/09/2023,12,129
15/09/2023,13,123
15/09/2023,14,119
15/09/2023,15,123
15/09/2023,16,151
15/09/2023,17,214
15/09/2023,18,268
15/09/2023,19,249
15/09/2023,20,165
15/09/2023,21,100
15/09/2023,22,86
15/09/2023,23,91
15/09/2024,0,51
15/09/2024,1,37
15/09/2024,2,32
15/09/2024,3,19
15/09/2024,4,13
15/09/2024,5,10
15/09/2024,6,9
15/09/2024,7,12
15/09/2024,8,24
15/09/2024,9,42
15/09/2024,10,65
15/09/2024,11,86
15/09/2024,12,110
15/09/2024,13,101
15/09/2024,14,110
15/09/2024,15,134
15/09/2024,16,143
15/09/2024,17,140
15/09/2024,18,144
15/09/2024,19,118
15/09/2024,20,85
15/09/2024,21,62
15/09/2024,22,48
15/09/2024,23,32
15/10/2023,0,52
15/10/2023,1,38
15/10/2023,2,35
15/10/2023,3,21
15/10/2023,4,15
15/10/2023,5,11
15/10/2023,6,8
15/10/2023,7,13
15/10/2023,8,29
15/10/2023,9,51
15/10/2023,10,79
15/10/2023,11,104
15/10/2023,12,121
15/10/2023,13,111
15/10/2023,14,117
15/10/2023,15,138
15/10/2023,16,134
15/10/2023,17,133
15/10/2023,18,128
15/10/2023,19,120
15/10/2023,20,86
15/10/2023,21,42
15/10/2023,22,32
15/10/2023,23,79
15/10/2024,0,21
15/10/2024,1,11
15/10/2024,2,7
15/10/2024,3,4
15/10/2024,4,4
15/10/2024,5,8
15/10/2024,6,22
15/10/2024,7,81
15/10/2024,8,273
15/10/2024,9,243
15/10/2024,10,93
15/10/2024,11,79
15/10/2024,12,105
15/10/2024,13,104
15/10/2024,14,102
15/10/2024,15,92
15/10/2024,16,111
15/10/2024,17,182
15/10/2024,18,281
15/10/2024,19,231
15/10/2024,20,129
15/10/2024,21,80
15/10/2024,22,75
15/10/2024,23,59
15/11/2023,0,29
15/11/2023,1,12
15/11/2023,2,7
15/11/2023,3,4
15/11/2023,4,4
15/11/2023,5,7
15/11/2023,6,19
15/11/2023,7,85
15/11/2023,8,272
15/11/2023,9,251
15/11/2023,10,99
15/11/2023,11,84
15/11/2023,12,119
15/11/2023,13,114
15/11/2023,14,103
15/11/2023,15,96
15/11/2023,16,112
15/11/2023,17,174
15/11/2023,18,273
15/11/2023,19,248
15/11/2023,20,135
15/11/2023,21,75
15/11/2023,22,77
15/11/2023,23,66
15/11/2024,0,36
15/11/2024,1,21
15/11/2024,2,14
15/11/2024,3,7
15/11/2024,4,6
15/11/2024,5,9
15/11/2024,6,18
15/11/2024,7,66
15/11/2024,8,198
15/11/2024,9,170
15/11/2024,10,85
15/11/2024,11,78
15/11/2024,12,109
15/11/2024,13,103
15/11/2024,14,97
15/11/2024,15,92
15/11/2024,16,108
15/11/2024,17,158
15/11/2024,18,200
15/11/2024,19,179
15/11/2024,20,118
15/11/2024,21,74
15/11/2024,22,61
15/11/2024,23,59
15/12/2023,0,44
15/12/2023,1,28
15/12/2023,2,20
15/12/2023,3,9
15/12/2023,4,7
15/12/2023,5,8
15/12/2023,6,17
15/12/2023,7,62
15/12/2023,8,191
15/12/2023,9,177
15/12/2023,10,87
15/12/2023,11,81
15/12/2023,12,109
15/12/2023,13,99
15/12/2023,14,99
15/12/2023,15,99
15/12/2023,16,120
15/12/2023,17,162
15/12/2023,18,198
15/12/2023,19,172
15/12/2023,20,114
15/12/2023,21,68
15/12/2023,22,60
15/12/2023,23,55
15/12/2024,0,32
15/12/2024,1,28
15/12/2024,2,25
15/12/2024,3,15
15/12/2024,4,11
15/12/2024,5,9
15/12/2024,6,8
15/12/2024,7,11
15/12/2024,8,18
15/12/2024,9,30
15/12/2024,10,48
15/12/2024,11,63
15/12/2024,12,81
15/12/2024,13,80
15/12/2024,14,76
15/12/2024,15,85
15/12/2024,16,85
15/12/2024,17,82
15/12/2024,18,79
15/12/2024,19,71
15/12/2024,20,52
15/12/2024,21,36
15/12/2024,22,31
15/12/2024,23,29
16/01/2023,0,11
16/01/2023,1,5
16/01/2023,2,4
16/01/2023,3,3
16/01/2023,4,3
16/01/2023,5,5
16/01/2023,6,13
16/01/2023,7,52
16/01/2023,8,170
16/01/2023,9,150
16/01/2023,10,50
16/01/2023,11,40
16/01/2023,12,46
16/01/2023,13,51
16/01/2023,14,48
16/01/2023,15,48
16/01/2023,16,64
16/01/2023,17,108
16/01/2023,18,179
16/01/2023,19,164
16/01/2023,20,90
16/01/2023,21,46
16/01/2023,22,40
16/01/2023,23,26
16/01/2024,0,13
16/01/2024,1,6
16/01/2024,2,4
16/01/2024,3,3
16/01/2024,4,3
16/01/2024,5,7
16/01/2024,6,16
16/01/2024,7,59
16/01/2024,8,209
16/01/2024,9,182
16/01/2024,10,64
16/01/2024,11,55
16/01/2024,12,71
16/01/2024,13,72
16/01/2024,14,64
16/01/2024,15,62
16/01/2024,16,75
16/01/2024,17,121
16/01/2024,18,189
16/01/2024,19,166
16/01/2024,20,89
16/01/2024,21,50
16/01/2024,22,47
16/01/2024,23,34
16/02/2023,0,28
16/02/2023,1,11
16/02/2023,2,6
16/02/2023,3,4
16/02/2023,4,4
16/02/2023,5,6
16/02/2023,6,17
16/02/2023,7,72
16/02/2023,8,244
16/02/2023,9,212
16/02/2023,10,85
16/02/2023,11,68
16/02/2023,12,96
16/02/2023,13,97
16/02/2023,14,95
16/02/2023,15,83
16/02/2023,16,103
16/02/2023,17,150
16/02/2023,18,228
16/02/2023,19,218
16/02/2023,20,121
16/02/2023,21,67
16/02/2023,22,61
16/02/2023,23,59
16/02/2024,0,36
16/02/2024,1,21
16/02/2024,2,13
16/02/2024,3,8
16/02/2024,4,6
16/02/2024,5,9
16/02/2024,6,16
16/02/2024,7,43
16/02/2024,8,128
16/02/2024,9,135
16/02/2024,10,68
16/02/2024,11,51
16/02/2024,12,73
16/02/2024,13,72
16/02/2024,14,71
16/02/2024,15,69
16/02/2024,16,82
16/02/2024,17,115
16/02/2024,18,151
16/02/2024,19,135
16/02/2024,20,94
16/02/2024,21,60
16/02/2024,22,51
16/02/2024,23,45
16/03/2023,0,29
16/03/2023,1,11
16/03/2023,2,7
16/03/2023,3,4
16/03/2023,4,4
16/03/2023,5,8
16/03/2023,6,18
16/03/2023,7,80
16/03/2023,8,272
16/03/2023,9,227
16/03/2023,10,88
16/03/2023,11,75
16/03/2023,12,103
16/03/2023,13,101
16/03/2023,14,94
16/03/2023,15,89
16/03/2023,16,111
16/03/2023,17,171
16/03/2023,18,253
16/03/2023,19,234
16/03/2023,20,130
16/03/2023,21,73
16/03/2023,22,70
16/03/2023,23,64
16/03/2024,0,33
16/03/2024,1,23
16/03/2024,2,20
16/03/2024,3,13
16/03/2024,4,11
16/03/2024,5,10
16/03/2024,6,11
16/03/2024,7,16
16/03/2024,8,35
16/03/2024,9,53
16/03/2024,10,65
16/03/2024,11,79
16/03/2024,12,94
16/03/2024,13,95
16/03/2024,14,100
16/03/2024,15,115
16/03/2024,16,114
16/03/2024,17,118
16/03/2024,18,120
16/03/2024,19,102
16/03/2024,20,82
16/03/2024,21,55
16/03/2024,22,46
16/03/2024,23,49
16/04/2023,0,42
16/04/2023,1,32
16/04/2023,2,28
16/04/2023,3,15
16/04/2023,4,12
16/04/2023,5,9
16/04/2023,6,8
16/04/2023,7,11
16/04/2023,8,24
16/04/2023,9,43
16/04/2023,10,66
16/04/2023,11,88
16/04/2023,12,105
16/04/2023,13,99
16/04/2023,14,105
16/04/2023,15,125
16/04/2023,16,136
16/04/2023,17,134
16/04/2023,18,133
16/04/2023,19,111
16/04/2023,20,73
16/04/2023,21,45
16/04/2023,22,39
16/04/2023,23,27
16/04/2024,0,16
16/04/2024,1,8
16/04/2024,2,5
16/04/2024,3,4
16/04/2024,4,4
16/04/2024,5,7
16/04/2024,6,18
16/04/2024,7,53
16/04/2024,8,186
16/04/2024,9,176
16/04/2024,10,52
16/04/2024,11,43
16/04/2024,12,59
16/04/2024,13,54
16/04/2024,14,51
16/04/2024,15,54
16/04/2024,16,63
16/04/2024,17,105
16/04/2024,18,191
16/04/2024,19,189
16/04/2024,20,115
16/04/2024,21,59
16/04/2024,22,52
16/04/2024,23,63
16/05/2023,0,17
16/05/2023,1,8
16/05/2023,2,5
16/05/2023,3,3
16/05/2023,4,3
16/05/2023,5,7
16/05/2023,6,20
16/05/2023,7,88
16/05/2023,8,298
16/05/2023,9,249
16/05/2023,10,91
16/05/2023,11,79
16/05/2023,12,102
16/05/2023,13,102
16/05/2023,14,94
16/05/2023,15,91
16/05/2023,16,114
16/05/2023,17,179
16/05/2023,18,287
16/05/2023,19,262
16/05/2023,20,150
16/05/2023,21,82
16/05/2023,22,72
16/05/2023,23,56
16/05/2024,0,37
16/05/2024,1,19
16/05/2024,2,10
16/05/2024,3,5
16/05/2024,4,5
16/05/2024,5,9
16/05/2024,6,22
16/05/2024,7,78
16/05/2024,8,261
16/05/2024,9,224
16/05/2024,10,90
16/05/2024,11,79
16/05/2024,12,105
16/05/2024,13,102
16/05/2024,14,94
16/05/2024,15,90
16/05/2024,16,113
16/05/2024,17,178
16/05/2024,18,266
16/05/2024,19,249
16/05/2024,20,153
16/05/2024,21,96
16/05/2024,22,84
16/05/2024,23,73
16/06/2023,0,69
16/06/2023,1,36
16/06/2023,2,24
16/06/2023,3,11
16/06/2023,4,8
16/06/2023,5,41
16/06/2023,6,25
16/06/2023,7,80
16/06/2023,8,231
16/06/2023,9,208
16/06/2023,10,104
16/06/2023,11,92
16/06/2023,12,122
16/06/2023,13,114
16/06/2023,14,111
16/06/2023,15,111
16/06/2023,16,134
16/06/2023,17,196
16/06/2023,18,242
16/06/2023,19,223
16/06/2023,20,151
16/06/2023,21,93
16/06/2023,22,85
16/06/2023,23,86
16/06/2024,0,41
16/06/2024,1,28
16/06/2024,2,24
16/06/2024,3,14
16/06/2024,4,12
16/06/2024,5,9
16/06/2024,6,8
16/06/2024,7,7
16/06/2024,8,12
16/06/2024,9,22
16/06/2024,10,33
16/06/2024,11,46
16/06/2024,12,67
16/06/2024,13,66
16/06/2024,14,67
16/06/2024,15,66
16/06/2024,16,58
16/06/2024,17,72
16/06/2024,18,81
16/06/2024,19,77
16/06/2024,20,59
16/06/2024,21,45
16/06/2024,22,43
16/06/2024,23,34
16/07/2023,0,39
16/07/2023,1,27
16/07/2023,2,18
16/07/2023,3,11
16/07/2023,4,8
16/07/2023,5,7
16/07/2023,6,9
16/07/2023,7,12
16/07/2023,8,23
16/07/2023,9,39
16/07/2023,10,54
16/07/2023,11,84
16/07/2023,12,81
16/07/2023,13,77
16/07/2023,14,86
16/07/2023,15,96
16/07/2023,16,100
16/07/2023,17,96
16/07/2023,18,104
16/07/2023,19,98
16/07/2023,20,75
16/07/2023,21,57
16/07/2023,22,48
16/07/2023,23,36
16/07/2024,0,28
16/07/2024,1,15
16/07/2024,2,9
16/07/2024,3,6
16/07/2024,4,6
16/07/2024,5,9
16/07/2024,6,22
16/07/2024,7,70
16/07/2024,8,223
16/07/2024,9,223
16/07/2024,10,79
16/07/2024,11,69
16/07/2024,12,89
16/07/2024,13,83
16/07/2024,14,79
16/07/2024,15,79
16/07/2024,16,88
16/07/2024,17,149
16/07/2024,18,244
16/07/2024,19,221
16/07/2024,20,126
16/07/2024,21,78
16/07/2024,22,70
16/07/2024,23,65
16/08/2023,0,21
16/08/2023,1,12
16/08/2023,2,8
16/08/2023,3,5
16/08/2023,4,5
16/08/2023,5,7
16/08/2023,6,14
16/08/2023,7,41
16/08/2023,8,109
16/08/2023,9,110
16/08/2023,10,53
16/08/2023,11,53
16/08/2023,12,61
16/08/2023,13,62
16/08/2023,14,61
16/08/2023,15,65
16/08/2023,16,76
16/08/2023,17,117
16/08/2023,18,168
16/08/2023,19,131
16/08/2023,20,79
16/08/2023,21,56
16/08/2023,22,46
16/08/2023,23,39
16/08/2024,0,27
16/08/2024,1,17
16/08/2024,2,11
16/08/2024,3,7
16/08/2024,4,6
16/08/2024,5,8
16/08/2024,6,13
16/08/2024,7,21
16/08/2024,8,40
16/08/2024,9,47
16/08/2024,10,46
16/08/2024,11,50
16/08/2024,12,57
16/08/2024,13,55
16/08/2024,14,59
16/08/2024,15,65
16/08/2024,16,69
16/08/2024,17,79
16/08/2024,18,84
16/08/2024,19,79
16/08/2024,20,61
16/08/2024,21,46
16/08/2024,22,41
16/08/2024,23,37
16/09/2023,0,71
16/09/2023,1,48
16/09/2023,2,38
16/09/2023,3,21
16/09/2023,4,15
16/09/2023,5,12
16/09/2023,6,14
16/09/2023,7,23
16/09/2023,8,48
16/09/2023,9,83
16/09/2023,10,102
16/09/2023,11,118
16/09/2023,12,136
16/09/2023,13,129
16/09/2023,14,138
16/09/2023,15,162
16/09/2023,16,167
16/09/2023,17,168
16/09/2023,18,173
16/09/2023,19,165
16/09/2023,20,133
16/09/2023,21,88
16/09/2023,22,73
16/09/2023,23,75
16/09/2024,0,19
16/09/2024,1,11
16/09/2024,2,7
16/09/2024,3,4
16/09/2024,4,4
16/09/2024,5,9
16/09/2024,6,21
16/09/2024,7,81
16/09/2024,8,280
16/09/2024,9,233
16/09/2024,10,85
16/09/2024,11,76
16/09/2024,12,101
16/09/2024,13,105
16/09/2024,14,91
16/09/2024,15,91
16/09/2024,16,112
16/09/2024,17,187
16/09/2024,18,285
16/09/2024,19,244
16/09/2024,20,132
16/09/2024,21,77
16/09/2024,22,68
16/09/2024,23,43
16/10/2023,0,21
16/10/2023,1,9
16/10/2023,2,6
16/10/2023,3,4
16/10/2023,4,3
16/10/2023,5,8
16/10/2023,6,21
16/10/2023,7,81
16/10/2023,8,292
16/10/2023,9,269
16/10/2023,10,94
16/10/2023,11,76
16/10/2023,12,99
16/10/2023,13,103
16/10/2023,14,92
16/10/2023,15,92
16/10/2023,16,117
16/10/2023,17,199
16/10/2023,18,313
16/10/2023,19,267
16/10/2023,20,130
16/10/2023,21,72
16/10/2023,22,59
16/10/2023,23,39
16/10/2024,0,31
16/10/2024,1,17
16/10/2024,2,9
16/10/2024,3,5
16/10/2024,4,5
16/10/2024,5,9
16/10/2024,6,21
16/10/2024,7,75
16/10/2024,8,241
16/10/2024,9,230
16/10/2024,10,98
16/10/2024,11,89
16/10/2024,12,124
16/10/2024,13,122
16/10/2024,14,114
16/10/2024,15,107
16/10/2024,16,121
16/10/2024,17,179
16/10/2024,18,279
16/10/2024,19,241
16/10/2024,20,141
16/10/2024,21,67
16/10/2024,22,72
16/10/2024,23,57
16/11/2023,0,35
16/11/2023,1,15
16/11/2023,2,8
16/11/2023,3,4
16/11/2023,4,4
16/11/2023,5,8
16/11/2023,6,15
16/11/2023,7,55
16/11/2023,8,181
16/11/2023,9,144
16/11/2023,10,51
16/11/2023,11,39
16/11/2023,12,49
16/11/2023,13,41
16/11/2023,14,44
16/11/2023,15,51
16/11/2023,16,49
16/11/2023,17,104
16/11/2023,18,178
16/11/2023,19,169
16/11/2023,20,101
16/11/2023,21,57
16/11/2023,22,55
16/11/2023,23,47
16/11/2024,0,48
16/11/2024,1,35
16/11/2024,2,29
16/11/2024,3,17
16/11/2024,4,13
16/11/2024,5,11
16/11/2024,6,11
16/11/2024,7,18
16/11/2024,8,38
16/11/2024,9,58
16/11/2024,10,74
16/11/2024,11,83
16/11/2024,12,99
16/11/2024,13,105
16/11/2024,14,112
16/11/2024,15,123
16/11/2024,16,126
16/11/2024,17,121
16/11/2024,18,112
16/11/2024,19,112
16/11/2024,20,88
16/11/2024,21,58
16/11/2024,22,48
16/11/2024,23,51
16/12/2023,0,49
16/12/2023,1,37
16/12/2023,2,31
16/12/2023,3,18
16/12/2023,4,13
16/12/2023,5,11
16/12/2023,6,10
16/12/2023,7,16
16/12/2023,8,35
16/12/2023,9,56
16/12/2023,10,74
16/12/2023,11,94
16/12/2023,12,112
16/12/2023,13,113
16/12/2023,14,122
16/12/2023,15,139
16/12/2023,16,149
16/12/2023,17,134
16/12/2023,18,119
16/12/2023,19,119
16/12/2023,20,92
16/12/2023,21,57
16/12/2023,22,46
16/12/2023,23,44
16/12/2024,0,16
16/12/2024,1,10
16/12/2024,2,6
16/12/2024,3,4
16/12/2024,4,4
16/12/2024,5,7
16/12/2024,6,17
16/12/2024,7,61
16/12/2024,8,209
16/12/2024,9,188
16/12/2024,10,67
16/12/2024,11,60
16/12/2024,12,83
16/12/2024,13,79
16/12/2024,14,72
16/12/2024,15,70
16/12/2024,16,87
16/12/2024,17,132
16/12/2024,18,206
16/12/2024,19,182
16/12/2024,20,101
16/12/2024,21,58
16/12/2024,22,53
16/12/2024,23,39
17/01/2023,0,12
17/01/2023,1,6
17/01/2023,2,4
17/01/2023,3,3
17/01/2023,4,3
17/01/2023,5,5
17/01/2023,6,14
17/01/2023,7,65
17/01/2023,8,224
17/01/2023,9,207
17/01/2023,10,75
17/01/2023,11,60
17/01/2023,12,80
17/01/2023,13,78
17/01/2023,14,73
17/01/2023,15,64
17/01/2023,16,79
17/01/2023,17,122
17/01/2023,18,210
17/01/2023,19,194
17/01/2023,20,103
17/01/2023,21,56
17/01/2023,22,51
17/01/2023,23,39
17/01/2024,0,17
17/01/2024,1,8
17/01/2024,2,5
17/01/2024,3,3
17/01/2024,4,3
17/01/2024,5,4
17/01/2024,6,10
17/01/2024,7,31
17/01/2024,8,95
17/01/2024,9,82
17/01/2024,10,31
17/01/2024,11,24
17/01/2024,12,37
17/01/2024,13,41
17/01/2024,14,35
17/01/2024,15,29
17/01/2024,16,33
17/01/2024,17,53
17/01/2024,18,97
17/01/2024,19,92
17/01/2024,20,53
17/01/2024,21,33
17/01/2024,22,29
17/01/2024,23,23
17/02/2023,0,35
17/02/2023,1,17
17/02/2023,2,9
17/02/2023,3,5
17/02/2023,4,4
17/02/2023,5,7
17/02/2023,6,16
17/02/2023,7,60
17/02/2023,8,189
17/02/2023,9,171
17/02/2023,10,78
17/02/2023,11,68
17/02/2023,12,93
17/02/2023,13,91
17/02/2023,14,88
17/02/2023,15,81
17/02/2023,16,104
17/02/2023,17,143
17/02/2023,18,187
17/02/2023,19,167
17/02/2023,20,104
17/02/2023,21,61
17/02/2023,22,52
17/02/2023,23,47
17/02/2024,0,38
17/02/2024,1,28
17/02/2024,2,23
17/02/2024,3,16
17/02/2024,4,12
17/02/2024,5,11
17/02/2024,6,10
17/02/2024,7,14
17/02/2024,8,27
17/02/2024,9,49
17/02/2024,10,60
17/02/2024,11,73
17/02/2024,12,89
17/02/2024,13,93
17/02/2024,14,105
17/02/2024,15,123
17/02/2024,16,127
17/02/2024,17,117
17/02/2024,18,109
17/02/2024,19,100
17/02/2024,20,78
17/02/2024,21,54
17/02/2024,22,44
17/02/2024,23,43
17/03/2023,0,36
17/03/2023,1,17
17/03/2023,2,10
17/03/2023,3,6
17/03/2023,4,5
17/03/2023,5,7
17/03/2023,6,18
17/03/2023,7,67
17/03/2023,8,203
17/03/2023,9,176
17/03/2023,10,83
17/03/2023,11,78
17/03/2023,12,105
17/03/2023,13,99
17/03/2023,14,94
17/03/2023,15,88
17/03/2023,16,109
17/03/2023,17,152
17/03/2023,18,188
17/03/2023,19,151
17/03/2023,20,73
17/03/2023,21,49
17/03/2023,22,46
17/03/2023,23,47
17/03/2024,0,43
17/03/2024,1,32
17/03/2024,2,27
17/03/2024,3,17
17/03/2024,4,11
17/03/2024,5,8
17/03/2024,6,8
17/03/2024,7,9
17/03/2024,8,16
17/03/2024,9,24
17/03/2024,10,31
17/03/2024,11,33
17/03/2024,12,41
17/03/2024,13,44
17/03/2024,14,47
17/03/2024,15,60
17/03/2024,16,68
17/03/2024,17,79
17/03/2024,18,76
17/03/2024,19,64
17/03/2024,20,49
17/03/2024,21,39
17/03/2024,22,32
17/03/2024,23,24
17/04/2023,0,15
17/04/2023,1,8
17/04/2023,2,5
17/04/2023,3,3
17/04/2023,4,3
17/04/2023,5,6
17/04/2023,6,18
17/04/2023,7,76
17/04/2023,8,267
17/04/2023,9,223
17/04/2023,10,76
17/04/2023,11,64
17/04/2023,12,79
17/04/2023,13,83
17/04/2023,14,74
17/04/2023,15,70
17/04/2023,16,91
17/04/2023,17,153
17/04/2023,18,253
17/04/2023,19,231
17/04/2023,20,120
17/04/2023,21,63
17/04/2023,22,53
17/04/2023,23,38
17/04/2024,0,27
17/04/2024,1,13
17/04/2024,2,8
17/04/2024,3,4
17/04/2024,4,4
17/04/2024,5,8
17/04/2024,6,18
17/04/2024,7,50
17/04/2024,8,163
17/04/2024,9,183
17/04/2024,10,71
17/04/2024,11,61
17/04/2024,12,80
17/04/2024,13,69
17/04/2024,14,65
17/04/2024,15,46
17/04/2024,16,62
17/04/2024,17,104
17/04/2024,18,182
17/04/2024,19,183
17/04/2024,20,106
17/04/2024,21,63
17/04/2024,22,61
17/04/2024,23,50
17/05/2023,0,30
17/05/2023,1,13
17/05/2023,2,7
17/05/2023,3,4
17/05/2023,4,4
17/05/2023,5,8
17/05/2023,6,20
17/05/2023,7,78
17/05/2023,8,238
17/05/2023,9,213
17/05/2023,10,90
17/05/2023,11,81
17/05/2023,12,112
17/05/2023,13,111
17/05/2023,14,96
17/05/2023,15,91
17/05/2023,16,109
17/05/2023,17,160
17/05/2023,18,240
17/05/2023,19,222
17/05/2023,20,141
17/05/2023,21,80
17/05/2023,22,60
17/05/2023,23,59
17/05/2024,0,47
17/05/2024,1,27
17/05/2024,2,15
17/05/2024,3,8
17/05/2024,4,6
17/05/2024,5,10
17/05/2024,6,21
17/05/2024,7,72
17/05/2024,8,198
17/05/2024,9,176
17/05/2024,10,91
17/05/2024,11,85
17/05/2024,12,109
17/05/2024,13,108
17/05/2024,14,102
17/05/2024,15,100
17/05/2024,16,120
17/05/2024,17,158
17/05/2024,18,184
17/05/2024,19,163
17/05/2024,20,118
17/05/2024,21,77
17/05/2024,22,64
17/05/2024,23,59
17/06/2023,0,74
17/06/2023,1,49
17/06/2023,2,38
17/06/2023,3,22
17/06/2023,4,16
17/06/2023,5,16
17/06/2023,6,17
17/06/2023,7,45
17/06/2023,8,50
17/06/2023,9,76
17/06/2023,10,91
17/06/2023,11,104
17/06/2023,12,123
17/06/2023,13,111
17/06/2023,14,111
17/06/2023,15,122
17/06/2023,16,97
17/06/2023,17,135
17/06/2023,18,135
17/06/2023,19,136
17/06/2023,20,113
17/06/2023,21,80
17/06/2023,22,68
17/06/2023,23,76
17/06/2024,0,19
17/06/2024,1,12
17/06/2024,2,8
17/06/2024,3,5
17/06/2024,4,5
17/06/2024,5,8
17/06/2024,6,21
17/06/2024,7,72
17/06/2024,8,240
17/06/2024,9,212
17/06/2024,10,79
17/06/2024,11,72
17/06/2024,12,90
17/06/2024,13,89
17/06/2024,14,84
17/06/2024,15,81
17/06/2024,16,102
17/06/2024,17,160
17/06/2024,18,248
17/06/2024,19,217
17/06/2024,20,132
17/06/2024,21,71
17/06/2024,22,59
17/06/2024,23,74
17/07/2023,0,21
17/07/2023,1,14
17/07/2023,2,8
17/07/2023,3,5
17/07/2023,4,5
17/07/2023,5,10
17/07/2023,6,21
17/07/2023,7,67
17/07/2023,8,212
17/07/2023,9,202
17/07/2023,10,76
17/07/2023,11,66
17/07/2023,12,83
17/07/2023,13,82
17/07/2023,14,77
17/07/2023,15,79
17/07/2023,16,90
17/07/2023,17,147
17/07/2023,18,241
17/07/2023,19,220
17/07/2023,20,125
17/07/2023,21,76
17/07/2023,22,70
17/07/2023,23,51
17/07/2024,0,37
17/07/2024,1,19
17/07/2024,2,12
17/07/2024,3,6
17/07/2024,4,6
17/07/2024,5,11
17/07/2024,6,22
17/07/2024,7,67
17/07/2024,8,208
17/07/2024,9,208
17/07/2024,10,87
17/07/2024,11,77
17/07/2024,12,97
17/07/2024,13,94
17/07/2024,14,91
17/07/2024,15,85
17/07/2024,16,98
17/07/2024,17,151
17/07/2024,18,243
17/07/2024,19,226
17/07/2024,20,135
17/07/2024,21,90
17/07/2024,22,78
17/07/2024,23,74
17/08/2023,0,24
17/08/2023,1,13
17/08/2023,2,9
17/08/2023,3,4
17/08/2023,4,5
17/08/2023,5,7
17/08/2023,6,16
17/08/2023,7,43
17/08/2023,8,117
17/08/2023,9,114
17/08/2023,10,57
17/08/2023,11,53
17/08/2023,12,64
17/08/2023,13,61
17/08/2023,14,63
17/08/2023,15,66
17/08/2023,16,77
17/08/2023,17,121
17/08/2023,18,174
17/08/2023,19,137
17/08/2023,20,90
17/08/2023,21,65
17/08/2023,22,56
17/08/2023,23,46
17/08/2024,0,28
17/08/2024,1,19
17/08/2024,2,15
17/08/2024,3,9
17/08/2024,4,8
17/08/2024,5,8
17/08/2024,6,9
17/08/2024,7,11
17/08/2024,8,14
17/08/2024,9,18
17/08/2024,10,22
17/08/2024,11,26
17/08/2024,12,32
17/08/2024,13,35
17/08/2024,14,33
17/08/2024,15,30
17/08/2024,16,32
17/08/2024,17,23
17/08/2024,18,26
17/08/2024,19,33
17/08/2024,20,31
17/08/2024,21,21
17/08/2024,22,17
17/08/2024,23,17
17/09/2023,0,67
17/09/2023,1,51
17/09/2023,2,43
17/09/2023,3,26
17/09/2023,4,15
17/09/2023,5,13
17/09/2023,6,11
17/09/2023,7,16
17/09/2023,8,35
17/09/2023,9,67
17/09/2023,10,98
17/09/2023,11,127
17/09/2023,12,150
17/09/2023,13,141
17/09/2023,14,154
17/09/2023,15,183
17/09/2023,16,196
17/09/2023,17,190
17/09/2023,18,187
17/09/2023,19,146
17/09/2023,20,104
17/09/2023,21,54
17/09/2023,22,29
17/09/2023,23,26
17/09/2024,0,23
17/09/2024,1,12
17/09/2024,2,7
17/09/2024,3,5
17/09/2024,4,5
17/09/2024,5,8
17/09/2024,6,22
17/09/2024,7,94
17/09/2024,8,304
17/09/2024,9,254
17/09/2024,10,98
17/09/2024,11,85
17/09/2024,12,110
17/09/2024,13,106
17/09/2024,14,100
17/09/2024,15,97
17/09/2024,16,124
17/09/2024,17,203
17/09/2024,18,305
17/09/2024,19,266
17/09/2024,20,152
17/09/2024,21,86
17/09/2024,22,78
17/09/2024,23,62
17/10/2023,0,18
17/10/2023,1,8
17/10/2023,2,5
17/10/2023,3,3
17/10/2023,4,3
17/10/2023,5,8
17/10/2023,6,22
17/10/2023,7,97
17/10/2023,8,335
17/10/2023,9,292
17/10/2023,10,104
17/10/2023,11,86
17/10/2023,12,118
17/10/2023,13,116
17/10/2023,14,109
17/10/2023,15,105
17/10/2023,16,132
17/10/2023,17,213
17/10/2023,18,340
17/10/2023,19,293
17/10/2023,20,153
17/10/2023,21,87
17/10/2023,22,79
17/10/2023,23,60
17/10/2024,0,30
17/10/2024,1,16
17/10/2024,2,10
17/10/2024,3,6
17/10/2024,4,5
17/10/2024,5,9
17/10/2024,6,20
17/10/2024,7,71
17/10/2024,8,223
17/10/2024,9,214
17/10/2024,10,73
17/10/2024,11,56
17/10/2024,12,75
17/10/2024,13,84
17/10/2024,14,75
17/10/2024,15,74
17/10/2024,16,76
17/10/2024,17,85
17/10/2024,18,127
17/10/2024,19,149
17/10/2024,20,96
17/10/2024,21,59
17/10/2024,22,54
17/10/2024,23,47
17/11/2023,0,28
17/11/2023,1,17
17/11/2023,2,10
17/11/2023,3,6
17/11/2023,4,5
17/11/2023,5,8
17/11/2023,6,16
17/11/2023,7,66
17/11/2023,8,202
17/11/2023,9,175
17/11/2023,10,83
17/11/2023,11,77
17/11/2023,12,103
17/11/2023,13,76
17/11/2023,14,92
17/11/2023,15,93
17/11/2023,16,116
17/11/2023,17,164
17/11/2023,18,206
17/11/2023,19,176
17/11/2023,20,112
17/11/2023,21,65
17/11/2023,22,59
17/11/2023,23,54
17/11/2024,0,47
17/11/2024,1,35
17/11/2024,2,31
17/11/2024,3,19
17/11/2024,4,14
17/11/2024,5,9
17/11/2024,6,8
17/11/2024,7,10
17/11/2024,8,23
17/11/2024,9,32
17/11/2024,10,49
17/11/2024,11,62
17/11/2024,12,82
17/11/2024,13,80
17/11/2024,14,77
17/11/2024,15,87
17/11/2024,16,94
17/11/2024,17,94
17/11/2024,18,90
17/11/2024,19,77
17/11/2024,20,57
17/11/2024,21,44
17/11/2024,22,37
17/11/2024,23,28
17/12/2023,0,41
17/12/2023,1,37
17/12/2023,2,30
17/12/2023,3,17
17/12/2023,4,12
17/12/2023,5,8
17/12/2023,6,8
17/12/2023,7,9
17/12/2023,8,20
17/12/2023,9,35
17/12/2023,10,57
17/12/2023,11,71
17/12/2023,12,91
17/12/2023,13,88
17/12/2023,14,93
17/12/2023,15,107
17/12/2023,16,109
17/12/2023,17,105
17/12/2023,18,89
17/12/2023,19,77
17/12/2023,20,52
17/12/2023,21,36
17/12/2023,22,31
17/12/2023,23,23
17/12/2024,0,20
17/12/2024,1,11
17/12/2024,2,7
17/12/2024,3,4
17/12/2024,4,4
17/12/2024,5,8
17/12/2024,6,18
17/12/2024,7,67
17/12/2024,8,226
17/12/2024,9,207
17/12/2024,10,81
17/12/2024,11,71
17/12/2024,12,92
17/12/2024,13,91
17/12/2024,14,85
17/12/2024,15,77
17/12/2024,16,93
17/12/2024,17,141
17/12/2024,18,215
17/12/2024,19,194
17/12/2024,20,111
17/12/2024,21,66
17/12/2024,22,63
17/12/2024,23,55
18/01/2023,0,19
18/01/2023,1,8
18/01/2023,2,5
18/01/2023,3,4
18/01/2023,4,3
18/01/2023,5,5
18/01/2023,6,14
18/01/2023,7,62
18/01/2023,8,215
18/01/2023,9,211
18/01/2023,10,80
18/01/2023,11,66
18/01/2023,12,94
18/01/2023,13,92
18/01/2023,14,88
18/01/2023,15,80
18/01/2023,16,92
18/01/2023,17,134
18/01/2023,18,204
18/01/2023,19,203
18/01/2023,20,112
18/01/2023,21,62
18/01/2023,22,57
18/01/2023,23,51
18/01/2024,0,13
18/01/2024,1,6
18/01/2024,2,4
18/01/2024,3,3
18/01/2024,4,3
18/01/2024,5,4
18/01/2024,6,7
18/01/2024,7,23
18/01/2024,8,85
18/01/2024,9,93
18/01/2024,10,40
18/01/2024,11,34
18/01/2024,12,48
18/01/2024,13,51
18/01/2024,14,50
18/01/2024,15,49
18/01/2024,16,57
18/01/2024,17,81
18/01/2024,18,117
18/01/2024,19,107
18/01/2024,20,63
18/01/2024,21,41
18/01/2024,22,37
18/01/2024,23,33
18/02/2023,0,40
18/02/2023,1,28
18/02/2023,2,25
18/02/2023,3,15
18/02/2023,4,10
18/02/2023,5,9
18/02/2023,6,9
18/02/2023,7,15
18/02/2023,8,31
18/02/2023,9,50
18/02/2023,10,61
18/02/2023,11,75
18/02/2023,12,89
18/02/2023,13,84
18/02/2023,14,86
18/02/2023,15,99
18/02/2023,16,106
18/02/2023,17,103
18/02/2023,18,104
18/02/2023,19,96
18/02/2023,20,74
18/02/2023,21,47
18/02/2023,22,39
18/02/2023,23,37
18/02/2024,0,39
18/02/2024,1,31
18/02/2024,2,25
18/02/2024,3,16
18/02/2024,4,13
18/02/2024,5,9
18/02/2024,6,7
18/02/2024,7,8
18/02/2024,8,16
18/02/2024,9,25
18/02/2024,10,26
18/02/2024,11,37
18/02/2024,12,40
18/02/2024,13,37
18/02/2024,14,36
18/02/2024,15,35
18/02/2024,16,37
18/02/2024,17,48
18/02/2024,18,53
18/02/2024,19,54
18/02/2024,20,42
18/02/2024,21,32
18/02/2024,22,27
18/02/2024,23,20
18/03/2023,0,34
18/03/2023,1,24
18/03/2023,2,21
18/03/2023,3,12
18/03/2023,4,10
18/03/2023,5,8
18/03/2023,6,9
18/03/2023,7,16
18/03/2023,8,35
18/03/2023,9,58
18/03/2023,10,76
18/03/2023,11,92
18/03/2023,12,102
18/03/2023,13,98
18/03/2023,14,88
18/03/2023,15,100
18/03/2023,16,95
18/03/2023,17,100
18/03/2023,18,111
18/03/2023,19,105
18/03/2023,20,83
18/03/2023,21,53
18/03/2023,22,46
18/03/2023,23,43
18/03/2024,0,13
18/03/2024,1,8
18/03/2024,2,6
18/03/2024,3,4
18/03/2024,4,4
18/03/2024,5,8
18/03/2024,6,20
18/03/2024,7,71
18/03/2024,8,240
18/03/2024,9,200
18/03/2024,10,72
18/03/2024,11,65
18/03/2024,12,84
18/03/2024,13,87
18/03/2024,14,77
18/03/2024,15,77
18/03/2024,16,95
18/03/2024,17,156
18/03/2024,18,249
18/03/2024,19,205
18/03/2024,20,110
18/03/2024,21,66
18/03/2024,22,58
18/03/2024,23,39
18/04/2023,0,17
18/04/2023,1,8
18/04/2023,2,5
18/04/2023,3,4
18/04/2023,4,3
18/04/2023,5,7
18/04/2023,6,20
18/04/2023,7,86
18/04/2023,8,300
18/04/2023,9,248
18/04/2023,10,90
18/04/2023,11,77
18/04/2023,12,99
18/04/2023,13,99
18/04/2023,14,88
18/04/2023,15,84
18/04/2023,16,106
18/04/2023,17,173
18/04/2023,18,277
18/04/2023,19,234
18/04/2023,20,115
18/04/2023,21,67
18/04/2023,22,67
18/04/2023,23,55
18/04/2024,0,30
18/04/2024,1,14
18/04/2024,2,8
18/04/2024,3,4
18/04/2024,4,4
18/04/2024,5,8
18/04/2024,6,16
18/04/2024,7,53
18/04/2024,8,175
18/04/2024,9,191
18/04/2024,10,74
18/04/2024,11,63
18/04/2024,12,80
18/04/2024,13,80
18/04/2024,14,76
18/04/2024,15,69
18/04/2024,16,84
18/04/2024,17,128
18/04/2024,18,205
18/04/2024,19,197
18/04/2024,20,120
18/04/2024,21,73
18/04/2024,22,65
18/04/2024,23,60
18/05/2023,0,41
18/05/2023,1,24
18/05/2023,2,19
18/05/2023,3,11
18/05/2023,4,9
18/05/2023,5,9
18/05/2023,6,12
18/05/2023,7,19
18/05/2023,8,36
18/05/2023,9,55
18/05/2023,10,70
18/05/2023,11,76
18/05/2023,12,89
18/05/2023,13,85
18/05/2023,14,96
18/05/2023,15,112
18/05/2023,16,120
18/05/2023,17,122
18/05/2023,18,129
18/05/2023,19,115
18/05/2023,20,85
18/05/2023,21,61
18/05/2023,22,49
18/05/2023,23,43
18/05/2024,0,50
18/05/2024,1,34
18/05/2024,2,27
18/05/2024,3,16
18/05/2024,4,14
18/05/2024,5,12
18/05/2024,6,14
18/05/2024,7,20
18/05/2024,8,39
18/05/2024,9,62
18/05/2024,10,77
18/05/2024,11,91
18/05/2024,12,100
18/05/2024,13,97
18/05/2024,14,101
18/05/2024,15,117
18/05/2024,16,120
18/05/2024,17,120
18/05/2024,18,108
18/05/2024,19,102
18/05/2024,20,87
18/05/2024,21,67
18/05/2024,22,58
18/05/2024,23,55
18/06/2023,0,65
18/06/2023,1,51
18/06/2023,2,41
18/06/2023,3,17
18/06/2023,4,14
18/06/2023,5,11
18/06/2023,6,11
18/06/2023,7,16
18/06/2023,8,29
18/06/2023,9,60
18/06/2023,10,69
18/06/2023,11,86
18/06/2023,12,97
18/06/2023,13,94
18/06/2023,14,95
18/06/2023,15,120
18/06/2023,16,119
18/06/2023,17,119
18/06/2023,18,84
18/06/2023,19,63
18/06/2023,20,56
18/06/2023,21,45
18/06/2023,22,40
18/06/2023,23,33
18/06/2024,0,30
18/06/2024,1,16
18/06/2024,2,9
18/06/2024,3,5
18/06/2024,4,5
18/06/2024,5,8
18/06/2024,6,23
18/06/2024,7,57
18/06/2024,8,112
18/06/2024,9,137
18/06/2024,10,67
18/06/2024,11,63
18/06/2024,12,85
18/06/2024,13,83
18/06/2024,14,82
18/06/2024,15,78
18/06/2024,16,93
18/06/2024,17,140
18/06/2024,18,201
18/06/2024,19,185
18/06/2024,20,114
18/06/2024,21,72
18/06/2024,22,68
18/06/2024,23,59
18/07/2023,0,29
18/07/2023,1,14
18/07/2023,2,9
18/07/2023,3,5
18/07/2023,4,5
18/07/2023,5,10
18/07/2023,6,23
18/07/2023,7,79
18/07/2023,8,253
18/07/2023,9,245
18/07/2023,10,91
18/07/2023,11,76
18/07/2023,12,98
18/07/2023,13,90
18/07/2023,14,87
18/07/2023,15,84
18/07/2023,16,99
18/07/2023,17,159
18/07/2023,18,272
18/07/2023,19,258
18/07/2023,20,149
18/07/2023,21,92
18/07/2023,22,82
18/07/2023,23,78
18/07/2024,0,45
18/07/2024,1,26
18/07/2024,2,15
18/07/2024,3,9
18/07/2024,4,7
18/07/2024,5,11
18/07/2024,6,24
18/07/2024,7,63
18/07/2024,8,197
18/07/2024,9,208
18/07/2024,10,85
18/07/2024,11,73
18/07/2024,12,92
18/07/2024,13,88
18/07/2024,14,87
18/07/2024,15,79
18/07/2024,16,94
18/07/2024,17,138
18/07/2024,18,217
18/07/2024,19,207
18/07/2024,20,134
18/07/2024,21,88
18/07/2024,22,81
18/07/2024,23,78
18/08/2023,0,29
18/08/2023,1,17
18/08/2023,2,12
18/08/2023,3,6
18/08/2023,4,6
18/08/2023,5,7
18/08/2023,6,15
18/08/2023,7,42
18/08/2023,8,90
18/08/2023,9,91
18/08/2023,10,57
18/08/2023,11,53
18/08/2023,12,66
18/08/2023,13,63
18/08/2023,14,61
18/08/2023,15,65
18/08/2023,16,76
18/08/2023,17,109
18/08/2023,18,128
18/08/2023,19,115
18/08/2023,20,84
18/08/2023,21,62
18/08/2023,22,49
18/08/2023,23,45
18/08/2024,0,14
18/08/2024,1,11
18/08/2024,2,10
18/08/2024,3,7
18/08/2024,4,5
18/08/2024,5,5
18/08/2024,6,7
18/08/2024,7,9
18/08/2024,8,15
18/08/2024,9,25
18/08/2024,10,37
18/08/2024,11,49
18/08/2024,12,57
18/08/2024,13,56
18/08/2024,14,63
18/08/2024,15,73
18/08/2024,16,75
18/08/2024,17,75
18/08/2024,18,73
18/08/2024,19,65
18/08/2024,20,55
18/08/2024,21,43
18/08/2024,22,35
18/08/2024,23,29
18/09/2023,0,16
18/09/2023,1,8
18/09/2023,2,6
18/09/2023,3,3
18/09/2023,4,4
18/09/2023,5,7
18/09/2023,6,22
18/09/2023,7,94
18/09/2023,8,303
18/09/2023,9,245
18/09/2023,10,91
18/09/2023,11,80
18/09/2023,12,102
18/09/2023,13,109
18/09/2023,14,98
18/09/2023,15,96
18/09/2023,16,122
18/09/2023,17,202
18/09/2023,18,286
18/09/2023,19,233
18/09/2023,20,120
18/09/2023,21,71
18/09/2023,22,64
18/09/2023,23,41
18/09/2024,0,33
18/09/2024,1,16
18/09/2024,2,9
18/09/2024,3,5
18/09/2024,4,5
18/09/2024,5,9
18/09/2024,6,22
18/09/2024,7,87
18/09/2024,8,273
18/09/2024,9,243
18/09/2024,10,102
18/09/2024,11,91
18/09/2024,12,125
18/09/2024,13,119
18/09/2024,14,111
18/09/2024,15,107
18/09/2024,16,119
18/09/2024,17,186
18/09/2024,18,295
18/09/2024,19,269
18/09/2024,20,158
18/09/2024,21,93
18/09/2024,22,85
18/09/2024,23,85
18/10/2023,0,28
18/10/2023,1,13
18/10/2023,2,7
18/10/2023,3,4
18/10/2023,4,3
18/10/2023,5,7
18/10/2023,6,18
18/10/2023,7,79
18/10/2023,8,262
18/10/2023,9,248
18/10/2023,10,103
18/10/2023,11,88
18/10/2023,12,118
18/10/2023,13,107
18/10/2023,14,80
18/10/2023,15,53
18/10/2023,16,70
18/10/2023,17,135
18/10/2023,18,237
18/10/2023,19,228
18/10/2023,20,124
18/10/2023,21,75
18/10/2023,22,76
18/10/2023,23,63
18/10/2024,0,31
18/10/2024,1,17
18/10/2024,2,10
18/10/2024,3,6
18/10/2024,4,5
18/10/2024,5,9
18/10/2024,6,15
18/10/2024,7,50
18/10/2024,8,144
18/10/2024,9,144
18/10/2024,10,75
18/10/2024,11,67
18/10/2024,12,97
18/10/2024,13,92
18/10/2024,14,95
18/10/2024,15,85
18/10/2024,16,102
18/10/2024,17,144
18/10/2024,18,183
18/10/2024,19,168
18/10/2024,20,113
18/10/2024,21,73
18/10/2024,22,62
18/10/2024,23,61
18/11/2023,0,46
18/11/2023,1,31
18/11/2023,2,25
18/11/2023,3,16
18/11/2023,4,12
18/11/2023,5,10
18/11/2023,6,8
18/11/2023,7,12
18/11/2023,8,23
18/11/2023,9,33
18/11/2023,10,35
18/11/2023,11,39
18/11/2023,12,55
18/11/2023,13,52
18/11/2023,14,51
18/11/2023,15,42
18/11/2023,16,37
18/11/2023,17,47
18/11/2023,18,68
18/11/2023,19,75
18/11/2023,20,61
18/11/2023,21,42
18/11/2023,22,36
18/11/2023,23,36
18/11/2024,0,15
18/11/2024,1,9
18/11/2024,2,6
18/11/2024,3,4
18/11/2024,4,4
18/11/2024,5,8
18/11/2024,6,19
18/11/2024,7,69
18/11/2024,8,236
18/11/2024,9,193
18/11/2024,10,64
18/11/2024,11,51
18/11/2024,12,65
18/11/2024,13,72
18/11/2024,14,62
18/11/2024,15,61
18/11/2024,16,69
18/11/2024,17,117
18/11/2024,18,188
18/11/2024,19,165
18/11/2024,20,88
18/11/2024,21,54
18/11/2024,22,43
18/11/2024,23,27
18/12/2023,0,13
18/12/2023,1,7
18/12/2023,2,5
18/12/2023,3,3
18/12/2023,4,3
18/12/2023,5,6
18/12/2023,6,17
18/12/2023,7,67
18/12/2023,8,241
18/12/2023,9,213
18/12/2023,10,77
18/12/2023,11,63
18/12/2023,12,84
18/12/2023,13,82
18/12/2023,14,76
18/12/2023,15,72
18/12/2023,16,93
18/12/2023,17,151
18/12/2023,18,225
18/12/2023,19,204
18/12/2023,20,104
18/12/2023,21,57
18/12/2023,22,53
18/12/2023,23,41
18/12/2024,0,31
18/12/2024,1,16
18/12/2024,2,10
18/12/2024,3,5
18/12/2024,4,5
18/12/2024,5,7
18/12/2024,6,16
18/12/2024,7,59
18/12/2024,8,185
18/12/2024,9,188
18/12/2024,10,79
18/12/2024,11,73
18/12/2024,12,102
18/12/2024,13,98
18/12/2024,14,92
18/12/2024,15,83
18/12/2024,16,94
18/12/2024,17,134
18/12/2024,18,200
18/12/2024,19,188
18/12/2024,20,108
18/12/2024,21,66
18/12/2024,22,65
18/12/2024,23,59
19/01/2023,0,27
19/01/2023,1,13
19/01/2023,2,8
19/01/2023,3,5
19/01/2023,4,4
19/01/2023,5,8
19/01/2023,6,25
19/01/2023,7,88
19/01/2023,8,252
19/01/2023,9,247
19/01/2023,10,117
19/01/2023,11,96
19/01/2023,12,124
19/01/2023,13,149
19/01/2023,14,141
19/01/2023,15,112
19/01/2023,16,134
19/01/2023,17,177
19/01/2023,18,246
19/01/2023,19,240
19/01/2023,20,146
19/01/2023,21,74
19/01/2023,22,65
19/01/2023,23,72
19/01/2024,0,19
19/01/2024,1,13
19/01/2024,2,8
19/01/2024,3,5
19/01/2024,4,4
19/01/2024,5,6
19/01/2024,6,11
19/01/2024,7,36
19/01/2024,8,116
19/01/2024,9,110
19/01/2024,10,52
19/01/2024,11,48
19/01/2024,12,67
19/01/2024,13,65
19/01/2024,14,64
19/01/2024,15,62
19/01/2024,16,72
19/01/2024,17,95
19/01/2024,18,115
19/01/2024,19,102
19/01/2024,20,67
19/01/2024,21,40
19/01/2024,22,33
19/01/2024,23,33
19/02/2023,0,36
19/02/2023,1,28
19/02/2023,2,25
19/02/2023,3,14
19/02/2023,4,11
19/02/2023,5,9
19/02/2023,6,8
19/02/2023,7,9
19/02/2023,8,18
19/02/2023,9,34
19/02/2023,10,49
19/02/2023,11,71
19/02/2023,12,85
19/02/2023,13,73
19/02/2023,14,81
19/02/2023,15,102
19/02/2023,16,109
19/02/2023,17,109
19/02/2023,18,99
19/02/2023,19,78
19/02/2023,20,53
19/02/2023,21,37
19/02/2023,22,29
19/02/2023,23,20
19/02/2024,0,12
19/02/2024,1,8
19/02/2024,2,6
19/02/2024,3,4
19/02/2024,4,3
19/02/2024,5,8
19/02/2024,6,16
19/02/2024,7,48
19/02/2024,8,166
19/02/2024,9,170
19/02/2024,10,60
19/02/2024,11,52
19/02/2024,12,61
19/02/2024,13,64
19/02/2024,14,57
19/02/2024,15,53
19/02/2024,16,63
19/02/2024,17,102
19/02/2024,18,180
19/02/2024,19,161
19/02/2024,20,87
19/02/2024,21,50
19/02/2024,22,44
19/02/2024,23,29
19/03/2023,0,39
19/03/2023,1,28
19/03/2023,2,25
19/03/2023,3,15
19/03/2023,4,11
19/03/2023,5,7
19/03/2023,6,7
19/03/2023,7,10
19/03/2023,8,21
19/03/2023,9,39
19/03/2023,10,59
19/03/2023,11,50
19/03/2023,12,55
19/03/2023,13,58
19/03/2023,14,66
19/03/2023,15,78
19/03/2023,16,87
19/03/2023,17,92
19/03/2023,18,92
19/03/2023,19,79
19/03/2023,20,53
19/03/2023,21,38
19/03/2023,22,29
19/03/2023,23,20
19/03/2024,0,19
19/03/2024,1,9
19/03/2024,2,6
19/03/2024,3,5
19/03/2024,4,4
19/03/2024,5,8
19/03/2024,6,22
19/03/2024,7,83
19/03/2024,8,267
19/03/2024,9,216
19/03/2024,10,83
19/03/2024,11,73
19/03/2024,12,97
19/03/2024,13,98
19/03/2024,14,92
19/03/2024,15,89
19/03/2024,16,109
19/03/2024,17,171
19/03/2024,18,269
19/03/2024,19,231
19/03/2024,20,126
19/03/2024,21,75
19/03/2024,22,71
19/03/2024,23,56
19/04/2023,0,27
19/04/2023,1,12
19/04/2023,2,7
19/04/2023,3,4
19/04/2023,4,3
19/04/2023,5,6
19/04/2023,6,18
19/04/2023,7,80
19/04/2023,8,266
19/04/2023,9,237
19/04/2023,10,94
19/04/2023,11,81
19/04/2023,12,113
19/04/2023,13,111
19/04/2023,14,103
19/04/2023,15,97
19/04/2023,16,114
19/04/2023,17,175
19/04/2023,18,276
19/04/2023,19,255
19/04/2023,20,149
19/04/2023,21,81
19/04/2023,22,78
19/04/2023,23,73
19/04/2024,0,39
19/04/2024,1,20
19/04/2024,2,12
19/04/2024,3,7
19/04/2024,4,6
19/04/2024,5,9
19/04/2024,6,17
19/04/2024,7,44
19/04/2024,8,121
19/04/2024,9,135
19/04/2024,10,69
19/04/2024,11,58
19/04/2024,12,80
19/04/2024,13,76
19/04/2024,14,70
19/04/2024,15,66
19/04/2024,16,67
19/04/2024,17,104
19/04/2024,18,135
19/04/2024,19,89
19/04/2024,20,77
19/04/2024,21,53
19/04/2024,22,46
19/04/2024,23,40
19/05/2023,0,29
19/05/2023,1,17
19/05/2023,2,10
19/05/2023,3,6
19/05/2023,4,5
19/05/2023,5,7
19/05/2023,6,13
19/05/2023,7,29
19/05/2023,8,75
19/05/2023,9,94
19/05/2023,10,74
19/05/2023,11,81
19/05/2023,12,92
19/05/2023,13,90
19/05/2023,14,95
19/05/2023,15,101
19/05/2023,16,114
19/05/2023,17,128
19/05/2023,18,146
19/05/2023,19,135
19/05/2023,20,95
19/05/2023,21,64
19/05/2023,22,52
19/05/2023,23,47
19/05/2024,0,48
19/05/2024,1,35
19/05/2024,2,28
19/05/2024,3,17
19/05/2024,4,14
19/05/2024,5,10
19/05/2024,6,10
19/05/2024,7,13
19/05/2024,8,24
19/05/2024,9,37
19/05/2024,10,57
19/05/2024,11,67
19/05/2024,12,74
19/05/2024,13,74
19/05/2024,14,67
19/05/2024,15,81
19/05/2024,16,92
19/05/2024,17,104
19/05/2024,18,111
19/05/2024,19,104
19/05/2024,20,80
19/05/2024,21,59
19/05/2024,22,53
19/05/2024,23,47
19/06/2023,0,20
19/06/2023,1,13
19/06/2023,2,7
19/06/2023,3,4
19/06/2023,4,4
19/06/2023,5,10
19/06/2023,6,25
19/06/2023,7,83
19/06/2023,8,272
19/06/2023,9,241
19/06/2023,10,89
19/06/2023,11,76
19/06/2023,12,100
19/06/2023,13,99
19/06/2023,14,94
19/06/2023,15,76
19/06/2023,16,104
19/06/2023,17,169
19/06/2023,18,259
19/06/2023,19,238
19/06/2023,20,133
19/06/2023,21,77
19/06/2023,22,67
19/06/2023,23,56
19/06/2024,0,30
19/06/2024,1,15
19/06/2024,2,10
19/06/2024,3,6
19/06/2024,4,5
19/06/2024,5,9
19/06/2024,6,22
19/06/2024,7,69
19/06/2024,8,227
19/06/2024,9,217
19/06/2024,10,89
19/06/2024,11,76
19/06/2024,12,102
19/06/2024,13,100
19/06/2024,14,92
19/06/2024,15,86
19/06/2024,16,100
19/06/2024,17,160
19/06/2024,18,247
19/06/2024,19,230
19/06/2024,20,145
19/06/2024,21,88
19/06/2024,22,84
19/06/2024,23,77
19/07/2023,0,46
19/07/2023,1,36
19/07/2023,2,20
19/07/2023,3,7
19/07/2023,4,5
19/07/2023,5,9
19/07/2023,6,21
19/07/2023,7,72
19/07/2023,8,230
19/07/2023,9,235
19/07/2023,10,91
19/07/2023,11,77
19/07/2023,12,102
19/07/2023,13,92
19/07/2023,14,89
19/07/2023,15,85
19/07/2023,16,100
19/07/2023,17,156
19/07/2023,18,263
19/07/2023,19,253
19/07/2023,20,157
19/07/2023,21,96
19/07/2023,22,84
19/07/2023,23,82
19/07/2024,0,52
19/07/2024,1,33
19/07/2024,2,21
19/07/2024,3,11
19/07/2024,4,9
19/07/2024,5,12
19/07/2024,6,23
19/07/2024,7,55
19/07/2024,8,135
19/07/2024,9,142
19/07/2024,10,75
19/07/2024,11,69
19/07/2024,12,85
19/07/2024,13,82
19/07/2024,14,82
19/07/2024,15,78
19/07/2024,16,96
19/07/2024,17,133
19/07/2024,18,161
19/07/2024,19,153
19/07/2024,20,110
19/07/2024,21,74
19/07/2024,22,67
19/07/2024,23,61
19/08/2023,0,38
19/08/2023,1,24
19/08/2023,2,17
19/08/2023,3,10
19/08/2023,4,8
19/08/2023,5,8
19/08/2023,6,10
19/08/2023,7,14
19/08/2023,8,25
19/08/2023,9,37
19/08/2023,10,35
19/08/2023,11,34
19/08/2023,12,34
19/08/2023,13,53
19/08/2023,14,64
19/08/2023,15,80
19/08/2023,16,90
19/08/2023,17,92
19/08/2023,18,92
19/08/2023,19,92
19/08/2023,20,80
19/08/2023,21,56
19/08/2023,22,47
19/08/2023,23,43
19/08/2024,0,19
19/08/2024,1,13
19/08/2024,2,8
19/08/2024,3,5
19/08/2024,4,5
19/08/2024,5,8
19/08/2024,6,16
19/08/2024,7,41
19/08/2024,8,109
19/08/2024,9,106
19/08/2024,10,49
19/08/2024,11,47
19/08/2024,12,57
19/08/2024,13,58
19/08/2024,14,58
19/08/2024,15,62
19/08/2024,16,73
19/08/2024,17,112
19/08/2024,18,160
19/08/2024,19,119
19/08/2024,20,77
19/08/2024,21,50
19/08/2024,22,42
19/08/2024,23,33
19/09/2023,0,20
19/09/2023,1,10
19/09/2023,2,6
19/09/2023,3,4
19/09/2023,4,4
19/09/2023,5,8
19/09/2023,6,23
19/09/2023,7,109
19/09/2023,8,358
19/09/2023,9,296
19/09/2023,10,108
19/09/2023,11,95
19/09/2023,12,124
19/09/2023,13,119
19/09/2023,14,111
19/09/2023,15,107
19/09/2023,16,137
19/09/2023,17,230
19/09/2023,18,348
19/09/2023,19,308
19/09/2023,20,170
19/09/2023,21,92
19/09/2023,22,85
19/09/2023,23,87
19/09/2024,0,40
19/09/2024,1,21
19/09/2024,2,12
19/09/2024,3,6
19/09/2024,4,5
19/09/2024,5,9
19/09/2024,6,23
19/09/2024,7,86
19/09/2024,8,289
19/09/2024,9,253
19/09/2024,10,105
19/09/2024,11,91
19/09/2024,12,127
19/09/2024,13,120
19/09/2024,14,114
19/09/2024,15,107
19/09/2024,16,130
19/09/2024,17,205
19/09/2024,18,294
19/09/2024,19,262
19/09/2024,20,155
19/09/2024,21,97
19/09/2024,22,89
19/09/2024,23,82
19/10/2023,0,34
19/10/2023,1,17
19/10/2023,2,9
19/10/2023,3,5
19/10/2023,4,5
19/10/2023,5,8
19/10/2023,6,20
19/10/2023,7,81
19/10/2023,8,249
19/10/2023,9,237
19/10/2023,10,96
19/10/2023,11,82
19/10/2023,12,115
19/10/2023,13,119
19/10/2023,14,110
19/10/2023,15,110
19/10/2023,16,132
19/10/2023,17,199
19/10/2023,18,298
19/10/2023,19,261
19/10/2023,20,134
19/10/2023,21,73
19/10/2023,22,72
19/10/2023,23,68
19/10/2024,0,54
19/10/2024,1,36
19/10/2024,2,32
19/10/2024,3,18
19/10/2024,4,13
19/10/2024,5,11
19/10/2024,6,11
19/10/2024,7,16
19/10/2024,8,33
19/10/2024,9,55
19/10/2024,10,65
19/10/2024,11,57
19/10/2024,12,64
19/10/2024,13,75
19/10/2024,14,82
19/10/2024,15,98
19/10/2024,16,105
19/10/2024,17,112
19/10/2024,18,83
19/10/2024,19,68
19/10/2024,20,70
19/10/2024,21,53
19/10/2024,22,40
19/10/2024,23,41
19/11/2023,0,35
19/11/2023,1,29
19/11/2023,2,28
19/11/2023,3,17
19/11/2023,4,12
19/11/2023,5,8
19/11/2023,6,8
19/11/2023,7,11
19/11/2023,8,24
19/11/2023,9,43
19/11/2023,10,68
19/11/2023,11,86
19/11/2023,12,107
19/11/2023,13,102
19/11/2023,14,106
19/11/2023,15,121
19/11/2023,16,128
19/11/2023,17,124
19/11/2023,18,105
19/11/2023,19,90
19/11/2023,20,59
19/11/2023,21,43
19/11/2023,22,35
19/11/2023,23,27
19/11/2024,0,14
19/11/2024,1,7
19/11/2024,2,5
19/11/2024,3,3
19/11/2024,4,4
19/11/2024,5,8
19/11/2024,6,18
19/11/2024,7,64
19/11/2024,8,218
19/11/2024,9,186
19/11/2024,10,70
19/11/2024,11,48
19/11/2024,12,51
19/11/2024,13,54
19/11/2024,14,52
19/11/2024,15,46
19/11/2024,16,56
19/11/2024,17,91
19/11/2024,18,146
19/11/2024,19,140
19/11/2024,20,84
19/11/2024,21,51
19/11/2024,22,47
19/11/2024,23,34
19/12/2023,0,20
19/12/2023,1,10
19/12/2023,2,5
19/12/2023,3,3
19/12/2023,4,3
19/12/2023,5,6
19/12/2023,6,17
19/12/2023,7,71
19/12/2023,8,249
19/12/2023,9,224
19/12/2023,10,84
19/12/2023,11,74
19/12/2023,12,96
19/12/2023,13,92
19/12/2023,14,86
19/12/2023,15,83
19/12/2023,16,103
19/12/2023,17,156
19/12/2023,18,205
19/12/2023,19,176
19/12/2023,20,96
19/12/2023,21,50
19/12/2023,22,50
19/12/2023,23,49
19/12/2024,0,37
19/12/2024,1,21
19/12/2024,2,14
19/12/2024,3,7
19/12/2024,4,6
19/12/2024,5,8
19/12/2024,6,16
19/12/2024,7,53
19/12/2024,8,154
19/12/2024,9,146
19/12/2024,10,65
19/12/2024,11,65
19/12/2024,12,87
19/12/2024,13,84
19/12/2024,14,77
19/12/2024,15,66
19/12/2024,16,82
19/12/2024,17,113
19/12/2024,18,161
19/12/2024,19,149
19/12/2024,20,95
19/12/2024,21,61
19/12/2024,22,54
19/12/2024,23,47
20/01/2023,0,42
20/01/2023,1,15
20/01/2023,2,9
20/01/2023,3,4
20/01/2023,4,4
20/01/2023,5,6
20/01/2023,6,15
20/01/2023,7,59
20/01/2023,8,182
20/01/2023,9,178
20/01/2023,10,82
20/01/2023,11,70
20/01/2023,12,96
20/01/2023,13,88
20/01/2023,14,89
20/01/2023,15,87
20/01/2023,16,105
20/01/2023,17,143
20/01/2023,18,184
20/01/2023,19,165
20/01/2023,20,101
20/01/2023,21,56
20/01/2023,22,49
20/01/2023,23,44
20/01/2024,0,26
20/01/2024,1,18
20/01/2024,2,17
20/01/2024,3,10
20/01/2024,4,8
20/01/2024,5,7
20/01/2024,6,7
20/01/2024,7,10
20/01/2024,8,21
20/01/2024,9,36
20/01/2024,10,44
20/01/2024,11,52
20/01/2024,12,64
20/01/2024,13,64
20/01/2024,14,66
20/01/2024,15,72
20/01/2024,16,78
20/01/2024,17,72
20/01/2024,18,72
20/01/2024,19,70
20/01/2024,20,54
20/01/2024,21,33
20/01/2024,22,29
20/01/2024,23,28
20/02/2023,0,12
20/02/2023,1,6
20/02/2023,2,4
20/02/2023,3,3
20/02/2023,4,3
20/02/2023,5,5
20/02/2023,6,15
20/02/2023,7,54
20/02/2023,8,200
20/02/2023,9,200
20/02/2023,10,68
20/02/2023,11,57
20/02/2023,12,75
20/02/2023,13,77
20/02/2023,14,73
20/02/2023,15,72
20/02/2023,16,87
20/02/2023,17,136
20/02/2023,18,221
20/02/2023,19,201
20/02/2023,20,102
20/02/2023,21,54
20/02/2023,22,48
20/02/2023,23,32
20/02/2024,0,16
20/02/2024,1,9
20/02/2024,2,5
20/02/2024,3,4
20/02/2024,4,4
20/02/2024,5,8
20/02/2024,6,18
20/02/2024,7,52
20/02/2024,8,193
20/02/2024,9,191
20/02/2024,10,72
20/02/2024,11,56
20/02/2024,12,70
20/02/2024,13,71
20/02/2024,14,68
20/02/2024,15,62
20/02/2024,16,73
20/02/2024,17,119
20/02/2024,18,206
20/02/2024,19,191
20/02/2024,20,103
20/02/2024,21,60
20/02/2024,22,54
20/02/2024,23,46
20/03/2023,0,11
20/03/2023,1,6
20/03/2023,2,4
20/03/2023,3,3
20/03/2023,4,3
20/03/2023,5,7
20/03/2023,6,18
20/03/2023,7,77
20/03/2023,8,270
20/03/2023,9,219
20/03/2023,10,76
20/03/2023,11,66
20/03/2023,12,89
20/03/2023,13,89
20/03/2023,14,77
20/03/2023,15,76
20/03/2023,16,96
20/03/2023,17,163
20/03/2023,18,255
20/03/2023,19,229
20/03/2023,20,117
20/03/2023,21,61
20/03/2023,22,56
20/03/2023,23,39
20/03/2024,0,27
20/03/2024,1,13
20/03/2024,2,8
20/03/2024,3,5
20/03/2024,4,4
20/03/2024,5,8
20/03/2024,6,21
20/03/2024,7,77
20/03/2024,8,242
20/03/2024,9,210
20/03/2024,10,88
20/03/2024,11,80
20/03/2024,12,105
20/03/2024,13,104
20/03/2024,14,100
20/03/2024,15,93
20/03/2024,16,108
20/03/2024,17,169
20/03/2024,18,263
20/03/2024,19,230
20/03/2024,20,132
20/03/2024,21,77
20/03/2024,22,80
20/03/2024,23,64
20/04/2023,0,34
20/04/2023,1,17
20/04/2023,2,8
20/04/2023,3,5
20/04/2023,4,4
20/04/2023,5,8
20/04/2023,6,20
20/04/2023,7,81
20/04/2023,8,280
20/04/2023,9,243
20/04/2023,10,97
20/04/2023,11,82
20/04/2023,12,108
20/04/2023,13,101
20/04/2023,14,92
20/04/2023,15,83
20/04/2023,16,104
20/04/2023,17,165
20/04/2023,18,251
20/04/2023,19,242
20/04/2023,20,139
20/04/2023,21,75
20/04/2023,22,72
20/04/2023,23,67
20/04/2024,0,34
20/04/2024,1,23
20/04/2024,2,20
20/04/2024,3,13
20/04/2024,4,10
20/04/2024,5,10
20/04/2024,6,10
20/04/2024,7,15
20/04/2024,8,29
20/04/2024,9,48
20/04/2024,10,60
20/04/2024,11,73
20/04/2024,12,81
20/04/2024,13,74
20/04/2024,14,75
20/04/2024,15,88
20/04/2024,16,93
20/04/2024,17,91
20/04/2024,18,95
20/04/2024,19,96
20/04/2024,20,76
20/04/2024,21,54
20/04/2024,22,44
20/04/2024,23,42
20/05/2023,0,37
20/05/2023,1,22
20/05/2023,2,17
20/05/2023,3,11
20/05/2023,4,9
20/05/2023,5,8
20/05/2023,6,9
20/05/2023,7,14
20/05/2023,8,28
20/05/2023,9,48
20/05/2023,10,63
20/05/2023,11,78
20/05/2023,12,95
20/05/2023,13,92
20/05/2023,14,98
20/05/2023,15,111
20/05/2023,16,115
20/05/2023,17,116
20/05/2023,18,115
20/05/2023,19,107
20/05/2023,20,80
20/05/2023,21,58
20/05/2023,22,49
20/05/2023,23,44
20/05/2024,0,33
20/05/2024,1,20
20/05/2024,2,15
20/05/2024,3,9
20/05/2024,4,7
20/05/2024,5,7
20/05/2024,6,11
20/05/2024,7,22
20/05/2024,8,62
20/05/2024,9,86
20/05/2024,10,76
20/05/2024,11,89
20/05/2024,12,103
20/05/2024,13,96
20/05/2024,14,103
20/05/2024,15,113
20/05/2024,16,116
20/05/2024,17,74
20/05/2024,18,87
20/05/2024,19,93
20/05/2024,20,67
20/05/2024,21,48
20/05/2024,22,40
20/05/2024,23,31
20/06/2023,0,29
20/06/2023,1,15
20/06/2023,2,9
20/06/2023,3,5
20/06/2023,4,4
20/06/2023,5,9
20/06/2023,6,25
20/06/2023,7,91
20/06/2023,8,307
20/06/2023,9,264
20/06/2023,10,97
20/06/2023,11,86
20/06/2023,12,105
20/06/2023,13,106
20/06/2023,14,97
20/06/2023,15,93
20/06/2023,16,115
20/06/2023,17,184
20/06/2023,18,268
20/06/2023,19,260
20/06/2023,20,156
20/06/2023,21,95
20/06/2023,22,93
20/06/2023,23,107
20/06/2024,0,48
20/06/2024,1,24
20/06/2024,2,14
20/06/2024,3,8
20/06/2024,4,6
20/06/2024,5,9
20/06/2024,6,23
20/06/2024,7,72
20/06/2024,8,241
20/06/2024,9,220
20/06/2024,10,92
20/06/2024,11,77
20/06/2024,12,109
20/06/2024,13,105
20/06/2024,14,98
20/06/2024,15,96
20/06/2024,16,115
20/06/2024,17,168
20/06/2024,18,247
20/06/2024,19,222
20/06/2024,20,125
20/06/2024,21,85
20/06/2024,22,81
20/06/2024,23,75
20/07/2023,0,55
20/07/2023,1,27
20/07/2023,2,14
20/07/2023,3,7
20/07/2023,4,23
20/07/2023,5,9
20/07/2023,6,21
20/07/2023,7,70
20/07/2023,8,230
20/07/2023,9,233
20/07/2023,10,94
20/07/2023,11,117
20/07/2023,12,98
20/07/2023,13,94
20/07/2023,14,92
20/07/2023,15,88
20/07/2023,16,101
20/07/2023,17,161
20/07/2023,18,256
20/07/2023,19,255
20/07/2023,20,149
20/07/2023,21,91
20/07/2023,22,81
20/07/2023,23,76
20/07/2024,0,58
20/07/2024,1,39
20/07/2024,2,31
20/07/2024,3,20
20/07/2024,4,15
20/07/2024,5,14
20/07/2024,6,15
20/07/2024,7,21
20/07/2024,8,36
20/07/2024,9,54
20/07/2024,10,67
20/07/2024,11,79
20/07/2024,12,81
20/07/2024,13,79
20/07/2024,14,83
20/07/2024,15,94
20/07/2024,16,95
20/07/2024,17,95
20/07/2024,18,102
20/07/2024,19,110
20/07/2024,20,93
20/07/2024,21,71
20/07/2024,22,61
20/07/2024,23,58
20/08/2023,0,37
20/08/2023,1,24
20/08/2023,2,18
20/08/2023,3,10
20/08/2023,4,8
20/08/2023,5,7
20/08/2023,6,9
20/08/2023,7,13
20/08/2023,8,21
20/08/2023,9,37
20/08/2023,10,57
20/08/2023,11,70
20/08/2023,12,75
20/08/2023,13,68
20/08/2023,14,71
20/08/2023,15,82
20/08/2023,16,91
20/08/2023,17,88
20/08/2023,18,89
20/08/2023,19,85
20/08/2023,20,71
20/08/2023,21,55
20/08/2023,22,43
20/08/2023,23,32
20/08/2024,0,21
20/08/2024,1,13
20/08/2024,2,8
20/08/2024,3,4
20/08/2024,4,5
20/08/2024,5,7
20/08/2024,6,16
20/08/2024,7,41
20/08/2024,8,121
20/08/2024,9,127
20/08/2024,10,56
20/08/2024,11,52
20/08/2024,12,64
20/08/2024,13,63
20/08/2024,14,61
20/08/2024,15,62
20/08/2024,16,55
20/08/2024,17,79
20/08/2024,18,95
20/08/2024,19,74
20/08/2024,20,58
20/08/2024,21,43
20/08/2024,22,36
20/08/2024,23,29
20/09/2023,0,42
20/09/2023,1,18
20/09/2023,2,9
20/09/2023,3,5
20/09/2023,4,4
20/09/2023,5,8
20/09/2023,6,23
20/09/2023,7,105
20/09/2023,8,316
20/09/2023,9,276
20/09/2023,10,109
20/09/2023,11,95
20/09/2023,12,131
20/09/2023,13,129
20/09/2023,14,120
20/09/2023,15,115
20/09/2023,16,138
20/09/2023,17,214
20/09/2023,18,328
20/09/2023,19,304
20/09/2023,20,178
20/09/2023,21,99
20/09/2023,22,97
20/09/2023,23,84
20/09/2024,0,51
20/09/2024,1,30
20/09/2024,2,18
20/09/2024,3,10
20/09/2024,4,7
20/09/2024,5,11
20/09/2024,6,21
20/09/2024,7,75
20/09/2024,8,213
20/09/2024,9,190
20/09/2024,10,98
20/09/2024,11,86
20/09/2024,12,119
20/09/2024,13,117
20/09/2024,14,116
20/09/2024,15,112
20/09/2024,16,136
20/09/2024,17,193
20/09/2024,18,214
20/09/2024,19,170
20/09/2024,20,127
20/09/2024,21,82
20/09/2024,22,73
20/09/2024,23,66
20/10/2023,0,43
20/10/2023,1,24
20/10/2023,2,11
20/10/2023,3,6
20/10/2023,4,5
20/10/2023,5,7
20/10/2023,6,15
20/10/2023,7,54
20/10/2023,8,188
20/10/2023,9,183
20/10/2023,10,92
20/10/2023,11,84
20/10/2023,12,109
20/10/2023,13,102
20/10/2023,14,103
20/10/2023,15,99
20/10/2023,16,127
20/10/2023,17,169
20/10/2023,18,215
20/10/2023,19,176
20/10/2023,20,83
20/10/2023,21,58
20/10/2023,22,49
20/10/2023,23,52
20/10/2024,0,39
20/10/2024,1,33
20/10/2024,2,33
20/10/2024,3,19
20/10/2024,4,14
20/10/2024,5,11
20/10/2024,6,10
20/10/2024,7,11
20/10/2024,8,22
20/10/2024,9,33
20/10/2024,10,52
20/10/2024,11,68
20/10/2024,12,84
20/10/2024,13,82
20/10/2024,14,87
20/10/2024,15,100
20/10/2024,16,103
20/10/2024,17,109
20/10/2024,18,108
20/10/2024,19,95
20/10/2024,20,69
20/10/2024,21,52
20/10/2024,22,41
20/10/2024,23,32
20/11/2023,0,16
20/11/2023,1,9
20/11/2023,2,5
20/11/2023,3,3
20/11/2023,4,3
20/11/2023,5,7
20/11/2023,6,19
20/11/2023,7,78
20/11/2023,8,276
20/11/2023,9,241
20/11/2023,10,88
20/11/2023,11,72
20/11/2023,12,90
20/11/2023,13,87
20/11/2023,14,77
20/11/2023,15,68
20/11/2023,16,91
20/11/2023,17,162
20/11/2023,18,244
20/11/2023,19,224
20/11/2023,20,115
20/11/2023,21,61
20/11/2023,22,54
20/11/2023,23,33
20/11/2024,0,18
20/11/2024,1,9
20/11/2024,2,6
20/11/2024,3,4
20/11/2024,4,4
20/11/2024,5,7
20/11/2024,6,17
20/11/2024,7,63
20/11/2024,8,206
20/11/2024,9,196
20/11/2024,10,82
20/11/2024,11,72
20/11/2024,12,101
20/11/2024,13,99
20/11/2024,14,89
20/11/2024,15,79
20/11/2024,16,93
20/11/2024,17,137
20/11/2024,18,210
20/11/2024,19,188
20/11/2024,20,110
20/11/2024,21,65
20/11/2024,22,60
20/11/2024,23,47
20/12/2023,0,28
20/12/2023,1,16
20/12/2023,2,9
20/12/2023,3,4
20/12/2023,4,3
20/12/2023,5,7
20/12/2023,6,17
20/12/2023,7,63
20/12/2023,8,204
20/12/2023,9,203
20/12/2023,10,86
20/12/2023,11,78
20/12/2023,12,106
20/12/2023,13,102
20/12/2023,14,93
20/12/2023,15,86
20/12/2023,16,101
20/12/2023,17,145
20/12/2023,18,220
20/12/2023,19,194
20/12/2023,20,112
20/12/2023,21,65
20/12/2023,22,60
20/12/2023,23,61
20/12/2024,0,35
20/12/2024,1,25
20/12/2024,2,18
20/12/2024,3,9
20/12/2024,4,7
20/12/2024,5,9
20/12/2024,6,17
20/12/2024,7,45
20/12/2024,8,130
20/12/2024,9,132
20/12/2024,10,81
20/12/2024,11,76
20/12/2024,12,101
20/12/2024,13,93
20/12/2024,14,92
20/12/2024,15,89
20/12/2024,16,104
20/12/2024,17,127
20/12/2024,18,141
20/12/2024,19,127
20/12/2024,20,87
20/12/2024,21,56
20/12/2024,22,45
20/12/2024,23,35
21/01/2023,0,38
21/01/2023,1,25
21/01/2023,2,22
21/01/2023,3,13
21/01/2023,4,11
21/01/2023,5,10
21/01/2023,6,10
21/01/2023,7,13
21/01/2023,8,31
21/01/2023,9,50
21/01/2023,10,59
21/01/2023,11,75
21/01/2023,12,89
21/01/2023,13,88
21/01/2023,14,95
21/01/2023,15,104
21/01/2023,16,110
21/01/2023,17,106
21/01/2023,18,95
21/01/2023,19,89
21/01/2023,20,70
21/01/2023,21,43
21/01/2023,22,38
21/01/2023,23,35
21/01/2024,0,24
21/01/2024,1,20
21/01/2024,2,18
21/01/2024,3,11
21/01/2024,4,8
21/01/2024,5,6
21/01/2024,6,6
21/01/2024,7,7
21/01/2024,8,13
21/01/2024,9,24
21/01/2024,10,34
21/01/2024,11,43
21/01/2024,12,58
21/01/2024,13,57
21/01/2024,14,59
21/01/2024,15,62
21/01/2024,16,63
21/01/2024,17,63
21/01/2024,18,63
21/01/2024,19,53
21/01/2024,20,40
21/01/2024,21,31
21/01/2024,22,25
21/01/2024,23,18
21/02/2023,0,15
21/02/2023,1,8
21/02/2023,2,4
21/02/2023,3,3
21/02/2023,4,3
21/02/2023,5,6
21/02/2023,6,16
21/02/2023,7,63
21/02/2023,8,229
21/02/2023,9,224
21/02/2023,10,77
21/02/2023,11,64
21/02/2023,12,85
21/02/2023,13,84
21/02/2023,14,80
21/02/2023,15,76
21/02/2023,16,90
21/02/2023,17,146
21/02/2023,18,233
21/02/2023,19,219
21/02/2023,20,115
21/02/2023,21,61
21/02/2023,22,57
21/02/2023,23,50
21/02/2024,0,24
21/02/2024,1,11
21/02/2024,2,7
21/02/2024,3,4
21/02/2024,4,4
21/02/2024,5,7
21/02/2024,6,17
21/02/2024,7,47
21/02/2024,8,159
21/02/2024,9,166
21/02/2024,10,64
21/02/2024,11,56
21/02/2024,12,74
21/02/2024,13,68
21/02/2024,14,57
21/02/2024,15,39
21/02/2024,16,39
21/02/2024,17,69
21/02/2024,18,124
21/02/2024,19,122
21/02/2024,20,68
21/02/2024,21,39
21/02/2024,22,37
21/02/2024,23,30
21/03/2023,0,18
21/03/2023,1,10
21/03/2023,2,5
21/03/2023,3,3
21/03/2023,4,3
21/03/2023,5,6
21/03/2023,6,18
21/03/2023,7,79
21/03/2023,8,293
21/03/2023,9,244
21/03/2023,10,85
21/03/2023,11,72
21/03/2023,12,96
21/03/2023,13,94
21/03/2023,14,87
21/03/2023,15,83
21/03/2023,16,103
21/03/2023,17,169
21/03/2023,18,275
21/03/2023,19,248
21/03/2023,20,134
21/03/2023,21,74
21/03/2023,22,71
21/03/2023,23,56
21/03/2024,0,34
21/03/2024,1,16
21/03/2024,2,9
21/03/2024,3,5
21/03/2024,4,5
21/03/2024,5,9
21/03/2024,6,21
21/03/2024,7,79
21/03/2024,8,264
21/03/2024,9,225
21/03/2024,10,92
21/03/2024,11,79
21/03/2024,12,105
21/03/2024,13,106
21/03/2024,14,101
21/03/2024,15,93
21/03/2024,16,116
21/03/2024,17,181
21/03/2024,18,271
21/03/2024,19,232
21/03/2024,20,129
21/03/2024,21,86
21/03/2024,22,83
21/03/2024,23,68
21/04/2023,0,38
21/04/2023,1,20
21/04/2023,2,12
21/04/2023,3,6
21/04/2023,4,5
21/04/2023,5,7
21/04/2023,6,18
21/04/2023,7,63
21/04/2023,8,201
21/04/2023,9,182
21/04/2023,10,83
21/04/2023,11,73
21/04/2023,12,97
21/04/2023,13,92
21/04/2023,14,93
21/04/2023,15,91
21/04/2023,16,110
21/04/2023,17,161
21/04/2023,18,208
21/04/2023,19,189
21/04/2023,20,119
21/04/2023,21,70
21/04/2023,22,57
21/04/2023,23,55
21/04/2024,0,37
21/04/2024,1,29
21/04/2024,2,25
21/04/2024,3,15
21/04/2024,4,10
21/04/2024,5,8
21/04/2024,6,8
21/04/2024,7,12
21/04/2024,8,22
21/04/2024,9,34
21/04/2024,10,49
21/04/2024,11,64
21/04/2024,12,79
21/04/2024,13,66
21/04/2024,14,69
21/04/2024,15,77
21/04/2024,16,83
21/04/2024,17,86
21/04/2024,18,90
21/04/2024,19,86
21/04/2024,20,65
21/04/2024,21,41
21/04/2024,22,36
21/04/2024,23,28
21/05/2023,0,39
21/05/2023,1,27
21/05/2023,2,20
21/05/2023,3,12
21/05/2023,4,9
21/05/2023,5,8
21/05/2023,6,9
21/05/2023,7,11
21/05/2023,8,23
21/05/2023,9,40
21/05/2023,10,60
21/05/2023,11,77
21/05/2023,12,90
21/05/2023,13,89
21/05/2023,14,96
21/05/2023,15,114
21/05/2023,16,120
21/05/2023,17,125
21/05/2023,18,122
21/05/2023,19,102
21/05/2023,20,76
21/05/2023,21,56
21/05/2023,22,44
21/05/2023,23,30
21/05/2024,0,14
21/05/2024,1,7
21/05/2024,2,5
21/05/2024,3,4
21/05/2024,4,4
21/05/2024,5,9
21/05/2024,6,22
21/05/2024,7,81
21/05/2024,8,262
21/05/2024,9,234
21/05/2024,10,90
21/05/2024,11,75
21/05/2024,12,94
21/05/2024,13,98
21/05/2024,14,93
21/05/2024,15,87
21/05/2024,16,105
21/05/2024,17,132
21/05/2024,18,243
21/05/2024,19,226
21/05/2024,20,133
21/05/2024,21,78
21/05/2024,22,71
21/05/2024,23,54
21/06/2023,0,47
21/06/2023,1,23
21/06/2023,2,12
21/06/2023,3,6
21/06/2023,4,5
21/06/2023,5,9
21/06/2023,6,25
21/06/2023,7,91
21/06/2023,8,284
21/06/2023,9,253
21/06/2023,10,107
21/06/2023,11,93
21/06/2023,12,121
21/06/2023,13,120
21/06/2023,14,109
21/06/2023,15,107
21/06/2023,16,123
21/06/2023,17,195
21/06/2023,18,316
21/06/2023,19,285
21/06/2023,20,187
21/06/2023,21,123
21/06/2023,22,108
21/06/2023,23,114
21/06/2024,0,52
21/06/2024,1,32
21/06/2024,2,21
21/06/2024,3,11
21/06/2024,4,8
21/06/2024,5,11
21/06/2024,6,22
21/06/2024,7,58
21/06/2024,8,120
21/06/2024,9,104
21/06/2024,10,57
21/06/2024,11,60
21/06/2024,12,71
21/06/2024,13,81
21/06/2024,14,88
21/06/2024,15,80
21/06/2024,16,98
21/06/2024,17,142
21/06/2024,18,179
21/06/2024,19,179
21/06/2024,20,143
21/06/2024,21,100
21/06/2024,22,82
21/06/2024,23,92
21/07/2023,0,59
21/07/2023,1,30
21/07/2023,2,17
21/07/2023,3,8
21/07/2023,4,6
21/07/2023,5,9
21/07/2023,6,18
21/07/2023,7,52
21/07/2023,8,153
21/07/2023,9,166
21/07/2023,10,84
21/07/2023,11,72
21/07/2023,12,98
21/07/2023,13,89
21/07/2023,14,90
21/07/2023,15,90
21/07/2023,16,106
21/07/2023,17,153
21/07/2023,18,194
21/07/2023,19,178
21/07/2023,20,127
21/07/2023,21,79
21/07/2023,22,76
21/07/2023,23,61
21/07/2024,0,45
21/07/2024,1,21
21/07/2024,2,24
21/07/2024,3,16
21/07/2024,4,12
21/07/2024,5,11
21/07/2024,6,11
21/07/2024,7,14
21/07/2024,8,23
21/07/2024,9,33
21/07/2024,10,50
21/07/2024,11,61
21/07/2024,12,72
21/07/2024,13,70
21/07/2024,14,64
21/07/2024,15,82
21/07/2024,16,91
21/07/2024,17,95
21/07/2024,18,98
21/07/2024,19,97
21/07/2024,20,77
21/07/2024,21,63
21/07/2024,22,52
21/07/2024,23,37
21/08/2023,0,23
21/08/2023,1,13
21/08/2023,2,8
21/08/2023,3,5
21/08/2023,4,37
21/08/2023,5,70
21/08/2023,6,17
21/08/2023,7,66
21/08/2023,8,163
21/08/2023,9,147
21/08/2023,10,84
21/08/2023,11,53
21/08/2023,12,63
21/08/2023,13,61
21/08/2023,14,58
21/08/2023,15,62
21/08/2023,16,81
21/08/2023,17,132
21/08/2023,18,214
21/08/2023,19,163
21/08/2023,20,92
21/08/2023,21,61
21/08/2023,22,49
21/08/2023,23,38
21/08/2024,0,18
21/08/2024,1,13
21/08/2024,2,8
21/08/2024,3,5
21/08/2024,4,4
21/08/2024,5,7
21/08/2024,6,15
21/08/2024,7,39
21/08/2024,8,113
21/08/2024,9,121
21/08/2024,10,57
21/08/2024,11,54
21/08/2024,12,67
21/08/2024,13,65
21/08/2024,14,65
21/08/2024,15,67
21/08/2024,16,79
21/08/2024,17,118
21/08/2024,18,178
21/08/2024,19,141
21/08/2024,20,86
21/08/2024,21,60
21/08/2024,22,53
21/08/2024,23,42
21/09/2023,0,45
21/09/2023,1,23
21/09/2023,2,11
21/09/2023,3,5
21/09/2023,4,3
21/09/2023,5,7
21/09/2023,6,17
21/09/2023,7,65
21/09/2023,8,199
21/09/2023,9,139
21/09/2023,10,48
21/09/2023,11,43
21/09/2023,12,52
21/09/2023,13,52
21/09/2023,14,52
21/09/2023,15,67
21/09/2023,16,85
21/09/2023,17,148
21/09/2023,18,222
21/09/2023,19,207
21/09/2023,20,134
21/09/2023,21,72
21/09/2023,22,67
21/09/2023,23,76
21/09/2024,0,55
21/09/2024,1,33
21/09/2024,2,30
21/09/2024,3,19
21/09/2024,4,14
21/09/2024,5,11
21/09/2024,6,12
21/09/2024,7,21
21/09/2024,8,44
21/09/2024,9,69
21/09/2024,10,89
21/09/2024,11,103
21/09/2024,12,121
21/09/2024,13,119
21/09/2024,14,125
21/09/2024,15,135
21/09/2024,16,145
21/09/2024,17,144
21/09/2024,18,150
21/09/2024,19,144
21/09/2024,20,111
21/09/2024,21,77
21/09/2024,22,63
21/09/2024,23,61
21/10/2023,0,43
21/10/2023,1,32
21/10/2023,2,27
21/10/2023,3,18
21/10/2023,4,12
21/10/2023,5,11
21/10/2023,6,11
21/10/2023,7,16
21/10/2023,8,32
21/10/2023,9,56
21/10/2023,10,70
21/10/2023,11,85
21/10/2023,12,98
21/10/2023,13,89
21/10/2023,14,89
21/10/2023,15,104
21/10/2023,16,95
21/10/2023,17,97
21/10/2023,18,83
21/10/2023,19,70
21/10/2023,20,54
21/10/2023,21,34
21/10/2023,22,27
21/10/2023,23,31
21/10/2024,0,19
21/10/2024,1,11
21/10/2024,2,7
21/10/2024,3,5
21/10/2024,4,4
21/10/2024,5,8
21/10/2024,6,19
21/10/2024,7,58
21/10/2024,8,204
21/10/2024,9,207
21/10/2024,10,75
21/10/2024,11,68
21/10/2024,12,90
21/10/2024,13,91
21/10/2024,14,83
21/10/2024,15,78
21/10/2024,16,95
21/10/2024,17,146
21/10/2024,18,241
21/10/2024,19,212
21/10/2024,20,114
21/10/2024,21,58
21/10/2024,22,49
21/10/2024,23,33
21/11/2023,0,19
21/11/2023,1,9
21/11/2023,2,5
21/11/2023,3,3
21/11/2023,4,3
21/11/2023,5,7
21/11/2023,6,19
21/11/2023,7,69
21/11/2023,8,254
21/11/2023,9,233
21/11/2023,10,84
21/11/2023,11,61
21/11/2023,12,80
21/11/2023,13,77
21/11/2023,14,78
21/11/2023,15,76
21/11/2023,16,96
21/11/2023,17,159
21/11/2023,18,259
21/11/2023,19,235
21/11/2023,20,126
21/11/2023,21,71
21/11/2023,22,66
21/11/2023,23,53
21/11/2024,0,25
21/11/2024,1,13
21/11/2024,2,8
21/11/2024,3,5
21/11/2024,4,4
21/11/2024,5,8
21/11/2024,6,16
21/11/2024,7,55
21/11/2024,8,178
21/11/2024,9,161
21/11/2024,10,56
21/11/2024,11,34
21/11/2024,12,42
21/11/2024,13,39
21/11/2024,14,32
21/11/2024,15,31
21/11/2024,16,41
21/11/2024,17,65
21/11/2024,18,97
21/11/2024,19,94
21/11/2024,20,57
21/11/2024,21,36
21/11/2024,22,34
21/11/2024,23,29
21/12/2023,0,37
21/12/2023,1,20
21/12/2023,2,12
21/12/2023,3,6
21/12/2023,4,5
21/12/2023,5,8
21/12/2023,6,15
21/12/2023,7,60
21/12/2023,8,199
21/12/2023,9,188
21/12/2023,10,83
21/12/2023,11,70
21/12/2023,12,92
21/12/2023,13,89
21/12/2023,14,73
21/12/2023,15,67
21/12/2023,16,87
21/12/2023,17,139
21/12/2023,18,194
21/12/2023,19,171
21/12/2023,20,103
21/12/2023,21,59
21/12/2023,22,54
21/12/2023,23,49
21/12/2024,0,31
21/12/2024,1,25
21/12/2024,2,22
21/12/2024,3,15
21/12/2024,4,12
21/12/2024,5,10
21/12/2024,6,9
21/12/2024,7,13
21/12/2024,8,22
21/12/2024,9,40
21/12/2024,10,56
21/12/2024,11,64
21/12/2024,12,74
21/12/2024,13,56
21/12/2024,14,52
21/12/2024,15,55
21/12/2024,16,58
21/12/2024,17,58
21/12/2024,18,59
21/12/2024,19,61
21/12/2024,20,49
21/12/2024,21,37
21/12/2024,22,32
21/12/2024,23,25
22/01/2023,0,31
22/01/2023,1,25
22/01/2023,2,23
22/01/2023,3,15
22/01/2023,4,12
22/01/2023,5,8
22/01/2023,6,6
22/01/2023,7,8
22/01/2023,8,17
22/01/2023,9,30
22/01/2023,10,46
22/01/2023,11,56
22/01/2023,12,69
22/01/2023,13,61
22/01/2023,14,63
22/01/2023,15,74
22/01/2023,16,76
22/01/2023,17,69
22/01/2023,18,67
22/01/2023,19,61
22/01/2023,20,43
22/01/2023,21,30
22/01/2023,22,24
22/01/2023,23,21
22/01/2024,0,11
22/01/2024,1,6
22/01/2024,2,4
22/01/2024,3,3
22/01/2024,4,3
22/01/2024,5,6
22/01/2024,6,20
22/01/2024,7,57
22/01/2024,8,182
22/01/2024,9,169
22/01/2024,10,63
22/01/2024,11,50
22/01/2024,12,58
22/01/2024,13,58
22/01/2024,14,58
22/01/2024,15,57
22/01/2024,16,73
22/01/2024,17,122
22/01/2024,18,186
22/01/2024,19,168
22/01/2024,20,94
22/01/2024,21,55
22/01/2024,22,51
22/01/2024,23,35
22/02/2023,0,26
22/02/2023,1,10
22/02/2023,2,6
22/02/2023,3,3
22/02/2023,4,3
22/02/2023,5,5
22/02/2023,6,14
22/02/2023,7,55
22/02/2023,8,191
22/02/2023,9,195
22/02/2023,10,74
22/02/2023,11,57
22/02/2023,12,76
22/02/2023,13,74
22/02/2023,14,68
22/02/2023,15,57
22/02/2023,16,61
22/02/2023,17,110
22/02/2023,18,194
22/02/2023,19,188
22/02/2023,20,102
22/02/2023,21,57
22/02/2023,22,51
22/02/2023,23,45
22/02/2024,0,16
22/02/2024,1,9
22/02/2024,2,6
22/02/2024,3,4
22/02/2024,4,4
22/02/2024,5,7
22/02/2024,6,12
22/02/2024,7,36
22/02/2024,8,111
22/02/2024,9,117
22/02/2024,10,43
22/02/2024,11,37
22/02/2024,12,41
22/02/2024,13,42
22/02/2024,14,40
22/02/2024,15,33
22/02/2024,16,47
22/02/2024,17,60
22/02/2024,18,127
22/02/2024,19,127
22/02/2024,20,76
22/02/2024,21,44
22/02/2024,22,42
22/02/2024,23,37
22/03/2023,0,29
22/03/2023,1,12
22/03/2023,2,6
22/03/2023,3,4
22/03/2023,4,3
22/03/2023,5,7
22/03/2023,6,18
22/03/2023,7,78
22/03/2023,8,248
22/03/2023,9,196
22/03/2023,10,63
22/03/2023,11,55
22/03/2023,12,82
22/03/2023,13,86
22/03/2023,14,80
22/03/2023,15,74
22/03/2023,16,89
22/03/2023,17,143
22/03/2023,18,227
22/03/2023,19,211
22/03/2023,20,120
22/03/2023,21,69
22/03/2023,22,64
22/03/2023,23,57
22/03/2024,0,41
22/03/2024,1,21
22/03/2024,2,13
22/03/2024,3,7
22/03/2024,4,5
22/03/2024,5,10
22/03/2024,6,21
22/03/2024,7,66
22/03/2024,8,203
22/03/2024,9,174
22/03/2024,10,91
22/03/2024,11,81
22/03/2024,12,111
22/03/2024,13,109
22/03/2024,14,103
22/03/2024,15,105
22/03/2024,16,126
22/03/2024,17,183
22/03/2024,18,225
22/03/2024,19,178
22/03/2024,20,110
22/03/2024,21,61
22/03/2024,22,46
22/03/2024,23,41
22/04/2023,0,46
22/04/2023,1,32
22/04/2023,2,27
22/04/2023,3,17
22/04/2023,4,12
22/04/2023,5,11
22/04/2023,6,10
22/04/2023,7,9
22/04/2023,8,15
22/04/2023,9,24
22/04/2023,10,27
22/04/2023,11,40
22/04/2023,12,57
22/04/2023,13,61
22/04/2023,14,70
22/04/2023,15,90
22/04/2023,16,99
22/04/2023,17,102
22/04/2023,18,106
22/04/2023,19,113
22/04/2023,20,89
22/04/2023,21,58
22/04/2023,22,46
22/04/2023,23,47
22/04/2024,0,16
22/04/2024,1,9
22/04/2024,2,5
22/04/2024,3,3
22/04/2024,4,4
22/04/2024,5,8
22/04/2024,6,18
22/04/2024,7,68
22/04/2024,8,241
22/04/2024,9,206
22/04/2024,10,72
22/04/2024,11,63
22/04/2024,12,81
22/04/2024,13,79
22/04/2024,14,70
22/04/2024,15,70
22/04/2024,16,88
22/04/2024,17,144
22/04/2024,18,242
22/04/2024,19,207
22/04/2024,20,108
22/04/2024,21,61
22/04/2024,22,55
22/04/2024,23,35
22/05/2023,0,18
22/05/2023,1,10
22/05/2023,2,6
22/05/2023,3,4
22/05/2023,4,3
22/05/2023,5,7
22/05/2023,6,20
22/05/2023,7,83
22/05/2023,8,278
22/05/2023,9,231
22/05/2023,10,83
22/05/2023,11,70
22/05/2023,12,90
22/05/2023,13,93
22/05/2023,14,84
22/05/2023,15,83
22/05/2023,16,105
22/05/2023,17,176
22/05/2023,18,275
22/05/2023,19,249
22/05/2023,20,131
22/05/2023,21,76
22/05/2023,22,63
22/05/2023,23,42
22/05/2024,0,29
22/05/2024,1,14
22/05/2024,2,8
22/05/2024,3,6
22/05/2024,4,5
22/05/2024,5,9
22/05/2024,6,22
22/05/2024,7,83
22/05/2024,8,250
22/05/2024,9,225
22/05/2024,10,90
22/05/2024,11,79
22/05/2024,12,103
22/05/2024,13,90
22/05/2024,14,81
22/05/2024,15,74
22/05/2024,16,90
22/05/2024,17,153
22/05/2024,18,250
22/05/2024,19,239
22/05/2024,20,138
22/05/2024,21,84
22/05/2024,22,76
22/05/2024,23,68
22/06/2023,0,105
22/06/2023,1,81
22/06/2023,2,48
22/06/2023,3,21
22/06/2023,4,13
22/06/2023,5,12
22/06/2023,6,20
22/06/2023,7,50
22/06/2023,8,128
22/06/2023,9,97
22/06/2023,10,36
22/06/2023,11,32
22/06/2023,12,53
22/06/2023,13,70
22/06/2023,14,76
22/06/2023,15,78
22/06/2023,16,96
22/06/2023,17,145
22/06/2023,18,202
22/06/2023,19,197
22/06/2023,20,131
22/06/2023,21,85
22/06/2023,22,79
22/06/2023,23,82
22/06/2024,0,74
22/06/2024,1,66
22/06/2024,2,70
22/06/2024,3,45
22/06/2024,4,25
22/06/2024,5,14
22/06/2024,6,12
22/06/2024,7,16
22/06/2024,8,27
22/06/2024,9,43
22/06/2024,10,51
22/06/2024,11,66
22/06/2024,12,67
22/06/2024,13,75
22/06/2024,14,83
22/06/2024,15,98
22/06/2024,16,111
22/06/2024,17,120
22/06/2024,18,126
22/06/2024,19,128
22/06/2024,20,105
22/06/2024,21,74
22/06/2024,22,62
22/06/2024,23,61
22/07/2023,0,53
22/07/2023,1,35
22/07/2023,2,26
22/07/2023,3,15
22/07/2023,4,11
22/07/2023,5,11
22/07/2023,6,12
22/07/2023,7,17
22/07/2023,8,34
22/07/2023,9,56
22/07/2023,10,75
22/07/2023,11,88
22/07/2023,12,101
22/07/2023,13,96
22/07/2023,14,96
22/07/2023,15,115
22/07/2023,16,125
22/07/2023,17,118
22/07/2023,18,123
22/07/2023,19,123
22/07/2023,20,99
22/07/2023,21,69
22/07/2023,22,60
22/07/2023,23,58
22/07/2024,0,23
22/07/2024,1,16
22/07/2024,2,11
22/07/2024,3,6
22/07/2024,4,6
22/07/2024,5,11
22/07/2024,6,24
22/07/2024,7,63
22/07/2024,8,174
22/07/2024,9,173
22/07/2024,10,71
22/07/2024,11,65
22/07/2024,12,76
22/07/2024,13,78
22/07/2024,14,78
22/07/2024,15,76
22/07/2024,16,89
22/07/2024,17,134
22/07/2024,18,210
22/07/2024,19,189
22/07/2024,20,113
22/07/2024,21,73
22/07/2024,22,62
22/07/2024,23,51
22/08/2023,0,22
22/08/2023,1,13
22/08/2023,2,7
22/08/2023,3,4
22/08/2023,4,4
22/08/2023,5,7
22/08/2023,6,18
22/08/2023,7,57
22/08/2023,8,186
22/08/2023,9,183
22/08/2023,10,69
22/08/2023,11,61
22/08/2023,12,70
22/08/2023,13,70
22/08/2023,14,71
22/08/2023,15,125
22/08/2023,16,81
22/08/2023,17,161
22/08/2023,18,242
22/08/2023,19,192
22/08/2023,20,137
22/08/2023,21,71
22/08/2023,22,61
22/08/2023,23,55
22/08/2024,0,30
22/08/2024,1,23
22/08/2024,2,11
22/08/2024,3,6
22/08/2024,4,5
22/08/2024,5,8
22/08/2024,6,16
22/08/2024,7,41
22/08/2024,8,119
22/08/2024,9,129
22/08/2024,10,61
22/08/2024,11,56
22/08/2024,12,68
22/08/2024,13,66
22/08/2024,14,68
22/08/2024,15,73
22/08/2024,16,82
22/08/2024,17,124
22/08/2024,18,179
22/08/2024,19,141
22/08/2024,20,91
22/08/2024,21,62
22/08/2024,22,56
22/08/2024,23,49
22/09/2023,0,41
22/09/2023,1,24
22/09/2023,2,13
22/09/2023,3,7
22/09/2023,4,6
22/09/2023,5,9
22/09/2023,6,20
22/09/2023,7,77
22/09/2023,8,187
22/09/2023,9,133
22/09/2023,10,50
22/09/2023,11,51
22/09/2023,12,92
22/09/2023,13,89
22/09/2023,14,91
22/09/2023,15,99
22/09/2023,16,124
22/09/2023,17,180
22/09/2023,18,225
22/09/2023,19,194
22/09/2023,20,127
22/09/2023,21,77
22/09/2023,22,66
22/09/2023,23,60
22/09/2024,0,56
22/09/2024,1,38
22/09/2024,2,33
22/09/2024,3,18
22/09/2024,4,11
22/09/2024,5,10
22/09/2024,6,9
22/09/2024,7,12
22/09/2024,8,20
22/09/2024,9,34
22/09/2024,10,54
22/09/2024,11,69
22/09/2024,12,84
22/09/2024,13,83
22/09/2024,14,85
22/09/2024,15,92
22/09/2024,16,99
22/09/2024,17,101
22/09/2024,18,92
22/09/2024,19,79
22/09/2024,20,60
22/09/2024,21,30
22/09/2024,22,27
22/09/2024,23,25
22/10/2023,0,30
22/10/2023,1,24
22/10/2023,2,27
22/10/2023,3,17
22/10/2023,4,12
22/10/2023,5,97
22/10/2023,6,30
22/10/2023,7,10
22/10/2023,8,35
22/10/2023,9,49
22/10/2023,10,60
22/10/2023,11,74
22/10/2023,12,95
22/10/2023,13,101
22/10/2023,14,114
22/10/2023,15,141
22/10/2023,16,149
22/10/2023,17,151
22/10/2023,18,147
22/10/2023,19,117
22/10/2023,20,82
22/10/2023,21,58
22/10/2023,22,51
22/10/2023,23,41
22/10/2024,0,20
22/10/2024,1,11
22/10/2024,2,7
22/10/2024,3,4
22/10/2024,4,4
22/10/2024,5,8
22/10/2024,6,19
22/10/2024,7,65
22/10/2024,8,225
22/10/2024,9,228
22/10/2024,10,89
22/10/2024,11,76
22/10/2024,12,98
22/10/2024,13,95
22/10/2024,14,95
22/10/2024,15,88
22/10/2024,16,105
22/10/2024,17,161
22/10/2024,18,256
22/10/2024,19,232
22/10/2024,20,132
22/10/2024,21,76
22/10/2024,22,68
22/10/2024,23,69
22/11/2023,0,26
22/11/2023,1,13
22/11/2023,2,6
22/11/2023,3,4
22/11/2023,4,3
22/11/2023,5,7
22/11/2023,6,19
22/11/2023,7,80
22/11/2023,8,267
22/11/2023,9,245
22/11/2023,10,96
22/11/2023,11,79
22/11/2023,12,112
22/11/2023,13,115
22/11/2023,14,102
22/11/2023,15,96
22/11/2023,16,113
22/11/2023,17,170
22/11/2023,18,266
22/11/2023,19,240
22/11/2023,20,131
22/11/2023,21,71
22/11/2023,22,69
22/11/2023,23,62
22/11/2024,0,19
22/11/2024,1,14
22/11/2024,2,10
22/11/2024,3,6
22/11/2024,4,5
22/11/2024,5,7
22/11/2024,6,12
22/11/2024,7,35
22/11/2024,8,103
22/11/2024,9,98
22/11/2024,10,54
22/11/2024,11,54
22/11/2024,12,72
22/11/2024,13,69
22/11/2024,14,72
22/11/2024,15,69
22/11/2024,16,77
22/11/2024,17,103
22/11/2024,18,130
22/11/2024,19,117
22/11/2024,20,80
22/11/2024,21,50
22/11/2024,22,46
22/11/2024,23,45
22/12/2023,0,33
22/12/2023,1,21
22/12/2023,2,15
22/12/2023,3,8
22/12/2023,4,6
22/12/2023,5,7
22/12/2023,6,14
22/12/2023,7,46
22/12/2023,8,120
22/12/2023,9,111
22/12/2023,10,70
22/12/2023,11,67
22/12/2023,12,76
22/12/2023,13,76
22/12/2023,14,80
22/12/2023,15,90
22/12/2023,16,104
22/12/2023,17,123
22/12/2023,18,130
22/12/2023,19,102
22/12/2023,20,72
22/12/2023,21,42
22/12/2023,22,38
22/12/2023,23,34
22/12/2024,0,20
22/12/2024,1,11
22/12/2024,2,10
22/12/2024,3,9
22/12/2024,4,7
22/12/2024,5,6
22/12/2024,6,6
22/12/2024,7,5
22/12/2024,8,9
22/12/2024,9,18
22/12/2024,10,32
22/12/2024,11,42
22/12/2024,12,52
22/12/2024,13,31
22/12/2024,14,32
22/12/2024,15,34
22/12/2024,16,38
22/12/2024,17,43
22/12/2024,18,45
22/12/2024,19,39
22/12/2024,20,32
22/12/2024,21,26
22/12/2024,22,23
22/12/2024,23,17
23/01/2023,0,13
23/01/2023,1,5
23/01/2023,2,6
23/01/2023,3,6
23/01/2023,4,4
23/01/2023,5,7
23/01/2023,6,16
23/01/2023,7,64
23/01/2023,8,222
23/01/2023,9,207
23/01/2023,10,69
23/01/2023,11,56
23/01/2023,12,72
23/01/2023,13,72
23/01/2023,14,68
23/01/2023,15,61
23/01/2023,16,81
23/01/2023,17,133
23/01/2023,18,213
23/01/2023,19,195
23/01/2023,20,99
23/01/2023,21,53
23/01/2023,22,45
23/01/2023,23,30
23/01/2024,0,21
23/01/2024,1,16
23/01/2024,2,15
23/01/2024,3,15
23/01/2024,4,15
23/01/2024,5,15
23/01/2024,6,21
23/01/2024,7,65
23/01/2024,8,221
23/01/2024,9,191
23/01/2024,10,69
23/01/2024,11,56
23/01/2024,12,63
23/01/2024,13,65
23/01/2024,14,60
23/01/2024,15,57
23/01/2024,16,73
23/01/2024,17,122
23/01/2024,18,200
23/01/2024,19,180
23/01/2024,20,100
23/01/2024,21,57
23/01/2024,22,51
23/01/2024,23,42
23/02/2023,0,24
23/02/2023,1,11
23/02/2023,2,6
23/02/2023,3,4
23/02/2023,4,3
23/02/2023,5,6
23/02/2023,6,14
23/02/2023,7,52
23/02/2023,8,189
23/02/2023,9,193
23/02/2023,10,76
23/02/2023,11,61
23/02/2023,12,81
23/02/2023,13,80
23/02/2023,14,74
23/02/2023,15,65
23/02/2023,16,81
23/02/2023,17,126
23/02/2023,18,193
23/02/2023,19,186
23/02/2023,20,105
23/02/2023,21,60
23/02/2023,22,57
23/02/2023,23,51
23/02/2024,0,24
23/02/2024,1,14
23/02/2024,2,9
23/02/2024,3,6
23/02/2024,4,4
23/02/2024,5,7
23/02/2024,6,13
23/02/2024,7,36
23/02/2024,8,109
23/02/2024,9,121
23/02/2024,10,61
23/02/2024,11,49
23/02/2024,12,68
23/02/2024,13,64
23/02/2024,14,65
23/02/2024,15,58
23/02/2024,16,60
23/02/2024,17,95
23/02/2024,18,128
23/02/2024,19,117
23/02/2024,20,79
23/02/2024,21,51
23/02/2024,22,42
23/02/2024,23,38
23/03/2023,0,30
23/03/2023,1,13
23/03/2023,2,8
23/03/2023,3,4
23/03/2023,4,4
23/03/2023,5,8
23/03/2023,6,21
23/03/2023,7,81
23/03/2023,8,258
23/03/2023,9,226
23/03/2023,10,102
23/03/2023,11,88
23/03/2023,12,120
23/03/2023,13,131
23/03/2023,14,131
23/03/2023,15,109
23/03/2023,16,121
23/03/2023,17,177
23/03/2023,18,251
23/03/2023,19,229
23/03/2023,20,129
23/03/2023,21,77
23/03/2023,22,73
23/03/2023,23,64
23/03/2024,0,33
23/03/2024,1,25
23/03/2024,2,20
23/03/2024,3,12
23/03/2024,4,10
23/03/2024,5,10
23/03/2024,6,12
23/03/2024,7,19
23/03/2024,8,29
23/03/2024,9,54
23/03/2024,10,59
23/03/2024,11,70
23/03/2024,12,86
23/03/2024,13,82
23/03/2024,14,70
23/03/2024,15,73
23/03/2024,16,62
23/03/2024,17,60
23/03/2024,18,55
23/03/2024,19,64
23/03/2024,20,55
23/03/2024,21,41
23/03/2024,22,36
23/03/2024,23,33
23/04/2023,0,41
23/04/2023,1,31
23/04/2023,2,29
23/04/2023,3,16
23/04/2023,4,12
23/04/2023,5,9
23/04/2023,6,8
23/04/2023,7,9
23/04/2023,8,16
23/04/2023,9,17
23/04/2023,10,25
23/04/2023,11,38
23/04/2023,12,58
23/04/2023,13,52
23/04/2023,14,41
23/04/2023,15,49
23/04/2023,16,59
23/04/2023,17,72
23/04/2023,18,66
23/04/2023,19,66
23/04/2023,20,40
23/04/2023,21,32
23/04/2023,22,29
23/04/2023,23,21
23/04/2024,0,17
23/04/2024,1,9
23/04/2024,2,5
23/04/2024,3,3
23/04/2024,4,4
23/04/2024,5,8
23/04/2024,6,19
23/04/2024,7,80
23/04/2024,8,267
23/04/2024,9,230
23/04/2024,10,85
23/04/2024,11,70
23/04/2024,12,93
23/04/2024,13,93
23/04/2024,14,88
23/04/2024,15,84
23/04/2024,16,103
23/04/2024,17,163
23/04/2024,18,259
23/04/2024,19,237
23/04/2024,20,133
23/04/2024,21,76
23/04/2024,22,71
23/04/2024,23,57
23/05/2023,0,21
23/05/2023,1,9
23/05/2023,2,5
23/05/2023,3,3
23/05/2023,4,4
23/05/2023,5,8
23/05/2023,6,22
23/05/2023,7,90
23/05/2023,8,304
23/05/2023,9,256
23/05/2023,10,89
23/05/2023,11,72
23/05/2023,12,96
23/05/2023,13,93
23/05/2023,14,87
23/05/2023,15,88
23/05/2023,16,110
23/05/2023,17,180
23/05/2023,18,294
23/05/2023,19,272
23/05/2023,20,150
23/05/2023,21,86
23/05/2023,22,78
23/05/2023,23,63
23/05/2024,0,37
23/05/2024,1,20
23/05/2024,2,10
23/05/2024,3,6
23/05/2024,4,5
23/05/2024,5,9
23/05/2024,6,22
23/05/2024,7,79
23/05/2024,8,255
23/05/2024,9,231
23/05/2024,10,93
23/05/2024,11,83
23/05/2024,12,106
23/05/2024,13,105
23/05/2024,14,99
23/05/2024,15,92
23/05/2024,16,107
23/05/2024,17,169
23/05/2024,18,248
23/05/2024,19,221
23/05/2024,20,136
23/05/2024,21,88
23/05/2024,22,81
23/05/2024,23,73
23/06/2023,0,50
23/06/2023,1,27
23/06/2023,2,15
23/06/2023,3,7
23/06/2023,4,7
23/06/2023,5,11
23/06/2023,6,23
23/06/2023,7,70
23/06/2023,8,215
23/06/2023,9,204
23/06/2023,10,106
23/06/2023,11,96
23/06/2023,12,123
23/06/2023,13,119
23/06/2023,14,120
23/06/2023,15,120
23/06/2023,16,141
23/06/2023,17,196
23/06/2023,18,241
23/06/2023,19,217
23/06/2023,20,145
23/06/2023,21,95
23/06/2023,22,83
23/06/2023,23,82
23/06/2024,0,54
23/06/2024,1,37
23/06/2024,2,30
23/06/2024,3,18
23/06/2024,4,12
23/06/2024,5,10
23/06/2024,6,11
23/06/2024,7,17
23/06/2024,8,30
23/06/2024,9,45
23/06/2024,10,67
23/06/2024,11,87
23/06/2024,12,108
23/06/2024,13,102
23/06/2024,14,111
23/06/2024,15,127
23/06/2024,16,139
23/06/2024,17,144
23/06/2024,18,141
23/06/2024,19,130
23/06/2024,20,98
23/06/2024,21,74
23/06/2024,22,62
23/06/2024,23,50
23/07/2023,0,55
23/07/2023,1,38
23/07/2023,2,27
23/07/2023,3,15
23/07/2023,4,11
23/07/2023,5,9
23/07/2023,6,10
23/07/2023,7,15
23/07/2023,8,23
23/07/2023,9,32
23/07/2023,10,49
23/07/2023,11,61
23/07/2023,12,58
23/07/2023,13,44
23/07/2023,14,52
23/07/2023,15,67
23/07/2023,16,76
23/07/2023,17,83
23/07/2023,18,93
23/07/2023,19,97
23/07/2023,20,81
23/07/2023,21,53
23/07/2023,22,45
23/07/2023,23,34
23/07/2024,0,29
23/07/2024,1,17
23/07/2024,2,10
23/07/2024,3,6
23/07/2024,4,6
23/07/2024,5,9
23/07/2024,6,22
23/07/2024,7,52
23/07/2024,8,162
23/07/2024,9,165
23/07/2024,10,59
23/07/2024,11,54
23/07/2024,12,75
23/07/2024,13,76
23/07/2024,14,75
23/07/2024,15,71
23/07/2024,16,90
23/07/2024,17,137
23/07/2024,18,208
23/07/2024,19,195
23/07/2024,20,120
23/07/2024,21,78
23/07/2024,22,66
23/07/2024,23,63
23/08/2023,0,30
23/08/2023,1,16
23/08/2023,2,13
23/08/2023,3,23
23/08/2023,4,4
23/08/2023,5,7
23/08/2023,6,16
23/08/2023,7,55
23/08/2023,8,177
23/08/2023,9,177
23/08/2023,10,70
23/08/2023,11,61
23/08/2023,12,77
23/08/2023,13,73
23/08/2023,14,68
23/08/2023,15,71
23/08/2023,16,85
23/08/2023,17,141
23/08/2023,18,237
23/08/2023,19,179
23/08/2023,20,103
23/08/2023,21,68
23/08/2023,22,62
23/08/2023,23,55
23/08/2024,0,34
23/08/2024,1,20
23/08/2024,2,13
23/08/2024,3,7
23/08/2024,4,6
23/08/2024,5,8
23/08/2024,6,15
23/08/2024,7,35
23/08/2024,8,81
23/08/2024,9,96
23/08/2024,10,54
23/08/2024,11,55
23/08/2024,12,67
23/08/2024,13,68
23/08/2024,14,68
23/08/2024,15,71
23/08/2024,16,85
23/08/2024,17,114
23/08/2024,18,133
23/08/2024,19,112
23/08/2024,20,79
23/08/2024,21,58
23/08/2024,22,49
23/08/2024,23,48
23/09/2023,0,51
23/09/2023,1,36
23/09/2023,2,30
23/09/2023,3,17
23/09/2023,4,13
23/09/2023,5,11
23/09/2023,6,12
23/09/2023,7,22
23/09/2023,8,43
23/09/2023,9,70
23/09/2023,10,90
23/09/2023,11,108
23/09/2023,12,130
23/09/2023,13,123
23/09/2023,14,121
23/09/2023,15,139
23/09/2023,16,143
23/09/2023,17,142
23/09/2023,18,146
23/09/2023,19,147
23/09/2023,20,113
23/09/2023,21,68
23/09/2023,22,58
23/09/2023,23,64
23/09/2024,0,16
23/09/2024,1,10
23/09/2024,2,7
23/09/2024,3,4
23/09/2024,4,5
23/09/2024,5,9
23/09/2024,6,21
23/09/2024,7,76
23/09/2024,8,233
23/09/2024,9,200
23/09/2024,10,76
23/09/2024,11,69
23/09/2024,12,88
23/09/2024,13,92
23/09/2024,14,81
23/09/2024,15,67
23/09/2024,16,68
23/09/2024,17,133
23/09/2024,18,219
23/09/2024,19,164
23/09/2024,20,105
23/09/2024,21,65
23/09/2024,22,54
23/09/2024,23,37
23/10/2023,0,28
23/10/2023,1,20
23/10/2023,2,16
23/10/2023,3,15
23/10/2023,4,13
23/10/2023,5,16
23/10/2023,6,28
23/10/2023,7,77
23/10/2023,8,251
23/10/2023,9,250
23/10/2023,10,96
23/10/2023,11,73
23/10/2023,12,78
23/10/2023,13,60
23/10/2023,14,40
23/10/2023,15,42
23/10/2023,16,66
23/10/2023,17,127
23/10/2023,18,219
23/10/2023,19,206
23/10/2023,20,104
23/10/2023,21,59
23/10/2023,22,52
23/10/2023,23,34
23/10/2024,0,33
23/10/2024,1,18
23/10/2024,2,9
23/10/2024,3,5
23/10/2024,4,5
23/10/2024,5,8
23/10/2024,6,19
23/10/2024,7,61
23/10/2024,8,199
23/10/2024,9,207
23/10/2024,10,86
23/10/2024,11,74
23/10/2024,12,106
23/10/2024,13,99
23/10/2024,14,97
23/10/2024,15,94
23/10/2024,16,104
23/10/2024,17,155
23/10/2024,18,240
23/10/2024,19,218
23/10/2024,20,122
23/10/2024,21,75
23/10/2024,22,74
23/10/2024,23,64
23/11/2023,0,33
23/11/2023,1,15
23/11/2023,2,8
23/11/2023,3,4
23/11/2023,4,4
23/11/2023,5,7
23/11/2023,6,19
23/11/2023,7,83
23/11/2023,8,271
23/11/2023,9,239
23/11/2023,10,86
23/11/2023,11,70
23/11/2023,12,96
23/11/2023,13,99
23/11/2023,14,87
23/11/2023,15,81
23/11/2023,16,103
23/11/2023,17,170
23/11/2023,18,256
23/11/2023,19,229
23/11/2023,20,127
23/11/2023,21,76
23/11/2023,22,74
23/11/2023,23,67
23/11/2024,0,32
23/11/2024,1,22
23/11/2024,2,21
23/11/2024,3,13
23/11/2024,4,11
23/11/2024,5,9
23/11/2024,6,9
23/11/2024,7,14
23/11/2024,8,26
23/11/2024,9,43
23/11/2024,10,57
23/11/2024,11,66
23/11/2024,12,80
23/11/2024,13,78
23/11/2024,14,74
23/11/2024,15,81
23/11/2024,16,91
23/11/2024,17,90
23/11/2024,18,86
23/11/2024,19,88
23/11/2024,20,72
23/11/2024,21,53
23/11/2024,22,42
23/11/2024,23,41
23/12/2023,0,27
23/12/2023,1,17
23/12/2023,2,15
23/12/2023,3,9
23/12/2023,4,9
23/12/2023,5,8
23/12/2023,6,8
23/12/2023,7,10
23/12/2023,8,19
23/12/2023,9,33
23/12/2023,10,50
23/12/2023,11,60
23/12/2023,12,66
23/12/2023,13,62
23/12/2023,14,65
23/12/2023,15,73
23/12/2023,16,74
23/12/2023,17,72
23/12/2023,18,64
23/12/2023,19,57
23/12/2023,20,44
23/12/2023,21,31
23/12/2023,22,25
23/12/2023,23,22
23/12/2024,0,12
23/12/2024,1,9
23/12/2024,2,6
23/12/2024,3,4
23/12/2024,4,4
23/12/2024,5,7
23/12/2024,6,12
23/12/2024,7,26
23/12/2024,8,62
23/12/2024,9,74
23/12/2024,10,48
23/12/2024,11,53
23/12/2024,12,67
23/12/2024,13,64
23/12/2024,14,63
23/12/2024,15,64
23/12/2024,16,65
23/12/2024,17,81
23/12/2024,18,92
23/12/2024,19,73
23/12/2024,20,49
23/12/2024,21,35
23/12/2024,22,26
23/12/2024,23,18
24/01/2023,0,14
24/01/2023,1,6
24/01/2023,2,5
24/01/2023,3,7
24/01/2023,4,6
24/01/2023,5,7
24/01/2023,6,17
24/01/2023,7,70
24/01/2023,8,250
24/01/2023,9,225
24/01/2023,10,77
24/01/2023,11,60
24/01/2023,12,81
24/01/2023,13,81
24/01/2023,14,71
24/01/2023,15,66
24/01/2023,16,84
24/01/2023,17,136
24/01/2023,18,228
24/01/2023,19,211
24/01/2023,20,112
24/01/2023,21,59
24/01/2023,22,54
24/01/2023,23,40
24/01/2024,0,21
24/01/2024,1,10
24/01/2024,2,6
24/01/2024,3,4
24/01/2024,4,4
24/01/2024,5,7
24/01/2024,6,18
24/01/2024,7,50
24/01/2024,8,174
24/01/2024,9,175
24/01/2024,10,71
24/01/2024,11,62
24/01/2024,12,84
24/01/2024,13,81
24/01/2024,14,75
24/01/2024,15,69
24/01/2024,16,79
24/01/2024,17,119
24/01/2024,18,192
24/01/2024,19,175
24/01/2024,20,99
24/01/2024,21,59
24/01/2024,22,55
24/01/2024,23,51
24/02/2023,0,32
24/02/2023,1,17
24/02/2023,2,10
24/02/2023,3,5
24/02/2023,4,5
24/02/2023,5,6
24/02/2023,6,14
24/02/2023,7,43
24/02/2023,8,131
24/02/2023,9,139
24/02/2023,10,69
24/02/2023,11,57
24/02/2023,12,81
24/02/2023,13,75
24/02/2023,14,75
24/02/2023,15,73
24/02/2023,16,86
24/02/2023,17,122
24/02/2023,18,156
24/02/2023,19,135
24/02/2023,20,91
24/02/2023,21,52
24/02/2023,22,44
24/02/2023,23,40
24/02/2024,0,30
24/02/2024,1,22
24/02/2024,2,22
24/02/2024,3,12
24/02/2024,4,11
24/02/2024,5,9
24/02/2024,6,9
24/02/2024,7,12
24/02/2024,8,25
24/02/2024,9,42
24/02/2024,10,54
24/02/2024,11,68
24/02/2024,12,79
24/02/2024,13,75
24/02/2024,14,77
24/02/2024,15,84
24/02/2024,16,78
24/02/2024,17,53
24/02/2024,18,47
24/02/2024,19,62
24/02/2024,20,53
24/02/2024,21,38
24/02/2024,22,32
24/02/2024,23,29
24/03/2023,0,35
24/03/2023,1,15
24/03/2023,2,8
24/03/2023,3,5
24/03/2023,4,4
24/03/2023,5,7
24/03/2023,6,17
24/03/2023,7,71
24/03/2023,8,215
24/03/2023,9,188
24/03/2023,10,86
24/03/2023,11,76
24/03/2023,12,102
24/03/2023,13,83
24/03/2023,14,77
24/03/2023,15,82
24/03/2023,16,105
24/03/2023,17,135
24/03/2023,18,169
24/03/2023,19,144
24/03/2023,20,90
24/03/2023,21,53
24/03/2023,22,45
24/03/2023,23,43
24/03/2024,0,29
24/03/2024,1,24
24/03/2024,2,19
24/03/2024,3,13
24/03/2024,4,12
24/03/2024,5,9
24/03/2024,6,8
24/03/2024,7,10
24/03/2024,8,24
24/03/2024,9,38
24/03/2024,10,55
24/03/2024,11,66
24/03/2024,12,77
24/03/2024,13,72
24/03/2024,14,75
24/03/2024,15,93
24/03/2024,16,97
24/03/2024,17,97
24/03/2024,18,99
24/03/2024,19,79
24/03/2024,20,54
24/03/2024,21,41
24/03/2024,22,36
24/03/2024,23,25
24/04/2023,0,12
24/04/2023,1,6
24/04/2023,2,5
24/04/2023,3,3
24/04/2023,4,3
24/04/2023,5,7
24/04/2023,6,16
24/04/2023,7,54
24/04/2023,8,191
24/04/2023,9,193
24/04/2023,10,66
24/04/2023,11,55
24/04/2023,12,73
24/04/2023,13,68
24/04/2023,14,67
24/04/2023,15,62
24/04/2023,16,75
24/04/2023,17,121
24/04/2023,18,208
24/04/2023,19,188
24/04/2023,20,106
24/04/2023,21,52
24/04/2023,22,35
24/04/2023,23,31
24/04/2024,0,28
24/04/2024,1,13
24/04/2024,2,7
24/04/2024,3,4
24/04/2024,4,4
24/04/2024,5,8
24/04/2024,6,20
24/04/2024,7,73
24/04/2024,8,232
24/04/2024,9,208
24/04/2024,10,84
24/04/2024,11,70
24/04/2024,12,96
24/04/2024,13,95
24/04/2024,14,82
24/04/2024,15,78
24/04/2024,16,89
24/04/2024,17,142
24/04/2024,18,231
24/04/2024,19,210
24/04/2024,20,124
24/04/2024,21,77
24/04/2024,22,71
24/04/2024,23,57
24/05/2023,0,31
24/05/2023,1,13
24/05/2023,2,7
24/05/2023,3,4
24/05/2023,4,3
24/05/2023,5,8
24/05/2023,6,22
24/05/2023,7,85
24/05/2023,8,278
24/05/2023,9,247
24/05/2023,10,98
24/05/2023,11,84
24/05/2023,12,116
24/05/2023,13,111
24/05/2023,14,104
24/05/2023,15,98
24/05/2023,16,116
24/05/2023,17,179
24/05/2023,18,290
24/05/2023,19,270
24/05/2023,20,150
24/05/2023,21,89
24/05/2023,22,83
24/05/2023,23,75
24/05/2024,0,45
24/05/2024,1,26
24/05/2024,2,16
24/05/2024,3,8
24/05/2024,4,7
24/05/2024,5,10
24/05/2024,6,22
24/05/2024,7,68
24/05/2024,8,198
24/05/2024,9,179
24/05/2024,10,93
24/05/2024,11,87
24/05/2024,12,114
24/05/2024,13,112
24/05/2024,14,106
24/05/2024,15,100
24/05/2024,16,115
24/05/2024,17,173
24/05/2024,18,218
24/05/2024,19,200
24/05/2024,20,143
24/05/2024,21,85
24/05/2024,22,69
24/05/2024,23,66
24/06/2023,0,70
24/06/2023,1,48
24/06/2023,2,40
24/06/2023,3,24
24/06/2023,4,14
24/06/2023,5,13
24/06/2023,6,15
24/06/2023,7,26
24/06/2023,8,56
24/06/2023,9,70
24/06/2023,10,96
24/06/2023,11,104
24/06/2023,12,115
24/06/2023,13,114
24/06/2023,14,119
24/06/2023,15,130
24/06/2023,16,135
24/06/2023,17,133
24/06/2023,18,140
24/06/2023,19,135
24/06/2023,20,115
24/06/2023,21,84
24/06/2023,22,73
24/06/2023,23,75
24/06/2024,0,29
24/06/2024,1,18
24/06/2024,2,10
24/06/2024,3,6
24/06/2024,4,5
24/06/2024,5,10
24/06/2024,6,23
24/06/2024,7,78
24/06/2024,8,257
24/06/2024,9,236
24/06/2024,10,89
24/06/2024,11,78
24/06/2024,12,100
24/06/2024,13,95
24/06/2024,14,89
24/06/2024,15,91
24/06/2024,16,110
24/06/2024,17,182
24/06/2024,18,271
24/06/2024,19,239
24/06/2024,20,140
24/06/2024,21,87
24/06/2024,22,79
24/06/2024,23,66
24/07/2023,0,22
24/07/2023,1,11
24/07/2023,2,7
24/07/2023,3,5
24/07/2023,4,4
24/07/2023,5,6
24/07/2023,6,16
24/07/2023,7,54
24/07/2023,8,191
24/07/2023,9,198
24/07/2023,10,72
24/07/2023,11,62
24/07/2023,12,80
24/07/2023,13,77
24/07/2023,14,72
24/07/2023,15,66
24/07/2023,16,80
24/07/2023,17,131
24/07/2023,18,196
24/07/2023,19,155
24/07/2023,20,90
24/07/2023,21,55
24/07/2023,22,43
24/07/2023,23,37
24/07/2024,0,38
24/07/2024,1,21
24/07/2024,2,15
24/07/2024,3,7
24/07/2024,4,7
24/07/2024,5,11
24/07/2024,6,23
24/07/2024,7,64
24/07/2024,8,168
24/07/2024,9,178
24/07/2024,10,83
24/07/2024,11,73
24/07/2024,12,94
24/07/2024,13,94
24/07/2024,14,93
24/07/2024,15,81
24/07/2024,16,89
24/07/2024,17,138
24/07/2024,18,209
24/07/2024,19,195
24/07/2024,20,132
24/07/2024,21,89
24/07/2024,22,80
24/07/2024,23,75
24/08/2023,0,36
24/08/2023,1,22
24/08/2023,2,11
24/08/2023,3,6
24/08/2023,4,5
24/08/2023,5,8
24/08/2023,6,17
24/08/2023,7,54
24/08/2023,8,167
24/08/2023,9,163
24/08/2023,10,66
24/08/2023,11,59
24/08/2023,12,73
24/08/2023,13,68
24/08/2023,14,52
24/08/2023,15,54
24/08/2023,16,75
24/08/2023,17,128
24/08/2023,18,211
24/08/2023,19,178
24/08/2023,20,103
24/08/2023,21,68
24/08/2023,22,60
24/08/2023,23,55
24/08/2024,0,38
24/08/2024,1,29
24/08/2024,2,20
24/08/2024,3,12
24/08/2024,4,10
24/08/2024,5,9
24/08/2024,6,12
24/08/2024,7,16
24/08/2024,8,23
24/08/2024,9,37
24/08/2024,10,57
24/08/2024,11,68
24/08/2024,12,75
24/08/2024,13,74
24/08/2024,14,81
24/08/2024,15,96
24/08/2024,16,100
24/08/2024,17,88
24/08/2024,18,61
24/08/2024,19,63
24/08/2024,20,59
24/08/2024,21,46
24/08/2024,22,39
24/08/2024,23,36
24/09/2023,0,57
24/09/2023,1,41
24/09/2023,2,36
24/09/2023,3,20
24/09/2023,4,15
24/09/2023,5,10
24/09/2023,6,9
24/09/2023,7,14
24/09/2023,8,31
24/09/2023,9,52
24/09/2023,10,77
24/09/2023,11,102
24/09/2023,12,124
24/09/2023,13,122
24/09/2023,14,126
24/09/2023,15,151
24/09/2023,16,165
24/09/2023,17,169
24/09/2023,18,169
24/09/2023,19,139
24/09/2023,20,92
24/09/2023,21,53
24/09/2023,22,50
24/09/2023,23,45
24/09/2024,0,20
24/09/2024,1,11
24/09/2024,2,7
24/09/2024,3,4
24/09/2024,4,4
24/09/2024,5,6
24/09/2024,6,16
24/09/2024,7,70
24/09/2024,8,228
24/09/2024,9,201
24/09/2024,10,76
24/09/2024,11,63
24/09/2024,12,87
24/09/2024,13,87
24/09/2024,14,84
24/09/2024,15,81
24/09/2024,16,101
24/09/2024,17,161
24/09/2024,18,234
24/09/2024,19,172
24/09/2024,20,114
24/09/2024,21,71
24/09/2024,22,67
24/09/2024,23,52
24/10/2023,0,18
24/10/2023,1,10
24/10/2023,2,7
24/10/2023,3,6
24/10/2023,4,4
24/10/2023,5,7
24/10/2023,6,15
24/10/2023,7,67
24/10/2023,8,256
24/10/2023,9,268
24/10/2023,10,98
24/10/2023,11,79
24/10/2023,12,113
24/10/2023,13,110
24/10/2023,14,101
24/10/2023,15,96
24/10/2023,16,114
24/10/2023,17,177
24/10/2023,18,309
24/10/2023,19,276
24/10/2023,20,139
24/10/2023,21,79
24/10/2023,22,76
24/10/2023,23,60
24/10/2024,0,32
24/10/2024,1,16
24/10/2024,2,10
24/10/2024,3,6
24/10/2024,4,5
24/10/2024,5,9
24/10/2024,6,19
24/10/2024,7,60
24/10/2024,8,193
24/10/2024,9,209
24/10/2024,10,86
24/10/2024,11,75
24/10/2024,12,98
24/10/2024,13,96
24/10/2024,14,96
24/10/2024,15,90
24/10/2024,16,103
24/10/2024,17,155
24/10/2024,18,232
24/10/2024,19,213
24/10/2024,20,126
24/10/2024,21,79
24/10/2024,22,70
24/10/2024,23,67
24/11/2023,0,41
24/11/2023,1,20
24/11/2023,2,11
24/11/2023,3,7
24/11/2023,4,5
24/11/2023,5,8
24/11/2023,6,18
24/11/2023,7,70
24/11/2023,8,208
24/11/2023,9,179
24/11/2023,10,86
24/11/2023,11,74
24/11/2023,12,107
24/11/2023,13,105
24/11/2023,14,89
24/11/2023,15,83
24/11/2023,16,109
24/11/2023,17,162
24/11/2023,18,203
24/11/2023,19,169
24/11/2023,20,110
24/11/2023,21,67
24/11/2023,22,53
24/11/2023,23,56
24/11/2024,0,38
24/11/2024,1,32
24/11/2024,2,30
24/11/2024,3,18
24/11/2024,4,14
24/11/2024,5,10
24/11/2024,6,8
24/11/2024,7,11
24/11/2024,8,20
24/11/2024,9,38
24/11/2024,10,55
24/11/2024,11,70
24/11/2024,12,91
24/11/2024,13,85
24/11/2024,14,88
24/11/2024,15,99
24/11/2024,16,102
24/11/2024,17,99
24/11/2024,18,90
24/11/2024,19,75
24/11/2024,20,58
24/11/2024,21,43
24/11/2024,22,37
24/11/2024,23,34
24/12/2023,0,17
24/12/2023,1,12
24/12/2023,2,9
24/12/2023,3,6
24/12/2023,4,4
24/12/2023,5,5
24/12/2023,6,5
24/12/2023,7,7
24/12/2023,8,11
24/12/2023,9,19
24/12/2023,10,29
24/12/2023,11,38
24/12/2023,12,43
24/12/2023,13,38
24/12/2023,14,42
24/12/2023,15,47
24/12/2023,16,48
24/12/2023,17,42
24/12/2023,18,38
24/12/2023,19,30
24/12/2023,20,19
24/12/2023,21,13
24/12/2023,22,11
24/12/2023,23,13
24/12/2024,0,13
24/12/2024,1,9
24/12/2024,2,6
24/12/2024,3,4
24/12/2024,4,4
24/12/2024,5,6
24/12/2024,6,11
24/12/2024,7,20
24/12/2024,8,38
24/12/2024,9,45
24/12/2024,10,35
24/12/2024,11,41
24/12/2024,12,48
24/12/2024,13,49
24/12/2024,14,48
24/12/2024,15,50
24/12/2024,16,50
24/12/2024,17,45
24/12/2024,18,41
24/12/2024,19,34
24/12/2024,20,24
24/12/2024,21,17
24/12/2024,22,13
24/12/2024,23,14
25/01/2023,0,21
25/01/2023,1,8
25/01/2023,2,5
25/01/2023,3,3
25/01/2023,4,3
25/01/2023,5,6
25/01/2023,6,14
25/01/2023,7,62
25/01/2023,8,210
25/01/2023,9,209
25/01/2023,10,76
25/01/2023,11,58
25/01/2023,12,83
25/01/2023,13,83
25/01/2023,14,74
25/01/2023,15,65
25/01/2023,16,79
25/01/2023,17,123
25/01/2023,18,199
25/01/2023,19,189
25/01/2023,20,101
25/01/2023,21,56
25/01/2023,22,49
25/01/2023,23,42
25/01/2024,0,24
25/01/2024,1,12
25/01/2024,2,7
25/01/2024,3,4
25/01/2024,4,4
25/01/2024,5,7
25/01/2024,6,17
25/01/2024,7,60
25/01/2024,8,200
25/01/2024,9,181
25/01/2024,10,73
25/01/2024,11,61
25/01/2024,12,79
25/01/2024,13,81
25/01/2024,14,82
25/01/2024,15,75
25/01/2024,16,90
25/01/2024,17,128
25/01/2024,18,189
25/01/2024,19,172
25/01/2024,20,107
25/01/2024,21,65
25/01/2024,22,63
25/01/2024,23,56
25/02/2023,0,34
25/02/2023,1,24
25/02/2023,2,20
25/02/2023,3,12
25/02/2023,4,10
25/02/2023,5,8
25/02/2023,6,9
25/02/2023,7,12
25/02/2023,8,26
25/02/2023,9,44
25/02/2023,10,60
25/02/2023,11,68
25/02/2023,12,81
25/02/2023,13,77
25/02/2023,14,78
25/02/2023,15,83
25/02/2023,16,87
25/02/2023,17,85
25/02/2023,18,85
25/02/2023,19,82
25/02/2023,20,61
25/02/2023,21,43
25/02/2023,22,32
25/02/2023,23,31
25/02/2024,0,27
25/02/2024,1,20
25/02/2024,2,21
25/02/2024,3,12
25/02/2024,4,9
25/02/2024,5,7
25/02/2024,6,7
25/02/2024,7,8
25/02/2024,8,16
25/02/2024,9,26
25/02/2024,10,38
25/02/2024,11,43
25/02/2024,12,55
25/02/2024,13,51
25/02/2024,14,50
25/02/2024,15,45
25/02/2024,16,43
25/02/2024,17,34
25/02/2024,18,37
25/02/2024,19,38
25/02/2024,20,31
25/02/2024,21,22
25/02/2024,22,21
25/02/2024,23,16
25/03/2023,0,33
25/03/2023,1,23
25/03/2023,2,19
25/03/2023,3,12
25/03/2023,4,10
25/03/2023,5,9
25/03/2023,6,9
25/03/2023,7,18
25/03/2023,8,40
25/03/2023,9,58
25/03/2023,10,73
25/03/2023,11,82
25/03/2023,12,97
25/03/2023,13,94
25/03/2023,14,96
25/03/2023,15,110
25/03/2023,16,112
25/03/2023,17,119
25/03/2023,18,120
25/03/2023,19,110
25/03/2023,20,79
25/03/2023,21,53
25/03/2023,22,43
25/03/2023,23,46
25/03/2024,0,13
25/03/2024,1,7
25/03/2024,2,6
25/03/2024,3,4
25/03/2024,4,4
25/03/2024,5,8
25/03/2024,6,19
25/03/2024,7,71
25/03/2024,8,248
25/03/2024,9,203
25/03/2024,10,78
25/03/2024,11,66
25/03/2024,12,88
25/03/2024,13,89
25/03/2024,14,82
25/03/2024,15,81
25/03/2024,16,94
25/03/2024,17,157
25/03/2024,18,249
25/03/2024,19,210
25/03/2024,20,110
25/03/2024,21,66
25/03/2024,22,56
25/03/2024,23,40
25/04/2023,0,15
25/04/2023,1,7
25/04/2023,2,4
25/04/2023,3,3
25/04/2023,4,3
25/04/2023,5,6
25/04/2023,6,17
25/04/2023,7,61
25/04/2023,8,215
25/04/2023,9,210
25/04/2023,10,75
25/04/2023,11,58
25/04/2023,12,78
25/04/2023,13,75
25/04/2023,14,71
25/04/2023,15,66
25/04/2023,16,82
25/04/2023,17,130
25/04/2023,18,228
25/04/2023,19,218
25/04/2023,20,121
25/04/2023,21,68
25/04/2023,22,62
25/04/2023,23,51
25/04/2024,0,28
25/04/2024,1,15
25/04/2024,2,8
25/04/2024,3,5
25/04/2024,4,4
25/04/2024,5,8
25/04/2024,6,20
25/04/2024,7,74
25/04/2024,8,250
25/04/2024,9,225
25/04/2024,10,93
25/04/2024,11,81
25/04/2024,12,103
25/04/2024,13,98
25/04/2024,14,93
25/04/2024,15,87
25/04/2024,16,105
25/04/2024,17,166
25/04/2024,18,246
25/04/2024,19,229
25/04/2024,20,132
25/04/2024,21,85
25/04/2024,22,79
25/04/2024,23,72
25/05/2023,0,42
25/05/2023,1,18
25/05/2023,2,10
25/05/2023,3,5
25/05/2023,4,4
25/05/2023,5,9
25/05/2023,6,21
25/05/2023,7,88
25/05/2023,8,290
25/05/2023,9,254
25/05/2023,10,102
25/05/2023,11,85
25/05/2023,12,115
25/05/2023,13,110
25/05/2023,14,103
25/05/2023,15,99
25/05/2023,16,123
25/05/2023,17,192
25/05/2023,18,292
25/05/2023,19,273
25/05/2023,20,164
25/05/2023,21,98
25/05/2023,22,90
25/05/2023,23,81
25/05/2024,0,56
25/05/2024,1,41
25/05/2024,2,31
25/05/2024,3,18
25/05/2024,4,13
25/05/2024,5,13
25/05/2024,6,15
25/05/2024,7,24
25/05/2024,8,47
25/05/2024,9,74
25/05/2024,10,93
25/05/2024,11,108
25/05/2024,12,124
25/05/2024,13,123
25/05/2024,14,125
25/05/2024,15,144
25/05/2024,16,148
25/05/2024,17,151
25/05/2024,18,155
25/05/2024,19,152
25/05/2024,20,123
25/05/2024,21,82
25/05/2024,22,67
25/05/2024,23,71
25/06/2023,0,69
25/06/2023,1,51
25/06/2023,2,43
25/06/2023,3,25
25/06/2023,4,17
25/06/2023,5,14
25/06/2023,6,13
25/06/2023,7,18
25/06/2023,8,33
25/06/2023,9,52
25/06/2023,10,74
25/06/2023,11,96
25/06/2023,12,108
25/06/2023,13,95
25/06/2023,14,95
25/06/2023,15,109
25/06/2023,16,110
25/06/2023,17,120
25/06/2023,18,127
25/06/2023,19,117
25/06/2023,20,96
25/06/2023,21,72
25/06/2023,22,66
25/06/2023,23,51
25/06/2024,0,34
25/06/2024,1,18
25/06/2024,2,10
25/06/2024,3,6
25/06/2024,4,6
25/06/2024,5,9
25/06/2024,6,26
25/06/2024,7,89
25/06/2024,8,283
25/06/2024,9,259
25/06/2024,10,97
25/06/2024,11,83
25/06/2024,12,103
25/06/2024,13,100
25/06/2024,14,104
25/06/2024,15,95
25/06/2024,16,119
25/06/2024,17,210
25/06/2024,18,271
25/06/2024,19,231
25/06/2024,20,163
25/06/2024,21,99
25/06/2024,22,93
25/06/2024,23,84
25/07/2023,0,23
25/07/2023,1,11
25/07/2023,2,5
25/07/2023,3,3
25/07/2023,4,3
25/07/2023,5,6
25/07/2023,6,11
25/07/2023,7,37
25/07/2023,8,138
25/07/2023,9,154
25/07/2023,10,60
25/07/2023,11,51
25/07/2023,12,74
25/07/2023,13,72
25/07/2023,14,68
25/07/2023,15,67
25/07/2023,16,70
25/07/2023,17,119
25/07/2023,18,198
25/07/2023,19,170
25/07/2023,20,106
25/07/2023,21,66
25/07/2023,22,57
25/07/2023,23,54
25/07/2024,0,50
25/07/2024,1,27
25/07/2024,2,17
25/07/2024,3,9
25/07/2024,4,8
25/07/2024,5,12
25/07/2024,6,24
25/07/2024,7,61
25/07/2024,8,171
25/07/2024,9,173
25/07/2024,10,80
25/07/2024,11,73
25/07/2024,12,99
25/07/2024,13,91
25/07/2024,14,88
25/07/2024,15,82
25/07/2024,16,94
25/07/2024,17,143
25/07/2024,18,199
25/07/2024,19,179
25/07/2024,20,114
25/07/2024,21,75
25/07/2024,22,71
25/07/2024,23,76
25/08/2023,0,36
25/08/2023,1,21
25/08/2023,2,13
25/08/2023,3,7
25/08/2023,4,6
25/08/2023,5,9
25/08/2023,6,17
25/08/2023,7,45
25/08/2023,8,121
25/08/2023,9,128
25/08/2023,10,65
25/08/2023,11,56
25/08/2023,12,74
25/08/2023,13,73
25/08/2023,14,72
25/08/2023,15,76
25/08/2023,16,94
25/08/2023,17,134
25/08/2023,18,163
25/08/2023,19,134
25/08/2023,20,92
25/08/2023,21,62
25/08/2023,22,49
25/08/2023,23,49
25/08/2024,0,30
25/08/2024,1,22
25/08/2024,2,16
25/08/2024,3,10
25/08/2024,4,8
25/08/2024,5,7
25/08/2024,6,9
25/08/2024,7,12
25/08/2024,8,21
25/08/2024,9,33
25/08/2024,10,52
25/08/2024,11,68
25/08/2024,12,77
25/08/2024,13,75
25/08/2024,14,83
25/08/2024,15,98
25/08/2024,16,96
25/08/2024,17,99
25/08/2024,18,101
25/08/2024,19,91
25/08/2024,20,71
25/08/2024,21,54
25/08/2024,22,43
25/08/2024,23,35
25/09/2023,0,20
25/09/2023,1,10
25/09/2023,2,6
25/09/2023,3,4
25/09/2023,4,4
25/09/2023,5,8
25/09/2023,6,22
25/09/2023,7,95
25/09/2023,8,315
25/09/2023,9,263
25/09/2023,10,94
25/09/2023,11,78
25/09/2023,12,107
25/09/2023,13,110
25/09/2023,14,97
25/09/2023,15,97
25/09/2023,16,127
25/09/2023,17,210
25/09/2023,18,329
25/09/2023,19,282
25/09/2023,20,145
25/09/2023,21,85
25/09/2023,22,72
25/09/2023,23,50
25/09/2024,0,26
25/09/2024,1,15
25/09/2024,2,9
25/09/2024,3,6
25/09/2024,4,5
25/09/2024,5,9
25/09/2024,6,19
25/09/2024,7,73
25/09/2024,8,214
25/09/2024,9,171
25/09/2024,10,64
25/09/2024,11,64
25/09/2024,12,92
25/09/2024,13,86
25/09/2024,14,70
25/09/2024,15,56
25/09/2024,16,62
25/09/2024,17,101
25/09/2024,18,166
25/09/2024,19,134
25/09/2024,20,71
25/09/2024,21,41
25/09/2024,22,40
25/09/2024,23,34
25/10/2023,0,33
25/10/2023,1,15
25/10/2023,2,7
25/10/2023,3,3
25/10/2023,4,3
25/10/2023,5,6
25/10/2023,6,15
25/10/2023,7,52
25/10/2023,8,186
25/10/2023,9,214
25/10/2023,10,82
25/10/2023,11,64
25/10/2023,12,87
25/10/2023,13,58
25/10/2023,14,71
25/10/2023,15,72
25/10/2023,16,91
25/10/2023,17,147
25/10/2023,18,252
25/10/2023,19,234
25/10/2023,20,134
25/10/2023,21,74
25/10/2023,22,72
25/10/2023,23,83
25/10/2024,0,41
25/10/2024,1,24
25/10/2024,2,16
25/10/2024,3,9
25/10/2024,4,8
25/10/2024,5,10
25/10/2024,6,17
25/10/2024,7,49
25/10/2024,8,134
25/10/2024,9,153
25/10/2024,10,78
25/10/2024,11,71
25/10/2024,12,99
25/10/2024,13,97
25/10/2024,14,94
25/10/2024,15,86
25/10/2024,16,100
25/10/2024,17,138
25/10/2024,18,161
25/10/2024,19,134
25/10/2024,20,95
25/10/2024,21,63
25/10/2024,22,57
25/10/2024,23,52
25/11/2023,0,44
25/11/2023,1,28
25/11/2023,2,24
25/11/2023,3,14
25/11/2023,4,11
25/11/2023,5,9
25/11/2023,6,9
25/11/2023,7,16
25/11/2023,8,36
25/11/2023,9,58
25/11/2023,10,73
25/11/2023,11,86
25/11/2023,12,108
25/11/2023,13,103
25/11/2023,14,105
25/11/2023,15,115
25/11/2023,16,117
25/11/2023,17,114
25/11/2023,18,109
25/11/2023,19,105
25/11/2023,20,76
25/11/2023,21,52
25/11/2023,22,42
25/11/2023,23,41
25/11/2024,0,19
25/11/2024,1,10
25/11/2024,2,6
25/11/2024,3,4
25/11/2024,4,4
25/11/2024,5,10
25/11/2024,6,23
25/11/2024,7,54
25/11/2024,8,170
25/11/2024,9,141
25/11/2024,10,41
25/11/2024,11,28
25/11/2024,12,39
25/11/2024,13,45
25/11/2024,14,47
25/11/2024,15,50
25/11/2024,16,70
25/11/2024,17,118
25/11/2024,18,184
25/11/2024,19,161
25/11/2024,20,92
25/11/2024,21,58
25/11/2024,22,49
25/11/2024,23,33
25/12/2023,0,13
25/12/2023,1,10
25/12/2023,2,8
25/12/2023,3,4
25/12/2023,4,3
25/12/2023,5,3
25/12/2023,6,4
25/12/2023,7,5
25/12/2023,8,7
25/12/2023,9,9
25/12/2023,10,15
25/12/2023,11,22
25/12/2023,12,30
25/12/2023,13,24
25/12/2023,14,24
25/12/2023,15,29
25/12/2023,16,35
25/12/2023,17,35
25/12/2023,18,32
25/12/2023,19,30
25/12/2023,20,23
25/12/2023,21,20
25/12/2023,22,16
25/12/2023,23,13
25/12/2024,0,13
25/12/2024,1,11
25/12/2024,2,8
25/12/2024,3,4
25/12/2024,4,3
25/12/2024,5,4
25/12/2024,6,5
25/12/2024,7,6
25/12/2024,8,7
25/12/2024,9,9
25/12/2024,10,13
25/12/2024,11,19
25/12/2024,12,26
25/12/2024,13,25
25/12/2024,14,24
25/12/2024,15,26
25/12/2024,16,29
25/12/2024,17,31
25/12/2024,18,31
25/12/2024,19,31
25/12/2024,20,25
25/12/2024,21,22
25/12/2024,22,19
25/12/2024,23,15
26/01/2023,0,22
26/01/2023,1,10
26/01/2023,2,6
26/01/2023,3,4
26/01/2023,4,3
26/01/2023,5,6
26/01/2023,6,14
26/01/2023,7,58
26/01/2023,8,206
26/01/2023,9,195
26/01/2023,10,72
26/01/2023,11,55
26/01/2023,12,76
26/01/2023,13,72
26/01/2023,14,60
26/01/2023,15,56
26/01/2023,16,73
26/01/2023,17,118
26/01/2023,18,184
26/01/2023,19,180
26/01/2023,20,98
26/01/2023,21,56
26/01/2023,22,50
26/01/2023,23,44
26/01/2024,0,38
26/01/2024,1,25
26/01/2024,2,19
26/01/2024,3,16
26/01/2024,4,15
26/01/2024,5,17
26/01/2024,6,22
26/01/2024,7,60
26/01/2024,8,151
26/01/2024,9,130
26/01/2024,10,61
26/01/2024,11,52
26/01/2024,12,78
26/01/2024,13,78
26/01/2024,14,76
26/01/2024,15,73
26/01/2024,16,89
26/01/2024,17,121
26/01/2024,18,150
26/01/2024,19,134
26/01/2024,20,86
26/01/2024,21,55
26/01/2024,22,45
26/01/2024,23,41
26/02/2023,0,26
26/02/2023,1,20
26/02/2023,2,17
26/02/2023,3,11
26/02/2023,4,8
26/02/2023,5,6
26/02/2023,6,5
26/02/2023,7,9
26/02/2023,8,15
26/02/2023,9,30
26/02/2023,10,42
26/02/2023,11,53
26/02/2023,12,62
26/02/2023,13,61
26/02/2023,14,61
26/02/2023,15,69
26/02/2023,16,66
26/02/2023,17,63
26/02/2023,18,68
26/02/2023,19,58
26/02/2023,20,38
26/02/2023,21,25
26/02/2023,22,23
26/02/2023,23,17
26/02/2024,0,10
26/02/2024,1,6
26/02/2024,2,4
26/02/2024,3,3
26/02/2024,4,4
26/02/2024,5,7
26/02/2024,6,16
26/02/2024,7,52
26/02/2024,8,173
26/02/2024,9,145
26/02/2024,10,49
26/02/2024,11,44
26/02/2024,12,54
26/02/2024,13,46
26/02/2024,14,36
26/02/2024,15,40
26/02/2024,16,57
26/02/2024,17,97
26/02/2024,18,151
26/02/2024,19,135
26/02/2024,20,71
26/02/2024,21,41
26/02/2024,22,31
26/02/2024,23,22
26/03/2023,0,41
26/03/2023,1,24
26/03/2023,3,20
26/03/2023,4,12
26/03/2023,5,10
26/03/2023,6,8
26/03/2023,7,9
26/03/2023,8,17
26/03/2023,9,30
26/03/2023,10,44
26/03/2023,11,57
26/03/2023,12,72
26/03/2023,13,71
26/03/2023,14,68
26/03/2023,15,78
26/03/2023,16,84
26/03/2023,17,80
26/03/2023,18,83
26/03/2023,19,76
26/03/2023,20,50
26/03/2023,21,37
26/03/2023,22,30
26/03/2023,23,25
26/03/2024,0,19
26/03/2024,1,9
26/03/2024,2,6
26/03/2024,3,4
26/03/2024,4,3
26/03/2024,5,8
26/03/2024,6,18
26/03/2024,7,63
26/03/2024,8,204
26/03/2024,9,175
26/03/2024,10,60
26/03/2024,11,49
26/03/2024,12,70
26/03/2024,13,71
26/03/2024,14,61
26/03/2024,15,57
26/03/2024,16,65
26/03/2024,17,102
26/03/2024,18,170
26/03/2024,19,155
26/03/2024,20,85
26/03/2024,21,54
26/03/2024,22,52
26/03/2024,23,39
26/04/2023,0,26
26/04/2023,1,12
26/04/2023,2,6
26/04/2023,3,4
26/04/2023,4,3
26/04/2023,5,6
26/04/2023,6,18
26/04/2023,7,57
26/04/2023,8,199
26/04/2023,9,204
26/04/2023,10,81
26/04/2023,11,65
26/04/2023,12,88
26/04/2023,13,84
26/04/2023,14,80
26/04/2023,15,68
26/04/2023,16,84
26/04/2023,17,133
26/04/2023,18,221
26/04/2023,19,211
26/04/2023,20,119
26/04/2023,21,67
26/04/2023,22,65
26/04/2023,23,60
26/04/2024,0,42
26/04/2024,1,25
26/04/2024,2,14
26/04/2024,3,7
26/04/2024,4,6
26/04/2024,5,10
26/04/2024,6,20
26/04/2024,7,62
26/04/2024,8,195
26/04/2024,9,171
26/04/2024,10,89
26/04/2024,11,81
26/04/2024,12,109
26/04/2024,13,103
26/04/2024,14,100
26/04/2024,15,94
26/04/2024,16,115
26/04/2024,17,163
26/04/2024,18,201
26/04/2024,19,183
26/04/2024,20,122
26/04/2024,21,79
26/04/2024,22,67
26/04/2024,23,57
26/05/2023,0,49
26/05/2023,1,28
26/05/2023,2,14
26/05/2023,3,7
26/05/2023,4,6
26/05/2023,5,10
26/05/2023,6,21
26/05/2023,7,72
26/05/2023,8,211
26/05/2023,9,186
26/05/2023,10,95
26/05/2023,11,86
26/05/2023,12,115
26/05/2023,13,110
26/05/2023,14,107
26/05/2023,15,104
26/05/2023,16,130
26/05/2023,17,182
26/05/2023,18,226
26/05/2023,19,206
26/05/2023,20,134
26/05/2023,21,85
26/05/2023,22,70
26/05/2023,23,64
26/05/2024,0,61
26/05/2024,1,44
26/05/2024,2,34
26/05/2024,3,20
26/05/2024,4,14
26/05/2024,5,11
26/05/2024,6,12
26/05/2024,7,20
26/05/2024,8,33
26/05/2024,9,51
26/05/2024,10,73
26/05/2024,11,96
26/05/2024,12,116
26/05/2024,13,101
26/05/2024,14,110
26/05/2024,15,117
26/05/2024,16,103
26/05/2024,17,117
26/05/2024,18,118
26/05/2024,19,108
26/05/2024,20,82
26/05/2024,21,61
26/05/2024,22,51
26/05/2024,23,37
26/06/2023,0,35
26/06/2023,1,17
26/06/2023,2,9
26/06/2023,3,6
26/06/2023,4,5
26/06/2023,5,8
26/06/2023,6,24
26/06/2023,7,84
26/06/2023,8,289
26/06/2023,9,250
26/06/2023,10,93
26/06/2023,11,80
26/06/2023,12,100
26/06/2023,13,99
26/06/2023,14,94
26/06/2023,15,89
26/06/2023,16,113
26/06/2023,17,191
26/06/2023,18,298
26/06/2023,19,267
26/06/2023,20,149
26/06/2023,21,85
26/06/2023,22,74
26/06/2023,23,57
26/06/2024,0,47
26/06/2024,1,24
26/06/2024,2,14
26/06/2024,3,7
26/06/2024,4,6
26/06/2024,5,9
26/06/2024,6,24
26/06/2024,7,81
26/06/2024,8,246
26/06/2024,9,235
26/06/2024,10,100
26/06/2024,11,88
26/06/2024,12,111
26/06/2024,13,107
26/06/2024,14,101
26/06/2024,15,97
26/06/2024,16,114
26/06/2024,17,175
26/06/2024,18,261
26/06/2024,19,245
26/06/2024,20,155
26/06/2024,21,96
26/06/2024,22,94
26/06/2024,23,89
26/07/2023,0,34
26/07/2023,1,16
26/07/2023,2,8
26/07/2023,3,4
26/07/2023,4,4
26/07/2023,5,8
26/07/2023,6,20
26/07/2023,7,61
26/07/2023,8,200
26/07/2023,9,210
26/07/2023,10,84
26/07/2023,11,72
26/07/2023,12,97
26/07/2023,13,87
26/07/2023,14,88
26/07/2023,15,82
26/07/2023,16,98
26/07/2023,17,149
26/07/2023,18,241
26/07/2023,19,225
26/07/2023,20,137
26/07/2023,21,84
26/07/2023,22,74
26/07/2023,23,72
26/07/2024,0,52
26/07/2024,1,32
26/07/2024,2,19
26/07/2024,3,9
26/07/2024,4,8
26/07/2024,5,11
26/07/2024,6,19
26/07/2024,7,40
26/07/2024,8,75
26/07/2024,9,78
26/07/2024,10,51
26/07/2024,11,56
26/07/2024,12,80
26/07/2024,13,72
26/07/2024,14,75
26/07/2024,15,78
26/07/2024,16,81
26/07/2024,17,90
26/07/2024,18,97
26/07/2024,19,90
26/07/2024,20,44
26/07/2024,21,28
26/07/2024,22,28
26/07/2024,23,36
26/08/2023,0,40
26/08/2023,1,28
26/08/2023,2,21
26/08/2023,3,11
26/08/2023,4,9
26/08/2023,5,10
26/08/2023,6,12
26/08/2023,7,17
26/08/2023,8,31
26/08/2023,9,49
26/08/2023,10,63
26/08/2023,11,129
26/08/2023,12,88
26/08/2023,13,83
26/08/2023,14,90
26/08/2023,15,103
26/08/2023,16,113
26/08/2023,17,100
26/08/2023,18,113
26/08/2023,19,111
26/08/2023,20,88
26/08/2023,21,68
26/08/2023,22,49
26/08/2023,23,55
26/08/2024,0,25
26/08/2024,1,13
26/08/2024,2,8
26/08/2024,3,5
26/08/2024,4,5
26/08/2024,5,8
26/08/2024,6,18
26/08/2024,7,54
26/08/2024,8,177
26/08/2024,9,169
26/08/2024,10,66
26/08/2024,11,58
26/08/2024,12,70
26/08/2024,13,74
26/08/2024,14,71
26/08/2024,15,75
26/08/2024,16,86
26/08/2024,17,138
26/08/2024,18,224
26/08/2024,19,176
26/08/2024,20,97
26/08/2024,21,64
26/08/2024,22,51
26/08/2024,23,39
26/09/2023,0,23
26/09/2023,1,11
26/09/2023,2,7
26/09/2023,3,4
26/09/2023,4,4
26/09/2023,5,9
26/09/2023,6,25
26/09/2023,7,111
26/09/2023,8,365
26/09/2023,9,291
26/09/2023,10,114
26/09/2023,11,95
26/09/2023,12,123
26/09/2023,13,122
26/09/2023,14,115
26/09/2023,15,116
26/09/2023,16,139
26/09/2023,17,229
26/09/2023,18,351
26/09/2023,19,318
26/09/2023,20,185
26/09/2023,21,102
26/09/2023,22,92
26/09/2023,23,73
26/09/2024,0,17
26/09/2024,1,11
26/09/2024,2,7
26/09/2024,3,5
26/09/2024,4,5
26/09/2024,5,9
26/09/2024,6,18
26/09/2024,7,68
26/09/2024,8,220
26/09/2024,9,196
26/09/2024,10,80
26/09/2024,11,68
26/09/2024,12,95
26/09/2024,13,85
26/09/2024,14,64
26/09/2024,15,49
26/09/2024,16,53
26/09/2024,17,111
26/09/2024,18,213
26/09/2024,19,199
26/09/2024,20,119
26/09/2024,21,74
26/09/2024,22,64
26/09/2024,23,63
26/10/2023,0,38
26/10/2023,1,17
26/10/2023,2,10
26/10/2023,3,5
26/10/2023,4,4
26/10/2023,5,6
26/10/2023,6,15
26/10/2023,7,57
26/10/2023,8,201
26/10/2023,9,229
26/10/2023,10,92
26/10/2023,11,73
26/10/2023,12,100
26/10/2023,13,96
26/10/2023,14,91
26/10/2023,15,88
26/10/2023,16,102
26/10/2023,17,153
26/10/2023,18,236
26/10/2023,19,207
26/10/2023,20,89
26/10/2023,21,48
26/10/2023,22,42
26/10/2023,23,41
26/10/2024,0,45
26/10/2024,1,26
26/10/2024,2,20
26/10/2024,3,15
26/10/2024,4,12
26/10/2024,5,11
26/10/2024,6,12
26/10/2024,7,15
26/10/2024,8,28
26/10/2024,9,46
26/10/2024,10,61
26/10/2024,11,73
26/10/2024,12,92
26/10/2024,13,93
26/10/2024,14,95
26/10/2024,15,108
26/10/2024,16,118
26/10/2024,17,121
26/10/2024,18,123
26/10/2024,19,121
26/10/2024,20,92
26/10/2024,21,65
26/10/2024,22,51
26/10/2024,23,55
26/11/2023,0,39
26/11/2023,1,29
26/11/2023,2,28
26/11/2023,3,14
26/11/2023,4,12
26/11/2023,5,9
26/11/2023,6,7
26/11/2023,7,9
26/11/2023,8,20
26/11/2023,9,37
26/11/2023,10,55
26/11/2023,11,68
26/11/2023,12,86
26/11/2023,13,80
26/11/2023,14,76
26/11/2023,15,91
26/11/2023,16,97
26/11/2023,17,96
26/11/2023,18,85
26/11/2023,19,73
26/11/2023,20,51
26/11/2023,21,37
26/11/2023,22,29
26/11/2023,23,21
26/11/2024,0,15
26/11/2024,1,8
26/11/2024,2,5
26/11/2024,3,3
26/11/2024,4,4
26/11/2024,5,8
26/11/2024,6,19
26/11/2024,7,72
26/11/2024,8,252
26/11/2024,9,215
26/11/2024,10,78
26/11/2024,11,71
26/11/2024,12,96
26/11/2024,13,90
26/11/2024,14,85
26/11/2024,15,82
26/11/2024,16,96
26/11/2024,17,155
26/11/2024,18,240
26/11/2024,19,210
26/11/2024,20,120
26/11/2024,21,67
26/11/2024,22,64
26/11/2024,23,55
26/12/2023,0,9
26/12/2023,1,6
26/12/2023,2,5
26/12/2023,3,3
26/12/2023,4,3
26/12/2023,5,5
26/12/2023,6,9
26/12/2023,7,20
26/12/2023,8,43
26/12/2023,9,49
26/12/2023,10,35
26/12/2023,11,37
26/12/2023,12,48
26/12/2023,13,48
26/12/2023,14,48
26/12/2023,15,52
26/12/2023,16,57
26/12/2023,17,71
26/12/2023,18,73
26/12/2023,19,60
26/12/2023,20,39
26/12/2023,21,28
26/12/2023,22,25
26/12/2023,23,21
26/12/2024,0,10
26/12/2024,1,8
26/12/2024,2,6
26/12/2024,3,4
26/12/2024,4,3
26/12/2024,5,6
26/12/2024,6,9
26/12/2024,7,16
26/12/2024,8,36
26/12/2024,9,42
26/12/2024,10,35
26/12/2024,11,38
26/12/2024,12,46
26/12/2024,13,49
26/12/2024,14,52
26/12/2024,15,56
26/12/2024,16,58
26/12/2024,17,66
26/12/2024,18,70
26/12/2024,19,60
26/12/2024,20,45
26/12/2024,21,32
26/12/2024,22,28
26/12/2024,23,21
27/01/2023,0,29
27/01/2023,1,16
27/01/2023,2,10
27/01/2023,3,6
27/01/2023,4,4
27/01/2023,5,8
27/01/2023,6,14
27/01/2023,7,54
27/01/2023,8,164
27/01/2023,9,155
27/01/2023,10,74
27/01/2023,11,64
27/01/2023,12,83
27/01/2023,13,77
27/01/2023,14,79
27/01/2023,15,76
27/01/2023,16,94
27/01/2023,17,127
27/01/2023,18,161
27/01/2023,19,141
27/01/2023,20,84
27/01/2023,21,50
27/01/2023,22,44
27/01/2023,23,38
27/01/2024,0,37
27/01/2024,1,24
27/01/2024,2,21
27/01/2024,3,13
27/01/2024,4,9
27/01/2024,5,9
27/01/2024,6,9
27/01/2024,7,14
27/01/2024,8,29
27/01/2024,9,46
27/01/2024,10,57
27/01/2024,11,69
27/01/2024,12,82
27/01/2024,13,85
27/01/2024,14,85
27/01/2024,15,96
27/01/2024,16,99
27/01/2024,17,94
27/01/2024,18,95
27/01/2024,19,86
27/01/2024,20,66
27/01/2024,21,46
27/01/2024,22,36
27/01/2024,23,35
27/02/2023,0,9
27/02/2023,1,5
27/02/2023,2,4
27/02/2023,3,3
27/02/2023,4,2
27/02/2023,5,5
27/02/2023,6,13
27/02/2023,7,43
27/02/2023,8,155
27/02/2023,9,157
27/02/2023,10,55
27/02/2023,11,45
27/02/2023,12,57
27/02/2023,13,58
27/02/2023,14,55
27/02/2023,15,51
27/02/2023,16,62
27/02/2023,17,101
27/02/2023,18,169
27/02/2023,19,158
27/02/2023,20,82
27/02/2023,21,42
27/02/2023,22,35
27/02/2023,23,23
27/02/2024,0,10
27/02/2024,1,6
27/02/2024,2,4
27/02/2024,3,3
27/02/2024,4,3
27/02/2024,5,7
27/02/2024,6,18
27/02/2024,7,68
27/02/2024,8,229
27/02/2024,9,194
27/02/2024,10,67
27/02/2024,11,61
27/02/2024,12,77
27/02/2024,13,78
27/02/2024,14,70
27/02/2024,15,65
27/02/2024,16,85
27/02/2024,17,141
27/02/2024,18,220
27/02/2024,19,207
27/02/2024,20,114
27/02/2024,21,64
27/02/2024,22,58
27/02/2024,23,46
27/03/2023,0,12
27/03/2023,1,6
27/03/2023,2,4
27/03/2023,3,3
27/03/2023,4,3
27/03/2023,5,6
27/03/2023,6,18
27/03/2023,7,72
27/03/2023,8,253
27/03/2023,9,225
27/03/2023,10,79
27/03/2023,11,63
27/03/2023,12,83
27/03/2023,13,87
27/03/2023,14,78
27/03/2023,15,69
27/03/2023,16,93
27/03/2023,17,154
27/03/2023,18,247
27/03/2023,19,229
27/03/2023,20,119
27/03/2023,21,63
27/03/2023,22,54
27/03/2023,23,38
27/03/2024,0,19
27/03/2024,1,10
27/03/2024,2,7
27/03/2024,3,5
27/03/2024,4,4
27/03/2024,5,8
27/03/2024,6,19
27/03/2024,7,70
27/03/2024,8,209
27/03/2024,9,188
27/03/2024,10,75
27/03/2024,11,67
27/03/2024,12,92
27/03/2024,13,92
27/03/2024,14,85
27/03/2024,15,76
27/03/2024,16,88
27/03/2024,17,133
27/03/2024,18,213
27/03/2024,19,195
27/03/2024,20,116
27/03/2024,21,69
27/03/2024,22,66
27/03/2024,23,55
27/04/2023,0,33
27/04/2023,1,15
27/04/2023,2,8
27/04/2023,3,5
27/04/2023,4,4
27/04/2023,5,7
27/04/2023,6,18
27/04/2023,7,57
27/04/2023,8,194
27/04/2023,9,199
27/04/2023,10,81
27/04/2023,11,66
27/04/2023,12,91
27/04/2023,13,89
27/04/2023,14,85
27/04/2023,15,79
27/04/2023,16,89
27/04/2023,17,128
27/04/2023,18,196
27/04/2023,19,181
27/04/2023,20,101
27/04/2023,21,58
27/04/2023,22,55
27/04/2023,23,51
27/04/2024,0,42
27/04/2024,1,30
27/04/2024,2,24
27/04/2024,3,14
27/04/2024,4,12
27/04/2024,5,10
27/04/2024,6,11
27/04/2024,7,17
27/04/2024,8,34
27/04/2024,9,56
27/04/2024,10,72
27/04/2024,11,82
27/04/2024,12,100
27/04/2024,13,92
27/04/2024,14,59
27/04/2024,15,62
27/04/2024,16,62
27/04/2024,17,80
27/04/2024,18,81
27/04/2024,19,77
27/04/2024,20,65
27/04/2024,21,44
27/04/2024,22,29
27/04/2024,23,29
27/05/2023,0,53
27/05/2023,1,36
27/05/2023,2,25
27/05/2023,3,14
27/05/2023,4,12
27/05/2023,5,11
27/05/2023,6,13
27/05/2023,7,20
27/05/2023,8,39
27/05/2023,9,63
27/05/2023,10,82
27/05/2023,11,91
27/05/2023,12,110
27/05/2023,13,107
27/05/2023,14,111
27/05/2023,15,132
27/05/2023,16,142
27/05/2023,17,137
27/05/2023,18,140
27/05/2023,19,134
27/05/2023,20,105
27/05/2023,21,75
27/05/2023,22,67
27/05/2023,23,58
27/05/2024,0,22
27/05/2024,1,13
27/05/2024,2,8
27/05/2024,3,5
27/05/2024,4,4
27/05/2024,5,9
27/05/2024,6,23
27/05/2024,7,79
27/05/2024,8,261
27/05/2024,9,228
27/05/2024,10,85
27/05/2024,11,73
27/05/2024,12,90
27/05/2024,13,76
27/05/2024,14,77
27/05/2024,15,60
27/05/2024,16,88
27/05/2024,17,160
27/05/2024,18,254
27/05/2024,19,225
27/05/2024,20,127
27/05/2024,21,76
27/05/2024,22,69
27/05/2024,23,51
27/06/2023,0,29
27/06/2023,1,15
27/06/2023,2,9
27/06/2023,3,5
27/06/2023,4,4
27/06/2023,5,8
27/06/2023,6,26
27/06/2023,7,95
27/06/2023,8,317
27/06/2023,9,278
27/06/2023,10,103
27/06/2023,11,90
27/06/2023,12,110
27/06/2023,13,108
27/06/2023,14,105
27/06/2023,15,105
27/06/2023,16,127
27/06/2023,17,202
27/06/2023,18,309
27/06/2023,19,290
27/06/2023,20,165
27/06/2023,21,101
27/06/2023,22,93
27/06/2023,23,86
27/06/2024,0,55
27/06/2024,1,28
27/06/2024,2,16
27/06/2024,3,8
27/06/2024,4,7
27/06/2024,5,10
27/06/2024,6,24
27/06/2024,7,79
27/06/2024,8,258
27/06/2024,9,235
27/06/2024,10,104
27/06/2024,11,86
27/06/2024,12,107
27/06/2024,13,103
27/06/2024,14,98
27/06/2024,15,93
27/06/2024,16,115
27/06/2024,17,175
27/06/2024,18,253
27/06/2024,19,232
27/06/2024,20,150
27/06/2024,21,98
27/06/2024,22,96
27/06/2024,23,92
27/07/2023,0,47
27/07/2023,1,23
27/07/2023,2,12
27/07/2023,3,6
27/07/2023,4,5
27/07/2023,5,8
27/07/2023,6,19
27/07/2023,7,55
27/07/2023,8,173
27/07/2023,9,190
27/07/2023,10,78
27/07/2023,11,67
27/07/2023,12,86
27/07/2023,13,71
27/07/2023,14,70
27/07/2023,15,48
27/07/2023,16,52
27/07/2023,17,99
27/07/2023,18,145
27/07/2023,19,149
27/07/2023,20,91
27/07/2023,21,53
27/07/2023,22,46
27/07/2023,23,47
27/07/2024,0,44
27/07/2024,1,24
27/07/2024,2,18
27/07/2024,3,11
27/07/2024,4,9
27/07/2024,5,9
27/07/2024,6,9
27/07/2024,7,13
27/07/2024,8,21
27/07/2024,9,27
27/07/2024,10,34
27/07/2024,11,51
27/07/2024,12,44
27/07/2024,13,44
27/07/2024,14,42
27/07/2024,15,48
27/07/2024,16,51
27/07/2024,17,48
27/07/2024,18,60
27/07/2024,19,66
27/07/2024,20,57
27/07/2024,21,57
27/07/2024,22,49
27/07/2024,23,45
27/08/2023,0,43
27/08/2023,1,29
27/08/2023,2,22
27/08/2023,3,13
27/08/2023,4,9
27/08/2023,5,7
27/08/2023,6,8
27/08/2023,7,10
27/08/2023,8,22
27/08/2023,9,39
27/08/2023,10,57
27/08/2023,11,79
27/08/2023,12,90
27/08/2023,13,81
27/08/2023,14,87
27/08/2023,15,103
27/08/2023,16,109
27/08/2023,17,95
27/08/2023,18,83
27/08/2023,19,61
27/08/2023,20,62
27/08/2023,21,46
27/08/2023,22,38
27/08/2023,23,29
27/08/2024,0,23
27/08/2024,1,14
27/08/2024,2,9
27/08/2024,3,5
27/08/2024,4,5
27/08/2024,5,8
27/08/2024,6,18
27/08/2024,7,60
27/08/2024,8,203
27/08/2024,9,206
27/08/2024,10,75
27/08/2024,11,66
27/08/2024,12,81
27/08/2024,13,82
27/08/2024,14,80
27/08/2024,15,82
27/08/2024,16,97
27/08/2024,17,153
27/08/2024,18,248
27/08/2024,19,207
27/08/2024,20,118
27/08/2024,21,75
27/08/2024,22,66
27/08/2024,23,55
27/09/2023,0,37
27/09/2023,1,18
27/09/2023,2,10
27/09/2023,3,5
27/09/2023,4,4
27/09/2023,5,8
27/09/2023,6,23
27/09/2023,7,102
27/09/2023,8,317
27/09/2023,9,277
27/09/2023,10,113
27/09/2023,11,98
27/09/2023,12,138
27/09/2023,13,135
27/09/2023,14,123
27/09/2023,15,118
27/09/2023,16,139
27/09/2023,17,216
27/09/2023,18,338
27/09/2023,19,299
27/09/2023,20,165
27/09/2023,21,100
27/09/2023,22,98
27/09/2023,23,86
27/09/2024,0,38
27/09/2024,1,24
27/09/2024,2,17
27/09/2024,3,9
27/09/2024,4,8
27/09/2024,5,10
27/09/2024,6,19
27/09/2024,7,60
27/09/2024,8,180
27/09/2024,9,163
27/09/2024,10,84
27/09/2024,11,81
27/09/2024,12,108
27/09/2024,13,103
27/09/2024,14,93
27/09/2024,15,75
27/09/2024,16,101
27/09/2024,17,152
27/09/2024,18,165
27/09/2024,19,127
27/09/2024,20,98
27/09/2024,21,62
27/09/2024,22,56
27/09/2024,23,44
27/10/2023,0,31
27/10/2023,1,20
27/10/2023,2,13
27/10/2023,3,7
27/10/2023,4,6
27/10/2023,5,9
27/10/2023,6,16
27/10/2023,7,50
27/10/2023,8,160
27/10/2023,9,177
27/10/2023,10,85
27/10/2023,11,79
27/10/2023,12,109
27/10/2023,13,104
27/10/2023,14,100
27/10/2023,15,97
27/10/2023,16,112
27/10/2023,17,145
27/10/2023,18,143
27/10/2023,19,128
27/10/2023,20,91
27/10/2023,21,57
27/10/2023,22,48
27/10/2023,23,47
27/10/2024,0,47
27/10/2024,1,36
27/10/2024,2,44
27/10/2024,3,14
27/10/2024,4,10
27/10/2024,5,9
27/10/2024,6,9
27/10/2024,7,12
27/10/2024,8,26
27/10/2024,9,42
27/10/2024,10,58
27/10/2024,11,69
27/10/2024,12,86
27/10/2024,13,82
27/10/2024,14,86
27/10/2024,15,93
27/10/2024,16,99
27/10/2024,17,94
27/10/2024,18,92
27/10/2024,19,78
27/10/2024,20,60
27/10/2024,21,45
27/10/2024,22,38
27/10/2024,23,31
27/11/2023,0,13
27/11/2023,1,7
27/11/2023,2,4
27/11/2023,3,3
27/11/2023,4,2
27/11/2023,5,5
27/11/2023,6,14
27/11/2023,7,58
27/11/2023,8,210
27/11/2023,9,185
27/11/2023,10,56
27/11/2023,11,35
27/11/2023,12,43
27/11/2023,13,47
27/11/2023,14,43
27/11/2023,15,46
27/11/2023,16,63
27/11/2023,17,105
27/11/2023,18,196
27/11/2023,19,175
27/11/2023,20,89
27/11/2023,21,46
27/11/2023,22,44
27/11/2023,23,29
27/11/2024,0,26
27/11/2024,1,13
27/11/2024,2,8
27/11/2024,3,4
27/11/2024,4,4
27/11/2024,5,7
27/11/2024,6,17
27/11/2024,7,64
27/11/2024,8,181
27/11/2024,9,172
27/11/2024,10,74
27/11/2024,11,65
27/11/2024,12,94
27/11/2024,13,89
27/11/2024,14,79
27/11/2024,15,70
27/11/2024,16,81
27/11/2024,17,108
27/11/2024,18,173
27/11/2024,19,171
27/11/2024,20,103
27/11/2024,21,63
27/11/2024,22,60
27/11/2024,23,51
27/12/2023,0,13
27/12/2023,1,9
27/12/2023,2,6
27/12/2023,3,4
27/12/2023,4,3
27/12/2023,5,6
27/12/2023,6,10
27/12/2023,7,21
27/12/2023,8,53
27/12/2023,9,60
27/12/2023,10,42
27/12/2023,11,46
27/12/2023,12,58
27/12/2023,13,57
27/12/2023,14,61
27/12/2023,15,63
27/12/2023,16,70
27/12/2023,17,83
27/12/2023,18,95
27/12/2023,19,76
27/12/2023,20,51
27/12/2023,21,33
27/12/2023,22,28
27/12/2023,23,25
27/12/2024,0,15
27/12/2024,1,11
27/12/2024,2,8
27/12/2024,3,5
27/12/2024,4,5
27/12/2024,5,6
27/12/2024,6,9
27/12/2024,7,19
27/12/2024,8,38
27/12/2024,9,43
27/12/2024,10,37
27/12/2024,11,44
27/12/2024,12,52
27/12/2024,13,54
27/12/2024,14,56
27/12/2024,15,59
27/12/2024,16,62
27/12/2024,17,68
27/12/2024,18,67
27/12/2024,19,60
27/12/2024,20,44
27/12/2024,21,33
27/12/2024,22,28
27/12/2024,23,22
28/01/2023,0,34
28/01/2023,1,22
28/01/2023,2,19
28/01/2023,3,13
28/01/2023,4,9
28/01/2023,5,9
28/01/2023,6,8
28/01/2023,7,13
28/01/2023,8,29
28/01/2023,9,43
28/01/2023,10,56
28/01/2023,11,64
28/01/2023,12,76
28/01/2023,13,74
28/01/2023,14,76
28/01/2023,15,86
28/01/2023,16,87
28/01/2023,17,87
28/01/2023,18,84
28/01/2023,19,79
28/01/2023,20,62
28/01/2023,21,41
28/01/2023,22,31
28/01/2023,23,30
28/01/2024,0,34
28/01/2024,1,26
28/01/2024,2,22
28/01/2024,3,14
28/01/2024,4,10
28/01/2024,5,8
28/01/2024,6,7
28/01/2024,7,9
28/01/2024,8,16
28/01/2024,9,31
28/01/2024,10,46
28/01/2024,11,57
28/01/2024,12,75
28/01/2024,13,68
28/01/2024,14,75
28/01/2024,15,84
28/01/2024,16,85
28/01/2024,17,83
28/01/2024,18,78
28/01/2024,19,64
28/01/2024,20,46
28/01/2024,21,33
28/01/2024,22,30
28/01/2024,23,24
28/02/2023,0,11
28/02/2023,1,5
28/02/2023,2,3
28/02/2023,3,3
28/02/2023,4,3
28/02/2023,5,6
28/02/2023,6,14
28/02/2023,7,49
28/02/2023,8,176
28/02/2023,9,181
28/02/2023,10,63
28/02/2023,11,51
28/02/2023,12,65
28/02/2023,13,64
28/02/2023,14,57
28/02/2023,15,53
28/02/2023,16,66
28/02/2023,17,107
28/02/2023,18,175
28/02/2023,19,173
28/02/2023,20,92
28/02/2023,21,49
28/02/2023,22,46
28/02/2023,23,36
28/02/2024,0,22
28/02/2024,1,10
28/02/2024,2,7
28/02/2024,3,4
28/02/2024,4,4
28/02/2024,5,8
28/02/2024,6,16
28/02/2024,7,66
28/02/2024,8,204
28/02/2024,9,190
28/02/2024,10,78
28/02/2024,11,67
28/02/2024,12,94
28/02/2024,13,89
28/02/2024,14,81
28/02/2024,15,75
28/02/2024,16,87
28/02/2024,17,133
28/02/2024,18,217
28/02/2024,19,200
28/02/2024,20,118
28/02/2024,21,66
28/02/2024,22,61
28/02/2024,23,52
28/03/2023,0,17
28/03/2023,1,8
28/03/2023,2,5
28/03/2023,3,3
28/03/2023,4,4
28/03/2023,5,8
28/03/2023,6,21
28/03/2023,7,86
28/03/2023,8,285
28/03/2023,9,255
28/03/2023,10,93
28/03/2023,11,76
28/03/2023,12,98
28/03/2023,13,103
28/03/2023,14,98
28/03/2023,15,88
28/03/2023,16,105
28/03/2023,17,162
28/03/2023,18,263
28/03/2023,19,254
28/03/2023,20,136
28/03/2023,21,75
28/03/2023,22,69
28/03/2023,23,57
28/03/2024,0,28
28/03/2024,1,12
28/03/2024,2,6
28/03/2024,3,4
28/03/2024,4,4
28/03/2024,5,9
28/03/2024,6,18
28/03/2024,7,64
28/03/2024,8,223
28/03/2024,9,195
28/03/2024,10,82
28/03/2024,11,70
28/03/2024,12,88
28/03/2024,13,85
28/03/2024,14,75
28/03/2024,15,72
28/03/2024,16,88
28/03/2024,17,139
28/03/2024,18,212
28/03/2024,19,185
28/03/2024,20,108
28/03/2024,21,68
28/03/2024,22,63
28/03/2024,23,55
28/04/2023,0,34
28/04/2023,1,19
28/04/2023,2,10
28/04/2023,3,5
28/04/2023,4,4
28/04/2023,5,6
28/04/2023,6,13
28/04/2023,7,42
28/04/2023,8,121
28/04/2023,9,135
28/04/2023,10,71
28/04/2023,11,62
28/04/2023,12,83
28/04/2023,13,79
28/04/2023,14,79
28/04/2023,15,79
28/04/2023,16,99
28/04/2023,17,133
28/04/2023,18,167
28/04/2023,19,149
28/04/2023,20,104
28/04/2023,21,65
28/04/2023,22,54
28/04/2023,23,50
28/04/2024,0,29
28/04/2024,1,23
28/04/2024,2,24
28/04/2024,3,14
28/04/2024,4,11
28/04/2024,5,9
28/04/2024,6,10
28/04/2024,7,13
28/04/2024,8,23
28/04/2024,9,41
28/04/2024,10,53
28/04/2024,11,68
28/04/2024,12,87
28/04/2024,13,86
28/04/2024,14,90
28/04/2024,15,108
28/04/2024,16,113
28/04/2024,17,110
28/04/2024,18,119
28/04/2024,19,107
28/04/2024,20,67
28/04/2024,21,51
28/04/2024,22,43
28/04/2024,23,30
28/05/2023,0,52
28/05/2023,1,35
28/05/2023,2,27
28/05/2023,3,16
28/05/2023,4,11
28/05/2023,5,9
28/05/2023,6,9
28/05/2023,7,13
28/05/2023,8,28
28/05/2023,9,48
28/05/2023,10,73
28/05/2023,11,90
28/05/2023,12,105
28/05/2023,13,100
28/05/2023,14,105
28/05/2023,15,121
28/05/2023,16,130
28/05/2023,17,137
28/05/2023,18,140
28/05/2023,19,124
28/05/2023,20,98
28/05/2023,21,74
28/05/2023,22,63
28/05/2023,23,56
28/05/2024,0,26
28/05/2024,1,14
28/05/2024,2,8
28/05/2024,3,5
28/05/2024,4,5
28/05/2024,5,9
28/05/2024,6,25
28/05/2024,7,89
28/05/2024,8,283
28/05/2024,9,235
28/05/2024,10,78
28/05/2024,11,53
28/05/2024,12,71
28/05/2024,13,68
28/05/2024,14,63
28/05/2024,15,61
28/05/2024,16,86
28/05/2024,17,149
28/05/2024,18,243
28/05/2024,19,225
28/05/2024,20,134
28/05/2024,21,81
28/05/2024,22,72
28/05/2024,23,61
28/06/2023,0,49
28/06/2023,1,24
28/06/2023,2,14
28/06/2023,3,6
28/06/2023,4,5
28/06/2023,5,9
28/06/2023,6,25
28/06/2023,7,84
28/06/2023,8,266
28/06/2023,9,253
28/06/2023,10,107
28/06/2023,11,94
28/06/2023,12,117
28/06/2023,13,110
28/06/2023,14,109
28/06/2023,15,100
28/06/2023,16,123
28/06/2023,17,193
28/06/2023,18,296
28/06/2023,19,273
28/06/2023,20,165
28/06/2023,21,97
28/06/2023,22,97
28/06/2023,23,93
28/06/2024,0,62
28/06/2024,1,36
28/06/2024,2,22
28/06/2024,3,12
28/06/2024,4,8
28/06/2024,5,11
28/06/2024,6,22
28/06/2024,7,66
28/06/2024,8,186
28/06/2024,9,179
28/06/2024,10,93
28/06/2024,11,85
28/06/2024,12,112
28/06/2024,13,103
28/06/2024,14,105
28/06/2024,15,103
28/06/2024,16,120
28/06/2024,17,170
28/06/2024,18,200
28/06/2024,19,181
28/06/2024,20,133
28/06/2024,21,89
28/06/2024,22,74
28/06/2024,23,73
28/07/2023,0,32
28/07/2023,1,20
28/07/2023,2,13
28/07/2023,3,6
28/07/2023,4,5
28/07/2023,5,8
28/07/2023,6,12
28/07/2023,7,35
28/07/2023,8,100
28/07/2023,9,91
28/07/2023,10,42
28/07/2023,11,43
28/07/2023,12,57
28/07/2023,13,57
28/07/2023,14,56
28/07/2023,15,53
28/07/2023,16,61
28/07/2023,17,85
28/07/2023,18,79
28/07/2023,19,84
28/07/2023,20,72
28/07/2023,21,49
28/07/2023,22,41
28/07/2023,23,37
28/07/2024,0,39
28/07/2024,1,28
28/07/2024,2,23
28/07/2024,3,15
28/07/2024,4,11
28/07/2024,5,11
28/07/2024,6,11
28/07/2024,7,17
28/07/2024,8,28
28/07/2024,9,38
28/07/2024,10,59
28/07/2024,11,80
28/07/2024,12,91
28/07/2024,13,91
28/07/2024,14,97
28/07/2024,15,115
28/07/2024,16,119
28/07/2024,17,117
28/07/2024,18,121
28/07/2024,19,117
28/07/2024,20,92
28/07/2024,21,76
28/07/2024,22,70
28/07/2024,23,64
28/08/2023,0,25
28/08/2023,1,12
28/08/2023,2,7
28/08/2023,3,4
28/08/2023,4,4
28/08/2023,5,8
28/08/2023,6,18
28/08/2023,7,62
28/08/2023,8,219
28/08/2023,9,200
28/08/2023,10,67
28/08/2023,11,60
28/08/2023,12,65
28/08/2023,13,70
28/08/2023,14,71
28/08/2023,15,65
28/08/2023,16,86
28/08/2023,17,150
28/08/2023,18,264
28/08/2023,19,218
28/08/2023,20,112
28/08/2023,21,63
28/08/2023,22,51
28/08/2023,23,38
28/08/2024,0,33
28/08/2024,1,19
28/08/2024,2,11
28/08/2024,3,6
28/08/2024,4,6
28/08/2024,5,9
28/08/2024,6,19
28/08/2024,7,57
28/08/2024,8,183
28/08/2024,9,187
28/08/2024,10,81
28/08/2024,11,75
28/08/2024,12,90
28/08/2024,13,87
28/08/2024,14,82
28/08/2024,15,78
28/08/2024,16,91
28/08/2024,17,144
28/08/2024,18,228
28/08/2024,19,192
28/08/2024,20,113
28/08/2024,21,75
28/08/2024,22,70
28/08/2024,23,61
28/09/2023,0,45
28/09/2023,1,21
28/09/2023,2,12
28/09/2023,3,6
28/09/2023,4,5
28/09/2023,5,9
28/09/2023,6,24
28/09/2023,7,102
28/09/2023,8,330
28/09/2023,9,281
28/09/2023,10,116
28/09/2023,11,99
28/09/2023,12,131
28/09/2023,13,130
28/09/2023,14,120
28/09/2023,15,117
28/09/2023,16,144
28/09/2023,17,228
28/09/2023,18,326
28/09/2023,19,298
28/09/2023,20,173
28/09/2023,21,107
28/09/2023,22,103
28/09/2023,23,90
28/09/2024,0,39
28/09/2024,1,29
28/09/2024,2,29
28/09/2024,3,16
28/09/2024,4,13
28/09/2024,5,11
28/09/2024,6,12
28/09/2024,7,17
28/09/2024,8,38
28/09/2024,9,61
28/09/2024,10,79
28/09/2024,11,94
28/09/2024,12,115
28/09/2024,13,103
28/09/2024,14,109
28/09/2024,15,120
28/09/2024,16,124
28/09/2024,17,132
28/09/2024,18,130
28/09/2024,19,123
28/09/2024,20,96
28/09/2024,21,65
28/09/2024,22,56
28/09/2024,23,49
28/10/2023,0,39
28/10/2023,1,30
28/10/2023,2,28
28/10/2023,3,15
28/10/2023,4,12
28/10/2023,5,11
28/10/2023,6,11
28/10/2023,7,14
28/10/2023,8,28
28/10/2023,9,48
28/10/2023,10,60
28/10/2023,11,73
28/10/2023,12,90
28/10/2023,13,88
28/10/2023,14,91
28/10/2023,15,96
28/10/2023,16,74
28/10/2023,17,68
28/10/2023,18,62
28/10/2023,19,53
28/10/2023,20,47
28/10/2023,21,28
28/10/2023,22,27
28/10/2023,23,29
28/10/2024,0,17
28/10/2024,1,10
28/10/2024,2,7
28/10/2024,3,4
28/10/2024,4,5
28/10/2024,5,9
28/10/2024,6,18
28/10/2024,7,58
28/10/2024,8,192
28/10/2024,9,183
28/10/2024,10,70
28/10/2024,11,61
28/10/2024,12,80
28/10/2024,13,81
28/10/2024,14,77
28/10/2024,15,75
28/10/2024,16,87
28/10/2024,17,137
28/10/2024,18,216
28/10/2024,19,177
28/10/2024,20,102
28/10/2024,21,63
28/10/2024,22,54
28/10/2024,23,41
28/11/2023,0,14
28/11/2023,1,6
28/11/2023,2,5
28/11/2023,3,3
28/11/2023,4,3
28/11/2023,5,6
28/11/2023,6,18
28/11/2023,7,80
28/11/2023,8,285
28/11/2023,9,252
28/11/2023,10,87
28/11/2023,11,71
28/11/2023,12,95
28/11/2023,13,96
28/11/2023,14,88
28/11/2023,15,86
28/11/2023,16,104
28/11/2023,17,173
28/11/2023,18,272
28/11/2023,19,245
28/11/2023,20,132
28/11/2023,21,68
28/11/2023,22,64
28/11/2023,23,64
28/11/2024,0,27
28/11/2024,1,15
28/11/2024,2,8
28/11/2024,3,5
28/11/2024,4,4
28/11/2024,5,8
28/11/2024,6,18
28/11/2024,7,67
28/11/2024,8,228
28/11/2024,9,208
28/11/2024,10,84
28/11/2024,11,75
28/11/2024,12,100
28/11/2024,13,100
28/11/2024,14,97
28/11/2024,15,88
28/11/2024,16,104
28/11/2024,17,153
28/11/2024,18,221
28/11/2024,19,202
28/11/2024,20,118
28/11/2024,21,73
28/11/2024,22,66
28/11/2024,23,60
28/12/2023,0,17
28/12/2023,1,11
28/12/2023,2,8
28/12/2023,3,4
28/12/2023,4,4
28/12/2023,5,6
28/12/2023,6,10
28/12/2023,7,23
28/12/2023,8,58
28/12/2023,9,66
28/12/2023,10,46
28/12/2023,11,49
28/12/2023,12,63
28/12/2023,13,57
28/12/2023,14,64
28/12/2023,15,67
28/12/2023,16,71
28/12/2023,17,86
28/12/2023,18,104
28/12/2023,19,85
28/12/2023,20,56
28/12/2023,21,39
28/12/2023,22,32
28/12/2023,23,28
28/12/2024,0,16
28/12/2024,1,10
28/12/2024,2,10
28/12/2024,3,6
28/12/2024,4,5
28/12/2024,5,6
28/12/2024,6,8
28/12/2024,7,9
28/12/2024,8,14
28/12/2024,9,22
28/12/2024,10,29
28/12/2024,11,36
28/12/2024,12,41
28/12/2024,13,42
28/12/2024,14,43
28/12/2024,15,44
28/12/2024,16,46
28/12/2024,17,44
28/12/2024,18,45
28/12/2024,19,46
28/12/2024,20,38
28/12/2024,21,28
28/12/2024,22,24
28/12/2024,23,20
29/01/2023,0,29
29/01/2023,1,21
29/01/2023,2,21
29/01/2023,3,13
29/01/2023,4,10
29/01/2023,5,7
29/01/2023,6,6
29/01/2023,7,7
29/01/2023,8,14
29/01/2023,9,27
29/01/2023,10,42
29/01/2023,11,57
29/01/2023,12,79
29/01/2023,13,71
29/01/2023,14,69
29/01/2023,15,79
29/01/2023,16,83
29/01/2023,17,81
29/01/2023,18,77
29/01/2023,19,61
29/01/2023,20,44
29/01/2023,21,30
29/01/2023,22,25
29/01/2023,23,20
29/01/2024,0,11
29/01/2024,1,7
29/01/2024,2,5
29/01/2024,3,4
29/01/2024,4,4
29/01/2024,5,7
29/01/2024,6,17
29/01/2024,7,64
29/01/2024,8,214
29/01/2024,9,184
29/01/2024,10,64
29/01/2024,11,56
29/01/2024,12,72
29/01/2024,13,73
29/01/2024,14,68
29/01/2024,15,68
29/01/2024,16,83
29/01/2024,17,131
29/01/2024,18,211
29/01/2024,19,178
29/01/2024,20,95
29/01/2024,21,56
29/01/2024,22,46
29/01/2024,23,31
29/02/2024,0,27
29/02/2024,1,14
29/02/2024,2,8
29/02/2024,3,5
29/02/2024,4,4
29/02/2024,5,8
29/02/2024,6,17
29/02/2024,7,64
29/02/2024,8,203
29/02/2024,9,185
29/02/2024,10,73
29/02/2024,11,57
29/02/2024,12,73
29/02/2024,13,71
29/02/2024,14,67
29/02/2024,15,60
29/02/2024,16,71
29/02/2024,17,119
29/02/2024,18,189
29/02/2024,19,179
29/02/2024,20,104
29/02/2024,21,64
29/02/2024,22,47
29/02/2024,23,43
29/03/2023,0,27
29/03/2023,1,10
29/03/2023,2,5
29/03/2023,3,4
29/03/2023,4,3
29/03/2023,5,7
29/03/2023,6,18
29/03/2023,7,75
29/03/2023,8,253
29/03/2023,9,242
29/03/2023,10,94
29/03/2023,11,79
29/03/2023,12,107
29/03/2023,13,107
29/03/2023,14,98
29/03/2023,15,92
29/03/2023,16,108
29/03/2023,17,168
29/03/2023,18,266
29/03/2023,19,259
29/03/2023,20,142
29/03/2023,21,83
29/03/2023,22,76
29/03/2023,23,68
29/03/2024,0,29
29/03/2024,1,17
29/03/2024,2,10
29/03/2024,3,6
29/03/2024,4,6
29/03/2024,5,10
29/03/2024,6,17
29/03/2024,7,56
29/03/2024,8,155
29/03/2024,9,139
29/03/2024,10,73
29/03/2024,11,68
29/03/2024,12,94
29/03/2024,13,89
29/03/2024,14,87
29/03/2024,15,86
29/03/2024,16,98
29/03/2024,17,120
29/03/2024,18,149
29/03/2024,19,89
29/03/2024,20,54
29/03/2024,21,35
29/03/2024,22,38
29/03/2024,23,31
29/04/2023,0,38
29/04/2023,1,26
29/04/2023,2,21
29/04/2023,3,13
29/04/2023,4,11
29/04/2023,5,9
29/04/2023,6,11
29/04/2023,7,16
29/04/2023,8,28
29/04/2023,9,45
29/04/2023,10,57
29/04/2023,11,69
29/04/2023,12,78
29/04/2023,13,76
29/04/2023,14,80
29/04/2023,15,91
29/04/2023,16,98
29/04/2023,17,100
29/04/2023,18,106
29/04/2023,19,103
29/04/2023,20,77
29/04/2023,21,50
29/04/2023,22,40
29/04/2023,23,38
29/04/2024,0,18
29/04/2024,1,10
29/04/2024,2,6
29/04/2024,3,4
29/04/2024,4,4
29/04/2024,5,9
29/04/2024,6,21
29/04/2024,7,74
29/04/2024,8,252
29/04/2024,9,220
29/04/2024,10,86
29/04/2024,11,76
29/04/2024,12,98
29/04/2024,13,98
29/04/2024,14,91
29/04/2024,15,86
29/04/2024,16,102
29/04/2024,17,167
29/04/2024,18,261
29/04/2024,19,233
29/04/2024,20,132
29/04/2024,21,75
29/04/2024,22,64
29/04/2024,23,45
29/05/2023,0,33
29/05/2023,1,19
29/05/2023,2,14
29/05/2023,3,8
29/05/2023,4,6
29/05/2023,5,7
29/05/2023,6,9
29/05/2023,7,20
29/05/2023,8,60
29/05/2023,9,87
29/05/2023,10,79
29/05/2023,11,88
29/05/2023,12,105
29/05/2023,13,99
29/05/2023,14,106
29/05/2023,15,121
29/05/2023,16,132
29/05/2023,17,146
29/05/2023,18,165
29/05/2023,19,148
29/05/2023,20,99
29/05/2023,21,70
29/05/2023,22,59
29/05/2023,23,39
29/05/2024,0,33
29/05/2024,1,16
29/05/2024,2,9
29/05/2024,3,5
29/05/2024,4,5
29/05/2024,5,8
29/05/2024,6,17
29/05/2024,7,48
29/05/2024,8,156
29/05/2024,9,161
29/05/2024,10,71
29/05/2024,11,64
29/05/2024,12,69
29/05/2024,13,57
29/05/2024,14,51
29/05/2024,15,49
29/05/2024,16,61
29/05/2024,17,83
29/05/2024,18,153
29/05/2024,19,147
29/05/2024,20,77
29/05/2024,21,57
29/05/2024,22,56
29/05/2024,23,43
29/06/2023,0,60
29/06/2023,1,30
29/06/2023,2,18
29/06/2023,3,8
29/06/2023,4,6
29/06/2023,5,9
29/06/2023,6,22
29/06/2023,7,78
29/06/2023,8,261
29/06/2023,9,246
29/06/2023,10,101
29/06/2023,11,88
29/06/2023,12,113
29/06/2023,13,110
29/06/2023,14,104
29/06/2023,15,95
29/06/2023,16,119
29/06/2023,17,188
29/06/2023,18,260
29/06/2023,19,245
29/06/2023,20,155
29/06/2023,21,98
29/06/2023,22,92
29/06/2023,23,90
29/06/2024,0,65
29/06/2024,1,42
29/06/2024,2,33
29/06/2024,3,22
29/06/2024,4,15
29/06/2024,5,12
29/06/2024,6,12
29/06/2024,7,21
29/06/2024,8,37
29/06/2024,9,57
29/06/2024,10,75
29/06/2024,11,84
29/06/2024,12,98
29/06/2024,13,96
29/06/2024,14,91
29/06/2024,15,98
29/06/2024,16,106
29/06/2024,17,109
29/06/2024,18,110
29/06/2024,19,92
29/06/2024,20,81
29/06/2024,21,58
29/06/2024,22,50
29/06/2024,23,44
29/07/2023,0,31
29/07/2023,1,23
29/07/2023,2,18
29/07/2023,3,11
29/07/2023,4,9
29/07/2023,5,10
29/07/2023,6,10
29/07/2023,7,16
29/07/2023,8,27
29/07/2023,9,46
29/07/2023,10,60
29/07/2023,11,73
29/07/2023,12,79
29/07/2023,13,77
29/07/2023,14,77
29/07/2023,15,92
29/07/2023,16,100
29/07/2023,17,73
29/07/2023,18,65
29/07/2023,19,77
29/07/2023,20,72
29/07/2023,21,54
29/07/2023,22,43
29/07/2023,23,42
29/07/2024,0,34
29/07/2024,1,21
29/07/2024,2,12
29/07/2024,3,7
29/07/2024,4,8
29/07/2024,5,10
29/07/2024,6,21
29/07/2024,7,52
29/07/2024,8,131
29/07/2024,9,126
29/07/2024,10,67
29/07/2024,11,71
29/07/2024,12,88
29/07/2024,13,84
29/07/2024,14,83
29/07/2024,15,79
29/07/2024,16,93
29/07/2024,17,136
29/07/2024,18,186
29/07/2024,19,160
29/07/2024,20,102
29/07/2024,21,78
29/07/2024,22,76
29/07/2024,23,77
29/08/2023,0,22
29/08/2023,1,12
29/08/2023,2,7
29/08/2023,3,4
29/08/2023,4,4
29/08/2023,5,8
29/08/2023,6,20
29/08/2023,7,74
29/08/2023,8,264
29/08/2023,9,253
29/08/2023,10,90
29/08/2023,11,70
29/08/2023,12,89
29/08/2023,13,87
29/08/2023,14,82
29/08/2023,15,85
29/08/2023,16,106
29/08/2023,17,170
29/08/2023,18,297
29/08/2023,19,256
29/08/2023,20,131
29/08/2023,21,77
29/08/2023,22,66
29/08/2023,23,58
29/08/2024,0,48
29/08/2024,1,26
29/08/2024,2,15
29/08/2024,3,8
29/08/2024,4,6
29/08/2024,5,10
29/08/2024,6,20
29/08/2024,7,56
29/08/2024,8,187
29/08/2024,9,197
29/08/2024,10,86
29/08/2024,11,78
29/08/2024,12,95
29/08/2024,13,92
29/08/2024,14,92
29/08/2024,15,95
29/08/2024,16,107
29/08/2024,17,154
29/08/2024,18,233
29/08/2024,19,206
29/08/2024,20,126
29/08/2024,21,81
29/08/2024,22,71
29/08/2024,23,64
29/09/2023,0,55
29/09/2023,1,32
29/09/2023,2,17
29/09/2023,3,10
29/09/2023,4,7
29/09/2023,5,10
29/09/2023,6,23
29/09/2023,7,88
29/09/2023,8,248
29/09/2023,9,211
29/09/2023,10,106
29/09/2023,11,95
29/09/2023,12,123
29/09/2023,13,117
29/09/2023,14,119
29/09/2023,15,120
29/09/2023,16,148
29/09/2023,17,207
29/09/2023,18,260
29/09/2023,19,234
29/09/2023,20,152
29/09/2023,21,93
29/09/2023,22,79
29/09/2023,23,75
29/09/2024,0,47
29/09/2024,1,38
29/09/2024,2,31
29/09/2024,3,19
29/09/2024,4,14
29/09/2024,5,10
29/09/2024,6,9
29/09/2024,7,12
29/09/2024,8,27
29/09/2024,9,42
29/09/2024,10,61
29/09/2024,11,74
29/09/2024,12,91
29/09/2024,13,82
29/09/2024,14,86
29/09/2024,15,96
29/09/2024,16,102
29/09/2024,17,105
29/09/2024,18,106
29/09/2024,19,94
29/09/2024,20,65
29/09/2024,21,49
29/09/2024,22,41
29/09/2024,23,29
29/10/2023,0,17
29/10/2023,1,20
29/10/2023,2,36
29/10/2023,3,11
29/10/2023,4,9
29/10/2023,5,8
29/10/2023,6,7
29/10/2023,7,10
29/10/2023,8,20
29/10/2023,9,24
29/10/2023,10,27
29/10/2023,11,45
29/10/2023,12,65
29/10/2023,13,74
29/10/2023,14,82
29/10/2023,15,93
29/10/2023,16,101
29/10/2023,17,101
29/10/2023,18,94
29/10/2023,19,75
29/10/2023,20,54
29/10/2023,21,41
29/10/2023,22,33
29/10/2023,23,25
29/10/2024,0,21
29/10/2024,1,11
29/10/2024,2,7
29/10/2024,3,4
29/10/2024,4,5
29/10/2024,5,8
29/10/2024,6,20
29/10/2024,7,61
29/10/2024,8,197
29/10/2024,9,198
29/10/2024,10,78
29/10/2024,11,67
29/10/2024,12,87
29/10/2024,13,89
29/10/2024,14,82
29/10/2024,15,77
29/10/2024,16,92
29/10/2024,17,142
29/10/2024,18,223
29/10/2024,19,191
29/10/2024,20,108
29/10/2024,21,68
29/10/2024,22,63
29/10/2024,23,53
29/11/2023,0,26
29/11/2023,1,11
29/11/2023,2,6
29/11/2023,3,4
29/11/2023,4,3
29/11/2023,5,6
29/11/2023,6,18
29/11/2023,7,75
29/11/2023,8,240
29/11/2023,9,231
29/11/2023,10,87
29/11/2023,11,76
29/11/2023,12,107
29/11/2023,13,108
29/11/2023,14,94
29/11/2023,15,87
29/11/2023,16,104
29/11/2023,17,159
29/11/2023,18,248
29/11/2023,19,227
29/11/2023,20,126
29/11/2023,21,71
29/11/2023,22,71
29/11/2023,23,60
29/11/2024,0,37
29/11/2024,1,21
29/11/2024,2,13
29/11/2024,3,7
29/11/2024,4,6
29/11/2024,5,8
29/11/2024,6,18
29/11/2024,7,56
29/11/2024,8,168
29/11/2024,9,158
29/11/2024,10,81
29/11/2024,11,75
29/11/2024,12,103
29/11/2024,13,96
29/11/2024,14,95
29/11/2024,15,93
29/11/2024,16,106
29/11/2024,17,145
29/11/2024,18,173
29/11/2024,19,149
29/11/2024,20,101
29/11/2024,21,63
29/11/2024,22,55
29/11/2024,23,48
29/12/2023,0,19
29/12/2023,1,13
29/12/2023,2,9
29/12/2023,3,5
29/12/2023,4,4
29/12/2023,5,6
29/12/2023,6,10
29/12/2023,7,20
29/12/2023,8,45
29/12/2023,9,53
29/12/2023,10,45
29/12/2023,11,52
29/12/2023,12,62
29/12/2023,13,59
29/12/2023,14,64
29/12/2023,15,68
29/12/2023,16,75
29/12/2023,17,80
29/12/2023,18,84
29/12/2023,19,71
29/12/2023,20,50
29/12/2023,21,36
29/12/2023,22,31
29/12/2023,23,27
29/12/2024,0,17
29/12/2024,1,11
29/12/2024,2,11
29/12/2024,3,7
29/12/2024,4,6
29/12/2024,5,5
29/12/2024,6,6
29/12/2024,7,6
29/12/2024,8,11
29/12/2024,9,15
29/12/2024,10,24
29/12/2024,11,33
29/12/2024,12,38
29/12/2024,13,37
29/12/2024,14,41
29/12/2024,15,45
29/12/2024,16,45
29/12/2024,17,43
29/12/2024,18,44
29/12/2024,19,44
29/12/2024,20,35
29/12/2024,21,31
29/12/2024,22,25
29/12/2024,23,19
30/01/2023,0,9
30/01/2023,1,5
30/01/2023,2,3
30/01/2023,3,2
30/01/2023,4,2
30/01/2023,5,5
30/01/2023,6,15
30/01/2023,7,64
30/01/2023,8,217
30/01/2023,9,186
30/01/2023,10,64
30/01/2023,11,50
30/01/2023,12,66
30/01/2023,13,69
30/01/2023,14,61
30/01/2023,15,60
30/01/2023,16,79
30/01/2023,17,131
30/01/2023,18,213
30/01/2023,19,200
30/01/2023,20,104
30/01/2023,21,58
30/01/2023,22,46
30/01/2023,23,30
30/01/2024,0,17
30/01/2024,1,8
30/01/2024,2,5
30/01/2024,3,4
30/01/2024,4,4
30/01/2024,5,7
30/01/2024,6,19
30/01/2024,7,71
30/01/2024,8,234
30/01/2024,9,203
30/01/2024,10,73
30/01/2024,11,62
30/01/2024,12,82
30/01/2024,13,77
30/01/2024,14,74
30/01/2024,15,69
30/01/2024,16,81
30/01/2024,17,139
30/01/2024,18,219
30/01/2024,19,189
30/01/2024,20,105
30/01/2024,21,62
30/01/2024,22,57
30/01/2024,23,44
30/03/2023,0,33
30/03/2023,1,16
30/03/2023,2,10
30/03/2023,3,7
30/03/2023,4,5
30/03/2023,5,7
30/03/2023,6,19
30/03/2023,7,77
30/03/2023,8,263
30/03/2023,9,242
30/03/2023,10,92
30/03/2023,11,76
30/03/2023,12,100
30/03/2023,13,99
30/03/2023,14,88
30/03/2023,15,85
30/03/2023,16,106
30/03/2023,17,158
30/03/2023,18,249
30/03/2023,19,238
30/03/2023,20,140
30/03/2023,21,83
30/03/2023,22,71
30/03/2023,23,55
30/03/2024,0,18
30/03/2024,1,13
30/03/2024,2,11
30/03/2024,3,7
30/03/2024,4,6
30/03/2024,5,8
30/03/2024,6,8
30/03/2024,7,11
30/03/2024,8,22
30/03/2024,9,37
30/03/2024,10,44
30/03/2024,11,49
30/03/2024,12,62
30/03/2024,13,64
30/03/2024,14,70
30/03/2024,15,79
30/03/2024,16,80
30/03/2024,17,81
30/03/2024,18,82
30/03/2024,19,77
30/03/2024,20,62
30/03/2024,21,42
30/03/2024,22,37
30/03/2024,23,36
30/04/2023,0,32
30/04/2023,1,23
30/04/2023,2,20
30/04/2023,3,12
30/04/2023,4,9
30/04/2023,5,9
30/04/2023,6,7
30/04/2023,7,11
30/04/2023,8,20
30/04/2023,9,34
30/04/2023,10,52
30/04/2023,11,72
30/04/2023,12,85
30/04/2023,13,80
30/04/2023,14,83
30/04/2023,15,98
30/04/2023,16,104
30/04/2023,17,99
30/04/2023,18,97
30/04/2023,19,90
30/04/2023,20,69
30/04/2023,21,48
30/04/2023,22,39
30/04/2023,23,35
30/04/2024,0,25
30/04/2024,1,12
30/04/2024,2,7
30/04/2024,3,4
30/04/2024,4,4
30/04/2024,5,8
30/04/2024,6,21
30/04/2024,7,69
30/04/2024,8,216
30/04/2024,9,191
30/04/2024,10,76
30/04/2024,11,69
30/04/2024,12,90
30/04/2024,13,91
30/04/2024,14,87
30/04/2024,15,85
30/04/2024,16,102
30/04/2024,17,155
30/04/2024,18,230
30/04/2024,19,213
30/04/2024,20,130
30/04/2024,21,74
30/04/2024,22,61
30/04/2024,23,55
30/05/2023,0,20
30/05/2023,1,10
30/05/2023,2,6
30/05/2023,3,3
30/05/2023,4,3
30/05/2023,5,8
30/05/2023,6,24
30/05/2023,7,94
30/05/2023,8,319
30/05/2023,9,271
30/05/2023,10,98
30/05/2023,11,84
30/05/2023,12,108
30/05/2023,13,106
30/05/2023,14,96
30/05/2023,15,96
30/05/2023,16,118
30/05/2023,17,191
30/05/2023,18,321
30/05/2023,19,296
30/05/2023,20,159
30/05/2023,21,93
30/05/2023,22,88
30/05/2023,23,66
30/05/2024,0,28
30/05/2024,1,16
30/05/2024,2,9
30/05/2024,3,6
30/05/2024,4,5
30/05/2024,5,9
30/05/2024,6,20
30/05/2024,7,65
30/05/2024,8,217
30/05/2024,9,181
30/05/2024,10,78
30/05/2024,11,70
30/05/2024,12,79
30/05/2024,13,74
30/05/2024,14,65
30/05/2024,15,60
30/05/2024,16,79
30/05/2024,17,137
30/05/2024,18,214
30/05/2024,19,201
30/05/2024,20,120
30/05/2024,21,76
30/05/2024,22,74
30/05/2024,23,64
30/06/2023,0,62
30/06/2023,1,35
30/06/2023,2,21
30/06/2023,3,10
30/06/2023,4,8
30/06/2023,5,11
30/06/2023,6,23
30/06/2023,7,70
30/06/2023,8,214
30/06/2023,9,201
30/06/2023,10,101
30/06/2023,11,91
30/06/2023,12,118
30/06/2023,13,111
30/06/2023,14,113
30/06/2023,15,113
30/06/2023,16,137
30/06/2023,17,190
30/06/2023,18,232
30/06/2023,19,210
30/06/2023,20,147
30/06/2023,21,94
30/06/2023,22,80
30/06/2023,23,72
30/06/2024,0,41
30/06/2024,1,33
30/06/2024,2,30
30/06/2024,3,18
30/06/2024,4,14
30/06/2024,5,10
30/06/2024,6,9
30/06/2024,7,13
30/06/2024,8,27
30/06/2024,9,44
30/06/2024,10,70
30/06/2024,11,92
30/06/2024,12,106
30/06/2024,13,102
30/06/2024,14,104
30/06/2024,15,117
30/06/2024,16,120
30/06/2024,17,119
30/06/2024,18,119
30/06/2024,19,107
30/06/2024,20,70
30/06/2024,21,58
30/06/2024,22,58
30/06/2024,23,51
30/07/2023,0,36
30/07/2023,1,25
30/07/2023,2,21
30/07/2023,3,12
30/07/2023,4,10
30/07/2023,5,8
30/07/2023,6,9
30/07/2023,7,13
30/07/2023,8,20
30/07/2023,9,36
30/07/2023,10,54
30/07/2023,11,69
30/07/2023,12,79
30/07/2023,13,76
30/07/2023,14,80
30/07/2023,15,92
30/07/2023,16,102
30/07/2023,17,105
30/07/2023,18,96
30/07/2023,19,89
30/07/2023,20,69
30/07/2023,21,51
30/07/2023,22,42
30/07/2023,23,33
30/07/2024,0,40
30/07/2024,1,22
30/07/2024,2,13
30/07/2024,3,7
30/07/2024,4,8
30/07/2024,5,12
30/07/2024,6,22
30/07/2024,7,53
30/07/2024,8,137
30/07/2024,9,145
30/07/2024,10,79
30/07/2024,11,77
30/07/2024,12,90
30/07/2024,13,85
30/07/2024,14,80
30/07/2024,15,79
30/07/2024,16,86
30/07/2024,17,128
30/07/2024,18,183
30/07/2024,19,164
30/07/2024,20,109
30/07/2024,21,82
30/07/2024,22,80
30/07/2024,23,80
30/08/2023,0,32
30/08/2023,1,17
30/08/2023,2,10
30/08/2023,3,5
30/08/2023,4,5
30/08/2023,5,7
30/08/2023,6,19
30/08/2023,7,65
30/08/2023,8,222
30/08/2023,9,226
30/08/2023,10,84
30/08/2023,11,70
30/08/2023,12,92
30/08/2023,13,91
30/08/2023,14,92
30/08/2023,15,88
30/08/2023,16,105
30/08/2023,17,168
30/08/2023,18,276
30/08/2023,19,243
30/08/2023,20,132
30/08/2023,21,79
30/08/2023,22,72
30/08/2023,23,67
30/08/2024,0,38
30/08/2024,1,26
30/08/2024,2,15
30/08/2024,3,8
30/08/2024,4,7
30/08/2024,5,10
30/08/2024,6,19
30/08/2024,7,50
30/08/2024,8,131
30/08/2024,9,134
30/08/2024,10,56
30/08/2024,11,43
30/08/2024,12,53
30/08/2024,13,66
30/08/2024,14,61
30/08/2024,15,56
30/08/2024,16,63
30/08/2024,17,99
30/08/2024,18,111
30/08/2024,19,108
30/08/2024,20,82
30/08/2024,21,58
30/08/2024,22,50
30/08/2024,23,48
30/09/2023,0,62
30/09/2023,1,42
30/09/2023,2,38
30/09/2023,3,22
30/09/2023,4,15
30/09/2023,5,13
30/09/2023,6,14
30/09/2023,7,24
30/09/2023,8,46
30/09/2023,9,76
30/09/2023,10,94
30/09/2023,11,113
30/09/2023,12,135
30/09/2023,13,125
30/09/2023,14,134
30/09/2023,15,157
30/09/2023,16,169
30/09/2023,17,173
30/09/2023,18,176
30/09/2023,19,172
30/09/2023,20,131
30/09/2023,21,85
30/09/2023,22,76
30/09/2023,23,72
30/09/2024,0,17
30/09/2024,1,10
30/09/2024,2,7
30/09/2024,3,4
30/09/2024,4,4
30/09/2024,5,8
30/09/2024,6,20
30/09/2024,7,71
30/09/2024,8,245
30/09/2024,9,215
30/09/2024,10,79
30/09/2024,11,67
30/09/2024,12,88
30/09/2024,13,91
30/09/2024,14,82
30/09/2024,15,78
30/09/2024,16,96
30/09/2024,17,163
30/09/2024,18,243
30/09/2024,19,191
30/09/2024,20,123
30/09/2024,21,71
30/09/2024,22,62
30/09/2024,23,42
30/10/2023,0,15
30/10/2023,1,10
30/10/2023,2,6
30/10/2023,3,4
30/10/2023,4,4
30/10/2023,5,8
30/10/2023,6,16
30/10/2023,7,41
30/10/2023,8,135
30/10/2023,9,124
30/10/2023,10,44
30/10/2023,11,28
30/10/2023,12,39
30/10/2023,13,42
30/10/2023,14,42
30/10/2023,15,48
30/10/2023,16,62
30/10/2023,17,107
30/10/2023,18,177
30/10/2023,19,154
30/10/2023,20,85
30/10/2023,21,51
30/10/2023,22,44
30/10/2023,23,32
30/10/2024,0,31
30/10/2024,1,16
30/10/2024,2,10
30/10/2024,3,6
30/10/2024,4,5
30/10/2024,5,9
30/10/2024,6,19
30/10/2024,7,54
30/10/2024,8,176
30/10/2024,9,179
30/10/2024,10,78
30/10/2024,11,70
30/10/2024,12,94
30/10/2024,13,92
30/10/2024,14,85
30/10/2024,15,82
30/10/2024,16,89
30/10/2024,17,133
30/10/2024,18,201
30/10/2024,19,176
30/10/2024,20,106
30/10/2024,21,67
30/10/2024,22,66
30/10/2024,23,60
30/11/2023,0,34
30/11/2023,1,14
30/11/2023,2,7
30/11/2023,3,5
30/11/2023,4,3
30/11/2023,5,6
30/11/2023,6,18
30/11/2023,7,75
30/11/2023,8,254
30/11/2023,9,230
30/11/2023,10,89
30/11/2023,11,72
30/11/2023,12,99
30/11/2023,13,99
30/11/2023,14,89
30/11/2023,15,83
30/11/2023,16,101
30/11/2023,17,164
30/11/2023,18,238
30/11/2023,19,218
30/11/2023,20,119
30/11/2023,21,71
30/11/2023,22,68
30/11/2023,23,61
30/11/2024,0,42
30/11/2024,1,31
30/11/2024,2,25
30/11/2024,3,15
30/11/2024,4,12
30/11/2024,5,10
30/11/2024,6,10
30/11/2024,7,16
30/11/2024,8,32
30/11/2024,9,50
30/11/2024,10,66
30/11/2024,11,80
30/11/2024,12,94
30/11/2024,13,93
30/11/2024,14,97
30/11/2024,15,102
30/11/2024,16,106
30/11/2024,17,99
30/11/2024,18,95
30/11/2024,19,93
30/11/2024,20,72
30/11/2024,21,50
30/11/2024,22,42
30/11/2024,23,42
30/12/2023,0,21
30/12/2023,1,14
30/12/2023,2,13
30/12/2023,3,8
30/12/2023,4,6
30/12/2023,5,6
30/12/2023,6,7
30/12/2023,7,10
30/12/2023,8,17
30/12/2023,9,29
30/12/2023,10,39
30/12/2023,11,50
30/12/2023,12,59
30/12/2023,13,54
30/12/2023,14,61
30/12/2023,15,68
30/12/2023,16,71
30/12/2023,17,70
30/12/2023,18,66
30/12/2023,19,61
30/12/2023,20,50
30/12/2023,21,36
30/12/2023,22,30
30/12/2023,23,27
30/12/2024,0,14
30/12/2024,1,11
30/12/2024,2,7
30/12/2024,3,5
30/12/2024,4,5
30/12/2024,5,7
30/12/2024,6,10
30/12/2024,7,23
30/12/2024,8,53
30/12/2024,9,57
30/12/2024,10,36
30/12/2024,11,38
30/12/2024,12,49
30/12/2024,13,47
30/12/2024,14,50
30/12/2024,15,52
30/12/2024,16,55
30/12/2024,17,68
30/12/2024,18,79
30/12/2024,19,64
30/12/2024,20,45
30/12/2024,21,32
30/12/2024,22,28
30/12/2024,23,21
31/01/2023,0,16
31/01/2023,1,7
31/01/2023,2,5
31/01/2023,3,3
31/01/2023,4,3
31/01/2023,5,8
31/01/2023,6,24
31/01/2023,7,89
31/01/2023,8,265
31/01/2023,9,237
31/01/2023,10,106
31/01/2023,11,85
31/01/2023,12,119
31/01/2023,13,135
31/01/2023,14,138
31/01/2023,15,117
31/01/2023,16,134
31/01/2023,17,182
31/01/2023,18,268
31/01/2023,19,260
31/01/2023,20,146
31/01/2023,21,74
31/01/2023,22,66
31/01/2023,23,62
31/01/2024,0,22
31/01/2024,1,10
31/01/2024,2,6
31/01/2024,3,4
31/01/2024,4,4
31/01/2024,5,7
31/01/2024,6,17
31/01/2024,7,65
31/01/2024,8,203
31/01/2024,9,188
31/01/2024,10,73
31/01/2024,11,63
31/01/2024,12,87
31/01/2024,13,85
31/01/2024,14,80
31/01/2024,15,69
31/01/2024,16,82
31/01/2024,17,128
31/01/2024,18,202
31/01/2024,19,187
31/01/2024,20,104
31/01/2024,21,65
31/01/2024,22,62
31/01/2024,23,50
31/03/2023,0,35
31/03/2023,1,19
31/03/2023,2,12
31/03/2023,3,8
31/03/2023,4,6
31/03/2023,5,8
31/03/2023,6,16
31/03/2023,7,57
31/03/2023,8,182
31/03/2023,9,167
31/03/2023,10,81
31/03/2023,11,68
31/03/2023,12,92
31/03/2023,13,87
31/03/2023,14,81
31/03/2023,15,81
31/03/2023,16,83
31/03/2023,17,128
31/03/2023,18,178
31/03/2023,19,158
31/03/2023,20,101
31/03/2023,21,59
31/03/2023,22,52
31/03/2023,23,49
31/03/2024,0,29
31/03/2024,1,23
31/03/2024,3,21
31/03/2024,4,13
31/03/2024,5,10
31/03/2024,6,9
31/03/2024,7,10
31/03/2024,8,18
31/03/2024,9,28
31/03/2024,10,44
31/03/2024,11,59
31/03/2024,12,72
31/03/2024,13,63
31/03/2024,14,59
31/03/2024,15,61
31/03/2024,16,32
31/03/2024,17,53
31/03/2024,18,61
31/03/2024,19,65
31/03/2024,20,52
31/03/2024,21,40
31/03/2024,22,34
31/03/2024,23,32
31/05/2023,0,33
31/05/2023,1,15
31/05/2023,2,7
31/05/2023,3,4
31/05/2023,4,4
31/05/2023,5,9
31/05/2023,6,25
31/05/2023,7,93
31/05/2023,8,293
31/05/2023,9,265
31/05/2023,10,103
31/05/2023,11,90
31/05/2023,12,121
31/05/2023,13,121
31/05/2023,14,109
31/05/2023,15,103
31/05/2023,16,123
31/05/2023,17,189
31/05/2023,18,304
31/05/2023,19,293
31/05/2023,20,173
31/05/2023,21,106
31/05/2023,22,96
31/05/2023,23,89
31/05/2024,0,42
31/05/2024,1,27
31/05/2024,2,16
31/05/2024,3,9
31/05/2024,4,6
31/05/2024,5,10
31/05/2024,6,19
31/05/2024,7,56
31/05/2024,8,168
31/05/2024,9,158
31/05/2024,10,79
31/05/2024,11,74
31/05/2024,12,98
31/05/2024,13,94
31/05/2024,14,87
31/05/2024,15,70
31/05/2024,16,98
31/05/2024,17,136
31/05/2024,18,157
31/05/2024,19,137
31/05/2024,20,92
31/05/2024,21,61
31/05/2024,22,52
31/05/2024,23,50
31/07/2023,0,23
31/07/2023,1,12
31/07/2023,2,8
31/07/2023,3,4
31/07/2023,4,4
31/07/2023,5,7
31/07/2023,6,15
31/07/2023,7,41
31/07/2023,8,128
31/07/2023,9,134
31/07/2023,10,57
31/07/2023,11,50
31/07/2023,12,52
31/07/2023,13,46
31/07/2023,14,45
31/07/2023,15,46
31/07/2023,16,44
31/07/2023,17,87
31/07/2023,18,132
31/07/2023,19,85
31/07/2023,20,56
31/07/2023,21,34
31/07/2023,22,25
31/07/2023,23,17
31/07/2024,0,44
31/07/2024,1,20
31/07/2024,2,11
31/07/2024,3,8
31/07/2024,4,7
31/07/2024,5,9
31/07/2024,6,13
31/07/2024,7,35
31/07/2024,8,100
31/07/2024,9,118
31/07/2024,10,68
31/07/2024,11,65
31/07/2024,12,78
31/07/2024,13,77
31/07/2024,14,78
31/07/2024,15,77
31/07/2024,16,85
31/07/2024,17,118
31/07/2024,18,168
31/07/2024,19,151
31/07/2024,20,94
31/07/2024,21,70
31/07/2024,22,63
31/07/2024,23,74
31/08/2023,0,37
31/08/2023,1,21
31/08/2023,2,13
31/08/2023,3,7
31/08/2023,4,5
31/08/2023,5,8
31/08/2023,6,19
31/08/2023,7,64
31/08/2023,8,225
31/08/2023,9,221
31/08/2023,10,84
31/08/2023,11,68
31/08/2023,12,78
31/08/2023,13,79
31/08/2023,14,63
31/08/2023,15,56
31/08/2023,16,71
31/08/2023,17,132
31/08/2023,18,229
31/08/2023,19,216
31/08/2023,20,122
31/08/2023,21,77
31/08/2023,22,64
31/08/2023,23,62
31/08/2024,0,39
31/08/2024,1,28
31/08/2024,2,24
31/08/2024,3,14
31/08/2024,4,11
31/08/2024,5,11
31/08/2024,6,13
31/08/2024,7,19
31/08/2024,8,34
31/08/2024,9,55
31/08/2024,10,69
31/08/2024,11,81
31/08/2024,12,92
31/08/2024,13,84
31/08/2024,14,83
31/08/2024,15,108
31/08/2024,16,117
31/08/2024,17,121
31/08/2024,18,121
31/08/2024,19,124
31/08/2024,20,104
31/08/2024,21,78
31/08/2024,22,57
31/08/2024,23,52
31/10/2023,0,18
31/10/2023,1,9
31/10/2023,2,7
31/10/2023,3,4
31/10/2023,4,4
31/10/2023,5,7
31/10/2023,6,16
31/10/2023,7,55
31/10/2023,8,191
31/10/2023,9,196
31/10/2023,10,80
31/10/2023,11,68
31/10/2023,12,88
31/10/2023,13,89
31/10/2023,14,85
31/10/2023,15,85
31/10/2023,16,100
31/10/2023,17,152
31/10/2023,18,225
31/10/2023,19,182
31/10/2023,20,111
31/10/2023,21,75
31/10/2023,22,59
31/10/2023,23,54
31/10/2024,0,33
31/10/2024,1,18
31/10/2024,2,11
31/10/2024,3,7
31/10/2024,4,6
31/10/2024,5,9
31/10/2024,6,18
31/10/2024,7,49
31/10/2024,8,138
31/10/2024,9,151
31/10/2024,10,74
31/10/2024,11,65
31/10/2024,12,87
31/10/2024,13,85
31/10/2024,14,82
31/10/2024,15,79
31/10/2024,16,92
31/10/2024,17,131
31/10/2024,18,170
31/10/2024,19,148
31/10/2024,20,102
31/10/2024,21,68
31/10/2024,22,58
31/10/2024,23,51
31/12/2023,0,20
31/12/2023,1,14
31/12/2023,2,12
31/12/2023,3,7
31/12/2023,4,5
31/12/2023,5,4
31/12/2023,6,5
31/12/2023,7,6
31/12/2023,8,11
31/12/2023,9,18
31/12/2023,10,32
31/12/2023,11,45
31/12/2023,12,52
31/12/2023,13,51
31/12/2023,14,56
31/12/2023,15,59
31/12/2023,16,59
31/12/2023,17,58
31/12/2023,18,53
31/12/2023,19,54
31/12/2023,20,48
31/12/2023,21,33
31/12/2023,22,29
31/12/2023,23,26
31/12/2024,0,15
31/12/2024,1,11
31/12/2024,2,8
31/12/2024,3,5
31/12/2024,4,5
31/12/2024,5,6
31/12/2024,6,8
31/12/2024,7,20
31/12/2024,8,40
31/12/2024,9,45
31/12/2024,10,35
31/12/2024,11,40
31/12/2024,12,52
31/12/2024,13,51
31/12/2024,14,52
31/12/2024,15,55
31/12/2024,16,61
31/12/2024,17,61
31/12/2024,18,54
31/12/2024,19,49
31/12/2024,20,44
31/12/2024,21,32
31/12/2024,22,25
31/12/2024,23,24
