DATE,HOUR,RENTED_BIKE_COUNT,temperature_2m,relative_humidity_2m,wind_speed_10m,precipitation,snowfall,visibility,dew_point_2m
01/01/2023,0,19,14.6,51,8.04,0.0,0.0,,4.8
01/01/2023,4,26,14.9,53,6.13,0.0,0.0,,5.4
01/01/2023,5,15,14.4,56,5.72,0.0,0.0,,5.8
01/01/2023,6,10,14.2,59,5.47,0.0,0.0,,6.4
01/01/2023,7,7,13.8,62,5.73,0.0,0.0,,6.6
01/01/2023,8,8,13.6,64,5.61,0.0,0.0,,7.1
01/01/2023,9,10,13.2,69,5.72,0.0,0.0,,7.6
01/01/2023,10,16,12.6,75,5.5,0.2,0.0,,8.2
01/01/2023,11,21,12.6,75,4.7,0.0,0.0,,8.4
01/01/2023,12,29,12.9,74,4.52,0.0,0.0,,8.4
01/01/2023,13,30,12.7,76,4.74,0.0,0.0,,8.6
01/01/2023,14,25,11.9,88,3.9,0.0,0.0,,10.1
01/01/2023,15,25,11.9,91,3.96,0.8,0.0,,10.4
01/01/2023,16,28,11.7,92,3.36,1.3,0.0,,10.4
01/01/2023,17,32,12.1,90,4.16,0.2,0.0,,10.4
01/01/2023,18,33,12.0,89,4.47,0.6,0.0,,10.3
01/01/2023,19,32,11.9,88,4.12,0.7,0.0,,10.0
01/01/2023,20,26,12.2,85,4.32,0.0,0.0,,9.8
01/01/2023,21,21,12.6,83,3.81,0.0,0.0,,9.8
01/01/2023,22,18,14.1,75,5.31,0.0,0.0,,9.6
01/01/2023,23,13,15.0,68,6.26,0.0,0.0,,9.1
01/01/2024,0,21,7.4,77,7.41,0.0,0.0,,3.6
01/01/2024,1,29,7.3,76,7.12,0.0,0.0,,3.3
01/01/2024,2,32,7.1,75,7.18,0.0,0.0,,3.0
01/01/2024,3,32,7.1,71,6.82,0.0,0.0,,2.2
01/01/2024,4,24,7.1,71,6.94,0.0,0.0,,2.2
01/01/2024,5,17,6.8,72,6.8,0.0,0.0,,2.2
01/01/2024,6,11,6.6,74,6.52,0.0,0.0,,2.3
01/01/2024,7,7,6.4,75,6.35,0.0,0.0,,2.3
01/01/2024,8,10,6.2,77,6.02,0.0,0.0,,2.5
01/01/2024,9,11,6.1,79,5.4,0.0,0.0,,2.7
01/01/2024,10,15,5.8,82,5.02,0.0,0.0,,2.9
01/01/2024,11,22,6.5,81,5.09,0.0,0.0,,3.4
01/01/2024,12,29,7.4,80,4.34,0.0,0.0,,4.2
01/01/2024,13,32,8.5,77,5.24,0.0,0.0,,4.8
01/01/2024,14,37,9.1,76,5.27,0.0,0.0,,5.1
01/01/2024,15,45,9.4,76,5.24,0.0,0.0,,5.4
01/01/2024,16,47,9.8,72,5.38,0.0,0.0,,5.0
01/01/2024,17,45,9.6,74,4.76,0.0,0.0,,5.1
01/01/2024,18,42,8.4,78,4.22,0.0,0.0,,4.8
01/01/2024,19,38,8.1,80,4.9,0.0,0.0,,4.9
01/01/2024,20,27,8.4,80,5.8,0.0,0.0,,5.2
01/01/2024,21,18,8.6,82,6.65,0.1,0.0,,5.7
01/01/2024,22,15,8.4,89,6.96,0.8,0.0,,6.7
01/01/2024,23,11,8.7,90,8.3,1.2,0.0,,7.2
01/02/2023,0,27,6.6,90,3.96,0.0,0.0,,5.1
01/02/2023,1,10,7.6,88,5.03,0.0,0.0,,5.7
01/02/2023,2,6,7.2,86,4.63,0.0,0.0,,5.1
01/02/2023,3,3,7.3,88,4.62,0.0,0.0,,5.6
01/02/2023,4,3,7.3,87,4.43,0.0,0.0,,5.2
01/02/2023,5,6,7.2,81,4.79,0.0,0.0,,4.1
01/02/2023,6,17,6.6,83,4.46,0.0,0.0,,3.8
01/02/2023,7,74,6.3,83,4.03,0.0,0.0,,3.7
01/02/2023,8,240,5.9,83,3.8,0.0,0.0,,3.3
01/02/2023,9,226,6.1,80,3.9,0.0,0.0,,2.9
01/02/2023,10,83,6.2,79,3.82,0.0,0.0,,2.8
01/02/2023,11,66,6.8,77,4.44,0.0,0.0,,3.0
01/02/2023,12,92,8.1,70,5.22,0.0,0.0,,3.1
01/02/2023,13,92,8.6,68,6.63,0.0,0.0,,3.0
01/02/2023,14,85,9.1,65,6.96,0.0,0.0,,2.9
01/02/2023,15,74,9.4,64,6.63,0.0,0.0,,3.0
01/02/2023,16,89,9.7,60,6.94,0.0,0.0,,2.2
01/02/2023,17,143,9.4,63,5.49,0.0,0.0,,2.8
01/02/2023,18,224,9.1,64,5.48,0.0,0.0,,2.7
01/02/2023,19,218,8.1,67,4.67,0.0,0.0,,2.4
01/02/2023,20,116,7.8,69,4.4,0.0,0.0,,2.5
01/02/2023,21,65,7.4,71,4.4,0.0,0.0,,2.5
01/02/2023,22,59,7.3,72,4.7,0.0,0.0,,2.5
01/02/2023,23,51,5.9,79,4.2,0.0,0.0,,2.6
01/02/2024,0,28,6.9,86,3.44,0.0,0.0,,4.8
01/02/2024,1,13,8.1,82,3.94,0.0,0.0,,5.1
01/02/2024,2,8,8.4,83,4.34,0.0,0.0,,5.7
01/02/2024,3,5,9.5,84,4.72,0.0,0.0,,6.9
01/02/2024,4,4,9.1,87,4.53,0.0,0.0,,7.1
01/02/2024,5,7,9.7,85,4.88,0.0,0.0,,7.2
01/02/2024,6,15,9.7,86,4.49,0.0,0.0,,7.4
01/02/2024,7,55,9.6,88,4.24,0.0,0.0,,7.7
01/02/2024,8,188,9.4,91,3.86,0.6,0.0,,8.1
01/02/2024,9,180,9.6,91,3.85,0.0,0.0,,8.2
01/02/2024,10,71,9.6,93,3.63,0.2,0.0,,8.4
01/02/2024,11,59,9.7,94,3.3,0.3,0.0,,8.8
01/02/2024,12,80,10.0,94,3.03,0.1,0.0,,9.1
01/02/2024,13,78,10.6,93,3.13,0.0,0.0,,9.6
01/02/2024,14,74,10.9,92,3.0,0.0,0.0,,9.6
01/02/2024,15,63,11.4,87,2.92,0.0,0.0,,9.3
01/02/2024,16,80,11.2,87,2.38,0.0,0.0,,9.1
01/02/2024,17,122,10.9,87,2.84,0.0,0.0,,8.7
01/02/2024,18,190,9.9,89,2.37,0.1,0.0,,8.1
01/02/2024,19,179,9.3,89,1.43,0.0,0.0,,7.7
01/02/2024,20,100,8.7,93,1.24,0.0,0.0,,7.7
01/02/2024,21,62,8.1,93,1.12,0.0,0.0,,7.1
01/02/2024,22,59,6.2,98,1.44,0.0,0.0,,5.8
01/02/2024,23,48,4.6,100,1.79,0.0,0.0,,4.6
01/03/2023,0,16,-0.1,64,3.27,0.0,0.0,,-6.1
01/03/2023,1,8,-0.6,66,3.67,0.0,0.0,,-6.2
01/03/2023,2,5,-0.6,65,3.81,0.0,0.0,,-6.3
01/03/2023,3,3,-1.0,67,3.62,0.0,0.0,,-6.4
01/03/2023,4,3,-1.3,68,3.4,0.0,0.0,,-6.5
01/03/2023,5,5,-1.6,69,3.32,0.0,0.0,,-6.6
01/03/2023,6,13,-2.0,71,3.13,0.0,0.0,,-6.4
01/03/2023,7,45,-2.2,75,3.35,0.0,0.0,,-6.2
01/03/2023,8,172,-2.5,77,3.08,0.0,0.0,,-5.9
01/03/2023,9,169,-2.5,78,3.47,0.0,0.0,,-5.7
01/03/2023,10,63,-0.9,74,3.57,0.0,0.0,,-4.8
01/03/2023,11,51,0.9,69,4.14,0.0,0.0,,-4.2
01/03/2023,12,67,2.6,64,4.39,0.0,0.0,,-3.5
01/03/2023,13,68,3.9,61,4.39,0.0,0.0,,-3.0
01/03/2023,14,66,6.0,53,4.98,0.0,0.0,,-2.8
01/03/2023,15,60,6.8,51,5.02,0.0,0.0,,-2.7
01/03/2023,16,69,7.3,50,5.24,0.0,0.0,,-2.4
01/03/2023,17,106,7.2,51,5.37,0.0,0.0,,-2.3
01/03/2023,18,176,6.4,54,5.42,0.0,0.0,,-2.3
01/03/2023,19,174,5.2,59,4.09,0.0,0.0,,-2.2
01/03/2023,20,96,3.4,65,3.32,0.0,0.0,,-2.5
01/03/2023,21,53,2.3,70,3.2,0.0,0.0,,-2.7
01/03/2023,22,49,1.5,73,3.13,0.0,0.0,,-2.8
01/03/2023,23,40,0.9,75,2.94,0.0,0.0,,-3.0
01/03/2024,0,29,7.8,90,6.53,1.4,0.0,,6.3
01/03/2024,1,17,7.1,89,5.31,0.1,0.0,,5.4
01/03/2024,2,11,6.5,89,4.71,0.0,0.0,,4.8
01/03/2024,3,7,5.6,92,3.67,0.0,0.0,,4.3
01/03/2024,4,5,5.1,91,2.84,0.0,0.0,,3.8
01/03/2024,5,10,4.6,92,3.18,0.0,0.0,,3.4
01/03/2024,6,17,4.2,94,3.58,0.0,0.0,,3.2
01/03/2024,7,54,4.2,94,4.3,0.0,0.0,,3.2
01/03/2024,8,166,4.1,93,4.53,0.0,0.0,,3.0
01/03/2024,9,148,4.0,92,6.0,0.0,0.0,,2.8
01/03/2024,10,65,5.3,84,7.7,0.0,0.0,,2.8
01/03/2024,11,57,7.2,72,10.0,0.0,0.0,,2.6
01/03/2024,12,75,7.8,76,7.09,0.0,0.0,,3.8
01/03/2024,13,74,8.3,76,7.0,0.0,0.0,,4.3
01/03/2024,14,77,9.4,72,9.17,0.0,0.0,,4.7
01/03/2024,15,76,10.1,81,6.85,0.1,0.0,,6.9
01/03/2024,16,91,9.8,79,5.91,0.0,0.0,,6.2
01/03/2024,17,131,11.1,70,6.4,0.0,0.0,,5.7
01/03/2024,18,161,10.4,80,6.5,0.1,0.0,,7.1
01/03/2024,19,119,9.3,86,6.63,0.4,0.0,,7.2
01/03/2024,20,61,9.4,84,8.66,0.5,0.0,,6.9
01/03/2024,21,36,9.0,89,7.82,0.6,0.0,,7.3
01/03/2024,22,36,8.1,91,7.32,1.5,0.0,,6.8
01/03/2024,23,38,6.8,85,5.38,0.8,0.0,,4.4
01/04/2023,0,38,9.9,77,8.7,0.4,0.0,,6.1
01/04/2023,1,26,9.8,77,8.15,0.0,0.0,,5.9
01/04/2023,2,25,9.1,86,7.84,0.0,0.0,,6.9
01/04/2023,3,13,9.2,88,7.97,0.4,0.0,,7.4
01/04/2023,4,11,9.4,87,8.17,0.2,0.0,,7.2
01/04/2023,5,9,9.2,89,7.98,0.4,0.0,,7.6
01/04/2023,6,10,9.3,87,7.58,0.1,0.0,,7.2
01/04/2023,7,15,9.2,87,7.71,0.0,0.0,,7.2
01/04/2023,8,34,9.2,88,7.18,0.0,0.0,,7.3
01/04/2023,9,51,9.6,86,7.94,0.0,0.0,,7.3
01/04/2023,10,69,10.2,81,7.68,0.1,0.0,,7.1
01/04/2023,11,75,10.9,74,9.1,0.1,0.0,,6.6
01/04/2023,12,93,12.3,71,7.9,0.2,0.0,,7.2
01/04/2023,13,90,13.1,66,8.13,0.0,0.0,,6.9
01/04/2023,14,92,10.1,81,6.1,0.1,0.0,,6.9
01/04/2023,15,108,12.9,71,5.97,0.1,0.0,,7.7
01/04/2023,16,113,13.1,61,6.46,0.5,0.0,,5.7
01/04/2023,17,109,12.4,59,6.49,0.0,0.0,,4.8
01/04/2023,18,97,12.1,63,6.44,0.1,0.0,,5.2
01/04/2023,19,84,10.9,70,5.9,0.1,0.0,,5.7
01/04/2023,20,58,9.9,79,4.7,0.1,0.0,,6.3
01/04/2023,21,44,9.5,82,4.3,0.0,0.0,,6.7
01/04/2023,22,38,9.5,84,4.0,0.0,0.0,,6.9
01/04/2023,23,37,9.1,85,3.91,0.0,0.0,,6.7
01/04/2024,0,23,8.2,88,2.5,0.0,0.0,,6.4
01/04/2024,1,16,7.6,91,1.8,0.0,0.0,,6.2
01/04/2024,2,12,6.7,93,2.01,0.0,0.0,,5.6
01/04/2024,3,8,8.0,91,1.58,0.0,0.0,,6.6
01/04/2024,4,6,7.4,91,1.97,0.0,0.0,,6.1
01/04/2024,5,7,7.3,91,2.92,0.0,0.0,,5.9
01/04/2024,6,7,7.1,90,3.3,0.0,0.0,,5.7
01/04/2024,7,9,6.5,92,2.56,0.0,0.0,,5.2
01/04/2024,8,19,6.5,92,3.48,0.0,0.0,,5.2
01/04/2024,9,30,7.8,85,4.39,0.0,0.0,,5.4
01/04/2024,10,42,9.4,78,6.0,0.0,0.0,,5.8
01/04/2024,11,53,10.1,77,5.7,0.1,0.0,,6.2
01/04/2024,12,59,10.9,73,5.23,0.2,0.0,,6.3
01/04/2024,13,57,12.4,70,4.97,0.1,0.0,,7.0
01/04/2024,14,58,13.6,64,5.47,0.1,0.0,,6.9
01/04/2024,15,63,11.6,76,4.34,0.8,0.0,,7.6
01/04/2024,16,60,13.1,66,6.01,1.5,0.0,,6.9
01/04/2024,17,74,11.8,72,5.7,1.6,0.0,,6.8
01/04/2024,18,82,12.8,64,6.54,0.0,0.0,,6.2
01/04/2024,19,79,12.5,63,5.34,0.0,0.0,,5.7
01/04/2024,20,57,11.2,65,4.16,0.0,0.0,,4.8
01/04/2024,21,39,10.4,65,3.97,0.0,0.0,,4.2
01/04/2024,22,37,9.8,67,4.97,0.0,0.0,,3.9
01/04/2024,23,28,9.1,73,5.3,0.0,0.0,,4.6
01/05/2023,0,26,11.8,83,1.14,0.0,0.0,,8.9
01/05/2023,1,15,10.9,85,1.52,0.0,0.0,,8.4
01/05/2023,2,12,10.7,86,1.79,0.0,0.0,,8.4
01/05/2023,3,8,10.4,87,1.82,0.0,0.0,,8.4
01/05/2023,4,6,9.9,89,2.24,0.0,0.0,,8.3
01/05/2023,5,5,10.2,88,3.35,0.0,0.0,,8.3
01/05/2023,6,6,9.6,89,3.58,0.0,0.0,,8.0
01/05/2023,7,10,9.1,89,3.44,0.0,0.0,,7.5
01/05/2023,8,20,9.7,87,3.0,0.0,0.0,,7.7
01/05/2023,9,32,11.2,83,3.55,0.0,0.0,,8.5
01/05/2023,10,48,13.1,78,4.4,0.0,0.0,,9.4
01/05/2023,11,59,14.2,71,4.33,0.1,0.0,,9.1
01/05/2023,12,69,14.7,68,4.5,0.2,0.0,,8.9
01/05/2023,13,67,15.7,64,4.63,0.2,0.0,,8.9
01/05/2023,14,56,12.7,80,4.25,0.2,0.0,,9.4
01/05/2023,15,50,13.6,79,4.88,0.9,0.0,,10.0
01/05/2023,16,65,15.1,75,5.17,0.3,0.0,,10.6
01/05/2023,17,79,14.8,70,5.17,0.2,0.0,,9.3
01/05/2023,18,87,15.4,63,4.95,0.0,0.0,,8.4
01/05/2023,19,86,14.1,74,4.6,0.0,0.0,,9.6
01/05/2023,20,65,13.8,75,4.11,0.0,0.0,,9.4
01/05/2023,21,48,12.2,82,2.34,0.0,0.0,,9.2
01/05/2023,22,37,10.4,90,1.84,0.0,0.0,,8.9
01/05/2023,23,26,9.4,93,1.91,0.0,0.0,,8.3
01/05/2024,0,45,13.2,93,2.19,0.1,0.0,,12.1
01/05/2024,1,31,13.1,93,2.62,0.1,0.0,,12.0
01/05/2024,2,27,12.6,94,1.84,0.0,0.0,,11.7
01/05/2024,3,16,13.1,96,2.4,0.1,0.0,,12.4
01/05/2024,4,12,12.4,96,2.02,0.0,0.0,,11.8
01/05/2024,5,10,12.0,96,2.41,0.0,0.0,,11.4
01/05/2024,6,12,11.7,96,1.55,0.0,0.0,,11.1
01/05/2024,7,15,11.6,96,1.44,0.0,0.0,,11.0
01/05/2024,8,29,12.4,95,2.21,0.0,0.0,,11.6
01/05/2024,9,51,13.8,92,0.92,0.0,0.0,,12.5
01/05/2024,10,69,15.6,87,1.44,0.0,0.0,,13.5
01/05/2024,11,90,17.3,79,1.89,0.0,0.0,,13.6
01/05/2024,12,110,18.8,70,2.1,0.0,0.0,,13.3
01/05/2024,13,93,18.9,70,1.55,0.6,0.0,,13.4
01/05/2024,14,101,19.2,66,1.0,0.0,0.0,,12.8
01/05/2024,15,109,19.2,67,1.61,0.0,0.0,,13.0
01/05/2024,16,117,19.4,65,1.84,0.0,0.0,,12.6
01/05/2024,17,121,19.5,64,2.4,0.0,0.0,,12.6
01/05/2024,18,125,19.9,62,2.9,0.0,0.0,,12.4
01/05/2024,19,114,19.0,67,3.76,0.0,0.0,,12.7
01/05/2024,20,89,16.4,83,5.83,0.2,0.0,,13.4
01/05/2024,21,42,14.8,92,4.19,0.9,0.0,,13.4
01/05/2024,22,28,14.3,95,4.74,1.1,0.0,,13.4
01/05/2024,23,37,13.1,94,5.39,0.1,0.0,,12.2
01/06/2023,0,54,18.9,56,4.84,0.0,0.0,,9.9
01/06/2023,1,22,18.1,59,4.55,0.0,0.0,,9.9
01/06/2023,2,14,17.0,63,4.16,0.0,0.0,,9.9
01/06/2023,3,7,16.0,67,4.07,0.0,0.0,,9.9
01/06/2023,4,4,15.3,71,4.25,0.0,0.0,,10.1
01/06/2023,5,9,14.6,76,4.25,0.0,0.0,,10.4
01/06/2023,6,25,13.9,82,4.07,0.0,0.0,,10.9
01/06/2023,7,96,14.4,82,4.25,0.0,0.0,,11.4
01/06/2023,8,309,15.5,79,3.85,0.0,0.0,,11.9
01/06/2023,9,279,17.1,74,3.86,0.0,0.0,,12.4
01/06/2023,10,111,19.0,67,3.77,0.0,0.0,,12.8
01/06/2023,11,90,21.0,61,3.92,0.0,0.0,,13.1
01/06/2023,12,119,22.9,55,4.05,0.0,0.0,,13.4
01/06/2023,13,116,24.5,49,4.32,0.0,0.0,,13.1
01/06/2023,14,107,25.5,47,4.9,0.0,0.0,,13.4
01/06/2023,15,104,26.0,45,5.1,0.0,0.0,,13.1
01/06/2023,16,125,26.0,45,5.24,0.0,0.0,,13.1
01/06/2023,17,202,25.9,45,5.33,0.0,0.0,,13.1
01/06/2023,18,313,25.1,46,5.64,0.0,0.0,,12.6
01/06/2023,19,294,24.1,48,5.88,0.0,0.0,,12.4
01/06/2023,20,175,22.6,50,5.99,0.0,0.0,,11.6
01/06/2023,21,107,21.0,49,5.16,0.0,0.0,,10.0
01/06/2023,22,100,19.2,51,4.34,0.0,0.0,,8.9
01/06/2023,23,97,17.2,63,4.88,0.0,0.0,,10.1
01/06/2024,0,34,12.4,93,4.08,1.3,0.0,,11.4
01/06/2024,1,27,12.8,94,4.3,0.4,0.0,,11.9
01/06/2024,2,25,12.9,91,4.91,0.3,0.0,,11.5
01/06/2024,3,14,12.9,92,5.0,0.1,0.0,,11.6
01/06/2024,4,11,12.8,92,4.71,0.0,0.0,,11.6
01/06/2024,5,10,12.8,91,4.94,0.0,0.0,,11.4
01/06/2024,6,13,12.2,91,4.96,0.0,0.0,,10.8
01/06/2024,7,18,11.9,91,4.61,0.0,0.0,,10.5
01/06/2024,8,34,12.2,87,4.81,0.0,0.0,,10.1
01/06/2024,9,54,13.2,79,5.81,0.1,0.0,,9.6
01/06/2024,10,65,13.9,76,5.56,0.2,0.0,,9.8
01/06/2024,11,72,13.8,80,5.39,0.1,0.0,,10.4
01/06/2024,12,83,14.2,78,5.9,0.1,0.0,,10.4
01/06/2024,13,61,14.9,77,6.22,0.1,0.0,,10.8
01/06/2024,14,57,14.6,79,6.04,0.1,0.0,,10.9
01/06/2024,15,56,13.7,79,5.28,0.0,0.0,,10.2
01/06/2024,16,47,14.6,77,5.48,0.1,0.0,,10.6
01/06/2024,17,63,14.9,77,5.6,0.0,0.0,,11.0
01/06/2024,18,70,14.8,77,5.9,0.0,0.0,,10.8
01/06/2024,19,74,14.6,77,5.14,0.0,0.0,,10.6
01/06/2024,20,67,14.4,78,5.19,0.0,0.0,,10.6
01/06/2024,21,47,13.9,79,4.97,0.0,0.0,,10.4
01/06/2024,22,44,13.6,81,4.77,0.0,0.0,,10.3
01/06/2024,23,46,13.3,82,4.73,0.0,0.0,,10.2
01/07/2023,0,62,19.4,58,5.38,0.0,0.0,,10.8
01/07/2023,1,51,18.4,66,4.67,0.0,0.0,,12.0
01/07/2023,2,34,17.0,81,4.34,0.0,0.0,,13.6
01/07/2023,3,13,16.7,88,4.64,0.5,0.0,,14.6
01/07/2023,4,10,16.8,88,5.03,0.3,0.0,,14.9
01/07/2023,5,9,17.0,89,5.02,0.0,0.0,,15.2
01/07/2023,6,9,16.9,92,4.81,0.4,0.0,,15.6
01/07/2023,7,13,17.0,92,4.75,0.9,0.0,,15.7
01/07/2023,8,28,17.5,91,4.69,0.3,0.0,,16.0
01/07/2023,9,51,17.9,90,4.63,0.1,0.0,,16.2
01/07/2023,10,60,18.8,85,4.87,0.0,0.0,,16.2
01/07/2023,11,70,19.5,80,5.61,0.2,0.0,,16.0
01/07/2023,12,90,21.5,65,6.1,0.0,0.0,,14.6
01/07/2023,13,91,22.2,56,6.92,0.1,0.0,,13.1
01/07/2023,14,93,22.0,60,7.37,0.0,0.0,,14.0
01/07/2023,15,111,22.5,53,6.36,0.0,0.0,,12.4
01/07/2023,16,120,22.3,53,6.91,0.0,0.0,,12.2
01/07/2023,17,123,22.6,51,6.75,0.0,0.0,,11.9
01/07/2023,18,133,22.0,53,6.87,0.0,0.0,,12.0
01/07/2023,19,131,22.2,47,6.79,0.0,0.0,,10.3
01/07/2023,20,105,21.5,48,6.82,0.0,0.0,,10.1
01/07/2023,21,71,20.6,53,6.14,0.0,0.0,,10.7
01/07/2023,22,61,19.2,60,3.72,0.0,0.0,,11.2
01/07/2023,23,60,18.9,59,3.32,0.0,0.0,,10.8
01/07/2024,0,34,16.7,89,1.87,0.0,0.0,,14.9
01/07/2024,1,19,16.2,91,2.24,0.0,0.0,,14.9
01/07/2024,2,11,16.6,89,2.61,0.2,0.0,,14.9
01/07/2024,3,6,16.9,91,3.05,0.4,0.0,,15.4
01/07/2024,4,5,16.5,91,2.83,0.6,0.0,,15.1
01/07/2024,5,10,15.9,93,2.9,0.3,0.0,,14.7
01/07/2024,6,23,15.1,95,2.9,0.1,0.0,,14.3
01/07/2024,7,73,15.1,93,3.02,0.0,0.0,,13.9
01/07/2024,8,241,15.4,88,3.0,0.0,0.0,,13.5
01/07/2024,9,225,16.2,82,2.69,0.0,0.0,,13.2
01/07/2024,10,81,17.4,74,3.45,0.1,0.0,,12.8
01/07/2024,11,71,18.1,68,4.08,0.1,0.0,,12.2
01/07/2024,12,91,19.2,62,4.33,0.1,0.0,,11.9
01/07/2024,13,91,19.5,60,4.67,0.0,0.0,,11.4
01/07/2024,14,82,19.6,58,4.89,0.0,0.0,,11.1
01/07/2024,15,82,18.9,61,4.46,0.1,0.0,,11.3
01/07/2024,16,99,19.4,59,4.38,0.0,0.0,,11.2
01/07/2024,17,192,19.8,57,4.82,0.0,0.0,,11.0
01/07/2024,18,239,19.9,55,4.38,0.0,0.0,,10.6
01/07/2024,19,185,19.7,54,4.52,0.0,0.0,,10.0
01/07/2024,20,143,19.1,56,4.58,0.0,0.0,,10.1
01/07/2024,21,73,18.0,60,3.72,0.0,0.0,,10.2
01/07/2024,22,65,16.5,65,3.14,0.0,0.0,,9.9
01/07/2024,23,51,15.4,69,2.85,0.0,0.0,,9.8
01/08/2023,0,12,18.9,88,8.06,0.2,0.0,,16.8
01/08/2023,1,8,18.8,88,8.08,0.0,0.0,,16.9
01/08/2023,2,5,18.5,89,7.57,0.0,0.0,,16.7
01/08/2023,3,3,18.1,90,8.05,0.3,0.0,,16.5
01/08/2023,4,3,17.8,91,5.62,0.3,0.0,,16.3
01/08/2023,5,6,17.0,90,4.98,0.0,0.0,,15.3
01/08/2023,6,16,15.8,93,4.39,0.0,0.0,,14.6
01/08/2023,7,46,15.6,91,5.05,0.0,0.0,,14.1
01/08/2023,8,145,15.6,86,5.2,0.0,0.0,,13.3
01/08/2023,9,157,16.5,81,6.5,0.0,0.0,,13.2
01/08/2023,10,63,17.9,72,7.03,0.1,0.0,,12.8
01/08/2023,11,55,18.6,68,6.84,0.0,0.0,,12.6
01/08/2023,12,70,19.8,63,7.0,0.2,0.0,,12.4
01/08/2023,13,65,20.5,59,7.1,0.1,0.0,,12.2
01/08/2023,14,66,19.8,63,5.8,0.2,0.0,,12.6
01/08/2023,15,66,20.5,64,6.22,0.2,0.0,,13.4
01/08/2023,16,79,21.5,59,6.87,0.1,0.0,,13.1
01/08/2023,17,116,21.6,61,6.67,0.0,0.0,,13.7
01/08/2023,18,196,20.9,61,7.34,0.1,0.0,,13.1
01/08/2023,19,169,20.0,67,6.31,0.0,0.0,,13.6
01/08/2023,20,97,19.8,67,5.85,0.0,0.0,,13.6
01/08/2023,21,61,18.5,74,4.25,0.0,0.0,,13.9
01/08/2023,22,51,17.7,79,3.7,0.0,0.0,,13.9
01/08/2023,23,42,18.1,76,4.43,0.0,0.0,,13.9
01/08/2024,0,45,22.6,95,1.56,0.0,0.0,,21.7
01/08/2024,1,26,22.2,96,1.42,0.0,0.0,,21.5
01/08/2024,2,15,21.7,96,2.0,0.0,0.0,,21.0
01/08/2024,3,9,23.3,89,1.66,0.3,0.0,,21.4
01/08/2024,4,8,21.4,92,4.0,11.0,0.0,,20.1
01/08/2024,5,10,21.4,95,2.33,0.6,0.0,,20.5
01/08/2024,6,12,20.6,95,2.14,6.1,0.0,,19.7
01/08/2024,7,41,20.5,95,3.22,0.2,0.0,,19.8
01/08/2024,8,107,20.9,93,2.62,0.0,0.0,,19.8
01/08/2024,9,125,22.1,88,2.42,0.0,0.0,,20.0
01/08/2024,10,70,23.8,82,2.5,0.0,0.0,,20.4
01/08/2024,11,73,26.1,69,2.89,0.0,0.0,,20.0
01/08/2024,12,84,27.6,64,2.81,0.0,0.0,,20.1
01/08/2024,13,85,28.4,62,3.11,0.0,0.0,,20.2
01/08/2024,14,85,28.6,62,3.4,0.0,0.0,,20.6
01/08/2024,15,82,27.1,69,1.25,1.5,0.0,,20.9
01/08/2024,16,84,21.7,85,5.19,9.6,0.0,,19.1
01/08/2024,17,119,22.5,85,2.78,1.6,0.0,,19.8
01/08/2024,18,171,23.1,84,3.49,0.0,0.0,,20.3
01/08/2024,19,154,22.8,83,3.28,0.0,0.0,,19.8
01/08/2024,20,105,22.5,83,2.25,0.0,0.0,,19.5
01/08/2024,21,76,22.1,88,0.92,0.0,0.0,,20.0
01/08/2024,22,77,20.9,94,1.27,0.0,0.0,,19.9
01/08/2024,23,43,20.8,94,0.71,0.0,0.0,,19.8
01/09/2023,0,39,17.0,91,2.69,0.1,0.0,,15.6
01/09/2023,1,25,16.7,93,2.69,0.0,0.0,,15.6
01/09/2023,2,16,17.2,93,3.38,0.0,0.0,,16.0
01/09/2023,3,10,17.3,91,4.39,0.2,0.0,,15.9
01/09/2023,4,7,16.9,91,3.97,0.0,0.0,,15.5
01/09/2023,5,10,16.7,92,4.18,0.0,0.0,,15.4
01/09/2023,6,18,16.4,93,4.05,0.0,0.0,,15.2
01/09/2023,7,54,16.6,92,3.91,0.0,0.0,,15.4
01/09/2023,8,171,17.2,91,4.53,0.0,0.0,,15.8
01/09/2023,9,146,18.0,90,4.72,0.2,0.0,,16.2
01/09/2023,10,70,17.7,93,4.38,0.6,0.0,,16.5
01/09/2023,11,63,18.8,86,4.98,0.1,0.0,,16.4
01/09/2023,12,92,20.9,75,5.8,0.0,0.0,,16.1
01/09/2023,13,85,22.5,67,5.02,0.0,0.0,,15.9
01/09/2023,14,94,21.2,76,4.07,0.0,0.0,,16.9
01/09/2023,15,89,22.7,68,4.4,0.1,0.0,,16.5
01/09/2023,16,112,22.7,65,4.2,0.1,0.0,,15.8
01/09/2023,17,167,23.0,62,3.14,0.0,0.0,,15.4
01/09/2023,18,212,21.9,70,3.85,0.7,0.0,,16.1
01/09/2023,19,180,20.5,81,2.44,0.0,0.0,,17.0
01/09/2023,20,120,19.3,89,0.78,0.1,0.0,,17.5
01/09/2023,21,75,18.8,91,0.51,0.7,0.0,,17.2
01/09/2023,22,61,18.6,93,1.0,0.3,0.0,,17.5
01/09/2023,23,62,17.6,96,1.58,0.0,0.0,,16.9
01/09/2024,0,47,18.9,96,1.97,0.0,0.0,,18.2
01/09/2024,1,34,19.4,96,2.19,0.0,0.0,,18.6
01/09/2024,2,30,18.9,97,2.06,0.0,0.0,,18.3
01/09/2024,3,17,19.6,94,1.61,0.0,0.0,,18.6
01/09/2024,4,14,19.0,95,1.78,0.0,0.0,,18.1
01/09/2024,5,11,18.6,96,2.06,0.0,0.0,,17.9
01/09/2024,6,11,18.6,95,2.1,0.0,0.0,,17.9
01/09/2024,7,16,18.4,95,1.91,0.0,0.0,,17.6
01/09/2024,8,29,19.3,95,1.94,0.0,0.0,,18.5
01/09/2024,9,50,21.1,90,2.4,0.0,0.0,,19.4
01/09/2024,10,75,22.8,80,3.3,0.0,0.0,,19.1
01/09/2024,11,95,24.1,72,3.04,0.0,0.0,,18.9
01/09/2024,12,105,25.6,70,3.61,0.0,0.0,,19.6
01/09/2024,13,101,27.0,68,4.1,0.0,0.0,,20.5
01/09/2024,14,112,28.0,56,4.75,0.0,0.0,,18.4
01/09/2024,15,129,27.1,57,4.95,0.2,0.0,,17.8
01/09/2024,16,138,27.0,56,5.28,0.0,0.0,,17.6
01/09/2024,17,138,26.8,57,4.88,0.0,0.0,,17.5
01/09/2024,18,139,26.1,58,4.46,0.0,0.0,,17.1
01/09/2024,19,120,25.5,60,4.25,0.0,0.0,,17.1
01/09/2024,20,93,24.1,67,2.25,0.0,0.0,,17.6
01/09/2024,21,72,22.2,74,2.18,0.0,0.0,,17.4
01/09/2024,22,64,21.4,76,2.16,0.0,0.0,,17.0
01/09/2024,23,48,20.4,80,1.84,0.0,0.0,,16.8
01/10/2023,0,64,14.3,91,2.0,0.0,0.0,,12.8
01/10/2023,1,49,13.8,93,2.1,0.0,0.0,,12.6
01/10/2023,2,41,13.4,95,1.84,0.0,0.0,,12.6
01/10/2023,3,25,13.1,95,1.99,0.0,0.0,,12.4
01/10/2023,4,17,12.9,96,1.75,0.0,0.0,,12.2
01/10/2023,5,13,12.3,97,1.93,0.0,0.0,,11.9
01/10/2023,6,10,12.1,98,1.61,0.0,0.0,,11.9
01/10/2023,7,16,12.0,98,1.58,0.0,0.0,,11.6
01/10/2023,8,35,12.1,97,1.89,0.0,0.0,,11.6
01/10/2023,9,59,13.6,92,3.09,0.0,0.0,,12.4
01/10/2023,10,92,15.8,85,2.37,0.0,0.0,,13.1
01/10/2023,11,117,18.3,77,2.46,0.0,0.0,,14.1
01/10/2023,12,143,20.8,68,1.84,0.0,0.0,,14.7
01/10/2023,13,131,22.6,60,1.71,0.0,0.0,,14.6
01/10/2023,14,135,24.0,58,2.31,0.0,0.0,,15.3
01/10/2023,15,163,25.0,55,3.13,0.0,0.0,,15.1
01/10/2023,16,177,25.5,51,3.3,0.0,0.0,,14.8
01/10/2023,17,180,25.6,49,3.2,0.0,0.0,,14.1
01/10/2023,18,182,24.8,54,2.15,0.0,0.0,,14.9
01/10/2023,19,153,21.7,70,2.25,0.0,0.0,,15.9
01/10/2023,20,100,18.9,78,2.86,0.0,0.0,,14.9
01/10/2023,21,69,18.0,81,2.25,0.0,0.0,,14.8
01/10/2023,22,61,17.5,83,2.19,0.0,0.0,,14.6
01/10/2023,23,45,17.0,86,2.33,0.0,0.0,,14.6
01/10/2024,0,22,14.1,79,5.29,0.0,0.0,,10.5
01/10/2024,1,11,14.0,80,5.12,0.0,0.0,,10.6
01/10/2024,2,7,13.9,80,5.38,0.0,0.0,,10.6
01/10/2024,3,5,13.6,81,5.32,0.0,0.0,,10.4
01/10/2024,4,5,13.6,79,5.16,0.0,0.0,,9.9
01/10/2024,5,9,12.6,83,4.5,0.0,0.0,,9.7
01/10/2024,6,21,12.0,86,3.98,0.0,0.0,,9.6
01/10/2024,7,81,11.6,88,3.82,0.0,0.0,,9.7
01/10/2024,8,279,11.4,89,3.79,0.0,0.0,,9.7
01/10/2024,9,241,11.9,87,3.83,0.0,0.0,,9.9
01/10/2024,10,91,13.1,82,4.22,0.0,0.0,,10.1
01/10/2024,11,80,14.3,76,5.15,0.0,0.0,,10.1
01/10/2024,12,108,15.4,69,4.7,0.0,0.0,,9.8
01/10/2024,13,110,16.5,63,4.62,0.0,0.0,,9.4
01/10/2024,14,101,17.3,58,4.44,0.0,0.0,,9.0
01/10/2024,15,99,17.0,61,4.05,0.0,0.0,,9.4
01/10/2024,16,115,17.0,60,3.45,0.0,0.0,,9.2
01/10/2024,17,184,17.1,60,2.9,0.0,0.0,,9.2
01/10/2024,18,288,16.7,59,2.76,0.0,0.0,,8.6
01/10/2024,19,252,14.9,69,1.72,0.0,0.0,,9.3
01/10/2024,20,143,12.6,78,1.99,0.0,0.0,,8.9
01/10/2024,21,80,11.7,81,2.32,0.0,0.0,,8.6
01/10/2024,22,71,11.3,82,2.75,0.0,0.0,,8.4
01/10/2024,23,63,11.0,85,3.22,0.0,0.0,,8.5
01/11/2023,0,47,13.4,79,6.22,0.0,0.0,,9.9
01/11/2023,1,35,12.7,83,5.81,0.0,0.0,,9.9
01/11/2023,2,36,12.1,87,5.68,0.0,0.0,,9.9
01/11/2023,3,24,12.5,89,5.47,0.0,0.0,,10.8
01/11/2023,4,20,11.9,91,5.51,0.0,0.0,,10.6
01/11/2023,5,15,11.6,92,5.02,0.0,0.0,,10.4
01/11/2023,6,12,11.3,93,5.2,0.0,0.0,,10.2
01/11/2023,7,16,11.1,93,5.32,0.0,0.0,,10.0
01/11/2023,8,30,11.3,90,5.2,0.0,0.0,,9.8
01/11/2023,9,45,11.6,87,5.3,0.0,0.0,,9.4
01/11/2023,10,55,12.2,82,5.53,0.0,0.0,,9.3
01/11/2023,11,49,13.4,74,6.33,0.0,0.0,,8.9
01/11/2023,12,62,13.8,71,6.39,0.1,0.0,,8.6
01/11/2023,13,63,13.1,77,5.86,0.3,0.0,,9.1
01/11/2023,14,67,12.3,86,5.63,1.1,0.0,,10.0
01/11/2023,15,72,13.0,80,7.33,0.3,0.0,,9.6
01/11/2023,16,87,13.5,78,7.16,0.1,0.0,,9.7
01/11/2023,17,91,13.7,78,5.96,0.1,0.0,,9.9
01/11/2023,18,100,13.0,75,5.82,0.2,0.0,,8.7
01/11/2023,19,84,11.8,78,4.66,0.0,0.0,,8.1
01/11/2023,20,57,11.4,82,5.38,0.0,0.0,,8.5
01/11/2023,21,41,11.0,84,5.77,0.0,0.0,,8.4
01/11/2023,22,40,11.4,82,6.5,0.0,0.0,,8.4
01/11/2023,23,32,11.5,82,7.3,0.0,0.0,,8.4
01/11/2024,0,42,11.6,94,1.41,0.0,0.0,,10.7
01/11/2024,1,32,11.4,93,1.93,0.0,0.0,,10.2
01/11/2024,2,32,10.9,92,1.6,0.0,0.0,,9.8
01/11/2024,3,25,10.4,92,1.93,0.0,0.0,,9.2
01/11/2024,4,18,10.3,93,1.8,0.0,0.0,,9.2
01/11/2024,5,15,10.0,95,1.48,0.0,0.0,,9.2
01/11/2024,6,12,9.8,96,0.99,0.0,0.0,,9.1
01/11/2024,7,16,9.6,97,1.1,0.0,0.0,,9.1
01/11/2024,8,26,9.6,96,1.03,0.0,0.0,,8.9
01/11/2024,9,38,9.6,95,0.96,0.0,0.0,,8.9
01/11/2024,10,53,9.7,94,0.56,0.0,0.0,,8.8
01/11/2024,11,60,10.1,92,0.75,0.0,0.0,,8.8
01/11/2024,12,73,10.5,90,0.65,0.0,0.0,,8.9
01/11/2024,13,70,11.4,86,0.61,0.0,0.0,,9.1
01/11/2024,14,74,11.6,85,0.25,0.0,0.0,,9.2
01/11/2024,15,85,11.6,92,0.49,0.1,0.0,,10.3
01/11/2024,16,91,11.8,90,0.87,0.0,0.0,,10.2
01/11/2024,17,91,11.6,90,0.9,0.0,0.0,,10.1
01/11/2024,18,95,11.6,90,0.9,0.0,0.0,,9.9
01/11/2024,19,85,11.4,90,0.89,0.0,0.0,,9.9
01/11/2024,20,67,11.4,90,1.28,0.0,0.0,,9.8
01/11/2024,21,47,11.2,90,1.31,0.0,0.0,,9.7
01/11/2024,22,44,11.2,90,1.03,0.0,0.0,,9.8
01/11/2024,23,40,11.4,90,1.82,0.0,0.0,,9.8
01/12/2023,0,38,2.5,95,2.12,0.0,0.0,,1.8
01/12/2023,1,21,2.3,96,2.3,0.0,0.0,,1.8
01/12/2023,2,11,2.8,96,2.64,0.0,0.0,,2.3
01/12/2023,3,6,3.7,95,2.87,0.0,0.0,,2.9
01/12/2023,4,5,3.7,94,3.19,0.0,0.0,,2.7
01/12/2023,5,7,3.3,93,3.13,0.0,0.0,,2.4
01/12/2023,6,16,3.0,94,3.05,0.0,0.0,,2.2
01/12/2023,7,70,3.0,93,3.22,0.0,0.0,,2.0
01/12/2023,8,194,2.8,92,3.13,0.0,0.0,,1.8
01/12/2023,9,175,2.6,91,3.49,0.0,0.0,,1.4
01/12/2023,10,82,2.3,90,3.19,0.0,0.0,,0.9
01/12/2023,11,71,2.3,90,3.22,0.0,0.0,,0.9
01/12/2023,12,97,2.8,87,3.58,0.0,0.0,,0.9
01/12/2023,13,89,3.2,85,3.58,0.0,0.0,,0.9
01/12/2023,14,90,3.2,85,3.67,0.0,0.0,,0.8
01/12/2023,15,86,2.5,81,4.2,0.0,0.0,,-0.3
01/12/2023,16,104,2.3,79,3.99,0.0,0.0,,-0.9
01/12/2023,17,149,1.9,76,4.07,0.0,0.0,,-1.9
01/12/2023,18,179,0.7,79,3.16,0.0,0.0,,-2.5
01/12/2023,19,154,0.2,79,3.32,0.0,0.0,,-3.0
01/12/2023,20,97,-0.4,81,3.13,0.0,0.0,,-3.3
01/12/2023,21,57,-0.4,79,3.49,0.0,0.0,,-3.5
01/12/2023,22,47,-0.3,76,3.81,0.0,0.0,,-4.0
01/12/2023,23,42,-0.3,76,3.86,0.0,0.0,,-4.2
01/12/2024,0,34,3.0,95,1.74,0.0,0.0,,2.4
01/12/2024,1,27,2.6,97,1.84,0.0,0.0,,2.2
01/12/2024,2,26,2.2,98,1.82,0.0,0.0,,2.0
01/12/2024,3,14,0.9,100,2.18,0.0,0.0,,0.9
01/12/2024,4,11,1.1,100,2.21,0.0,0.0,,1.0
01/12/2024,5,8,1.1,100,2.23,0.0,0.0,,1.0
01/12/2024,6,7,1.2,99,2.94,0.0,0.0,,1.1
01/12/2024,7,9,1.7,100,3.43,0.0,0.0,,1.6
01/12/2024,8,19,2.2,100,3.15,0.0,0.0,,2.2
01/12/2024,9,31,2.6,99,3.1,0.0,0.0,,2.5
01/12/2024,10,45,3.0,100,3.53,0.0,0.0,,3.0
01/12/2024,11,60,4.0,98,3.29,0.0,0.0,,3.8
01/12/2024,12,71,5.7,96,3.39,0.0,0.0,,5.1
01/12/2024,13,67,7.1,93,3.16,0.0,0.0,,6.0
01/12/2024,14,69,8.4,91,2.6,0.0,0.0,,7.0
01/12/2024,15,79,7.2,90,2.15,0.0,0.0,,5.7
01/12/2024,16,82,8.7,88,2.65,0.0,0.0,,6.8
01/12/2024,17,85,9.4,88,2.16,0.0,0.0,,7.5
01/12/2024,18,78,9.9,89,2.24,0.0,0.0,,8.3
01/12/2024,19,71,10.3,91,2.31,0.0,0.0,,8.9
01/12/2024,20,52,10.5,93,2.55,0.0,0.0,,9.4
01/12/2024,21,41,10.2,94,2.9,0.0,0.0,,9.3
01/12/2024,22,35,10.7,94,3.27,0.0,0.0,,9.8
01/12/2024,23,24,11.0,94,3.29,0.0,0.0,,10.1
02/01/2023,0,7,15.1,68,7.52,0.0,0.0,,9.2
02/01/2023,1,5,14.4,76,6.81,0.2,0.0,,10.1
02/01/2023,2,3,13.6,82,6.25,0.3,0.0,,10.5
02/01/2023,3,2,12.9,84,5.9,0.3,0.0,,10.3
02/01/2023,4,2,12.4,85,5.53,0.6,0.0,,9.9
02/01/2023,5,4,11.9,86,4.89,0.5,0.0,,9.6
02/01/2023,6,8,11.6,88,4.18,0.2,0.0,,9.6
02/01/2023,7,23,11.2,88,3.26,0.8,0.0,,9.4
02/01/2023,8,85,10.6,91,3.29,2.6,0.0,,9.1
02/01/2023,9,105,10.4,91,2.33,0.9,0.0,,9.1
02/01/2023,10,42,10.1,92,2.36,0.5,0.0,,8.9
02/01/2023,11,36,10.1,93,2.55,0.1,0.0,,9.0
02/01/2023,12,49,10.8,88,4.61,0.0,0.0,,8.8
02/01/2023,13,58,10.9,85,5.22,0.0,0.0,,8.6
02/01/2023,14,58,10.4,89,4.08,0.0,0.0,,8.6
02/01/2023,15,64,11.0,85,4.25,0.1,0.0,,8.6
02/01/2023,16,73,10.9,84,3.98,0.1,0.0,,8.3
02/01/2023,17,98,10.5,86,3.42,0.0,0.0,,8.2
02/01/2023,18,146,8.9,89,2.12,0.0,0.0,,7.2
02/01/2023,19,117,7.6,89,2.3,0.0,0.0,,5.9
02/01/2023,20,66,7.2,89,2.64,0.0,0.0,,5.6
02/01/2023,21,37,6.9,90,2.8,0.0,0.0,,5.3
02/01/2023,22,29,6.6,91,2.7,0.0,0.0,,5.2
02/01/2023,23,20,6.2,92,2.36,0.0,0.0,,5.1
02/01/2024,0,8,9.4,90,9.47,0.8,0.0,,7.8
02/01/2024,1,5,9.8,90,9.31,0.7,0.0,,8.2
02/01/2024,2,4,10.3,89,9.13,0.7,0.0,,8.6
02/01/2024,3,3,10.9,88,9.65,1.4,0.0,,9.0
02/01/2024,4,3,11.0,88,9.48,0.7,0.0,,9.1
02/01/2024,5,5,11.1,88,9.98,0.6,0.0,,9.1
02/01/2024,6,9,10.9,88,10.37,0.5,0.0,,9.1
02/01/2024,7,22,10.9,89,9.44,0.4,0.0,,9.1
02/01/2024,8,60,11.0,87,9.8,0.2,0.0,,8.9
02/01/2024,9,66,10.9,87,9.33,0.2,0.0,,8.9
02/01/2024,10,26,11.0,90,9.14,0.5,0.0,,9.4
02/01/2024,11,23,11.4,89,10.21,0.8,0.0,,9.7
02/01/2024,12,28,11.2,91,9.23,1.1,0.0,,9.8
02/01/2024,13,30,11.6,91,8.27,1.5,0.0,,10.1
02/01/2024,14,32,11.9,90,9.71,1.0,0.0,,10.4
02/01/2024,15,32,11.1,88,10.07,0.3,0.0,,9.1
02/01/2024,16,35,11.4,89,10.68,1.2,0.0,,9.6
02/01/2024,17,56,11.5,89,10.78,0.4,0.0,,9.8
02/01/2024,18,94,11.6,86,10.82,0.5,0.0,,9.4
02/01/2024,19,73,11.6,87,8.64,0.1,0.0,,9.5
02/01/2024,20,43,11.4,88,7.92,0.0,0.0,,9.6
02/01/2024,21,31,11.1,87,6.99,0.0,0.0,,9.1
02/01/2024,22,25,10.6,87,7.82,0.0,0.0,,8.6
02/01/2024,23,21,10.1,87,7.57,0.0,0.0,,8.1
02/02/2023,0,26,5.3,83,4.2,0.0,0.0,,2.7
02/02/2023,1,11,5.6,84,4.5,0.0,0.0,,3.0
02/02/2023,2,6,6.3,82,4.26,0.0,0.0,,3.5
02/02/2023,3,4,5.7,88,3.93,0.0,0.0,,3.8
02/02/2023,4,3,5.1,91,3.8,0.0,0.0,,3.8
02/02/2023,5,6,4.7,93,3.5,0.0,0.0,,3.6
02/02/2023,6,16,4.4,93,3.24,0.0,0.0,,3.4
02/02/2023,7,73,5.2,91,3.45,0.0,0.0,,3.8
02/02/2023,8,246,5.8,89,3.7,0.0,0.0,,4.1
02/02/2023,9,223,5.9,89,3.64,0.0,0.0,,4.3
02/02/2023,10,84,6.5,88,3.94,0.0,0.0,,4.6
02/02/2023,11,64,7.8,80,5.0,0.0,0.0,,4.5
02/02/2023,12,91,8.1,77,5.1,0.0,0.0,,4.4
02/02/2023,13,88,8.4,77,5.8,0.0,0.0,,4.6
02/02/2023,14,81,10.1,66,6.87,0.0,0.0,,4.1
02/02/2023,15,73,10.0,64,5.71,0.0,0.0,,3.5
02/02/2023,16,94,10.4,62,5.73,0.0,0.0,,3.5
02/02/2023,17,149,10.5,63,5.63,0.0,0.0,,3.8
02/02/2023,18,228,9.5,69,3.93,0.0,0.0,,4.2
02/02/2023,19,211,9.0,70,3.7,0.0,0.0,,3.8
02/02/2023,20,118,7.6,76,2.79,0.0,0.0,,3.6
02/02/2023,21,64,6.4,83,2.86,0.0,0.0,,3.7
02/02/2023,22,59,7.6,79,3.79,0.0,0.0,,4.2
02/02/2023,23,51,7.8,79,3.89,0.0,0.0,,4.3
02/02/2024,0,30,3.3,100,2.2,0.0,0.0,,3.2
02/02/2024,1,16,4.2,100,1.2,0.0,0.0,,4.2
02/02/2024,2,11,2.6,100,1.51,0.0,0.0,,2.6
02/02/2024,3,6,2.7,100,2.22,0.0,0.0,,2.7
02/02/2024,4,5,2.8,100,1.62,0.0,0.0,,2.8
02/02/2024,5,8,3.3,100,1.7,0.0,0.0,,3.2
02/02/2024,6,16,3.5,100,2.46,0.0,0.0,,3.5
02/02/2024,7,53,3.7,99,2.15,0.0,0.0,,3.6
02/02/2024,8,159,3.7,100,2.2,0.0,0.0,,3.7
02/02/2024,9,145,4.0,100,2.78,0.0,0.0,,3.9
02/02/2024,10,68,4.3,99,3.44,0.0,0.0,,4.2
02/02/2024,11,61,4.6,98,3.32,0.0,0.0,,4.3
02/02/2024,12,83,5.8,90,3.69,0.0,0.0,,4.2
02/02/2024,13,83,7.4,82,4.22,0.0,0.0,,4.6
02/02/2024,14,85,8.1,84,3.82,0.0,0.0,,5.6
02/02/2024,15,80,8.1,86,3.48,0.0,0.0,,5.8
02/02/2024,16,99,8.6,86,3.49,0.0,0.0,,6.4
02/02/2024,17,135,8.9,87,3.35,0.0,0.0,,6.8
02/02/2024,18,168,8.8,88,2.78,0.0,0.0,,6.9
02/02/2024,19,145,8.5,90,3.0,0.0,0.0,,6.9
02/02/2024,20,95,8.4,90,3.36,0.0,0.0,,6.8
02/02/2024,21,55,8.4,90,3.53,0.0,0.0,,6.9
02/02/2024,22,46,8.6,90,3.8,0.0,0.0,,7.0
02/02/2024,23,51,8.6,91,3.67,0.0,0.0,,7.2
02/03/2023,0,20,0.1,79,2.56,0.0,0.0,,-3.2
02/03/2023,1,9,-0.5,82,2.34,0.0,0.0,,-3.2
02/03/2023,2,5,-0.4,81,2.53,0.0,0.0,,-3.3
02/03/2023,3,4,-0.9,83,2.31,0.0,0.0,,-3.4
02/03/2023,4,3,-1.4,85,2.16,0.0,0.0,,-3.7
02/03/2023,5,6,-1.8,86,2.2,0.0,0.0,,-3.8
02/03/2023,6,13,-2.2,87,2.01,0.0,0.0,,-4.1
02/03/2023,7,47,-2.5,88,2.02,0.0,0.0,,-4.2
02/03/2023,8,167,-2.5,88,2.32,0.0,0.0,,-4.2
02/03/2023,9,175,-2.3,88,2.21,0.0,0.0,,-4.1
02/03/2023,10,66,-0.5,80,2.4,0.0,0.0,,-3.5
02/03/2023,11,54,1.4,74,2.71,0.0,0.0,,-2.8
02/03/2023,12,71,3.5,68,2.72,0.0,0.0,,-1.9
02/03/2023,13,70,5.3,63,2.51,0.0,0.0,,-1.0
02/03/2023,14,68,7.3,56,2.8,0.0,0.0,,-0.8
02/03/2023,15,63,8.6,54,3.01,0.0,0.0,,-0.1
02/03/2023,16,76,9.2,54,3.41,0.0,0.0,,0.3
02/03/2023,17,115,9.3,54,3.71,0.0,0.0,,0.6
02/03/2023,18,182,8.9,56,3.91,0.0,0.0,,0.6
02/03/2023,19,178,7.4,64,2.71,0.0,0.0,,1.0
02/03/2023,20,98,4.7,76,2.4,0.0,0.0,,0.8
02/03/2023,21,56,3.9,79,2.72,0.0,0.0,,0.6
02/03/2023,22,51,3.3,81,2.83,0.0,0.0,,0.4
02/03/2023,23,46,2.7,83,2.77,0.0,0.0,,0.1
02/03/2024,0,32,6.3,86,5.35,0.0,0.0,,4.1
02/03/2024,1,21,5.7,87,5.47,0.0,0.0,,3.7
02/03/2024,2,20,5.2,88,5.41,0.0,0.0,,3.5
02/03/2024,3,12,5.7,89,5.24,0.0,0.0,,4.0
02/03/2024,4,9,5.2,90,4.63,0.0,0.0,,3.7
02/03/2024,5,9,4.8,92,4.22,0.0,0.0,,3.5
02/03/2024,6,9,4.7,93,4.98,0.0,0.0,,3.7
02/03/2024,7,14,4.8,92,5.3,0.0,0.0,,3.6
02/03/2024,8,29,4.8,92,5.22,0.0,0.0,,3.7
02/03/2024,9,45,5.2,90,5.32,0.0,0.0,,3.8
02/03/2024,10,39,6.5,87,5.85,0.0,0.0,,4.5
02/03/2024,11,39,7.7,83,6.84,0.2,0.0,,5.0
02/03/2024,12,43,8.0,88,6.81,0.6,0.0,,6.1
02/03/2024,13,46,7.7,89,4.03,0.6,0.0,,6.1
02/03/2024,14,49,8.7,85,6.64,0.7,0.0,,6.3
02/03/2024,15,46,8.2,88,5.1,0.4,0.0,,6.3
02/03/2024,16,38,8.6,81,4.13,0.1,0.0,,5.7
02/03/2024,17,38,7.8,87,2.28,0.6,0.0,,5.8
02/03/2024,18,37,8.0,86,1.02,0.1,0.0,,5.8
02/03/2024,19,47,7.6,91,1.61,0.8,0.0,,6.2
02/03/2024,20,35,7.1,92,2.88,2.4,0.0,,5.9
02/03/2024,21,26,6.6,92,2.42,2.0,0.0,,5.3
02/03/2024,22,23,5.8,92,2.92,1.3,0.0,,4.7
02/03/2024,23,22,5.3,93,2.92,1.2,0.0,,4.2
02/04/2023,0,32,8.6,88,4.38,0.0,0.0,,6.7
02/04/2023,1,26,8.6,88,4.74,0.0,0.0,,6.7
02/04/2023,2,24,8.9,88,4.89,0.0,0.0,,6.9
02/04/2023,3,16,8.4,88,4.97,0.1,0.0,,6.6
02/04/2023,4,11,8.1,88,5.02,0.1,0.0,,6.3
02/04/2023,5,8,8.2,87,5.33,0.0,0.0,,6.2
02/04/2023,6,8,8.1,87,5.26,0.0,0.0,,5.9
02/04/2023,7,13,7.8,87,5.14,0.1,0.0,,5.8
02/04/2023,8,23,7.8,87,5.35,0.0,0.0,,5.7
02/04/2023,9,34,7.8,87,5.87,0.2,0.0,,5.8
02/04/2023,10,52,8.2,83,6.17,0.0,0.0,,5.6
02/04/2023,11,64,8.5,81,6.02,0.0,0.0,,5.5
02/04/2023,12,80,9.4,77,6.85,0.0,0.0,,5.6
02/04/2023,13,74,8.8,78,5.69,0.0,0.0,,5.2
02/04/2023,14,74,8.9,79,6.1,0.0,0.0,,5.5
02/04/2023,15,85,9.2,76,6.09,0.0,0.0,,5.2
02/04/2023,16,84,8.9,77,5.8,0.0,0.0,,5.0
02/04/2023,17,86,9.1,74,6.07,0.0,0.0,,4.7
02/04/2023,18,84,9.4,69,5.7,0.0,0.0,,4.1
02/04/2023,19,72,9.1,72,5.64,0.0,0.0,,4.2
02/04/2023,20,46,7.9,75,5.06,0.0,0.0,,3.8
02/04/2023,21,35,7.3,76,4.51,0.0,0.0,,3.4
02/04/2023,22,31,7.2,76,4.12,0.0,0.0,,3.2
02/04/2023,23,26,6.9,76,3.9,0.0,0.0,,3.0
02/04/2024,0,17,8.4,80,5.56,0.0,0.0,,5.2
02/04/2024,1,9,8.1,83,5.69,0.0,0.0,,5.3
02/04/2024,2,5,7.9,85,5.58,0.0,0.0,,5.6
02/04/2024,3,4,8.2,85,5.69,0.0,0.0,,5.8
02/04/2024,4,3,7.8,86,5.89,0.0,0.0,,5.5
02/04/2024,5,8,7.7,84,5.74,0.0,0.0,,5.2
02/04/2024,6,19,7.4,84,5.74,0.0,0.0,,4.9
02/04/2024,7,67,7.5,84,5.72,0.0,0.0,,4.9
02/04/2024,8,234,7.6,84,6.0,0.0,0.0,,5.1
02/04/2024,9,214,8.6,80,6.88,0.0,0.0,,5.3
02/04/2024,10,75,10.1,76,6.88,0.0,0.0,,6.1
02/04/2024,11,65,11.9,62,9.45,0.0,0.0,,4.9
02/04/2024,12,80,12.8,58,8.58,0.0,0.0,,4.8
02/04/2024,13,86,13.1,58,8.22,0.0,0.0,,5.1
02/04/2024,14,76,13.9,56,7.72,0.1,0.0,,5.3
02/04/2024,15,74,13.9,69,6.74,0.1,0.0,,8.2
02/04/2024,16,88,13.6,65,7.93,0.0,0.0,,7.2
02/04/2024,17,124,12.4,75,5.33,0.1,0.0,,8.0
02/04/2024,18,202,12.6,74,5.23,0.1,0.0,,8.2
02/04/2024,19,186,12.1,75,4.48,0.2,0.0,,7.8
02/04/2024,20,107,12.1,73,4.13,0.0,0.0,,7.4
02/04/2024,21,64,11.9,71,4.1,0.0,0.0,,6.8
02/04/2024,22,59,11.9,70,3.8,0.0,0.0,,6.4
02/04/2024,23,45,11.3,71,3.5,0.0,0.0,,6.2
02/05/2023,0,16,8.9,94,1.84,0.0,0.0,,8.0
02/05/2023,1,8,8.6,94,2.06,0.0,0.0,,7.8
02/05/2023,2,5,9.3,93,2.11,0.0,0.0,,8.3
02/05/2023,3,3,8.3,96,1.8,0.0,0.0,,7.8
02/05/2023,4,3,7.5,98,1.75,0.0,0.0,,7.2
02/05/2023,5,7,7.0,99,1.8,0.0,0.0,,6.8
02/05/2023,6,19,6.2,100,2.2,0.0,0.0,,6.1
02/05/2023,7,60,6.5,100,1.5,0.0,0.0,,6.4
02/05/2023,8,208,8.4,96,1.53,0.0,0.0,,7.8
02/05/2023,9,199,10.6,90,0.81,0.0,0.0,,9.0
02/05/2023,10,76,13.1,80,1.64,0.0,0.0,,9.8
02/05/2023,11,62,14.9,70,2.06,0.0,0.0,,9.5
02/05/2023,12,78,15.8,67,2.02,0.1,0.0,,9.6
02/05/2023,13,79,16.5,63,2.06,0.1,0.0,,9.4
02/05/2023,14,77,15.7,70,3.0,0.0,0.0,,10.2
02/05/2023,15,76,16.9,64,3.04,0.1,0.0,,10.0
02/05/2023,16,90,17.2,60,3.11,0.1,0.0,,9.4
02/05/2023,17,140,17.2,60,3.42,0.0,0.0,,9.4
02/05/2023,18,237,17.0,60,4.0,0.0,0.0,,9.3
02/05/2023,19,223,16.5,60,4.14,0.0,0.0,,8.6
02/05/2023,20,126,15.5,65,3.42,0.0,0.0,,9.0
02/05/2023,21,69,13.6,72,2.69,0.0,0.0,,8.6
02/05/2023,22,60,11.9,77,2.92,0.0,0.0,,8.1
02/05/2023,23,46,10.9,81,2.95,0.0,0.0,,7.8
02/05/2024,0,16,12.1,95,4.14,0.2,0.0,,11.4
02/05/2024,1,10,11.9,95,4.2,0.4,0.0,,11.0
02/05/2024,2,6,11.1,95,5.16,0.0,0.0,,10.2
02/05/2024,3,5,11.1,94,4.92,0.0,0.0,,10.1
02/05/2024,4,4,10.8,92,4.4,0.0,0.0,,9.6
02/05/2024,5,8,10.8,90,4.0,0.0,0.0,,9.2
02/05/2024,6,20,10.7,90,4.14,0.0,0.0,,9.1
02/05/2024,7,67,10.8,90,4.55,0.0,0.0,,9.1
02/05/2024,8,208,11.1,87,4.95,0.0,0.0,,9.1
02/05/2024,9,190,11.1,88,4.77,0.0,0.0,,9.1
02/05/2024,10,78,11.4,85,5.8,0.0,0.0,,9.1
02/05/2024,11,67,12.2,82,6.14,0.0,0.0,,9.2
02/05/2024,12,92,13.5,77,6.17,0.1,0.0,,9.5
02/05/2024,13,88,14.4,74,5.71,0.1,0.0,,9.9
02/05/2024,14,78,15.1,71,6.61,0.1,0.0,,9.9
02/05/2024,15,64,13.4,76,6.2,0.5,0.0,,9.2
02/05/2024,16,60,13.4,76,6.11,0.8,0.0,,9.2
02/05/2024,17,93,12.6,85,5.2,1.2,0.0,,10.1
02/05/2024,18,153,11.9,88,5.01,1.8,0.0,,9.9
02/05/2024,19,140,11.5,88,4.81,2.0,0.0,,9.6
02/05/2024,20,83,11.4,87,4.81,1.1,0.0,,9.3
02/05/2024,21,54,11.1,87,4.24,0.4,0.0,,9.1
02/05/2024,22,51,10.9,85,4.59,0.1,0.0,,8.5
02/05/2024,23,39,10.8,81,4.54,0.0,0.0,,7.7
02/06/2023,0,56,15.0,70,5.1,0.0,0.0,,9.6
02/06/2023,1,27,13.6,73,4.75,0.0,0.0,,8.8
02/06/2023,2,14,12.4,77,4.49,0.0,0.0,,8.4
02/06/2023,3,7,11.4,79,4.3,0.0,0.0,,8.0
02/06/2023,4,6,10.6,83,4.12,0.0,0.0,,7.8
02/06/2023,5,9,10.0,84,4.27,0.0,0.0,,7.5
02/06/2023,6,22,9.6,85,4.33,0.0,0.0,,7.2
02/06/2023,7,77,10.0,82,3.98,0.0,0.0,,7.1
02/06/2023,8,225,11.2,76,4.7,0.0,0.0,,7.1
02/06/2023,9,204,12.6,70,4.7,0.0,0.0,,7.3
02/06/2023,10,100,14.2,64,4.75,0.0,0.0,,7.6
02/06/2023,11,89,15.8,59,4.84,0.0,0.0,,7.7
02/06/2023,12,122,17.2,54,4.96,0.0,0.0,,7.9
02/06/2023,13,115,18.4,51,5.05,0.0,0.0,,8.1
02/06/2023,14,112,18.8,52,4.66,0.0,0.0,,8.6
02/06/2023,15,108,19.5,50,4.72,0.0,0.0,,8.8
02/06/2023,16,160,19.9,49,4.96,0.0,0.0,,8.9
02/06/2023,17,195,20.0,48,5.42,0.0,0.0,,8.6
02/06/2023,18,249,19.8,50,5.72,0.0,0.0,,8.9
02/06/2023,19,228,18.9,49,5.92,0.0,0.0,,8.1
02/06/2023,20,150,18.0,50,5.63,0.0,0.0,,7.6
02/06/2023,21,92,17.0,54,4.53,0.0,0.0,,7.8
02/06/2023,22,75,15.6,59,3.85,0.0,0.0,,7.6
02/06/2023,23,70,14.6,61,3.64,0.0,0.0,,7.3
02/06/2024,0,41,13.1,84,4.31,0.0,0.0,,10.4
02/06/2024,1,39,13.1,84,4.12,0.0,0.0,,10.4
02/06/2024,2,34,12.9,84,4.34,0.0,0.0,,10.4
02/06/2024,3,21,12.6,87,4.32,0.0,0.0,,10.4
02/06/2024,4,14,12.6,86,4.2,0.0,0.0,,10.4
02/06/2024,5,10,12.4,86,4.28,0.0,0.0,,10.2
02/06/2024,6,9,12.4,86,4.54,0.0,0.0,,10.1
02/06/2024,7,13,12.4,86,4.52,0.0,0.0,,10.1
02/06/2024,8,29,12.5,86,4.12,0.0,0.0,,10.2
02/06/2024,9,38,12.9,83,4.8,0.0,0.0,,10.1
02/06/2024,10,49,13.4,81,5.42,0.0,0.0,,10.1
02/06/2024,11,67,14.2,77,5.35,0.0,0.0,,10.4
02/06/2024,12,79,15.0,75,5.02,0.0,0.0,,10.6
02/06/2024,13,77,15.9,72,5.1,0.0,0.0,,10.9
02/06/2024,14,88,16.9,68,4.62,0.0,0.0,,10.9
02/06/2024,15,102,16.4,69,5.01,0.0,0.0,,10.6
02/06/2024,16,102,17.4,66,5.5,0.0,0.0,,10.9
02/06/2024,17,103,17.5,64,5.3,0.0,0.0,,10.6
02/06/2024,18,106,17.0,66,5.2,0.0,0.0,,10.7
02/06/2024,19,96,16.6,64,4.92,0.0,0.0,,9.8
02/06/2024,20,71,16.1,67,3.55,0.0,0.0,,10.1
02/06/2024,21,56,15.2,73,2.02,0.0,0.0,,10.4
02/06/2024,22,46,12.6,83,2.1,0.0,0.0,,9.7
02/06/2024,23,36,12.1,84,2.7,0.0,0.0,,9.6
02/07/2023,0,53,18.6,59,3.62,0.0,0.0,,10.4
02/07/2023,1,49,17.5,65,3.75,0.0,0.0,,10.7
02/07/2023,2,35,16.2,75,3.91,0.0,0.0,,11.8
02/07/2023,3,17,15.5,78,4.0,0.0,0.0,,11.6
02/07/2023,4,12,15.1,79,4.2,0.0,0.0,,11.5
02/07/2023,5,9,14.4,83,3.92,0.0,0.0,,11.4
02/07/2023,6,10,13.8,85,3.75,0.0,0.0,,11.4
02/07/2023,7,15,14.2,83,4.24,0.0,0.0,,11.4
02/07/2023,8,31,15.6,75,4.5,0.0,0.0,,11.2
02/07/2023,9,47,17.1,68,4.74,0.0,0.0,,11.1
02/07/2023,10,71,18.1,62,4.81,0.0,0.0,,10.6
02/07/2023,11,89,19.2,55,4.8,0.0,0.0,,10.1
02/07/2023,12,105,20.5,48,4.9,0.0,0.0,,9.2
02/07/2023,13,96,21.5,44,4.8,0.0,0.0,,8.8
02/07/2023,14,101,22.5,42,4.42,0.0,0.0,,8.9
02/07/2023,15,114,23.2,37,5.3,0.0,0.0,,7.8
02/07/2023,16,126,23.0,37,5.8,0.0,0.0,,7.7
02/07/2023,17,129,23.0,37,5.81,0.0,0.0,,7.6
02/07/2023,18,136,22.8,37,5.81,0.0,0.0,,7.4
02/07/2023,19,120,23.0,36,5.52,0.0,0.0,,7.2
02/07/2023,20,91,22.8,35,6.0,0.0,0.0,,6.7
02/07/2023,21,66,20.0,51,4.38,0.0,0.0,,9.4
02/07/2023,22,56,18.6,53,3.58,0.0,0.0,,8.9
02/07/2023,23,40,17.8,54,2.86,0.0,0.0,,8.2
02/07/2024,0,30,14.6,73,2.79,0.0,0.0,,9.8
02/07/2024,1,16,13.9,77,1.9,0.0,0.0,,9.9
02/07/2024,2,10,14.9,73,2.3,0.0,0.0,,10.2
02/07/2024,3,5,15.6,72,3.32,0.0,0.0,,10.4
02/07/2024,4,5,15.3,77,3.24,0.0,0.0,,11.4
02/07/2024,5,9,14.9,82,3.1,0.2,0.0,,11.9
02/07/2024,6,22,14.6,82,3.13,0.0,0.0,,11.6
02/07/2024,7,77,14.7,81,3.3,0.0,0.0,,11.4
02/07/2024,8,258,14.9,81,3.71,0.0,0.0,,11.6
02/07/2024,9,237,15.4,80,3.4,0.0,0.0,,12.0
02/07/2024,10,93,15.8,80,4.67,0.0,0.0,,12.2
02/07/2024,11,76,16.7,75,4.09,0.0,0.0,,12.3
02/07/2024,12,97,17.2,74,4.16,0.1,0.0,,12.5
02/07/2024,13,94,17.1,76,3.59,0.1,0.0,,12.9
02/07/2024,14,88,18.3,71,3.35,0.1,0.0,,12.9
02/07/2024,15,86,19.0,69,2.66,0.3,0.0,,13.1
02/07/2024,16,100,19.9,65,2.64,0.0,0.0,,13.1
02/07/2024,17,166,19.2,65,3.67,0.1,0.0,,12.4
02/07/2024,18,243,18.6,68,4.0,0.1,0.0,,12.6
02/07/2024,19,228,18.3,69,4.8,0.2,0.0,,12.6
02/07/2024,20,135,17.4,68,4.55,0.0,0.0,,11.4
02/07/2024,21,82,16.4,69,3.54,0.0,0.0,,10.6
02/07/2024,22,73,14.8,73,2.4,0.0,0.0,,9.9
02/07/2024,23,68,13.4,79,1.88,0.0,0.0,,9.9
02/08/2023,0,23,18.1,76,4.61,0.0,0.0,,13.9
02/08/2023,1,9,17.8,81,5.35,0.0,0.0,,14.5
02/08/2023,2,4,16.8,90,5.41,0.9,0.0,,15.1
02/08/2023,3,2,16.9,93,5.41,3.3,0.0,,15.7
02/08/2023,4,2,17.1,93,6.64,4.5,0.0,,16.0
02/08/2023,5,4,18.0,92,7.88,3.9,0.0,,16.7
02/08/2023,6,10,18.4,92,7.96,5.7,0.0,,17.0
02/08/2023,7,27,18.6,92,7.86,1.0,0.0,,17.2
02/08/2023,8,67,19.0,91,7.79,2.4,0.0,,17.5
02/08/2023,9,100,19.5,90,7.93,1.2,0.0,,17.9
02/08/2023,10,53,20.3,87,8.29,0.0,0.0,,18.0
02/08/2023,11,47,21.4,80,8.07,0.3,0.0,,17.9
02/08/2023,12,64,22.5,72,9.32,0.6,0.0,,17.2
02/08/2023,13,62,23.1,62,9.08,0.0,0.0,,15.4
02/08/2023,14,64,22.4,56,9.58,0.0,0.0,,13.2
02/08/2023,15,62,22.9,51,10.65,0.0,0.0,,12.1
02/08/2023,16,70,22.0,50,11.79,0.0,0.0,,11.1
02/08/2023,17,96,21.0,55,10.92,0.0,0.0,,11.8
02/08/2023,18,143,20.2,60,12.4,0.0,0.0,,12.3
02/08/2023,19,125,19.6,65,10.28,0.0,0.0,,12.8
02/08/2023,20,76,18.8,71,9.85,0.3,0.0,,13.4
02/08/2023,21,47,18.5,71,10.01,0.1,0.0,,13.2
02/08/2023,22,42,18.0,73,9.22,0.2,0.0,,13.1
02/08/2023,23,36,17.6,73,9.01,0.2,0.0,,12.9
02/08/2024,0,39,20.2,97,1.2,0.0,0.0,,19.6
02/08/2024,1,23,19.7,98,1.4,0.0,0.0,,19.4
02/08/2024,2,15,19.4,98,1.39,0.0,0.0,,19.0
02/08/2024,3,9,19.6,91,3.1,0.0,0.0,,18.2
02/08/2024,4,8,19.1,93,1.36,0.0,0.0,,18.0
02/08/2024,5,12,18.5,96,1.12,0.7,0.0,,17.9
02/08/2024,6,19,18.8,95,2.31,0.0,0.0,,17.9
02/08/2024,7,43,18.6,96,1.17,0.0,0.0,,18.0
02/08/2024,8,94,19.5,92,2.72,0.0,0.0,,18.2
02/08/2024,9,99,20.4,87,2.92,0.0,0.0,,18.0
02/08/2024,10,67,21.4,79,3.11,0.0,0.0,,17.6
02/08/2024,11,71,22.4,74,2.76,0.1,0.0,,17.5
02/08/2024,12,85,23.4,68,2.34,0.1,0.0,,17.2
02/08/2024,13,95,25.0,60,2.81,0.1,0.0,,16.7
02/08/2024,14,93,25.9,55,3.31,0.0,0.0,,16.1
02/08/2024,15,92,26.6,54,2.82,0.1,0.0,,16.6
02/08/2024,16,101,27.1,50,3.23,0.0,0.0,,15.8
02/08/2024,17,137,27.1,49,4.55,0.0,0.0,,15.4
02/08/2024,18,143,26.1,52,5.14,0.0,0.0,,15.4
02/08/2024,19,134,25.4,55,5.6,0.0,0.0,,15.6
02/08/2024,20,101,24.0,60,5.1,0.0,0.0,,15.9
02/08/2024,21,78,22.7,65,4.11,0.0,0.0,,15.7
02/08/2024,22,77,21.0,68,3.58,0.0,0.0,,14.9
02/08/2024,23,80,19.6,71,3.41,0.0,0.0,,14.1
02/09/2023,0,52,17.4,95,1.36,0.0,0.0,,16.6
02/09/2023,1,36,17.0,97,1.12,0.0,0.0,,16.5
02/09/2023,2,29,17.5,92,3.29,0.0,0.0,,16.2
02/09/2023,3,17,17.1,93,3.5,0.1,0.0,,16.0
02/09/2023,4,13,16.8,92,1.57,0.1,0.0,,15.5
02/09/2023,5,11,15.9,95,1.14,0.0,0.0,,15.1
02/09/2023,6,11,15.6,96,1.8,0.0,0.0,,15.1
02/09/2023,7,17,15.2,97,1.58,0.0,0.0,,14.8
02/09/2023,8,37,15.9,95,1.39,0.0,0.0,,15.2
02/09/2023,9,63,17.5,92,1.08,0.0,0.0,,16.2
02/09/2023,10,81,19.4,87,2.41,0.0,0.0,,17.2
02/09/2023,11,99,21.5,81,2.02,0.0,0.0,,18.1
02/09/2023,12,115,23.5,74,1.68,0.0,0.0,,18.5
02/09/2023,13,110,25.5,65,2.73,0.0,0.0,,18.5
02/09/2023,14,120,26.5,57,1.92,0.0,0.0,,17.4
02/09/2023,15,146,27.0,56,2.77,0.5,0.0,,17.5
02/09/2023,16,153,26.6,59,3.89,0.0,0.0,,18.1
02/09/2023,17,154,26.5,60,4.43,0.0,0.0,,18.1
02/09/2023,18,152,26.2,60,4.24,0.1,0.0,,18.0
02/09/2023,19,149,25.5,65,3.66,0.0,0.0,,18.4
02/09/2023,20,118,24.0,69,2.19,0.0,0.0,,18.0
02/09/2023,21,78,22.4,72,2.55,0.0,0.0,,17.2
02/09/2023,22,66,21.6,75,2.76,0.0,0.0,,17.0
02/09/2023,23,64,21.0,78,2.78,0.0,0.0,,17.0
02/09/2024,0,26,20.0,81,2.09,0.0,0.0,,16.6
02/09/2024,1,16,19.5,83,1.96,0.0,0.0,,16.5
02/09/2024,2,9,18.9,86,2.12,0.0,0.0,,16.5
02/09/2024,3,6,19.0,93,1.24,0.1,0.0,,17.9
02/09/2024,4,6,18.5,95,1.66,0.0,0.0,,17.7
02/09/2024,5,9,18.4,95,1.78,0.0,0.0,,17.6
02/09/2024,6,21,17.8,96,1.5,0.0,0.0,,17.1
02/09/2024,7,68,17.3,96,1.43,0.0,0.0,,16.7
02/09/2024,8,222,17.5,95,1.87,0.0,0.0,,16.7
02/09/2024,9,223,18.4,89,3.2,0.0,0.0,,16.6
02/09/2024,10,92,19.3,85,3.16,0.0,0.0,,16.6
02/09/2024,11,77,20.5,78,3.62,0.0,0.0,,16.6
02/09/2024,12,92,22.0,69,3.88,0.0,0.0,,16.2
02/09/2024,13,99,23.1,63,4.0,0.0,0.0,,15.7
02/09/2024,14,92,24.3,56,4.25,0.0,0.0,,15.1
02/09/2024,15,89,24.4,60,4.48,0.0,0.0,,16.1
02/09/2024,16,112,24.2,56,4.4,0.0,0.0,,14.8
02/09/2024,17,178,24.4,54,4.08,0.0,0.0,,14.4
02/09/2024,18,279,23.5,58,4.19,0.0,0.0,,14.8
02/09/2024,19,220,22.2,68,3.2,0.0,0.0,,16.1
02/09/2024,20,119,21.6,73,2.06,0.0,0.0,,16.5
02/09/2024,21,80,20.4,79,1.28,0.0,0.0,,16.6
02/09/2024,22,67,19.8,82,1.2,0.0,0.0,,16.6
02/09/2024,23,51,19.6,83,1.3,0.0,0.0,,16.6
02/10/2023,0,26,16.2,89,2.12,0.0,0.0,,14.3
02/10/2023,1,13,15.2,90,2.7,0.0,0.0,,13.6
02/10/2023,2,8,15.8,92,2.16,0.0,0.0,,14.4
02/10/2023,3,5,14.7,93,2.81,0.0,0.0,,13.6
02/10/2023,4,4,14.3,93,2.43,0.0,0.0,,13.2
02/10/2023,5,9,13.6,96,2.24,0.0,0.0,,12.9
02/10/2023,6,24,13.1,96,1.88,0.0,0.0,,12.6
02/10/2023,7,101,13.0,96,1.88,0.0,0.0,,12.4
02/10/2023,8,340,12.8,96,1.88,0.0,0.0,,12.1
02/10/2023,9,280,14.1,91,2.66,0.0,0.0,,12.6
02/10/2023,10,105,16.1,83,2.33,0.0,0.0,,13.4
02/10/2023,11,89,18.5,75,2.14,0.0,0.0,,14.1
02/10/2023,12,116,20.9,68,2.44,0.0,0.0,,14.7
02/10/2023,13,115,22.9,63,2.66,0.0,0.0,,15.4
02/10/2023,14,108,24.8,57,2.66,0.0,0.0,,15.6
02/10/2023,15,110,26.0,54,2.91,0.0,0.0,,16.1
02/10/2023,16,139,26.7,52,3.23,0.0,0.0,,16.1
02/10/2023,17,222,27.0,51,3.51,0.0,0.0,,16.0
02/10/2023,18,353,26.2,56,2.91,0.0,0.0,,16.6
02/10/2023,19,308,23.8,63,2.82,0.0,0.0,,16.4
02/10/2023,20,157,21.8,70,3.01,0.0,0.0,,16.0
02/10/2023,21,91,20.9,72,2.89,0.0,0.0,,15.6
02/10/2023,22,77,20.9,68,3.47,0.0,0.0,,14.8
02/10/2023,23,56,21.1,63,4.3,0.0,0.0,,13.9
02/10/2024,0,29,11.2,85,3.88,0.0,0.0,,8.8
02/10/2024,1,15,11.4,83,4.95,0.0,0.0,,8.6
02/10/2024,2,9,11.9,80,5.94,0.0,0.0,,8.6
02/10/2024,3,5,12.5,83,5.82,0.1,0.0,,9.7
02/10/2024,4,5,12.6,85,5.26,0.0,0.0,,10.1
02/10/2024,5,8,12.1,90,4.6,0.0,0.0,,10.5
02/10/2024,6,19,11.8,93,4.4,0.0,0.0,,10.6
02/10/2024,7,82,11.9,93,4.14,0.0,0.0,,10.8
02/10/2024,8,250,12.3,91,4.68,0.0,0.0,,10.9
02/10/2024,9,221,13.1,87,5.06,0.2,0.0,,11.1
02/10/2024,10,66,13.5,89,4.77,0.9,0.0,,11.7
02/10/2024,11,68,14.0,89,5.08,0.2,0.0,,12.2
02/10/2024,12,95,14.1,90,3.86,0.1,0.0,,12.4
02/10/2024,13,93,14.9,80,3.38,0.0,0.0,,11.4
02/10/2024,14,88,16.4,70,3.74,0.0,0.0,,10.9
02/10/2024,15,84,15.5,70,3.88,0.0,0.0,,10.0
02/10/2024,16,101,15.2,69,4.25,0.1,0.0,,9.6
02/10/2024,17,160,15.1,70,4.43,0.1,0.0,,9.6
02/10/2024,18,260,15.3,67,4.03,0.0,0.0,,9.3
02/10/2024,19,236,14.7,69,3.09,0.0,0.0,,9.1
02/10/2024,20,130,12.9,77,2.35,0.0,0.0,,8.9
02/10/2024,21,77,12.0,80,2.96,0.0,0.0,,8.7
02/10/2024,22,74,11.9,80,3.71,0.0,0.0,,8.6
02/10/2024,23,62,11.6,83,4.26,0.0,0.0,,8.8
02/11/2023,0,12,11.6,80,8.36,0.1,0.0,,8.2
02/11/2023,1,6,11.2,84,9.55,1.0,0.0,,8.7
02/11/2023,2,4,11.4,82,11.1,0.5,0.0,,8.4
02/11/2023,3,3,11.4,82,11.02,1.1,0.0,,8.4
02/11/2023,4,3,12.1,82,12.35,0.4,0.0,,9.0
02/11/2023,5,5,12.4,82,11.95,0.1,0.0,,9.5
02/11/2023,6,12,12.9,81,12.41,0.1,0.0,,9.8
02/11/2023,7,37,12.1,82,11.64,0.0,0.0,,9.1
02/11/2023,8,120,11.8,77,11.9,0.0,0.0,,7.8
02/11/2023,9,128,11.6,72,12.4,0.0,0.0,,6.7
02/11/2023,10,58,11.6,69,12.75,0.0,0.0,,6.1
02/11/2023,11,49,12.4,65,11.45,0.0,0.0,,5.9
02/11/2023,12,61,13.2,57,12.98,0.0,0.0,,4.8
02/11/2023,13,63,13.9,50,13.06,0.0,0.0,,3.8
02/11/2023,14,63,13.9,51,12.24,0.0,0.0,,3.8
02/11/2023,15,63,13.4,59,11.03,0.0,0.0,,5.4
02/11/2023,16,66,13.2,56,11.06,0.0,0.0,,4.6
02/11/2023,17,98,12.6,59,9.36,0.0,0.0,,4.8
02/11/2023,18,159,11.6,62,8.4,0.0,0.0,,4.4
02/11/2023,19,140,10.8,63,7.99,0.0,0.0,,3.9
02/11/2023,20,81,10.1,64,7.16,0.0,0.0,,3.6
02/11/2023,21,50,10.1,64,7.0,0.0,0.0,,3.7
02/11/2023,22,46,9.9,66,6.78,0.0,0.0,,3.9
02/11/2023,23,43,9.4,69,6.06,0.0,0.0,,4.1
02/11/2024,0,32,11.3,90,1.42,0.0,0.0,,9.8
02/11/2024,1,23,10.4,95,1.26,0.0,0.0,,9.7
02/11/2024,2,18,10.6,94,1.2,0.0,0.0,,9.7
02/11/2024,3,12,9.1,96,1.45,0.0,0.0,,8.5
02/11/2024,4,9,9.0,96,1.63,0.0,0.0,,8.4
02/11/2024,5,9,9.6,94,2.06,0.0,0.0,,8.6
02/11/2024,6,10,9.9,91,2.37,0.0,0.0,,8.5
02/11/2024,7,13,9.8,91,1.61,0.0,0.0,,8.4
02/11/2024,8,24,9.7,93,2.27,0.0,0.0,,8.6
02/11/2024,9,40,9.6,93,3.26,0.0,0.0,,8.6
02/11/2024,10,57,10.4,87,3.98,0.0,0.0,,8.2
02/11/2024,11,66,10.8,85,4.54,0.1,0.0,,8.3
02/11/2024,12,78,11.6,81,4.5,0.1,0.0,,8.4
02/11/2024,13,76,12.1,80,4.56,0.1,0.0,,8.8
02/11/2024,14,80,12.6,78,4.37,0.1,0.0,,8.8
02/11/2024,15,93,12.1,81,4.19,0.1,0.0,,8.9
02/11/2024,16,95,12.1,80,3.81,0.0,0.0,,8.7
02/11/2024,17,90,11.9,78,3.46,0.0,0.0,,8.2
02/11/2024,18,88,11.7,79,2.77,0.0,0.0,,8.1
02/11/2024,19,89,11.3,79,2.17,0.0,0.0,,7.8
02/11/2024,20,72,11.2,80,2.03,0.0,0.0,,7.8
02/11/2024,21,51,11.5,79,2.74,0.0,0.0,,7.9
02/11/2024,22,43,11.6,78,3.32,0.0,0.0,,7.9
02/11/2024,23,41,11.5,78,2.98,0.0,0.0,,7.8
02/12/2023,0,36,-0.5,76,3.52,0.0,0.0,,-4.2
02/12/2023,1,26,-1.2,79,3.0,0.0,0.0,,-4.4
02/12/2023,2,22,-2.4,86,2.4,0.0,0.0,,-4.4
02/12/2023,3,12,0.4,77,4.34,0.0,0.0,,-3.1
02/12/2023,4,9,0.0,79,4.28,0.0,0.0,,-3.2
02/12/2023,5,9,-0.7,80,3.81,0.0,0.0,,-3.7
02/12/2023,6,8,-1.2,81,3.4,0.0,0.0,,-4.1
02/12/2023,7,14,-1.9,85,2.45,0.0,0.0,,-4.2
02/12/2023,8,30,-3.4,91,2.01,0.0,0.0,,-4.7
02/12/2023,9,49,-3.8,92,1.93,0.0,0.0,,-4.9
02/12/2023,10,59,-3.5,91,2.15,0.0,0.0,,-4.7
02/12/2023,11,70,-2.3,86,2.06,0.0,0.0,,-4.4
02/12/2023,12,88,-1.0,79,1.89,0.0,0.0,,-4.2
02/12/2023,13,85,0.3,74,1.98,0.0,0.0,,-3.8
02/12/2023,14,91,1.5,70,2.0,0.0,0.0,,-3.3
02/12/2023,15,103,2.7,66,2.14,0.0,0.0,,-3.0
02/12/2023,16,103,3.0,64,2.22,0.0,0.0,,-3.2
02/12/2023,17,101,2.5,69,1.39,0.0,0.0,,-2.6
02/12/2023,18,94,-0.2,80,2.53,0.0,0.0,,-3.2
02/12/2023,19,86,-1.5,85,2.69,0.0,0.0,,-3.6
02/12/2023,20,67,-1.6,86,2.06,0.0,0.0,,-3.7
02/12/2023,21,42,-1.8,86,1.89,0.0,0.0,,-3.8
02/12/2023,22,35,-2.2,86,2.01,0.0,0.0,,-4.2
02/12/2023,23,35,-2.4,85,2.01,0.0,0.0,,-4.6
02/12/2024,0,14,10.5,95,3.06,0.0,0.0,,9.8
02/12/2024,1,10,10.4,96,3.26,0.0,0.0,,9.8
02/12/2024,2,6,10.9,96,3.77,0.0,0.0,,10.3
02/12/2024,3,4,10.5,98,3.48,0.0,0.0,,10.2
02/12/2024,4,4,10.6,98,3.4,0.0,0.0,,10.4
02/12/2024,5,8,10.4,99,3.48,0.0,0.0,,10.2
02/12/2024,6,18,10.6,98,3.76,0.0,0.0,,10.3
02/12/2024,7,67,11.0,96,3.95,0.0,0.0,,10.4
02/12/2024,8,226,10.9,96,3.86,0.0,0.0,,10.3
02/12/2024,9,203,10.9,96,3.69,0.0,0.0,,10.4
02/12/2024,10,78,10.9,95,3.85,0.0,0.0,,10.1
02/12/2024,11,60,10.9,94,4.23,0.0,0.0,,9.9
02/12/2024,12,83,11.1,89,4.0,0.0,0.0,,9.4
02/12/2024,13,86,11.6,86,3.52,0.0,0.0,,9.4
02/12/2024,14,78,12.1,81,4.0,0.0,0.0,,8.9
02/12/2024,15,74,11.4,81,4.67,0.1,0.0,,8.2
02/12/2024,16,89,11.0,78,3.43,0.0,0.0,,7.3
02/12/2024,17,139,10.6,75,3.76,0.0,0.0,,6.3
02/12/2024,18,222,9.6,77,3.55,0.0,0.0,,5.9
02/12/2024,19,190,8.9,81,3.41,0.0,0.0,,5.8
02/12/2024,20,107,8.4,81,3.45,0.0,0.0,,5.4
02/12/2024,21,62,7.9,81,3.37,0.0,0.0,,4.9
02/12/2024,22,54,7.4,82,3.41,0.0,0.0,,4.6
02/12/2024,23,35,6.9,84,3.44,0.0,0.0,,4.3
03/01/2023,0,10,5.8,94,2.28,0.0,0.0,,4.8
03/01/2023,1,6,5.7,94,2.4,0.0,0.0,,4.8
03/01/2023,2,4,6.3,95,3.13,0.0,0.0,,5.6
03/01/2023,3,3,5.8,96,3.18,0.0,0.0,,5.2
03/01/2023,4,3,6.1,95,3.54,0.0,0.0,,5.3
03/01/2023,5,5,6.0,95,3.64,0.0,0.0,,5.2
03/01/2023,6,16,5.9,95,3.68,0.0,0.0,,5.1
03/01/2023,7,67,5.8,94,3.62,0.0,0.0,,4.9
03/01/2023,8,241,5.8,94,3.69,0.0,0.0,,4.8
03/01/2023,9,215,5.7,94,3.58,0.0,0.0,,4.8
03/01/2023,10,74,5.6,94,3.52,0.0,0.0,,4.6
03/01/2023,11,58,6.5,92,4.03,0.0,0.0,,5.3
03/01/2023,12,76,7.8,91,3.61,0.0,0.0,,6.4
03/01/2023,13,78,8.9,88,3.91,0.0,0.0,,7.2
03/01/2023,14,72,8.9,86,5.46,0.0,0.0,,6.7
03/01/2023,15,72,9.4,85,5.64,0.0,0.0,,7.1
03/01/2023,16,89,9.8,83,5.95,0.0,0.0,,7.1
03/01/2023,17,146,9.9,83,4.77,0.0,0.0,,7.1
03/01/2023,18,240,8.9,88,4.63,0.0,0.0,,7.0
03/01/2023,19,201,8.6,88,4.84,0.0,0.0,,6.8
03/01/2023,20,96,8.6,89,5.05,0.0,0.0,,6.8
03/01/2023,21,44,9.1,86,5.77,0.0,0.0,,7.0
03/01/2023,22,35,9.4,88,6.33,0.6,0.0,,7.5
03/01/2023,23,26,9.4,89,6.96,0.6,0.0,,7.7
03/01/2024,0,13,9.9,88,7.16,0.0,0.0,,8.0
03/01/2024,1,8,9.7,89,6.98,0.0,0.0,,7.9
03/01/2024,2,6,9.6,88,7.32,0.0,0.0,,7.8
03/01/2024,3,4,9.6,85,7.18,0.0,0.0,,7.2
03/01/2024,4,4,9.4,85,6.86,0.0,0.0,,7.1
03/01/2024,5,6,9.4,87,7.08,0.0,0.0,,7.2
03/01/2024,6,12,9.9,85,7.79,0.1,0.0,,7.5
03/01/2024,7,34,10.1,84,7.54,0.0,0.0,,7.6
03/01/2024,8,112,9.7,86,6.84,0.0,0.0,,7.4
03/01/2024,9,119,9.4,86,6.88,0.0,0.0,,7.2
03/01/2024,10,47,9.4,86,7.08,0.0,0.0,,7.2
03/01/2024,11,45,10.1,84,7.21,0.0,0.0,,7.5
03/01/2024,12,56,11.3,78,9.04,0.0,0.0,,7.6
03/01/2024,13,44,11.8,75,8.46,0.2,0.0,,7.5
03/01/2024,14,44,12.0,75,8.51,0.1,0.0,,7.8
03/01/2024,15,49,10.7,84,8.68,1.5,0.0,,8.1
03/01/2024,16,54,10.2,84,7.14,0.8,0.0,,7.7
03/01/2024,17,88,10.1,85,8.01,0.0,0.0,,7.7
03/01/2024,18,131,9.4,84,7.38,0.0,0.0,,6.9
03/01/2024,19,114,9.2,81,7.52,0.0,0.0,,6.2
03/01/2024,20,59,9.1,81,7.61,0.0,0.0,,6.1
03/01/2024,21,37,8.8,82,7.02,0.0,0.0,,5.8
03/01/2024,22,33,8.9,81,7.24,0.0,0.0,,5.8
03/01/2024,23,28,8.9,80,7.48,0.0,0.0,,5.6
03/02/2023,0,31,7.8,77,4.14,0.0,0.0,,4.1
03/02/2023,1,16,7.8,77,4.43,0.0,0.0,,4.1
03/02/2023,2,9,7.7,76,3.81,0.0,0.0,,3.8
03/02/2023,3,5,7.8,77,4.05,0.0,0.0,,3.9
03/02/2023,4,4,7.6,76,4.7,0.0,0.0,,3.7
03/02/2023,5,6,7.2,79,4.27,0.0,0.0,,3.7
03/02/2023,6,15,6.4,82,3.37,0.0,0.0,,3.6
03/02/2023,7,61,6.8,79,4.09,0.0,0.0,,3.5
03/02/2023,8,188,6.9,79,3.91,0.0,0.0,,3.5
03/02/2023,9,172,7.2,77,4.24,0.0,0.0,,3.5
03/02/2023,10,76,7.6,77,4.66,0.0,0.0,,3.8
03/02/2023,11,67,8.3,76,5.18,0.0,0.0,,4.3
03/02/2023,12,93,9.2,74,6.21,0.0,0.0,,4.9
03/02/2023,13,85,9.8,74,6.15,0.0,0.0,,5.3
03/02/2023,14,84,9.6,76,6.11,0.0,0.0,,5.6
03/02/2023,15,79,9.9,76,5.57,0.0,0.0,,5.8
03/02/2023,16,98,10.1,76,4.73,0.0,0.0,,6.2
03/02/2023,17,141,10.1,79,3.82,0.0,0.0,,6.6
03/02/2023,18,182,10.1,81,3.59,0.0,0.0,,6.9
03/02/2023,19,160,9.6,83,3.23,0.0,0.0,,6.8
03/02/2023,20,98,9.4,84,3.61,0.0,0.0,,6.8
03/02/2023,21,57,8.1,89,3.38,0.0,0.0,,6.5
03/02/2023,22,47,6.8,93,2.92,0.0,0.0,,5.8
03/02/2023,23,45,7.2,93,2.4,0.0,0.0,,6.2
03/02/2024,0,40,8.7,91,3.77,0.0,0.0,,7.3
03/02/2024,1,28,8.7,92,3.38,0.0,0.0,,7.4
03/02/2024,2,23,8.8,92,3.31,0.0,0.0,,7.6
03/02/2024,3,12,8.6,90,3.53,0.0,0.0,,7.1
03/02/2024,4,11,8.6,90,3.58,0.0,0.0,,7.1
03/02/2024,5,9,8.7,89,3.61,0.0,0.0,,7.0
03/02/2024,6,10,8.6,90,3.29,0.0,0.0,,7.0
03/02/2024,7,16,8.7,89,3.35,0.0,0.0,,7.1
03/02/2024,8,31,8.8,89,3.3,0.0,0.0,,7.1
03/02/2024,9,49,8.7,89,3.23,0.0,0.0,,6.9
03/02/2024,10,58,8.8,88,3.51,0.0,0.0,,6.9
03/02/2024,11,65,9.3,87,3.79,0.0,0.0,,7.2
03/02/2024,12,77,9.9,84,3.93,0.0,0.0,,7.2
03/02/2024,13,80,10.2,82,4.61,0.0,0.0,,7.2
03/02/2024,14,78,10.9,77,5.11,0.0,0.0,,7.1
03/02/2024,15,89,10.8,81,4.68,0.0,0.0,,7.6
03/02/2024,16,90,10.9,80,5.15,0.0,0.0,,7.6
03/02/2024,17,93,10.9,78,4.53,0.0,0.0,,7.2
03/02/2024,18,90,10.4,80,3.51,0.0,0.0,,7.2
03/02/2024,19,90,10.0,82,2.98,0.0,0.0,,7.0
03/02/2024,20,71,9.8,84,2.88,0.0,0.0,,7.1
03/02/2024,21,49,9.6,85,2.88,0.0,0.0,,7.1
03/02/2024,22,40,9.5,85,3.07,0.0,0.0,,7.1
03/02/2024,23,39,9.3,86,3.23,0.0,0.0,,7.1
03/03/2023,0,25,1.9,87,2.43,0.0,0.0,,-0.1
03/03/2023,1,14,1.4,88,2.3,0.0,0.0,,-0.3
03/03/2023,2,8,1.6,86,2.3,0.0,0.0,,-0.4
03/03/2023,3,5,0.9,88,2.21,0.0,0.0,,-0.9
03/03/2023,4,4,0.4,90,2.12,0.0,0.0,,-1.1
03/03/2023,5,6,0.1,91,2.11,0.0,0.0,,-1.1
03/03/2023,6,13,-0.2,93,2.1,0.0,0.0,,-1.2
03/03/2023,7,40,-0.3,94,2.3,0.0,0.0,,-1.1
03/03/2023,8,123,-0.6,95,2.1,0.0,0.0,,-1.3
03/03/2023,9,133,-0.3,95,2.52,0.0,0.0,,-1.0
03/03/2023,10,63,1.4,88,4.31,0.0,0.0,,-0.3
03/03/2023,11,56,3.2,79,4.25,0.0,0.0,,-0.1
03/03/2023,12,78,4.7,75,3.26,0.0,0.0,,0.6
03/03/2023,13,74,6.5,68,3.45,0.0,0.0,,1.0
03/03/2023,14,74,7.8,61,3.64,0.0,0.0,,0.8
03/03/2023,15,73,8.7,58,4.11,0.0,0.0,,0.9
03/03/2023,16,87,8.9,58,4.37,0.0,0.0,,1.0
03/03/2023,17,120,8.6,59,4.43,0.0,0.0,,1.0
03/03/2023,18,150,7.8,61,4.55,0.0,0.0,,0.9
03/03/2023,19,135,6.2,69,3.77,0.0,0.0,,0.9
03/03/2023,20,82,4.0,77,3.16,0.0,0.0,,0.3
03/03/2023,21,48,2.8,83,2.97,0.0,0.0,,0.1
03/03/2023,22,39,1.9,86,3.14,0.0,0.0,,-0.2
03/03/2023,23,38,1.1,89,2.82,0.0,0.0,,-0.4
03/03/2024,0,21,5.1,94,2.28,0.5,0.0,,4.1
03/03/2024,1,17,5.1,93,1.42,0.6,0.0,,4.0
03/03/2024,2,18,4.9,94,1.39,0.2,0.0,,4.0
03/03/2024,3,10,4.9,95,0.63,0.6,0.0,,4.2
03/03/2024,4,8,4.8,94,1.28,0.2,0.0,,4.0
03/03/2024,5,7,4.8,95,1.4,0.4,0.0,,4.0
03/03/2024,6,8,4.6,96,1.17,0.3,0.0,,4.0
03/03/2024,7,14,4.4,97,1.46,0.1,0.0,,4.0
03/03/2024,8,23,4.2,97,2.66,0.0,0.0,,3.8
03/03/2024,9,36,4.1,95,2.42,0.0,0.0,,3.3
03/03/2024,10,49,4.6,92,2.65,0.0,0.0,,3.4
03/03/2024,11,64,5.3,88,2.91,0.0,0.0,,3.5
03/03/2024,12,76,6.4,84,3.97,0.0,0.0,,3.8
03/03/2024,13,73,7.4,79,3.69,0.0,0.0,,4.0
03/03/2024,14,73,8.6,69,3.75,0.1,0.0,,3.2
03/03/2024,15,81,7.6,79,3.4,0.3,0.0,,4.2
03/03/2024,16,85,8.4,73,3.56,0.1,0.0,,3.9
03/03/2024,17,83,8.7,69,3.91,0.2,0.0,,3.3
03/03/2024,18,83,8.6,73,3.56,0.3,0.0,,3.9
03/03/2024,19,74,7.9,75,2.33,0.0,0.0,,3.7
03/03/2024,20,51,6.1,81,2.01,0.0,0.0,,3.0
03/03/2024,21,36,5.2,84,2.08,0.0,0.0,,2.7
03/03/2024,22,32,4.1,88,2.05,0.0,0.0,,2.2
03/03/2024,23,24,3.2,90,2.22,0.0,0.0,,1.8
03/04/2023,0,13,6.8,76,3.86,0.0,0.0,,2.8
03/04/2023,1,7,6.7,76,3.68,0.0,0.0,,2.7
03/04/2023,2,4,6.5,77,3.76,0.0,0.0,,2.7
03/04/2023,3,4,6.3,76,3.59,0.0,0.0,,2.5
03/04/2023,4,4,6.4,74,3.57,0.0,0.0,,2.2
03/04/2023,5,7,6.2,73,3.9,0.0,0.0,,1.7
03/04/2023,6,19,5.3,73,4.07,0.0,0.0,,0.9
03/04/2023,7,74,4.3,76,3.99,0.0,0.0,,0.6
03/04/2023,8,259,3.1,83,3.76,0.0,0.0,,0.5
03/04/2023,9,220,3.9,81,3.28,0.0,0.0,,0.9
03/04/2023,10,75,5.8,73,3.68,0.0,0.0,,1.3
03/04/2023,11,60,7.1,60,5.55,0.0,0.0,,-0.2
03/04/2023,12,82,7.9,58,4.83,0.0,0.0,,0.2
03/04/2023,13,87,8.9,56,4.74,0.0,0.0,,0.6
03/04/2023,14,79,10.1,57,4.72,0.0,0.0,,2.0
03/04/2023,15,80,11.1,52,5.55,0.0,0.0,,1.5
03/04/2023,16,99,11.6,50,5.64,0.0,0.0,,1.5
03/04/2023,17,165,11.9,48,5.55,0.0,0.0,,1.1
03/04/2023,18,257,11.6,47,5.05,0.0,0.0,,0.8
03/04/2023,19,238,10.9,50,4.39,0.0,0.0,,0.9
03/04/2023,20,122,9.1,59,2.75,0.0,0.0,,1.5
03/04/2023,21,67,6.8,69,2.24,0.0,0.0,,1.5
03/04/2023,22,54,5.8,74,2.42,0.0,0.0,,1.4
03/04/2023,23,36,5.2,75,2.83,0.0,0.0,,1.1
03/04/2024,0,22,11.3,73,4.47,0.3,0.0,,6.6
03/04/2024,1,11,10.8,84,4.93,0.8,0.0,,8.1
03/04/2024,2,6,10.4,87,4.98,0.6,0.0,,8.4
03/04/2024,3,4,10.1,89,4.92,0.6,0.0,,8.4
03/04/2024,4,4,9.9,91,4.97,0.9,0.0,,8.5
03/04/2024,5,6,9.9,92,4.61,0.8,0.0,,8.6
03/04/2024,6,14,9.8,92,4.65,0.9,0.0,,8.6
03/04/2024,7,46,9.9,92,4.95,1.1,0.0,,8.6
03/04/2024,8,154,10.0,92,5.51,1.0,0.0,,8.8
03/04/2024,9,165,10.5,90,5.59,0.1,0.0,,9.0
03/04/2024,10,73,12.0,85,6.44,0.1,0.0,,9.6
03/04/2024,11,61,12.8,82,6.25,0.1,0.0,,9.8
03/04/2024,12,86,14.2,76,6.72,0.0,0.0,,10.1
03/04/2024,13,83,15.5,72,7.08,0.0,0.0,,10.6
03/04/2024,14,77,16.3,68,7.95,0.1,0.0,,10.3
03/04/2024,15,73,15.6,70,7.47,0.1,0.0,,10.1
03/04/2024,16,87,15.9,67,7.71,0.1,0.0,,9.6
03/04/2024,17,135,15.7,59,7.6,0.0,0.0,,7.6
03/04/2024,18,217,15.4,56,7.16,0.0,0.0,,6.6
03/04/2024,19,207,14.9,58,5.02,0.0,0.0,,6.8
03/04/2024,20,129,13.9,67,5.38,0.0,0.0,,7.8
03/04/2024,21,73,12.9,73,4.46,0.0,0.0,,8.1
03/04/2024,22,72,12.1,78,4.78,0.0,0.0,,8.4
03/04/2024,23,67,11.8,82,5.3,0.0,0.0,,8.9
03/05/2023,0,24,9.9,84,2.6,0.0,0.0,,7.3
03/05/2023,1,11,9.0,85,2.44,0.0,0.0,,6.6
03/05/2023,2,8,8.9,86,3.0,0.0,0.0,,6.7
03/05/2023,3,5,8.3,86,2.5,0.0,0.0,,6.2
03/05/2023,4,4,7.6,87,2.48,0.0,0.0,,5.5
03/05/2023,5,7,6.8,88,2.33,0.0,0.0,,4.9
03/05/2023,6,18,6.2,89,2.62,0.0,0.0,,4.4
03/05/2023,7,62,6.2,87,2.97,0.0,0.0,,4.3
03/05/2023,8,211,7.8,84,2.98,0.0,0.0,,5.2
03/05/2023,9,207,9.6,77,3.14,0.0,0.0,,5.8
03/05/2023,10,81,11.6,72,3.7,0.0,0.0,,6.8
03/05/2023,11,67,13.7,69,3.71,0.0,0.0,,8.1
03/05/2023,12,91,15.6,66,4.08,0.0,0.0,,9.3
03/05/2023,13,88,17.0,62,4.61,0.0,0.0,,9.7
03/05/2023,14,86,18.5,53,4.85,0.0,0.0,,8.7
03/05/2023,15,83,19.0,52,5.24,0.0,0.0,,9.0
03/05/2023,16,98,19.4,51,5.14,0.0,0.0,,8.9
03/05/2023,17,145,19.5,51,4.96,0.0,0.0,,9.0
03/05/2023,18,249,19.2,52,4.96,0.0,0.0,,9.1
03/05/2023,19,234,18.6,54,4.83,0.0,0.0,,9.1
03/05/2023,20,142,17.4,62,3.73,0.0,0.0,,10.1
03/05/2023,21,83,15.1,69,3.35,0.0,0.0,,9.5
03/05/2023,22,74,13.7,73,3.79,0.0,0.0,,8.9
03/05/2023,23,66,12.9,74,3.85,0.0,0.0,,8.4
03/05/2024,0,25,10.4,81,4.27,0.0,0.0,,7.3
03/05/2024,1,16,10.1,79,4.52,0.0,0.0,,6.6
03/05/2024,2,9,10.0,77,4.35,0.0,0.0,,6.2
03/05/2024,3,6,9.8,82,4.12,0.0,0.0,,6.8
03/05/2024,4,5,9.6,82,4.25,0.0,0.0,,6.7
03/05/2024,5,9,9.4,82,4.35,0.0,0.0,,6.6
03/05/2024,6,19,9.3,85,3.8,0.0,0.0,,6.8
03/05/2024,7,61,8.7,90,3.4,0.0,0.0,,7.2
03/05/2024,8,178,9.2,90,4.26,0.0,0.0,,7.7
03/05/2024,9,156,10.4,84,5.83,0.0,0.0,,7.8
03/05/2024,10,88,11.7,78,6.08,0.0,0.0,,7.9
03/05/2024,11,81,12.9,68,6.19,0.0,0.0,,7.2
03/05/2024,12,108,14.0,61,5.91,0.0,0.0,,6.6
03/05/2024,13,102,14.8,56,5.22,0.0,0.0,,6.1
03/05/2024,14,96,15.6,50,4.63,0.0,0.0,,5.2
03/05/2024,15,94,14.9,58,4.81,0.2,0.0,,6.7
03/05/2024,16,113,14.9,62,3.83,0.1,0.0,,7.6
03/05/2024,17,159,14.0,66,4.39,0.4,0.0,,7.7
03/05/2024,18,202,14.4,63,3.74,0.2,0.0,,7.6
03/05/2024,19,176,14.3,63,3.09,0.1,0.0,,7.4
03/05/2024,20,120,13.5,72,2.65,0.0,0.0,,8.6
03/05/2024,21,79,10.9,85,2.47,1.8,0.0,,8.6
03/05/2024,22,64,10.1,89,1.8,0.0,0.0,,8.5
03/05/2024,23,55,9.1,93,2.2,0.0,0.0,,8.0
03/06/2023,0,62,13.8,65,3.26,0.0,0.0,,7.3
03/06/2023,1,42,12.9,69,2.89,0.0,0.0,,7.4
03/06/2023,2,31,12.4,74,3.06,0.0,0.0,,7.8
03/06/2023,3,16,11.9,75,2.98,0.0,0.0,,7.6
03/06/2023,4,12,11.4,76,3.1,0.0,0.0,,7.3
03/06/2023,5,10,10.9,77,3.16,0.0,0.0,,7.1
03/06/2023,6,12,10.6,78,3.01,0.0,0.0,,7.0
03/06/2023,7,21,11.4,76,3.45,0.0,0.0,,7.3
03/06/2023,8,47,12.9,71,3.36,0.0,0.0,,7.9
03/06/2023,9,76,14.9,66,3.55,0.0,0.0,,8.6
03/06/2023,10,91,16.9,61,3.64,0.0,0.0,,9.4
03/06/2023,11,108,18.9,56,3.61,0.0,0.0,,10.0
03/06/2023,12,124,20.6,51,3.96,0.0,0.0,,10.1
03/06/2023,13,123,22.0,46,4.33,0.0,0.0,,9.6
03/06/2023,14,123,23.0,44,4.18,0.0,0.0,,9.9
03/06/2023,15,142,23.5,42,4.03,0.0,0.0,,10.1
03/06/2023,16,154,24.0,41,4.33,0.0,0.0,,9.9
03/06/2023,17,154,24.1,41,4.69,0.0,0.0,,10.0
03/06/2023,18,163,23.8,41,5.26,0.0,0.0,,9.7
03/06/2023,19,162,23.2,40,5.32,0.0,0.0,,8.9
03/06/2023,20,131,22.4,43,5.25,0.0,0.0,,9.1
03/06/2023,21,98,20.9,48,4.21,0.0,0.0,,9.6
03/06/2023,22,83,19.1,51,4.03,0.0,0.0,,8.8
03/06/2023,23,84,18.1,52,4.12,0.0,0.0,,8.1
03/06/2024,0,25,11.0,89,2.4,0.0,0.0,,9.2
03/06/2024,1,14,10.1,91,2.21,0.0,0.0,,8.7
03/06/2024,2,7,9.4,93,2.26,0.0,0.0,,8.4
03/06/2024,3,5,9.0,94,1.99,0.0,0.0,,8.1
03/06/2024,4,4,8.4,95,2.1,0.0,0.0,,7.7
03/06/2024,5,9,7.9,96,2.37,0.0,0.0,,7.2
03/06/2024,6,21,7.4,96,2.01,0.0,0.0,,6.8
03/06/2024,7,78,8.5,92,2.44,0.0,0.0,,7.3
03/06/2024,8,261,10.2,87,1.92,0.0,0.0,,8.1
03/06/2024,9,229,12.1,80,1.6,0.0,0.0,,8.8
03/06/2024,10,86,13.9,73,1.62,0.0,0.0,,9.1
03/06/2024,11,74,15.4,69,1.73,0.0,0.0,,9.8
03/06/2024,12,95,16.8,67,1.8,0.0,0.0,,10.5
03/06/2024,13,93,18.4,62,2.7,0.0,0.0,,10.9
03/06/2024,14,86,18.5,61,2.69,0.0,0.0,,10.9
03/06/2024,15,85,18.5,63,2.66,0.0,0.0,,11.4
03/06/2024,16,104,19.4,61,2.92,0.1,0.0,,11.7
03/06/2024,17,168,19.8,61,2.38,0.0,0.0,,12.1
03/06/2024,18,265,19.8,61,2.44,0.0,0.0,,12.0
03/06/2024,19,241,19.6,62,2.34,0.0,0.0,,12.2
03/06/2024,20,135,19.3,66,1.84,0.0,0.0,,12.8
03/06/2024,21,83,17.8,80,1.3,0.0,0.0,,14.2
03/06/2024,22,68,15.8,87,2.15,0.0,0.0,,13.6
03/06/2024,23,51,15.2,87,1.66,0.0,0.0,,13.1
03/07/2023,0,22,16.4,60,2.02,0.0,0.0,,8.6
03/07/2023,1,13,15.1,68,1.8,0.0,0.0,,9.3
03/07/2023,2,8,17.3,60,3.01,0.0,0.0,,9.4
03/07/2023,3,5,17.4,64,3.74,0.0,0.0,,10.5
03/07/2023,4,4,16.0,73,3.59,0.0,0.0,,11.2
03/07/2023,5,9,15.4,78,2.94,0.0,0.0,,11.6
03/07/2023,6,23,14.4,84,2.16,0.0,0.0,,11.8
03/07/2023,7,78,15.6,79,2.37,0.0,0.0,,12.0
03/07/2023,8,273,16.5,76,2.27,0.0,0.0,,12.2
03/07/2023,9,242,17.5,72,3.73,0.1,0.0,,12.4
03/07/2023,10,88,17.8,72,4.91,0.2,0.0,,12.6
03/07/2023,11,73,18.5,64,4.75,0.0,0.0,,11.6
03/07/2023,12,93,20.1,53,5.41,0.0,0.0,,10.1
03/07/2023,13,97,21.5,46,5.95,0.0,0.0,,9.5
03/07/2023,14,92,21.7,42,5.14,0.0,0.0,,8.1
03/07/2023,15,92,22.9,37,5.06,0.0,0.0,,7.3
03/07/2023,16,114,24.6,32,5.02,0.0,0.0,,6.7
03/07/2023,17,182,24.6,32,5.51,0.0,0.0,,6.9
03/07/2023,18,289,23.9,35,5.8,0.0,0.0,,7.6
03/07/2023,19,268,23.5,37,5.6,0.0,0.0,,7.9
03/07/2023,20,150,23.0,37,5.93,0.0,0.0,,7.7
03/07/2023,21,86,21.9,41,4.4,0.0,0.0,,8.1
03/07/2023,22,71,20.0,47,2.94,0.0,0.0,,8.3
03/07/2023,23,60,18.8,52,2.94,0.0,0.0,,8.8
03/07/2024,0,36,12.7,83,2.06,0.0,0.0,,9.9
03/07/2024,1,20,12.3,84,2.38,0.0,0.0,,9.8
03/07/2024,2,11,12.2,86,2.38,0.0,0.0,,9.9
03/07/2024,3,6,12.1,90,2.33,0.0,0.0,,10.5
03/07/2024,4,5,11.9,92,2.44,0.0,0.0,,10.7
03/07/2024,5,10,11.8,94,2.28,0.0,0.0,,10.9
03/07/2024,6,22,11.4,97,1.33,0.0,0.0,,10.9
03/07/2024,7,71,12.4,94,2.75,0.0,0.0,,11.4
03/07/2024,8,227,13.7,87,2.82,0.0,0.0,,11.6
03/07/2024,9,224,14.2,84,2.42,0.0,0.0,,11.6
03/07/2024,10,89,14.4,82,2.53,0.0,0.0,,11.4
03/07/2024,11,75,15.4,76,3.11,0.1,0.0,,11.2
03/07/2024,12,103,16.5,68,3.1,0.1,0.0,,10.6
03/07/2024,13,97,17.5,61,4.34,0.0,0.0,,10.0
03/07/2024,14,96,18.8,54,4.62,0.0,0.0,,9.3
03/07/2024,15,89,19.8,50,4.55,0.0,0.0,,9.1
03/07/2024,16,104,20.5,48,5.32,0.0,0.0,,9.1
03/07/2024,17,158,19.8,53,5.58,0.0,0.0,,9.8
03/07/2024,18,244,19.4,55,6.02,0.0,0.0,,10.1
03/07/2024,19,222,19.0,58,4.83,0.0,0.0,,10.4
03/07/2024,20,137,18.7,59,3.86,0.0,0.0,,10.6
03/07/2024,21,84,18.2,62,4.22,0.0,0.0,,10.9
03/07/2024,22,82,17.2,69,3.9,0.0,0.0,,11.6
03/07/2024,23,78,17.0,73,3.54,0.0,0.0,,12.1
03/08/2023,0,23,17.5,73,8.74,0.0,0.0,,12.6
03/08/2023,1,12,17.1,75,8.49,0.5,0.0,,12.6
03/08/2023,2,9,17.0,79,7.43,1.5,0.0,,13.2
03/08/2023,3,4,16.9,78,7.69,1.8,0.0,,13.0
03/08/2023,4,4,16.5,80,7.49,0.1,0.0,,12.9
03/08/2023,5,6,16.4,80,7.16,0.0,0.0,,12.9
03/08/2023,6,14,16.0,82,6.7,0.0,0.0,,12.9
03/08/2023,7,34,15.8,83,6.16,0.0,0.0,,12.9
03/08/2023,8,103,16.5,81,6.44,0.0,0.0,,13.2
03/08/2023,9,101,17.2,78,7.84,0.1,0.0,,13.2
03/08/2023,10,46,17.1,79,7.13,0.1,0.0,,13.4
03/08/2023,11,41,17.2,79,6.05,0.0,0.0,,13.6
03/08/2023,12,56,18.3,75,6.86,0.0,0.0,,13.7
03/08/2023,13,56,19.2,71,6.31,0.0,0.0,,13.9
03/08/2023,14,53,17.2,82,5.5,0.0,0.0,,14.2
03/08/2023,15,41,17.1,89,4.97,1.9,0.0,,15.4
03/08/2023,16,43,16.8,91,3.32,2.0,0.0,,15.2
03/08/2023,17,76,17.2,87,2.64,0.7,0.0,,15.1
03/08/2023,18,111,18.1,83,2.97,0.2,0.0,,15.2
03/08/2023,19,116,18.3,80,3.52,0.1,0.0,,14.9
03/08/2023,20,67,18.0,75,3.35,0.1,0.0,,13.4
03/08/2023,21,42,17.1,77,2.91,0.0,0.0,,12.9
03/08/2023,22,37,16.5,78,2.77,0.0,0.0,,12.6
03/08/2023,23,36,16.3,78,3.11,0.0,0.0,,12.4
03/08/2024,0,56,18.5,73,2.78,0.0,0.0,,13.7
03/08/2024,1,32,17.5,79,2.39,0.0,0.0,,13.8
03/08/2024,2,24,16.8,82,2.02,0.0,0.0,,13.7
03/08/2024,3,14,15.9,89,1.39,0.0,0.0,,14.1
03/08/2024,4,12,15.2,93,1.5,0.0,0.0,,14.2
03/08/2024,5,12,14.9,95,1.46,0.0,0.0,,14.1
03/08/2024,6,15,14.9,95,1.96,0.0,0.0,,14.1
03/08/2024,7,21,15.0,94,2.31,0.0,0.0,,14.0
03/08/2024,8,33,16.2,87,2.4,0.0,0.0,,14.1
03/08/2024,9,49,17.6,81,2.41,0.0,0.0,,14.4
03/08/2024,10,61,19.4,74,2.62,0.0,0.0,,14.6
03/08/2024,11,79,20.6,68,2.5,0.0,0.0,,14.4
03/08/2024,12,84,21.5,63,2.94,0.0,0.0,,14.1
03/08/2024,13,86,22.4,58,3.42,0.0,0.0,,13.7
03/08/2024,14,90,23.5,53,3.8,0.0,0.0,,13.4
03/08/2024,15,96,23.6,53,3.4,0.0,0.0,,13.4
03/08/2024,16,82,23.6,52,3.23,0.0,0.0,,13.4
03/08/2024,17,82,24.1,51,3.79,0.0,0.0,,13.4
03/08/2024,18,109,24.2,52,3.94,0.0,0.0,,13.8
03/08/2024,19,115,23.9,53,4.38,0.0,0.0,,13.7
03/08/2024,20,81,23.1,58,3.51,0.0,0.0,,14.4
03/08/2024,21,45,22.0,65,3.62,0.2,0.0,,15.1
03/08/2024,22,52,20.2,80,2.75,1.3,0.0,,16.7
03/08/2024,23,56,19.6,83,1.94,0.3,0.0,,16.8
03/09/2023,0,65,20.3,81,2.83,0.0,0.0,,16.9
03/09/2023,1,42,19.5,84,2.62,0.0,0.0,,16.9
03/09/2023,2,34,19.5,86,3.47,0.0,0.0,,17.1
03/09/2023,3,22,19.0,88,2.94,0.0,0.0,,16.9
03/09/2023,4,15,18.4,90,2.37,0.0,0.0,,16.7
03/09/2023,5,10,17.6,92,1.73,0.0,0.0,,16.4
03/09/2023,6,10,17.6,93,2.47,0.0,0.0,,16.4
03/09/2023,7,14,17.2,94,1.8,0.0,0.0,,16.1
03/09/2023,8,29,17.9,91,2.55,0.0,0.0,,16.4
03/09/2023,9,54,19.5,85,2.91,0.0,0.0,,17.0
03/09/2023,10,83,21.3,79,2.02,0.0,0.0,,17.6
03/09/2023,11,106,23.2,74,1.9,0.0,0.0,,18.4
03/09/2023,12,124,25.2,69,2.31,0.0,0.0,,19.0
03/09/2023,13,110,27.0,62,2.86,0.0,0.0,,19.1
03/09/2023,14,112,28.8,51,3.01,0.0,0.0,,17.8
03/09/2023,15,132,29.4,48,3.28,0.0,0.0,,17.4
03/09/2023,16,144,29.6,47,3.13,0.0,0.0,,17.0
03/09/2023,17,148,29.4,48,3.42,0.0,0.0,,17.1
03/09/2023,18,151,28.8,50,3.92,0.0,0.0,,17.4
03/09/2023,19,127,27.8,56,3.94,0.0,0.0,,18.1
03/09/2023,20,99,25.6,64,4.22,0.0,0.0,,18.3
03/09/2023,21,66,24.0,69,3.98,0.0,0.0,,17.9
03/09/2023,22,52,22.9,73,3.14,0.0,0.0,,17.9
03/09/2023,23,39,21.8,79,2.75,0.0,0.0,,17.9
03/09/2024,0,26,19.7,82,1.57,0.0,0.0,,16.5
03/09/2024,1,14,19.2,84,1.36,0.0,0.0,,16.4
03/09/2024,2,9,18.7,86,1.25,0.0,0.0,,16.4
03/09/2024,3,6,19.5,92,0.67,1.1,0.0,,18.0
03/09/2024,4,5,19.4,92,1.14,2.2,0.0,,18.0
03/09/2024,5,10,19.0,94,1.36,1.1,0.0,,18.1
03/09/2024,6,22,18.8,95,1.89,0.6,0.0,,18.0
03/09/2024,7,76,18.6,96,2.3,0.7,0.0,,18.0
03/09/2024,8,260,18.6,95,2.41,1.1,0.0,,17.9
03/09/2024,9,223,18.5,94,2.64,0.7,0.0,,17.5
03/09/2024,10,75,18.6,85,2.68,0.2,0.0,,16.1
03/09/2024,11,71,18.6,83,2.64,0.1,0.0,,15.6
03/09/2024,12,94,20.0,75,3.47,0.0,0.0,,15.4
03/09/2024,13,95,21.2,68,3.97,0.0,0.0,,15.2
03/09/2024,14,91,22.1,64,4.04,0.0,0.0,,14.9
03/09/2024,15,94,21.4,69,3.5,0.0,0.0,,15.4
03/09/2024,16,114,21.4,63,3.68,0.0,0.0,,14.1
03/09/2024,17,176,21.3,59,3.65,0.0,0.0,,12.9
03/09/2024,18,282,21.4,55,2.69,0.0,0.0,,11.9
03/09/2024,19,237,21.1,55,1.43,0.0,0.0,,11.6
03/09/2024,20,128,19.9,60,1.71,0.0,0.0,,12.0
03/09/2024,21,83,18.8,66,1.96,0.0,0.0,,12.3
03/09/2024,22,78,17.0,75,1.94,0.0,0.0,,12.6
03/09/2024,23,61,15.9,78,1.93,0.0,0.0,,12.1
03/10/2023,0,28,21.5,61,3.83,0.0,0.0,,13.6
03/10/2023,1,14,21.5,61,3.42,0.0,0.0,,13.6
03/10/2023,2,8,21.7,64,3.96,0.0,0.0,,14.6
03/10/2023,3,4,20.9,71,4.33,0.0,0.0,,15.4
03/10/2023,4,4,19.8,79,4.63,0.0,0.0,,15.9
03/10/2023,5,9,19.1,82,3.86,0.0,0.0,,15.9
03/10/2023,6,26,18.7,84,3.53,1.5,0.0,,15.9
03/10/2023,7,110,18.3,87,4.25,0.0,0.0,,16.1
03/10/2023,8,343,18.2,88,3.74,0.0,0.0,,16.3
03/10/2023,9,258,19.0,86,5.15,0.2,0.0,,16.6
03/10/2023,10,80,18.0,91,5.2,1.7,0.0,,16.5
03/10/2023,11,73,16.9,89,5.83,3.5,0.0,,15.1
03/10/2023,12,109,17.0,77,5.24,0.1,0.0,,12.9
03/10/2023,13,110,18.6,63,7.07,0.0,0.0,,11.4
03/10/2023,14,99,17.5,72,6.71,0.1,0.0,,12.3
03/10/2023,15,101,18.8,63,5.72,0.1,0.0,,11.6
03/10/2023,16,132,19.2,55,5.99,0.0,0.0,,10.0
03/10/2023,17,216,18.9,55,5.95,0.0,0.0,,9.6
03/10/2023,18,339,18.5,56,5.14,0.0,0.0,,9.4
03/10/2023,19,300,17.0,61,3.14,0.0,0.0,,9.4
03/10/2023,20,163,14.8,70,2.04,0.0,0.0,,9.4
03/10/2023,21,92,13.8,75,2.06,0.0,0.0,,9.4
03/10/2023,22,85,13.1,79,2.09,0.0,0.0,,9.4
03/10/2023,23,66,12.2,84,2.0,0.0,0.0,,9.6
03/10/2024,0,32,10.8,92,4.08,0.0,0.0,,9.5
03/10/2024,1,16,10.5,94,3.72,0.0,0.0,,9.6
03/10/2024,2,11,10.1,94,3.49,0.0,0.0,,9.2
03/10/2024,3,6,10.8,91,3.81,0.0,0.0,,9.3
03/10/2024,4,5,10.2,90,4.05,0.0,0.0,,8.8
03/10/2024,5,9,9.5,93,3.8,0.0,0.0,,8.4
03/10/2024,6,20,9.2,94,3.38,0.0,0.0,,8.3
03/10/2024,7,78,9.0,95,3.07,0.0,0.0,,8.2
03/10/2024,8,266,9.4,93,2.69,0.1,0.0,,8.4
03/10/2024,9,230,10.7,88,3.98,0.1,0.0,,8.8
03/10/2024,10,94,11.9,82,4.95,0.0,0.0,,8.9
03/10/2024,11,78,12.7,77,4.76,0.0,0.0,,8.7
03/10/2024,12,107,12.8,75,4.76,0.0,0.0,,8.4
03/10/2024,13,105,13.6,70,4.97,0.0,0.0,,8.2
03/10/2024,14,97,14.1,66,4.69,0.0,0.0,,7.8
03/10/2024,15,90,13.6,65,4.65,0.0,0.0,,7.1
03/10/2024,16,111,14.4,59,5.21,0.0,0.0,,6.4
03/10/2024,17,179,14.0,58,5.76,0.0,0.0,,5.8
03/10/2024,18,258,13.4,58,5.67,0.0,0.0,,5.4
03/10/2024,19,232,12.8,62,4.64,0.0,0.0,,5.7
03/10/2024,20,139,11.9,64,3.3,0.0,0.0,,5.4
03/10/2024,21,83,11.9,65,3.58,0.0,0.0,,5.5
03/10/2024,22,78,10.9,70,3.4,0.0,0.0,,5.6
03/10/2024,23,65,9.2,79,2.48,0.0,0.0,,5.7
03/11/2023,0,28,8.9,73,6.31,0.0,0.0,,4.3
03/11/2023,1,15,8.6,75,5.64,0.0,0.0,,4.3
03/11/2023,2,9,8.2,76,5.42,0.0,0.0,,4.2
03/11/2023,3,5,8.3,81,5.47,0.1,0.0,,5.3
03/11/2023,4,5,8.0,82,5.53,0.0,0.0,,5.1
03/11/2023,5,7,7.4,84,4.83,0.0,0.0,,4.8
03/11/2023,6,14,6.7,87,4.74,0.0,0.0,,4.7
03/11/2023,7,45,6.2,88,4.62,0.0,0.0,,4.3
03/11/2023,8,138,5.8,89,4.63,0.0,0.0,,4.2
03/11/2023,9,153,5.7,91,4.57,0.0,0.0,,4.3
03/11/2023,10,76,6.7,87,5.01,0.0,0.0,,4.7
03/11/2023,11,68,8.2,83,4.7,0.0,0.0,,5.4
03/11/2023,12,89,9.5,76,5.47,0.0,0.0,,5.4
03/11/2023,13,85,10.3,71,5.95,0.0,0.0,,5.2
03/11/2023,14,84,10.8,67,5.77,0.0,0.0,,4.8
03/11/2023,15,82,10.2,73,5.12,0.0,0.0,,5.6
03/11/2023,16,94,10.0,75,5.02,0.0,0.0,,5.7
03/11/2023,17,129,10.1,74,5.14,0.0,0.0,,5.7
03/11/2023,18,170,9.2,79,3.73,0.0,0.0,,5.8
03/11/2023,19,144,8.4,85,3.86,0.0,0.0,,6.0
03/11/2023,20,94,7.4,91,3.79,0.0,0.0,,6.0
03/11/2023,21,56,7.3,90,4.18,0.0,0.0,,5.8
03/11/2023,22,49,7.8,84,4.7,0.0,0.0,,5.2
03/11/2023,23,51,8.1,81,5.3,0.0,0.0,,5.1
03/11/2024,0,35,11.1,80,2.25,0.0,0.0,,7.9
03/11/2024,1,26,10.6,84,2.21,0.0,0.0,,8.0
03/11/2024,2,23,10.1,86,2.56,0.0,0.0,,7.9
03/11/2024,3,14,9.8,88,2.21,0.0,0.0,,7.8
03/11/2024,4,11,10.4,82,2.55,0.0,0.0,,7.5
03/11/2024,5,9,10.2,82,2.34,0.0,0.0,,7.3
03/11/2024,6,8,10.1,82,2.39,0.0,0.0,,7.2
03/11/2024,7,13,9.6,85,2.31,0.0,0.0,,7.2
03/11/2024,8,23,8.4,92,2.22,0.0,0.0,,7.2
03/11/2024,9,34,7.3,96,2.15,0.0,0.0,,6.8
03/11/2024,10,52,7.9,93,2.39,0.0,0.0,,6.8
03/11/2024,11,60,9.1,88,2.33,0.0,0.0,,7.2
03/11/2024,12,75,10.6,84,2.2,0.0,0.0,,7.9
03/11/2024,13,74,12.2,77,2.57,0.0,0.0,,8.2
03/11/2024,14,75,12.9,76,2.27,0.0,0.0,,8.8
03/11/2024,15,84,11.1,83,2.8,0.0,0.0,,8.3
03/11/2024,16,93,11.4,81,2.91,0.0,0.0,,8.3
03/11/2024,17,91,11.4,81,2.69,0.0,0.0,,8.3
03/11/2024,18,84,11.1,82,2.42,0.0,0.0,,8.2
03/11/2024,19,67,10.6,86,1.62,0.0,0.0,,8.4
03/11/2024,20,51,10.5,87,1.75,0.0,0.0,,8.4
03/11/2024,21,42,10.6,86,1.94,0.0,0.0,,8.2
03/11/2024,22,33,10.2,86,2.05,0.0,0.0,,7.9
03/11/2024,23,24,8.6,93,1.51,0.0,0.0,,7.7
03/12/2023,0,32,-2.5,84,2.06,0.0,0.0,,-4.8
03/12/2023,1,25,-2.5,84,2.25,0.0,0.0,,-4.8
03/12/2023,2,23,-2.4,83,2.31,0.0,0.0,,-4.8
03/12/2023,3,14,-2.3,84,2.47,0.0,0.0,,-4.7
03/12/2023,4,9,-2.4,83,2.71,0.0,0.0,,-4.8
03/12/2023,5,7,-2.2,83,3.21,0.0,0.0,,-4.7
03/12/2023,6,7,-1.8,82,3.73,0.0,0.0,,-4.4
03/12/2023,7,8,-1.2,80,4.65,0.0,0.0,,-4.2
03/12/2023,8,15,-0.8,78,4.95,0.0,0.0,,-4.1
03/12/2023,9,28,-0.7,78,5.16,0.0,0.0,,-4.1
03/12/2023,10,40,-0.3,80,4.92,0.1,0.07,,-3.5
03/12/2023,11,51,0.8,71,5.55,0.0,0.0,,-4.0
03/12/2023,12,63,2.0,64,5.93,0.0,0.0,,-4.1
03/12/2023,13,57,2.7,63,5.02,0.0,0.0,,-3.7
03/12/2023,14,60,3.9,58,4.74,0.0,0.0,,-3.5
03/12/2023,15,72,4.0,64,5.51,0.0,0.0,,-2.2
03/12/2023,16,78,4.1,65,5.4,0.0,0.0,,-1.9
03/12/2023,17,77,3.6,68,5.01,0.0,0.0,,-1.8
03/12/2023,18,71,2.8,68,4.42,0.0,0.0,,-2.5
03/12/2023,19,60,1.9,71,4.2,0.0,0.0,,-2.8
03/12/2023,20,41,1.6,69,4.1,0.0,0.0,,-3.5
03/12/2023,21,27,1.6,67,4.3,0.0,0.0,,-3.8
03/12/2023,22,23,1.5,65,4.87,0.0,0.0,,-4.3
03/12/2023,23,22,1.7,62,5.5,0.0,0.0,,-4.8
03/12/2024,0,17,6.6,84,3.36,0.0,0.0,,4.2
03/12/2024,1,9,6.1,85,3.15,0.0,0.0,,3.8
03/12/2024,2,6,5.6,87,3.17,0.0,0.0,,3.6
03/12/2024,3,4,6.2,86,3.12,0.0,0.0,,4.1
03/12/2024,4,4,6.1,86,3.06,0.0,0.0,,3.8
03/12/2024,5,8,5.5,87,3.15,0.0,0.0,,3.5
03/12/2024,6,20,5.1,88,2.93,0.0,0.0,,3.2
03/12/2024,7,70,4.7,88,2.81,0.0,0.0,,2.9
03/12/2024,8,250,4.3,90,2.4,0.0,0.0,,2.8
03/12/2024,9,219,4.1,91,2.01,0.0,0.0,,2.8
03/12/2024,10,79,4.0,92,1.9,0.0,0.0,,2.8
03/12/2024,11,60,4.8,90,1.55,0.0,0.0,,3.4
03/12/2024,12,88,5.8,85,1.24,0.4,0.0,,3.5
03/12/2024,13,85,6.3,85,0.73,0.3,0.0,,4.0
03/12/2024,14,81,6.9,85,0.39,0.0,0.0,,4.6
03/12/2024,15,75,8.1,88,0.53,0.0,0.0,,6.2
03/12/2024,16,89,8.1,86,0.81,0.0,0.0,,5.9
03/12/2024,17,146,7.9,85,0.89,0.0,0.0,,5.6
03/12/2024,18,225,6.7,90,0.15,0.0,0.0,,5.1
03/12/2024,19,205,5.8,92,0.25,0.0,0.0,,4.6
03/12/2024,20,112,5.5,94,0.1,0.0,0.0,,4.6
03/12/2024,21,69,4.6,97,0.9,0.0,0.0,,4.1
03/12/2024,22,64,4.0,97,1.0,0.0,0.0,,3.5
03/12/2024,23,50,3.6,96,1.12,0.0,0.0,,3.0
04/01/2023,0,13,9.5,89,7.17,0.8,0.0,,7.7
04/01/2023,1,6,9.6,89,7.03,0.6,0.0,,7.8
04/01/2023,2,4,9.8,90,7.24,0.5,0.0,,8.2
04/01/2023,3,3,9.9,90,7.22,0.4,0.0,,8.4
04/01/2023,4,3,10.1,88,7.16,0.0,0.0,,8.2
04/01/2023,5,5,10.4,87,7.42,0.0,0.0,,8.4
04/01/2023,6,14,10.7,87,7.32,0.0,0.0,,8.6
04/01/2023,7,59,10.8,87,7.44,0.1,0.0,,8.6
04/01/2023,8,208,10.9,88,7.39,0.0,0.0,,9.0
04/01/2023,9,202,11.1,88,6.84,0.0,0.0,,9.3
04/01/2023,10,73,10.9,90,6.54,0.0,0.0,,9.4
04/01/2023,11,58,12.1,86,7.36,0.1,0.0,,9.9
04/01/2023,12,81,11.9,89,7.2,0.1,0.0,,10.1
04/01/2023,13,78,12.9,85,7.95,0.0,0.0,,10.4
04/01/2023,14,69,12.5,90,7.57,0.1,0.0,,10.9
04/01/2023,15,58,12.6,90,7.72,0.4,0.0,,11.1
04/01/2023,16,71,12.9,89,7.53,0.0,0.0,,11.1
04/01/2023,17,118,13.0,89,7.21,0.0,0.0,,11.2
04/01/2023,18,207,12.9,89,6.55,0.0,0.0,,11.1
04/01/2023,19,186,12.8,90,6.39,0.0,0.0,,11.2
04/01/2023,20,103,12.9,89,6.38,0.0,0.0,,11.1
04/01/2023,21,53,12.8,88,6.56,0.0,0.0,,10.8
04/01/2023,22,47,12.9,89,6.9,0.0,0.0,,11.0
04/01/2023,23,36,13.1,87,7.1,0.0,0.0,,11.0
04/01/2024,0,17,8.4,81,6.8,0.0,0.0,,5.4
04/01/2024,1,10,8.7,80,7.27,0.0,0.0,,5.4
04/01/2024,2,6,8.8,80,7.23,0.0,0.0,,5.5
04/01/2024,3,4,8.4,78,6.89,0.0,0.0,,4.8
04/01/2024,4,4,8.1,80,6.71,0.0,0.0,,4.9
04/01/2024,5,6,7.8,80,6.0,0.0,0.0,,4.6
04/01/2024,6,14,7.4,82,5.64,0.0,0.0,,4.5
04/01/2024,7,37,7.2,84,5.5,0.0,0.0,,4.6
04/01/2024,8,132,7.1,85,5.11,0.0,0.0,,4.7
04/01/2024,9,149,7.1,84,4.58,0.0,0.0,,4.6
04/01/2024,10,60,6.4,88,3.96,0.0,0.0,,4.7
04/01/2024,11,53,7.3,86,4.19,0.0,0.0,,5.1
04/01/2024,12,64,8.6,83,4.53,0.0,0.0,,5.9
04/01/2024,13,61,10.1,79,6.02,0.0,0.0,,6.6
04/01/2024,14,60,10.6,77,6.22,0.0,0.0,,6.8
04/01/2024,15,61,9.9,85,5.24,0.1,0.0,,7.6
04/01/2024,16,68,10.1,86,4.83,0.0,0.0,,7.8
04/01/2024,17,101,10.2,84,5.46,0.0,0.0,,7.7
04/01/2024,18,167,9.9,84,5.9,0.0,0.0,,7.3
04/01/2024,19,139,10.1,84,6.6,0.0,0.0,,7.6
04/01/2024,20,75,10.0,85,7.43,1.6,0.0,,7.6
04/01/2024,21,46,10.1,83,7.63,0.0,0.0,,7.3
04/01/2024,22,43,10.4,80,7.84,0.0,0.0,,7.1
04/01/2024,23,37,10.4,79,6.99,0.0,0.0,,6.8
04/02/2023,0,38,7.8,91,2.6,0.0,0.0,,6.4
04/02/2023,1,27,7.9,91,2.34,0.0,0.0,,6.6
04/02/2023,2,22,8.3,91,2.5,0.0,0.0,,6.8
04/02/2023,3,14,8.6,91,2.92,0.0,0.0,,7.2
04/02/2023,4,10,8.5,92,2.87,0.0,0.0,,7.3
04/02/2023,5,9,8.4,93,2.75,0.0,0.0,,7.3
04/02/2023,6,7,8.4,92,2.72,0.0,0.0,,7.3
04/02/2023,7,14,8.4,92,2.64,0.0,0.0,,7.2
04/02/2023,8,31,8.3,92,2.41,0.0,0.0,,7.1
04/02/2023,9,51,8.2,91,1.91,0.0,0.0,,6.8
04/02/2023,10,56,8.2,90,2.12,0.0,0.0,,6.7
04/02/2023,11,55,8.8,87,3.19,0.0,0.0,,6.7
04/02/2023,12,66,9.6,83,3.83,0.0,0.0,,6.9
04/02/2023,13,60,10.8,77,3.61,0.0,0.0,,6.8
04/02/2023,14,64,9.2,86,3.55,0.0,0.0,,6.9
04/02/2023,15,77,9.8,81,3.28,0.0,0.0,,6.7
04/02/2023,16,82,10.1,79,3.08,0.0,0.0,,6.7
04/02/2023,17,86,10.4,76,3.05,0.0,0.0,,6.3
04/02/2023,18,85,9.8,80,2.56,0.0,0.0,,6.5
04/02/2023,19,90,8.9,86,2.26,0.0,0.0,,6.7
04/02/2023,20,69,8.6,86,2.9,0.0,0.0,,6.4
04/02/2023,21,44,8.6,81,3.36,0.0,0.0,,5.4
04/02/2023,22,36,8.1,83,3.32,0.0,0.0,,5.3
04/02/2023,23,35,7.7,82,3.32,0.0,0.0,,4.9
04/02/2024,0,36,9.2,86,3.4,0.0,0.0,,7.1
04/02/2024,1,29,9.1,86,3.31,0.0,0.0,,6.9
04/02/2024,2,25,8.9,87,3.58,0.0,0.0,,6.8
04/02/2024,3,16,9.1,86,3.8,0.0,0.0,,6.9
04/02/2024,4,11,9.1,85,3.77,0.0,0.0,,6.8
04/02/2024,5,9,9.0,86,3.61,0.0,0.0,,6.7
04/02/2024,6,8,9.0,85,3.63,0.0,0.0,,6.7
04/02/2024,7,9,8.7,87,3.35,0.0,0.0,,6.6
04/02/2024,8,19,8.9,85,3.62,0.0,0.0,,6.6
04/02/2024,9,36,8.9,85,3.62,0.0,0.0,,6.6
04/02/2024,10,49,9.1,85,3.89,0.0,0.0,,6.7
04/02/2024,11,59,9.7,82,4.11,0.0,0.0,,6.8
04/02/2024,12,78,10.4,80,3.72,0.0,0.0,,7.1
04/02/2024,13,75,11.1,77,4.49,0.0,0.0,,7.2
04/02/2024,14,74,12.1,72,5.31,0.0,0.0,,7.2
04/02/2024,15,84,11.1,73,5.66,0.0,0.0,,6.4
04/02/2024,16,82,10.9,74,5.71,0.0,0.0,,6.4
04/02/2024,17,84,10.7,75,5.33,0.0,0.0,,6.4
04/02/2024,18,81,10.4,77,4.14,0.0,0.0,,6.5
04/02/2024,19,68,10.1,78,4.34,0.0,0.0,,6.4
04/02/2024,20,53,10.0,79,4.48,0.0,0.0,,6.4
04/02/2024,21,37,9.9,78,4.36,0.0,0.0,,6.3
04/02/2024,22,28,9.9,78,4.47,0.0,0.0,,6.2
04/02/2024,23,21,9.8,77,4.44,0.0,0.0,,5.8
04/03/2023,0,30,0.4,91,2.28,0.0,0.0,,-0.9
04/03/2023,1,19,-0.3,93,1.99,0.0,0.0,,-1.4
04/03/2023,2,16,0.6,91,2.28,0.0,0.0,,-0.7
04/03/2023,3,9,0.2,91,2.24,0.0,0.0,,-1.0
04/03/2023,4,7,-0.2,92,2.31,0.0,0.0,,-1.4
04/03/2023,5,7,-0.7,93,2.31,0.0,0.0,,-1.7
04/03/2023,6,7,-1.0,94,2.21,0.0,0.0,,-2.0
04/03/2023,7,11,-1.3,94,2.2,0.0,0.0,,-2.2
04/03/2023,8,24,-1.8,93,2.0,0.0,0.0,,-2.8
04/03/2023,9,46,-1.2,91,1.9,0.0,0.0,,-2.5
04/03/2023,10,56,1.2,84,2.5,0.0,0.0,,-1.1
04/03/2023,11,65,3.5,75,2.45,0.0,0.0,,-0.4
04/03/2023,12,74,4.8,70,2.95,0.0,0.0,,-0.2
04/03/2023,13,71,6.1,65,4.99,0.0,0.0,,0.0
04/03/2023,14,71,5.7,67,4.17,0.0,0.0,,0.0
04/03/2023,15,80,6.2,63,3.94,0.0,0.0,,-0.2
04/03/2023,16,83,6.8,63,4.3,0.0,0.0,,0.2
04/03/2023,17,82,6.6,66,4.3,0.0,0.0,,0.6
04/03/2023,18,82,6.4,65,4.18,0.0,0.0,,0.2
04/03/2023,19,80,5.8,68,2.88,0.0,0.0,,0.4
04/03/2023,20,61,5.2,72,1.52,0.0,0.0,,0.6
04/03/2023,21,40,4.8,76,1.53,0.0,0.0,,0.9
04/03/2023,22,32,4.8,78,1.5,0.0,0.0,,1.2
04/03/2023,23,34,3.8,85,1.43,0.0,0.0,,1.5
04/03/2024,0,14,2.3,92,2.28,0.0,0.0,,1.1
04/03/2024,1,7,1.0,94,2.62,0.0,0.0,,0.1
04/03/2024,2,5,1.1,94,2.28,0.0,0.0,,0.2
04/03/2024,3,4,2.0,94,1.82,0.0,0.0,,1.1
04/03/2024,4,4,0.4,96,2.73,0.0,0.0,,-0.1
04/03/2024,5,7,0.1,97,2.51,0.0,0.0,,-0.4
04/03/2024,6,17,-0.3,97,2.5,0.0,0.0,,-0.8
04/03/2024,7,66,-0.1,96,2.0,0.0,0.0,,-0.6
04/03/2024,8,228,-0.6,95,2.75,0.0,0.0,,-1.3
04/03/2024,9,191,0.4,94,1.12,0.0,0.0,,-0.4
04/03/2024,10,73,2.7,91,1.49,0.0,0.0,,1.3
04/03/2024,11,62,5.6,84,1.66,0.0,0.0,,3.0
04/03/2024,12,82,8.2,73,2.47,0.0,0.0,,3.7
04/03/2024,13,85,9.6,61,3.18,0.0,0.0,,2.5
04/03/2024,14,77,10.4,58,3.35,0.0,0.0,,2.5
04/03/2024,15,75,10.9,55,3.3,0.0,0.0,,2.3
04/03/2024,16,94,11.2,54,3.37,0.0,0.0,,2.1
04/03/2024,17,147,11.1,52,3.49,0.0,0.0,,1.6
04/03/2024,18,234,10.8,52,3.49,0.0,0.0,,1.2
04/03/2024,19,203,9.1,63,2.19,0.0,0.0,,2.3
04/03/2024,20,106,6.7,72,2.28,0.0,0.0,,2.0
04/03/2024,21,61,6.3,73,2.37,0.0,0.0,,1.8
04/03/2024,22,51,6.8,72,2.4,0.2,0.0,,2.2
04/03/2024,23,32,6.7,78,2.5,0.3,0.0,,3.1
04/04/2023,0,16,4.6,75,3.11,0.0,0.0,,0.6
04/04/2023,1,9,4.0,68,2.97,0.0,0.0,,-1.4
04/04/2023,2,5,4.1,68,2.6,0.0,0.0,,-1.3
04/04/2023,3,4,3.1,70,2.47,0.0,0.0,,-1.8
04/04/2023,4,4,2.0,74,2.06,0.0,0.0,,-2.2
04/04/2023,5,8,1.1,77,2.13,0.0,0.0,,-2.5
04/04/2023,6,21,0.9,76,2.48,0.0,0.0,,-2.9
04/04/2023,7,81,0.5,76,2.41,0.0,0.0,,-3.2
04/04/2023,8,290,0.6,75,2.48,0.0,0.0,,-3.3
04/04/2023,9,249,2.3,70,2.84,0.0,0.0,,-2.5
04/04/2023,10,92,4.1,64,3.24,0.0,0.0,,-2.0
04/04/2023,11,76,5.8,60,3.34,0.0,0.0,,-1.3
04/04/2023,12,97,7.2,53,3.92,0.0,0.0,,-1.7
04/04/2023,13,99,8.1,49,4.18,0.0,0.0,,-1.8
04/04/2023,14,88,9.5,47,4.25,0.0,0.0,,-1.4
04/04/2023,15,87,10.2,46,3.96,0.0,0.0,,-1.0
04/04/2023,16,110,10.6,45,3.82,0.0,0.0,,-0.7
04/04/2023,17,173,10.8,46,3.54,0.0,0.0,,-0.3
04/04/2023,18,280,10.6,48,3.61,0.0,0.0,,-0.2
04/04/2023,19,257,9.8,50,3.41,0.0,0.0,,-0.2
04/04/2023,20,138,7.8,63,1.89,0.0,0.0,,1.1
04/04/2023,21,74,5.2,73,2.15,0.0,0.0,,0.8
04/04/2023,22,67,4.2,76,2.06,0.0,0.0,,0.3
04/04/2023,23,55,3.4,80,2.12,0.0,0.0,,0.2
04/04/2024,0,33,12.4,83,6.21,0.3,0.0,,9.5
04/04/2024,1,17,12.3,84,6.53,0.0,0.0,,9.6
04/04/2024,2,10,12.4,84,7.13,0.3,0.0,,9.6
04/04/2024,3,6,12.7,88,6.67,0.7,0.0,,10.7
04/04/2024,4,5,12.6,88,7.21,0.7,0.0,,10.6
04/04/2024,5,7,12.8,85,7.85,0.2,0.0,,10.4
04/04/2024,6,15,12.4,87,8.44,0.8,0.0,,10.4
04/04/2024,7,40,12.4,86,9.81,3.4,0.0,,10.1
04/04/2024,8,138,12.2,87,9.27,2.3,0.0,,10.1
04/04/2024,9,133,12.1,88,6.88,1.5,0.0,,10.1
04/04/2024,10,36,12.2,87,6.79,0.8,0.0,,10.1
04/04/2024,11,44,13.0,85,8.12,0.2,0.0,,10.5
04/04/2024,12,69,15.4,77,8.0,0.6,0.0,,11.4
04/04/2024,13,79,16.8,64,8.29,0.0,0.0,,9.9
04/04/2024,14,76,17.6,57,9.21,0.0,0.0,,8.9
04/04/2024,15,73,16.9,64,7.56,0.1,0.0,,10.0
04/04/2024,16,94,17.8,55,7.72,0.0,0.0,,8.7
04/04/2024,17,135,18.2,51,7.84,0.1,0.0,,7.8
04/04/2024,18,200,16.5,65,6.16,0.2,0.0,,9.8
04/04/2024,19,188,16.2,67,5.08,0.0,0.0,,10.1
04/04/2024,20,112,15.1,73,4.24,0.2,0.0,,10.4
04/04/2024,21,71,14.4,78,4.0,0.1,0.0,,10.7
04/04/2024,22,70,13.8,82,3.67,0.0,0.0,,10.8
04/04/2024,23,63,13.0,87,3.07,0.0,0.0,,10.9
04/05/2023,0,35,12.2,76,3.61,0.0,0.0,,8.2
04/05/2023,1,16,12.0,78,3.71,0.0,0.0,,8.4
04/05/2023,2,10,12.2,77,3.41,0.0,0.0,,8.2
04/05/2023,3,7,11.7,78,3.51,0.0,0.0,,8.1
04/05/2023,4,5,11.4,79,3.67,0.0,0.0,,7.9
04/05/2023,5,8,10.8,82,2.85,0.0,0.0,,7.8
04/05/2023,6,19,10.4,83,3.01,0.0,0.0,,7.7
04/05/2023,7,63,10.6,82,3.05,0.0,0.0,,7.7
04/05/2023,8,208,12.2,78,4.2,0.0,0.0,,8.4
04/05/2023,9,210,14.2,74,3.5,0.0,0.0,,9.6
04/05/2023,10,83,16.2,70,3.92,0.0,0.0,,10.8
04/05/2023,11,71,18.0,66,4.1,0.0,0.0,,11.4
04/05/2023,12,92,19.9,62,3.16,0.0,0.0,,12.4
04/05/2023,13,88,21.4,59,3.34,0.0,0.0,,12.9
04/05/2023,14,83,22.4,51,3.72,0.0,0.0,,11.8
04/05/2023,15,80,20.1,64,3.41,0.3,0.0,,13.2
04/05/2023,16,94,22.2,58,4.39,0.0,0.0,,13.4
04/05/2023,17,141,21.8,61,5.86,0.0,0.0,,13.9
04/05/2023,18,236,21.6,56,5.17,0.0,0.0,,12.6
04/05/2023,19,225,21.5,58,5.4,0.0,0.0,,12.9
04/05/2023,20,133,20.0,61,4.34,0.0,0.0,,12.2
04/05/2023,21,83,18.0,66,3.35,0.0,0.0,,11.6
04/05/2023,22,75,16.1,73,2.56,0.0,0.0,,11.3
04/05/2023,23,68,14.9,78,2.64,0.0,0.0,,11.0
04/05/2024,0,44,8.6,93,2.1,0.0,0.0,,7.7
04/05/2024,1,32,8.2,94,2.1,0.0,0.0,,7.3
04/05/2024,2,22,7.6,95,2.01,0.0,0.0,,6.9
04/05/2024,3,14,7.8,94,1.91,0.1,0.0,,6.8
04/05/2024,4,12,7.5,94,2.06,0.1,0.0,,6.6
04/05/2024,5,10,7.2,96,1.93,0.0,0.0,,6.6
04/05/2024,6,12,6.1,98,1.75,0.0,0.0,,5.7
04/05/2024,7,19,6.4,97,1.79,0.0,0.0,,5.9
04/05/2024,8,33,7.9,93,3.26,0.0,0.0,,6.9
04/05/2024,9,49,9.6,88,2.53,0.0,0.0,,7.8
04/05/2024,10,57,11.0,85,2.26,0.1,0.0,,8.5
04/05/2024,11,66,12.2,80,3.11,0.1,0.0,,8.9
04/05/2024,12,80,13.4,72,3.26,0.1,0.0,,8.5
04/05/2024,13,77,13.9,66,3.42,0.0,0.0,,7.7
04/05/2024,14,73,13.7,67,3.4,0.0,0.0,,7.7
04/05/2024,15,89,13.3,73,2.69,0.1,0.0,,8.5
04/05/2024,16,97,13.8,67,2.8,0.1,0.0,,7.8
04/05/2024,17,104,14.9,61,2.35,0.0,0.0,,7.4
04/05/2024,18,105,14.8,60,2.5,0.0,0.0,,7.1
04/05/2024,19,107,14.4,62,2.33,0.0,0.0,,7.3
04/05/2024,20,86,13.9,68,2.1,0.0,0.0,,8.0
04/05/2024,21,61,11.6,78,2.51,0.0,0.0,,8.0
04/05/2024,22,50,9.6,87,1.84,0.0,0.0,,7.7
04/05/2024,23,47,8.1,92,2.69,0.0,0.0,,6.8
04/06/2023,0,80,17.4,52,4.03,0.0,0.0,,7.6
04/06/2023,1,57,16.6,54,3.85,0.0,0.0,,7.2
04/06/2023,2,45,16.2,56,4.03,0.0,0.0,,7.4
04/06/2023,3,23,15.2,58,3.58,0.0,0.0,,7.1
04/06/2023,4,26,14.4,59,3.26,0.0,0.0,,6.6
04/06/2023,5,12,13.7,60,3.31,0.0,0.0,,6.0
04/06/2023,6,11,13.1,60,3.19,0.0,0.0,,5.6
04/06/2023,7,16,13.6,59,3.36,0.0,0.0,,5.9
04/06/2023,8,32,15.1,58,3.11,0.0,0.0,,6.8
04/06/2023,9,54,16.7,54,3.84,0.0,0.0,,7.3
04/06/2023,10,81,18.6,50,4.18,0.0,0.0,,8.1
04/06/2023,11,99,20.7,46,4.24,0.0,0.0,,8.7
04/06/2023,12,116,22.5,41,4.53,0.0,0.0,,8.6
04/06/2023,13,110,23.6,35,4.86,0.0,0.0,,7.3
04/06/2023,14,107,24.5,32,5.24,0.0,0.0,,6.6
04/06/2023,15,126,25.0,32,5.17,0.0,0.0,,7.2
04/06/2023,16,138,25.2,32,5.23,0.0,0.0,,7.6
04/06/2023,17,143,25.2,32,5.45,0.0,0.0,,7.6
04/06/2023,18,146,24.9,32,5.67,0.0,0.0,,7.2
04/06/2023,19,128,24.2,33,5.69,0.0,0.0,,6.8
04/06/2023,20,106,23.3,35,5.16,0.0,0.0,,6.9
04/06/2023,21,70,21.6,39,4.7,0.0,0.0,,7.2
04/06/2023,22,59,20.0,40,4.43,0.0,0.0,,6.1
04/06/2023,23,43,19.0,41,4.25,0.0,0.0,,5.4
04/06/2024,0,26,15.0,89,0.9,0.0,0.0,,13.1
04/06/2024,1,15,15.3,87,0.41,0.0,0.0,,13.1
04/06/2024,2,10,14.7,90,0.32,0.0,0.0,,13.1
04/06/2024,3,5,14.7,96,0.71,0.0,0.0,,14.0
04/06/2024,4,4,14.4,96,0.64,0.0,0.0,,13.7
04/06/2024,5,9,12.6,100,1.3,0.0,0.0,,12.6
04/06/2024,6,24,11.8,100,1.2,0.0,0.0,,11.8
04/06/2024,7,88,12.4,99,1.7,0.0,0.0,,12.2
04/06/2024,8,292,13.4,96,1.2,0.0,0.0,,12.8
04/06/2024,9,260,15.1,91,1.0,0.0,0.0,,13.6
04/06/2024,10,99,16.6,86,0.98,0.0,0.0,,14.2
04/06/2024,11,85,18.5,77,1.97,0.0,0.0,,14.4
04/06/2024,12,103,19.9,69,3.45,0.1,0.0,,14.1
04/06/2024,13,104,20.8,64,4.21,0.1,0.0,,13.8
04/06/2024,14,96,21.5,59,4.3,0.1,0.0,,13.2
04/06/2024,15,94,21.9,56,4.69,0.0,0.0,,12.7
04/06/2024,16,110,21.5,58,5.4,0.2,0.0,,12.9
04/06/2024,17,184,21.6,57,5.41,0.2,0.0,,12.8
04/06/2024,18,286,21.8,56,5.01,0.1,0.0,,12.5
04/06/2024,19,267,21.4,57,4.93,0.0,0.0,,12.6
04/06/2024,20,148,19.7,68,4.52,0.0,0.0,,13.6
04/06/2024,21,88,17.9,77,3.06,0.0,0.0,,13.8
04/06/2024,22,83,15.8,87,1.89,0.0,0.0,,13.6
04/06/2024,23,74,15.6,88,1.64,0.0,0.0,,13.7
04/07/2023,0,31,17.3,59,2.3,0.0,0.0,,9.2
04/07/2023,1,14,15.6,69,2.13,0.0,0.0,,9.9
04/07/2023,2,9,14.6,79,2.0,0.0,0.0,,10.9
04/07/2023,3,5,14.1,82,1.73,0.0,0.0,,11.0
04/07/2023,4,5,13.8,83,1.62,0.0,0.0,,11.0
04/07/2023,5,10,12.8,89,2.12,0.0,0.0,,10.9
04/07/2023,6,24,12.4,90,1.78,0.0,0.0,,10.9
04/07/2023,7,83,13.9,84,1.39,0.0,0.0,,11.2
04/07/2023,8,296,15.6,75,1.22,0.0,0.0,,11.1
04/07/2023,9,265,17.1,67,1.46,0.0,0.0,,10.9
04/07/2023,10,98,19.0,57,1.97,0.0,0.0,,10.4
04/07/2023,11,84,20.5,51,2.65,0.0,0.0,,10.0
04/07/2023,12,111,22.3,47,4.03,0.0,0.0,,10.5
04/07/2023,13,105,21.9,48,4.53,0.0,0.0,,10.4
04/07/2023,14,98,20.6,61,2.13,0.0,0.0,,12.9
04/07/2023,15,82,21.1,64,3.98,0.4,0.0,,14.0
04/07/2023,16,96,20.8,65,6.6,0.9,0.0,,14.0
04/07/2023,17,166,19.2,73,4.02,1.6,0.0,,14.2
04/07/2023,18,275,20.5,66,4.89,0.0,0.0,,13.9
04/07/2023,19,240,21.0,66,5.68,0.0,0.0,,14.4
04/07/2023,20,120,20.0,78,5.57,0.4,0.0,,16.0
04/07/2023,21,44,17.7,88,4.69,2.8,0.0,,15.7
04/07/2023,22,42,17.8,87,4.54,0.1,0.0,,15.6
04/07/2023,23,51,17.8,87,5.95,0.1,0.0,,15.6
04/07/2024,0,48,17.1,75,4.88,0.0,0.0,,12.7
04/07/2024,1,25,16.8,80,4.94,0.0,0.0,,13.4
04/07/2024,2,14,17.0,81,4.84,0.0,0.0,,13.7
04/07/2024,3,7,16.2,90,4.35,0.1,0.0,,14.6
04/07/2024,4,6,16.2,90,4.52,0.2,0.0,,14.6
04/07/2024,5,10,16.0,92,4.85,0.3,0.0,,14.7
04/07/2024,6,19,15.7,91,5.16,0.1,0.0,,14.2
04/07/2024,7,65,15.1,90,5.3,0.0,0.0,,13.6
04/07/2024,8,234,15.2,84,5.6,0.0,0.0,,12.6
04/07/2024,9,231,15.9,79,5.8,0.1,0.0,,12.4
04/07/2024,10,90,17.0,72,6.26,0.1,0.0,,11.9
04/07/2024,11,80,17.9,67,6.06,0.1,0.0,,11.6
04/07/2024,12,99,18.8,62,6.14,0.1,0.0,,11.2
04/07/2024,13,96,19.0,60,6.17,0.2,0.0,,11.1
04/07/2024,14,94,20.1,53,6.32,0.0,0.0,,10.1
04/07/2024,15,92,19.7,53,6.05,0.0,0.0,,9.8
04/07/2024,16,107,20.5,48,5.64,0.0,0.0,,9.2
04/07/2024,17,165,21.4,43,6.11,0.0,0.0,,8.3
04/07/2024,18,241,20.7,45,6.05,0.0,0.0,,8.3
04/07/2024,19,224,20.4,43,5.47,0.0,0.0,,7.5
04/07/2024,20,135,19.8,45,5.0,0.0,0.0,,7.6
04/07/2024,21,89,17.9,56,4.12,0.0,0.0,,9.1
04/07/2024,22,84,16.4,62,3.36,0.0,0.0,,9.1
04/07/2024,23,79,15.1,69,2.42,0.0,0.0,,9.4
04/08/2023,0,26,15.9,79,3.26,0.0,0.0,,12.4
04/08/2023,1,15,15.1,84,2.48,0.0,0.0,,12.4
04/08/2023,2,10,14.9,89,2.8,0.0,0.0,,13.1
04/08/2023,3,5,15.1,91,2.75,0.1,0.0,,13.6
04/08/2023,4,4,14.8,93,2.66,0.0,0.0,,13.6
04/08/2023,5,7,14.1,95,2.3,0.0,0.0,,13.3
04/08/2023,6,15,14.1,95,2.19,0.0,0.0,,13.3
04/08/2023,7,33,14.0,96,2.56,0.0,0.0,,13.4
04/08/2023,8,81,14.9,94,2.79,0.0,0.0,,13.9
04/08/2023,9,94,15.9,90,3.8,0.0,0.0,,14.3
04/08/2023,10,54,17.1,84,3.72,0.0,0.0,,14.4
04/08/2023,11,51,18.5,75,3.0,0.0,0.0,,13.9
04/08/2023,12,67,19.8,68,3.08,0.1,0.0,,13.8
04/08/2023,13,44,20.8,66,3.11,0.1,0.0,,14.1
04/08/2023,14,44,20.5,62,2.55,0.1,0.0,,13.1
04/08/2023,15,57,20.1,64,4.38,0.9,0.0,,13.1
04/08/2023,16,73,18.5,76,3.08,0.7,0.0,,14.1
04/08/2023,17,104,20.5,71,3.72,0.0,0.0,,15.0
04/08/2023,18,116,20.9,65,4.3,0.1,0.0,,14.1
04/08/2023,19,99,19.0,71,4.07,0.6,0.0,,13.6
04/08/2023,20,74,18.8,72,3.94,0.0,0.0,,13.6
04/08/2023,21,51,17.5,77,2.92,0.0,0.0,,13.5
04/08/2023,22,42,16.5,82,3.14,0.0,0.0,,13.4
04/08/2023,23,38,15.5,86,2.73,0.0,0.0,,13.2
04/08/2024,0,45,19.7,84,2.13,0.0,0.0,,17.0
04/08/2024,1,28,19.1,86,2.42,0.0,0.0,,16.8
04/08/2024,2,24,18.5,87,2.77,0.0,0.0,,16.3
04/08/2024,3,14,19.4,88,3.67,0.0,0.0,,17.3
04/08/2024,4,12,18.9,90,3.52,0.0,0.0,,17.3
04/08/2024,5,11,17.9,90,3.91,0.0,0.0,,16.3
04/08/2024,6,13,16.6,88,4.02,0.0,0.0,,14.7
04/08/2024,7,16,15.9,91,3.1,0.0,0.0,,14.3
04/08/2024,8,30,16.3,87,3.1,0.0,0.0,,14.1
04/08/2024,9,38,17.0,82,3.18,0.0,0.0,,13.9
04/08/2024,10,57,18.2,76,2.62,0.0,0.0,,14.0
04/08/2024,11,80,19.5,70,2.82,0.0,0.0,,13.9
04/08/2024,12,91,20.9,61,3.13,0.0,0.0,,13.1
04/08/2024,13,80,21.7,55,2.86,0.0,0.0,,12.4
04/08/2024,14,87,22.1,54,2.82,0.0,0.0,,12.4
04/08/2024,15,102,22.5,52,1.75,0.0,0.0,,12.2
04/08/2024,16,97,23.2,50,1.94,0.0,0.0,,12.2
04/08/2024,17,89,23.4,49,1.84,0.0,0.0,,12.1
04/08/2024,18,105,23.1,50,1.72,0.0,0.0,,12.2
04/08/2024,19,106,22.7,52,1.92,0.0,0.0,,12.2
04/08/2024,20,86,22.1,53,1.63,0.0,0.0,,12.2
04/08/2024,21,69,20.2,68,1.58,0.0,0.0,,14.1
04/08/2024,22,70,20.2,61,1.55,0.0,0.0,,12.4
04/08/2024,23,63,20.1,61,1.14,0.0,0.0,,12.4
04/09/2023,0,24,20.9,83,2.6,0.0,0.0,,17.9
04/09/2023,1,14,20.2,86,2.5,0.0,0.0,,17.8
04/09/2023,2,8,20.0,86,2.35,0.0,0.0,,17.7
04/09/2023,3,4,19.2,88,2.38,0.0,0.0,,17.2
04/09/2023,4,4,18.8,88,2.6,0.0,0.0,,16.7
04/09/2023,5,8,18.1,88,2.44,0.0,0.0,,16.1
04/09/2023,6,21,17.3,89,2.12,0.0,0.0,,15.6
04/09/2023,7,82,16.8,90,2.09,0.0,0.0,,15.1
04/09/2023,8,274,17.4,85,2.92,0.0,0.0,,14.8
04/09/2023,9,267,18.9,78,3.04,0.0,0.0,,14.9
04/09/2023,10,103,20.6,71,3.49,0.0,0.0,,15.1
04/09/2023,11,81,22.5,65,3.52,0.0,0.0,,15.8
04/09/2023,12,94,24.5,60,3.35,0.0,0.0,,16.4
04/09/2023,13,104,26.2,56,3.35,0.0,0.0,,16.9
04/09/2023,14,96,28.0,51,3.64,0.0,0.0,,17.0
04/09/2023,15,96,28.8,48,4.21,0.0,0.0,,16.6
04/09/2023,16,119,29.0,45,5.13,0.0,0.0,,15.9
04/09/2023,17,194,28.7,45,5.35,0.0,0.0,,15.6
04/09/2023,18,320,28.0,47,5.41,0.0,0.0,,15.6
04/09/2023,19,276,26.5,54,4.71,0.0,0.0,,16.5
04/09/2023,20,149,24.8,60,3.4,0.0,0.0,,16.4
04/09/2023,21,84,23.1,65,2.88,0.0,0.0,,16.1
04/09/2023,22,66,22.5,68,3.07,0.0,0.0,,16.2
04/09/2023,23,48,22.0,70,3.18,0.0,0.0,,16.1
04/09/2024,0,34,16.0,80,1.93,0.0,0.0,,12.5
04/09/2024,1,18,15.6,87,2.25,0.0,0.0,,13.4
04/09/2024,2,11,15.1,92,2.25,0.0,0.0,,13.8
04/09/2024,3,6,17.1,94,2.78,0.4,0.0,,16.2
04/09/2024,4,6,17.0,94,2.48,0.1,0.0,,16.1
04/09/2024,5,10,17.1,94,2.44,0.5,0.0,,16.1
04/09/2024,6,22,16.9,92,2.77,0.4,0.0,,15.6
04/09/2024,7,84,16.6,91,2.64,0.1,0.0,,15.2
04/09/2024,8,266,16.2,92,2.52,0.0,0.0,,14.9
04/09/2024,9,236,16.4,91,2.58,0.0,0.0,,14.8
04/09/2024,10,102,17.1,86,2.34,0.0,0.0,,14.7
04/09/2024,11,91,18.5,78,0.99,0.0,0.0,,14.4
04/09/2024,12,119,19.4,74,0.81,0.0,0.0,,14.6
04/09/2024,13,114,20.5,69,0.81,0.0,0.0,,14.5
04/09/2024,14,109,21.2,62,1.46,0.0,0.0,,13.8
04/09/2024,15,105,20.7,61,1.1,0.0,0.0,,13.0
04/09/2024,16,119,21.3,59,1.53,0.0,0.0,,12.9
04/09/2024,17,184,21.7,54,1.66,0.0,0.0,,12.1
04/09/2024,18,290,21.8,52,1.88,0.0,0.0,,11.4
04/09/2024,19,256,21.4,51,1.6,0.0,0.0,,10.8
04/09/2024,20,152,20.0,58,1.61,0.0,0.0,,11.6
04/09/2024,21,95,18.7,63,2.86,0.0,0.0,,11.6
04/09/2024,22,86,17.9,66,2.86,0.0,0.0,,11.6
04/09/2024,23,77,17.5,69,2.4,0.0,0.0,,11.7
04/10/2023,0,31,11.9,86,2.06,0.0,0.0,,9.6
04/10/2023,1,15,11.9,84,2.43,0.0,0.0,,9.4
04/10/2023,2,8,11.4,88,2.4,0.0,0.0,,9.6
04/10/2023,3,4,10.4,92,2.02,0.0,0.0,,9.1
04/10/2023,4,4,10.1,93,2.1,0.0,0.0,,9.1
04/10/2023,5,8,9.6,95,1.91,0.0,0.0,,8.9
04/10/2023,6,24,9.2,95,1.9,0.0,0.0,,8.6
04/10/2023,7,103,8.8,96,2.18,0.0,0.0,,8.2
04/10/2023,8,318,8.6,97,2.12,0.0,0.0,,8.1
04/10/2023,9,279,10.7,91,2.02,0.0,0.0,,9.4
04/10/2023,10,111,12.8,84,1.14,0.0,0.0,,10.1
04/10/2023,11,95,14.8,77,1.28,0.0,0.0,,10.8
04/10/2023,12,133,16.0,72,1.61,0.0,0.0,,10.9
04/10/2023,13,132,17.0,65,2.6,0.0,0.0,,10.4
04/10/2023,14,120,17.2,65,2.2,0.0,0.0,,10.6
04/10/2023,15,112,18.2,59,2.42,0.0,0.0,,10.1
04/10/2023,16,136,18.7,56,2.42,0.0,0.0,,9.6
04/10/2023,17,212,18.8,54,2.12,0.0,0.0,,9.3
04/10/2023,18,335,18.2,55,2.25,0.0,0.0,,9.1
04/10/2023,19,304,16.1,68,1.63,0.0,0.0,,10.3
04/10/2023,20,173,14.4,74,2.2,0.0,0.0,,9.9
04/10/2023,21,93,15.4,68,1.34,0.0,0.0,,9.6
04/10/2023,22,91,13.2,79,0.91,0.0,0.0,,9.6
04/10/2023,23,83,10.9,91,1.7,0.0,0.0,,9.4
04/10/2024,0,37,8.4,83,2.36,0.0,0.0,,5.7
04/10/2024,1,22,7.8,86,2.25,0.0,0.0,,5.6
04/10/2024,2,15,7.2,89,2.22,0.0,0.0,,5.6
04/10/2024,3,8,6.6,92,1.96,0.0,0.0,,5.3
04/10/2024,4,6,6.2,93,1.96,0.0,0.0,,5.1
04/10/2024,5,10,5.8,93,1.94,0.0,0.0,,4.8
04/10/2024,6,20,5.6,93,1.98,0.0,0.0,,4.6
04/10/2024,7,68,5.2,94,1.9,0.0,0.0,,4.2
04/10/2024,8,205,4.7,95,1.92,0.0,0.0,,3.9
04/10/2024,9,181,6.4,90,2.45,0.0,0.0,,4.9
04/10/2024,10,91,8.4,83,1.97,0.0,0.0,,5.6
04/10/2024,11,87,10.6,77,2.12,0.0,0.0,,6.6
04/10/2024,12,120,12.4,71,2.3,0.0,0.0,,7.2
04/10/2024,13,115,13.8,66,2.33,0.0,0.0,,7.6
04/10/2024,14,113,14.8,61,2.51,0.0,0.0,,7.4
04/10/2024,15,111,15.4,56,3.2,0.0,0.0,,6.7
04/10/2024,16,135,15.2,56,3.25,0.0,0.0,,6.7
04/10/2024,17,185,15.3,56,3.09,0.0,0.0,,6.7
04/10/2024,18,223,15.0,58,2.57,0.0,0.0,,6.8
04/10/2024,19,194,12.9,76,1.92,0.0,0.0,,8.8
04/10/2024,20,124,10.8,80,2.41,0.0,0.0,,7.6
04/10/2024,21,77,10.2,83,2.11,0.0,0.0,,7.5
04/10/2024,22,70,9.6,86,2.18,0.0,0.0,,7.3
04/10/2024,23,63,9.2,87,2.11,0.0,0.0,,7.2
04/11/2023,0,42,8.1,85,4.96,0.0,0.0,,5.7
04/11/2023,1,28,8.4,87,4.69,0.0,0.0,,6.3
04/11/2023,2,23,8.5,88,4.66,0.0,0.0,,6.7
04/11/2023,3,14,8.1,93,4.33,0.0,0.0,,7.0
04/11/2023,4,9,7.9,93,4.21,0.0,0.0,,6.9
04/11/2023,5,9,7.4,94,4.81,0.0,0.0,,6.6
04/11/2023,6,8,7.3,94,5.11,0.0,0.0,,6.5
04/11/2023,7,8,8.1,93,6.4,0.0,0.0,,6.9
04/11/2023,8,16,8.8,91,7.52,1.8,0.0,,7.4
04/11/2023,9,22,8.8,90,7.91,3.7,0.0,,7.2
04/11/2023,10,25,9.1,89,9.19,2.6,0.0,,7.3
04/11/2023,11,33,10.1,87,9.3,0.7,0.0,,7.9
04/11/2023,12,45,10.9,88,8.88,0.5,0.0,,9.0
04/11/2023,13,61,12.8,85,8.51,0.3,0.0,,10.2
04/11/2023,14,72,13.1,79,8.17,0.6,0.0,,9.6
04/11/2023,15,75,14.2,71,8.65,0.1,0.0,,8.9
04/11/2023,16,85,13.4,72,8.77,0.0,0.0,,8.4
04/11/2023,17,89,13.1,73,7.72,0.0,0.0,,8.5
04/11/2023,18,89,12.3,72,7.64,0.0,0.0,,7.4
04/11/2023,19,85,11.8,74,7.27,0.0,0.0,,7.2
04/11/2023,20,70,11.3,75,7.47,0.0,0.0,,6.9
04/11/2023,21,32,11.2,76,8.03,0.0,0.0,,7.2
04/11/2023,22,27,11.1,78,8.14,0.0,0.0,,7.4
04/11/2023,23,32,11.4,76,9.03,0.0,0.0,,7.2
04/11/2024,0,14,9.1,90,1.19,0.0,0.0,,7.6
04/11/2024,1,8,8.4,94,0.85,0.0,0.0,,7.4
04/11/2024,2,5,6.7,99,1.4,0.0,0.0,,6.6
04/11/2024,3,4,8.6,98,1.19,0.0,0.0,,8.2
04/11/2024,4,4,8.6,97,1.27,0.0,0.0,,8.1
04/11/2024,5,9,8.5,96,1.44,0.0,0.0,,7.9
04/11/2024,6,20,7.8,99,1.58,0.0,0.0,,7.6
04/11/2024,7,75,7.2,99,1.53,0.0,0.0,,7.1
04/11/2024,8,241,6.8,99,1.83,0.0,0.0,,6.8
04/11/2024,9,200,6.7,99,1.66,0.0,0.0,,6.5
04/11/2024,10,73,6.8,98,1.74,0.0,0.0,,6.5
04/11/2024,11,65,7.2,98,1.86,0.0,0.0,,6.8
04/11/2024,12,88,7.8,98,1.92,0.0,0.0,,7.5
04/11/2024,13,89,9.4,90,1.65,0.0,0.0,,7.9
04/11/2024,14,84,11.2,85,1.33,0.0,0.0,,8.8
04/11/2024,15,82,13.9,81,2.2,0.0,0.0,,10.6
04/11/2024,16,105,14.4,80,1.9,0.0,0.0,,11.1
04/11/2024,17,164,14.6,81,2.1,0.0,0.0,,11.2
04/11/2024,18,238,12.5,91,2.12,0.0,0.0,,11.1
04/11/2024,19,193,11.1,94,2.31,0.0,0.0,,10.1
04/11/2024,20,107,9.7,97,2.55,0.0,0.0,,9.3
04/11/2024,21,66,9.0,98,2.29,0.0,0.0,,8.8
04/11/2024,22,55,8.6,98,2.16,0.0,0.0,,8.3
04/11/2024,23,34,7.8,98,2.5,0.0,0.0,,7.6
04/12/2023,0,10,2.1,57,5.6,0.0,0.0,,-5.5
04/12/2023,1,6,2.5,53,5.16,0.0,0.0,,-6.1
04/12/2023,2,5,3.1,50,5.32,0.0,0.0,,-6.4
04/12/2023,3,3,3.2,51,4.79,0.0,0.0,,-5.9
04/12/2023,4,3,3.5,52,4.85,0.0,0.0,,-5.4
04/12/2023,5,5,4.1,51,5.07,0.0,0.0,,-5.2
04/12/2023,6,12,4.2,56,5.6,0.3,0.0,,-3.9
04/12/2023,7,45,3.8,65,6.17,0.4,0.0,,-2.1
04/12/2023,8,175,2.0,89,6.22,0.8,0.14,,0.4
04/12/2023,9,151,2.1,93,7.02,0.9,0.0,,1.0
04/12/2023,10,50,2.8,88,6.85,1.0,0.21,,0.9
04/12/2023,11,38,3.2,89,5.95,1.3,0.21,,1.5
04/12/2023,12,61,4.8,84,6.48,0.0,0.0,,2.3
04/12/2023,13,66,6.0,81,6.2,0.0,0.0,,3.0
04/12/2023,14,57,7.2,79,6.32,0.0,0.0,,3.7
04/12/2023,15,46,9.5,82,7.3,1.4,0.0,,6.6
04/12/2023,16,61,9.2,85,6.7,0.2,0.0,,6.8
04/12/2023,17,100,9.2,86,6.53,0.0,0.0,,7.0
04/12/2023,18,156,8.9,88,6.12,0.0,0.0,,7.0
04/12/2023,19,142,8.8,89,6.17,0.7,0.0,,7.0
04/12/2023,20,80,8.9,90,6.02,0.8,0.0,,7.2
04/12/2023,21,46,9.1,88,6.59,0.0,0.0,,7.2
04/12/2023,22,41,8.5,88,7.42,0.0,0.0,,6.6
04/12/2023,23,27,8.3,89,8.0,0.3,0.0,,6.6
04/12/2024,0,24,2.9,96,1.16,0.0,0.0,,2.3
04/12/2024,1,13,2.4,97,1.1,0.0,0.0,,2.0
04/12/2024,2,7,2.5,97,0.96,0.0,0.0,,2.0
04/12/2024,3,4,3.7,100,1.12,0.0,0.0,,3.6
04/12/2024,4,5,3.3,100,1.08,0.0,0.0,,3.2
04/12/2024,5,7,3.2,99,0.35,0.0,0.0,,3.1
04/12/2024,6,18,3.0,100,0.99,0.0,0.0,,3.0
04/12/2024,7,65,3.0,99,0.39,0.0,0.0,,2.9
04/12/2024,8,212,3.2,99,0.8,0.0,0.0,,3.0
04/12/2024,9,208,3.3,99,0.89,0.0,0.0,,3.2
04/12/2024,10,81,3.4,99,1.85,0.0,0.0,,3.2
04/12/2024,11,73,3.7,98,1.38,0.0,0.0,,3.4
04/12/2024,12,101,4.3,95,1.39,0.0,0.0,,3.7
04/12/2024,13,101,5.1,94,1.8,0.0,0.0,,4.2
04/12/2024,14,90,5.8,91,1.63,0.0,0.0,,4.4
04/12/2024,15,82,6.8,89,2.3,0.0,0.0,,5.0
04/12/2024,16,93,6.9,88,1.94,0.0,0.0,,5.0
04/12/2024,17,137,6.9,87,1.86,0.0,0.0,,5.0
04/12/2024,18,216,6.6,90,1.03,0.0,0.0,,5.2
04/12/2024,19,204,6.6,90,1.39,0.0,0.0,,5.1
04/12/2024,20,114,6.4,90,1.91,0.0,0.0,,4.9
04/12/2024,21,72,5.8,91,2.13,0.0,0.0,,4.6
04/12/2024,22,63,5.6,91,2.47,0.0,0.0,,4.2
04/12/2024,23,54,5.1,92,2.57,0.0,0.0,,3.8
05/01/2023,0,18,13.2,86,6.95,0.0,0.0,,10.9
05/01/2023,1,10,13.0,87,5.77,0.0,0.0,,10.9
05/01/2023,2,5,12.8,87,5.7,0.4,0.0,,10.6
05/01/2023,3,3,12.4,89,4.01,0.1,0.0,,10.6
05/01/2023,4,3,12.4,90,5.24,0.1,0.0,,10.8
05/01/2023,5,6,12.5,86,5.95,0.0,0.0,,10.1
05/01/2023,6,16,11.9,87,4.43,0.0,0.0,,9.8
05/01/2023,7,64,12.2,86,4.67,0.0,0.0,,9.9
05/01/2023,8,233,11.9,89,4.18,0.0,0.0,,10.1
05/01/2023,9,222,12.4,90,4.66,0.0,0.0,,10.7
05/01/2023,10,82,12.4,91,4.61,0.0,0.0,,10.9
05/01/2023,11,67,12.6,90,4.62,0.0,0.0,,10.9
05/01/2023,12,90,13.6,83,5.63,0.0,0.0,,10.9
05/01/2023,13,86,13.6,85,4.75,0.0,0.0,,11.2
05/01/2023,14,78,13.6,85,4.43,0.0,0.0,,11.1
05/01/2023,15,67,13.6,83,3.94,0.0,0.0,,10.8
05/01/2023,16,89,13.4,82,4.03,0.0,0.0,,10.4
05/01/2023,17,135,13.0,81,3.83,0.0,0.0,,9.9
05/01/2023,18,218,12.4,82,3.75,0.0,0.0,,9.4
05/01/2023,19,207,12.1,82,3.96,0.0,0.0,,9.0
05/01/2023,20,110,11.8,82,3.91,0.0,0.0,,8.8
05/01/2023,21,61,11.4,83,3.88,0.0,0.0,,8.7
05/01/2023,22,53,11.1,86,3.91,0.0,0.0,,8.9
05/01/2023,23,47,11.2,86,4.17,0.0,0.0,,8.9
05/01/2024,0,24,10.1,81,6.5,0.0,0.0,,6.9
05/01/2024,1,13,9.1,85,6.17,0.0,0.0,,6.7
05/01/2024,2,8,8.7,85,6.63,0.0,0.0,,6.3
05/01/2024,3,6,8.9,80,6.52,0.0,0.0,,5.7
05/01/2024,4,5,7.8,81,5.97,0.0,0.0,,4.7
05/01/2024,5,7,7.2,81,5.44,0.0,0.0,,4.2
05/01/2024,6,14,6.6,82,4.53,0.0,0.0,,3.8
05/01/2024,7,33,5.9,87,4.46,0.0,0.0,,4.0
05/01/2024,8,103,5.3,91,4.05,0.0,0.0,,4.0
05/01/2024,9,121,4.9,92,3.96,0.0,0.0,,3.8
05/01/2024,10,63,4.6,93,3.7,0.0,0.0,,3.5
05/01/2024,11,58,5.6,89,4.16,0.0,0.0,,4.0
05/01/2024,12,75,7.1,82,4.53,0.0,0.0,,4.2
05/01/2024,13,71,7.9,80,4.35,0.0,0.0,,4.8
05/01/2024,14,74,8.9,73,5.61,0.0,0.0,,4.4
05/01/2024,15,66,9.1,72,4.4,0.0,0.0,,4.3
05/01/2024,16,77,9.1,69,4.46,0.0,0.0,,3.6
05/01/2024,17,107,8.4,73,3.42,0.0,0.0,,3.8
05/01/2024,18,137,7.0,80,2.82,0.0,0.0,,3.8
05/01/2024,19,120,6.1,86,2.77,0.0,0.0,,3.8
05/01/2024,20,75,5.3,89,2.93,0.0,0.0,,3.7
05/01/2024,21,51,4.9,90,2.62,0.0,0.0,,3.4
05/01/2024,22,43,4.1,93,2.21,0.0,0.0,,3.0
05/01/2024,23,38,3.5,95,2.19,0.0,0.0,,2.8
05/02/2023,0,34,7.2,81,3.16,0.0,0.0,,4.2
05/02/2023,1,25,6.4,84,2.91,0.0,0.0,,4.0
05/02/2023,2,24,6.8,86,2.76,0.0,0.0,,4.7
05/02/2023,3,14,6.1,90,2.72,0.0,0.0,,4.6
05/02/2023,4,10,5.3,94,2.33,0.0,0.0,,4.4
05/02/2023,5,7,4.5,95,2.8,0.0,0.0,,3.8
05/02/2023,6,7,4.8,94,2.28,0.0,0.0,,3.8
05/02/2023,7,8,5.7,90,2.33,0.0,0.0,,4.2
05/02/2023,8,18,6.1,90,2.68,0.0,0.0,,4.6
05/02/2023,9,33,6.6,89,3.09,0.0,0.0,,4.9
05/02/2023,10,44,7.0,90,3.5,0.0,0.0,,5.4
05/02/2023,11,59,7.9,88,4.65,0.1,0.0,,6.1
05/02/2023,12,77,8.4,82,5.5,0.0,0.0,,5.5
05/02/2023,13,75,9.4,70,6.43,0.0,0.0,,4.2
05/02/2023,14,80,8.7,67,6.07,0.0,0.0,,2.8
05/02/2023,15,101,8.4,63,5.94,0.0,0.0,,1.8
05/02/2023,16,100,8.4,60,5.87,0.0,0.0,,0.9
05/02/2023,17,93,8.4,57,5.92,0.0,0.0,,0.4
05/02/2023,18,90,8.2,60,4.62,0.0,0.0,,0.9
05/02/2023,19,66,6.5,65,4.22,0.0,0.0,,0.4
05/02/2023,20,46,5.5,69,3.81,0.0,0.0,,0.3
05/02/2023,21,32,4.8,72,3.91,0.0,0.0,,0.2
05/02/2023,22,27,4.3,75,4.13,0.0,0.0,,0.3
05/02/2023,23,20,4.0,80,4.0,0.0,0.0,,0.8
05/02/2024,0,12,9.6,75,4.52,0.0,0.0,,5.4
05/02/2024,1,7,9.3,76,4.16,0.0,0.0,,5.2
05/02/2024,2,4,9.1,77,3.98,0.0,0.0,,5.3
05/02/2024,3,4,9.1,81,3.76,0.0,0.0,,6.1
05/02/2024,4,3,8.9,81,3.72,0.0,0.0,,5.8
05/02/2024,5,8,8.6,83,3.66,0.0,0.0,,5.8
05/02/2024,6,19,8.2,84,3.76,0.0,0.0,,5.7
05/02/2024,7,64,7.3,89,3.36,0.0,0.0,,5.6
05/02/2024,8,219,6.3,94,3.14,0.0,0.0,,5.3
05/02/2024,9,186,5.8,95,2.83,0.0,0.0,,5.1
05/02/2024,10,65,6.7,92,2.98,0.0,0.0,,5.4
05/02/2024,11,55,7.8,85,4.39,0.0,0.0,,5.4
05/02/2024,12,72,8.2,82,4.49,0.0,0.0,,5.3
05/02/2024,13,71,8.1,83,4.34,0.0,0.0,,5.3
05/02/2024,14,66,8.2,81,4.22,0.0,0.0,,5.2
05/02/2024,15,63,9.1,78,4.78,0.0,0.0,,5.4
05/02/2024,16,77,8.9,77,4.94,0.0,0.0,,5.1
05/02/2024,17,131,8.9,75,5.05,0.0,0.0,,4.7
05/02/2024,18,212,8.6,74,4.52,0.0,0.0,,4.2
05/02/2024,19,182,8.3,76,3.75,0.0,0.0,,4.2
05/02/2024,20,96,8.0,77,3.76,0.0,0.0,,4.2
05/02/2024,21,56,8.1,77,4.2,0.0,0.0,,4.4
05/02/2024,22,50,8.1,79,4.33,0.0,0.0,,4.6
05/02/2024,23,31,8.1,81,4.81,0.0,0.0,,5.1
05/03/2023,0,28,4.1,85,1.53,0.0,0.0,,1.8
05/03/2023,1,21,4.2,86,1.17,0.0,0.0,,2.0
05/03/2023,2,19,4.2,85,1.4,0.0,0.0,,1.9
05/03/2023,3,11,4.4,87,1.46,0.1,0.0,,2.5
05/03/2023,4,8,4.3,90,1.46,0.0,0.0,,2.8
05/03/2023,5,7,4.1,92,1.7,0.0,0.0,,2.8
05/03/2023,6,7,3.6,95,1.6,0.0,0.0,,2.9
05/03/2023,7,14,2.8,97,1.5,0.0,0.0,,2.4
05/03/2023,8,22,3.3,97,1.4,0.0,0.0,,2.8
05/03/2023,9,36,2.6,98,1.55,0.0,0.0,,2.3
05/03/2023,10,50,4.2,93,1.43,0.0,0.0,,3.1
05/03/2023,11,61,5.2,84,1.91,0.0,0.0,,2.8
05/03/2023,12,72,5.8,78,1.9,0.1,0.0,,2.2
05/03/2023,13,66,6.5,71,2.38,0.1,0.0,,1.7
05/03/2023,14,67,6.6,61,1.61,0.0,0.0,,-0.5
05/03/2023,15,72,6.9,56,1.33,0.0,0.0,,-1.2
05/03/2023,16,71,7.2,55,1.58,0.0,0.0,,-1.3
05/03/2023,17,72,6.8,58,1.5,0.0,0.0,,-0.9
05/03/2023,18,73,6.5,61,1.66,0.0,0.0,,-0.4
05/03/2023,19,60,5.8,70,1.86,0.0,0.0,,0.6
05/03/2023,20,44,5.1,77,1.49,0.0,0.0,,1.4
05/03/2023,21,30,4.7,85,0.99,0.0,0.0,,2.5
05/03/2023,22,25,4.4,87,0.85,0.0,0.0,,2.4
05/03/2023,23,18,4.2,83,1.25,0.0,0.0,,1.6
05/03/2024,0,16,6.8,83,3.5,0.5,0.0,,4.2
05/03/2024,1,8,6.7,85,3.65,0.2,0.0,,4.4
05/03/2024,2,5,6.8,84,4.26,0.0,0.0,,4.2
05/03/2024,3,4,6.2,88,4.0,0.2,0.0,,4.4
05/03/2024,4,3,6.3,90,3.92,0.0,0.0,,4.8
05/03/2024,5,7,6.1,92,3.49,0.0,0.0,,4.9
05/03/2024,6,19,5.8,94,3.0,0.0,0.0,,4.9
05/03/2024,7,70,6.0,94,3.32,0.2,0.0,,5.1
05/03/2024,8,242,6.0,92,3.42,0.0,0.0,,4.8
05/03/2024,9,204,6.2,91,3.72,0.0,0.0,,4.8
05/03/2024,10,73,6.6,89,4.17,0.0,0.0,,4.8
05/03/2024,11,60,6.8,86,4.6,0.0,0.0,,4.6
05/03/2024,12,83,7.7,76,5.2,0.0,0.0,,3.7
05/03/2024,13,77,8.6,69,5.11,0.2,0.0,,3.2
05/03/2024,14,72,9.4,65,4.92,0.1,0.0,,3.0
05/03/2024,15,69,9.1,72,4.07,0.2,0.0,,4.4
05/03/2024,16,85,8.7,73,4.55,1.2,0.0,,4.1
05/03/2024,17,144,9.2,68,3.62,0.0,0.0,,3.7
05/03/2024,18,201,9.2,67,2.38,0.1,0.0,,3.3
05/03/2024,19,193,7.2,78,3.6,1.1,0.0,,3.5
05/03/2024,20,111,5.7,89,1.3,2.4,0.0,,4.0
05/03/2024,21,55,5.0,93,1.33,0.1,0.0,,4.0
05/03/2024,22,48,5.2,91,2.55,0.0,0.0,,3.8
05/03/2024,23,44,4.5,93,2.1,1.0,0.0,,3.4
05/04/2023,0,27,2.7,84,2.27,0.0,0.0,,0.2
05/04/2023,1,11,1.8,88,2.48,0.0,0.0,,0.0
05/04/2023,2,9,1.5,89,2.26,0.0,0.0,,-0.2
05/04/2023,3,6,0.8,92,2.2,0.0,0.0,,-0.4
05/04/2023,4,4,1.2,88,1.58,0.0,0.0,,-0.5
05/04/2023,5,7,1.4,88,1.3,0.0,0.0,,-0.4
05/04/2023,6,18,-0.7,93,1.5,0.0,0.0,,-1.6
05/04/2023,7,77,-1.0,95,1.7,0.0,0.0,,-1.8
05/04/2023,8,253,-0.3,96,0.92,0.0,0.0,,-0.9
05/04/2023,9,232,2.2,88,1.22,0.0,0.0,,0.5
05/04/2023,10,92,5.1,77,1.2,0.0,0.0,,1.4
05/04/2023,11,76,7.7,68,0.78,0.0,0.0,,2.2
05/04/2023,12,106,9.4,59,0.82,0.0,0.0,,1.9
05/04/2023,13,108,10.6,56,0.3,0.0,0.0,,2.2
05/04/2023,14,98,11.8,43,0.51,0.0,0.0,,-0.3
05/04/2023,15,92,12.9,43,0.41,0.0,0.0,,0.7
05/04/2023,16,106,13.5,42,0.91,0.0,0.0,,0.8
05/04/2023,17,170,13.8,40,1.26,0.0,0.0,,0.6
05/04/2023,18,265,13.7,40,1.39,0.0,0.0,,0.3
05/04/2023,19,251,13.1,43,1.71,0.0,0.0,,0.7
05/04/2023,20,139,10.1,68,2.24,0.0,0.0,,4.6
05/04/2023,21,76,8.9,70,2.37,0.0,0.0,,3.7
05/04/2023,22,69,9.5,64,1.3,0.0,0.0,,3.0
05/04/2023,23,66,8.5,73,1.12,0.0,0.0,,4.0
05/04/2024,0,36,12.6,91,2.41,1.1,0.0,,11.1
05/04/2024,1,21,12.4,92,3.13,0.0,0.0,,11.2
05/04/2024,2,13,12.1,93,3.29,0.0,0.0,,11.1
05/04/2024,3,8,12.6,93,3.67,0.1,0.0,,11.6
05/04/2024,4,6,12.6,93,3.89,0.0,0.0,,11.4
05/04/2024,5,10,12.7,90,5.0,0.0,0.0,,11.1
05/04/2024,6,19,13.1,85,5.73,0.0,0.0,,10.6
05/04/2024,7,60,13.4,81,5.84,0.0,0.0,,10.1
05/04/2024,8,180,14.0,74,6.02,0.0,0.0,,9.4
05/04/2024,9,153,14.6,70,5.95,0.2,0.0,,9.2
05/04/2024,10,66,14.5,79,5.8,0.3,0.0,,10.9
05/04/2024,11,67,15.6,79,5.14,0.0,0.0,,12.0
05/04/2024,12,95,17.5,72,5.75,0.0,0.0,,12.2
05/04/2024,13,93,17.1,72,5.87,0.0,0.0,,12.1
05/04/2024,14,93,18.5,66,7.75,0.0,0.0,,12.1
05/04/2024,15,89,18.2,71,8.0,0.0,0.0,,12.8
05/04/2024,16,105,17.5,76,6.41,0.1,0.0,,13.2
05/04/2024,17,148,17.6,76,5.28,0.1,0.0,,13.3
05/04/2024,18,176,17.0,79,4.29,0.1,0.0,,13.2
05/04/2024,19,155,16.6,80,3.72,0.1,0.0,,13.1
05/04/2024,20,104,16.1,82,2.55,0.0,0.0,,13.1
05/04/2024,21,68,14.4,89,2.01,0.0,0.0,,12.6
05/04/2024,22,59,13.3,91,2.11,0.0,0.0,,11.8
05/04/2024,23,58,12.6,91,2.19,0.0,0.0,,11.1
05/05/2023,0,41,14.4,79,3.06,0.0,0.0,,10.8
05/05/2023,1,22,13.6,82,3.05,0.0,0.0,,10.6
05/05/2023,2,12,14.0,81,2.91,0.0,0.0,,10.8
05/05/2023,3,8,13.4,85,2.42,0.0,0.0,,10.9
05/05/2023,4,6,12.1,91,1.86,0.0,0.0,,10.6
05/05/2023,5,8,12.0,92,1.77,0.0,0.0,,10.8
05/05/2023,6,17,12.5,91,1.94,0.0,0.0,,11.0
05/05/2023,7,36,12.7,89,2.5,0.4,0.0,,10.9
05/05/2023,8,104,13.0,90,2.77,0.9,0.0,,11.4
05/05/2023,9,120,13.4,91,2.61,0.3,0.0,,12.0
05/05/2023,10,67,14.0,90,3.41,0.3,0.0,,12.4
05/05/2023,11,61,15.1,85,4.16,0.1,0.0,,12.6
05/05/2023,12,84,16.2,77,3.93,0.0,0.0,,12.2
05/05/2023,13,78,18.3,61,4.36,0.1,0.0,,10.6
05/05/2023,14,75,15.1,77,5.19,0.0,0.0,,11.1
05/05/2023,15,75,16.2,74,2.73,0.0,0.0,,11.6
05/05/2023,16,90,18.5,67,3.01,0.1,0.0,,12.4
05/05/2023,17,123,17.1,70,5.05,3.6,0.0,,11.7
05/05/2023,18,154,17.6,70,2.06,0.0,0.0,,12.1
05/05/2023,19,131,18.2,62,4.1,0.0,0.0,,10.9
05/05/2023,20,91,17.0,71,2.52,0.0,0.0,,11.7
05/05/2023,21,60,15.4,80,1.5,0.0,0.0,,12.0
05/05/2023,22,39,13.9,87,1.84,0.0,0.0,,11.8
05/05/2023,23,40,12.9,91,1.94,0.0,0.0,,11.5
05/05/2024,0,42,8.1,93,2.28,0.0,0.0,,7.0
05/05/2024,1,31,10.0,87,1.43,0.0,0.0,,7.9
05/05/2024,2,24,9.9,89,1.3,0.1,0.0,,8.2
05/05/2024,3,17,9.7,94,1.0,0.0,0.0,,8.8
05/05/2024,4,12,9.6,94,0.85,0.0,0.0,,8.6
05/05/2024,5,10,10.1,93,1.39,0.0,0.0,,9.1
05/05/2024,6,9,10.4,92,1.68,0.0,0.0,,9.2
05/05/2024,7,12,10.4,93,2.45,0.0,0.0,,9.3
05/05/2024,8,19,10.9,93,2.83,0.0,0.0,,9.8
05/05/2024,9,29,12.1,90,3.31,0.3,0.0,,10.4
05/05/2024,10,48,13.4,88,3.64,0.1,0.0,,11.4
05/05/2024,11,62,15.4,75,4.55,0.1,0.0,,11.0
05/05/2024,12,78,16.1,72,4.55,0.1,0.0,,11.2
05/05/2024,13,76,17.6,65,5.02,0.1,0.0,,11.0
05/05/2024,14,84,16.9,69,5.32,0.0,0.0,,11.1
05/05/2024,15,82,16.5,65,4.76,0.0,0.0,,10.1
05/05/2024,16,70,15.9,70,3.09,0.1,0.0,,10.4
05/05/2024,17,61,14.9,78,1.21,1.3,0.0,,11.1
05/05/2024,18,71,14.8,80,0.58,0.6,0.0,,11.4
05/05/2024,19,72,14.8,81,1.39,0.0,0.0,,11.6
05/05/2024,20,57,14.3,88,1.56,0.1,0.0,,12.3
05/05/2024,21,44,13.1,94,1.35,0.0,0.0,,12.1
05/05/2024,22,35,12.7,96,1.71,0.0,0.0,,12.0
05/05/2024,23,25,12.2,96,1.56,0.0,0.0,,11.7
05/06/2023,0,26,18.0,43,4.07,0.0,0.0,,5.3
05/06/2023,1,14,16.8,49,3.74,0.0,0.0,,5.8
05/06/2023,2,7,15.8,60,3.96,0.0,0.0,,8.1
05/06/2023,3,4,14.9,66,3.54,0.0,0.0,,8.4
05/06/2023,4,4,14.2,68,3.42,0.0,0.0,,8.4
05/06/2023,5,9,13.6,69,3.35,0.0,0.0,,8.1
05/06/2023,6,24,13.1,71,3.1,0.0,0.0,,7.8
05/06/2023,7,90,13.6,71,3.58,0.0,0.0,,8.5
05/06/2023,8,306,14.9,71,3.29,0.0,0.0,,9.6
05/06/2023,9,259,16.6,66,3.4,0.0,0.0,,10.3
05/06/2023,10,94,18.8,58,3.55,0.0,0.0,,10.2
05/06/2023,11,82,20.9,50,3.64,0.0,0.0,,10.1
05/06/2023,12,104,22.8,44,3.84,0.0,0.0,,9.9
05/06/2023,13,101,24.3,38,4.24,0.0,0.0,,9.1
05/06/2023,14,94,25.0,34,4.81,0.0,0.0,,8.0
05/06/2023,15,91,25.5,32,4.46,0.0,0.0,,7.7
05/06/2023,16,119,25.5,33,4.39,0.0,0.0,,8.1
05/06/2023,17,192,25.4,34,4.8,0.0,0.0,,8.5
05/06/2023,18,306,25.4,34,4.99,0.0,0.0,,8.5
05/06/2023,19,296,24.9,34,5.33,0.0,0.0,,8.0
05/06/2023,20,155,23.6,37,5.32,0.0,0.0,,8.2
05/06/2023,21,92,22.2,43,4.97,0.0,0.0,,8.9
05/06/2023,22,80,20.6,45,4.37,0.0,0.0,,8.4
05/06/2023,23,59,18.0,60,5.51,0.0,0.0,,10.2
05/06/2024,0,38,15.1,91,1.61,0.0,0.0,,13.8
05/06/2024,1,18,15.2,90,1.2,0.0,0.0,,13.6
05/06/2024,2,10,15.4,87,1.4,0.0,0.0,,13.2
05/06/2024,3,6,14.9,85,2.31,0.0,0.0,,12.4
05/06/2024,4,5,14.2,85,2.9,0.0,0.0,,11.6
05/06/2024,5,9,14.2,82,3.16,0.0,0.0,,11.1
05/06/2024,6,24,13.2,84,2.3,0.0,0.0,,10.6
05/06/2024,7,82,13.1,86,2.57,0.0,0.0,,10.8
05/06/2024,8,258,14.0,82,2.62,0.0,0.0,,11.0
05/06/2024,9,241,14.8,78,2.91,0.0,0.0,,11.1
05/06/2024,10,98,15.9,73,3.68,0.0,0.0,,11.2
05/06/2024,11,89,17.4,67,4.27,0.0,0.0,,11.1
05/06/2024,12,112,17.7,66,4.6,0.0,0.0,,11.2
05/06/2024,13,114,17.6,67,4.82,0.1,0.0,,11.4
05/06/2024,14,99,17.2,70,4.44,0.0,0.0,,11.6
05/06/2024,15,93,17.5,72,3.98,0.1,0.0,,12.4
05/06/2024,16,109,18.0,72,4.03,0.0,0.0,,12.8
05/06/2024,17,170,18.4,68,4.23,0.0,0.0,,12.4
05/06/2024,18,273,18.4,67,4.71,0.2,0.0,,12.2
05/06/2024,19,250,18.1,65,4.22,0.1,0.0,,11.5
05/06/2024,20,148,17.5,64,3.75,0.0,0.0,,10.6
05/06/2024,21,93,16.1,68,3.33,0.0,0.0,,10.1
05/06/2024,22,84,13.9,76,2.35,0.0,0.0,,9.8
05/06/2024,23,77,12.4,82,1.94,0.0,0.0,,9.5
05/07/2023,0,25,17.4,87,7.0,0.1,0.0,,15.2
05/07/2023,1,14,16.5,86,7.05,0.0,0.0,,14.2
05/07/2023,2,8,14.7,84,5.63,0.0,0.0,,12.1
05/07/2023,3,5,13.6,83,6.51,0.0,0.0,,10.8
05/07/2023,4,5,12.7,77,6.18,0.0,0.0,,8.8
05/07/2023,5,9,12.1,79,5.26,0.0,0.0,,8.4
05/07/2023,6,23,11.6,84,4.85,0.0,0.0,,9.1
05/07/2023,7,78,12.3,85,5.61,0.0,0.0,,9.8
05/07/2023,8,257,13.7,78,5.47,0.0,0.0,,9.9
05/07/2023,9,240,15.4,70,7.56,0.0,0.0,,9.9
05/07/2023,10,95,16.8,64,7.37,0.0,0.0,,9.9
05/07/2023,11,81,17.3,61,7.02,0.1,0.0,,9.6
05/07/2023,12,105,18.4,56,6.93,0.2,0.0,,9.5
05/07/2023,13,103,19.2,52,6.99,0.1,0.0,,9.1
05/07/2023,14,91,19.3,60,5.47,0.0,0.0,,11.3
05/07/2023,15,90,20.6,56,5.7,0.1,0.0,,11.4
05/07/2023,16,109,21.2,50,6.2,0.0,0.0,,10.4
05/07/2023,17,170,21.0,50,5.9,0.0,0.0,,10.2
05/07/2023,18,270,21.2,47,5.8,0.1,0.0,,9.6
05/07/2023,19,266,20.9,45,5.43,0.0,0.0,,8.6
05/07/2023,20,151,20.1,48,4.57,0.0,0.0,,8.6
05/07/2023,21,93,19.2,53,2.73,0.0,0.0,,9.2
05/07/2023,22,85,16.8,64,1.98,0.0,0.0,,10.0
05/07/2023,23,87,15.2,75,2.37,0.0,0.0,,10.7
05/07/2024,0,51,14.5,69,3.0,0.0,0.0,,8.8
05/07/2024,1,31,14.0,69,2.82,0.0,0.0,,8.3
05/07/2024,2,19,12.9,74,1.81,0.0,0.0,,8.5
05/07/2024,3,9,12.6,80,1.92,0.0,0.0,,9.1
05/07/2024,4,8,12.9,78,1.72,0.0,0.0,,9.2
05/07/2024,5,11,12.3,83,1.53,0.0,0.0,,9.4
05/07/2024,6,23,11.9,85,1.66,0.0,0.0,,9.4
05/07/2024,7,56,13.1,80,2.51,0.0,0.0,,9.6
05/07/2024,8,165,13.6,79,2.94,0.0,0.0,,10.1
05/07/2024,9,160,15.6,73,3.0,0.0,0.0,,10.7
05/07/2024,10,85,17.2,69,3.51,0.0,0.0,,11.4
05/07/2024,11,77,20.1,61,4.88,0.0,0.0,,12.4
05/07/2024,12,103,21.7,56,5.02,0.0,0.0,,12.6
05/07/2024,13,101,22.8,54,4.74,0.0,0.0,,12.9
05/07/2024,14,93,23.3,53,4.61,0.0,0.0,,13.1
05/07/2024,15,93,23.7,48,4.75,0.0,0.0,,12.1
05/07/2024,16,110,23.9,47,4.55,0.0,0.0,,11.9
05/07/2024,17,167,23.9,46,4.36,0.0,0.0,,11.6
05/07/2024,18,187,23.9,46,4.02,0.0,0.0,,11.4
05/07/2024,19,170,23.6,47,4.03,0.0,0.0,,11.7
05/07/2024,20,131,23.0,50,3.9,0.0,0.0,,12.0
05/07/2024,21,72,21.3,56,3.45,0.0,0.0,,12.3
05/07/2024,22,54,19.2,62,3.1,0.0,0.0,,11.7
05/07/2024,23,57,18.2,66,3.2,0.0,0.0,,11.8
05/08/2023,0,30,14.6,89,2.62,0.0,0.0,,12.9
05/08/2023,1,20,13.6,92,1.99,0.0,0.0,,12.3
05/08/2023,2,15,13.4,94,1.53,0.0,0.0,,12.4
05/08/2023,3,10,12.5,95,1.7,0.0,0.0,,11.8
05/08/2023,4,8,12.3,95,1.61,0.0,0.0,,11.6
05/08/2023,5,8,12.4,95,1.97,0.0,0.0,,11.6
05/08/2023,6,10,12.1,95,1.64,0.0,0.0,,11.2
05/08/2023,7,12,13.6,89,1.43,0.0,0.0,,11.8
05/08/2023,8,22,14.1,89,3.22,0.0,0.0,,12.3
05/08/2023,9,37,15.2,83,4.25,0.0,0.0,,12.3
05/08/2023,10,47,16.6,74,4.41,0.0,0.0,,11.9
05/08/2023,11,47,18.0,65,4.66,0.0,0.0,,11.4
05/08/2023,12,46,17.2,73,4.88,1.1,0.0,,12.4
05/08/2023,13,52,17.8,73,7.29,1.4,0.0,,12.9
05/08/2023,14,57,17.2,79,7.18,0.8,0.0,,13.6
05/08/2023,15,64,18.0,71,8.38,0.5,0.0,,12.8
05/08/2023,16,60,17.8,73,7.72,0.3,0.0,,12.9
05/08/2023,17,50,17.9,77,7.88,0.5,0.0,,13.8
05/08/2023,18,64,18.1,78,7.41,0.1,0.0,,14.2
05/08/2023,19,69,19.2,75,7.57,0.0,0.0,,14.7
05/08/2023,20,58,18.6,69,7.51,0.1,0.0,,12.9
05/08/2023,21,39,17.1,66,8.15,0.0,0.0,,10.8
05/08/2023,22,30,16.6,70,7.96,0.0,0.0,,11.2
05/08/2023,23,27,16.2,72,7.86,0.0,0.0,,11.1
05/08/2024,0,33,17.4,77,1.75,0.0,0.0,,13.2
05/08/2024,1,20,16.5,80,2.47,0.0,0.0,,13.1
05/08/2024,2,12,15.4,85,1.84,0.0,0.0,,12.9
05/08/2024,3,7,14.5,92,1.77,0.0,0.0,,13.1
05/08/2024,4,7,14.0,93,1.84,0.0,0.0,,12.9
05/08/2024,5,11,13.5,95,2.0,0.0,0.0,,12.6
05/08/2024,6,21,13.3,95,1.77,0.0,0.0,,12.5
05/08/2024,7,49,13.5,95,1.21,0.0,0.0,,12.7
05/08/2024,8,103,15.1,87,1.22,0.0,0.0,,13.0
05/08/2024,9,103,17.2,80,1.0,0.0,0.0,,13.8
05/08/2024,10,61,19.9,71,1.36,0.0,0.0,,14.4
05/08/2024,11,66,22.1,62,1.7,0.0,0.0,,14.4
05/08/2024,12,78,23.7,57,1.84,0.0,0.0,,14.6
05/08/2024,13,79,24.8,54,1.99,0.0,0.0,,14.9
05/08/2024,14,80,25.7,52,2.24,0.0,0.0,,15.0
05/08/2024,15,85,26.9,45,2.1,0.0,0.0,,13.8
05/08/2024,16,98,27.3,43,2.1,0.0,0.0,,13.7
05/08/2024,17,124,27.6,43,2.01,0.0,0.0,,13.8
05/08/2024,18,154,27.5,42,1.87,0.0,0.0,,13.6
05/08/2024,19,134,27.2,42,1.9,0.0,0.0,,13.4
05/08/2024,20,97,26.2,49,1.53,0.0,0.0,,14.7
05/08/2024,21,70,23.2,63,1.84,0.0,0.0,,15.8
05/08/2024,22,71,21.0,69,2.1,0.0,0.0,,15.1
05/08/2024,23,70,19.9,72,1.97,0.0,0.0,,14.7
05/09/2023,0,28,21.4,71,3.11,0.0,0.0,,15.9
05/09/2023,1,15,20.6,74,2.71,0.0,0.0,,15.8
05/09/2023,2,8,20.6,74,2.31,0.0,0.0,,15.7
05/09/2023,3,5,19.4,79,2.11,0.0,0.0,,15.6
05/09/2023,4,4,18.5,82,2.3,0.0,0.0,,15.4
05/09/2023,5,8,18.0,83,2.4,0.0,0.0,,15.1
05/09/2023,6,25,17.8,84,2.31,0.0,0.0,,14.9
05/09/2023,7,103,17.3,86,2.1,0.0,0.0,,14.9
05/09/2023,8,356,18.4,80,2.6,0.0,0.0,,14.9
05/09/2023,9,298,20.4,75,2.55,0.0,0.0,,15.8
05/09/2023,10,112,22.2,69,2.69,0.0,0.0,,16.3
05/09/2023,11,93,24.5,64,2.56,0.0,0.0,,17.1
05/09/2023,12,113,26.9,56,2.47,0.0,0.0,,17.4
05/09/2023,13,107,28.9,46,2.79,0.0,0.0,,16.2
05/09/2023,14,102,29.9,43,2.06,0.0,0.0,,16.1
05/09/2023,15,102,31.0,40,2.14,0.0,0.0,,15.9
05/09/2023,16,125,31.6,37,1.96,0.0,0.0,,15.1
05/09/2023,17,211,31.9,34,1.61,0.0,0.0,,14.2
05/09/2023,18,349,31.7,34,1.33,0.0,0.0,,13.8
05/09/2023,19,314,30.5,48,0.72,0.0,0.0,,18.2
05/09/2023,20,169,28.6,51,1.49,0.0,0.0,,17.5
05/09/2023,21,96,25.8,59,1.92,0.0,0.0,,17.2
05/09/2023,22,88,26.1,56,1.58,0.0,0.0,,16.8
05/09/2023,23,74,25.0,62,1.33,0.0,0.0,,17.1
05/09/2024,0,38,16.3,75,2.14,0.0,0.0,,11.9
05/09/2024,1,21,16.5,76,2.73,0.0,0.0,,12.2
05/09/2024,2,12,16.0,79,2.57,0.0,0.0,,12.5
05/09/2024,3,6,16.1,80,2.47,0.2,0.0,,12.6
05/09/2024,4,6,15.8,88,3.07,0.8,0.0,,13.7
05/09/2024,5,8,15.5,90,3.57,1.4,0.0,,13.9
05/09/2024,6,15,15.4,92,3.55,0.9,0.0,,14.2
05/09/2024,7,39,15.6,93,3.85,1.3,0.0,,14.4
05/09/2024,8,107,15.7,92,4.48,2.8,0.0,,14.4
05/09/2024,9,91,15.9,92,5.46,3.3,0.0,,14.5
05/09/2024,10,41,15.9,92,5.32,5.3,0.0,,14.6
05/09/2024,11,53,16.1,93,2.98,4.4,0.0,,15.1
05/09/2024,12,71,15.8,93,6.07,2.3,0.0,,14.7
05/09/2024,13,72,17.2,85,6.91,0.1,0.0,,14.7
05/09/2024,14,66,17.1,87,6.0,0.5,0.0,,15.1
05/09/2024,15,59,16.6,83,4.08,0.1,0.0,,13.8
05/09/2024,16,73,16.9,79,4.4,0.6,0.0,,13.1
05/09/2024,17,112,16.7,79,3.92,0.1,0.0,,12.9
05/09/2024,18,178,16.8,76,3.44,0.0,0.0,,12.4
05/09/2024,19,170,16.6,73,3.04,0.0,0.0,,11.8
05/09/2024,20,112,15.9,78,1.39,0.0,0.0,,12.1
05/09/2024,21,74,15.6,79,1.1,0.0,0.0,,12.0
05/09/2024,22,67,14.4,87,1.14,0.0,0.0,,12.3
05/09/2024,23,61,14.1,90,1.4,0.0,0.0,,12.5
05/10/2023,0,42,10.6,94,1.97,0.0,0.0,,9.6
05/10/2023,1,19,10.3,94,2.02,0.0,0.0,,9.4
05/10/2023,2,11,11.1,94,1.35,0.0,0.0,,10.1
05/10/2023,3,6,10.4,95,1.7,0.0,0.0,,9.6
05/10/2023,4,5,10.1,96,1.94,0.0,0.0,,9.4
05/10/2023,5,9,9.1,96,2.47,0.0,0.0,,8.4
05/10/2023,6,24,8.9,95,2.5,0.0,0.0,,8.2
05/10/2023,7,102,9.4,94,1.88,0.0,0.0,,8.4
05/10/2023,8,337,10.1,93,0.92,0.0,0.0,,9.1
05/10/2023,9,292,10.4,94,0.78,0.0,0.0,,9.4
05/10/2023,10,115,12.6,84,0.71,0.0,0.0,,10.0
05/10/2023,11,96,15.3,74,1.14,0.0,0.0,,10.7
05/10/2023,12,131,17.0,66,1.14,0.0,0.0,,10.6
05/10/2023,13,126,18.1,60,1.24,0.0,0.0,,10.3
05/10/2023,14,119,17.6,59,0.0,0.0,0.0,,9.4
05/10/2023,15,117,18.4,56,0.32,0.0,0.0,,9.6
05/10/2023,16,144,18.9,55,0.45,0.0,0.0,,9.6
05/10/2023,17,223,18.8,55,0.73,0.0,0.0,,9.6
05/10/2023,18,342,18.4,57,1.1,0.0,0.0,,9.6
05/10/2023,19,301,16.5,68,1.73,0.0,0.0,,10.7
05/10/2023,20,169,14.5,77,1.96,0.0,0.0,,10.4
05/10/2023,21,101,13.1,84,1.84,0.0,0.0,,10.4
05/10/2023,22,99,12.4,86,2.09,0.0,0.0,,10.2
05/10/2023,23,84,11.4,90,2.5,0.0,0.0,,9.8
05/10/2024,0,55,7.8,91,2.8,0.0,0.0,,6.3
05/10/2024,1,37,7.3,91,2.53,0.0,0.0,,6.0
05/10/2024,2,33,7.1,92,2.22,0.0,0.0,,5.8
05/10/2024,3,18,6.1,94,2.79,0.0,0.0,,5.2
05/10/2024,4,13,6.3,95,2.2,0.0,0.0,,5.6
05/10/2024,5,12,7.1,94,1.68,0.0,0.0,,6.2
05/10/2024,6,12,5.3,98,1.96,0.0,0.0,,5.0
05/10/2024,7,19,4.4,99,2.55,0.0,0.0,,4.3
05/10/2024,8,37,4.2,99,2.5,0.0,0.0,,4.2
05/10/2024,9,62,6.5,95,2.07,0.0,0.0,,5.8
05/10/2024,10,81,8.8,87,1.12,0.0,0.0,,6.8
05/10/2024,11,98,11.2,80,1.83,0.0,0.0,,7.9
05/10/2024,12,120,13.4,74,2.82,0.0,0.0,,8.9
05/10/2024,13,117,14.9,66,3.79,0.0,0.0,,8.6
05/10/2024,14,127,15.9,59,4.15,0.0,0.0,,7.8
05/10/2024,15,143,16.5,55,4.55,0.0,0.0,,7.3
05/10/2024,16,148,16.5,54,4.54,0.0,0.0,,7.1
05/10/2024,17,146,16.2,56,4.92,0.0,0.0,,7.3
05/10/2024,18,149,15.6,58,4.05,0.0,0.0,,7.2
05/10/2024,19,139,13.8,64,2.62,0.0,0.0,,7.2
05/10/2024,20,105,12.4,69,3.61,0.0,0.0,,6.8
05/10/2024,21,70,11.6,71,4.03,0.0,0.0,,6.6
05/10/2024,22,56,11.2,72,3.87,0.0,0.0,,6.4
05/10/2024,23,57,10.6,75,3.79,0.0,0.0,,6.3
05/11/2023,0,29,10.8,83,9.33,0.8,0.0,,8.0
05/11/2023,1,22,11.1,84,8.77,0.1,0.0,,8.4
05/11/2023,2,19,10.9,85,8.15,0.2,0.0,,8.5
05/11/2023,3,12,10.4,89,7.08,1.4,0.0,,8.6
05/11/2023,4,9,10.5,85,8.28,0.4,0.0,,8.0
05/11/2023,5,8,10.2,85,8.1,0.1,0.0,,7.8
05/11/2023,6,6,9.7,85,7.28,0.0,0.0,,7.3
05/11/2023,7,12,10.3,82,7.74,0.0,0.0,,7.4
05/11/2023,8,21,10.3,81,7.92,0.0,0.0,,7.2
05/11/2023,9,27,10.1,82,7.56,0.0,0.0,,7.2
05/11/2023,10,35,10.9,80,8.19,0.1,0.0,,7.7
05/11/2023,11,49,11.6,79,8.83,0.0,0.0,,8.1
05/11/2023,12,67,11.9,77,8.9,0.2,0.0,,8.0
05/11/2023,13,69,12.2,75,8.45,0.1,0.0,,7.9
05/11/2023,14,69,13.4,65,9.17,0.1,0.0,,7.0
05/11/2023,15,78,13.3,68,6.71,0.0,0.0,,7.4
05/11/2023,16,88,13.6,59,7.4,0.0,0.0,,5.7
05/11/2023,17,93,13.0,62,6.46,0.0,0.0,,5.8
05/11/2023,18,86,12.1,67,5.95,0.0,0.0,,6.1
05/11/2023,19,71,11.4,67,5.3,0.0,0.0,,5.6
05/11/2023,20,47,11.1,68,5.19,0.0,0.0,,5.4
05/11/2023,21,37,10.9,69,5.6,0.0,0.0,,5.5
05/11/2023,22,32,10.8,73,6.33,0.0,0.0,,6.1
05/11/2023,23,22,10.2,78,5.62,0.0,0.0,,6.6
05/11/2024,0,18,7.9,98,2.02,0.0,0.0,,7.7
05/11/2024,1,10,7.2,100,2.27,0.0,0.0,,7.1
05/11/2024,2,5,6.6,100,2.47,0.0,0.0,,6.6
05/11/2024,3,4,5.8,99,1.97,0.0,0.0,,5.8
05/11/2024,4,4,6.2,99,1.7,0.0,0.0,,6.1
05/11/2024,5,9,5.9,100,1.72,0.0,0.0,,5.9
05/11/2024,6,21,6.7,100,0.85,0.0,0.0,,6.6
05/11/2024,7,83,7.3,99,1.23,0.0,0.0,,7.2
05/11/2024,8,268,7.4,100,0.95,0.0,0.0,,7.3
05/11/2024,9,228,7.7,99,0.84,0.0,0.0,,7.6
05/11/2024,10,85,8.1,99,0.81,0.0,0.0,,8.0
05/11/2024,11,73,8.8,98,1.05,0.0,0.0,,8.6
05/11/2024,12,95,9.7,98,1.1,0.0,0.0,,9.4
05/11/2024,13,95,10.6,98,0.86,0.0,0.0,,10.2
05/11/2024,14,84,11.3,95,0.92,0.0,0.0,,10.4
05/11/2024,15,84,11.4,93,1.13,0.0,0.0,,10.3
05/11/2024,16,102,12.1,91,0.92,0.0,0.0,,10.6
05/11/2024,17,169,12.6,90,0.63,0.0,0.0,,10.9
05/11/2024,18,254,12.1,93,0.46,0.0,0.0,,11.1
05/11/2024,19,218,11.2,97,0.93,0.0,0.0,,10.8
05/11/2024,20,124,11.4,96,0.96,0.0,0.0,,10.9
05/11/2024,21,74,11.1,98,1.06,0.0,0.0,,10.8
05/11/2024,22,69,11.4,97,0.75,0.0,0.0,,11.0
05/11/2024,23,55,11.5,96,0.42,0.0,0.0,,10.9
05/12/2023,0,14,8.1,89,7.89,1.8,0.0,,6.4
05/12/2023,1,7,7.9,90,7.02,0.4,0.0,,6.4
05/12/2023,2,4,7.7,91,7.22,0.1,0.0,,6.2
05/12/2023,3,3,7.7,88,7.21,0.2,0.0,,5.8
05/12/2023,4,3,7.4,89,7.21,0.3,0.0,,5.7
05/12/2023,5,4,7.1,89,7.47,1.8,0.0,,5.3
05/12/2023,6,14,6.8,89,7.91,2.4,0.0,,5.1
05/12/2023,7,61,6.8,90,7.24,0.9,0.0,,5.2
05/12/2023,8,227,6.9,88,6.79,0.1,0.0,,5.1
05/12/2023,9,202,6.8,90,6.32,0.3,0.0,,5.3
05/12/2023,10,73,6.8,91,5.91,0.5,0.0,,5.5
05/12/2023,11,59,6.9,91,6.1,0.2,0.0,,5.7
05/12/2023,12,76,7.2,89,6.33,0.1,0.0,,5.6
05/12/2023,13,73,7.8,86,6.34,0.0,0.0,,5.5
05/12/2023,14,65,7.8,86,6.04,0.0,0.0,,5.6
05/12/2023,15,67,7.1,90,5.32,0.4,0.0,,5.6
05/12/2023,16,87,7.1,90,4.82,0.3,0.0,,5.5
05/12/2023,17,145,7.2,87,4.53,0.0,0.0,,5.1
05/12/2023,18,227,5.9,90,3.41,0.0,0.0,,4.4
05/12/2023,19,208,5.7,90,3.5,0.0,0.0,,4.2
05/12/2023,20,115,6.2,88,3.9,0.0,0.0,,4.3
05/12/2023,21,63,6.1,88,3.54,0.1,0.0,,4.3
05/12/2023,22,59,5.9,89,3.16,0.1,0.0,,4.3
05/12/2023,23,49,5.7,90,3.18,0.0,0.0,,4.2
05/12/2024,0,30,4.8,91,2.8,0.0,0.0,,3.5
05/12/2024,1,15,4.7,91,2.92,0.0,0.0,,3.3
05/12/2024,2,9,4.6,91,3.15,0.0,0.0,,3.2
05/12/2024,3,5,4.9,93,3.39,0.0,0.0,,3.9
05/12/2024,4,4,4.9,92,3.63,0.0,0.0,,3.8
05/12/2024,5,8,5.3,90,4.16,0.0,0.0,,3.8
05/12/2024,6,17,5.6,89,4.27,0.0,0.0,,3.9
05/12/2024,7,55,5.6,88,4.34,0.0,0.0,,3.7
05/12/2024,8,149,5.7,85,4.71,0.0,0.0,,3.3
05/12/2024,9,128,5.6,84,4.85,0.0,0.0,,3.0
05/12/2024,10,48,5.8,84,5.07,0.1,0.0,,3.2
05/12/2024,11,46,6.1,86,5.74,1.6,0.0,,4.0
05/12/2024,12,65,6.8,88,5.4,0.1,0.0,,4.9
05/12/2024,13,69,7.6,89,5.46,0.0,0.0,,5.8
05/12/2024,14,70,8.6,88,5.29,0.0,0.0,,6.7
05/12/2024,15,62,9.2,89,4.9,0.0,0.0,,7.6
05/12/2024,16,74,9.9,90,4.74,0.1,0.0,,8.4
05/12/2024,17,110,10.4,90,4.65,0.0,0.0,,8.9
05/12/2024,18,170,10.7,91,5.06,0.0,0.0,,9.3
05/12/2024,19,161,10.9,92,4.97,0.0,0.0,,9.6
05/12/2024,20,93,11.0,94,5.3,0.0,0.0,,10.0
05/12/2024,21,58,11.1,94,4.71,0.0,0.0,,10.1
05/12/2024,22,54,11.9,93,5.16,0.3,0.0,,10.9
05/12/2024,23,48,12.5,94,6.52,1.2,0.0,,11.6
06/01/2023,0,27,11.1,87,4.33,0.0,0.0,,9.0
06/01/2023,1,14,11.0,87,4.11,0.0,0.0,,9.0
06/01/2023,2,9,10.9,84,4.28,0.0,0.0,,8.3
06/01/2023,3,5,9.6,89,3.88,0.0,0.0,,7.9
06/01/2023,4,4,10.7,83,4.58,0.0,0.0,,7.9
06/01/2023,5,6,10.6,81,4.88,0.0,0.0,,7.6
06/01/2023,6,14,10.8,83,4.88,0.0,0.0,,8.1
06/01/2023,7,57,10.1,90,4.33,0.0,0.0,,8.5
06/01/2023,8,188,10.4,90,5.24,0.0,0.0,,8.8
06/01/2023,9,179,10.8,88,5.47,0.0,0.0,,8.9
06/01/2023,10,81,10.2,91,4.66,0.0,0.0,,8.8
06/01/2023,11,72,11.6,85,5.04,0.0,0.0,,9.1
06/01/2023,12,98,12.2,82,4.84,0.0,0.0,,9.3
06/01/2023,13,88,12.9,79,6.48,0.0,0.0,,9.3
06/01/2023,14,90,12.4,78,6.67,0.0,0.0,,8.6
06/01/2023,15,86,12.8,77,6.37,0.0,0.0,,8.9
06/01/2023,16,105,12.9,77,5.59,0.0,0.0,,8.9
06/01/2023,17,150,12.9,77,4.62,0.0,0.0,,8.9
06/01/2023,18,196,12.4,79,4.16,0.0,0.0,,8.9
06/01/2023,19,176,10.7,87,3.42,0.0,0.0,,8.6
06/01/2023,20,108,10.2,89,3.37,0.0,0.0,,8.5
06/01/2023,21,62,10.0,89,3.37,0.0,0.0,,8.2
06/01/2023,22,49,9.9,86,3.57,0.0,0.0,,7.7
06/01/2023,23,48,9.8,83,3.7,0.0,0.0,,7.1
06/01/2024,0,32,3.3,95,2.31,0.0,0.0,,2.7
06/01/2024,1,24,3.0,96,2.31,0.0,0.0,,2.5
06/01/2024,2,18,2.8,97,2.42,0.0,0.0,,2.3
06/01/2024,3,11,3.5,95,2.06,0.0,0.0,,2.8
06/01/2024,4,9,2.8,96,1.99,0.0,0.0,,2.2
06/01/2024,5,8,2.7,96,1.99,0.0,0.0,,2.1
06/01/2024,6,8,3.0,95,1.97,0.0,0.0,,2.4
06/01/2024,7,11,3.5,95,1.89,0.0,0.0,,2.8
06/01/2024,8,22,3.8,95,1.9,0.0,0.0,,3.1
06/01/2024,9,37,3.1,96,2.12,0.0,0.0,,2.5
06/01/2024,10,49,3.2,95,2.56,0.0,0.0,,2.5
06/01/2024,11,58,4.4,91,3.05,0.0,0.0,,3.1
06/01/2024,12,72,5.9,83,3.96,0.0,0.0,,3.2
06/01/2024,13,68,6.7,77,4.03,0.0,0.0,,3.0
06/01/2024,14,74,7.2,73,5.44,0.0,0.0,,2.7
06/01/2024,15,86,7.6,69,6.22,0.0,0.0,,2.3
06/01/2024,16,87,7.2,72,6.0,0.0,0.0,,2.5
06/01/2024,17,84,6.5,77,5.01,0.1,0.0,,2.8
06/01/2024,18,76,5.9,80,4.55,0.0,0.0,,2.8
06/01/2024,19,73,5.8,80,5.01,0.0,0.0,,2.6
06/01/2024,20,53,5.6,82,4.83,0.2,0.0,,2.7
06/01/2024,21,40,5.2,85,4.53,0.5,0.0,,2.9
06/01/2024,22,34,5.2,87,4.4,0.3,0.0,,3.2
06/01/2024,23,31,4.9,89,4.4,0.5,0.0,,3.2
06/02/2023,0,11,3.2,86,3.2,0.0,0.0,,1.1
06/02/2023,1,8,2.5,90,2.96,0.0,0.0,,1.0
06/02/2023,2,4,2.5,90,2.62,0.0,0.0,,1.0
06/02/2023,3,4,2.2,91,2.97,0.0,0.0,,0.9
06/02/2023,4,5,1.8,93,2.88,0.0,0.0,,0.8
06/02/2023,5,10,1.5,94,3.2,0.0,0.0,,0.6
06/02/2023,6,19,1.1,94,3.49,0.0,0.0,,0.3
06/02/2023,7,72,0.8,94,3.22,0.0,0.0,,-0.1
06/02/2023,8,254,0.3,94,2.88,0.0,0.0,,-0.5
06/02/2023,9,217,0.2,94,3.44,0.0,0.0,,-0.6
06/02/2023,10,73,0.6,94,3.42,0.0,0.0,,-0.3
06/02/2023,11,60,2.2,88,3.31,0.0,0.0,,0.3
06/02/2023,12,79,3.7,82,3.54,0.0,0.0,,0.8
06/02/2023,13,79,5.1,75,3.77,0.0,0.0,,0.9
06/02/2023,14,70,5.8,70,4.0,0.0,0.0,,0.6
06/02/2023,15,71,6.5,64,3.94,0.0,0.0,,0.2
06/02/2023,16,90,6.9,61,3.81,0.0,0.0,,-0.1
06/02/2023,17,147,6.9,62,3.81,0.0,0.0,,0.2
06/02/2023,18,232,6.2,68,3.67,0.0,0.0,,0.7
06/02/2023,19,216,4.3,75,3.09,0.0,0.0,,0.3
06/02/2023,20,108,3.4,79,3.52,0.0,0.0,,0.1
06/02/2023,21,59,2.8,81,3.7,0.0,0.0,,-0.1
06/02/2023,22,51,2.1,84,3.61,0.0,0.0,,-0.2
06/02/2023,23,31,1.4,88,3.11,0.0,0.0,,-0.4
06/02/2024,0,14,8.2,84,4.67,0.0,0.0,,5.6
06/02/2024,1,8,8.4,83,4.89,0.0,0.0,,5.8
06/02/2024,2,5,8.6,84,4.83,0.0,0.0,,6.1
06/02/2024,3,3,7.6,85,5.24,0.0,0.0,,5.2
06/02/2024,4,3,7.7,87,5.45,0.0,0.0,,5.6
06/02/2024,5,7,7.9,86,5.81,0.0,0.0,,5.7
06/02/2024,6,19,8.1,86,5.45,0.0,0.0,,5.8
06/02/2024,7,69,8.4,84,5.87,0.0,0.0,,5.8
06/02/2024,8,236,8.5,84,6.16,0.0,0.0,,5.9
06/02/2024,9,204,8.4,85,5.95,0.0,0.0,,6.0
06/02/2024,10,75,7.9,87,5.81,0.0,0.0,,5.9
06/02/2024,11,64,9.1,81,7.15,0.0,0.0,,6.0
06/02/2024,12,83,10.1,76,7.88,0.0,0.0,,6.2
06/02/2024,13,80,11.4,71,8.03,0.0,0.0,,6.3
06/02/2024,14,76,12.4,67,8.29,0.0,0.0,,6.6
06/02/2024,15,70,11.4,72,6.37,0.0,0.0,,6.6
06/02/2024,16,87,11.6,72,6.58,0.0,0.0,,6.8
06/02/2024,17,144,12.1,70,7.42,0.0,0.0,,6.8
06/02/2024,18,210,11.9,71,6.28,0.0,0.0,,6.8
06/02/2024,19,195,11.2,73,5.88,0.0,0.0,,6.6
06/02/2024,20,107,11.5,73,6.44,0.0,0.0,,6.8
06/02/2024,21,62,11.4,75,6.72,0.0,0.0,,7.1
06/02/2024,22,58,10.9,79,6.73,0.0,0.0,,7.3
06/02/2024,23,45,10.8,81,6.86,0.0,0.0,,7.6
06/03/2023,0,10,4.1,84,2.55,0.0,0.0,,1.6
06/03/2023,1,5,4.1,88,3.29,0.2,0.0,,2.2
06/03/2023,2,4,4.2,86,2.84,0.3,0.0,,2.1
06/03/2023,3,2,3.8,83,3.4,0.0,0.0,,1.2
06/03/2023,4,3,3.6,77,4.03,0.0,0.0,,-0.1
06/03/2023,5,6,3.0,80,3.55,0.0,0.0,,-0.2
06/03/2023,6,16,2.2,83,2.35,0.0,0.0,,-0.3
06/03/2023,7,71,1.3,88,2.24,0.0,0.0,,-0.5
06/03/2023,8,248,2.2,84,2.52,0.0,0.0,,-0.2
06/03/2023,9,204,2.5,84,2.67,0.0,0.0,,0.1
06/03/2023,10,70,3.0,83,2.91,0.1,0.0,,0.3
06/03/2023,11,61,3.6,82,4.5,0.0,0.0,,0.8
06/03/2023,12,73,4.9,73,4.66,0.0,0.0,,0.6
06/03/2023,13,75,6.4,62,4.85,0.0,0.0,,-0.3
06/03/2023,14,66,6.4,65,4.31,0.1,0.0,,0.3
06/03/2023,15,64,7.1,64,4.37,0.1,0.0,,0.6
06/03/2023,16,82,7.4,63,4.59,0.1,0.0,,0.9
06/03/2023,17,138,7.2,64,4.49,0.0,0.0,,0.9
06/03/2023,18,228,7.1,68,4.34,0.4,0.0,,1.6
06/03/2023,19,207,6.3,75,2.79,0.1,0.0,,2.2
06/03/2023,20,105,5.5,77,1.58,0.0,0.0,,1.7
06/03/2023,21,57,5.4,73,2.5,0.0,0.0,,0.9
06/03/2023,22,46,4.9,74,3.18,0.0,0.0,,0.6
06/03/2023,23,29,4.8,72,3.91,0.0,0.0,,0.1
06/03/2024,0,21,4.8,94,2.16,0.2,0.0,,3.9
06/03/2024,1,10,5.4,95,1.78,0.6,0.0,,4.6
06/03/2024,2,6,5.3,95,1.71,0.2,0.0,,4.6
06/03/2024,3,4,5.8,93,1.84,0.9,0.0,,4.8
06/03/2024,4,3,5.2,95,1.22,0.2,0.0,,4.6
06/03/2024,5,7,4.7,98,1.04,0.0,0.0,,4.4
06/03/2024,6,17,5.2,97,1.22,0.0,0.0,,4.8
06/03/2024,7,64,4.9,98,2.11,0.0,0.0,,4.6
06/03/2024,8,209,4.8,98,2.19,0.0,0.0,,4.4
06/03/2024,9,193,4.8,97,1.84,0.0,0.0,,4.4
06/03/2024,10,74,5.1,95,1.44,0.0,0.0,,4.4
06/03/2024,11,66,5.7,93,0.81,0.0,0.0,,4.7
06/03/2024,12,91,6.8,81,1.17,0.1,0.0,,3.9
06/03/2024,13,90,7.3,77,1.22,0.0,0.0,,3.5
06/03/2024,14,81,8.4,71,1.2,0.1,0.0,,3.3
06/03/2024,15,73,9.0,72,0.81,0.0,0.0,,4.2
06/03/2024,16,85,9.3,69,1.3,0.1,0.0,,3.9
06/03/2024,17,134,9.5,66,1.53,0.1,0.0,,3.4
06/03/2024,18,217,9.4,66,1.73,0.0,0.0,,3.2
06/03/2024,19,201,8.6,72,1.3,0.0,0.0,,3.8
06/03/2024,20,111,5.8,85,1.91,0.0,0.0,,3.5
06/03/2024,21,65,5.1,90,2.2,0.0,0.0,,3.6
06/03/2024,22,62,4.1,93,1.94,0.0,0.0,,3.1
06/03/2024,23,51,3.5,95,1.94,0.0,0.0,,2.7
06/04/2023,0,36,8.5,72,1.02,0.0,0.0,,3.7
06/04/2023,1,15,8.1,73,1.5,0.0,0.0,,3.7
06/04/2023,2,10,8.0,75,1.3,0.0,0.0,,3.9
06/04/2023,3,7,7.8,76,1.39,0.0,0.0,,3.8
06/04/2023,4,5,7.7,78,1.66,0.0,0.0,,4.1
06/04/2023,5,8,7.7,80,1.52,0.0,0.0,,4.4
06/04/2023,6,20,7.4,81,2.67,0.0,0.0,,4.4
06/04/2023,7,75,7.7,80,2.2,0.1,0.0,,4.4
06/04/2023,8,228,7.7,83,0.89,0.1,0.0,,5.0
06/04/2023,9,201,8.4,77,1.94,0.0,0.0,,4.6
06/04/2023,10,81,8.5,76,3.91,0.2,0.0,,4.5
06/04/2023,11,67,8.8,85,3.62,0.3,0.0,,6.3
06/04/2023,12,87,9.1,87,3.44,0.1,0.0,,6.9
06/04/2023,13,99,10.5,76,5.1,0.0,0.0,,6.4
06/04/2023,14,93,11.8,73,5.56,0.1,0.0,,7.2
06/04/2023,15,85,14.4,57,6.91,0.2,0.0,,5.9
06/04/2023,16,106,14.6,54,7.12,0.0,0.0,,5.6
06/04/2023,17,157,14.6,54,6.09,0.1,0.0,,5.5
06/04/2023,18,232,13.9,57,5.8,0.1,0.0,,5.4
06/04/2023,19,224,12.9,62,5.32,0.1,0.0,,5.8
06/04/2023,20,126,11.4,70,3.1,0.0,0.0,,6.2
06/04/2023,21,75,9.6,78,2.51,0.0,0.0,,6.0
06/04/2023,22,67,8.6,80,2.31,0.0,0.0,,5.3
06/04/2023,23,63,7.4,84,2.35,0.0,0.0,,4.8
06/04/2024,0,48,12.4,91,2.7,0.0,0.0,,10.9
06/04/2024,1,36,12.1,91,2.64,0.0,0.0,,10.7
06/04/2024,2,29,12.4,88,3.36,0.0,0.0,,10.4
06/04/2024,3,18,12.6,88,3.89,0.0,0.0,,10.6
06/04/2024,4,13,12.4,87,3.85,0.0,0.0,,10.4
06/04/2024,5,11,12.7,84,4.53,0.0,0.0,,10.1
06/04/2024,6,13,12.6,81,4.88,0.0,0.0,,9.3
06/04/2024,7,18,12.2,75,5.13,0.0,0.0,,7.9
06/04/2024,8,38,12.6,67,5.79,0.0,0.0,,6.7
06/04/2024,9,57,14.1,61,6.39,0.0,0.0,,6.7
06/04/2024,10,78,16.3,59,6.07,0.0,0.0,,8.4
06/04/2024,11,95,18.5,55,6.02,0.0,0.0,,9.3
06/04/2024,12,112,20.5,51,6.31,0.0,0.0,,10.2
06/04/2024,13,114,22.4,50,6.0,0.0,0.0,,11.4
06/04/2024,14,121,24.0,51,5.2,0.0,0.0,,13.1
06/04/2024,15,136,23.3,44,5.82,0.0,0.0,,10.2
06/04/2024,16,145,23.0,46,5.42,0.0,0.0,,10.9
06/04/2024,17,144,22.6,49,4.87,0.0,0.0,,11.4
06/04/2024,18,142,21.6,55,3.96,0.0,0.0,,12.2
06/04/2024,19,129,20.3,61,2.64,0.0,0.0,,12.6
06/04/2024,20,104,18.2,71,2.06,0.0,0.0,,12.8
06/04/2024,21,71,16.9,73,2.28,0.0,0.0,,12.0
06/04/2024,22,60,16.5,74,2.12,0.0,0.0,,11.9
06/04/2024,23,61,16.0,79,2.26,0.0,0.0,,12.3
06/05/2023,0,35,12.6,93,1.79,0.0,0.0,,11.4
06/05/2023,1,23,12.5,92,2.22,0.0,0.0,,11.3
06/05/2023,2,21,12.6,94,2.14,0.0,0.0,,11.6
06/05/2023,3,13,12.1,94,2.24,0.2,0.0,,11.1
06/05/2023,4,11,12.2,93,1.73,0.0,0.0,,11.2
06/05/2023,5,9,11.4,96,1.7,0.0,0.0,,10.8
06/05/2023,6,12,11.2,96,1.68,0.0,0.0,,10.6
06/05/2023,7,16,11.2,97,1.43,0.0,0.0,,10.7
06/05/2023,8,31,12.4,95,1.82,0.0,0.0,,11.6
06/05/2023,9,50,13.4,93,1.41,0.2,0.0,,12.4
06/05/2023,10,62,14.8,90,1.41,0.0,0.0,,13.1
06/05/2023,11,73,16.6,77,2.28,0.0,0.0,,12.5
06/05/2023,12,83,17.9,67,3.14,0.0,0.0,,11.8
06/05/2023,13,80,18.9,61,3.42,0.0,0.0,,11.1
06/05/2023,14,86,18.6,65,2.7,0.0,0.0,,11.8
06/05/2023,15,97,17.2,80,1.53,2.6,0.0,,13.8
06/05/2023,16,101,17.8,77,0.9,1.6,0.0,,13.8
06/05/2023,17,97,19.1,70,0.51,0.0,0.0,,13.6
06/05/2023,18,94,19.5,69,1.3,0.1,0.0,,13.7
06/05/2023,19,94,19.3,69,1.48,0.1,0.0,,13.4
06/05/2023,20,77,17.8,81,2.8,1.1,0.0,,14.4
06/05/2023,21,54,16.3,89,2.02,0.0,0.0,,14.4
06/05/2023,22,45,15.2,91,1.56,0.1,0.0,,13.8
06/05/2023,23,40,14.6,92,1.17,0.9,0.0,,13.4
06/05/2024,0,16,11.4,97,1.66,0.0,0.0,,10.9
06/05/2024,1,9,11.1,97,1.7,0.0,0.0,,10.6
06/05/2024,2,4,11.4,96,1.75,0.2,0.0,,10.9
06/05/2024,3,3,12.5,95,2.4,1.0,0.0,,11.8
06/05/2024,4,4,12.2,96,3.11,0.0,0.0,,11.7
06/05/2024,5,9,12.3,93,3.91,0.0,0.0,,11.2
06/05/2024,6,20,11.5,92,4.11,0.0,0.0,,10.3
06/05/2024,7,68,11.1,92,3.97,0.0,0.0,,9.9
06/05/2024,8,229,11.1,90,4.06,0.0,0.0,,9.6
06/05/2024,9,190,11.7,88,3.61,0.0,0.0,,9.7
06/05/2024,10,77,13.2,77,4.92,0.0,0.0,,9.2
06/05/2024,11,66,13.9,73,5.02,0.3,0.0,,9.1
06/05/2024,12,89,14.6,69,4.82,0.4,0.0,,8.9
06/05/2024,13,92,15.7,62,4.74,0.2,0.0,,8.4
06/05/2024,14,80,15.9,60,4.69,0.2,0.0,,8.2
06/05/2024,15,77,16.5,61,4.24,0.1,0.0,,9.1
06/05/2024,16,98,17.0,55,4.1,0.1,0.0,,7.8
06/05/2024,17,155,17.1,52,4.32,0.0,0.0,,7.2
06/05/2024,18,222,17.0,51,4.14,0.0,0.0,,6.8
06/05/2024,19,191,16.1,55,4.12,0.3,0.0,,7.1
06/05/2024,20,112,14.4,70,2.14,0.0,0.0,,9.1
06/05/2024,21,72,13.8,73,1.08,0.0,0.0,,8.9
06/05/2024,22,58,12.8,78,1.41,0.0,0.0,,9.1
06/05/2024,23,40,10.6,89,1.84,0.0,0.0,,8.9
06/06/2023,0,27,16.5,66,4.85,0.0,0.0,,10.1
06/06/2023,1,12,15.2,69,4.54,0.0,0.0,,9.4
06/06/2023,2,7,14.4,75,4.0,0.0,0.0,,9.9
06/06/2023,3,4,13.7,76,3.75,0.0,0.0,,9.6
06/06/2023,4,4,13.1,77,3.82,0.0,0.0,,9.2
06/06/2023,5,8,12.6,79,3.73,0.0,0.0,,9.1
06/06/2023,6,24,12.1,81,3.34,0.0,0.0,,9.0
06/06/2023,7,102,12.9,78,3.3,0.0,0.0,,9.2
06/06/2023,8,333,13.8,76,3.63,0.0,0.0,,9.6
06/06/2023,9,286,15.3,72,3.67,0.0,0.0,,10.3
06/06/2023,10,104,17.4,66,3.58,0.0,0.0,,11.0
06/06/2023,11,95,19.6,59,3.67,0.0,0.0,,11.4
06/06/2023,12,120,21.3,54,3.8,0.0,0.0,,11.5
06/06/2023,13,118,23.0,49,3.97,0.0,0.0,,11.8
06/06/2023,14,111,24.0,49,3.62,0.0,0.0,,12.8
06/06/2023,15,103,25.1,45,4.02,0.1,0.0,,12.5
06/06/2023,16,123,25.5,39,3.98,0.0,0.0,,10.4
06/06/2023,17,202,25.5,35,3.83,0.0,0.0,,9.1
06/06/2023,18,322,25.4,36,4.1,0.0,0.0,,9.1
06/06/2023,19,311,25.1,36,4.19,0.0,0.0,,8.9
06/06/2023,20,174,24.5,37,4.25,0.0,0.0,,8.8
06/06/2023,21,102,23.0,43,3.31,0.0,0.0,,9.6
06/06/2023,22,90,21.1,47,3.54,0.0,0.0,,9.2
06/06/2023,23,84,20.0,50,3.55,0.0,0.0,,9.4
06/06/2024,0,45,11.0,88,1.96,0.0,0.0,,9.1
06/06/2024,1,22,10.1,89,2.28,0.0,0.0,,8.4
06/06/2024,2,11,11.0,85,1.06,0.0,0.0,,8.6
06/06/2024,3,6,10.6,88,0.6,0.0,0.0,,8.7
06/06/2024,4,6,10.1,93,0.1,0.0,0.0,,8.9
06/06/2024,5,11,9.6,97,0.28,0.0,0.0,,9.1
06/06/2024,6,25,7.7,100,1.25,0.0,0.0,,7.7
06/06/2024,7,84,8.9,99,1.79,0.0,0.0,,8.8
06/06/2024,8,276,10.9,90,1.62,0.0,0.0,,9.4
06/06/2024,9,255,12.9,76,2.14,0.0,0.0,,8.9
06/06/2024,10,99,14.6,62,2.04,0.0,0.0,,7.4
06/06/2024,11,88,15.9,56,1.84,0.0,0.0,,7.3
06/06/2024,12,110,17.0,55,1.86,0.0,0.0,,7.9
06/06/2024,13,108,17.1,56,2.62,0.0,0.0,,8.4
06/06/2024,14,104,18.3,56,2.45,0.0,0.0,,9.4
06/06/2024,15,99,19.0,53,2.79,0.0,0.0,,9.1
06/06/2024,16,114,19.2,54,3.18,0.0,0.0,,9.6
06/06/2024,17,182,18.5,57,3.78,0.0,0.0,,9.6
06/06/2024,18,275,18.5,58,4.02,0.0,0.0,,10.0
06/06/2024,19,254,17.6,56,4.03,0.0,0.0,,8.8
06/06/2024,20,153,17.0,55,3.76,0.0,0.0,,8.0
06/06/2024,21,98,15.7,60,2.77,0.0,0.0,,8.0
06/06/2024,22,90,13.8,67,3.48,0.0,0.0,,7.7
06/06/2024,23,77,12.2,75,2.41,0.0,0.0,,7.9
06/07/2023,0,52,14.4,79,2.25,0.0,0.0,,10.8
06/07/2023,1,27,13.5,84,2.24,0.0,0.0,,10.9
06/07/2023,2,14,12.9,89,2.27,0.0,0.0,,11.2
06/07/2023,3,7,12.4,91,1.98,0.0,0.0,,11.0
06/07/2023,4,5,12.2,92,1.7,0.0,0.0,,11.1
06/07/2023,5,11,12.3,94,1.46,0.0,0.0,,11.3
06/07/2023,6,25,13.1,89,0.73,0.0,0.0,,11.4
06/07/2023,7,81,13.4,87,0.22,0.0,0.0,,11.4
06/07/2023,8,274,14.6,81,0.54,0.0,0.0,,11.5
06/07/2023,9,251,16.5,73,0.54,0.0,0.0,,11.6
06/07/2023,10,102,18.4,65,0.95,0.0,0.0,,11.8
06/07/2023,11,88,19.9,58,0.63,0.1,0.0,,11.4
06/07/2023,12,113,21.0,53,0.57,0.0,0.0,,11.1
06/07/2023,13,105,22.1,48,0.42,0.0,0.0,,10.6
06/07/2023,14,107,23.6,40,1.22,0.0,0.0,,9.1
06/07/2023,15,100,24.5,36,1.61,0.0,0.0,,8.4
06/07/2023,16,118,25.0,35,2.22,0.0,0.0,,8.4
06/07/2023,17,183,25.1,34,2.73,0.0,0.0,,8.0
06/07/2023,18,277,25.5,32,2.7,0.0,0.0,,7.7
06/07/2023,19,265,25.4,31,2.9,0.0,0.0,,7.2
06/07/2023,20,164,24.8,33,3.3,0.0,0.0,,7.6
06/07/2023,21,101,23.1,42,1.71,0.0,0.0,,9.5
06/07/2023,22,98,19.9,49,2.51,0.0,0.0,,8.8
06/07/2023,23,104,19.5,52,2.55,0.0,0.0,,9.3
06/07/2024,0,90,17.8,68,3.31,0.0,0.0,,11.8
06/07/2024,1,49,17.4,70,3.16,0.0,0.0,,11.8
06/07/2024,2,37,16.8,73,2.98,0.0,0.0,,11.9
06/07/2024,3,20,16.8,76,2.88,0.0,0.0,,12.5
06/07/2024,4,15,16.2,79,2.86,0.0,0.0,,12.5
06/07/2024,5,12,15.9,76,3.47,0.0,0.0,,11.7
06/07/2024,6,14,14.8,82,3.54,0.0,0.0,,11.8
06/07/2024,7,19,15.2,84,4.88,0.0,0.0,,12.6
06/07/2024,8,33,16.8,79,6.94,0.0,0.0,,13.1
06/07/2024,9,43,17.4,78,7.41,0.0,0.0,,13.6
06/07/2024,10,47,17.4,77,6.58,0.1,0.0,,13.4
06/07/2024,11,66,17.2,60,6.71,0.0,0.0,,9.3
06/07/2024,12,85,18.2,54,7.06,0.0,0.0,,8.7
06/07/2024,13,87,19.5,47,6.93,0.0,0.0,,8.0
06/07/2024,14,89,20.6,41,7.16,0.0,0.0,,7.0
06/07/2024,15,104,20.4,42,6.31,0.0,0.0,,6.9
06/07/2024,16,110,20.8,38,6.71,0.0,0.0,,6.1
06/07/2024,17,111,20.4,37,7.4,0.0,0.0,,5.3
06/07/2024,18,113,20.0,39,6.41,0.0,0.0,,5.4
06/07/2024,19,112,19.4,38,6.48,0.0,0.0,,4.9
06/07/2024,20,89,18.4,42,5.87,0.0,0.0,,5.2
06/07/2024,21,67,17.4,47,3.83,0.0,0.0,,5.9
06/07/2024,22,53,15.8,51,3.2,0.0,0.0,,5.8
06/07/2024,23,54,14.2,56,2.55,0.0,0.0,,5.7
06/08/2023,0,19,15.9,75,8.42,0.3,0.0,,11.5
06/08/2023,1,11,15.3,84,8.05,0.7,0.0,,12.7
06/08/2023,2,11,14.4,87,7.91,0.4,0.0,,12.2
06/08/2023,3,6,14.1,86,7.18,0.0,0.0,,11.7
06/08/2023,4,6,13.8,85,7.75,0.1,0.0,,11.4
06/08/2023,5,6,13.4,85,7.06,0.0,0.0,,10.9
06/08/2023,6,7,13.2,85,6.2,0.0,0.0,,10.7
06/08/2023,7,10,13.1,85,5.82,0.0,0.0,,10.6
06/08/2023,8,17,13.6,83,6.2,0.0,0.0,,10.7
06/08/2023,9,28,14.2,79,6.89,0.0,0.0,,10.6
06/08/2023,10,46,15.4,69,7.08,0.0,0.0,,9.8
06/08/2023,11,55,16.5,63,7.35,0.0,0.0,,9.3
06/08/2023,12,66,17.6,53,7.98,0.0,0.0,,8.1
06/08/2023,13,65,18.0,52,7.66,0.0,0.0,,8.1
06/08/2023,14,67,18.0,56,6.64,0.0,0.0,,9.1
06/08/2023,15,77,18.8,51,6.71,0.0,0.0,,8.4
06/08/2023,16,81,18.9,50,6.91,0.1,0.0,,8.1
06/08/2023,17,79,18.9,50,6.71,0.2,0.0,,8.4
06/08/2023,18,73,19.0,49,6.52,0.0,0.0,,8.1
06/08/2023,19,69,18.4,55,5.71,0.0,0.0,,9.1
06/08/2023,20,57,17.7,60,4.53,0.0,0.0,,9.8
06/08/2023,21,44,16.3,66,3.58,0.0,0.0,,10.0
06/08/2023,22,33,15.2,72,3.22,0.0,0.0,,10.1
06/08/2023,23,25,14.4,77,3.04,0.0,0.0,,10.4
06/08/2024,0,41,19.2,72,2.14,0.0,0.0,,14.1
06/08/2024,1,23,18.7,70,2.2,0.0,0.0,,13.1
06/08/2024,2,13,18.3,69,2.3,0.0,0.0,,12.4
06/08/2024,3,8,17.9,74,1.8,0.0,0.0,,13.3
06/08/2024,4,6,16.5,85,2.14,0.0,0.0,,13.9
06/08/2024,5,10,15.6,91,1.82,0.0,0.0,,14.1
06/08/2024,6,20,15.4,93,1.91,0.0,0.0,,14.3
06/08/2024,7,44,15.2,95,1.61,0.0,0.0,,14.5
06/08/2024,8,112,16.9,89,1.5,0.0,0.0,,15.1
06/08/2024,9,116,19.0,81,1.04,0.0,0.0,,15.7
06/08/2024,10,64,21.5,73,1.14,0.0,0.0,,16.4
06/08/2024,11,66,23.6,64,1.89,0.0,0.0,,16.3
06/08/2024,12,84,25.0,57,2.91,0.0,0.0,,15.9
06/08/2024,13,86,26.0,53,3.5,0.0,0.0,,15.6
06/08/2024,14,84,26.9,48,3.61,0.0,0.0,,14.9
06/08/2024,15,84,28.0,43,3.69,0.0,0.0,,14.1
06/08/2024,16,96,28.5,40,3.83,0.0,0.0,,13.6
06/08/2024,17,131,28.2,42,3.86,0.0,0.0,,14.1
06/08/2024,18,166,28.1,43,3.4,0.0,0.0,,14.5
06/08/2024,19,144,28.0,44,3.58,0.0,0.0,,14.6
06/08/2024,20,106,25.9,55,4.6,0.0,0.0,,16.2
06/08/2024,21,78,24.5,61,3.41,0.0,0.0,,16.4
06/08/2024,22,86,23.0,67,1.91,0.0,0.0,,16.5
06/08/2024,23,74,21.8,73,1.82,0.0,0.0,,16.8
06/09/2023,0,39,22.6,74,1.71,0.0,0.0,,17.8
06/09/2023,1,20,20.8,86,1.8,0.0,0.0,,18.3
06/09/2023,2,11,19.8,88,2.22,0.0,0.0,,17.8
06/09/2023,3,5,19.0,90,2.08,0.0,0.0,,17.3
06/09/2023,4,4,18.9,90,1.75,0.0,0.0,,17.2
06/09/2023,5,9,19.3,90,0.95,0.0,0.0,,17.6
06/09/2023,6,24,17.3,97,1.53,0.0,0.0,,16.8
06/09/2023,7,103,16.8,98,1.97,0.0,0.0,,16.5
06/09/2023,8,317,17.7,96,1.46,0.0,0.0,,17.1
06/09/2023,9,271,19.8,86,1.24,0.0,0.0,,17.4
06/09/2023,10,107,22.1,77,0.67,0.0,0.0,,18.0
06/09/2023,11,96,24.7,68,0.64,0.0,0.0,,18.5
06/09/2023,12,121,27.0,60,1.14,0.0,0.0,,18.5
06/09/2023,13,116,28.7,54,1.64,0.0,0.0,,18.5
06/09/2023,14,104,30.6,47,2.15,0.0,0.0,,18.1
06/09/2023,15,103,31.5,44,2.21,0.0,0.0,,17.8
06/09/2023,16,119,32.0,42,2.19,0.0,0.0,,17.5
06/09/2023,17,197,32.0,41,2.61,0.0,0.0,,17.2
06/09/2023,18,325,31.5,42,3.11,0.0,0.0,,17.1
06/09/2023,19,304,30.1,47,2.75,0.0,0.0,,17.7
06/09/2023,20,174,27.2,55,2.52,0.0,0.0,,17.5
06/09/2023,21,103,24.9,62,2.64,0.0,0.0,,17.0
06/09/2023,22,96,23.1,68,2.25,0.0,0.0,,16.9
06/09/2023,23,85,21.4,75,2.02,0.0,0.0,,16.7
06/09/2024,0,37,13.6,92,1.65,0.0,0.0,,12.4
06/09/2024,1,24,13.4,94,1.58,0.0,0.0,,12.4
06/09/2024,2,15,13.6,95,1.28,0.0,0.0,,12.8
06/09/2024,3,8,11.9,98,1.8,0.0,0.0,,11.6
06/09/2024,4,7,11.6,99,1.93,0.0,0.0,,11.4
06/09/2024,5,11,11.1,100,2.1,0.0,0.0,,11.1
06/09/2024,6,22,12.0,99,1.3,0.0,0.0,,11.9
06/09/2024,7,70,12.2,99,1.32,0.0,0.0,,12.1
06/09/2024,8,206,11.9,100,0.82,0.0,0.0,,11.9
06/09/2024,9,190,13.6,94,0.8,0.0,0.0,,12.6
06/09/2024,10,95,15.7,86,1.12,0.0,0.0,,13.4
06/09/2024,11,91,17.1,81,1.49,0.0,0.0,,13.9
06/09/2024,12,121,18.6,76,1.46,0.0,0.0,,14.2
06/09/2024,13,115,20.5,67,2.09,0.0,0.0,,14.0
06/09/2024,14,113,21.2,61,2.06,0.0,0.0,,13.4
06/09/2024,15,116,22.2,59,2.31,0.0,0.0,,13.9
06/09/2024,16,138,22.4,56,2.84,0.0,0.0,,13.3
06/09/2024,17,190,23.0,53,3.01,0.0,0.0,,12.9
06/09/2024,18,241,22.6,53,2.98,0.0,0.0,,12.6
06/09/2024,19,214,21.9,59,2.67,0.0,0.0,,13.5
06/09/2024,20,146,19.7,73,1.61,0.0,0.0,,14.6
06/09/2024,21,99,18.0,79,1.8,0.0,0.0,,14.2
06/09/2024,22,88,17.5,79,2.2,0.0,0.0,,13.9
06/09/2024,23,83,17.5,78,2.0,0.0,0.0,,13.5
06/10/2023,0,50,10.6,92,2.82,0.0,0.0,,9.4
06/10/2023,1,27,10.6,92,2.31,0.0,0.0,,9.4
06/10/2023,2,14,10.4,94,2.45,0.0,0.0,,9.4
06/10/2023,3,7,9.4,94,2.69,0.0,0.0,,8.6
06/10/2023,4,7,10.1,92,2.01,0.0,0.0,,8.9
06/10/2023,5,10,10.8,91,1.2,0.0,0.0,,9.4
06/10/2023,6,22,9.0,96,1.44,0.0,0.0,,8.4
06/10/2023,7,86,8.2,98,2.06,0.0,0.0,,7.9
06/10/2023,8,256,7.9,99,2.28,0.0,0.0,,7.7
06/10/2023,9,219,9.9,94,2.12,0.0,0.0,,8.9
06/10/2023,10,110,12.2,85,1.33,0.0,0.0,,9.9
06/10/2023,11,99,15.0,77,1.12,0.0,0.0,,11.1
06/10/2023,12,138,17.5,68,1.33,0.0,0.0,,11.4
06/10/2023,13,129,19.0,60,1.58,0.0,0.0,,11.0
06/10/2023,14,128,19.8,53,1.75,0.0,0.0,,9.9
06/10/2023,15,127,20.8,49,1.57,0.0,0.0,,9.6
06/10/2023,16,150,21.2,46,1.42,0.0,0.0,,9.2
06/10/2023,17,212,21.4,45,1.52,0.0,0.0,,8.9
06/10/2023,18,270,20.8,51,1.02,0.0,0.0,,10.4
06/10/2023,19,239,20.1,48,1.4,0.0,0.0,,8.8
06/10/2023,20,160,17.0,59,1.77,0.0,0.0,,9.1
06/10/2023,21,89,13.8,74,1.98,0.0,0.0,,9.2
06/10/2023,22,75,12.0,84,2.42,0.0,0.0,,9.4
06/10/2023,23,88,11.4,85,2.79,0.0,0.0,,9.0
06/10/2024,0,47,10.1,77,3.59,0.0,0.0,,6.3
06/10/2024,1,36,9.4,81,3.31,0.0,0.0,,6.3
06/10/2024,2,33,9.4,81,3.41,0.0,0.0,,6.3
06/10/2024,3,20,10.4,79,4.0,0.0,0.0,,6.8
06/10/2024,4,14,10.2,79,3.33,0.0,0.0,,6.8
06/10/2024,5,11,9.9,81,4.12,0.0,0.0,,6.8
06/10/2024,6,9,10.1,79,3.79,0.0,0.0,,6.7
06/10/2024,7,10,10.1,79,3.78,0.0,0.0,,6.7
06/10/2024,8,23,10.4,79,3.16,0.0,0.0,,6.9
06/10/2024,9,33,10.6,82,3.47,1.6,0.0,,7.6
06/10/2024,10,41,11.1,89,3.76,0.9,0.0,,9.4
06/10/2024,11,48,11.3,91,3.89,0.4,0.0,,9.9
06/10/2024,12,64,12.2,86,4.55,0.1,0.0,,10.1
06/10/2024,13,61,13.1,86,4.61,0.0,0.0,,10.7
06/10/2024,14,52,13.5,87,3.8,0.0,0.0,,11.4
06/10/2024,15,64,14.9,88,4.92,0.0,0.0,,12.9
06/10/2024,16,66,15.5,88,4.8,0.0,0.0,,13.6
06/10/2024,17,78,16.5,89,3.97,0.0,0.0,,14.6
06/10/2024,18,82,16.4,92,3.85,1.2,0.0,,15.1
06/10/2024,19,72,16.1,94,3.29,0.2,0.0,,15.2
06/10/2024,20,56,16.3,94,4.0,0.0,0.0,,15.3
06/10/2024,21,43,16.2,91,4.79,0.0,0.0,,14.7
06/10/2024,22,38,16.3,91,5.17,0.0,0.0,,14.8
06/10/2024,23,27,16.8,90,5.39,0.0,0.0,,15.1
06/11/2023,0,12,9.9,81,5.75,0.0,0.0,,6.8
06/11/2023,1,8,9.4,82,5.33,0.0,0.0,,6.6
06/11/2023,2,5,9.0,83,5.3,0.0,0.0,,6.3
06/11/2023,3,3,8.8,83,5.23,0.0,0.0,,6.1
06/11/2023,4,3,8.2,86,4.92,0.0,0.0,,6.0
06/11/2023,5,7,7.8,89,5.15,0.0,0.0,,6.1
06/11/2023,6,18,7.7,91,5.05,0.0,0.0,,6.2
06/11/2023,7,84,7.9,91,5.59,0.0,0.0,,6.6
06/11/2023,8,288,8.2,90,4.96,0.0,0.0,,6.6
06/11/2023,9,235,8.1,90,4.47,0.0,0.0,,6.6
06/11/2023,10,83,9.1,87,5.41,0.0,0.0,,7.1
06/11/2023,11,67,10.3,80,7.28,0.0,0.0,,7.1
06/11/2023,12,86,11.4,72,7.43,0.0,0.0,,6.7
06/11/2023,13,92,12.4,66,7.84,0.0,0.0,,6.2
06/11/2023,14,79,13.1,60,7.91,0.1,0.0,,5.6
06/11/2023,15,79,12.5,69,6.98,0.1,0.0,,7.1
06/11/2023,16,103,12.4,70,6.09,0.0,0.0,,7.2
06/11/2023,17,159,12.3,68,5.52,0.0,0.0,,6.6
06/11/2023,18,267,11.2,71,4.05,0.0,0.0,,6.2
06/11/2023,19,223,10.6,74,4.36,0.0,0.0,,6.2
06/11/2023,20,115,10.2,76,4.61,0.0,0.0,,6.1
06/11/2023,21,64,9.1,82,4.24,0.0,0.0,,6.2
06/11/2023,22,53,9.3,86,4.14,0.8,0.0,,7.0
06/11/2023,23,33,9.3,88,4.12,0.0,0.0,,7.3
06/11/2024,0,30,11.5,96,1.28,0.0,0.0,,10.9
06/11/2024,1,14,11.5,96,1.26,0.0,0.0,,10.9
06/11/2024,2,8,11.6,96,1.28,0.0,0.0,,10.9
06/11/2024,3,5,10.7,95,1.55,0.0,0.0,,9.9
06/11/2024,4,5,10.4,96,1.66,0.0,0.0,,9.8
06/11/2024,5,9,10.1,97,1.75,0.0,0.0,,9.6
06/11/2024,6,21,9.8,97,1.53,0.0,0.0,,9.3
06/11/2024,7,80,9.0,98,1.54,0.0,0.0,,8.6
06/11/2024,8,234,7.4,100,2.08,0.0,0.0,,7.4
06/11/2024,9,213,7.7,100,1.91,0.0,0.0,,7.7
06/11/2024,10,88,9.5,95,1.43,0.0,0.0,,8.8
06/11/2024,11,78,10.8,86,2.24,0.0,0.0,,8.5
06/11/2024,12,106,11.2,84,2.58,0.0,0.0,,8.6
06/11/2024,13,104,11.7,83,2.56,0.0,0.0,,8.9
06/11/2024,14,100,12.1,82,2.5,0.0,0.0,,9.1
06/11/2024,15,91,11.1,84,2.59,0.0,0.0,,8.4
06/11/2024,16,101,11.6,82,2.86,0.0,0.0,,8.6
06/11/2024,17,153,11.6,82,2.94,0.0,0.0,,8.7
06/11/2024,18,235,11.2,83,2.62,0.0,0.0,,8.5
06/11/2024,19,214,10.8,87,2.1,0.0,0.0,,8.6
06/11/2024,20,124,10.5,88,2.08,0.0,0.0,,8.6
06/11/2024,21,72,10.4,89,1.88,0.0,0.0,,8.6
06/11/2024,22,68,10.3,89,1.86,0.0,0.0,,8.6
06/11/2024,23,66,10.1,90,1.71,0.0,0.0,,8.6
06/12/2023,0,26,5.7,91,3.65,0.1,0.0,,4.3
06/12/2023,1,10,5.7,92,3.54,0.0,0.0,,4.5
06/12/2023,2,7,5.4,94,3.16,0.0,0.0,,4.5
06/12/2023,3,3,5.8,93,2.92,0.0,0.0,,4.8
06/12/2023,4,3,5.3,94,2.97,0.0,0.0,,4.5
06/12/2023,5,7,4.0,96,2.52,0.0,0.0,,3.4
06/12/2023,6,16,3.2,97,2.16,0.0,0.0,,2.7
06/12/2023,7,71,3.2,97,1.7,0.0,0.0,,2.8
06/12/2023,8,238,3.5,97,1.57,0.0,0.0,,3.0
06/12/2023,9,233,2.8,98,1.75,0.0,0.0,,2.5
06/12/2023,10,89,2.7,98,1.75,0.0,0.0,,2.4
06/12/2023,11,75,4.0,96,2.22,0.0,0.0,,3.4
06/12/2023,12,107,5.3,93,1.3,0.0,0.0,,4.2
06/12/2023,13,106,6.4,88,1.2,0.0,0.0,,4.7
06/12/2023,14,94,7.3,79,1.17,0.0,0.0,,4.0
06/12/2023,15,89,7.7,76,1.2,0.0,0.0,,3.6
06/12/2023,16,100,7.7,73,0.81,0.0,0.0,,3.2
06/12/2023,17,155,7.3,74,0.22,0.0,0.0,,3.0
06/12/2023,18,243,5.0,88,1.63,0.0,0.0,,3.2
06/12/2023,19,224,4.0,92,1.98,0.0,0.0,,2.7
06/12/2023,20,123,3.2,93,2.2,0.0,0.0,,2.2
06/12/2023,21,67,3.5,93,2.14,0.0,0.0,,2.4
06/12/2023,22,67,2.7,94,2.09,0.0,0.0,,1.9
06/12/2023,23,61,3.0,94,1.7,0.0,0.0,,2.2
06/12/2024,0,24,12.9,94,7.03,1.2,0.0,,11.9
06/12/2024,1,18,13.4,88,8.21,0.1,0.0,,11.6
06/12/2024,2,11,12.4,87,7.57,0.7,0.0,,10.4
06/12/2024,3,6,11.1,79,6.8,0.0,0.0,,7.7
06/12/2024,4,6,10.1,75,5.46,0.0,0.0,,6.0
06/12/2024,5,8,9.5,75,5.25,0.0,0.0,,5.3
06/12/2024,6,18,9.2,76,5.15,0.0,0.0,,5.2
06/12/2024,7,56,8.9,77,4.64,0.0,0.0,,5.1
06/12/2024,8,165,8.4,78,4.27,0.0,0.0,,4.8
06/12/2024,9,158,8.1,79,4.24,0.0,0.0,,4.7
06/12/2024,10,79,7.8,80,4.2,0.0,0.0,,4.7
06/12/2024,11,74,8.4,78,4.11,0.0,0.0,,4.8
06/12/2024,12,104,9.1,74,3.71,0.0,0.0,,4.8
06/12/2024,13,94,9.8,68,4.44,0.0,0.0,,4.2
06/12/2024,14,93,10.1,66,4.02,0.0,0.0,,4.0
06/12/2024,15,87,10.2,65,3.29,0.0,0.0,,4.0
06/12/2024,16,107,10.1,67,2.85,0.0,0.0,,4.2
06/12/2024,17,142,9.5,71,2.04,0.0,0.0,,4.6
06/12/2024,18,175,8.1,78,1.63,0.0,0.0,,4.6
06/12/2024,19,156,7.6,81,2.3,0.0,0.0,,4.5
06/12/2024,20,101,7.3,82,2.5,0.0,0.0,,4.4
06/12/2024,21,65,7.2,82,2.6,0.0,0.0,,4.3
06/12/2024,22,54,6.9,82,3.45,0.0,0.0,,4.1
06/12/2024,23,51,7.2,83,3.81,0.0,0.0,,4.4
07/01/2023,0,42,9.6,82,3.83,0.0,0.0,,6.8
07/01/2023,1,31,9.2,84,4.15,0.0,0.0,,6.7
07/01/2023,2,23,9.4,84,4.61,0.0,0.0,,6.8
07/01/2023,3,14,8.6,89,4.24,0.0,0.0,,6.8
07/01/2023,4,10,8.2,91,3.6,0.0,0.0,,6.8
07/01/2023,5,8,7.9,92,3.83,0.0,0.0,,6.8
07/01/2023,6,8,7.7,93,3.92,0.0,0.0,,6.7
07/01/2023,7,13,7.2,93,4.26,0.0,0.0,,6.2
07/01/2023,8,30,6.8,93,4.49,0.0,0.0,,5.7
07/01/2023,9,53,6.3,93,4.68,0.0,0.0,,5.3
07/01/2023,10,68,6.1,93,5.12,0.0,0.0,,4.9
07/01/2023,11,80,7.1,86,5.8,0.0,0.0,,4.8
07/01/2023,12,99,7.9,83,5.07,0.0,0.0,,5.2
07/01/2023,13,92,8.9,79,5.52,0.0,0.0,,5.4
07/01/2023,14,91,10.2,74,5.84,0.0,0.0,,5.8
07/01/2023,15,102,10.9,72,6.5,0.0,0.0,,6.0
07/01/2023,16,93,10.9,75,7.23,0.8,0.0,,6.7
07/01/2023,17,75,10.7,77,7.52,0.7,0.0,,6.8
07/01/2023,18,79,10.2,82,6.55,0.6,0.0,,7.2
07/01/2023,19,81,10.3,81,7.88,0.0,0.0,,7.2
07/01/2023,20,66,10.4,80,7.98,0.4,0.0,,7.2
07/01/2023,21,43,10.6,78,7.79,0.0,0.0,,6.8
07/01/2023,22,36,10.4,79,7.24,0.0,0.0,,6.9
07/01/2023,23,34,10.1,81,6.44,0.0,0.0,,6.9
07/01/2024,0,29,4.8,88,4.1,0.0,0.0,,3.0
07/01/2024,1,22,4.2,88,3.62,0.0,0.0,,2.4
07/01/2024,2,21,3.2,91,3.28,0.0,0.0,,1.9
07/01/2024,3,10,3.1,91,3.76,0.0,0.0,,1.8
07/01/2024,4,9,2.8,91,3.76,0.0,0.0,,1.5
07/01/2024,5,7,2.7,90,3.45,0.0,0.0,,1.2
07/01/2024,6,6,3.3,85,3.83,0.0,0.0,,1.0
07/01/2024,7,8,2.8,85,3.69,0.0,0.0,,0.6
07/01/2024,8,15,1.6,90,3.14,0.0,0.0,,0.2
07/01/2024,9,27,2.5,87,3.49,0.0,0.0,,0.5
07/01/2024,10,40,3.3,85,4.11,0.0,0.0,,1.0
07/01/2024,11,51,3.8,83,4.52,0.0,0.0,,1.2
07/01/2024,12,62,4.2,79,5.8,0.0,0.0,,0.8
07/01/2024,13,57,3.8,78,5.1,0.0,0.0,,0.2
07/01/2024,14,57,3.7,76,4.92,0.0,0.0,,-0.1
07/01/2024,15,63,3.2,79,4.96,0.0,0.0,,-0.1
07/01/2024,16,66,3.2,79,4.64,0.0,0.0,,-0.1
07/01/2024,17,64,3.2,79,4.98,0.0,0.0,,-0.1
07/01/2024,18,60,2.9,80,4.79,0.0,0.0,,-0.2
07/01/2024,19,54,2.7,81,4.56,0.0,0.0,,-0.2
07/01/2024,20,37,2.5,81,4.59,0.0,0.0,,-0.4
07/01/2024,21,28,2.2,81,5.19,0.0,0.0,,-0.9
07/01/2024,22,23,1.8,79,5.52,0.0,0.0,,-1.4
07/01/2024,23,16,1.3,79,5.73,0.0,0.0,,-2.0
07/02/2023,0,15,0.8,90,2.76,0.0,0.0,,-0.7
07/02/2023,1,8,0.5,91,2.9,0.0,0.0,,-0.9
07/02/2023,2,6,0.9,92,3.11,0.0,0.0,,-0.3
07/02/2023,3,5,0.7,92,2.98,0.0,0.0,,-0.4
07/02/2023,4,4,0.4,92,2.92,0.0,0.0,,-0.7
07/02/2023,5,7,0.3,92,3.4,0.0,0.0,,-0.9
07/02/2023,6,23,0.1,92,3.56,0.0,0.0,,-1.1
07/02/2023,7,93,-0.2,91,3.69,0.0,0.0,,-1.5
07/02/2023,8,287,-0.6,90,3.62,0.0,0.0,,-2.1
07/02/2023,9,246,-0.9,89,3.68,0.0,0.0,,-2.5
07/02/2023,10,99,-0.8,87,3.54,0.0,0.0,,-2.6
07/02/2023,11,82,0.6,81,3.82,0.0,0.0,,-2.2
07/02/2023,12,107,2.0,72,4.16,0.0,0.0,,-2.5
07/02/2023,13,113,3.2,65,4.25,0.0,0.0,,-2.7
07/02/2023,14,109,4.8,61,3.36,0.0,0.0,,-2.0
07/02/2023,15,102,5.7,59,3.18,0.0,0.0,,-1.8
07/02/2023,16,119,6.1,58,3.01,0.0,0.0,,-1.5
07/02/2023,17,175,6.2,59,2.98,0.0,0.0,,-1.3
07/02/2023,18,264,5.6,64,2.59,0.0,0.0,,-0.8
07/02/2023,19,255,2.7,78,2.12,0.0,0.0,,-0.8
07/02/2023,20,137,1.5,83,2.2,0.0,0.0,,-1.0
07/02/2023,21,75,0.6,86,2.19,0.0,0.0,,-1.5
07/02/2023,22,68,-0.1,87,2.08,0.0,0.0,,-2.0
07/02/2023,23,58,-1.1,89,2.61,0.0,0.0,,-2.8
07/02/2024,0,23,11.2,80,7.39,0.0,0.0,,7.9
07/02/2024,1,11,11.0,82,7.32,0.0,0.0,,8.1
07/02/2024,2,7,10.8,85,7.17,0.0,0.0,,8.4
07/02/2024,3,4,11.1,85,7.48,0.0,0.0,,8.8
07/02/2024,4,4,11.4,84,7.95,0.0,0.0,,8.7
07/02/2024,5,6,11.1,85,7.37,0.0,0.0,,8.6
07/02/2024,6,15,11.1,85,6.95,0.1,0.0,,8.8
07/02/2024,7,50,10.8,88,7.0,0.1,0.0,,8.9
07/02/2024,8,167,10.8,88,7.16,0.4,0.0,,8.9
07/02/2024,9,156,10.4,91,6.79,0.4,0.0,,9.1
07/02/2024,10,65,10.4,92,6.94,0.3,0.0,,9.1
07/02/2024,11,43,10.4,92,7.85,0.3,0.0,,9.1
07/02/2024,12,67,10.6,91,7.09,0.2,0.0,,9.1
07/02/2024,13,66,10.9,89,6.66,0.9,0.0,,9.2
07/02/2024,14,59,11.3,88,7.43,0.1,0.0,,9.4
07/02/2024,15,51,11.6,88,7.55,0.3,0.0,,9.7
07/02/2024,16,62,12.4,85,7.04,0.1,0.0,,9.9
07/02/2024,17,99,11.9,88,7.21,0.2,0.0,,9.9
07/02/2024,18,165,11.6,91,5.56,5.7,0.0,,10.3
07/02/2024,19,155,11.4,92,5.58,2.9,0.0,,10.2
07/02/2024,20,86,11.6,92,5.71,0.0,0.0,,10.4
07/02/2024,21,51,11.8,93,5.41,0.0,0.0,,10.6
07/02/2024,22,49,11.8,94,4.39,0.1,0.0,,10.9
07/02/2024,23,44,11.8,94,4.07,0.0,0.0,,10.9
07/03/2023,0,14,4.0,77,3.84,0.0,0.0,,0.2
07/03/2023,1,7,3.5,80,3.84,0.0,0.0,,0.4
07/03/2023,2,5,4.2,77,4.05,0.0,0.0,,0.5
07/03/2023,3,3,4.5,76,4.18,0.0,0.0,,0.6
07/03/2023,4,3,4.1,79,3.82,0.0,0.0,,0.7
07/03/2023,5,8,4.2,79,4.05,0.0,0.0,,0.9
07/03/2023,6,23,4.1,81,3.76,0.0,0.0,,1.1
07/03/2023,7,91,3.7,84,3.61,0.0,0.0,,1.2
07/03/2023,8,269,3.2,87,3.41,0.0,0.0,,1.3
07/03/2023,9,227,3.9,84,3.94,0.0,0.0,,1.5
07/03/2023,10,100,4.9,78,5.14,0.0,0.0,,1.4
07/03/2023,11,82,5.3,75,4.22,0.1,0.0,,1.4
07/03/2023,12,107,6.6,68,4.94,0.0,0.0,,1.0
07/03/2023,13,130,8.4,58,6.11,0.0,0.0,,0.6
07/03/2023,14,134,7.7,58,5.55,0.0,0.0,,-0.1
07/03/2023,15,110,8.3,54,6.76,0.0,0.0,,-0.5
07/03/2023,16,128,8.1,56,6.0,0.0,0.0,,-0.1
07/03/2023,17,184,8.6,53,6.13,0.0,0.0,,-0.3
07/03/2023,18,261,8.8,52,5.95,0.0,0.0,,-0.5
07/03/2023,19,255,8.2,55,5.32,0.0,0.0,,-0.2
07/03/2023,20,136,7.3,58,4.16,0.0,0.0,,-0.4
07/03/2023,21,69,7.2,61,4.08,0.0,0.0,,0.1
07/03/2023,22,58,6.8,67,3.89,0.0,0.0,,1.1
07/03/2023,23,47,6.5,73,4.36,0.1,0.0,,2.0
07/03/2024,0,27,2.4,96,2.45,0.0,0.0,,1.9
07/03/2024,1,12,1.5,97,2.91,0.0,0.0,,1.1
07/03/2024,2,8,1.1,98,2.61,0.0,0.0,,0.8
07/03/2024,3,5,1.6,98,2.11,0.0,0.0,,1.3
07/03/2024,4,4,1.3,98,2.04,0.0,0.0,,0.9
07/03/2024,5,8,0.9,97,2.14,0.0,0.0,,0.5
07/03/2024,6,19,1.1,97,2.12,0.0,0.0,,0.6
07/03/2024,7,72,1.2,95,2.22,0.0,0.0,,0.6
07/03/2024,8,241,1.1,94,2.21,0.0,0.0,,0.2
07/03/2024,9,207,1.8,93,2.2,0.0,0.0,,0.7
07/03/2024,10,84,4.1,87,2.41,0.0,0.0,,2.2
07/03/2024,11,74,6.6,80,2.2,0.0,0.0,,3.4
07/03/2024,12,100,8.9,76,2.9,0.0,0.0,,4.8
07/03/2024,13,94,10.9,69,4.23,0.0,0.0,,5.4
07/03/2024,14,90,12.1,61,5.32,0.0,0.0,,4.9
07/03/2024,15,82,12.8,66,5.26,0.0,0.0,,6.5
07/03/2024,16,101,12.8,61,5.26,0.0,0.0,,5.5
07/03/2024,17,156,12.9,58,5.59,0.0,0.0,,4.9
07/03/2024,18,230,12.4,58,4.77,0.0,0.0,,4.3
07/03/2024,19,210,11.3,63,3.42,0.0,0.0,,4.5
07/03/2024,20,120,9.0,71,2.94,0.0,0.0,,4.1
07/03/2024,21,68,8.7,71,4.49,0.0,0.0,,3.7
07/03/2024,22,64,7.4,76,4.24,0.0,0.0,,3.4
07/03/2024,23,60,6.8,74,4.41,0.0,0.0,,2.5
07/04/2023,0,38,6.5,88,2.31,0.0,0.0,,4.6
07/04/2023,1,18,6.0,90,2.41,0.0,0.0,,4.5
07/04/2023,2,13,6.1,90,2.71,0.0,0.0,,4.7
07/04/2023,3,7,6.1,91,3.03,0.0,0.0,,4.8
07/04/2023,4,5,6.1,92,2.89,0.0,0.0,,4.8
07/04/2023,5,9,5.5,94,2.82,0.0,0.0,,4.6
07/04/2023,6,17,5.2,95,2.61,0.0,0.0,,4.5
07/04/2023,7,63,4.8,96,2.44,0.0,0.0,,4.2
07/04/2023,8,190,5.1,96,2.28,0.0,0.0,,4.4
07/04/2023,9,167,6.8,90,2.39,0.0,0.0,,5.2
07/04/2023,10,88,8.7,82,2.55,0.0,0.0,,5.8
07/04/2023,11,81,10.6,71,2.78,0.1,0.0,,5.5
07/04/2023,12,108,11.8,59,3.1,0.0,0.0,,4.1
07/04/2023,13,99,12.6,52,2.91,0.1,0.0,,2.8
07/04/2023,14,93,13.1,55,2.6,0.1,0.0,,4.2
07/04/2023,15,96,13.6,53,2.7,0.0,0.0,,4.3
07/04/2023,16,115,14.0,53,3.31,0.1,0.0,,4.6
07/04/2023,17,160,13.4,55,4.1,0.1,0.0,,4.4
07/04/2023,18,187,12.6,57,4.06,0.0,0.0,,4.3
07/04/2023,19,161,12.1,58,3.59,0.0,0.0,,4.0
07/04/2023,20,102,10.6,68,2.69,0.0,0.0,,5.1
07/04/2023,21,60,8.6,79,1.97,0.0,0.0,,5.2
07/04/2023,22,51,7.5,84,2.01,0.0,0.0,,4.9
07/04/2023,23,47,6.6,89,2.02,0.0,0.0,,4.8
07/04/2024,0,53,15.6,79,2.55,0.0,0.0,,12.1
07/04/2024,1,39,15.4,80,3.95,0.2,0.0,,11.9
07/04/2024,2,33,14.7,84,2.85,1.1,0.0,,11.9
07/04/2024,3,19,14.1,77,3.34,0.0,0.0,,10.2
07/04/2024,4,13,13.6,80,2.79,0.0,0.0,,10.3
07/04/2024,5,10,13.9,78,4.11,0.0,0.0,,10.2
07/04/2024,6,10,14.1,77,4.52,0.0,0.0,,10.1
07/04/2024,7,13,13.6,80,4.09,0.0,0.0,,10.4
07/04/2024,8,22,13.6,81,3.91,0.0,0.0,,10.5
07/04/2024,9,35,14.4,79,4.77,0.0,0.0,,10.8
07/04/2024,10,53,15.9,75,4.37,0.0,0.0,,11.4
07/04/2024,11,67,16.6,71,4.47,0.0,0.0,,11.4
07/04/2024,12,83,16.9,71,4.64,0.3,0.0,,11.6
07/04/2024,13,80,16.8,67,4.9,0.0,0.0,,10.6
07/04/2024,14,80,16.6,66,4.47,0.1,0.0,,10.4
07/04/2024,15,77,16.3,73,2.9,0.3,0.0,,11.6
07/04/2024,16,81,17.1,69,2.34,0.3,0.0,,11.4
07/04/2024,17,90,16.9,76,1.61,1.8,0.0,,12.6
07/04/2024,18,89,16.8,78,0.54,0.1,0.0,,12.9
07/04/2024,19,76,16.5,80,2.5,0.0,0.0,,12.9
07/04/2024,20,44,15.1,84,2.3,0.0,0.0,,12.4
07/04/2024,21,38,14.5,85,1.42,0.1,0.0,,11.9
07/04/2024,22,33,14.1,86,4.14,3.2,0.0,,11.7
07/04/2024,23,23,12.8,87,3.09,2.1,0.0,,10.6
07/05/2023,0,25,14.8,94,0.89,1.1,0.0,,13.8
07/05/2023,1,12,14.3,95,2.12,1.1,0.0,,13.4
07/05/2023,2,11,13.8,97,1.08,3.9,0.0,,13.3
07/05/2023,3,8,13.8,97,1.8,1.8,0.0,,13.2
07/05/2023,4,6,13.4,97,1.04,0.4,0.0,,12.9
07/05/2023,5,4,13.5,96,1.36,0.2,0.0,,12.8
07/05/2023,6,5,13.4,96,1.21,1.2,0.0,,12.8
07/05/2023,7,7,13.5,97,1.12,0.7,0.0,,13.0
07/05/2023,8,13,13.6,96,1.71,0.6,0.0,,13.1
07/05/2023,9,22,14.2,93,1.5,0.2,0.0,,13.1
07/05/2023,10,33,14.9,92,2.02,0.0,0.0,,13.6
07/05/2023,11,44,15.4,87,2.26,0.2,0.0,,13.4
07/05/2023,12,54,16.6,82,2.15,0.0,0.0,,13.6
07/05/2023,13,44,18.0,79,1.77,0.1,0.0,,14.3
07/05/2023,14,44,16.0,87,0.94,0.2,0.0,,13.9
07/05/2023,15,49,17.0,84,1.44,0.4,0.0,,14.1
07/05/2023,16,47,18.2,79,2.13,0.5,0.0,,14.6
07/05/2023,17,38,18.1,76,3.49,0.2,0.0,,13.9
07/05/2023,18,54,16.2,85,4.28,1.3,0.0,,13.6
07/05/2023,19,62,16.6,83,4.0,0.1,0.0,,13.8
07/05/2023,20,51,16.4,84,3.35,0.1,0.0,,13.6
07/05/2023,21,42,15.1,89,2.1,0.0,0.0,,13.3
07/05/2023,22,34,13.7,93,2.12,0.0,0.0,,12.6
07/05/2023,23,28,12.8,94,1.84,0.0,0.0,,11.9
07/05/2024,0,22,9.7,93,1.63,0.0,0.0,,8.6
07/05/2024,1,11,8.9,96,1.82,0.0,0.0,,8.4
07/05/2024,2,7,8.1,98,2.25,0.0,0.0,,7.8
07/05/2024,3,4,9.1,95,1.21,0.0,0.0,,8.3
07/05/2024,4,5,9.6,96,0.89,0.0,0.0,,8.9
07/05/2024,5,9,8.4,98,1.14,0.0,0.0,,8.1
07/05/2024,6,21,8.9,99,0.78,0.0,0.0,,8.6
07/05/2024,7,73,7.9,100,0.85,0.0,0.0,,7.9
07/05/2024,8,220,9.4,98,1.2,0.0,0.0,,9.1
07/05/2024,9,191,11.4,91,1.02,0.0,0.0,,10.1
07/05/2024,10,86,13.3,86,1.53,0.0,0.0,,11.1
07/05/2024,11,78,15.2,79,2.3,0.0,0.0,,11.6
07/05/2024,12,104,16.9,69,2.62,0.1,0.0,,11.2
07/05/2024,13,99,18.0,63,3.09,0.1,0.0,,10.9
07/05/2024,14,97,18.5,58,3.32,0.0,0.0,,10.1
07/05/2024,15,97,18.1,58,4.74,0.1,0.0,,9.7
07/05/2024,16,114,17.6,60,5.45,0.7,0.0,,9.6
07/05/2024,17,170,18.3,56,6.16,0.2,0.0,,9.2
07/05/2024,18,226,16.6,70,6.13,0.0,0.0,,11.1
07/05/2024,19,194,17.0,67,5.3,0.0,0.0,,10.8
07/05/2024,20,125,16.4,70,4.5,0.0,0.0,,10.9
07/05/2024,21,69,14.9,76,3.9,0.0,0.0,,10.8
07/05/2024,22,54,13.6,84,3.21,0.0,0.0,,11.0
07/05/2024,23,73,13.0,87,3.34,0.0,0.0,,10.9
07/06/2023,0,42,19.0,55,3.67,0.0,0.0,,9.6
07/06/2023,1,20,17.8,65,3.85,0.0,0.0,,11.0
07/06/2023,2,9,16.8,75,4.02,0.0,0.0,,12.4
07/06/2023,3,5,15.6,80,3.49,0.0,0.0,,12.2
07/06/2023,4,4,14.9,83,3.24,0.0,0.0,,12.0
07/06/2023,5,10,14.4,85,3.28,0.0,0.0,,11.9
07/06/2023,6,25,13.9,87,2.84,0.0,0.0,,11.8
07/06/2023,7,94,14.7,83,3.2,0.0,0.0,,11.9
07/06/2023,8,295,16.3,76,2.55,0.0,0.0,,12.1
07/06/2023,9,266,18.5,66,2.87,0.0,0.0,,12.1
07/06/2023,10,103,20.9,55,3.54,0.0,0.0,,11.6
07/06/2023,11,93,23.1,47,4.25,0.0,0.0,,11.2
07/06/2023,12,126,24.9,43,5.09,0.0,0.0,,11.4
07/06/2023,13,121,26.2,39,5.48,0.0,0.0,,11.1
07/06/2023,14,112,26.4,42,5.01,0.0,0.0,,12.6
07/06/2023,15,105,27.4,36,5.3,0.0,0.0,,11.0
07/06/2023,16,121,27.3,35,5.38,0.0,0.0,,10.6
07/06/2023,17,197,26.9,36,4.9,0.1,0.0,,10.4
07/06/2023,18,312,26.1,36,4.88,0.0,0.0,,9.9
07/06/2023,19,293,25.6,35,4.65,0.0,0.0,,9.1
07/06/2023,20,181,24.9,35,4.16,0.0,0.0,,8.6
07/06/2023,21,106,23.2,43,2.78,0.0,0.0,,9.9
07/06/2023,22,99,21.3,50,4.53,0.0,0.0,,10.5
07/06/2023,23,92,20.0,54,3.62,0.0,0.0,,10.5
07/06/2024,0,51,11.1,80,1.96,0.0,0.0,,7.8
07/06/2024,1,29,9.9,86,2.12,0.0,0.0,,7.7
07/06/2024,2,17,9.0,90,2.38,0.0,0.0,,7.4
07/06/2024,3,9,9.1,90,1.88,0.0,0.0,,7.6
07/06/2024,4,7,8.6,93,1.7,0.0,0.0,,7.4
07/06/2024,5,12,8.0,95,1.58,0.0,0.0,,7.2
07/06/2024,6,23,7.7,96,1.49,0.0,0.0,,7.2
07/06/2024,7,72,8.9,92,2.15,0.0,0.0,,7.8
07/06/2024,8,205,10.9,87,1.44,0.0,0.0,,8.7
07/06/2024,9,190,13.1,76,1.5,0.0,0.0,,9.0
07/06/2024,10,93,14.6,65,1.78,0.0,0.0,,8.1
07/06/2024,11,89,15.9,60,2.06,0.0,0.0,,8.2
07/06/2024,12,116,16.8,58,2.24,0.0,0.0,,8.5
07/06/2024,13,110,18.0,54,2.62,0.0,0.0,,8.4
07/06/2024,14,109,18.8,49,2.4,0.0,0.0,,7.8
07/06/2024,15,105,19.4,48,1.49,0.0,0.0,,8.0
07/06/2024,16,124,20.3,45,2.1,0.0,0.0,,8.1
07/06/2024,17,182,20.1,47,2.61,0.0,0.0,,8.6
07/06/2024,18,224,19.8,49,2.64,0.0,0.0,,8.6
07/06/2024,19,205,19.4,50,2.06,0.0,0.0,,8.6
07/06/2024,20,143,19.0,52,1.61,0.0,0.0,,8.8
07/06/2024,21,95,17.3,71,1.3,0.0,0.0,,11.9
07/06/2024,22,81,14.6,74,2.16,0.0,0.0,,10.1
07/06/2024,23,78,13.9,75,2.64,0.0,0.0,,9.6
07/07/2023,0,65,17.0,62,2.44,0.0,0.0,,9.8
07/07/2023,1,40,16.8,60,2.6,0.0,0.0,,9.1
07/07/2023,2,23,16.0,68,2.2,0.0,0.0,,10.2
07/07/2023,3,12,15.1,73,2.37,0.0,0.0,,10.2
07/07/2023,4,8,14.7,74,2.55,0.0,0.0,,10.1
07/07/2023,5,12,14.1,77,2.92,0.0,0.0,,10.0
07/07/2023,6,25,13.8,78,2.56,0.0,0.0,,10.1
07/07/2023,7,65,15.4,73,1.8,0.0,0.0,,10.6
07/07/2023,8,217,17.4,67,1.97,0.0,0.0,,11.2
07/07/2023,9,192,19.7,60,2.19,0.0,0.0,,11.7
07/07/2023,10,96,22.3,54,2.37,0.0,0.0,,12.6
07/07/2023,11,88,24.9,49,2.52,0.0,0.0,,13.4
07/07/2023,12,114,27.0,44,2.5,0.0,0.0,,13.8
07/07/2023,13,103,28.6,40,2.86,0.0,0.0,,13.6
07/07/2023,14,103,28.8,38,4.29,0.0,0.0,,13.1
07/07/2023,15,100,30.0,37,4.33,0.0,0.0,,13.8
07/07/2023,16,119,29.9,38,5.88,0.0,0.0,,13.9
07/07/2023,17,177,28.8,37,4.34,0.0,0.0,,12.6
07/07/2023,18,216,29.3,36,3.69,0.0,0.0,,12.7
07/07/2023,19,195,29.0,38,4.33,0.0,0.0,,13.2
07/07/2023,20,134,28.2,43,4.58,0.0,0.0,,14.4
07/07/2023,21,89,27.0,48,3.04,0.0,0.0,,15.1
07/07/2023,22,74,24.4,55,2.43,0.0,0.0,,14.9
07/07/2023,23,74,23.5,57,2.85,0.0,0.0,,14.4
07/07/2024,0,45,12.3,67,2.2,0.0,0.0,,6.4
07/07/2024,1,32,11.5,70,2.09,0.0,0.0,,6.2
07/07/2024,2,25,11.2,67,2.06,0.0,0.0,,5.4
07/07/2024,3,15,10.8,76,1.93,0.0,0.0,,6.6
07/07/2024,4,11,10.9,75,2.31,0.0,0.0,,6.6
07/07/2024,5,10,10.8,76,2.06,0.0,0.0,,6.7
07/07/2024,6,11,9.8,82,2.19,0.0,0.0,,6.9
07/07/2024,7,14,11.2,78,2.12,0.0,0.0,,7.6
07/07/2024,8,26,12.9,75,2.1,0.0,0.0,,8.6
07/07/2024,9,42,14.9,67,2.75,0.0,0.0,,8.9
07/07/2024,10,58,16.4,61,3.83,0.0,0.0,,8.8
07/07/2024,11,78,17.1,58,4.53,0.0,0.0,,8.7
07/07/2024,12,94,18.0,53,5.02,0.0,0.0,,8.4
07/07/2024,13,91,18.4,50,4.94,0.0,0.0,,7.7
07/07/2024,14,91,19.4,45,5.5,0.0,0.0,,7.2
07/07/2024,15,103,20.1,47,5.4,0.1,0.0,,8.6
07/07/2024,16,108,20.8,43,5.52,0.0,0.0,,7.6
07/07/2024,17,108,20.8,42,6.05,0.0,0.0,,7.2
07/07/2024,18,125,20.0,45,5.68,0.0,0.0,,7.8
07/07/2024,19,114,19.8,47,5.1,0.0,0.0,,8.2
07/07/2024,20,75,19.5,48,4.81,0.0,0.0,,8.1
07/07/2024,21,68,18.5,54,3.09,0.0,0.0,,9.0
07/07/2024,22,61,16.2,66,1.75,0.0,0.0,,9.9
07/07/2024,23,53,14.9,72,1.8,0.0,0.0,,10.0
07/08/2023,0,16,13.8,81,3.06,0.0,0.0,,10.6
07/08/2023,1,9,13.1,85,2.82,0.0,0.0,,10.6
07/08/2023,2,6,13.6,86,3.74,0.0,0.0,,11.4
07/08/2023,3,4,13.1,89,3.3,0.0,0.0,,11.2
07/08/2023,4,3,12.5,91,2.94,0.0,0.0,,11.1
07/08/2023,5,7,12.2,93,2.77,0.0,0.0,,11.1
07/08/2023,6,15,11.9,94,2.53,0.0,0.0,,11.0
07/08/2023,7,41,11.9,95,2.72,0.0,0.0,,11.1
07/08/2023,8,115,13.1,92,2.9,0.0,0.0,,11.8
07/08/2023,9,112,14.8,86,3.2,0.0,0.0,,12.4
07/08/2023,10,50,16.5,79,3.52,0.0,0.0,,12.9
07/08/2023,11,47,17.9,72,3.62,0.0,0.0,,12.8
07/08/2023,12,58,18.9,66,3.77,0.0,0.0,,12.4
07/08/2023,13,59,19.6,61,3.64,0.1,0.0,,11.8
07/08/2023,14,60,19.3,58,1.93,0.1,0.0,,10.8
07/08/2023,15,64,20.4,56,2.4,0.2,0.0,,11.1
07/08/2023,16,76,21.0,52,2.75,0.0,0.0,,10.6
07/08/2023,17,112,21.0,52,3.93,0.0,0.0,,10.7
07/08/2023,18,168,20.5,53,4.68,0.1,0.0,,10.6
07/08/2023,19,128,20.4,54,4.12,0.0,0.0,,10.8
07/08/2023,20,76,19.6,59,2.62,0.0,0.0,,11.4
07/08/2023,21,50,18.0,68,1.79,0.0,0.0,,11.9
07/08/2023,22,41,17.3,70,2.08,0.0,0.0,,11.8
07/08/2023,23,30,16.5,74,1.97,0.0,0.0,,11.8
07/08/2024,0,46,20.9,81,2.83,0.0,0.0,,17.5
07/08/2024,1,24,20.1,87,2.11,0.0,0.0,,18.0
07/08/2024,2,12,19.4,90,2.28,0.0,0.0,,17.8
07/08/2024,3,8,18.4,80,3.41,0.1,0.0,,14.9
07/08/2024,4,7,17.9,76,3.14,0.3,0.0,,13.6
07/08/2024,5,11,17.3,78,3.26,0.3,0.0,,13.4
07/08/2024,6,17,16.7,80,2.64,0.3,0.0,,13.1
07/08/2024,7,41,16.5,81,1.49,0.1,0.0,,13.1
07/08/2024,8,93,16.8,81,1.87,0.0,0.0,,13.4
07/08/2024,9,103,17.4,78,2.86,0.0,0.0,,13.6
07/08/2024,10,62,18.5,70,2.82,0.0,0.0,,12.9
07/08/2024,11,70,20.0,60,3.18,0.0,0.0,,12.0
07/08/2024,12,85,21.5,50,3.53,0.0,0.0,,10.4
07/08/2024,13,89,22.5,46,3.55,0.0,0.0,,10.2
07/08/2024,14,83,23.5,43,3.52,0.0,0.0,,10.1
07/08/2024,15,84,22.5,47,3.74,0.0,0.0,,10.8
07/08/2024,16,100,22.9,46,3.47,0.0,0.0,,10.6
07/08/2024,17,132,23.6,44,3.41,0.0,0.0,,10.5
07/08/2024,18,163,23.2,45,3.62,0.0,0.0,,10.6
07/08/2024,19,140,23.1,44,4.2,0.0,0.0,,10.2
07/08/2024,20,103,22.1,49,3.96,0.0,0.0,,10.8
07/08/2024,21,73,21.2,54,2.66,0.0,0.0,,11.6
07/08/2024,22,80,20.0,60,2.47,0.0,0.0,,11.9
07/08/2024,23,75,19.4,63,1.39,0.0,0.0,,12.2
07/09/2023,0,47,20.0,80,2.09,0.0,0.0,,16.5
07/09/2023,1,23,19.0,83,2.21,0.0,0.0,,16.0
07/09/2023,2,14,19.0,79,2.11,0.0,0.0,,15.2
07/09/2023,3,6,17.5,84,2.82,0.0,0.0,,14.9
07/09/2023,4,6,18.2,80,1.93,0.0,0.0,,14.8
07/09/2023,5,9,15.7,91,2.33,0.0,0.0,,14.2
07/09/2023,6,25,15.3,93,2.05,0.0,0.0,,14.2
07/09/2023,7,105,14.7,95,2.36,0.0,0.0,,13.9
07/09/2023,8,330,15.9,92,1.64,0.0,0.0,,14.6
07/09/2023,9,282,18.4,82,1.57,0.0,0.0,,15.3
07/09/2023,10,110,21.0,72,1.7,0.0,0.0,,15.8
07/09/2023,11,96,23.4,65,1.92,0.0,0.0,,16.4
07/09/2023,12,118,25.5,60,2.21,0.0,0.0,,17.0
07/09/2023,13,114,27.5,55,2.55,0.0,0.0,,17.6
07/09/2023,14,108,28.8,48,1.14,0.0,0.0,,16.8
07/09/2023,15,103,29.8,46,1.08,0.0,0.0,,17.0
07/09/2023,16,130,30.3,43,1.0,0.0,0.0,,16.5
07/09/2023,17,213,30.6,40,0.81,0.0,0.0,,15.6
07/09/2023,18,321,30.5,40,0.28,0.0,0.0,,15.4
07/09/2023,19,302,29.9,43,0.71,0.0,0.0,,16.0
07/09/2023,20,179,26.0,62,2.3,0.0,0.0,,18.2
07/09/2023,21,107,24.5,60,2.3,0.0,0.0,,16.2
07/09/2023,22,97,23.2,64,2.47,0.0,0.0,,16.1
07/09/2023,23,106,22.1,68,2.48,0.0,0.0,,15.9
07/09/2024,0,69,17.1,78,2.1,0.0,0.0,,13.2
07/09/2024,1,44,16.8,80,2.1,0.0,0.0,,13.2
07/09/2024,2,39,16.5,81,2.0,0.0,0.0,,13.2
07/09/2024,3,19,16.2,89,1.33,0.0,0.0,,14.4
07/09/2024,4,10,16.0,91,1.48,0.6,0.0,,14.5
07/09/2024,5,11,15.9,93,2.15,0.5,0.0,,14.8
07/09/2024,6,13,15.9,92,1.39,1.0,0.0,,14.6
07/09/2024,7,19,15.5,94,1.25,0.0,0.0,,14.6
07/09/2024,8,36,15.7,94,1.71,0.0,0.0,,14.8
07/09/2024,9,61,16.5,94,2.0,0.0,0.0,,15.4
07/09/2024,10,77,18.4,89,2.13,0.0,0.0,,16.6
07/09/2024,11,92,20.3,84,1.86,0.0,0.0,,17.5
07/09/2024,12,83,21.8,77,2.47,0.0,0.0,,17.5
07/09/2024,13,81,22.8,70,2.78,0.0,0.0,,17.1
07/09/2024,14,106,23.5,64,3.77,0.0,0.0,,16.2
07/09/2024,15,122,21.5,74,1.87,0.3,0.0,,16.7
07/09/2024,16,126,21.9,71,2.94,0.2,0.0,,16.5
07/09/2024,17,116,20.9,75,2.5,0.5,0.0,,16.3
07/09/2024,18,122,19.9,87,2.05,1.4,0.0,,17.7
07/09/2024,19,127,19.8,87,2.82,0.0,0.0,,17.5
07/09/2024,20,106,19.0,90,1.5,0.0,0.0,,17.2
07/09/2024,21,77,17.5,94,2.31,0.0,0.0,,16.6
07/09/2024,22,68,17.9,94,1.7,0.1,0.0,,16.9
07/09/2024,23,65,17.6,91,1.92,0.2,0.0,,16.1
07/10/2023,0,70,11.2,84,2.7,0.0,0.0,,8.6
07/10/2023,1,46,11.2,83,2.24,0.0,0.0,,8.6
07/10/2023,2,37,10.5,93,2.02,0.0,0.0,,9.4
07/10/2023,3,20,9.9,94,2.2,0.0,0.0,,9.0
07/10/2023,4,14,9.7,95,2.24,0.0,0.0,,8.9
07/10/2023,5,12,9.6,95,2.43,0.0,0.0,,8.9
07/10/2023,6,12,9.6,95,2.4,0.0,0.0,,8.9
07/10/2023,7,22,9.8,94,2.33,0.0,0.0,,8.9
07/10/2023,8,49,9.8,94,2.16,0.0,0.0,,8.9
07/10/2023,9,78,12.2,87,2.12,0.0,0.0,,10.2
07/10/2023,10,98,15.1,79,1.3,0.0,0.0,,11.6
07/10/2023,11,118,17.9,72,0.73,0.0,0.0,,12.9
07/10/2023,12,145,20.1,65,1.26,0.0,0.0,,13.4
07/10/2023,13,140,21.9,58,1.84,0.0,0.0,,13.1
07/10/2023,14,146,22.3,54,1.75,0.0,0.0,,12.5
07/10/2023,15,169,23.2,51,1.64,0.0,0.0,,12.6
07/10/2023,16,180,23.9,49,1.98,0.0,0.0,,12.4
07/10/2023,17,190,24.0,48,2.11,0.0,0.0,,12.4
07/10/2023,18,186,23.1,57,1.22,0.0,0.0,,14.1
07/10/2023,19,173,20.2,67,2.06,0.0,0.0,,13.8
07/10/2023,20,128,18.5,70,1.88,0.0,0.0,,12.9
07/10/2023,21,83,15.7,83,2.06,0.0,0.0,,12.8
07/10/2023,22,70,14.5,88,2.14,0.0,0.0,,12.6
07/10/2023,23,76,13.7,89,2.62,0.0,0.0,,11.9
07/10/2024,0,17,16.5,91,5.06,0.0,0.0,,15.0
07/10/2024,1,9,16.0,92,4.43,0.1,0.0,,14.8
07/10/2024,2,6,15.5,93,4.24,0.1,0.0,,14.4
07/10/2024,3,4,15.5,94,4.29,0.6,0.0,,14.5
07/10/2024,4,4,14.5,95,3.34,0.0,0.0,,13.7
07/10/2024,5,9,14.2,95,3.61,0.0,0.0,,13.4
07/10/2024,6,19,14.0,96,2.8,0.0,0.0,,13.4
07/10/2024,7,69,13.9,96,2.76,0.0,0.0,,13.2
07/10/2024,8,244,13.4,96,2.16,0.0,0.0,,12.8
07/10/2024,9,213,13.2,96,2.1,0.0,0.0,,12.6
07/10/2024,10,79,14.4,93,1.99,0.0,0.0,,13.2
07/10/2024,11,68,15.3,88,2.9,0.0,0.0,,13.3
07/10/2024,12,86,16.0,82,3.59,0.0,0.0,,13.1
07/10/2024,13,86,17.0,77,3.99,0.0,0.0,,12.9
07/10/2024,14,79,17.6,72,4.11,0.0,0.0,,12.6
07/10/2024,15,71,18.0,79,4.68,0.7,0.0,,14.3
07/10/2024,16,76,17.2,85,4.43,1.4,0.0,,14.6
07/10/2024,17,100,16.5,91,3.83,0.9,0.0,,15.0
07/10/2024,18,193,16.7,92,3.43,1.8,0.0,,15.4
07/10/2024,19,160,16.1,93,2.6,1.9,0.0,,15.1
07/10/2024,20,90,16.2,94,3.41,1.1,0.0,,15.1
07/10/2024,21,38,16.7,92,5.16,0.0,0.0,,15.4
07/10/2024,22,42,15.9,91,5.84,0.2,0.0,,14.4
07/10/2024,23,31,15.8,93,4.78,0.0,0.0,,14.6
07/11/2023,0,17,8.6,92,3.76,0.1,0.0,,7.3
07/11/2023,1,8,8.4,92,3.61,0.1,0.0,,7.2
07/11/2023,2,5,8.1,93,3.84,0.1,0.0,,7.0
07/11/2023,3,3,9.1,91,3.26,0.1,0.0,,7.7
07/11/2023,4,3,8.9,90,4.0,0.2,0.0,,7.3
07/11/2023,5,7,8.6,90,4.3,0.0,0.0,,7.1
07/11/2023,6,20,7.6,92,3.91,0.0,0.0,,6.3
07/11/2023,7,98,7.1,92,3.76,0.0,0.0,,5.8
07/11/2023,8,332,6.7,92,3.91,0.0,0.0,,5.4
07/11/2023,9,275,6.4,92,3.92,0.0,0.0,,5.2
07/11/2023,10,99,7.2,89,4.56,0.0,0.0,,5.6
07/11/2023,11,83,8.4,86,4.17,0.0,0.0,,6.2
07/11/2023,12,105,9.6,81,4.96,0.0,0.0,,6.5
07/11/2023,13,105,10.9,76,5.32,0.0,0.0,,6.8
07/11/2023,14,97,11.9,71,6.24,0.0,0.0,,6.8
07/11/2023,15,95,12.1,69,6.22,0.0,0.0,,6.7
07/11/2023,16,115,12.2,62,6.53,0.0,0.0,,5.2
07/11/2023,17,193,11.9,61,5.64,0.0,0.0,,4.7
07/11/2023,18,303,10.9,66,4.47,0.0,0.0,,4.9
07/11/2023,19,262,9.8,73,4.11,0.0,0.0,,5.2
07/11/2023,20,138,9.3,75,4.24,0.0,0.0,,5.1
07/11/2023,21,76,8.8,78,4.46,0.0,0.0,,5.1
07/11/2023,22,72,8.3,81,4.39,0.0,0.0,,5.2
07/11/2023,23,65,7.8,84,4.03,0.0,0.0,,5.3
07/11/2024,0,30,10.2,90,1.84,0.0,0.0,,8.6
07/11/2024,1,17,10.1,90,1.49,0.0,0.0,,8.6
07/11/2024,2,10,10.1,91,1.28,0.0,0.0,,8.7
07/11/2024,3,6,10.0,90,1.68,0.0,0.0,,8.5
07/11/2024,4,5,10.0,90,1.69,0.0,0.0,,8.5
07/11/2024,5,9,10.0,91,2.04,0.0,0.0,,8.6
07/11/2024,6,21,10.1,90,2.27,0.0,0.0,,8.4
07/11/2024,7,74,10.2,89,2.3,0.0,0.0,,8.4
07/11/2024,8,247,10.2,90,2.22,0.0,0.0,,8.6
07/11/2024,9,216,10.4,90,2.21,0.0,0.0,,8.8
07/11/2024,10,93,10.9,89,2.63,0.0,0.0,,9.2
07/11/2024,11,79,12.0,88,3.61,0.0,0.0,,10.0
07/11/2024,12,102,12.7,86,4.06,0.0,0.0,,10.4
07/11/2024,13,101,13.2,83,4.11,0.0,0.0,,10.4
07/11/2024,14,95,13.5,81,3.72,0.0,0.0,,10.2
07/11/2024,15,87,12.8,85,3.2,0.0,0.0,,10.4
07/11/2024,16,107,12.7,85,3.13,0.0,0.0,,10.2
07/11/2024,17,164,12.5,85,2.85,0.0,0.0,,10.1
07/11/2024,18,240,12.2,86,2.66,0.0,0.0,,10.0
07/11/2024,19,208,11.8,88,3.12,0.0,0.0,,9.8
07/11/2024,20,126,11.4,88,3.26,0.0,0.0,,9.4
07/11/2024,21,77,11.0,86,3.46,0.0,0.0,,8.8
07/11/2024,22,71,10.2,82,3.77,0.0,0.0,,7.3
07/11/2024,23,59,9.1,83,3.26,0.0,0.0,,6.3
07/12/2023,0,33,1.9,96,2.04,0.0,0.0,,1.4
07/12/2023,1,14,2.6,96,1.84,0.0,0.0,,2.0
07/12/2023,2,9,2.5,96,1.94,0.0,0.0,,1.9
07/12/2023,3,4,2.8,96,2.14,0.0,0.0,,2.2
07/12/2023,4,4,2.7,97,1.75,0.0,0.0,,2.2
07/12/2023,5,6,3.2,96,3.06,0.0,0.0,,2.6
07/12/2023,6,18,2.6,97,3.5,0.0,0.0,,2.1
07/12/2023,7,74,2.8,94,4.14,0.0,0.0,,2.0
07/12/2023,8,248,2.3,94,3.74,0.0,0.0,,1.5
07/12/2023,9,228,2.0,94,3.26,0.0,0.0,,1.2
07/12/2023,10,85,3.0,91,4.11,0.0,0.0,,1.8
07/12/2023,11,71,3.7,88,4.96,0.0,0.0,,1.9
07/12/2023,12,93,4.6,84,5.25,0.0,0.0,,2.0
07/12/2023,13,93,5.6,80,5.02,0.0,0.0,,2.5
07/12/2023,14,81,6.1,79,4.96,0.0,0.0,,2.7
07/12/2023,15,75,5.2,85,4.55,0.0,0.0,,2.9
07/12/2023,16,96,5.2,88,4.41,0.5,0.0,,3.4
07/12/2023,17,157,5.4,84,5.17,0.3,0.0,,3.0
07/12/2023,18,231,5.6,83,4.92,0.0,0.0,,2.8
07/12/2023,19,198,5.7,81,4.64,0.1,0.0,,2.7
07/12/2023,20,103,5.4,85,4.98,0.3,0.0,,3.0
07/12/2023,21,48,5.4,85,5.19,0.8,0.0,,3.2
07/12/2023,22,44,5.6,87,5.02,0.8,0.0,,3.5
07/12/2023,23,39,5.8,89,4.78,1.8,0.0,,4.1
07/12/2024,0,40,7.8,82,4.17,0.0,0.0,,4.9
07/12/2024,1,29,8.2,84,4.61,0.9,0.0,,5.8
07/12/2024,2,21,8.8,84,4.85,0.0,0.0,,6.3
07/12/2024,3,11,9.6,87,5.39,0.0,0.0,,7.6
07/12/2024,4,9,9.9,94,5.85,1.7,0.0,,8.9
07/12/2024,5,9,10.6,94,6.9,0.8,0.0,,9.6
07/12/2024,6,8,11.1,94,6.44,1.1,0.0,,10.1
07/12/2024,7,14,11.8,94,7.15,1.9,0.0,,10.8
07/12/2024,8,30,11.4,85,6.3,0.0,0.0,,9.0
07/12/2024,9,49,10.1,84,5.52,0.0,0.0,,7.6
07/12/2024,10,59,9.6,82,5.72,0.0,0.0,,6.8
07/12/2024,11,73,9.6,77,6.2,0.0,0.0,,5.8
07/12/2024,12,86,9.6,75,6.62,0.0,0.0,,5.2
07/12/2024,13,82,9.9,72,5.84,0.0,0.0,,5.1
07/12/2024,14,80,10.1,68,7.25,0.0,0.0,,4.4
07/12/2024,15,87,9.9,66,8.18,0.5,0.0,,3.8
07/12/2024,16,80,8.4,73,6.53,0.1,0.0,,3.8
07/12/2024,17,68,8.2,69,7.22,0.1,0.0,,3.0
07/12/2024,18,58,7.4,69,7.35,0.1,0.0,,2.2
07/12/2024,19,58,6.7,79,7.1,0.3,0.0,,3.3
07/12/2024,20,44,5.7,89,6.72,0.8,0.0,,4.0
07/12/2024,21,32,6.2,90,5.76,0.5,0.0,,4.6
07/12/2024,22,31,6.8,89,5.17,0.3,0.0,,5.1
07/12/2024,23,31,7.1,88,5.34,0.1,0.0,,5.2
08/01/2023,0,33,9.8,83,5.99,0.0,0.0,,7.1
08/01/2023,1,25,9.6,86,5.46,0.2,0.0,,7.4
08/01/2023,2,24,9.6,90,5.28,0.1,0.0,,7.9
08/01/2023,3,14,9.6,89,5.42,0.0,0.0,,7.8
08/01/2023,4,11,9.5,91,5.51,0.0,0.0,,8.1
08/01/2023,5,7,9.4,90,5.82,0.1,0.0,,7.8
08/01/2023,6,5,8.6,92,5.25,0.0,0.0,,7.3
08/01/2023,7,6,7.9,91,3.92,2.0,0.0,,6.6
08/01/2023,8,15,9.1,90,5.7,1.3,0.0,,7.6
08/01/2023,9,29,8.9,88,5.87,0.0,0.0,,7.0
08/01/2023,10,51,7.9,88,5.14,0.0,0.0,,6.1
08/01/2023,11,66,8.2,88,5.59,0.0,0.0,,6.3
08/01/2023,12,83,9.2,82,6.26,0.0,0.0,,6.3
08/01/2023,13,79,10.1,78,7.05,0.0,0.0,,6.4
08/01/2023,14,78,9.9,85,5.7,0.0,0.0,,7.4
08/01/2023,15,94,10.2,78,6.3,0.0,0.0,,6.4
08/01/2023,16,91,10.6,78,6.55,0.0,0.0,,6.8
08/01/2023,17,85,10.1,80,6.43,0.0,0.0,,6.8
08/01/2023,18,67,9.6,82,6.26,0.0,0.0,,6.8
08/01/2023,19,58,9.1,84,6.23,1.0,0.0,,6.5
08/01/2023,20,38,8.9,89,6.45,1.4,0.0,,7.2
08/01/2023,21,30,8.4,88,6.36,0.3,0.0,,6.4
08/01/2023,22,23,8.6,87,5.8,0.2,0.0,,6.6
08/01/2023,23,17,8.1,88,5.5,0.0,0.0,,6.3
08/01/2024,0,9,0.7,74,6.08,0.0,0.0,,-3.5
08/01/2024,1,6,-0.3,69,5.92,0.0,0.0,,-5.2
08/01/2024,2,4,-1.2,66,6.02,0.0,0.0,,-6.8
08/01/2024,3,3,-0.8,67,5.96,0.0,0.0,,-6.2
08/01/2024,4,6,-1.2,68,5.1,0.0,0.0,,-6.4
08/01/2024,5,6,-2.5,74,4.74,0.0,0.0,,-6.6
08/01/2024,6,16,-3.0,74,4.7,0.0,0.0,,-6.9
08/01/2024,7,59,-3.5,78,4.74,0.0,0.0,,-6.9
08/01/2024,8,200,-4.0,83,4.65,0.0,0.0,,-6.5
08/01/2024,9,171,-3.9,82,4.96,0.0,0.0,,-6.6
08/01/2024,10,52,-3.6,76,5.66,0.0,0.0,,-7.2
08/01/2024,11,41,-3.2,72,5.78,0.0,0.0,,-7.6
08/01/2024,12,50,-2.5,69,5.5,0.0,0.0,,-7.3
08/01/2024,13,51,-1.7,66,5.45,0.0,0.0,,-7.3
08/01/2024,14,49,-0.9,61,5.66,0.0,0.0,,-7.4
08/01/2024,15,47,-0.5,64,5.38,0.0,0.0,,-6.4
08/01/2024,16,60,-0.6,64,5.36,0.0,0.0,,-6.6
08/01/2024,17,110,-1.0,66,5.17,0.0,0.0,,-6.7
08/01/2024,18,181,-1.2,66,4.88,0.0,0.0,,-6.8
08/01/2024,19,156,-1.2,66,4.47,0.0,0.0,,-6.7
08/01/2024,20,76,-1.2,66,4.39,0.0,0.0,,-6.8
08/01/2024,21,41,-1.3,66,3.76,0.0,0.0,,-6.8
08/01/2024,22,32,-1.5,67,3.62,0.1,0.07,,-6.8
08/01/2024,23,18,-1.7,71,3.62,0.2,0.14,,-6.3
08/02/2023,0,26,-2.0,90,2.91,0.0,0.0,,-3.5
08/02/2023,1,9,-2.5,91,2.84,0.0,0.0,,-3.8
08/02/2023,2,5,-2.8,91,2.8,0.0,0.0,,-4.0
08/02/2023,3,3,-3.2,92,2.7,0.0,0.0,,-4.4
08/02/2023,4,3,-3.5,92,2.56,0.0,0.0,,-4.7
08/02/2023,5,6,-3.8,92,2.28,0.0,0.0,,-4.8
08/02/2023,6,16,-3.8,92,2.1,0.0,0.0,,-4.9
08/02/2023,7,71,-4.0,91,2.13,0.0,0.0,,-5.2
08/02/2023,8,241,-4.2,91,2.08,0.0,0.0,,-5.4
08/02/2023,9,222,-3.9,90,1.77,0.0,0.0,,-5.3
08/02/2023,10,83,-2.7,85,2.52,0.0,0.0,,-4.8
08/02/2023,11,68,-0.8,77,2.02,0.0,0.0,,-4.3
08/02/2023,12,95,1.0,67,2.31,0.0,0.0,,-4.3
08/02/2023,13,95,2.7,60,2.21,0.0,0.0,,-4.2
08/02/2023,14,88,4.4,53,2.39,0.0,0.0,,-4.2
08/02/2023,15,79,5.5,50,2.37,0.0,0.0,,-4.0
08/02/2023,16,95,6.0,49,2.46,0.0,0.0,,-3.8
08/02/2023,17,144,5.9,49,2.69,0.0,0.0,,-3.9
08/02/2023,18,226,5.2,55,1.96,0.0,0.0,,-3.2
08/02/2023,19,218,1.3,71,2.92,0.0,0.0,,-3.4
08/02/2023,20,115,-0.3,78,3.1,0.0,0.0,,-3.8
08/02/2023,21,60,-1.4,80,3.01,0.0,0.0,,-4.4
08/02/2023,22,57,-2.4,81,3.06,0.0,0.0,,-5.2
08/02/2023,23,51,-3.3,83,3.02,0.0,0.0,,-5.8
08/02/2024,0,21,12.0,94,4.47,0.1,0.0,,11.1
08/02/2024,1,11,12.1,93,5.02,0.0,0.0,,11.0
08/02/2024,2,8,11.9,94,4.6,0.0,0.0,,11.0
08/02/2024,3,5,11.9,95,4.18,0.3,0.0,,11.1
08/02/2024,4,4,12.1,94,4.4,0.0,0.0,,11.2
08/02/2024,5,6,12.1,95,3.76,0.1,0.0,,11.3
08/02/2024,6,15,12.1,94,4.13,0.3,0.0,,11.1
08/02/2024,7,57,12.2,93,5.33,0.7,0.0,,11.1
08/02/2024,8,192,12.2,90,6.33,0.6,0.0,,10.6
08/02/2024,9,172,11.9,89,6.06,0.1,0.0,,10.1
08/02/2024,10,53,11.9,87,5.95,0.1,0.0,,9.9
08/02/2024,11,48,12.0,89,5.68,0.6,0.0,,10.2
08/02/2024,12,69,11.9,88,6.49,1.1,0.0,,9.9
08/02/2024,13,76,12.9,82,7.93,0.0,0.0,,9.9
08/02/2024,14,64,13.8,77,8.51,0.0,0.0,,9.9
08/02/2024,15,52,13.4,78,7.99,0.2,0.0,,9.6
08/02/2024,16,68,12.8,79,7.42,0.1,0.0,,9.1
08/02/2024,17,107,11.9,84,7.05,0.5,0.0,,9.3
08/02/2024,18,171,11.2,89,5.97,0.5,0.0,,9.6
08/02/2024,19,161,11.1,90,5.43,0.7,0.0,,9.4
08/02/2024,20,95,11.1,88,5.8,0.1,0.0,,9.2
08/02/2024,21,57,11.3,88,6.85,0.0,0.0,,9.4
08/02/2024,22,50,11.4,83,7.03,0.0,0.0,,8.6
08/02/2024,23,39,10.9,82,7.24,0.2,0.0,,7.9
08/03/2023,0,21,6.2,81,4.52,0.2,0.0,,3.0
08/03/2023,1,7,5.7,88,4.44,0.8,0.0,,3.8
08/03/2023,2,4,5.4,88,5.0,1.4,0.0,,3.5
08/03/2023,3,2,5.5,90,5.84,0.7,0.0,,4.0
08/03/2023,4,2,5.4,90,6.07,0.5,0.0,,3.9
08/03/2023,5,6,5.4,90,6.22,1.6,0.0,,4.0
08/03/2023,6,17,5.5,92,5.3,2.0,0.0,,4.2
08/03/2023,7,75,5.8,93,3.93,1.4,0.0,,4.7
08/03/2023,8,248,7.9,90,7.77,0.2,0.0,,6.4
08/03/2023,9,227,9.1,91,8.1,0.0,0.0,,7.6
08/03/2023,10,88,10.7,88,8.13,0.0,0.0,,8.8
08/03/2023,11,74,11.4,87,7.77,0.4,0.0,,9.3
08/03/2023,12,96,12.9,79,8.8,0.0,0.0,,9.4
08/03/2023,13,94,13.7,74,7.88,0.0,0.0,,9.1
08/03/2023,14,82,13.6,82,6.3,0.0,0.0,,10.6
08/03/2023,15,55,13.8,82,7.36,2.5,0.0,,10.8
08/03/2023,16,67,14.4,81,6.36,1.1,0.0,,11.1
08/03/2023,17,121,13.3,79,6.36,0.9,0.0,,9.8
08/03/2023,18,173,12.9,82,6.85,0.1,0.0,,9.9
08/03/2023,19,204,12.7,80,7.08,0.0,0.0,,9.3
08/03/2023,20,116,11.9,82,6.55,0.0,0.0,,9.0
08/03/2023,21,55,11.9,82,7.38,0.0,0.0,,8.9
08/03/2023,22,44,11.0,89,6.65,2.7,0.0,,9.2
08/03/2023,23,52,10.6,84,7.02,4.2,0.0,,8.1
08/03/2024,0,35,6.1,76,4.5,0.0,0.0,,2.0
08/03/2024,1,19,5.2,77,4.0,0.0,0.0,,1.5
08/03/2024,2,11,4.4,79,3.6,0.0,0.0,,1.0
08/03/2024,3,7,4.3,83,3.7,0.0,0.0,,1.6
08/03/2024,4,5,3.9,86,3.6,0.0,0.0,,1.8
08/03/2024,5,10,3.5,88,3.1,0.0,0.0,,1.8
08/03/2024,6,18,3.0,89,3.13,0.0,0.0,,1.4
08/03/2024,7,62,2.6,90,2.53,0.0,0.0,,1.0
08/03/2024,8,179,2.2,90,3.13,0.0,0.0,,0.8
08/03/2024,9,154,2.7,87,3.41,0.0,0.0,,0.8
08/03/2024,10,76,4.7,81,3.2,0.0,0.0,,1.8
08/03/2024,11,71,7.1,75,3.82,0.0,0.0,,3.0
08/03/2024,12,97,9.4,71,4.59,0.0,0.0,,4.3
08/03/2024,13,97,11.2,66,5.08,0.0,0.0,,5.2
08/03/2024,14,95,13.1,56,5.73,0.0,0.0,,4.5
08/03/2024,15,85,13.6,58,4.6,0.0,0.0,,5.3
08/03/2024,16,103,13.5,57,4.27,0.0,0.0,,5.1
08/03/2024,17,151,13.2,57,4.74,0.0,0.0,,4.8
08/03/2024,18,182,13.2,58,4.11,0.0,0.0,,5.1
08/03/2024,19,161,12.5,61,2.94,0.0,0.0,,5.2
08/03/2024,20,104,11.6,61,4.56,0.0,0.0,,4.4
08/03/2024,21,63,11.4,59,6.58,0.0,0.0,,3.7
08/03/2024,22,56,10.8,60,7.08,0.0,0.0,,3.3
08/03/2024,23,50,10.1,61,6.87,0.0,0.0,,3.0
08/04/2023,0,35,5.8,91,1.97,0.0,0.0,,4.4
08/04/2023,1,23,5.2,93,2.06,0.0,0.0,,4.1
08/04/2023,2,21,5.1,94,2.12,0.0,0.0,,4.2
08/04/2023,3,12,4.4,95,1.97,0.0,0.0,,3.6
08/04/2023,4,10,3.8,95,1.97,0.0,0.0,,3.1
08/04/2023,5,10,3.3,95,2.01,0.0,0.0,,2.7
08/04/2023,6,11,2.8,96,1.88,0.0,0.0,,2.2
08/04/2023,7,17,2.0,97,2.02,0.0,0.0,,1.6
08/04/2023,8,33,3.0,97,1.75,0.0,0.0,,2.5
08/04/2023,9,51,4.9,91,1.84,0.0,0.0,,3.6
08/04/2023,10,66,7.2,87,2.06,0.0,0.0,,5.1
08/04/2023,11,75,9.7,68,3.33,0.0,0.0,,4.0
08/04/2023,12,90,11.1,62,3.26,0.0,0.0,,4.0
08/04/2023,13,89,12.1,57,3.11,0.0,0.0,,3.8
08/04/2023,14,98,12.9,61,2.77,0.0,0.0,,5.4
08/04/2023,15,113,13.8,57,2.41,0.0,0.0,,5.3
08/04/2023,16,116,14.1,54,2.41,0.0,0.0,,5.1
08/04/2023,17,117,13.8,55,2.92,0.0,0.0,,4.8
08/04/2023,18,117,13.7,56,3.26,0.0,0.0,,5.0
08/04/2023,19,106,12.8,58,3.89,0.0,0.0,,4.8
08/04/2023,20,78,11.1,68,3.32,0.0,0.0,,5.3
08/04/2023,21,47,8.6,78,2.48,0.0,0.0,,5.0
08/04/2023,22,38,7.5,82,2.34,0.0,0.0,,4.6
08/04/2023,23,36,6.8,85,2.22,0.0,0.0,,4.5
08/04/2024,0,12,12.4,88,1.52,3.6,0.0,,10.4
08/04/2024,1,8,12.1,88,1.1,1.3,0.0,,10.1
08/04/2024,2,6,11.4,92,1.6,0.0,0.0,,10.2
08/04/2024,3,4,11.6,90,2.16,0.0,0.0,,10.0
08/04/2024,4,4,11.1,92,2.12,0.0,0.0,,9.9
08/04/2024,5,8,9.2,97,2.26,0.0,0.0,,8.7
08/04/2024,6,17,8.8,97,2.41,0.0,0.0,,8.4
08/04/2024,7,54,8.1,99,2.28,0.0,0.0,,7.8
08/04/2024,8,192,9.6,98,1.56,0.0,0.0,,9.3
08/04/2024,9,189,11.0,96,2.5,0.0,0.0,,10.4
08/04/2024,10,60,12.5,90,2.15,0.0,0.0,,10.9
08/04/2024,11,48,13.7,82,3.83,0.2,0.0,,10.8
08/04/2024,12,70,13.2,88,3.55,2.8,0.0,,11.2
08/04/2024,13,76,15.2,84,4.91,0.0,0.0,,12.6
08/04/2024,14,76,18.2,74,5.3,0.0,0.0,,13.6
08/04/2024,15,76,20.3,65,5.4,0.2,0.0,,13.5
08/04/2024,16,92,21.3,58,5.3,0.1,0.0,,12.8
08/04/2024,17,142,21.0,58,5.5,0.1,0.0,,12.4
08/04/2024,18,229,21.2,54,5.62,0.0,0.0,,11.4
08/04/2024,19,210,19.6,60,4.34,0.0,0.0,,11.6
08/04/2024,20,118,18.0,65,4.46,0.0,0.0,,11.4
08/04/2024,21,67,15.9,75,4.03,0.0,0.0,,11.4
08/04/2024,22,58,14.5,79,4.18,0.0,0.0,,10.9
08/04/2024,23,43,13.5,78,4.74,0.0,0.0,,9.8
08/05/2023,0,24,11.5,96,1.84,0.0,0.0,,10.9
08/05/2023,1,15,10.9,98,1.56,0.0,0.0,,10.5
08/05/2023,2,10,11.4,97,1.72,0.0,0.0,,11.0
08/05/2023,3,7,10.9,98,1.66,0.0,0.0,,10.6
08/05/2023,4,5,10.8,98,1.97,0.0,0.0,,10.4
08/05/2023,5,6,10.7,98,1.68,0.0,0.0,,10.4
08/05/2023,6,7,10.3,99,1.93,0.0,0.0,,10.1
08/05/2023,7,12,10.1,99,2.51,0.0,0.0,,9.9
08/05/2023,8,27,10.2,99,1.88,0.0,0.0,,10.1
08/05/2023,9,45,10.8,95,2.31,0.0,0.0,,10.1
08/05/2023,10,60,12.2,88,2.06,0.0,0.0,,10.4
08/05/2023,11,71,14.4,80,2.35,0.0,0.0,,10.9
08/05/2023,12,84,16.5,69,2.67,0.0,0.0,,10.8
08/05/2023,13,84,18.0,66,2.94,0.0,0.0,,11.5
08/05/2023,14,91,17.5,71,1.51,0.0,0.0,,12.1
08/05/2023,15,106,18.1,67,1.81,0.1,0.0,,11.9
08/05/2023,16,111,18.6,65,2.61,0.0,0.0,,11.9
08/05/2023,17,113,18.5,66,2.82,0.0,0.0,,12.0
08/05/2023,18,113,18.5,66,2.77,0.0,0.0,,12.0
08/05/2023,19,100,18.1,68,2.33,0.0,0.0,,12.2
08/05/2023,20,76,17.5,74,1.78,0.0,0.0,,12.9
08/05/2023,21,54,16.5,79,1.86,0.0,0.0,,12.8
08/05/2023,22,43,15.4,84,1.58,0.0,0.0,,12.6
08/05/2023,23,30,14.4,87,2.06,0.0,0.0,,12.2
08/05/2024,0,39,12.6,86,3.8,0.0,0.0,,10.2
08/05/2024,1,24,11.6,81,3.61,0.0,0.0,,8.6
08/05/2024,2,17,10.6,83,2.9,0.0,0.0,,7.8
08/05/2024,3,10,10.4,79,2.8,0.0,0.0,,7.1
08/05/2024,4,8,9.4,84,2.6,0.0,0.0,,6.8
08/05/2024,5,10,8.4,89,2.31,0.0,0.0,,6.7
08/05/2024,6,13,8.0,92,2.24,0.0,0.0,,6.8
08/05/2024,7,20,8.1,95,2.35,0.0,0.0,,7.3
08/05/2024,8,35,9.2,92,3.6,0.0,0.0,,8.0
08/05/2024,9,50,9.9,90,3.83,0.0,0.0,,8.3
08/05/2024,10,58,11.4,82,3.52,0.0,0.0,,8.4
08/05/2024,11,65,13.1,75,3.63,0.0,0.0,,8.8
08/05/2024,12,73,14.6,71,3.86,0.0,0.0,,9.3
08/05/2024,13,69,15.6,67,4.06,0.0,0.0,,9.4
08/05/2024,14,73,16.2,63,4.26,0.0,0.0,,9.1
08/05/2024,15,80,13.8,69,3.42,0.0,0.0,,8.1
08/05/2024,16,82,14.2,67,3.42,0.0,0.0,,8.1
08/05/2024,17,85,14.7,64,3.98,0.0,0.0,,7.9
08/05/2024,18,87,14.4,65,3.96,0.0,0.0,,7.9
08/05/2024,19,85,14.4,64,3.9,0.0,0.0,,7.7
08/05/2024,20,69,13.9,66,3.55,0.0,0.0,,7.8
08/05/2024,21,48,13.0,72,2.13,0.0,0.0,,8.1
08/05/2024,22,40,11.5,80,1.63,0.0,0.0,,8.2
08/05/2024,23,38,10.9,82,1.94,0.0,0.0,,8.0
08/06/2023,0,54,18.9,58,3.42,0.0,0.0,,10.4
08/06/2023,1,23,18.0,62,3.36,0.0,0.0,,10.4
08/06/2023,2,12,17.5,67,2.98,0.0,0.0,,11.4
08/06/2023,3,6,16.0,76,2.55,0.0,0.0,,11.8
08/06/2023,4,5,15.4,81,2.5,0.0,0.0,,12.1
08/06/2023,5,9,14.9,85,2.44,0.0,0.0,,12.4
08/06/2023,6,25,14.4,88,2.24,0.0,0.0,,12.4
08/06/2023,7,96,15.3,82,3.22,0.0,0.0,,12.3
08/06/2023,8,311,16.8,76,2.83,0.0,0.0,,12.6
08/06/2023,9,275,18.5,71,3.2,0.0,0.0,,13.2
08/06/2023,10,111,20.4,66,3.12,0.0,0.0,,13.9
08/06/2023,11,95,22.4,61,3.25,0.0,0.0,,14.4
08/06/2023,12,121,23.9,51,3.89,0.0,0.0,,13.0
08/06/2023,13,118,24.8,46,3.72,0.0,0.0,,12.4
08/06/2023,14,114,25.6,43,3.51,0.0,0.0,,12.1
08/06/2023,15,105,26.2,40,2.79,0.0,0.0,,11.5
08/06/2023,16,129,26.8,38,2.97,0.0,0.0,,11.2
08/06/2023,17,205,27.1,36,3.81,0.0,0.0,,10.9
08/06/2023,18,314,27.0,36,4.25,0.0,0.0,,10.6
08/06/2023,19,293,26.2,37,4.79,0.0,0.0,,10.5
08/06/2023,20,175,25.6,38,4.18,0.0,0.0,,10.4
08/06/2023,21,110,24.1,45,2.88,0.0,0.0,,11.4
08/06/2023,22,101,22.0,52,2.46,0.0,0.0,,11.6
08/06/2023,23,99,20.5,60,2.77,0.0,0.0,,12.4
08/06/2024,0,68,12.6,81,2.6,0.0,0.0,,9.4
08/06/2024,1,44,11.4,88,1.84,0.0,0.0,,9.5
08/06/2024,2,34,9.9,93,2.39,0.0,0.0,,8.9
08/06/2024,3,18,9.9,91,1.94,0.0,0.0,,8.6
08/06/2024,4,13,9.4,92,1.73,0.0,0.0,,8.2
08/06/2024,5,13,8.9,92,1.8,0.0,0.0,,7.8
08/06/2024,6,15,9.4,91,1.12,0.0,0.0,,7.9
08/06/2024,7,23,9.6,91,0.91,0.0,0.0,,8.2
08/06/2024,8,41,11.2,83,1.02,0.0,0.0,,8.6
08/06/2024,9,67,13.5,72,0.82,0.0,0.0,,8.6
08/06/2024,10,84,15.5,63,0.7,0.0,0.0,,8.4
08/06/2024,11,99,17.0,60,1.33,0.0,0.0,,9.1
08/06/2024,12,112,18.2,59,2.01,0.0,0.0,,10.0
08/06/2024,13,109,19.2,58,2.19,0.0,0.0,,10.8
08/06/2024,14,113,20.2,55,2.69,0.0,0.0,,10.9
08/06/2024,15,132,20.7,51,2.82,0.0,0.0,,10.3
08/06/2024,16,141,21.0,48,3.64,0.0,0.0,,9.8
08/06/2024,17,141,20.0,52,4.8,0.0,0.0,,10.0
08/06/2024,18,142,18.5,60,5.5,0.0,0.0,,10.5
08/06/2024,19,142,18.0,60,5.35,0.0,0.0,,9.9
08/06/2024,20,112,17.1,60,4.63,0.0,0.0,,9.2
08/06/2024,21,81,15.9,65,3.31,0.0,0.0,,9.4
08/06/2024,22,64,14.1,73,2.31,0.0,0.0,,9.2
08/06/2024,23,66,12.7,79,1.91,0.0,0.0,,9.1
08/07/2023,0,66,22.5,59,2.64,0.0,0.0,,14.2
08/07/2023,1,43,21.0,66,2.02,0.0,0.0,,14.4
08/07/2023,2,33,21.0,63,2.5,0.0,0.0,,13.6
08/07/2023,3,17,20.1,67,2.15,0.0,0.0,,13.9
08/07/2023,4,12,20.3,67,2.4,0.0,0.0,,14.0
08/07/2023,5,11,19.7,71,2.32,0.0,0.0,,14.4
08/07/2023,6,14,21.6,63,1.92,0.0,0.0,,14.4
08/07/2023,7,19,21.3,69,1.73,0.0,0.0,,15.4
08/07/2023,8,39,23.4,61,1.22,0.0,0.0,,15.3
08/07/2023,9,61,25.0,57,1.57,0.0,0.0,,15.9
08/07/2023,10,80,26.6,54,2.33,0.0,0.0,,16.4
08/07/2023,11,93,28.0,51,2.52,0.0,0.0,,16.8
08/07/2023,12,104,29.2,47,3.04,0.0,0.0,,16.7
08/07/2023,13,96,30.3,42,3.83,0.0,0.0,,16.1
08/07/2023,14,99,30.8,39,2.31,0.0,0.0,,15.4
08/07/2023,15,112,31.8,37,3.49,0.0,0.0,,15.1
08/07/2023,16,117,32.1,35,3.41,0.0,0.0,,14.6
08/07/2023,17,118,32.5,32,3.96,0.0,0.0,,13.7
08/07/2023,18,123,32.2,33,4.61,0.3,0.0,,13.9
08/07/2023,19,126,31.8,32,4.15,0.0,0.0,,13.2
08/07/2023,20,106,29.5,42,3.31,0.2,0.0,,15.2
08/07/2023,21,76,26.7,58,3.78,0.0,0.0,,17.9
08/07/2023,22,65,25.1,65,2.38,0.0,0.0,,18.1
08/07/2023,23,64,24.1,70,2.28,0.0,0.0,,18.3
08/07/2024,0,33,14.9,73,1.66,0.0,0.0,,10.1
08/07/2024,1,19,13.6,79,1.78,0.0,0.0,,10.1
08/07/2024,2,11,12.8,84,1.86,0.0,0.0,,10.1
08/07/2024,3,7,12.2,90,1.75,0.0,0.0,,10.6
08/07/2024,4,5,11.7,92,2.01,0.0,0.0,,10.4
08/07/2024,5,10,11.4,92,2.06,0.0,0.0,,10.1
08/07/2024,6,20,11.9,90,1.3,0.0,0.0,,10.3
08/07/2024,7,64,12.1,91,0.85,0.0,0.0,,10.7
08/07/2024,8,214,14.0,84,1.08,0.0,0.0,,11.4
08/07/2024,9,211,16.0,76,1.36,0.0,0.0,,11.8
08/07/2024,10,77,18.0,66,1.84,0.0,0.0,,11.6
08/07/2024,11,67,19.8,58,2.73,0.0,0.0,,11.4
08/07/2024,12,79,21.0,51,3.18,0.0,0.0,,10.6
08/07/2024,13,78,20.6,49,3.08,0.0,0.0,,9.6
08/07/2024,14,78,20.9,48,2.84,0.0,0.0,,9.4
08/07/2024,15,76,21.1,50,1.27,0.0,0.0,,10.4
08/07/2024,16,93,21.4,49,0.86,0.0,0.0,,10.3
08/07/2024,17,143,21.9,48,0.81,0.0,0.0,,10.4
08/07/2024,18,246,22.1,48,1.93,0.0,0.0,,10.6
08/07/2024,19,219,23.0,45,0.89,0.0,0.0,,10.4
08/07/2024,20,124,22.9,46,0.64,0.0,0.0,,10.8
08/07/2024,21,78,21.3,63,1.0,0.0,0.0,,13.9
08/07/2024,22,66,19.1,63,1.94,0.0,0.0,,11.9
08/07/2024,23,54,17.1,71,2.24,0.0,0.0,,11.8
08/08/2023,0,18,16.1,76,1.61,0.0,0.0,,11.9
08/08/2023,1,10,15.9,79,1.3,0.0,0.0,,12.2
08/08/2023,2,6,15.8,81,1.75,0.0,0.0,,12.6
08/08/2023,3,4,13.4,91,2.21,0.0,0.0,,11.9
08/08/2023,4,4,13.7,91,1.77,0.0,0.0,,12.2
08/08/2023,5,7,14.6,87,1.24,0.0,0.0,,12.5
08/08/2023,6,15,14.8,86,1.22,0.0,0.0,,12.6
08/08/2023,7,44,14.8,87,1.68,0.0,0.0,,12.6
08/08/2023,8,130,15.5,85,2.11,0.0,0.0,,12.9
08/08/2023,9,134,16.2,79,2.6,0.0,0.0,,12.6
08/08/2023,10,58,17.4,71,2.6,0.0,0.0,,12.0
08/08/2023,11,51,18.5,65,3.01,0.0,0.0,,11.9
08/08/2023,12,67,20.4,58,4.78,0.0,0.0,,11.8
08/08/2023,13,63,20.6,56,4.74,0.0,0.0,,11.6
08/08/2023,14,63,21.5,55,4.26,0.0,0.0,,11.9
08/08/2023,15,65,22.5,50,4.46,0.0,0.0,,11.6
08/08/2023,16,79,22.5,50,4.52,0.0,0.0,,11.5
08/08/2023,17,119,22.7,49,4.03,0.0,0.0,,11.4
08/08/2023,18,186,22.4,54,3.4,0.0,0.0,,12.4
08/08/2023,19,145,22.1,56,3.3,0.0,0.0,,12.9
08/08/2023,20,83,21.5,57,3.21,0.0,0.0,,12.8
08/08/2023,21,56,20.0,65,3.22,0.3,0.0,,13.1
08/08/2023,22,51,18.4,76,2.15,0.2,0.0,,14.1
08/08/2023,23,42,17.6,83,1.41,0.0,0.0,,14.7
08/08/2024,0,45,18.8,67,1.36,0.0,0.0,,12.6
08/08/2024,1,23,17.6,73,1.52,0.0,0.0,,12.8
08/08/2024,2,16,17.6,72,2.15,0.0,0.0,,12.6
08/08/2024,3,8,18.3,75,0.82,0.0,0.0,,13.9
08/08/2024,4,6,18.0,77,0.57,0.0,0.0,,14.0
08/08/2024,5,10,17.6,80,0.94,0.0,0.0,,14.1
08/08/2024,6,19,17.3,83,0.98,0.0,0.0,,14.4
08/08/2024,7,41,17.5,83,0.81,0.0,0.0,,14.6
08/08/2024,8,93,17.7,82,0.67,0.0,0.0,,14.6
08/08/2024,9,102,18.9,72,0.63,0.0,0.0,,13.7
08/08/2024,10,64,20.0,64,0.99,0.0,0.0,,13.1
08/08/2024,11,69,21.1,58,1.36,0.0,0.0,,12.6
08/08/2024,12,87,22.6,51,2.39,0.0,0.0,,12.0
08/08/2024,13,86,23.3,47,2.48,0.0,0.0,,11.4
08/08/2024,14,89,24.0,46,2.76,0.0,0.0,,11.6
08/08/2024,15,91,25.2,45,3.09,0.0,0.0,,12.4
08/08/2024,16,103,26.0,44,3.18,0.0,0.0,,12.7
08/08/2024,17,133,27.1,41,3.19,0.0,0.0,,12.8
08/08/2024,18,156,26.8,42,4.03,0.0,0.0,,12.8
08/08/2024,19,143,26.0,44,4.39,0.0,0.0,,12.8
08/08/2024,20,111,25.8,47,2.39,0.0,0.0,,13.4
08/08/2024,21,78,23.4,57,1.71,0.0,0.0,,14.5
08/08/2024,22,85,21.9,62,2.37,0.0,0.0,,14.4
08/08/2024,23,81,21.2,62,2.83,0.0,0.0,,13.6
08/09/2023,0,62,21.1,72,2.33,0.0,0.0,,15.9
08/09/2023,1,35,20.2,77,2.61,0.0,0.0,,16.0
08/09/2023,2,19,21.5,69,1.75,0.0,0.0,,15.5
08/09/2023,3,10,19.8,76,2.22,0.0,0.0,,15.4
08/09/2023,4,6,19.0,80,2.25,0.0,0.0,,15.4
08/09/2023,5,11,18.2,83,2.53,0.0,0.0,,15.4
08/09/2023,6,24,18.0,84,2.53,0.0,0.0,,15.1
08/09/2023,7,90,17.7,84,2.79,0.0,0.0,,14.9
08/09/2023,8,253,19.0,79,1.3,0.0,0.0,,15.2
08/09/2023,9,213,21.4,71,1.34,0.0,0.0,,15.9
08/09/2023,10,106,24.0,65,1.02,0.0,0.0,,16.9
08/09/2023,11,98,26.7,59,1.17,0.0,0.0,,17.9
08/09/2023,12,119,29.3,51,1.56,0.0,0.0,,18.2
08/09/2023,13,111,31.1,43,1.97,0.0,0.0,,17.2
08/09/2023,14,106,32.8,37,1.12,0.0,0.0,,16.0
08/09/2023,15,107,33.7,34,1.46,0.0,0.0,,15.6
08/09/2023,16,133,33.8,34,2.02,0.0,0.0,,15.6
08/09/2023,17,200,33.8,33,2.2,0.0,0.0,,15.2
08/09/2023,18,254,33.5,33,2.04,0.0,0.0,,14.9
08/09/2023,19,231,32.0,43,1.2,0.0,0.0,,17.8
08/09/2023,20,161,28.5,51,2.0,0.0,0.0,,17.2
08/09/2023,21,84,26.6,51,2.3,0.0,0.0,,15.8
08/09/2023,22,75,26.1,50,2.52,0.0,0.0,,14.9
08/09/2023,23,96,23.8,60,3.22,0.0,0.0,,15.6
08/09/2024,0,58,16.7,91,2.47,0.0,0.0,,15.2
08/09/2024,1,42,15.6,94,2.02,0.0,0.0,,14.6
08/09/2024,2,34,14.9,94,2.4,0.0,0.0,,14.0
08/09/2024,3,21,13.5,92,2.09,0.0,0.0,,12.1
08/09/2024,4,16,13.1,93,2.84,0.0,0.0,,12.0
08/09/2024,5,11,13.1,92,3.38,0.0,0.0,,11.8
08/09/2024,6,10,12.9,91,3.13,0.0,0.0,,11.4
08/09/2024,7,13,12.6,92,2.84,0.0,0.0,,11.2
08/09/2024,8,24,12.8,91,3.81,0.0,0.0,,11.4
08/09/2024,9,41,14.2,85,4.75,0.0,0.0,,11.6
08/09/2024,10,65,15.8,77,6.15,0.1,0.0,,11.8
08/09/2024,11,80,16.9,73,6.13,0.0,0.0,,12.0
08/09/2024,12,107,18.5,64,6.38,0.0,0.0,,11.4
08/09/2024,13,99,19.7,56,6.57,0.0,0.0,,10.6
08/09/2024,14,104,20.0,55,6.71,0.0,0.0,,10.7
08/09/2024,15,127,19.5,61,5.86,0.0,0.0,,11.8
08/09/2024,16,134,20.4,64,5.15,0.0,0.0,,13.3
08/09/2024,17,84,18.8,73,6.23,1.4,0.0,,13.8
08/09/2024,18,103,19.0,73,5.01,0.0,0.0,,14.0
08/09/2024,19,94,18.2,72,4.88,0.0,0.0,,13.1
08/09/2024,20,49,17.2,77,4.7,0.0,0.0,,13.2
08/09/2024,21,39,16.5,83,4.94,0.7,0.0,,13.6
08/09/2024,22,29,16.1,87,5.41,2.1,0.0,,14.0
08/09/2024,23,28,15.8,88,5.8,0.4,0.0,,13.9
08/10/2023,0,64,13.4,88,2.64,0.0,0.0,,11.5
08/10/2023,1,49,15.1,79,1.91,0.0,0.0,,11.4
08/10/2023,2,43,14.8,82,1.5,0.0,0.0,,11.6
08/10/2023,3,26,14.5,83,0.71,0.0,0.0,,11.7
08/10/2023,4,16,13.8,87,0.58,0.0,0.0,,11.6
08/10/2023,5,11,13.3,89,0.72,0.0,0.0,,11.4
08/10/2023,6,10,12.9,90,0.73,0.0,0.0,,11.4
08/10/2023,7,19,11.1,97,1.4,0.0,0.0,,10.6
08/10/2023,8,35,10.1,98,2.09,0.0,0.0,,9.8
08/10/2023,9,56,12.5,91,1.81,0.0,0.0,,11.1
08/10/2023,10,88,15.2,80,1.0,0.0,0.0,,11.9
08/10/2023,11,115,18.1,71,0.64,0.0,0.0,,12.8
08/10/2023,12,141,20.5,63,1.2,0.0,0.0,,13.1
08/10/2023,13,135,22.4,57,1.53,0.0,0.0,,13.4
08/10/2023,14,141,24.0,51,1.68,0.0,0.0,,13.1
08/10/2023,15,170,25.1,46,1.8,0.0,0.0,,12.6
08/10/2023,16,176,25.6,43,1.77,0.0,0.0,,12.1
08/10/2023,17,182,25.5,42,2.04,0.0,0.0,,11.9
08/10/2023,18,178,24.0,53,1.77,0.0,0.0,,13.8
08/10/2023,19,156,20.1,64,2.52,0.0,0.0,,13.1
08/10/2023,20,91,17.5,71,3.1,0.0,0.0,,12.3
08/10/2023,21,67,17.5,69,2.53,0.0,0.0,,11.7
08/10/2023,22,52,17.0,69,2.1,0.0,0.0,,11.1
08/10/2023,23,38,16.5,68,1.94,0.0,0.0,,10.6
08/10/2024,0,16,15.9,93,4.43,0.0,0.0,,14.9
08/10/2024,1,10,15.7,91,5.52,0.0,0.0,,14.2
08/10/2024,2,7,14.8,92,4.64,0.0,0.0,,13.4
08/10/2024,3,4,14.4,95,3.78,0.0,0.0,,13.6
08/10/2024,4,4,14.1,94,3.89,0.0,0.0,,13.2
08/10/2024,5,8,13.5,94,3.72,0.0,0.0,,12.5
08/10/2024,6,19,13.2,94,3.96,0.0,0.0,,12.3
08/10/2024,7,77,12.9,95,4.12,0.0,0.0,,12.1
08/10/2024,8,267,12.7,93,4.36,0.0,0.0,,11.6
08/10/2024,9,228,13.1,90,4.86,0.0,0.0,,11.6
08/10/2024,10,90,14.6,84,5.45,0.0,0.0,,11.9
08/10/2024,11,74,16.0,79,6.02,0.0,0.0,,12.4
08/10/2024,12,101,17.2,73,6.41,0.0,0.0,,12.3
08/10/2024,13,100,18.1,66,6.93,0.0,0.0,,11.7
08/10/2024,14,93,19.2,60,6.93,0.1,0.0,,11.3
08/10/2024,15,90,18.5,65,6.44,0.1,0.0,,11.9
08/10/2024,16,114,19.1,60,6.24,0.0,0.0,,11.2
08/10/2024,17,178,19.0,63,6.46,0.0,0.0,,11.6
08/10/2024,18,263,18.4,63,5.99,0.0,0.0,,11.3
08/10/2024,19,205,17.0,68,5.49,0.0,0.0,,11.1
08/10/2024,20,121,15.9,72,6.39,0.0,0.0,,10.9
08/10/2024,21,73,14.8,81,6.79,0.0,0.0,,11.4
08/10/2024,22,67,13.8,84,6.49,0.0,0.0,,11.2
08/10/2024,23,53,13.6,87,6.18,0.0,0.0,,11.5
08/11/2023,0,28,7.3,88,4.18,0.0,0.0,,5.6
08/11/2023,1,13,6.9,91,4.2,0.0,0.0,,5.6
08/11/2023,2,7,6.7,92,4.2,0.0,0.0,,5.6
08/11/2023,3,3,7.6,91,3.42,0.0,0.0,,6.3
08/11/2023,4,4,7.2,93,3.34,0.0,0.0,,6.1
08/11/2023,5,7,7.0,93,3.47,0.0,0.0,,5.9
08/11/2023,6,19,6.8,92,3.58,0.0,0.0,,5.7
08/11/2023,7,84,6.7,93,3.67,0.0,0.0,,5.6
08/11/2023,8,266,6.4,94,4.15,0.0,0.0,,5.5
08/11/2023,9,238,6.3,94,4.44,0.0,0.0,,5.4
08/11/2023,10,91,7.1,93,5.67,0.0,0.0,,6.0
08/11/2023,11,78,8.0,91,7.18,0.0,0.0,,6.6
08/11/2023,12,105,9.1,84,6.87,0.0,0.0,,6.6
08/11/2023,13,108,9.4,83,5.9,0.0,0.0,,6.7
08/11/2023,14,92,9.6,81,6.6,0.0,0.0,,6.6
08/11/2023,15,85,11.1,82,6.84,0.1,0.0,,8.1
08/11/2023,16,103,11.9,80,5.91,0.0,0.0,,8.6
08/11/2023,17,151,12.1,79,6.7,0.7,0.0,,8.6
08/11/2023,18,244,12.1,82,6.07,2.1,0.0,,9.1
08/11/2023,19,218,12.1,82,6.02,1.1,0.0,,9.1
08/11/2023,20,113,12.1,79,7.38,4.7,0.0,,8.5
08/11/2023,21,65,11.9,78,8.44,2.2,0.0,,8.2
08/11/2023,22,65,11.8,77,8.62,0.0,0.0,,7.9
08/11/2023,23,57,11.9,76,8.47,0.0,0.0,,7.7
08/11/2024,0,36,8.3,85,2.79,0.0,0.0,,5.8
08/11/2024,1,20,8.3,84,2.35,0.0,0.0,,5.8
08/11/2024,2,13,8.4,84,1.89,0.0,0.0,,5.8
08/11/2024,3,7,8.0,86,2.45,0.0,0.0,,5.8
08/11/2024,4,6,8.1,86,2.68,0.0,0.0,,5.8
08/11/2024,5,10,8.1,85,2.97,0.0,0.0,,5.7
08/11/2024,6,20,8.1,85,3.0,0.0,0.0,,5.8
08/11/2024,7,64,8.2,86,2.61,0.0,0.0,,6.0
08/11/2024,8,180,8.5,86,2.29,0.0,0.0,,6.2
08/11/2024,9,156,8.6,87,1.97,0.0,0.0,,6.5
08/11/2024,10,81,9.0,86,2.14,0.0,0.0,,6.7
08/11/2024,11,76,9.5,85,2.24,0.0,0.0,,7.1
08/11/2024,12,101,10.1,84,2.5,0.0,0.0,,7.5
08/11/2024,13,96,10.8,83,2.56,0.0,0.0,,7.9
08/11/2024,14,93,11.3,82,2.56,0.0,0.0,,8.3
08/11/2024,15,89,10.6,83,2.93,0.0,0.0,,7.9
08/11/2024,16,108,10.8,83,2.42,0.0,0.0,,8.1
08/11/2024,17,148,10.8,84,2.06,0.0,0.0,,8.1
08/11/2024,18,174,10.6,85,1.86,0.0,0.0,,8.2
08/11/2024,19,155,10.4,88,1.24,0.0,0.0,,8.4
08/11/2024,20,103,10.1,90,1.71,0.0,0.0,,8.6
08/11/2024,21,67,10.0,91,1.41,0.0,0.0,,8.6
08/11/2024,22,57,9.9,91,1.14,0.0,0.0,,8.6
08/11/2024,23,48,9.9,92,1.2,0.0,0.0,,8.6
08/12/2023,0,27,5.9,90,2.96,3.0,0.0,,4.4
08/12/2023,1,17,6.1,92,1.99,2.6,0.0,,4.8
08/12/2023,2,13,6.2,94,2.02,0.4,0.0,,5.2
08/12/2023,3,6,5.6,95,2.02,0.3,0.0,,4.8
08/12/2023,4,5,5.7,95,2.13,0.0,0.0,,4.9
08/12/2023,5,8,5.3,96,1.88,0.0,0.0,,4.7
08/12/2023,6,16,4.7,97,2.27,0.0,0.0,,4.3
08/12/2023,7,62,4.7,98,2.0,0.0,0.0,,4.3
08/12/2023,8,186,4.3,99,2.2,0.0,0.0,,4.2
08/12/2023,9,163,4.6,98,1.98,0.0,0.0,,4.3
08/12/2023,10,81,5.2,99,1.7,0.0,0.0,,5.0
08/12/2023,11,71,6.6,98,1.92,0.0,0.0,,6.3
08/12/2023,12,98,7.2,97,3.0,0.0,0.0,,6.8
08/12/2023,13,95,7.8,96,3.13,0.0,0.0,,7.2
08/12/2023,14,94,8.3,94,3.13,0.0,0.0,,7.4
08/12/2023,15,96,9.8,91,3.14,0.0,0.0,,8.4
08/12/2023,16,112,10.2,88,3.18,0.0,0.0,,8.3
08/12/2023,17,157,10.2,88,2.88,0.0,0.0,,8.4
08/12/2023,18,189,9.0,92,2.28,0.0,0.0,,7.7
08/12/2023,19,167,7.3,95,2.34,0.0,0.0,,6.5
08/12/2023,20,110,6.8,95,2.9,0.0,0.0,,6.1
08/12/2023,21,67,6.4,94,2.78,0.0,0.0,,5.6
08/12/2023,22,55,6.1,94,2.94,0.0,0.0,,5.2
08/12/2023,23,53,6.1,94,3.16,0.0,0.0,,5.2
08/12/2024,0,28,7.2,86,5.38,0.1,0.0,,5.0
08/12/2024,1,23,7.2,86,5.55,0.1,0.0,,4.9
08/12/2024,2,23,7.2,85,5.24,0.1,0.0,,4.9
08/12/2024,3,15,6.9,88,6.07,0.5,0.0,,5.1
08/12/2024,4,10,7.1,84,5.66,0.0,0.0,,4.7
08/12/2024,5,7,7.4,82,5.71,0.0,0.0,,4.6
08/12/2024,6,7,7.4,82,5.49,0.0,0.0,,4.7
08/12/2024,7,9,7.7,82,5.8,0.0,0.0,,4.8
08/12/2024,8,14,7.4,82,5.7,0.0,0.0,,4.5
08/12/2024,9,18,7.1,88,6.13,1.6,0.0,,5.2
08/12/2024,10,22,7.7,85,6.15,0.0,0.0,,5.3
08/12/2024,11,28,8.1,81,6.36,0.0,0.0,,5.1
08/12/2024,12,41,8.4,78,6.31,0.1,0.0,,4.7
08/12/2024,13,40,8.1,82,6.06,0.3,0.0,,5.2
08/12/2024,14,42,8.1,82,6.17,0.5,0.0,,5.2
08/12/2024,15,47,7.6,85,6.86,1.3,0.0,,5.3
08/12/2024,16,42,7.3,86,6.13,0.3,0.0,,5.2
08/12/2024,17,48,7.3,85,5.55,0.2,0.0,,5.0
08/12/2024,18,53,7.1,86,5.43,0.1,0.0,,4.9
08/12/2024,19,55,6.9,88,5.66,0.1,0.0,,5.1
08/12/2024,20,38,6.6,90,5.11,0.0,0.0,,4.9
08/12/2024,21,32,6.7,89,4.96,0.0,0.0,,4.9
08/12/2024,22,29,6.6,89,4.75,0.0,0.0,,4.8
08/12/2024,23,20,6.3,88,4.45,0.0,0.0,,4.6
09/01/2023,0,8,7.1,89,4.88,0.0,0.0,,5.4
09/01/2023,1,5,6.4,90,4.92,0.0,0.0,,4.8
09/01/2023,2,4,6.2,86,5.94,0.0,0.0,,4.0
09/01/2023,3,2,6.3,82,6.93,0.0,0.0,,3.5
09/01/2023,4,2,6.8,80,7.4,0.0,0.0,,3.5
09/01/2023,5,5,6.9,80,7.18,0.0,0.0,,3.7
09/01/2023,6,15,6.8,80,6.88,0.0,0.0,,3.7
09/01/2023,7,66,7.4,77,7.21,0.0,0.0,,3.7
09/01/2023,8,237,7.1,77,6.81,0.0,0.0,,3.3
09/01/2023,9,208,6.6,77,6.66,0.0,0.0,,2.8
09/01/2023,10,69,6.3,76,6.54,0.0,0.0,,2.5
09/01/2023,11,58,6.9,74,6.82,0.0,0.0,,2.5
09/01/2023,12,74,7.6,71,6.71,0.0,0.0,,2.8
09/01/2023,13,74,7.8,70,8.84,0.0,0.0,,2.7
09/01/2023,14,59,8.2,72,7.31,0.0,0.0,,3.5
09/01/2023,15,44,8.4,71,7.45,0.0,0.0,,3.5
09/01/2023,16,68,8.4,69,7.71,0.1,0.0,,3.0
09/01/2023,17,127,8.1,70,8.21,0.0,0.0,,3.0
09/01/2023,18,194,7.2,76,7.78,0.0,0.0,,3.2
09/01/2023,19,192,6.6,75,7.12,0.0,0.0,,2.5
09/01/2023,20,100,6.1,77,5.98,0.0,0.0,,2.5
09/01/2023,21,49,5.7,78,5.22,0.0,0.0,,2.2
09/01/2023,22,40,5.6,77,5.1,0.0,0.0,,2.0
09/01/2023,23,26,5.3,78,4.72,0.0,0.0,,1.7
09/01/2024,0,9,-1.8,74,3.26,0.3,0.21,,-5.8
09/01/2024,1,5,-1.9,75,3.01,0.2,0.14,,-5.7
09/01/2024,2,4,-1.8,72,2.82,0.1,0.07,,-6.1
09/01/2024,3,3,-1.6,69,3.42,0.1,0.07,,-6.6
09/01/2024,4,3,-1.6,66,3.82,0.1,0.07,,-7.2
09/01/2024,5,5,-1.7,67,3.25,0.0,0.0,,-7.1
09/01/2024,6,13,-1.8,64,3.83,0.0,0.0,,-7.7
09/01/2024,7,47,-2.0,66,3.71,0.0,0.0,,-7.7
09/01/2024,8,168,-2.5,69,3.36,0.2,0.14,,-7.3
09/01/2024,9,161,-2.2,65,3.41,0.0,0.0,,-7.9
09/01/2024,10,53,-2.2,63,4.0,0.0,0.0,,-8.4
09/01/2024,11,43,-2.3,58,4.58,0.0,0.0,,-9.4
09/01/2024,12,55,-2.3,57,4.65,0.0,0.0,,-9.7
09/01/2024,13,57,-1.8,57,4.34,0.0,0.0,,-9.3
09/01/2024,14,51,-1.4,56,3.89,0.0,0.0,,-9.1
09/01/2024,15,48,-1.6,64,4.2,0.0,0.0,,-7.6
09/01/2024,16,61,-1.5,62,4.29,0.0,0.0,,-7.8
09/01/2024,17,97,-1.5,61,4.15,0.0,0.0,,-8.1
09/01/2024,18,158,-1.7,60,3.82,0.0,0.0,,-8.4
09/01/2024,19,144,-2.0,63,3.2,0.0,0.0,,-8.0
09/01/2024,20,72,-2.0,65,2.91,0.0,0.0,,-7.8
09/01/2024,21,42,-2.4,68,2.21,0.0,0.0,,-7.4
09/01/2024,22,36,-2.3,70,2.31,0.0,0.0,,-7.2
09/01/2024,23,26,-2.3,70,2.57,0.0,0.0,,-7.1
09/02/2023,0,25,-2.5,78,2.06,0.0,0.0,,-5.8
09/02/2023,1,10,-2.5,79,1.8,0.0,0.0,,-5.8
09/02/2023,2,5,-2.7,81,1.7,0.0,0.0,,-5.4
09/02/2023,3,3,-2.2,80,1.17,0.0,0.0,,-5.2
09/02/2023,4,3,-2.5,81,0.2,0.0,0.0,,-5.2
09/02/2023,5,6,-2.8,84,0.36,0.0,0.0,,-5.2
09/02/2023,6,16,-4.9,90,1.84,0.0,0.0,,-6.3
09/02/2023,7,67,-5.1,91,2.12,0.0,0.0,,-6.3
09/02/2023,8,242,-5.2,91,1.92,0.0,0.0,,-6.4
09/02/2023,9,214,-4.8,90,1.77,0.0,0.0,,-6.3
09/02/2023,10,82,-3.7,87,1.43,0.0,0.0,,-5.6
09/02/2023,11,65,-0.9,74,0.58,0.0,0.0,,-4.9
09/02/2023,12,91,1.5,70,0.32,0.0,0.0,,-3.3
09/02/2023,13,83,3.7,66,1.58,0.0,0.0,,-2.2
09/02/2023,14,81,5.0,59,0.58,0.0,0.0,,-2.3
09/02/2023,15,74,6.1,54,0.36,0.0,0.0,,-2.5
09/02/2023,16,94,6.6,52,0.61,0.0,0.0,,-2.6
09/02/2023,17,147,6.6,50,0.89,0.0,0.0,,-3.0
09/02/2023,18,223,5.4,70,1.2,0.0,0.0,,0.5
09/02/2023,19,208,2.5,73,2.48,0.0,0.0,,-1.8
09/02/2023,20,113,1.1,79,2.51,0.0,0.0,,-2.2
09/02/2023,21,64,-0.1,86,2.73,0.0,0.0,,-2.2
09/02/2023,22,57,0.2,86,1.97,0.0,0.0,,-2.0
09/02/2023,23,51,-0.5,88,1.5,0.0,0.0,,-2.3
09/02/2024,0,28,10.6,86,7.24,0.5,0.0,,8.2
09/02/2024,1,15,10.4,85,7.72,2.5,0.0,,7.9
09/02/2024,2,11,10.6,83,7.81,1.4,0.0,,7.8
09/02/2024,3,7,10.8,83,6.57,0.2,0.0,,7.9
09/02/2024,4,5,10.6,83,6.02,0.0,0.0,,7.8
09/02/2024,5,7,11.1,81,7.09,0.6,0.0,,8.0
09/02/2024,6,17,11.3,80,7.15,0.0,0.0,,8.1
09/02/2024,7,53,11.4,78,7.45,0.0,0.0,,7.8
09/02/2024,8,152,11.8,76,7.29,0.0,0.0,,7.6
09/02/2024,9,137,11.8,76,6.31,0.0,0.0,,7.7
09/02/2024,10,68,11.6,79,5.59,0.0,0.0,,8.1
09/02/2024,11,61,12.2,79,5.72,0.0,0.0,,8.8
09/02/2024,12,82,12.5,78,6.33,0.0,0.0,,8.8
09/02/2024,13,80,13.3,74,7.85,0.0,0.0,,8.8
09/02/2024,14,79,14.1,68,7.46,0.0,0.0,,8.3
09/02/2024,15,74,13.5,73,6.35,0.0,0.0,,8.7
09/02/2024,16,87,12.9,79,5.32,0.1,0.0,,9.4
09/02/2024,17,124,13.1,76,5.72,0.1,0.0,,8.9
09/02/2024,18,152,12.1,83,5.0,0.1,0.0,,9.2
09/02/2024,19,143,11.1,84,5.0,0.0,0.0,,8.6
09/02/2024,20,93,10.3,83,5.16,0.0,0.0,,7.6
09/02/2024,21,58,9.6,86,4.83,0.0,0.0,,7.2
09/02/2024,22,51,8.9,88,4.5,0.0,0.0,,7.2
09/02/2024,23,47,8.7,90,4.11,0.0,0.0,,7.2
09/03/2023,0,25,9.8,85,6.11,2.0,0.0,,7.4
09/03/2023,1,9,9.9,82,6.9,0.3,0.0,,7.1
09/03/2023,2,6,9.8,88,6.32,0.0,0.0,,7.8
09/03/2023,3,4,9.2,87,6.01,0.0,0.0,,7.1
09/03/2023,4,3,8.8,88,6.0,0.0,0.0,,6.8
09/03/2023,5,7,8.9,86,6.57,0.0,0.0,,6.7
09/03/2023,6,17,9.1,86,6.69,0.0,0.0,,6.8
09/03/2023,7,76,8.8,87,5.9,0.0,0.0,,6.8
09/03/2023,8,255,8.9,89,6.09,0.0,0.0,,7.2
09/03/2023,9,217,9.9,88,6.31,0.2,0.0,,7.9
09/03/2023,10,84,10.8,85,6.16,0.0,0.0,,8.2
09/03/2023,11,72,11.4,82,5.52,0.0,0.0,,8.4
09/03/2023,12,92,13.6,67,8.81,0.0,0.0,,7.4
09/03/2023,13,91,14.1,64,8.63,0.0,0.0,,7.2
09/03/2023,14,79,14.2,64,7.88,0.0,0.0,,7.4
09/03/2023,15,70,14.8,60,8.82,0.0,0.0,,7.2
09/03/2023,16,93,14.6,66,6.96,0.6,0.0,,8.4
09/03/2023,17,147,13.2,77,6.98,1.0,0.0,,9.3
09/03/2023,18,184,13.1,78,6.62,0.0,0.0,,9.3
09/03/2023,19,189,12.4,81,6.66,0.6,0.0,,9.2
09/03/2023,20,104,11.6,87,7.54,1.7,0.0,,9.5
09/03/2023,21,56,11.4,90,7.53,0.7,0.0,,9.7
09/03/2023,22,56,11.4,87,7.86,0.5,0.0,,9.4
09/03/2023,23,48,11.2,87,7.48,0.0,0.0,,9.1
09/03/2024,0,42,9.6,62,6.85,0.0,0.0,,2.8
09/03/2024,1,28,8.9,68,5.59,0.0,0.0,,3.4
09/03/2024,2,24,7.8,74,3.52,0.0,0.0,,3.5
09/03/2024,3,14,6.8,79,3.2,0.0,0.0,,3.5
09/03/2024,4,10,6.4,78,3.78,0.0,0.0,,2.9
09/03/2024,5,9,6.3,78,3.76,0.0,0.0,,2.7
09/03/2024,6,10,6.2,77,3.91,0.0,0.0,,2.5
09/03/2024,7,16,5.7,80,4.0,0.0,0.0,,2.5
09/03/2024,8,35,5.7,80,4.1,0.0,0.0,,2.5
09/03/2024,9,55,6.2,79,3.91,0.0,0.0,,2.8
09/03/2024,10,69,8.1,75,4.2,0.0,0.0,,3.9
09/03/2024,11,77,10.1,67,5.08,0.0,0.0,,4.2
09/03/2024,12,92,11.4,65,5.92,0.0,0.0,,4.9
09/03/2024,13,89,12.9,61,7.05,0.0,0.0,,5.4
09/03/2024,14,83,13.1,59,7.61,0.0,0.0,,5.2
09/03/2024,15,78,13.9,52,6.45,0.0,0.0,,4.2
09/03/2024,16,71,11.6,71,4.6,0.3,0.0,,6.4
09/03/2024,17,64,12.1,71,4.31,0.1,0.0,,7.1
09/03/2024,18,50,10.9,75,4.19,0.3,0.0,,6.6
09/03/2024,19,56,10.1,85,3.56,0.2,0.0,,7.8
09/03/2024,20,43,9.6,89,4.1,0.5,0.0,,7.9
09/03/2024,21,31,9.1,91,3.88,1.2,0.0,,7.8
09/03/2024,22,27,9.0,92,4.65,1.0,0.0,,7.8
09/03/2024,23,27,8.5,89,3.97,0.5,0.0,,6.8
09/04/2023,0,31,5.8,89,2.22,0.0,0.0,,4.0
09/04/2023,1,22,4.7,91,2.75,0.0,0.0,,3.4
09/04/2023,2,19,6.0,86,1.75,0.0,0.0,,3.8
09/04/2023,3,12,4.4,91,1.81,0.0,0.0,,3.0
09/04/2023,4,9,3.2,95,2.0,0.0,0.0,,2.5
09/04/2023,5,8,3.0,96,2.04,0.0,0.0,,2.5
09/04/2023,6,9,3.2,96,1.8,0.0,0.0,,2.7
09/04/2023,7,10,3.2,97,1.7,0.0,0.0,,2.7
09/04/2023,8,20,3.3,98,1.14,0.0,0.0,,3.0
09/04/2023,9,34,5.6,91,1.3,0.0,0.0,,4.3
09/04/2023,10,54,8.3,83,1.34,0.0,0.0,,5.7
09/04/2023,11,71,11.1,77,1.86,0.0,0.0,,7.2
09/04/2023,12,85,13.6,70,2.33,0.0,0.0,,8.2
09/04/2023,13,78,15.2,60,2.8,0.0,0.0,,7.5
09/04/2023,14,82,16.4,51,2.3,0.0,0.0,,6.2
09/04/2023,15,102,16.3,49,2.36,0.0,0.0,,5.6
09/04/2023,16,109,16.9,48,2.55,0.0,0.0,,5.8
09/04/2023,17,104,17.2,47,2.69,0.0,0.0,,5.7
09/04/2023,18,109,16.9,46,3.11,0.0,0.0,,5.1
09/04/2023,19,96,16.1,50,2.5,0.0,0.0,,5.7
09/04/2023,20,65,13.6,62,2.02,0.0,0.0,,6.6
09/04/2023,21,44,11.6,67,2.55,0.0,0.0,,5.8
09/04/2023,22,37,10.9,70,2.83,0.0,0.0,,5.6
09/04/2023,23,31,10.1,72,2.7,0.0,0.0,,5.3
09/04/2024,0,20,12.4,78,5.28,0.0,0.0,,8.6
09/04/2024,1,11,11.6,76,5.4,0.3,0.0,,7.6
09/04/2024,2,7,10.9,75,5.95,0.0,0.0,,6.7
09/04/2024,3,5,9.9,79,6.57,0.0,0.0,,6.4
09/04/2024,4,4,8.6,81,6.05,0.0,0.0,,5.4
09/04/2024,5,9,8.1,79,6.01,0.0,0.0,,4.6
09/04/2024,6,20,8.0,76,6.15,0.0,0.0,,4.0
09/04/2024,7,61,7.8,73,6.16,0.0,0.0,,3.2
09/04/2024,8,217,7.7,72,6.62,0.0,0.0,,3.0
09/04/2024,9,212,8.5,72,6.08,0.0,0.0,,3.7
09/04/2024,10,78,9.7,66,8.02,0.0,0.0,,3.5
09/04/2024,11,64,10.6,60,9.21,0.0,0.0,,3.1
09/04/2024,12,77,11.1,59,8.17,0.0,0.0,,3.3
09/04/2024,13,70,11.9,57,8.16,0.0,0.0,,3.7
09/04/2024,14,73,11.4,63,7.96,0.1,0.0,,4.6
09/04/2024,15,60,10.0,69,8.18,1.3,0.0,,4.5
09/04/2024,16,71,11.9,67,6.84,0.3,0.0,,5.9
09/04/2024,17,124,10.5,74,5.05,1.2,0.0,,6.0
09/04/2024,18,196,11.8,63,5.01,0.1,0.0,,5.0
09/04/2024,19,202,11.0,64,4.28,0.0,0.0,,4.6
09/04/2024,20,109,10.2,63,4.12,0.0,0.0,,3.5
09/04/2024,21,58,8.9,65,3.7,0.0,0.0,,2.7
09/04/2024,22,60,8.4,66,3.7,0.0,0.0,,2.3
09/04/2024,23,55,7.7,69,3.21,0.0,0.0,,2.2
09/05/2023,0,15,14.1,86,1.98,0.0,0.0,,11.8
09/05/2023,1,8,13.6,85,1.88,0.0,0.0,,11.1
09/05/2023,2,6,14.2,82,2.24,0.0,0.0,,11.1
09/05/2023,3,3,14.2,84,2.33,0.4,0.0,,11.4
09/05/2023,4,4,13.9,87,2.65,0.5,0.0,,11.9
09/05/2023,5,6,13.8,90,2.96,0.4,0.0,,12.2
09/05/2023,6,16,13.6,91,3.11,0.4,0.0,,12.1
09/05/2023,7,54,13.3,92,3.13,0.6,0.0,,11.9
09/05/2023,8,171,13.2,92,3.21,1.0,0.0,,11.9
09/05/2023,9,131,13.4,92,3.63,1.1,0.0,,12.1
09/05/2023,10,42,13.8,91,3.79,0.7,0.0,,12.4
09/05/2023,11,31,13.9,91,3.69,1.5,0.0,,12.4
09/05/2023,12,34,13.9,90,3.61,2.3,0.0,,12.4
09/05/2023,13,38,14.1,90,4.04,2.2,0.0,,12.4
09/05/2023,14,38,14.4,88,3.61,1.7,0.0,,12.4
09/05/2023,15,41,14.6,92,3.52,1.1,0.0,,13.3
09/05/2023,16,58,14.6,88,3.59,0.5,0.0,,12.6
09/05/2023,17,116,15.4,82,3.92,0.0,0.0,,12.4
09/05/2023,18,188,17.0,78,4.21,0.1,0.0,,13.1
09/05/2023,19,178,14.7,79,6.22,1.3,0.0,,11.1
09/05/2023,20,103,14.2,87,3.52,0.1,0.0,,12.1
09/05/2023,21,59,13.7,90,2.67,0.0,0.0,,12.1
09/05/2023,22,48,12.7,92,3.73,1.0,0.0,,11.4
09/05/2023,23,41,12.4,93,3.13,0.0,0.0,,11.2
09/05/2024,0,26,10.1,85,2.02,0.0,0.0,,7.8
09/05/2024,1,17,9.1,88,2.02,0.0,0.0,,7.2
09/05/2024,2,13,8.4,90,2.06,0.0,0.0,,6.8
09/05/2024,3,8,7.9,92,2.02,0.0,0.0,,6.8
09/05/2024,4,7,7.6,94,2.06,0.0,0.0,,6.7
09/05/2024,5,8,7.3,95,2.06,0.0,0.0,,6.6
09/05/2024,6,12,6.8,97,1.8,0.0,0.0,,6.3
09/05/2024,7,17,7.5,96,2.12,0.0,0.0,,6.9
09/05/2024,8,26,9.1,92,2.15,0.0,0.0,,7.8
09/05/2024,9,42,10.8,87,2.16,0.0,0.0,,8.7
09/05/2024,10,53,12.6,83,2.16,0.0,0.0,,9.7
09/05/2024,11,60,14.4,77,2.22,0.0,0.0,,10.6
09/05/2024,12,72,15.9,74,2.39,0.0,0.0,,11.2
09/05/2024,13,75,17.4,68,2.47,0.0,0.0,,11.4
09/05/2024,14,83,18.7,61,2.73,0.0,0.0,,11.1
09/05/2024,15,98,19.1,56,2.42,0.0,0.0,,10.0
09/05/2024,16,102,19.0,55,2.87,0.0,0.0,,9.6
09/05/2024,17,105,19.4,53,3.02,0.0,0.0,,9.4
09/05/2024,18,108,19.4,52,3.28,0.0,0.0,,9.2
09/05/2024,19,101,18.6,61,2.95,0.0,0.0,,10.9
09/05/2024,20,80,18.2,64,2.42,0.0,0.0,,11.2
09/05/2024,21,62,16.4,72,1.9,0.0,0.0,,11.2
09/05/2024,22,50,13.9,81,2.12,0.0,0.0,,10.8
09/05/2024,23,46,13.3,83,2.6,0.0,0.0,,10.4
09/06/2023,0,66,19.5,64,2.69,0.0,0.0,,12.5
09/06/2023,1,34,18.6,66,2.36,0.0,0.0,,12.1
09/06/2023,2,20,17.8,68,2.36,0.0,0.0,,11.9
09/06/2023,3,10,17.5,76,2.41,0.0,0.0,,13.2
09/06/2023,4,7,16.6,79,2.19,0.0,0.0,,13.1
09/06/2023,5,12,16.0,81,2.14,0.0,0.0,,12.8
09/06/2023,6,24,15.6,82,2.15,0.0,0.0,,12.5
09/06/2023,7,78,17.0,75,2.28,0.0,0.0,,12.6
09/06/2023,8,227,18.8,69,2.19,0.0,0.0,,13.0
09/06/2023,9,206,21.0,61,3.22,0.0,0.0,,13.1
09/06/2023,10,105,23.3,56,3.13,0.0,0.0,,13.9
09/06/2023,11,96,25.2,53,3.41,0.0,0.0,,14.9
09/06/2023,12,124,26.8,48,4.13,0.0,0.0,,14.7
09/06/2023,13,118,28.1,39,4.67,0.0,0.0,,12.9
09/06/2023,14,115,28.8,33,4.9,0.0,0.0,,10.8
09/06/2023,15,110,29.2,31,5.1,0.0,0.0,,10.2
09/06/2023,16,131,29.9,30,5.03,0.0,0.0,,10.4
09/06/2023,17,191,29.4,31,4.81,0.0,0.0,,10.4
09/06/2023,18,245,29.3,31,4.39,0.0,0.0,,10.4
09/06/2023,19,223,29.0,31,4.41,0.0,0.0,,10.4
09/06/2023,20,152,27.8,36,4.31,0.0,0.0,,11.3
09/06/2023,21,102,26.0,40,4.37,0.0,0.0,,11.4
09/06/2023,22,88,24.4,43,3.8,0.0,0.0,,10.9
09/06/2023,23,85,22.6,49,2.4,0.0,0.0,,11.3
09/06/2024,0,57,11.7,83,2.01,0.0,0.0,,8.9
09/06/2024,1,37,10.9,87,1.81,0.0,0.0,,8.8
09/06/2024,2,31,9.9,92,2.0,0.0,0.0,,8.6
09/06/2024,3,19,10.1,92,1.84,0.0,0.0,,8.9
09/06/2024,4,13,9.4,95,1.68,0.0,0.0,,8.6
09/06/2024,5,10,8.6,97,2.15,0.0,0.0,,8.2
09/06/2024,6,11,8.3,98,2.15,0.0,0.0,,8.1
09/06/2024,7,15,10.1,95,1.84,0.0,0.0,,9.4
09/06/2024,8,30,11.8,89,1.63,0.0,0.0,,10.0
09/06/2024,9,48,13.8,83,2.14,0.0,0.0,,10.9
09/06/2024,10,74,15.6,73,2.64,0.0,0.0,,10.9
09/06/2024,11,98,17.1,58,3.22,0.0,0.0,,8.8
09/06/2024,12,119,18.3,53,3.42,0.0,0.0,,8.4
09/06/2024,13,110,18.9,50,3.31,0.0,0.0,,8.1
09/06/2024,14,113,19.9,43,3.08,0.0,0.0,,7.0
09/06/2024,15,127,19.8,45,3.72,0.0,0.0,,7.5
09/06/2024,16,135,20.0,45,4.2,0.0,0.0,,7.6
09/06/2024,17,141,19.8,45,4.09,0.0,0.0,,7.6
09/06/2024,18,139,19.9,46,4.7,0.0,0.0,,7.8
09/06/2024,19,125,18.2,47,5.56,0.0,0.0,,6.8
09/06/2024,20,94,16.9,47,5.01,0.0,0.0,,5.4
09/06/2024,21,65,15.1,55,3.54,0.0,0.0,,6.1
09/06/2024,22,56,13.0,63,2.34,0.0,0.0,,6.1
09/06/2024,23,44,11.9,70,2.12,0.0,0.0,,6.6
09/07/2023,0,59,22.8,76,1.94,0.0,0.0,,18.4
09/07/2023,1,45,22.0,81,2.01,0.0,0.0,,18.6
09/07/2023,2,35,21.9,80,4.12,0.0,0.0,,18.2
09/07/2023,3,19,21.9,77,3.47,0.0,0.0,,17.8
09/07/2023,4,14,21.5,80,3.42,0.0,0.0,,17.9
09/07/2023,5,10,20.8,82,3.04,0.0,0.0,,17.6
09/07/2023,6,10,19.9,86,2.19,0.0,0.0,,17.4
09/07/2023,7,16,20.2,83,2.34,0.0,0.0,,17.3
09/07/2023,8,27,21.5,77,2.12,0.0,0.0,,17.3
09/07/2023,9,44,22.0,76,2.56,1.4,0.0,,17.5
09/07/2023,10,58,21.7,78,0.45,0.4,0.0,,17.8
09/07/2023,11,62,23.1,74,0.42,0.1,0.0,,18.2
09/07/2023,12,62,24.0,69,2.1,0.3,0.0,,18.0
09/07/2023,13,70,25.4,61,2.06,0.0,0.0,,17.4
09/07/2023,14,75,25.6,61,3.14,0.0,0.0,,17.6
09/07/2023,15,92,26.0,60,3.16,1.5,0.0,,17.6
09/07/2023,16,102,26.5,57,2.78,0.2,0.0,,17.2
09/07/2023,17,105,27.4,54,3.56,0.0,0.0,,17.1
09/07/2023,18,110,26.2,57,3.74,0.2,0.0,,17.0
09/07/2023,19,107,25.2,60,3.74,0.1,0.0,,16.9
09/07/2023,20,81,25.1,59,2.73,0.0,0.0,,16.5
09/07/2023,21,60,24.5,60,1.63,0.0,0.0,,16.1
09/07/2023,22,49,23.3,63,1.56,0.1,0.0,,15.9
09/07/2023,23,37,21.8,73,2.72,0.1,0.0,,16.6
09/07/2024,0,33,17.5,68,1.73,0.0,0.0,,11.6
09/07/2024,1,16,17.1,71,2.47,0.0,0.0,,11.9
09/07/2024,2,10,16.5,75,2.25,0.0,0.0,,12.1
09/07/2024,3,6,16.5,77,2.06,0.0,0.0,,12.4
09/07/2024,4,5,15.8,81,2.13,0.0,0.0,,12.6
09/07/2024,5,9,15.6,82,2.2,0.0,0.0,,12.6
09/07/2024,6,22,15.6,83,2.13,0.0,0.0,,12.8
09/07/2024,7,71,16.6,81,2.47,0.0,0.0,,13.3
09/07/2024,8,239,18.2,77,2.13,0.0,0.0,,14.2
09/07/2024,9,239,20.4,72,0.92,0.0,0.0,,15.2
09/07/2024,10,86,22.0,68,0.64,0.0,0.0,,15.9
09/07/2024,11,74,23.5,64,1.0,0.0,0.0,,16.4
09/07/2024,12,94,25.0,61,0.32,0.0,0.0,,17.0
09/07/2024,13,90,26.5,58,1.02,0.0,0.0,,17.5
09/07/2024,14,87,27.1,56,0.36,0.0,0.0,,17.7
09/07/2024,15,59,22.4,75,2.6,0.4,0.0,,17.8
09/07/2024,16,84,22.1,78,3.75,0.3,0.0,,18.1
09/07/2024,17,148,23.2,71,4.03,0.2,0.0,,17.6
09/07/2024,18,249,22.0,67,2.65,0.7,0.0,,15.6
09/07/2024,19,244,21.4,72,1.14,0.1,0.0,,16.1
09/07/2024,20,166,21.9,72,2.61,0.0,0.0,,16.5
09/07/2024,21,76,21.1,79,1.8,0.0,0.0,,17.5
09/07/2024,22,55,19.3,86,2.2,0.0,0.0,,16.9
09/07/2024,23,134,18.8,77,2.12,0.0,0.0,,14.8
09/08/2023,0,25,17.1,86,1.52,0.0,0.0,,14.8
09/08/2023,1,14,16.7,88,1.5,0.0,0.0,,14.6
09/08/2023,2,8,16.8,87,2.4,0.0,0.0,,14.6
09/08/2023,3,5,16.1,87,2.82,0.0,0.0,,14.1
09/08/2023,4,4,16.5,86,3.73,0.0,0.0,,14.1
09/08/2023,5,7,16.5,87,3.35,0.0,0.0,,14.2
09/08/2023,6,14,16.4,88,3.31,0.0,0.0,,14.4
09/08/2023,7,41,16.2,89,3.1,0.0,0.0,,14.4
09/08/2023,8,117,16.8,87,3.8,0.0,0.0,,14.6
09/08/2023,9,120,17.2,86,4.2,0.0,0.0,,14.8
09/08/2023,10,55,17.8,83,4.54,0.0,0.0,,14.9
09/08/2023,11,52,18.7,78,3.98,0.0,0.0,,14.9
09/08/2023,12,65,20.4,71,3.55,0.1,0.0,,14.9
09/08/2023,13,61,21.5,65,3.48,0.1,0.0,,14.6
09/08/2023,14,63,21.6,62,2.92,0.0,0.0,,14.1
09/08/2023,15,65,22.1,60,2.75,0.0,0.0,,14.0
09/08/2023,16,77,22.8,58,2.5,0.0,0.0,,14.1
09/08/2023,17,118,22.5,60,2.14,0.0,0.0,,14.3
09/08/2023,18,176,23.0,58,1.63,0.0,0.0,,14.2
09/08/2023,19,136,23.0,57,1.49,0.0,0.0,,13.9
09/08/2023,20,85,22.6,61,1.0,0.0,0.0,,14.8
09/08/2023,21,59,22.0,62,1.0,0.0,0.0,,14.4
09/08/2023,22,51,20.9,67,0.58,0.0,0.0,,14.5
09/08/2023,23,45,19.8,72,0.45,0.0,0.0,,14.6
09/08/2024,0,53,21.0,60,3.0,0.0,0.0,,13.0
09/08/2024,1,28,20.4,62,2.9,0.0,0.0,,12.9
09/08/2024,2,19,20.0,63,2.78,0.0,0.0,,12.8
09/08/2024,3,11,19.7,70,2.38,0.0,0.0,,14.1
09/08/2024,4,8,19.6,71,2.51,0.0,0.0,,14.2
09/08/2024,5,11,18.9,77,1.94,0.0,0.0,,14.7
09/08/2024,6,19,18.5,80,2.26,0.0,0.0,,14.9
09/08/2024,7,37,18.0,83,2.48,0.0,0.0,,15.1
09/08/2024,8,78,19.0,80,2.83,0.0,0.0,,15.6
09/08/2024,9,85,20.3,77,4.53,0.0,0.0,,16.0
09/08/2024,10,64,21.6,71,5.0,0.0,0.0,,16.2
09/08/2024,11,72,22.5,68,5.25,0.0,0.0,,16.2
09/08/2024,12,87,23.3,63,4.96,0.0,0.0,,15.9
09/08/2024,13,91,23.9,62,4.98,0.0,0.0,,16.1
09/08/2024,14,91,24.6,60,4.83,0.0,0.0,,16.4
09/08/2024,15,95,24.2,63,4.33,0.0,0.0,,16.9
09/08/2024,16,113,24.1,66,4.57,0.0,0.0,,17.2
09/08/2024,17,130,24.5,65,4.03,0.1,0.0,,17.5
09/08/2024,18,131,25.3,61,4.65,0.0,0.0,,17.1
09/08/2024,19,107,25.2,60,4.43,0.1,0.0,,16.9
09/08/2024,20,82,24.1,64,4.59,0.0,0.0,,16.9
09/08/2024,21,81,22.8,73,3.01,0.0,0.0,,17.7
09/08/2024,22,80,21.2,81,1.68,0.0,0.0,,17.8
09/08/2024,23,72,20.3,86,1.91,0.0,0.0,,17.8
09/09/2023,0,87,24.5,54,0.71,0.0,0.0,,14.7
09/09/2023,1,61,21.1,74,2.01,0.0,0.0,,16.2
09/09/2023,2,48,21.5,75,2.11,0.0,0.0,,16.8
09/09/2023,3,24,20.5,78,2.48,0.0,0.0,,16.6
09/09/2023,4,18,20.0,82,2.41,0.0,0.0,,16.7
09/09/2023,5,15,19.4,84,2.19,0.0,0.0,,16.6
09/09/2023,6,19,19.0,85,1.92,0.0,0.0,,16.5
09/09/2023,7,24,18.5,87,2.19,0.0,0.0,,16.3
09/09/2023,8,47,19.2,84,1.28,0.0,0.0,,16.5
09/09/2023,9,74,21.5,75,1.5,0.0,0.0,,16.8
09/09/2023,10,95,24.0,65,1.7,0.0,0.0,,17.0
09/09/2023,11,105,26.5,56,2.12,0.0,0.0,,17.1
09/09/2023,12,117,29.0,47,2.19,0.0,0.0,,16.7
09/09/2023,13,109,31.0,40,2.19,0.0,0.0,,16.0
09/09/2023,14,106,32.5,38,2.91,0.0,0.0,,16.3
09/09/2023,15,119,33.5,33,3.4,0.0,0.0,,15.2
09/09/2023,16,126,34.0,30,3.57,0.0,0.0,,14.1
09/09/2023,17,133,34.0,29,3.26,0.0,0.0,,13.5
09/09/2023,18,146,33.5,30,3.07,0.0,0.0,,13.4
09/09/2023,19,151,32.1,38,1.46,0.0,0.0,,16.1
09/09/2023,20,134,28.5,52,2.51,0.0,0.0,,17.7
09/09/2023,21,95,26.5,54,2.13,0.0,0.0,,16.5
09/09/2023,22,77,26.2,52,2.9,0.0,0.0,,15.4
09/09/2023,23,81,25.6,51,2.97,0.0,0.0,,14.8
09/09/2024,0,17,15.8,90,5.32,0.1,0.0,,14.1
09/09/2024,1,11,15.1,93,4.12,0.0,0.0,,13.9
09/09/2024,2,8,15.1,92,3.83,0.0,0.0,,13.9
09/09/2024,3,5,15.3,95,3.47,0.0,0.0,,14.4
09/09/2024,4,5,14.8,94,3.79,0.0,0.0,,13.8
09/09/2024,5,9,14.4,94,3.86,0.0,0.0,,13.4
09/09/2024,6,19,14.9,93,4.2,0.0,0.0,,13.8
09/09/2024,7,72,15.2,93,4.42,0.0,0.0,,14.1
09/09/2024,8,244,15.9,91,4.8,0.0,0.0,,14.4
09/09/2024,9,199,16.1,91,5.3,0.1,0.0,,14.6
09/09/2024,10,74,16.4,91,5.98,0.2,0.0,,14.9
09/09/2024,11,63,16.9,88,5.85,0.2,0.0,,14.9
09/09/2024,12,81,18.6,78,6.94,0.2,0.0,,14.6
09/09/2024,13,86,20.0,69,7.62,0.2,0.0,,14.1
09/09/2024,14,79,20.0,69,7.69,0.1,0.0,,14.1
09/09/2024,15,81,17.5,75,6.5,0.0,0.0,,13.1
09/09/2024,16,100,17.7,74,6.43,0.0,0.0,,13.1
09/09/2024,17,165,17.3,74,5.82,0.0,0.0,,12.7
09/09/2024,18,246,16.8,75,4.96,0.0,0.0,,12.3
09/09/2024,19,203,16.5,75,4.51,0.0,0.0,,12.2
09/09/2024,20,110,16.2,76,4.59,0.0,0.0,,12.1
09/09/2024,21,65,15.9,77,4.54,0.0,0.0,,11.9
09/09/2024,22,56,15.5,79,4.54,0.0,0.0,,11.9
09/09/2024,23,40,15.1,78,4.71,0.0,0.0,,11.4
09/10/2023,0,20,14.5,76,2.34,0.0,0.0,,10.3
09/10/2023,1,11,13.2,81,2.83,0.0,0.0,,10.0
09/10/2023,2,6,13.6,82,1.87,0.0,0.0,,10.5
09/10/2023,3,4,13.0,83,1.9,0.0,0.0,,10.2
09/10/2023,4,4,12.0,87,2.34,0.0,0.0,,9.9
09/10/2023,5,9,11.5,90,2.42,0.0,0.0,,9.9
09/10/2023,6,22,10.9,92,2.33,0.0,0.0,,9.7
09/10/2023,7,98,10.4,94,2.19,0.0,0.0,,9.6
09/10/2023,8,333,9.9,96,2.22,0.0,0.0,,9.4
09/10/2023,9,277,11.8,94,1.2,0.0,0.0,,10.8
09/10/2023,10,100,14.3,85,0.61,0.0,0.0,,11.9
09/10/2023,11,86,17.1,75,0.41,0.0,0.0,,12.6
09/10/2023,12,114,19.8,62,0.54,0.0,0.0,,12.4
09/10/2023,13,116,22.0,51,0.32,0.0,0.0,,11.3
09/10/2023,14,106,22.7,41,0.5,0.0,0.0,,8.9
09/10/2023,15,107,24.0,36,0.64,0.0,0.0,,7.8
09/10/2023,16,133,24.2,34,0.72,0.0,0.0,,7.4
09/10/2023,17,225,24.4,35,1.12,0.0,0.0,,7.7
09/10/2023,18,351,23.2,61,0.91,0.0,0.0,,15.2
09/10/2023,19,308,23.3,38,1.21,0.0,0.0,,8.0
09/10/2023,20,157,18.3,54,2.51,0.0,0.0,,8.9
09/10/2023,21,90,16.5,61,2.2,0.0,0.0,,8.9
09/10/2023,22,76,14.8,68,2.43,0.0,0.0,,8.9
09/10/2023,23,55,14.5,69,2.1,0.0,0.0,,8.9
09/10/2024,0,27,13.8,87,5.93,0.0,0.0,,11.6
09/10/2024,1,14,14.0,87,6.19,0.0,0.0,,11.8
09/10/2024,2,9,14.1,86,5.55,0.0,0.0,,11.7
09/10/2024,3,5,13.9,92,4.95,0.4,0.0,,12.6
09/10/2024,4,4,14.1,92,5.42,0.3,0.0,,12.8
09/10/2024,5,7,13.9,91,5.38,0.1,0.0,,12.5
09/10/2024,6,13,13.8,92,4.71,0.1,0.0,,12.6
09/10/2024,7,54,13.7,93,4.02,0.5,0.0,,12.6
09/10/2024,8,128,13.7,94,4.11,0.8,0.0,,12.8
09/10/2024,9,103,13.8,94,3.61,0.9,0.0,,12.8
09/10/2024,10,39,13.8,94,3.36,2.6,0.0,,12.9
09/10/2024,11,32,13.9,94,2.86,3.6,0.0,,12.9
09/10/2024,12,42,14.1,93,3.78,3.8,0.0,,13.1
09/10/2024,13,41,14.2,93,3.67,4.0,0.0,,13.1
09/10/2024,14,37,15.4,91,3.15,3.9,0.0,,13.9
09/10/2024,15,33,16.7,89,6.87,2.4,0.0,,14.8
09/10/2024,16,36,16.8,88,6.74,2.6,0.0,,14.8
09/10/2024,17,59,16.4,91,3.22,2.8,0.0,,14.9
09/10/2024,18,92,16.0,93,1.57,3.7,0.0,,14.9
09/10/2024,19,75,14.8,96,4.45,7.7,0.0,,14.2
09/10/2024,20,41,13.7,95,6.7,6.8,0.0,,12.9
09/10/2024,21,24,13.4,90,6.75,3.3,0.0,,11.7
09/10/2024,22,22,13.0,89,6.23,2.9,0.0,,11.2
09/10/2024,23,20,13.1,92,5.65,1.3,0.0,,11.9
09/11/2023,0,30,11.9,76,7.83,0.0,0.0,,7.8
09/11/2023,1,15,11.9,76,7.29,0.0,0.0,,7.8
09/11/2023,2,8,11.9,78,6.84,0.1,0.0,,8.1
09/11/2023,3,4,10.9,90,5.95,1.3,0.0,,9.4
09/11/2023,4,4,10.8,91,5.22,0.9,0.0,,9.4
09/11/2023,5,8,10.5,94,4.18,1.1,0.0,,9.5
09/11/2023,6,18,10.4,95,3.54,0.4,0.0,,9.6
09/11/2023,7,85,10.2,92,3.51,0.1,0.0,,9.0
09/11/2023,8,284,9.6,91,3.52,0.0,0.0,,8.1
09/11/2023,9,250,8.2,92,3.11,0.0,0.0,,6.9
09/11/2023,10,100,8.9,90,4.67,0.0,0.0,,7.4
09/11/2023,11,79,9.8,88,4.94,0.0,0.0,,7.9
09/11/2023,12,95,10.6,84,5.44,0.0,0.0,,8.0
09/11/2023,13,95,11.6,79,6.8,0.2,0.0,,8.1
09/11/2023,14,76,12.1,75,7.72,0.0,0.0,,7.8
09/11/2023,15,73,11.3,74,7.42,0.3,0.0,,6.8
09/11/2023,16,84,11.3,77,7.07,0.1,0.0,,7.5
09/11/2023,17,164,10.3,80,7.5,0.6,0.0,,7.1
09/11/2023,18,252,9.6,83,6.16,0.1,0.0,,6.9
09/11/2023,19,228,9.1,86,5.83,0.0,0.0,,6.8
09/11/2023,20,126,8.9,85,5.8,0.0,0.0,,6.4
09/11/2023,21,75,8.6,84,5.81,0.0,0.0,,6.0
09/11/2023,22,69,8.7,82,6.15,0.1,0.0,,5.8
09/11/2023,23,61,8.4,83,6.3,0.0,0.0,,5.8
09/11/2024,0,43,10.0,93,0.83,0.0,0.0,,8.9
09/11/2024,1,30,10.1,93,0.93,0.0,0.0,,8.9
09/11/2024,2,26,9.9,94,1.05,0.0,0.0,,9.0
09/11/2024,3,15,9.6,93,1.16,0.0,0.0,,8.6
09/11/2024,4,12,9.5,95,0.73,0.0,0.0,,8.8
09/11/2024,5,11,8.8,98,1.26,0.0,0.0,,8.4
09/11/2024,6,12,9.0,98,0.9,0.0,0.0,,8.6
09/11/2024,7,17,9.2,96,1.45,0.0,0.0,,8.6
09/11/2024,8,33,9.1,96,1.5,0.0,0.0,,8.5
09/11/2024,9,54,9.2,95,1.77,0.0,0.0,,8.4
09/11/2024,10,65,9.8,92,1.81,0.0,0.0,,8.6
09/11/2024,11,76,10.6,88,2.08,0.0,0.0,,8.7
09/11/2024,12,89,11.4,86,2.12,0.0,0.0,,9.2
09/11/2024,13,88,12.5,83,1.86,0.0,0.0,,9.8
09/11/2024,14,92,13.5,82,1.79,0.0,0.0,,10.4
09/11/2024,15,102,11.9,88,1.12,0.0,0.0,,9.9
09/11/2024,16,106,12.1,88,0.61,0.0,0.0,,10.1
09/11/2024,17,104,12.1,88,0.51,0.0,0.0,,10.1
09/11/2024,18,102,11.8,90,0.85,0.0,0.0,,10.1
09/11/2024,19,99,11.4,93,0.92,0.0,0.0,,10.3
09/11/2024,20,80,11.3,94,0.92,0.0,0.0,,10.3
09/11/2024,21,56,11.4,93,1.35,0.0,0.0,,10.4
09/11/2024,22,49,10.1,97,1.6,0.0,0.0,,9.7
09/11/2024,23,47,9.4,99,1.93,0.0,0.0,,9.2
09/12/2023,0,46,6.2,95,3.47,0.0,0.0,,5.4
09/12/2023,1,30,6.4,95,4.0,0.0,0.0,,5.6
09/12/2023,2,28,6.4,94,4.0,0.0,0.0,,5.5
09/12/2023,3,15,6.6,94,4.2,0.0,0.0,,5.7
09/12/2023,4,11,6.3,94,4.24,0.0,0.0,,5.4
09/12/2023,5,9,6.3,94,4.88,0.0,0.0,,5.4
09/12/2023,6,8,6.8,93,5.16,0.1,0.0,,5.7
09/12/2023,7,10,7.1,93,5.35,0.2,0.0,,6.0
09/12/2023,8,16,7.4,93,5.5,0.5,0.0,,6.3
09/12/2023,9,22,7.8,92,6.1,2.5,0.0,,6.6
09/12/2023,10,23,8.1,92,7.2,3.4,0.0,,6.9
09/12/2023,11,27,8.5,92,8.71,2.8,0.0,,7.2
09/12/2023,12,40,9.2,90,9.14,4.9,0.0,,7.8
09/12/2023,13,48,10.4,89,10.16,0.4,0.0,,8.6
09/12/2023,14,46,11.4,89,8.77,0.1,0.0,,9.6
09/12/2023,15,50,12.4,92,7.09,2.3,0.0,,11.2
09/12/2023,16,44,14.1,90,7.94,0.5,0.0,,12.4
09/12/2023,17,59,14.0,90,6.49,2.2,0.0,,12.4
09/12/2023,18,69,13.5,92,6.94,1.7,0.0,,12.3
09/12/2023,19,77,12.4,82,8.94,0.5,0.0,,9.4
09/12/2023,20,66,10.9,81,8.94,0.0,0.0,,7.8
09/12/2023,21,42,10.6,78,8.63,0.0,0.0,,6.9
09/12/2023,22,34,10.5,77,8.61,0.0,0.0,,6.7
09/12/2023,23,37,9.6,79,8.63,0.0,0.0,,6.1
09/12/2024,0,12,6.2,89,4.46,0.0,0.0,,4.4
09/12/2024,1,8,5.9,87,4.23,0.0,0.0,,4.0
09/12/2024,2,5,5.7,85,4.03,0.0,0.0,,3.4
09/12/2024,3,3,6.4,86,4.51,0.0,0.0,,4.2
09/12/2024,4,4,5.8,85,4.78,0.0,0.0,,3.4
09/12/2024,5,7,5.0,88,4.78,0.0,0.0,,3.2
09/12/2024,6,17,5.0,89,4.75,0.0,0.0,,3.4
09/12/2024,7,59,5.2,88,4.21,0.0,0.0,,3.3
09/12/2024,8,199,5.8,86,4.07,0.1,0.0,,3.7
09/12/2024,9,189,6.0,86,4.81,0.1,0.0,,3.8
09/12/2024,10,66,5.6,83,5.6,0.0,0.0,,2.8
09/12/2024,11,54,5.1,76,4.87,0.0,0.0,,1.3
09/12/2024,12,75,5.7,75,4.2,0.0,0.0,,1.5
09/12/2024,13,75,6.2,75,4.88,0.0,0.0,,2.0
09/12/2024,14,66,6.4,75,5.31,0.0,0.0,,2.4
09/12/2024,15,65,6.4,81,5.32,0.1,0.0,,3.3
09/12/2024,16,78,6.3,81,4.4,0.0,0.0,,3.4
09/12/2024,17,112,6.2,83,4.7,0.0,0.0,,3.5
09/12/2024,18,184,5.8,84,4.35,0.1,0.0,,3.2
09/12/2024,19,167,5.2,88,4.48,0.5,0.0,,3.3
09/12/2024,20,91,4.9,90,4.16,0.1,0.0,,3.5
09/12/2024,21,54,5.1,89,4.18,0.0,0.0,,3.5
09/12/2024,22,44,5.1,89,4.07,0.0,0.0,,3.4
09/12/2024,23,33,5.0,88,3.66,0.0,0.0,,3.1
10/01/2023,0,13,5.4,74,4.9,0.0,0.0,,1.1
10/01/2023,1,6,5.2,73,4.83,0.0,0.0,,0.8
10/01/2023,2,4,4.4,83,3.88,0.0,0.0,,1.7
10/01/2023,3,3,4.1,84,3.86,0.0,0.0,,1.5
10/01/2023,4,2,3.8,85,4.27,0.0,0.0,,1.5
10/01/2023,5,6,3.8,86,3.97,0.0,0.0,,1.6
10/01/2023,6,16,3.8,87,3.86,0.0,0.0,,1.9
10/01/2023,7,69,4.2,86,3.61,0.0,0.0,,2.1
10/01/2023,8,248,4.5,86,3.77,0.0,0.0,,2.3
10/01/2023,9,222,5.1,83,4.21,0.0,0.0,,2.5
10/01/2023,10,66,5.4,83,4.39,0.0,0.0,,2.8
10/01/2023,11,48,6.0,84,4.73,0.3,0.0,,3.5
10/01/2023,12,69,6.1,90,5.1,0.4,0.0,,4.6
10/01/2023,13,70,6.5,90,6.0,0.8,0.0,,5.1
10/01/2023,14,59,6.8,91,6.83,0.3,0.0,,5.4
10/01/2023,15,57,7.9,91,7.5,0.4,0.0,,6.6
10/01/2023,16,73,8.4,90,7.37,0.1,0.0,,6.8
10/01/2023,17,125,8.7,92,6.55,0.3,0.0,,7.6
10/01/2023,18,217,9.5,92,6.65,0.0,0.0,,8.2
10/01/2023,19,208,10.0,92,6.84,0.0,0.0,,8.8
10/01/2023,20,104,10.4,92,6.63,0.0,0.0,,9.2
10/01/2023,21,56,11.1,91,6.44,0.0,0.0,,9.6
10/01/2023,22,50,11.2,90,6.18,0.0,0.0,,9.8
10/01/2023,23,41,11.6,90,7.29,0.2,0.0,,10.1
10/01/2024,0,14,-3.5,76,2.25,0.0,0.0,,-7.1
10/01/2024,1,7,-3.8,78,2.15,0.0,0.0,,-7.1
10/01/2024,2,5,-4.0,79,2.02,0.0,0.0,,-7.1
10/01/2024,3,3,-3.5,81,1.63,0.0,0.0,,-6.2
10/01/2024,4,3,-3.8,82,1.77,0.0,0.0,,-6.4
10/01/2024,5,5,-3.9,81,1.98,0.0,0.0,,-6.7
10/01/2024,6,14,-3.9,80,1.64,0.0,0.0,,-6.8
10/01/2024,7,49,-3.3,78,1.63,0.0,0.0,,-6.6
10/01/2024,8,160,-3.0,76,1.8,0.0,0.0,,-6.7
10/01/2024,9,161,-3.5,73,2.11,0.0,0.0,,-7.6
10/01/2024,10,58,-3.1,64,2.16,0.0,0.0,,-8.9
10/01/2024,11,49,-2.0,57,2.52,0.0,0.0,,-9.4
10/01/2024,12,66,-1.2,57,3.18,0.0,0.0,,-8.6
10/01/2024,13,66,-0.6,56,3.11,0.0,0.0,,-8.4
10/01/2024,14,61,0.1,56,3.06,0.0,0.0,,-7.8
10/01/2024,15,56,0.1,69,2.1,0.0,0.0,,-5.1
10/01/2024,16,64,0.5,69,2.69,0.0,0.0,,-4.6
10/01/2024,17,98,0.4,69,2.79,0.0,0.0,,-4.7
10/01/2024,18,161,0.2,70,2.38,0.0,0.0,,-4.6
10/01/2024,19,147,-1.2,78,1.64,0.0,0.0,,-4.6
10/01/2024,20,80,-2.5,82,2.05,0.0,0.0,,-5.1
10/01/2024,21,47,-3.2,82,2.55,0.0,0.0,,-5.8
10/01/2024,22,45,-2.5,76,2.84,0.0,0.0,,-6.1
10/01/2024,23,33,-2.3,76,2.56,0.0,0.0,,-6.0
10/02/2023,0,30,-0.6,88,1.84,0.0,0.0,,-2.4
10/02/2023,1,15,0.5,90,2.04,0.0,0.0,,-1.0
10/02/2023,2,9,3.2,89,1.7,0.0,0.0,,1.5
10/02/2023,3,5,3.2,88,1.0,0.0,0.0,,1.5
10/02/2023,4,4,2.0,93,1.77,0.0,0.0,,1.1
10/02/2023,5,7,3.2,90,1.9,0.0,0.0,,1.7
10/02/2023,6,15,2.9,93,1.73,0.0,0.0,,1.9
10/02/2023,7,59,3.2,91,1.32,0.0,0.0,,1.9
10/02/2023,8,192,3.4,89,1.92,0.0,0.0,,1.8
10/02/2023,9,169,3.2,89,1.87,0.0,0.0,,1.6
10/02/2023,10,75,3.7,86,2.77,0.0,0.0,,1.6
10/02/2023,11,67,4.9,81,2.8,0.0,0.0,,2.0
10/02/2023,12,91,5.7,78,2.63,0.0,0.0,,2.0
10/02/2023,13,85,7.2,73,2.91,0.0,0.0,,2.7
10/02/2023,14,82,8.2,74,1.7,0.0,0.0,,3.8
10/02/2023,15,79,8.5,75,1.34,0.0,0.0,,4.2
10/02/2023,16,102,8.9,74,1.84,0.0,0.0,,4.5
10/02/2023,17,145,9.4,71,1.84,0.0,0.0,,4.4
10/02/2023,18,184,8.9,78,1.08,0.0,0.0,,5.2
10/02/2023,19,161,5.3,86,2.5,0.0,0.0,,3.2
10/02/2023,20,101,3.8,92,2.53,0.0,0.0,,2.7
10/02/2023,21,58,4.1,93,2.1,0.0,0.0,,3.0
10/02/2023,22,48,4.1,92,2.0,0.0,0.0,,2.8
10/02/2023,23,44,4.0,92,1.64,0.0,0.0,,2.8
10/02/2024,0,38,8.6,91,3.73,0.0,0.0,,7.2
10/02/2024,1,28,8.9,90,3.6,0.0,0.0,,7.4
10/02/2024,2,25,8.6,92,3.03,0.0,0.0,,7.3
10/02/2024,3,16,7.8,94,2.0,0.3,0.0,,6.9
10/02/2024,4,13,7.4,96,1.84,0.0,0.0,,6.8
10/02/2024,5,10,7.8,96,2.47,0.0,0.0,,7.2
10/02/2024,6,10,7.8,96,1.91,0.0,0.0,,7.2
10/02/2024,7,13,6.7,98,1.41,0.0,0.0,,6.4
10/02/2024,8,26,6.4,99,1.56,0.0,0.0,,6.2
10/02/2024,9,42,6.8,97,2.48,0.0,0.0,,6.4
10/02/2024,10,47,7.2,96,2.25,0.0,0.0,,6.7
10/02/2024,11,57,7.9,95,2.64,0.0,0.0,,7.1
10/02/2024,12,61,8.6,94,1.87,0.3,0.0,,7.8
10/02/2024,13,50,8.9,92,0.85,1.2,0.0,,7.8
10/02/2024,14,48,9.3,91,1.2,0.5,0.0,,7.8
10/02/2024,15,45,9.6,92,0.5,0.5,0.0,,8.4
10/02/2024,16,40,9.9,91,0.58,0.9,0.0,,8.4
10/02/2024,17,46,9.8,92,2.24,1.6,0.0,,8.6
10/02/2024,18,46,8.9,90,6.49,1.8,0.0,,7.3
10/02/2024,19,52,7.8,88,5.47,0.5,0.0,,5.9
10/02/2024,20,52,7.3,87,4.4,0.3,0.0,,5.3
10/02/2024,21,34,7.2,85,2.89,0.1,0.0,,4.9
10/02/2024,22,31,6.4,90,1.72,0.0,0.0,,4.9
10/02/2024,23,32,5.4,93,2.35,0.0,0.0,,4.4
10/03/2023,0,25,10.9,87,7.53,0.2,0.0,,8.9
10/03/2023,1,12,10.8,85,7.84,0.1,0.0,,8.4
10/03/2023,2,7,10.6,86,8.25,0.1,0.0,,8.4
10/03/2023,3,5,10.5,85,8.44,0.0,0.0,,8.0
10/03/2023,4,4,9.6,84,8.36,0.0,0.0,,7.0
10/03/2023,5,7,8.8,84,7.28,0.0,0.0,,6.2
10/03/2023,6,13,8.6,84,7.1,0.0,0.0,,6.1
10/03/2023,7,52,9.1,82,7.68,0.2,0.0,,6.2
10/03/2023,8,159,8.5,88,8.08,0.9,0.0,,6.7
10/03/2023,9,143,8.9,89,9.44,0.3,0.0,,7.1
10/03/2023,10,62,8.8,89,8.87,0.1,0.0,,7.1
10/03/2023,11,55,8.2,83,9.43,0.0,0.0,,5.6
10/03/2023,12,76,7.9,75,10.5,0.0,0.0,,3.7
10/03/2023,13,71,7.9,68,11.62,0.0,0.0,,2.3
10/03/2023,14,65,8.0,70,10.6,0.0,0.0,,2.8
10/03/2023,15,62,7.6,67,11.36,0.1,0.0,,1.8
10/03/2023,16,79,7.2,63,11.83,0.0,0.0,,0.7
10/03/2023,17,112,6.7,68,9.62,0.1,0.0,,1.1
10/03/2023,18,152,6.2,68,7.32,0.1,0.0,,0.8
10/03/2023,19,140,5.8,70,5.16,0.0,0.0,,0.8
10/03/2023,20,84,5.3,71,3.28,0.0,0.0,,0.6
10/03/2023,21,48,5.0,73,2.24,0.0,0.0,,0.5
10/03/2023,22,41,4.7,76,1.26,0.0,0.0,,0.8
10/03/2023,23,38,4.6,78,1.32,0.0,0.0,,1.0
10/03/2024,0,25,8.3,90,4.56,0.3,0.0,,6.8
10/03/2024,1,21,8.1,90,3.84,0.3,0.0,,6.5
10/03/2024,2,20,7.8,91,2.91,0.3,0.0,,6.5
10/03/2024,3,12,7.2,91,3.11,0.1,0.0,,5.9
10/03/2024,4,9,7.0,92,2.28,0.0,0.0,,5.8
10/03/2024,5,7,6.3,94,1.84,0.0,0.0,,5.5
10/03/2024,6,7,6.5,94,1.48,0.0,0.0,,5.7
10/03/2024,7,9,6.4,95,1.2,0.0,0.0,,5.7
10/03/2024,8,17,6.4,95,1.39,0.0,0.0,,5.8
10/03/2024,9,27,6.2,96,1.84,0.0,0.0,,5.6
10/03/2024,10,43,6.8,93,1.51,0.0,0.0,,5.8
10/03/2024,11,53,7.6,91,1.08,0.0,0.0,,6.2
10/03/2024,12,70,8.1,90,0.45,0.1,0.0,,6.6
10/03/2024,13,62,8.2,88,0.85,0.1,0.0,,6.4
10/03/2024,14,67,8.9,87,1.2,0.3,0.0,,6.8
10/03/2024,15,83,8.8,87,1.89,0.3,0.0,,6.8
10/03/2024,16,83,10.1,78,2.0,0.5,0.0,,6.3
10/03/2024,17,84,10.5,73,2.26,0.1,0.0,,5.8
10/03/2024,18,83,10.4,74,2.15,0.1,0.0,,5.9
10/03/2024,19,74,9.7,80,1.08,0.1,0.0,,6.5
10/03/2024,20,51,9.1,80,1.43,0.0,0.0,,5.8
10/03/2024,21,37,8.4,83,1.28,0.0,0.0,,5.8
10/03/2024,22,33,6.4,92,2.27,0.1,0.0,,5.2
10/03/2024,23,22,5.9,93,1.92,0.0,0.0,,4.9
10/04/2023,0,24,8.6,79,2.28,0.0,0.0,,5.2
10/04/2023,1,14,8.0,81,2.28,0.0,0.0,,4.9
10/04/2023,2,10,8.5,78,2.42,0.0,0.0,,4.9
10/04/2023,3,7,8.1,80,2.37,0.0,0.0,,4.8
10/04/2023,4,7,7.9,82,2.66,0.0,0.0,,5.0
10/04/2023,5,6,7.9,83,2.88,0.0,0.0,,5.2
10/04/2023,6,8,7.6,85,2.94,0.0,0.0,,5.2
10/04/2023,7,10,7.9,83,3.28,0.0,0.0,,5.2
10/04/2023,8,21,8.8,80,3.21,0.0,0.0,,5.5
10/04/2023,9,34,9.7,77,3.54,0.0,0.0,,5.9
10/04/2023,10,50,10.6,79,3.67,0.0,0.0,,7.1
10/04/2023,11,59,13.1,70,4.0,0.0,0.0,,7.6
10/04/2023,12,68,13.0,73,3.41,0.0,0.0,,8.2
10/04/2023,13,59,15.9,60,4.88,0.0,0.0,,8.2
10/04/2023,14,64,14.8,58,5.39,0.1,0.0,,6.4
10/04/2023,15,72,14.6,61,5.0,0.0,0.0,,7.3
10/04/2023,16,76,16.5,62,7.78,0.0,0.0,,9.3
10/04/2023,17,61,15.2,75,6.17,0.6,0.0,,10.9
10/04/2023,18,61,15.2,75,6.47,0.0,0.0,,10.7
10/04/2023,19,47,14.2,80,6.94,0.4,0.0,,10.9
10/04/2023,20,35,13.2,88,5.91,0.6,0.0,,11.2
10/04/2023,21,25,11.5,93,5.28,0.6,0.0,,10.4
10/04/2023,22,25,11.4,91,3.5,1.2,0.0,,10.0
10/04/2023,23,19,11.1,91,3.88,1.7,0.0,,9.8
10/04/2024,0,28,6.9,72,3.2,0.0,0.0,,2.3
10/04/2024,1,13,6.3,76,3.14,0.0,0.0,,2.3
10/04/2024,2,8,6.3,77,3.74,0.0,0.0,,2.6
10/04/2024,3,5,6.7,82,3.7,0.0,0.0,,3.8
10/04/2024,4,4,6.0,86,3.3,0.0,0.0,,3.8
10/04/2024,5,8,5.5,88,3.01,0.0,0.0,,3.8
10/04/2024,6,20,5.1,90,2.52,0.0,0.0,,3.5
10/04/2024,7,58,4.6,92,2.3,0.0,0.0,,3.4
10/04/2024,8,194,5.3,91,2.4,0.0,0.0,,4.0
10/04/2024,9,196,7.2,86,1.94,0.0,0.0,,5.0
10/04/2024,10,79,9.1,81,1.73,0.0,0.0,,6.0
10/04/2024,11,67,10.8,72,2.1,0.0,0.0,,5.9
10/04/2024,12,85,11.9,63,2.14,0.0,0.0,,5.0
10/04/2024,13,83,12.9,56,2.6,0.0,0.0,,4.2
10/04/2024,14,83,13.8,51,2.79,0.0,0.0,,3.8
10/04/2024,15,79,14.6,46,2.16,0.0,0.0,,3.2
10/04/2024,16,92,15.3,44,2.15,0.0,0.0,,3.2
10/04/2024,17,143,15.5,43,2.35,0.0,0.0,,2.9
10/04/2024,18,230,15.6,43,2.61,0.0,0.0,,3.0
10/04/2024,19,222,14.6,50,2.82,0.0,0.0,,4.2
10/04/2024,20,133,12.6,65,2.7,0.0,0.0,,6.2
10/04/2024,21,66,10.1,78,2.28,0.0,0.0,,6.3
10/04/2024,22,63,9.6,79,2.08,0.0,0.0,,6.1
10/04/2024,23,82,9.1,79,2.08,0.0,0.0,,5.7
10/05/2023,0,16,12.0,93,3.26,0.0,0.0,,10.9
10/05/2023,1,8,11.6,90,4.12,0.0,0.0,,10.1
10/05/2023,2,5,10.6,88,4.6,0.0,0.0,,8.8
10/05/2023,3,3,9.4,90,3.47,0.0,0.0,,7.8
10/05/2023,4,3,9.1,91,3.1,0.0,0.0,,7.6
10/05/2023,5,6,9.3,89,3.13,0.0,0.0,,7.6
10/05/2023,6,16,9.4,90,3.18,0.2,0.0,,7.8
10/05/2023,7,57,9.4,89,3.81,0.7,0.0,,7.7
10/05/2023,8,169,9.9,87,4.53,0.7,0.0,,7.8
10/05/2023,9,151,10.9,88,5.14,0.0,0.0,,9.1
10/05/2023,10,48,12.2,84,5.32,0.1,0.0,,9.6
10/05/2023,11,45,13.3,79,6.07,0.1,0.0,,9.8
10/05/2023,12,71,12.4,82,5.44,0.4,0.0,,9.4
10/05/2023,13,77,13.4,84,4.95,0.1,0.0,,10.8
10/05/2023,14,77,13.6,85,4.88,0.1,0.0,,11.1
10/05/2023,15,64,15.2,71,5.2,0.1,0.0,,9.9
10/05/2023,16,79,16.5,65,4.16,0.1,0.0,,9.9
10/05/2023,17,130,17.2,61,4.35,0.0,0.0,,9.7
10/05/2023,18,208,15.7,66,4.88,0.7,0.0,,9.3
10/05/2023,19,202,14.6,74,3.83,0.1,0.0,,10.1
10/05/2023,20,118,14.2,75,3.42,0.0,0.0,,9.8
10/05/2023,21,70,12.9,81,2.18,0.0,0.0,,9.7
10/05/2023,22,59,11.3,88,1.84,0.0,0.0,,9.4
10/05/2023,23,54,10.4,91,1.94,0.0,0.0,,9.0
10/05/2024,0,31,12.9,85,2.82,0.0,0.0,,10.4
10/05/2024,1,21,12.2,87,2.64,0.0,0.0,,10.2
10/05/2024,2,13,11.7,88,2.56,0.0,0.0,,9.9
10/05/2024,3,8,11.2,89,2.41,0.0,0.0,,9.5
10/05/2024,4,7,10.6,90,2.27,0.0,0.0,,9.1
10/05/2024,5,9,9.9,92,2.13,0.0,0.0,,8.6
10/05/2024,6,13,9.1,93,2.14,0.0,0.0,,8.1
10/05/2024,7,30,9.6,93,1.77,0.0,0.0,,8.6
10/05/2024,8,61,11.4,88,1.77,0.0,0.0,,9.4
10/05/2024,9,77,13.4,83,1.49,0.0,0.0,,10.5
10/05/2024,10,67,15.6,77,1.35,0.0,0.0,,11.6
10/05/2024,11,73,17.9,70,1.55,0.0,0.0,,12.2
10/05/2024,12,84,19.9,61,2.14,0.0,0.0,,12.1
10/05/2024,13,82,21.1,51,3.53,0.0,0.0,,10.6
10/05/2024,14,87,21.8,49,4.21,0.0,0.0,,10.4
10/05/2024,15,98,22.4,45,4.08,0.0,0.0,,9.8
10/05/2024,16,100,22.5,46,4.14,0.0,0.0,,10.1
10/05/2024,17,118,22.4,47,4.09,0.0,0.0,,10.6
10/05/2024,18,131,22.3,47,4.02,0.0,0.0,,10.6
10/05/2024,19,122,21.6,50,3.84,0.0,0.0,,10.6
10/05/2024,20,93,20.2,60,2.19,0.0,0.0,,12.4
10/05/2024,21,69,17.8,69,2.25,0.0,0.0,,11.9
10/05/2024,22,60,16.2,71,2.28,0.0,0.0,,11.1
10/05/2024,23,54,14.8,75,2.06,0.0,0.0,,10.3
10/06/2023,0,74,20.9,57,1.84,0.0,0.0,,12.1
10/06/2023,1,49,19.9,63,1.81,0.0,0.0,,12.6
10/06/2023,2,38,20.5,70,1.62,0.0,0.0,,14.9
10/06/2023,3,20,20.2,71,1.7,0.0,0.0,,14.8
10/06/2023,4,15,19.2,76,1.65,0.0,0.0,,14.9
10/06/2023,5,13,18.0,82,1.64,0.0,0.0,,14.9
10/06/2023,6,13,17.5,85,1.78,0.0,0.0,,14.9
10/06/2023,7,22,18.5,83,2.33,0.0,0.0,,15.6
10/06/2023,8,45,20.1,80,2.27,0.0,0.0,,16.5
10/06/2023,9,94,21.8,76,2.48,0.0,0.0,,17.5
10/06/2023,10,95,23.4,71,2.92,0.0,0.0,,17.8
10/06/2023,11,106,25.0,62,3.19,0.0,0.0,,17.1
10/06/2023,12,120,26.0,58,3.41,0.0,0.0,,17.0
10/06/2023,13,114,26.4,56,3.75,0.0,0.0,,16.9
10/06/2023,14,115,26.5,50,3.41,0.0,0.0,,15.3
10/06/2023,15,128,26.2,53,3.3,0.9,0.0,,16.0
10/06/2023,16,133,27.1,50,2.85,0.0,0.0,,15.9
10/06/2023,17,139,28.0,47,3.61,0.0,0.0,,15.6
10/06/2023,18,145,25.8,55,3.7,0.1,0.0,,16.0
10/06/2023,19,146,24.8,58,1.63,0.0,0.0,,16.0
10/06/2023,20,103,25.2,57,0.28,0.0,0.0,,15.9
10/06/2023,21,67,24.5,61,0.81,0.0,0.0,,16.5
10/06/2023,22,58,22.8,71,1.4,0.0,0.0,,17.3
10/06/2023,23,68,22.1,75,1.3,0.0,0.0,,17.5
10/06/2024,0,25,11.1,76,1.98,0.0,0.0,,7.0
10/06/2024,1,15,10.4,81,2.01,0.0,0.0,,7.3
10/06/2024,2,8,10.2,82,2.47,0.0,0.0,,7.3
10/06/2024,3,6,9.8,86,1.91,0.0,0.0,,7.6
10/06/2024,4,4,9.4,89,2.14,0.0,0.0,,7.7
10/06/2024,5,10,9.3,90,2.43,0.0,0.0,,7.8
10/06/2024,6,22,9.2,91,2.86,0.0,0.0,,7.9
10/06/2024,7,78,10.3,87,3.52,0.0,0.0,,8.3
10/06/2024,8,269,11.9,80,3.64,0.0,0.0,,8.6
10/06/2024,9,235,13.6,75,4.53,0.0,0.0,,9.4
10/06/2024,10,83,14.9,68,7.62,0.0,0.0,,9.1
10/06/2024,11,69,15.7,64,6.87,0.1,0.0,,8.9
10/06/2024,12,86,16.2,65,7.02,0.1,0.0,,9.6
10/06/2024,13,86,15.8,69,6.9,0.2,0.0,,10.2
10/06/2024,14,65,15.4,75,6.1,0.3,0.0,,11.0
10/06/2024,15,61,13.9,87,5.46,2.1,0.0,,11.8
10/06/2024,16,86,13.9,82,4.8,0.5,0.0,,10.8
10/06/2024,17,159,14.6,72,5.59,0.0,0.0,,9.6
10/06/2024,18,257,15.9,60,6.05,0.0,0.0,,8.1
10/06/2024,19,222,15.4,57,5.39,0.0,0.0,,7.0
10/06/2024,20,127,14.4,59,4.66,0.0,0.0,,6.6
10/06/2024,21,78,13.4,65,3.02,0.0,0.0,,6.8
10/06/2024,22,65,11.2,74,1.98,0.0,0.0,,6.7
10/06/2024,23,44,10.2,79,2.08,0.0,0.0,,6.7
10/07/2023,0,24,21.0,76,2.06,0.0,0.0,,16.6
10/07/2023,1,13,19.9,82,1.55,0.0,0.0,,16.7
10/07/2023,2,8,19.2,92,0.85,0.0,0.0,,17.9
10/07/2023,3,5,18.1,96,1.71,0.0,0.0,,17.5
10/07/2023,4,5,17.6,97,1.9,0.0,0.0,,17.1
10/07/2023,5,11,17.0,97,1.94,0.0,0.0,,16.5
10/07/2023,6,22,15.9,97,2.3,0.0,0.0,,15.6
10/07/2023,7,72,17.3,92,1.7,0.0,0.0,,16.0
10/07/2023,8,245,18.5,83,1.6,0.0,0.0,,15.6
10/07/2023,9,227,20.2,73,1.61,0.0,0.0,,15.2
10/07/2023,10,85,22.1,64,1.43,0.0,0.0,,14.9
10/07/2023,11,73,24.0,53,2.44,0.0,0.0,,13.9
10/07/2023,12,94,25.6,42,3.26,0.0,0.0,,11.7
10/07/2023,13,92,26.8,36,3.47,0.0,0.0,,10.6
10/07/2023,14,83,27.2,35,3.44,0.0,0.0,,10.4
10/07/2023,15,81,28.1,32,3.56,0.0,0.0,,9.7
10/07/2023,16,98,28.6,29,3.75,0.0,0.0,,9.1
10/07/2023,17,159,28.9,28,3.68,0.0,0.0,,8.6
10/07/2023,18,264,28.7,29,3.61,0.0,0.0,,8.7
10/07/2023,19,246,28.3,30,3.58,0.0,0.0,,9.1
10/07/2023,20,157,27.4,33,3.35,0.0,0.0,,9.8
10/07/2023,21,85,26.0,38,1.97,0.0,0.0,,10.6
10/07/2023,22,74,23.4,47,1.75,0.0,0.0,,11.4
10/07/2023,23,65,21.9,54,2.0,0.0,0.0,,12.1
10/07/2024,0,55,18.3,78,1.97,0.0,0.0,,14.4
10/07/2024,1,29,17.6,82,1.93,0.0,0.0,,14.6
10/07/2024,2,15,18.2,81,2.19,0.0,0.0,,14.9
10/07/2024,3,7,18.1,89,2.28,0.2,0.0,,16.4
10/07/2024,4,6,17.9,91,2.4,0.0,0.0,,16.4
10/07/2024,5,10,17.7,92,2.46,0.0,0.0,,16.5
10/07/2024,6,22,17.1,94,2.88,0.0,0.0,,16.1
10/07/2024,7,69,17.5,92,3.4,0.0,0.0,,16.1
10/07/2024,8,216,18.2,89,4.08,0.0,0.0,,16.5
10/07/2024,9,223,19.4,82,4.46,0.0,0.0,,16.2
10/07/2024,10,92,20.4,74,4.74,0.0,0.0,,15.6
10/07/2024,11,75,21.6,65,4.72,0.0,0.0,,14.8
10/07/2024,12,101,22.4,59,5.28,0.0,0.0,,14.1
10/07/2024,13,96,23.6,53,5.55,0.0,0.0,,13.4
10/07/2024,14,95,24.5,49,5.44,0.0,0.0,,13.1
10/07/2024,15,87,25.0,48,5.14,0.0,0.0,,13.1
10/07/2024,16,103,25.2,45,5.02,0.0,0.0,,12.6
10/07/2024,17,159,25.3,44,5.22,0.0,0.0,,12.1
10/07/2024,18,250,25.0,44,5.29,0.0,0.0,,11.7
10/07/2024,19,232,23.8,48,5.56,0.0,0.0,,12.1
10/07/2024,20,144,23.2,50,4.36,0.0,0.0,,12.2
10/07/2024,21,86,22.2,54,2.86,0.0,0.0,,12.6
10/07/2024,22,81,19.6,65,1.87,0.0,0.0,,12.9
10/07/2024,23,80,18.5,72,1.72,0.0,0.0,,13.4
10/08/2023,0,28,17.8,82,1.22,0.0,0.0,,14.6
10/08/2023,1,14,17.4,84,1.21,0.0,0.0,,14.7
10/08/2023,2,9,15.4,93,1.99,0.0,0.0,,14.4
10/08/2023,3,5,14.9,94,1.7,0.0,0.0,,13.9
10/08/2023,4,4,14.2,95,2.1,0.0,0.0,,13.4
10/08/2023,5,8,13.8,95,2.21,0.0,0.0,,12.9
10/08/2023,6,15,13.6,94,1.71,0.0,0.0,,12.8
10/08/2023,7,41,13.8,94,1.63,0.0,0.0,,12.8
10/08/2023,8,109,15.4,89,2.32,0.0,0.0,,13.6
10/08/2023,9,116,17.5,82,2.55,0.0,0.0,,14.4
10/08/2023,10,58,19.9,75,2.09,0.0,0.0,,15.2
10/08/2023,11,53,21.5,70,1.39,0.0,0.0,,15.7
10/08/2023,12,69,23.5,62,2.62,0.0,0.0,,15.9
10/08/2023,13,64,24.6,58,2.86,0.0,0.0,,15.8
10/08/2023,14,65,24.5,57,3.56,0.0,0.0,,15.2
10/08/2023,15,65,24.9,56,2.84,0.0,0.0,,15.4
10/08/2023,16,76,24.8,56,2.06,0.0,0.0,,15.3
10/08/2023,17,118,25.3,53,1.53,0.0,0.0,,15.0
10/08/2023,18,167,25.7,52,1.66,0.0,0.0,,15.2
10/08/2023,19,138,25.4,54,1.9,0.0,0.0,,15.4
10/08/2023,20,88,24.5,65,1.26,0.0,0.0,,17.4
10/08/2023,21,65,21.5,76,2.33,0.0,0.0,,17.2
10/08/2023,22,54,20.0,81,2.36,0.0,0.0,,16.6
10/08/2023,23,47,19.0,85,2.4,0.0,0.0,,16.4
10/08/2024,0,57,19.5,89,2.28,0.0,0.0,,17.5
10/08/2024,1,33,18.5,86,2.36,0.0,0.0,,16.1
10/08/2024,2,22,17.8,83,1.8,0.0,0.0,,14.9
10/08/2024,3,13,18.2,77,1.94,0.0,0.0,,14.1
10/08/2024,4,12,17.3,81,1.56,0.0,0.0,,14.1
10/08/2024,5,12,15.5,92,1.66,0.0,0.0,,14.1
10/08/2024,6,13,15.2,93,1.43,0.0,0.0,,14.0
10/08/2024,7,22,15.0,94,1.2,0.0,0.0,,14.1
10/08/2024,8,34,16.1,89,0.64,0.0,0.0,,14.3
10/08/2024,9,50,17.8,79,0.67,0.0,0.0,,14.0
10/08/2024,10,67,19.4,70,0.42,0.0,0.0,,13.8
10/08/2024,11,81,21.3,61,1.0,0.0,0.0,,13.6
10/08/2024,12,95,22.9,58,1.17,0.0,0.0,,14.1
10/08/2024,13,93,24.4,55,1.33,0.0,0.0,,14.7
10/08/2024,14,96,25.5,52,1.41,0.0,0.0,,15.0
10/08/2024,15,109,26.5,49,1.14,0.0,0.0,,14.9
10/08/2024,16,111,27.1,49,0.81,0.0,0.0,,15.4
10/08/2024,17,111,27.4,50,0.42,0.0,0.0,,15.9
10/08/2024,18,107,27.6,50,0.2,0.0,0.0,,16.4
10/08/2024,19,105,27.5,51,1.1,0.0,0.0,,16.4
10/08/2024,20,102,27.0,50,1.55,0.0,0.0,,15.8
10/08/2024,21,75,25.0,55,1.99,0.0,0.0,,15.4
10/08/2024,22,67,23.2,55,2.56,0.0,0.0,,13.6
10/08/2024,23,76,21.9,58,1.86,0.0,0.0,,13.4
10/09/2023,0,71,24.9,52,2.76,0.0,0.0,,14.4
10/09/2023,1,56,24.0,54,2.48,0.0,0.0,,14.2
10/09/2023,2,43,23.5,56,2.52,0.0,0.0,,14.1
10/09/2023,3,25,22.3,62,2.51,0.0,0.0,,14.6
10/09/2023,4,17,21.4,66,2.28,0.0,0.0,,14.9
10/09/2023,5,12,20.6,70,2.14,0.0,0.0,,14.9
10/09/2023,6,11,20.0,72,2.13,0.0,0.0,,14.9
10/09/2023,7,18,19.4,74,2.33,0.0,0.0,,14.7
10/09/2023,8,37,20.0,72,1.78,0.0,0.0,,14.9
10/09/2023,9,59,22.2,65,2.42,0.0,0.0,,15.2
10/09/2023,10,82,24.2,58,2.69,0.0,0.0,,15.4
10/09/2023,11,100,26.4,52,2.86,0.0,0.0,,15.8
10/09/2023,12,113,28.6,46,3.0,0.0,0.0,,15.8
10/09/2023,13,102,30.4,41,3.33,0.0,0.0,,15.6
10/09/2023,14,96,32.2,38,3.49,0.0,0.0,,16.0
10/09/2023,15,110,33.0,33,3.55,0.0,0.0,,14.7
10/09/2023,16,119,33.3,31,3.24,0.0,0.0,,13.8
10/09/2023,17,127,33.7,28,3.07,0.0,0.0,,12.4
10/09/2023,18,136,33.5,26,2.79,0.0,0.0,,11.6
10/09/2023,19,124,32.2,32,1.87,0.0,0.0,,13.2
10/09/2023,20,100,28.5,41,1.99,0.0,0.0,,13.8
10/09/2023,21,73,26.2,46,2.02,0.0,0.0,,13.8
10/09/2023,22,60,25.1,52,2.46,0.0,0.0,,14.6
10/09/2023,23,47,24.1,67,2.64,0.0,0.0,,17.7
10/09/2024,0,21,14.6,77,4.47,0.0,0.0,,10.6
10/09/2024,1,12,13.9,79,4.0,0.0,0.0,,10.2
10/09/2024,2,8,12.5,84,3.61,0.0,0.0,,9.9
10/09/2024,3,4,12.9,75,3.55,0.0,0.0,,8.6
10/09/2024,4,4,11.8,80,3.61,0.0,0.0,,8.5
10/09/2024,5,9,11.6,81,3.5,0.0,0.0,,8.5
10/09/2024,6,22,11.1,83,3.7,0.0,0.0,,8.4
10/09/2024,7,89,10.9,84,3.55,0.0,0.0,,8.3
10/09/2024,8,307,11.3,83,3.81,0.0,0.0,,8.6
10/09/2024,9,261,12.7,81,3.55,0.0,0.0,,9.6
10/09/2024,10,97,14.2,77,4.25,0.0,0.0,,10.2
10/09/2024,11,86,15.8,72,4.57,0.0,0.0,,10.7
10/09/2024,12,111,17.1,65,6.36,0.0,0.0,,10.5
10/09/2024,13,107,17.2,66,6.17,0.0,0.0,,10.9
10/09/2024,14,101,17.5,66,6.33,0.0,0.0,,11.0
10/09/2024,15,97,17.2,67,6.69,0.0,0.0,,11.1
10/09/2024,16,115,17.6,65,7.2,0.0,0.0,,10.9
10/09/2024,17,197,17.6,65,6.62,0.0,0.0,,10.9
10/09/2024,18,294,16.9,66,6.28,0.0,0.0,,10.6
10/09/2024,19,255,16.5,67,5.74,0.0,0.0,,10.4
10/09/2024,20,139,16.5,67,5.94,0.0,0.0,,10.4
10/09/2024,21,84,15.9,70,5.59,0.0,0.0,,10.4
10/09/2024,22,74,16.3,70,5.75,0.0,0.0,,10.9
10/09/2024,23,58,16.3,74,5.95,0.0,0.0,,11.7
10/10/2023,0,25,14.4,69,1.8,0.0,0.0,,8.6
10/10/2023,1,11,13.3,73,2.0,0.0,0.0,,8.6
10/10/2023,2,7,13.7,77,1.6,0.0,0.0,,9.8
10/10/2023,3,4,12.1,84,2.12,0.0,0.0,,9.5
10/10/2023,4,4,12.4,82,1.75,0.0,0.0,,9.4
10/10/2023,5,8,12.9,81,1.1,0.0,0.0,,9.8
10/10/2023,6,25,12.1,85,0.89,0.0,0.0,,9.8
10/10/2023,7,111,10.5,92,1.41,0.0,0.0,,9.2
10/10/2023,8,369,10.6,92,1.4,0.0,0.0,,9.4
10/10/2023,9,309,11.8,89,1.43,0.0,0.0,,10.0
10/10/2023,10,116,15.2,75,1.9,0.0,0.0,,10.8
10/10/2023,11,95,19.4,62,1.84,0.0,0.0,,12.0
10/10/2023,12,128,22.8,54,1.92,0.0,0.0,,12.9
10/10/2023,13,129,25.0,46,2.86,0.0,0.0,,12.5
10/10/2023,14,119,26.0,42,3.0,0.0,0.0,,12.2
10/10/2023,15,115,27.0,37,3.22,0.0,0.0,,11.2
10/10/2023,16,143,27.4,35,3.4,0.0,0.0,,10.6
10/10/2023,17,234,27.1,36,3.14,0.0,0.0,,10.8
10/10/2023,18,370,25.1,46,2.02,0.0,0.0,,12.8
10/10/2023,19,340,21.3,54,2.4,0.0,0.0,,11.6
10/10/2023,20,172,19.5,58,2.66,0.0,0.0,,10.9
10/10/2023,21,101,18.4,59,2.68,0.0,0.0,,10.4
10/10/2023,22,97,17.6,61,2.69,0.0,0.0,,10.1
10/10/2023,23,73,16.9,65,2.52,0.0,0.0,,10.4
10/10/2024,0,15,13.1,93,5.82,0.1,0.0,,12.1
10/10/2024,1,10,12.6,93,5.52,0.0,0.0,,11.4
10/10/2024,2,6,12.6,90,5.56,0.2,0.0,,11.0
10/10/2024,3,4,12.9,91,5.8,0.0,0.0,,11.4
10/10/2024,4,5,12.2,93,5.09,0.0,0.0,,11.1
10/10/2024,5,9,12.1,93,4.76,0.0,0.0,,10.9
10/10/2024,6,13,12.2,92,4.56,0.0,0.0,,10.9
10/10/2024,7,50,12.4,90,4.56,0.1,0.0,,10.9
10/10/2024,8,185,12.2,91,3.99,0.0,0.0,,10.8
10/10/2024,9,182,12.5,91,4.5,0.0,0.0,,11.1
10/10/2024,10,78,13.1,87,4.57,0.1,0.0,,10.9
10/10/2024,11,68,13.4,85,4.17,0.1,0.0,,10.9
10/10/2024,12,87,14.2,81,4.16,0.1,0.0,,10.9
10/10/2024,13,83,15.1,73,4.4,0.1,0.0,,10.4
10/10/2024,14,83,14.5,75,4.76,0.1,0.0,,10.1
10/10/2024,15,75,14.8,82,4.53,0.2,0.0,,11.8
10/10/2024,16,82,15.6,78,4.19,0.1,0.0,,11.8
10/10/2024,17,127,14.9,74,5.18,0.6,0.0,,10.4
10/10/2024,18,203,14.0,78,4.69,0.1,0.0,,10.1
10/10/2024,19,194,12.5,84,4.08,0.0,0.0,,9.9
10/10/2024,20,112,11.4,90,2.9,0.0,0.0,,9.9
10/10/2024,21,70,10.9,91,2.26,0.1,0.0,,9.6
10/10/2024,22,66,10.6,93,2.23,0.0,0.0,,9.5
10/10/2024,23,59,9.4,96,1.92,0.0,0.0,,8.8
10/11/2023,0,37,8.0,84,6.02,0.0,0.0,,5.5
10/11/2023,1,21,7.8,84,5.83,0.0,0.0,,5.3
10/11/2023,2,12,7.6,84,5.48,0.0,0.0,,5.2
10/11/2023,3,7,7.2,88,4.88,0.0,0.0,,5.4
10/11/2023,4,5,6.8,88,4.9,0.0,0.0,,4.9
10/11/2023,5,9,6.4,89,4.88,0.0,0.0,,4.8
10/11/2023,6,17,6.3,89,5.45,0.0,0.0,,4.6
10/11/2023,7,69,6.3,88,5.38,0.0,0.0,,4.4
10/11/2023,8,211,6.5,86,5.73,0.0,0.0,,4.3
10/11/2023,9,184,6.8,85,5.95,0.0,0.0,,4.3
10/11/2023,10,89,7.7,82,6.94,0.0,0.0,,4.7
10/11/2023,11,81,9.0,75,7.64,0.0,0.0,,4.8
10/11/2023,12,107,10.1,71,6.69,0.0,0.0,,5.2
10/11/2023,13,102,11.1,66,9.58,0.0,0.0,,5.0
10/11/2023,14,80,11.5,65,8.93,0.0,0.0,,5.1
10/11/2023,15,78,11.1,70,8.13,0.0,0.0,,5.9
10/11/2023,16,93,10.7,78,7.61,0.6,0.0,,6.9
10/11/2023,17,124,10.2,79,8.07,0.0,0.0,,6.7
10/11/2023,18,182,10.2,77,8.34,0.0,0.0,,6.3
10/11/2023,19,165,9.4,82,7.92,0.0,0.0,,6.4
10/11/2023,20,103,9.0,81,7.12,0.0,0.0,,6.0
10/11/2023,21,64,8.5,82,6.09,0.0,0.0,,5.7
10/11/2023,22,54,8.1,84,5.02,0.0,0.0,,5.5
10/11/2023,23,51,7.5,86,4.24,0.0,0.0,,5.3
10/11/2024,0,40,9.1,99,2.01,0.0,0.0,,8.9
10/11/2024,1,32,10.6,97,0.75,0.0,0.0,,10.1
10/11/2024,2,28,10.7,97,0.78,0.0,0.0,,10.3
10/11/2024,3,16,10.4,95,1.47,0.1,0.0,,9.6
10/11/2024,4,12,10.4,96,1.84,0.1,0.0,,9.8
10/11/2024,5,10,10.6,95,1.51,0.0,0.0,,9.9
10/11/2024,6,9,10.6,96,1.31,0.0,0.0,,9.9
10/11/2024,7,10,10.6,96,1.52,0.0,0.0,,9.9
10/11/2024,8,21,10.6,95,1.59,0.0,0.0,,9.8
10/11/2024,9,36,10.5,94,1.75,0.0,0.0,,9.6
10/11/2024,10,48,10.6,92,1.93,0.1,0.0,,9.4
10/11/2024,11,58,10.9,92,1.87,0.1,0.0,,9.6
10/11/2024,12,74,11.4,90,2.27,0.0,0.0,,9.8
10/11/2024,13,69,11.8,88,3.05,0.1,0.0,,9.9
10/11/2024,14,74,11.9,87,3.44,0.1,0.0,,9.8
10/11/2024,15,86,11.4,81,3.22,0.0,0.0,,8.3
10/11/2024,16,91,11.6,79,2.88,0.0,0.0,,8.1
10/11/2024,17,93,11.6,78,2.41,0.0,0.0,,7.8
10/11/2024,18,88,11.4,79,1.74,0.0,0.0,,7.9
10/11/2024,19,80,8.9,92,1.88,0.0,0.0,,7.6
10/11/2024,20,63,7.8,94,1.86,0.0,0.0,,6.8
10/11/2024,21,47,7.2,94,1.85,0.0,0.0,,6.3
10/11/2024,22,37,6.9,94,1.65,0.0,0.0,,6.1
10/11/2024,23,33,7.3,92,1.61,0.0,0.0,,6.1
10/12/2023,0,33,9.2,78,7.84,0.0,0.0,,5.6
10/12/2023,1,28,9.2,79,8.05,0.0,0.0,,5.8
10/12/2023,2,26,9.1,78,7.47,0.0,0.0,,5.4
10/12/2023,3,14,9.1,79,7.16,0.0,0.0,,5.6
10/12/2023,4,11,8.9,77,6.65,0.0,0.0,,5.1
10/12/2023,5,8,8.9,77,5.48,0.0,0.0,,5.1
10/12/2023,6,7,8.6,80,5.59,0.0,0.0,,5.2
10/12/2023,7,11,8.9,75,5.55,0.0,0.0,,4.8
10/12/2023,8,18,7.4,83,4.97,0.0,0.0,,4.7
10/12/2023,9,35,6.8,88,5.09,0.0,0.0,,5.1
10/12/2023,10,54,7.3,89,5.1,0.0,0.0,,5.6
10/12/2023,11,67,8.1,89,4.47,0.0,0.0,,6.4
10/12/2023,12,83,9.6,84,5.68,0.0,0.0,,7.1
10/12/2023,13,75,10.4,79,7.56,0.0,0.0,,6.9
10/12/2023,14,67,11.4,72,8.87,0.0,0.0,,6.4
10/12/2023,15,71,11.4,80,6.51,0.5,0.0,,8.2
10/12/2023,16,77,11.1,82,8.04,0.7,0.0,,8.2
10/12/2023,17,64,11.4,83,8.77,0.0,0.0,,8.6
10/12/2023,18,62,11.8,86,9.02,0.1,0.0,,9.5
10/12/2023,19,56,12.4,87,8.34,0.0,0.0,,10.4
10/12/2023,20,44,12.8,88,6.81,0.1,0.0,,10.8
10/12/2023,21,33,13.4,88,8.06,0.1,0.0,,11.4
10/12/2023,22,29,12.9,88,7.75,0.0,0.0,,10.9
10/12/2023,23,22,12.6,88,6.2,0.0,0.0,,10.6
10/12/2024,0,16,4.9,87,3.73,0.0,0.0,,3.0
10/12/2024,1,9,5.1,86,4.08,0.1,0.0,,3.0
10/12/2024,2,6,4.9,85,3.97,0.0,0.0,,2.5
10/12/2024,3,3,4.8,83,4.13,0.0,0.0,,2.2
10/12/2024,4,4,4.8,79,4.24,0.0,0.0,,1.5
10/12/2024,5,7,4.7,79,3.45,0.0,0.0,,1.3
10/12/2024,6,18,4.8,78,3.58,0.0,0.0,,1.2
10/12/2024,7,67,4.8,80,3.83,0.0,0.0,,1.7
10/12/2024,8,225,4.9,82,4.02,0.0,0.0,,2.2
10/12/2024,9,208,5.1,84,3.98,0.0,0.0,,2.7
10/12/2024,10,78,5.2,86,3.79,0.0,0.0,,3.1
10/12/2024,11,62,5.6,86,3.76,0.0,0.0,,3.3
10/12/2024,12,84,5.7,85,3.75,0.0,0.0,,3.3
10/12/2024,13,84,5.8,84,3.76,0.0,0.0,,3.3
10/12/2024,14,76,5.9,83,4.25,0.0,0.0,,3.3
10/12/2024,15,73,5.9,84,3.84,0.0,0.0,,3.4
10/12/2024,16,79,6.1,83,4.38,0.0,0.0,,3.3
10/12/2024,17,124,6.0,82,3.69,0.0,0.0,,3.2
10/12/2024,18,202,5.8,84,3.6,0.0,0.0,,3.2
10/12/2024,19,190,5.7,84,3.67,0.0,0.0,,3.2
10/12/2024,20,106,5.8,84,3.72,0.0,0.0,,3.2
10/12/2024,21,59,5.7,85,3.67,0.0,0.0,,3.3
10/12/2024,22,56,5.6,85,3.59,0.0,0.0,,3.3
10/12/2024,23,47,5.6,86,3.56,0.0,0.0,,3.3
11/01/2023,0,20,11.8,91,6.93,0.0,0.0,,10.3
11/01/2023,1,10,12.1,90,7.05,0.0,0.0,,10.4
11/01/2023,2,5,11.9,90,6.83,0.0,0.0,,10.3
11/01/2023,3,3,12.3,88,7.46,0.1,0.0,,10.4
11/01/2023,4,3,12.3,91,7.48,0.5,0.0,,10.8
11/01/2023,5,5,12.1,91,6.35,1.8,0.0,,10.8
11/01/2023,6,12,12.0,91,6.76,1.9,0.0,,10.6
11/01/2023,7,58,12.0,89,6.31,1.4,0.0,,10.2
11/01/2023,8,211,11.0,91,4.9,2.1,0.0,,9.6
11/01/2023,9,213,10.5,90,4.6,0.1,0.0,,8.9
11/01/2023,10,85,9.6,91,4.51,0.0,0.0,,8.1
11/01/2023,11,69,9.6,89,5.11,0.0,0.0,,7.8
11/01/2023,12,103,9.9,86,5.63,0.0,0.0,,7.6
11/01/2023,13,98,10.4,81,5.56,0.0,0.0,,7.3
11/01/2023,14,93,11.0,76,6.79,0.0,0.0,,6.9
11/01/2023,15,81,11.1,70,7.14,0.0,0.0,,5.8
11/01/2023,16,96,11.1,68,6.67,0.0,0.0,,5.3
11/01/2023,17,141,10.6,69,5.55,0.0,0.0,,5.2
11/01/2023,18,225,9.8,72,5.16,0.0,0.0,,4.9
11/01/2023,19,217,9.0,75,5.11,0.0,0.0,,4.8
11/01/2023,20,119,8.8,75,5.66,0.0,0.0,,4.6
11/01/2023,21,65,9.2,72,6.29,0.0,0.0,,4.5
11/01/2023,22,60,9.4,73,6.79,0.0,0.0,,4.8
11/01/2023,23,57,9.6,74,7.02,0.0,0.0,,5.2
11/01/2024,0,17,-2.4,77,2.84,0.0,0.0,,-5.9
11/01/2024,1,9,-2.5,77,2.42,0.0,0.0,,-5.9
11/01/2024,2,6,-2.7,78,2.64,0.0,0.0,,-5.9
11/01/2024,3,4,-2.3,79,2.56,0.0,0.0,,-5.6
11/01/2024,4,4,-2.3,76,2.77,0.0,0.0,,-5.9
11/01/2024,5,6,-2.6,76,2.62,0.0,0.0,,-6.3
11/01/2024,6,15,-3.0,77,2.3,0.0,0.0,,-6.6
11/01/2024,7,52,-2.9,76,2.78,0.0,0.0,,-6.6
11/01/2024,8,186,-3.0,78,2.44,0.0,0.0,,-6.2
11/01/2024,9,169,-3.0,81,2.59,0.0,0.0,,-5.8
11/01/2024,10,65,-3.1,84,2.53,0.0,0.0,,-5.4
11/01/2024,11,53,-1.6,76,3.2,0.0,0.0,,-5.2
11/01/2024,12,70,-0.4,63,3.61,0.0,0.0,,-6.5
11/01/2024,13,69,0.6,54,3.69,0.0,0.0,,-7.7
11/01/2024,14,64,1.6,49,4.14,0.0,0.0,,-8.1
11/01/2024,15,62,1.4,65,4.31,0.0,0.0,,-4.4
11/01/2024,16,75,1.8,64,4.18,0.0,0.0,,-4.2
11/01/2024,17,112,1.5,66,3.91,0.0,0.0,,-4.2
11/01/2024,18,171,0.2,69,3.52,0.0,0.0,,-4.9
11/01/2024,19,157,-0.9,70,3.76,0.0,0.0,,-5.8
11/01/2024,20,86,-1.5,68,3.73,0.0,0.0,,-6.6
11/01/2024,21,52,-2.0,69,3.61,0.0,0.0,,-7.0
11/01/2024,22,47,-2.2,69,3.99,0.0,0.0,,-7.1
11/01/2024,23,38,-2.4,68,3.4,0.0,0.0,,-7.4
11/02/2023,0,37,3.4,94,1.58,0.0,0.0,,2.5
11/02/2023,1,26,1.5,97,2.28,0.0,0.0,,1.0
11/02/2023,2,22,1.9,96,2.06,0.0,0.0,,1.4
11/02/2023,3,12,2.0,96,1.86,0.0,0.0,,1.5
11/02/2023,4,10,2.0,96,1.92,0.0,0.0,,1.5
11/02/2023,5,9,3.3,95,1.22,0.0,0.0,,2.7
11/02/2023,6,9,3.1,97,0.67,0.0,0.0,,2.6
11/02/2023,7,15,2.8,98,0.64,0.0,0.0,,2.5
11/02/2023,8,33,0.3,100,1.49,0.0,0.0,,0.3
11/02/2023,9,55,-0.5,100,1.75,0.0,0.0,,-0.6
11/02/2023,10,66,1.9,99,0.81,0.0,0.0,,1.8
11/02/2023,11,78,3.1,97,0.57,0.0,0.0,,2.7
11/02/2023,12,98,4.8,94,0.41,0.0,0.0,,3.8
11/02/2023,13,99,6.9,87,0.51,0.0,0.0,,4.9
11/02/2023,14,99,5.8,89,0.82,0.0,0.0,,4.2
11/02/2023,15,104,7.2,84,0.5,0.0,0.0,,4.8
11/02/2023,16,103,7.8,82,0.28,0.0,0.0,,4.9
11/02/2023,17,114,8.5,79,0.61,0.0,0.0,,5.1
11/02/2023,18,103,8.2,81,0.91,0.0,0.0,,5.1
11/02/2023,19,99,7.3,89,1.22,0.0,0.0,,5.6
11/02/2023,20,73,6.6,92,1.34,0.0,0.0,,5.4
11/02/2023,21,48,6.1,95,1.36,0.0,0.0,,5.3
11/02/2023,22,39,6.0,96,1.12,0.0,0.0,,5.3
11/02/2023,23,40,5.7,96,1.3,0.0,0.0,,5.1
11/02/2024,0,28,6.2,93,2.85,0.0,0.0,,5.1
11/02/2024,1,22,6.2,91,3.09,0.0,0.0,,4.8
11/02/2024,2,23,6.7,90,3.71,0.0,0.0,,5.1
11/02/2024,3,15,7.4,91,4.3,0.0,0.0,,6.0
11/02/2024,4,12,7.6,90,4.3,0.0,0.0,,6.1
11/02/2024,5,8,7.8,89,4.66,0.0,0.0,,6.1
11/02/2024,6,7,7.8,88,4.43,0.0,0.0,,5.9
11/02/2024,7,9,7.6,88,4.39,0.0,0.0,,5.8
11/02/2024,8,17,7.4,87,4.3,0.0,0.0,,5.5
11/02/2024,9,29,7.1,88,4.49,0.0,0.0,,5.2
11/02/2024,10,43,7.8,84,5.06,0.0,0.0,,5.3
11/02/2024,11,55,8.8,80,5.75,0.0,0.0,,5.5
11/02/2024,12,66,9.6,76,6.3,0.1,0.0,,5.6
11/02/2024,13,55,10.0,74,6.89,0.0,0.0,,5.6
11/02/2024,14,53,10.6,71,7.57,0.0,0.0,,5.6
11/02/2024,15,63,9.9,77,7.78,0.3,0.0,,6.0
11/02/2024,16,58,10.1,82,6.74,0.4,0.0,,7.2
11/02/2024,17,59,10.1,78,7.9,0.2,0.0,,6.4
11/02/2024,18,66,9.6,80,7.06,0.1,0.0,,6.3
11/02/2024,19,59,8.6,83,5.51,0.0,0.0,,5.9
11/02/2024,20,44,8.1,84,5.2,0.0,0.0,,5.6
11/02/2024,21,34,7.6,86,4.8,0.0,0.0,,5.4
11/02/2024,22,29,7.2,88,3.92,0.0,0.0,,5.3
11/02/2024,23,23,6.4,90,3.42,0.0,0.0,,4.9
11/03/2023,0,31,4.5,79,1.32,0.0,0.0,,1.1
11/03/2023,1,21,4.0,86,0.8,0.0,0.0,,2.0
11/03/2023,2,19,3.5,87,1.39,0.0,0.0,,1.5
11/03/2023,3,11,3.0,88,2.09,0.6,0.28,,1.2
11/03/2023,4,9,2.5,90,1.0,0.5,0.14,,1.1
11/03/2023,5,8,2.3,91,2.01,0.8,0.21,,1.0
11/03/2023,6,8,1.8,96,2.22,0.3,0.0,,1.2
11/03/2023,7,15,1.5,98,2.4,0.3,0.0,,1.2
11/03/2023,8,31,1.0,100,2.2,0.6,0.21,,1.0
11/03/2023,9,51,1.4,97,2.62,0.1,0.0,,0.9
11/03/2023,10,62,2.5,90,3.4,0.0,0.0,,0.9
11/03/2023,11,70,3.9,81,3.94,0.0,0.0,,0.9
11/03/2023,12,84,4.5,76,3.96,0.0,0.0,,0.7
11/03/2023,13,90,5.1,71,3.99,0.0,0.0,,0.3
11/03/2023,14,91,6.7,65,2.78,0.0,0.0,,0.5
11/03/2023,15,97,7.2,63,2.95,0.0,0.0,,0.6
11/03/2023,16,104,7.3,64,2.69,0.0,0.0,,0.9
11/03/2023,17,110,7.3,66,2.38,0.0,0.0,,1.4
11/03/2023,18,98,7.2,68,2.33,0.0,0.0,,1.6
11/03/2023,19,97,6.9,72,2.12,0.0,0.0,,2.2
11/03/2023,20,76,6.6,74,2.28,0.0,0.0,,2.2
11/03/2023,21,48,6.4,76,2.69,0.0,0.0,,2.5
11/03/2023,22,33,6.4,79,3.28,0.0,0.0,,3.1
11/03/2023,23,34,6.3,85,3.4,1.5,0.0,,4.0
11/03/2024,0,12,4.6,95,2.52,0.0,0.0,,3.9
11/03/2024,1,7,3.7,96,2.9,0.0,0.0,,3.1
11/03/2024,2,5,3.8,95,2.15,0.0,0.0,,3.2
11/03/2024,3,4,5.8,88,2.42,0.1,0.0,,4.1
11/03/2024,4,4,4.9,94,2.1,0.0,0.0,,4.0
11/03/2024,5,8,4.2,96,1.9,0.0,0.0,,3.7
11/03/2024,6,19,4.2,97,1.73,0.0,0.0,,3.7
11/03/2024,7,69,3.6,98,1.88,0.0,0.0,,3.2
11/03/2024,8,229,3.5,97,2.25,0.0,0.0,,3.0
11/03/2024,9,190,4.1,95,2.5,0.0,0.0,,3.3
11/03/2024,10,70,5.8,90,2.56,0.0,0.0,,4.3
11/03/2024,11,58,7.7,85,2.5,0.0,0.0,,5.3
11/03/2024,12,77,9.6,75,3.3,0.0,0.0,,5.4
11/03/2024,13,74,11.2,68,4.67,0.0,0.0,,5.4
11/03/2024,14,58,12.1,59,5.22,0.1,0.0,,4.3
11/03/2024,15,59,11.1,76,4.8,0.5,0.0,,7.1
11/03/2024,16,71,11.6,64,5.75,0.0,0.0,,4.9
11/03/2024,17,113,10.8,71,6.07,0.1,0.0,,5.8
11/03/2024,18,182,9.9,78,5.44,0.2,0.0,,6.2
11/03/2024,19,167,9.0,87,4.1,0.5,0.0,,7.0
11/03/2024,20,86,8.5,89,3.85,0.4,0.0,,6.8
11/03/2024,21,51,8.2,90,3.55,0.1,0.0,,6.7
11/03/2024,22,44,8.2,88,3.92,0.0,0.0,,6.3
11/03/2024,23,30,8.0,88,4.21,0.0,0.0,,6.2
11/04/2023,0,11,10.9,88,4.72,0.2,0.0,,9.1
11/04/2023,1,6,10.6,85,5.61,0.2,0.0,,8.1
11/04/2023,2,4,10.1,82,5.4,0.0,0.0,,7.1
11/04/2023,3,3,8.9,86,5.0,0.0,0.0,,6.7
11/04/2023,4,3,8.6,85,5.0,0.0,0.0,,6.2
11/04/2023,5,6,8.0,86,4.62,0.0,0.0,,5.8
11/04/2023,6,19,7.8,86,4.32,0.0,0.0,,5.6
11/04/2023,7,76,7.4,87,3.77,0.0,0.0,,5.5
11/04/2023,8,260,7.7,86,4.08,0.0,0.0,,5.5
11/04/2023,9,220,8.6,83,4.65,0.0,0.0,,5.9
11/04/2023,10,80,9.8,75,5.39,0.0,0.0,,5.7
11/04/2023,11,68,10.8,69,6.24,0.0,0.0,,5.2
11/04/2023,12,85,11.6,63,5.71,0.0,0.0,,4.9
11/04/2023,13,86,12.4,58,5.39,0.0,0.0,,4.4
11/04/2023,14,80,12.2,60,4.96,0.0,0.0,,4.8
11/04/2023,15,76,12.6,57,5.98,0.2,0.0,,4.3
11/04/2023,16,97,13.0,56,5.6,0.1,0.0,,4.5
11/04/2023,17,157,12.8,58,5.52,0.0,0.0,,4.7
11/04/2023,18,213,11.6,68,5.64,0.3,0.0,,5.8
11/04/2023,19,180,10.4,84,4.49,1.0,0.0,,7.7
11/04/2023,20,88,9.9,87,3.14,1.0,0.0,,7.9
11/04/2023,21,44,9.6,90,5.23,1.1,0.0,,8.1
11/04/2023,22,39,9.8,90,5.21,1.1,0.0,,8.2
11/04/2023,23,30,9.9,89,6.03,0.7,0.0,,8.1
11/04/2024,0,38,9.4,76,2.25,0.0,0.0,,5.3
11/04/2024,1,18,10.6,70,2.6,0.0,0.0,,5.4
11/04/2024,2,10,10.9,70,2.91,0.0,0.0,,5.7
11/04/2024,3,6,11.6,72,2.6,0.0,0.0,,6.7
11/04/2024,4,5,11.6,75,2.69,0.0,0.0,,7.4
11/04/2024,5,9,11.6,80,2.64,0.0,0.0,,8.3
11/04/2024,6,19,11.5,83,2.57,0.0,0.0,,8.8
11/04/2024,7,57,11.2,86,2.02,0.0,0.0,,9.0
11/04/2024,8,196,11.4,88,1.84,0.0,0.0,,9.4
11/04/2024,9,204,12.4,85,1.77,0.0,0.0,,9.9
11/04/2024,10,79,13.7,83,2.06,0.0,0.0,,10.9
11/04/2024,11,65,15.0,79,2.25,0.0,0.0,,11.4
11/04/2024,12,85,16.1,75,2.06,0.1,0.0,,11.8
11/04/2024,13,84,16.1,76,2.11,0.1,0.0,,11.9
11/04/2024,14,82,16.5,75,1.49,0.1,0.0,,12.1
11/04/2024,15,73,17.1,71,2.08,0.0,0.0,,11.9
11/04/2024,16,88,17.6,70,1.72,0.0,0.0,,12.0
11/04/2024,17,135,17.4,72,1.94,0.1,0.0,,12.4
11/04/2024,18,220,17.5,74,1.94,0.0,0.0,,12.8
11/04/2024,19,211,17.2,75,1.17,0.0,0.0,,12.6
11/04/2024,20,126,16.9,76,0.71,0.0,0.0,,12.6
11/04/2024,21,76,16.5,78,0.1,0.0,0.0,,12.6
11/04/2024,22,71,14.6,86,1.26,0.0,0.0,,12.4
11/04/2024,23,66,11.9,95,2.52,0.0,0.0,,11.1
11/05/2023,0,30,9.8,93,1.82,0.0,0.0,,8.8
11/05/2023,1,13,9.4,95,1.71,0.0,0.0,,8.6
11/05/2023,2,7,10.4,93,1.5,0.0,0.0,,9.2
11/05/2023,3,5,9.9,94,1.7,0.1,0.0,,9.0
11/05/2023,4,4,9.4,95,1.91,0.0,0.0,,8.6
11/05/2023,5,7,8.9,95,2.1,0.0,0.0,,8.1
11/05/2023,6,20,8.6,94,2.43,0.0,0.0,,7.8
11/05/2023,7,80,8.6,94,2.63,0.0,0.0,,7.7
11/05/2023,8,269,9.6,93,2.61,0.0,0.0,,8.6
11/05/2023,9,229,11.1,87,3.85,0.0,0.0,,9.0
11/05/2023,10,90,12.3,81,3.22,0.0,0.0,,9.2
11/05/2023,11,74,13.7,73,3.04,0.2,0.0,,8.9
11/05/2023,12,98,14.9,68,2.95,0.0,0.0,,9.1
11/05/2023,13,93,15.8,64,2.82,0.0,0.0,,8.9
11/05/2023,14,77,15.1,64,1.89,0.0,0.0,,8.4
11/05/2023,15,77,16.5,57,1.91,0.1,0.0,,7.9
11/05/2023,16,95,15.6,60,2.2,0.2,0.0,,7.8
11/05/2023,17,160,13.9,78,3.01,2.8,0.0,,10.1
11/05/2023,18,248,13.6,82,2.16,0.3,0.0,,10.6
11/05/2023,19,241,13.3,80,1.04,1.3,0.0,,10.0
11/05/2023,20,142,13.4,79,0.67,0.0,0.0,,9.8
11/05/2023,21,82,12.0,88,1.14,0.0,0.0,,10.1
11/05/2023,22,74,12.0,86,0.92,0.0,0.0,,9.8
11/05/2023,23,70,10.1,89,2.02,0.0,0.0,,8.5
11/05/2024,0,41,14.0,79,2.42,0.0,0.0,,10.4
11/05/2024,1,27,13.8,80,2.69,0.0,0.0,,10.4
11/05/2024,2,20,12.9,85,2.42,0.0,0.0,,10.4
11/05/2024,3,12,11.9,90,2.2,0.0,0.0,,10.2
11/05/2024,4,9,11.1,91,2.4,0.0,0.0,,9.6
11/05/2024,5,9,10.6,92,2.48,0.0,0.0,,9.3
11/05/2024,6,10,9.9,93,2.7,0.0,0.0,,8.9
11/05/2024,7,16,11.1,90,1.49,0.0,0.0,,9.6
11/05/2024,8,31,12.9,84,2.05,0.0,0.0,,10.1
11/05/2024,9,50,14.9,75,1.84,0.0,0.0,,10.5
11/05/2024,10,67,17.1,69,2.09,0.0,0.0,,11.4
11/05/2024,11,77,19.4,65,2.4,0.0,0.0,,12.5
11/05/2024,12,89,21.3,60,2.96,0.0,0.0,,13.1
11/05/2024,13,90,22.6,49,4.04,0.0,0.0,,11.5
11/05/2024,14,92,23.2,45,4.3,0.0,0.0,,10.6
11/05/2024,15,110,24.2,47,3.31,0.0,0.0,,12.2
11/05/2024,16,115,24.6,43,3.04,0.0,0.0,,11.2
11/05/2024,17,116,24.6,43,3.16,0.0,0.0,,11.3
11/05/2024,18,121,24.5,45,3.09,0.0,0.0,,11.6
11/05/2024,19,115,23.9,48,2.85,0.0,0.0,,12.2
11/05/2024,20,97,22.4,61,2.01,0.0,0.0,,14.6
11/05/2024,21,72,19.3,72,2.31,0.0,0.0,,14.1
11/05/2024,22,63,17.5,75,2.5,0.0,0.0,,13.1
11/05/2024,23,57,16.9,78,2.2,0.0,0.0,,12.9
11/06/2023,0,59,21.6,76,1.3,0.0,0.0,,17.2
11/06/2023,1,43,21.2,79,1.33,0.0,0.0,,17.5
11/06/2023,2,36,20.4,91,0.95,0.0,0.0,,18.8
11/06/2023,3,21,19.6,94,0.6,4.7,0.0,,18.6
11/06/2023,4,14,18.5,97,1.91,5.6,0.0,,17.9
11/06/2023,5,11,18.5,96,2.12,1.9,0.0,,17.8
11/06/2023,6,12,18.7,92,1.42,0.4,0.0,,17.3
11/06/2023,7,21,18.6,91,0.98,0.4,0.0,,17.1
11/06/2023,8,36,19.3,89,1.26,0.0,0.0,,17.5
11/06/2023,9,55,20.3,86,2.42,0.0,0.0,,17.8
11/06/2023,10,80,21.6,81,1.94,0.0,0.0,,18.1
11/06/2023,11,100,22.8,76,1.6,0.1,0.0,,18.2
11/06/2023,12,116,23.4,74,1.5,0.2,0.0,,18.5
11/06/2023,13,102,23.6,72,1.33,0.3,0.0,,18.2
11/06/2023,14,103,25.0,63,1.14,0.4,0.0,,17.5
11/06/2023,15,108,24.4,64,1.52,0.1,0.0,,17.1
11/06/2023,16,113,24.9,64,1.82,0.1,0.0,,17.6
11/06/2023,17,107,21.7,77,4.9,5.4,0.0,,17.5
11/06/2023,18,108,20.7,84,1.12,4.5,0.0,,17.9
11/06/2023,19,111,21.4,81,2.66,0.1,0.0,,18.0
11/06/2023,20,78,22.0,79,1.52,0.0,0.0,,18.1
11/06/2023,21,31,21.9,80,1.66,0.0,0.0,,18.3
11/06/2023,22,36,20.7,85,2.05,0.0,0.0,,18.1
11/06/2023,23,30,19.7,88,2.9,0.0,0.0,,17.7
11/06/2024,0,25,9.4,84,1.94,0.0,0.0,,6.7
11/06/2024,1,13,8.5,88,1.92,0.0,0.0,,6.6
11/06/2024,2,8,7.9,90,1.88,0.0,0.0,,6.4
11/06/2024,3,5,7.7,92,1.64,0.0,0.0,,6.4
11/06/2024,4,5,7.2,94,1.61,0.0,0.0,,6.2
11/06/2024,5,9,6.6,96,1.84,0.0,0.0,,5.9
11/06/2024,6,23,6.0,97,2.12,0.0,0.0,,5.6
11/06/2024,7,84,7.9,93,1.94,0.0,0.0,,6.9
11/06/2024,8,284,9.7,86,1.17,0.0,0.0,,7.4
11/06/2024,9,248,11.9,78,0.82,0.0,0.0,,8.1
11/06/2024,10,91,13.6,69,0.8,0.0,0.0,,8.1
11/06/2024,11,80,14.8,65,0.91,0.0,0.0,,8.4
11/06/2024,12,83,15.9,59,1.61,0.1,0.0,,7.9
11/06/2024,13,93,16.6,53,2.16,0.1,0.0,,7.0
11/06/2024,14,83,13.6,70,5.08,1.8,0.0,,8.1
11/06/2024,15,80,14.4,63,0.67,0.3,0.0,,7.4
11/06/2024,16,98,16.6,48,3.34,0.1,0.0,,5.7
11/06/2024,17,164,15.9,52,4.66,0.1,0.0,,5.9
11/06/2024,18,265,15.8,54,3.38,0.0,0.0,,6.3
11/06/2024,19,234,15.8,53,3.26,0.0,0.0,,6.1
11/06/2024,20,136,15.1,53,3.62,0.0,0.0,,5.7
11/06/2024,21,86,14.1,61,2.19,0.0,0.0,,6.7
11/06/2024,22,75,11.9,71,1.84,0.0,0.0,,6.8
11/06/2024,23,63,10.5,78,1.7,0.0,0.0,,6.9
11/07/2023,0,37,21.0,58,1.92,0.0,0.0,,12.5
11/07/2023,1,17,20.2,62,2.0,0.0,0.0,,12.7
11/07/2023,2,9,19.8,64,2.13,0.0,0.0,,12.8
11/07/2023,3,6,18.3,71,2.33,0.0,0.0,,12.9
11/07/2023,4,5,17.5,75,2.42,0.0,0.0,,13.1
11/07/2023,5,9,17.0,79,2.44,0.0,0.0,,13.2
11/07/2023,6,24,16.4,82,2.59,0.0,0.0,,13.3
11/07/2023,7,82,18.1,74,1.49,0.0,0.0,,13.5
11/07/2023,8,268,20.3,66,1.32,0.0,0.0,,13.8
11/07/2023,9,256,23.0,57,1.53,0.0,0.0,,14.1
11/07/2023,10,96,25.2,49,2.55,0.0,0.0,,13.6
11/07/2023,11,81,26.8,45,3.0,0.0,0.0,,13.8
11/07/2023,12,103,28.3,41,4.07,0.0,0.0,,13.8
11/07/2023,13,96,29.5,38,4.61,0.0,0.0,,13.7
11/07/2023,14,93,30.4,37,3.86,0.0,0.0,,13.9
11/07/2023,15,85,31.1,35,4.96,0.0,0.0,,13.8
11/07/2023,16,109,31.2,34,4.89,0.0,0.0,,13.8
11/07/2023,17,167,31.5,33,4.65,0.0,0.0,,13.4
11/07/2023,18,276,30.8,33,5.67,0.0,0.0,,12.8
11/07/2023,19,261,29.5,37,5.21,0.0,0.0,,13.1
11/07/2023,20,158,28.5,40,4.66,0.0,0.0,,13.4
11/07/2023,21,111,27.4,42,3.85,0.0,0.0,,13.2
11/07/2023,22,88,23.3,66,3.83,0.2,0.0,,16.7
11/07/2023,23,81,22.4,70,1.58,0.0,0.0,,16.8
11/07/2024,0,45,18.9,72,1.22,0.0,0.0,,13.8
11/07/2024,1,24,17.3,80,1.84,0.0,0.0,,13.8
11/07/2024,2,14,16.9,82,1.5,0.0,0.0,,13.7
11/07/2024,3,8,16.9,88,1.75,0.0,0.0,,14.9
11/07/2024,4,6,16.1,86,2.75,0.0,0.0,,13.8
11/07/2024,5,11,15.4,88,2.33,0.0,0.0,,13.4
11/07/2024,6,23,14.6,92,2.06,0.0,0.0,,13.3
11/07/2024,7,70,15.1,90,2.56,0.0,0.0,,13.5
11/07/2024,8,220,16.1,83,2.28,0.0,0.0,,13.3
11/07/2024,9,235,17.3,74,2.43,0.0,0.0,,12.6
11/07/2024,10,89,18.7,66,2.2,0.0,0.0,,12.2
11/07/2024,11,81,20.1,61,1.9,0.0,0.0,,12.5
11/07/2024,12,100,21.5,59,1.52,0.0,0.0,,13.2
11/07/2024,13,96,23.0,54,0.89,0.0,0.0,,13.2
11/07/2024,14,93,23.2,51,0.3,0.0,0.0,,12.6
11/07/2024,15,90,23.2,49,0.6,0.0,0.0,,11.9
11/07/2024,16,98,23.6,47,0.91,0.0,0.0,,11.8
11/07/2024,17,159,23.9,47,1.43,0.0,0.0,,11.8
11/07/2024,18,235,23.0,49,2.63,0.0,0.0,,11.8
11/07/2024,19,210,23.0,49,3.41,0.0,0.0,,11.8
11/07/2024,20,126,21.2,58,4.23,0.0,0.0,,12.6
11/07/2024,21,84,20.3,64,2.82,0.0,0.0,,13.2
11/07/2024,22,74,19.0,71,3.4,0.0,0.0,,13.6
11/07/2024,23,66,18.5,71,2.47,0.0,0.0,,13.1
11/08/2023,0,33,18.3,87,2.52,0.0,0.0,,16.1
11/08/2023,1,18,17.8,88,2.33,0.0,0.0,,15.8
11/08/2023,2,12,18.5,81,2.15,0.0,0.0,,15.2
11/08/2023,3,6,17.8,85,1.93,0.0,0.0,,15.1
11/08/2023,4,5,17.3,88,2.02,0.0,0.0,,15.2
11/08/2023,5,8,17.1,90,1.91,0.0,0.0,,15.4
11/08/2023,6,15,16.6,92,2.4,0.0,0.0,,15.4
11/08/2023,7,34,16.7,92,2.09,0.0,0.0,,15.4
11/08/2023,8,79,19.0,85,2.06,0.0,0.0,,16.5
11/08/2023,9,83,20.6,83,2.14,0.0,0.0,,17.5
11/08/2023,10,55,22.4,79,2.02,0.0,0.0,,18.5
11/08/2023,11,56,24.0,74,2.28,0.0,0.0,,19.2
11/08/2023,12,68,25.5,68,2.28,0.0,0.0,,19.2
11/08/2023,13,65,26.7,63,2.31,0.0,0.0,,19.1
11/08/2023,14,66,26.9,58,3.1,0.0,0.0,,18.0
11/08/2023,15,69,26.8,60,3.13,0.6,0.0,,18.3
11/08/2023,16,77,26.2,60,3.54,0.0,0.0,,17.8
11/08/2023,17,103,25.5,63,4.2,0.0,0.0,,18.0
11/08/2023,18,81,23.6,70,3.6,0.0,0.0,,17.9
11/08/2023,19,57,22.1,77,2.98,0.5,0.0,,18.0
11/08/2023,20,37,21.0,88,1.84,2.1,0.0,,18.9
11/08/2023,21,29,20.6,88,1.22,0.3,0.0,,18.6
11/08/2023,22,25,20.0,92,1.6,0.0,0.0,,18.6
11/08/2023,23,26,19.9,92,1.81,0.1,0.0,,18.6
11/08/2024,0,67,20.8,63,1.7,0.0,0.0,,13.4
11/08/2024,1,50,19.9,66,1.72,0.0,0.0,,13.2
11/08/2024,2,36,19.3,67,1.8,0.0,0.0,,12.9
11/08/2024,3,24,18.8,69,1.84,0.0,0.0,,12.9
11/08/2024,4,15,18.1,73,1.94,0.0,0.0,,13.2
11/08/2024,5,13,17.8,75,2.14,0.0,0.0,,13.4
11/08/2024,6,12,17.4,77,2.05,0.0,0.0,,13.3
11/08/2024,7,16,17.3,77,2.19,0.0,0.0,,13.2
11/08/2024,8,25,18.6,73,2.62,0.0,0.0,,13.6
11/08/2024,9,39,20.6,65,2.2,0.0,0.0,,13.9
11/08/2024,10,51,23.5,55,2.56,0.0,0.0,,14.1
11/08/2024,11,66,26.4,44,3.67,0.0,0.0,,13.1
11/08/2024,12,76,28.0,39,4.1,0.0,0.0,,12.6
11/08/2024,13,75,29.3,36,4.13,0.0,0.0,,12.7
11/08/2024,14,76,30.5,34,4.12,0.0,0.0,,12.8
11/08/2024,15,86,31.1,37,4.08,0.0,0.0,,14.8
11/08/2024,16,79,31.5,37,4.36,0.0,0.0,,15.1
11/08/2024,17,84,31.9,37,4.55,0.0,0.0,,15.6
11/08/2024,18,92,31.8,38,4.71,0.0,0.0,,15.6
11/08/2024,19,88,31.2,39,4.82,0.0,0.0,,15.6
11/08/2024,20,76,30.0,42,4.12,0.0,0.0,,15.9
11/08/2024,21,56,28.0,48,3.14,0.0,0.0,,16.1
11/08/2024,22,45,26.7,53,3.1,0.0,0.0,,16.4
11/08/2024,23,39,26.0,56,3.01,0.0,0.0,,16.4
11/09/2023,0,26,23.0,77,2.19,0.0,0.0,,18.7
11/09/2023,1,14,22.0,83,1.61,0.0,0.0,,19.0
11/09/2023,2,8,21.2,88,1.75,0.0,0.0,,19.1
11/09/2023,3,5,20.2,91,1.88,0.0,0.0,,18.8
11/09/2023,4,4,19.2,94,2.4,0.0,0.0,,18.2
11/09/2023,5,9,18.9,95,2.22,0.0,0.0,,18.0
11/09/2023,6,24,19.0,92,1.63,0.0,0.0,,17.7
11/09/2023,7,100,18.6,86,1.6,0.0,0.0,,16.4
11/09/2023,8,335,18.9,82,1.94,0.0,0.0,,15.8
11/09/2023,9,264,20.6,74,2.2,0.0,0.0,,15.9
11/09/2023,10,94,22.4,69,2.42,0.0,0.0,,16.5
11/09/2023,11,81,23.6,66,3.21,0.0,0.0,,16.9
11/09/2023,12,101,25.0,60,1.49,0.0,0.0,,16.8
11/09/2023,13,105,26.5,53,2.28,0.0,0.0,,16.3
11/09/2023,14,92,22.2,74,2.38,0.0,0.0,,17.4
11/09/2023,15,92,24.2,65,2.75,0.0,0.0,,17.3
11/09/2023,16,119,26.3,56,2.9,0.0,0.0,,16.9
11/09/2023,17,211,26.5,55,3.5,0.0,0.0,,16.6
11/09/2023,18,325,26.0,55,3.24,0.0,0.0,,16.4
11/09/2023,19,284,25.3,56,2.72,0.0,0.0,,15.9
11/09/2023,20,153,23.5,68,1.46,0.0,0.0,,17.1
11/09/2023,21,85,22.6,70,1.72,0.0,0.0,,17.0
11/09/2023,22,76,22.2,79,4.14,0.5,0.0,,18.3
11/09/2023,23,61,21.0,89,2.28,0.4,0.0,,19.2
11/09/2024,0,34,16.2,78,6.58,0.0,0.0,,12.4
11/09/2024,1,16,16.1,80,7.14,0.1,0.0,,12.7
11/09/2024,2,9,15.8,84,7.64,0.2,0.0,,13.1
11/09/2024,3,5,15.4,88,6.98,0.9,0.0,,13.6
11/09/2024,4,5,15.4,88,6.54,0.1,0.0,,13.4
11/09/2024,5,7,14.6,92,5.57,1.9,0.0,,13.2
11/09/2024,6,16,14.0,92,4.44,0.5,0.0,,12.7
11/09/2024,7,74,13.4,89,4.17,0.5,0.0,,11.6
11/09/2024,8,252,12.9,88,4.38,0.0,0.0,,10.9
11/09/2024,9,235,12.8,86,3.58,0.0,0.0,,10.4
11/09/2024,10,93,13.9,75,3.58,0.0,0.0,,9.4
11/09/2024,11,81,14.6,66,4.18,0.0,0.0,,8.4
11/09/2024,12,114,14.5,66,5.09,0.0,0.0,,8.2
11/09/2024,13,106,14.4,67,4.56,0.0,0.0,,8.4
11/09/2024,14,95,15.4,60,5.04,0.0,0.0,,7.7
11/09/2024,15,93,15.9,65,5.73,0.3,0.0,,9.4
11/09/2024,16,107,16.3,56,5.44,0.0,0.0,,7.6
11/09/2024,17,169,16.1,55,5.46,0.0,0.0,,7.2
11/09/2024,18,264,16.1,49,5.19,0.0,0.0,,5.2
11/09/2024,19,239,15.1,52,4.34,0.0,0.0,,5.4
11/09/2024,20,135,13.6,58,3.32,0.0,0.0,,5.5
11/09/2024,21,80,12.2,65,2.73,0.0,0.0,,5.8
11/09/2024,22,76,11.6,68,2.93,0.0,0.0,,5.8
11/09/2024,23,65,11.1,69,2.83,0.0,0.0,,5.6
11/10/2023,0,35,15.9,71,2.77,0.0,0.0,,10.6
11/10/2023,1,16,14.6,77,3.47,0.0,0.0,,10.6
11/10/2023,2,9,14.6,76,3.4,0.0,0.0,,10.5
11/10/2023,3,5,13.7,79,3.44,0.0,0.0,,10.1
11/10/2023,4,4,13.1,81,3.55,0.0,0.0,,9.9
11/10/2023,5,9,12.4,83,3.58,0.0,0.0,,9.6
11/10/2023,6,23,11.9,84,3.5,0.0,0.0,,9.1
11/10/2023,7,102,11.4,84,3.4,0.0,0.0,,8.8
11/10/2023,8,328,10.9,84,2.91,0.0,0.0,,8.4
11/10/2023,9,282,13.2,76,2.04,0.0,0.0,,9.1
11/10/2023,10,118,15.8,68,1.91,0.0,0.0,,9.9
11/10/2023,11,105,18.3,62,2.3,0.0,0.0,,10.8
11/10/2023,12,142,20.8,56,2.75,0.0,0.0,,11.7
11/10/2023,13,136,23.0,49,3.42,0.0,0.0,,11.7
11/10/2023,14,126,23.8,44,4.57,0.0,0.0,,10.9
11/10/2023,15,119,24.5,42,4.83,0.0,0.0,,10.9
11/10/2023,16,140,24.8,41,4.83,0.0,0.0,,10.4
11/10/2023,17,220,24.6,40,4.85,0.0,0.0,,10.2
11/10/2023,18,342,23.5,44,3.72,0.0,0.0,,10.6
11/10/2023,19,312,21.5,47,3.33,0.0,0.0,,9.8
11/10/2023,20,172,20.0,52,3.2,0.0,0.0,,9.7
11/10/2023,21,99,19.2,54,2.76,0.0,0.0,,9.8
11/10/2023,22,96,18.0,61,2.41,0.0,0.0,,10.4
11/10/2023,23,82,18.2,63,2.13,0.0,0.0,,11.1
11/10/2024,0,34,9.0,96,1.66,0.0,0.0,,8.4
11/10/2024,1,22,8.4,97,1.7,0.0,0.0,,7.9
11/10/2024,2,14,7.6,98,1.89,0.0,0.0,,7.2
11/10/2024,3,8,8.5,98,1.27,0.0,0.0,,8.1
11/10/2024,4,6,7.6,99,1.65,0.0,0.0,,7.4
11/10/2024,5,9,6.6,100,2.25,0.0,0.0,,6.6
11/10/2024,6,19,5.9,100,2.25,0.0,0.0,,5.9
11/10/2024,7,62,6.0,100,1.9,0.0,0.0,,6.0
11/10/2024,8,187,5.8,100,1.65,0.0,0.0,,5.8
11/10/2024,9,175,6.3,99,1.25,0.0,0.0,,6.2
11/10/2024,10,88,7.7,98,1.14,0.0,0.0,,7.4
11/10/2024,11,82,9.9,90,1.2,0.0,0.0,,8.2
11/10/2024,12,112,11.8,75,1.66,0.0,0.0,,7.6
11/10/2024,13,111,12.9,63,1.88,0.0,0.0,,6.1
11/10/2024,14,108,13.6,57,2.1,0.0,0.0,,5.2
11/10/2024,15,107,13.6,56,1.7,0.0,0.0,,5.2
11/10/2024,16,125,13.6,56,1.7,0.0,0.0,,4.8
11/10/2024,17,172,13.6,54,1.82,0.0,0.0,,4.3
11/10/2024,18,209,13.1,56,2.4,0.0,0.0,,4.6
11/10/2024,19,183,10.6,68,2.16,0.0,0.0,,5.0
11/10/2024,20,114,9.3,72,2.46,0.0,0.0,,4.6
11/10/2024,21,73,8.2,76,2.16,0.0,0.0,,4.3
11/10/2024,22,64,7.6,79,2.1,0.0,0.0,,4.2
11/10/2024,23,60,7.2,81,2.45,0.0,0.0,,4.1
11/11/2023,0,43,7.2,88,3.71,0.0,0.0,,5.3
11/11/2023,1,32,6.8,90,3.51,0.0,0.0,,5.2
11/11/2023,2,28,6.2,92,3.32,0.0,0.0,,5.0
11/11/2023,3,17,6.2,94,2.5,0.0,0.0,,5.2
11/11/2023,4,12,4.9,95,2.1,0.0,0.0,,4.2
11/11/2023,5,10,4.6,96,2.19,0.0,0.0,,4.0
11/11/2023,6,9,4.7,95,2.25,0.0,0.0,,3.9
11/11/2023,7,12,4.9,94,3.08,0.0,0.0,,4.1
11/11/2023,8,29,5.2,93,3.8,0.0,0.0,,4.1
11/11/2023,9,44,5.2,92,3.45,0.0,0.0,,4.0
11/11/2023,10,63,6.3,88,3.98,0.0,0.0,,4.5
11/11/2023,11,74,8.0,84,3.4,0.0,0.0,,5.4
11/11/2023,12,96,9.5,79,4.18,0.0,0.0,,6.1
11/11/2023,13,95,10.8,75,4.61,0.0,0.0,,6.4
11/11/2023,14,101,11.6,68,4.9,0.0,0.0,,5.9
11/11/2023,15,111,10.9,76,3.81,0.0,0.0,,6.9
11/11/2023,16,109,11.4,71,3.7,0.1,0.0,,6.3
11/11/2023,17,108,10.2,76,2.91,0.1,0.0,,6.2
11/11/2023,18,106,8.9,84,1.75,0.0,0.0,,6.4
11/11/2023,19,104,6.6,90,2.04,0.0,0.0,,5.0
11/11/2023,20,80,6.5,92,1.96,0.0,0.0,,5.2
11/11/2023,21,53,6.3,92,2.15,0.0,0.0,,5.1
11/11/2023,22,43,6.0,94,1.91,0.0,0.0,,5.1
11/11/2023,23,44,5.4,96,1.87,0.0,0.0,,4.8
11/11/2024,0,28,6.6,94,1.72,0.0,0.0,,5.6
11/11/2024,1,18,5.2,96,2.16,0.0,0.0,,4.5
11/11/2024,2,13,5.3,95,1.89,0.0,0.0,,4.6
11/11/2024,3,9,6.2,94,1.19,0.0,0.0,,5.3
11/11/2024,4,8,5.2,97,1.56,0.0,0.0,,4.8
11/11/2024,5,8,5.9,96,1.08,0.0,0.0,,5.3
11/11/2024,6,8,5.5,97,1.58,0.0,0.0,,5.1
11/11/2024,7,12,6.8,93,1.35,0.0,0.0,,5.8
11/11/2024,8,25,7.9,89,1.86,0.0,0.0,,6.2
11/11/2024,9,42,8.6,88,1.76,0.0,0.0,,6.7
11/11/2024,10,55,9.4,87,1.9,0.0,0.0,,7.4
11/11/2024,11,57,10.5,87,1.74,0.0,0.0,,8.4
11/11/2024,12,72,11.6,88,2.38,0.2,0.0,,9.6
11/11/2024,13,74,12.5,89,2.83,0.3,0.0,,10.8
11/11/2024,14,80,13.4,80,4.54,0.0,0.0,,10.1
11/11/2024,15,91,12.5,71,5.15,0.0,0.0,,7.3
11/11/2024,16,96,11.9,70,5.06,0.0,0.0,,6.6
11/11/2024,17,97,11.6,70,3.71,0.0,0.0,,6.2
11/11/2024,18,100,10.8,74,2.62,0.0,0.0,,6.3
11/11/2024,19,84,9.8,80,2.85,0.0,0.0,,6.4
11/11/2024,20,64,9.2,84,3.55,0.0,0.0,,6.7
11/11/2024,21,46,8.4,88,3.59,0.0,0.0,,6.5
11/11/2024,22,38,7.7,90,3.65,0.0,0.0,,6.2
11/11/2024,23,27,7.3,91,3.21,0.0,0.0,,6.0
11/12/2023,0,12,12.0,89,6.1,0.0,0.0,,10.2
11/12/2023,1,7,11.1,87,5.91,0.0,0.0,,9.0
11/12/2023,2,5,10.6,88,5.91,0.0,0.0,,8.7
11/12/2023,3,3,10.6,89,5.16,0.0,0.0,,8.8
11/12/2023,4,3,10.4,90,5.02,0.0,0.0,,8.8
11/12/2023,5,6,10.7,90,5.2,0.0,0.0,,9.1
11/12/2023,6,17,10.8,89,5.19,0.0,0.0,,9.0
11/12/2023,7,72,10.8,88,5.41,0.0,0.0,,8.8
11/12/2023,8,249,10.4,88,5.42,0.0,0.0,,8.5
11/12/2023,9,224,10.2,87,5.24,0.0,0.0,,8.1
11/12/2023,10,81,9.7,88,4.11,0.0,0.0,,7.8
11/12/2023,11,67,10.3,87,4.46,0.0,0.0,,8.1
11/12/2023,12,88,11.3,84,5.39,0.0,0.0,,8.7
11/12/2023,13,92,12.4,78,5.15,0.0,0.0,,8.7
11/12/2023,14,86,12.9,74,6.8,0.1,0.0,,8.3
11/12/2023,15,82,12.6,76,4.82,0.0,0.0,,8.4
11/12/2023,16,102,12.4,77,4.11,0.0,0.0,,8.4
11/12/2023,17,164,11.6,80,2.62,0.0,0.0,,8.4
11/12/2023,18,250,8.8,91,2.27,0.0,0.0,,7.3
11/12/2023,19,224,8.2,94,2.08,0.0,0.0,,7.3
11/12/2023,20,115,8.4,93,2.27,0.0,0.0,,7.4
11/12/2023,21,66,8.4,94,2.25,0.0,0.0,,7.6
11/12/2023,22,58,8.2,95,2.28,0.0,0.0,,7.5
11/12/2023,23,40,7.8,97,2.21,0.0,0.0,,7.3
11/12/2024,0,23,5.5,86,3.41,0.0,0.0,,3.3
11/12/2024,1,11,5.5,86,3.33,0.0,0.0,,3.3
11/12/2024,2,7,5.3,86,3.22,0.0,0.0,,3.2
11/12/2024,3,5,5.2,89,3.09,0.0,0.0,,3.7
11/12/2024,4,4,5.1,90,2.73,0.0,0.0,,3.5
11/12/2024,5,7,5.0,91,2.48,0.0,0.0,,3.6
11/12/2024,6,18,5.1,90,2.66,0.1,0.0,,3.5
11/12/2024,7,58,5.0,89,2.59,0.0,0.0,,3.3
11/12/2024,8,184,4.9,89,2.48,0.1,0.0,,3.3
11/12/2024,9,181,4.8,89,2.42,0.1,0.0,,3.2
11/12/2024,10,78,4.6,89,2.39,0.0,0.0,,2.9
11/12/2024,11,66,4.8,87,2.59,0.0,0.0,,2.8
11/12/2024,12,96,5.3,83,3.01,0.0,0.0,,2.7
11/12/2024,13,89,5.6,73,3.48,0.0,0.0,,1.1
11/12/2024,14,82,5.6,71,3.51,0.0,0.0,,0.8
11/12/2024,15,72,5.3,75,3.05,0.0,0.0,,1.2
11/12/2024,16,82,5.3,75,3.15,0.0,0.0,,1.3
11/12/2024,17,122,5.2,77,2.2,0.0,0.0,,1.5
11/12/2024,18,194,5.0,78,2.05,0.0,0.0,,1.5
11/12/2024,19,182,4.9,79,2.08,0.0,0.0,,1.5
11/12/2024,20,108,4.9,79,2.31,0.0,0.0,,1.5
11/12/2024,21,63,4.9,78,2.43,0.0,0.0,,1.4
11/12/2024,22,62,4.9,78,2.4,0.0,0.0,,1.4
11/12/2024,23,51,4.7,79,2.3,0.0,0.0,,1.5
12/01/2023,0,28,9.6,75,6.94,0.0,0.0,,5.3
12/01/2023,1,12,9.1,78,6.59,0.0,0.0,,5.4
12/01/2023,2,6,9.5,78,7.08,0.0,0.0,,5.8
12/01/2023,3,4,9.9,77,7.0,0.0,0.0,,6.1
12/01/2023,4,3,9.9,75,7.42,0.0,0.0,,5.7
12/01/2023,5,6,9.8,76,7.78,0.0,0.0,,5.8
12/01/2023,6,17,9.8,77,8.06,0.0,0.0,,5.9
12/01/2023,7,68,10.2,76,8.27,0.0,0.0,,6.2
12/01/2023,8,241,11.0,73,8.63,0.0,0.0,,6.3
12/01/2023,9,223,11.2,73,8.42,0.0,0.0,,6.5
12/01/2023,10,79,11.4,73,8.27,0.0,0.0,,6.8
12/01/2023,11,63,11.5,75,8.2,0.0,0.0,,7.2
12/01/2023,12,84,11.9,74,8.2,0.0,0.0,,7.4
12/01/2023,13,81,11.9,75,7.92,0.0,0.0,,7.7
12/01/2023,14,76,11.6,79,6.89,0.0,0.0,,8.1
12/01/2023,15,72,11.9,79,6.8,0.0,0.0,,8.3
12/01/2023,16,91,11.9,78,7.43,0.0,0.0,,8.1
12/01/2023,17,146,11.6,76,8.07,0.0,0.0,,7.6
12/01/2023,18,224,11.6,75,8.31,0.0,0.0,,7.3
12/01/2023,19,212,11.6,75,8.59,0.0,0.0,,7.3
12/01/2023,20,114,11.3,79,8.42,0.3,0.0,,7.8
12/01/2023,21,67,11.1,81,8.41,0.2,0.0,,8.1
12/01/2023,22,57,11.0,83,7.99,0.1,0.0,,8.3
12/01/2023,23,52,11.0,85,7.67,0.1,0.0,,8.6
12/01/2024,0,23,-2.5,71,3.27,0.0,0.0,,-7.0
12/01/2024,1,13,-2.2,85,2.91,0.0,0.0,,-4.4
12/01/2024,2,8,-1.1,92,3.04,0.0,0.0,,-2.3
12/01/2024,3,5,0.4,96,3.89,0.0,0.0,,-0.1
12/01/2024,4,5,1.0,96,3.51,0.0,0.0,,0.4
12/01/2024,5,6,1.5,93,3.48,0.0,0.0,,0.4
12/01/2024,6,15,1.5,93,3.31,0.0,0.0,,0.4
12/01/2024,7,47,1.6,92,3.09,0.0,0.0,,0.4
12/01/2024,8,142,1.6,92,2.69,0.0,0.0,,0.4
12/01/2024,9,131,1.8,92,2.95,0.0,0.0,,0.6
12/01/2024,10,59,2.0,89,3.36,0.0,0.0,,0.4
12/01/2024,11,54,2.3,81,3.88,0.0,0.0,,-0.6
12/01/2024,12,70,2.6,76,4.17,0.0,0.0,,-1.2
12/01/2024,13,67,3.0,74,3.96,0.0,0.0,,-1.2
12/01/2024,14,66,3.2,73,3.54,0.0,0.0,,-1.2
12/01/2024,15,63,3.2,74,3.44,0.0,0.0,,-0.9
12/01/2024,16,76,3.3,73,3.38,0.0,0.0,,-1.0
12/01/2024,17,112,3.0,74,3.3,0.0,0.0,,-1.1
12/01/2024,18,143,2.4,77,3.06,0.0,0.0,,-1.3
12/01/2024,19,126,1.9,80,2.55,0.0,0.0,,-1.3
12/01/2024,20,78,1.6,80,2.42,0.0,0.0,,-1.4
12/01/2024,21,44,1.5,82,2.51,0.0,0.0,,-1.2
12/01/2024,22,37,1.2,84,2.91,0.0,0.0,,-1.1
12/01/2024,23,34,0.9,86,2.77,0.0,0.0,,-1.1
12/02/2023,0,35,6.1,94,1.4,0.0,0.0,,5.2
12/02/2023,1,26,5.8,95,1.41,0.0,0.0,,5.1
12/02/2023,2,24,6.4,95,1.75,0.0,0.0,,5.6
12/02/2023,3,13,6.5,94,2.1,0.0,0.0,,5.7
12/02/2023,4,10,6.4,94,2.31,0.0,0.0,,5.6
12/02/2023,5,8,6.2,93,2.32,0.0,0.0,,5.2
12/02/2023,6,6,6.2,93,2.21,0.0,0.0,,5.1
12/02/2023,7,9,6.1,92,2.14,0.0,0.0,,4.9
12/02/2023,8,18,6.1,92,1.92,0.0,0.0,,4.9
12/02/2023,9,35,5.9,93,1.9,0.0,0.0,,4.9
12/02/2023,10,51,6.2,92,2.31,0.0,0.0,,5.1
12/02/2023,11,66,7.2,87,3.31,0.0,0.0,,5.2
12/02/2023,12,84,7.8,85,3.86,0.0,0.0,,5.4
12/02/2023,13,72,8.8,79,4.26,0.0,0.0,,5.2
12/02/2023,14,78,8.3,82,3.4,0.0,0.0,,5.3
12/02/2023,15,84,8.9,79,3.42,0.0,0.0,,5.3
12/02/2023,16,92,8.9,77,3.45,0.0,0.0,,5.1
12/02/2023,17,97,9.1,75,3.28,0.0,0.0,,4.8
12/02/2023,18,94,9.0,73,2.98,0.0,0.0,,4.4
12/02/2023,19,73,8.2,78,1.51,0.0,0.0,,4.6
12/02/2023,20,49,7.3,83,1.65,0.0,0.0,,4.6
12/02/2023,21,37,7.6,81,1.71,0.0,0.0,,4.6
12/02/2023,22,29,6.3,87,1.75,0.0,0.0,,4.4
12/02/2023,23,19,5.3,91,1.84,0.0,0.0,,4.0
12/02/2024,0,15,6.0,90,3.32,0.0,0.0,,4.6
12/02/2024,1,8,5.3,92,2.97,0.0,0.0,,4.1
12/02/2024,2,7,4.9,93,2.82,0.0,0.0,,3.8
12/02/2024,3,4,4.7,93,2.59,0.0,0.0,,3.7
12/02/2024,4,4,4.2,94,2.33,0.0,0.0,,3.3
12/02/2024,5,8,3.8,94,2.13,0.0,0.0,,3.0
12/02/2024,6,16,3.5,95,1.84,0.0,0.0,,2.8
12/02/2024,7,52,3.3,95,2.05,0.0,0.0,,2.7
12/02/2024,8,176,3.8,95,2.14,0.0,0.0,,3.0
12/02/2024,9,170,3.7,95,1.92,0.0,0.0,,3.0
12/02/2024,10,61,4.8,93,1.5,0.0,0.0,,3.8
12/02/2024,11,52,6.4,90,1.8,0.0,0.0,,4.8
12/02/2024,12,65,8.0,85,2.13,0.1,0.0,,5.6
12/02/2024,13,69,8.8,82,2.09,0.1,0.0,,5.9
12/02/2024,14,65,9.3,80,2.45,0.1,0.0,,6.0
12/02/2024,15,60,9.9,76,2.1,0.0,0.0,,5.9
12/02/2024,16,66,10.5,72,2.98,0.0,0.0,,5.7
12/02/2024,17,111,10.2,68,3.85,0.1,0.0,,4.6
12/02/2024,18,186,9.0,74,3.09,0.1,0.0,,4.6
12/02/2024,19,171,7.3,84,1.9,0.0,0.0,,4.8
12/02/2024,20,92,5.1,90,2.61,0.0,0.0,,3.7
12/02/2024,21,54,4.3,91,2.5,0.0,0.0,,3.0
12/02/2024,22,48,3.9,92,2.21,0.0,0.0,,2.8
12/02/2024,23,33,3.5,93,2.22,0.0,0.0,,2.4
12/03/2023,0,32,6.2,89,3.21,0.7,0.0,,4.7
12/03/2023,1,23,6.8,91,3.29,0.0,0.0,,5.5
12/03/2023,2,22,7.5,93,3.11,0.0,0.0,,6.4
12/03/2023,3,14,8.8,91,4.46,0.3,0.0,,7.4
12/03/2023,4,10,8.6,92,4.65,0.0,0.0,,7.3
12/03/2023,5,7,8.8,92,4.98,0.0,0.0,,7.6
12/03/2023,6,7,9.4,91,5.1,0.0,0.0,,7.9
12/03/2023,7,10,9.4,90,5.0,0.0,0.0,,7.8
12/03/2023,8,22,9.1,89,4.69,0.0,0.0,,7.3
12/03/2023,9,38,9.1,89,4.85,0.0,0.0,,7.3
12/03/2023,10,59,9.5,88,4.84,0.0,0.0,,7.6
12/03/2023,11,74,9.9,85,5.24,0.0,0.0,,7.6
12/03/2023,12,91,11.1,77,6.63,0.1,0.0,,7.2
12/03/2023,13,81,12.4,70,6.36,0.1,0.0,,6.9
12/03/2023,14,80,13.4,64,5.73,0.0,0.0,,6.6
12/03/2023,15,96,13.9,61,5.73,0.0,0.0,,6.5
12/03/2023,16,103,14.1,59,6.04,0.0,0.0,,6.3
12/03/2023,17,101,13.7,65,6.37,0.0,0.0,,7.2
12/03/2023,18,99,13.3,63,5.75,0.0,0.0,,6.5
12/03/2023,19,80,12.8,65,4.31,0.0,0.0,,6.4
12/03/2023,20,50,11.4,71,3.0,0.0,0.0,,6.3
12/03/2023,21,30,11.2,75,3.77,0.0,0.0,,6.9
12/03/2023,22,23,11.6,85,5.04,0.6,0.0,,9.1
12/03/2023,23,17,11.6,90,5.7,2.9,0.0,,10.0
12/03/2024,0,14,7.7,89,4.1,0.0,0.0,,6.1
12/03/2024,1,7,7.2,91,3.6,0.0,0.0,,5.8
12/03/2024,2,5,6.7,92,3.52,0.0,0.0,,5.5
12/03/2024,3,3,7.7,89,2.93,0.0,0.0,,5.9
12/03/2024,4,3,7.2,91,2.75,0.0,0.0,,5.8
12/03/2024,5,7,7.3,91,3.13,0.0,0.0,,6.0
12/03/2024,6,19,7.9,90,3.08,0.1,0.0,,6.3
12/03/2024,7,68,7.8,90,3.45,0.0,0.0,,6.2
12/03/2024,8,230,7.3,90,3.42,0.0,0.0,,5.8
12/03/2024,9,198,7.0,91,3.35,0.0,0.0,,5.7
12/03/2024,10,65,8.1,86,3.58,0.0,0.0,,5.9
12/03/2024,11,44,8.1,90,3.5,0.4,0.0,,6.6
12/03/2024,12,49,8.2,91,3.89,0.6,0.0,,6.8
12/03/2024,13,46,8.3,91,4.48,1.1,0.0,,6.9
12/03/2024,14,44,8.9,91,4.33,1.6,0.0,,7.4
12/03/2024,15,41,9.3,92,4.7,1.0,0.0,,8.1
12/03/2024,16,60,10.2,91,4.76,0.3,0.0,,8.9
12/03/2024,17,123,11.0,90,4.53,0.4,0.0,,9.4
12/03/2024,18,205,11.2,88,4.83,0.1,0.0,,9.4
12/03/2024,19,183,11.4,87,4.44,0.0,0.0,,9.4
12/03/2024,20,100,11.1,89,4.12,0.0,0.0,,9.3
12/03/2024,21,57,10.9,90,4.38,0.0,0.0,,9.2
12/03/2024,22,53,10.2,91,4.1,0.0,0.0,,8.9
12/03/2024,23,40,10.6,90,3.94,0.0,0.0,,9.0
12/04/2023,0,13,9.9,88,6.49,1.1,0.0,,8.1
12/04/2023,1,6,9.8,88,6.99,0.7,0.0,,7.9
12/04/2023,2,4,9.8,87,7.11,0.7,0.0,,7.8
12/04/2023,3,3,9.9,89,8.13,1.0,0.0,,8.2
12/04/2023,4,3,10.1,89,7.88,0.4,0.0,,8.4
12/04/2023,5,5,10.4,90,8.25,0.7,0.0,,8.9
12/04/2023,6,12,10.6,90,7.52,1.4,0.0,,9.1
12/04/2023,7,51,10.2,94,4.2,2.2,0.0,,9.2
12/04/2023,8,178,9.4,89,4.55,0.3,0.0,,7.7
12/04/2023,9,159,8.7,84,4.02,0.2,0.0,,6.2
12/04/2023,10,67,8.1,85,3.7,0.2,0.0,,5.7
12/04/2023,11,60,10.5,73,4.44,0.0,0.0,,5.9
12/04/2023,12,84,11.7,66,6.2,0.1,0.0,,5.7
12/04/2023,13,89,12.8,62,6.48,0.0,0.0,,5.7
12/04/2023,14,80,11.4,68,5.46,0.0,0.0,,5.8
12/04/2023,15,69,11.6,70,5.83,0.5,0.0,,6.4
12/04/2023,16,81,12.6,60,7.05,0.1,0.0,,4.9
12/04/2023,17,127,12.0,50,7.71,0.0,0.0,,1.8
12/04/2023,18,202,11.8,47,8.32,0.1,0.0,,0.9
12/04/2023,19,159,11.1,50,7.93,0.0,0.0,,1.0
12/04/2023,20,106,9.9,55,7.5,0.0,0.0,,1.4
12/04/2023,21,58,9.1,56,7.68,0.0,0.0,,0.8
12/04/2023,22,53,8.6,59,8.24,0.0,0.0,,0.9
12/04/2023,23,47,8.5,60,8.13,0.0,0.0,,1.1
12/04/2024,0,40,11.0,96,2.62,0.0,0.0,,10.4
12/04/2024,1,24,10.6,97,2.52,0.0,0.0,,10.1
12/04/2024,2,14,10.0,97,2.82,0.0,0.0,,9.6
12/04/2024,3,7,12.5,95,1.2,0.0,0.0,,11.8
12/04/2024,4,6,12.2,96,1.4,0.0,0.0,,11.6
12/04/2024,5,11,11.1,98,2.24,0.0,0.0,,10.7
12/04/2024,6,19,9.6,100,2.52,0.0,0.0,,9.5
12/04/2024,7,49,8.9,100,2.43,0.0,0.0,,8.9
12/04/2024,8,144,10.6,96,1.6,0.0,0.0,,10.1
12/04/2024,9,158,12.6,90,1.36,0.0,0.0,,11.0
12/04/2024,10,79,14.9,84,0.91,0.0,0.0,,12.3
12/04/2024,11,72,16.9,78,1.12,0.0,0.0,,13.1
12/04/2024,12,98,18.8,64,1.84,0.0,0.0,,11.9
12/04/2024,13,94,19.9,55,2.08,0.0,0.0,,10.4
12/04/2024,14,93,20.5,52,2.06,0.0,0.0,,10.4
12/04/2024,15,95,21.5,54,1.84,0.0,0.0,,11.8
12/04/2024,16,112,22.0,52,1.42,0.0,0.0,,11.8
12/04/2024,17,161,22.8,50,1.58,0.0,0.0,,11.9
12/04/2024,18,207,22.3,54,3.04,0.0,0.0,,12.6
12/04/2024,19,182,20.9,66,2.79,0.0,0.0,,14.2
12/04/2024,20,131,18.6,79,1.49,0.0,0.0,,14.9
12/04/2024,21,85,15.9,85,2.42,0.0,0.0,,13.4
12/04/2024,22,73,14.5,89,2.1,0.0,0.0,,12.6
12/04/2024,23,71,13.6,90,2.15,0.0,0.0,,11.9
12/05/2023,0,43,9.2,91,2.01,0.0,0.0,,7.8
12/05/2023,1,23,8.8,92,1.96,0.0,0.0,,7.5
12/05/2023,2,13,10.2,93,2.44,0.0,0.0,,9.1
12/05/2023,3,6,9.8,93,2.53,0.1,0.0,,8.6
12/05/2023,4,5,9.5,93,2.11,0.0,0.0,,8.4
12/05/2023,5,8,8.7,94,2.0,0.0,0.0,,7.8
12/05/2023,6,18,8.6,95,2.22,0.0,0.0,,7.8
12/05/2023,7,67,8.9,95,2.56,0.0,0.0,,8.1
12/05/2023,8,210,9.9,93,2.69,0.0,0.0,,8.8
12/05/2023,9,185,11.2,88,3.14,0.0,0.0,,9.3
12/05/2023,10,84,13.1,78,4.46,0.0,0.0,,9.4
12/05/2023,11,54,14.2,75,4.74,0.1,0.0,,9.9
12/05/2023,12,75,14.4,75,5.1,0.1,0.0,,10.0
12/05/2023,13,76,14.7,73,5.03,0.1,0.0,,10.0
12/05/2023,14,75,12.9,81,4.52,0.5,0.0,,9.6
12/05/2023,15,80,13.4,78,4.78,0.4,0.0,,9.6
12/05/2023,16,99,13.6,76,5.06,0.1,0.0,,9.4
12/05/2023,17,142,13.1,78,4.52,0.1,0.0,,9.4
12/05/2023,18,196,13.6,75,3.94,0.0,0.0,,9.2
12/05/2023,19,176,14.1,71,3.38,0.0,0.0,,9.0
12/05/2023,20,117,13.6,76,3.09,0.0,0.0,,9.4
12/05/2023,21,71,12.2,84,1.84,0.0,0.0,,9.6
12/05/2023,22,60,11.1,89,1.7,0.0,0.0,,9.4
12/05/2023,23,54,9.9,93,1.84,0.0,0.0,,8.9
12/05/2024,0,48,16.2,75,2.22,0.0,0.0,,11.9
12/05/2024,1,36,14.1,80,2.81,0.0,0.0,,10.8
12/05/2024,2,25,13.4,82,2.93,0.0,0.0,,10.2
12/05/2024,3,14,15.5,70,1.97,0.0,0.0,,9.9
12/05/2024,4,12,15.1,71,1.03,0.0,0.0,,9.9
12/05/2024,5,9,13.1,81,1.46,0.0,0.0,,9.8
12/05/2024,6,10,11.4,89,2.2,0.0,0.0,,9.8
12/05/2024,7,12,12.5,89,1.3,0.0,0.0,,10.7
12/05/2024,8,23,14.6,84,1.36,0.0,0.0,,11.9
12/05/2024,9,40,17.0,79,1.35,0.0,0.0,,13.2
12/05/2024,10,58,19.2,75,1.48,0.0,0.0,,14.7
12/05/2024,11,73,21.5,72,1.48,0.0,0.0,,16.4
12/05/2024,12,86,23.9,65,2.0,0.0,0.0,,16.9
12/05/2024,13,80,23.4,59,3.8,0.2,0.0,,15.0
12/05/2024,14,79,23.6,60,2.84,0.0,0.0,,15.3
12/05/2024,15,89,24.3,56,2.28,0.0,0.0,,14.9
12/05/2024,16,69,22.1,66,2.0,3.4,0.0,,15.4
12/05/2024,17,58,19.1,80,3.34,6.2,0.0,,15.6
12/05/2024,18,70,18.8,83,2.67,2.7,0.0,,15.8
12/05/2024,19,76,19.3,81,2.78,0.1,0.0,,16.0
12/05/2024,20,63,18.5,85,2.47,0.1,0.0,,16.0
12/05/2024,21,48,17.8,88,2.11,0.0,0.0,,15.7
12/05/2024,22,41,17.0,88,2.59,0.0,0.0,,14.9
12/05/2024,23,31,16.1,89,2.34,0.0,0.0,,14.4
12/06/2023,0,20,19.2,88,3.36,0.0,0.0,,17.1
12/06/2023,1,10,18.2,90,2.86,0.0,0.0,,16.5
12/06/2023,2,7,17.9,91,2.2,0.0,0.0,,16.4
12/06/2023,3,4,17.5,91,1.62,0.1,0.0,,16.0
12/06/2023,4,4,17.3,90,2.64,0.1,0.0,,15.6
12/06/2023,5,8,16.9,91,2.97,0.0,0.0,,15.4
12/06/2023,6,24,16.5,90,2.9,0.0,0.0,,14.9
12/06/2023,7,83,16.5,89,2.84,0.0,0.0,,14.6
12/06/2023,8,285,17.4,85,2.28,0.0,0.0,,14.8
12/06/2023,9,239,19.0,79,2.1,0.0,0.0,,15.2
12/06/2023,10,85,20.9,73,1.97,0.0,0.0,,15.9
12/06/2023,11,74,22.8,67,2.15,0.0,0.0,,16.4
12/06/2023,12,97,24.2,64,2.06,0.0,0.0,,17.0
12/06/2023,13,96,25.1,61,2.01,0.1,0.0,,17.2
12/06/2023,14,88,25.1,59,2.2,0.1,0.0,,16.7
12/06/2023,15,85,25.8,59,2.55,0.1,0.0,,17.1
12/06/2023,16,108,26.0,59,3.14,0.1,0.0,,17.2
12/06/2023,17,181,25.9,58,2.77,0.1,0.0,,17.0
12/06/2023,18,286,25.0,63,1.8,0.1,0.0,,17.4
12/06/2023,19,267,25.0,63,1.5,0.1,0.0,,17.6
12/06/2023,20,149,21.1,79,4.46,0.0,0.0,,17.3
12/06/2023,21,88,21.0,79,2.46,0.0,0.0,,17.2
12/06/2023,22,77,20.0,86,3.0,0.0,0.0,,17.6
12/06/2023,23,61,19.5,90,3.11,0.0,0.0,,17.8
12/06/2024,0,35,9.1,87,1.9,0.0,0.0,,7.1
12/06/2024,1,18,8.5,91,1.94,0.0,0.0,,7.1
12/06/2024,2,10,7.9,92,2.02,0.0,0.0,,6.8
12/06/2024,3,5,7.8,93,2.06,0.0,0.0,,6.8
12/06/2024,4,5,7.2,95,2.19,0.0,0.0,,6.4
12/06/2024,5,10,7.2,96,1.88,0.0,0.0,,6.5
12/06/2024,6,23,6.8,97,1.56,0.0,0.0,,6.4
12/06/2024,7,77,8.3,95,1.43,0.0,0.0,,7.6
12/06/2024,8,249,9.9,88,0.92,0.0,0.0,,8.1
12/06/2024,9,236,11.8,81,1.0,0.0,0.0,,8.6
12/06/2024,10,97,13.4,73,0.81,0.0,0.0,,8.6
12/06/2024,11,83,14.7,68,1.3,0.0,0.0,,8.8
12/06/2024,12,108,15.4,65,1.39,0.1,0.0,,8.8
12/06/2024,13,108,16.1,61,1.34,0.0,0.0,,8.6
12/06/2024,14,95,16.8,56,1.28,0.1,0.0,,8.1
12/06/2024,15,86,16.2,58,2.59,0.6,0.0,,7.9
12/06/2024,16,99,13.3,77,2.6,0.4,0.0,,9.3
12/06/2024,17,157,15.9,63,0.67,0.1,0.0,,8.8
12/06/2024,18,248,13.9,75,3.35,1.2,0.0,,9.4
12/06/2024,19,235,14.4,70,0.94,0.1,0.0,,8.9
12/06/2024,20,133,14.5,71,0.71,0.0,0.0,,9.2
12/06/2024,21,82,14.1,75,1.17,0.0,0.0,,9.9
12/06/2024,22,80,11.0,96,3.19,1.6,0.0,,10.4
12/06/2024,23,71,11.3,89,0.71,0.2,0.0,,9.5
12/07/2023,0,48,21.6,74,1.55,0.0,0.0,,16.9
12/07/2023,1,24,21.1,74,3.26,0.0,0.0,,16.2
12/07/2023,2,11,20.0,81,0.92,0.1,0.0,,16.5
12/07/2023,3,5,18.3,93,4.18,3.7,0.0,,17.2
12/07/2023,4,5,18.5,89,3.81,0.6,0.0,,16.6
12/07/2023,5,9,17.8,90,3.28,0.0,0.0,,16.0
12/07/2023,6,22,17.6,83,3.85,0.0,0.0,,14.8
12/07/2023,7,73,17.3,80,4.08,0.0,0.0,,13.8
12/07/2023,8,233,17.3,77,4.88,0.0,0.0,,13.2
12/07/2023,9,230,18.0,72,4.61,0.0,0.0,,12.8
12/07/2023,10,93,19.4,63,4.39,0.0,0.0,,12.1
12/07/2023,11,81,20.6,54,4.2,0.0,0.0,,11.1
12/07/2023,12,107,22.2,47,4.63,0.0,0.0,,10.4
12/07/2023,13,100,23.4,41,4.92,0.0,0.0,,9.4
12/07/2023,14,94,23.5,40,4.32,0.0,0.0,,8.9
12/07/2023,15,90,23.9,37,4.61,0.0,0.0,,8.4
12/07/2023,16,105,24.2,36,4.5,0.0,0.0,,8.2
12/07/2023,17,164,24.8,33,4.7,0.0,0.0,,7.6
12/07/2023,18,257,24.6,33,5.12,0.0,0.0,,7.3
12/07/2023,19,248,24.3,33,4.83,0.0,0.0,,7.1
12/07/2023,20,154,23.3,37,4.72,0.0,0.0,,7.9
12/07/2023,21,93,22.5,39,4.69,0.0,0.0,,7.8
12/07/2023,22,84,20.0,55,4.65,0.0,0.0,,10.6
12/07/2023,23,80,18.7,59,2.47,0.0,0.0,,10.6
12/07/2024,0,29,18.5,71,2.81,0.3,0.0,,13.2
12/07/2024,1,14,17.7,80,3.06,0.5,0.0,,14.2
12/07/2024,2,8,16.5,82,4.0,0.4,0.0,,13.4
12/07/2024,3,7,16.9,89,2.93,2.3,0.0,,15.1
12/07/2024,4,5,16.2,91,2.84,1.4,0.0,,14.9
12/07/2024,5,9,15.3,90,4.3,0.2,0.0,,13.8
12/07/2024,6,18,14.5,89,4.03,0.0,0.0,,12.6
12/07/2024,7,38,14.3,89,3.67,3.5,0.0,,12.5
12/07/2024,8,84,14.6,85,4.66,1.3,0.0,,12.1
12/07/2024,9,106,15.1,85,3.91,0.3,0.0,,12.5
12/07/2024,10,58,15.5,82,4.47,0.1,0.0,,12.4
12/07/2024,11,57,15.9,79,4.65,0.2,0.0,,12.2
12/07/2024,12,79,16.6,75,4.63,0.2,0.0,,12.1
12/07/2024,13,76,17.1,73,4.3,0.2,0.0,,12.1
12/07/2024,14,75,17.2,74,4.25,0.1,0.0,,12.6
12/07/2024,15,76,18.4,68,2.78,0.1,0.0,,12.4
12/07/2024,16,91,18.1,72,4.12,0.4,0.0,,13.0
12/07/2024,17,124,19.3,66,4.03,0.1,0.0,,12.8
12/07/2024,18,146,18.4,65,3.94,0.2,0.0,,11.6
12/07/2024,19,143,18.3,65,3.69,0.1,0.0,,11.6
12/07/2024,20,104,16.8,72,3.69,0.3,0.0,,11.8
12/07/2024,21,66,14.6,88,3.01,1.3,0.0,,12.8
12/07/2024,22,55,14.6,91,1.1,0.1,0.0,,13.2
12/07/2024,23,50,14.1,94,1.66,1.0,0.0,,13.1
12/08/2023,0,18,19.1,95,1.9,0.0,0.0,,18.3
12/08/2023,1,12,19.6,93,2.57,0.0,0.0,,18.5
12/08/2023,2,9,19.6,93,2.87,0.4,0.0,,18.5
12/08/2023,3,4,19.8,93,3.54,3.3,0.0,,18.5
12/08/2023,4,3,20.0,93,3.22,0.0,0.0,,18.8
12/08/2023,5,5,19.8,94,3.22,3.9,0.0,,18.8
12/08/2023,6,7,19.5,94,2.44,0.2,0.0,,18.5
12/08/2023,7,11,19.4,95,2.13,0.4,0.0,,18.5
12/08/2023,8,19,19.6,94,2.62,0.1,0.0,,18.6
12/08/2023,9,26,20.0,92,2.96,0.1,0.0,,18.6
12/08/2023,10,28,20.1,89,2.28,0.1,0.0,,18.2
12/08/2023,11,40,20.6,87,1.33,0.0,0.0,,18.5
12/08/2023,12,51,22.1,79,2.55,0.3,0.0,,18.4
12/08/2023,13,56,23.9,73,3.62,0.0,0.0,,18.8
12/08/2023,14,65,23.6,67,2.79,0.0,0.0,,17.2
12/08/2023,15,73,24.5,61,4.27,0.2,0.0,,16.5
12/08/2023,16,77,25.2,55,5.0,0.0,0.0,,15.4
12/08/2023,17,81,25.2,49,5.44,0.0,0.0,,13.9
12/08/2023,18,83,24.4,49,5.12,0.0,0.0,,13.1
12/08/2023,19,81,23.8,52,3.95,0.0,0.0,,13.4
12/08/2023,20,68,22.5,59,2.15,0.0,0.0,,14.1
12/08/2023,21,46,20.5,67,1.64,0.0,0.0,,14.1
12/08/2023,22,40,19.3,73,1.66,0.0,0.0,,14.3
12/08/2023,23,40,18.8,74,1.7,0.0,0.0,,14.1
12/08/2024,0,44,24.9,61,2.65,0.0,0.0,,16.8
12/08/2024,1,26,24.0,66,2.24,0.0,0.0,,17.2
12/08/2024,2,16,23.2,69,1.91,0.0,0.0,,17.3
12/08/2024,3,8,22.3,75,2.01,0.0,0.0,,17.5
12/08/2024,4,9,21.8,77,1.91,0.0,0.0,,17.6
12/08/2024,5,10,21.4,79,1.96,0.0,0.0,,17.6
12/08/2024,6,18,20.9,83,1.78,0.0,0.0,,18.0
12/08/2024,7,37,20.8,85,1.7,0.0,0.0,,18.2
12/08/2024,8,83,22.5,80,2.41,0.0,0.0,,18.9
12/08/2024,9,82,24.5,75,2.33,0.0,0.0,,19.7
12/08/2024,10,47,27.0,66,2.16,0.0,0.0,,20.2
12/08/2024,11,49,29.9,53,2.6,0.0,0.0,,19.4
12/08/2024,12,56,32.1,43,3.14,0.0,0.0,,17.9
12/08/2024,13,53,33.5,37,3.73,0.0,0.0,,17.0
12/08/2024,14,51,34.4,35,4.15,0.0,0.0,,17.0
12/08/2024,15,54,35.1,37,4.37,0.0,0.0,,18.1
12/08/2024,16,56,35.3,35,3.77,0.0,0.0,,17.4
12/08/2024,17,83,35.5,33,4.11,0.0,0.0,,17.0
12/08/2024,18,115,35.5,33,4.07,0.0,0.0,,16.5
12/08/2024,19,95,34.7,34,3.97,0.0,0.0,,16.3
12/08/2024,20,69,33.2,39,2.72,0.0,0.0,,17.5
12/08/2024,21,54,30.4,48,2.16,0.0,0.0,,18.1
12/08/2024,22,46,28.5,54,2.36,0.0,0.0,,18.4
12/08/2024,23,35,26.5,68,4.55,0.0,0.0,,20.0
12/09/2023,0,32,20.4,93,2.45,0.2,0.0,,19.2
12/09/2023,1,15,19.6,95,1.96,0.0,0.0,,18.9
12/09/2023,2,9,19.9,95,2.28,0.0,0.0,,19.0
12/09/2023,3,4,18.8,96,2.34,4.5,0.0,,18.1
12/09/2023,4,5,18.6,96,1.46,3.8,0.0,,18.0
12/09/2023,5,8,18.8,96,1.71,0.2,0.0,,18.1
12/09/2023,6,23,18.4,98,1.3,0.0,0.0,,18.1
12/09/2023,7,101,18.1,99,0.98,0.0,0.0,,17.9
12/09/2023,8,333,18.1,97,1.02,1.2,0.0,,17.6
12/09/2023,9,273,18.1,97,1.63,1.6,0.0,,17.6
12/09/2023,10,99,18.5,93,1.77,0.5,0.0,,17.5
12/09/2023,11,72,19.5,86,1.75,0.1,0.0,,17.1
12/09/2023,12,47,20.2,84,0.71,1.5,0.0,,17.5
12/09/2023,13,42,19.9,86,0.78,2.3,0.0,,17.5
12/09/2023,14,52,18.6,92,0.67,0.6,0.0,,17.4
12/09/2023,15,70,18.9,92,2.2,4.0,0.0,,17.5
12/09/2023,16,79,18.9,92,1.91,2.8,0.0,,17.6
12/09/2023,17,150,19.0,92,1.66,2.2,0.0,,17.7
12/09/2023,18,234,19.0,90,1.61,1.2,0.0,,17.4
12/09/2023,19,242,19.0,89,1.12,0.6,0.0,,17.1
12/09/2023,20,134,18.6,90,0.78,0.1,0.0,,17.0
12/09/2023,21,72,16.8,96,1.84,0.0,0.0,,16.2
12/09/2023,22,67,16.5,97,1.75,0.0,0.0,,16.0
12/09/2023,23,58,16.3,97,1.8,0.0,0.0,,15.8
12/09/2024,0,34,10.3,73,2.6,0.0,0.0,,5.7
12/09/2024,1,18,9.6,77,2.51,0.0,0.0,,5.8
12/09/2024,2,10,9.4,79,2.73,0.0,0.0,,5.9
12/09/2024,3,6,8.5,85,2.65,0.0,0.0,,6.2
12/09/2024,4,5,8.2,87,2.57,0.0,0.0,,6.2
12/09/2024,5,10,8.0,90,2.55,0.0,0.0,,6.4
12/09/2024,6,22,7.8,91,2.51,0.0,0.0,,6.5
12/09/2024,7,76,7.7,92,2.4,0.0,0.0,,6.5
12/09/2024,8,266,7.9,92,2.7,0.0,0.0,,6.7
12/09/2024,9,235,9.8,85,3.0,0.0,0.0,,7.3
12/09/2024,10,94,11.8,76,3.3,0.0,0.0,,7.8
12/09/2024,11,86,13.3,66,3.72,0.0,0.0,,7.1
12/09/2024,12,109,14.4,62,4.08,0.0,0.0,,7.2
12/09/2024,13,96,15.2,55,5.02,0.0,0.0,,6.3
12/09/2024,14,77,15.2,51,4.69,0.1,0.0,,5.2
12/09/2024,15,91,12.7,64,6.12,0.4,0.0,,6.2
12/09/2024,16,108,13.9,61,3.64,0.1,0.0,,6.5
12/09/2024,17,173,14.6,56,3.83,0.0,0.0,,5.8
12/09/2024,18,206,14.6,58,3.97,0.0,0.0,,6.4
12/09/2024,19,211,12.8,68,3.4,0.9,0.0,,6.9
12/09/2024,20,131,11.8,71,2.11,0.0,0.0,,6.8
12/09/2024,21,79,10.4,76,2.32,0.0,0.0,,6.3
12/09/2024,22,69,9.8,80,2.28,0.0,0.0,,6.6
12/09/2024,23,60,8.9,84,2.08,0.0,0.0,,6.3
12/10/2023,0,42,17.6,65,2.42,0.0,0.0,,11.1
12/10/2023,1,20,16.9,66,2.69,0.0,0.0,,10.4
12/10/2023,2,11,17.6,64,2.69,0.0,0.0,,10.8
12/10/2023,3,6,15.9,71,2.72,0.0,0.0,,10.6
12/10/2023,4,4,17.1,64,2.13,0.0,0.0,,10.4
12/10/2023,5,10,17.8,60,2.82,0.0,0.0,,9.9
12/10/2023,6,24,17.7,61,2.95,0.0,0.0,,10.1
12/10/2023,7,102,16.5,69,1.64,0.0,0.0,,10.9
12/10/2023,8,277,16.9,66,3.61,0.0,0.0,,10.6
12/10/2023,9,177,16.5,75,3.76,1.4,0.0,,12.2
12/10/2023,10,100,17.4,78,3.14,0.0,0.0,,13.4
12/10/2023,11,81,19.4,76,3.69,0.0,0.0,,15.1
12/10/2023,12,113,21.1,72,4.92,0.0,0.0,,15.9
12/10/2023,13,116,22.1,69,5.73,0.1,0.0,,16.3
12/10/2023,14,106,19.8,84,3.11,0.0,0.0,,17.0
12/10/2023,15,106,20.4,83,4.36,0.8,0.0,,17.4
12/10/2023,16,131,21.5,76,5.41,0.1,0.0,,17.2
12/10/2023,17,204,22.0,72,4.83,0.0,0.0,,16.8
12/10/2023,18,298,21.5,74,3.34,0.0,0.0,,16.6
12/10/2023,19,273,20.5,77,2.33,0.0,0.0,,16.3
12/10/2023,20,159,19.0,83,2.25,0.0,0.0,,16.1
12/10/2023,21,98,19.2,82,2.75,0.0,0.0,,16.1
12/10/2023,22,90,18.5,87,2.94,0.0,0.0,,16.2
12/10/2023,23,81,18.0,89,2.77,0.0,0.0,,16.2
12/10/2024,0,47,6.9,82,2.66,0.0,0.0,,4.1
12/10/2024,1,34,7.3,82,2.24,0.0,0.0,,4.4
12/10/2024,2,31,6.6,87,2.06,0.0,0.0,,4.7
12/10/2024,3,18,8.2,88,2.27,0.0,0.0,,6.3
12/10/2024,4,13,8.1,91,2.39,0.0,0.0,,6.7
12/10/2024,5,11,8.4,91,2.79,0.0,0.0,,7.1
12/10/2024,6,12,8.6,91,3.05,0.0,0.0,,7.3
12/10/2024,7,17,8.8,91,2.34,0.0,0.0,,7.3
12/10/2024,8,35,8.8,90,2.51,0.0,0.0,,7.2
12/10/2024,9,53,9.4,86,3.01,0.0,0.0,,7.2
12/10/2024,10,66,10.0,84,2.12,0.4,0.0,,7.4
12/10/2024,11,80,10.9,83,3.11,0.0,0.0,,8.1
12/10/2024,12,96,12.6,77,3.62,0.0,0.0,,8.6
12/10/2024,13,63,14.4,72,3.58,0.0,0.0,,9.4
12/10/2024,14,80,14.9,73,3.61,0.0,0.0,,10.1
12/10/2024,15,93,14.5,82,1.81,0.8,0.0,,11.5
12/10/2024,16,99,14.3,85,2.32,0.0,0.0,,11.8
12/10/2024,17,106,14.6,87,1.52,0.2,0.0,,12.4
12/10/2024,18,110,14.9,88,1.7,0.0,0.0,,12.9
12/10/2024,19,93,15.0,86,2.95,0.0,0.0,,12.6
12/10/2024,20,76,15.2,85,3.41,0.0,0.0,,12.8
12/10/2024,21,56,13.2,92,2.07,0.0,0.0,,11.9
12/10/2024,22,50,14.0,91,2.61,0.0,0.0,,12.6
12/10/2024,23,48,14.6,89,4.05,0.0,0.0,,12.7
12/11/2023,0,40,5.6,96,2.2,0.0,0.0,,4.9
12/11/2023,1,33,6.2,95,2.3,0.0,0.0,,5.4
12/11/2023,2,25,6.1,96,2.62,0.0,0.0,,5.4
12/11/2023,3,11,7.5,91,2.97,0.5,0.0,,6.1
12/11/2023,4,7,7.7,90,3.58,1.0,0.0,,6.2
12/11/2023,5,6,7.5,89,3.96,2.0,0.0,,5.8
12/11/2023,6,6,6.6,87,3.31,1.2,0.0,,4.7
12/11/2023,7,7,6.3,86,3.98,1.4,0.0,,4.2
12/11/2023,8,13,6.4,87,4.15,1.1,0.0,,4.4
12/11/2023,9,23,6.6,88,4.22,1.0,0.0,,4.8
12/11/2023,10,30,6.8,89,4.55,0.3,0.0,,5.1
12/11/2023,11,42,7.1,91,4.0,0.3,0.0,,5.8
12/11/2023,12,63,7.7,92,2.88,0.1,0.0,,6.4
12/11/2023,13,52,8.8,92,2.33,0.1,0.0,,7.7
12/11/2023,14,62,11.1,89,4.8,0.0,0.0,,9.4
12/11/2023,15,83,10.7,93,2.8,0.2,0.0,,9.6
12/11/2023,16,85,12.4,88,5.35,0.7,0.0,,10.4
12/11/2023,17,82,13.0,85,4.85,0.3,0.0,,10.5
12/11/2023,18,67,12.6,83,4.66,0.1,0.0,,9.8
12/11/2023,19,56,11.6,86,3.54,0.0,0.0,,9.3
12/11/2023,20,40,11.9,89,3.89,0.1,0.0,,10.1
12/11/2023,21,30,12.5,90,5.45,0.0,0.0,,10.9
12/11/2023,22,28,13.4,87,6.2,0.0,0.0,,11.3
12/11/2023,23,20,12.9,87,6.14,0.0,0.0,,10.9
12/11/2024,0,16,7.0,92,3.25,0.0,0.0,,5.8
12/11/2024,1,9,7.0,91,3.42,0.0,0.0,,5.6
12/11/2024,2,6,6.9,90,3.65,0.0,0.0,,5.3
12/11/2024,3,4,7.1,90,4.13,0.0,0.0,,5.6
12/11/2024,4,4,7.6,88,4.54,0.0,0.0,,5.8
12/11/2024,5,8,7.6,89,4.54,0.0,0.0,,5.8
12/11/2024,6,19,8.1,86,4.84,0.0,0.0,,5.9
12/11/2024,7,73,8.4,84,4.85,0.0,0.0,,5.9
12/11/2024,8,244,8.2,85,4.79,0.0,0.0,,5.8
12/11/2024,9,205,8.8,84,6.06,0.3,0.0,,6.3
12/11/2024,10,70,9.1,86,6.4,0.2,0.0,,6.8
12/11/2024,11,61,9.1,86,7.45,0.2,0.0,,6.9
12/11/2024,12,81,9.8,81,7.68,0.3,0.0,,6.6
12/11/2024,13,86,9.9,81,7.44,0.1,0.0,,6.7
12/11/2024,14,80,10.4,76,7.73,0.1,0.0,,6.3
12/11/2024,15,77,10.2,75,5.61,0.0,0.0,,6.0
12/11/2024,16,93,10.5,73,5.28,0.0,0.0,,5.8
12/11/2024,17,151,10.2,75,3.93,0.0,0.0,,6.1
12/11/2024,18,234,9.6,77,3.63,0.0,0.0,,5.8
12/11/2024,19,201,9.1,78,3.38,0.0,0.0,,5.5
12/11/2024,20,110,8.4,80,3.4,0.0,0.0,,5.2
12/11/2024,21,66,8.6,78,3.74,0.0,0.0,,5.1
12/11/2024,22,61,8.4,79,3.08,0.0,0.0,,5.0
12/11/2024,23,46,7.9,81,3.11,0.0,0.0,,4.8
12/12/2023,0,21,8.2,97,2.47,0.0,0.0,,7.7
12/12/2023,1,9,8.4,97,2.11,0.0,0.0,,7.9
12/12/2023,2,6,8.6,97,2.92,0.0,0.0,,8.1
12/12/2023,3,3,9.1,92,2.5,1.2,0.0,,7.9
12/12/2023,4,3,9.0,94,1.49,1.1,0.0,,8.1
12/12/2023,5,6,9.8,93,1.92,0.0,0.0,,8.8
12/12/2023,6,18,10.1,97,2.16,0.0,0.0,,9.6
12/12/2023,7,77,9.9,98,2.75,0.1,0.0,,9.6
12/12/2023,8,274,10.2,97,2.62,0.0,0.0,,9.8
12/12/2023,9,251,10.1,95,2.78,0.0,0.0,,9.4
12/12/2023,10,90,11.3,95,3.66,0.0,0.0,,10.4
12/12/2023,11,73,11.6,93,4.55,0.0,0.0,,10.6
12/12/2023,12,88,12.1,91,5.55,0.0,0.0,,10.6
12/12/2023,13,74,12.6,88,5.98,0.0,0.0,,10.8
12/12/2023,14,80,12.7,86,6.56,0.1,0.0,,10.4
12/12/2023,15,78,12.7,86,6.02,0.1,0.0,,10.4
12/12/2023,16,99,12.4,84,5.45,0.0,0.0,,9.8
12/12/2023,17,160,12.1,82,5.66,0.0,0.0,,9.1
12/12/2023,18,248,11.2,83,6.37,0.0,0.0,,8.4
12/12/2023,19,227,10.2,84,5.38,0.0,0.0,,7.7
12/12/2023,20,125,9.8,86,5.87,0.0,0.0,,7.5
12/12/2023,21,71,9.2,89,5.17,0.0,0.0,,7.6
12/12/2023,22,68,9.2,90,5.26,0.0,0.0,,7.7
12/12/2023,23,57,9.1,90,5.1,0.0,0.0,,7.6
12/12/2024,0,29,4.6,81,2.13,0.0,0.0,,1.6
12/12/2024,1,17,4.2,83,1.63,0.0,0.0,,1.6
12/12/2024,2,9,4.1,85,1.39,0.0,0.0,,1.8
12/12/2024,3,5,4.3,87,1.25,0.0,0.0,,2.4
12/12/2024,4,5,3.7,90,1.08,0.0,0.0,,2.2
12/12/2024,5,7,3.7,90,1.38,0.0,0.0,,2.2
12/12/2024,6,18,3.8,88,1.63,0.0,0.0,,2.1
12/12/2024,7,62,3.8,88,1.89,0.0,0.0,,2.0
12/12/2024,8,204,3.8,88,1.9,0.0,0.0,,2.0
12/12/2024,9,196,3.5,90,1.86,0.0,0.0,,2.0
12/12/2024,10,79,3.5,90,2.07,0.0,0.0,,1.9
12/12/2024,11,68,3.7,86,2.06,0.0,0.0,,1.5
12/12/2024,12,91,4.1,81,2.56,0.0,0.0,,1.1
12/12/2024,13,90,4.3,78,2.56,0.0,0.0,,0.9
12/12/2024,14,85,4.4,78,2.39,0.0,0.0,,0.9
12/12/2024,15,74,4.6,80,2.16,0.0,0.0,,1.4
12/12/2024,16,90,4.6,79,2.18,0.0,0.0,,1.3
12/12/2024,17,135,4.3,79,2.07,0.0,0.0,,1.1
12/12/2024,18,195,4.2,83,1.39,0.0,0.0,,1.5
12/12/2024,19,183,4.2,84,1.57,0.0,0.0,,1.6
12/12/2024,20,108,4.0,85,2.04,0.0,0.0,,1.7
12/12/2024,21,68,3.8,85,2.17,0.0,0.0,,1.5
12/12/2024,22,61,3.6,85,2.01,0.0,0.0,,1.4
12/12/2024,23,54,3.3,85,2.15,0.0,0.0,,1.1
13/01/2023,0,32,11.1,85,6.98,0.0,0.0,,8.7
13/01/2023,1,13,11.0,87,6.37,0.9,0.0,,8.9
13/01/2023,2,9,10.8,88,7.07,0.0,0.0,,8.8
13/01/2023,3,5,10.8,90,6.33,0.5,0.0,,9.2
13/01/2023,4,5,10.8,90,6.13,0.1,0.0,,9.1
13/01/2023,5,7,10.1,83,6.61,0.2,0.0,,7.4
13/01/2023,6,18,9.5,84,6.75,0.0,0.0,,6.8
13/01/2023,7,59,8.9,83,6.55,0.0,0.0,,6.2
13/01/2023,8,184,8.4,83,6.42,0.0,0.0,,5.7
13/01/2023,9,178,8.1,82,6.36,0.0,0.0,,5.2
13/01/2023,10,84,7.8,83,6.2,0.0,0.0,,5.2
13/01/2023,11,76,8.4,80,6.93,0.0,0.0,,5.2
13/01/2023,12,105,9.2,77,7.06,0.0,0.0,,5.3
13/01/2023,13,93,9.9,72,8.74,0.1,0.0,,4.9
13/01/2023,14,90,9.2,78,7.96,0.1,0.0,,5.6
13/01/2023,15,89,10.1,75,6.65,0.0,0.0,,5.8
13/01/2023,16,108,10.2,69,6.91,0.0,0.0,,4.8
13/01/2023,17,147,10.1,68,6.28,0.0,0.0,,4.3
13/01/2023,18,193,9.1,71,5.58,0.0,0.0,,4.1
13/01/2023,19,170,8.6,73,5.2,0.0,0.0,,4.1
13/01/2023,20,108,8.1,75,4.56,0.0,0.0,,4.0
13/01/2023,21,60,7.6,76,4.27,0.0,0.0,,3.7
13/01/2023,22,50,7.2,79,4.36,0.0,0.0,,3.8
13/01/2023,23,47,7.0,82,4.24,0.0,0.0,,4.2
13/01/2024,0,30,0.5,87,2.42,0.0,0.0,,-1.4
13/01/2024,1,21,0.2,86,2.91,0.0,0.0,,-1.9
13/01/2024,2,18,-0.1,85,2.64,0.0,0.0,,-2.2
13/01/2024,3,11,-0.1,89,1.87,0.0,0.0,,-1.7
13/01/2024,4,9,-0.3,90,1.62,0.0,0.0,,-1.9
13/01/2024,5,8,-0.6,90,1.34,0.0,0.0,,-2.0
13/01/2024,6,7,-0.9,90,1.3,0.0,0.0,,-2.2
13/01/2024,7,13,-1.0,90,1.17,0.0,0.0,,-2.5
13/01/2024,8,27,-1.2,91,1.12,0.0,0.0,,-2.5
13/01/2024,9,39,-1.4,91,0.91,0.0,0.0,,-2.6
13/01/2024,10,46,-1.5,92,0.98,0.0,0.0,,-2.7
13/01/2024,11,55,-1.3,91,1.08,0.0,0.0,,-2.7
13/01/2024,12,67,-1.1,90,1.34,0.0,0.0,,-2.5
13/01/2024,13,67,-0.9,88,1.0,0.0,0.0,,-2.7
13/01/2024,14,65,-0.4,86,0.95,0.0,0.0,,-2.5
13/01/2024,15,69,-0.6,85,1.14,0.0,0.0,,-2.8
13/01/2024,16,71,-0.6,84,1.12,0.0,0.0,,-2.8
13/01/2024,17,69,-0.4,84,1.41,0.0,0.0,,-2.8
13/01/2024,18,72,-0.5,83,1.04,0.0,0.0,,-3.1
13/01/2024,19,68,-0.6,83,0.58,0.0,0.0,,-3.2
13/01/2024,20,56,-0.9,84,0.95,0.0,0.0,,-3.2
13/01/2024,21,35,-1.5,90,1.06,0.0,0.0,,-3.0
13/01/2024,22,30,-1.7,91,1.7,0.0,0.0,,-3.0
13/01/2024,23,29,-1.8,90,1.1,0.0,0.0,,-3.1
13/02/2023,0,11,3.8,94,2.01,0.0,0.0,,3.0
13/02/2023,1,6,2.4,96,2.57,0.0,0.0,,1.8
13/02/2023,2,4,1.5,98,2.63,0.0,0.0,,1.1
13/02/2023,3,3,0.2,98,3.01,0.0,0.0,,-0.1
13/02/2023,4,3,-0.2,99,3.01,0.0,0.0,,-0.3
13/02/2023,5,6,-0.1,99,2.78,0.0,0.0,,-0.2
13/02/2023,6,17,-0.3,99,2.7,0.0,0.0,,-0.4
13/02/2023,7,68,-0.9,100,2.91,0.0,0.0,,-0.9
13/02/2023,8,250,-1.2,100,2.8,0.0,0.0,,-1.2
13/02/2023,9,213,-1.5,99,2.7,0.0,0.0,,-1.6
13/02/2023,10,72,0.4,99,1.91,0.0,0.0,,0.3
13/02/2023,11,61,2.5,93,1.63,0.0,0.0,,1.5
13/02/2023,12,80,4.8,87,1.49,0.0,0.0,,2.7
13/02/2023,13,86,7.0,80,1.35,0.0,0.0,,3.8
13/02/2023,14,76,9.0,76,1.2,0.0,0.0,,4.9
13/02/2023,15,76,10.5,71,1.5,0.0,0.0,,5.4
13/02/2023,16,96,11.4,68,1.75,0.0,0.0,,5.7
13/02/2023,17,152,11.6,68,1.88,0.0,0.0,,5.8
13/02/2023,18,241,11.0,73,1.39,0.0,0.0,,6.4
13/02/2023,19,220,7.5,86,2.56,0.0,0.0,,5.2
13/02/2023,20,112,5.3,91,3.08,0.0,0.0,,4.0
13/02/2023,21,60,4.2,94,3.23,0.0,0.0,,3.2
13/02/2023,22,49,3.0,96,3.26,0.0,0.0,,2.5
13/02/2023,23,33,2.2,98,3.23,0.0,0.0,,1.9
13/02/2024,0,17,2.8,93,2.33,0.0,0.0,,1.9
13/02/2024,1,8,2.0,94,2.95,0.0,0.0,,1.1
13/02/2024,2,5,1.5,94,3.28,0.0,0.0,,0.7
13/02/2024,3,4,4.2,93,1.84,0.0,0.0,,3.2
13/02/2024,4,4,2.4,96,2.84,0.0,0.0,,1.8
13/02/2024,5,8,2.0,96,2.91,0.0,0.0,,1.5
13/02/2024,6,18,2.4,97,2.18,0.0,0.0,,1.9
13/02/2024,7,57,2.4,97,1.92,0.0,0.0,,2.0
13/02/2024,8,197,2.5,97,1.84,0.0,0.0,,2.0
13/02/2024,9,199,2.2,95,2.11,0.0,0.0,,1.6
13/02/2024,10,74,3.3,93,2.94,0.0,0.0,,2.3
13/02/2024,11,56,4.9,92,3.04,0.0,0.0,,3.7
13/02/2024,12,78,6.7,89,3.13,0.0,0.0,,4.9
13/02/2024,13,77,8.9,82,3.91,0.0,0.0,,6.1
13/02/2024,14,71,10.4,76,4.43,0.0,0.0,,6.2
13/02/2024,15,68,10.9,65,6.04,0.0,0.0,,4.7
13/02/2024,16,72,10.6,67,6.22,0.0,0.0,,4.8
13/02/2024,17,116,10.5,67,6.08,0.0,0.0,,4.7
13/02/2024,18,200,9.3,77,4.0,0.0,0.0,,5.6
13/02/2024,19,179,9.4,76,4.81,0.0,0.0,,5.3
13/02/2024,20,98,9.5,74,5.2,0.0,0.0,,5.1
13/02/2024,21,59,9.6,73,5.51,0.0,0.0,,5.1
13/02/2024,22,50,9.6,74,5.6,0.0,0.0,,5.3
13/02/2024,23,45,9.1,81,5.35,1.2,0.0,,6.1
13/03/2023,0,9,11.9,91,6.47,1.3,0.0,,10.6
13/03/2023,1,6,12.4,91,6.58,0.0,0.0,,10.9
13/03/2023,2,4,12.4,91,7.23,0.0,0.0,,10.9
13/03/2023,3,2,12.4,90,7.03,0.0,0.0,,10.8
13/03/2023,4,3,11.9,91,6.77,0.0,0.0,,10.4
13/03/2023,5,7,11.8,90,7.46,0.0,0.0,,10.1
13/03/2023,6,16,11.9,87,7.74,0.0,0.0,,9.8
13/03/2023,7,70,12.1,85,7.81,0.0,0.0,,9.6
13/03/2023,8,237,11.9,89,7.02,0.4,0.0,,10.1
13/03/2023,9,197,12.6,86,7.92,0.0,0.0,,10.4
13/03/2023,10,68,12.9,86,7.65,0.0,0.0,,10.7
13/03/2023,11,56,13.6,83,7.53,0.0,0.0,,10.8
13/03/2023,12,74,14.7,79,6.8,0.1,0.0,,11.1
13/03/2023,13,77,14.7,81,8.48,0.2,0.0,,11.4
13/03/2023,14,67,15.8,71,8.84,0.2,0.0,,10.4
13/03/2023,15,67,15.4,70,7.36,0.0,0.0,,10.0
13/03/2023,16,86,15.5,72,7.16,0.0,0.0,,10.6
13/03/2023,17,142,15.3,72,7.44,0.0,0.0,,10.2
13/03/2023,18,230,14.8,73,7.72,0.0,0.0,,9.9
13/03/2023,19,211,14.2,71,7.06,0.0,0.0,,9.1
13/03/2023,20,105,13.1,72,6.98,0.0,0.0,,8.2
13/03/2023,21,55,12.4,73,7.22,0.0,0.0,,7.7
13/03/2023,22,47,11.6,73,8.21,0.0,0.0,,7.0
13/03/2023,23,31,10.9,73,7.73,0.0,0.0,,6.2
13/03/2024,0,22,10.9,89,3.62,0.0,0.0,,9.1
13/03/2024,1,10,10.9,89,3.48,0.0,0.0,,9.2
13/03/2024,2,7,10.5,91,2.95,0.0,0.0,,9.1
13/03/2024,3,4,10.3,94,2.47,0.0,0.0,,9.4
13/03/2024,4,3,10.6,93,3.57,0.0,0.0,,9.5
13/03/2024,5,8,10.4,91,3.74,0.0,0.0,,9.1
13/03/2024,6,18,10.2,91,3.16,0.0,0.0,,8.8
13/03/2024,7,68,10.1,89,2.97,0.0,0.0,,8.4
13/03/2024,8,211,9.9,86,2.61,0.0,0.0,,7.7
13/03/2024,9,190,10.1,86,2.77,0.0,0.0,,7.8
13/03/2024,10,75,10.8,88,2.87,0.0,0.0,,8.9
13/03/2024,11,66,12.1,81,3.41,0.0,0.0,,8.8
13/03/2024,12,89,12.9,73,3.82,0.0,0.0,,8.3
13/03/2024,13,92,13.6,69,3.83,0.0,0.0,,8.1
13/03/2024,14,81,14.4,67,3.76,0.0,0.0,,8.4
13/03/2024,15,74,14.4,66,4.39,0.0,0.0,,8.0
13/03/2024,16,89,14.2,68,4.6,0.0,0.0,,8.4
13/03/2024,17,138,13.9,70,4.24,0.0,0.0,,8.5
13/03/2024,18,224,13.9,69,3.76,0.0,0.0,,8.3
13/03/2024,19,205,13.2,73,2.31,0.0,0.0,,8.5
13/03/2024,20,113,10.6,85,2.01,0.0,0.0,,8.2
13/03/2024,21,69,9.8,89,1.84,0.0,0.0,,8.0
13/03/2024,22,65,8.9,91,1.96,0.0,0.0,,7.6
13/03/2024,23,56,8.9,92,2.02,0.0,0.0,,7.6
13/04/2023,0,24,7.9,64,8.41,0.0,0.0,,1.5
13/04/2023,1,11,7.7,66,8.05,0.0,0.0,,1.8
13/04/2023,2,7,6.9,84,7.6,0.0,0.0,,4.4
13/04/2023,3,4,7.4,78,7.33,0.1,0.0,,3.8
13/04/2023,4,3,7.0,76,6.76,0.0,0.0,,3.1
13/04/2023,5,7,6.8,74,6.59,0.0,0.0,,2.5
13/04/2023,6,18,6.2,74,5.73,0.0,0.0,,2.0
13/04/2023,7,73,5.8,77,5.37,0.0,0.0,,2.0
13/04/2023,8,255,6.2,77,5.55,0.0,0.0,,2.3
13/04/2023,9,224,7.7,72,6.01,0.0,0.0,,3.0
13/04/2023,10,88,8.8,69,6.38,0.0,0.0,,3.3
13/04/2023,11,76,9.6,63,5.92,0.1,0.0,,2.8
13/04/2023,12,99,10.8,62,5.28,0.0,0.0,,3.8
13/04/2023,13,92,11.4,58,5.31,0.1,0.0,,3.5
13/04/2023,14,78,6.7,82,5.01,0.1,0.0,,3.9
13/04/2023,15,77,9.2,73,2.85,0.6,0.0,,4.7
13/04/2023,16,92,11.8,62,3.71,0.1,0.0,,4.8
13/04/2023,17,147,9.6,71,3.89,2.1,0.0,,4.6
13/04/2023,18,238,8.1,78,1.53,0.1,0.0,,4.6
13/04/2023,19,226,8.2,76,3.58,0.9,0.0,,4.3
13/04/2023,20,127,8.1,78,1.14,0.0,0.0,,4.5
13/04/2023,21,70,5.6,91,2.06,0.0,0.0,,4.2
13/04/2023,22,66,5.8,92,1.61,0.0,0.0,,4.6
13/04/2023,23,60,5.3,94,1.66,0.0,0.0,,4.4
13/04/2024,0,57,13.4,90,2.35,0.0,0.0,,11.8
13/04/2024,1,40,13.2,89,2.4,0.0,0.0,,11.6
13/04/2024,2,31,12.4,91,2.1,0.0,0.0,,11.0
13/04/2024,3,19,12.0,95,1.92,0.0,0.0,,11.2
13/04/2024,4,14,11.1,96,2.12,0.0,0.0,,10.6
13/04/2024,5,11,10.4,97,2.52,0.0,0.0,,9.9
13/04/2024,6,13,9.9,97,2.57,0.0,0.0,,9.4
13/04/2024,7,18,9.2,98,2.69,0.0,0.0,,8.9
13/04/2024,8,36,11.2,95,1.26,0.0,0.0,,10.4
13/04/2024,9,59,13.3,89,1.5,0.0,0.0,,11.6
13/04/2024,10,74,15.9,85,1.75,0.0,0.0,,13.3
13/04/2024,11,93,18.5,78,2.6,0.0,0.0,,14.7
13/04/2024,12,111,20.7,71,3.32,0.0,0.0,,15.1
13/04/2024,13,112,22.1,63,3.81,0.0,0.0,,14.9
13/04/2024,14,115,23.1,60,3.98,0.0,0.0,,14.9
13/04/2024,15,138,24.0,53,4.49,0.0,0.0,,13.7
13/04/2024,16,137,24.4,50,4.89,0.0,0.0,,13.4
13/04/2024,17,141,24.2,49,4.89,0.0,0.0,,12.9
13/04/2024,18,142,23.8,52,4.39,0.0,0.0,,13.3
13/04/2024,19,140,22.6,60,3.33,0.0,0.0,,14.5
13/04/2024,20,109,20.3,70,2.42,0.0,0.0,,14.6
13/04/2024,21,76,17.7,78,2.64,0.0,0.0,,13.9
13/04/2024,22,66,17.1,79,2.88,0.0,0.0,,13.4
13/04/2024,23,64,16.5,80,2.9,0.0,0.0,,13.0
13/05/2023,0,45,9.8,94,2.42,0.0,0.0,,8.9
13/05/2023,1,32,10.0,94,2.56,0.0,0.0,,9.1
13/05/2023,2,27,11.4,91,2.42,0.0,0.0,,10.1
13/05/2023,3,16,11.4,94,1.3,1.6,0.0,,10.4
13/05/2023,4,11,11.6,93,1.27,0.3,0.0,,10.6
13/05/2023,5,10,11.3,95,2.24,0.0,0.0,,10.5
13/05/2023,6,11,10.7,95,2.5,0.0,0.0,,10.0
13/05/2023,7,19,10.8,95,2.83,0.0,0.0,,10.0
13/05/2023,8,45,12.0,93,2.9,0.0,0.0,,10.9
13/05/2023,9,66,13.4,90,3.34,0.0,0.0,,11.8
13/05/2023,10,80,15.1,84,3.89,0.0,0.0,,12.4
13/05/2023,11,90,16.5,79,3.73,0.0,0.0,,12.9
13/05/2023,12,107,18.1,73,3.7,0.0,0.0,,13.2
13/05/2023,13,108,19.2,67,3.6,0.2,0.0,,13.0
13/05/2023,14,116,19.0,68,3.64,0.1,0.0,,12.8
13/05/2023,15,136,20.4,59,4.23,0.0,0.0,,12.2
13/05/2023,16,142,19.7,55,5.8,0.1,0.0,,10.4
13/05/2023,17,146,17.5,66,6.02,0.9,0.0,,11.1
13/05/2023,18,157,17.8,66,3.47,0.0,0.0,,11.4
13/05/2023,19,131,18.4,66,5.32,0.0,0.0,,12.0
13/05/2023,20,95,15.5,79,4.27,1.3,0.0,,11.9
13/05/2023,21,64,14.4,82,3.52,0.0,0.0,,11.4
13/05/2023,22,57,13.1,86,3.4,0.0,0.0,,10.9
13/05/2023,23,59,12.7,89,3.4,0.0,0.0,,10.9
13/05/2024,0,24,15.4,91,2.75,0.0,0.0,,14.0
13/05/2024,1,12,14.9,92,2.82,0.0,0.0,,13.7
13/05/2024,2,7,14.3,94,2.86,0.0,0.0,,13.3
13/05/2024,3,5,15.1,92,2.79,0.0,0.0,,13.7
13/05/2024,4,5,14.9,94,2.37,0.0,0.0,,13.9
13/05/2024,5,10,15.2,93,2.56,0.0,0.0,,14.0
13/05/2024,6,22,15.4,89,3.58,0.0,0.0,,13.6
13/05/2024,7,79,14.8,88,3.68,0.0,0.0,,12.8
13/05/2024,8,258,14.6,86,3.77,0.0,0.0,,12.1
13/05/2024,9,217,14.9,83,3.45,0.0,0.0,,12.0
13/05/2024,10,80,15.8,79,3.71,0.0,0.0,,12.1
13/05/2024,11,70,17.2,70,4.78,0.0,0.0,,11.8
13/05/2024,12,88,18.0,65,5.34,0.0,0.0,,11.3
13/05/2024,13,93,18.3,65,5.06,0.0,0.0,,11.5
13/05/2024,14,81,18.9,64,5.2,0.0,0.0,,11.9
13/05/2024,15,79,19.5,61,4.91,0.0,0.0,,11.9
13/05/2024,16,101,20.0,57,4.62,0.0,0.0,,11.4
13/05/2024,17,167,20.5,53,4.4,0.0,0.0,,10.7
13/05/2024,18,266,20.8,52,4.61,0.0,0.0,,10.6
13/05/2024,19,229,20.5,55,3.2,0.0,0.0,,11.2
13/05/2024,20,134,20.1,62,2.14,0.0,0.0,,12.5
13/05/2024,21,82,18.0,71,2.38,0.0,0.0,,12.6
13/05/2024,22,67,16.6,75,2.53,0.0,0.0,,12.2
13/05/2024,23,49,16.3,77,2.91,0.0,0.0,,12.4
13/06/2023,0,32,19.0,91,2.77,0.0,0.0,,17.6
13/06/2023,1,14,18.4,89,2.42,0.0,0.0,,16.6
13/06/2023,2,8,18.0,92,2.15,0.0,0.0,,16.8
13/06/2023,3,5,17.5,93,2.12,0.0,0.0,,16.3
13/06/2023,4,4,16.8,94,1.7,0.0,0.0,,15.8
13/06/2023,5,8,15.9,95,2.04,0.0,0.0,,15.1
13/06/2023,6,26,15.2,94,2.24,0.0,0.0,,14.4
13/06/2023,7,100,16.9,86,1.92,0.0,0.0,,14.6
13/06/2023,8,336,18.9,76,1.78,0.0,0.0,,14.6
13/06/2023,9,286,20.9,64,1.66,0.0,0.0,,13.8
13/06/2023,10,107,22.5,55,2.24,0.0,0.0,,13.1
13/06/2023,11,90,24.5,51,2.42,0.0,0.0,,13.8
13/06/2023,12,113,26.3,46,3.09,0.0,0.0,,13.8
13/06/2023,13,110,27.5,34,4.57,0.0,0.0,,10.4
13/06/2023,14,105,27.7,34,4.48,0.0,0.0,,10.4
13/06/2023,15,100,27.9,33,4.34,0.0,0.0,,10.4
13/06/2023,16,125,27.9,33,4.88,0.0,0.0,,10.1
13/06/2023,17,205,27.8,30,5.27,0.0,0.0,,8.8
13/06/2023,18,324,27.5,29,5.19,0.0,0.0,,7.6
13/06/2023,19,303,27.0,31,4.47,0.0,0.0,,8.2
13/06/2023,20,178,26.1,37,2.75,0.0,0.0,,10.4
13/06/2023,21,106,23.7,60,1.79,0.0,0.0,,15.4
13/06/2023,22,98,21.0,62,2.55,0.0,0.0,,13.5
13/06/2023,23,82,19.9,65,2.12,0.0,0.0,,13.1
13/06/2024,0,43,11.1,94,1.4,0.0,0.0,,10.1
13/06/2024,1,19,9.6,96,1.9,0.0,0.0,,9.1
13/06/2024,2,12,9.1,96,2.14,0.0,0.0,,8.4
13/06/2024,3,6,10.9,88,2.06,0.0,0.0,,9.0
13/06/2024,4,6,9.6,94,2.21,0.0,0.0,,8.6
13/06/2024,5,9,8.9,95,2.06,0.0,0.0,,8.1
13/06/2024,6,23,8.4,94,1.71,0.0,0.0,,7.5
13/06/2024,7,80,9.2,90,1.73,0.0,0.0,,7.8
13/06/2024,8,264,10.7,83,0.54,0.0,0.0,,8.0
13/06/2024,9,236,12.6,73,0.36,0.0,0.0,,7.9
13/06/2024,10,98,14.4,64,1.2,0.0,0.0,,7.6
13/06/2024,11,81,16.0,60,2.56,0.0,0.0,,8.4
13/06/2024,12,107,17.8,51,4.46,0.0,0.0,,7.4
13/06/2024,13,105,18.2,46,4.61,0.0,0.0,,6.3
13/06/2024,14,97,19.0,44,4.92,0.0,0.0,,6.4
13/06/2024,15,93,19.5,44,5.36,0.0,0.0,,6.8
13/06/2024,16,109,19.2,44,5.38,0.0,0.0,,6.8
13/06/2024,17,174,19.2,43,5.77,0.0,0.0,,6.2
13/06/2024,18,259,19.1,44,4.79,0.0,0.0,,6.6
13/06/2024,19,237,19.0,48,3.37,0.0,0.0,,7.6
13/06/2024,20,141,19.0,49,3.16,0.0,0.0,,8.1
13/06/2024,21,87,17.9,51,3.13,0.0,0.0,,7.8
13/06/2024,22,78,16.5,59,3.26,0.4,0.0,,8.4
13/06/2024,23,72,15.3,70,3.36,0.3,0.0,,9.9
13/07/2023,0,50,17.5,65,1.66,0.0,0.0,,10.9
13/07/2023,1,25,16.4,71,1.77,0.0,0.0,,11.2
13/07/2023,2,15,16.9,70,1.66,0.0,0.0,,11.4
13/07/2023,3,7,16.5,73,1.5,0.0,0.0,,11.6
13/07/2023,4,5,17.2,70,2.3,0.0,0.0,,11.6
13/07/2023,5,9,17.1,67,2.62,0.0,0.0,,11.0
13/07/2023,6,22,16.1,70,2.3,0.0,0.0,,10.8
13/07/2023,7,62,15.9,73,2.6,0.0,0.0,,10.9
13/07/2023,8,186,17.0,69,2.57,0.0,0.0,,11.2
13/07/2023,9,190,18.5,65,3.21,0.0,0.0,,11.8
13/07/2023,10,88,19.9,58,4.36,0.1,0.0,,11.3
13/07/2023,11,73,21.1,51,4.81,0.1,0.0,,10.6
13/07/2023,12,95,22.5,44,5.51,0.1,0.0,,9.7
13/07/2023,13,91,23.2,41,5.29,0.0,0.0,,9.3
13/07/2023,14,90,22.4,44,4.71,0.0,0.0,,9.7
13/07/2023,15,89,23.6,40,4.41,0.0,0.0,,9.4
13/07/2023,16,105,23.6,40,4.26,0.0,0.0,,9.4
13/07/2023,17,157,24.0,39,4.4,0.0,0.0,,9.2
13/07/2023,18,216,24.0,38,4.4,0.0,0.0,,8.9
13/07/2023,19,186,23.6,40,4.6,0.0,0.0,,9.1
13/07/2023,20,121,23.1,42,3.91,0.0,0.0,,9.4
13/07/2023,21,80,22.5,44,3.4,0.0,0.0,,9.6
13/07/2023,22,67,21.1,50,2.39,0.0,0.0,,10.4
13/07/2023,23,61,19.3,61,2.3,0.0,0.0,,11.6
13/07/2024,0,42,14.2,92,0.71,0.3,0.0,,12.9
13/07/2024,1,30,13.9,94,0.85,0.1,0.0,,13.0
13/07/2024,2,23,13.7,96,0.54,0.0,0.0,,13.1
13/07/2024,3,14,13.6,92,1.14,0.9,0.0,,12.3
13/07/2024,4,11,13.6,92,1.03,0.8,0.0,,12.4
13/07/2024,5,10,13.5,93,1.27,0.2,0.0,,12.4
13/07/2024,6,13,13.4,95,0.71,0.0,0.0,,12.6
13/07/2024,7,18,13.3,95,0.64,0.0,0.0,,12.6
13/07/2024,8,30,14.0,90,0.94,0.1,0.0,,12.4
13/07/2024,9,46,14.8,86,0.64,0.0,0.0,,12.4
13/07/2024,10,59,15.9,81,0.85,0.0,0.0,,12.6
13/07/2024,11,71,17.1,73,0.64,0.1,0.0,,12.1
13/07/2024,12,87,18.1,65,1.03,0.0,0.0,,11.4
13/07/2024,13,83,18.2,62,1.17,0.0,0.0,,10.8
13/07/2024,14,88,19.5,58,1.3,0.0,0.0,,11.0
13/07/2024,15,102,20.5,53,2.86,0.0,0.0,,10.6
13/07/2024,16,111,20.1,56,1.9,0.2,0.0,,11.1
13/07/2024,17,110,19.0,64,3.26,0.7,0.0,,12.0
13/07/2024,18,109,18.5,69,2.52,0.0,0.0,,12.8
13/07/2024,19,85,18.9,65,1.39,0.0,0.0,,12.2
13/07/2024,20,83,18.4,67,1.58,0.0,0.0,,12.2
13/07/2024,21,59,17.6,71,1.34,0.0,0.0,,12.4
13/07/2024,22,46,16.0,84,1.6,0.0,0.0,,13.3
13/07/2024,23,44,15.2,87,1.7,0.0,0.0,,13.1
13/08/2023,0,28,18.1,74,1.92,0.0,0.0,,13.5
13/08/2023,1,18,17.8,74,2.0,0.0,0.0,,13.1
13/08/2023,2,14,17.6,76,1.9,0.0,0.0,,13.3
13/08/2023,3,8,17.2,78,2.28,0.0,0.0,,13.3
13/08/2023,4,6,16.6,81,2.02,0.0,0.0,,13.4
13/08/2023,5,6,16.2,83,2.13,0.0,0.0,,13.4
13/08/2023,6,7,16.0,84,1.98,0.0,0.0,,13.3
13/08/2023,7,11,15.5,86,2.06,0.0,0.0,,13.2
13/08/2023,8,17,16.0,86,2.41,0.0,0.0,,13.6
13/08/2023,9,27,17.2,82,2.28,0.0,0.0,,14.1
13/08/2023,10,40,18.5,79,2.48,0.0,0.0,,14.9
13/08/2023,11,51,19.6,75,2.9,0.0,0.0,,15.1
13/08/2023,12,57,21.1,66,3.94,0.0,0.0,,14.5
13/08/2023,13,57,22.2,60,4.39,0.0,0.0,,14.1
13/08/2023,14,62,22.4,57,4.58,0.0,0.0,,13.4
13/08/2023,15,71,23.0,54,4.49,0.0,0.0,,13.1
13/08/2023,16,75,23.0,52,4.43,0.0,0.0,,12.5
13/08/2023,17,76,23.0,51,4.03,0.0,0.0,,12.4
13/08/2023,18,75,23.2,51,3.51,0.0,0.0,,12.6
13/08/2023,19,70,22.9,53,2.75,0.0,0.0,,12.8
13/08/2023,20,58,22.2,62,1.12,0.0,0.0,,14.6
13/08/2023,21,47,20.5,75,1.55,0.0,0.0,,15.9
13/08/2023,22,37,18.8,77,1.6,0.0,0.0,,14.7
13/08/2023,23,29,17.3,83,2.02,0.0,0.0,,14.4
13/08/2024,0,25,24.4,77,4.96,0.0,0.0,,20.1
13/08/2024,1,16,23.1,75,3.55,0.0,0.0,,18.4
13/08/2024,2,11,22.5,74,2.91,0.0,0.0,,17.6
13/08/2024,3,6,22.0,76,4.55,0.0,0.0,,17.5
13/08/2024,4,5,21.1,82,2.26,0.6,0.0,,17.9
13/08/2024,5,9,20.5,86,1.14,0.0,0.0,,18.1
13/08/2024,6,17,20.0,91,1.8,0.0,0.0,,18.5
13/08/2024,7,37,19.8,91,2.56,0.0,0.0,,18.4
13/08/2024,8,86,20.1,88,2.2,0.0,0.0,,18.0
13/08/2024,9,89,20.3,85,2.9,0.0,0.0,,17.8
13/08/2024,10,47,20.4,80,1.64,0.0,0.0,,16.9
13/08/2024,11,50,21.6,73,0.71,0.0,0.0,,16.5
13/08/2024,12,57,24.3,62,1.12,0.0,0.0,,16.5
13/08/2024,13,57,25.1,60,1.12,0.0,0.0,,16.9
13/08/2024,14,58,27.2,57,1.66,0.0,0.0,,18.0
13/08/2024,15,62,23.3,73,1.2,0.6,0.0,,18.1
13/08/2024,16,70,25.0,67,2.1,0.0,0.0,,18.3
13/08/2024,17,96,25.8,63,2.69,0.0,0.0,,18.3
13/08/2024,18,129,25.2,66,1.75,0.1,0.0,,18.3
13/08/2024,19,105,25.8,63,1.81,0.0,0.0,,18.2
13/08/2024,20,69,25.1,64,1.65,0.0,0.0,,17.9
13/08/2024,21,53,24.6,66,0.95,0.0,0.0,,17.9
13/08/2024,22,46,24.2,69,1.7,0.0,0.0,,18.1
13/08/2024,23,40,23.6,73,1.72,0.0,0.0,,18.6
13/09/2023,0,31,17.0,96,1.6,0.0,0.0,,16.4
13/09/2023,1,15,17.3,96,1.84,0.0,0.0,,16.6
13/09/2023,2,7,17.9,95,1.2,0.0,0.0,,17.1
13/09/2023,3,5,17.8,95,1.1,0.0,0.0,,17.0
13/09/2023,4,4,17.0,97,1.12,0.0,0.0,,16.6
13/09/2023,5,8,16.9,97,2.37,0.0,0.0,,16.4
13/09/2023,6,22,16.5,97,2.02,0.0,0.0,,16.0
13/09/2023,7,97,16.2,97,2.0,0.0,0.0,,15.8
13/09/2023,8,298,16.2,97,2.48,0.0,0.0,,15.8
13/09/2023,9,260,17.1,94,2.56,0.0,0.0,,16.1
13/09/2023,10,103,18.2,86,2.4,0.0,0.0,,15.9
13/09/2023,11,89,19.5,77,2.12,0.0,0.0,,15.3
13/09/2023,12,122,20.5,72,2.06,0.2,0.0,,15.2
13/09/2023,13,119,21.6,65,2.0,0.1,0.0,,14.9
13/09/2023,14,108,20.1,73,0.51,0.0,0.0,,15.1
13/09/2023,15,106,20.4,73,0.81,0.2,0.0,,15.4
13/09/2023,16,125,20.5,73,0.32,0.1,0.0,,15.4
13/09/2023,17,196,20.8,71,0.3,0.1,0.0,,15.4
13/09/2023,18,316,21.0,68,0.99,0.1,0.0,,14.9
13/09/2023,19,291,20.8,69,1.5,0.0,0.0,,14.8
13/09/2023,20,162,19.1,81,1.49,0.0,0.0,,15.9
13/09/2023,21,95,18.6,82,1.5,0.0,0.0,,15.6
13/09/2023,22,87,19.1,80,0.85,0.0,0.0,,15.6
13/09/2023,23,75,18.8,83,1.14,0.0,0.0,,15.8
13/09/2024,0,38,8.8,83,2.41,0.0,0.0,,6.1
13/09/2024,1,22,8.0,86,2.19,0.0,0.0,,5.8
13/09/2024,2,14,7.6,90,2.62,0.0,0.0,,6.0
13/09/2024,3,8,7.5,91,2.48,0.0,0.0,,6.2
13/09/2024,4,7,7.1,92,2.48,0.0,0.0,,5.9
13/09/2024,5,10,6.8,93,2.27,0.0,0.0,,5.8
13/09/2024,6,20,6.8,93,2.13,0.0,0.0,,5.7
13/09/2024,7,64,6.7,93,2.11,0.0,0.0,,5.6
13/09/2024,8,193,7.3,91,2.64,0.0,0.0,,5.9
13/09/2024,9,174,9.2,86,3.08,0.0,0.0,,7.0
13/09/2024,10,91,11.5,79,3.22,0.0,0.0,,7.9
13/09/2024,11,85,13.8,71,4.09,0.0,0.0,,8.6
13/09/2024,12,111,15.1,63,5.22,0.3,0.0,,8.0
13/09/2024,13,104,15.9,58,5.12,0.2,0.0,,7.7
13/09/2024,14,101,16.6,53,5.06,0.1,0.0,,7.0
13/09/2024,15,102,15.2,69,4.14,0.4,0.0,,9.6
13/09/2024,16,119,16.4,63,3.7,0.1,0.0,,9.2
13/09/2024,17,169,14.7,72,4.4,1.3,0.0,,9.7
13/09/2024,18,203,15.2,65,4.73,0.0,0.0,,8.8
13/09/2024,19,177,14.7,69,3.96,0.1,0.0,,9.1
13/09/2024,20,118,13.4,74,3.68,0.0,0.0,,8.9
13/09/2024,21,73,12.4,78,3.01,0.0,0.0,,8.7
13/09/2024,22,61,11.6,82,2.66,0.0,0.0,,8.6
13/09/2024,23,57,10.6,86,2.6,0.0,0.0,,8.4
13/10/2023,0,49,17.6,90,2.68,0.0,0.0,,16.0
13/10/2023,1,28,17.6,90,2.75,0.0,0.0,,16.0
13/10/2023,2,15,18.4,89,1.82,0.0,0.0,,16.5
13/10/2023,3,8,18.4,91,2.91,0.0,0.0,,17.0
13/10/2023,4,6,18.1,92,3.11,0.0,0.0,,16.8
13/10/2023,5,10,18.1,88,3.67,0.0,0.0,,16.1
13/10/2023,6,22,17.6,84,4.32,0.0,0.0,,15.0
13/10/2023,7,87,17.0,83,3.73,0.0,0.0,,14.1
13/10/2023,8,238,17.2,79,3.44,0.0,0.0,,13.6
13/10/2023,9,214,17.9,75,5.31,0.0,0.0,,13.4
13/10/2023,10,109,19.6,64,6.4,0.0,0.0,,12.8
13/10/2023,11,98,21.6,57,5.97,0.0,0.0,,12.9
13/10/2023,12,136,23.6,49,6.36,0.0,0.0,,12.3
13/10/2023,13,133,25.1,44,7.2,0.0,0.0,,12.1
13/10/2023,14,129,24.1,56,5.46,0.0,0.0,,14.9
13/10/2023,15,129,24.9,53,6.07,0.0,0.0,,14.6
13/10/2023,16,153,24.3,55,6.21,0.0,0.0,,14.6
13/10/2023,17,208,23.9,54,5.81,0.0,0.0,,14.0
13/10/2023,18,267,23.5,54,6.9,0.0,0.0,,13.8
13/10/2023,19,231,23.3,55,7.44,0.0,0.0,,13.6
13/10/2023,20,141,22.6,57,7.94,0.0,0.0,,13.6
13/10/2023,21,86,21.0,66,8.28,0.0,0.0,,14.4
13/10/2023,22,76,20.0,69,7.99,0.0,0.0,,14.2
13/10/2023,23,74,19.1,70,8.34,0.0,0.0,,13.6
13/10/2024,0,44,14.2,88,4.3,0.0,0.0,,12.2
13/10/2024,1,36,12.8,92,2.96,0.0,0.0,,11.6
13/10/2024,2,33,12.6,93,4.01,0.0,0.0,,11.4
13/10/2024,3,19,12.6,91,4.45,0.0,0.0,,11.3
13/10/2024,4,14,12.1,88,3.93,0.0,0.0,,10.2
13/10/2024,5,10,9.8,92,1.96,0.0,0.0,,8.6
13/10/2024,6,9,8.7,94,1.9,0.0,0.0,,7.8
13/10/2024,7,14,8.4,94,2.01,0.0,0.0,,7.4
13/10/2024,8,28,7.8,94,1.92,0.0,0.0,,6.9
13/10/2024,9,43,8.7,93,1.87,0.0,0.0,,7.7
13/10/2024,10,62,10.3,90,2.26,0.0,0.0,,8.6
13/10/2024,11,83,11.8,80,1.96,0.0,0.0,,8.4
13/10/2024,12,106,12.8,67,1.98,0.0,0.0,,6.8
13/10/2024,13,100,13.4,63,1.31,0.0,0.0,,6.4
13/10/2024,14,111,13.7,61,0.71,0.0,0.0,,6.2
13/10/2024,15,123,14.4,60,0.72,0.0,0.0,,6.7
13/10/2024,16,125,14.6,57,1.0,0.0,0.0,,6.2
13/10/2024,17,123,14.5,56,1.27,0.0,0.0,,5.9
13/10/2024,18,119,13.8,62,2.46,0.0,0.0,,6.6
13/10/2024,19,100,12.0,68,2.67,0.0,0.0,,6.2
13/10/2024,20,66,10.9,72,2.5,0.0,0.0,,6.1
13/10/2024,21,52,10.4,75,2.66,0.0,0.0,,6.2
13/10/2024,22,41,9.6,79,2.36,0.0,0.0,,6.2
13/10/2024,23,29,9.4,79,2.47,0.0,0.0,,5.9
13/11/2023,0,13,12.7,89,4.37,0.0,0.0,,10.9
13/11/2023,1,7,12.4,90,3.81,0.0,0.0,,10.7
13/11/2023,2,4,12.0,88,3.61,0.0,0.0,,10.0
13/11/2023,3,3,11.8,92,3.76,1.4,0.0,,10.5
13/11/2023,4,3,11.6,91,4.24,1.9,0.0,,10.2
13/11/2023,5,6,12.4,92,5.72,0.4,0.0,,11.1
13/11/2023,6,18,13.5,92,5.83,0.0,0.0,,12.1
13/11/2023,7,75,14.1,90,6.57,0.0,0.0,,12.6
13/11/2023,8,238,14.6,90,7.47,0.0,0.0,,12.9
13/11/2023,9,197,15.1,89,6.87,0.0,0.0,,13.2
13/11/2023,10,71,15.1,90,6.72,1.6,0.0,,13.4
13/11/2023,11,56,15.6,88,7.8,0.0,0.0,,13.6
13/11/2023,12,64,15.1,90,7.05,1.5,0.0,,13.4
13/11/2023,13,70,16.0,87,8.45,0.7,0.0,,13.9
13/11/2023,14,66,16.2,90,7.44,0.3,0.0,,14.5
13/11/2023,15,61,16.2,89,8.53,1.2,0.0,,14.4
13/11/2023,16,87,17.1,86,8.92,0.1,0.0,,14.7
13/11/2023,17,146,16.8,86,8.42,0.1,0.0,,14.4
13/11/2023,18,236,16.1,85,8.6,0.1,0.0,,13.6
13/11/2023,19,209,15.6,86,7.2,0.1,0.0,,13.2
13/11/2023,20,112,14.4,86,4.92,0.1,0.0,,12.1
13/11/2023,21,66,13.1,86,4.62,0.0,0.0,,10.9
13/11/2023,22,55,12.4,80,5.28,0.0,0.0,,9.1
13/11/2023,23,37,11.6,81,4.92,0.0,0.0,,8.5
13/11/2024,0,21,7.9,84,3.62,0.0,0.0,,5.3
13/11/2024,1,12,7.9,85,3.47,0.0,0.0,,5.6
13/11/2024,2,7,7.0,89,2.84,0.0,0.0,,5.2
13/11/2024,3,4,8.8,84,2.69,0.0,0.0,,6.2
13/11/2024,4,4,8.4,86,2.84,0.0,0.0,,6.2
13/11/2024,5,9,8.2,88,2.85,0.0,0.0,,6.3
13/11/2024,6,20,7.8,90,2.73,0.0,0.0,,6.2
13/11/2024,7,73,7.4,90,2.83,0.0,0.0,,5.9
13/11/2024,8,233,7.1,90,2.68,0.0,0.0,,5.6
13/11/2024,9,210,6.6,91,2.33,0.0,0.0,,5.2
13/11/2024,10,84,6.7,91,2.4,0.0,0.0,,5.3
13/11/2024,11,72,7.5,86,2.71,0.0,0.0,,5.3
13/11/2024,12,98,8.1,82,3.19,0.0,0.0,,5.2
13/11/2024,13,101,8.6,78,3.18,0.0,0.0,,4.9
13/11/2024,14,90,9.0,74,2.94,0.0,0.0,,4.6
13/11/2024,15,82,9.1,70,3.37,0.0,0.0,,3.8
13/11/2024,16,95,9.1,67,3.31,0.0,0.0,,3.3
13/11/2024,17,149,8.9,67,2.62,0.0,0.0,,3.2
13/11/2024,18,230,8.1,73,1.91,0.0,0.0,,3.5
13/11/2024,19,212,7.3,78,1.88,0.0,0.0,,3.8
13/11/2024,20,119,6.8,81,2.12,0.0,0.0,,3.8
13/11/2024,21,72,6.4,84,1.96,0.0,0.0,,3.9
13/11/2024,22,70,5.9,87,1.59,0.0,0.0,,3.9
13/11/2024,23,55,5.6,88,1.63,0.0,0.0,,3.8
13/12/2023,0,29,9.2,90,4.95,0.0,0.0,,7.7
13/12/2023,1,15,9.9,88,5.17,0.0,0.0,,7.9
13/12/2023,2,8,9.6,88,4.32,0.0,0.0,,7.6
13/12/2023,3,4,9.2,91,4.41,0.1,0.0,,7.8
13/12/2023,4,3,8.4,92,3.96,0.0,0.0,,7.1
13/12/2023,5,6,7.8,92,3.61,0.0,0.0,,6.6
13/12/2023,6,18,7.3,93,3.48,0.0,0.0,,6.2
13/12/2023,7,71,6.9,94,3.04,0.0,0.0,,6.1
13/12/2023,8,234,6.6,94,2.48,0.0,0.0,,5.7
13/12/2023,9,225,6.2,94,2.42,0.0,0.0,,5.2
13/12/2023,10,90,6.2,94,2.88,0.0,0.0,,5.3
13/12/2023,11,77,7.6,91,3.85,0.0,0.0,,6.2
13/12/2023,12,105,8.6,87,4.54,0.2,0.0,,6.6
13/12/2023,13,95,8.8,88,4.8,0.6,0.0,,6.9
13/12/2023,14,80,9.2,88,3.95,0.0,0.0,,7.2
13/12/2023,15,75,9.9,83,4.31,0.1,0.0,,7.2
13/12/2023,16,89,8.9,83,4.52,0.2,0.0,,6.1
13/12/2023,17,146,8.6,86,4.12,0.1,0.0,,6.4
13/12/2023,18,224,7.7,90,3.14,0.1,0.0,,6.1
13/12/2023,19,207,7.8,88,3.8,0.0,0.0,,5.9
13/12/2023,20,121,7.3,89,4.13,0.0,0.0,,5.7
13/12/2023,21,67,7.4,89,3.54,0.0,0.0,,5.8
13/12/2023,22,63,6.5,91,3.32,0.0,0.0,,5.2
13/12/2023,23,66,6.3,92,3.96,0.0,0.0,,5.1
13/12/2024,0,35,3.2,85,2.16,0.0,0.0,,0.9
13/12/2024,1,24,3.0,86,1.95,0.0,0.0,,0.9
13/12/2024,2,16,2.8,86,2.17,0.0,0.0,,0.8
13/12/2024,3,8,2.2,86,2.09,0.0,0.0,,0.2
13/12/2024,4,7,2.0,86,1.77,0.0,0.0,,-0.2
13/12/2024,5,8,2.0,85,1.54,0.0,0.0,,-0.2
13/12/2024,6,15,2.0,86,1.55,0.0,0.0,,-0.1
13/12/2024,7,54,2.2,87,1.72,0.0,0.0,,0.2
13/12/2024,8,153,2.3,87,1.66,0.0,0.0,,0.4
13/12/2024,9,151,2.4,88,1.68,0.0,0.0,,0.6
13/12/2024,10,76,2.3,90,2.02,0.0,0.0,,0.8
13/12/2024,11,66,2.0,90,2.28,0.0,0.0,,0.6
13/12/2024,12,97,2.0,89,2.22,0.0,0.0,,0.3
13/12/2024,13,88,2.3,85,1.89,0.0,0.0,,0.2
13/12/2024,14,85,2.8,82,1.58,0.0,0.0,,0.1
13/12/2024,15,83,3.0,83,1.79,0.0,0.0,,0.4
13/12/2024,16,94,3.3,80,1.57,0.0,0.0,,0.2
13/12/2024,17,133,3.3,79,1.37,0.0,0.0,,0.1
13/12/2024,18,168,2.0,87,0.94,0.0,0.0,,0.0
13/12/2024,19,140,1.2,89,0.93,0.0,0.0,,-0.4
13/12/2024,20,93,0.9,89,0.5,0.0,0.0,,-0.6
13/12/2024,21,58,0.6,92,0.4,0.0,0.0,,-0.6
13/12/2024,22,50,0.1,94,0.43,0.0,0.0,,-0.7
13/12/2024,23,44,-0.1,97,0.07,0.0,0.0,,-0.6
14/01/2023,0,43,6.8,83,3.96,0.0,0.0,,4.2
14/01/2023,1,31,7.4,82,3.36,0.0,0.0,,4.6
14/01/2023,2,26,8.2,82,3.58,0.4,0.0,,5.3
14/01/2023,3,14,8.4,86,3.64,0.0,0.0,,6.2
14/01/2023,4,11,8.8,91,4.66,0.0,0.0,,7.3
14/01/2023,5,9,9.6,89,5.55,0.0,0.0,,7.8
14/01/2023,6,8,9.8,89,6.04,0.0,0.0,,7.9
14/01/2023,7,15,9.8,87,6.86,0.0,0.0,,7.8
14/01/2023,8,28,9.8,87,7.43,0.0,0.0,,7.7
14/01/2023,9,45,9.9,82,8.39,0.0,0.0,,7.1
14/01/2023,10,55,9.8,84,8.48,0.1,0.0,,7.2
14/01/2023,11,65,10.6,86,9.08,0.3,0.0,,8.4
14/01/2023,12,79,10.6,90,8.77,0.4,0.0,,8.9
14/01/2023,13,72,11.4,89,9.32,0.3,0.0,,9.7
14/01/2023,14,67,11.3,86,8.81,0.2,0.0,,9.1
14/01/2023,15,59,11.9,86,9.07,0.1,0.0,,9.6
14/01/2023,16,64,12.4,86,9.52,0.3,0.0,,10.0
14/01/2023,17,64,12.1,88,9.13,0.2,0.0,,10.1
14/01/2023,18,68,12.4,88,8.88,0.2,0.0,,10.4
14/01/2023,19,65,12.6,88,8.23,0.1,0.0,,10.6
14/01/2023,20,37,12.4,90,7.73,0.6,0.0,,10.9
14/01/2023,21,24,12.3,91,7.29,0.8,0.0,,10.9
14/01/2023,22,20,11.1,91,5.83,3.0,0.0,,9.7
14/01/2023,23,17,10.3,91,4.27,1.5,0.0,,8.9
14/01/2024,0,27,-1.7,88,0.64,0.0,0.0,,-3.5
14/01/2024,1,22,-1.8,86,1.04,0.0,0.0,,-3.8
14/01/2024,2,20,-2.0,87,1.06,0.0,0.0,,-4.0
14/01/2024,3,11,-2.5,90,1.88,0.0,0.0,,-4.0
14/01/2024,4,8,-2.5,90,1.61,0.0,0.0,,-3.8
14/01/2024,5,7,-2.5,91,1.79,0.0,0.0,,-3.7
14/01/2024,6,6,-2.5,92,1.35,0.0,0.0,,-3.7
14/01/2024,7,8,-2.6,93,1.0,0.0,0.0,,-3.6
14/01/2024,8,13,-2.7,93,0.61,0.0,0.0,,-3.7
14/01/2024,9,24,-2.8,92,0.91,0.0,0.0,,-4.0
14/01/2024,10,33,-2.8,91,0.7,0.0,0.0,,-4.2
14/01/2024,11,43,-2.5,88,0.4,0.0,0.0,,-4.2
14/01/2024,12,56,-2.1,86,1.39,0.0,0.0,,-4.2
14/01/2024,13,50,-1.6,82,1.39,0.0,0.0,,-4.2
14/01/2024,14,50,-0.5,77,1.46,0.0,0.0,,-4.1
14/01/2024,15,58,-0.6,78,2.12,0.0,0.0,,-4.0
14/01/2024,16,59,-0.2,77,1.92,0.0,0.0,,-3.7
14/01/2024,17,56,0.2,76,2.0,0.0,0.0,,-3.5
14/01/2024,18,57,-0.2,77,2.55,0.0,0.0,,-3.8
14/01/2024,19,50,-0.5,77,3.11,0.0,0.0,,-4.0
14/01/2024,20,36,-0.6,78,2.42,0.0,0.0,,-4.0
14/01/2024,21,27,-0.6,79,2.82,0.0,0.0,,-3.8
14/01/2024,22,23,-0.4,81,2.94,0.0,0.0,,-3.3
14/01/2024,23,15,0.1,81,3.05,0.0,0.0,,-2.9
14/02/2023,0,15,1.4,99,3.04,0.0,0.0,,1.2
14/02/2023,1,7,0.8,100,2.96,0.0,0.0,,0.7
14/02/2023,2,4,0.8,99,2.09,0.0,0.0,,0.6
14/02/2023,3,3,0.7,100,1.66,0.0,0.0,,0.7
14/02/2023,4,3,-0.4,99,1.53,0.0,0.0,,-0.5
14/02/2023,5,6,0.1,99,0.73,0.0,0.0,,-0.1
14/02/2023,6,18,0.3,99,0.72,0.0,0.0,,0.2
14/02/2023,7,78,0.1,98,0.67,0.0,0.0,,-0.2
14/02/2023,8,286,0.0,95,0.89,0.0,0.0,,-0.6
14/02/2023,9,243,0.0,96,0.86,0.0,0.0,,-0.6
14/02/2023,10,87,0.9,93,1.27,0.0,0.0,,-0.2
14/02/2023,11,71,1.7,92,0.99,0.0,0.0,,0.5
14/02/2023,12,96,3.2,92,1.03,0.0,0.0,,2.0
14/02/2023,13,92,4.2,96,1.34,0.0,0.0,,3.6
14/02/2023,14,88,6.3,81,0.51,0.0,0.0,,3.3
14/02/2023,15,84,8.6,74,0.91,0.0,0.0,,4.2
14/02/2023,16,106,10.6,70,1.3,0.0,0.0,,5.3
14/02/2023,17,174,11.6,68,1.4,0.0,0.0,,5.8
14/02/2023,18,263,11.1,76,1.02,0.0,0.0,,7.1
14/02/2023,19,244,7.3,86,2.97,0.0,0.0,,5.1
14/02/2023,20,123,5.5,90,3.31,0.0,0.0,,4.0
14/02/2023,21,60,4.4,93,3.11,0.0,0.0,,3.3
14/02/2023,22,54,3.4,93,2.91,0.0,0.0,,2.3
14/02/2023,23,65,2.0,93,3.28,0.0,0.0,,1.1
14/02/2024,0,24,8.9,86,5.06,2.1,0.0,,6.7
14/02/2024,1,12,9.8,87,5.32,0.0,0.0,,7.8
14/02/2024,2,7,10.4,88,5.09,0.0,0.0,,8.4
14/02/2024,3,5,9.6,89,4.8,0.0,0.0,,7.9
14/02/2024,4,4,9.4,92,3.62,0.0,0.0,,8.1
14/02/2024,5,7,9.9,92,3.25,0.0,0.0,,8.6
14/02/2024,6,17,9.9,94,2.55,0.0,0.0,,9.0
14/02/2024,7,52,10.1,94,3.2,0.0,0.0,,9.3
14/02/2024,8,173,10.5,95,3.73,0.0,0.0,,9.7
14/02/2024,9,181,10.8,94,4.16,0.0,0.0,,9.9
14/02/2024,10,68,11.1,94,4.3,0.1,0.0,,10.1
14/02/2024,11,56,11.2,94,4.61,0.1,0.0,,10.2
14/02/2024,12,71,11.8,91,5.39,0.1,0.0,,10.3
14/02/2024,13,69,12.9,86,6.3,0.2,0.0,,10.5
14/02/2024,14,68,12.5,87,4.64,0.0,0.0,,10.4
14/02/2024,15,63,13.6,85,4.97,0.0,0.0,,11.1
14/02/2024,16,78,14.3,81,5.28,0.0,0.0,,11.0
14/02/2024,17,118,14.7,75,5.73,0.0,0.0,,10.4
14/02/2024,18,197,14.4,78,4.43,0.0,0.0,,10.6
14/02/2024,19,185,13.2,84,3.4,0.0,0.0,,10.5
14/02/2024,20,104,11.9,89,2.47,0.0,0.0,,10.2
14/02/2024,21,57,11.1,91,2.81,0.0,0.0,,9.6
14/02/2024,22,52,11.0,90,3.21,0.0,0.0,,9.4
14/02/2024,23,62,10.9,90,3.3,0.0,0.0,,9.2
14/03/2023,0,14,10.2,77,7.05,0.0,0.0,,6.3
14/03/2023,1,7,10.3,79,8.07,0.2,0.0,,6.8
14/03/2023,2,4,10.1,88,7.22,0.5,0.0,,8.2
14/03/2023,3,3,10.2,86,8.01,0.4,0.0,,7.9
14/03/2023,4,3,9.9,86,8.07,0.1,0.0,,7.8
14/03/2023,5,6,10.1,86,7.34,0.1,0.0,,7.8
14/03/2023,6,16,9.9,89,5.92,1.3,0.0,,8.1
14/03/2023,7,77,9.2,87,10.07,1.2,0.0,,7.2
14/03/2023,8,273,8.1,82,9.34,0.0,0.0,,5.2
14/03/2023,9,229,7.7,77,7.79,0.0,0.0,,3.9
14/03/2023,10,73,8.0,72,6.76,0.0,0.0,,3.2
14/03/2023,11,55,9.1,63,8.18,0.0,0.0,,2.4
14/03/2023,12,79,9.2,64,8.59,0.1,0.0,,2.7
14/03/2023,13,80,10.1,58,8.42,0.1,0.0,,2.1
14/03/2023,14,67,9.8,61,6.71,0.6,0.0,,2.5
14/03/2023,15,62,8.6,65,7.54,0.1,0.0,,2.3
14/03/2023,16,81,9.6,62,7.57,0.1,0.0,,2.5
14/03/2023,17,142,9.1,67,6.93,0.3,0.0,,3.2
14/03/2023,18,234,8.2,67,5.75,0.4,0.0,,2.5
14/03/2023,19,220,7.2,70,5.13,0.0,0.0,,2.2
14/03/2023,20,116,6.2,75,3.44,0.0,0.0,,2.2
14/03/2023,21,60,4.8,84,2.08,0.0,0.0,,2.2
14/03/2023,22,57,3.8,90,1.89,0.0,0.0,,2.2
14/03/2023,23,43,3.0,92,1.94,0.0,0.0,,1.9
14/03/2024,0,29,7.9,93,2.04,0.0,0.0,,6.8
14/03/2024,1,13,7.6,93,2.01,0.0,0.0,,6.6
14/03/2024,2,8,6.5,95,2.24,0.0,0.0,,5.8
14/03/2024,3,5,5.4,98,2.52,0.0,0.0,,5.2
14/03/2024,4,5,4.9,99,2.51,0.0,0.0,,4.7
14/03/2024,5,8,4.6,99,2.33,0.0,0.0,,4.4
14/03/2024,6,19,5.4,97,2.11,0.0,0.0,,5.0
14/03/2024,7,74,5.9,96,2.19,0.0,0.0,,5.3
14/03/2024,8,239,5.3,97,2.1,0.0,0.0,,4.8
14/03/2024,9,211,6.1,95,2.73,0.0,0.0,,5.3
14/03/2024,10,85,8.1,88,2.84,0.0,0.0,,6.3
14/03/2024,11,73,10.5,83,3.38,0.0,0.0,,7.8
14/03/2024,12,105,13.1,76,3.89,0.0,0.0,,8.9
14/03/2024,13,102,14.8,72,4.1,0.0,0.0,,9.7
14/03/2024,14,99,16.2,68,3.89,0.0,0.0,,10.2
14/03/2024,15,90,16.9,66,3.9,0.0,0.0,,10.4
14/03/2024,16,109,17.2,65,4.08,0.0,0.0,,10.5
14/03/2024,17,168,17.6,60,4.29,0.0,0.0,,9.9
14/03/2024,18,248,16.9,64,3.89,0.0,0.0,,10.1
14/03/2024,19,216,15.9,69,3.28,0.0,0.0,,10.1
14/03/2024,20,120,13.6,76,2.98,0.0,0.0,,9.4
14/03/2024,21,72,12.6,77,3.44,0.0,0.0,,8.8
14/03/2024,22,67,12.5,81,3.94,0.0,0.0,,9.2
14/03/2024,23,60,12.0,85,3.86,0.0,0.0,,9.6
14/04/2023,0,36,4.8,95,1.77,0.0,0.0,,4.1
14/04/2023,1,18,4.3,95,1.91,0.0,0.0,,3.6
14/04/2023,2,10,5.3,91,2.2,0.0,0.0,,4.0
14/04/2023,3,6,4.3,92,2.95,3.2,0.14,,3.2
14/04/2023,4,5,3.9,95,2.09,0.7,0.14,,3.2
14/04/2023,5,8,3.5,94,1.9,0.0,0.0,,2.6
14/04/2023,6,16,3.3,94,1.93,0.0,0.0,,2.5
14/04/2023,7,62,3.6,95,1.8,0.0,0.0,,2.8
14/04/2023,8,194,4.9,93,3.04,0.0,0.0,,4.0
14/04/2023,9,173,6.1,92,3.57,0.0,0.0,,4.9
14/04/2023,10,80,7.4,89,4.27,0.0,0.0,,5.7
14/04/2023,11,70,7.8,86,5.19,0.2,0.0,,5.7
14/04/2023,12,90,8.4,83,5.89,0.1,0.0,,5.6
14/04/2023,13,74,9.1,77,7.09,0.3,0.0,,5.2
14/04/2023,14,59,8.4,84,5.94,0.9,0.0,,5.8
14/04/2023,15,52,8.3,88,5.85,0.5,0.0,,6.4
14/04/2023,16,74,8.6,85,6.16,0.4,0.0,,6.2
14/04/2023,17,111,8.5,85,5.54,0.1,0.0,,6.1
14/04/2023,18,154,8.3,85,5.66,0.3,0.0,,5.9
14/04/2023,19,138,8.2,85,4.74,0.0,0.0,,5.8
14/04/2023,20,91,8.1,87,4.1,0.0,0.0,,6.1
14/04/2023,21,51,7.7,91,2.08,0.0,0.0,,6.2
14/04/2023,22,46,7.8,91,2.14,0.0,0.0,,6.4
14/04/2023,23,44,7.1,94,1.64,0.0,0.0,,6.2
14/04/2024,0,57,15.1,88,2.73,0.0,0.0,,13.1
14/04/2024,1,40,13.8,87,2.87,0.0,0.0,,11.6
14/04/2024,2,30,12.9,81,3.0,0.0,0.0,,9.6
14/04/2024,3,18,13.0,71,3.28,0.0,0.0,,7.8
14/04/2024,4,13,11.6,69,2.98,0.0,0.0,,6.2
14/04/2024,5,11,10.6,76,2.55,0.0,0.0,,6.4
14/04/2024,6,10,9.6,84,2.28,0.0,0.0,,7.1
14/04/2024,7,12,9.4,89,2.2,0.0,0.0,,7.8
14/04/2024,8,22,10.2,91,2.78,0.0,0.0,,8.9
14/04/2024,9,35,10.6,92,2.56,0.0,0.0,,9.4
14/04/2024,10,54,11.5,89,2.62,0.0,0.0,,9.7
14/04/2024,11,69,12.5,84,2.62,0.0,0.0,,9.9
14/04/2024,12,85,14.1,77,2.33,0.0,0.0,,10.1
14/04/2024,13,84,15.6,69,1.86,0.0,0.0,,9.8
14/04/2024,14,89,16.5,66,1.61,0.0,0.0,,10.2
14/04/2024,15,106,18.3,59,1.9,0.0,0.0,,10.1
14/04/2024,16,112,19.0,55,2.0,0.0,0.0,,9.9
14/04/2024,17,116,19.6,53,2.91,0.0,0.0,,9.8
14/04/2024,18,119,18.1,60,4.34,0.0,0.0,,10.2
14/04/2024,19,101,16.6,65,4.22,0.0,0.0,,10.0
14/04/2024,20,73,15.8,69,2.9,0.0,0.0,,10.1
14/04/2024,21,54,13.9,73,2.6,0.0,0.0,,9.2
14/04/2024,22,41,13.3,72,3.44,0.0,0.0,,8.4
14/04/2024,23,30,12.6,73,4.65,0.0,0.0,,7.8
14/05/2023,0,49,11.9,90,3.41,0.0,0.0,,10.4
14/05/2023,1,37,11.1,92,2.94,0.0,0.0,,9.8
14/05/2023,2,30,10.3,94,3.32,0.0,0.0,,9.4
14/05/2023,3,17,9.6,94,2.77,0.0,0.0,,8.8
14/05/2023,4,11,9.0,95,2.21,0.0,0.0,,8.3
14/05/2023,5,9,8.5,96,2.12,0.0,0.0,,7.9
14/05/2023,6,8,8.1,97,2.1,0.0,0.0,,7.7
14/05/2023,7,12,8.3,97,2.42,0.0,0.0,,7.8
14/05/2023,8,24,9.5,92,2.82,0.0,0.0,,8.2
14/05/2023,9,42,11.4,83,3.1,0.0,0.0,,8.7
14/05/2023,10,59,13.1,79,3.98,0.0,0.0,,9.4
14/05/2023,11,74,14.4,76,3.85,0.0,0.0,,10.2
14/05/2023,12,91,16.0,73,3.62,0.0,0.0,,11.2
14/05/2023,13,86,17.8,68,3.58,0.0,0.0,,11.9
14/05/2023,14,89,15.7,71,3.18,0.0,0.0,,10.4
14/05/2023,15,118,17.8,63,3.52,0.0,0.0,,10.6
14/05/2023,16,132,18.5,59,3.05,0.1,0.0,,10.4
14/05/2023,17,137,18.9,56,3.36,0.0,0.0,,9.8
14/05/2023,18,139,18.8,54,3.81,0.0,0.0,,9.3
14/05/2023,19,118,18.3,56,4.12,0.0,0.0,,9.3
14/05/2023,20,86,17.1,66,3.64,0.0,0.0,,10.8
14/05/2023,21,60,15.1,78,3.26,0.0,0.0,,11.4
14/05/2023,22,46,12.8,88,2.14,0.0,0.0,,10.8
14/05/2023,23,33,11.8,91,2.27,0.0,0.0,,10.4
14/05/2024,0,27,16.5,78,3.14,0.0,0.0,,12.7
14/05/2024,1,14,15.9,83,3.26,0.0,0.0,,13.1
14/05/2024,2,8,16.0,85,3.53,0.0,0.0,,13.4
14/05/2024,3,5,15.6,93,2.68,1.8,0.0,,14.5
14/05/2024,4,4,15.6,93,2.86,1.0,0.0,,14.6
14/05/2024,5,8,15.6,93,3.11,2.0,0.0,,14.6
14/05/2024,6,19,15.4,95,2.94,0.8,0.0,,14.5
14/05/2024,7,64,14.8,91,2.72,0.2,0.0,,13.3
14/05/2024,8,177,14.6,90,2.77,0.2,0.0,,12.9
14/05/2024,9,129,14.2,89,2.61,1.1,0.0,,12.4
14/05/2024,10,39,14.1,86,1.94,1.2,0.0,,11.8
14/05/2024,11,35,14.1,85,2.65,1.0,0.0,,11.6
14/05/2024,12,44,14.3,85,3.44,1.5,0.0,,11.8
14/05/2024,13,55,14.4,85,3.4,1.5,0.0,,11.9
14/05/2024,14,56,15.4,79,3.8,0.5,0.0,,11.9
14/05/2024,15,58,14.2,82,3.8,0.4,0.0,,11.3
14/05/2024,16,68,14.1,87,3.38,0.5,0.0,,11.9
14/05/2024,17,115,14.8,84,3.86,0.3,0.0,,12.1
14/05/2024,18,195,14.4,88,3.71,0.4,0.0,,12.4
14/05/2024,19,176,14.2,89,3.8,0.3,0.0,,12.5
14/05/2024,20,106,14.1,91,3.58,0.3,0.0,,12.6
14/05/2024,21,65,13.6,92,3.18,0.2,0.0,,12.4
14/05/2024,22,59,13.3,93,2.95,0.4,0.0,,12.2
14/05/2024,23,49,13.1,94,3.04,0.3,0.0,,12.1
14/06/2023,0,48,18.9,64,2.28,0.0,0.0,,12.1
14/06/2023,1,22,17.9,64,2.21,0.0,0.0,,10.9
14/06/2023,2,11,17.9,66,2.08,0.0,0.0,,11.6
14/06/2023,3,6,15.7,77,2.78,0.0,0.0,,11.6
14/06/2023,4,5,14.8,80,2.53,0.0,0.0,,11.4
14/06/2023,5,9,13.9,83,2.69,0.0,0.0,,11.0
14/06/2023,6,27,13.4,83,2.62,0.0,0.0,,10.6
14/06/2023,7,99,15.1,75,1.66,0.0,0.0,,10.7
14/06/2023,8,296,17.0,70,0.92,0.0,0.0,,11.4
14/06/2023,9,268,19.2,62,1.1,0.0,0.0,,11.9
14/06/2023,10,108,21.8,55,1.49,0.0,0.0,,12.3
14/06/2023,11,93,24.0,46,2.05,0.0,0.0,,11.6
14/06/2023,12,123,25.7,37,1.86,0.0,0.0,,9.9
14/06/2023,13,121,26.9,31,2.64,0.0,0.0,,8.1
14/06/2023,14,137,27.5,30,3.34,0.0,0.0,,8.3
14/06/2023,15,99,27.8,29,2.98,0.0,0.0,,8.4
14/06/2023,16,142,28.0,29,2.86,0.0,0.0,,8.4
14/06/2023,17,193,28.4,29,3.05,0.0,0.0,,8.4
14/06/2023,18,312,27.9,29,3.71,0.0,0.0,,8.4
14/06/2023,19,297,27.2,28,3.61,0.0,0.0,,7.1
14/06/2023,20,191,26.5,31,1.97,0.0,0.0,,7.9
14/06/2023,21,108,24.5,56,0.73,0.0,0.0,,15.2
14/06/2023,22,102,25.1,34,1.02,0.0,0.0,,8.2
14/06/2023,23,94,21.8,46,2.2,0.0,0.0,,9.6
14/06/2024,0,48,15.0,71,2.5,0.0,0.0,,9.7
14/06/2024,1,25,14.6,64,3.32,0.3,0.0,,7.8
14/06/2024,2,13,13.4,72,3.35,0.6,0.0,,8.6
14/06/2024,3,7,12.9,87,3.22,0.5,0.0,,10.9
14/06/2024,4,6,12.8,88,2.6,1.7,0.0,,10.9
14/06/2024,5,10,13.0,89,2.96,0.0,0.0,,11.2
14/06/2024,6,21,13.2,88,4.3,0.1,0.0,,11.3
14/06/2024,7,62,13.4,89,4.32,3.9,0.0,,11.6
14/06/2024,8,184,13.9,90,5.02,0.2,0.0,,12.3
14/06/2024,9,157,15.1,86,6.23,0.1,0.0,,12.8
14/06/2024,10,79,16.5,78,6.3,0.1,0.0,,12.7
14/06/2024,11,78,17.8,70,6.22,0.1,0.0,,12.2
14/06/2024,12,101,18.8,63,6.74,0.1,0.0,,11.7
14/06/2024,13,96,19.6,59,7.53,0.1,0.0,,11.4
14/06/2024,14,94,20.1,56,7.22,0.2,0.0,,11.1
14/06/2024,15,96,20.5,53,6.29,0.2,0.0,,10.5
14/06/2024,16,113,21.1,51,6.13,0.1,0.0,,10.6
14/06/2024,17,155,21.1,55,6.66,0.0,0.0,,11.7
14/06/2024,18,191,21.1,54,6.96,0.0,0.0,,11.4
14/06/2024,19,149,19.9,58,5.89,0.0,0.0,,11.4
14/06/2024,20,91,18.7,63,5.17,0.0,0.0,,11.6
14/06/2024,21,53,18.0,67,4.47,0.0,0.0,,11.8
14/06/2024,22,56,16.4,71,5.16,0.1,0.0,,11.1
14/06/2024,23,55,15.6,75,5.02,0.0,0.0,,11.1
14/07/2023,0,51,17.2,73,2.02,0.0,0.0,,12.4
14/07/2023,1,42,16.5,77,1.91,0.0,0.0,,12.6
14/07/2023,2,30,17.0,74,1.2,0.0,0.0,,12.4
14/07/2023,3,16,16.1,80,1.56,0.0,0.0,,12.6
14/07/2023,4,14,15.1,83,1.65,0.0,0.0,,12.4
14/07/2023,5,12,14.8,86,1.92,0.0,0.0,,12.4
14/07/2023,6,14,15.8,79,1.4,0.0,0.0,,12.2
14/07/2023,7,18,16.0,78,1.9,0.0,0.0,,12.2
14/07/2023,8,32,17.2,72,2.42,0.0,0.0,,12.1
14/07/2023,9,46,17.8,69,1.73,0.0,0.0,,12.1
14/07/2023,10,55,20.8,56,3.3,0.0,0.0,,11.7
14/07/2023,11,64,22.9,46,4.31,0.0,0.0,,10.5
14/07/2023,12,75,24.9,38,5.88,0.0,0.0,,9.7
14/07/2023,13,76,26.1,36,6.02,0.0,0.0,,9.8
14/07/2023,14,80,27.3,36,5.35,0.0,0.0,,10.8
14/07/2023,15,85,28.9,30,5.94,0.0,0.0,,9.8
14/07/2023,16,89,29.8,28,6.53,0.0,0.0,,9.4
14/07/2023,17,91,30.1,28,6.9,0.0,0.0,,9.7
14/07/2023,18,100,30.5,26,7.12,0.0,0.0,,8.6
14/07/2023,19,102,30.2,26,7.31,0.0,0.0,,8.3
14/07/2023,20,88,29.4,29,7.12,0.0,0.0,,9.6
14/07/2023,21,75,28.4,32,5.74,0.0,0.0,,10.3
14/07/2023,22,72,27.1,36,5.77,0.0,0.0,,10.9
14/07/2023,23,68,26.4,36,5.72,0.0,0.0,,10.1
14/07/2024,0,39,14.7,89,1.49,0.0,0.0,,12.9
14/07/2024,1,29,13.9,92,1.53,0.0,0.0,,12.6
14/07/2024,2,28,14.1,92,0.54,0.0,0.0,,12.8
14/07/2024,3,18,13.9,89,1.94,0.0,0.0,,12.2
14/07/2024,4,14,13.0,92,1.26,0.0,0.0,,11.8
14/07/2024,5,11,12.0,96,1.8,0.0,0.0,,11.4
14/07/2024,6,11,13.0,95,0.36,0.0,0.0,,12.2
14/07/2024,7,14,12.7,98,1.08,0.0,0.0,,12.4
14/07/2024,8,23,14.4,90,0.72,0.0,0.0,,12.8
14/07/2024,9,37,16.5,81,0.51,0.0,0.0,,13.3
14/07/2024,10,58,18.2,74,0.14,0.0,0.0,,13.6
14/07/2024,11,68,20.0,65,0.71,0.0,0.0,,13.1
14/07/2024,12,82,21.1,57,1.39,0.0,0.0,,12.2
14/07/2024,13,74,21.4,52,2.13,0.0,0.0,,11.2
14/07/2024,14,81,21.1,52,1.66,0.0,0.0,,10.9
14/07/2024,15,90,21.7,50,2.15,0.0,0.0,,10.9
14/07/2024,16,94,21.6,50,1.9,0.0,0.0,,10.9
14/07/2024,17,94,22.0,49,2.2,0.0,0.0,,10.9
14/07/2024,18,100,22.5,46,2.44,0.0,0.0,,10.4
14/07/2024,19,94,22.6,46,2.42,0.0,0.0,,10.4
14/07/2024,20,92,22.2,49,2.51,0.0,0.0,,11.0
14/07/2024,21,68,20.2,63,1.66,0.0,0.0,,13.0
14/07/2024,22,62,17.0,76,2.59,0.0,0.0,,12.8
14/07/2024,23,49,15.9,81,2.25,0.0,0.0,,12.6
14/08/2023,0,19,16.4,87,2.31,0.0,0.0,,14.3
14/08/2023,1,12,15.9,89,1.87,0.0,0.0,,14.1
14/08/2023,2,7,16.5,84,1.5,0.0,0.0,,13.6
14/08/2023,3,5,15.1,89,2.19,0.0,0.0,,13.2
14/08/2023,4,4,15.4,86,1.84,0.0,0.0,,13.1
14/08/2023,5,6,15.2,86,1.86,0.0,0.0,,12.8
14/08/2023,6,11,15.5,84,1.89,0.0,0.0,,12.9
14/08/2023,7,24,14.9,88,1.84,0.0,0.0,,12.9
14/08/2023,8,50,16.5,83,2.8,0.0,0.0,,13.6
14/08/2023,9,54,18.3,79,1.84,0.0,0.0,,14.6
14/08/2023,10,44,20.4,74,2.64,0.0,0.0,,15.6
14/08/2023,11,50,21.9,69,2.66,0.0,0.0,,15.9
14/08/2023,12,57,23.2,68,2.95,0.0,0.0,,16.9
14/08/2023,13,56,24.2,66,2.18,0.0,0.0,,17.5
14/08/2023,14,63,26.2,56,3.81,0.0,0.0,,16.8
14/08/2023,15,65,26.4,58,3.91,0.0,0.0,,17.3
14/08/2023,16,75,27.0,56,4.4,0.0,0.0,,17.4
14/08/2023,17,81,26.8,57,4.86,0.0,0.0,,17.5
14/08/2023,18,93,25.5,58,5.38,0.0,0.0,,16.8
14/08/2023,19,66,24.6,57,4.55,0.0,0.0,,15.5
14/08/2023,20,53,23.0,65,2.55,0.0,0.0,,16.1
14/08/2023,21,40,21.2,73,2.22,0.0,0.0,,16.2
14/08/2023,22,28,19.9,83,3.9,0.0,0.0,,16.8
14/08/2023,23,24,19.8,81,2.37,0.0,0.0,,16.4
14/08/2024,0,29,21.7,85,2.2,2.7,0.0,,19.1
14/08/2024,1,17,20.5,89,2.16,8.9,0.0,,18.7
14/08/2024,2,12,19.9,91,2.0,3.9,0.0,,18.4
14/08/2024,3,6,20.8,87,1.84,0.1,0.0,,18.5
14/08/2024,4,6,20.2,89,1.84,0.3,0.0,,18.4
14/08/2024,5,8,19.9,86,1.49,0.1,0.0,,17.5
14/08/2024,6,14,19.5,87,1.68,0.1,0.0,,17.4
14/08/2024,7,33,19.1,90,0.57,0.1,0.0,,17.4
14/08/2024,8,70,19.4,88,0.64,0.1,0.0,,17.4
14/08/2024,9,79,19.8,88,0.3,0.0,0.0,,17.7
14/08/2024,10,47,20.6,83,0.58,0.0,0.0,,17.7
14/08/2024,11,50,21.8,76,0.54,0.1,0.0,,17.3
14/08/2024,12,61,22.5,71,0.64,0.2,0.0,,17.0
14/08/2024,13,59,23.9,65,1.24,0.4,0.0,,16.8
14/08/2024,14,59,24.5,63,1.17,0.4,0.0,,16.9
14/08/2024,15,61,25.2,65,0.32,0.0,0.0,,18.1
14/08/2024,16,68,25.9,60,0.92,0.0,0.0,,17.4
14/08/2024,17,93,25.8,58,1.58,0.0,0.0,,16.9
14/08/2024,18,112,24.8,62,2.66,1.0,0.0,,17.0
14/08/2024,19,98,24.7,61,2.69,0.0,0.0,,16.8
14/08/2024,20,71,23.4,67,2.94,0.1,0.0,,16.8
14/08/2024,21,53,22.5,72,1.41,0.0,0.0,,17.2
14/08/2024,22,44,21.1,80,1.43,0.0,0.0,,17.5
14/08/2024,23,38,20.7,81,2.33,0.0,0.0,,17.4
14/09/2023,0,44,18.6,82,0.36,0.0,0.0,,15.6
14/09/2023,1,22,16.9,93,1.34,0.0,0.0,,15.7
14/09/2023,2,11,16.4,94,0.92,0.0,0.0,,15.3
14/09/2023,3,7,16.2,96,0.51,0.0,0.0,,15.6
14/09/2023,4,5,14.0,100,1.39,0.0,0.0,,14.0
14/09/2023,5,9,13.9,100,1.25,0.0,0.0,,13.9
14/09/2023,6,24,13.5,100,1.4,0.0,0.0,,13.5
14/09/2023,7,101,13.3,100,1.36,0.0,0.0,,13.3
14/09/2023,8,328,13.4,100,0.92,0.0,0.0,,13.4
14/09/2023,9,269,14.8,98,0.36,0.0,0.0,,14.4
14/09/2023,10,111,16.8,91,0.14,0.0,0.0,,15.2
14/09/2023,11,93,19.4,78,0.3,0.0,0.0,,15.5
14/09/2023,12,119,21.5,64,0.85,0.0,0.0,,14.4
14/09/2023,13,112,22.8,51,1.35,0.0,0.0,,12.1
14/09/2023,14,106,22.6,61,1.84,0.0,0.0,,14.7
14/09/2023,15,107,22.9,60,1.75,0.1,0.0,,14.7
14/09/2023,16,133,23.1,59,1.25,0.0,0.0,,14.7
14/09/2023,17,218,23.4,57,1.06,0.0,0.0,,14.4
14/09/2023,18,309,23.3,56,1.12,0.0,0.0,,13.9
14/09/2023,19,283,22.9,58,1.32,0.0,0.0,,14.1
14/09/2023,20,179,21.0,69,1.41,0.0,0.0,,15.2
14/09/2023,21,99,19.4,75,1.7,0.0,0.0,,14.9
14/09/2023,22,85,18.6,77,1.48,0.0,0.0,,14.6
14/09/2023,23,107,17.5,82,2.08,0.0,0.0,,14.4
14/09/2024,0,47,9.9,90,2.25,0.0,0.0,,8.3
14/09/2024,1,32,9.1,93,2.15,0.0,0.0,,8.0
14/09/2024,2,29,8.6,94,2.01,0.0,0.0,,7.7
14/09/2024,3,19,8.4,95,1.77,0.0,0.0,,7.7
14/09/2024,4,12,7.6,97,2.06,0.0,0.0,,7.2
14/09/2024,5,11,7.2,98,1.75,0.0,0.0,,6.9
14/09/2024,6,12,6.8,98,1.79,0.0,0.0,,6.6
14/09/2024,7,19,6.0,99,2.38,0.0,0.0,,5.8
14/09/2024,8,36,6.7,98,1.49,0.0,0.0,,6.4
14/09/2024,9,63,8.9,91,1.04,0.0,0.0,,7.6
14/09/2024,10,81,11.1,83,0.92,0.0,0.0,,8.4
14/09/2024,11,93,13.3,75,1.58,0.0,0.0,,8.9
14/09/2024,12,110,15.0,62,2.33,0.0,0.0,,7.8
14/09/2024,13,111,15.9,54,2.52,0.0,0.0,,6.8
14/09/2024,14,116,16.5,50,2.64,0.0,0.0,,5.9
14/09/2024,15,126,16.5,48,2.75,0.0,0.0,,5.6
14/09/2024,16,138,16.4,49,2.84,0.0,0.0,,5.6
14/09/2024,17,137,16.2,49,2.62,0.0,0.0,,5.4
14/09/2024,18,138,16.2,48,2.62,0.0,0.0,,5.2
14/09/2024,19,132,15.7,52,2.06,0.0,0.0,,5.9
14/09/2024,20,101,12.6,69,2.19,0.0,0.0,,7.1
14/09/2024,21,68,10.9,76,2.91,0.0,0.0,,6.8
14/09/2024,22,57,10.0,80,2.97,0.0,0.0,,6.7
14/09/2024,23,62,9.6,81,2.48,0.0,0.0,,6.6
14/10/2023,0,56,18.7,74,8.73,0.2,0.0,,14.1
14/10/2023,1,41,18.0,77,8.16,0.1,0.0,,14.0
14/10/2023,2,34,17.4,84,8.05,0.5,0.0,,14.6
14/10/2023,3,17,16.6,87,7.24,0.3,0.0,,14.5
14/10/2023,4,14,14.6,82,6.41,0.0,0.0,,11.6
14/10/2023,5,12,13.6,80,5.92,0.0,0.0,,10.3
14/10/2023,6,12,12.9,80,5.25,0.0,0.0,,9.6
14/10/2023,7,21,11.6,85,3.58,0.0,0.0,,9.1
14/10/2023,8,47,10.6,87,2.64,0.0,0.0,,8.6
14/10/2023,9,77,11.1,83,2.53,0.0,0.0,,8.4
14/10/2023,10,96,12.8,73,2.9,0.0,0.0,,8.1
14/10/2023,11,112,14.2,63,4.0,0.0,0.0,,7.2
14/10/2023,12,133,15.2,52,5.32,0.0,0.0,,5.5
14/10/2023,13,118,15.3,50,5.59,0.0,0.0,,4.8
14/10/2023,14,111,14.9,62,4.24,0.0,0.0,,7.6
14/10/2023,15,135,15.1,60,4.43,0.0,0.0,,7.4
14/10/2023,16,140,13.4,72,5.06,0.4,0.0,,8.6
14/10/2023,17,138,13.4,74,4.06,0.0,0.0,,8.8
14/10/2023,18,147,13.1,71,4.78,0.1,0.0,,7.9
14/10/2023,19,128,12.6,74,3.13,0.0,0.0,,8.1
14/10/2023,20,99,12.4,74,3.23,0.0,0.0,,8.0
14/10/2023,21,63,12.4,74,3.1,0.0,0.0,,7.9
14/10/2023,22,51,12.1,75,2.82,0.0,0.0,,7.7
14/10/2023,23,62,10.2,84,2.14,0.0,0.0,,7.6
14/10/2024,0,17,10.8,72,2.91,0.0,0.0,,6.1
14/10/2024,1,10,10.6,77,1.59,0.0,0.0,,6.7
14/10/2024,2,7,11.0,76,1.95,0.0,0.0,,7.0
14/10/2024,3,4,10.6,78,2.16,0.0,0.0,,6.9
14/10/2024,4,4,10.9,77,2.57,0.0,0.0,,7.1
14/10/2024,5,8,10.8,80,2.23,0.0,0.0,,7.4
14/10/2024,6,21,10.4,83,2.74,0.0,0.0,,7.8
14/10/2024,7,72,10.2,87,2.91,0.0,0.0,,8.1
14/10/2024,8,254,9.8,92,3.42,0.0,0.0,,8.6
14/10/2024,9,225,10.5,92,3.68,0.0,0.0,,9.3
14/10/2024,10,81,12.6,89,3.06,0.0,0.0,,10.8
14/10/2024,11,71,15.4,84,2.2,0.1,0.0,,12.7
14/10/2024,12,96,18.4,80,2.83,0.0,0.0,,14.9
14/10/2024,13,99,20.4,75,4.72,0.0,0.0,,15.9
14/10/2024,14,92,21.4,70,4.96,0.0,0.0,,15.8
14/10/2024,15,84,18.5,75,4.51,0.1,0.0,,14.0
14/10/2024,16,100,18.0,75,3.91,0.0,0.0,,13.6
14/10/2024,17,169,17.8,74,3.22,0.0,0.0,,13.1
14/10/2024,18,261,17.4,77,1.39,0.0,0.0,,13.4
14/10/2024,19,214,17.0,79,0.82,0.0,0.0,,13.3
14/10/2024,20,121,16.1,83,1.54,0.0,0.0,,13.3
14/10/2024,21,69,15.8,85,2.62,0.0,0.0,,13.3
14/10/2024,22,58,15.4,87,2.31,0.0,0.0,,13.3
14/10/2024,23,43,15.1,89,1.82,0.0,0.0,,13.3
14/11/2023,0,20,11.3,82,5.33,0.0,0.0,,8.3
14/11/2023,1,9,11.1,82,5.41,0.0,0.0,,8.1
14/11/2023,2,6,10.7,82,5.01,0.0,0.0,,7.8
14/11/2023,3,3,10.6,83,5.41,0.0,0.0,,7.8
14/11/2023,4,3,10.8,80,5.68,0.0,0.0,,7.4
14/11/2023,5,7,10.9,78,5.61,0.0,0.0,,7.3
14/11/2023,6,20,11.1,77,5.38,0.0,0.0,,7.2
14/11/2023,7,87,11.4,78,5.6,0.0,0.0,,7.7
14/11/2023,8,297,11.1,83,5.12,0.0,0.0,,8.3
14/11/2023,9,244,11.1,87,5.52,0.0,0.0,,8.9
14/11/2023,10,79,12.1,85,6.37,0.0,0.0,,9.7
14/11/2023,11,58,13.1,84,6.72,0.0,0.0,,10.4
14/11/2023,12,73,13.2,82,6.94,0.2,0.0,,10.2
14/11/2023,13,79,13.2,79,7.31,0.2,0.0,,9.6
14/11/2023,14,71,13.2,77,7.34,0.1,0.0,,9.3
14/11/2023,15,70,12.4,88,7.02,0.6,0.0,,10.6
14/11/2023,16,94,12.6,83,8.11,0.2,0.0,,9.8
14/11/2023,17,168,12.9,82,7.92,0.9,0.0,,9.9
14/11/2023,18,264,12.2,88,7.31,0.3,0.0,,10.2
14/11/2023,19,235,11.6,83,6.9,0.0,0.0,,8.9
14/11/2023,20,128,11.1,84,6.81,0.0,0.0,,8.6
14/11/2023,21,72,10.7,85,6.63,0.0,0.0,,8.3
14/11/2023,22,66,10.4,86,6.15,0.0,0.0,,8.1
14/11/2023,23,55,10.2,86,5.79,0.0,0.0,,8.0
14/11/2024,0,28,5.2,90,1.49,0.0,0.0,,3.7
14/11/2024,1,15,4.6,92,1.17,0.0,0.0,,3.5
14/11/2024,2,9,4.2,94,1.0,0.0,0.0,,3.3
14/11/2024,3,5,6.4,92,1.15,0.0,0.0,,5.2
14/11/2024,4,4,6.7,92,0.92,0.0,0.0,,5.4
14/11/2024,5,9,5.9,94,0.96,0.0,0.0,,5.1
14/11/2024,6,19,5.8,95,0.81,0.0,0.0,,5.0
14/11/2024,7,74,5.3,96,0.81,0.0,0.0,,4.8
14/11/2024,8,255,5.4,96,1.05,0.0,0.0,,4.8
14/11/2024,9,222,6.2,95,1.21,0.0,0.0,,5.4
14/11/2024,10,90,6.8,94,1.06,0.0,0.0,,5.9
14/11/2024,11,76,7.7,92,1.15,0.0,0.0,,6.6
14/11/2024,12,102,8.9,88,0.81,0.0,0.0,,7.2
14/11/2024,13,105,9.7,87,0.81,0.0,0.0,,7.6
14/11/2024,14,94,11.3,80,1.98,0.0,0.0,,8.0
14/11/2024,15,86,12.2,73,1.95,0.0,0.0,,7.6
14/11/2024,16,106,12.4,69,2.0,0.0,0.0,,6.8
14/11/2024,17,167,12.1,73,0.85,0.0,0.0,,7.3
14/11/2024,18,242,10.8,80,1.22,0.0,0.0,,7.4
14/11/2024,19,217,10.1,83,1.35,0.0,0.0,,7.3
14/11/2024,20,128,9.7,86,1.37,0.0,0.0,,7.4
14/11/2024,21,76,9.2,88,1.37,0.0,0.0,,7.2
14/11/2024,22,70,9.4,88,1.57,0.0,0.0,,7.6
14/11/2024,23,62,9.6,90,1.49,0.0,0.0,,8.1
14/12/2023,0,33,6.7,91,4.43,0.2,0.0,,5.3
14/12/2023,1,17,7.5,90,5.28,0.8,0.0,,5.9
14/12/2023,2,9,7.9,88,6.02,0.2,0.0,,6.1
14/12/2023,3,5,8.1,86,6.22,0.0,0.0,,5.8
14/12/2023,4,4,7.9,86,5.94,0.0,0.0,,5.8
14/12/2023,5,7,7.9,85,5.46,0.0,0.0,,5.7
14/12/2023,6,19,7.8,86,5.24,0.0,0.0,,5.6
14/12/2023,7,72,7.9,84,5.62,0.0,0.0,,5.3
14/12/2023,8,246,7.6,84,4.76,0.0,0.0,,4.9
14/12/2023,9,225,7.0,86,4.1,0.0,0.0,,4.8
14/12/2023,10,86,6.9,86,4.33,0.0,0.0,,4.8
14/12/2023,11,74,7.5,83,4.76,0.0,0.0,,4.8
14/12/2023,12,99,7.8,80,4.9,0.0,0.0,,4.6
14/12/2023,13,96,8.1,76,4.92,0.0,0.0,,4.2
14/12/2023,14,91,8.4,71,4.88,0.0,0.0,,3.4
14/12/2023,15,85,7.8,74,4.34,0.0,0.0,,3.5
14/12/2023,16,106,7.5,76,3.54,0.0,0.0,,3.5
14/12/2023,17,163,7.3,79,2.35,0.0,0.0,,3.9
14/12/2023,18,235,6.9,83,1.7,0.0,0.0,,4.2
14/12/2023,19,218,6.8,84,1.61,0.0,0.0,,4.3
14/12/2023,20,126,6.8,84,2.19,0.0,0.0,,4.2
14/12/2023,21,76,6.8,83,2.55,0.1,0.0,,4.1
14/12/2023,22,73,6.8,83,2.47,0.0,0.0,,4.2
14/12/2023,23,63,6.9,84,2.14,0.0,0.0,,4.4
14/12/2024,0,37,-0.4,99,0.55,0.0,0.0,,-0.6
14/12/2024,1,27,-0.5,99,0.11,0.0,0.0,,-0.6
14/12/2024,2,25,-0.7,100,0.18,0.0,0.0,,-0.7
14/12/2024,3,14,0.1,100,0.47,0.0,0.0,,0.1
14/12/2024,4,11,-0.3,100,0.51,0.0,0.0,,-0.3
14/12/2024,5,9,-0.2,100,0.76,0.0,0.0,,-0.3
14/12/2024,6,9,-0.2,98,0.92,0.0,0.0,,-0.6
14/12/2024,7,14,-0.2,97,0.6,0.0,0.0,,-0.6
14/12/2024,8,29,-0.4,98,0.83,0.0,0.0,,-0.6
14/12/2024,9,48,-0.4,99,1.0,0.0,0.0,,-0.6
14/12/2024,10,63,-0.4,100,1.01,0.0,0.0,,-0.5
14/12/2024,11,74,-0.2,99,1.4,0.0,0.0,,-0.3
14/12/2024,12,87,0.5,97,1.56,0.0,0.0,,0.1
14/12/2024,13,84,2.0,90,1.72,0.0,0.0,,0.5
14/12/2024,14,83,3.0,87,1.01,0.0,0.0,,1.0
14/12/2024,15,90,3.6,86,1.79,0.0,0.0,,1.5
14/12/2024,16,90,4.1,85,1.39,0.0,0.0,,1.9
14/12/2024,17,84,4.3,87,1.84,0.0,0.0,,2.2
14/12/2024,18,80,4.6,87,2.24,0.0,0.0,,2.7
14/12/2024,19,84,4.8,88,2.56,0.0,0.0,,3.0
14/12/2024,20,68,4.9,90,2.8,0.0,0.0,,3.3
14/12/2024,21,46,4.8,91,2.57,0.0,0.0,,3.5
14/12/2024,22,40,4.4,93,2.5,0.0,0.0,,3.3
14/12/2024,23,35,4.3,92,2.72,0.0,0.0,,3.0
15/01/2023,0,18,9.6,90,5.46,0.9,0.0,,7.9
15/01/2023,1,16,8.4,88,5.25,0.5,0.0,,6.5
15/01/2023,2,19,7.4,89,4.91,0.6,0.0,,5.8
15/01/2023,3,11,7.3,88,5.25,0.3,0.0,,5.5
15/01/2023,4,8,7.1,88,5.76,0.3,0.0,,5.2
15/01/2023,5,6,6.7,87,6.69,0.4,0.0,,4.7
15/01/2023,6,6,6.5,85,6.28,0.1,0.0,,4.2
15/01/2023,7,7,6.2,83,6.33,0.0,0.0,,3.5
15/01/2023,8,17,5.8,82,6.39,0.0,0.0,,2.8
15/01/2023,9,37,5.5,80,6.49,0.0,0.0,,2.3
15/01/2023,10,59,4.9,80,6.76,0.0,0.0,,1.8
15/01/2023,11,75,5.4,78,7.49,0.0,0.0,,1.9
15/01/2023,12,94,6.6,72,7.31,0.0,0.0,,2.0
15/01/2023,13,88,7.4,66,8.58,0.0,0.0,,1.5
15/01/2023,14,91,7.8,66,9.89,0.0,0.0,,1.8
15/01/2023,15,104,8.6,61,9.35,0.0,0.0,,1.4
15/01/2023,16,108,8.6,60,8.34,0.0,0.0,,1.3
15/01/2023,17,96,8.2,64,7.86,0.0,0.0,,1.9
15/01/2023,18,85,7.4,68,7.5,0.0,0.0,,2.0
15/01/2023,19,72,7.0,70,7.64,0.0,0.0,,1.9
15/01/2023,20,48,6.8,71,7.28,0.0,0.0,,1.8
15/01/2023,21,34,6.7,72,7.07,0.0,0.0,,2.0
15/01/2023,22,27,6.4,74,6.67,0.0,0.0,,2.2
15/01/2023,23,18,6.2,77,6.96,0.0,0.0,,2.5
15/01/2024,0,9,0.2,82,2.96,0.0,0.0,,-2.5
15/01/2024,1,6,-0.7,89,2.53,0.0,0.0,,-2.2
15/01/2024,2,4,-1.5,92,2.38,0.0,0.0,,-2.7
15/01/2024,3,3,0.4,84,2.97,0.0,0.0,,-2.0
15/01/2024,4,3,0.6,86,2.4,0.0,0.0,,-1.4
15/01/2024,5,6,0.3,91,2.43,0.2,0.07,,-1.0
15/01/2024,6,15,0.9,89,3.14,0.1,0.07,,-0.8
15/01/2024,7,53,1.4,86,3.91,0.0,0.0,,-0.6
15/01/2024,8,190,1.6,87,3.71,0.0,0.0,,-0.4
15/01/2024,9,169,1.7,87,3.6,0.0,0.0,,-0.2
15/01/2024,10,58,1.8,88,3.45,0.0,0.0,,0.1
15/01/2024,11,46,2.2,88,3.49,0.0,0.0,,0.5
15/01/2024,12,63,3.2,78,3.36,0.0,0.0,,-0.3
15/01/2024,13,68,4.1,66,3.97,0.0,0.0,,-1.7
15/01/2024,14,61,4.6,55,4.9,0.0,0.0,,-3.7
15/01/2024,15,57,4.5,53,4.78,0.0,0.0,,-4.3
15/01/2024,16,71,4.4,48,4.64,0.0,0.0,,-5.6
15/01/2024,17,118,4.2,51,3.78,0.0,0.0,,-5.2
15/01/2024,18,185,2.4,58,2.3,0.0,0.0,,-4.9
15/01/2024,19,159,-0.1,70,2.55,0.0,0.0,,-4.8
15/01/2024,20,83,-1.8,78,3.11,0.0,0.0,,-5.1
15/01/2024,21,46,-2.5,82,2.78,0.0,0.0,,-5.2
15/01/2024,22,41,-2.8,84,2.57,0.0,0.0,,-5.1
15/01/2024,23,26,-3.4,87,2.53,0.0,0.0,,-5.2
15/02/2023,0,26,1.5,94,3.05,0.0,0.0,,0.6
15/02/2023,1,10,0.9,95,2.98,0.0,0.0,,0.2
15/02/2023,2,5,1.9,93,2.33,0.0,0.0,,0.9
15/02/2023,3,3,1.1,94,2.33,0.0,0.0,,0.3
15/02/2023,4,3,0.2,96,2.55,0.0,0.0,,-0.3
15/02/2023,5,5,-0.4,99,2.6,0.0,0.0,,-0.6
15/02/2023,6,16,-0.2,100,2.02,0.0,0.0,,-0.2
15/02/2023,7,68,-1.4,100,2.43,0.0,0.0,,-1.4
15/02/2023,8,243,-1.6,99,2.24,0.0,0.0,,-1.8
15/02/2023,9,220,-1.4,98,1.93,0.0,0.0,,-1.6
15/02/2023,10,84,0.7,94,2.47,0.0,0.0,,-0.2
15/02/2023,11,70,3.5,86,1.97,0.0,0.0,,1.4
15/02/2023,12,97,6.7,77,1.65,0.0,0.0,,2.9
15/02/2023,13,95,9.1,72,1.7,0.0,0.0,,4.2
15/02/2023,14,89,9.6,73,0.81,0.0,0.0,,4.9
15/02/2023,15,79,11.7,68,1.3,0.0,0.0,,5.9
15/02/2023,16,92,12.8,64,1.81,0.0,0.0,,6.1
15/02/2023,17,147,12.6,62,2.32,0.0,0.0,,5.6
15/02/2023,18,234,11.2,71,2.31,0.0,0.0,,6.1
15/02/2023,19,223,8.8,78,2.41,0.0,0.0,,5.2
15/02/2023,20,123,6.5,83,2.6,0.0,0.0,,3.8
15/02/2023,21,67,5.4,84,2.53,0.0,0.0,,3.0
15/02/2023,22,66,4.9,84,2.56,0.0,0.0,,2.5
15/02/2023,23,55,4.2,85,2.42,0.0,0.0,,2.0
15/02/2024,0,31,10.4,90,3.31,0.0,0.0,,8.9
15/02/2024,1,15,10.2,89,3.21,0.0,0.0,,8.6
15/02/2024,2,9,10.7,86,3.45,0.0,0.0,,8.4
15/02/2024,3,5,11.4,89,3.44,0.7,0.0,,9.6
15/02/2024,4,5,10.8,90,2.89,2.7,0.0,,9.2
15/02/2024,5,9,10.4,90,3.14,0.1,0.0,,8.9
15/02/2024,6,18,10.2,89,3.38,0.0,0.0,,8.5
15/02/2024,7,52,9.8,90,3.08,0.0,0.0,,8.2
15/02/2024,8,176,9.1,92,2.59,0.0,0.0,,7.8
15/02/2024,9,185,8.5,92,2.34,0.0,0.0,,7.3
15/02/2024,10,78,8.9,89,3.33,0.0,0.0,,7.2
15/02/2024,11,63,10.4,86,3.68,0.0,0.0,,8.2
15/02/2024,12,83,12.2,79,3.97,0.0,0.0,,8.6
15/02/2024,13,83,13.1,75,4.02,0.0,0.0,,8.8
15/02/2024,14,82,14.6,70,3.99,0.0,0.0,,9.2
15/02/2024,15,76,16.7,64,4.03,0.0,0.0,,9.9
15/02/2024,16,90,17.1,64,4.02,0.0,0.0,,10.2
15/02/2024,17,136,17.0,66,4.0,0.0,0.0,,10.6
15/02/2024,18,201,16.5,69,3.62,0.0,0.0,,10.8
15/02/2024,19,191,15.1,72,3.26,0.0,0.0,,10.1
15/02/2024,20,107,13.9,76,2.57,0.0,0.0,,9.7
15/02/2024,21,69,12.7,81,2.61,0.0,0.0,,9.6
15/02/2024,22,62,12.9,80,2.86,0.2,0.0,,9.5
15/02/2024,23,59,12.1,83,2.66,1.2,0.0,,9.3
15/03/2023,0,21,2.3,94,1.82,0.0,0.0,,1.5
15/03/2023,1,9,2.2,93,2.24,0.0,0.0,,1.3
15/03/2023,2,5,2.7,91,2.25,0.0,0.0,,1.3
15/03/2023,3,4,2.5,90,2.64,0.0,0.0,,1.1
15/03/2023,4,3,2.8,90,2.86,0.0,0.0,,1.3
15/03/2023,5,7,2.4,90,2.64,0.0,0.0,,1.0
15/03/2023,6,18,2.1,91,2.59,0.0,0.0,,0.8
15/03/2023,7,80,2.2,92,2.51,0.0,0.0,,0.9
15/03/2023,8,256,1.8,93,2.15,0.0,0.0,,0.7
15/03/2023,9,217,2.8,90,2.6,0.0,0.0,,1.3
15/03/2023,10,84,5.1,83,2.19,0.0,0.0,,2.4
15/03/2023,11,74,7.0,76,2.28,0.0,0.0,,3.2
15/03/2023,12,104,8.2,70,3.11,0.1,0.0,,3.0
15/03/2023,13,104,9.3,65,2.43,0.1,0.0,,3.0
15/03/2023,14,97,10.4,49,2.61,0.0,0.0,,0.1
15/03/2023,15,86,10.6,48,2.86,0.0,0.0,,-0.1
15/03/2023,16,97,10.8,48,2.78,0.0,0.0,,0.3
15/03/2023,17,149,10.8,49,2.48,0.0,0.0,,0.5
15/03/2023,18,243,10.6,51,2.55,0.0,0.0,,0.9
15/03/2023,19,233,10.2,56,2.2,0.0,0.0,,1.8
15/03/2023,20,125,8.3,65,1.75,0.0,0.0,,2.1
15/03/2023,21,68,7.6,70,2.28,0.0,0.0,,2.4
15/03/2023,22,65,7.3,70,1.93,0.0,0.0,,2.2
15/03/2023,23,56,7.4,67,2.64,0.0,0.0,,1.7
15/03/2024,0,34,11.9,86,4.17,0.0,0.0,,9.6
15/03/2024,1,19,11.6,87,4.33,0.0,0.0,,9.5
15/03/2024,2,11,11.4,87,4.19,1.0,0.0,,9.4
15/03/2024,3,5,12.5,86,5.31,0.0,0.0,,10.2
15/03/2024,4,6,12.6,86,5.37,0.0,0.0,,10.3
15/03/2024,5,9,12.3,87,5.02,0.0,0.0,,10.2
15/03/2024,6,18,12.4,87,4.88,0.0,0.0,,10.2
15/03/2024,7,58,11.4,91,4.53,0.0,0.0,,10.1
15/03/2024,8,166,11.9,90,4.81,0.0,0.0,,10.4
15/03/2024,9,145,11.9,89,5.02,0.0,0.0,,10.1
15/03/2024,10,68,12.4,86,5.17,0.1,0.0,,10.1
15/03/2024,11,65,13.6,79,7.36,0.0,0.0,,10.1
15/03/2024,12,88,14.5,76,6.93,0.0,0.0,,10.4
15/03/2024,13,75,14.1,79,7.43,2.3,0.0,,10.6
15/03/2024,14,72,14.4,74,8.02,2.3,0.0,,9.8
15/03/2024,15,73,14.4,75,6.91,1.1,0.0,,10.1
15/03/2024,16,93,15.6,74,6.24,0.2,0.0,,10.9
15/03/2024,17,134,16.1,67,6.0,0.1,0.0,,9.9
15/03/2024,18,173,13.9,75,6.41,1.4,0.0,,9.5
15/03/2024,19,137,13.9,74,4.83,0.0,0.0,,9.4
15/03/2024,20,85,13.3,74,5.54,0.0,0.0,,8.7
15/03/2024,21,40,12.2,80,5.02,0.0,0.0,,8.9
15/03/2024,22,43,11.9,82,4.92,0.4,0.0,,8.9
15/03/2024,23,42,11.1,87,5.38,0.6,0.0,,9.1
15/04/2023,0,36,6.5,96,1.72,0.0,0.0,,5.9
15/04/2023,1,25,6.9,96,1.43,0.0,0.0,,6.4
15/04/2023,2,22,7.2,95,2.3,0.0,0.0,,6.5
15/04/2023,3,10,7.2,97,2.01,2.6,0.0,,6.8
15/04/2023,4,7,7.3,96,1.75,2.4,0.0,,6.7
15/04/2023,5,6,7.8,95,3.5,0.9,0.0,,7.1
15/04/2023,6,8,7.7,94,5.92,0.3,0.0,,6.8
15/04/2023,7,12,7.6,91,6.53,0.1,0.0,,6.3
15/04/2023,8,26,7.5,92,6.36,0.2,0.0,,6.3
15/04/2023,9,39,7.7,91,6.4,0.6,0.0,,6.3
15/04/2023,10,46,7.8,90,5.81,1.1,0.0,,6.3
15/04/2023,11,57,8.1,91,5.46,0.5,0.0,,6.7
15/04/2023,12,73,8.9,87,5.05,0.1,0.0,,6.8
15/04/2023,13,78,10.4,77,5.85,0.1,0.0,,6.4
15/04/2023,14,78,9.5,85,4.22,0.1,0.0,,7.1
15/04/2023,15,90,10.7,75,5.15,0.0,0.0,,6.4
15/04/2023,16,99,12.0,66,5.6,0.0,0.0,,5.9
15/04/2023,17,105,12.8,65,5.17,0.2,0.0,,6.3
15/04/2023,18,117,12.3,69,4.36,0.0,0.0,,6.8
15/04/2023,19,122,12.8,63,4.29,0.0,0.0,,5.9
15/04/2023,20,92,11.3,71,4.13,0.0,0.0,,6.3
15/04/2023,21,55,9.6,82,3.34,0.0,0.0,,6.7
15/04/2023,22,47,8.3,91,3.47,0.0,0.0,,6.8
15/04/2023,23,49,7.3,91,2.83,0.0,0.0,,5.9
15/04/2024,0,18,11.9,68,4.0,0.0,0.0,,6.2
15/04/2024,1,10,10.6,70,3.64,0.1,0.0,,5.4
15/04/2024,2,6,10.2,71,2.83,0.0,0.0,,5.2
15/04/2024,3,4,10.2,81,2.38,0.0,0.0,,7.1
15/04/2024,4,3,8.8,86,2.34,0.0,0.0,,6.7
15/04/2024,5,8,7.9,88,2.75,0.0,0.0,,6.0
15/04/2024,6,17,7.1,91,2.42,0.0,0.0,,5.8
15/04/2024,7,52,6.7,93,2.75,0.0,0.0,,5.6
15/04/2024,8,179,7.2,89,3.91,0.0,0.0,,5.4
15/04/2024,9,181,8.5,81,5.22,0.0,0.0,,5.3
15/04/2024,10,67,10.1,72,6.2,0.0,0.0,,5.3
15/04/2024,11,53,11.4,66,8.0,0.0,0.0,,5.2
15/04/2024,12,70,11.7,65,8.43,0.0,0.0,,5.2
15/04/2024,13,68,12.6,62,10.36,0.0,0.0,,5.4
15/04/2024,14,55,11.8,67,8.55,0.1,0.0,,5.9
15/04/2024,15,51,13.0,65,10.82,0.0,0.0,,6.6
15/04/2024,16,48,13.8,63,10.42,0.1,0.0,,6.9
15/04/2024,17,92,10.2,85,10.25,2.1,0.0,,7.8
15/04/2024,18,182,9.6,74,7.96,0.5,0.0,,5.2
15/04/2024,19,166,9.8,74,6.8,0.1,0.0,,5.3
15/04/2024,20,93,9.6,70,6.31,0.0,0.0,,4.5
15/04/2024,21,54,9.1,68,6.45,0.0,0.0,,3.6
15/04/2024,22,42,8.2,70,6.28,0.0,0.0,,3.2
15/04/2024,23,31,7.6,73,6.5,0.0,0.0,,3.0
15/05/2023,0,18,10.9,93,2.69,0.0,0.0,,9.9
15/05/2023,1,9,10.1,94,2.28,0.0,0.0,,9.2
15/05/2023,2,6,9.4,94,2.7,0.0,0.0,,8.6
15/05/2023,3,4,9.1,95,2.77,0.0,0.0,,8.4
15/05/2023,4,3,8.6,97,2.7,0.0,0.0,,8.1
15/05/2023,5,7,7.8,98,2.13,0.0,0.0,,7.5
15/05/2023,6,20,7.6,98,2.44,0.0,0.0,,7.3
15/05/2023,7,76,8.3,99,3.28,0.0,0.0,,8.1
15/05/2023,8,263,9.3,98,3.5,0.0,0.0,,9.0
15/05/2023,9,219,10.8,92,3.41,0.0,0.0,,9.5
15/05/2023,10,76,12.4,87,3.26,0.0,0.0,,10.2
15/05/2023,11,63,13.8,82,3.11,0.0,0.0,,10.8
15/05/2023,12,87,15.3,76,3.11,0.1,0.0,,11.1
15/05/2023,13,84,15.9,72,3.19,0.0,0.0,,10.9
15/05/2023,14,58,13.3,82,3.85,0.0,0.0,,10.4
15/05/2023,15,63,13.4,86,3.98,1.2,0.0,,11.1
15/05/2023,16,76,15.1,81,3.49,0.4,0.0,,11.9
15/05/2023,17,130,13.2,85,4.41,1.0,0.0,,10.7
15/05/2023,18,183,12.7,86,4.26,0.9,0.0,,10.4
15/05/2023,19,204,11.8,88,5.73,0.5,0.0,,9.9
15/05/2023,20,111,11.5,85,5.52,0.1,0.0,,9.1
15/05/2023,21,59,11.1,83,4.42,0.0,0.0,,8.4
15/05/2023,22,50,10.7,79,4.91,0.0,0.0,,7.2
15/05/2023,23,35,10.1,78,4.62,0.0,0.0,,6.5
15/05/2024,0,26,12.9,94,2.88,0.2,0.0,,12.0
15/05/2024,1,14,12.6,95,2.55,0.1,0.0,,11.9
15/05/2024,2,9,12.2,96,2.02,0.0,0.0,,11.6
15/05/2024,3,5,12.6,92,2.93,1.2,0.0,,11.4
15/05/2024,4,5,12.6,92,2.2,0.3,0.0,,11.4
15/05/2024,5,9,12.4,93,2.3,0.3,0.0,,11.4
15/05/2024,6,22,12.2,94,2.1,0.1,0.0,,11.3
15/05/2024,7,79,12.1,95,2.42,0.0,0.0,,11.4
15/05/2024,8,257,12.6,93,2.75,0.0,0.0,,11.4
15/05/2024,9,234,13.3,87,3.48,0.0,0.0,,11.2
15/05/2024,10,93,14.4,79,3.83,0.0,0.0,,10.8
15/05/2024,11,86,15.6,70,3.86,0.0,0.0,,10.1
15/05/2024,12,117,16.5,63,3.69,0.0,0.0,,9.4
15/05/2024,13,112,17.2,60,3.77,0.0,0.0,,9.3
15/05/2024,14,100,17.9,58,3.32,0.0,0.0,,9.5
15/05/2024,15,96,18.4,57,3.31,0.0,0.0,,9.7
15/05/2024,16,111,18.8,58,2.8,0.0,0.0,,10.4
15/05/2024,17,174,19.0,57,2.51,0.0,0.0,,10.4
15/05/2024,18,250,18.7,59,2.72,0.0,0.0,,10.6
15/05/2024,19,238,18.2,60,2.75,0.0,0.0,,10.4
15/05/2024,20,147,16.7,67,3.08,0.1,0.0,,10.6
15/05/2024,21,81,15.6,75,0.92,0.1,0.0,,11.1
15/05/2024,22,76,14.0,85,0.91,0.0,0.0,,11.5
15/05/2024,23,68,13.2,89,1.63,0.0,0.0,,11.5
15/06/2023,0,58,19.2,57,2.48,0.0,0.0,,10.6
15/06/2023,1,26,18.5,61,1.86,0.0,0.0,,10.9
15/06/2023,2,14,18.0,63,2.08,0.0,0.0,,10.9
15/06/2023,3,9,16.1,71,2.34,0.0,0.0,,10.9
15/06/2023,4,5,15.1,77,2.64,0.0,0.0,,11.0
15/06/2023,5,11,14.9,76,2.4,0.0,0.0,,10.7
15/06/2023,6,27,15.5,72,1.61,0.0,0.0,,10.4
15/06/2023,7,98,16.0,72,1.2,0.0,0.0,,10.9
15/06/2023,8,306,17.4,68,0.85,0.0,0.0,,11.4
15/06/2023,9,269,19.2,63,1.22,0.0,0.0,,12.0
15/06/2023,10,108,21.5,55,1.63,0.0,0.0,,12.1
15/06/2023,11,93,23.5,47,2.19,0.0,0.0,,11.6
15/06/2023,12,120,25.0,43,2.9,0.0,0.0,,11.5
15/06/2023,13,117,26.0,38,3.19,0.0,0.0,,10.8
15/06/2023,14,108,27.1,33,2.64,0.0,0.0,,9.4
15/06/2023,15,102,27.6,32,2.59,0.0,0.0,,9.2
15/06/2023,16,128,27.8,32,2.31,0.0,0.0,,9.4
15/06/2023,17,205,27.8,31,2.52,0.0,0.0,,9.0
15/06/2023,18,300,27.3,32,3.03,0.0,0.0,,9.1
15/06/2023,19,290,27.0,33,2.5,0.0,0.0,,9.4
15/06/2023,20,176,26.5,33,2.16,0.0,0.0,,9.0
15/06/2023,21,110,24.5,45,1.56,0.0,0.0,,11.9
15/06/2023,22,104,21.4,59,2.24,0.0,0.0,,13.1
15/06/2023,23,106,19.8,66,2.31,0.0,0.0,,13.2
15/06/2024,0,45,15.0,75,5.45,0.0,0.0,,10.6
15/06/2024,1,31,14.1,77,5.8,0.0,0.0,,10.1
15/06/2024,2,24,13.4,76,5.95,0.0,0.0,,9.4
15/06/2024,3,14,12.8,81,6.89,0.5,0.0,,9.6
15/06/2024,4,11,12.4,80,6.71,0.1,0.0,,9.1
15/06/2024,5,10,11.7,79,6.45,0.0,0.0,,8.2
15/06/2024,6,12,10.9,80,5.88,0.0,0.0,,7.6
15/06/2024,7,19,11.1,80,5.8,0.0,0.0,,7.8
15/06/2024,8,38,12.2,76,5.38,0.0,0.0,,8.1
15/06/2024,9,62,13.4,71,6.09,0.0,0.0,,8.4
15/06/2024,10,73,14.9,65,6.36,0.0,0.0,,8.4
15/06/2024,11,85,16.4,58,7.34,0.0,0.0,,7.9
15/06/2024,12,97,17.4,51,7.94,0.0,0.0,,7.2
15/06/2024,13,94,16.7,55,8.28,0.1,0.0,,7.6
15/06/2024,14,95,17.6,51,8.41,0.2,0.0,,7.2
15/06/2024,15,90,15.8,64,5.87,0.3,0.0,,8.9
15/06/2024,16,89,16.3,61,6.15,0.0,0.0,,8.8
15/06/2024,17,98,16.6,61,6.65,0.0,0.0,,9.1
15/06/2024,18,84,15.6,68,6.5,0.6,0.0,,9.8
15/06/2024,19,92,16.4,67,5.33,0.0,0.0,,10.2
15/06/2024,20,74,15.9,70,6.29,0.6,0.0,,10.5
15/06/2024,21,54,14.7,76,5.02,0.2,0.0,,10.6
15/06/2024,22,45,14.7,75,4.81,0.0,0.0,,10.2
15/06/2024,23,47,13.9,76,4.26,0.0,0.0,,9.8
15/07/2023,0,86,25.2,38,5.55,0.0,0.0,,9.9
15/07/2023,1,45,24.1,45,5.22,0.0,0.0,,11.5
15/07/2023,2,30,23.2,52,3.42,0.0,0.0,,12.9
15/07/2023,3,18,22.1,65,3.55,0.2,0.0,,15.3
15/07/2023,4,12,21.6,74,3.34,0.0,0.0,,16.8
15/07/2023,5,11,21.2,77,3.82,0.0,0.0,,17.1
15/07/2023,6,11,20.8,80,3.58,0.0,0.0,,17.1
15/07/2023,7,13,20.9,79,3.68,0.2,0.0,,17.2
15/07/2023,8,21,21.1,75,4.74,0.0,0.0,,16.5
15/07/2023,9,33,21.5,66,5.38,0.0,0.0,,14.9
15/07/2023,10,48,22.4,59,6.38,0.0,0.0,,14.1
15/07/2023,11,61,23.1,55,6.04,0.0,0.0,,13.7
15/07/2023,12,72,24.3,49,6.77,0.0,0.0,,13.1
15/07/2023,13,70,24.6,47,7.56,0.0,0.0,,12.6
15/07/2023,14,81,25.1,48,8.24,0.1,0.0,,13.2
15/07/2023,15,70,22.4,68,7.67,5.8,0.0,,16.1
15/07/2023,16,86,23.8,60,7.12,0.1,0.0,,15.5
15/07/2023,17,88,24.1,50,7.29,0.0,0.0,,12.9
15/07/2023,18,115,24.6,44,8.06,0.0,0.0,,11.7
15/07/2023,19,93,24.7,41,7.44,0.0,0.0,,10.6
15/07/2023,20,78,24.1,39,7.4,0.0,0.0,,9.2
15/07/2023,21,58,22.8,39,6.71,0.0,0.0,,8.0
15/07/2023,22,48,21.1,42,6.35,0.0,0.0,,7.8
15/07/2023,23,46,20.0,46,5.94,0.0,0.0,,8.1
15/07/2024,0,78,14.9,84,2.25,0.0,0.0,,12.3
15/07/2024,1,31,14.6,84,1.94,0.0,0.0,,11.9
15/07/2024,2,16,16.5,73,1.63,0.0,0.0,,11.6
15/07/2024,3,8,13.8,86,2.55,0.0,0.0,,11.5
15/07/2024,4,6,13.4,87,2.83,0.0,0.0,,11.2
15/07/2024,5,10,13.1,88,2.51,0.0,0.0,,11.1
15/07/2024,6,21,12.7,89,2.18,0.0,0.0,,11.0
15/07/2024,7,58,13.9,85,2.02,0.0,0.0,,11.6
15/07/2024,8,186,16.0,80,2.28,0.0,0.0,,12.6
15/07/2024,9,187,18.5,71,2.09,0.0,0.0,,13.1
15/07/2024,10,71,21.0,64,2.89,0.0,0.0,,14.0
15/07/2024,11,62,22.7,61,3.49,0.0,0.0,,14.7
15/07/2024,12,83,24.5,55,3.72,0.0,0.0,,14.8
15/07/2024,13,74,25.5,53,3.06,0.0,0.0,,15.1
15/07/2024,14,72,24.8,59,2.14,0.1,0.0,,16.2
15/07/2024,15,72,26.1,52,0.4,0.0,0.0,,15.6
15/07/2024,16,80,25.4,57,1.17,0.0,0.0,,16.1
15/07/2024,17,130,26.9,57,2.51,0.0,0.0,,17.5
15/07/2024,18,213,24.5,66,5.7,0.0,0.0,,17.6
15/07/2024,19,193,23.3,72,3.22,0.0,0.0,,17.9
15/07/2024,20,114,24.0,67,4.88,0.0,0.0,,17.5
15/07/2024,21,78,22.6,68,5.59,0.1,0.0,,16.4
15/07/2024,22,64,21.0,57,6.27,0.0,0.0,,12.2
15/07/2024,23,49,19.5,65,6.07,0.0,0.0,,12.6
15/08/2023,0,17,19.0,84,2.06,0.0,0.0,,16.4
15/08/2023,1,11,18.7,88,2.43,0.0,0.0,,16.6
15/08/2023,2,8,19.1,88,1.36,0.0,0.0,,17.1
15/08/2023,3,5,17.8,91,1.66,0.0,0.0,,16.4
15/08/2023,4,5,17.5,92,1.7,0.0,0.0,,16.1
15/08/2023,5,5,16.9,92,2.02,0.0,0.0,,15.5
15/08/2023,6,9,16.3,92,1.84,0.0,0.0,,15.1
15/08/2023,7,13,16.0,93,1.91,0.0,0.0,,14.9
15/08/2023,8,23,17.1,91,3.0,0.0,0.0,,15.6
15/08/2023,9,36,18.5,87,2.21,0.0,0.0,,16.3
15/08/2023,10,46,19.9,83,2.85,0.0,0.0,,16.8
15/08/2023,11,61,21.5,74,3.32,0.0,0.0,,16.5
15/08/2023,12,69,22.4,69,3.1,0.0,0.0,,16.4
15/08/2023,13,67,22.9,66,3.1,0.0,0.0,,16.2
15/08/2023,14,71,23.5,63,3.24,0.0,0.0,,16.0
15/08/2023,15,80,23.1,66,3.2,0.4,0.0,,16.4
15/08/2023,16,86,23.4,65,2.9,0.3,0.0,,16.5
15/08/2023,17,84,24.0,61,2.6,0.1,0.0,,16.0
15/08/2023,18,87,24.0,58,2.26,0.0,0.0,,15.2
15/08/2023,19,80,23.8,57,1.94,0.0,0.0,,14.9
15/08/2023,20,64,22.8,66,1.22,0.0,0.0,,16.1
15/08/2023,21,49,20.2,75,1.77,0.0,0.0,,15.6
15/08/2023,22,42,19.1,77,1.91,0.0,0.0,,15.0
15/08/2023,23,32,18.2,79,2.22,0.0,0.0,,14.6
15/08/2024,0,29,20.0,83,2.5,0.0,0.0,,17.1
15/08/2024,1,19,19.5,84,2.15,0.0,0.0,,16.8
15/08/2024,2,13,18.6,88,1.44,0.0,0.0,,16.6
15/08/2024,3,8,19.5,90,2.92,0.3,0.0,,17.9
15/08/2024,4,7,19.7,91,2.61,0.2,0.0,,18.2
15/08/2024,5,7,19.5,90,1.3,0.1,0.0,,17.9
15/08/2024,6,10,18.3,95,1.41,0.0,0.0,,17.5
15/08/2024,7,15,18.0,96,1.56,0.0,0.0,,17.4
15/08/2024,8,22,18.6,93,2.55,0.0,0.0,,17.5
15/08/2024,9,33,19.2,87,2.75,0.0,0.0,,17.0
15/08/2024,10,44,20.1,81,2.19,0.0,0.0,,16.9
15/08/2024,11,50,21.3,75,2.43,0.0,0.0,,16.7
15/08/2024,12,59,21.5,74,3.21,0.1,0.0,,16.6
15/08/2024,13,56,23.0,66,2.94,0.0,0.0,,16.2
15/08/2024,14,65,24.9,56,3.38,0.0,0.0,,15.4
15/08/2024,15,70,25.5,47,3.33,0.0,0.0,,13.3
15/08/2024,16,72,25.9,39,3.5,0.0,0.0,,11.1
15/08/2024,17,78,25.9,38,3.53,0.0,0.0,,10.6
15/08/2024,18,80,25.8,39,3.41,0.0,0.0,,10.9
15/08/2024,19,81,25.6,41,3.52,0.0,0.0,,11.2
15/08/2024,20,67,24.8,45,2.63,0.0,0.0,,11.9
15/08/2024,21,54,22.0,54,1.75,0.0,0.0,,12.4
15/08/2024,22,47,20.5,60,1.97,0.0,0.0,,12.4
15/08/2024,23,39,19.6,62,2.06,0.0,0.0,,12.1
15/09/2023,0,60,16.8,83,1.94,0.0,0.0,,13.9
15/09/2023,1,33,15.8,86,1.9,0.0,0.0,,13.4
15/09/2023,2,19,15.9,84,1.97,0.0,0.0,,13.2
15/09/2023,3,9,14.4,89,2.33,0.0,0.0,,12.7
15/09/2023,4,7,13.9,90,2.61,0.0,0.0,,12.3
15/09/2023,5,9,13.6,91,2.31,0.0,0.0,,12.2
15/09/2023,6,21,13.1,94,2.35,0.0,0.0,,12.1
15/09/2023,7,88,12.7,95,2.41,0.0,0.0,,11.9
15/09/2023,8,250,13.4,95,1.32,0.0,0.0,,12.6
15/09/2023,9,212,15.5,88,1.71,0.0,0.0,,13.5
15/09/2023,10,109,17.8,79,1.6,0.0,0.0,,14.1
15/09/2023,11,96,20.0,72,2.0,0.0,0.0,,14.9
15/09/2023,12,129,21.9,67,2.57,0.0,0.0,,15.4
15/09/2023,13,123,23.3,61,2.75,0.0,0.0,,15.4
15/09/2023,14,119,24.9,54,2.16,0.0,0.0,,14.9
15/09/2023,15,123,25.6,49,2.37,0.0,0.0,,14.1
15/09/2023,16,151,26.0,46,2.2,0.0,0.0,,13.4
15/09/2023,17,214,26.0,45,2.12,0.0,0.0,,13.1
15/09/2023,18,268,25.7,45,2.47,0.0,0.0,,12.9
15/09/2023,19,249,24.5,55,1.53,0.0,0.0,,14.8
15/09/2023,20,165,21.9,63,1.96,0.0,0.0,,14.4
15/09/2023,21,100,20.5,66,2.37,0.0,0.0,,13.9
15/09/2023,22,86,19.5,67,2.55,0.0,0.0,,13.2
15/09/2023,23,91,18.6,72,2.21,0.0,0.0,,13.4
15/09/2024,0,51,10.8,75,1.34,0.0,0.0,,6.5
15/09/2024,1,37,8.9,84,1.4,0.0,0.0,,6.4
15/09/2024,2,32,7.2,91,2.41,0.0,0.0,,5.9
15/09/2024,3,19,7.4,91,2.02,0.0,0.0,,6.1
15/09/2024,4,13,6.8,94,1.98,0.0,0.0,,5.8
15/09/2024,5,10,6.2,95,1.94,0.0,0.0,,5.5
15/09/2024,6,9,6.1,95,2.11,0.0,0.0,,5.3
15/09/2024,7,12,6.2,94,1.94,0.0,0.0,,5.3
15/09/2024,8,24,6.4,94,1.53,0.0,0.0,,5.6
15/09/2024,9,42,8.6,87,0.7,0.0,0.0,,6.6
15/09/2024,10,65,11.3,79,0.32,0.0,0.0,,7.7
15/09/2024,11,86,13.9,69,0.64,0.0,0.0,,8.3
15/09/2024,12,110,15.6,60,1.14,0.0,0.0,,7.8
15/09/2024,13,101,16.7,56,1.66,0.0,0.0,,7.9
15/09/2024,14,110,17.5,55,1.75,0.0,0.0,,8.2
15/09/2024,15,134,18.0,52,1.55,0.0,0.0,,8.1
15/09/2024,16,143,18.4,52,1.8,0.0,0.0,,8.2
15/09/2024,17,140,18.5,51,2.01,0.0,0.0,,8.1
15/09/2024,18,144,18.1,52,2.33,0.0,0.0,,8.1
15/09/2024,19,118,17.2,58,1.8,0.0,0.0,,8.9
15/09/2024,20,85,13.9,75,2.6,0.0,0.0,,9.5
15/09/2024,21,62,12.9,79,2.7,0.0,0.0,,9.3
15/09/2024,22,48,12.1,83,2.25,0.0,0.0,,9.3
15/09/2024,23,32,11.4,89,2.0,0.0,0.0,,9.7
15/10/2023,0,52,9.8,85,2.51,0.0,0.0,,7.4
15/10/2023,1,38,9.4,86,2.45,0.0,0.0,,7.2
15/10/2023,2,35,10.0,88,2.79,0.0,0.0,,8.1
15/10/2023,3,21,9.5,90,2.38,0.0,0.0,,8.0
15/10/2023,4,15,9.0,92,2.56,0.0,0.0,,7.8
15/10/2023,5,11,8.4,93,2.47,0.0,0.0,,7.3
15/10/2023,6,8,7.9,94,2.19,0.0,0.0,,7.1
15/10/2023,7,13,7.6,95,2.1,0.0,0.0,,6.8
15/10/2023,8,29,7.1,96,1.97,0.0,0.0,,6.4
15/10/2023,9,51,7.8,93,2.13,0.0,0.0,,6.8
15/10/2023,10,79,9.4,86,1.92,0.0,0.0,,7.2
15/10/2023,11,104,11.1,75,2.24,0.0,0.0,,6.8
15/10/2023,12,121,12.2,62,3.31,0.0,0.0,,5.2
15/10/2023,13,111,12.9,49,3.3,0.0,0.0,,2.3
15/10/2023,14,117,13.1,46,3.3,0.0,0.0,,1.6
15/10/2023,15,138,13.4,41,3.2,0.0,0.0,,0.3
15/10/2023,16,134,13.4,41,2.84,0.0,0.0,,0.2
15/10/2023,17,133,13.5,39,2.72,0.0,0.0,,-0.3
15/10/2023,18,128,12.8,42,2.56,0.0,0.0,,0.2
15/10/2023,19,120,10.6,54,1.7,0.0,0.0,,1.6
15/10/2023,20,86,9.2,59,2.28,0.0,0.0,,1.6
15/10/2023,21,42,8.6,61,2.64,0.0,0.0,,1.5
15/10/2023,22,32,7.8,64,2.41,0.0,0.0,,1.5
15/10/2023,23,79,7.2,67,2.48,0.0,0.0,,1.5
15/10/2024,0,21,13.9,92,2.04,0.0,0.0,,12.7
15/10/2024,1,11,12.1,96,2.91,0.0,0.0,,11.6
15/10/2024,2,7,12.6,96,1.93,0.0,0.0,,11.9
15/10/2024,3,4,12.0,99,1.86,0.0,0.0,,11.8
15/10/2024,4,4,11.3,99,1.72,0.0,0.0,,11.1
15/10/2024,5,8,11.1,99,1.82,0.0,0.0,,10.9
15/10/2024,6,22,10.6,99,2.38,0.0,0.0,,10.4
15/10/2024,7,81,10.6,99,1.8,0.0,0.0,,10.5
15/10/2024,8,273,10.8,98,1.91,0.0,0.0,,10.5
15/10/2024,9,243,11.9,97,2.14,0.0,0.0,,11.4
15/10/2024,10,93,13.3,93,2.86,0.0,0.0,,12.2
15/10/2024,11,79,15.5,89,3.76,0.0,0.0,,13.7
15/10/2024,12,105,17.0,87,4.3,0.0,0.0,,14.8
15/10/2024,13,104,17.6,86,4.67,0.0,0.0,,15.3
15/10/2024,14,102,18.4,83,5.23,0.0,0.0,,15.5
15/10/2024,15,92,18.2,88,4.34,0.2,0.0,,16.1
15/10/2024,16,111,19.5,82,4.73,0.0,0.0,,16.4
15/10/2024,17,182,20.0,78,4.34,0.0,0.0,,16.1
15/10/2024,18,281,19.1,84,2.81,0.0,0.0,,16.4
15/10/2024,19,231,18.3,87,4.08,0.0,0.0,,16.1
15/10/2024,20,129,18.0,88,4.76,0.0,0.0,,16.0
15/10/2024,21,80,17.6,89,4.66,0.0,0.0,,15.8
15/10/2024,22,75,17.5,87,4.34,0.0,0.0,,15.3
15/10/2024,23,59,17.3,85,3.97,0.0,0.0,,14.8
15/11/2023,0,29,10.1,86,5.61,0.0,0.0,,7.9
15/11/2023,1,12,10.1,86,5.61,0.0,0.0,,7.8
15/11/2023,2,7,9.9,87,5.32,0.0,0.0,,7.8
15/11/2023,3,4,9.9,88,4.95,0.0,0.0,,8.1
15/11/2023,4,4,9.6,88,4.88,0.0,0.0,,7.8
15/11/2023,5,7,9.4,89,4.93,0.0,0.0,,7.7
15/11/2023,6,19,9.2,90,4.71,0.0,0.0,,7.7
15/11/2023,7,85,9.1,91,4.68,0.0,0.0,,7.7
15/11/2023,8,272,9.0,91,4.84,0.0,0.0,,7.6
15/11/2023,9,251,8.8,91,4.65,0.0,0.0,,7.4
15/11/2023,10,99,9.4,89,4.78,0.0,0.0,,7.7
15/11/2023,11,84,10.9,82,5.6,0.0,0.0,,7.9
15/11/2023,12,119,11.9,78,7.08,0.0,0.0,,8.2
15/11/2023,13,114,12.1,78,6.2,0.0,0.0,,8.4
15/11/2023,14,103,12.7,72,5.85,0.0,0.0,,7.8
15/11/2023,15,96,12.6,75,5.88,0.1,0.0,,8.3
15/11/2023,16,112,12.3,75,5.41,0.1,0.0,,8.1
15/11/2023,17,174,12.1,76,4.71,0.0,0.0,,7.9
15/11/2023,18,273,11.2,79,3.58,0.0,0.0,,7.7
15/11/2023,19,248,10.2,84,2.91,0.0,0.0,,7.6
15/11/2023,20,135,10.2,84,2.56,0.0,0.0,,7.7
15/11/2023,21,75,9.2,90,2.3,0.0,0.0,,7.7
15/11/2023,22,77,8.5,92,2.39,0.0,0.0,,7.2
15/11/2023,23,66,7.9,93,2.36,0.0,0.0,,6.9
15/11/2024,0,36,9.8,92,1.77,0.0,0.0,,8.5
15/11/2024,1,21,10.0,93,2.12,0.0,0.0,,8.9
15/11/2024,2,14,9.9,93,2.18,0.0,0.0,,8.8
15/11/2024,3,7,9.9,93,2.1,0.0,0.0,,8.9
15/11/2024,4,6,9.4,93,1.72,0.0,0.0,,8.4
15/11/2024,5,9,8.9,93,1.44,0.0,0.0,,7.8
15/11/2024,6,18,8.4,93,1.54,0.0,0.0,,7.3
15/11/2024,7,66,7.8,94,1.58,0.0,0.0,,6.9
15/11/2024,8,198,7.0,96,1.21,0.0,0.0,,6.4
15/11/2024,9,170,6.5,97,1.05,0.0,0.0,,6.0
15/11/2024,10,85,6.9,95,1.28,0.0,0.0,,6.2
15/11/2024,11,78,7.8,92,0.71,0.0,0.0,,6.6
15/11/2024,12,109,9.1,85,0.72,0.0,0.0,,6.7
15/11/2024,13,103,10.1,74,1.3,0.0,0.0,,5.6
15/11/2024,14,97,10.5,64,2.05,0.0,0.0,,4.0
15/11/2024,15,92,10.2,68,1.7,0.0,0.0,,4.6
15/11/2024,16,108,10.2,67,1.4,0.0,0.0,,4.2
15/11/2024,17,158,10.0,67,1.0,0.0,0.0,,4.2
15/11/2024,18,200,9.4,77,0.46,0.0,0.0,,5.5
15/11/2024,19,179,8.6,77,0.41,0.0,0.0,,4.8
15/11/2024,20,118,7.9,80,0.74,0.0,0.0,,4.7
15/11/2024,21,74,7.6,83,1.0,0.0,0.0,,4.9
15/11/2024,22,61,7.6,85,0.93,0.0,0.0,,5.2
15/11/2024,23,59,7.4,86,0.78,0.0,0.0,,5.2
15/12/2023,0,44,7.1,85,2.39,0.0,0.0,,4.8
15/12/2023,1,28,7.2,87,2.4,0.1,0.0,,5.2
15/12/2023,2,20,7.5,88,2.56,0.1,0.0,,5.7
15/12/2023,3,9,7.3,92,2.0,0.0,0.0,,6.1
15/12/2023,4,7,7.2,94,1.55,0.0,0.0,,6.3
15/12/2023,5,8,7.4,94,2.24,0.0,0.0,,6.4
15/12/2023,6,17,7.5,94,2.47,0.0,0.0,,6.7
15/12/2023,7,62,7.1,96,2.14,0.0,0.0,,6.4
15/12/2023,8,191,6.8,97,1.8,0.0,0.0,,6.4
15/12/2023,9,177,7.2,97,1.82,0.0,0.0,,6.7
15/12/2023,10,87,7.2,96,1.84,0.0,0.0,,6.7
15/12/2023,11,81,7.6,93,1.77,0.0,0.0,,6.5
15/12/2023,12,109,8.3,90,1.94,0.0,0.0,,6.8
15/12/2023,13,99,8.8,89,1.98,0.1,0.0,,7.2
15/12/2023,14,99,9.1,89,2.18,0.2,0.0,,7.4
15/12/2023,15,99,9.3,90,1.97,0.5,0.0,,7.7
15/12/2023,16,120,9.6,88,1.7,0.0,0.0,,7.6
15/12/2023,17,162,9.1,91,1.04,0.0,0.0,,7.8
15/12/2023,18,198,6.6,95,2.51,0.0,0.0,,5.9
15/12/2023,19,172,5.2,96,2.65,0.0,0.0,,4.6
15/12/2023,20,114,5.7,93,2.0,0.0,0.0,,4.7
15/12/2023,21,68,5.3,93,2.08,0.0,0.0,,4.2
15/12/2023,22,60,4.0,95,2.94,0.0,0.0,,3.2
15/12/2023,23,55,4.3,94,2.42,0.0,0.0,,3.4
15/12/2024,0,32,3.5,93,2.76,0.0,0.0,,2.5
15/12/2024,1,28,3.2,95,2.9,0.0,0.0,,2.4
15/12/2024,2,25,2.8,95,2.8,0.0,0.0,,2.1
15/12/2024,3,15,3.3,96,2.57,0.0,0.0,,2.7
15/12/2024,4,11,3.0,95,2.61,0.0,0.0,,2.4
15/12/2024,5,9,2.8,95,2.53,0.0,0.0,,2.1
15/12/2024,6,8,2.8,95,2.62,0.0,0.0,,2.0
15/12/2024,7,11,3.0,94,2.63,0.0,0.0,,2.1
15/12/2024,8,18,2.8,93,2.7,0.0,0.0,,1.9
15/12/2024,9,30,2.9,93,2.84,0.0,0.0,,2.0
15/12/2024,10,48,3.5,93,3.06,0.0,0.0,,2.5
15/12/2024,11,63,5.2,91,3.27,0.0,0.0,,3.8
15/12/2024,12,81,6.2,89,3.11,0.0,0.0,,4.6
15/12/2024,13,80,7.2,88,2.97,0.0,0.0,,5.3
15/12/2024,14,76,8.9,86,2.83,0.0,0.0,,6.8
15/12/2024,15,85,9.6,84,2.68,0.0,0.0,,7.1
15/12/2024,16,85,9.3,86,3.09,0.0,0.0,,7.1
15/12/2024,17,82,9.0,88,2.93,0.0,0.0,,7.1
15/12/2024,18,79,8.9,89,2.98,0.0,0.0,,7.2
15/12/2024,19,71,9.0,90,3.2,0.0,0.0,,7.4
15/12/2024,20,52,9.1,91,3.37,0.0,0.0,,7.7
15/12/2024,21,36,9.2,91,3.34,0.0,0.0,,7.9
15/12/2024,22,31,9.4,92,3.44,0.0,0.0,,8.1
15/12/2024,23,29,9.5,92,3.54,0.0,0.0,,8.3
16/01/2023,0,11,5.8,80,6.45,0.0,0.0,,2.7
16/01/2023,1,5,5.9,81,6.69,0.0,0.0,,3.0
16/01/2023,2,4,6.1,84,7.1,0.1,0.0,,3.5
16/01/2023,3,3,6.2,84,8.71,0.1,0.0,,3.8
16/01/2023,4,3,6.3,85,10.09,0.4,0.0,,4.0
16/01/2023,5,5,6.4,89,12.01,2.4,0.0,,4.7
16/01/2023,6,13,5.7,91,10.01,2.3,0.0,,4.2
16/01/2023,7,52,6.3,87,8.48,0.0,0.0,,4.3
16/01/2023,8,170,5.8,84,9.56,0.1,0.0,,3.3
16/01/2023,9,150,6.1,86,8.36,0.2,0.0,,3.8
16/01/2023,10,50,5.4,87,7.79,0.4,0.0,,3.5
16/01/2023,11,40,5.1,89,6.03,0.5,0.0,,3.5
16/01/2023,12,46,5.6,89,8.06,0.1,0.0,,3.9
16/01/2023,13,51,4.2,92,11.57,0.5,0.0,,3.0
16/01/2023,14,48,4.9,92,9.9,0.7,0.0,,3.8
16/01/2023,15,48,5.6,82,9.99,0.6,0.0,,2.8
16/01/2023,16,64,5.8,82,8.3,0.0,0.0,,2.8
16/01/2023,17,108,5.3,76,7.64,0.0,0.0,,1.4
16/01/2023,18,179,4.7,78,6.0,0.0,0.0,,1.1
16/01/2023,19,164,4.1,80,5.02,0.0,0.0,,0.9
16/01/2023,20,90,3.4,83,4.1,0.0,0.0,,0.8
16/01/2023,21,46,2.8,87,3.1,0.0,0.0,,0.8
16/01/2023,22,40,2.2,89,2.97,0.0,0.0,,0.6
16/01/2023,23,26,1.9,89,2.84,0.0,0.0,,0.3
16/01/2024,0,13,-4.1,89,2.79,0.0,0.0,,-5.7
16/01/2024,1,6,-3.8,89,2.21,0.0,0.0,,-5.3
16/01/2024,2,4,-3.0,88,1.5,0.0,0.0,,-4.7
16/01/2024,3,3,-2.8,91,0.71,0.0,0.0,,-4.0
16/01/2024,4,3,-2.8,92,0.14,0.0,0.0,,-3.9
16/01/2024,5,7,-3.0,93,0.92,0.0,0.0,,-4.0
16/01/2024,6,16,-3.1,93,1.1,0.0,0.0,,-4.0
16/01/2024,7,59,-3.0,92,0.98,0.0,0.0,,-4.1
16/01/2024,8,209,-3.5,93,1.22,0.0,0.0,,-4.4
16/01/2024,9,182,-3.2,93,1.03,0.0,0.0,,-4.2
16/01/2024,10,64,-3.8,94,0.86,0.0,0.0,,-4.7
16/01/2024,11,55,-2.6,88,1.2,0.0,0.0,,-4.3
16/01/2024,12,71,-0.4,74,0.63,0.0,0.0,,-4.4
16/01/2024,13,72,1.5,64,0.5,0.0,0.0,,-4.7
16/01/2024,14,64,2.5,62,0.64,0.0,0.0,,-4.2
16/01/2024,15,62,3.1,54,0.58,0.0,0.0,,-5.4
16/01/2024,16,75,2.8,52,0.81,0.0,0.0,,-6.0
16/01/2024,17,121,2.4,61,0.85,0.0,0.0,,-4.4
16/01/2024,18,189,-1.0,76,2.52,0.0,0.0,,-4.8
16/01/2024,19,166,-2.3,80,2.45,0.0,0.0,,-5.3
16/01/2024,20,89,-2.3,82,2.14,0.0,0.0,,-5.0
16/01/2024,21,50,-1.9,82,2.66,0.0,0.0,,-4.6
16/01/2024,22,47,-1.4,81,3.0,0.0,0.0,,-4.2
16/01/2024,23,34,-1.6,84,2.64,0.0,0.0,,-4.0
16/02/2023,0,28,3.6,88,2.64,0.0,0.0,,1.8
16/02/2023,1,11,3.3,90,2.87,0.0,0.0,,1.9
16/02/2023,2,6,3.2,91,3.49,0.0,0.0,,1.8
16/02/2023,3,4,3.0,92,3.23,0.0,0.0,,1.9
16/02/2023,4,4,4.6,91,2.18,0.0,0.0,,3.2
16/02/2023,5,6,4.3,93,2.09,0.0,0.0,,3.2
16/02/2023,6,17,3.2,94,2.33,0.0,0.0,,2.3
16/02/2023,7,72,3.2,94,2.35,0.0,0.0,,2.4
16/02/2023,8,244,2.8,95,2.28,0.0,0.0,,2.2
16/02/2023,9,212,3.0,95,2.14,0.0,0.0,,2.3
16/02/2023,10,85,4.6,93,1.58,0.9,0.0,,3.5
16/02/2023,11,68,5.8,91,2.79,0.5,0.0,,4.5
16/02/2023,12,96,7.8,88,3.75,0.0,0.0,,5.8
16/02/2023,13,97,8.4,90,4.25,0.0,0.0,,6.8
16/02/2023,14,95,9.8,84,3.5,0.0,0.0,,7.2
16/02/2023,15,83,10.9,76,4.16,0.0,0.0,,6.9
16/02/2023,16,103,10.9,73,3.8,0.0,0.0,,6.2
16/02/2023,17,150,11.3,66,3.53,0.0,0.0,,5.2
16/02/2023,18,228,11.4,61,4.24,0.0,0.0,,4.2
16/02/2023,19,218,11.1,60,4.32,0.0,0.0,,3.6
16/02/2023,20,121,10.4,70,4.34,0.0,0.0,,5.2
16/02/2023,21,67,10.2,78,4.32,0.0,0.0,,6.6
16/02/2023,22,61,10.4,81,4.56,0.0,0.0,,7.2
16/02/2023,23,59,10.6,84,4.47,0.0,0.0,,7.9
16/02/2024,0,36,11.8,84,3.36,0.0,0.0,,9.1
16/02/2024,1,21,11.9,83,3.82,0.0,0.0,,9.1
16/02/2024,2,13,12.0,82,3.5,0.0,0.0,,9.1
16/02/2024,3,8,13.9,77,6.74,0.1,0.0,,9.9
16/02/2024,4,6,13.9,82,5.98,0.7,0.0,,10.8
16/02/2024,5,9,13.4,87,5.08,0.0,0.0,,11.4
16/02/2024,6,16,13.4,89,4.75,1.2,0.0,,11.6
16/02/2024,7,43,13.1,92,5.23,0.9,0.0,,11.8
16/02/2024,8,128,13.1,93,5.45,0.0,0.0,,12.0
16/02/2024,9,135,13.1,93,4.62,0.0,0.0,,12.0
16/02/2024,10,68,13.1,93,4.22,0.1,0.0,,12.1
16/02/2024,11,51,13.1,93,4.17,0.2,0.0,,12.0
16/02/2024,12,73,13.4,93,4.11,0.2,0.0,,12.3
16/02/2024,13,72,12.6,88,4.72,0.1,0.0,,10.6
16/02/2024,14,71,12.4,84,4.57,0.0,0.0,,9.9
16/02/2024,15,69,12.7,82,4.92,0.0,0.0,,9.6
16/02/2024,16,82,12.1,82,4.52,0.1,0.0,,9.1
16/02/2024,17,115,12.0,76,3.77,0.0,0.0,,7.9
16/02/2024,18,151,12.1,71,3.55,0.0,0.0,,7.1
16/02/2024,19,135,10.9,74,3.0,0.0,0.0,,6.3
16/02/2024,20,94,9.8,79,3.31,0.0,0.0,,6.3
16/02/2024,21,60,8.9,85,2.83,0.0,0.0,,6.5
16/02/2024,22,51,7.5,90,2.06,0.0,0.0,,5.9
16/02/2024,23,45,6.1,93,2.55,0.0,0.0,,5.1
16/03/2023,0,29,7.2,65,3.04,0.0,0.0,,1.2
16/03/2023,1,11,7.0,66,3.31,0.0,0.0,,1.0
16/03/2023,2,7,6.8,69,3.14,0.0,0.0,,1.5
16/03/2023,3,4,6.7,70,3.18,0.0,0.0,,1.5
16/03/2023,4,4,5.6,76,2.97,0.0,0.0,,1.6
16/03/2023,5,8,4.9,79,3.01,0.0,0.0,,1.6
16/03/2023,6,18,5.1,78,3.18,0.0,0.0,,1.5
16/03/2023,7,80,4.7,77,3.27,0.0,0.0,,1.1
16/03/2023,8,272,4.7,74,3.68,0.0,0.0,,0.5
16/03/2023,9,227,5.3,70,4.48,0.0,0.0,,0.3
16/03/2023,10,88,7.0,68,4.47,0.0,0.0,,1.5
16/03/2023,11,75,8.7,62,4.7,0.0,0.0,,1.8
16/03/2023,12,103,10.7,57,5.06,0.0,0.0,,2.5
16/03/2023,13,101,12.3,53,5.24,0.0,0.0,,3.0
16/03/2023,14,94,13.5,50,4.97,0.0,0.0,,3.3
16/03/2023,15,89,14.6,48,4.89,0.0,0.0,,3.9
16/03/2023,16,111,15.2,50,4.69,0.0,0.0,,4.8
16/03/2023,17,171,15.6,52,4.34,0.0,0.0,,5.8
16/03/2023,18,253,15.5,57,4.24,0.0,0.0,,6.9
16/03/2023,19,234,14.4,62,3.8,0.0,0.0,,7.2
16/03/2023,20,130,12.4,68,3.45,0.0,0.0,,6.8
16/03/2023,21,73,12.0,69,3.85,0.0,0.0,,6.4
16/03/2023,22,70,11.6,68,3.85,0.0,0.0,,5.8
16/03/2023,23,64,11.1,68,3.45,0.0,0.0,,5.3
16/03/2024,0,33,11.1,89,5.02,0.2,0.0,,9.3
16/03/2024,1,23,11.1,86,5.61,0.1,0.0,,8.9
16/03/2024,2,20,10.6,85,5.82,0.0,0.0,,8.2
16/03/2024,3,13,10.8,85,5.62,0.0,0.0,,8.4
16/03/2024,4,11,10.4,86,5.33,0.0,0.0,,8.1
16/03/2024,5,10,10.6,85,4.95,0.0,0.0,,8.1
16/03/2024,6,11,10.5,85,4.67,0.0,0.0,,8.0
16/03/2024,7,16,10.4,84,4.46,0.0,0.0,,7.8
16/03/2024,8,35,10.4,83,4.82,0.0,0.0,,7.5
16/03/2024,9,53,10.1,83,4.93,0.0,0.0,,7.3
16/03/2024,10,65,10.3,80,4.77,0.0,0.0,,7.0
16/03/2024,11,79,11.1,73,4.63,0.0,0.0,,6.4
16/03/2024,12,94,12.1,66,4.75,0.0,0.0,,5.9
16/03/2024,13,95,12.8,62,4.4,0.0,0.0,,5.6
16/03/2024,14,100,13.4,57,3.38,0.0,0.0,,5.2
16/03/2024,15,115,14.4,54,3.32,0.0,0.0,,5.1
16/03/2024,16,114,14.5,53,3.01,0.0,0.0,,5.1
16/03/2024,17,118,14.7,53,2.77,0.0,0.0,,5.2
16/03/2024,18,120,14.6,53,2.62,0.0,0.0,,5.0
16/03/2024,19,102,13.9,63,1.26,0.0,0.0,,7.0
16/03/2024,20,82,12.8,69,1.49,0.0,0.0,,7.2
16/03/2024,21,55,12.2,77,1.2,0.0,0.0,,8.2
16/03/2024,22,46,11.4,79,1.61,0.0,0.0,,7.9
16/03/2024,23,49,9.3,90,2.21,0.0,0.0,,7.8
16/04/2023,0,42,6.3,84,2.82,0.0,0.0,,3.8
16/04/2023,1,32,5.3,85,2.69,0.0,0.0,,3.0
16/04/2023,2,28,5.0,83,2.38,0.0,0.0,,2.3
16/04/2023,3,15,4.1,87,2.22,0.0,0.0,,2.1
16/04/2023,4,12,3.4,90,2.19,0.0,0.0,,1.9
16/04/2023,5,9,3.0,91,2.19,0.0,0.0,,1.6
16/04/2023,6,8,2.7,91,2.05,0.0,0.0,,1.4
16/04/2023,7,11,2.2,92,2.05,0.0,0.0,,1.1
16/04/2023,8,24,3.6,88,2.7,0.0,0.0,,1.8
16/04/2023,9,43,5.8,82,2.42,0.0,0.0,,3.0
16/04/2023,10,66,7.8,77,2.56,0.0,0.0,,4.0
16/04/2023,11,88,9.6,72,2.94,0.0,0.0,,4.8
16/04/2023,12,105,11.3,65,3.45,0.0,0.0,,4.8
16/04/2023,13,99,12.9,55,4.28,0.0,0.0,,4.1
16/04/2023,14,105,13.9,54,5.0,0.0,0.0,,4.7
16/04/2023,15,125,14.8,49,6.21,0.0,0.0,,4.1
16/04/2023,16,136,14.4,51,5.66,0.0,0.0,,4.3
16/04/2023,17,134,14.6,50,5.74,0.0,0.0,,4.3
16/04/2023,18,133,14.4,48,5.52,0.0,0.0,,3.5
16/04/2023,19,111,13.7,54,4.22,0.0,0.0,,4.4
16/04/2023,20,73,12.2,61,2.4,0.0,0.0,,5.0
16/04/2023,21,45,9.6,71,2.3,0.0,0.0,,4.5
16/04/2023,22,39,8.1,76,2.24,0.0,0.0,,4.2
16/04/2023,23,27,7.1,79,2.28,0.0,0.0,,3.7
16/04/2024,0,16,7.2,75,6.2,0.0,0.0,,3.1
16/04/2024,1,8,6.6,78,5.9,0.0,0.0,,3.0
16/04/2024,2,5,6.4,79,6.05,0.0,0.0,,3.1
16/04/2024,3,4,6.9,78,6.54,0.0,0.0,,3.3
16/04/2024,4,4,6.8,78,6.76,0.0,0.0,,3.3
16/04/2024,5,7,6.7,79,6.77,0.0,0.0,,3.2
16/04/2024,6,18,6.8,78,6.86,0.0,0.0,,3.1
16/04/2024,7,53,6.8,77,7.17,0.0,0.0,,3.0
16/04/2024,8,186,7.5,75,7.1,0.0,0.0,,3.4
16/04/2024,9,176,8.7,74,6.63,0.0,0.0,,4.3
16/04/2024,10,52,9.5,70,7.31,0.1,0.0,,4.3
16/04/2024,11,43,10.5,70,6.84,0.0,0.0,,5.2
16/04/2024,12,59,11.5,66,7.25,0.1,0.0,,5.3
16/04/2024,13,54,12.6,60,7.24,0.1,0.0,,5.1
16/04/2024,14,51,12.9,60,7.24,0.1,0.0,,5.4
16/04/2024,15,54,11.5,64,7.85,0.3,0.0,,4.9
16/04/2024,16,63,12.1,68,7.16,0.1,0.0,,6.3
16/04/2024,17,105,12.2,56,7.82,0.1,0.0,,3.7
16/04/2024,18,191,11.2,60,7.34,0.2,0.0,,3.8
16/04/2024,19,189,11.1,60,6.34,0.0,0.0,,3.8
16/04/2024,20,115,10.1,63,5.69,0.1,0.0,,3.5
16/04/2024,21,59,8.8,71,4.75,0.0,0.0,,3.8
16/04/2024,22,52,7.3,78,3.72,0.0,0.0,,3.7
16/04/2024,23,63,6.4,82,3.83,0.0,0.0,,3.5
16/05/2023,0,17,9.4,81,4.33,0.0,0.0,,6.2
16/05/2023,1,8,8.0,86,3.75,0.0,0.0,,5.8
16/05/2023,2,5,7.6,90,3.88,0.0,0.0,,6.1
16/05/2023,3,3,6.9,91,3.57,0.0,0.0,,5.5
16/05/2023,4,3,6.3,91,3.61,0.0,0.0,,5.0
16/05/2023,5,7,5.8,92,3.7,0.0,0.0,,4.6
16/05/2023,6,20,5.7,92,3.86,0.0,0.0,,4.4
16/05/2023,7,88,6.1,91,4.06,0.0,0.0,,4.7
16/05/2023,8,298,7.6,87,3.92,0.0,0.0,,5.5
16/05/2023,9,249,9.3,80,4.5,0.0,0.0,,6.0
16/05/2023,10,91,10.8,72,5.2,0.0,0.0,,5.8
16/05/2023,11,79,12.1,61,5.05,0.0,0.0,,4.8
16/05/2023,12,102,13.2,56,5.22,0.0,0.0,,4.6
16/05/2023,13,102,14.6,49,6.77,0.0,0.0,,4.1
16/05/2023,14,94,14.4,55,6.23,0.0,0.0,,5.4
16/05/2023,15,91,14.9,51,6.63,0.0,0.0,,4.7
16/05/2023,16,114,14.7,52,6.23,0.0,0.0,,5.0
16/05/2023,17,179,15.1,49,6.56,0.0,0.0,,4.6
16/05/2023,18,287,14.6,50,6.15,0.0,0.0,,4.2
16/05/2023,19,262,14.4,54,5.73,0.0,0.0,,5.1
16/05/2023,20,150,13.8,58,4.28,0.0,0.0,,5.6
16/05/2023,21,82,12.0,65,2.61,0.0,0.0,,5.7
16/05/2023,22,72,9.6,75,2.01,0.0,0.0,,5.4
16/05/2023,23,56,8.6,82,2.02,0.0,0.0,,5.6
16/05/2024,0,37,13.0,89,1.44,0.0,0.0,,11.2
16/05/2024,1,19,12.4,89,1.77,0.0,0.0,,10.8
16/05/2024,2,10,11.8,91,1.56,0.0,0.0,,10.4
16/05/2024,3,5,12.9,91,1.91,1.0,0.0,,11.4
16/05/2024,4,5,12.7,91,2.13,1.6,0.0,,11.4
16/05/2024,5,9,12.4,93,2.72,1.0,0.0,,11.2
16/05/2024,6,22,12.1,93,2.82,0.2,0.0,,11.1
16/05/2024,7,78,11.9,93,2.82,0.0,0.0,,10.9
16/05/2024,8,261,12.2,91,2.47,0.0,0.0,,10.9
16/05/2024,9,224,13.2,85,3.86,0.0,0.0,,10.8
16/05/2024,10,90,14.4,81,3.31,0.0,0.0,,11.2
16/05/2024,11,79,15.6,73,3.14,0.0,0.0,,10.8
16/05/2024,12,105,16.7,63,3.25,0.0,0.0,,9.6
16/05/2024,13,102,17.4,58,3.33,0.0,0.0,,9.1
16/05/2024,14,94,18.0,55,3.41,0.0,0.0,,8.7
16/05/2024,15,90,17.8,60,2.08,0.0,0.0,,9.9
16/05/2024,16,113,18.1,56,2.62,0.1,0.0,,9.2
16/05/2024,17,178,18.3,53,2.69,0.0,0.0,,8.6
16/05/2024,18,266,18.0,53,2.97,0.0,0.0,,8.3
16/05/2024,19,249,17.5,57,2.78,0.0,0.0,,8.9
16/05/2024,20,153,16.6,61,2.5,0.0,0.0,,8.9
16/05/2024,21,96,15.2,70,1.5,0.0,0.0,,9.9
16/05/2024,22,84,13.3,76,2.28,0.0,0.0,,9.2
16/05/2024,23,73,12.0,86,2.16,0.0,0.0,,9.6
16/06/2023,0,69,18.7,67,2.33,0.0,0.0,,12.6
16/06/2023,1,36,18.3,63,2.02,0.0,0.0,,11.1
16/06/2023,2,24,17.4,66,2.48,0.0,0.0,,10.9
16/06/2023,3,11,16.5,67,1.8,0.0,0.0,,10.4
16/06/2023,4,8,14.9,73,1.99,0.0,0.0,,10.2
16/06/2023,5,41,14.0,79,2.16,0.0,0.0,,10.4
16/06/2023,6,25,13.5,83,2.11,0.0,0.0,,10.7
16/06/2023,7,80,15.2,76,1.7,0.0,0.0,,11.1
16/06/2023,8,231,17.2,70,1.02,0.0,0.0,,11.7
16/06/2023,9,208,19.6,63,0.95,0.0,0.0,,12.3
16/06/2023,10,104,22.1,54,1.14,0.0,0.0,,12.4
16/06/2023,11,92,24.4,47,1.17,0.0,0.0,,12.2
16/06/2023,12,122,26.1,36,1.39,0.0,0.0,,9.9
16/06/2023,13,114,27.1,32,1.21,0.0,0.0,,8.8
16/06/2023,14,111,27.7,29,1.34,0.0,0.0,,7.8
16/06/2023,15,111,28.4,28,1.57,0.0,0.0,,8.1
16/06/2023,16,134,28.8,27,1.7,0.0,0.0,,8.1
16/06/2023,17,196,29.2,25,2.02,0.0,0.0,,7.4
16/06/2023,18,242,28.9,26,2.92,0.0,0.0,,7.5
16/06/2023,19,223,28.1,27,3.49,0.0,0.0,,7.3
16/06/2023,20,151,27.1,29,3.02,0.0,0.0,,7.5
16/06/2023,21,93,25.5,40,1.5,0.0,0.0,,11.1
16/06/2023,22,85,23.0,45,2.1,0.0,0.0,,10.4
16/06/2023,23,86,21.3,50,1.94,0.0,0.0,,10.4
16/06/2024,0,41,14.1,75,5.34,0.0,0.0,,9.7
16/06/2024,1,28,13.4,79,5.14,0.0,0.0,,9.8
16/06/2024,2,24,13.1,81,4.8,0.0,0.0,,9.9
16/06/2024,3,14,12.9,83,5.16,0.1,0.0,,10.1
16/06/2024,4,12,13.2,82,5.28,0.0,0.0,,10.2
16/06/2024,5,9,13.1,84,5.64,0.0,0.0,,10.4
16/06/2024,6,8,12.7,86,4.78,0.5,0.0,,10.4
16/06/2024,7,7,13.1,85,4.84,0.0,0.0,,10.6
16/06/2024,8,12,13.6,85,6.45,1.3,0.0,,11.1
16/06/2024,9,22,13.6,87,6.73,1.6,0.0,,11.5
16/06/2024,10,33,14.2,87,6.55,0.1,0.0,,12.1
16/06/2024,11,46,15.4,85,6.38,0.4,0.0,,12.8
16/06/2024,12,67,17.6,76,6.04,0.1,0.0,,13.2
16/06/2024,13,66,18.9,65,6.37,0.2,0.0,,12.1
16/06/2024,14,67,19.5,57,6.33,0.0,0.0,,10.9
16/06/2024,15,66,17.4,69,5.35,0.3,0.0,,11.7
16/06/2024,16,58,17.5,72,5.05,0.4,0.0,,12.5
16/06/2024,17,72,18.0,68,4.88,0.1,0.0,,12.1
16/06/2024,18,81,17.6,72,3.61,0.0,0.0,,12.4
16/06/2024,19,77,17.7,74,3.94,0.0,0.0,,12.9
16/06/2024,20,59,17.5,74,4.0,0.0,0.0,,12.8
16/06/2024,21,45,16.9,79,2.45,0.0,0.0,,13.2
16/06/2024,22,43,15.2,87,1.84,0.0,0.0,,13.1
16/06/2024,23,34,14.6,90,2.16,0.0,0.0,,13.1
16/07/2023,0,39,19.2,50,5.94,0.0,0.0,,8.4
16/07/2023,1,27,18.3,55,5.81,0.0,0.0,,9.0
16/07/2023,2,18,17.4,65,5.8,0.0,0.0,,10.8
16/07/2023,3,11,16.8,67,5.52,0.0,0.0,,10.6
16/07/2023,4,8,16.2,70,5.26,0.0,0.0,,10.6
16/07/2023,5,7,15.8,72,5.35,0.0,0.0,,10.6
16/07/2023,6,9,15.5,73,5.52,0.0,0.0,,10.7
16/07/2023,7,12,15.8,72,5.55,0.0,0.0,,10.8
16/07/2023,8,23,17.1,67,5.82,0.0,0.0,,10.9
16/07/2023,9,39,18.5,61,6.68,0.0,0.0,,10.9
16/07/2023,10,54,20.0,53,7.22,0.0,0.0,,10.1
16/07/2023,11,84,21.1,48,6.94,0.0,0.0,,9.6
16/07/2023,12,81,22.9,41,7.32,0.0,0.0,,8.8
16/07/2023,13,77,24.0,35,7.4,0.0,0.0,,7.8
16/07/2023,14,86,23.5,40,5.81,0.0,0.0,,9.1
16/07/2023,15,96,24.2,37,6.65,0.0,0.0,,8.6
16/07/2023,16,100,24.0,37,6.65,0.0,0.0,,8.4
16/07/2023,17,96,25.0,33,6.79,0.0,0.0,,7.6
16/07/2023,18,104,24.4,35,6.68,0.0,0.0,,7.9
16/07/2023,19,98,23.8,37,6.71,0.0,0.0,,8.2
16/07/2023,20,75,22.6,40,6.26,0.0,0.0,,8.5
16/07/2023,21,57,21.8,44,5.35,0.0,0.0,,9.1
16/07/2023,22,48,20.6,47,4.22,0.0,0.0,,9.0
16/07/2023,23,36,19.6,50,3.42,0.0,0.0,,8.9
16/07/2024,0,28,18.6,70,5.55,0.0,0.0,,12.9
16/07/2024,1,15,17.9,73,5.19,0.0,0.0,,12.9
16/07/2024,2,9,17.2,76,4.75,0.0,0.0,,12.9
16/07/2024,3,6,16.6,79,4.46,0.0,0.0,,13.1
16/07/2024,4,6,16.1,83,4.42,0.0,0.0,,13.2
16/07/2024,5,9,15.8,85,4.53,0.0,0.0,,13.3
16/07/2024,6,22,15.4,86,4.75,0.0,0.0,,13.1
16/07/2024,7,70,15.6,85,5.31,0.0,0.0,,13.0
16/07/2024,8,223,16.5,80,5.87,0.0,0.0,,13.1
16/07/2024,9,223,17.8,72,7.31,0.0,0.0,,12.7
16/07/2024,10,79,18.8,66,7.18,0.1,0.0,,12.4
16/07/2024,11,69,19.7,61,7.65,0.1,0.0,,12.1
16/07/2024,12,89,20.0,61,6.96,0.1,0.0,,12.2
16/07/2024,13,83,20.9,58,6.99,0.0,0.0,,12.4
16/07/2024,14,79,21.4,54,6.99,0.0,0.0,,11.8
16/07/2024,15,79,22.0,58,6.8,0.0,0.0,,13.3
16/07/2024,16,88,22.4,53,6.6,0.0,0.0,,12.4
16/07/2024,17,149,22.5,51,7.11,0.1,0.0,,11.8
16/07/2024,18,244,22.5,49,6.97,0.0,0.0,,11.2
16/07/2024,19,221,21.8,52,6.1,0.0,0.0,,11.6
16/07/2024,20,126,20.8,57,4.98,0.0,0.0,,12.1
16/07/2024,21,78,20.0,61,3.44,0.0,0.0,,12.2
16/07/2024,22,70,18.6,67,1.93,0.0,0.0,,12.4
16/07/2024,23,65,17.5,74,1.62,0.0,0.0,,12.8
16/08/2023,0,21,17.8,79,3.01,0.0,0.0,,14.2
16/08/2023,1,12,17.1,83,2.75,0.0,0.0,,14.2
16/08/2023,2,8,16.8,85,2.79,0.0,0.0,,14.4
16/08/2023,3,5,16.5,85,2.35,0.0,0.0,,14.0
16/08/2023,4,5,16.2,84,1.91,0.0,0.0,,13.6
16/08/2023,5,7,16.1,82,1.8,0.0,0.0,,13.1
16/08/2023,6,14,15.8,83,1.7,0.0,0.0,,12.9
16/08/2023,7,41,15.8,82,1.9,0.0,0.0,,12.8
16/08/2023,8,109,16.5,81,2.11,0.0,0.0,,13.2
16/08/2023,9,110,17.7,79,2.01,0.0,0.0,,13.9
16/08/2023,10,53,19.4,77,1.93,0.0,0.0,,15.3
16/08/2023,11,53,21.4,74,2.1,0.0,0.0,,16.5
16/08/2023,12,61,23.3,67,2.66,0.0,0.0,,16.8
16/08/2023,13,62,24.5,60,3.06,0.0,0.0,,16.1
16/08/2023,14,61,25.1,57,2.69,0.0,0.0,,16.0
16/08/2023,15,65,25.5,56,3.04,0.1,0.0,,15.9
16/08/2023,16,76,25.6,55,2.97,0.0,0.0,,16.0
16/08/2023,17,117,25.9,54,3.18,0.0,0.0,,15.9
16/08/2023,18,168,25.9,53,3.25,0.0,0.0,,15.6
16/08/2023,19,131,25.4,54,3.19,0.0,0.0,,15.5
16/08/2023,20,79,24.0,64,2.62,0.0,0.0,,16.8
16/08/2023,21,56,22.1,70,2.47,0.0,0.0,,16.4
16/08/2023,22,46,21.0,71,2.92,0.0,0.0,,15.6
16/08/2023,23,39,20.2,76,3.12,0.0,0.0,,15.9
16/08/2024,0,27,19.1,63,2.3,0.0,0.0,,11.9
16/08/2024,1,17,18.8,66,2.48,0.0,0.0,,12.3
16/08/2024,2,11,18.7,67,2.97,0.0,0.0,,12.4
16/08/2024,3,7,17.9,71,2.56,0.0,0.0,,12.6
16/08/2024,4,6,17.2,77,2.06,0.0,0.0,,13.1
16/08/2024,5,8,16.8,81,1.94,0.0,0.0,,13.4
16/08/2024,6,13,16.6,84,1.92,0.0,0.0,,13.9
16/08/2024,7,21,16.8,86,2.27,0.0,0.0,,14.4
16/08/2024,8,40,18.2,81,2.75,0.0,0.0,,14.9
16/08/2024,9,47,19.9,77,3.58,0.0,0.0,,15.6
16/08/2024,10,46,21.0,72,3.98,0.0,0.0,,15.8
16/08/2024,11,50,22.1,67,4.03,0.0,0.0,,15.8
16/08/2024,12,57,23.5,61,4.03,0.0,0.0,,15.6
16/08/2024,13,55,25.5,54,4.16,0.0,0.0,,15.6
16/08/2024,14,59,25.4,58,5.1,0.0,0.0,,16.5
16/08/2024,15,65,24.6,62,4.83,0.0,0.0,,16.9
16/08/2024,16,69,23.8,68,4.76,0.0,0.0,,17.5
16/08/2024,17,79,24.6,64,5.13,0.2,0.0,,17.3
16/08/2024,18,84,24.8,63,5.32,0.1,0.0,,17.3
16/08/2024,19,79,24.5,63,4.62,0.0,0.0,,17.0
16/08/2024,20,61,23.4,69,3.9,0.1,0.0,,17.5
16/08/2024,21,46,22.1,77,3.01,0.3,0.0,,17.9
16/08/2024,22,41,22.0,76,2.89,0.0,0.0,,17.5
16/08/2024,23,37,21.6,77,2.19,0.0,0.0,,17.5
16/09/2023,0,71,17.8,76,2.12,0.0,0.0,,13.6
16/09/2023,1,48,17.2,79,2.02,0.0,0.0,,13.6
16/09/2023,2,38,17.0,83,2.18,0.0,0.0,,14.1
16/09/2023,3,21,15.4,90,2.85,0.0,0.0,,13.6
16/09/2023,4,15,16.4,85,1.71,0.0,0.0,,13.9
16/09/2023,5,12,14.2,93,1.58,0.0,0.0,,13.1
16/09/2023,6,14,13.9,95,1.8,0.0,0.0,,13.1
16/09/2023,7,23,13.4,96,1.92,0.0,0.0,,12.8
16/09/2023,8,48,13.5,97,1.53,0.0,0.0,,13.1
16/09/2023,9,83,15.9,90,1.66,0.0,0.0,,14.2
16/09/2023,10,102,18.3,83,1.3,0.0,0.0,,15.4
16/09/2023,11,118,20.4,77,1.62,0.0,0.0,,16.2
16/09/2023,12,136,22.2,70,1.84,0.0,0.0,,16.4
16/09/2023,13,129,24.0,62,1.57,0.0,0.0,,16.1
16/09/2023,14,138,23.4,62,1.22,0.0,0.0,,15.8
16/09/2023,15,162,24.2,60,0.42,0.0,0.0,,16.0
16/09/2023,16,167,24.5,60,1.64,0.0,0.0,,16.3
16/09/2023,17,168,24.3,62,2.62,0.0,0.0,,16.5
16/09/2023,18,173,24.0,65,2.89,0.0,0.0,,16.9
16/09/2023,19,165,23.2,68,2.15,0.0,0.0,,17.0
16/09/2023,20,133,21.2,78,1.7,0.0,0.0,,17.2
16/09/2023,21,88,20.0,85,1.75,0.0,0.0,,17.3
16/09/2023,22,73,19.0,89,1.79,0.0,0.0,,17.1
16/09/2023,23,75,18.6,90,1.82,0.0,0.0,,16.9
16/09/2024,0,19,11.8,88,1.77,0.0,0.0,,9.9
16/09/2024,1,11,11.6,88,1.73,0.0,0.0,,9.6
16/09/2024,2,7,10.9,90,1.71,0.0,0.0,,9.4
16/09/2024,3,4,10.9,90,1.88,0.0,0.0,,9.3
16/09/2024,4,4,9.7,93,1.91,0.0,0.0,,8.6
16/09/2024,5,9,9.3,95,2.0,0.0,0.0,,8.6
16/09/2024,6,21,10.1,94,1.08,0.0,0.0,,9.3
16/09/2024,7,81,9.5,96,1.48,0.0,0.0,,8.9
16/09/2024,8,280,10.6,94,1.25,0.0,0.0,,9.6
16/09/2024,9,233,12.4,88,1.84,0.0,0.0,,10.4
16/09/2024,10,85,13.8,84,1.63,0.0,0.0,,11.1
16/09/2024,11,76,15.5,80,2.26,0.0,0.0,,12.1
16/09/2024,12,101,17.4,73,3.76,0.0,0.0,,12.4
16/09/2024,13,105,17.9,69,4.18,0.0,0.0,,12.1
16/09/2024,14,91,18.5,66,4.84,0.1,0.0,,11.9
16/09/2024,15,91,18.8,63,4.74,0.1,0.0,,11.6
16/09/2024,16,112,18.8,64,4.87,0.0,0.0,,11.8
16/09/2024,17,187,19.0,63,5.03,0.0,0.0,,11.7
16/09/2024,18,285,19.1,62,4.78,0.0,0.0,,11.8
16/09/2024,19,244,18.0,70,4.44,0.0,0.0,,12.4
16/09/2024,20,132,16.4,77,2.7,0.0,0.0,,12.4
16/09/2024,21,77,15.5,81,3.26,0.0,0.0,,12.3
16/09/2024,22,68,15.4,81,3.73,0.0,0.0,,12.2
16/09/2024,23,43,14.6,82,3.75,0.0,0.0,,11.6
16/10/2023,0,21,6.8,68,2.39,0.0,0.0,,1.4
16/10/2023,1,9,6.2,70,2.2,0.0,0.0,,1.2
16/10/2023,2,6,6.1,73,2.92,0.0,0.0,,1.5
16/10/2023,3,4,5.3,79,2.94,0.0,0.0,,1.9
16/10/2023,4,3,4.9,86,2.82,0.0,0.0,,2.8
16/10/2023,5,8,4.8,91,2.69,0.0,0.0,,3.3
16/10/2023,6,21,4.7,92,2.69,0.0,0.0,,3.5
16/10/2023,7,81,4.2,94,2.85,0.0,0.0,,3.3
16/10/2023,8,292,4.0,94,2.75,0.0,0.0,,3.2
16/10/2023,9,269,4.6,91,3.35,0.0,0.0,,3.3
16/10/2023,10,94,6.3,82,3.53,0.0,0.0,,3.5
16/10/2023,11,76,8.2,74,4.18,0.0,0.0,,3.8
16/10/2023,12,99,10.2,66,4.75,0.0,0.0,,4.1
16/10/2023,13,103,11.6,59,5.0,0.0,0.0,,3.8
16/10/2023,14,92,12.1,55,5.31,0.0,0.0,,3.5
16/10/2023,15,92,12.8,51,5.76,0.0,0.0,,2.8
16/10/2023,16,117,13.1,49,5.87,0.0,0.0,,2.5
16/10/2023,17,199,12.8,50,6.04,0.0,0.0,,2.5
16/10/2023,18,313,12.0,54,5.59,0.0,0.0,,3.0
16/10/2023,19,267,10.6,58,4.79,0.0,0.0,,2.7
16/10/2023,20,130,9.7,60,4.59,0.0,0.0,,2.2
16/10/2023,21,72,9.1,61,4.32,0.0,0.0,,2.0
16/10/2023,22,59,8.6,62,3.64,0.0,0.0,,1.8
16/10/2023,23,39,8.1,63,3.13,0.0,0.0,,1.5
16/10/2024,0,31,16.1,88,3.5,0.0,0.0,,14.2
16/10/2024,1,17,15.4,90,3.03,0.0,0.0,,13.8
16/10/2024,2,9,15.4,90,3.45,0.0,0.0,,13.7
16/10/2024,3,5,14.9,93,2.74,0.0,0.0,,13.8
16/10/2024,4,5,15.2,92,2.92,0.0,0.0,,13.9
16/10/2024,5,9,15.5,91,2.85,0.0,0.0,,14.0
16/10/2024,6,21,15.8,88,3.04,0.0,0.0,,13.9
16/10/2024,7,75,17.0,84,4.54,0.0,0.0,,14.1
16/10/2024,8,241,17.3,82,4.27,0.0,0.0,,14.2
16/10/2024,9,230,17.4,82,4.44,0.0,0.0,,14.3
16/10/2024,10,98,18.9,77,5.23,0.0,0.0,,14.8
16/10/2024,11,89,20.5,74,4.45,0.0,0.0,,15.6
16/10/2024,12,124,21.9,69,5.44,0.0,0.0,,15.9
16/10/2024,13,122,23.0,66,6.06,0.0,0.0,,16.3
16/10/2024,14,114,23.9,59,6.39,0.0,0.0,,15.4
16/10/2024,15,107,24.6,59,5.02,0.0,0.0,,16.0
16/10/2024,16,121,24.0,62,5.17,0.0,0.0,,16.3
16/10/2024,17,179,23.4,67,4.29,0.6,0.0,,17.0
16/10/2024,18,279,22.4,70,3.74,0.0,0.0,,16.8
16/10/2024,19,241,20.5,75,3.06,0.0,0.0,,16.0
16/10/2024,20,141,20.1,77,3.44,0.0,0.0,,15.9
16/10/2024,21,67,18.4,91,2.17,4.9,0.0,,16.8
16/10/2024,22,72,18.0,93,1.56,0.7,0.0,,16.8
16/10/2024,23,57,17.6,93,2.66,0.6,0.0,,16.5
16/11/2023,0,35,7.7,94,1.89,0.0,0.0,,6.7
16/11/2023,1,15,6.8,95,2.48,0.0,0.0,,6.1
16/11/2023,2,8,7.0,96,2.51,0.0,0.0,,6.3
16/11/2023,3,4,8.9,91,0.8,0.0,0.0,,7.6
16/11/2023,4,4,8.4,95,1.46,0.0,0.0,,7.6
16/11/2023,5,8,7.4,98,1.97,0.0,0.0,,7.1
16/11/2023,6,15,7.9,97,2.39,0.0,0.0,,7.5
16/11/2023,7,55,8.0,97,2.98,0.3,0.0,,7.6
16/11/2023,8,181,8.0,95,3.89,2.7,0.0,,7.3
16/11/2023,9,144,8.2,95,4.33,0.8,0.0,,7.6
16/11/2023,10,51,8.5,94,5.01,2.6,0.0,,7.6
16/11/2023,11,39,9.2,90,6.49,0.4,0.0,,7.8
16/11/2023,12,49,9.4,91,7.34,0.6,0.0,,8.0
16/11/2023,13,41,9.4,90,6.12,0.5,0.0,,7.8
16/11/2023,14,44,9.4,91,4.46,1.7,0.0,,8.1
16/11/2023,15,51,10.0,93,2.78,0.6,0.0,,8.9
16/11/2023,16,49,9.8,94,3.09,0.2,0.0,,8.9
16/11/2023,17,104,9.9,95,1.53,1.0,0.0,,9.2
16/11/2023,18,178,9.6,95,4.63,1.1,0.0,,8.8
16/11/2023,19,169,9.1,93,7.15,0.1,0.0,,8.1
16/11/2023,20,101,8.6,89,6.71,0.1,0.0,,6.8
16/11/2023,21,57,7.4,91,4.6,0.0,0.0,,6.1
16/11/2023,22,55,7.2,91,4.02,0.0,0.0,,5.8
16/11/2023,23,47,7.3,91,4.37,0.0,0.0,,5.9
16/11/2024,0,48,7.3,86,1.06,0.0,0.0,,5.1
16/11/2024,1,35,7.1,87,0.85,0.0,0.0,,5.2
16/11/2024,2,29,6.8,90,0.35,0.0,0.0,,5.3
16/11/2024,3,17,7.7,88,0.36,0.0,0.0,,5.9
16/11/2024,4,13,7.6,89,0.21,0.0,0.0,,5.9
16/11/2024,5,11,7.7,90,0.4,0.0,0.0,,6.2
16/11/2024,6,11,7.7,87,0.05,0.0,0.0,,5.6
16/11/2024,7,18,7.2,88,0.2,0.0,0.0,,5.3
16/11/2024,8,38,6.8,90,0.4,0.0,0.0,,5.3
16/11/2024,9,58,6.5,91,0.36,0.0,0.0,,5.2
16/11/2024,10,74,6.9,91,0.36,0.0,0.0,,5.5
16/11/2024,11,83,7.9,81,0.21,0.0,0.0,,4.9
16/11/2024,12,99,8.6,66,0.49,0.0,0.0,,2.7
16/11/2024,13,105,9.1,65,0.41,0.0,0.0,,2.8
16/11/2024,14,112,9.4,65,0.67,0.0,0.0,,3.0
16/11/2024,15,123,9.2,66,0.9,0.0,0.0,,3.3
16/11/2024,16,126,9.2,67,1.35,0.0,0.0,,3.4
16/11/2024,17,121,8.9,69,1.36,0.0,0.0,,3.5
16/11/2024,18,112,7.8,77,1.32,0.0,0.0,,4.0
16/11/2024,19,112,7.0,80,1.36,0.0,0.0,,3.8
16/11/2024,20,88,6.5,82,1.36,0.0,0.0,,3.7
16/11/2024,21,58,6.7,83,1.59,0.0,0.0,,4.0
16/11/2024,22,48,6.4,84,1.74,0.0,0.0,,3.9
16/11/2024,23,51,5.8,86,1.73,0.0,0.0,,3.7
16/12/2023,0,49,4.6,94,2.13,0.0,0.0,,3.8
16/12/2023,1,37,4.4,95,2.24,0.0,0.0,,3.7
16/12/2023,2,31,3.9,96,2.1,0.0,0.0,,3.2
16/12/2023,3,18,5.8,89,1.25,0.0,0.0,,4.2
16/12/2023,4,13,5.1,91,1.12,0.0,0.0,,3.8
16/12/2023,5,11,3.4,95,1.75,0.0,0.0,,2.7
16/12/2023,6,10,3.8,92,1.66,0.0,0.0,,2.6
16/12/2023,7,16,4.5,87,1.62,0.0,0.0,,2.5
16/12/2023,8,35,3.0,88,1.92,0.0,0.0,,1.2
16/12/2023,9,56,2.2,89,2.1,0.0,0.0,,0.6
16/12/2023,10,74,2.2,90,2.14,0.0,0.0,,0.7
16/12/2023,11,94,3.8,87,1.63,0.0,0.0,,1.9
16/12/2023,12,112,5.8,84,0.73,0.0,0.0,,3.2
16/12/2023,13,113,7.4,81,0.36,0.0,0.0,,4.4
16/12/2023,14,122,8.7,77,0.72,0.0,0.0,,4.8
16/12/2023,15,139,9.5,70,0.92,0.0,0.0,,4.2
16/12/2023,16,149,9.6,68,0.89,0.0,0.0,,4.0
16/12/2023,17,134,9.1,71,0.73,0.0,0.0,,4.1
16/12/2023,18,119,7.2,78,1.43,0.0,0.0,,3.5
16/12/2023,19,119,4.6,89,2.42,0.0,0.0,,3.0
16/12/2023,20,92,4.1,92,2.0,0.0,0.0,,3.0
16/12/2023,21,57,3.5,94,2.04,0.0,0.0,,2.7
16/12/2023,22,46,2.7,96,2.43,0.0,0.0,,2.0
16/12/2023,23,44,2.2,96,2.42,0.0,0.0,,1.6
16/12/2024,0,16,9.6,92,3.58,0.0,0.0,,8.4
16/12/2024,1,10,9.9,92,3.37,0.0,0.0,,8.7
16/12/2024,2,6,9.9,93,3.18,0.0,0.0,,8.8
16/12/2024,3,4,9.6,93,3.0,0.0,0.0,,8.5
16/12/2024,4,4,9.6,93,3.22,0.0,0.0,,8.4
16/12/2024,5,7,9.6,92,3.06,0.0,0.0,,8.4
16/12/2024,6,17,9.4,92,2.77,0.0,0.0,,8.2
16/12/2024,7,61,9.2,93,2.72,0.0,0.0,,8.1
16/12/2024,8,209,8.8,92,2.91,0.0,0.0,,7.7
16/12/2024,9,188,8.6,93,2.9,0.0,0.0,,7.5
16/12/2024,10,67,8.4,94,2.65,0.0,0.0,,7.5
16/12/2024,11,60,8.8,93,2.62,0.0,0.0,,7.7
16/12/2024,12,83,9.4,90,3.05,0.0,0.0,,7.9
16/12/2024,13,79,9.9,87,2.96,0.0,0.0,,7.9
16/12/2024,14,72,10.4,84,2.87,0.0,0.0,,7.8
16/12/2024,15,70,10.1,82,2.79,0.0,0.0,,7.1
16/12/2024,16,87,10.2,82,2.71,0.0,0.0,,7.2
16/12/2024,17,132,10.0,84,2.21,0.0,0.0,,7.4
16/12/2024,18,206,9.3,87,2.15,0.0,0.0,,7.2
16/12/2024,19,182,9.1,88,2.43,0.0,0.0,,7.2
16/12/2024,20,101,9.2,88,2.82,0.0,0.0,,7.3
16/12/2024,21,58,9.1,89,2.56,0.0,0.0,,7.3
16/12/2024,22,53,8.9,90,2.43,0.0,0.0,,7.3
16/12/2024,23,39,8.6,92,2.25,0.0,0.0,,7.3
17/01/2023,0,12,1.4,91,2.83,0.0,0.0,,0.1
17/01/2023,1,6,0.9,92,2.19,0.0,0.0,,-0.2
17/01/2023,2,4,3.2,83,2.19,0.0,0.0,,0.5
17/01/2023,3,3,2.2,88,1.17,0.0,0.0,,0.5
17/01/2023,4,3,0.3,95,1.49,0.0,0.0,,-0.4
17/01/2023,5,5,-0.2,97,1.42,0.0,0.0,,-0.7
17/01/2023,6,14,-0.4,97,1.56,0.0,0.0,,-0.9
17/01/2023,7,65,-0.7,98,1.48,0.0,0.0,,-1.0
17/01/2023,8,224,-0.9,98,1.58,0.0,0.0,,-1.2
17/01/2023,9,207,-1.1,98,1.77,0.0,0.0,,-1.4
17/01/2023,10,75,-0.3,98,1.84,0.0,0.0,,-0.6
17/01/2023,11,60,0.6,95,2.59,0.0,0.0,,0.0
17/01/2023,12,80,2.0,90,3.34,0.0,0.0,,0.6
17/01/2023,13,78,3.2,86,3.11,0.0,0.0,,1.2
17/01/2023,14,73,2.6,93,3.06,0.0,0.0,,1.6
17/01/2023,15,64,3.0,91,3.47,0.4,0.0,,1.6
17/01/2023,16,79,3.2,92,2.62,0.9,0.07,,2.0
17/01/2023,17,122,3.4,93,2.9,0.7,0.0,,2.3
17/01/2023,18,210,3.0,92,3.74,0.8,0.0,,1.8
17/01/2023,19,194,2.7,92,3.67,0.4,0.0,,1.5
17/01/2023,20,103,2.3,92,3.07,0.3,0.0,,1.1
17/01/2023,21,56,2.3,90,3.04,0.2,0.0,,0.9
17/01/2023,22,51,1.9,88,3.03,0.1,0.0,,0.2
17/01/2023,23,39,1.1,86,3.2,0.0,0.0,,-0.9
17/01/2024,0,17,-1.8,85,2.52,0.0,0.0,,-4.0
17/01/2024,1,8,-2.0,86,2.15,0.0,0.0,,-4.0
17/01/2024,2,5,-1.1,82,2.61,0.1,0.0,,-3.8
17/01/2024,3,3,-0.6,90,1.87,0.9,0.0,,-2.2
17/01/2024,4,3,-0.3,92,2.45,0.9,0.0,,-1.5
17/01/2024,5,4,-0.2,94,2.71,0.8,0.0,,-0.9
17/01/2024,6,10,0.1,96,2.8,1.7,0.0,,-0.4
17/01/2024,7,31,0.7,96,2.57,2.0,0.0,,0.2
17/01/2024,8,95,1.1,98,2.47,1.5,0.0,,0.8
17/01/2024,9,82,1.5,98,1.94,1.4,0.0,,1.2
17/01/2024,10,31,2.0,97,2.31,2.1,0.0,,1.5
17/01/2024,11,24,2.5,97,2.9,3.2,0.0,,2.0
17/01/2024,12,37,2.8,97,1.33,3.3,0.0,,2.4
17/01/2024,13,41,3.2,99,3.8,2.5,0.0,,3.1
17/01/2024,14,35,7.2,94,4.58,1.3,0.0,,6.3
17/01/2024,15,29,1.2,100,2.3,1.4,0.0,,1.2
17/01/2024,16,33,0.9,100,3.89,1.1,0.0,,0.9
17/01/2024,17,53,1.0,99,1.84,1.1,0.0,,0.8
17/01/2024,18,97,0.8,97,2.09,1.1,0.0,,0.3
17/01/2024,19,92,0.1,100,2.11,0.2,0.0,,0.1
17/01/2024,20,53,0.3,97,1.87,0.1,0.0,,-0.1
17/01/2024,21,33,0.3,95,2.91,0.1,0.0,,-0.3
17/01/2024,22,29,-0.2,96,2.97,0.3,0.0,,-0.7
17/01/2024,23,23,-0.4,96,3.04,0.3,0.0,,-0.9
17/02/2023,0,35,10.7,85,4.69,0.0,0.0,,8.4
17/02/2023,1,17,10.8,87,4.53,0.0,0.0,,8.7
17/02/2023,2,9,10.6,89,4.48,0.0,0.0,,8.9
17/02/2023,3,5,10.9,89,4.36,0.0,0.0,,9.1
17/02/2023,4,4,10.6,91,3.91,0.0,0.0,,9.3
17/02/2023,5,7,10.8,92,3.97,0.0,0.0,,9.4
17/02/2023,6,16,10.8,93,4.08,0.0,0.0,,9.6
17/02/2023,7,60,10.9,92,4.08,0.0,0.0,,9.7
17/02/2023,8,189,11.1,92,4.21,0.0,0.0,,9.8
17/02/2023,9,171,10.9,94,4.22,0.0,0.0,,9.9
17/02/2023,10,78,11.6,91,4.79,0.0,0.0,,10.1
17/02/2023,11,68,12.4,87,5.37,0.0,0.0,,10.4
17/02/2023,12,93,13.1,83,6.42,0.0,0.0,,10.3
17/02/2023,13,91,13.4,82,6.75,0.0,0.0,,10.3
17/02/2023,14,88,13.6,83,5.54,0.0,0.0,,10.8
17/02/2023,15,81,14.4,79,6.17,0.1,0.0,,10.8
17/02/2023,16,104,14.5,76,5.69,0.0,0.0,,10.4
17/02/2023,17,143,14.9,73,5.46,0.0,0.0,,10.0
17/02/2023,18,187,14.4,77,4.74,0.0,0.0,,10.4
17/02/2023,19,167,13.7,79,3.55,0.0,0.0,,10.1
17/02/2023,20,104,12.6,83,2.6,0.1,0.0,,9.9
17/02/2023,21,61,10.9,90,2.33,0.0,0.0,,9.4
17/02/2023,22,52,10.6,90,3.26,0.0,0.0,,9.1
17/02/2023,23,47,10.9,88,3.6,0.0,0.0,,8.9
17/02/2024,0,38,5.4,95,2.62,0.0,0.0,,4.7
17/02/2024,1,28,5.3,96,2.4,0.0,0.0,,4.7
17/02/2024,2,23,5.2,96,2.2,0.0,0.0,,4.6
17/02/2024,3,16,8.4,80,2.16,0.0,0.0,,5.2
17/02/2024,4,12,9.2,75,2.02,0.0,0.0,,5.0
17/02/2024,5,11,8.9,75,2.15,0.0,0.0,,4.8
17/02/2024,6,10,8.7,75,1.9,0.0,0.0,,4.5
17/02/2024,7,14,8.6,75,1.7,0.0,0.0,,4.3
17/02/2024,8,27,8.7,74,2.06,0.0,0.0,,4.2
17/02/2024,9,49,8.9,72,2.42,0.0,0.0,,4.2
17/02/2024,10,60,9.2,74,2.28,0.0,0.0,,4.8
17/02/2024,11,73,10.2,72,2.05,0.0,0.0,,5.3
17/02/2024,12,89,11.8,63,2.27,0.0,0.0,,5.1
17/02/2024,13,93,12.6,60,1.78,0.0,0.0,,4.9
17/02/2024,14,105,13.0,60,0.76,0.0,0.0,,5.3
17/02/2024,15,123,13.5,58,1.0,0.0,0.0,,5.3
17/02/2024,16,127,13.6,58,1.49,0.0,0.0,,5.5
17/02/2024,17,117,13.8,58,1.7,0.0,0.0,,5.7
17/02/2024,18,109,13.4,59,1.21,0.0,0.0,,5.7
17/02/2024,19,100,11.2,72,1.66,0.0,0.0,,6.3
17/02/2024,20,78,9.5,79,1.84,0.0,0.0,,6.1
17/02/2024,21,54,7.7,88,2.41,0.0,0.0,,5.8
17/02/2024,22,44,7.1,91,2.1,0.0,0.0,,5.7
17/02/2024,23,43,7.3,89,2.32,0.0,0.0,,5.7
17/03/2023,0,36,10.1,71,3.35,0.0,0.0,,5.1
17/03/2023,1,17,10.0,71,3.16,0.0,0.0,,5.1
17/03/2023,2,10,9.5,73,2.42,0.0,0.0,,4.9
17/03/2023,3,6,7.2,84,2.61,0.0,0.0,,4.7
17/03/2023,4,5,7.1,86,2.61,0.0,0.0,,4.9
17/03/2023,5,7,7.2,88,2.63,0.0,0.0,,5.3
17/03/2023,6,18,7.7,86,1.5,0.0,0.0,,5.6
17/03/2023,7,67,8.0,85,2.75,0.0,0.0,,5.6
17/03/2023,8,203,7.7,85,2.82,0.0,0.0,,5.3
17/03/2023,9,176,9.0,79,3.42,0.0,0.0,,5.5
17/03/2023,10,83,10.4,77,3.51,0.0,0.0,,6.6
17/03/2023,11,78,11.1,78,2.47,1.0,0.0,,7.3
17/03/2023,12,105,10.5,81,3.76,0.0,0.0,,7.3
17/03/2023,13,99,12.8,72,3.92,0.0,0.0,,7.8
17/03/2023,14,94,15.2,58,5.74,0.0,0.0,,7.0
17/03/2023,15,88,15.9,58,6.96,0.0,0.0,,7.6
17/03/2023,16,109,15.4,63,6.12,0.0,0.0,,8.4
17/03/2023,17,152,14.7,72,3.72,0.5,0.0,,9.8
17/03/2023,18,188,15.1,69,3.74,0.0,0.0,,9.4
17/03/2023,19,151,14.7,71,2.55,0.8,0.0,,9.6
17/03/2023,20,73,12.6,86,2.41,2.3,0.0,,10.4
17/03/2023,21,49,12.2,89,2.94,2.1,0.0,,10.5
17/03/2023,22,46,11.9,89,3.67,0.2,0.0,,10.1
17/03/2023,23,47,10.9,92,3.2,0.2,0.0,,9.6
17/03/2024,0,43,9.9,88,2.24,0.0,0.0,,8.0
17/03/2024,1,32,9.2,92,2.09,0.0,0.0,,7.9
17/03/2024,2,27,8.6,93,2.21,0.0,0.0,,7.6
17/03/2024,3,17,8.9,94,2.21,0.0,0.0,,8.1
17/03/2024,4,11,9.1,94,2.16,0.0,0.0,,8.1
17/03/2024,5,8,9.6,93,2.72,0.5,0.0,,8.4
17/03/2024,6,8,9.8,93,2.98,0.9,0.0,,8.6
17/03/2024,7,9,9.8,93,3.36,0.7,0.0,,8.8
17/03/2024,8,16,9.7,94,3.32,0.3,0.0,,8.8
17/03/2024,9,24,9.9,94,3.55,0.2,0.0,,9.1
17/03/2024,10,31,10.2,94,4.03,0.4,0.0,,9.4
17/03/2024,11,33,10.8,94,3.61,0.8,0.0,,9.9
17/03/2024,12,41,11.3,93,4.05,0.5,0.0,,10.2
17/03/2024,13,44,12.0,93,3.55,0.1,0.0,,10.9
17/03/2024,14,47,13.1,90,4.05,0.0,0.0,,11.4
17/03/2024,15,60,12.9,88,4.31,0.3,0.0,,11.0
17/03/2024,16,68,15.1,78,4.12,0.1,0.0,,11.2
17/03/2024,17,79,15.1,78,3.14,0.1,0.0,,11.2
17/03/2024,18,76,14.7,82,2.38,0.0,0.0,,11.6
17/03/2024,19,64,14.4,87,0.85,0.0,0.0,,12.2
17/03/2024,20,49,13.1,87,1.2,0.0,0.0,,11.0
17/03/2024,21,39,10.6,94,1.84,0.0,0.0,,9.8
17/03/2024,22,32,9.6,98,2.33,0.0,0.0,,9.2
17/03/2024,23,24,9.4,99,2.5,0.1,0.0,,9.1
17/04/2023,0,15,5.9,81,2.3,0.0,0.0,,3.0
17/04/2023,1,8,5.1,83,2.32,0.0,0.0,,2.5
17/04/2023,2,5,4.8,86,2.24,0.0,0.0,,2.6
17/04/2023,3,3,4.2,89,2.1,0.0,0.0,,2.5
17/04/2023,4,3,3.5,92,2.01,0.0,0.0,,2.3
17/04/2023,5,6,3.4,93,2.31,0.0,0.0,,2.4
17/04/2023,6,18,3.2,95,2.24,0.0,0.0,,2.5
17/04/2023,7,76,3.1,96,1.96,0.0,0.0,,2.5
17/04/2023,8,267,4.6,94,2.55,0.0,0.0,,3.7
17/04/2023,9,223,6.4,89,3.23,0.0,0.0,,4.8
17/04/2023,10,76,7.9,85,3.2,0.0,0.0,,5.6
17/04/2023,11,64,8.9,82,3.64,0.0,0.0,,5.9
17/04/2023,12,79,10.1,76,4.03,0.0,0.0,,6.2
17/04/2023,13,83,11.7,71,4.47,0.0,0.0,,6.7
17/04/2023,14,74,11.4,71,5.11,0.0,0.0,,6.4
17/04/2023,15,70,11.9,70,5.46,0.0,0.0,,6.6
17/04/2023,16,91,12.4,68,5.73,0.0,0.0,,6.6
17/04/2023,17,153,12.4,67,5.86,0.0,0.0,,6.3
17/04/2023,18,253,12.4,67,5.95,0.1,0.0,,6.4
17/04/2023,19,231,12.1,67,5.56,0.0,0.0,,6.2
17/04/2023,20,120,11.4,71,4.07,0.0,0.0,,6.4
17/04/2023,21,63,10.8,75,3.76,0.0,0.0,,6.4
17/04/2023,22,53,9.3,81,3.23,0.0,0.0,,6.2
17/04/2023,23,38,8.4,85,3.16,0.0,0.0,,6.0
17/04/2024,0,27,5.9,86,3.71,0.0,0.0,,3.7
17/04/2024,1,13,5.6,89,3.8,0.0,0.0,,3.9
17/04/2024,2,8,5.2,92,3.67,0.0,0.0,,4.0
17/04/2024,3,4,5.4,94,2.47,0.0,0.0,,4.5
17/04/2024,4,4,5.0,94,2.52,0.0,0.0,,4.2
17/04/2024,5,8,4.6,95,2.52,0.0,0.0,,3.8
17/04/2024,6,18,4.2,96,2.51,0.0,0.0,,3.6
17/04/2024,7,50,4.1,96,2.55,0.0,0.0,,3.5
17/04/2024,8,163,5.2,93,3.29,0.0,0.0,,4.1
17/04/2024,9,183,6.7,86,3.35,0.0,0.0,,4.6
17/04/2024,10,71,8.1,79,3.97,0.0,0.0,,4.6
17/04/2024,11,61,9.4,64,4.18,0.0,0.0,,3.0
17/04/2024,12,80,10.4,59,3.94,0.0,0.0,,2.8
17/04/2024,13,69,11.3,57,4.14,0.0,0.0,,3.0
17/04/2024,14,65,11.8,55,5.26,0.1,0.0,,3.0
17/04/2024,15,46,7.8,80,4.62,2.0,0.0,,4.6
17/04/2024,16,62,9.2,76,4.33,0.1,0.0,,5.2
17/04/2024,17,104,10.1,58,6.5,0.1,0.0,,2.3
17/04/2024,18,182,9.2,62,6.06,0.1,0.0,,2.3
17/04/2024,19,183,9.1,56,5.7,0.0,0.0,,0.9
17/04/2024,20,106,8.4,60,4.48,0.0,0.0,,1.1
17/04/2024,21,63,6.8,67,2.97,0.0,0.0,,1.2
17/04/2024,22,61,5.2,77,2.0,0.0,0.0,,1.5
17/04/2024,23,50,4.2,83,1.93,0.0,0.0,,1.5
17/05/2023,0,30,7.8,87,1.97,0.0,0.0,,5.8
17/05/2023,1,13,7.6,89,2.53,0.0,0.0,,5.8
17/05/2023,2,7,7.6,89,2.77,0.0,0.0,,5.9
17/05/2023,3,4,7.5,91,2.62,0.0,0.0,,6.1
17/05/2023,4,4,7.0,92,2.4,0.0,0.0,,5.8
17/05/2023,5,8,6.4,94,2.11,0.0,0.0,,5.5
17/05/2023,6,20,5.9,95,2.22,0.0,0.0,,5.2
17/05/2023,7,78,6.4,94,2.73,0.0,0.0,,5.4
17/05/2023,8,238,7.9,88,2.92,0.0,0.0,,6.1
17/05/2023,9,213,9.6,81,3.23,0.0,0.0,,6.6
17/05/2023,10,90,11.5,72,3.53,0.0,0.0,,6.7
17/05/2023,11,81,13.1,63,4.07,0.0,0.0,,6.2
17/05/2023,12,112,14.4,59,4.57,0.0,0.0,,6.7
17/05/2023,13,111,15.6,55,5.88,0.1,0.0,,6.6
17/05/2023,14,96,16.0,53,6.1,0.0,0.0,,6.3
17/05/2023,15,91,16.1,51,6.21,0.0,0.0,,5.9
17/05/2023,16,109,15.6,55,5.78,0.0,0.0,,6.7
17/05/2023,17,160,15.9,55,5.82,0.0,0.0,,6.8
17/05/2023,18,240,15.6,57,5.87,0.0,0.0,,7.2
17/05/2023,19,222,15.3,59,5.52,0.0,0.0,,7.3
17/05/2023,20,141,14.9,62,3.73,0.0,0.0,,7.7
17/05/2023,21,80,13.2,66,3.0,0.0,0.0,,7.1
17/05/2023,22,60,11.5,71,2.82,0.0,0.0,,6.3
17/05/2023,23,59,10.4,74,2.82,0.0,0.0,,5.9
17/05/2024,0,47,11.4,88,1.77,0.0,0.0,,9.6
17/05/2024,1,27,10.6,92,1.71,0.0,0.0,,9.4
17/05/2024,2,15,10.5,92,1.77,0.0,0.0,,9.2
17/05/2024,3,8,10.5,94,1.57,0.0,0.0,,9.5
17/05/2024,4,6,10.1,94,1.53,0.0,0.0,,9.2
17/05/2024,5,10,9.7,95,1.75,0.0,0.0,,9.0
17/05/2024,6,21,9.4,95,1.66,0.0,0.0,,8.8
17/05/2024,7,72,10.4,93,1.36,0.0,0.0,,9.3
17/05/2024,8,198,11.4,89,0.85,0.0,0.0,,9.6
17/05/2024,9,176,12.9,85,1.03,0.0,0.0,,10.4
17/05/2024,10,91,14.5,78,1.63,0.0,0.0,,10.7
17/05/2024,11,85,15.8,67,1.96,0.0,0.0,,9.8
17/05/2024,12,109,16.8,64,1.62,0.0,0.0,,9.9
17/05/2024,13,108,17.6,62,1.92,0.0,0.0,,10.2
17/05/2024,14,102,18.1,58,1.92,0.1,0.0,,9.8
17/05/2024,15,100,18.5,51,1.7,0.0,0.0,,8.4
17/05/2024,16,120,18.1,56,2.69,0.1,0.0,,9.2
17/05/2024,17,158,18.0,59,1.87,0.3,0.0,,9.8
17/05/2024,18,184,18.1,56,1.39,0.0,0.0,,9.3
17/05/2024,19,163,17.9,56,0.58,0.0,0.0,,8.9
17/05/2024,20,118,17.7,56,0.3,0.0,0.0,,8.9
17/05/2024,21,77,16.1,74,1.12,0.0,0.0,,11.5
17/05/2024,22,64,15.1,73,1.35,0.0,0.0,,10.2
17/05/2024,23,59,14.3,78,1.28,0.0,0.0,,10.5
17/06/2023,0,74,20.0,54,1.97,0.0,0.0,,10.4
17/06/2023,1,49,18.9,60,2.01,0.0,0.0,,10.8
17/06/2023,2,38,19.0,63,2.02,0.0,0.0,,11.9
17/06/2023,3,22,18.5,65,1.75,0.0,0.0,,11.8
17/06/2023,4,16,18.1,67,1.39,0.0,0.0,,11.9
17/06/2023,5,16,17.1,73,2.01,0.0,0.0,,12.2
17/06/2023,6,17,17.0,71,1.43,0.0,0.0,,11.6
17/06/2023,7,45,18.0,66,2.68,0.0,0.0,,11.6
17/06/2023,8,50,19.6,62,2.6,0.0,0.0,,12.1
17/06/2023,9,76,20.7,58,2.97,0.0,0.0,,12.2
17/06/2023,10,91,22.5,53,2.55,0.0,0.0,,12.4
17/06/2023,11,104,22.1,60,4.21,0.0,0.0,,14.0
17/06/2023,12,123,24.0,57,3.62,0.0,0.0,,14.9
17/06/2023,13,111,26.2,51,3.56,0.0,0.0,,15.1
17/06/2023,14,111,30.0,33,3.71,0.0,0.0,,12.2
17/06/2023,15,122,29.9,32,3.61,0.0,0.0,,11.5
17/06/2023,16,97,30.1,32,2.93,0.0,0.0,,11.5
17/06/2023,17,135,30.5,31,2.47,0.0,0.0,,11.6
17/06/2023,18,135,30.2,32,2.21,0.0,0.0,,11.8
17/06/2023,19,136,30.2,32,2.26,0.0,0.0,,11.7
17/06/2023,20,113,28.4,37,1.24,0.0,0.0,,12.4
17/06/2023,21,80,26.4,46,2.51,0.1,0.0,,13.8
17/06/2023,22,68,26.0,47,0.51,0.0,0.0,,13.9
17/06/2023,23,76,23.2,62,1.53,0.0,0.0,,15.5
17/06/2024,0,19,14.6,90,2.64,0.1,0.0,,12.9
17/06/2024,1,12,14.6,90,4.08,1.2,0.0,,12.9
17/06/2024,2,8,14.1,94,2.76,0.7,0.0,,13.1
17/06/2024,3,5,14.1,93,2.62,0.1,0.0,,12.9
17/06/2024,4,5,13.6,94,2.2,0.0,0.0,,12.6
17/06/2024,5,8,13.3,95,2.12,0.0,0.0,,12.5
17/06/2024,6,21,13.1,95,2.13,0.0,0.0,,12.3
17/06/2024,7,72,13.8,93,2.55,0.0,0.0,,12.8
17/06/2024,8,240,15.1,91,1.94,0.0,0.0,,13.6
17/06/2024,9,212,16.2,89,1.35,0.0,0.0,,14.4
17/06/2024,10,79,17.8,75,2.37,0.1,0.0,,13.4
17/06/2024,11,72,18.5,70,2.56,0.0,0.0,,12.8
17/06/2024,12,90,19.1,67,2.33,0.1,0.0,,12.9
17/06/2024,13,89,20.2,62,2.56,0.2,0.0,,12.6
17/06/2024,14,84,21.2,58,2.92,0.3,0.0,,12.6
17/06/2024,15,81,21.4,63,2.01,0.1,0.0,,14.1
17/06/2024,16,102,20.9,66,2.59,0.2,0.0,,14.4
17/06/2024,17,160,21.6,63,2.37,0.2,0.0,,14.3
17/06/2024,18,248,21.9,61,2.8,0.1,0.0,,14.1
17/06/2024,19,217,21.1,65,2.97,0.1,0.0,,14.4
17/06/2024,20,132,19.6,73,0.85,0.0,0.0,,14.6
17/06/2024,21,71,19.1,78,0.63,0.0,0.0,,15.2
17/06/2024,22,59,17.7,86,1.52,0.0,0.0,,15.4
17/06/2024,23,74,16.4,89,1.7,0.0,0.0,,14.5
17/07/2023,0,21,18.8,53,2.47,0.0,0.0,,8.9
17/07/2023,1,14,17.0,63,1.78,0.0,0.0,,10.0
17/07/2023,2,8,15.6,85,1.34,0.0,0.0,,13.0
17/07/2023,3,5,14.2,91,1.89,0.0,0.0,,12.9
17/07/2023,4,5,13.8,93,1.44,0.0,0.0,,12.8
17/07/2023,5,10,13.7,89,1.97,0.0,0.0,,12.0
17/07/2023,6,21,13.7,83,2.27,0.0,0.0,,10.8
17/07/2023,7,67,14.2,81,2.7,0.0,0.0,,11.0
17/07/2023,8,212,15.8,75,2.77,0.0,0.0,,11.4
17/07/2023,9,202,17.6,67,3.33,0.0,0.0,,11.6
17/07/2023,10,76,19.4,58,3.81,0.0,0.0,,10.9
17/07/2023,11,66,20.9,50,4.21,0.0,0.0,,10.0
17/07/2023,12,83,22.2,43,4.9,0.0,0.0,,9.1
17/07/2023,13,82,23.9,36,5.71,0.0,0.0,,8.0
17/07/2023,14,77,23.9,37,5.17,0.0,0.0,,8.3
17/07/2023,15,79,23.9,36,5.26,0.0,0.0,,7.9
17/07/2023,16,90,24.5,34,5.22,0.0,0.0,,7.4
17/07/2023,17,147,24.1,34,4.6,0.0,0.0,,7.3
17/07/2023,18,241,24.4,35,4.5,0.0,0.0,,7.8
17/07/2023,19,220,24.1,35,4.12,0.0,0.0,,7.9
17/07/2023,20,125,23.6,36,3.23,0.0,0.0,,7.8
17/07/2023,21,76,22.7,40,1.98,0.0,0.0,,8.2
17/07/2023,22,70,20.2,50,1.55,0.0,0.0,,9.4
17/07/2023,23,51,19.1,54,2.78,0.0,0.0,,9.6
17/07/2024,0,37,16.9,77,1.6,0.0,0.0,,12.8
17/07/2024,1,19,16.5,79,1.65,0.0,0.0,,12.8
17/07/2024,2,12,15.7,82,1.51,0.0,0.0,,12.7
17/07/2024,3,6,15.3,89,1.4,0.0,0.0,,13.4
17/07/2024,4,6,14.0,93,1.73,0.0,0.0,,12.9
17/07/2024,5,11,13.6,95,1.61,0.0,0.0,,12.8
17/07/2024,6,22,13.1,95,1.61,0.0,0.0,,12.3
17/07/2024,7,67,13.7,93,1.81,0.0,0.0,,12.6
17/07/2024,8,208,15.1,86,1.4,0.0,0.0,,12.8
17/07/2024,9,208,16.7,80,1.04,0.0,0.0,,13.3
17/07/2024,10,87,18.4,75,0.71,0.0,0.0,,13.9
17/07/2024,11,77,20.0,67,0.57,0.0,0.0,,13.6
17/07/2024,12,97,21.4,58,0.71,0.0,0.0,,12.9
17/07/2024,13,94,22.5,53,0.78,0.0,0.0,,12.4
17/07/2024,14,91,23.8,47,0.92,0.0,0.0,,11.9
17/07/2024,15,85,23.8,48,0.86,0.0,0.0,,12.1
17/07/2024,16,98,24.0,47,0.81,0.0,0.0,,12.2
17/07/2024,17,151,24.2,47,0.82,0.0,0.0,,12.2
17/07/2024,18,243,24.0,48,1.13,0.0,0.0,,12.2
17/07/2024,19,226,23.6,50,1.26,0.0,0.0,,12.5
17/07/2024,20,135,23.8,49,1.04,0.0,0.0,,12.4
17/07/2024,21,90,22.3,59,1.58,0.0,0.0,,14.0
17/07/2024,22,78,20.0,64,2.62,0.0,0.0,,13.1
17/07/2024,23,74,18.8,68,2.24,0.0,0.0,,12.9
17/08/2023,0,24,19.6,82,2.62,0.0,0.0,,16.4
17/08/2023,1,13,19.1,85,2.62,0.0,0.0,,16.5
17/08/2023,2,9,19.8,81,3.48,0.0,0.0,,16.5
17/08/2023,3,4,19.0,88,1.43,0.6,0.0,,17.0
17/08/2023,4,5,18.5,91,2.51,0.1,0.0,,17.0
17/08/2023,5,7,17.9,92,2.78,0.0,0.0,,16.6
17/08/2023,6,16,17.5,94,2.41,0.0,0.0,,16.4
17/08/2023,7,43,16.7,96,1.5,0.0,0.0,,16.1
17/08/2023,8,117,17.6,94,2.89,0.0,0.0,,16.7
17/08/2023,9,114,18.7,91,3.08,0.0,0.0,,17.1
17/08/2023,10,57,20.5,82,2.97,0.0,0.0,,17.4
17/08/2023,11,53,21.9,80,2.34,0.0,0.0,,18.1
17/08/2023,12,64,23.5,73,2.77,0.0,0.0,,18.4
17/08/2023,13,61,24.9,65,2.84,0.0,0.0,,17.8
17/08/2023,14,63,26.2,53,2.1,0.0,0.0,,15.8
17/08/2023,15,66,27.0,52,2.73,0.0,0.0,,16.2
17/08/2023,16,77,27.5,52,3.32,0.0,0.0,,16.7
17/08/2023,17,121,27.4,53,3.48,0.0,0.0,,17.0
17/08/2023,18,174,27.0,56,3.72,0.0,0.0,,17.4
17/08/2023,19,137,26.5,58,3.07,0.0,0.0,,17.6
17/08/2023,20,90,25.4,66,2.11,0.0,0.0,,18.5
17/08/2023,21,65,23.0,75,1.84,0.0,0.0,,18.4
17/08/2023,22,56,21.9,80,2.22,0.0,0.0,,18.2
17/08/2023,23,46,20.6,86,1.79,0.0,0.0,,18.1
17/08/2024,0,28,20.9,81,1.64,0.0,0.0,,17.5
17/08/2024,1,19,20.9,80,2.13,0.0,0.0,,17.3
17/08/2024,2,15,20.3,81,2.48,0.0,0.0,,17.0
17/08/2024,3,9,21.0,83,2.79,0.0,0.0,,18.0
17/08/2024,4,8,20.4,85,2.67,0.0,0.0,,17.8
17/08/2024,5,8,20.2,86,1.97,0.0,0.0,,17.8
17/08/2024,6,9,19.9,88,1.84,0.0,0.0,,17.8
17/08/2024,7,11,19.9,88,2.2,0.0,0.0,,17.8
17/08/2024,8,14,20.0,87,1.84,0.0,0.0,,17.7
17/08/2024,9,18,20.0,87,1.7,0.1,0.0,,17.8
17/08/2024,10,22,20.1,87,1.96,0.2,0.0,,17.9
17/08/2024,11,26,20.5,84,1.82,0.0,0.0,,17.8
17/08/2024,12,32,21.0,81,1.34,0.0,0.0,,17.7
17/08/2024,13,35,21.2,80,1.5,0.0,0.0,,17.6
17/08/2024,14,33,21.6,77,2.36,0.0,0.0,,17.4
17/08/2024,15,30,21.0,81,1.12,1.6,0.0,,17.7
17/08/2024,16,32,20.5,86,1.98,1.9,0.0,,18.0
17/08/2024,17,23,20.2,89,1.71,2.7,0.0,,18.4
17/08/2024,18,26,20.1,91,1.17,2.5,0.0,,18.5
17/08/2024,19,33,20.1,91,1.32,2.0,0.0,,18.5
17/08/2024,20,31,19.5,92,2.7,3.1,0.0,,18.3
17/08/2024,21,21,19.0,92,3.12,4.4,0.0,,17.6
17/08/2024,22,17,18.5,93,3.44,4.8,0.0,,17.3
17/08/2024,23,17,17.8,93,4.18,3.6,0.0,,16.6
17/09/2023,0,67,18.0,92,1.84,0.0,0.0,,16.5
17/09/2023,1,51,17.1,94,2.21,0.0,0.0,,16.1
17/09/2023,2,43,20.0,90,0.85,0.0,0.0,,18.2
17/09/2023,3,26,19.7,90,1.06,0.4,0.0,,18.0
17/09/2023,4,15,18.4,95,0.5,0.1,0.0,,17.5
17/09/2023,5,13,18.5,96,0.36,0.0,0.0,,17.9
17/09/2023,6,11,17.3,99,1.26,0.0,0.0,,17.1
17/09/2023,7,16,17.3,98,2.24,0.0,0.0,,17.0
17/09/2023,8,35,17.2,96,2.59,0.0,0.0,,16.6
17/09/2023,9,67,17.8,94,2.98,0.0,0.0,,16.8
17/09/2023,10,98,19.0,90,2.62,0.0,0.0,,17.4
17/09/2023,11,127,20.5,86,2.86,0.0,0.0,,18.0
17/09/2023,12,150,22.0,79,2.48,0.0,0.0,,18.2
17/09/2023,13,141,24.3,71,2.7,0.0,0.0,,18.7
17/09/2023,14,154,19.9,82,3.95,0.0,0.0,,16.8
17/09/2023,15,183,21.7,78,3.71,0.2,0.0,,17.6
17/09/2023,16,196,22.7,74,4.12,0.0,0.0,,17.9
17/09/2023,17,190,23.2,75,2.58,0.0,0.0,,18.5
17/09/2023,18,187,23.6,73,2.94,0.0,0.0,,18.5
17/09/2023,19,146,23.1,77,2.13,0.0,0.0,,18.8
17/09/2023,20,104,21.5,84,1.64,0.0,0.0,,18.6
17/09/2023,21,54,21.0,86,2.31,0.0,0.0,,18.5
17/09/2023,22,29,21.0,80,3.98,0.2,0.0,,17.4
17/09/2023,23,26,19.8,87,2.19,2.3,0.0,,17.5
17/09/2024,0,23,13.8,82,4.02,0.0,0.0,,10.8
17/09/2024,1,12,13.1,84,4.06,0.0,0.0,,10.6
17/09/2024,2,7,12.8,87,3.91,0.0,0.0,,10.7
17/09/2024,3,5,13.5,87,4.02,0.0,0.0,,11.4
17/09/2024,4,5,12.8,91,4.05,0.0,0.0,,11.3
17/09/2024,5,8,12.3,91,4.11,0.0,0.0,,10.9
17/09/2024,6,22,11.9,93,4.12,0.0,0.0,,10.7
17/09/2024,7,94,11.6,93,4.22,0.0,0.0,,10.4
17/09/2024,8,304,11.4,93,4.21,0.0,0.0,,10.2
17/09/2024,9,254,12.9,86,5.64,0.0,0.0,,10.8
17/09/2024,10,98,13.8,85,5.99,0.0,0.0,,11.2
17/09/2024,11,85,14.9,81,6.23,0.0,0.0,,11.7
17/09/2024,12,110,16.7,69,6.76,0.0,0.0,,11.0
17/09/2024,13,106,18.6,62,6.4,0.0,0.0,,11.2
17/09/2024,14,100,19.9,57,7.29,0.0,0.0,,11.2
17/09/2024,15,97,19.8,60,6.08,0.0,0.0,,11.8
17/09/2024,16,124,20.5,57,6.72,0.0,0.0,,11.8
17/09/2024,17,203,21.0,55,6.65,0.0,0.0,,11.6
17/09/2024,18,305,20.9,56,6.87,0.0,0.0,,11.9
17/09/2024,19,266,19.9,61,6.04,0.0,0.0,,12.1
17/09/2024,20,152,18.0,68,5.0,0.0,0.0,,12.0
17/09/2024,21,86,17.1,72,5.47,0.0,0.0,,12.1
17/09/2024,22,78,16.5,75,5.3,0.0,0.0,,12.1
17/09/2024,23,62,16.0,78,4.74,0.0,0.0,,12.1
17/10/2023,0,18,7.8,63,2.82,0.0,0.0,,1.3
17/10/2023,1,8,7.4,64,3.31,0.0,0.0,,1.1
17/10/2023,2,5,6.8,69,2.64,0.0,0.0,,1.5
17/10/2023,3,3,6.2,72,2.47,0.0,0.0,,1.5
17/10/2023,4,3,5.6,75,2.33,0.0,0.0,,1.5
17/10/2023,5,8,5.2,77,2.5,0.0,0.0,,1.5
17/10/2023,6,22,4.9,79,2.58,0.0,0.0,,1.5
17/10/2023,7,97,4.9,79,2.73,0.0,0.0,,1.6
17/10/2023,8,335,4.6,82,2.39,0.0,0.0,,1.8
17/10/2023,9,292,5.4,79,3.26,0.0,0.0,,2.0
17/10/2023,10,104,7.3,73,3.01,0.0,0.0,,2.8
17/10/2023,11,86,9.4,67,2.75,0.0,0.0,,3.7
17/10/2023,12,118,11.6,64,2.82,0.0,0.0,,4.9
17/10/2023,13,116,13.4,61,2.96,0.0,0.0,,6.2
17/10/2023,14,109,15.3,60,3.35,0.0,0.0,,7.5
17/10/2023,15,105,15.8,60,3.61,0.0,0.0,,8.0
17/10/2023,16,132,15.9,61,3.89,0.0,0.0,,8.4
17/10/2023,17,213,15.8,62,3.89,0.0,0.0,,8.6
17/10/2023,18,340,15.1,67,3.48,0.0,0.0,,9.0
17/10/2023,19,293,14.7,69,3.81,0.0,0.0,,9.1
17/10/2023,20,153,14.8,70,3.81,0.0,0.0,,9.4
17/10/2023,21,87,14.6,72,3.8,0.0,0.0,,9.5
17/10/2023,22,79,14.5,71,3.8,0.0,0.0,,9.2
17/10/2023,23,60,14.6,69,3.9,0.0,0.0,,9.0
17/10/2024,0,30,17.2,93,3.3,3.3,0.0,,16.1
17/10/2024,1,16,17.4,92,4.05,0.1,0.0,,16.1
17/10/2024,2,10,17.4,92,4.63,0.0,0.0,,16.1
17/10/2024,3,6,17.0,92,4.18,0.0,0.0,,15.6
17/10/2024,4,5,16.2,94,3.51,0.0,0.0,,15.1
17/10/2024,5,9,15.7,94,3.76,0.0,0.0,,14.8
17/10/2024,6,20,15.6,94,3.15,0.0,0.0,,14.8
17/10/2024,7,71,16.0,93,3.33,0.0,0.0,,14.9
17/10/2024,8,223,16.0,93,2.02,0.0,0.0,,14.9
17/10/2024,9,214,16.2,92,1.68,0.1,0.0,,15.0
17/10/2024,10,73,16.3,94,1.55,0.0,0.0,,15.4
17/10/2024,11,56,16.6,94,2.13,0.1,0.0,,15.6
17/10/2024,12,75,17.4,91,1.84,0.1,0.0,,15.9
17/10/2024,13,84,18.1,89,0.92,0.1,0.0,,16.2
17/10/2024,14,75,18.1,88,0.92,0.1,0.0,,16.0
17/10/2024,15,74,17.2,90,2.33,1.7,0.0,,15.6
17/10/2024,16,76,17.2,91,1.87,1.8,0.0,,15.7
17/10/2024,17,85,17.2,91,1.71,0.6,0.0,,15.8
17/10/2024,18,127,16.5,92,2.6,0.9,0.0,,15.2
17/10/2024,19,149,15.8,97,2.65,3.0,0.0,,15.2
17/10/2024,20,96,15.9,95,3.35,0.9,0.0,,15.1
17/10/2024,21,59,15.8,95,3.17,0.1,0.0,,15.0
17/10/2024,22,54,15.6,95,3.92,0.1,0.0,,14.7
17/10/2024,23,47,15.2,93,4.3,0.1,0.0,,14.1
17/11/2023,0,28,7.3,91,3.93,0.0,0.0,,5.9
17/11/2023,1,17,7.5,91,3.42,0.1,0.0,,6.2
17/11/2023,2,10,7.6,91,3.71,0.0,0.0,,6.2
17/11/2023,3,6,7.3,92,3.42,0.0,0.0,,6.2
17/11/2023,4,5,6.9,92,3.62,0.0,0.0,,5.8
17/11/2023,5,8,6.4,92,3.04,0.0,0.0,,5.2
17/11/2023,6,16,5.9,92,2.82,0.0,0.0,,4.8
17/11/2023,7,66,5.8,91,3.09,0.0,0.0,,4.4
17/11/2023,8,202,6.2,90,3.5,0.0,0.0,,4.7
17/11/2023,9,175,6.6,91,3.99,0.0,0.0,,5.2
17/11/2023,10,83,6.9,92,4.08,0.0,0.0,,5.7
17/11/2023,11,77,8.3,88,4.64,0.0,0.0,,6.4
17/11/2023,12,103,9.6,83,5.2,0.0,0.0,,6.9
17/11/2023,13,76,10.6,77,5.53,0.0,0.0,,6.7
17/11/2023,14,92,11.4,71,5.29,0.1,0.0,,6.4
17/11/2023,15,93,11.2,77,3.75,0.0,0.0,,7.3
17/11/2023,16,116,11.2,73,4.49,0.1,0.0,,6.5
17/11/2023,17,164,10.7,74,3.08,0.0,0.0,,6.2
17/11/2023,18,206,8.4,85,2.0,0.0,0.0,,6.1
17/11/2023,19,176,6.4,91,2.67,0.0,0.0,,5.1
17/11/2023,20,112,6.2,92,2.24,0.0,0.0,,4.9
17/11/2023,21,65,6.2,93,2.26,0.0,0.0,,5.1
17/11/2023,22,59,7.0,92,1.61,0.0,0.0,,5.8
17/11/2023,23,54,7.7,90,1.58,0.0,0.0,,6.1
17/11/2024,0,47,5.6,87,2.04,0.0,0.0,,3.6
17/11/2024,1,35,4.9,88,2.26,0.0,0.0,,3.2
17/11/2024,2,31,4.2,90,1.72,0.0,0.0,,2.7
17/11/2024,3,19,5.4,88,2.11,0.0,0.0,,3.5
17/11/2024,4,14,5.8,89,2.9,0.0,0.0,,4.1
17/11/2024,5,9,6.2,84,2.69,0.0,0.0,,3.8
17/11/2024,6,8,6.7,81,2.84,0.0,0.0,,3.8
17/11/2024,7,10,7.1,81,3.04,0.0,0.0,,4.0
17/11/2024,8,23,7.4,82,3.23,0.0,0.0,,4.6
17/11/2024,9,32,7.7,83,3.21,0.0,0.0,,5.0
17/11/2024,10,49,7.9,84,3.18,0.0,0.0,,5.4
17/11/2024,11,62,8.3,85,3.0,0.0,0.0,,5.9
17/11/2024,12,82,8.8,87,2.76,0.1,0.0,,6.8
17/11/2024,13,80,9.4,88,2.5,0.0,0.0,,7.6
17/11/2024,14,77,10.4,84,3.44,0.1,0.0,,7.8
17/11/2024,15,87,8.9,91,2.38,0.1,0.0,,7.6
17/11/2024,16,94,9.6,86,2.45,0.1,0.0,,7.4
17/11/2024,17,94,9.6,84,1.96,0.0,0.0,,7.1
17/11/2024,18,90,8.8,88,2.21,0.0,0.0,,6.8
17/11/2024,19,77,8.1,91,2.62,0.0,0.0,,6.7
17/11/2024,20,57,7.8,91,2.72,0.0,0.0,,6.4
17/11/2024,21,44,7.2,93,2.87,0.0,0.0,,6.2
17/11/2024,22,37,6.9,93,2.98,0.0,0.0,,5.8
17/11/2024,23,28,6.7,93,3.38,0.0,0.0,,5.6
17/12/2023,0,41,1.8,95,2.62,0.0,0.0,,1.1
17/12/2023,1,37,3.2,91,1.72,0.0,0.0,,1.9
17/12/2023,2,30,2.5,93,1.22,0.0,0.0,,1.5
17/12/2023,3,17,2.2,98,0.32,0.0,0.0,,2.0
17/12/2023,4,12,1.8,100,0.51,0.0,0.0,,1.8
17/12/2023,5,8,1.1,100,1.24,0.0,0.0,,1.1
17/12/2023,6,8,1.2,99,2.1,0.0,0.0,,1.0
17/12/2023,7,9,1.2,98,2.2,0.0,0.0,,1.0
17/12/2023,8,20,1.5,97,2.16,0.0,0.0,,1.0
17/12/2023,9,35,1.5,98,2.28,0.0,0.0,,1.2
17/12/2023,10,57,1.5,99,2.61,0.0,0.0,,1.5
17/12/2023,11,71,1.9,99,3.05,0.0,0.0,,1.8
17/12/2023,12,91,2.6,98,3.18,0.0,0.0,,2.3
17/12/2023,13,88,3.8,93,2.33,0.0,0.0,,2.8
17/12/2023,14,93,4.8,90,1.77,0.0,0.0,,3.3
17/12/2023,15,107,6.6,84,0.95,0.0,0.0,,4.0
17/12/2023,16,109,6.9,84,1.53,0.0,0.0,,4.3
17/12/2023,17,105,6.4,88,2.28,0.0,0.0,,4.6
17/12/2023,18,89,4.4,96,2.06,0.0,0.0,,3.8
17/12/2023,19,77,2.5,99,3.01,0.0,0.0,,2.3
17/12/2023,20,52,2.4,99,2.5,0.0,0.0,,2.3
17/12/2023,21,36,1.8,99,2.82,0.0,0.0,,1.6
17/12/2023,22,31,1.2,99,2.98,0.0,0.0,,1.0
17/12/2023,23,23,0.8,99,3.0,0.0,0.0,,0.6
17/12/2024,0,20,8.6,92,2.02,0.0,0.0,,7.4
17/12/2024,1,11,8.1,94,2.15,0.0,0.0,,7.2
17/12/2024,2,7,7.7,95,1.79,0.0,0.0,,6.9
17/12/2024,3,4,7.3,97,1.41,0.0,0.0,,6.8
17/12/2024,4,4,7.2,97,1.83,0.0,0.0,,6.8
17/12/2024,5,8,6.9,98,1.49,0.0,0.0,,6.7
17/12/2024,6,18,6.9,99,1.58,0.0,0.0,,6.8
17/12/2024,7,67,7.2,99,1.75,0.0,0.0,,7.2
17/12/2024,8,226,7.6,98,1.76,0.0,0.0,,7.3
17/12/2024,9,207,7.6,97,1.88,0.0,0.0,,7.2
17/12/2024,10,81,7.4,96,2.25,0.0,0.0,,6.8
17/12/2024,11,71,7.4,94,2.33,0.0,0.0,,6.5
17/12/2024,12,92,7.7,91,2.71,0.0,0.0,,6.3
17/12/2024,13,91,8.2,87,3.71,0.0,0.0,,6.2
17/12/2024,14,85,8.3,86,3.37,0.0,0.0,,6.2
17/12/2024,15,77,7.2,88,3.49,0.0,0.0,,5.4
17/12/2024,16,93,7.3,87,3.1,0.0,0.0,,5.3
17/12/2024,17,141,7.1,88,2.57,0.0,0.0,,5.3
17/12/2024,18,215,6.0,91,2.27,0.0,0.0,,4.7
17/12/2024,19,194,5.7,91,2.75,0.0,0.0,,4.3
17/12/2024,20,111,5.7,91,2.89,0.0,0.0,,4.2
17/12/2024,21,66,5.8,89,2.8,0.0,0.0,,4.2
17/12/2024,22,63,5.8,88,2.8,0.0,0.0,,4.1
17/12/2024,23,55,6.2,87,3.15,0.0,0.0,,4.2
18/01/2023,0,19,0.8,84,3.73,0.0,0.0,,-1.6
18/01/2023,1,8,0.6,83,4.03,0.0,0.0,,-2.0
18/01/2023,2,5,0.4,85,3.49,0.0,0.0,,-1.8
18/01/2023,3,4,0.2,85,3.0,0.0,0.0,,-2.0
18/01/2023,4,3,0.1,86,2.64,0.0,0.0,,-2.0
18/01/2023,5,5,-0.4,88,2.22,0.0,0.0,,-2.2
18/01/2023,6,14,-1.0,90,2.48,0.0,0.0,,-2.5
18/01/2023,7,62,-1.7,91,1.8,0.0,0.0,,-3.0
18/01/2023,8,215,-2.3,92,1.87,0.0,0.0,,-3.5
18/01/2023,9,211,-2.5,92,2.01,0.0,0.0,,-3.7
18/01/2023,10,80,-2.5,90,2.11,0.0,0.0,,-3.8
18/01/2023,11,66,-0.3,85,3.32,0.0,0.0,,-2.5
18/01/2023,12,94,1.6,80,2.97,0.0,0.0,,-1.4
18/01/2023,13,92,3.2,74,3.68,0.0,0.0,,-1.0
18/01/2023,14,88,4.3,73,3.9,0.0,0.0,,-0.2
18/01/2023,15,80,5.0,66,4.53,0.0,0.0,,-0.8
18/01/2023,16,92,4.9,68,4.57,0.1,0.0,,-0.6
18/01/2023,17,134,4.7,67,4.47,0.1,0.0,,-1.0
18/01/2023,18,204,3.2,77,2.91,0.0,0.0,,-0.4
18/01/2023,19,203,2.5,79,3.42,0.0,0.0,,-0.8
18/01/2023,20,112,1.4,87,3.28,0.0,0.0,,-0.6
18/01/2023,21,62,0.7,89,2.77,0.0,0.0,,-0.9
18/01/2023,22,57,0.3,91,2.47,0.0,0.0,,-1.0
18/01/2023,23,51,-0.3,93,2.25,0.0,0.0,,-1.3
18/01/2024,0,13,-0.6,96,2.77,0.2,0.0,,-1.0
18/01/2024,1,6,-0.4,95,2.69,0.1,0.0,,-1.0
18/01/2024,2,4,-0.3,94,3.81,1.0,0.0,,-1.1
18/01/2024,3,3,-0.2,95,4.53,1.0,0.49,,-0.8
18/01/2024,4,3,-0.3,95,4.79,0.9,0.63,,-1.1
18/01/2024,5,4,-0.4,94,5.28,1.2,0.84,,-1.2
18/01/2024,6,7,-0.2,92,5.58,1.2,0.84,,-1.5
18/01/2024,7,23,-0.6,91,5.89,0.5,0.35,,-1.9
18/01/2024,8,85,-0.3,89,5.64,0.1,0.07,,-2.0
18/01/2024,9,93,-0.1,88,4.53,0.0,0.0,,-1.9
18/01/2024,10,40,-0.6,90,3.91,0.0,0.0,,-2.0
18/01/2024,11,34,-0.2,87,4.34,0.0,0.0,,-2.2
18/01/2024,12,48,0.7,84,3.38,0.0,0.0,,-1.8
18/01/2024,13,51,0.7,84,2.28,0.0,0.0,,-1.7
18/01/2024,14,50,2.8,78,3.72,0.0,0.0,,-0.8
18/01/2024,15,49,2.8,74,4.81,0.0,0.0,,-1.5
18/01/2024,16,57,2.4,77,4.55,0.0,0.0,,-1.1
18/01/2024,17,81,2.0,77,4.18,0.0,0.0,,-1.5
18/01/2024,18,117,0.8,78,2.52,0.0,0.0,,-2.7
18/01/2024,19,107,-3.0,86,2.98,0.0,0.0,,-5.0
18/01/2024,20,63,-3.0,86,2.28,0.0,0.0,,-5.1
18/01/2024,21,41,-3.2,86,2.22,0.0,0.0,,-5.2
18/01/2024,22,37,-3.7,87,2.22,0.0,0.0,,-5.4
18/01/2024,23,33,-3.9,88,2.02,0.0,0.0,,-5.6
18/02/2023,0,40,10.7,87,3.0,0.0,0.0,,8.6
18/02/2023,1,28,10.4,86,2.3,0.0,0.0,,8.2
18/02/2023,2,25,10.9,83,3.2,0.0,0.0,,8.1
18/02/2023,3,15,10.9,78,4.49,0.0,0.0,,7.2
18/02/2023,4,10,10.2,75,3.83,0.0,0.0,,6.1
18/02/2023,5,9,10.3,78,3.16,0.0,0.0,,6.7
18/02/2023,6,9,10.1,85,3.45,0.0,0.0,,7.7
18/02/2023,7,15,10.1,87,4.37,0.0,0.0,,7.9
18/02/2023,8,31,9.9,84,4.24,0.0,0.0,,7.3
18/02/2023,9,50,9.4,81,4.44,0.0,0.0,,6.3
18/02/2023,10,61,9.4,79,5.24,0.0,0.0,,5.9
18/02/2023,11,75,9.9,77,4.91,0.0,0.0,,6.2
18/02/2023,12,89,10.4,76,5.79,0.0,0.0,,6.2
18/02/2023,13,84,10.9,74,6.74,0.0,0.0,,6.4
18/02/2023,14,86,11.8,69,6.31,0.0,0.0,,6.2
18/02/2023,15,99,12.1,69,5.63,0.0,0.0,,6.5
18/02/2023,16,106,12.4,68,5.46,0.0,0.0,,6.7
18/02/2023,17,103,12.4,68,5.39,0.0,0.0,,6.8
18/02/2023,18,104,11.9,70,4.52,0.0,0.0,,6.7
18/02/2023,19,96,11.6,71,4.41,0.0,0.0,,6.4
18/02/2023,20,74,11.2,71,4.36,0.0,0.0,,6.2
18/02/2023,21,47,10.9,72,4.57,0.0,0.0,,6.2
18/02/2023,22,39,10.9,73,4.57,0.0,0.0,,6.2
18/02/2023,23,37,10.9,74,4.55,0.0,0.0,,6.3
18/02/2024,0,39,7.3,86,2.61,0.0,0.0,,5.1
18/02/2024,1,31,6.7,87,2.6,0.0,0.0,,4.7
18/02/2024,2,25,6.6,86,2.52,0.0,0.0,,4.3
18/02/2024,3,16,6.8,85,3.2,0.0,0.0,,4.6
18/02/2024,4,13,6.7,83,3.13,0.0,0.0,,4.1
18/02/2024,5,9,6.6,82,3.31,0.0,0.0,,3.8
18/02/2024,6,7,6.4,83,3.61,0.0,0.0,,3.8
18/02/2024,7,8,7.0,80,3.5,0.0,0.0,,3.8
18/02/2024,8,16,7.2,80,3.83,0.0,0.0,,3.8
18/02/2024,9,25,7.8,78,4.51,0.7,0.0,,4.2
18/02/2024,10,26,8.4,77,4.97,0.0,0.0,,4.6
18/02/2024,11,37,9.1,76,5.29,0.0,0.0,,5.1
18/02/2024,12,40,9.1,83,5.63,1.3,0.0,,6.4
18/02/2024,13,37,9.2,87,5.73,0.6,0.0,,7.2
18/02/2024,14,36,9.8,89,5.44,0.5,0.0,,8.1
18/02/2024,15,35,10.1,92,4.76,0.9,0.0,,8.9
18/02/2024,16,37,10.4,92,5.13,0.6,0.0,,9.2
18/02/2024,17,48,10.6,92,5.77,2.4,0.0,,9.2
18/02/2024,18,53,10.9,91,5.63,0.9,0.0,,9.6
18/02/2024,19,54,11.6,90,5.12,0.0,0.0,,10.1
18/02/2024,20,42,11.6,92,4.52,0.0,0.0,,10.2
18/02/2024,21,32,11.4,93,4.24,0.0,0.0,,10.3
18/02/2024,22,27,11.1,94,4.92,0.0,0.0,,10.1
18/02/2024,23,20,10.9,94,4.59,0.0,0.0,,10.0
18/03/2023,0,34,10.6,94,3.3,0.0,0.0,,9.6
18/03/2023,1,24,9.8,95,3.01,0.0,0.0,,8.9
18/03/2023,2,21,9.3,93,2.92,0.0,0.0,,8.3
18/03/2023,3,12,8.9,95,2.6,0.0,0.0,,8.1
18/03/2023,4,10,8.4,96,3.3,0.0,0.0,,7.9
18/03/2023,5,8,8.9,94,4.3,0.1,0.0,,8.0
18/03/2023,6,9,8.8,93,3.72,0.1,0.0,,7.8
18/03/2023,7,16,9.0,93,3.57,0.2,0.0,,7.9
18/03/2023,8,35,8.9,93,3.75,0.0,0.0,,7.9
18/03/2023,9,58,9.2,93,4.72,0.0,0.0,,8.1
18/03/2023,10,76,10.6,90,4.74,0.0,0.0,,8.9
18/03/2023,11,92,12.1,83,5.8,0.0,0.0,,9.2
18/03/2023,12,102,13.8,75,5.92,0.0,0.0,,9.4
18/03/2023,13,98,15.1,67,6.59,0.0,0.0,,9.1
18/03/2023,14,88,14.4,65,6.63,0.0,0.0,,7.8
18/03/2023,15,100,14.8,66,6.96,1.1,0.0,,8.4
18/03/2023,16,95,14.9,64,6.39,3.8,0.0,,8.2
18/03/2023,17,100,13.7,72,4.39,0.1,0.0,,8.8
18/03/2023,18,111,13.5,70,5.65,0.0,0.0,,8.1
18/03/2023,19,105,12.7,77,4.02,0.1,0.0,,8.8
18/03/2023,20,83,11.8,80,3.73,0.0,0.0,,8.4
18/03/2023,21,53,10.4,87,2.94,0.0,0.0,,8.4
18/03/2023,22,46,10.3,88,3.07,0.5,0.0,,8.4
18/03/2023,23,43,10.4,87,3.27,0.0,0.0,,8.4
18/03/2024,0,13,9.6,97,2.47,1.1,0.0,,9.2
18/03/2024,1,8,10.6,96,2.06,2.0,0.0,,10.0
18/03/2024,2,6,11.2,93,1.61,1.2,0.0,,10.1
18/03/2024,3,4,11.5,93,1.43,0.4,0.0,,10.4
18/03/2024,4,4,10.9,96,1.84,0.4,0.0,,10.3
18/03/2024,5,8,10.9,95,1.36,1.0,0.0,,10.2
18/03/2024,6,20,10.7,95,3.06,0.4,0.0,,10.0
18/03/2024,7,71,10.6,96,3.05,0.0,0.0,,9.9
18/03/2024,8,240,9.6,97,1.78,0.0,0.0,,9.1
18/03/2024,9,200,10.1,96,2.37,0.0,0.0,,9.4
18/03/2024,10,72,11.6,92,2.2,0.0,0.0,,10.4
18/03/2024,11,65,13.0,83,3.12,0.0,0.0,,10.2
18/03/2024,12,84,13.9,76,2.83,0.1,0.0,,9.7
18/03/2024,13,87,14.8,68,2.82,0.0,0.0,,9.0
18/03/2024,14,77,15.6,62,3.01,0.1,0.0,,8.3
18/03/2024,15,77,15.9,62,3.11,0.0,0.0,,8.6
18/03/2024,16,95,16.1,60,3.49,0.0,0.0,,8.2
18/03/2024,17,156,16.3,59,3.38,0.0,0.0,,8.2
18/03/2024,18,249,15.6,65,2.82,0.0,0.0,,8.9
18/03/2024,19,205,15.1,70,1.82,0.0,0.0,,9.6
18/03/2024,20,110,13.1,81,2.0,0.0,0.0,,9.9
18/03/2024,21,66,13.5,76,1.28,0.0,0.0,,9.4
18/03/2024,22,58,12.5,81,0.78,0.0,0.0,,9.4
18/03/2024,23,39,11.7,85,0.86,0.0,0.0,,9.3
18/04/2023,0,17,8.2,85,3.01,0.3,0.0,,5.9
18/04/2023,1,8,8.2,85,3.42,0.6,0.0,,5.9
18/04/2023,2,5,9.1,85,4.52,0.0,0.0,,6.8
18/04/2023,3,4,8.1,88,4.07,0.0,0.0,,6.2
18/04/2023,4,3,7.3,90,3.81,0.0,0.0,,5.8
18/04/2023,5,7,6.8,90,3.55,0.0,0.0,,5.3
18/04/2023,6,20,6.3,90,3.49,0.0,0.0,,4.8
18/04/2023,7,86,5.9,92,3.42,0.0,0.0,,4.7
18/04/2023,8,300,6.7,92,3.94,0.0,0.0,,5.6
18/04/2023,9,248,8.2,89,3.85,0.0,0.0,,6.6
18/04/2023,10,90,9.8,84,4.02,0.0,0.0,,7.2
18/04/2023,11,77,11.6,76,4.22,0.0,0.0,,7.4
18/04/2023,12,99,13.0,65,4.74,0.1,0.0,,6.7
18/04/2023,13,99,13.9,55,5.48,0.0,0.0,,5.1
18/04/2023,14,88,14.4,62,5.59,0.0,0.0,,7.2
18/04/2023,15,84,14.9,54,5.7,0.0,0.0,,5.8
18/04/2023,16,106,15.3,48,5.77,0.0,0.0,,4.2
18/04/2023,17,173,14.9,51,6.26,0.1,0.0,,4.9
18/04/2023,18,277,14.8,52,5.97,0.1,0.0,,5.1
18/04/2023,19,234,14.1,57,5.04,0.0,0.0,,5.7
18/04/2023,20,115,12.8,66,3.5,0.0,0.0,,6.5
18/04/2023,21,67,11.4,72,3.91,0.0,0.0,,6.6
18/04/2023,22,67,10.1,80,3.45,0.0,0.0,,6.8
18/04/2023,23,55,9.1,86,2.66,0.0,0.0,,6.9
18/04/2024,0,30,3.8,85,2.12,0.0,0.0,,1.6
18/04/2024,1,14,3.7,86,2.2,0.0,0.0,,1.5
18/04/2024,2,8,3.7,85,2.64,0.0,0.0,,1.5
18/04/2024,3,4,4.4,84,3.7,0.1,0.0,,2.0
18/04/2024,4,4,3.5,89,2.95,0.6,0.0,,1.9
18/04/2024,5,8,3.6,92,1.84,0.2,0.0,,2.3
18/04/2024,6,16,2.7,95,1.44,0.1,0.0,,2.0
18/04/2024,7,53,2.3,96,1.72,0.0,0.0,,1.8
18/04/2024,8,175,3.8,92,3.35,0.0,0.0,,2.6
18/04/2024,9,191,5.0,88,3.71,0.0,0.0,,3.1
18/04/2024,10,74,6.4,77,3.45,0.0,0.0,,2.8
18/04/2024,11,63,8.0,68,3.77,0.0,0.0,,2.4
18/04/2024,12,80,9.4,59,4.15,0.0,0.0,,1.8
18/04/2024,13,80,9.8,56,4.15,0.0,0.0,,1.5
18/04/2024,14,76,10.5,54,4.03,0.0,0.0,,1.5
18/04/2024,15,69,11.4,52,3.42,0.0,0.0,,2.0
18/04/2024,16,84,11.8,50,3.31,0.0,0.0,,1.7
18/04/2024,17,128,11.6,47,3.1,0.0,0.0,,0.9
18/04/2024,18,205,11.9,47,2.96,0.0,0.0,,0.9
18/04/2024,19,197,11.5,46,2.82,0.0,0.0,,0.2
18/04/2024,20,120,10.8,57,1.41,0.0,0.0,,2.7
18/04/2024,21,73,8.7,70,2.24,0.0,0.0,,3.5
18/04/2024,22,65,7.8,69,1.9,0.0,0.0,,2.5
18/04/2024,23,60,7.0,73,2.2,0.0,0.0,,2.5
18/05/2023,0,41,9.6,77,2.82,0.0,0.0,,5.7
18/05/2023,1,24,9.1,77,3.47,0.0,0.0,,5.3
18/05/2023,2,19,8.8,79,3.61,0.0,0.0,,5.3
18/05/2023,3,11,8.1,82,3.4,0.0,0.0,,5.2
18/05/2023,4,9,7.5,84,3.32,0.0,0.0,,5.0
18/05/2023,5,9,6.9,86,3.18,0.0,0.0,,4.8
18/05/2023,6,12,6.6,87,3.13,0.0,0.0,,4.6
18/05/2023,7,19,6.9,85,3.37,0.0,0.0,,4.6
18/05/2023,8,36,8.1,82,3.06,0.0,0.0,,5.2
18/05/2023,9,55,9.4,78,3.13,0.0,0.0,,5.8
18/05/2023,10,70,11.1,74,3.2,0.0,0.0,,6.6
18/05/2023,11,76,12.9,66,3.53,0.0,0.0,,6.7
18/05/2023,12,89,13.9,57,4.13,0.0,0.0,,5.6
18/05/2023,13,85,14.6,54,4.3,0.0,0.0,,5.4
18/05/2023,14,96,15.8,51,4.48,0.0,0.0,,5.8
18/05/2023,15,112,16.4,49,4.74,0.0,0.0,,5.8
18/05/2023,16,120,17.1,44,4.75,0.0,0.0,,4.7
18/05/2023,17,122,17.0,45,5.08,0.0,0.0,,5.0
18/05/2023,18,129,16.6,46,5.33,0.0,0.0,,4.9
18/05/2023,19,115,15.9,48,4.88,0.0,0.0,,4.9
18/05/2023,20,85,15.1,55,3.2,0.0,0.0,,6.3
18/05/2023,21,61,13.6,60,3.3,0.0,0.0,,6.0
18/05/2023,22,49,11.9,67,3.5,0.0,0.0,,5.9
18/05/2023,23,43,11.1,70,3.49,0.0,0.0,,5.8
18/05/2024,0,50,13.0,87,1.33,0.0,0.0,,10.9
18/05/2024,1,34,12.4,91,1.3,0.0,0.0,,10.9
18/05/2024,2,27,11.6,94,1.61,0.0,0.0,,10.7
18/05/2024,3,16,12.8,92,1.3,0.5,0.0,,11.4
18/05/2024,4,14,12.0,97,1.53,0.0,0.0,,11.5
18/05/2024,5,12,11.6,98,1.14,0.0,0.0,,11.2
18/05/2024,6,14,11.6,98,1.39,0.0,0.0,,11.2
18/05/2024,7,20,11.8,96,1.46,0.0,0.0,,11.1
18/05/2024,8,39,12.7,93,0.2,0.0,0.0,,11.6
18/05/2024,9,62,14.1,88,0.1,0.0,0.0,,12.1
18/05/2024,10,77,15.6,81,1.12,0.0,0.0,,12.4
18/05/2024,11,91,16.7,80,1.25,0.1,0.0,,13.1
18/05/2024,12,100,17.6,71,1.66,0.2,0.0,,12.2
18/05/2024,13,97,18.5,62,1.53,0.1,0.0,,11.1
18/05/2024,14,101,19.0,57,1.0,0.0,0.0,,10.4
18/05/2024,15,117,20.0,57,2.97,0.0,0.0,,11.1
18/05/2024,16,120,19.7,54,3.51,0.0,0.0,,10.1
18/05/2024,17,120,19.6,51,3.32,0.0,0.0,,9.2
18/05/2024,18,108,19.5,52,3.2,0.0,0.0,,9.4
18/05/2024,19,102,18.0,60,3.1,0.2,0.0,,10.2
18/05/2024,20,87,17.0,69,1.3,0.1,0.0,,11.4
18/05/2024,21,67,14.8,86,3.98,1.6,0.0,,12.4
18/05/2024,22,58,13.7,90,1.39,0.1,0.0,,12.1
18/05/2024,23,55,12.4,95,1.6,0.0,0.0,,11.6
18/06/2023,0,65,22.1,64,1.87,0.0,0.0,,15.1
18/06/2023,1,51,22.1,61,5.26,0.0,0.0,,14.2
18/06/2023,2,41,20.5,80,1.28,0.0,0.0,,16.9
18/06/2023,3,17,20.4,91,0.4,1.2,0.0,,18.8
18/06/2023,4,14,19.6,91,0.5,0.9,0.0,,18.1
18/06/2023,5,11,19.1,93,1.14,0.1,0.0,,18.0
18/06/2023,6,11,17.7,96,1.14,0.0,0.0,,17.0
18/06/2023,7,16,19.1,93,0.45,0.0,0.0,,18.0
18/06/2023,8,29,19.7,92,1.12,0.2,0.0,,18.3
18/06/2023,9,60,20.6,89,2.33,0.4,0.0,,18.6
18/06/2023,10,69,21.5,85,2.51,0.0,0.0,,18.8
18/06/2023,11,86,23.8,73,2.39,0.0,0.0,,18.6
18/06/2023,12,97,24.9,67,3.03,0.0,0.0,,18.3
18/06/2023,13,94,25.9,59,4.1,0.0,0.0,,17.2
18/06/2023,14,95,27.6,50,4.22,0.4,0.0,,16.2
18/06/2023,15,120,28.2,51,4.38,0.0,0.0,,17.0
18/06/2023,16,119,29.6,45,4.46,0.0,0.0,,16.5
18/06/2023,17,119,29.8,41,5.4,0.0,0.0,,14.9
18/06/2023,18,84,27.6,44,7.26,0.0,0.0,,14.1
18/06/2023,19,63,27.0,47,3.85,0.0,0.0,,14.9
18/06/2023,20,56,26.0,58,4.11,0.6,0.0,,17.2
18/06/2023,21,45,24.0,69,4.7,1.8,0.0,,17.9
18/06/2023,22,40,21.9,79,5.02,0.0,0.0,,18.0
18/06/2023,23,33,20.5,82,3.79,0.0,0.0,,17.2
18/06/2024,0,30,15.5,91,1.84,0.0,0.0,,14.0
18/06/2024,1,16,15.0,95,1.73,0.0,0.0,,14.2
18/06/2024,2,9,14.1,98,2.0,0.0,0.0,,13.8
18/06/2024,3,5,15.2,95,1.49,0.1,0.0,,14.4
18/06/2024,4,5,14.3,97,1.72,0.1,0.0,,13.9
18/06/2024,5,8,15.1,96,1.5,0.5,0.0,,14.6
18/06/2024,6,23,14.9,97,1.62,0.1,0.0,,14.4
18/06/2024,7,57,15.4,97,2.38,0.4,0.0,,15.0
18/06/2024,8,112,15.6,97,2.38,3.1,0.0,,15.1
18/06/2024,9,137,15.9,96,2.83,2.3,0.0,,15.2
18/06/2024,10,67,16.9,95,1.24,0.2,0.0,,16.1
18/06/2024,11,63,17.8,92,2.28,1.6,0.0,,16.5
18/06/2024,12,85,19.1,87,1.41,0.0,0.0,,16.9
18/06/2024,13,83,21.3,79,1.1,0.1,0.0,,17.5
18/06/2024,14,82,22.2,72,0.57,0.2,0.0,,16.9
18/06/2024,15,78,21.6,78,3.52,1.5,0.0,,17.5
18/06/2024,16,93,20.0,85,1.61,4.3,0.0,,17.5
18/06/2024,17,140,21.4,81,2.94,0.1,0.0,,18.0
18/06/2024,18,201,19.0,86,3.06,1.3,0.0,,16.6
18/06/2024,19,185,19.0,88,3.16,0.1,0.0,,16.9
18/06/2024,20,114,19.1,86,2.1,0.1,0.0,,16.7
18/06/2024,21,72,18.8,89,3.31,0.0,0.0,,17.0
18/06/2024,22,68,17.5,92,2.09,0.0,0.0,,16.2
18/06/2024,23,59,17.0,93,1.84,0.0,0.0,,15.9
18/07/2023,0,29,18.4,56,3.71,0.0,0.0,,9.4
18/07/2023,1,14,16.9,67,2.66,0.0,0.0,,10.6
18/07/2023,2,9,16.1,75,2.27,0.0,0.0,,11.8
18/07/2023,3,5,15.1,79,2.0,0.0,0.0,,11.6
18/07/2023,4,5,14.6,82,1.86,0.0,0.0,,11.4
18/07/2023,5,10,13.9,84,1.75,0.0,0.0,,11.3
18/07/2023,6,23,13.6,85,1.8,0.0,0.0,,11.1
18/07/2023,7,79,14.4,79,2.64,0.0,0.0,,10.8
18/07/2023,8,253,16.1,71,1.22,0.0,0.0,,10.8
18/07/2023,9,245,18.0,62,1.84,0.0,0.0,,10.6
18/07/2023,10,91,19.8,57,1.61,0.0,0.0,,11.1
18/07/2023,11,76,22.7,49,2.06,0.0,0.0,,11.6
18/07/2023,12,98,24.7,43,1.94,0.0,0.0,,11.1
18/07/2023,13,90,26.1,38,1.9,0.0,0.0,,10.8
18/07/2023,14,87,26.9,34,1.53,0.0,0.0,,9.9
18/07/2023,15,84,27.7,33,1.97,0.0,0.0,,10.0
18/07/2023,16,99,28.1,33,1.5,0.0,0.0,,10.1
18/07/2023,17,159,28.2,32,1.22,0.0,0.0,,10.1
18/07/2023,18,272,28.0,33,0.5,0.0,0.0,,10.1
18/07/2023,19,258,27.8,33,0.61,0.0,0.0,,10.0
18/07/2023,20,149,27.5,33,1.66,0.0,0.0,,9.9
18/07/2023,21,92,26.1,38,2.06,0.0,0.0,,10.7
18/07/2023,22,82,23.7,44,2.4,0.0,0.0,,10.8
18/07/2023,23,78,21.4,54,2.37,0.0,0.0,,11.6
18/07/2024,0,45,18.0,71,2.28,0.0,0.0,,12.8
18/07/2024,1,26,17.1,76,2.02,0.0,0.0,,12.9
18/07/2024,2,15,16.2,81,2.0,0.0,0.0,,13.1
18/07/2024,3,9,15.7,87,2.64,0.0,0.0,,13.6
18/07/2024,4,7,15.2,90,2.37,0.0,0.0,,13.7
18/07/2024,5,11,14.9,93,2.28,0.0,0.0,,13.7
18/07/2024,6,24,14.4,93,2.25,0.0,0.0,,13.4
18/07/2024,7,63,15.2,94,1.39,0.0,0.0,,14.2
18/07/2024,8,197,17.0,86,1.3,0.0,0.0,,14.7
18/07/2024,9,208,19.1,78,0.73,0.0,0.0,,15.2
18/07/2024,10,85,21.8,68,0.81,0.0,0.0,,15.6
18/07/2024,11,73,24.1,56,1.61,0.0,0.0,,14.9
18/07/2024,12,92,25.5,49,1.55,0.0,0.0,,13.9
18/07/2024,13,88,26.5,46,1.53,0.0,0.0,,13.9
18/07/2024,14,87,27.1,45,1.5,0.0,0.0,,14.1
18/07/2024,15,79,28.0,42,1.9,0.0,0.0,,13.8
18/07/2024,16,94,28.5,41,1.71,0.0,0.0,,14.0
18/07/2024,17,138,29.0,40,1.55,0.0,0.0,,14.0
18/07/2024,18,217,29.0,40,1.4,0.0,0.0,,14.1
18/07/2024,19,207,28.6,41,1.51,0.0,0.0,,14.1
18/07/2024,20,134,27.9,47,1.39,0.0,0.0,,15.4
18/07/2024,21,88,25.5,71,1.56,0.0,0.0,,19.8
18/07/2024,22,81,24.1,59,1.78,0.0,0.0,,15.7
18/07/2024,23,78,22.6,65,1.87,0.0,0.0,,15.6
18/08/2023,0,29,19.8,89,1.84,0.0,0.0,,18.0
18/08/2023,1,17,19.4,91,2.13,0.0,0.0,,17.9
18/08/2023,2,12,20.0,87,2.8,0.0,0.0,,17.7
18/08/2023,3,6,19.0,94,1.92,0.0,0.0,,18.0
18/08/2023,4,6,18.6,95,1.75,0.0,0.0,,17.9
18/08/2023,5,7,18.2,97,1.42,0.0,0.0,,17.8
18/08/2023,6,15,18.0,98,2.14,0.0,0.0,,17.6
18/08/2023,7,42,17.5,98,1.42,0.0,0.0,,17.2
18/08/2023,8,90,18.7,95,2.41,0.0,0.0,,17.8
18/08/2023,9,91,20.0,90,2.3,0.0,0.0,,18.4
18/08/2023,10,57,22.1,84,1.9,0.0,0.0,,19.4
18/08/2023,11,53,24.0,80,1.8,0.0,0.0,,20.4
18/08/2023,12,66,25.9,74,2.21,0.0,0.0,,21.0
18/08/2023,13,63,26.6,72,1.86,0.0,0.0,,21.2
18/08/2023,14,61,24.0,88,2.25,0.3,0.0,,22.0
18/08/2023,15,65,27.7,75,1.81,0.1,0.0,,22.9
18/08/2023,16,76,28.9,68,2.64,0.1,0.0,,22.3
18/08/2023,17,109,30.6,59,3.68,0.0,0.0,,21.6
18/08/2023,18,128,30.8,57,3.41,0.0,0.0,,21.3
18/08/2023,19,115,30.4,58,3.05,0.0,0.0,,21.2
18/08/2023,20,84,28.9,67,2.42,0.0,0.0,,22.1
18/08/2023,21,62,27.0,73,2.76,0.0,0.0,,21.8
18/08/2023,22,49,26.1,77,2.86,0.0,0.0,,21.7
18/08/2023,23,45,25.2,79,2.16,0.0,0.0,,21.4
18/08/2024,0,14,17.0,92,4.0,2.4,0.0,,15.8
18/08/2024,1,11,16.6,92,4.4,2.3,0.0,,15.3
18/08/2024,2,10,16.0,91,4.97,1.6,0.0,,14.6
18/08/2024,3,7,15.6,90,4.58,0.1,0.0,,14.0
18/08/2024,4,5,14.8,90,4.3,0.0,0.0,,13.1
18/08/2024,5,5,14.5,91,3.86,0.0,0.0,,13.1
18/08/2024,6,7,14.2,93,3.31,0.0,0.0,,13.1
18/08/2024,7,9,13.8,95,2.98,0.0,0.0,,12.9
18/08/2024,8,15,14.1,92,3.74,0.0,0.0,,12.9
18/08/2024,9,25,15.8,86,4.94,0.0,0.0,,13.4
18/08/2024,10,37,17.5,78,5.53,0.0,0.0,,13.6
18/08/2024,11,49,18.8,70,5.1,0.0,0.0,,13.3
18/08/2024,12,57,20.4,62,5.3,0.0,0.0,,12.8
18/08/2024,13,56,21.5,54,4.97,0.0,0.0,,11.8
18/08/2024,14,63,22.0,50,5.09,0.0,0.0,,11.0
18/08/2024,15,73,20.4,57,5.02,0.0,0.0,,11.5
18/08/2024,16,75,20.3,60,4.74,0.0,0.0,,12.2
18/08/2024,17,75,20.4,59,4.32,0.0,0.0,,12.1
18/08/2024,18,73,20.4,56,4.6,0.0,0.0,,11.4
18/08/2024,19,65,19.7,55,4.33,0.0,0.0,,10.4
18/08/2024,20,55,19.5,56,2.58,0.0,0.0,,10.4
18/08/2024,21,43,18.9,58,2.4,0.0,0.0,,10.5
18/08/2024,22,35,17.8,65,1.7,0.0,0.0,,11.1
18/08/2024,23,29,15.4,76,1.84,0.0,0.0,,11.1
18/09/2023,0,16,19.1,95,0.72,0.3,0.0,,18.2
18/09/2023,1,8,18.5,96,1.43,3.0,0.0,,17.9
18/09/2023,2,6,18.1,88,4.42,1.2,0.0,,16.0
18/09/2023,3,3,17.8,86,3.94,0.0,0.0,,15.5
18/09/2023,4,4,17.6,89,3.42,0.0,0.0,,15.9
18/09/2023,5,7,17.2,94,2.44,0.0,0.0,,16.2
18/09/2023,6,22,17.1,94,2.94,0.0,0.0,,16.1
18/09/2023,7,94,17.2,94,4.09,0.0,0.0,,16.2
18/09/2023,8,303,17.1,94,4.3,0.0,0.0,,16.1
18/09/2023,9,245,17.8,90,4.96,0.0,0.0,,16.2
18/09/2023,10,91,18.8,84,6.2,0.0,0.0,,16.0
18/09/2023,11,80,20.2,76,5.47,0.0,0.0,,15.9
18/09/2023,12,102,22.0,67,5.27,0.0,0.0,,15.6
18/09/2023,13,109,23.4,59,5.26,0.0,0.0,,14.9
18/09/2023,14,98,21.4,69,4.92,0.0,0.0,,15.5
18/09/2023,15,96,20.9,73,5.22,0.8,0.0,,15.8
18/09/2023,16,122,21.6,73,4.88,0.4,0.0,,16.6
18/09/2023,17,202,20.9,71,3.76,3.3,0.0,,15.5
18/09/2023,18,286,19.5,75,5.42,0.1,0.0,,14.9
18/09/2023,19,233,19.1,76,4.47,0.1,0.0,,14.9
18/09/2023,20,120,18.4,77,3.79,0.0,0.0,,14.3
18/09/2023,21,71,17.4,81,3.38,0.0,0.0,,14.1
18/09/2023,22,64,16.8,83,3.23,0.0,0.0,,13.9
18/09/2023,23,41,16.2,84,3.29,0.0,0.0,,13.5
18/09/2024,0,33,15.6,79,4.69,0.0,0.0,,12.1
18/09/2024,1,16,15.4,81,4.76,0.0,0.0,,12.1
18/09/2024,2,9,15.1,83,4.62,0.0,0.0,,12.2
18/09/2024,3,5,14.1,89,3.72,0.0,0.0,,12.2
18/09/2024,4,5,13.8,90,3.58,0.0,0.0,,12.1
18/09/2024,5,9,13.6,91,3.89,0.0,0.0,,12.1
18/09/2024,6,22,13.4,91,4.02,0.0,0.0,,12.0
18/09/2024,7,87,13.2,92,3.98,0.0,0.0,,11.9
18/09/2024,8,273,13.4,92,3.98,0.0,0.0,,12.1
18/09/2024,9,243,14.9,87,3.89,0.0,0.0,,12.8
18/09/2024,10,102,16.8,80,4.72,0.0,0.0,,13.4
18/09/2024,11,91,18.7,73,5.42,0.0,0.0,,13.9
18/09/2024,12,125,20.5,68,6.08,0.0,0.0,,14.2
18/09/2024,13,119,21.9,63,6.22,0.0,0.0,,14.5
18/09/2024,14,111,22.9,56,7.95,0.2,0.0,,13.7
18/09/2024,15,107,23.3,54,7.53,0.1,0.0,,13.4
18/09/2024,16,119,23.4,53,7.08,0.1,0.0,,13.4
18/09/2024,17,186,23.6,51,6.93,0.1,0.0,,12.9
18/09/2024,18,295,23.3,53,5.78,0.0,0.0,,13.3
18/09/2024,19,269,22.2,58,5.32,0.0,0.0,,13.5
18/09/2024,20,158,20.8,61,4.85,0.0,0.0,,12.9
18/09/2024,21,93,19.9,63,3.98,0.0,0.0,,12.6
18/09/2024,22,85,18.5,73,3.92,0.0,0.0,,13.6
18/09/2024,23,85,18.1,76,4.74,0.0,0.0,,13.8
18/10/2023,0,28,14.1,73,3.72,0.0,0.0,,9.2
18/10/2023,1,13,13.5,75,3.82,0.0,0.0,,9.2
18/10/2023,2,7,12.0,79,4.24,0.0,0.0,,8.6
18/10/2023,3,4,11.4,82,3.62,0.0,0.0,,8.3
18/10/2023,4,3,12.1,78,3.83,0.0,0.0,,8.4
18/10/2023,5,7,12.3,79,4.02,0.0,0.0,,8.7
18/10/2023,6,18,11.8,84,4.18,0.7,0.0,,9.1
18/10/2023,7,79,12.2,87,5.22,2.8,0.0,,10.1
18/10/2023,8,262,12.6,88,4.61,0.1,0.0,,10.7
18/10/2023,9,248,13.0,89,4.79,0.0,0.0,,11.2
18/10/2023,10,103,14.2,87,5.08,0.0,0.0,,12.1
18/10/2023,11,88,15.3,84,5.88,0.0,0.0,,12.7
18/10/2023,12,118,15.9,85,5.49,0.1,0.0,,13.3
18/10/2023,13,107,17.0,83,5.73,0.0,0.0,,14.0
18/10/2023,14,80,16.9,90,5.19,0.9,0.0,,15.1
18/10/2023,15,53,17.4,91,5.64,0.6,0.0,,15.9
18/10/2023,16,70,17.5,91,6.57,1.2,0.0,,16.0
18/10/2023,17,135,18.3,88,7.24,1.0,0.0,,16.3
18/10/2023,18,237,19.0,87,7.4,0.0,0.0,,16.7
18/10/2023,19,228,18.5,89,6.48,0.0,0.0,,16.6
18/10/2023,20,124,18.1,88,6.45,0.2,0.0,,16.0
18/10/2023,21,75,17.9,88,6.71,0.2,0.0,,15.8
18/10/2023,22,76,17.1,86,6.1,0.0,0.0,,14.7
18/10/2023,23,63,15.9,87,5.24,0.0,0.0,,13.7
18/10/2024,0,31,14.9,92,4.4,0.0,0.0,,13.7
18/10/2024,1,17,14.6,93,3.98,0.2,0.0,,13.6
18/10/2024,2,10,14.4,94,4.16,0.3,0.0,,13.4
18/10/2024,3,6,13.7,91,4.63,1.6,0.0,,12.3
18/10/2024,4,5,13.6,92,3.38,1.4,0.0,,12.4
18/10/2024,5,9,13.6,93,2.97,2.6,0.0,,12.4
18/10/2024,6,15,13.4,93,3.79,1.3,0.0,,12.3
18/10/2024,7,50,13.2,91,4.96,0.3,0.0,,11.8
18/10/2024,8,144,13.1,91,3.83,0.1,0.0,,11.8
18/10/2024,9,144,13.5,92,3.51,0.3,0.0,,12.2
18/10/2024,10,75,13.9,89,3.45,0.0,0.0,,12.2
18/10/2024,11,67,14.6,86,2.56,0.0,0.0,,12.3
18/10/2024,12,97,15.2,81,3.1,0.0,0.0,,12.1
18/10/2024,13,92,15.4,81,3.01,0.0,0.0,,12.1
18/10/2024,14,95,15.9,81,2.07,0.0,0.0,,12.6
18/10/2024,15,85,15.4,83,3.26,0.2,0.0,,12.6
18/10/2024,16,102,15.2,86,2.5,0.4,0.0,,12.9
18/10/2024,17,144,15.2,86,2.86,0.0,0.0,,12.9
18/10/2024,18,183,15.2,84,2.26,0.0,0.0,,12.6
18/10/2024,19,168,14.6,91,1.41,0.0,0.0,,13.1
18/10/2024,20,113,14.4,88,0.75,0.0,0.0,,12.6
18/10/2024,21,73,14.4,89,1.94,0.0,0.0,,12.6
18/10/2024,22,62,14.2,89,2.7,0.0,0.0,,12.4
18/10/2024,23,61,14.1,82,3.4,0.0,0.0,,11.0
18/11/2023,0,46,7.9,90,1.63,0.0,0.0,,6.3
18/11/2023,1,31,8.2,90,1.84,0.0,0.0,,6.7
18/11/2023,2,25,8.2,92,2.04,0.1,0.0,,7.0
18/11/2023,3,16,8.6,93,2.5,0.3,0.0,,7.6
18/11/2023,4,12,8.8,93,2.73,0.4,0.0,,7.8
18/11/2023,5,10,8.8,93,3.4,0.1,0.0,,7.7
18/11/2023,6,8,8.9,92,3.61,0.1,0.0,,7.8
18/11/2023,7,12,8.8,92,3.75,0.1,0.0,,7.6
18/11/2023,8,23,8.9,90,4.84,0.1,0.0,,7.3
18/11/2023,9,33,8.9,90,4.41,0.4,0.0,,7.3
18/11/2023,10,35,9.0,90,5.23,1.2,0.0,,7.4
18/11/2023,11,39,9.4,90,5.2,1.0,0.0,,7.8
18/11/2023,12,55,9.8,92,5.36,1.2,0.0,,8.5
18/11/2023,13,52,10.6,92,5.85,0.5,0.0,,9.4
18/11/2023,14,51,11.4,92,5.82,1.0,0.0,,10.1
18/11/2023,15,42,11.3,93,6.13,0.8,0.0,,10.2
18/11/2023,16,37,11.8,92,6.24,1.2,0.0,,10.6
18/11/2023,17,47,12.1,92,5.59,2.7,0.0,,10.9
18/11/2023,18,68,12.5,92,5.33,1.4,0.0,,11.2
18/11/2023,19,75,12.8,92,5.22,1.3,0.0,,11.4
18/11/2023,20,61,13.2,91,6.3,0.7,0.0,,11.8
18/11/2023,21,42,13.7,90,6.65,0.0,0.0,,12.1
18/11/2023,22,36,14.0,90,6.22,0.0,0.0,,12.4
18/11/2023,23,36,14.2,90,5.75,0.0,0.0,,12.6
18/11/2024,0,15,6.6,92,3.66,0.0,0.0,,5.4
18/11/2024,1,9,6.6,90,3.76,0.0,0.0,,5.1
18/11/2024,2,6,6.7,88,3.9,0.0,0.0,,4.8
18/11/2024,3,4,7.4,89,3.8,0.0,0.0,,5.8
18/11/2024,4,4,7.3,90,3.94,0.0,0.0,,5.8
18/11/2024,5,8,7.3,91,4.02,0.0,0.0,,5.8
18/11/2024,6,19,7.2,91,4.19,0.0,0.0,,5.9
18/11/2024,7,69,7.4,91,4.26,0.0,0.0,,6.1
18/11/2024,8,236,7.4,91,4.36,0.0,0.0,,6.1
18/11/2024,9,193,7.4,91,4.37,0.0,0.0,,6.0
18/11/2024,10,64,7.8,90,4.26,0.0,0.0,,6.2
18/11/2024,11,51,8.4,88,4.56,0.0,0.0,,6.7
18/11/2024,12,65,8.9,88,4.92,0.6,0.0,,7.0
18/11/2024,13,72,9.4,90,4.94,0.7,0.0,,7.8
18/11/2024,14,62,9.6,90,4.9,0.3,0.0,,8.1
18/11/2024,15,61,10.4,92,4.59,0.2,0.0,,9.1
18/11/2024,16,69,10.6,91,4.39,0.1,0.0,,9.1
18/11/2024,17,117,10.6,91,4.13,0.2,0.0,,9.2
18/11/2024,18,188,10.3,93,4.38,0.4,0.0,,9.2
18/11/2024,19,165,10.2,93,4.44,0.3,0.0,,9.1
18/11/2024,20,88,10.3,93,5.1,0.4,0.0,,9.2
18/11/2024,21,54,10.5,93,5.38,0.4,0.0,,9.4
18/11/2024,22,43,10.6,93,5.47,0.5,0.0,,9.5
18/11/2024,23,27,10.6,93,5.31,0.6,0.0,,9.6
18/12/2023,0,13,0.3,99,3.22,0.0,0.0,,0.2
18/12/2023,1,7,0.1,99,3.16,0.0,0.0,,-0.2
18/12/2023,2,5,-0.2,99,3.04,0.0,0.0,,-0.3
18/12/2023,3,3,-0.2,98,2.5,0.0,0.0,,-0.4
18/12/2023,4,3,0.6,99,1.86,0.0,0.0,,0.4
18/12/2023,5,6,1.6,100,1.94,0.0,0.0,,1.5
18/12/2023,6,17,1.7,98,1.97,0.0,0.0,,1.5
18/12/2023,7,67,1.7,97,2.06,0.0,0.0,,1.3
18/12/2023,8,241,1.8,94,2.56,0.0,0.0,,1.0
18/12/2023,9,213,1.5,94,2.01,0.0,0.0,,0.8
18/12/2023,10,77,1.0,93,2.25,0.0,0.0,,-0.1
18/12/2023,11,63,0.8,91,2.75,0.0,0.0,,-0.6
18/12/2023,12,84,1.4,92,2.75,0.0,0.0,,0.2
18/12/2023,13,82,2.0,94,2.62,0.0,0.0,,1.1
18/12/2023,14,76,2.7,95,2.94,0.0,0.0,,2.0
18/12/2023,15,72,1.2,88,2.69,0.0,0.0,,-0.5
18/12/2023,16,93,2.1,84,3.14,0.0,0.0,,-0.3
18/12/2023,17,151,2.8,82,3.24,0.0,0.0,,0.1
18/12/2023,18,225,2.2,88,1.84,0.0,0.0,,0.4
18/12/2023,19,204,2.3,88,2.8,0.0,0.0,,0.6
18/12/2023,20,104,3.2,87,3.1,0.0,0.0,,1.2
18/12/2023,21,57,3.7,89,3.1,0.0,0.0,,2.0
18/12/2023,22,53,3.8,91,3.32,0.0,0.0,,2.5
18/12/2023,23,41,3.7,92,3.55,0.0,0.0,,2.5
18/12/2024,0,31,6.4,88,3.16,0.0,0.0,,4.5
18/12/2024,1,16,7.1,86,3.21,0.0,0.0,,4.9
18/12/2024,2,10,7.1,86,3.28,0.0,0.0,,4.9
18/12/2024,3,5,7.6,93,4.13,0.3,0.0,,6.5
18/12/2024,4,5,6.8,90,3.31,0.0,0.0,,5.3
18/12/2024,5,7,7.3,86,4.1,0.0,0.0,,5.2
18/12/2024,6,16,7.2,84,4.48,0.0,0.0,,4.6
18/12/2024,7,59,8.1,77,4.45,1.1,0.0,,4.4
18/12/2024,8,185,8.4,76,4.35,0.0,0.0,,4.5
18/12/2024,9,188,9.4,72,4.36,0.0,0.0,,4.6
18/12/2024,10,79,10.1,74,4.25,0.0,0.0,,5.8
18/12/2024,11,73,10.9,78,4.27,0.0,0.0,,7.3
18/12/2024,12,102,11.6,82,4.55,0.0,0.0,,8.6
18/12/2024,13,98,11.9,85,4.3,0.0,0.0,,9.4
18/12/2024,14,92,12.6,85,4.31,0.0,0.0,,10.2
18/12/2024,15,83,12.4,88,4.26,0.0,0.0,,10.4
18/12/2024,16,94,12.9,88,4.24,0.0,0.0,,10.9
18/12/2024,17,134,12.8,90,3.93,0.1,0.0,,11.1
18/12/2024,18,200,12.4,89,3.83,0.0,0.0,,10.6
18/12/2024,19,188,12.6,87,4.04,0.0,0.0,,10.5
18/12/2024,20,108,12.0,90,4.39,0.0,0.0,,10.4
18/12/2024,21,66,12.6,92,5.47,0.0,0.0,,11.3
18/12/2024,22,65,13.4,88,6.22,0.0,0.0,,11.4
18/12/2024,23,59,13.7,82,6.02,0.0,0.0,,10.7
19/01/2023,0,27,-1.0,94,2.2,0.0,0.0,,-2.0
19/01/2023,1,13,-1.8,94,2.0,0.0,0.0,,-2.6
19/01/2023,2,8,-0.9,95,2.3,0.0,0.0,,-1.6
19/01/2023,3,5,-0.6,94,2.1,0.0,0.0,,-1.4
19/01/2023,4,4,-0.9,94,2.11,0.0,0.0,,-1.8
19/01/2023,5,8,-1.8,94,1.96,0.0,0.0,,-2.5
19/01/2023,6,25,-2.2,94,2.06,0.0,0.0,,-3.0
19/01/2023,7,88,-2.2,93,2.12,0.0,0.0,,-3.1
19/01/2023,8,252,-1.7,92,2.33,0.0,0.0,,-2.8
19/01/2023,9,247,-1.8,92,2.25,0.0,0.0,,-2.9
19/01/2023,10,117,-2.0,93,1.92,0.0,0.0,,-3.0
19/01/2023,11,96,0.0,89,2.02,0.0,0.0,,-1.5
19/01/2023,12,124,1.4,86,1.91,0.0,0.0,,-0.8
19/01/2023,13,149,2.9,82,2.02,0.0,0.0,,0.2
19/01/2023,14,141,2.7,75,2.35,0.0,0.0,,-1.3
19/01/2023,15,112,3.4,76,3.21,1.2,0.77,,-0.3
19/01/2023,16,134,2.9,85,2.22,1.8,0.98,,0.6
19/01/2023,17,177,3.0,90,1.17,1.1,0.49,,1.5
19/01/2023,18,246,3.0,90,1.1,0.2,0.0,,1.5
19/01/2023,19,240,2.5,94,1.2,0.0,0.0,,1.5
19/01/2023,20,146,2.5,93,0.92,0.0,0.0,,1.5
19/01/2023,21,74,1.2,97,1.22,0.1,0.0,,0.8
19/01/2023,22,65,1.2,97,1.53,0.1,0.0,,0.9
19/01/2023,23,72,0.2,97,1.58,0.0,0.0,,-0.2
19/01/2024,0,19,-4.4,90,1.97,0.0,0.0,,-5.8
19/01/2024,1,13,-4.6,90,1.89,0.0,0.0,,-5.9
19/01/2024,2,8,-4.6,90,1.84,0.0,0.0,,-5.9
19/01/2024,3,5,-1.5,88,1.71,0.0,0.0,,-3.2
19/01/2024,4,4,-1.5,88,1.66,0.0,0.0,,-3.2
19/01/2024,5,6,-1.6,90,1.75,0.0,0.0,,-3.1
19/01/2024,6,11,-2.3,93,1.53,0.0,0.0,,-3.3
19/01/2024,7,36,-4.2,95,2.06,0.0,0.0,,-4.9
19/01/2024,8,116,-4.6,95,2.12,0.0,0.0,,-5.3
19/01/2024,9,110,-4.9,95,2.28,0.0,0.0,,-5.6
19/01/2024,10,52,-4.8,95,2.16,0.0,0.0,,-5.4
19/01/2024,11,48,-2.2,89,1.6,0.0,0.0,,-3.8
19/01/2024,12,67,0.0,78,0.92,0.0,0.0,,-3.3
19/01/2024,13,65,1.9,70,0.94,0.0,0.0,,-3.1
19/01/2024,14,64,3.2,65,1.0,0.0,0.0,,-2.8
19/01/2024,15,62,3.2,69,1.0,0.0,0.0,,-1.9
19/01/2024,16,72,3.4,68,1.35,0.0,0.0,,-1.9
19/01/2024,17,95,2.5,73,0.95,0.0,0.0,,-1.9
19/01/2024,18,115,-1.2,86,2.62,0.0,0.0,,-3.2
19/01/2024,19,102,-3.5,91,3.4,0.0,0.0,,-4.8
19/01/2024,20,67,-4.3,94,3.32,0.0,0.0,,-5.2
19/01/2024,21,40,-4.6,94,3.29,0.0,0.0,,-5.3
19/01/2024,22,33,-4.6,94,3.04,0.0,0.0,,-5.3
19/01/2024,23,33,-4.9,94,3.23,0.0,0.0,,-5.8
19/02/2023,0,36,10.8,75,4.65,0.0,0.0,,6.5
19/02/2023,1,28,10.7,77,5.01,0.0,0.0,,6.8
19/02/2023,2,25,10.1,81,5.0,0.0,0.0,,6.9
19/02/2023,3,14,10.1,82,4.35,0.0,0.0,,7.1
19/02/2023,4,11,10.1,83,5.22,0.1,0.0,,7.3
19/02/2023,5,9,10.0,85,4.7,0.0,0.0,,7.6
19/02/2023,6,8,9.8,87,4.46,0.0,0.0,,7.7
19/02/2023,7,9,9.6,84,4.81,0.0,0.0,,7.2
19/02/2023,8,18,9.3,86,4.34,0.0,0.0,,7.0
19/02/2023,9,34,9.1,87,3.91,0.0,0.0,,7.1
19/02/2023,10,49,9.4,85,4.4,0.0,0.0,,7.0
19/02/2023,11,71,9.6,81,4.75,0.0,0.0,,6.5
19/02/2023,12,85,10.1,77,4.72,0.0,0.0,,6.2
19/02/2023,13,73,10.6,73,4.7,0.0,0.0,,5.9
19/02/2023,14,81,11.1,70,4.24,0.0,0.0,,5.8
19/02/2023,15,102,11.4,68,4.08,0.0,0.0,,5.7
19/02/2023,16,109,11.8,66,4.34,0.0,0.0,,5.6
19/02/2023,17,109,11.8,65,4.43,0.0,0.0,,5.3
19/02/2023,18,99,11.9,63,3.91,0.0,0.0,,5.0
19/02/2023,19,78,9.7,76,1.75,0.0,0.0,,5.6
19/02/2023,20,53,7.3,86,2.5,0.0,0.0,,5.2
19/02/2023,21,37,6.4,89,2.32,0.0,0.0,,4.7
19/02/2023,22,29,5.8,91,2.16,0.0,0.0,,4.4
19/02/2023,23,20,4.6,95,2.5,0.0,0.0,,3.8
19/02/2024,0,12,11.0,93,4.24,0.0,0.0,,9.9
19/02/2024,1,8,11.1,92,4.3,0.0,0.0,,9.9
19/02/2024,2,6,10.9,92,4.22,0.0,0.0,,9.8
19/02/2024,3,4,10.4,93,4.0,0.0,0.0,,9.3
19/02/2024,4,3,10.1,96,3.53,0.0,0.0,,9.4
19/02/2024,5,8,10.1,96,3.73,0.0,0.0,,9.5
19/02/2024,6,16,10.1,95,3.29,0.0,0.0,,9.4
19/02/2024,7,48,10.1,95,3.13,0.0,0.0,,9.4
19/02/2024,8,166,10.1,95,2.43,0.0,0.0,,9.4
19/02/2024,9,170,10.2,94,3.01,0.0,0.0,,9.3
19/02/2024,10,60,10.3,93,3.31,0.0,0.0,,9.2
19/02/2024,11,52,10.6,85,4.84,0.0,0.0,,8.1
19/02/2024,12,61,10.6,82,5.2,0.0,0.0,,7.6
19/02/2024,13,64,10.7,80,5.41,0.0,0.0,,7.4
19/02/2024,14,57,11.1,74,5.77,0.0,0.0,,6.7
19/02/2024,15,53,10.9,75,4.8,0.0,0.0,,6.7
19/02/2024,16,63,10.9,74,5.7,0.0,0.0,,6.4
19/02/2024,17,102,11.7,69,6.01,0.0,0.0,,6.2
19/02/2024,18,180,11.4,71,4.23,0.1,0.0,,6.3
19/02/2024,19,161,10.6,78,4.24,0.1,0.0,,7.1
19/02/2024,20,87,10.3,84,4.72,0.1,0.0,,7.7
19/02/2024,21,50,9.4,90,4.07,0.1,0.0,,7.9
19/02/2024,22,44,8.9,93,3.62,0.0,0.0,,7.8
19/02/2024,23,29,8.9,93,3.44,0.0,0.0,,7.9
19/03/2023,0,39,9.4,92,2.97,0.0,0.0,,8.1
19/03/2023,1,28,8.9,93,2.78,0.0,0.0,,7.9
19/03/2023,2,25,9.9,92,3.67,0.0,0.0,,8.6
19/03/2023,3,15,9.4,93,3.05,0.1,0.0,,8.4
19/03/2023,4,11,8.9,93,2.76,0.0,0.0,,7.8
19/03/2023,5,7,8.4,95,2.11,0.0,0.0,,7.6
19/03/2023,6,7,8.0,96,2.15,0.0,0.0,,7.4
19/03/2023,7,10,7.8,96,2.06,0.0,0.0,,7.2
19/03/2023,8,21,7.5,96,2.34,0.0,0.0,,6.9
19/03/2023,9,39,8.6,93,3.41,0.0,0.0,,7.6
19/03/2023,10,59,9.5,90,4.34,0.0,0.0,,8.0
19/03/2023,11,50,10.3,87,4.59,0.0,0.0,,8.2
19/03/2023,12,55,10.1,84,5.11,1.9,0.0,,7.5
19/03/2023,13,58,10.2,84,4.84,0.2,0.0,,7.7
19/03/2023,14,66,10.1,80,2.78,0.2,0.0,,6.9
19/03/2023,15,78,10.6,74,3.96,0.1,0.0,,6.2
19/03/2023,16,87,11.1,68,4.1,0.0,0.0,,5.6
19/03/2023,17,92,11.2,62,4.6,0.2,0.0,,4.2
19/03/2023,18,92,10.8,61,4.17,0.1,0.0,,3.5
19/03/2023,19,79,10.2,63,3.61,0.0,0.0,,3.5
19/03/2023,20,53,8.6,66,2.69,0.0,0.0,,2.5
19/03/2023,21,38,6.7,72,1.84,0.0,0.0,,2.1
19/03/2023,22,29,4.2,85,2.64,0.0,0.0,,1.9
19/03/2023,23,20,3.6,89,2.4,0.0,0.0,,1.9
19/03/2024,0,19,10.8,89,1.24,0.0,0.0,,9.1
19/03/2024,1,9,9.6,93,0.58,0.0,0.0,,8.5
19/03/2024,2,6,8.6,96,0.82,0.0,0.0,,8.0
19/03/2024,3,5,9.3,93,0.58,0.0,0.0,,8.3
19/03/2024,4,4,8.1,97,1.51,0.0,0.0,,7.7
19/03/2024,5,8,7.3,98,1.71,0.0,0.0,,7.0
19/03/2024,6,22,7.2,96,1.87,0.0,0.0,,6.6
19/03/2024,7,83,6.7,94,2.14,0.0,0.0,,5.8
19/03/2024,8,267,6.1,95,1.91,0.0,0.0,,5.3
19/03/2024,9,216,7.7,91,2.5,0.0,0.0,,6.2
19/03/2024,10,83,9.3,86,1.6,0.0,0.0,,7.1
19/03/2024,11,73,11.4,79,1.4,0.0,0.0,,8.0
19/03/2024,12,97,13.3,70,1.53,0.0,0.0,,7.8
19/03/2024,13,98,14.7,62,1.63,0.0,0.0,,7.6
19/03/2024,14,92,16.1,57,2.45,0.0,0.0,,7.7
19/03/2024,15,89,16.9,53,2.14,0.0,0.0,,7.2
19/03/2024,16,109,17.4,51,2.78,0.0,0.0,,7.2
19/03/2024,17,171,17.1,54,2.73,0.0,0.0,,7.8
19/03/2024,18,269,16.8,54,1.66,0.0,0.0,,7.5
19/03/2024,19,231,16.1,67,0.67,0.0,0.0,,9.9
19/03/2024,20,126,15.7,59,0.94,0.0,0.0,,7.7
19/03/2024,21,75,13.9,66,0.45,0.0,0.0,,7.8
19/03/2024,22,71,12.4,73,0.54,0.0,0.0,,7.8
19/03/2024,23,56,9.2,88,2.24,0.0,0.0,,7.4
19/04/2023,0,27,8.6,88,2.62,0.0,0.0,,6.7
19/04/2023,1,12,8.4,88,2.69,0.0,0.0,,6.6
19/04/2023,2,7,9.4,87,3.13,0.0,0.0,,7.3
19/04/2023,3,4,8.8,87,3.2,0.0,0.0,,6.7
19/04/2023,4,3,8.4,86,3.42,0.0,0.0,,6.2
19/04/2023,5,6,8.0,87,3.13,0.0,0.0,,5.9
19/04/2023,6,18,7.3,89,2.52,0.0,0.0,,5.6
19/04/2023,7,80,6.8,90,2.38,0.0,0.0,,5.3
19/04/2023,8,266,8.0,88,3.14,0.0,0.0,,6.1
19/04/2023,9,237,9.8,84,3.18,0.0,0.0,,7.1
19/04/2023,10,94,11.4,79,3.98,0.0,0.0,,7.9
19/04/2023,11,81,13.2,75,3.98,0.0,0.0,,8.9
19/04/2023,12,113,15.1,70,4.06,0.0,0.0,,9.6
19/04/2023,13,111,16.2,65,4.46,0.0,0.0,,9.7
19/04/2023,14,103,17.6,57,5.31,0.0,0.0,,8.9
19/04/2023,15,97,18.0,53,5.32,0.0,0.0,,8.3
19/04/2023,16,114,18.0,51,5.46,0.0,0.0,,7.8
19/04/2023,17,175,17.0,56,5.97,0.0,0.0,,8.1
19/04/2023,18,276,16.4,57,5.66,0.0,0.0,,7.9
19/04/2023,19,255,15.4,61,5.05,0.0,0.0,,8.0
19/04/2023,20,149,14.5,67,3.42,0.0,0.0,,8.4
19/04/2023,21,81,13.7,68,3.05,0.0,0.0,,7.8
19/04/2023,22,78,13.1,68,4.1,0.0,0.0,,7.2
19/04/2023,23,73,12.8,64,5.1,0.0,0.0,,6.1
19/04/2024,0,39,7.7,70,2.84,0.0,0.0,,2.5
19/04/2024,1,20,7.6,72,2.43,0.0,0.0,,3.0
19/04/2024,2,12,7.6,76,2.62,0.0,0.0,,3.5
19/04/2024,3,7,7.8,81,3.35,0.0,0.0,,4.8
19/04/2024,4,6,7.9,80,2.89,0.0,0.0,,4.7
19/04/2024,5,9,7.8,79,3.52,0.0,0.0,,4.4
19/04/2024,6,17,7.8,76,4.26,0.0,0.0,,3.8
19/04/2024,7,44,7.9,67,4.91,0.0,0.0,,2.2
19/04/2024,8,121,7.9,64,5.31,0.0,0.0,,1.6
19/04/2024,9,135,8.2,65,5.73,0.0,0.0,,2.0
19/04/2024,10,69,8.9,70,5.76,0.0,0.0,,3.8
19/04/2024,11,58,10.1,74,7.4,0.0,0.0,,5.7
19/04/2024,12,80,11.4,71,7.99,0.0,0.0,,6.2
19/04/2024,13,76,11.8,71,8.28,0.0,0.0,,6.8
19/04/2024,14,70,12.2,73,7.12,0.0,0.0,,7.6
19/04/2024,15,66,11.6,77,7.01,0.3,0.0,,7.7
19/04/2024,16,67,11.6,75,7.45,0.0,0.0,,7.3
19/04/2024,17,104,11.1,78,6.22,0.1,0.0,,7.4
19/04/2024,18,135,11.3,76,7.69,0.0,0.0,,7.2
19/04/2024,19,89,10.8,80,5.85,0.1,0.0,,7.4
19/04/2024,20,77,10.3,82,6.8,0.5,0.0,,7.4
19/04/2024,21,53,9.4,85,4.05,0.3,0.0,,7.0
19/04/2024,22,46,8.2,88,3.36,0.0,0.0,,6.2
19/04/2024,23,40,7.3,89,3.71,0.0,0.0,,5.6
19/05/2023,0,29,10.4,72,3.44,0.0,0.0,,5.5
19/05/2023,1,17,9.8,74,3.22,0.0,0.0,,5.4
19/05/2023,2,10,9.9,72,3.21,0.0,0.0,,5.1
19/05/2023,3,6,8.9,77,3.01,0.0,0.0,,5.1
19/05/2023,4,5,8.3,81,2.62,0.0,0.0,,5.3
19/05/2023,5,7,7.7,85,2.4,0.0,0.0,,5.2
19/05/2023,6,13,6.9,88,2.12,0.0,0.0,,5.0
19/05/2023,7,29,7.4,86,2.69,0.0,0.0,,5.2
19/05/2023,8,75,9.0,81,3.07,0.0,0.0,,5.9
19/05/2023,9,94,10.6,76,3.04,0.0,0.0,,6.6
19/05/2023,10,74,12.6,72,3.01,0.0,0.0,,7.6
19/05/2023,11,81,14.4,67,3.13,0.0,0.0,,8.4
19/05/2023,12,92,16.2,61,3.48,0.0,0.0,,8.6
19/05/2023,13,90,17.4,50,4.43,0.0,0.0,,6.9
19/05/2023,14,95,18.3,51,4.66,0.0,0.0,,7.9
19/05/2023,15,101,19.0,45,4.65,0.0,0.0,,6.8
19/05/2023,16,114,19.2,42,5.03,0.0,0.0,,6.1
19/05/2023,17,128,18.0,48,5.37,0.0,0.0,,6.8
19/05/2023,18,146,18.2,45,5.56,0.0,0.0,,6.2
19/05/2023,19,135,17.9,47,4.84,0.0,0.0,,6.3
19/05/2023,20,95,17.0,54,3.83,0.0,0.0,,7.6
19/05/2023,21,64,15.8,57,3.93,0.0,0.0,,7.2
19/05/2023,22,52,14.3,60,3.85,0.0,0.0,,6.6
19/05/2023,23,47,13.6,61,3.95,0.0,0.0,,6.2
19/05/2024,0,48,12.9,95,1.55,0.0,0.0,,12.1
19/05/2024,1,35,11.7,97,2.09,0.0,0.0,,11.2
19/05/2024,2,28,11.6,97,1.43,0.0,0.0,,11.1
19/05/2024,3,17,13.1,94,1.5,0.1,0.0,,12.2
19/05/2024,4,14,12.5,97,1.1,0.0,0.0,,12.0
19/05/2024,5,10,11.7,98,1.46,0.0,0.0,,11.4
19/05/2024,6,10,11.9,97,1.78,0.0,0.0,,11.5
19/05/2024,7,13,12.0,97,1.86,0.0,0.0,,11.6
19/05/2024,8,24,12.9,93,1.49,0.0,0.0,,11.8
19/05/2024,9,37,13.7,89,1.41,0.0,0.0,,11.9
19/05/2024,10,57,14.8,86,1.0,0.0,0.0,,12.6
19/05/2024,11,67,16.3,79,0.78,0.1,0.0,,12.6
19/05/2024,12,74,16.9,77,0.81,0.1,0.0,,12.8
19/05/2024,13,74,17.2,76,0.5,0.1,0.0,,13.1
19/05/2024,14,67,17.9,74,0.71,0.1,0.0,,13.1
19/05/2024,15,81,17.7,69,1.35,0.0,0.0,,12.0
19/05/2024,16,92,17.7,68,1.63,0.0,0.0,,11.7
19/05/2024,17,104,18.9,67,1.27,0.0,0.0,,12.5
19/05/2024,18,111,19.1,65,2.25,0.2,0.0,,12.5
19/05/2024,19,104,18.3,68,2.9,0.3,0.0,,12.2
19/05/2024,20,80,17.5,71,1.77,0.0,0.0,,12.1
19/05/2024,21,59,16.2,82,1.25,0.0,0.0,,13.1
19/05/2024,22,53,14.1,89,1.9,0.0,0.0,,12.4
19/05/2024,23,47,13.3,91,2.16,0.0,0.0,,11.9
19/06/2023,0,20,19.5,86,3.1,0.0,0.0,,17.0
19/06/2023,1,13,18.1,91,2.4,0.0,0.0,,16.6
19/06/2023,2,7,18.0,93,1.84,0.0,0.0,,16.8
19/06/2023,3,4,17.0,96,2.06,0.0,0.0,,16.4
19/06/2023,4,4,16.4,95,1.98,0.0,0.0,,15.6
19/06/2023,5,10,15.6,96,1.72,0.0,0.0,,14.9
19/06/2023,6,25,14.9,97,1.98,0.0,0.0,,14.5
19/06/2023,7,83,16.5,94,1.53,0.0,0.0,,15.6
19/06/2023,8,272,17.6,91,0.81,0.0,0.0,,16.0
19/06/2023,9,241,19.3,84,0.89,0.0,0.0,,16.5
19/06/2023,10,89,21.1,72,1.72,0.0,0.0,,15.9
19/06/2023,11,76,22.1,64,1.89,0.0,0.0,,15.1
19/06/2023,12,100,23.7,56,2.6,0.0,0.0,,14.3
19/06/2023,13,99,24.4,51,2.5,0.0,0.0,,13.6
19/06/2023,14,94,23.9,58,2.41,0.0,0.0,,15.2
19/06/2023,15,76,23.7,61,1.12,0.2,0.0,,15.9
19/06/2023,16,104,24.0,60,1.7,0.0,0.0,,15.8
19/06/2023,17,169,23.1,64,1.8,0.2,0.0,,15.9
19/06/2023,18,259,22.2,68,2.66,0.2,0.0,,15.9
19/06/2023,19,238,21.5,74,2.5,0.4,0.0,,16.8
19/06/2023,20,133,21.2,78,2.06,0.0,0.0,,17.3
19/06/2023,21,77,20.9,82,2.04,0.0,0.0,,17.8
19/06/2023,22,67,19.9,91,1.52,0.0,0.0,,18.4
19/06/2023,23,56,19.5,94,1.91,0.0,0.0,,18.5
19/06/2024,0,30,16.5,94,3.14,0.0,0.0,,15.6
19/06/2024,1,15,15.9,96,3.4,0.0,0.0,,15.2
19/06/2024,2,10,15.0,97,2.94,0.0,0.0,,14.4
19/06/2024,3,6,15.9,95,3.79,0.1,0.0,,15.1
19/06/2024,4,5,15.4,90,4.26,0.0,0.0,,13.6
19/06/2024,5,9,14.6,89,4.05,0.0,0.0,,12.9
19/06/2024,6,22,14.6,89,3.85,0.2,0.0,,12.8
19/06/2024,7,69,14.8,89,4.36,0.3,0.0,,13.0
19/06/2024,8,227,15.0,90,4.33,0.2,0.0,,13.4
19/06/2024,9,217,15.7,87,4.62,0.0,0.0,,13.6
19/06/2024,10,89,17.0,80,5.3,0.0,0.0,,13.5
19/06/2024,11,76,17.9,74,4.83,0.0,0.0,,13.3
19/06/2024,12,102,18.2,75,5.17,0.1,0.0,,13.6
19/06/2024,13,100,19.6,69,6.67,0.2,0.0,,13.9
19/06/2024,14,92,20.6,65,5.69,0.1,0.0,,13.8
19/06/2024,15,86,19.4,71,3.54,0.1,0.0,,14.0
19/06/2024,16,100,19.7,68,4.98,0.0,0.0,,13.6
19/06/2024,17,160,21.4,62,5.1,0.0,0.0,,13.8
19/06/2024,18,247,20.8,61,4.78,0.0,0.0,,13.0
19/06/2024,19,230,20.4,63,4.82,0.0,0.0,,13.0
19/06/2024,20,145,20.0,65,4.1,0.0,0.0,,13.2
19/06/2024,21,88,19.2,68,3.68,0.0,0.0,,13.3
19/06/2024,22,84,18.5,70,3.62,0.0,0.0,,13.0
19/06/2024,23,77,17.3,76,2.7,0.0,0.0,,12.9
19/07/2023,0,46,20.7,54,1.42,0.0,0.0,,11.1
19/07/2023,1,36,19.7,60,1.58,0.0,0.0,,11.7
19/07/2023,2,20,19.4,62,4.16,0.0,0.0,,11.9
19/07/2023,3,7,18.9,63,3.19,0.0,0.0,,11.6
19/07/2023,4,5,18.0,64,3.83,0.0,0.0,,11.1
19/07/2023,5,9,17.3,66,4.17,0.0,0.0,,10.9
19/07/2023,6,21,16.5,68,3.85,0.0,0.0,,10.5
19/07/2023,7,72,16.3,68,3.77,0.0,0.0,,10.4
19/07/2023,8,230,17.4,67,3.64,0.0,0.0,,11.2
19/07/2023,9,235,18.9,67,4.06,0.0,0.0,,12.6
19/07/2023,10,91,20.4,60,5.79,0.0,0.0,,12.4
19/07/2023,11,77,21.4,54,5.43,0.0,0.0,,11.8
19/07/2023,12,102,23.1,46,5.91,0.0,0.0,,10.9
19/07/2023,13,92,24.0,42,5.91,0.0,0.0,,10.2
19/07/2023,14,89,23.1,44,5.54,0.0,0.0,,10.4
19/07/2023,15,85,23.0,43,5.63,0.0,0.0,,9.6
19/07/2023,16,100,22.8,45,5.6,0.0,0.0,,10.1
19/07/2023,17,156,23.9,42,5.99,0.0,0.0,,10.1
19/07/2023,18,263,23.9,42,5.63,0.0,0.0,,10.1
19/07/2023,19,253,22.6,51,5.5,0.0,0.0,,11.9
19/07/2023,20,157,22.4,50,4.83,0.0,0.0,,11.4
19/07/2023,21,96,21.6,51,4.19,0.0,0.0,,11.2
19/07/2023,22,84,20.4,56,3.84,0.0,0.0,,11.3
19/07/2023,23,82,19.0,64,3.61,0.0,0.0,,12.0
19/07/2024,0,52,20.6,74,2.41,0.0,0.0,,15.9
19/07/2024,1,33,20.5,74,2.09,0.0,0.0,,15.7
19/07/2024,2,21,21.0,71,1.4,0.0,0.0,,15.6
19/07/2024,3,11,18.8,75,1.93,0.0,0.0,,14.3
19/07/2024,4,9,18.0,81,2.01,0.0,0.0,,14.8
19/07/2024,5,12,17.2,87,2.53,0.0,0.0,,15.1
19/07/2024,6,23,17.4,86,2.06,0.0,0.0,,15.1
19/07/2024,7,55,18.0,85,0.99,0.0,0.0,,15.5
19/07/2024,8,135,19.5,78,0.94,0.0,0.0,,15.6
19/07/2024,9,142,21.4,73,0.76,0.0,0.0,,16.2
19/07/2024,10,75,23.5,66,1.13,0.0,0.0,,16.8
19/07/2024,11,69,26.1,57,1.44,0.0,0.0,,16.8
19/07/2024,12,85,28.1,50,1.12,0.0,0.0,,16.5
19/07/2024,13,82,29.3,44,1.58,0.0,0.0,,15.9
19/07/2024,14,82,30.5,37,1.49,0.0,0.0,,14.1
19/07/2024,15,78,31.0,36,0.64,0.0,0.0,,14.1
19/07/2024,16,96,31.5,34,0.0,0.1,0.0,,13.6
19/07/2024,17,133,31.5,33,0.22,0.0,0.0,,13.4
19/07/2024,18,161,31.8,33,0.72,0.0,0.0,,13.5
19/07/2024,19,153,31.0,35,2.35,0.0,0.0,,13.8
19/07/2024,20,110,29.9,42,2.09,0.0,0.0,,15.4
19/07/2024,21,74,27.7,57,1.46,0.0,0.0,,18.3
19/07/2024,22,67,25.4,62,1.6,0.0,0.0,,17.5
19/07/2024,23,61,24.1,69,1.81,0.0,0.0,,18.0
19/08/2023,0,38,23.7,87,2.24,0.0,0.0,,21.4
19/08/2023,1,24,24.4,82,2.46,0.0,0.0,,21.2
19/08/2023,2,17,25.4,79,3.55,0.0,0.0,,21.4
19/08/2023,3,10,23.9,85,1.86,0.9,0.0,,21.2
19/08/2023,4,8,23.9,84,2.68,0.0,0.0,,20.9
19/08/2023,5,8,23.3,82,2.81,0.0,0.0,,20.0
19/08/2023,6,10,22.5,82,2.91,0.0,0.0,,19.4
19/08/2023,7,14,21.5,84,2.32,0.0,0.0,,18.8
19/08/2023,8,25,22.0,81,2.21,0.0,0.0,,18.5
19/08/2023,9,37,23.0,74,2.69,0.0,0.0,,18.1
19/08/2023,10,35,23.8,68,3.01,0.0,0.0,,17.5
19/08/2023,11,34,24.5,65,3.86,0.7,0.0,,17.5
19/08/2023,12,34,22.2,68,4.16,2.7,0.0,,16.0
19/08/2023,13,53,20.1,81,3.34,1.8,0.0,,16.6
19/08/2023,14,64,23.4,65,3.42,0.8,0.0,,16.5
19/08/2023,15,80,25.1,62,3.67,0.0,0.0,,17.5
19/08/2023,16,90,25.4,63,3.37,0.0,0.0,,17.9
19/08/2023,17,92,26.6,60,3.44,0.0,0.0,,18.3
19/08/2023,18,92,27.0,58,3.22,0.0,0.0,,18.1
19/08/2023,19,92,26.7,59,3.0,0.0,0.0,,18.0
19/08/2023,20,80,25.5,67,2.3,0.0,0.0,,18.9
19/08/2023,21,56,23.2,74,2.72,0.0,0.0,,18.5
19/08/2023,22,47,21.9,81,2.02,0.0,0.0,,18.5
19/08/2023,23,43,20.9,86,2.24,0.0,0.0,,18.5
19/08/2024,0,19,14.6,78,2.24,0.0,0.0,,10.9
19/08/2024,1,13,13.7,82,2.19,0.0,0.0,,10.6
19/08/2024,2,8,13.0,86,2.06,0.0,0.0,,10.6
19/08/2024,3,5,11.8,93,2.27,0.0,0.0,,10.6
19/08/2024,4,5,11.5,94,1.75,0.0,0.0,,10.6
19/08/2024,5,8,11.0,97,1.9,0.0,0.0,,10.5
19/08/2024,6,16,10.9,98,1.8,0.0,0.0,,10.5
19/08/2024,7,41,10.6,98,1.94,0.0,0.0,,10.4
19/08/2024,8,109,12.6,94,1.46,0.0,0.0,,11.7
19/08/2024,9,106,14.9,86,0.1,0.0,0.0,,12.5
19/08/2024,10,49,16.8,79,0.5,0.0,0.0,,13.1
19/08/2024,11,47,18.2,69,1.2,0.0,0.0,,12.5
19/08/2024,12,57,19.6,62,1.35,0.0,0.0,,12.1
19/08/2024,13,58,20.5,57,1.08,0.0,0.0,,11.6
19/08/2024,14,58,21.2,54,0.85,0.0,0.0,,11.6
19/08/2024,15,62,21.4,54,1.22,0.0,0.0,,11.8
19/08/2024,16,73,21.9,54,1.08,0.0,0.0,,12.2
19/08/2024,17,112,22.1,54,1.12,0.0,0.0,,12.4
19/08/2024,18,160,22.1,53,1.72,0.0,0.0,,12.1
19/08/2024,19,119,21.6,53,2.25,0.0,0.0,,11.8
19/08/2024,20,77,20.6,57,1.92,0.0,0.0,,11.9
19/08/2024,21,50,18.2,68,1.97,0.0,0.0,,12.1
19/08/2024,22,42,17.5,69,1.9,0.0,0.0,,11.9
19/08/2024,23,33,17.7,68,1.9,0.0,0.0,,11.8
19/09/2023,0,20,16.1,76,4.26,0.0,0.0,,11.9
19/09/2023,1,10,15.6,77,4.12,0.0,0.0,,11.6
19/09/2023,2,6,14.6,83,3.41,0.0,0.0,,11.6
19/09/2023,3,4,13.5,87,2.55,0.0,0.0,,11.4
19/09/2023,4,4,13.2,88,2.58,0.0,0.0,,11.3
19/09/2023,5,8,12.9,89,2.55,0.0,0.0,,11.1
19/09/2023,6,23,12.7,89,2.69,0.0,0.0,,10.9
19/09/2023,7,109,12.6,88,2.48,0.0,0.0,,10.8
19/09/2023,8,358,12.9,87,2.69,0.0,0.0,,10.8
19/09/2023,9,296,14.2,82,3.35,0.0,0.0,,11.2
19/09/2023,10,108,15.7,75,4.58,0.0,0.0,,11.4
19/09/2023,11,95,17.4,72,5.28,0.0,0.0,,12.2
19/09/2023,12,124,18.8,66,5.96,0.0,0.0,,12.2
19/09/2023,13,119,20.2,56,7.32,0.0,0.0,,11.1
19/09/2023,14,111,18.5,65,6.37,0.0,0.0,,11.8
19/09/2023,15,107,19.2,65,5.23,0.8,0.0,,12.6
19/09/2023,16,137,20.5,57,7.09,0.0,0.0,,11.7
19/09/2023,17,230,21.1,55,6.64,0.0,0.0,,11.6
19/09/2023,18,348,21.1,55,5.75,0.0,0.0,,11.9
19/09/2023,19,308,20.7,58,4.46,0.0,0.0,,12.1
19/09/2023,20,170,19.6,62,3.84,0.0,0.0,,12.2
19/09/2023,21,92,19.5,65,3.78,0.0,0.0,,12.7
19/09/2023,22,85,19.0,69,3.7,0.0,0.0,,13.2
19/09/2023,23,87,18.2,75,3.56,0.0,0.0,,13.7
19/09/2024,0,40,17.8,74,4.69,0.0,0.0,,13.2
19/09/2024,1,21,17.5,71,4.58,0.0,0.0,,12.2
19/09/2024,2,12,17.3,69,4.66,0.0,0.0,,11.5
19/09/2024,3,6,16.9,69,4.64,0.0,0.0,,11.2
19/09/2024,4,5,16.5,71,4.38,0.0,0.0,,11.1
19/09/2024,5,9,15.9,72,3.86,0.0,0.0,,11.0
19/09/2024,6,23,15.4,74,3.55,0.0,0.0,,10.9
19/09/2024,7,86,14.9,76,3.4,0.0,0.0,,10.8
19/09/2024,8,289,15.0,76,3.91,0.0,0.0,,10.9
19/09/2024,9,253,16.5,72,4.38,0.0,0.0,,11.4
19/09/2024,10,105,18.3,67,4.16,0.0,0.0,,12.0
19/09/2024,11,91,20.0,61,5.19,0.0,0.0,,12.1
19/09/2024,12,127,21.2,57,5.96,0.0,0.0,,12.4
19/09/2024,13,120,22.4,54,6.04,0.0,0.0,,12.6
19/09/2024,14,114,23.5,50,5.85,0.0,0.0,,12.6
19/09/2024,15,107,24.5,42,6.18,0.0,0.0,,10.9
19/09/2024,16,130,25.0,38,6.48,0.0,0.0,,9.6
19/09/2024,17,205,24.6,39,6.06,0.0,0.0,,9.6
19/09/2024,18,294,23.8,44,5.28,0.0,0.0,,10.9
19/09/2024,19,262,22.2,51,4.83,0.0,0.0,,11.6
19/09/2024,20,155,20.5,54,4.55,0.0,0.0,,10.8
19/09/2024,21,97,19.4,56,4.5,0.0,0.0,,10.4
19/09/2024,22,89,18.8,57,4.74,0.0,0.0,,10.1
19/09/2024,23,82,18.0,60,4.58,0.0,0.0,,10.1
19/10/2023,0,34,15.7,89,4.66,0.1,0.0,,13.9
19/10/2023,1,17,15.7,91,4.46,0.0,0.0,,14.2
19/10/2023,2,9,15.4,92,4.81,0.0,0.0,,14.0
19/10/2023,3,5,15.4,92,5.22,0.2,0.0,,14.1
19/10/2023,4,5,14.9,94,4.44,0.0,0.0,,13.9
19/10/2023,5,8,14.7,95,4.0,0.0,0.0,,13.9
19/10/2023,6,20,14.9,95,4.13,0.0,0.0,,14.1
19/10/2023,7,81,14.4,95,4.34,0.0,0.0,,13.6
19/10/2023,8,249,14.8,94,4.49,0.0,0.0,,13.8
19/10/2023,9,237,15.2,92,6.2,0.1,0.0,,13.9
19/10/2023,10,96,15.6,91,5.71,0.2,0.0,,14.2
19/10/2023,11,82,16.4,89,6.13,0.2,0.0,,14.6
19/10/2023,12,115,17.1,87,5.79,0.0,0.0,,14.9
19/10/2023,13,119,19.4,73,7.52,0.0,0.0,,14.5
19/10/2023,14,110,19.9,71,6.3,0.0,0.0,,14.6
19/10/2023,15,110,20.4,69,4.94,0.0,0.0,,14.6
19/10/2023,16,132,20.9,66,4.26,0.0,0.0,,14.2
19/10/2023,17,199,20.7,65,4.27,0.0,0.0,,13.8
19/10/2023,18,298,19.9,65,4.09,0.0,0.0,,13.0
19/10/2023,19,261,18.1,74,4.61,0.7,0.0,,13.4
19/10/2023,20,134,17.2,84,4.33,1.5,0.0,,14.4
19/10/2023,21,73,16.1,90,4.33,0.5,0.0,,14.5
19/10/2023,22,72,16.3,89,3.81,0.1,0.0,,14.5
19/10/2023,23,68,16.4,85,4.41,0.0,0.0,,13.9
19/10/2024,0,54,13.4,81,2.5,0.0,0.0,,10.1
19/10/2024,1,36,12.8,82,3.27,0.0,0.0,,9.8
19/10/2024,2,32,11.4,87,3.08,0.0,0.0,,9.4
19/10/2024,3,18,11.8,89,2.78,0.0,0.0,,10.1
19/10/2024,4,13,10.9,92,2.37,0.0,0.0,,9.6
19/10/2024,5,11,11.5,89,2.5,0.0,0.0,,9.7
19/10/2024,6,11,11.6,88,3.35,0.0,0.0,,9.8
19/10/2024,7,16,11.1,90,4.02,0.0,0.0,,9.6
19/10/2024,8,33,11.6,87,4.07,0.0,0.0,,9.4
19/10/2024,9,55,11.8,87,3.63,0.0,0.0,,9.6
19/10/2024,10,65,13.2,80,4.78,0.0,0.0,,9.9
19/10/2024,11,57,13.7,80,4.72,0.0,0.0,,10.4
19/10/2024,12,64,14.1,84,4.35,0.7,0.0,,11.4
19/10/2024,13,75,13.6,91,4.4,0.5,0.0,,12.2
19/10/2024,14,82,14.9,84,6.37,0.0,0.0,,12.2
19/10/2024,15,98,14.6,89,5.51,0.0,0.0,,12.8
19/10/2024,16,105,16.1,84,4.9,0.0,0.0,,13.4
19/10/2024,17,112,16.5,80,5.73,0.0,0.0,,13.1
19/10/2024,18,83,15.9,84,4.51,0.1,0.0,,13.2
19/10/2024,19,68,15.4,86,4.31,0.2,0.0,,13.1
19/10/2024,20,70,15.2,88,4.61,0.2,0.0,,13.3
19/10/2024,21,53,14.9,91,3.68,0.1,0.0,,13.5
19/10/2024,22,40,14.5,94,2.62,0.0,0.0,,13.6
19/10/2024,23,41,13.8,96,2.29,0.0,0.0,,13.1
19/11/2023,0,35,14.4,90,5.76,1.6,0.0,,12.9
19/11/2023,1,29,14.5,92,5.69,0.0,0.0,,13.1
19/11/2023,2,28,14.6,92,5.88,0.0,0.0,,13.2
19/11/2023,3,17,14.8,91,5.87,0.0,0.0,,13.4
19/11/2023,4,12,14.2,93,5.9,0.1,0.0,,13.1
19/11/2023,5,8,14.1,92,6.26,0.0,0.0,,12.8
19/11/2023,6,8,13.5,92,5.91,0.0,0.0,,12.2
19/11/2023,7,11,13.2,93,5.68,0.0,0.0,,12.1
19/11/2023,8,24,12.8,92,5.28,0.0,0.0,,11.4
19/11/2023,9,43,12.2,91,5.22,0.0,0.0,,10.9
19/11/2023,10,68,12.1,92,5.9,0.0,0.0,,10.9
19/11/2023,11,86,12.9,89,6.33,0.0,0.0,,11.1
19/11/2023,12,107,13.8,84,6.62,0.0,0.0,,11.1
19/11/2023,13,102,14.6,77,7.17,0.0,0.0,,10.6
19/11/2023,14,106,15.2,70,7.43,0.0,0.0,,9.7
19/11/2023,15,121,14.5,67,7.16,0.0,0.0,,8.5
19/11/2023,16,128,14.4,64,6.35,0.0,0.0,,7.6
19/11/2023,17,124,13.8,66,5.73,0.0,0.0,,7.7
19/11/2023,18,105,12.9,69,5.25,0.0,0.0,,7.4
19/11/2023,19,90,12.2,73,5.27,0.0,0.0,,7.6
19/11/2023,20,59,12.1,75,5.35,0.0,0.0,,7.8
19/11/2023,21,43,11.6,79,5.38,0.0,0.0,,7.9
19/11/2023,22,35,11.8,77,5.74,0.0,0.0,,7.8
19/11/2023,23,27,11.9,74,6.05,0.0,0.0,,7.4
19/11/2024,0,14,10.6,94,5.53,0.8,0.0,,9.8
19/11/2024,1,7,10.6,93,5.69,1.0,0.0,,9.6
19/11/2024,2,5,10.7,92,6.17,0.3,0.0,,9.4
19/11/2024,3,3,11.0,91,6.55,0.5,0.0,,9.6
19/11/2024,4,4,11.1,91,6.8,0.6,0.0,,9.6
19/11/2024,5,8,11.1,90,6.36,0.0,0.0,,9.5
19/11/2024,6,18,11.1,88,6.35,0.0,0.0,,9.2
19/11/2024,7,64,11.2,86,6.52,0.0,0.0,,8.9
19/11/2024,8,218,11.1,85,6.55,0.0,0.0,,8.7
19/11/2024,9,186,11.3,85,6.4,0.0,0.0,,8.9
19/11/2024,10,70,11.2,87,7.02,0.1,0.0,,9.1
19/11/2024,11,48,11.6,87,7.39,0.6,0.0,,9.4
19/11/2024,12,51,11.6,88,7.1,0.7,0.0,,9.6
19/11/2024,13,54,11.2,91,6.53,1.4,0.0,,9.8
19/11/2024,14,52,12.0,87,7.5,0.4,0.0,,9.9
19/11/2024,15,46,11.6,92,7.2,2.6,0.0,,10.4
19/11/2024,16,56,11.1,92,6.82,1.6,0.0,,9.9
19/11/2024,17,91,10.6,93,5.62,1.4,0.0,,9.5
19/11/2024,18,146,9.9,92,5.85,1.9,0.0,,8.6
19/11/2024,19,140,9.0,92,5.61,2.5,0.0,,7.7
19/11/2024,20,84,8.4,90,5.65,1.3,0.0,,6.8
19/11/2024,21,51,8.0,87,5.95,0.4,0.0,,6.1
19/11/2024,22,47,7.7,87,5.41,0.0,0.0,,5.6
19/11/2024,23,34,7.2,87,5.34,0.0,0.0,,5.2
19/12/2023,0,20,3.2,94,3.16,0.0,0.0,,2.5
19/12/2023,1,10,3.8,92,3.55,0.0,0.0,,2.7
19/12/2023,2,5,4.1,92,3.42,0.0,0.0,,2.8
19/12/2023,3,3,3.8,91,3.1,0.0,0.0,,2.5
19/12/2023,4,3,4.1,91,3.29,0.0,0.0,,2.7
19/12/2023,5,6,4.4,91,3.47,0.0,0.0,,3.0
19/12/2023,6,17,4.8,91,3.81,0.0,0.0,,3.3
19/12/2023,7,71,4.8,92,3.98,0.0,0.0,,3.5
19/12/2023,8,249,4.7,94,4.14,0.0,0.0,,3.7
19/12/2023,9,224,5.1,92,4.85,0.0,0.0,,4.0
19/12/2023,10,84,4.9,94,4.44,0.0,0.0,,4.1
19/12/2023,11,74,6.1,89,5.19,0.0,0.0,,4.3
19/12/2023,12,96,7.6,85,5.89,0.0,0.0,,5.2
19/12/2023,13,92,8.6,82,6.65,0.0,0.0,,5.8
19/12/2023,14,86,9.0,81,5.92,0.0,0.0,,6.0
19/12/2023,15,83,8.6,85,5.23,0.0,0.0,,6.2
19/12/2023,16,103,8.6,85,6.22,0.0,0.0,,6.3
19/12/2023,17,156,8.8,86,6.17,0.0,0.0,,6.5
19/12/2023,18,205,8.8,88,5.52,0.1,0.0,,6.8
19/12/2023,19,176,8.9,90,5.94,0.5,0.0,,7.3
19/12/2023,20,96,9.0,91,6.44,0.4,0.0,,7.7
19/12/2023,21,50,9.3,92,6.22,1.1,0.0,,8.1
19/12/2023,22,50,9.7,92,5.81,0.8,0.0,,8.4
19/12/2023,23,49,9.9,91,5.08,0.7,0.0,,8.6
19/12/2024,0,37,13.2,80,6.07,0.0,0.0,,9.8
19/12/2024,1,21,12.9,79,6.36,0.0,0.0,,9.4
19/12/2024,2,14,12.9,78,6.89,0.0,0.0,,9.1
19/12/2024,3,7,13.7,79,6.37,0.0,0.0,,10.1
19/12/2024,4,6,13.0,86,5.96,1.9,0.0,,10.8
19/12/2024,5,8,12.5,90,6.36,2.3,0.0,,10.9
19/12/2024,6,16,12.2,91,5.59,0.2,0.0,,10.9
19/12/2024,7,53,12.5,90,5.92,0.1,0.0,,10.9
19/12/2024,8,154,12.1,87,6.02,0.2,0.0,,9.9
19/12/2024,9,146,11.6,87,5.77,0.2,0.0,,9.6
19/12/2024,10,65,9.8,90,7.06,1.2,0.0,,8.3
19/12/2024,11,65,8.6,88,5.86,0.3,0.0,,6.8
19/12/2024,12,87,8.2,84,5.13,0.0,0.0,,5.8
19/12/2024,13,84,8.6,77,5.08,0.1,0.0,,4.7
19/12/2024,14,77,8.6,75,5.78,0.1,0.0,,4.6
19/12/2024,15,66,7.4,77,5.37,0.1,0.0,,3.6
19/12/2024,16,82,7.4,70,5.07,0.0,0.0,,2.3
19/12/2024,17,113,5.2,83,5.46,1.1,0.21,,2.5
19/12/2024,18,161,5.2,80,3.96,0.0,0.0,,2.1
19/12/2024,19,149,4.8,81,3.59,0.0,0.0,,1.7
19/12/2024,20,95,4.6,81,3.61,0.0,0.0,,1.6
19/12/2024,21,61,4.2,82,3.56,0.0,0.0,,1.3
19/12/2024,22,54,3.7,81,3.75,0.0,0.0,,0.6
19/12/2024,23,47,3.4,81,3.4,0.0,0.0,,0.4
20/01/2023,0,42,-0.7,95,1.94,0.0,0.0,,-1.4
20/01/2023,1,15,-1.0,95,2.05,0.0,0.0,,-1.7
20/01/2023,2,9,0.2,96,1.84,0.0,0.0,,-0.2
20/01/2023,3,4,-1.5,96,2.01,0.0,0.0,,-2.0
20/01/2023,4,4,-2.5,97,2.09,0.0,0.0,,-2.8
20/01/2023,5,6,-2.7,97,2.12,0.0,0.0,,-3.2
20/01/2023,6,15,-2.6,95,2.01,0.0,0.0,,-3.2
20/01/2023,7,59,-2.3,94,2.1,0.0,0.0,,-3.2
20/01/2023,8,182,-1.2,91,2.33,0.0,0.0,,-2.5
20/01/2023,9,178,-1.0,89,2.53,0.0,0.0,,-2.5
20/01/2023,10,82,0.3,86,3.01,0.0,0.0,,-1.6
20/01/2023,11,70,1.5,84,4.01,0.0,0.0,,-0.9
20/01/2023,12,96,2.5,85,3.47,0.0,0.0,,0.2
20/01/2023,13,88,4.2,80,4.1,0.0,0.0,,1.0
20/01/2023,14,89,4.2,81,3.91,0.0,0.0,,1.3
20/01/2023,15,87,5.7,73,5.39,0.0,0.0,,1.2
20/01/2023,16,105,5.8,72,5.46,0.2,0.0,,1.1
20/01/2023,17,143,5.8,72,4.79,0.0,0.0,,1.2
20/01/2023,18,184,4.5,78,3.45,0.0,0.0,,1.0
20/01/2023,19,165,3.2,84,3.2,0.0,0.0,,0.7
20/01/2023,20,101,2.2,87,3.29,0.0,0.0,,0.2
20/01/2023,21,56,1.5,89,3.18,0.0,0.0,,-0.1
20/01/2023,22,49,1.5,90,3.55,0.0,0.0,,0.1
20/01/2023,23,44,1.0,91,3.99,0.0,0.0,,-0.3
20/01/2024,0,26,-5.1,94,3.0,0.0,0.0,,-5.9
20/01/2024,1,18,-5.4,94,2.41,0.0,0.0,,-6.2
20/01/2024,2,17,-6.1,94,2.69,0.0,0.0,,-6.9
20/01/2024,3,10,-4.8,93,2.44,0.0,0.0,,-5.8
20/01/2024,4,8,-5.1,93,2.33,0.0,0.0,,-6.1
20/01/2024,5,7,-4.8,93,2.19,0.0,0.0,,-5.8
20/01/2024,6,7,-5.7,93,2.62,0.0,0.0,,-6.6
20/01/2024,7,10,-5.7,94,2.64,0.0,0.0,,-6.5
20/01/2024,8,21,-5.8,94,2.52,0.0,0.0,,-6.6
20/01/2024,9,36,-4.1,92,1.49,0.0,0.0,,-5.1
20/01/2024,10,44,-4.8,94,1.58,0.0,0.0,,-5.7
20/01/2024,11,52,-3.5,89,1.84,0.0,0.0,,-5.1
20/01/2024,12,64,-1.9,79,2.41,0.0,0.0,,-5.0
20/01/2024,13,64,-0.2,70,2.16,0.0,0.0,,-5.0
20/01/2024,14,66,1.2,63,2.25,0.0,0.0,,-5.1
20/01/2024,15,72,0.8,74,2.78,0.0,0.0,,-3.3
20/01/2024,16,78,1.2,73,2.47,0.0,0.0,,-3.1
20/01/2024,17,72,1.3,74,3.06,0.0,0.0,,-2.8
20/01/2024,18,72,-0.9,87,1.98,0.0,0.0,,-2.8
20/01/2024,19,70,-3.0,89,2.64,0.0,0.0,,-4.7
20/01/2024,20,54,-2.9,87,2.42,0.0,0.0,,-4.8
20/01/2024,21,33,-2.6,87,2.88,0.0,0.0,,-4.5
20/01/2024,22,29,-2.5,86,2.92,0.0,0.0,,-4.4
20/01/2024,23,28,-2.3,85,3.22,0.0,0.0,,-4.6
20/02/2023,0,12,4.0,96,2.33,0.0,0.0,,3.3
20/02/2023,1,6,4.1,96,2.11,0.0,0.0,,3.4
20/02/2023,2,4,3.2,98,2.28,0.0,0.0,,3.0
20/02/2023,3,3,2.7,99,2.51,0.0,0.0,,2.5
20/02/2023,4,3,2.3,99,2.75,0.0,0.0,,2.2
20/02/2023,5,5,2.5,99,2.66,0.0,0.0,,2.3
20/02/2023,6,15,2.4,99,2.65,0.0,0.0,,2.2
20/02/2023,7,54,1.9,100,2.61,0.0,0.0,,1.9
20/02/2023,8,200,2.2,100,1.84,0.0,0.0,,2.2
20/02/2023,9,200,3.0,100,1.65,0.0,0.0,,2.9
20/02/2023,10,68,3.4,98,2.42,0.0,0.0,,3.1
20/02/2023,11,57,4.1,98,2.62,0.0,0.0,,3.8
20/02/2023,12,75,5.7,90,2.77,0.0,0.0,,4.2
20/02/2023,13,77,7.3,83,2.86,0.0,0.0,,4.7
20/02/2023,14,73,9.6,76,2.01,0.0,0.0,,5.6
20/02/2023,15,72,10.6,72,1.9,0.0,0.0,,5.8
20/02/2023,16,87,11.1,70,1.81,0.0,0.0,,5.9
20/02/2023,17,136,11.4,69,1.8,0.0,0.0,,5.9
20/02/2023,18,221,11.1,71,1.65,0.0,0.0,,6.0
20/02/2023,19,201,7.8,88,2.15,0.0,0.0,,5.9
20/02/2023,20,102,5.6,92,2.64,0.0,0.0,,4.3
20/02/2023,21,54,5.6,91,1.84,0.0,0.0,,4.3
20/02/2023,22,48,4.1,96,2.12,0.0,0.0,,3.5
20/02/2023,23,32,3.9,98,2.0,0.0,0.0,,3.6
20/02/2024,0,16,8.1,95,2.85,0.0,0.0,,7.3
20/02/2024,1,9,7.5,96,2.65,0.0,0.0,,6.8
20/02/2024,2,5,7.0,96,2.57,0.0,0.0,,6.4
20/02/2024,3,4,7.1,97,2.38,0.0,0.0,,6.6
20/02/2024,4,4,6.5,98,2.11,0.0,0.0,,6.2
20/02/2024,5,8,6.5,98,2.41,0.0,0.0,,6.2
20/02/2024,6,18,6.4,98,2.41,0.0,0.0,,6.2
20/02/2024,7,52,6.8,99,2.3,0.0,0.0,,6.7
20/02/2024,8,193,6.8,100,2.72,0.0,0.0,,6.8
20/02/2024,9,191,6.7,100,2.9,0.0,0.0,,6.7
20/02/2024,10,72,6.9,99,2.89,0.0,0.0,,6.7
20/02/2024,11,56,7.6,94,3.4,0.0,0.0,,6.7
20/02/2024,12,70,8.5,89,3.71,0.0,0.0,,6.8
20/02/2024,13,71,9.3,84,3.92,0.0,0.0,,6.8
20/02/2024,14,68,10.1,79,4.07,0.0,0.0,,6.7
20/02/2024,15,62,9.9,74,3.86,0.0,0.0,,5.4
20/02/2024,16,73,10.6,70,3.96,0.0,0.0,,5.3
20/02/2024,17,119,10.9,68,4.14,0.0,0.0,,5.2
20/02/2024,18,206,10.6,69,3.58,0.0,0.0,,5.2
20/02/2024,19,191,10.2,73,3.0,0.0,0.0,,5.5
20/02/2024,20,103,9.6,76,3.4,0.0,0.0,,5.6
20/02/2024,21,60,9.3,76,3.26,0.0,0.0,,5.3
20/02/2024,22,54,8.4,80,3.05,0.0,0.0,,5.2
20/02/2024,23,46,8.2,81,3.05,0.0,0.0,,5.2
20/03/2023,0,11,2.8,91,2.42,0.0,0.0,,1.5
20/03/2023,1,6,2.2,92,2.6,0.0,0.0,,1.1
20/03/2023,2,4,3.2,92,1.63,0.0,0.0,,2.0
20/03/2023,3,3,2.1,94,2.33,0.0,0.0,,1.2
20/03/2023,4,3,1.6,94,2.47,0.0,0.0,,0.8
20/03/2023,5,7,1.6,94,2.41,0.0,0.0,,0.8
20/03/2023,6,18,2.3,93,1.93,0.0,0.0,,1.4
20/03/2023,7,77,4.7,84,1.61,0.0,0.0,,2.2
20/03/2023,8,270,5.3,80,2.2,0.0,0.0,,2.2
20/03/2023,9,219,6.0,77,2.94,0.0,0.0,,2.2
20/03/2023,10,76,6.9,76,2.5,0.0,0.0,,3.0
20/03/2023,11,66,8.6,72,2.73,0.0,0.0,,3.8
20/03/2023,12,89,10.1,69,2.47,0.0,0.0,,4.7
20/03/2023,13,89,11.6,62,2.73,0.0,0.0,,4.6
20/03/2023,14,77,12.2,61,2.8,0.0,0.0,,4.8
20/03/2023,15,76,13.3,59,3.3,0.0,0.0,,5.6
20/03/2023,16,96,12.9,61,2.69,0.0,0.0,,5.6
20/03/2023,17,163,12.5,64,2.58,0.0,0.0,,5.8
20/03/2023,18,255,12.2,69,2.18,0.0,0.0,,6.7
20/03/2023,19,229,11.9,72,2.01,0.0,0.0,,7.0
20/03/2023,20,117,10.4,79,1.8,0.0,0.0,,6.8
20/03/2023,21,61,9.6,82,1.9,0.0,0.0,,6.7
20/03/2023,22,56,10.2,79,1.93,0.0,0.0,,6.7
20/03/2023,23,39,10.2,79,1.77,0.0,0.0,,6.7
20/03/2024,0,27,8.8,91,2.14,0.0,0.0,,7.3
20/03/2024,1,13,7.6,94,2.8,0.0,0.0,,6.6
20/03/2024,2,8,7.3,93,2.42,0.0,0.0,,6.3
20/03/2024,3,5,7.4,94,1.7,0.0,0.0,,6.4
20/03/2024,4,4,6.7,96,1.0,0.0,0.0,,6.0
20/03/2024,5,8,6.0,98,1.5,0.0,0.0,,5.7
20/03/2024,6,21,5.8,98,1.73,0.0,0.0,,5.6
20/03/2024,7,77,6.9,94,1.66,0.0,0.0,,6.1
20/03/2024,8,242,6.9,94,1.48,0.0,0.0,,6.0
20/03/2024,9,210,7.4,92,2.06,0.0,0.0,,6.2
20/03/2024,10,88,9.6,87,1.68,0.0,0.0,,7.5
20/03/2024,11,80,12.0,82,1.65,0.0,0.0,,9.1
20/03/2024,12,105,14.4,77,1.89,0.0,0.0,,10.6
20/03/2024,13,104,16.5,72,1.89,0.0,0.0,,11.3
20/03/2024,14,100,17.9,64,1.7,0.0,0.0,,11.1
20/03/2024,15,93,18.8,56,0.89,0.0,0.0,,9.8
20/03/2024,16,108,19.0,54,1.1,0.0,0.0,,9.6
20/03/2024,17,169,19.0,54,1.2,0.0,0.0,,9.6
20/03/2024,18,263,18.6,56,1.08,0.0,0.0,,9.6
20/03/2024,19,230,17.7,76,0.89,0.0,0.0,,13.4
20/03/2024,20,132,16.4,66,1.32,0.0,0.0,,9.9
20/03/2024,21,77,14.4,75,1.43,0.0,0.0,,9.9
20/03/2024,22,80,12.9,81,1.89,0.0,0.0,,9.6
20/03/2024,23,64,11.3,88,2.48,0.0,0.0,,9.4
20/04/2023,0,34,11.6,55,4.89,0.0,0.0,,2.9
20/04/2023,1,17,11.0,53,4.86,0.0,0.0,,1.9
20/04/2023,2,8,9.9,51,4.39,0.0,0.0,,0.2
20/04/2023,3,5,9.4,52,4.22,0.0,0.0,,0.1
20/04/2023,4,4,9.1,54,4.32,0.0,0.0,,0.3
20/04/2023,5,8,8.4,55,3.98,0.0,0.0,,-0.2
20/04/2023,6,20,7.3,57,3.33,0.0,0.0,,-0.6
20/04/2023,7,81,6.4,57,3.61,0.0,0.0,,-1.4
20/04/2023,8,280,7.0,58,4.24,0.0,0.0,,-0.6
20/04/2023,9,243,7.7,60,4.47,0.0,0.0,,0.3
20/04/2023,10,97,8.9,60,4.77,0.0,0.0,,1.6
20/04/2023,11,82,10.4,55,4.97,0.0,0.0,,1.7
20/04/2023,12,108,11.2,49,4.74,0.0,0.0,,0.8
20/04/2023,13,101,12.1,52,6.71,0.0,0.0,,2.5
20/04/2023,14,92,10.8,60,6.11,0.0,0.0,,3.3
20/04/2023,15,83,10.9,57,5.38,0.0,0.0,,2.8
20/04/2023,16,104,10.6,58,5.1,0.0,0.0,,2.7
20/04/2023,17,165,10.4,60,4.56,0.0,0.0,,3.1
20/04/2023,18,251,10.2,62,4.42,0.0,0.0,,3.3
20/04/2023,19,242,9.8,61,3.41,0.0,0.0,,2.7
20/04/2023,20,139,9.1,64,3.91,0.0,0.0,,2.6
20/04/2023,21,75,7.2,75,2.52,0.0,0.0,,3.0
20/04/2023,22,72,5.8,83,2.44,0.0,0.0,,3.0
20/04/2023,23,67,5.0,87,2.82,0.0,0.0,,3.0
20/04/2024,0,34,6.4,88,2.94,0.0,0.0,,4.5
20/04/2024,1,23,5.0,89,2.21,0.0,0.0,,3.3
20/04/2024,2,20,4.1,91,2.19,0.0,0.0,,2.8
20/04/2024,3,13,4.3,92,2.39,0.0,0.0,,3.1
20/04/2024,4,10,3.9,90,2.83,0.0,0.0,,2.5
20/04/2024,5,10,3.5,89,2.8,0.0,0.0,,1.8
20/04/2024,6,10,3.2,89,2.95,0.0,0.0,,1.5
20/04/2024,7,15,3.3,89,3.18,0.0,0.0,,1.6
20/04/2024,8,29,4.4,85,3.62,0.0,0.0,,2.2
20/04/2024,9,48,6.0,76,4.11,0.0,0.0,,2.0
20/04/2024,10,60,7.2,66,5.73,0.0,0.0,,1.4
20/04/2024,11,73,7.9,62,5.5,0.1,0.0,,1.0
20/04/2024,12,81,8.6,59,5.51,0.1,0.0,,0.9
20/04/2024,13,74,9.2,58,5.41,0.0,0.0,,1.2
20/04/2024,14,75,9.6,59,5.63,0.0,0.0,,1.9
20/04/2024,15,88,9.8,56,5.33,0.0,0.0,,1.4
20/04/2024,16,93,10.2,51,5.41,0.0,0.0,,0.4
20/04/2024,17,91,9.9,53,5.83,0.0,0.0,,0.8
20/04/2024,18,95,9.6,55,5.8,0.0,0.0,,0.9
20/04/2024,19,96,9.1,54,5.5,0.0,0.0,,0.4
20/04/2024,20,76,8.5,60,4.6,0.0,0.0,,1.1
20/04/2024,21,54,7.7,64,3.9,0.0,0.0,,1.3
20/04/2024,22,44,6.3,72,2.63,0.0,0.0,,1.6
20/04/2024,23,42,5.1,77,2.55,0.0,0.0,,1.3
20/05/2023,0,37,13.1,66,4.3,0.0,0.0,,6.8
20/05/2023,1,22,12.9,72,5.0,0.0,0.0,,7.9
20/05/2023,2,17,13.0,68,4.54,0.0,0.0,,7.3
20/05/2023,3,11,12.8,68,4.54,0.0,0.0,,6.9
20/05/2023,4,9,12.5,68,4.68,0.0,0.0,,6.7
20/05/2023,5,8,12.2,68,4.24,0.0,0.0,,6.5
20/05/2023,6,9,11.8,70,3.77,0.0,0.0,,6.4
20/05/2023,7,14,11.9,71,4.15,0.0,0.0,,6.7
20/05/2023,8,28,12.0,73,3.83,0.0,0.0,,7.4
20/05/2023,9,48,12.6,73,3.92,0.0,0.0,,8.0
20/05/2023,10,63,13.6,72,4.04,0.0,0.0,,8.6
20/05/2023,11,78,15.9,68,4.3,0.0,0.0,,9.9
20/05/2023,12,95,18.0,59,5.24,0.0,0.0,,9.9
20/05/2023,13,92,18.8,54,5.47,0.0,0.0,,9.1
20/05/2023,14,98,19.5,52,5.41,0.0,0.0,,9.5
20/05/2023,15,111,19.9,51,5.1,0.0,0.0,,9.4
20/05/2023,16,115,19.9,51,5.08,0.0,0.0,,9.4
20/05/2023,17,116,20.0,51,5.68,0.0,0.0,,9.6
20/05/2023,18,115,19.6,55,5.65,0.0,0.0,,10.3
20/05/2023,19,107,19.5,55,5.24,0.0,0.0,,10.2
20/05/2023,20,80,18.5,61,4.94,0.0,0.0,,10.9
20/05/2023,21,58,17.4,66,4.17,0.0,0.0,,10.9
20/05/2023,22,49,15.9,71,3.04,0.0,0.0,,10.8
20/05/2023,23,44,16.2,69,4.03,0.0,0.0,,10.6
20/05/2024,0,33,12.1,94,2.42,0.0,0.0,,11.1
20/05/2024,1,20,11.5,96,2.24,0.0,0.0,,10.9
20/05/2024,2,15,10.8,96,2.45,0.0,0.0,,10.2
20/05/2024,3,9,12.8,93,2.44,0.0,0.0,,11.6
20/05/2024,4,7,12.3,94,2.4,0.0,0.0,,11.4
20/05/2024,5,7,11.5,95,2.02,0.0,0.0,,10.8
20/05/2024,6,11,10.6,97,1.84,0.0,0.0,,10.2
20/05/2024,7,22,11.3,96,2.33,0.0,0.0,,10.8
20/05/2024,8,62,12.4,94,2.06,0.0,0.0,,11.6
20/05/2024,9,86,14.1,91,1.86,0.0,0.0,,12.7
20/05/2024,10,76,16.1,84,1.92,0.0,0.0,,13.4
20/05/2024,11,89,17.9,76,2.5,0.1,0.0,,13.6
20/05/2024,12,103,19.3,63,2.78,0.1,0.0,,12.2
20/05/2024,13,96,20.2,55,3.06,0.1,0.0,,11.0
20/05/2024,14,103,20.8,53,3.38,0.0,0.0,,10.7
20/05/2024,15,113,21.1,57,3.61,0.0,0.0,,12.2
20/05/2024,16,116,21.4,53,3.27,0.0,0.0,,11.4
20/05/2024,17,74,18.6,64,3.12,0.0,0.0,,11.7
20/05/2024,18,87,17.5,77,3.48,0.6,0.0,,13.4
20/05/2024,19,93,16.4,81,2.62,1.5,0.0,,13.1
20/05/2024,20,67,15.9,87,3.1,0.4,0.0,,13.8
20/05/2024,21,48,15.5,88,2.22,0.0,0.0,,13.6
20/05/2024,22,40,14.7,92,2.02,0.0,0.0,,13.4
20/05/2024,23,31,14.4,91,2.01,0.5,0.0,,13.0
20/06/2023,0,29,19.2,94,1.78,0.0,0.0,,18.2
20/06/2023,1,15,18.9,95,2.0,0.0,0.0,,18.1
20/06/2023,2,9,19.1,95,2.69,0.0,0.0,,18.4
20/06/2023,3,5,18.8,97,3.57,0.3,0.0,,18.2
20/06/2023,4,4,18.4,95,3.47,0.1,0.0,,17.6
20/06/2023,5,9,17.8,96,1.41,0.0,0.0,,17.1
20/06/2023,6,25,17.8,95,2.66,0.0,0.0,,17.0
20/06/2023,7,91,18.4,93,3.32,0.0,0.0,,17.2
20/06/2023,8,307,19.1,89,3.88,0.0,0.0,,17.3
20/06/2023,9,264,19.8,87,3.89,0.0,0.0,,17.6
20/06/2023,10,97,21.4,83,4.85,0.3,0.0,,18.4
20/06/2023,11,86,22.3,77,5.41,0.1,0.0,,18.0
20/06/2023,12,105,23.5,69,5.63,0.0,0.0,,17.5
20/06/2023,13,106,25.5,62,5.95,0.0,0.0,,17.9
20/06/2023,14,97,26.1,61,4.62,0.1,0.0,,18.0
20/06/2023,15,93,26.9,57,5.08,0.0,0.0,,17.6
20/06/2023,16,115,27.0,55,5.22,0.1,0.0,,17.3
20/06/2023,17,184,24.0,64,6.03,0.2,0.0,,16.8
20/06/2023,18,268,23.0,72,4.43,0.2,0.0,,17.6
20/06/2023,19,260,23.2,71,3.72,0.0,0.0,,17.8
20/06/2023,20,156,23.4,70,4.1,0.0,0.0,,17.6
20/06/2023,21,95,22.2,73,4.04,0.0,0.0,,17.2
20/06/2023,22,93,20.7,80,2.56,0.0,0.0,,17.2
20/06/2023,23,107,19.8,86,1.78,0.0,0.0,,17.4
20/06/2024,0,48,17.4,75,3.22,0.0,0.0,,12.9
20/06/2024,1,24,17.1,77,3.64,0.0,0.0,,12.9
20/06/2024,2,14,16.8,77,3.94,0.0,0.0,,12.8
20/06/2024,3,8,15.8,86,4.33,0.3,0.0,,13.4
20/06/2024,4,6,14.9,90,3.44,0.1,0.0,,13.2
20/06/2024,5,9,14.8,90,4.1,0.0,0.0,,13.1
20/06/2024,6,23,14.6,91,2.97,0.0,0.0,,13.1
20/06/2024,7,72,15.4,89,3.14,0.0,0.0,,13.6
20/06/2024,8,241,16.1,89,2.92,0.0,0.0,,14.2
20/06/2024,9,220,17.2,84,3.38,0.0,0.0,,14.5
20/06/2024,10,92,17.8,81,4.1,0.0,0.0,,14.4
20/06/2024,11,77,18.7,77,4.39,0.2,0.0,,14.5
20/06/2024,12,109,19.3,76,4.53,0.0,0.0,,14.9
20/06/2024,13,105,19.5,75,4.18,0.0,0.0,,15.0
20/06/2024,14,98,19.8,76,3.68,0.2,0.0,,15.4
20/06/2024,15,96,21.8,70,2.66,0.5,0.0,,16.0
20/06/2024,16,115,22.1,69,2.56,0.4,0.0,,16.1
20/06/2024,17,168,21.4,70,2.38,0.0,0.0,,15.6
20/06/2024,18,247,21.4,71,3.14,0.0,0.0,,15.8
20/06/2024,19,222,21.2,70,3.28,0.0,0.0,,15.6
20/06/2024,20,125,20.9,71,2.41,0.0,0.0,,15.3
20/06/2024,21,85,20.0,76,1.5,0.0,0.0,,15.6
20/06/2024,22,81,19.0,79,1.87,0.0,0.0,,15.2
20/06/2024,23,75,17.6,85,1.49,0.1,0.0,,15.1
20/07/2023,0,55,18.2,69,3.12,0.0,0.0,,12.5
20/07/2023,1,27,17.2,75,2.39,0.0,0.0,,12.7
20/07/2023,2,14,16.5,81,2.16,0.0,0.0,,13.1
20/07/2023,3,7,15.2,88,1.75,0.0,0.0,,13.2
20/07/2023,4,23,14.2,93,1.65,0.0,0.0,,13.1
20/07/2023,5,9,13.4,96,2.01,0.0,0.0,,12.8
20/07/2023,6,21,13.4,97,1.61,0.0,0.0,,12.9
20/07/2023,7,70,14.2,95,2.01,0.0,0.0,,13.4
20/07/2023,8,230,15.8,86,1.6,0.0,0.0,,13.6
20/07/2023,9,233,17.5,78,1.96,0.0,0.0,,13.6
20/07/2023,10,94,18.9,70,1.3,0.0,0.0,,13.2
20/07/2023,11,117,20.9,56,1.66,0.0,0.0,,11.8
20/07/2023,12,98,22.6,47,1.99,0.0,0.0,,10.8
20/07/2023,13,94,23.8,41,2.1,0.0,0.0,,9.9
20/07/2023,14,92,24.0,40,1.43,0.0,0.0,,9.6
20/07/2023,15,88,24.2,38,1.4,0.0,0.0,,8.9
20/07/2023,16,101,24.3,36,1.68,0.0,0.0,,8.4
20/07/2023,17,161,25.1,33,1.7,0.0,0.0,,7.8
20/07/2023,18,256,25.6,30,2.06,0.0,0.0,,6.8
20/07/2023,19,255,25.1,30,2.43,0.0,0.0,,6.2
20/07/2023,20,149,23.3,38,3.85,0.1,0.0,,8.1
20/07/2023,21,91,22.0,43,3.51,0.0,0.0,,8.9
20/07/2023,22,81,21.4,48,2.24,0.0,0.0,,9.9
20/07/2023,23,76,20.2,53,3.02,0.0,0.0,,10.4
20/07/2024,0,58,23.2,73,2.01,0.0,0.0,,18.2
20/07/2024,1,39,22.5,75,1.93,0.0,0.0,,18.0
20/07/2024,2,31,21.5,79,1.96,0.0,0.0,,17.8
20/07/2024,3,20,20.2,80,3.14,0.0,0.0,,16.8
20/07/2024,4,15,19.4,80,2.95,0.0,0.0,,15.9
20/07/2024,5,14,18.8,80,2.42,0.0,0.0,,15.2
20/07/2024,6,15,18.2,80,2.3,0.0,0.0,,14.8
20/07/2024,7,21,18.4,80,2.75,0.0,0.0,,14.8
20/07/2024,8,36,19.5,74,2.41,0.0,0.0,,14.7
20/07/2024,9,54,21.0,67,1.84,0.0,0.0,,14.6
20/07/2024,10,67,22.9,60,1.42,0.0,0.0,,14.8
20/07/2024,11,79,24.7,53,1.08,0.0,0.0,,14.4
20/07/2024,12,81,26.4,48,0.73,0.0,0.0,,14.4
20/07/2024,13,79,27.6,46,0.22,0.0,0.0,,14.9
20/07/2024,14,83,28.7,44,1.08,0.0,0.0,,15.2
20/07/2024,15,94,29.6,43,2.77,0.0,0.0,,15.6
20/07/2024,16,95,29.8,43,2.77,0.0,0.0,,15.7
20/07/2024,17,95,30.4,41,3.2,0.0,0.0,,15.6
20/07/2024,18,102,29.5,42,2.94,0.2,0.0,,15.1
20/07/2024,19,110,29.4,42,3.0,0.1,0.0,,15.0
20/07/2024,20,93,28.2,45,2.63,0.0,0.0,,15.2
20/07/2024,21,71,26.5,53,3.23,0.0,0.0,,16.0
20/07/2024,22,61,23.5,67,3.83,2.5,0.0,,17.1
20/07/2024,23,58,21.1,89,1.89,5.6,0.0,,19.3
20/08/2023,0,37,19.5,92,2.14,0.0,0.0,,18.1
20/08/2023,1,24,18.4,94,2.0,0.0,0.0,,17.5
20/08/2023,2,18,18.5,95,1.73,0.0,0.0,,17.8
20/08/2023,3,10,18.4,92,1.99,0.0,0.0,,17.1
20/08/2023,4,8,17.9,93,1.36,0.0,0.0,,16.8
20/08/2023,5,7,17.4,94,1.57,0.0,0.0,,16.5
20/08/2023,6,9,16.9,96,1.35,0.0,0.0,,16.1
20/08/2023,7,13,17.0,96,1.22,0.0,0.0,,16.5
20/08/2023,8,21,18.3,90,1.0,0.0,0.0,,16.7
20/08/2023,9,37,19.6,87,0.64,0.0,0.0,,17.4
20/08/2023,10,57,21.8,83,0.2,0.0,0.0,,18.8
20/08/2023,11,70,24.0,78,0.36,0.0,0.0,,19.9
20/08/2023,12,75,25.8,70,0.58,0.0,0.0,,19.9
20/08/2023,13,68,27.0,61,1.13,0.1,0.0,,18.8
20/08/2023,14,71,27.9,59,2.19,0.0,0.0,,19.1
20/08/2023,15,82,28.2,57,3.05,0.2,0.0,,19.0
20/08/2023,16,91,28.8,54,3.0,0.0,0.0,,18.5
20/08/2023,17,88,29.2,50,2.36,0.0,0.0,,17.7
20/08/2023,18,89,29.2,48,2.41,0.0,0.0,,17.0
20/08/2023,19,85,28.5,46,2.75,0.0,0.0,,15.9
20/08/2023,20,71,27.0,55,1.77,0.0,0.0,,17.2
20/08/2023,21,55,24.9,58,4.12,0.0,0.0,,16.0
20/08/2023,22,43,23.0,68,3.81,0.0,0.0,,16.7
20/08/2023,23,32,21.4,74,3.81,0.0,0.0,,16.6
20/08/2024,0,21,17.3,73,2.0,0.0,0.0,,12.4
20/08/2024,1,13,15.8,79,2.14,0.0,0.0,,12.2
20/08/2024,2,8,15.1,80,2.14,0.0,0.0,,11.8
20/08/2024,3,4,13.8,89,2.16,0.0,0.0,,12.0
20/08/2024,4,5,13.4,90,2.04,0.0,0.0,,11.8
20/08/2024,5,7,13.4,90,1.96,0.0,0.0,,11.8
20/08/2024,6,16,13.8,89,2.01,0.0,0.0,,12.0
20/08/2024,7,41,13.4,90,1.93,0.0,0.0,,11.9
20/08/2024,8,121,15.2,84,2.83,0.0,0.0,,12.6
20/08/2024,9,127,17.2,78,2.3,0.0,0.0,,13.4
20/08/2024,10,56,19.6,71,2.82,0.0,0.0,,14.2
20/08/2024,11,52,21.3,66,3.62,0.0,0.0,,14.8
20/08/2024,12,64,22.3,66,4.2,0.0,0.0,,15.7
20/08/2024,13,63,22.4,68,4.36,0.0,0.0,,16.1
20/08/2024,14,61,23.5,65,5.31,0.0,0.0,,16.5
20/08/2024,15,62,22.5,70,5.1,0.1,0.0,,16.9
20/08/2024,16,55,23.2,68,5.33,0.2,0.0,,17.0
20/08/2024,17,79,22.8,69,5.86,0.3,0.0,,16.8
20/08/2024,18,95,20.4,87,4.22,2.2,0.0,,18.1
20/08/2024,19,74,19.1,91,3.59,8.5,0.0,,17.5
20/08/2024,20,58,18.5,92,5.63,10.8,0.0,,17.0
20/08/2024,21,43,17.7,86,4.79,2.0,0.0,,15.4
20/08/2024,22,36,16.7,81,5.11,0.0,0.0,,13.4
20/08/2024,23,29,15.1,83,4.25,0.0,0.0,,12.2
20/09/2023,0,42,17.9,78,3.86,0.0,0.0,,14.0
20/09/2023,1,18,17.9,79,4.0,0.0,0.0,,14.2
20/09/2023,2,9,18.0,80,4.12,0.0,0.0,,14.6
20/09/2023,3,5,17.5,84,3.74,0.0,0.0,,14.7
20/09/2023,4,4,16.9,88,3.58,0.0,0.0,,14.8
20/09/2023,5,8,16.2,92,3.67,0.0,0.0,,14.9
20/09/2023,6,23,16.2,93,3.98,0.0,0.0,,15.1
20/09/2023,7,105,17.0,89,4.61,0.0,0.0,,15.1
20/09/2023,8,316,17.1,88,4.73,0.0,0.0,,15.1
20/09/2023,9,276,17.6,86,5.28,0.0,0.0,,15.2
20/09/2023,10,109,18.8,77,6.61,0.0,0.0,,14.7
20/09/2023,11,95,19.7,71,7.47,0.0,0.0,,14.4
20/09/2023,12,131,21.0,63,7.87,0.0,0.0,,13.8
20/09/2023,13,129,22.5,53,8.44,0.0,0.0,,12.4
20/09/2023,14,120,22.4,56,7.51,0.0,0.0,,13.1
20/09/2023,15,115,23.2,57,8.22,0.0,0.0,,14.1
20/09/2023,16,138,23.2,56,8.28,0.0,0.0,,13.9
20/09/2023,17,214,23.8,52,7.83,0.0,0.0,,13.4
20/09/2023,18,328,23.5,56,6.08,0.1,0.0,,14.2
20/09/2023,19,304,22.5,60,5.28,0.0,0.0,,14.4
20/09/2023,20,178,21.5,62,5.1,0.0,0.0,,14.0
20/09/2023,21,99,21.2,63,5.39,0.0,0.0,,13.9
20/09/2023,22,97,20.9,65,5.16,0.0,0.0,,14.1
20/09/2023,23,84,20.7,67,5.39,0.0,0.0,,14.4
20/09/2024,0,51,17.3,62,4.17,0.0,0.0,,9.9
20/09/2024,1,30,16.4,66,3.5,0.0,0.0,,9.9
20/09/2024,2,18,15.5,70,3.16,0.0,0.0,,10.0
20/09/2024,3,10,14.9,78,2.48,0.0,0.0,,11.1
20/09/2024,4,7,13.9,82,2.2,0.0,0.0,,10.9
20/09/2024,5,11,13.4,84,2.19,0.0,0.0,,10.8
20/09/2024,6,21,13.1,85,2.48,0.0,0.0,,10.6
20/09/2024,7,75,12.6,88,2.27,0.0,0.0,,10.6
20/09/2024,8,213,12.6,88,2.27,0.0,0.0,,10.6
20/09/2024,9,190,14.3,82,2.7,0.0,0.0,,11.2
20/09/2024,10,98,16.0,76,2.94,0.0,0.0,,11.8
20/09/2024,11,86,17.6,71,2.77,0.0,0.0,,12.4
20/09/2024,12,119,19.1,68,2.67,0.0,0.0,,13.2
20/09/2024,13,117,19.5,69,2.73,0.2,0.0,,13.6
20/09/2024,14,116,19.2,72,2.42,0.3,0.0,,14.1
20/09/2024,15,112,16.0,86,4.07,13.4,0.0,,13.7
20/09/2024,16,136,18.4,82,3.11,0.0,0.0,,15.1
20/09/2024,17,193,20.8,73,3.18,0.0,0.0,,15.9
20/09/2024,18,214,18.7,78,4.74,3.3,0.0,,14.8
20/09/2024,19,170,17.2,89,1.98,0.5,0.0,,15.4
20/09/2024,20,127,16.0,93,2.06,0.1,0.0,,14.9
20/09/2024,21,82,15.4,90,5.02,0.0,0.0,,13.8
20/09/2024,22,73,15.4,87,3.59,0.0,0.0,,13.2
20/09/2024,23,66,14.9,90,2.25,0.0,0.0,,13.2
20/10/2023,0,43,15.8,91,3.11,0.5,0.0,,14.3
20/10/2023,1,24,15.6,92,2.38,0.5,0.0,,14.4
20/10/2023,2,11,15.4,93,2.15,1.6,0.0,,14.4
20/10/2023,3,6,14.9,94,2.16,0.5,0.0,,14.0
20/10/2023,4,5,14.6,95,0.92,0.3,0.0,,13.9
20/10/2023,5,7,14.3,96,1.14,0.4,0.0,,13.6
20/10/2023,6,15,13.9,97,1.08,0.6,0.0,,13.4
20/10/2023,7,54,13.9,96,2.34,0.4,0.0,,13.3
20/10/2023,8,188,13.8,96,2.41,0.0,0.0,,13.1
20/10/2023,9,183,13.7,94,3.11,0.1,0.0,,12.8
20/10/2023,10,92,14.4,90,3.22,0.0,0.0,,12.8
20/10/2023,11,84,15.1,87,4.42,0.1,0.0,,12.9
20/10/2023,12,109,15.8,83,3.55,0.1,0.0,,13.0
20/10/2023,13,102,17.0,75,3.84,0.1,0.0,,12.5
20/10/2023,14,103,14.9,91,3.09,0.1,0.0,,13.4
20/10/2023,15,99,16.6,82,3.41,0.4,0.0,,13.5
20/10/2023,16,127,17.5,78,2.55,0.2,0.0,,13.6
20/10/2023,17,169,17.5,74,1.02,0.1,0.0,,12.9
20/10/2023,18,215,16.4,79,1.99,0.1,0.0,,12.7
20/10/2023,19,176,13.8,91,3.13,0.3,0.0,,12.4
20/10/2023,20,83,13.4,94,1.34,0.1,0.0,,12.4
20/10/2023,21,58,13.1,94,1.72,0.0,0.0,,12.1
20/10/2023,22,49,13.1,95,2.55,0.0,0.0,,12.3
20/10/2023,23,52,13.1,93,3.47,0.0,0.0,,12.0
20/10/2024,0,39,13.1,96,2.06,0.0,0.0,,12.4
20/10/2024,1,33,10.9,98,2.03,0.0,0.0,,10.6
20/10/2024,2,33,10.1,99,2.3,0.0,0.0,,9.9
20/10/2024,3,19,12.4,99,1.15,0.0,0.0,,12.2
20/10/2024,4,14,11.9,100,0.85,0.0,0.0,,11.9
20/10/2024,5,11,11.8,100,1.46,0.0,0.0,,11.7
20/10/2024,6,10,12.2,99,2.81,0.0,0.0,,12.1
20/10/2024,7,11,12.4,99,2.9,0.0,0.0,,12.2
20/10/2024,8,22,12.4,97,3.3,0.0,0.0,,12.1
20/10/2024,9,33,12.8,96,4.05,0.0,0.0,,12.1
20/10/2024,10,52,13.6,92,6.02,0.0,0.0,,12.4
20/10/2024,11,68,13.9,89,5.02,0.0,0.0,,12.2
20/10/2024,12,84,14.8,84,6.4,0.0,0.0,,12.0
20/10/2024,13,82,15.1,81,5.66,0.0,0.0,,11.9
20/10/2024,14,87,16.3,76,5.99,0.0,0.0,,12.0
20/10/2024,15,100,16.7,85,5.64,0.9,0.0,,14.2
20/10/2024,16,103,17.1,87,5.53,0.0,0.0,,14.9
20/10/2024,17,109,17.8,85,5.52,0.0,0.0,,15.1
20/10/2024,18,108,18.2,83,5.61,0.0,0.0,,15.2
20/10/2024,19,95,17.6,84,5.43,0.0,0.0,,14.9
20/10/2024,20,69,18.1,82,5.37,0.0,0.0,,14.9
20/10/2024,21,52,18.0,81,5.44,0.0,0.0,,14.8
20/10/2024,22,41,18.2,79,5.66,0.0,0.0,,14.5
20/10/2024,23,32,18.2,78,5.81,0.0,0.0,,14.3
20/11/2023,0,16,11.9,73,6.22,0.0,0.0,,7.3
20/11/2023,1,9,12.0,73,6.13,0.0,0.0,,7.3
20/11/2023,2,5,11.6,76,6.06,0.0,0.0,,7.6
20/11/2023,3,3,10.9,81,5.08,0.0,0.0,,7.8
20/11/2023,4,3,10.8,82,5.49,0.0,0.0,,7.9
20/11/2023,5,7,10.3,85,5.36,0.0,0.0,,7.8
20/11/2023,6,19,10.2,84,5.28,0.0,0.0,,7.8
20/11/2023,7,78,10.0,86,5.0,0.0,0.0,,7.7
20/11/2023,8,276,9.7,86,4.8,0.0,0.0,,7.5
20/11/2023,9,241,9.6,87,4.74,0.0,0.0,,7.6
20/11/2023,10,88,9.6,86,4.98,0.0,0.0,,7.5
20/11/2023,11,72,10.7,81,5.48,0.0,0.0,,7.6
20/11/2023,12,90,11.6,75,6.99,0.0,0.0,,7.2
20/11/2023,13,87,12.3,68,8.2,0.0,0.0,,6.5
20/11/2023,14,77,12.4,69,8.88,0.1,0.0,,6.8
20/11/2023,15,68,11.9,74,7.72,0.9,0.0,,7.4
20/11/2023,16,91,11.6,77,7.42,1.1,0.0,,7.8
20/11/2023,17,162,11.2,81,6.91,1.5,0.0,,8.1
20/11/2023,18,244,10.9,83,6.24,0.2,0.0,,8.1
20/11/2023,19,224,10.9,85,5.63,0.1,0.0,,8.4
20/11/2023,20,115,10.6,87,4.84,0.0,0.0,,8.4
20/11/2023,21,61,9.9,91,4.2,0.0,0.0,,8.5
20/11/2023,22,54,9.6,93,3.55,0.1,0.0,,8.5
20/11/2023,23,33,9.8,93,3.57,0.1,0.0,,8.7
20/11/2024,0,18,6.1,84,6.63,0.4,0.0,,3.7
20/11/2024,1,9,4.8,89,4.73,0.2,0.0,,3.2
20/11/2024,2,6,4.8,89,4.36,0.1,0.0,,3.2
20/11/2024,3,4,4.7,89,3.34,0.1,0.0,,3.0
20/11/2024,4,4,4.3,90,2.87,0.0,0.0,,2.8
20/11/2024,5,7,3.8,92,3.0,0.0,0.0,,2.6
20/11/2024,6,17,3.3,94,3.04,0.0,0.0,,2.5
20/11/2024,7,63,3.0,93,2.75,0.0,0.0,,2.0
20/11/2024,8,206,2.6,92,2.49,0.0,0.0,,1.5
20/11/2024,9,196,2.2,91,2.55,0.0,0.0,,0.9
20/11/2024,10,82,2.5,90,2.87,0.0,0.0,,0.9
20/11/2024,11,72,3.5,86,2.31,0.0,0.0,,1.5
20/11/2024,12,101,4.8,79,2.53,0.0,0.0,,1.5
20/11/2024,13,99,6.1,70,3.27,0.0,0.0,,1.0
20/11/2024,14,89,6.7,60,4.27,0.0,0.0,,-0.6
20/11/2024,15,79,6.4,62,3.38,0.0,0.0,,-0.4
20/11/2024,16,93,6.6,60,3.11,0.0,0.0,,-0.6
20/11/2024,17,137,6.1,63,2.7,0.0,0.0,,-0.4
20/11/2024,18,210,5.2,68,3.44,0.0,0.0,,-0.3
20/11/2024,19,188,4.0,76,3.13,0.1,0.0,,0.1
20/11/2024,20,110,3.2,76,3.44,0.0,0.0,,-0.5
20/11/2024,21,65,2.6,80,3.25,0.0,0.0,,-0.4
20/11/2024,22,60,2.0,84,3.11,0.0,0.0,,-0.4
20/11/2024,23,47,1.8,85,2.91,0.0,0.0,,-0.4
20/12/2023,0,28,8.9,90,4.12,0.2,0.0,,7.2
20/12/2023,1,16,8.5,93,4.19,0.0,0.0,,7.4
20/12/2023,2,9,8.4,91,4.74,0.0,0.0,,7.1
20/12/2023,3,4,7.5,92,4.61,0.0,0.0,,6.2
20/12/2023,4,3,7.0,92,4.72,0.0,0.0,,5.8
20/12/2023,5,7,6.9,88,4.66,0.0,0.0,,5.1
20/12/2023,6,17,5.9,90,3.69,0.0,0.0,,4.3
20/12/2023,7,63,4.9,91,2.9,0.0,0.0,,3.7
20/12/2023,8,204,4.4,93,3.1,0.0,0.0,,3.3
20/12/2023,9,203,4.3,93,3.47,0.0,0.0,,3.3
20/12/2023,10,86,4.3,92,3.52,0.0,0.0,,3.2
20/12/2023,11,78,5.8,89,4.26,0.0,0.0,,4.2
20/12/2023,12,106,7.4,85,5.21,0.0,0.0,,5.1
20/12/2023,13,102,8.6,81,4.85,0.0,0.0,,5.6
20/12/2023,14,93,9.5,79,5.1,0.0,0.0,,5.9
20/12/2023,15,86,9.1,79,6.13,0.0,0.0,,5.8
20/12/2023,16,101,8.6,81,5.35,0.0,0.0,,5.6
20/12/2023,17,145,8.5,82,4.88,0.0,0.0,,5.7
20/12/2023,18,220,8.7,82,5.26,0.0,0.0,,5.8
20/12/2023,19,194,8.9,82,5.65,0.0,0.0,,6.0
20/12/2023,20,112,9.1,81,5.53,0.0,0.0,,6.1
20/12/2023,21,65,9.2,81,5.29,0.0,0.0,,6.2
20/12/2023,22,60,9.2,82,5.41,0.0,0.0,,6.2
20/12/2023,23,61,9.3,83,5.68,0.0,0.0,,6.6
20/12/2024,0,35,3.2,83,3.2,0.0,0.0,,0.5
20/12/2024,1,25,3.0,84,3.25,0.0,0.0,,0.6
20/12/2024,2,18,3.0,86,3.32,0.0,0.0,,0.8
20/12/2024,3,9,3.5,87,2.97,0.0,0.0,,1.5
20/12/2024,4,7,3.2,88,3.04,0.0,0.0,,1.3
20/12/2024,5,9,2.9,88,2.96,0.0,0.0,,1.1
20/12/2024,6,17,2.9,87,2.95,0.0,0.0,,1.0
20/12/2024,7,45,3.0,87,3.17,0.0,0.0,,1.0
20/12/2024,8,130,3.1,87,3.26,0.0,0.0,,1.1
20/12/2024,9,132,3.0,88,2.97,0.0,0.0,,1.2
20/12/2024,10,81,3.0,89,3.02,0.0,0.0,,1.4
20/12/2024,11,76,3.7,88,3.04,0.0,0.0,,1.9
20/12/2024,12,101,5.0,85,2.21,0.0,0.0,,2.7
20/12/2024,13,93,6.4,80,1.9,0.0,0.0,,3.2
20/12/2024,14,92,7.5,74,2.65,0.0,0.0,,3.2
20/12/2024,15,89,7.9,72,3.48,0.0,0.0,,3.1
20/12/2024,16,104,7.8,71,2.97,0.0,0.0,,3.0
20/12/2024,17,127,7.3,75,2.99,0.0,0.0,,3.2
20/12/2024,18,141,7.0,80,3.08,0.0,0.0,,3.8
20/12/2024,19,127,6.8,82,3.41,0.0,0.0,,4.0
20/12/2024,20,87,6.3,84,3.59,0.0,0.0,,3.8
20/12/2024,21,56,6.3,85,3.98,0.0,0.0,,4.0
20/12/2024,22,45,6.2,87,3.91,0.0,0.0,,4.2
20/12/2024,23,35,6.3,88,4.01,0.1,0.0,,4.4
21/01/2023,0,38,1.0,90,4.52,0.0,0.0,,-0.4
21/01/2023,1,25,1.5,90,4.63,0.0,0.0,,0.1
21/01/2023,2,22,2.2,89,4.53,0.0,0.0,,0.6
21/01/2023,3,13,2.6,90,4.25,0.1,0.0,,1.0
21/01/2023,4,11,2.1,94,4.7,0.0,0.0,,1.2
21/01/2023,5,10,2.2,89,5.54,0.0,0.0,,0.6
21/01/2023,6,10,1.2,88,5.28,0.0,0.0,,-0.5
21/01/2023,7,13,0.1,90,4.27,0.0,0.0,,-1.4
21/01/2023,8,31,-0.8,90,3.74,0.0,0.0,,-2.2
21/01/2023,9,50,-1.4,90,3.69,0.0,0.0,,-2.8
21/01/2023,10,59,-1.5,90,4.14,0.0,0.0,,-3.0
21/01/2023,11,75,-0.6,86,4.23,0.0,0.0,,-2.5
21/01/2023,12,89,0.6,82,5.07,0.0,0.0,,-2.2
21/01/2023,13,88,1.9,76,5.47,0.0,0.0,,-2.0
21/01/2023,14,95,2.5,71,6.44,0.0,0.0,,-2.1
21/01/2023,15,104,3.2,69,5.52,0.0,0.0,,-2.0
21/01/2023,16,110,3.8,67,5.6,0.0,0.0,,-1.9
21/01/2023,17,106,3.7,64,4.63,0.0,0.0,,-2.5
21/01/2023,18,95,2.4,72,3.57,0.0,0.0,,-2.2
21/01/2023,19,89,0.9,77,3.79,0.0,0.0,,-2.8
21/01/2023,20,70,0.1,81,4.05,0.0,0.0,,-2.8
21/01/2023,21,43,-0.6,86,4.02,0.0,0.0,,-2.7
21/01/2023,22,38,-1.3,90,3.8,0.0,0.0,,-2.7
21/01/2023,23,35,-1.5,92,3.45,0.0,0.0,,-2.7
21/01/2024,0,24,-2.1,83,3.26,0.0,0.0,,-4.7
21/01/2024,1,20,-2.2,81,3.73,0.0,0.0,,-5.1
21/01/2024,2,18,-1.9,75,4.34,0.0,0.0,,-5.8
21/01/2024,3,11,-1.0,70,3.71,0.0,0.0,,-5.8
21/01/2024,4,8,-1.4,69,3.3,0.0,0.0,,-6.3
21/01/2024,5,6,0.4,59,4.22,0.0,0.0,,-6.6
21/01/2024,6,6,1.5,54,6.06,0.0,0.0,,-6.9
21/01/2024,7,7,2.1,52,6.56,0.0,0.0,,-6.8
21/01/2024,8,13,2.3,53,7.05,0.1,0.0,,-6.2
21/01/2024,9,24,1.4,62,5.69,0.0,0.0,,-5.2
21/01/2024,10,34,2.2,62,5.96,0.0,0.0,,-4.3
21/01/2024,11,43,3.0,67,5.87,0.0,0.0,,-2.7
21/01/2024,12,58,5.8,70,6.77,0.0,0.0,,0.8
21/01/2024,13,57,7.6,72,6.44,0.0,0.0,,3.0
21/01/2024,14,59,8.4,72,4.88,0.0,0.0,,3.7
21/01/2024,15,62,6.8,83,6.05,0.0,0.0,,4.1
21/01/2024,16,63,6.6,89,5.06,0.0,0.0,,4.8
21/01/2024,17,63,6.8,92,5.17,0.0,0.0,,5.5
21/01/2024,18,63,6.8,93,5.51,0.0,0.0,,5.7
21/01/2024,19,53,6.7,94,6.26,0.0,0.0,,5.8
21/01/2024,20,40,6.8,94,6.82,0.0,0.0,,5.9
21/01/2024,21,31,7.1,93,7.13,0.0,0.0,,6.1
21/01/2024,22,25,7.1,94,7.69,0.0,0.0,,6.2
21/01/2024,23,18,7.2,94,8.43,0.0,0.0,,6.3
21/02/2023,0,15,4.3,99,1.08,0.0,0.0,,4.2
21/02/2023,1,8,3.9,100,0.8,0.0,0.0,,3.9
21/02/2023,2,4,4.0,99,0.8,0.0,0.0,,3.8
21/02/2023,3,3,1.8,100,1.3,0.0,0.0,,1.8
21/02/2023,4,3,0.6,100,1.17,0.0,0.0,,0.6
21/02/2023,5,6,0.2,98,0.71,0.0,0.0,,0.0
21/02/2023,6,16,0.2,99,0.89,0.0,0.0,,0.1
21/02/2023,7,63,0.3,99,0.91,0.0,0.0,,0.2
21/02/2023,8,229,0.9,98,1.12,0.0,0.0,,0.6
21/02/2023,9,224,1.5,98,1.1,0.0,0.0,,1.2
21/02/2023,10,77,2.5,97,1.3,0.0,0.0,,2.0
21/02/2023,11,64,4.0,96,1.9,0.0,0.0,,3.5
21/02/2023,12,85,4.8,97,2.1,0.0,0.0,,4.4
21/02/2023,13,84,6.9,90,2.53,0.0,0.0,,5.3
21/02/2023,14,80,9.4,80,1.3,0.0,0.0,,6.1
21/02/2023,15,76,11.5,72,1.6,0.0,0.0,,6.7
21/02/2023,16,90,12.9,68,1.63,0.0,0.0,,7.2
21/02/2023,17,146,13.5,66,1.44,0.0,0.0,,7.2
21/02/2023,18,233,13.4,67,1.57,0.0,0.0,,7.4
21/02/2023,19,219,10.9,79,1.91,0.0,0.0,,7.3
21/02/2023,20,115,10.9,77,1.8,0.0,0.0,,7.1
21/02/2023,21,61,9.9,82,1.75,0.0,0.0,,6.9
21/02/2023,22,57,6.4,93,2.33,0.0,0.0,,5.3
21/02/2023,23,50,5.4,96,2.69,0.0,0.0,,4.8
21/02/2024,0,24,7.8,82,2.42,0.0,0.0,,5.1
21/02/2024,1,11,7.3,85,2.86,0.0,0.0,,5.0
21/02/2024,2,7,6.6,89,2.79,0.0,0.0,,4.9
21/02/2024,3,4,7.1,90,2.69,0.0,0.0,,5.4
21/02/2024,4,4,7.8,86,3.14,0.0,0.0,,5.6
21/02/2024,5,7,7.9,86,3.45,0.0,0.0,,5.7
21/02/2024,6,17,7.4,87,3.1,0.0,0.0,,5.5
21/02/2024,7,47,7.3,87,3.2,0.0,0.0,,5.3
21/02/2024,8,159,6.8,89,3.6,0.0,0.0,,5.1
21/02/2024,9,166,6.7,90,3.8,0.0,0.0,,5.2
21/02/2024,10,64,7.3,88,4.44,0.0,0.0,,5.5
21/02/2024,11,56,8.9,80,5.57,0.0,0.0,,5.6
21/02/2024,12,74,9.4,77,5.0,0.0,0.0,,5.4
21/02/2024,13,68,9.8,73,5.95,0.0,0.0,,5.1
21/02/2024,14,57,9.8,76,5.54,0.2,0.0,,5.7
21/02/2024,15,39,9.9,84,5.79,0.3,0.0,,7.4
21/02/2024,16,39,9.6,87,6.74,0.8,0.0,,7.7
21/02/2024,17,69,9.4,87,6.91,1.5,0.0,,7.4
21/02/2024,18,124,9.4,86,7.04,1.5,0.0,,7.2
21/02/2024,19,122,9.5,86,7.51,1.2,0.0,,7.3
21/02/2024,20,68,9.7,87,8.24,2.1,0.0,,7.7
21/02/2024,21,39,9.9,89,8.16,1.0,0.0,,8.1
21/02/2024,22,37,10.1,90,7.74,0.8,0.0,,8.5
21/02/2024,23,30,10.4,90,7.16,0.7,0.0,,8.9
21/03/2023,0,18,10.2,78,2.02,0.0,0.0,,6.6
21/03/2023,1,10,10.1,79,2.31,0.0,0.0,,6.6
21/03/2023,2,5,9.8,86,2.21,0.0,0.0,,7.4
21/03/2023,3,3,9.7,86,1.99,2.6,0.0,,7.5
21/03/2023,4,3,9.4,88,2.43,0.0,0.0,,7.5
21/03/2023,5,6,8.8,88,2.81,0.0,0.0,,6.9
21/03/2023,6,18,8.2,88,2.7,0.0,0.0,,6.3
21/03/2023,7,79,8.3,86,2.81,0.0,0.0,,6.1
21/03/2023,8,293,8.1,86,2.83,0.0,0.0,,5.9
21/03/2023,9,244,8.4,86,3.18,0.0,0.0,,6.1
21/03/2023,10,85,9.3,86,3.52,0.0,0.0,,7.0
21/03/2023,11,72,10.2,82,3.52,0.0,0.0,,7.2
21/03/2023,12,96,11.9,76,4.38,0.4,0.0,,7.8
21/03/2023,13,94,13.4,72,3.86,0.0,0.0,,8.5
21/03/2023,14,87,13.9,71,4.5,0.0,0.0,,8.6
21/03/2023,15,83,13.9,72,5.39,0.1,0.0,,9.0
21/03/2023,16,103,14.3,69,6.15,0.1,0.0,,8.8
21/03/2023,17,169,14.7,68,5.98,0.2,0.0,,8.8
21/03/2023,18,275,14.6,65,5.6,0.0,0.0,,8.1
21/03/2023,19,248,13.9,68,3.92,0.0,0.0,,8.1
21/03/2023,20,134,12.6,74,3.2,0.0,0.0,,8.1
21/03/2023,21,74,11.0,84,3.47,0.0,0.0,,8.4
21/03/2023,22,71,10.3,88,3.52,0.0,0.0,,8.4
21/03/2023,23,56,9.7,89,3.27,0.0,0.0,,7.9
21/03/2024,0,34,11.1,89,1.86,0.0,0.0,,9.4
21/03/2024,1,16,9.9,90,2.27,0.0,0.0,,8.4
21/03/2024,2,9,9.8,90,1.98,0.0,0.0,,8.3
21/03/2024,3,5,9.9,92,2.14,0.0,0.0,,8.6
21/03/2024,4,5,9.6,91,2.56,0.0,0.0,,8.3
21/03/2024,5,9,8.3,94,2.22,0.0,0.0,,7.3
21/03/2024,6,21,7.8,94,2.15,0.0,0.0,,6.8
21/03/2024,7,79,7.3,94,2.01,0.0,0.0,,6.4
21/03/2024,8,264,6.8,95,2.06,0.0,0.0,,6.1
21/03/2024,9,225,7.9,92,2.48,0.0,0.0,,6.8
21/03/2024,10,92,9.8,86,1.7,0.0,0.0,,7.6
21/03/2024,11,79,11.8,80,1.17,0.0,0.0,,8.5
21/03/2024,12,105,13.6,75,1.14,0.0,0.0,,9.3
21/03/2024,13,106,15.3,71,0.64,0.0,0.0,,10.0
21/03/2024,14,101,16.5,67,0.22,0.0,0.0,,10.3
21/03/2024,15,93,17.4,60,0.41,0.0,0.0,,9.6
21/03/2024,16,116,17.8,57,1.2,0.0,0.0,,9.2
21/03/2024,17,181,18.0,55,1.13,0.0,0.0,,8.8
21/03/2024,18,271,17.6,56,1.22,0.0,0.0,,8.8
21/03/2024,19,232,16.9,66,0.4,0.0,0.0,,10.6
21/03/2024,20,129,13.9,74,1.94,0.0,0.0,,9.4
21/03/2024,21,86,11.9,82,2.28,0.0,0.0,,9.0
21/03/2024,22,83,10.9,87,2.08,0.0,0.0,,8.9
21/03/2024,23,68,10.9,89,2.2,0.0,0.0,,9.1
21/04/2023,0,38,4.4,90,2.2,0.0,0.0,,3.0
21/04/2023,1,20,3.4,94,1.7,0.0,0.0,,2.5
21/04/2023,2,12,4.2,94,1.62,0.0,0.0,,3.2
21/04/2023,3,6,2.5,97,2.0,0.0,0.0,,2.0
21/04/2023,4,5,2.2,98,1.49,0.0,0.0,,2.0
21/04/2023,5,7,1.9,99,1.65,0.0,0.0,,1.7
21/04/2023,6,18,1.4,99,2.1,0.0,0.0,,1.2
21/04/2023,7,63,1.4,100,1.86,0.0,0.0,,1.3
21/04/2023,8,201,2.8,97,1.22,0.0,0.0,,2.3
21/04/2023,9,182,4.9,90,1.26,0.0,0.0,,3.4
21/04/2023,10,83,6.8,85,0.76,0.0,0.0,,4.6
21/04/2023,11,73,8.9,75,0.82,0.0,0.0,,4.8
21/04/2023,12,97,10.2,69,1.4,0.0,0.0,,4.9
21/04/2023,13,92,11.1,64,1.8,0.0,0.0,,4.7
21/04/2023,14,93,11.3,54,0.99,0.0,0.0,,2.4
21/04/2023,15,91,11.6,52,0.51,0.0,0.0,,2.0
21/04/2023,16,110,12.5,50,0.67,0.0,0.0,,2.4
21/04/2023,17,161,12.8,49,0.58,0.0,0.0,,2.4
21/04/2023,18,208,12.8,47,0.2,0.0,0.0,,1.9
21/04/2023,19,189,12.6,47,0.36,0.0,0.0,,1.5
21/04/2023,20,119,11.4,72,0.63,0.0,0.0,,6.5
21/04/2023,21,70,10.6,55,1.12,0.0,0.0,,2.0
21/04/2023,22,57,8.3,70,1.87,0.0,0.0,,3.2
21/04/2023,23,55,8.1,71,1.58,0.0,0.0,,3.2
21/04/2024,0,37,4.3,80,2.47,0.0,0.0,,1.1
21/04/2024,1,29,3.8,83,2.68,0.0,0.0,,1.2
21/04/2024,2,25,3.8,83,2.58,0.0,0.0,,1.1
21/04/2024,3,15,4.6,80,2.97,0.0,0.0,,1.5
21/04/2024,4,10,3.8,83,2.8,0.0,0.0,,1.2
21/04/2024,5,8,3.0,86,2.58,0.0,0.0,,0.9
21/04/2024,6,8,3.7,81,2.77,0.0,0.0,,0.6
21/04/2024,7,12,3.9,78,3.28,0.0,0.0,,0.5
21/04/2024,8,22,4.6,77,3.61,0.0,0.0,,1.0
21/04/2024,9,34,6.4,71,4.25,0.0,0.0,,1.5
21/04/2024,10,49,7.2,68,7.07,0.1,0.0,,1.8
21/04/2024,11,64,7.7,64,6.43,0.1,0.0,,1.4
21/04/2024,12,79,9.1,57,7.11,0.1,0.0,,0.9
21/04/2024,13,66,9.5,55,6.77,0.1,0.0,,0.8
21/04/2024,14,69,9.4,61,6.49,0.2,0.0,,2.2
21/04/2024,15,77,10.2,52,7.34,0.1,0.0,,0.8
21/04/2024,16,83,10.9,48,7.61,0.1,0.0,,0.3
21/04/2024,17,86,10.6,49,7.72,0.0,0.0,,0.2
21/04/2024,18,90,10.1,50,7.19,0.0,0.0,,0.1
21/04/2024,19,86,9.5,52,6.55,0.0,0.0,,0.1
21/04/2024,20,65,8.7,56,5.24,0.0,0.0,,0.5
21/04/2024,21,41,6.8,61,3.42,0.0,0.0,,-0.1
21/04/2024,22,36,5.6,67,2.79,0.0,0.0,,0.0
21/04/2024,23,28,4.7,73,2.5,0.0,0.0,,0.2
21/05/2023,0,39,15.1,74,3.91,0.0,0.0,,10.4
21/05/2023,1,27,14.2,78,3.88,0.0,0.0,,10.4
21/05/2023,2,20,13.9,78,3.47,0.0,0.0,,10.1
21/05/2023,3,12,13.6,80,3.52,0.0,0.0,,10.2
21/05/2023,4,9,13.2,82,3.32,0.0,0.0,,10.1
21/05/2023,5,8,12.5,84,3.2,0.0,0.0,,9.9
21/05/2023,6,9,12.2,85,3.08,0.0,0.0,,9.7
21/05/2023,7,11,12.6,83,3.62,0.0,0.0,,9.8
21/05/2023,8,23,13.3,82,3.41,0.0,0.0,,10.3
21/05/2023,9,40,14.4,79,4.2,0.0,0.0,,10.8
21/05/2023,10,60,16.1,74,4.72,0.0,0.0,,11.6
21/05/2023,11,77,17.8,68,5.1,0.0,0.0,,11.8
21/05/2023,12,90,19.0,61,5.54,0.0,0.0,,11.2
21/05/2023,13,89,19.9,58,5.29,0.0,0.0,,11.4
21/05/2023,14,96,20.1,56,4.97,0.0,0.0,,11.1
21/05/2023,15,114,20.4,56,4.85,0.0,0.0,,11.2
21/05/2023,16,120,20.9,54,4.55,0.0,0.0,,11.2
21/05/2023,17,125,21.0,54,4.74,0.0,0.0,,11.4
21/05/2023,18,122,20.4,59,5.05,0.0,0.0,,11.9
21/05/2023,19,102,20.2,59,4.2,0.0,0.0,,12.1
21/05/2023,20,76,19.5,66,3.93,0.0,0.0,,13.0
21/05/2023,21,56,17.8,76,4.24,0.0,0.0,,13.4
21/05/2023,22,44,16.5,80,3.81,0.0,0.0,,13.1
21/05/2023,23,30,15.3,83,4.01,0.0,0.0,,12.4
21/05/2024,0,14,14.2,93,3.1,1.2,0.0,,13.2
21/05/2024,1,7,13.9,94,2.28,2.7,0.0,,12.9
21/05/2024,2,5,13.9,95,1.92,0.6,0.0,,13.1
21/05/2024,3,4,12.8,96,1.63,0.1,0.0,,12.2
21/05/2024,4,4,11.9,98,1.94,0.0,0.0,,11.6
21/05/2024,5,9,11.4,98,1.75,0.0,0.0,,11.1
21/05/2024,6,22,10.9,99,2.22,0.0,0.0,,10.8
21/05/2024,7,81,12.1,99,1.39,0.0,0.0,,12.0
21/05/2024,8,262,12.7,99,1.63,0.0,0.0,,12.5
21/05/2024,9,234,13.9,93,1.72,0.0,0.0,,12.8
21/05/2024,10,90,15.4,82,1.7,0.0,0.0,,12.4
21/05/2024,11,75,16.6,76,1.49,0.0,0.0,,12.4
21/05/2024,12,94,17.3,75,1.51,0.0,0.0,,12.8
21/05/2024,13,98,18.0,72,1.61,0.1,0.0,,12.9
21/05/2024,14,93,18.9,65,1.08,0.2,0.0,,12.1
21/05/2024,15,87,19.2,63,1.72,0.2,0.0,,12.1
21/05/2024,16,105,18.0,69,1.71,1.9,0.0,,12.2
21/05/2024,17,132,15.7,84,2.77,5.3,0.0,,12.9
21/05/2024,18,243,16.9,78,1.7,0.1,0.0,,13.1
21/05/2024,19,226,15.6,82,2.55,0.4,0.0,,12.4
21/05/2024,20,133,15.6,84,2.7,0.1,0.0,,12.9
21/05/2024,21,78,14.8,87,2.15,0.1,0.0,,12.7
21/05/2024,22,71,14.1,91,2.32,0.1,0.0,,12.6
21/05/2024,23,54,13.5,93,3.14,0.3,0.0,,12.4
21/06/2023,0,47,18.9,91,1.57,0.0,0.0,,17.4
21/06/2023,1,23,18.5,93,1.62,0.0,0.0,,17.3
21/06/2023,2,12,17.9,91,2.3,0.0,0.0,,16.4
21/06/2023,3,6,17.8,92,2.91,2.0,0.0,,16.5
21/06/2023,4,5,17.9,93,2.73,0.1,0.0,,16.7
21/06/2023,5,9,17.4,95,1.51,0.1,0.0,,16.6
21/06/2023,6,25,16.0,98,1.97,0.0,0.0,,15.7
21/06/2023,7,91,17.4,96,0.82,0.0,0.0,,16.6
21/06/2023,8,284,18.2,92,0.41,0.0,0.0,,17.0
21/06/2023,9,253,19.5,86,1.12,0.0,0.0,,17.1
21/06/2023,10,107,20.8,81,1.4,0.0,0.0,,17.4
21/06/2023,11,93,22.2,70,1.36,0.0,0.0,,16.6
21/06/2023,12,121,23.3,65,1.17,0.1,0.0,,16.3
21/06/2023,13,120,23.8,67,1.5,0.0,0.0,,17.2
21/06/2023,14,109,25.5,50,0.58,0.1,0.0,,14.4
21/06/2023,15,107,26.4,49,0.67,0.0,0.0,,14.8
21/06/2023,16,123,26.9,49,1.0,0.0,0.0,,15.3
21/06/2023,17,195,27.0,50,1.75,0.0,0.0,,15.6
21/06/2023,18,316,26.2,51,2.34,0.0,0.0,,15.4
21/06/2023,19,285,24.5,60,2.31,0.0,0.0,,16.3
21/06/2023,20,187,24.0,63,0.4,0.0,0.0,,16.5
21/06/2023,21,123,23.0,70,2.35,0.1,0.0,,17.2
21/06/2023,22,108,22.0,73,2.33,0.1,0.0,,16.9
21/06/2023,23,114,21.1,78,2.91,0.0,0.0,,17.2
21/06/2024,0,52,15.9,92,1.96,0.0,0.0,,14.6
21/06/2024,1,32,15.6,93,1.71,0.0,0.0,,14.6
21/06/2024,2,21,15.6,94,1.94,0.0,0.0,,14.6
21/06/2024,3,11,17.3,95,2.38,0.3,0.0,,16.5
21/06/2024,4,8,16.8,94,2.41,0.0,0.0,,15.8
21/06/2024,5,11,16.4,94,1.9,0.3,0.0,,15.4
21/06/2024,6,22,16.0,94,2.02,1.1,0.0,,15.1
21/06/2024,7,58,15.8,95,2.7,2.3,0.0,,14.9
21/06/2024,8,120,15.5,94,2.3,3.9,0.0,,14.6
21/06/2024,9,104,15.6,93,2.39,3.6,0.0,,14.6
21/06/2024,10,57,15.6,93,2.91,2.2,0.0,,14.6
21/06/2024,11,60,16.5,89,2.97,1.4,0.0,,14.7
21/06/2024,12,71,17.1,83,2.89,0.9,0.0,,14.1
21/06/2024,13,81,16.9,83,2.25,0.9,0.0,,13.9
21/06/2024,14,88,18.5,76,1.25,0.2,0.0,,14.1
21/06/2024,15,80,19.1,74,1.46,0.1,0.0,,14.4
21/06/2024,16,98,20.6,72,2.51,0.0,0.0,,15.5
21/06/2024,17,142,21.6,64,3.31,0.1,0.0,,14.5
21/06/2024,18,179,22.0,57,3.63,0.0,0.0,,13.0
21/06/2024,19,179,21.5,54,3.41,0.0,0.0,,11.9
21/06/2024,20,143,21.1,59,2.94,0.0,0.0,,12.7
21/06/2024,21,100,19.5,69,2.12,0.0,0.0,,13.6
21/06/2024,22,82,17.9,77,2.82,0.0,0.0,,13.8
21/06/2024,23,92,17.1,84,3.45,0.0,0.0,,14.4
21/07/2023,0,59,19.3,60,3.86,0.0,0.0,,11.3
21/07/2023,1,30,18.4,64,3.35,0.0,0.0,,11.4
21/07/2023,2,17,17.3,72,2.94,0.0,0.0,,12.2
21/07/2023,3,8,16.6,75,2.95,0.2,0.0,,12.2
21/07/2023,4,6,16.0,77,2.69,0.1,0.0,,12.0
21/07/2023,5,9,15.6,80,2.01,0.2,0.0,,12.1
21/07/2023,6,18,15.2,83,2.25,0.3,0.0,,12.4
21/07/2023,7,52,15.1,86,2.63,0.2,0.0,,12.8
21/07/2023,8,153,15.2,82,2.71,0.3,0.0,,12.1
21/07/2023,9,166,14.9,83,3.13,0.7,0.0,,12.1
21/07/2023,10,84,15.2,71,2.8,0.3,0.0,,10.1
21/07/2023,11,72,18.1,57,2.9,0.0,0.0,,9.6
21/07/2023,12,98,20.7,49,2.93,0.0,0.0,,9.6
21/07/2023,13,89,22.8,38,3.32,0.0,0.0,,7.7
21/07/2023,14,90,22.5,44,2.86,0.0,0.0,,9.7
21/07/2023,15,90,23.9,39,3.42,0.1,0.0,,8.9
21/07/2023,16,106,24.1,37,4.43,0.0,0.0,,8.4
21/07/2023,17,153,23.9,37,4.84,0.0,0.0,,8.1
21/07/2023,18,194,23.9,35,4.96,0.0,0.0,,7.7
21/07/2023,19,178,23.6,35,5.23,0.0,0.0,,7.2
21/07/2023,20,127,21.8,38,5.23,0.0,0.0,,6.9
21/07/2023,21,79,21.1,40,4.24,0.0,0.0,,6.9
21/07/2023,22,76,19.5,45,3.26,0.0,0.0,,7.2
21/07/2023,23,61,18.4,49,3.14,0.0,0.0,,7.3
21/07/2024,0,45,20.1,95,2.93,2.9,0.0,,19.3
21/07/2024,1,21,19.9,95,2.55,0.2,0.0,,19.1
21/07/2024,2,24,19.8,97,2.02,0.1,0.0,,19.3
21/07/2024,3,16,20.7,91,1.92,0.2,0.0,,19.2
21/07/2024,4,12,20.0,93,3.42,0.0,0.0,,18.8
21/07/2024,5,11,19.1,93,2.92,0.0,0.0,,18.0
21/07/2024,6,11,18.5,94,3.74,0.1,0.0,,17.5
21/07/2024,7,14,18.5,94,3.94,0.1,0.0,,17.6
21/07/2024,8,23,18.9,92,3.62,0.0,0.0,,17.6
21/07/2024,9,33,19.7,87,3.33,0.0,0.0,,17.4
21/07/2024,10,50,21.3,75,3.31,0.1,0.0,,16.8
21/07/2024,11,61,22.1,71,3.22,0.1,0.0,,16.5
21/07/2024,12,72,23.0,67,2.94,0.1,0.0,,16.5
21/07/2024,13,70,24.2,63,3.74,0.2,0.0,,16.7
21/07/2024,14,64,24.2,62,4.27,0.0,0.0,,16.5
21/07/2024,15,82,22.4,74,1.8,0.2,0.0,,17.5
21/07/2024,16,91,24.2,63,2.44,0.2,0.0,,16.8
21/07/2024,17,95,25.1,57,3.62,0.1,0.0,,16.0
21/07/2024,18,98,24.4,58,4.92,0.2,0.0,,15.6
21/07/2024,19,97,23.8,59,5.74,0.0,0.0,,15.2
21/07/2024,20,77,22.0,61,5.44,0.0,0.0,,14.2
21/07/2024,21,63,21.0,63,4.63,0.0,0.0,,13.8
21/07/2024,22,52,20.0,67,4.0,0.0,0.0,,13.7
21/07/2024,23,37,18.9,71,4.78,0.0,0.0,,13.6
21/08/2023,0,23,20.4,75,3.14,0.0,0.0,,15.9
21/08/2023,1,13,20.0,74,2.7,0.0,0.0,,15.1
21/08/2023,2,8,19.0,76,2.28,0.0,0.0,,14.6
21/08/2023,3,5,18.2,78,2.02,0.0,0.0,,14.4
21/08/2023,4,37,17.6,81,2.06,0.0,0.0,,14.3
21/08/2023,5,70,17.0,84,1.75,0.0,0.0,,14.2
21/08/2023,6,17,16.4,87,1.5,0.0,0.0,,14.2
21/08/2023,7,66,16.1,88,1.94,0.0,0.0,,14.1
21/08/2023,8,163,17.0,84,2.15,0.0,0.0,,14.2
21/08/2023,9,147,18.1,78,1.8,0.0,0.0,,14.3
21/08/2023,10,84,20.0,71,1.92,0.0,0.0,,14.5
21/08/2023,11,53,21.9,62,2.31,0.0,0.0,,14.4
21/08/2023,12,63,23.4,56,2.22,0.0,0.0,,14.2
21/08/2023,13,61,24.5,51,1.92,0.0,0.0,,13.6
21/08/2023,14,58,26.0,49,1.97,0.0,0.0,,14.5
21/08/2023,15,62,26.8,47,1.86,0.0,0.0,,14.6
21/08/2023,16,81,27.1,47,1.78,0.0,0.0,,14.8
21/08/2023,17,132,27.2,46,1.77,0.0,0.0,,14.8
21/08/2023,18,214,27.1,47,1.72,0.0,0.0,,14.8
21/08/2023,19,163,26.8,48,1.84,0.0,0.0,,14.8
21/08/2023,20,92,25.4,60,1.28,0.0,0.0,,16.9
21/08/2023,21,61,22.4,71,2.39,0.0,0.0,,16.8
21/08/2023,22,49,21.3,73,1.8,0.0,0.0,,16.3
21/08/2023,23,38,20.1,76,1.92,0.0,0.0,,15.7
21/08/2024,0,18,14.2,85,3.81,0.0,0.0,,11.9
21/08/2024,1,13,13.8,85,3.76,0.0,0.0,,11.4
21/08/2024,2,8,13.4,87,3.69,0.0,0.0,,11.2
21/08/2024,3,5,12.6,89,3.2,0.0,0.0,,10.9
21/08/2024,4,4,12.2,91,3.11,0.0,0.0,,10.8
21/08/2024,5,7,11.9,91,3.04,0.0,0.0,,10.6
21/08/2024,6,15,11.8,92,2.94,0.0,0.0,,10.4
21/08/2024,7,39,11.6,92,2.94,0.0,0.0,,10.4
21/08/2024,8,113,12.6,89,3.52,0.0,0.0,,10.9
21/08/2024,9,121,14.3,82,3.16,0.0,0.0,,11.4
21/08/2024,10,57,16.1,76,3.26,0.0,0.0,,11.8
21/08/2024,11,54,17.8,67,3.45,0.0,0.0,,11.6
21/08/2024,12,67,18.8,60,3.32,0.0,0.0,,10.9
21/08/2024,13,65,19.5,54,3.47,0.0,0.0,,10.1
21/08/2024,14,65,19.9,51,3.31,0.0,0.0,,9.6
21/08/2024,15,67,20.5,49,2.82,0.0,0.0,,9.4
21/08/2024,16,79,20.5,49,2.62,0.0,0.0,,9.4
21/08/2024,17,118,21.0,47,2.53,0.0,0.0,,9.2
21/08/2024,18,178,21.0,46,2.82,0.0,0.0,,8.9
21/08/2024,19,141,20.7,45,2.59,0.0,0.0,,8.5
21/08/2024,20,86,19.6,55,1.57,0.0,0.0,,10.3
21/08/2024,21,60,17.0,64,1.84,0.0,0.0,,10.1
21/08/2024,22,53,15.4,71,1.97,0.0,0.0,,10.3
21/08/2024,23,42,14.6,74,2.16,0.0,0.0,,10.1
21/09/2023,0,45,20.6,68,5.82,0.0,0.0,,14.6
21/09/2023,1,23,20.0,70,6.28,0.0,0.0,,14.4
21/09/2023,2,11,20.2,66,6.13,0.0,0.0,,13.6
21/09/2023,3,5,19.5,69,6.33,0.8,0.0,,13.6
21/09/2023,4,3,18.8,76,5.98,0.6,0.0,,14.4
21/09/2023,5,7,18.5,78,5.89,0.3,0.0,,14.6
21/09/2023,6,17,18.0,80,5.92,0.2,0.0,,14.5
21/09/2023,7,65,17.7,82,5.93,0.1,0.0,,14.6
21/09/2023,8,199,17.1,87,6.48,1.1,0.0,,14.9
21/09/2023,9,139,17.2,88,6.58,1.4,0.0,,15.2
21/09/2023,10,48,17.2,89,5.04,1.5,0.0,,15.4
21/09/2023,11,43,17.5,90,4.54,0.8,0.0,,15.9
21/09/2023,12,52,17.6,91,4.51,2.0,0.0,,16.1
21/09/2023,13,52,17.0,92,5.7,6.0,0.0,,15.6
21/09/2023,14,52,15.9,91,3.42,3.6,0.0,,14.5
21/09/2023,15,67,16.4,87,4.42,0.3,0.0,,14.1
21/09/2023,16,85,16.3,86,3.33,0.3,0.0,,13.9
21/09/2023,17,148,16.4,83,3.98,0.0,0.0,,13.5
21/09/2023,18,222,16.5,77,3.77,0.0,0.0,,12.4
21/09/2023,19,207,16.3,76,2.8,0.0,0.0,,12.1
21/09/2023,20,134,14.9,81,2.86,0.0,0.0,,11.6
21/09/2023,21,72,14.8,78,3.58,0.0,0.0,,10.9
21/09/2023,22,67,14.1,80,4.17,0.0,0.0,,10.7
21/09/2023,23,76,14.1,83,4.08,0.0,0.0,,11.1
21/09/2024,0,55,14.4,93,2.12,0.0,0.0,,13.2
21/09/2024,1,33,13.7,95,2.02,0.0,0.0,,12.9
21/09/2024,2,30,12.8,96,2.77,0.0,0.0,,12.2
21/09/2024,3,19,15.9,83,1.1,0.0,0.0,,13.1
21/09/2024,4,14,13.6,93,1.7,0.0,0.0,,12.4
21/09/2024,5,11,13.1,95,1.8,0.0,0.0,,12.3
21/09/2024,6,12,12.6,96,1.96,0.0,0.0,,11.9
21/09/2024,7,21,12.9,94,1.89,0.0,0.0,,11.9
21/09/2024,8,44,13.2,93,1.97,0.0,0.0,,12.1
21/09/2024,9,69,14.9,89,3.05,0.0,0.0,,13.1
21/09/2024,10,89,16.8,82,2.77,0.0,0.0,,13.6
21/09/2024,11,103,18.8,74,3.41,0.0,0.0,,14.1
21/09/2024,12,121,20.5,68,3.54,0.0,0.0,,14.4
21/09/2024,13,119,22.0,61,4.33,0.0,0.0,,14.1
21/09/2024,14,125,23.0,54,4.69,0.0,0.0,,13.1
21/09/2024,15,135,23.6,55,4.6,0.0,0.0,,14.1
21/09/2024,16,145,22.2,60,4.04,0.0,0.0,,14.0
21/09/2024,17,144,20.5,71,1.39,0.8,0.0,,15.0
21/09/2024,18,150,20.5,72,1.12,0.5,0.0,,15.4
21/09/2024,19,144,19.5,82,1.97,0.0,0.0,,16.3
21/09/2024,20,111,18.1,86,1.5,0.5,0.0,,15.8
21/09/2024,21,77,17.9,87,2.01,0.0,0.0,,15.6
21/09/2024,22,63,17.5,87,2.3,0.0,0.0,,15.3
21/09/2024,23,61,17.5,84,2.83,0.0,0.0,,14.7
21/10/2023,0,43,13.2,93,4.81,0.0,0.0,,12.1
21/10/2023,1,32,13.2,93,4.64,0.0,0.0,,12.1
21/10/2023,2,27,13.4,93,4.97,0.0,0.0,,12.3
21/10/2023,3,18,13.8,89,7.34,1.0,0.0,,12.1
21/10/2023,4,12,12.7,87,7.43,0.0,0.0,,10.6
21/10/2023,5,11,11.8,87,6.62,0.0,0.0,,9.7
21/10/2023,6,11,11.2,86,6.62,0.0,0.0,,8.9
21/10/2023,7,16,10.9,84,6.93,0.0,0.0,,8.4
21/10/2023,8,32,10.8,85,7.05,0.0,0.0,,8.3
21/10/2023,9,56,11.1,81,7.54,0.0,0.0,,8.1
21/10/2023,10,70,12.1,74,8.01,0.0,0.0,,7.7
21/10/2023,11,85,13.3,69,6.87,0.0,0.0,,7.8
21/10/2023,12,98,14.5,60,10.68,0.0,0.0,,6.8
21/10/2023,13,89,14.9,64,10.97,0.1,0.0,,8.1
21/10/2023,14,89,13.1,81,8.83,0.5,0.0,,9.9
21/10/2023,15,104,13.9,78,10.22,0.9,0.0,,10.1
21/10/2023,16,95,14.4,74,9.88,0.1,0.0,,9.8
21/10/2023,17,97,15.1,66,9.86,0.0,0.0,,8.8
21/10/2023,18,83,14.1,71,8.8,0.2,0.0,,9.0
21/10/2023,19,70,13.4,76,8.49,0.5,0.0,,9.3
21/10/2023,20,54,12.6,86,7.57,1.0,0.0,,10.4
21/10/2023,21,34,12.5,88,8.22,1.1,0.0,,10.5
21/10/2023,22,27,12.4,88,7.79,0.6,0.0,,10.5
21/10/2023,23,31,12.4,88,6.82,0.9,0.0,,10.5
21/10/2024,0,19,18.0,79,5.35,0.0,0.0,,14.4
21/10/2024,1,11,17.7,82,4.97,0.0,0.0,,14.5
21/10/2024,2,7,17.4,84,4.46,0.0,0.0,,14.6
21/10/2024,3,5,17.1,86,3.38,0.0,0.0,,14.8
21/10/2024,4,4,16.9,87,3.3,0.0,0.0,,14.7
21/10/2024,5,8,16.4,90,3.05,0.2,0.0,,14.7
21/10/2024,6,19,16.1,91,3.75,0.0,0.0,,14.8
21/10/2024,7,58,15.6,94,3.95,0.0,0.0,,14.6
21/10/2024,8,204,15.1,95,4.1,0.0,0.0,,14.4
21/10/2024,9,207,15.2,93,3.96,0.0,0.0,,14.2
21/10/2024,10,75,15.9,91,2.75,0.0,0.0,,14.5
21/10/2024,11,68,17.4,87,2.9,0.0,0.0,,15.1
21/10/2024,12,90,18.7,82,2.31,0.0,0.0,,15.6
21/10/2024,13,91,19.4,80,2.13,0.0,0.0,,15.9
21/10/2024,14,83,20.8,71,3.27,0.1,0.0,,15.4
21/10/2024,15,78,18.2,83,2.4,0.0,0.0,,15.4
21/10/2024,16,95,16.6,85,4.38,0.0,0.0,,14.2
21/10/2024,17,146,15.9,88,3.49,0.0,0.0,,14.0
21/10/2024,18,241,15.7,91,2.16,0.0,0.0,,14.2
21/10/2024,19,212,14.9,96,1.38,0.4,0.0,,14.1
21/10/2024,20,114,15.0,95,1.61,0.0,0.0,,14.2
21/10/2024,21,58,16.0,90,2.94,0.0,0.0,,14.3
21/10/2024,22,49,12.9,93,7.47,0.9,0.0,,11.8
21/10/2024,23,33,12.7,88,4.67,0.1,0.0,,10.8
21/11/2023,0,19,9.6,91,3.67,0.2,0.0,,8.1
21/11/2023,1,9,9.5,92,3.0,0.1,0.0,,8.2
21/11/2023,2,5,8.9,95,2.28,0.0,0.0,,8.2
21/11/2023,3,3,8.6,95,1.65,0.0,0.0,,7.8
21/11/2023,4,3,8.4,95,2.06,0.0,0.0,,7.8
21/11/2023,5,7,8.6,94,1.94,0.0,0.0,,7.8
21/11/2023,6,19,8.4,95,2.06,0.0,0.0,,7.6
21/11/2023,7,69,8.2,95,2.12,0.0,0.0,,7.4
21/11/2023,8,254,8.2,95,2.37,0.0,0.0,,7.4
21/11/2023,9,233,8.2,95,2.62,0.0,0.0,,7.6
21/11/2023,10,84,8.7,95,2.41,0.0,0.0,,7.9
21/11/2023,11,61,9.8,92,3.4,0.0,0.0,,8.5
21/11/2023,12,80,10.9,87,4.47,0.0,0.0,,8.8
21/11/2023,13,77,11.8,84,4.4,0.1,0.0,,9.1
21/11/2023,14,78,12.1,81,5.22,0.0,0.0,,8.9
21/11/2023,15,76,11.6,88,4.3,0.0,0.0,,9.6
21/11/2023,16,96,11.8,85,4.3,0.0,0.0,,9.4
21/11/2023,17,159,11.4,85,4.79,0.0,0.0,,9.0
21/11/2023,18,259,10.6,89,3.7,0.1,0.0,,8.8
21/11/2023,19,235,10.0,92,3.61,0.0,0.0,,8.8
21/11/2023,20,126,9.7,92,3.98,0.0,0.0,,8.5
21/11/2023,21,71,9.3,93,3.57,0.0,0.0,,8.2
21/11/2023,22,66,9.0,94,3.51,0.0,0.0,,8.1
21/11/2023,23,53,8.8,94,3.11,0.0,0.0,,7.9
21/11/2024,0,25,1.6,86,2.77,0.0,0.0,,-0.5
21/11/2024,1,13,1.2,88,2.47,0.0,0.0,,-0.6
21/11/2024,2,8,1.0,88,2.3,0.0,0.0,,-0.7
21/11/2024,3,5,0.6,92,1.75,0.0,0.0,,-0.6
21/11/2024,4,4,0.9,91,1.45,0.0,0.0,,-0.4
21/11/2024,5,8,0.9,92,1.6,0.0,0.0,,-0.3
21/11/2024,6,16,0.9,92,1.9,0.0,0.0,,-0.2
21/11/2024,7,55,0.9,92,1.88,0.0,0.0,,-0.2
21/11/2024,8,178,0.9,93,2.11,0.0,0.0,,-0.2
21/11/2024,9,161,0.8,94,2.29,0.0,0.0,,-0.1
21/11/2024,10,56,0.8,95,2.55,0.1,0.07,,0.1
21/11/2024,11,34,1.0,94,3.23,0.5,0.28,,0.2
21/11/2024,12,42,1.1,95,3.22,0.5,0.35,,0.3
21/11/2024,13,39,1.2,95,3.4,1.1,0.7,,0.6
21/11/2024,14,32,1.0,95,4.01,1.4,0.91,,0.3
21/11/2024,15,31,0.6,97,4.56,1.7,1.19,,0.2
21/11/2024,16,41,0.6,94,5.19,1.2,0.84,,-0.2
21/11/2024,17,65,0.8,93,5.7,1.0,0.7,,-0.2
21/11/2024,18,97,0.8,92,6.12,1.0,0.7,,-0.3
21/11/2024,19,94,0.9,91,5.81,0.6,0.35,,-0.3
21/11/2024,20,57,0.9,90,5.31,0.3,0.21,,-0.6
21/11/2024,21,36,0.9,86,3.89,0.1,0.07,,-1.1
21/11/2024,22,34,-0.1,88,2.85,0.0,0.0,,-1.8
21/11/2024,23,29,-0.9,90,2.78,0.0,0.0,,-2.3
21/12/2023,0,37,9.5,84,5.98,0.0,0.0,,7.0
21/12/2023,1,20,9.8,84,6.12,0.0,0.0,,7.2
21/12/2023,2,12,9.7,84,5.81,0.0,0.0,,7.1
21/12/2023,3,6,9.4,84,5.68,0.2,0.0,,6.8
21/12/2023,4,5,9.4,85,6.02,0.1,0.0,,7.1
21/12/2023,5,8,9.8,84,6.23,0.0,0.0,,7.3
21/12/2023,6,15,10.2,85,6.74,0.0,0.0,,7.8
21/12/2023,7,60,10.4,86,6.96,0.0,0.0,,8.2
21/12/2023,8,199,10.6,86,7.16,0.0,0.0,,8.4
21/12/2023,9,188,10.6,86,7.55,0.0,0.0,,8.4
21/12/2023,10,83,10.9,87,7.68,0.1,0.0,,8.7
21/12/2023,11,70,11.1,87,7.5,0.0,0.0,,9.1
21/12/2023,12,92,11.4,87,7.67,0.2,0.0,,9.3
21/12/2023,13,89,11.6,86,7.82,0.1,0.0,,9.4
21/12/2023,14,73,11.9,85,8.12,0.0,0.0,,9.4
21/12/2023,15,67,10.9,87,8.5,0.1,0.0,,8.9
21/12/2023,16,87,10.9,86,7.91,0.1,0.0,,8.6
21/12/2023,17,139,10.9,83,7.45,0.0,0.0,,8.2
21/12/2023,18,194,11.0,81,7.4,0.0,0.0,,7.9
21/12/2023,19,171,10.8,81,7.3,0.0,0.0,,7.7
21/12/2023,20,103,10.9,81,7.43,0.0,0.0,,7.7
21/12/2023,21,59,10.7,82,7.23,0.0,0.0,,7.8
21/12/2023,22,54,10.6,81,7.34,0.0,0.0,,7.6
21/12/2023,23,49,10.5,78,7.43,0.0,0.0,,6.8
21/12/2024,0,31,6.7,88,3.87,0.0,0.0,,4.8
21/12/2024,1,25,6.7,89,4.16,0.2,0.0,,4.9
21/12/2024,2,22,6.5,91,4.52,0.1,0.0,,5.2
21/12/2024,3,15,7.6,91,4.88,0.0,0.0,,6.1
21/12/2024,4,12,7.5,93,3.98,0.0,0.0,,6.4
21/12/2024,5,10,7.3,94,3.83,0.0,0.0,,6.3
21/12/2024,6,9,7.8,93,3.78,0.0,0.0,,6.8
21/12/2024,7,13,7.9,93,3.34,0.0,0.0,,6.9
21/12/2024,8,22,8.1,92,3.56,0.0,0.0,,7.0
21/12/2024,9,40,8.2,92,3.23,0.0,0.0,,7.1
21/12/2024,10,56,8.2,92,3.22,0.0,0.0,,7.0
21/12/2024,11,64,8.2,91,3.39,0.0,0.0,,6.9
21/12/2024,12,74,8.6,89,3.44,0.0,0.0,,6.9
21/12/2024,13,56,8.9,88,3.57,0.0,0.0,,7.0
21/12/2024,14,52,9.6,84,4.86,0.0,0.0,,7.1
21/12/2024,15,55,8.9,89,4.46,0.5,0.0,,7.2
21/12/2024,16,58,8.9,88,4.79,0.1,0.0,,7.0
21/12/2024,17,58,8.5,88,5.48,0.2,0.0,,6.7
21/12/2024,18,59,8.8,87,5.37,0.0,0.0,,6.7
21/12/2024,19,61,9.2,87,5.55,0.1,0.0,,7.2
21/12/2024,20,49,9.8,87,5.94,0.2,0.0,,7.7
21/12/2024,21,37,10.4,86,6.4,0.7,0.0,,8.1
21/12/2024,22,32,10.6,89,6.24,0.1,0.0,,8.9
21/12/2024,23,25,10.9,90,5.88,0.1,0.0,,9.2
22/01/2023,0,31,-1.0,87,4.27,0.0,0.0,,-2.9
22/01/2023,1,25,-0.9,84,4.08,0.0,0.0,,-3.2
22/01/2023,2,23,-0.6,85,4.03,0.0,0.0,,-2.8
22/01/2023,3,15,-0.6,81,4.22,0.0,0.0,,-3.3
22/01/2023,4,12,-0.5,78,4.12,0.0,0.0,,-3.8
22/01/2023,5,8,-0.8,80,3.51,0.0,0.0,,-3.8
22/01/2023,6,6,-0.9,80,3.45,0.0,0.0,,-3.9
22/01/2023,7,8,-0.9,78,4.12,0.0,0.0,,-4.2
22/01/2023,8,17,-0.9,79,3.71,0.0,0.0,,-4.1
22/01/2023,9,30,-0.9,79,3.51,0.0,0.0,,-4.1
22/01/2023,10,46,-0.7,80,4.52,0.0,0.0,,-3.8
22/01/2023,11,56,-0.4,77,5.22,0.0,0.0,,-4.1
22/01/2023,12,69,0.2,73,5.12,0.0,0.0,,-4.1
22/01/2023,13,61,0.8,72,5.61,0.0,0.0,,-3.7
22/01/2023,14,63,1.4,76,5.6,0.0,0.0,,-2.5
22/01/2023,15,74,2.9,68,6.07,0.0,0.0,,-2.3
22/01/2023,16,76,3.1,71,5.89,0.0,0.0,,-1.6
22/01/2023,17,69,2.7,76,5.07,0.0,0.0,,-1.2
22/01/2023,18,67,2.3,78,4.33,0.0,0.0,,-1.1
22/01/2023,19,61,1.8,80,3.71,0.0,0.0,,-1.4
22/01/2023,20,43,1.4,80,3.99,0.0,0.0,,-1.8
22/01/2023,21,30,0.8,82,3.68,0.0,0.0,,-2.0
22/01/2023,22,24,0.3,83,3.29,0.0,0.0,,-2.2
22/01/2023,23,21,0.4,83,3.31,0.0,0.0,,-2.1
22/01/2024,0,11,7.7,93,9.17,0.0,0.0,,6.7
22/01/2024,1,6,8.1,91,9.8,0.0,0.0,,6.8
22/01/2024,2,4,8.4,88,10.11,0.0,0.0,,6.4
22/01/2024,3,3,10.0,82,10.69,0.0,0.0,,7.1
22/01/2024,4,3,10.4,78,10.72,0.0,0.0,,6.8
22/01/2024,5,6,10.4,79,10.9,0.9,0.0,,7.0
22/01/2024,6,20,10.9,80,11.46,0.1,0.0,,7.5
22/01/2024,7,57,11.2,79,11.46,0.0,0.0,,7.8
22/01/2024,8,182,11.4,82,10.68,0.5,0.0,,8.4
22/01/2024,9,169,10.6,87,8.67,1.3,0.0,,8.5
22/01/2024,10,63,10.9,86,8.91,0.2,0.0,,8.6
22/01/2024,11,50,11.2,86,7.7,0.0,0.0,,9.0
22/01/2024,12,58,11.6,86,7.25,0.1,0.0,,9.3
22/01/2024,13,58,12.1,81,6.35,0.0,0.0,,8.9
22/01/2024,14,58,12.1,76,7.54,0.0,0.0,,8.0
22/01/2024,15,57,10.1,86,5.89,0.5,0.0,,7.9
22/01/2024,16,73,10.7,80,6.45,0.0,0.0,,7.4
22/01/2024,17,122,10.6,76,6.48,0.0,0.0,,6.6
22/01/2024,18,186,9.9,75,6.43,0.0,0.0,,5.8
22/01/2024,19,168,9.1,76,5.92,0.0,0.0,,5.1
22/01/2024,20,94,8.6,76,5.6,0.0,0.0,,4.6
22/01/2024,21,55,8.4,75,6.14,0.0,0.0,,4.2
22/01/2024,22,51,8.1,75,5.95,0.0,0.0,,4.0
22/01/2024,23,35,7.9,76,5.91,0.0,0.0,,4.0
22/02/2023,0,26,5.3,96,2.79,0.0,0.0,,4.7
22/02/2023,1,10,5.2,95,2.45,0.0,0.0,,4.6
22/02/2023,2,6,6.2,93,2.94,0.0,0.0,,5.2
22/02/2023,3,3,9.6,80,1.46,0.0,0.0,,6.3
22/02/2023,4,3,8.9,81,0.58,0.0,0.0,,5.9
22/02/2023,5,5,7.3,92,1.94,0.0,0.0,,6.2
22/02/2023,6,14,6.4,94,2.04,0.0,0.0,,5.6
22/02/2023,7,55,6.6,95,2.47,0.0,0.0,,5.8
22/02/2023,8,191,6.9,95,2.97,0.0,0.0,,6.2
22/02/2023,9,195,6.7,96,2.97,0.0,0.0,,6.1
22/02/2023,10,74,7.6,97,3.41,0.0,0.0,,7.1
22/02/2023,11,57,8.2,96,4.2,0.0,0.0,,7.7
22/02/2023,12,76,8.6,94,4.34,0.0,0.0,,7.8
22/02/2023,13,74,8.9,92,4.35,0.1,0.0,,7.7
22/02/2023,14,68,8.8,93,2.88,0.1,0.0,,7.8
22/02/2023,15,57,9.9,89,3.18,0.8,0.0,,8.1
22/02/2023,16,61,10.4,84,2.73,0.4,0.0,,7.8
22/02/2023,17,110,9.9,88,2.01,0.7,0.0,,7.9
22/02/2023,18,194,9.8,88,2.34,0.1,0.0,,7.9
22/02/2023,19,188,9.2,92,1.91,0.0,0.0,,7.9
22/02/2023,20,102,8.9,94,1.63,0.0,0.0,,7.9
22/02/2023,21,57,8.7,93,1.9,0.0,0.0,,7.7
22/02/2023,22,51,8.6,93,1.71,0.0,0.0,,7.5
22/02/2023,23,45,8.4,94,2.21,0.1,0.0,,7.5
22/02/2024,0,16,10.7,91,7.07,0.3,0.0,,9.3
22/02/2024,1,9,11.1,91,6.56,0.9,0.0,,9.7
22/02/2024,2,6,11.4,91,6.01,1.4,0.0,,10.1
22/02/2024,3,4,11.6,92,6.18,0.6,0.0,,10.2
22/02/2024,4,4,11.6,92,5.75,0.8,0.0,,10.4
22/02/2024,5,7,11.7,92,5.5,0.7,0.0,,10.5
22/02/2024,6,12,11.8,92,5.61,0.7,0.0,,10.6
22/02/2024,7,36,12.0,92,6.71,0.3,0.0,,10.7
22/02/2024,8,111,12.2,91,6.81,0.3,0.0,,10.7
22/02/2024,9,117,12.1,92,6.44,0.3,0.0,,10.9
22/02/2024,10,43,12.1,92,6.91,0.1,0.0,,10.9
22/02/2024,11,37,12.4,91,7.78,0.4,0.0,,10.9
22/02/2024,12,41,12.4,91,8.32,0.7,0.0,,10.9
22/02/2024,13,42,12.4,88,9.01,2.3,0.0,,10.5
22/02/2024,14,40,14.2,81,11.81,0.6,0.0,,10.9
22/02/2024,15,33,14.2,86,7.43,4.0,0.0,,11.9
22/02/2024,16,47,13.9,89,10.34,1.4,0.0,,12.1
22/02/2024,17,60,13.1,81,11.31,0.4,0.0,,9.9
22/02/2024,18,127,10.1,80,10.79,0.3,0.0,,6.8
22/02/2024,19,127,9.6,70,8.66,0.0,0.0,,4.3
22/02/2024,20,76,8.6,67,8.83,0.0,0.0,,2.7
22/02/2024,21,44,8.1,66,7.82,0.0,0.0,,2.0
22/02/2024,22,42,6.9,69,7.73,0.0,0.0,,1.6
22/02/2024,23,37,6.2,71,7.26,0.0,0.0,,1.3
22/03/2023,0,29,9.2,87,3.33,0.0,0.0,,7.2
22/03/2023,1,12,8.9,87,3.61,0.0,0.0,,6.8
22/03/2023,2,6,9.1,87,3.66,0.0,0.0,,7.1
22/03/2023,3,4,8.8,89,4.02,0.0,0.0,,7.2
22/03/2023,4,3,8.5,91,4.11,0.0,0.0,,7.1
22/03/2023,5,7,8.1,91,4.12,0.0,0.0,,6.7
22/03/2023,6,18,8.1,90,4.83,0.0,0.0,,6.5
22/03/2023,7,78,7.9,92,4.96,0.0,0.0,,6.8
22/03/2023,8,248,8.6,90,5.24,0.0,0.0,,7.2
22/03/2023,9,196,9.2,86,5.33,0.0,0.0,,6.9
22/03/2023,10,63,10.1,80,7.82,0.1,0.0,,6.8
22/03/2023,11,55,10.1,82,5.94,0.1,0.0,,7.1
22/03/2023,12,82,10.3,83,6.1,0.4,0.0,,7.6
22/03/2023,13,86,10.2,89,6.46,1.0,0.0,,8.4
22/03/2023,14,80,11.6,86,6.05,0.1,0.0,,9.4
22/03/2023,15,74,13.3,73,8.95,0.0,0.0,,8.5
22/03/2023,16,89,13.1,75,6.53,0.1,0.0,,8.8
22/03/2023,17,143,13.4,78,5.88,2.8,0.0,,9.6
22/03/2023,18,227,13.8,73,6.52,0.0,0.0,,8.9
22/03/2023,19,211,13.6,71,6.44,0.0,0.0,,8.5
22/03/2023,20,120,12.9,80,5.36,2.1,0.0,,9.6
22/03/2023,21,69,12.8,82,5.61,2.3,0.0,,9.8
22/03/2023,22,64,12.4,81,5.95,1.8,0.0,,9.3
22/03/2023,23,57,11.9,83,5.99,0.0,0.0,,9.1
22/03/2024,0,41,9.4,93,2.37,0.0,0.0,,8.3
22/03/2024,1,21,8.4,96,1.9,0.0,0.0,,7.7
22/03/2024,2,13,7.2,99,1.84,0.0,0.0,,7.1
22/03/2024,3,7,8.3,97,1.84,0.0,0.0,,7.8
22/03/2024,4,5,7.6,98,2.0,0.0,0.0,,7.3
22/03/2024,5,10,7.1,99,1.92,0.0,0.0,,6.9
22/03/2024,6,21,7.1,100,1.66,0.0,0.0,,7.1
22/03/2024,7,66,7.3,100,1.56,0.0,0.0,,7.2
22/03/2024,8,203,7.2,98,1.89,0.0,0.0,,7.0
22/03/2024,9,174,7.4,98,2.01,0.0,0.0,,7.2
22/03/2024,10,91,7.9,99,1.58,0.0,0.0,,7.8
22/03/2024,11,81,9.1,97,2.04,0.0,0.0,,8.6
22/03/2024,12,111,11.1,87,2.63,0.0,0.0,,8.9
22/03/2024,13,109,13.2,76,3.61,0.0,0.0,,9.1
22/03/2024,14,103,15.8,64,4.4,0.0,0.0,,9.1
22/03/2024,15,105,15.8,68,2.71,0.0,0.0,,10.0
22/03/2024,16,126,16.6,62,4.85,0.0,0.0,,9.4
22/03/2024,17,183,17.2,56,4.5,0.0,0.0,,8.3
22/03/2024,18,225,17.1,53,4.6,0.0,0.0,,7.6
22/03/2024,19,178,15.6,62,3.58,0.0,0.0,,8.4
22/03/2024,20,110,12.8,71,3.61,0.0,0.0,,7.8
22/03/2024,21,61,11.3,77,2.73,0.0,0.0,,7.3
22/03/2024,22,46,11.1,81,4.29,0.0,0.0,,7.9
22/03/2024,23,41,10.8,85,4.61,0.2,0.0,,8.4
22/04/2023,0,46,7.2,76,1.66,0.0,0.0,,3.2
22/04/2023,1,32,4.7,87,2.69,0.0,0.0,,2.8
22/04/2023,2,27,6.1,84,1.98,0.0,0.0,,3.5
22/04/2023,3,17,5.5,87,2.05,0.0,0.0,,3.5
22/04/2023,4,12,5.5,87,2.11,0.0,0.0,,3.5
22/04/2023,5,11,6.6,81,2.21,0.0,0.0,,3.6
22/04/2023,6,10,7.1,80,2.02,1.2,0.0,,3.8
22/04/2023,7,9,7.2,89,2.41,1.9,0.0,,5.4
22/04/2023,8,15,7.4,92,2.28,1.2,0.0,,6.2
22/04/2023,9,24,8.2,93,2.13,1.3,0.0,,7.1
22/04/2023,10,27,9.2,93,1.87,1.8,0.0,,8.1
22/04/2023,11,40,11.1,88,1.68,0.4,0.0,,9.2
22/04/2023,12,57,11.8,89,1.94,0.1,0.0,,10.1
22/04/2023,13,61,13.4,83,5.0,0.0,0.0,,10.6
22/04/2023,14,70,13.6,75,5.78,0.1,0.0,,9.2
22/04/2023,15,90,14.6,67,4.65,0.0,0.0,,8.6
22/04/2023,16,99,16.5,56,4.9,0.0,0.0,,7.7
22/04/2023,17,102,16.9,54,5.46,0.0,0.0,,7.5
22/04/2023,18,106,17.1,51,5.32,0.0,0.0,,6.9
22/04/2023,19,113,16.5,54,4.19,0.0,0.0,,7.2
22/04/2023,20,89,14.9,64,2.69,0.0,0.0,,8.1
22/04/2023,21,58,11.6,78,2.25,0.0,0.0,,7.8
22/04/2023,22,46,11.4,77,2.33,0.0,0.0,,7.6
22/04/2023,23,47,11.1,77,3.0,0.0,0.0,,7.2
22/04/2024,0,16,4.4,76,3.1,0.0,0.0,,0.5
22/04/2024,1,9,4.1,81,3.3,0.0,0.0,,1.0
22/04/2024,2,5,3.6,87,3.2,0.0,0.0,,1.6
22/04/2024,3,3,4.0,89,3.22,0.0,0.0,,2.2
22/04/2024,4,4,3.5,91,3.24,0.0,0.0,,2.2
22/04/2024,5,8,3.0,93,3.01,0.0,0.0,,2.0
22/04/2024,6,18,2.7,94,3.1,0.0,0.0,,1.8
22/04/2024,7,68,2.4,94,3.1,0.0,0.0,,1.6
22/04/2024,8,241,3.4,92,3.41,0.0,0.0,,2.2
22/04/2024,9,206,4.9,85,4.0,0.0,0.0,,2.7
22/04/2024,10,72,6.6,79,3.76,0.0,0.0,,3.1
22/04/2024,11,63,8.1,69,4.14,0.0,0.0,,2.7
22/04/2024,12,81,8.9,64,4.75,0.2,0.0,,2.4
22/04/2024,13,79,9.2,56,4.52,0.2,0.0,,0.9
22/04/2024,14,70,10.0,49,5.0,0.1,0.0,,-0.3
22/04/2024,15,70,9.6,51,4.78,0.1,0.0,,0.1
22/04/2024,16,88,10.2,46,4.94,0.0,0.0,,-0.8
22/04/2024,17,144,10.4,44,4.9,0.0,0.0,,-1.1
22/04/2024,18,242,10.1,46,5.04,0.1,0.0,,-0.9
22/04/2024,19,207,10.1,44,4.87,0.0,0.0,,-1.8
22/04/2024,20,108,9.0,51,3.61,0.0,0.0,,-0.5
22/04/2024,21,61,6.8,63,2.2,0.0,0.0,,0.2
22/04/2024,22,55,6.2,68,2.82,0.1,0.0,,0.8
22/04/2024,23,35,5.2,75,2.62,0.0,0.0,,1.1
22/05/2023,0,18,14.2,84,3.73,0.0,0.0,,11.6
22/05/2023,1,10,13.5,84,3.28,0.0,0.0,,10.8
22/05/2023,2,6,13.0,84,2.77,0.0,0.0,,10.4
22/05/2023,3,4,12.6,83,2.73,0.0,0.0,,9.8
22/05/2023,4,3,12.1,83,2.42,0.0,0.0,,9.4
22/05/2023,5,7,11.9,83,2.61,0.0,0.0,,9.1
22/05/2023,6,20,11.4,85,2.21,0.0,0.0,,8.9
22/05/2023,7,83,11.6,86,2.57,0.0,0.0,,9.2
22/05/2023,8,278,12.4,82,2.73,0.0,0.0,,9.4
22/05/2023,9,231,13.6,79,2.84,0.0,0.0,,10.1
22/05/2023,10,83,15.2,76,2.5,0.0,0.0,,10.9
22/05/2023,11,70,16.8,72,2.82,0.0,0.0,,11.6
22/05/2023,12,90,18.5,67,3.2,0.0,0.0,,12.4
22/05/2023,13,93,19.5,64,3.08,0.0,0.0,,12.4
22/05/2023,14,84,21.0,61,3.35,0.0,0.0,,13.3
22/05/2023,15,83,20.5,63,4.41,0.0,0.0,,13.3
22/05/2023,16,105,21.4,61,4.46,0.0,0.0,,13.4
22/05/2023,17,176,20.3,63,5.19,0.0,0.0,,12.9
22/05/2023,18,275,19.8,65,5.22,0.0,0.0,,12.9
22/05/2023,19,249,19.0,67,4.83,0.0,0.0,,12.7
22/05/2023,20,131,17.9,71,5.16,0.0,0.0,,12.5
22/05/2023,21,76,16.9,75,4.24,0.0,0.0,,12.4
22/05/2023,22,63,16.4,76,3.92,0.0,0.0,,12.1
22/05/2023,23,42,15.8,79,3.06,0.0,0.0,,12.1
22/05/2024,0,29,13.7,91,2.95,0.1,0.0,,12.2
22/05/2024,1,14,13.2,93,3.13,0.0,0.0,,12.1
22/05/2024,2,8,12.6,95,2.61,0.0,0.0,,11.7
22/05/2024,3,6,12.7,92,3.01,0.0,0.0,,11.4
22/05/2024,4,5,11.6,94,3.11,0.0,0.0,,10.8
22/05/2024,5,9,10.9,94,2.44,0.0,0.0,,10.1
22/05/2024,6,22,10.8,95,2.68,0.0,0.0,,9.9
22/05/2024,7,83,11.8,94,3.77,0.0,0.0,,10.8
22/05/2024,8,250,12.4,90,5.16,0.0,0.0,,10.8
22/05/2024,9,225,13.6,83,4.57,0.1,0.0,,10.7
22/05/2024,10,90,14.9,76,5.2,0.2,0.0,,10.8
22/05/2024,11,79,15.9,73,5.48,0.2,0.0,,11.2
22/05/2024,12,103,17.1,72,5.39,0.0,0.0,,12.1
22/05/2024,13,90,18.3,64,5.32,0.1,0.0,,11.4
22/05/2024,14,81,15.9,74,5.6,0.2,0.0,,11.2
22/05/2024,15,74,16.8,75,5.13,0.4,0.0,,12.3
22/05/2024,16,90,18.0,65,4.67,0.1,0.0,,11.3
22/05/2024,17,153,18.7,55,4.1,0.0,0.0,,9.6
22/05/2024,18,250,18.7,55,3.45,0.0,0.0,,9.5
22/05/2024,19,239,18.4,55,4.02,0.1,0.0,,9.1
22/05/2024,20,138,17.1,64,3.18,0.0,0.0,,10.2
22/05/2024,21,84,15.8,72,2.2,0.0,0.0,,10.8
22/05/2024,22,76,14.2,79,2.39,0.0,0.0,,10.6
22/05/2024,23,68,13.1,85,2.02,0.0,0.0,,10.8
22/06/2023,0,105,19.6,85,3.89,0.1,0.0,,17.0
22/06/2023,1,81,19.5,85,3.39,0.0,0.0,,17.0
22/06/2023,2,48,19.0,89,3.62,0.8,0.0,,17.1
22/06/2023,3,21,19.1,88,1.36,1.2,0.0,,17.1
22/06/2023,4,13,18.6,87,2.38,0.2,0.0,,16.5
22/06/2023,5,12,18.1,85,3.9,0.0,0.0,,15.6
22/06/2023,6,20,17.8,83,4.03,0.0,0.0,,14.9
22/06/2023,7,50,17.9,83,4.0,0.3,0.0,,15.0
22/06/2023,8,128,17.9,88,3.22,0.4,0.0,,15.8
22/06/2023,9,97,17.7,90,3.05,2.4,0.0,,16.1
22/06/2023,10,36,17.6,91,4.03,3.2,0.0,,16.0
22/06/2023,11,32,18.0,91,4.88,2.8,0.0,,16.5
22/06/2023,12,53,18.5,91,4.83,2.6,0.0,,17.1
22/06/2023,13,70,19.0,90,4.81,2.2,0.0,,17.4
22/06/2023,14,76,20.6,76,5.76,1.2,0.0,,16.3
22/06/2023,15,78,22.5,70,5.57,0.1,0.0,,16.7
22/06/2023,16,96,23.6,63,5.8,0.0,0.0,,16.2
22/06/2023,17,145,23.6,57,6.24,0.0,0.0,,14.5
22/06/2023,18,202,22.9,54,5.31,0.0,0.0,,13.1
22/06/2023,19,197,22.5,57,4.24,0.0,0.0,,13.6
22/06/2023,20,131,22.3,62,3.5,0.0,0.0,,14.7
22/06/2023,21,85,21.2,67,3.19,0.0,0.0,,14.9
22/06/2023,22,79,19.5,71,3.31,0.0,0.0,,14.1
22/06/2023,23,82,18.0,77,3.57,0.0,0.0,,13.9
22/06/2024,0,74,16.5,87,3.14,0.0,0.0,,14.3
22/06/2024,1,66,16.6,85,4.11,0.0,0.0,,14.1
22/06/2024,2,70,16.5,83,5.14,0.0,0.0,,13.6
22/06/2024,3,45,16.0,88,4.53,0.7,0.0,,14.0
22/06/2024,4,25,15.0,81,6.49,0.2,0.0,,11.8
22/06/2024,5,14,13.9,82,6.07,0.4,0.0,,10.9
22/06/2024,6,12,13.4,88,3.8,0.6,0.0,,11.4
22/06/2024,7,16,13.6,88,3.82,0.1,0.0,,11.6
22/06/2024,8,27,13.8,88,3.55,0.0,0.0,,11.8
22/06/2024,9,43,14.4,86,3.54,0.9,0.0,,12.2
22/06/2024,10,51,15.0,86,3.62,0.5,0.0,,12.6
22/06/2024,11,66,15.1,87,4.46,0.3,0.0,,12.9
22/06/2024,12,67,16.3,83,3.28,0.2,0.0,,13.4
22/06/2024,13,75,17.9,77,3.47,0.1,0.0,,13.8
22/06/2024,14,83,19.1,66,4.4,0.1,0.0,,12.6
22/06/2024,15,98,17.7,76,3.3,0.8,0.0,,13.4
22/06/2024,16,111,19.5,63,5.23,0.3,0.0,,12.2
22/06/2024,17,120,19.3,62,5.3,0.1,0.0,,11.8
22/06/2024,18,126,19.5,60,5.3,0.0,0.0,,11.4
22/06/2024,19,128,19.1,58,5.08,0.0,0.0,,10.7
22/06/2024,20,105,18.5,61,4.16,0.0,0.0,,10.9
22/06/2024,21,74,17.2,68,3.52,0.0,0.0,,11.1
22/06/2024,22,62,15.4,73,2.58,0.0,0.0,,10.6
22/06/2024,23,61,13.9,81,2.0,0.0,0.0,,10.6
22/07/2023,0,53,17.1,54,2.28,0.0,0.0,,7.7
22/07/2023,1,35,15.7,60,1.72,0.0,0.0,,8.1
22/07/2023,2,26,16.2,60,2.02,0.0,0.0,,8.4
22/07/2023,3,15,14.8,69,1.22,0.0,0.0,,9.1
22/07/2023,4,11,13.5,77,1.53,0.0,0.0,,9.6
22/07/2023,5,11,13.1,81,1.36,0.0,0.0,,9.9
22/07/2023,6,12,12.6,84,1.42,0.0,0.0,,10.1
22/07/2023,7,17,13.4,81,2.2,0.0,0.0,,10.3
22/07/2023,8,34,15.4,74,1.92,0.0,0.0,,10.8
22/07/2023,9,56,17.2,67,2.98,0.0,0.0,,11.1
22/07/2023,10,75,18.8,56,3.66,0.0,0.0,,9.9
22/07/2023,11,88,20.4,46,4.83,0.0,0.0,,8.4
22/07/2023,12,101,22.5,36,6.36,0.0,0.0,,6.6
22/07/2023,13,96,23.4,33,6.65,0.0,0.0,,6.2
22/07/2023,14,96,21.8,43,5.15,0.0,0.0,,8.8
22/07/2023,15,115,22.9,39,5.08,0.0,0.0,,8.2
22/07/2023,16,125,23.5,37,5.45,0.0,0.0,,8.2
22/07/2023,17,118,25.3,31,6.45,0.0,0.0,,7.1
22/07/2023,18,123,25.3,30,6.1,0.0,0.0,,6.6
22/07/2023,19,123,25.5,30,6.48,0.0,0.0,,6.5
22/07/2023,20,99,25.3,29,5.8,0.0,0.0,,6.1
22/07/2023,21,69,23.7,34,4.53,0.0,0.0,,6.8
22/07/2023,22,60,22.1,39,4.84,0.0,0.0,,7.5
22/07/2023,23,58,20.9,44,4.8,0.0,0.0,,8.1
22/07/2024,0,23,18.0,73,4.67,0.0,0.0,,13.1
22/07/2024,1,16,17.6,72,4.1,0.0,0.0,,12.5
22/07/2024,2,11,17.1,74,3.41,0.0,0.0,,12.4
22/07/2024,3,6,16.9,73,2.77,0.0,0.0,,12.1
22/07/2024,4,6,15.8,79,1.5,0.0,0.0,,12.2
22/07/2024,5,11,14.9,83,1.82,0.0,0.0,,12.1
22/07/2024,6,24,14.4,82,1.94,0.0,0.0,,11.4
22/07/2024,7,63,14.5,80,2.47,0.0,0.0,,11.1
22/07/2024,8,174,15.9,74,2.42,0.0,0.0,,11.3
22/07/2024,9,173,17.3,69,2.75,0.0,0.0,,11.6
22/07/2024,10,71,18.9,60,3.4,0.0,0.0,,11.0
22/07/2024,11,65,20.0,56,3.96,0.0,0.0,,10.9
22/07/2024,12,76,21.0,55,4.18,0.0,0.0,,11.6
22/07/2024,13,78,22.0,54,4.11,0.0,0.0,,12.2
22/07/2024,14,78,23.0,52,4.14,0.0,0.0,,12.6
22/07/2024,15,76,23.2,54,3.33,0.0,0.0,,13.3
22/07/2024,16,89,24.0,52,3.11,0.0,0.0,,13.5
22/07/2024,17,134,24.5,51,3.19,0.0,0.0,,13.6
22/07/2024,18,210,24.6,51,4.19,0.0,0.0,,13.9
22/07/2024,19,189,24.1,56,4.88,0.0,0.0,,14.8
22/07/2024,20,113,23.1,60,5.07,0.0,0.0,,14.9
22/07/2024,21,73,22.4,62,4.7,0.0,0.0,,14.8
22/07/2024,22,62,21.6,65,4.07,0.0,0.0,,14.8
22/07/2024,23,51,20.8,70,3.54,0.0,0.0,,15.0
22/08/2023,0,22,19.5,75,1.84,0.0,0.0,,15.1
22/08/2023,1,13,18.9,77,1.75,0.0,0.0,,14.6
22/08/2023,2,7,18.6,73,1.94,0.0,0.0,,13.7
22/08/2023,3,4,18.0,76,1.72,0.0,0.0,,13.8
22/08/2023,4,4,17.4,80,1.48,0.0,0.0,,13.9
22/08/2023,5,7,16.7,85,1.66,0.0,0.0,,14.1
22/08/2023,6,18,16.1,88,1.7,0.0,0.0,,14.1
22/08/2023,7,57,15.9,90,1.63,0.0,0.0,,14.2
22/08/2023,8,186,17.4,83,1.34,0.0,0.0,,14.5
22/08/2023,9,183,19.2,77,0.85,0.0,0.0,,15.1
22/08/2023,10,69,21.6,71,0.67,0.0,0.0,,16.1
22/08/2023,11,61,24.0,64,1.14,0.0,0.0,,16.9
22/08/2023,12,70,26.1,56,1.58,0.0,0.0,,16.8
22/08/2023,13,70,27.5,52,1.7,0.0,0.0,,16.9
22/08/2023,14,71,27.5,48,2.0,0.0,0.0,,15.7
22/08/2023,15,125,28.5,48,1.52,0.0,0.0,,16.5
22/08/2023,16,81,29.0,48,1.17,0.0,0.0,,16.8
22/08/2023,17,161,29.3,47,0.71,0.0,0.0,,17.0
22/08/2023,18,242,29.5,47,0.76,0.0,0.0,,16.9
22/08/2023,19,192,28.9,48,2.22,0.0,0.0,,16.8
22/08/2023,20,137,27.2,55,3.01,0.0,0.0,,17.5
22/08/2023,21,71,25.1,60,3.28,0.0,0.0,,16.7
22/08/2023,22,61,23.9,64,2.33,0.0,0.0,,16.6
22/08/2023,23,55,22.4,71,1.73,0.0,0.0,,17.0
22/08/2024,0,30,13.8,76,2.05,0.0,0.0,,9.6
22/08/2024,1,23,12.9,80,2.62,0.0,0.0,,9.6
22/08/2024,2,11,12.4,82,2.72,0.0,0.0,,9.4
22/08/2024,3,6,11.7,87,2.75,0.0,0.0,,9.6
22/08/2024,4,5,11.9,86,2.1,0.0,0.0,,9.6
22/08/2024,5,8,11.8,86,1.8,0.0,0.0,,9.6
22/08/2024,6,16,11.8,85,2.1,0.0,0.0,,9.4
22/08/2024,7,41,11.6,85,2.11,0.0,0.0,,9.1
22/08/2024,8,119,12.9,79,3.13,0.0,0.0,,9.4
22/08/2024,9,129,15.1,75,2.62,0.0,0.0,,10.8
22/08/2024,10,61,17.9,66,3.04,0.0,0.0,,11.4
22/08/2024,11,56,19.8,56,4.22,0.0,0.0,,10.8
22/08/2024,12,68,21.1,52,4.29,0.0,0.0,,10.9
22/08/2024,13,66,22.1,50,4.17,0.0,0.0,,11.2
22/08/2024,14,68,23.0,48,4.0,0.0,0.0,,11.6
22/08/2024,15,73,24.0,44,4.2,0.0,0.0,,11.0
22/08/2024,16,82,24.4,43,4.66,0.0,0.0,,11.1
22/08/2024,17,124,24.6,42,4.92,0.0,0.0,,10.8
22/08/2024,18,179,24.3,43,4.92,0.0,0.0,,10.9
22/08/2024,19,141,23.6,46,4.08,0.0,0.0,,11.2
22/08/2024,20,91,22.0,52,2.92,0.0,0.0,,11.8
22/08/2024,21,62,19.9,58,2.79,0.0,0.0,,11.3
22/08/2024,22,56,19.0,60,3.13,0.0,0.0,,11.1
22/08/2024,23,49,18.5,63,2.91,0.0,0.0,,11.2
22/09/2023,0,41,13.8,85,3.89,0.0,0.0,,11.4
22/09/2023,1,24,13.6,84,4.72,0.0,0.0,,11.0
22/09/2023,2,13,12.9,90,3.68,0.0,0.0,,11.2
22/09/2023,3,7,12.6,91,3.61,0.1,0.0,,11.1
22/09/2023,4,6,12.1,92,3.82,0.0,0.0,,10.9
22/09/2023,5,9,11.6,93,2.86,0.0,0.0,,10.5
22/09/2023,6,20,11.1,95,3.06,0.0,0.0,,10.3
22/09/2023,7,77,11.0,95,3.51,0.0,0.0,,10.2
22/09/2023,8,187,11.2,94,4.04,0.0,0.0,,10.4
22/09/2023,9,133,12.1,90,4.77,1.9,0.0,,10.4
22/09/2023,10,50,12.2,91,4.3,1.2,0.0,,10.8
22/09/2023,11,51,12.8,89,4.12,4.0,0.0,,11.0
22/09/2023,12,92,13.1,85,5.28,0.3,0.0,,10.6
22/09/2023,13,89,14.9,70,6.3,0.0,0.0,,9.5
22/09/2023,14,91,12.9,74,7.58,0.0,0.0,,8.4
22/09/2023,15,99,13.5,76,6.5,0.5,0.0,,9.4
22/09/2023,16,124,15.6,64,6.32,0.1,0.0,,8.8
22/09/2023,17,180,16.4,58,5.55,0.0,0.0,,8.0
22/09/2023,18,225,16.5,55,5.2,0.0,0.0,,7.4
22/09/2023,19,194,15.8,60,3.3,0.0,0.0,,7.9
22/09/2023,20,127,14.2,65,2.82,0.0,0.0,,7.8
22/09/2023,21,77,12.7,74,2.1,0.0,0.0,,8.1
22/09/2023,22,66,12.1,76,2.58,0.0,0.0,,8.0
22/09/2023,23,60,11.9,79,2.58,0.0,0.0,,8.3
22/09/2024,0,56,16.5,87,2.14,0.0,0.0,,14.3
22/09/2024,1,38,16.1,89,1.88,0.0,0.0,,14.2
22/09/2024,2,33,16.1,89,1.84,0.4,0.0,,14.2
22/09/2024,3,18,16.1,92,2.25,0.3,0.0,,14.8
22/09/2024,4,11,15.8,93,1.72,1.8,0.0,,14.6
22/09/2024,5,10,15.6,94,1.41,1.9,0.0,,14.6
22/09/2024,6,9,15.7,94,1.58,1.5,0.0,,14.8
22/09/2024,7,12,15.1,96,1.92,0.1,0.0,,14.5
22/09/2024,8,20,15.2,94,2.11,0.0,0.0,,14.2
22/09/2024,9,34,16.0,91,3.14,0.0,0.0,,14.6
22/09/2024,10,54,17.4,87,2.77,0.0,0.0,,15.1
22/09/2024,11,69,19.1,78,2.8,0.0,0.0,,15.1
22/09/2024,12,84,20.0,71,3.22,0.0,0.0,,14.6
22/09/2024,13,83,20.0,71,3.32,0.1,0.0,,14.5
22/09/2024,14,85,20.9,67,3.86,0.0,0.0,,14.4
22/09/2024,15,92,17.6,88,2.38,0.6,0.0,,15.6
22/09/2024,16,99,18.8,83,2.69,0.2,0.0,,15.8
22/09/2024,17,101,19.0,80,2.45,0.0,0.0,,15.6
22/09/2024,18,92,18.7,81,2.42,0.0,0.0,,15.3
22/09/2024,19,79,18.1,82,2.11,0.1,0.0,,15.1
22/09/2024,20,60,16.8,90,1.43,0.2,0.0,,15.1
22/09/2024,21,30,16.8,92,2.61,1.1,0.0,,15.4
22/09/2024,22,27,16.2,94,2.62,2.2,0.0,,15.3
22/09/2024,23,25,15.8,94,2.93,4.9,0.0,,14.8
22/10/2023,0,30,12.4,89,6.8,1.1,0.0,,10.6
22/10/2023,1,24,12.3,89,6.68,0.4,0.0,,10.6
22/10/2023,2,27,12.4,89,5.94,0.2,0.0,,10.6
22/10/2023,3,17,12.1,89,5.16,0.0,0.0,,10.4
22/10/2023,4,12,12.4,89,4.84,0.0,0.0,,10.6
22/10/2023,5,97,12.3,87,4.89,0.0,0.0,,10.2
22/10/2023,6,30,12.1,86,5.52,0.1,0.0,,9.9
22/10/2023,7,10,11.9,90,5.52,0.9,0.0,,10.4
22/10/2023,8,35,12.1,90,5.54,0.1,0.0,,10.4
22/10/2023,9,49,11.9,90,4.69,0.0,0.0,,10.2
22/10/2023,10,60,12.4,85,5.34,0.0,0.0,,10.0
22/10/2023,11,74,13.1,82,5.42,0.0,0.0,,10.1
22/10/2023,12,95,14.4,73,4.9,0.0,0.0,,9.6
22/10/2023,13,101,15.6,63,5.24,0.0,0.0,,8.5
22/10/2023,14,114,15.9,59,4.52,0.1,0.0,,7.9
22/10/2023,15,141,16.2,57,4.36,0.1,0.0,,7.7
22/10/2023,16,149,16.5,56,3.83,0.0,0.0,,7.6
22/10/2023,17,151,15.8,60,3.72,0.0,0.0,,8.1
22/10/2023,18,147,14.9,68,1.96,0.0,0.0,,9.1
22/10/2023,19,117,12.2,82,2.04,0.0,0.0,,9.2
22/10/2023,20,82,11.2,88,1.96,0.0,0.0,,9.3
22/10/2023,21,58,10.3,91,2.24,0.0,0.0,,8.9
22/10/2023,22,51,9.1,93,2.62,0.0,0.0,,8.1
22/10/2023,23,41,8.6,95,2.31,0.0,0.0,,7.8
22/10/2024,0,20,12.2,88,4.59,0.0,0.0,,10.2
22/10/2024,1,11,11.3,92,3.3,0.0,0.0,,10.1
22/10/2024,2,7,10.6,94,2.11,0.0,0.0,,9.8
22/10/2024,3,4,12.6,91,2.7,0.0,0.0,,11.1
22/10/2024,4,4,12.6,91,2.46,0.0,0.0,,11.1
22/10/2024,5,8,12.2,94,2.96,0.0,0.0,,11.2
22/10/2024,6,19,11.9,95,2.8,0.0,0.0,,11.1
22/10/2024,7,65,11.2,97,1.57,0.0,0.0,,10.8
22/10/2024,8,225,9.3,100,1.96,0.0,0.0,,9.2
22/10/2024,9,228,9.6,99,1.41,0.0,0.0,,9.4
22/10/2024,10,89,11.4,94,1.66,0.0,0.0,,10.4
22/10/2024,11,76,12.9,88,1.25,0.0,0.0,,10.9
22/10/2024,12,98,14.4,81,1.49,0.0,0.0,,11.1
22/10/2024,13,95,15.6,73,1.73,0.0,0.0,,10.8
22/10/2024,14,95,16.3,68,1.86,0.0,0.0,,10.3
22/10/2024,15,88,16.0,69,2.26,0.0,0.0,,10.4
22/10/2024,16,105,16.4,66,2.28,0.0,0.0,,10.1
22/10/2024,17,161,16.0,65,2.19,0.0,0.0,,9.6
22/10/2024,18,256,15.2,72,1.96,0.0,0.0,,10.1
22/10/2024,19,232,12.8,85,1.71,0.0,0.0,,10.3
22/10/2024,20,132,11.2,92,2.17,0.0,0.0,,9.9
22/10/2024,21,76,10.3,94,2.4,0.0,0.0,,9.4
22/10/2024,22,68,9.8,96,2.44,0.0,0.0,,9.1
22/10/2024,23,69,9.3,97,2.14,0.0,0.0,,8.9
22/11/2023,0,26,9.1,94,3.2,0.0,0.0,,8.1
22/11/2023,1,13,9.2,93,3.42,0.0,0.0,,8.1
22/11/2023,2,6,9.1,92,3.6,0.0,0.0,,7.8
22/11/2023,3,4,8.1,94,2.93,0.0,0.0,,7.2
22/11/2023,4,3,8.9,90,4.02,0.0,0.0,,7.4
22/11/2023,5,7,8.1,94,4.22,0.0,0.0,,7.1
22/11/2023,6,19,7.2,94,4.46,0.0,0.0,,6.2
22/11/2023,7,80,6.2,93,4.46,0.0,0.0,,5.2
22/11/2023,8,267,5.1,93,3.54,0.0,0.0,,4.1
22/11/2023,9,245,4.1,94,2.94,0.0,0.0,,3.1
22/11/2023,10,96,4.1,93,3.11,0.0,0.0,,3.0
22/11/2023,11,79,5.2,88,2.61,0.0,0.0,,3.3
22/11/2023,12,112,6.4,83,2.73,0.0,0.0,,3.8
22/11/2023,13,115,7.7,77,2.28,0.0,0.0,,4.0
22/11/2023,14,102,8.6,69,2.53,0.0,0.0,,3.3
22/11/2023,15,96,9.1,61,2.83,0.0,0.0,,2.0
22/11/2023,16,113,9.1,61,2.84,0.0,0.0,,2.0
22/11/2023,17,170,8.6,65,2.06,0.0,0.0,,2.5
22/11/2023,18,266,7.3,74,1.57,0.0,0.0,,3.0
22/11/2023,19,240,6.7,79,1.64,0.0,0.0,,3.3
22/11/2023,20,131,6.9,76,0.98,0.0,0.0,,3.0
22/11/2023,21,71,4.5,89,2.33,0.0,0.0,,2.9
22/11/2023,22,69,5.1,88,1.81,0.0,0.0,,3.3
22/11/2023,23,62,6.2,82,1.5,0.0,0.0,,3.3
22/11/2024,0,19,-1.5,89,2.58,0.0,0.0,,-3.0
22/11/2024,1,14,-2.0,88,2.36,0.0,0.0,,-3.8
22/11/2024,2,10,-2.5,88,2.25,0.0,0.0,,-4.2
22/11/2024,3,6,-2.0,91,2.92,0.0,0.0,,-3.2
22/11/2024,4,5,-1.3,89,3.02,0.0,0.0,,-3.0
22/11/2024,5,7,-1.3,87,3.36,0.0,0.0,,-3.2
22/11/2024,6,12,-0.2,86,4.44,0.0,0.0,,-2.2
22/11/2024,7,35,0.9,87,4.55,0.2,0.14,,-1.0
22/11/2024,8,103,0.6,82,4.0,1.5,1.05,,-2.1
22/11/2024,9,98,0.6,86,4.33,0.0,0.0,,-1.5
22/11/2024,10,54,0.5,85,4.5,0.0,0.0,,-1.6
22/11/2024,11,54,1.2,85,4.9,0.0,0.0,,-1.0
22/11/2024,12,72,1.9,84,5.11,0.0,0.0,,-0.4
22/11/2024,13,69,2.4,82,5.17,0.0,0.0,,-0.3
22/11/2024,14,72,2.8,81,5.43,0.0,0.0,,-0.2
22/11/2024,15,69,3.3,82,4.79,0.0,0.0,,0.6
22/11/2024,16,77,3.5,82,4.16,0.0,0.0,,0.6
22/11/2024,17,103,3.3,82,4.14,0.0,0.0,,0.6
22/11/2024,18,130,3.0,82,3.75,0.0,0.0,,0.2
22/11/2024,19,117,2.2,85,3.22,0.0,0.0,,-0.1
22/11/2024,20,80,1.8,88,3.31,0.0,0.0,,-0.1
22/11/2024,21,50,1.5,89,3.16,0.0,0.0,,-0.1
22/11/2024,22,46,1.5,89,3.37,0.0,0.0,,-0.2
22/11/2024,23,45,1.5,89,3.1,0.0,0.0,,-0.1
22/12/2023,0,33,10.2,74,7.09,0.0,0.0,,5.9
22/12/2023,1,21,9.8,77,6.61,0.0,0.0,,6.1
22/12/2023,2,15,9.3,78,6.43,0.0,0.0,,5.8
22/12/2023,3,8,10.4,75,6.5,0.0,0.0,,6.1
22/12/2023,4,6,10.2,72,7.03,0.0,0.0,,5.4
22/12/2023,5,7,9.4,73,5.73,0.0,0.0,,4.8
22/12/2023,6,14,9.6,76,6.01,0.0,0.0,,5.7
22/12/2023,7,46,10.2,79,6.51,0.0,0.0,,6.8
22/12/2023,8,120,10.4,83,7.59,0.3,0.0,,7.7
22/12/2023,9,111,10.6,84,7.47,0.1,0.0,,7.9
22/12/2023,10,70,10.5,86,7.16,0.2,0.0,,8.2
22/12/2023,11,67,10.5,88,7.75,0.2,0.0,,8.6
22/12/2023,12,76,10.8,86,8.19,0.2,0.0,,8.6
22/12/2023,13,76,10.9,83,8.54,0.1,0.0,,8.1
22/12/2023,14,80,10.9,83,7.47,0.0,0.0,,8.0
22/12/2023,15,90,10.3,80,7.76,0.0,0.0,,7.0
22/12/2023,16,104,10.4,78,7.21,0.0,0.0,,6.7
22/12/2023,17,123,10.2,76,7.1,0.0,0.0,,6.2
22/12/2023,18,130,10.0,77,6.74,0.0,0.0,,6.2
22/12/2023,19,102,9.6,77,6.53,0.0,0.0,,5.8
22/12/2023,20,72,9.4,77,6.54,0.0,0.0,,5.5
22/12/2023,21,42,9.5,76,6.73,0.0,0.0,,5.5
22/12/2023,22,38,9.6,76,6.71,0.0,0.0,,5.6
22/12/2023,23,34,9.5,77,6.61,0.0,0.0,,5.7
22/12/2024,0,20,10.9,92,7.18,0.8,0.0,,9.6
22/12/2024,1,11,11.3,90,8.08,0.4,0.0,,9.7
22/12/2024,2,10,11.0,93,7.19,2.3,0.0,,9.9
22/12/2024,3,9,10.9,94,6.98,3.6,0.0,,10.0
22/12/2024,4,7,10.4,87,6.78,1.6,0.0,,8.4
22/12/2024,5,6,9.4,83,6.17,0.0,0.0,,6.7
22/12/2024,6,6,8.8,80,5.85,0.0,0.0,,5.4
22/12/2024,7,5,8.1,83,5.82,0.1,0.0,,5.4
22/12/2024,8,9,7.3,86,5.84,0.7,0.0,,5.2
22/12/2024,9,18,6.4,88,6.35,1.5,0.0,,4.6
22/12/2024,10,32,6.0,87,7.17,0.3,0.0,,4.1
22/12/2024,11,42,5.8,85,6.27,0.0,0.0,,3.3
22/12/2024,12,52,6.1,77,5.43,0.0,0.0,,2.2
22/12/2024,13,31,5.1,80,4.71,0.2,0.0,,1.9
22/12/2024,14,32,5.4,79,5.0,3.7,1.75,,2.0
22/12/2024,15,34,5.8,80,6.01,1.0,0.42,,2.6
22/12/2024,16,38,4.4,84,5.68,2.0,0.56,,2.0
22/12/2024,17,43,4.4,82,4.98,0.3,0.0,,1.6
22/12/2024,18,45,4.8,78,4.27,0.0,0.0,,1.1
22/12/2024,19,39,4.4,73,3.54,0.0,0.0,,0.1
22/12/2024,20,32,4.1,71,4.62,0.0,0.0,,-0.6
22/12/2024,21,26,3.8,67,4.01,0.0,0.0,,-1.8
22/12/2024,22,23,3.3,65,3.6,1.1,0.7,,-2.6
22/12/2024,23,17,4.4,75,4.89,0.1,0.07,,0.3
23/01/2023,0,13,0.5,83,3.4,0.0,0.0,,-2.0
23/01/2023,1,5,0.5,81,3.83,0.0,0.0,,-2.3
23/01/2023,2,6,1.0,84,3.04,0.0,0.0,,-1.4
23/01/2023,3,6,1.1,83,3.5,0.0,0.0,,-1.5
23/01/2023,4,4,1.0,83,3.4,0.0,0.0,,-1.6
23/01/2023,5,7,1.0,82,3.28,0.0,0.0,,-1.7
23/01/2023,6,16,0.9,84,3.22,0.0,0.0,,-1.6
23/01/2023,7,64,0.8,85,3.35,0.0,0.0,,-1.5
23/01/2023,8,222,0.6,86,3.64,0.0,0.0,,-1.5
23/01/2023,9,207,0.4,86,4.52,0.0,0.0,,-1.6
23/01/2023,10,69,0.4,84,4.72,0.0,0.0,,-2.0
23/01/2023,11,56,1.1,81,4.88,0.0,0.0,,-1.8
23/01/2023,12,72,1.8,80,4.7,0.0,0.0,,-1.2
23/01/2023,13,72,2.3,79,5.08,0.0,0.0,,-0.9
23/01/2023,14,68,2.2,80,4.69,0.0,0.0,,-0.9
23/01/2023,15,61,2.8,73,5.15,0.0,0.0,,-1.6
23/01/2023,16,81,3.5,68,5.88,0.0,0.0,,-1.9
23/01/2023,17,133,3.5,69,6.05,0.0,0.0,,-1.6
23/01/2023,18,213,3.2,71,4.94,0.0,0.0,,-1.6
23/01/2023,19,195,3.0,72,4.13,0.0,0.0,,-1.5
23/01/2023,20,99,2.9,74,4.17,0.0,0.0,,-1.2
23/01/2023,21,53,1.5,83,3.81,0.0,0.0,,-1.0
23/01/2023,22,45,0.9,87,4.35,0.0,0.0,,-1.0
23/01/2023,23,30,0.3,89,4.13,0.0,0.0,,-1.2
23/01/2024,0,21,7.7,78,5.85,0.0,0.0,,4.1
23/01/2024,1,16,7.6,80,6.2,0.0,0.0,,4.3
23/01/2024,2,15,7.3,81,6.16,0.0,0.0,,4.3
23/01/2024,3,15,7.9,77,5.95,0.0,0.0,,4.2
23/01/2024,4,15,7.2,81,4.67,0.0,0.0,,4.2
23/01/2024,5,15,6.2,86,3.92,0.0,0.0,,4.1
23/01/2024,6,21,5.9,89,4.07,0.0,0.0,,4.2
23/01/2024,7,65,5.8,91,4.38,0.0,0.0,,4.3
23/01/2024,8,221,5.8,91,4.25,0.0,0.0,,4.5
23/01/2024,9,191,5.8,92,4.05,0.0,0.0,,4.5
23/01/2024,10,69,6.3,91,4.12,0.0,0.0,,4.9
23/01/2024,11,56,7.2,88,4.32,0.0,0.0,,5.4
23/01/2024,12,63,8.4,85,4.44,0.1,0.0,,6.1
23/01/2024,13,65,8.4,88,4.47,0.2,0.0,,6.5
23/01/2024,14,60,8.6,89,4.81,0.1,0.0,,6.9
23/01/2024,15,57,9.6,86,5.61,0.1,0.0,,7.3
23/01/2024,16,73,9.9,86,6.58,0.0,0.0,,7.7
23/01/2024,17,122,11.0,81,6.3,0.0,0.0,,7.9
23/01/2024,18,200,11.6,80,6.24,0.0,0.0,,8.4
23/01/2024,19,180,11.9,84,6.06,0.0,0.0,,9.4
23/01/2024,20,100,12.3,87,6.15,0.0,0.0,,10.2
23/01/2024,21,57,12.6,89,6.95,0.0,0.0,,10.9
23/01/2024,22,51,12.9,90,7.3,0.0,0.0,,11.4
23/01/2024,23,42,13.0,90,7.5,0.0,0.0,,11.4
23/02/2023,0,24,8.2,94,3.23,0.1,0.0,,7.4
23/02/2023,1,11,7.8,94,2.91,0.0,0.0,,6.9
23/02/2023,2,6,7.6,96,2.47,0.0,0.0,,6.9
23/02/2023,3,4,6.9,97,2.28,0.0,0.0,,6.4
23/02/2023,4,3,6.9,96,2.42,0.0,0.0,,6.4
23/02/2023,5,6,6.8,96,2.13,0.0,0.0,,6.2
23/02/2023,6,14,6.3,96,1.92,0.0,0.0,,5.8
23/02/2023,7,52,6.0,96,2.14,0.0,0.0,,5.3
23/02/2023,8,189,5.4,96,1.94,0.0,0.0,,4.8
23/02/2023,9,193,5.0,96,1.56,0.0,0.0,,4.3
23/02/2023,10,76,5.3,93,1.24,0.0,0.0,,4.3
23/02/2023,11,61,6.0,89,1.6,0.0,0.0,,4.4
23/02/2023,12,81,7.2,84,1.91,0.0,0.0,,4.7
23/02/2023,13,80,8.2,78,2.0,0.0,0.0,,4.6
23/02/2023,14,74,9.1,78,2.58,0.0,0.0,,5.5
23/02/2023,15,65,9.8,76,2.41,0.0,0.0,,5.7
23/02/2023,16,81,9.7,77,2.84,0.0,0.0,,5.8
23/02/2023,17,126,10.1,74,3.47,0.0,0.0,,5.6
23/02/2023,18,193,9.9,74,4.16,0.0,0.0,,5.3
23/02/2023,19,186,9.4,76,4.18,0.0,0.0,,5.4
23/02/2023,20,105,7.2,87,3.05,0.0,0.0,,5.2
23/02/2023,21,60,6.4,90,2.52,0.0,0.0,,4.8
23/02/2023,22,57,5.8,90,2.3,0.0,0.0,,4.3
23/02/2023,23,51,6.6,87,3.54,0.0,0.0,,4.6
23/02/2024,0,24,5.3,74,5.95,0.0,0.0,,1.0
23/02/2024,1,14,4.9,75,5.47,0.0,0.0,,0.9
23/02/2024,2,9,4.6,77,5.87,0.0,0.0,,0.9
23/02/2024,3,6,4.4,79,6.31,0.0,0.0,,1.0
23/02/2024,4,4,4.2,77,6.27,0.0,0.0,,0.6
23/02/2024,5,7,4.2,78,6.64,0.0,0.0,,0.7
23/02/2024,6,13,4.2,80,6.77,0.0,0.0,,0.9
23/02/2024,7,36,4.2,81,7.02,0.0,0.0,,1.1
23/02/2024,8,109,4.2,81,6.67,0.0,0.0,,1.2
23/02/2024,9,121,4.0,83,6.22,0.0,0.0,,1.5
23/02/2024,10,61,5.1,81,6.5,0.0,0.0,,2.0
23/02/2024,11,49,6.7,73,8.58,0.0,0.0,,2.2
23/02/2024,12,68,7.1,72,8.16,0.0,0.0,,2.3
23/02/2024,13,64,7.8,67,7.8,0.1,0.0,,2.1
23/02/2024,14,65,8.8,63,7.18,0.0,0.0,,2.1
23/02/2024,15,58,8.4,68,6.57,0.1,0.0,,2.7
23/02/2024,16,60,9.1,61,6.58,0.0,0.0,,2.1
23/02/2024,17,95,9.1,62,6.18,0.0,0.0,,2.2
23/02/2024,18,128,8.3,62,5.9,0.0,0.0,,1.5
23/02/2024,19,117,7.3,69,4.56,0.1,0.0,,2.0
23/02/2024,20,79,5.9,77,3.96,0.3,0.0,,2.2
23/02/2024,21,51,5.8,82,4.07,0.5,0.0,,3.0
23/02/2024,22,42,5.1,84,3.81,0.3,0.0,,2.5
23/02/2024,23,38,4.8,87,4.0,0.1,0.0,,2.8
23/03/2023,0,30,11.6,82,6.4,0.0,0.0,,8.7
23/03/2023,1,13,11.1,83,6.54,1.2,0.0,,8.4
23/03/2023,2,8,11.1,86,5.41,0.0,0.0,,8.9
23/03/2023,3,4,11.6,84,6.62,0.0,0.0,,8.9
23/03/2023,4,4,11.2,84,6.8,0.0,0.0,,8.7
23/03/2023,5,8,11.5,84,6.91,0.0,0.0,,8.9
23/03/2023,6,21,11.4,83,6.67,0.0,0.0,,8.6
23/03/2023,7,81,11.4,81,6.88,0.0,0.0,,8.3
23/03/2023,8,258,11.2,82,6.66,0.2,0.0,,8.3
23/03/2023,9,226,11.2,82,6.96,0.1,0.0,,8.2
23/03/2023,10,102,11.7,80,7.05,0.0,0.0,,8.4
23/03/2023,11,88,12.8,75,6.26,0.0,0.0,,8.5
23/03/2023,12,120,14.3,68,8.61,0.0,0.0,,8.5
23/03/2023,13,131,14.9,64,7.81,0.0,0.0,,8.2
23/03/2023,14,131,15.6,61,7.38,0.0,0.0,,8.1
23/03/2023,15,109,15.1,63,7.26,0.0,0.0,,8.2
23/03/2023,16,121,15.6,63,7.88,0.0,0.0,,8.4
23/03/2023,17,177,15.9,57,8.83,0.0,0.0,,7.4
23/03/2023,18,251,15.4,61,6.95,0.0,0.0,,7.8
23/03/2023,19,229,15.1,62,7.07,0.0,0.0,,7.8
23/03/2023,20,129,14.1,68,6.28,0.0,0.0,,8.4
23/03/2023,21,77,13.5,77,6.58,0.1,0.0,,9.6
23/03/2023,22,73,13.6,82,7.07,0.1,0.0,,10.6
23/03/2023,23,64,13.8,82,7.62,0.0,0.0,,10.7
23/03/2024,0,33,9.6,90,4.96,0.8,0.0,,8.1
23/03/2024,1,25,8.9,87,5.42,0.3,0.0,,6.8
23/03/2024,2,20,8.1,88,5.99,0.0,0.0,,6.2
23/03/2024,3,12,7.4,87,4.94,0.0,0.0,,5.4
23/03/2024,4,10,7.1,87,5.09,0.0,0.0,,5.2
23/03/2024,5,10,6.4,87,4.97,0.0,0.0,,4.3
23/03/2024,6,12,5.8,85,5.04,0.0,0.0,,3.5
23/03/2024,7,19,5.2,84,5.0,0.0,0.0,,2.8
23/03/2024,8,29,4.9,85,5.0,0.0,0.0,,2.5
23/03/2024,9,54,5.8,83,5.41,0.0,0.0,,3.2
23/03/2024,10,59,7.1,76,5.72,0.0,0.0,,3.1
23/03/2024,11,70,8.2,71,6.4,0.0,0.0,,3.3
23/03/2024,12,86,9.3,65,6.45,0.1,0.0,,3.2
23/03/2024,13,82,10.1,59,7.03,0.1,0.0,,2.4
23/03/2024,14,70,10.7,54,7.75,0.1,0.0,,1.8
23/03/2024,15,73,9.4,68,6.08,0.5,0.0,,3.7
23/03/2024,16,62,10.6,56,7.48,0.0,0.0,,2.2
23/03/2024,17,60,9.0,61,6.99,1.9,0.14,,1.9
23/03/2024,18,55,8.6,67,4.33,0.2,0.0,,2.8
23/03/2024,19,64,6.6,84,5.4,1.8,0.07,,4.1
23/03/2024,20,55,6.0,85,6.02,0.2,0.0,,3.7
23/03/2024,21,41,5.8,85,5.45,0.1,0.0,,3.5
23/03/2024,22,36,5.6,88,5.51,0.0,0.0,,3.7
23/03/2024,23,33,5.0,88,4.7,0.0,0.0,,3.2
23/04/2023,0,41,10.9,75,3.58,0.0,0.0,,6.8
23/04/2023,1,31,10.4,79,3.56,0.0,0.0,,6.9
23/04/2023,2,29,10.5,83,3.54,0.0,0.0,,7.7
23/04/2023,3,16,9.6,89,2.55,0.0,0.0,,7.8
23/04/2023,4,12,9.0,92,3.06,0.0,0.0,,7.8
23/04/2023,5,9,8.6,93,3.01,0.0,0.0,,7.6
23/04/2023,6,8,8.5,94,3.16,0.0,0.0,,7.6
23/04/2023,7,9,8.8,94,3.71,0.0,0.0,,7.8
23/04/2023,8,16,9.6,89,4.0,0.6,0.0,,7.9
23/04/2023,9,17,9.9,90,4.23,1.8,0.0,,8.4
23/04/2023,10,25,10.7,90,6.32,1.8,0.0,,9.1
23/04/2023,11,38,11.2,83,6.08,0.8,0.0,,8.6
23/04/2023,12,58,12.4,79,6.81,0.0,0.0,,8.8
23/04/2023,13,52,14.0,74,9.34,0.0,0.0,,9.4
23/04/2023,14,41,12.6,86,8.81,0.4,0.0,,10.4
23/04/2023,15,49,13.3,74,10.41,0.1,0.0,,8.7
23/04/2023,16,59,13.2,67,10.19,0.1,0.0,,7.2
23/04/2023,17,72,14.1,65,8.1,0.1,0.0,,7.7
23/04/2023,18,66,14.1,64,6.99,0.1,0.0,,7.5
23/04/2023,19,66,12.9,72,6.06,0.1,0.0,,8.1
23/04/2023,20,40,11.9,80,5.22,0.1,0.0,,8.6
23/04/2023,21,32,10.5,84,4.0,0.1,0.0,,7.9
23/04/2023,22,29,10.1,80,3.51,0.0,0.0,,6.9
23/04/2023,23,21,9.8,80,3.03,0.0,0.0,,6.4
23/04/2024,0,17,4.2,81,2.1,0.0,0.0,,1.3
23/04/2024,1,9,3.5,86,2.28,0.0,0.0,,1.4
23/04/2024,2,5,2.8,84,2.56,0.0,0.0,,0.4
23/04/2024,3,3,2.5,88,2.16,0.0,0.0,,0.8
23/04/2024,4,4,2.1,85,2.32,0.0,0.0,,-0.1
23/04/2024,5,8,1.5,88,2.2,0.0,0.0,,-0.2
23/04/2024,6,19,1.2,92,2.1,0.0,0.0,,0.1
23/04/2024,7,80,0.9,93,2.01,0.0,0.0,,-0.1
23/04/2024,8,267,2.5,90,2.4,0.0,0.0,,1.0
23/04/2024,9,230,4.2,83,2.75,0.0,0.0,,1.5
23/04/2024,10,85,5.9,75,2.98,0.0,0.0,,1.8
23/04/2024,11,70,7.5,61,3.54,0.0,0.0,,0.4
23/04/2024,12,93,8.8,47,4.37,0.0,0.0,,-1.9
23/04/2024,13,93,9.7,42,4.55,0.0,0.0,,-2.5
23/04/2024,14,88,10.2,43,4.82,0.0,0.0,,-1.9
23/04/2024,15,84,10.9,38,4.57,0.0,0.0,,-2.8
23/04/2024,16,103,11.2,40,5.02,0.0,0.0,,-1.9
23/04/2024,17,163,10.8,43,5.39,0.0,0.0,,-1.4
23/04/2024,18,259,9.8,46,4.88,0.0,0.0,,-1.1
23/04/2024,19,237,9.9,45,4.36,0.0,0.0,,-1.6
23/04/2024,20,133,9.2,53,2.65,0.0,0.0,,0.0
23/04/2024,21,76,5.8,69,2.73,0.0,0.0,,0.6
23/04/2024,22,71,5.8,70,1.89,0.0,0.0,,0.8
23/04/2024,23,57,7.3,66,2.55,0.0,0.0,,1.4
23/05/2023,0,21,15.4,80,3.35,0.0,0.0,,12.1
23/05/2023,1,9,15.1,80,4.4,0.0,0.0,,11.6
23/05/2023,2,5,15.0,81,4.49,0.0,0.0,,11.8
23/05/2023,3,3,14.1,82,4.91,0.0,0.0,,11.1
23/05/2023,4,4,12.2,90,3.81,0.0,0.0,,10.6
23/05/2023,5,8,11.2,92,3.1,0.0,0.0,,10.0
23/05/2023,6,22,11.6,88,4.11,0.0,0.0,,9.6
23/05/2023,7,90,11.4,88,4.26,0.0,0.0,,9.4
23/05/2023,8,304,11.7,87,4.75,0.0,0.0,,9.6
23/05/2023,9,256,12.7,84,5.02,0.0,0.0,,10.0
23/05/2023,10,89,13.9,80,5.15,0.0,0.0,,10.4
23/05/2023,11,72,15.4,72,5.06,0.0,0.0,,10.5
23/05/2023,12,96,17.5,63,5.51,0.0,0.0,,10.4
23/05/2023,13,93,19.1,56,5.5,0.0,0.0,,10.1
23/05/2023,14,87,16.6,68,5.55,0.0,0.0,,10.6
23/05/2023,15,88,16.9,66,5.73,0.0,0.0,,10.4
23/05/2023,16,110,18.0,59,5.72,0.0,0.0,,9.9
23/05/2023,17,180,18.2,57,6.36,0.0,0.0,,9.5
23/05/2023,18,294,17.4,59,6.17,0.0,0.0,,9.2
23/05/2023,19,272,16.8,58,5.59,0.0,0.0,,8.4
23/05/2023,20,150,15.9,59,5.66,0.0,0.0,,8.0
23/05/2023,21,86,14.3,65,5.17,0.0,0.0,,7.8
23/05/2023,22,78,12.9,66,4.92,0.0,0.0,,6.8
23/05/2023,23,63,11.5,68,4.34,0.0,0.0,,5.8
23/05/2024,0,37,12.7,89,2.2,0.0,0.0,,10.9
23/05/2024,1,20,12.3,90,2.33,0.0,0.0,,10.8
23/05/2024,2,10,11.8,91,2.38,0.0,0.0,,10.2
23/05/2024,3,6,12.1,94,3.36,1.1,0.0,,11.1
23/05/2024,4,5,12.3,93,2.44,0.8,0.0,,11.2
23/05/2024,5,9,11.9,94,2.28,0.2,0.0,,10.9
23/05/2024,6,22,11.4,95,1.93,0.0,0.0,,10.6
23/05/2024,7,79,11.4,95,1.84,0.0,0.0,,10.6
23/05/2024,8,255,12.5,91,1.84,0.0,0.0,,11.1
23/05/2024,9,231,13.8,85,2.11,0.0,0.0,,11.2
23/05/2024,10,93,15.1,76,1.96,0.0,0.0,,10.8
23/05/2024,11,83,16.3,66,2.28,0.0,0.0,,9.9
23/05/2024,12,106,17.5,64,2.46,0.0,0.0,,10.5
23/05/2024,13,105,18.2,61,2.47,0.1,0.0,,10.6
23/05/2024,14,99,18.2,58,2.28,0.1,0.0,,9.9
23/05/2024,15,92,18.3,57,0.54,0.0,0.0,,9.6
23/05/2024,16,107,17.5,62,2.47,0.5,0.0,,10.1
23/05/2024,17,169,17.0,70,2.25,0.1,0.0,,11.4
23/05/2024,18,248,17.5,62,2.02,0.0,0.0,,10.2
23/05/2024,19,221,17.2,64,1.77,0.0,0.0,,10.3
23/05/2024,20,136,17.0,64,0.89,0.0,0.0,,10.2
23/05/2024,21,88,16.8,65,0.32,0.0,0.0,,10.1
23/05/2024,22,81,14.6,78,1.3,0.0,0.0,,10.8
23/05/2024,23,73,13.3,86,2.02,0.0,0.0,,11.1
23/06/2023,0,50,17.0,84,3.2,0.0,0.0,,14.1
23/06/2023,1,27,15.9,91,2.85,0.0,0.0,,14.4
23/06/2023,2,15,15.4,93,2.97,0.0,0.0,,14.4
23/06/2023,3,7,14.9,95,2.28,0.0,0.0,,14.1
23/06/2023,4,7,14.2,96,1.88,0.0,0.0,,13.5
23/06/2023,5,11,13.5,96,1.73,0.0,0.0,,12.9
23/06/2023,6,23,13.1,96,1.71,0.0,0.0,,12.5
23/06/2023,7,70,14.5,92,2.21,0.0,0.0,,13.2
23/06/2023,8,215,16.2,87,1.82,0.0,0.0,,14.0
23/06/2023,9,204,18.0,81,1.62,0.0,0.0,,14.6
23/06/2023,10,106,19.6,76,1.33,0.0,0.0,,15.4
23/06/2023,11,96,21.5,71,1.61,0.0,0.0,,15.9
23/06/2023,12,123,22.8,65,1.91,0.0,0.0,,15.9
23/06/2023,13,119,23.8,59,2.5,0.1,0.0,,15.4
23/06/2023,14,120,25.4,49,1.3,0.0,0.0,,13.9
23/06/2023,15,120,26.0,48,1.03,0.0,0.0,,14.0
23/06/2023,16,141,26.4,46,1.3,0.0,0.0,,13.9
23/06/2023,17,196,26.5,44,1.5,0.0,0.0,,13.4
23/06/2023,18,241,26.5,43,1.63,0.0,0.0,,12.8
23/06/2023,19,217,26.2,42,1.84,0.0,0.0,,12.4
23/06/2023,20,145,25.5,49,1.58,0.0,0.0,,13.9
23/06/2023,21,95,23.4,69,1.35,0.0,0.0,,17.4
23/06/2023,22,83,20.5,74,2.06,0.0,0.0,,15.8
23/06/2023,23,82,19.9,75,3.81,0.0,0.0,,15.3
23/06/2024,0,54,12.8,86,1.94,0.0,0.0,,10.6
23/06/2024,1,37,11.9,90,2.01,0.0,0.0,,10.3
23/06/2024,2,30,11.2,92,2.06,0.0,0.0,,9.9
23/06/2024,3,18,11.4,91,1.88,0.0,0.0,,10.0
23/06/2024,4,12,10.5,94,1.94,0.0,0.0,,9.6
23/06/2024,5,10,10.2,95,1.86,0.0,0.0,,9.4
23/06/2024,6,11,10.1,95,1.58,0.0,0.0,,9.4
23/06/2024,7,17,11.3,92,1.75,0.0,0.0,,10.1
23/06/2024,8,30,13.2,87,1.08,0.0,0.0,,11.1
23/06/2024,9,45,15.2,79,1.36,0.0,0.0,,11.6
23/06/2024,10,67,16.7,72,2.05,0.0,0.0,,11.7
23/06/2024,11,87,17.7,65,2.05,0.0,0.0,,11.1
23/06/2024,12,108,18.3,61,1.72,0.0,0.0,,10.8
23/06/2024,13,102,19.5,57,1.34,0.0,0.0,,10.8
23/06/2024,14,111,20.5,55,1.03,0.0,0.0,,11.1
23/06/2024,15,127,22.0,48,1.06,0.0,0.0,,10.6
23/06/2024,16,139,23.0,46,0.61,0.0,0.0,,10.8
23/06/2024,17,144,23.8,41,0.54,0.0,0.0,,9.9
23/06/2024,18,141,23.0,47,3.77,0.0,0.0,,11.1
23/06/2024,19,130,20.9,57,5.6,0.0,0.0,,12.1
23/06/2024,20,98,21.1,58,2.15,0.0,0.0,,12.4
23/06/2024,21,74,20.1,70,1.6,0.0,0.0,,14.4
23/06/2024,22,62,18.0,75,2.45,0.0,0.0,,13.4
23/06/2024,23,50,16.3,81,2.02,0.0,0.0,,13.1
23/07/2023,0,55,19.6,49,4.89,0.0,0.0,,8.6
23/07/2023,1,38,18.6,54,4.96,0.0,0.0,,9.1
23/07/2023,2,27,18.6,59,5.47,0.0,0.0,,10.5
23/07/2023,3,15,18.1,62,6.33,0.0,0.0,,10.6
23/07/2023,4,11,17.5,65,5.83,0.0,0.0,,10.8
23/07/2023,5,9,17.1,70,5.23,0.2,0.0,,11.5
23/07/2023,6,10,16.9,75,5.44,0.4,0.0,,12.4
23/07/2023,7,15,17.0,76,6.07,0.1,0.0,,12.8
23/07/2023,8,23,17.1,77,6.19,0.2,0.0,,13.1
23/07/2023,9,32,17.4,79,6.02,0.3,0.0,,13.6
23/07/2023,10,49,18.5,75,6.35,0.2,0.0,,13.9
23/07/2023,11,61,21.0,63,9.01,0.0,0.0,,13.6
23/07/2023,12,58,21.1,64,8.49,0.0,0.0,,13.9
23/07/2023,13,44,20.6,70,6.77,1.2,0.0,,15.1
23/07/2023,14,52,19.1,84,4.98,0.7,0.0,,16.5
23/07/2023,15,67,19.5,87,5.58,1.8,0.0,,17.2
23/07/2023,16,76,21.7,74,5.64,0.2,0.0,,17.0
23/07/2023,17,83,21.7,73,5.78,0.8,0.0,,16.7
23/07/2023,18,93,23.0,64,5.31,0.0,0.0,,15.9
23/07/2023,19,97,23.9,56,7.07,0.0,0.0,,14.6
23/07/2023,20,81,22.6,63,4.38,0.0,0.0,,15.4
23/07/2023,21,53,22.5,61,3.75,0.0,0.0,,14.6
23/07/2023,22,45,21.5,63,3.69,0.0,0.0,,14.1
23/07/2023,23,34,20.1,72,3.62,0.8,0.0,,15.0
23/07/2024,0,29,20.1,73,3.11,0.0,0.0,,15.1
23/07/2024,1,17,19.6,76,2.9,0.0,0.0,,15.2
23/07/2024,2,10,19.8,76,3.61,0.0,0.0,,15.4
23/07/2024,3,6,18.5,85,3.56,0.2,0.0,,15.8
23/07/2024,4,6,18.5,86,3.89,0.0,0.0,,16.1
23/07/2024,5,9,18.5,88,4.42,0.4,0.0,,16.5
23/07/2024,6,22,18.5,90,4.55,0.2,0.0,,16.8
23/07/2024,7,52,18.4,92,4.58,0.5,0.0,,17.0
23/07/2024,8,162,19.1,88,4.88,0.1,0.0,,17.1
23/07/2024,9,165,19.7,87,4.94,0.4,0.0,,17.4
23/07/2024,10,59,19.7,87,4.94,0.5,0.0,,17.5
23/07/2024,11,54,20.3,84,5.28,0.5,0.0,,17.5
23/07/2024,12,75,22.3,68,5.51,0.0,0.0,,16.2
23/07/2024,13,76,23.6,59,6.46,0.0,0.0,,15.0
23/07/2024,14,75,23.7,53,6.96,0.0,0.0,,13.7
23/07/2024,15,71,23.4,52,6.91,0.0,0.0,,13.1
23/07/2024,16,90,22.4,57,6.52,0.0,0.0,,13.4
23/07/2024,17,137,22.1,57,5.82,0.0,0.0,,13.2
23/07/2024,18,208,22.0,56,5.85,0.0,0.0,,12.9
23/07/2024,19,195,20.9,60,5.22,0.0,0.0,,12.8
23/07/2024,20,120,20.9,55,5.12,0.0,0.0,,11.6
23/07/2024,21,78,20.1,55,4.74,0.0,0.0,,10.8
23/07/2024,22,66,18.6,61,2.75,0.0,0.0,,11.1
23/07/2024,23,63,17.2,69,2.2,0.0,0.0,,11.5
23/08/2023,0,30,21.5,75,2.6,0.0,0.0,,16.9
23/08/2023,1,16,20.6,76,3.01,0.0,0.0,,16.1
23/08/2023,2,13,20.0,75,2.69,0.0,0.0,,15.4
23/08/2023,3,23,19.2,75,2.24,0.0,0.0,,14.8
23/08/2023,4,4,18.6,77,1.96,0.0,0.0,,14.4
23/08/2023,5,7,18.1,78,1.94,0.0,0.0,,14.2
23/08/2023,6,16,17.8,80,1.8,0.0,0.0,,14.2
23/08/2023,7,55,17.4,82,1.57,0.0,0.0,,14.3
23/08/2023,8,177,18.2,80,1.89,0.0,0.0,,14.8
23/08/2023,9,177,19.9,76,1.78,0.0,0.0,,15.6
23/08/2023,10,70,22.0,72,1.48,0.0,0.0,,16.8
23/08/2023,11,61,24.2,65,1.21,0.0,0.0,,17.2
23/08/2023,12,77,26.1,60,1.1,0.0,0.0,,17.6
23/08/2023,13,73,27.9,56,2.06,0.0,0.0,,18.3
23/08/2023,14,68,28.9,52,2.4,0.0,0.0,,18.0
23/08/2023,15,71,29.8,50,1.7,0.0,0.0,,18.2
23/08/2023,16,85,30.2,49,1.72,0.0,0.0,,18.3
23/08/2023,17,141,30.5,48,1.79,0.0,0.0,,18.2
23/08/2023,18,237,30.5,47,1.65,0.0,0.0,,18.0
23/08/2023,19,179,30.1,48,2.38,0.0,0.0,,17.8
23/08/2023,20,103,28.9,53,2.25,0.0,0.0,,18.5
23/08/2023,21,68,26.9,60,2.47,0.0,0.0,,18.5
23/08/2023,22,62,25.9,63,3.27,0.0,0.0,,18.3
23/08/2023,23,55,25.0,66,2.66,0.0,0.0,,18.2
23/08/2024,0,34,17.5,68,2.76,0.0,0.0,,11.6
23/08/2024,1,20,17.7,69,3.41,0.0,0.0,,11.9
23/08/2024,2,13,17.0,73,3.47,0.0,0.0,,12.2
23/08/2024,3,7,16.8,75,3.61,0.0,0.0,,12.3
23/08/2024,4,6,15.9,81,3.86,0.0,0.0,,12.6
23/08/2024,5,8,15.6,84,4.49,0.0,0.0,,13.0
23/08/2024,6,15,15.6,86,4.88,0.0,0.0,,13.4
23/08/2024,7,35,15.9,87,5.01,0.0,0.0,,13.7
23/08/2024,8,81,17.5,82,6.08,0.0,0.0,,14.4
23/08/2024,9,96,19.3,78,6.05,0.0,0.0,,15.4
23/08/2024,10,54,19.7,78,5.37,0.0,0.0,,15.9
23/08/2024,11,55,20.4,78,5.95,0.0,0.0,,16.4
23/08/2024,12,67,23.4,66,7.72,0.2,0.0,,16.8
23/08/2024,13,68,23.0,69,7.93,0.0,0.0,,17.1
23/08/2024,14,68,24.2,63,7.73,0.0,0.0,,16.6
23/08/2024,15,71,23.6,66,4.78,0.0,0.0,,16.9
23/08/2024,16,85,24.2,62,4.71,0.0,0.0,,16.6
23/08/2024,17,114,23.1,70,3.41,0.2,0.0,,17.4
23/08/2024,18,133,22.7,74,3.01,0.1,0.0,,17.8
23/08/2024,19,112,22.8,74,3.24,0.0,0.0,,17.9
23/08/2024,20,79,22.5,75,3.26,0.1,0.0,,17.8
23/08/2024,21,58,22.2,74,2.97,0.0,0.0,,17.4
23/08/2024,22,49,22.0,74,2.75,0.0,0.0,,17.2
23/08/2024,23,48,21.5,75,3.44,0.0,0.0,,16.9
23/09/2023,0,51,11.6,81,2.83,0.0,0.0,,8.6
23/09/2023,1,36,11.4,83,3.13,0.0,0.0,,8.6
23/09/2023,2,30,12.2,89,3.04,0.0,0.0,,10.4
23/09/2023,3,17,11.4,93,2.47,0.0,0.0,,10.2
23/09/2023,4,13,11.1,93,2.6,0.0,0.0,,9.9
23/09/2023,5,11,10.8,93,2.91,0.0,0.0,,9.6
23/09/2023,6,12,10.5,92,3.18,0.0,0.0,,9.3
23/09/2023,7,22,10.3,92,3.24,0.0,0.0,,9.1
23/09/2023,8,43,10.1,91,3.13,0.0,0.0,,8.8
23/09/2023,9,70,11.4,88,3.52,0.0,0.0,,9.6
23/09/2023,10,90,12.9,83,3.3,0.0,0.0,,10.1
23/09/2023,11,108,14.6,74,3.6,0.0,0.0,,10.0
23/09/2023,12,130,15.9,62,3.71,0.0,0.0,,8.6
23/09/2023,13,123,16.8,56,3.7,0.0,0.0,,7.9
23/09/2023,14,121,16.9,64,2.7,0.0,0.0,,9.9
23/09/2023,15,139,17.2,60,2.32,0.1,0.0,,9.5
23/09/2023,16,143,16.6,61,3.81,0.1,0.0,,9.2
23/09/2023,17,142,16.7,61,3.3,0.1,0.0,,9.1
23/09/2023,18,146,16.9,59,2.26,0.0,0.0,,8.8
23/09/2023,19,147,16.5,73,0.45,0.0,0.0,,11.6
23/09/2023,20,113,14.1,74,1.32,0.0,0.0,,9.6
23/09/2023,21,68,12.7,83,1.92,0.0,0.0,,9.9
23/09/2023,22,58,12.2,87,1.94,0.0,0.0,,10.1
23/09/2023,23,64,11.4,90,1.81,0.0,0.0,,9.8
23/09/2024,0,16,15.9,93,3.31,0.5,0.0,,14.6
23/09/2024,1,10,15.4,94,3.28,0.1,0.0,,14.4
23/09/2024,2,7,15.1,95,3.31,0.0,0.0,,14.3
23/09/2024,3,4,15.6,96,3.31,1.5,0.0,,14.9
23/09/2024,4,5,15.4,93,3.09,0.3,0.0,,14.2
23/09/2024,5,9,14.7,93,3.28,0.1,0.0,,13.6
23/09/2024,6,21,14.2,94,2.82,0.5,0.0,,13.2
23/09/2024,7,76,14.2,94,3.55,0.6,0.0,,13.3
23/09/2024,8,233,14.3,92,4.4,0.0,0.0,,13.1
23/09/2024,9,200,14.4,92,4.83,0.1,0.0,,13.1
23/09/2024,10,76,14.6,89,4.91,0.4,0.0,,12.8
23/09/2024,11,69,14.9,89,4.72,0.3,0.0,,13.1
23/09/2024,12,88,16.5,82,4.12,0.1,0.0,,13.5
23/09/2024,13,92,18.0,74,3.7,0.0,0.0,,13.4
23/09/2024,14,81,19.1,65,4.02,0.1,0.0,,12.4
23/09/2024,15,67,17.1,71,4.52,0.6,0.0,,11.9
23/09/2024,16,68,17.3,73,4.07,0.7,0.0,,12.4
23/09/2024,17,133,17.0,75,2.41,0.9,0.0,,12.6
23/09/2024,18,219,16.0,77,4.44,0.2,0.0,,12.1
23/09/2024,19,164,15.5,82,3.59,0.0,0.0,,12.4
23/09/2024,20,105,14.6,85,2.7,0.0,0.0,,12.1
23/09/2024,21,65,13.4,91,2.3,0.0,0.0,,12.0
23/09/2024,22,54,13.3,91,2.91,0.0,0.0,,11.9
23/09/2024,23,37,12.9,94,2.82,0.0,0.0,,11.9
23/10/2023,0,28,7.9,95,2.78,0.0,0.0,,7.2
23/10/2023,1,20,7.4,97,2.7,0.0,0.0,,6.9
23/10/2023,2,16,8.3,96,1.94,0.0,0.0,,7.7
23/10/2023,3,15,8.1,95,2.2,0.0,0.0,,7.3
23/10/2023,4,13,7.9,95,2.11,0.0,0.0,,7.2
23/10/2023,5,16,7.3,96,2.19,0.0,0.0,,6.7
23/10/2023,6,28,7.9,94,2.31,0.0,0.0,,7.0
23/10/2023,7,77,8.4,92,2.6,0.0,0.0,,7.2
23/10/2023,8,251,9.1,90,3.0,0.0,0.0,,7.5
23/10/2023,9,250,9.6,87,3.21,0.0,0.0,,7.4
23/10/2023,10,96,10.6,81,3.81,0.0,0.0,,7.4
23/10/2023,11,73,11.6,77,3.96,0.0,0.0,,7.7
23/10/2023,12,78,11.9,75,4.6,0.1,0.0,,7.8
23/10/2023,13,60,11.8,81,4.7,0.6,0.0,,8.6
23/10/2023,14,40,11.8,88,3.45,2.5,0.0,,9.9
23/10/2023,15,42,11.4,92,2.26,0.9,0.0,,10.1
23/10/2023,16,66,11.8,90,2.47,0.2,0.0,,10.2
23/10/2023,17,127,11.8,91,1.56,0.2,0.0,,10.4
23/10/2023,18,219,11.9,90,0.63,0.0,0.0,,10.4
23/10/2023,19,206,11.4,95,1.08,0.0,0.0,,10.6
23/10/2023,20,104,11.4,95,1.92,0.0,0.0,,10.5
23/10/2023,21,59,10.2,96,2.48,0.0,0.0,,9.6
23/10/2023,22,52,10.6,94,2.98,0.0,0.0,,9.8
23/10/2023,23,34,10.9,94,3.33,0.0,0.0,,9.9
23/10/2024,0,33,9.4,97,1.59,0.0,0.0,,8.9
23/10/2024,1,18,8.8,99,1.33,0.0,0.0,,8.6
23/10/2024,2,9,8.0,100,1.57,0.0,0.0,,8.0
23/10/2024,3,5,9.0,100,0.73,0.0,0.0,,8.9
23/10/2024,4,5,8.1,100,0.86,0.0,0.0,,8.1
23/10/2024,5,8,7.5,99,0.65,0.0,0.0,,7.4
23/10/2024,6,19,7.1,100,0.83,0.0,0.0,,7.0
23/10/2024,7,61,7.2,99,1.15,0.0,0.0,,7.0
23/10/2024,8,199,7.2,98,1.01,0.0,0.0,,6.8
23/10/2024,9,207,7.6,95,0.96,0.0,0.0,,6.8
23/10/2024,10,86,8.4,96,0.86,0.0,0.0,,7.8
23/10/2024,11,74,9.2,98,1.39,0.0,0.0,,8.9
23/10/2024,12,106,10.2,98,1.56,0.0,0.0,,9.9
23/10/2024,13,99,12.6,87,1.93,0.0,0.0,,10.4
23/10/2024,14,97,14.4,79,2.24,0.0,0.0,,10.8
23/10/2024,15,94,16.2,70,2.73,0.0,0.0,,10.8
23/10/2024,16,104,16.5,66,3.11,0.0,0.0,,10.1
23/10/2024,17,155,16.3,65,3.37,0.0,0.0,,9.6
23/10/2024,18,240,14.9,69,2.31,0.0,0.0,,9.4
23/10/2024,19,218,11.8,81,2.28,0.0,0.0,,8.6
23/10/2024,20,122,10.8,85,2.28,0.0,0.0,,8.4
23/10/2024,21,75,9.9,88,2.22,0.0,0.0,,8.1
23/10/2024,22,74,9.2,89,2.22,0.0,0.0,,7.6
23/10/2024,23,64,9.1,89,2.35,0.0,0.0,,7.3
23/11/2023,0,33,6.3,81,1.56,0.0,0.0,,3.3
23/11/2023,1,15,7.2,78,1.77,0.0,0.0,,3.7
23/11/2023,2,8,7.8,78,2.3,0.0,0.0,,4.2
23/11/2023,3,4,8.0,82,2.1,0.0,0.0,,5.1
23/11/2023,4,4,7.6,88,1.96,0.0,0.0,,5.8
23/11/2023,5,7,8.1,91,2.24,0.0,0.0,,6.7
23/11/2023,6,19,8.9,91,2.52,0.0,0.0,,7.4
23/11/2023,7,83,9.2,91,2.43,0.0,0.0,,7.8
23/11/2023,8,271,9.4,92,2.57,0.0,0.0,,8.1
23/11/2023,9,239,9.5,94,2.31,0.0,0.0,,8.6
23/11/2023,10,86,9.9,94,2.68,0.0,0.0,,8.9
23/11/2023,11,70,10.9,90,3.13,0.0,0.0,,9.4
23/11/2023,12,96,12.0,84,4.68,0.0,0.0,,9.4
23/11/2023,13,99,12.6,81,4.74,0.0,0.0,,9.4
23/11/2023,14,87,13.0,79,5.39,0.0,0.0,,9.4
23/11/2023,15,81,12.1,82,4.52,0.0,0.0,,9.1
23/11/2023,16,103,12.6,79,3.49,0.0,0.0,,9.1
23/11/2023,17,170,12.4,82,3.38,0.0,0.0,,9.4
23/11/2023,18,256,11.7,86,3.5,0.0,0.0,,9.4
23/11/2023,19,229,11.5,87,3.83,0.0,0.0,,9.4
23/11/2023,20,127,11.4,87,4.32,0.0,0.0,,9.3
23/11/2023,21,76,11.4,88,4.46,0.0,0.0,,9.4
23/11/2023,22,74,11.2,88,4.87,0.0,0.0,,9.4
23/11/2023,23,67,10.9,87,4.81,0.0,0.0,,8.8
23/11/2024,0,32,1.5,89,3.02,0.0,0.0,,0.0
23/11/2024,1,22,1.5,90,2.98,0.0,0.0,,-0.1
23/11/2024,2,21,1.3,90,2.84,0.0,0.0,,-0.2
23/11/2024,3,13,1.4,93,3.17,0.0,0.0,,0.4
23/11/2024,4,11,1.1,93,3.35,0.0,0.0,,0.1
23/11/2024,5,9,1.0,92,3.55,0.0,0.0,,-0.1
23/11/2024,6,9,1.1,93,3.65,0.0,0.0,,0.1
23/11/2024,7,14,1.4,92,3.93,0.0,0.0,,0.3
23/11/2024,8,26,1.0,94,3.97,0.0,0.0,,0.2
23/11/2024,9,43,1.8,92,4.07,0.0,0.0,,0.7
23/11/2024,10,57,2.3,90,4.45,0.0,0.0,,0.9
23/11/2024,11,66,2.9,87,4.67,0.0,0.0,,0.9
23/11/2024,12,80,3.8,83,4.67,0.0,0.0,,1.2
23/11/2024,13,78,4.8,78,3.98,0.0,0.0,,1.1
23/11/2024,14,74,5.8,71,4.24,0.0,0.0,,0.9
23/11/2024,15,81,6.9,61,5.58,0.0,0.0,,-0.1
23/11/2024,16,91,7.7,58,5.77,0.0,0.0,,0.0
23/11/2024,17,90,8.4,58,5.38,0.0,0.0,,0.5
23/11/2024,18,86,8.5,61,5.57,0.0,0.0,,1.4
23/11/2024,19,88,9.4,61,5.7,0.0,0.0,,2.3
23/11/2024,20,72,9.9,65,5.91,0.0,0.0,,3.5
23/11/2024,21,53,10.0,67,6.26,0.0,0.0,,4.2
23/11/2024,22,42,11.1,64,6.11,0.0,0.0,,4.6
23/11/2024,23,41,11.8,62,6.59,0.0,0.0,,4.8
23/12/2023,0,27,9.6,79,6.03,0.0,0.0,,6.1
23/12/2023,1,17,9.6,81,5.51,0.0,0.0,,6.5
23/12/2023,2,15,9.6,82,5.3,0.0,0.0,,6.7
23/12/2023,3,9,8.8,82,5.5,0.0,0.0,,5.8
23/12/2023,4,9,8.8,78,5.67,0.0,0.0,,5.2
23/12/2023,5,8,8.8,77,5.57,0.0,0.0,,4.9
23/12/2023,6,8,8.9,76,5.63,0.0,0.0,,4.8
23/12/2023,7,10,8.8,76,5.92,0.0,0.0,,4.8
23/12/2023,8,19,7.8,83,5.73,0.0,0.0,,5.1
23/12/2023,9,33,7.7,85,5.53,0.0,0.0,,5.4
23/12/2023,10,50,8.4,83,5.69,0.0,0.0,,5.8
23/12/2023,11,60,9.4,82,5.55,0.0,0.0,,6.3
23/12/2023,12,66,10.1,80,6.02,0.0,0.0,,6.9
23/12/2023,13,62,10.9,79,6.2,0.1,0.0,,7.3
23/12/2023,14,65,11.6,77,5.36,0.1,0.0,,7.8
23/12/2023,15,73,11.3,77,6.81,0.1,0.0,,7.5
23/12/2023,16,74,11.4,78,5.98,0.0,0.0,,7.7
23/12/2023,17,72,10.9,80,5.69,0.1,0.0,,7.7
23/12/2023,18,64,10.1,85,5.06,0.1,0.0,,7.7
23/12/2023,19,57,9.9,84,5.25,0.0,0.0,,7.3
23/12/2023,20,44,9.9,83,5.48,0.0,0.0,,7.2
23/12/2023,21,31,10.2,82,5.98,0.0,0.0,,7.4
23/12/2023,22,25,10.4,80,6.11,0.0,0.0,,7.2
23/12/2023,23,22,10.5,80,5.61,0.0,0.0,,7.2
23/12/2024,0,12,5.5,73,5.45,0.0,0.0,,0.9
23/12/2024,1,9,5.9,71,5.8,0.0,0.0,,1.0
23/12/2024,2,6,6.4,68,6.11,0.0,0.0,,1.0
23/12/2024,3,4,4.7,83,5.5,1.0,0.21,,2.0
23/12/2024,4,4,5.8,74,5.95,0.0,0.0,,1.6
23/12/2024,5,7,6.2,68,6.13,0.0,0.0,,0.9
23/12/2024,6,12,6.2,68,5.81,0.0,0.0,,0.7
23/12/2024,7,26,5.7,70,5.52,0.0,0.0,,0.6
23/12/2024,8,62,5.2,72,5.16,0.0,0.0,,0.5
23/12/2024,9,74,4.8,73,5.13,0.0,0.0,,0.5
23/12/2024,10,48,4.7,74,4.92,0.0,0.0,,0.6
23/12/2024,11,53,5.2,73,4.67,0.0,0.0,,0.8
23/12/2024,12,67,6.2,71,4.37,0.0,0.0,,1.2
23/12/2024,13,64,6.9,68,4.32,0.0,0.0,,1.5
23/12/2024,14,63,7.3,66,4.77,0.0,0.0,,1.4
23/12/2024,15,64,7.4,65,4.74,0.0,0.0,,1.2
23/12/2024,16,65,7.3,65,4.08,0.0,0.0,,1.2
23/12/2024,17,81,6.9,68,3.82,0.0,0.0,,1.5
23/12/2024,18,92,6.4,71,3.24,0.0,0.0,,1.6
23/12/2024,19,73,6.1,74,3.11,0.0,0.0,,1.8
23/12/2024,20,49,5.9,76,2.98,0.0,0.0,,2.0
23/12/2024,21,35,5.8,78,2.47,0.0,0.0,,2.2
23/12/2024,22,26,5.5,82,2.1,0.0,0.0,,2.6
23/12/2024,23,18,5.3,84,2.06,0.0,0.0,,2.8
24/01/2023,0,14,-0.1,90,3.86,0.0,0.0,,-1.5
24/01/2023,1,6,-0.6,91,3.49,0.0,0.0,,-1.9
24/01/2023,2,5,0.0,90,3.45,0.0,0.0,,-1.5
24/01/2023,3,7,-0.2,91,3.76,0.0,0.0,,-1.5
24/01/2023,4,6,-0.5,93,4.05,0.0,0.0,,-1.5
24/01/2023,5,7,-0.7,93,3.72,0.0,0.0,,-1.8
24/01/2023,6,17,-0.9,93,3.54,0.0,0.0,,-2.0
24/01/2023,7,70,-1.4,93,3.04,0.0,0.0,,-2.3
24/01/2023,8,250,-1.6,93,3.13,0.0,0.0,,-2.6
24/01/2023,9,225,-0.9,92,3.58,0.0,0.0,,-2.1
24/01/2023,10,77,-0.3,88,3.89,0.0,0.0,,-2.0
24/01/2023,11,60,0.6,85,4.2,0.0,0.0,,-1.7
24/01/2023,12,81,1.5,83,4.46,0.0,0.0,,-1.1
24/01/2023,13,81,2.5,80,5.32,0.0,0.0,,-0.5
24/01/2023,14,71,2.8,81,4.6,0.0,0.0,,-0.1
24/01/2023,15,66,3.4,80,4.55,0.0,0.0,,0.2
24/01/2023,16,84,3.5,80,4.36,0.0,0.0,,0.3
24/01/2023,17,136,3.5,80,4.24,0.0,0.0,,0.3
24/01/2023,18,228,3.3,80,3.47,0.0,0.0,,0.2
24/01/2023,19,211,3.0,81,3.18,0.0,0.0,,0.1
24/01/2023,20,112,2.8,81,2.85,0.0,0.0,,-0.2
24/01/2023,21,59,2.6,81,2.79,0.0,0.0,,-0.3
24/01/2023,22,54,2.2,81,3.28,0.0,0.0,,-0.6
24/01/2023,23,40,1.9,82,3.3,0.0,0.0,,-0.8
24/01/2024,0,21,12.9,89,7.11,0.0,0.0,,11.1
24/01/2024,1,10,12.7,89,7.12,0.0,0.0,,10.9
24/01/2024,2,6,12.6,89,7.28,0.0,0.0,,10.9
24/01/2024,3,4,13.1,89,7.15,0.0,0.0,,11.4
24/01/2024,4,4,13.1,87,7.23,0.0,0.0,,11.1
24/01/2024,5,7,12.9,88,7.78,0.1,0.0,,10.9
24/01/2024,6,18,12.9,88,7.46,0.0,0.0,,10.9
24/01/2024,7,50,12.8,88,7.05,0.0,0.0,,10.9
24/01/2024,8,174,12.9,88,6.62,0.1,0.0,,10.9
24/01/2024,9,175,12.8,88,6.21,0.2,0.0,,10.9
24/01/2024,10,71,11.9,88,5.71,0.1,0.0,,9.9
24/01/2024,11,62,11.8,83,6.11,0.0,0.0,,8.9
24/01/2024,12,84,12.4,78,6.65,0.0,0.0,,8.7
24/01/2024,13,81,12.8,73,7.32,0.0,0.0,,8.1
24/01/2024,14,75,13.3,67,7.71,0.0,0.0,,7.4
24/01/2024,15,69,13.1,66,7.01,0.0,0.0,,6.9
24/01/2024,16,79,13.1,66,6.5,0.0,0.0,,6.9
24/01/2024,17,119,13.0,68,5.04,0.0,0.0,,7.2
24/01/2024,18,192,12.2,72,3.64,0.0,0.0,,7.3
24/01/2024,19,175,10.6,79,2.6,0.0,0.0,,7.2
24/01/2024,20,99,10.1,81,2.51,0.0,0.0,,7.1
24/01/2024,21,59,10.6,78,2.64,0.0,0.0,,6.8
24/01/2024,22,55,10.8,77,2.24,0.0,0.0,,6.8
24/01/2024,23,51,10.4,81,1.86,0.0,0.0,,7.2
24/02/2023,0,32,6.3,91,4.42,0.0,0.0,,4.9
24/02/2023,1,17,5.5,93,4.0,0.0,0.0,,4.4
24/02/2023,2,10,5.3,93,2.92,0.0,0.0,,4.2
24/02/2023,3,5,5.4,94,3.31,0.0,0.0,,4.4
24/02/2023,4,5,4.8,96,3.31,0.0,0.0,,4.2
24/02/2023,5,6,4.7,98,3.4,0.0,0.0,,4.3
24/02/2023,6,14,5.3,98,3.5,0.0,0.0,,5.1
24/02/2023,7,43,5.6,98,3.28,0.0,0.0,,5.2
24/02/2023,8,131,5.8,95,3.38,0.0,0.0,,5.1
24/02/2023,9,139,5.9,92,4.02,0.0,0.0,,4.7
24/02/2023,10,69,6.1,88,4.47,0.0,0.0,,4.2
24/02/2023,11,57,6.2,86,4.47,0.0,0.0,,4.1
24/02/2023,12,81,7.2,79,4.43,0.0,0.0,,3.8
24/02/2023,13,75,8.4,72,4.25,0.0,0.0,,3.5
24/02/2023,14,75,9.4,67,2.95,0.0,0.0,,3.7
24/02/2023,15,73,9.9,62,2.77,0.0,0.0,,3.0
24/02/2023,16,86,10.4,60,3.16,0.0,0.0,,3.0
24/02/2023,17,122,9.9,60,3.52,0.0,0.0,,2.5
24/02/2023,18,156,9.1,58,3.61,0.0,0.0,,1.3
24/02/2023,19,135,7.6,63,2.6,0.0,0.0,,0.9
24/02/2023,20,91,4.7,77,2.33,0.0,0.0,,1.0
24/02/2023,21,52,4.6,81,2.57,0.0,0.0,,1.6
24/02/2023,22,44,5.1,82,2.31,0.0,0.0,,2.3
24/02/2023,23,40,5.9,80,3.13,0.0,0.0,,2.8
24/02/2024,0,30,4.3,89,4.26,0.0,0.0,,2.7
24/02/2024,1,22,4.3,88,3.96,0.0,0.0,,2.5
24/02/2024,2,22,4.4,87,3.62,0.0,0.0,,2.5
24/02/2024,3,12,3.3,91,2.9,0.0,0.0,,2.0
24/02/2024,4,11,3.0,91,3.26,0.0,0.0,,1.8
24/02/2024,5,9,2.7,93,3.47,0.0,0.0,,1.6
24/02/2024,6,9,2.2,93,3.72,0.0,0.0,,1.1
24/02/2024,7,12,2.0,93,4.21,0.0,0.0,,0.9
24/02/2024,8,25,1.9,91,4.03,0.0,0.0,,0.6
24/02/2024,9,42,1.8,91,4.12,0.0,0.0,,0.5
24/02/2024,10,54,2.8,89,4.43,0.0,0.0,,1.1
24/02/2024,11,68,4.2,85,4.48,0.0,0.0,,2.0
24/02/2024,12,79,6.1,76,5.52,0.0,0.0,,2.2
24/02/2024,13,75,7.8,64,6.22,0.0,0.0,,1.4
24/02/2024,14,77,8.6,59,7.13,0.1,0.0,,1.0
24/02/2024,15,84,8.2,61,7.8,0.0,0.0,,1.1
24/02/2024,16,78,8.6,58,6.85,0.0,0.0,,0.9
24/02/2024,17,53,8.8,59,6.26,0.0,0.0,,1.1
24/02/2024,18,47,6.8,75,5.07,1.0,0.0,,2.6
24/02/2024,19,62,6.0,84,6.57,1.6,0.0,,3.5
24/02/2024,20,53,5.5,88,5.95,1.3,0.0,,3.6
24/02/2024,21,38,6.1,87,5.56,0.0,0.0,,4.1
24/02/2024,22,32,5.5,89,4.8,0.0,0.0,,3.8
24/02/2024,23,29,4.6,91,4.05,0.0,0.0,,3.3
24/03/2023,0,35,13.9,81,7.85,0.4,0.0,,10.7
24/03/2023,1,15,13.8,82,7.83,0.3,0.0,,10.9
24/03/2023,2,8,13.1,86,7.57,0.6,0.0,,10.9
24/03/2023,3,5,13.1,86,6.72,0.2,0.0,,10.7
24/03/2023,4,4,12.3,88,5.72,0.1,0.0,,10.4
24/03/2023,5,7,11.8,88,5.8,0.1,0.0,,9.8
24/03/2023,6,17,11.1,87,5.52,0.1,0.0,,9.1
24/03/2023,7,71,10.2,89,4.6,0.0,0.0,,8.4
24/03/2023,8,215,9.7,89,4.62,0.0,0.0,,8.0
24/03/2023,9,188,10.4,86,5.53,0.0,0.0,,8.1
24/03/2023,10,86,11.7,79,6.3,0.0,0.0,,8.1
24/03/2023,11,76,12.9,71,7.49,0.0,0.0,,7.8
24/03/2023,12,102,14.2,60,8.41,0.0,0.0,,6.7
24/03/2023,13,83,14.6,57,8.96,0.2,0.0,,6.3
24/03/2023,14,77,12.6,70,7.71,0.0,0.0,,7.3
24/03/2023,15,82,14.8,61,10.18,0.1,0.0,,7.2
24/03/2023,16,105,14.6,62,7.5,0.1,0.0,,7.3
24/03/2023,17,135,14.4,58,8.99,0.2,0.0,,6.2
24/03/2023,18,169,14.1,59,7.54,0.4,0.0,,6.2
24/03/2023,19,144,12.9,61,7.55,0.7,0.0,,5.7
24/03/2023,20,90,11.6,63,7.84,0.0,0.0,,4.8
24/03/2023,21,53,10.9,65,7.29,0.0,0.0,,4.5
24/03/2023,22,45,10.2,68,7.08,0.0,0.0,,4.7
24/03/2023,23,43,9.6,73,7.18,0.0,0.0,,4.8
24/03/2024,0,29,4.8,89,4.73,0.0,0.0,,3.1
24/03/2024,1,24,4.9,89,4.7,0.0,0.0,,3.2
24/03/2024,2,19,4.8,88,4.46,0.0,0.0,,2.9
24/03/2024,3,13,4.1,90,4.26,0.0,0.0,,2.5
24/03/2024,4,12,3.9,89,4.55,0.0,0.0,,2.2
24/03/2024,5,9,3.8,89,4.64,0.0,0.0,,2.1
24/03/2024,6,8,3.7,89,4.75,0.0,0.0,,2.0
24/03/2024,7,10,3.6,89,4.79,0.0,0.0,,2.0
24/03/2024,8,24,3.7,89,4.92,0.0,0.0,,2.0
24/03/2024,9,38,4.8,85,5.71,0.0,0.0,,2.5
24/03/2024,10,55,7.0,76,5.95,0.0,0.0,,3.0
24/03/2024,11,66,8.4,69,7.98,0.0,0.0,,3.0
24/03/2024,12,77,8.8,69,7.24,0.1,0.0,,3.4
24/03/2024,13,72,10.3,65,7.02,0.0,0.0,,4.0
24/03/2024,14,75,11.1,62,6.84,0.1,0.0,,4.0
24/03/2024,15,93,11.1,51,7.53,0.2,0.0,,1.4
24/03/2024,16,97,11.4,49,7.5,0.2,0.0,,1.2
24/03/2024,17,97,11.1,52,6.85,0.0,0.0,,1.7
24/03/2024,18,99,10.8,55,6.22,0.0,0.0,,2.0
24/03/2024,19,79,10.0,60,5.05,0.0,0.0,,2.5
24/03/2024,20,54,8.4,65,3.77,0.0,0.0,,2.2
24/03/2024,21,41,6.6,73,2.4,0.0,0.0,,2.2
24/03/2024,22,36,4.8,82,2.12,0.0,0.0,,2.1
24/03/2024,23,25,3.8,87,2.22,0.0,0.0,,1.9
24/04/2023,0,12,8.8,83,3.54,0.2,0.0,,6.1
24/04/2023,1,6,8.8,82,4.75,0.0,0.0,,5.9
24/04/2023,2,5,7.9,86,5.15,0.0,0.0,,5.7
24/04/2023,3,3,8.1,85,5.32,0.0,0.0,,5.8
24/04/2023,4,3,7.6,87,5.19,0.0,0.0,,5.6
24/04/2023,5,7,7.1,90,4.95,0.0,0.0,,5.4
24/04/2023,6,16,6.8,91,4.47,0.0,0.0,,5.3
24/04/2023,7,54,6.6,92,4.04,0.0,0.0,,5.3
24/04/2023,8,191,7.6,88,4.67,0.0,0.0,,5.8
24/04/2023,9,193,9.1,82,6.01,0.0,0.0,,6.2
24/04/2023,10,66,10.2,75,5.63,0.1,0.0,,6.1
24/04/2023,11,55,10.7,74,5.0,0.2,0.0,,6.3
24/04/2023,12,73,11.6,71,4.92,0.1,0.0,,6.4
24/04/2023,13,68,12.4,68,5.0,0.1,0.0,,6.7
24/04/2023,14,67,12.9,65,4.88,0.1,0.0,,6.3
24/04/2023,15,62,13.4,62,4.78,0.0,0.0,,6.2
24/04/2023,16,75,14.4,58,4.72,0.1,0.0,,6.2
24/04/2023,17,121,12.1,67,4.51,0.2,0.0,,6.3
24/04/2023,18,208,13.4,61,4.74,0.0,0.0,,5.9
24/04/2023,19,188,13.1,57,4.75,0.0,0.0,,4.8
24/04/2023,20,106,12.0,64,3.57,0.0,0.0,,5.3
24/04/2023,21,52,10.0,71,2.25,0.0,0.0,,5.1
24/04/2023,22,35,9.2,83,2.09,2.2,0.0,,6.4
24/04/2023,23,31,8.7,91,1.25,0.2,0.0,,7.2
24/04/2024,0,28,6.8,74,1.97,0.0,0.0,,2.5
24/04/2024,1,13,6.8,80,2.55,0.2,0.0,,3.5
24/04/2024,2,7,6.9,82,3.3,0.0,0.0,,4.0
24/04/2024,3,4,6.5,86,3.36,0.1,0.0,,4.4
24/04/2024,4,4,6.7,88,3.26,0.0,0.0,,4.8
24/04/2024,5,8,6.7,88,2.83,0.0,0.0,,4.8
24/04/2024,6,20,6.3,88,3.11,0.0,0.0,,4.5
24/04/2024,7,73,4.9,92,2.83,0.0,0.0,,3.7
24/04/2024,8,232,5.6,86,4.1,0.1,0.0,,3.5
24/04/2024,9,208,6.3,82,4.48,0.1,0.0,,3.5
24/04/2024,10,84,7.5,74,5.02,0.2,0.0,,3.2
24/04/2024,11,70,8.4,66,6.18,0.1,0.0,,2.3
24/04/2024,12,96,9.5,59,6.67,0.1,0.0,,1.9
24/04/2024,13,95,10.1,51,7.41,0.0,0.0,,0.3
24/04/2024,14,82,10.6,47,7.8,0.0,0.0,,-0.3
24/04/2024,15,78,8.2,64,6.31,0.0,0.0,,1.8
24/04/2024,16,89,9.1,63,7.09,0.3,0.0,,2.5
24/04/2024,17,142,9.5,57,6.67,0.0,0.0,,1.4
24/04/2024,18,231,9.6,53,5.9,0.0,0.0,,0.6
24/04/2024,19,210,9.3,53,5.26,0.0,0.0,,0.2
24/04/2024,20,124,8.6,57,3.98,0.0,0.0,,0.6
24/04/2024,21,77,6.7,68,2.47,0.0,0.0,,1.1
24/04/2024,22,71,5.3,78,1.93,0.0,0.0,,1.7
24/04/2024,23,57,4.2,85,1.66,0.0,0.0,,1.9
24/05/2023,0,31,10.6,71,4.22,0.0,0.0,,5.4
24/05/2023,1,13,9.8,72,4.3,0.0,0.0,,5.0
24/05/2023,2,7,9.2,75,3.61,0.0,0.0,,5.1
24/05/2023,3,4,8.6,78,3.74,0.0,0.0,,5.0
24/05/2023,4,3,8.1,80,3.89,0.0,0.0,,4.8
24/05/2023,5,8,7.7,81,3.86,0.0,0.0,,4.7
24/05/2023,6,22,7.4,82,3.86,0.0,0.0,,4.5
24/05/2023,7,85,7.8,81,4.05,0.0,0.0,,4.7
24/05/2023,8,278,8.9,78,3.76,0.0,0.0,,5.2
24/05/2023,9,247,10.4,73,4.27,0.0,0.0,,5.8
24/05/2023,10,98,12.1,67,4.43,0.0,0.0,,6.2
24/05/2023,11,84,13.8,59,4.66,0.0,0.0,,5.8
24/05/2023,12,116,15.2,54,4.22,0.0,0.0,,5.9
24/05/2023,13,111,16.6,49,4.47,0.0,0.0,,5.8
24/05/2023,14,104,18.1,43,4.72,0.0,0.0,,5.3
24/05/2023,15,98,18.9,43,5.64,0.0,0.0,,6.1
24/05/2023,16,116,18.9,44,5.77,0.0,0.0,,6.2
24/05/2023,17,179,18.7,44,5.89,0.0,0.0,,6.2
24/05/2023,18,290,18.2,46,6.26,0.0,0.0,,6.4
24/05/2023,19,270,17.3,50,5.61,0.0,0.0,,6.7
24/05/2023,20,150,16.7,53,5.08,0.0,0.0,,7.2
24/05/2023,21,89,15.4,61,3.19,0.0,0.0,,7.8
24/05/2023,22,83,13.6,68,2.02,0.0,0.0,,7.9
24/05/2023,23,75,13.0,72,2.04,0.0,0.0,,8.1
24/05/2024,0,45,11.9,93,1.81,0.0,0.0,,10.8
24/05/2024,1,26,11.4,95,1.61,0.0,0.0,,10.7
24/05/2024,2,16,11.0,96,1.64,0.0,0.0,,10.4
24/05/2024,3,8,12.2,93,1.39,0.2,0.0,,11.1
24/05/2024,4,7,10.4,97,2.0,0.0,0.0,,10.0
24/05/2024,5,10,10.6,97,1.53,0.0,0.0,,10.1
24/05/2024,6,22,10.7,96,1.91,0.0,0.0,,10.1
24/05/2024,7,68,11.1,94,2.2,0.0,0.0,,10.2
24/05/2024,8,198,12.0,89,1.89,0.0,0.0,,10.2
24/05/2024,9,179,13.1,85,1.79,0.0,0.0,,10.6
24/05/2024,10,93,14.6,78,1.84,0.0,0.0,,10.9
24/05/2024,11,87,16.0,68,1.87,0.0,0.0,,10.1
24/05/2024,12,114,17.0,65,1.68,0.1,0.0,,10.4
24/05/2024,13,112,17.6,66,1.52,0.0,0.0,,11.1
24/05/2024,14,106,18.5,64,1.72,0.1,0.0,,11.4
24/05/2024,15,100,18.7,56,1.39,0.0,0.0,,9.8
24/05/2024,16,115,16.4,74,5.24,0.3,0.0,,11.7
24/05/2024,17,173,16.9,72,2.42,0.7,0.0,,11.9
24/05/2024,18,218,17.4,70,2.6,0.0,0.0,,11.9
24/05/2024,19,200,16.5,72,3.23,0.3,0.0,,11.5
24/05/2024,20,143,15.9,75,1.77,0.1,0.0,,11.4
24/05/2024,21,85,14.9,82,2.06,0.0,0.0,,11.8
24/05/2024,22,69,13.5,90,1.36,0.0,0.0,,11.9
24/05/2024,23,66,12.9,92,1.92,0.0,0.0,,11.6
24/06/2023,0,70,18.8,79,2.31,0.0,0.0,,15.0
24/06/2023,1,48,17.4,83,1.77,0.0,0.0,,14.4
24/06/2023,2,40,18.1,75,2.42,0.0,0.0,,13.6
24/06/2023,3,24,17.2,78,1.7,0.0,0.0,,13.4
24/06/2023,4,14,16.0,85,1.6,0.0,0.0,,13.5
24/06/2023,5,13,15.3,88,1.81,0.0,0.0,,13.4
24/06/2023,6,15,14.6,92,2.0,0.0,0.0,,13.2
24/06/2023,7,26,15.9,86,1.6,0.0,0.0,,13.6
24/06/2023,8,56,17.4,81,1.2,0.0,0.0,,14.1
24/06/2023,9,70,19.4,72,1.36,0.0,0.0,,14.3
24/06/2023,10,96,21.4,62,1.57,0.0,0.0,,13.8
24/06/2023,11,104,23.0,55,1.63,0.0,0.0,,13.6
24/06/2023,12,115,24.2,55,1.61,0.0,0.0,,14.7
24/06/2023,13,114,25.1,56,1.62,0.0,0.0,,15.6
24/06/2023,14,119,26.7,48,1.34,0.0,0.0,,14.8
24/06/2023,15,130,27.4,46,1.3,0.0,0.0,,14.8
24/06/2023,16,135,27.6,44,1.79,0.0,0.0,,14.3
24/06/2023,17,133,27.8,42,2.19,0.0,0.0,,13.6
24/06/2023,18,140,27.7,41,2.31,0.0,0.0,,13.4
24/06/2023,19,135,27.4,44,2.45,0.0,0.0,,14.1
24/06/2023,20,115,26.6,49,2.45,0.0,0.0,,15.1
24/06/2023,21,84,24.8,62,1.97,0.0,0.0,,17.0
24/06/2023,22,73,22.3,70,2.22,0.0,0.0,,16.5
24/06/2023,23,75,21.1,71,2.56,0.0,0.0,,15.6
24/06/2024,0,29,14.9,87,2.5,0.0,0.0,,12.8
24/06/2024,1,18,14.1,90,2.52,0.0,0.0,,12.4
24/06/2024,2,10,13.9,92,1.9,0.0,0.0,,12.6
24/06/2024,3,6,14.5,92,2.28,0.0,0.0,,13.2
24/06/2024,4,5,14.1,94,2.06,0.0,0.0,,13.1
24/06/2024,5,10,13.4,96,1.77,0.0,0.0,,12.6
24/06/2024,6,23,12.8,96,2.04,0.0,0.0,,12.2
24/06/2024,7,78,14.3,93,2.02,0.0,0.0,,13.1
24/06/2024,8,257,15.9,89,1.3,0.0,0.0,,14.0
24/06/2024,9,236,17.8,84,1.3,0.0,0.0,,15.1
24/06/2024,10,89,20.0,79,1.53,0.0,0.0,,16.2
24/06/2024,11,78,22.0,70,2.06,0.0,0.0,,16.4
24/06/2024,12,100,23.5,62,2.77,0.0,0.0,,15.8
24/06/2024,13,95,24.2,57,2.87,0.0,0.0,,15.2
24/06/2024,14,89,24.6,55,2.82,0.0,0.0,,15.0
24/06/2024,15,91,25.5,50,2.86,0.0,0.0,,14.4
24/06/2024,16,110,26.1,50,2.82,0.0,0.0,,14.8
24/06/2024,17,182,25.9,49,2.82,0.0,0.0,,14.3
24/06/2024,18,271,26.0,49,2.95,0.0,0.0,,14.3
24/06/2024,19,239,25.6,52,2.66,0.0,0.0,,14.9
24/06/2024,20,140,25.0,58,2.27,0.0,0.0,,16.1
24/06/2024,21,87,23.0,68,2.15,0.0,0.0,,16.8
24/06/2024,22,79,20.6,74,2.33,0.0,0.0,,15.9
24/06/2024,23,66,19.6,76,2.5,0.0,0.0,,15.4
24/07/2023,0,22,19.5,78,3.25,0.2,0.0,,15.6
24/07/2023,1,11,19.0,80,3.68,0.0,0.0,,15.4
24/07/2023,2,7,18.5,85,4.91,4.1,0.0,,15.9
24/07/2023,3,5,18.2,87,5.02,0.6,0.0,,16.0
24/07/2023,4,4,17.8,89,5.59,0.1,0.0,,15.9
24/07/2023,5,6,17.8,87,4.49,0.5,0.0,,15.6
24/07/2023,6,16,17.3,88,4.42,0.0,0.0,,15.4
24/07/2023,7,54,17.2,89,4.4,0.0,0.0,,15.4
24/07/2023,8,191,18.0,85,4.84,0.0,0.0,,15.5
24/07/2023,9,198,18.7,81,5.25,0.0,0.0,,15.3
24/07/2023,10,72,20.0,65,6.08,0.0,0.0,,13.1
24/07/2023,11,62,21.2,56,6.58,0.0,0.0,,12.1
24/07/2023,12,80,22.1,50,7.34,0.1,0.0,,11.3
24/07/2023,13,77,23.1,48,6.53,0.1,0.0,,11.4
24/07/2023,14,72,21.6,53,5.66,0.0,0.0,,11.6
24/07/2023,15,66,21.4,60,7.04,0.6,0.0,,13.1
24/07/2023,16,80,19.4,77,3.13,0.8,0.0,,15.2
24/07/2023,17,131,23.2,58,3.86,0.0,0.0,,14.6
24/07/2023,18,196,19.5,73,5.81,1.7,0.0,,14.5
24/07/2023,19,155,18.0,85,2.38,0.8,0.0,,15.4
24/07/2023,20,90,19.1,80,2.25,0.2,0.0,,15.6
24/07/2023,21,55,18.6,84,1.97,0.0,0.0,,15.8
24/07/2023,22,43,17.0,92,1.08,3.1,0.0,,15.6
24/07/2023,23,37,16.9,94,1.41,2.8,0.0,,15.9
24/07/2024,0,38,16.9,73,1.91,0.0,0.0,,12.1
24/07/2024,1,21,15.6,83,1.56,0.0,0.0,,12.6
24/07/2024,2,15,15.7,84,1.58,0.0,0.0,,13.1
24/07/2024,3,7,15.4,88,1.44,0.0,0.0,,13.4
24/07/2024,4,7,14.6,93,1.56,0.0,0.0,,13.4
24/07/2024,5,11,14.0,95,1.49,0.0,0.0,,13.2
24/07/2024,6,23,13.5,96,1.41,0.0,0.0,,12.9
24/07/2024,7,64,14.0,95,1.64,0.0,0.0,,13.2
24/07/2024,8,168,15.4,88,1.08,0.0,0.0,,13.4
24/07/2024,9,178,17.1,80,0.71,0.0,0.0,,13.7
24/07/2024,10,83,19.1,72,0.99,0.0,0.0,,14.1
24/07/2024,11,73,20.5,66,1.08,0.0,0.0,,13.9
24/07/2024,12,94,21.6,59,1.3,0.0,0.0,,13.2
24/07/2024,13,94,22.9,53,1.2,0.0,0.0,,12.9
24/07/2024,14,93,23.9,48,1.0,0.0,0.0,,12.1
24/07/2024,15,81,24.0,48,1.0,0.0,0.0,,12.2
24/07/2024,16,89,24.0,46,0.45,0.0,0.0,,11.8
24/07/2024,17,138,24.5,44,0.3,0.0,0.0,,11.6
24/07/2024,18,209,24.6,43,0.72,0.0,0.0,,11.1
24/07/2024,19,195,24.8,42,1.14,0.0,0.0,,10.9
24/07/2024,20,132,24.3,42,1.3,0.0,0.0,,10.5
24/07/2024,21,89,23.0,49,1.63,0.0,0.0,,11.8
24/07/2024,22,80,22.3,51,2.15,0.0,0.0,,11.6
24/07/2024,23,75,21.3,54,1.92,0.0,0.0,,11.5
24/08/2023,0,36,23.6,72,1.92,0.0,0.0,,18.2
24/08/2023,1,22,23.0,73,2.01,0.0,0.0,,18.0
24/08/2023,2,11,23.2,78,2.77,0.0,0.0,,19.1
24/08/2023,3,6,22.5,87,1.94,1.0,0.0,,20.1
24/08/2023,4,5,21.2,86,3.97,2.2,0.0,,18.8
24/08/2023,5,8,20.9,88,4.18,0.1,0.0,,18.8
24/08/2023,6,17,19.4,94,1.56,0.0,0.0,,18.4
24/08/2023,7,54,19.6,95,2.22,0.0,0.0,,18.7
24/08/2023,8,167,20.4,91,3.32,0.0,0.0,,18.9
24/08/2023,9,163,21.5,89,2.28,0.0,0.0,,19.6
24/08/2023,10,66,21.0,90,3.69,7.6,0.0,,19.2
24/08/2023,11,59,20.5,93,4.52,0.3,0.0,,19.5
24/08/2023,12,73,22.8,85,3.96,0.2,0.0,,20.1
24/08/2023,13,68,21.5,91,2.45,1.2,0.0,,20.0
24/08/2023,14,52,24.1,78,2.04,0.2,0.0,,20.1
24/08/2023,15,54,23.0,89,4.69,1.2,0.0,,21.0
24/08/2023,16,75,23.3,88,3.82,0.0,0.0,,21.2
24/08/2023,17,128,24.9,80,2.76,0.0,0.0,,21.1
24/08/2023,18,211,26.2,74,3.76,0.0,0.0,,21.1
24/08/2023,19,178,26.0,66,4.32,0.0,0.0,,19.1
24/08/2023,20,103,25.0,72,3.54,0.0,0.0,,19.6
24/08/2023,21,68,23.5,80,2.12,0.0,0.0,,19.8
24/08/2023,22,60,23.0,82,2.75,0.0,0.0,,19.7
24/08/2023,23,55,23.2,80,2.5,0.0,0.0,,19.6
24/08/2024,0,38,21.1,75,3.8,0.0,0.0,,16.6
24/08/2024,1,29,20.4,79,3.67,0.0,0.0,,16.5
24/08/2024,2,20,19.8,82,3.48,0.0,0.0,,16.6
24/08/2024,3,12,19.0,84,2.71,0.0,0.0,,16.1
24/08/2024,4,10,18.5,85,3.0,0.0,0.0,,16.0
24/08/2024,5,9,18.2,86,3.31,0.0,0.0,,15.9
24/08/2024,6,12,17.8,88,3.21,0.0,0.0,,15.9
24/08/2024,7,16,17.3,91,3.21,0.0,0.0,,15.9
24/08/2024,8,23,18.1,89,4.23,0.0,0.0,,16.3
24/08/2024,9,37,20.1,82,5.6,0.0,0.0,,17.0
24/08/2024,10,57,22.0,75,6.91,0.0,0.0,,17.3
24/08/2024,11,68,24.0,65,6.8,0.0,0.0,,17.1
24/08/2024,12,75,25.1,65,5.39,0.0,0.0,,18.1
24/08/2024,13,74,26.5,60,5.32,0.0,0.0,,18.1
24/08/2024,14,81,27.6,55,6.14,0.0,0.0,,17.9
24/08/2024,15,96,29.0,50,6.12,0.0,0.0,,17.5
24/08/2024,16,100,28.1,52,6.72,0.3,0.0,,17.3
24/08/2024,17,88,26.9,56,7.29,0.4,0.0,,17.2
24/08/2024,18,61,22.4,77,7.72,2.6,0.0,,18.1
24/08/2024,19,63,20.6,68,5.12,0.8,0.0,,14.4
24/08/2024,20,59,18.9,69,6.12,0.1,0.0,,13.0
24/08/2024,21,46,18.2,72,5.22,0.0,0.0,,13.0
24/08/2024,22,39,17.0,75,4.9,0.0,0.0,,12.5
24/08/2024,23,36,16.6,75,4.8,0.0,0.0,,12.1
24/09/2023,0,57,10.6,91,1.8,0.0,0.0,,9.2
24/09/2023,1,41,9.6,92,2.15,0.0,0.0,,8.2
24/09/2023,2,36,9.4,96,1.68,0.0,0.0,,8.7
24/09/2023,3,20,8.2,97,2.4,0.0,0.0,,7.7
24/09/2023,4,15,7.8,97,2.5,0.0,0.0,,7.3
24/09/2023,5,10,7.6,97,2.38,0.0,0.0,,7.1
24/09/2023,6,9,7.6,97,2.1,0.0,0.0,,7.1
24/09/2023,7,14,7.4,96,2.28,0.0,0.0,,6.8
24/09/2023,8,31,7.9,95,1.75,0.0,0.0,,7.2
24/09/2023,9,52,10.1,89,3.41,0.0,0.0,,8.4
24/09/2023,10,77,12.2,84,2.06,0.0,0.0,,9.7
24/09/2023,11,102,14.9,75,2.47,0.0,0.0,,10.4
24/09/2023,12,124,16.8,63,3.68,0.0,0.0,,9.6
24/09/2023,13,122,18.0,54,4.31,0.0,0.0,,8.5
24/09/2023,14,126,19.0,52,3.98,0.0,0.0,,8.9
24/09/2023,15,151,19.5,50,3.55,0.0,0.0,,8.9
24/09/2023,16,165,19.9,49,3.49,0.0,0.0,,8.8
24/09/2023,17,169,19.9,49,3.72,0.0,0.0,,8.9
24/09/2023,18,169,19.4,52,3.74,0.0,0.0,,9.3
24/09/2023,19,139,18.0,61,2.41,0.0,0.0,,10.4
24/09/2023,20,92,16.0,66,2.97,0.0,0.0,,9.8
24/09/2023,21,53,15.1,69,2.76,0.0,0.0,,9.4
24/09/2023,22,50,14.1,72,2.55,0.0,0.0,,9.1
24/09/2023,23,45,13.4,75,2.62,0.0,0.0,,9.0
24/09/2024,0,20,12.6,94,2.79,0.0,0.0,,11.6
24/09/2024,1,11,12.5,94,3.01,0.0,0.0,,11.6
24/09/2024,2,7,12.4,94,3.13,0.0,0.0,,11.5
24/09/2024,3,4,12.9,96,2.91,0.0,0.0,,12.2
24/09/2024,4,4,13.6,95,3.28,0.0,0.0,,12.8
24/09/2024,5,6,14.4,90,3.77,0.1,0.0,,12.9
24/09/2024,6,16,14.6,90,4.97,0.1,0.0,,12.9
24/09/2024,7,70,14.5,89,5.38,0.0,0.0,,12.6
24/09/2024,8,228,14.2,87,5.17,0.0,0.0,,12.2
24/09/2024,9,201,14.5,86,5.3,0.1,0.0,,12.2
24/09/2024,10,76,14.5,88,5.74,1.5,0.0,,12.4
24/09/2024,11,63,14.9,87,6.22,0.7,0.0,,12.6
24/09/2024,12,87,15.4,84,5.89,0.0,0.0,,12.7
24/09/2024,13,87,17.5,73,7.6,0.0,0.0,,12.6
24/09/2024,14,84,17.9,70,7.12,0.2,0.0,,12.4
24/09/2024,15,81,16.3,82,5.33,0.2,0.0,,13.3
24/09/2024,16,101,16.9,79,5.35,0.0,0.0,,13.1
24/09/2024,17,161,17.0,76,5.14,0.0,0.0,,12.8
24/09/2024,18,234,17.1,75,4.68,0.0,0.0,,12.6
24/09/2024,19,172,16.5,79,4.03,0.2,0.0,,12.7
24/09/2024,20,114,15.8,83,3.3,0.1,0.0,,12.8
24/09/2024,21,71,15.3,86,2.55,0.0,0.0,,12.9
24/09/2024,22,67,14.4,90,1.91,0.0,0.0,,12.8
24/09/2024,23,52,13.6,92,2.06,0.0,0.0,,12.4
24/10/2023,0,18,10.6,94,2.97,0.0,0.0,,9.6
24/10/2023,1,10,10.4,94,2.55,0.0,0.0,,9.5
24/10/2023,2,7,11.4,95,2.73,0.0,0.0,,10.6
24/10/2023,3,6,11.1,95,2.67,0.0,0.0,,10.3
24/10/2023,4,4,11.4,95,2.52,0.2,0.0,,10.6
24/10/2023,5,7,11.3,96,2.26,0.6,0.0,,10.6
24/10/2023,6,15,11.3,96,2.44,0.3,0.0,,10.6
24/10/2023,7,67,11.4,95,2.28,0.5,0.0,,10.6
24/10/2023,8,256,11.3,95,2.77,0.1,0.0,,10.4
24/10/2023,9,268,11.1,94,3.14,0.0,0.0,,10.2
24/10/2023,10,98,11.6,92,3.23,0.0,0.0,,10.3
24/10/2023,11,79,12.6,87,2.91,0.0,0.0,,10.6
24/10/2023,12,113,13.8,80,3.28,0.0,0.0,,10.5
24/10/2023,13,110,14.9,68,4.11,0.0,0.0,,9.1
24/10/2023,14,101,15.8,57,4.85,0.0,0.0,,7.3
24/10/2023,15,96,15.9,62,4.9,0.1,0.0,,8.8
24/10/2023,16,114,15.1,63,3.75,0.0,0.0,,8.2
24/10/2023,17,177,14.8,67,3.5,0.0,0.0,,8.6
24/10/2023,18,309,14.0,72,2.32,0.0,0.0,,9.0
24/10/2023,19,276,12.2,78,2.14,0.0,0.0,,8.5
24/10/2023,20,139,11.6,81,2.5,0.0,0.0,,8.5
24/10/2023,21,79,12.0,79,2.94,0.0,0.0,,8.5
24/10/2023,22,76,12.1,79,3.42,0.1,0.0,,8.6
24/10/2023,23,60,11.9,81,3.58,0.0,0.0,,8.8
24/10/2024,0,32,8.7,89,2.26,0.0,0.0,,7.1
24/10/2024,1,16,8.3,91,2.13,0.0,0.0,,6.9
24/10/2024,2,10,7.8,92,2.14,0.0,0.0,,6.7
24/10/2024,3,6,7.2,96,2.53,0.0,0.0,,6.6
24/10/2024,4,5,6.8,97,2.42,0.0,0.0,,6.3
24/10/2024,5,9,6.4,98,2.5,0.0,0.0,,6.1
24/10/2024,6,19,5.9,98,2.8,0.0,0.0,,5.7
24/10/2024,7,60,5.8,99,2.57,0.0,0.0,,5.7
24/10/2024,8,193,5.8,99,2.35,0.0,0.0,,5.8
24/10/2024,9,209,6.8,99,1.66,0.0,0.0,,6.6
24/10/2024,10,86,8.9,92,2.51,0.0,0.0,,7.8
24/10/2024,11,75,10.8,88,2.23,0.0,0.0,,8.9
24/10/2024,12,98,12.5,86,2.18,0.0,0.0,,10.1
24/10/2024,13,96,14.9,78,3.54,0.0,0.0,,11.1
24/10/2024,14,96,15.8,75,3.8,0.0,0.0,,11.4
24/10/2024,15,90,17.0,77,2.86,0.0,0.0,,12.9
24/10/2024,16,103,17.6,76,3.18,0.0,0.0,,13.4
24/10/2024,17,155,17.7,78,3.5,0.0,0.0,,13.8
24/10/2024,18,232,16.9,84,2.49,0.0,0.0,,14.1
24/10/2024,19,213,15.1,90,2.51,0.0,0.0,,13.5
24/10/2024,20,126,14.9,91,3.02,0.0,0.0,,13.5
24/10/2024,21,79,14.8,91,2.99,0.0,0.0,,13.4
24/10/2024,22,70,14.1,92,2.72,0.0,0.0,,12.9
24/10/2024,23,67,13.8,93,2.78,0.0,0.0,,12.6
24/11/2023,0,41,10.6,85,4.03,0.0,0.0,,8.3
24/11/2023,1,20,10.8,85,3.93,0.0,0.0,,8.2
24/11/2023,2,11,10.9,85,3.92,0.0,0.0,,8.6
24/11/2023,3,7,11.1,86,4.4,0.0,0.0,,8.9
24/11/2023,4,5,11.4,86,4.74,0.0,0.0,,9.1
24/11/2023,5,8,11.4,87,4.79,0.0,0.0,,9.2
24/11/2023,6,18,11.2,88,5.01,0.0,0.0,,9.2
24/11/2023,7,70,11.3,87,5.02,0.0,0.0,,9.2
24/11/2023,8,208,11.2,87,4.97,0.0,0.0,,9.1
24/11/2023,9,179,10.9,89,4.34,0.1,0.0,,9.1
24/11/2023,10,86,10.8,84,4.56,0.1,0.0,,8.2
24/11/2023,11,74,10.2,71,5.59,0.0,0.0,,5.2
24/11/2023,12,107,10.2,64,6.97,0.0,0.0,,3.8
24/11/2023,13,105,9.9,66,6.62,0.0,0.0,,3.9
24/11/2023,14,89,9.6,67,6.4,0.0,0.0,,3.7
24/11/2023,15,83,8.9,78,6.66,0.1,0.0,,5.3
24/11/2023,16,109,9.0,75,6.13,0.2,0.0,,4.9
24/11/2023,17,162,8.4,68,5.91,0.0,0.0,,2.8
24/11/2023,18,203,7.7,66,5.28,0.0,0.0,,1.7
24/11/2023,19,169,7.2,67,5.16,0.0,0.0,,1.5
24/11/2023,20,110,6.1,64,4.68,0.0,0.0,,-0.2
24/11/2023,21,67,4.8,65,3.68,0.0,0.0,,-1.2
24/11/2023,22,53,3.9,69,2.72,0.0,0.0,,-1.3
24/11/2023,23,56,3.2,72,2.69,0.0,0.0,,-1.3
24/11/2024,0,38,12.4,61,6.72,0.0,0.0,,5.2
24/11/2024,1,32,12.5,60,6.9,0.0,0.0,,4.9
24/11/2024,2,30,12.3,61,7.0,0.0,0.0,,4.9
24/11/2024,3,18,12.0,64,6.12,0.0,0.0,,5.4
24/11/2024,4,14,12.5,64,6.49,0.0,0.0,,5.8
24/11/2024,5,10,12.8,64,6.75,0.0,0.0,,6.2
24/11/2024,6,8,13.0,65,6.94,0.0,0.0,,6.6
24/11/2024,7,11,13.2,65,7.47,0.0,0.0,,6.9
24/11/2024,8,20,13.5,65,7.44,0.0,0.0,,6.9
24/11/2024,9,38,14.1,60,7.63,0.0,0.0,,6.5
24/11/2024,10,55,14.6,56,7.5,0.0,0.0,,5.8
24/11/2024,11,70,15.6,52,8.11,0.0,0.0,,5.7
24/11/2024,12,91,16.1,53,7.31,0.0,0.0,,6.6
24/11/2024,13,85,17.0,52,6.65,0.0,0.0,,7.2
24/11/2024,14,88,17.6,53,5.71,0.0,0.0,,7.8
24/11/2024,15,99,17.9,53,6.62,0.0,0.0,,8.1
24/11/2024,16,102,17.7,53,6.15,0.0,0.0,,8.1
24/11/2024,17,99,17.8,53,5.86,0.0,0.0,,8.1
24/11/2024,18,90,17.4,56,4.96,0.0,0.0,,8.4
24/11/2024,19,75,16.8,59,5.56,0.0,0.0,,8.6
24/11/2024,20,58,16.6,60,6.31,0.0,0.0,,8.9
24/11/2024,21,43,16.3,60,6.26,0.0,0.0,,8.6
24/11/2024,22,37,15.8,58,6.3,0.0,0.0,,7.7
24/11/2024,23,34,15.9,56,6.35,0.0,0.0,,7.2
24/12/2023,0,17,9.8,85,4.8,0.0,0.0,,7.3
24/12/2023,1,12,10.2,81,5.75,0.0,0.0,,7.1
24/12/2023,2,9,10.2,80,5.87,0.0,0.0,,6.9
24/12/2023,3,6,9.6,82,5.82,0.0,0.0,,6.6
24/12/2023,4,4,9.6,81,6.36,0.0,0.0,,6.5
24/12/2023,5,5,9.4,82,6.67,0.0,0.0,,6.4
24/12/2023,6,5,9.4,80,6.4,0.0,0.0,,6.2
24/12/2023,7,7,8.2,85,6.07,0.0,0.0,,5.8
24/12/2023,8,11,8.9,82,6.59,0.0,0.0,,6.1
24/12/2023,9,19,9.4,82,6.71,0.0,0.0,,6.5
24/12/2023,10,29,9.8,81,6.22,0.0,0.0,,6.7
24/12/2023,11,38,10.1,80,6.35,0.1,0.0,,6.8
24/12/2023,12,43,10.4,79,6.71,0.0,0.0,,6.8
24/12/2023,13,38,11.4,76,6.66,0.0,0.0,,7.4
24/12/2023,14,42,11.6,77,5.88,0.0,0.0,,7.7
24/12/2023,15,47,10.8,80,6.69,0.0,0.0,,7.4
24/12/2023,16,48,10.9,78,7.12,0.0,0.0,,7.3
24/12/2023,17,42,11.4,78,6.76,0.0,0.0,,7.7
24/12/2023,18,38,11.2,79,5.87,0.0,0.0,,7.7
24/12/2023,19,30,10.9,79,5.55,0.0,0.0,,7.4
24/12/2023,20,19,10.4,82,5.47,0.0,0.0,,7.3
24/12/2023,21,13,10.3,81,5.99,0.0,0.0,,7.2
24/12/2023,22,11,10.3,81,6.38,0.0,0.0,,7.2
24/12/2023,23,13,10.6,81,6.64,0.0,0.0,,7.5
24/12/2024,0,13,5.2,85,1.88,0.0,0.0,,3.0
24/12/2024,1,9,5.2,86,2.15,0.0,0.0,,3.0
24/12/2024,2,6,5.2,86,1.79,0.0,0.0,,3.0
24/12/2024,3,4,5.1,91,1.82,0.1,0.0,,3.8
24/12/2024,4,4,5.1,93,2.02,0.4,0.0,,4.1
24/12/2024,5,6,5.1,95,2.16,0.5,0.0,,4.4
24/12/2024,6,11,5.2,96,2.2,0.0,0.0,,4.6
24/12/2024,7,20,5.3,95,2.14,0.0,0.0,,4.7
24/12/2024,8,38,5.6,95,1.65,0.0,0.0,,4.8
24/12/2024,9,45,5.7,95,1.44,0.0,0.0,,4.9
24/12/2024,10,35,5.8,95,1.75,0.0,0.0,,5.1
24/12/2024,11,41,6.2,95,1.61,0.0,0.0,,5.4
24/12/2024,12,48,6.8,95,1.47,0.0,0.0,,6.0
24/12/2024,13,49,7.5,93,0.9,0.0,0.0,,6.5
24/12/2024,14,48,7.9,93,0.94,0.0,0.0,,6.9
24/12/2024,15,50,7.7,93,1.19,0.0,0.0,,6.7
24/12/2024,16,50,8.1,92,1.2,0.0,0.0,,7.0
24/12/2024,17,45,8.1,94,1.23,0.0,0.0,,7.2
24/12/2024,18,41,8.0,94,1.7,0.0,0.0,,7.2
24/12/2024,19,34,8.1,94,1.43,0.0,0.0,,7.3
24/12/2024,20,24,8.5,95,1.91,0.0,0.0,,7.7
24/12/2024,21,17,8.9,96,1.68,0.0,0.0,,8.3
24/12/2024,22,13,9.1,97,1.38,0.0,0.0,,8.6
24/12/2024,23,14,9.4,96,1.46,0.0,0.0,,8.9
25/01/2023,0,21,1.8,83,3.01,0.0,0.0,,-0.9
25/01/2023,1,8,1.5,84,2.69,0.0,0.0,,-0.9
25/01/2023,2,5,1.6,82,2.72,0.0,0.0,,-1.1
25/01/2023,3,3,1.4,83,2.4,0.0,0.0,,-1.2
25/01/2023,4,3,1.3,83,2.43,0.0,0.0,,-1.2
25/01/2023,5,6,1.4,84,2.91,0.0,0.0,,-1.1
25/01/2023,6,14,1.4,84,2.8,0.0,0.0,,-1.0
25/01/2023,7,62,1.4,85,3.01,0.0,0.0,,-0.9
25/01/2023,8,210,1.4,85,3.21,0.0,0.0,,-0.9
25/01/2023,9,209,1.4,86,3.1,0.0,0.0,,-0.8
25/01/2023,10,76,1.5,86,2.81,0.0,0.0,,-0.6
25/01/2023,11,58,2.0,85,3.01,0.0,0.0,,-0.3
25/01/2023,12,83,2.3,84,3.4,0.0,0.0,,-0.1
25/01/2023,13,83,2.4,85,3.0,0.0,0.0,,0.2
25/01/2023,14,74,0.9,86,2.81,0.0,0.0,,-1.0
25/01/2023,15,65,1.1,85,2.51,0.0,0.0,,-1.1
25/01/2023,16,79,1.2,84,2.2,0.0,0.0,,-1.2
25/01/2023,17,123,1.2,83,2.44,0.0,0.0,,-1.4
25/01/2023,18,199,0.9,83,2.77,0.0,0.0,,-1.6
25/01/2023,19,189,0.8,82,3.0,0.0,0.0,,-1.9
25/01/2023,20,101,0.9,81,3.18,0.0,0.0,,-2.0
25/01/2023,21,56,1.0,82,3.04,0.0,0.0,,-1.8
25/01/2023,22,49,0.7,85,1.7,0.0,0.0,,-1.5
25/01/2023,23,42,0.7,85,1.0,0.0,0.0,,-1.6
25/01/2024,0,24,8.2,92,2.86,0.0,0.0,,7.0
25/01/2024,1,12,9.8,94,1.87,0.0,0.0,,8.8
25/01/2024,2,7,10.3,96,1.63,0.0,0.0,,9.6
25/01/2024,3,4,9.4,93,1.2,0.6,0.0,,8.2
25/01/2024,4,4,9.4,92,0.86,0.0,0.0,,8.1
25/01/2024,5,7,9.3,93,0.98,0.0,0.0,,8.3
25/01/2024,6,17,9.4,92,1.55,0.0,0.0,,8.1
25/01/2024,7,60,9.4,92,2.2,0.0,0.0,,8.1
25/01/2024,8,200,9.4,93,2.5,0.0,0.0,,8.4
25/01/2024,9,181,9.9,96,2.24,0.0,0.0,,9.3
25/01/2024,10,73,10.6,96,3.47,0.0,0.0,,10.1
25/01/2024,11,61,11.1,93,4.12,0.0,0.0,,10.0
25/01/2024,12,79,11.4,91,3.44,0.0,0.0,,10.1
25/01/2024,13,81,12.3,86,3.96,0.0,0.0,,9.9
25/01/2024,14,82,12.6,83,4.53,0.0,0.0,,9.9
25/01/2024,15,75,12.9,83,3.52,0.0,0.0,,10.1
25/01/2024,16,90,12.6,83,3.47,0.0,0.0,,9.9
25/01/2024,17,128,12.1,85,2.76,0.0,0.0,,9.7
25/01/2024,18,189,11.8,86,2.31,0.0,0.0,,9.5
25/01/2024,19,172,11.3,89,2.78,0.4,0.0,,9.6
25/01/2024,20,107,11.1,90,2.42,0.4,0.0,,9.4
25/01/2024,21,65,10.9,89,3.11,0.1,0.0,,9.1
25/01/2024,22,63,10.6,90,3.25,0.0,0.0,,9.0
25/01/2024,23,56,10.9,90,3.22,0.0,0.0,,9.2
25/02/2023,0,34,5.7,85,3.01,0.0,0.0,,3.3
25/02/2023,1,24,5.4,87,3.21,0.0,0.0,,3.5
25/02/2023,2,20,5.5,84,2.22,0.0,0.0,,3.0
25/02/2023,3,12,5.7,81,2.51,0.0,0.0,,2.8
25/02/2023,4,10,5.2,84,2.8,0.0,0.0,,2.7
25/02/2023,5,8,3.1,94,2.52,0.0,0.0,,2.2
25/02/2023,6,9,2.2,96,2.33,0.0,0.0,,1.6
25/02/2023,7,12,1.6,96,2.33,0.0,0.0,,1.1
25/02/2023,8,26,1.4,96,2.9,0.0,0.0,,0.8
25/02/2023,9,44,1.4,95,3.13,0.0,0.0,,0.6
25/02/2023,10,60,2.9,90,3.21,0.0,0.0,,1.5
25/02/2023,11,68,4.9,82,3.44,0.0,0.0,,2.2
25/02/2023,12,81,6.8,67,4.68,0.0,0.0,,1.2
25/02/2023,13,77,7.7,56,6.09,0.0,0.0,,-0.6
25/02/2023,14,78,6.2,73,3.98,0.0,0.0,,1.6
25/02/2023,15,83,7.4,56,5.77,0.0,0.0,,-0.9
25/02/2023,16,87,7.8,52,6.22,0.0,0.0,,-1.5
25/02/2023,17,85,7.5,56,6.26,0.1,0.0,,-0.8
25/02/2023,18,85,7.2,57,5.42,0.0,0.0,,-0.9
25/02/2023,19,82,6.3,60,4.97,0.0,0.0,,-0.8
25/02/2023,20,61,6.1,61,4.07,0.0,0.0,,-0.9
25/02/2023,21,43,6.0,60,4.25,0.0,0.0,,-1.2
25/02/2023,22,32,5.7,61,4.7,0.0,0.0,,-1.4
25/02/2023,23,31,4.8,65,5.58,0.0,0.0,,-1.2
25/02/2024,0,27,4.3,93,4.04,0.0,0.0,,3.2
25/02/2024,1,20,4.2,93,3.97,0.0,0.0,,3.0
25/02/2024,2,21,4.1,92,3.89,0.0,0.0,,2.9
25/02/2024,3,12,4.4,93,3.42,0.1,0.0,,3.3
25/02/2024,4,9,4.0,94,3.09,0.0,0.0,,3.1
25/02/2024,5,7,3.7,95,3.32,0.0,0.0,,2.9
25/02/2024,6,7,3.6,95,3.63,0.0,0.0,,2.8
25/02/2024,7,8,3.5,96,3.81,0.0,0.0,,2.9
25/02/2024,8,16,3.3,96,3.9,0.0,0.0,,2.8
25/02/2024,9,26,3.8,96,4.04,0.0,0.0,,3.3
25/02/2024,10,38,5.1,94,4.85,0.0,0.0,,4.2
25/02/2024,11,43,6.1,90,5.79,0.3,0.0,,4.5
25/02/2024,12,55,6.8,87,5.66,0.5,0.0,,4.8
25/02/2024,13,51,7.2,87,5.19,0.1,0.0,,5.2
25/02/2024,14,50,7.8,85,6.66,0.2,0.0,,5.4
25/02/2024,15,45,8.8,83,5.81,0.1,0.0,,6.0
25/02/2024,16,43,8.3,87,6.25,0.4,0.0,,6.2
25/02/2024,17,34,8.1,88,6.46,0.6,0.0,,6.2
25/02/2024,18,37,7.9,88,6.04,1.2,0.0,,6.0
25/02/2024,19,38,7.8,88,6.01,1.7,0.0,,6.0
25/02/2024,20,31,7.8,88,6.01,0.7,0.0,,6.1
25/02/2024,21,22,7.6,88,5.8,0.5,0.0,,5.8
25/02/2024,22,21,7.4,89,5.03,0.8,0.0,,5.7
25/02/2024,23,16,7.3,90,4.39,1.1,0.0,,5.7
25/03/2023,0,33,9.2,76,7.7,0.0,0.0,,5.2
25/03/2023,1,23,9.1,76,7.63,0.0,0.0,,5.1
25/03/2023,2,19,9.1,77,7.25,0.0,0.0,,5.3
25/03/2023,3,12,8.9,77,7.13,0.0,0.0,,5.1
25/03/2023,4,10,8.6,79,7.25,0.0,0.0,,5.1
25/03/2023,5,9,8.6,79,7.52,0.1,0.0,,5.3
25/03/2023,6,9,8.2,80,7.16,0.0,0.0,,5.1
25/03/2023,7,18,8.2,79,6.77,0.0,0.0,,4.9
25/03/2023,8,40,8.2,80,6.71,0.0,0.0,,4.9
25/03/2023,9,58,9.1,75,7.11,0.0,0.0,,4.9
25/03/2023,10,73,10.1,72,6.77,0.0,0.0,,5.2
25/03/2023,11,82,11.4,63,10.1,0.0,0.0,,4.7
25/03/2023,12,97,11.8,61,9.55,0.0,0.0,,4.4
25/03/2023,13,94,12.4,59,9.06,0.1,0.0,,4.7
25/03/2023,14,96,10.6,71,7.88,0.0,0.0,,5.6
25/03/2023,15,110,12.6,66,7.89,0.1,0.0,,6.4
25/03/2023,16,112,13.6,54,8.27,0.1,0.0,,4.4
25/03/2023,17,119,13.3,54,7.91,0.1,0.0,,4.2
25/03/2023,18,120,13.8,49,7.16,0.0,0.0,,3.3
25/03/2023,19,110,13.0,54,5.33,0.0,0.0,,3.8
25/03/2023,20,79,11.7,59,4.06,0.0,0.0,,3.9
25/03/2023,21,53,10.8,66,4.24,0.0,0.0,,4.7
25/03/2023,22,43,10.2,72,3.94,0.0,0.0,,5.4
25/03/2023,23,46,9.6,76,3.57,0.0,0.0,,5.6
25/03/2024,0,13,3.2,90,2.09,0.0,0.0,,1.7
25/03/2024,1,7,2.8,91,2.19,0.0,0.0,,1.5
25/03/2024,2,6,2.0,93,2.41,0.0,0.0,,1.0
25/03/2024,3,4,2.3,91,1.8,0.0,0.0,,1.1
25/03/2024,4,4,1.4,95,1.73,0.0,0.0,,0.7
25/03/2024,5,8,1.0,96,2.35,0.0,0.0,,0.5
25/03/2024,6,19,1.5,95,1.92,0.0,0.0,,0.8
25/03/2024,7,71,1.6,94,1.89,0.0,0.0,,0.9
25/03/2024,8,248,2.3,93,1.98,0.0,0.0,,1.2
25/03/2024,9,203,4.0,88,3.11,0.0,0.0,,2.2
25/03/2024,10,78,6.4,81,3.32,0.0,0.0,,3.5
25/03/2024,11,66,9.2,74,4.4,0.0,0.0,,4.8
25/03/2024,12,88,10.7,63,5.86,0.0,0.0,,4.0
25/03/2024,13,89,11.4,58,5.75,0.0,0.0,,3.5
25/03/2024,14,82,11.8,54,5.52,0.0,0.0,,2.9
25/03/2024,15,81,12.9,53,5.41,0.0,0.0,,3.6
25/03/2024,16,94,12.9,50,6.0,0.0,0.0,,2.8
25/03/2024,17,157,12.8,51,6.08,0.0,0.0,,2.8
25/03/2024,18,249,12.3,53,5.37,0.0,0.0,,3.0
25/03/2024,19,210,11.7,57,4.62,0.0,0.0,,3.3
25/03/2024,20,110,10.7,58,4.24,0.0,0.0,,2.8
25/03/2024,21,66,10.1,58,3.96,0.0,0.0,,2.2
25/03/2024,22,56,9.6,59,3.64,0.0,0.0,,1.9
25/03/2024,23,40,8.6,63,2.97,0.0,0.0,,1.9
25/04/2023,0,15,8.6,90,2.42,0.2,0.0,,7.0
25/04/2023,1,7,7.9,90,2.82,0.0,0.0,,6.3
25/04/2023,2,4,7.6,92,1.73,0.0,0.0,,6.3
25/04/2023,3,3,6.5,94,1.87,0.0,0.0,,5.6
25/04/2023,4,3,6.2,93,2.43,0.0,0.0,,5.2
25/04/2023,5,6,6.0,94,2.73,0.0,0.0,,5.1
25/04/2023,6,17,6.1,94,2.91,0.0,0.0,,5.2
25/04/2023,7,61,6.8,93,3.44,0.0,0.0,,5.8
25/04/2023,8,215,7.2,91,4.0,0.0,0.0,,5.9
25/04/2023,9,210,7.7,88,3.86,0.0,0.0,,5.8
25/04/2023,10,75,8.1,77,4.64,0.1,0.0,,4.3
25/04/2023,11,58,8.8,72,4.78,0.1,0.0,,3.9
25/04/2023,12,78,9.1,72,3.94,0.1,0.0,,4.2
25/04/2023,13,75,10.8,63,3.26,0.2,0.0,,4.0
25/04/2023,14,71,9.9,67,3.03,0.0,0.0,,4.1
25/04/2023,15,66,10.7,64,2.83,0.0,0.0,,4.2
25/04/2023,16,82,11.4,58,2.93,0.1,0.0,,3.5
25/04/2023,17,130,11.2,59,2.67,0.0,0.0,,3.5
25/04/2023,18,228,11.4,57,2.21,0.0,0.0,,3.2
25/04/2023,19,218,11.1,57,1.91,0.0,0.0,,2.9
25/04/2023,20,121,10.4,62,1.5,0.0,0.0,,3.5
25/04/2023,21,68,7.2,77,2.44,0.0,0.0,,3.5
25/04/2023,22,62,6.2,81,2.35,0.0,0.0,,3.2
25/04/2023,23,51,5.1,87,2.45,0.0,0.0,,3.0
25/04/2024,0,28,3.0,91,2.01,0.0,0.0,,1.5
25/04/2024,1,15,2.4,92,1.87,0.0,0.0,,1.3
25/04/2024,2,8,1.8,95,1.87,0.0,0.0,,1.0
25/04/2024,3,5,5.2,81,1.7,0.0,0.0,,2.2
25/04/2024,4,4,4.4,86,1.1,0.0,0.0,,2.3
25/04/2024,5,8,3.5,93,1.3,0.0,0.0,,2.4
25/04/2024,6,20,2.3,96,1.73,0.0,0.0,,1.8
25/04/2024,7,74,1.5,98,1.65,0.0,0.0,,1.1
25/04/2024,8,250,3.6,94,0.81,0.0,0.0,,2.7
25/04/2024,9,225,5.8,84,0.57,0.0,0.0,,3.3
25/04/2024,10,93,7.8,72,1.33,0.0,0.0,,3.1
25/04/2024,11,81,9.4,56,2.13,0.1,0.0,,0.9
25/04/2024,12,103,10.0,51,2.62,0.0,0.0,,0.4
25/04/2024,13,98,11.0,49,2.69,0.0,0.0,,0.6
25/04/2024,14,93,11.5,46,2.91,0.0,0.0,,0.2
25/04/2024,15,87,12.1,44,2.72,0.0,0.0,,0.1
25/04/2024,16,105,11.9,46,2.56,0.0,0.0,,0.6
25/04/2024,17,166,12.1,48,3.08,0.0,0.0,,1.5
25/04/2024,18,246,12.1,50,3.11,0.0,0.0,,2.0
25/04/2024,19,229,12.1,49,2.56,0.0,0.0,,1.8
25/04/2024,20,132,11.6,55,1.64,0.0,0.0,,2.9
25/04/2024,21,85,8.0,69,2.28,0.0,0.0,,2.7
25/04/2024,22,79,6.8,76,2.34,0.0,0.0,,2.8
25/04/2024,23,72,6.3,78,2.14,0.0,0.0,,2.8
25/05/2023,0,42,12.1,77,1.96,0.0,0.0,,8.3
25/05/2023,1,18,11.3,83,2.12,0.0,0.0,,8.5
25/05/2023,2,10,11.8,84,2.38,0.0,0.0,,9.1
25/05/2023,3,5,11.8,82,2.94,0.0,0.0,,8.8
25/05/2023,4,4,11.8,80,3.49,0.0,0.0,,8.4
25/05/2023,5,9,11.4,80,3.94,0.0,0.0,,8.1
25/05/2023,6,21,9.9,86,3.85,0.0,0.0,,7.6
25/05/2023,7,88,10.1,84,4.34,0.0,0.0,,7.4
25/05/2023,8,290,11.3,80,4.22,0.0,0.0,,7.9
25/05/2023,9,254,12.8,74,5.06,0.0,0.0,,8.2
25/05/2023,10,102,14.5,67,5.73,0.0,0.0,,8.6
25/05/2023,11,85,16.0,59,6.01,0.0,0.0,,8.0
25/05/2023,12,115,17.4,53,5.95,0.0,0.0,,7.6
25/05/2023,13,110,18.2,51,5.73,0.0,0.0,,8.0
25/05/2023,14,103,19.5,44,5.67,0.0,0.0,,7.0
25/05/2023,15,99,20.0,46,5.98,0.0,0.0,,8.1
25/05/2023,16,123,20.1,50,6.46,0.0,0.0,,9.5
25/05/2023,17,192,20.1,51,6.36,0.0,0.0,,9.7
25/05/2023,18,292,20.0,51,5.98,0.0,0.0,,9.6
25/05/2023,19,273,19.4,54,5.66,0.0,0.0,,9.9
25/05/2023,20,164,18.4,58,4.99,0.0,0.0,,10.1
25/05/2023,21,98,16.9,64,4.29,0.0,0.0,,9.9
25/05/2023,22,90,15.4,67,3.94,0.0,0.0,,9.4
25/05/2023,23,81,14.4,70,4.07,0.0,0.0,,9.0
25/05/2024,0,56,12.5,92,1.57,0.0,0.0,,11.2
25/05/2024,1,41,11.8,93,1.89,0.0,0.0,,10.6
25/05/2024,2,31,10.8,91,1.84,0.0,0.0,,9.4
25/05/2024,3,18,11.0,90,1.79,0.0,0.0,,9.5
25/05/2024,4,13,10.8,91,1.36,0.0,0.0,,9.4
25/05/2024,5,13,10.6,93,1.14,0.0,0.0,,9.4
25/05/2024,6,15,10.0,95,1.22,0.0,0.0,,9.2
25/05/2024,7,24,10.5,93,1.08,0.0,0.0,,9.4
25/05/2024,8,47,12.1,88,0.8,0.0,0.0,,10.2
25/05/2024,9,74,13.5,87,1.65,0.0,0.0,,11.4
25/05/2024,10,93,14.8,81,1.68,0.0,0.0,,11.6
25/05/2024,11,108,16.0,75,1.58,0.0,0.0,,11.6
25/05/2024,12,124,16.9,73,1.7,0.1,0.0,,12.0
25/05/2024,13,123,18.0,66,1.75,0.2,0.0,,11.6
25/05/2024,14,125,19.0,66,1.93,0.3,0.0,,12.4
25/05/2024,15,144,19.4,55,2.15,0.5,0.0,,10.2
25/05/2024,16,148,19.8,57,2.16,0.7,0.0,,11.1
25/05/2024,17,151,20.1,59,2.31,0.0,0.0,,11.9
25/05/2024,18,155,20.1,60,2.47,0.0,0.0,,12.1
25/05/2024,19,152,19.6,61,2.35,0.0,0.0,,11.8
25/05/2024,20,123,18.6,65,1.66,0.0,0.0,,12.0
25/05/2024,21,82,17.6,74,1.34,0.2,0.0,,13.0
25/05/2024,22,67,15.6,82,2.64,0.1,0.0,,12.4
25/05/2024,23,71,14.7,88,1.98,0.0,0.0,,12.7
25/06/2023,0,69,20.1,74,2.28,0.0,0.0,,15.3
25/06/2023,1,51,19.1,79,2.02,0.0,0.0,,15.4
25/06/2023,2,43,18.4,86,2.04,0.0,0.0,,16.0
25/06/2023,3,25,17.7,88,2.0,0.0,0.0,,15.6
25/06/2023,4,17,16.6,90,2.61,0.0,0.0,,14.9
25/06/2023,5,14,17.1,85,2.21,0.0,0.0,,14.5
25/06/2023,6,13,16.9,85,2.06,0.0,0.0,,14.2
25/06/2023,7,18,17.7,83,1.75,0.0,0.0,,14.8
25/06/2023,8,33,19.5,78,1.57,0.0,0.0,,15.5
25/06/2023,9,52,21.5,72,1.75,0.0,0.0,,16.1
25/06/2023,10,74,23.5,67,2.05,0.0,0.0,,17.0
25/06/2023,11,96,25.7,62,2.16,0.0,0.0,,17.8
25/06/2023,12,108,27.8,53,2.53,0.0,0.0,,17.3
25/06/2023,13,95,29.4,43,3.16,0.0,0.0,,15.6
25/06/2023,14,95,30.9,35,3.14,0.0,0.0,,13.6
25/06/2023,15,109,31.4,34,3.4,0.0,0.0,,13.5
25/06/2023,16,110,31.5,32,3.73,0.0,0.0,,13.0
25/06/2023,17,120,31.5,33,4.03,0.0,0.0,,13.1
25/06/2023,18,127,31.2,35,3.74,0.0,0.0,,13.8
25/06/2023,19,117,31.0,34,3.42,0.0,0.0,,13.6
25/06/2023,20,96,29.9,40,2.86,0.0,0.0,,14.8
25/06/2023,21,72,27.5,47,2.53,0.0,0.0,,15.3
25/06/2023,22,66,25.6,50,3.36,0.0,0.0,,14.3
25/06/2023,23,51,21.9,69,5.8,0.0,0.0,,15.9
25/06/2024,0,34,18.9,79,2.42,0.0,0.0,,15.2
25/06/2024,1,18,18.0,83,2.2,0.0,0.0,,14.9
25/06/2024,2,10,17.0,87,2.1,0.0,0.0,,14.9
25/06/2024,3,6,17.3,87,2.15,0.0,0.0,,15.1
25/06/2024,4,6,16.6,89,1.96,0.0,0.0,,14.8
25/06/2024,5,9,16.4,90,1.99,0.0,0.0,,14.7
25/06/2024,6,26,15.8,92,1.88,0.0,0.0,,14.4
25/06/2024,7,89,17.0,88,2.1,0.0,0.0,,15.1
25/06/2024,8,283,18.5,84,1.71,0.0,0.0,,15.8
25/06/2024,9,259,20.1,80,1.79,0.0,0.0,,16.5
25/06/2024,10,97,22.0,75,2.08,0.0,0.0,,17.2
25/06/2024,11,83,23.9,68,2.19,0.0,0.0,,17.6
25/06/2024,12,103,25.5,62,2.55,0.0,0.0,,17.5
25/06/2024,13,100,26.6,53,3.18,0.0,0.0,,16.4
25/06/2024,14,104,27.4,49,3.3,0.0,0.0,,15.9
25/06/2024,15,95,27.5,46,3.28,0.0,0.0,,14.8
25/06/2024,16,119,27.8,45,3.04,0.0,0.0,,14.9
25/06/2024,17,210,27.8,44,3.31,0.0,0.0,,14.6
25/06/2024,18,271,27.4,48,2.66,0.0,0.0,,15.4
25/06/2024,19,231,27.6,46,1.9,0.0,0.0,,15.1
25/06/2024,20,163,27.4,49,0.51,0.0,0.0,,15.6
25/06/2024,21,99,25.3,69,1.27,0.0,0.0,,19.2
25/06/2024,22,93,23.5,67,2.15,0.0,0.0,,17.0
25/06/2024,23,84,22.2,73,2.35,0.0,0.0,,17.2
25/07/2023,0,23,16.6,92,1.36,5.9,0.0,,15.4
25/07/2023,1,11,16.2,92,0.99,5.4,0.0,,14.9
25/07/2023,2,5,16.3,91,0.54,0.6,0.0,,14.8
25/07/2023,3,3,16.0,93,1.34,1.4,0.0,,14.9
25/07/2023,4,3,15.7,96,1.75,1.8,0.0,,15.0
25/07/2023,5,6,15.6,94,2.58,1.1,0.0,,14.6
25/07/2023,6,11,14.9,96,3.5,0.2,0.0,,14.2
25/07/2023,7,37,14.6,93,4.59,0.9,0.0,,13.4
25/07/2023,8,138,14.6,90,3.37,0.3,0.0,,13.0
25/07/2023,9,154,15.4,85,3.7,0.0,0.0,,12.9
25/07/2023,10,60,15.8,80,3.91,0.0,0.0,,12.3
25/07/2023,11,51,16.4,73,4.44,0.0,0.0,,11.4
25/07/2023,12,74,17.5,64,4.31,0.1,0.0,,10.5
25/07/2023,13,72,18.5,56,4.66,0.0,0.0,,9.6
25/07/2023,14,68,18.0,63,3.38,0.0,0.0,,10.9
25/07/2023,15,67,18.9,58,4.03,0.0,0.0,,10.4
25/07/2023,16,70,19.8,53,4.1,0.0,0.0,,9.9
25/07/2023,17,119,19.7,52,4.3,0.1,0.0,,9.5
25/07/2023,18,198,19.9,50,4.03,0.0,0.0,,9.1
25/07/2023,19,170,19.5,49,4.34,0.0,0.0,,8.4
25/07/2023,20,106,18.5,53,3.83,0.0,0.0,,8.7
25/07/2023,21,66,17.9,57,2.42,0.0,0.0,,9.3
25/07/2023,22,57,15.7,68,1.91,0.0,0.0,,9.8
25/07/2023,23,54,14.6,71,2.04,0.0,0.0,,9.6
25/07/2024,0,50,20.5,56,2.63,0.0,0.0,,11.4
25/07/2024,1,27,20.3,56,2.88,0.0,0.0,,11.1
25/07/2024,2,17,20.0,58,2.28,0.0,0.0,,11.6
25/07/2024,3,9,19.0,70,2.06,0.0,0.0,,13.5
25/07/2024,4,8,17.8,81,1.4,0.0,0.0,,14.4
25/07/2024,5,12,16.2,90,1.6,0.0,0.0,,14.6
25/07/2024,6,24,15.7,93,1.51,0.0,0.0,,14.6
25/07/2024,7,61,16.2,90,1.53,0.0,0.0,,14.6
25/07/2024,8,171,18.1,81,1.5,0.0,0.0,,14.8
25/07/2024,9,173,20.4,72,1.22,0.0,0.0,,15.2
25/07/2024,10,80,22.5,63,1.84,0.0,0.0,,15.2
25/07/2024,11,73,24.3,53,2.55,0.0,0.0,,14.2
25/07/2024,12,99,25.1,49,3.05,0.0,0.0,,13.8
25/07/2024,13,91,26.1,45,3.31,0.0,0.0,,13.4
25/07/2024,14,88,27.4,40,3.58,0.0,0.0,,12.7
25/07/2024,15,82,27.3,43,3.59,0.0,0.0,,13.8
25/07/2024,16,94,28.3,41,3.26,0.0,0.0,,13.7
25/07/2024,17,143,28.0,41,3.52,0.0,0.0,,13.5
25/07/2024,18,199,28.0,41,3.91,0.0,0.0,,13.4
25/07/2024,19,179,27.4,42,3.8,0.0,0.0,,13.4
25/07/2024,20,114,26.1,48,2.75,0.0,0.0,,14.4
25/07/2024,21,75,25.1,52,2.79,0.0,0.0,,14.4
25/07/2024,22,71,23.8,54,2.94,0.0,0.0,,13.8
25/07/2024,23,76,23.0,62,3.52,0.0,0.0,,15.4
25/08/2023,0,36,22.5,83,1.77,0.0,0.0,,19.6
25/08/2023,1,21,21.7,86,1.82,0.0,0.0,,19.3
25/08/2023,2,13,20.9,92,3.55,1.0,0.0,,19.5
25/08/2023,3,7,20.2,89,3.94,1.8,0.0,,18.3
25/08/2023,4,6,20.1,89,1.43,0.0,0.0,,18.2
25/08/2023,5,9,19.3,94,4.12,13.5,0.0,,18.4
25/08/2023,6,17,19.3,97,3.35,5.9,0.0,,18.8
25/08/2023,7,45,19.1,98,2.01,2.3,0.0,,18.8
25/08/2023,8,121,19.5,96,2.59,0.0,0.0,,18.8
25/08/2023,9,128,20.0,96,2.86,0.9,0.0,,19.4
25/08/2023,10,65,19.6,90,4.22,0.4,0.0,,17.9
25/08/2023,11,56,19.8,88,2.85,0.0,0.0,,17.8
25/08/2023,12,74,20.5,82,2.98,0.0,0.0,,17.4
25/08/2023,13,73,22.4,71,2.91,0.0,0.0,,16.9
25/08/2023,14,72,21.4,75,3.41,0.0,0.0,,16.8
25/08/2023,15,76,21.4,75,3.81,0.4,0.0,,16.8
25/08/2023,16,94,21.3,74,4.46,0.3,0.0,,16.5
25/08/2023,17,134,21.0,70,4.78,0.1,0.0,,15.2
25/08/2023,18,163,20.8,62,4.06,0.1,0.0,,13.2
25/08/2023,19,134,20.6,60,3.36,0.0,0.0,,12.6
25/08/2023,20,92,19.5,62,3.55,0.0,0.0,,12.1
25/08/2023,21,62,18.5,64,2.73,0.0,0.0,,11.6
25/08/2023,22,49,18.0,66,2.55,0.0,0.0,,11.6
25/08/2023,23,49,17.2,69,1.78,0.0,0.0,,11.6
25/08/2024,0,30,16.1,71,4.8,0.0,0.0,,10.9
25/08/2024,1,22,15.5,72,4.5,0.0,0.0,,10.5
25/08/2024,2,16,14.7,75,3.81,0.0,0.0,,10.3
25/08/2024,3,10,13.5,82,3.45,0.0,0.0,,10.5
25/08/2024,4,8,12.9,84,3.28,0.0,0.0,,10.2
25/08/2024,5,7,12.4,84,3.1,0.0,0.0,,9.8
25/08/2024,6,9,11.8,86,2.85,0.0,0.0,,9.6
25/08/2024,7,12,11.4,88,2.47,0.0,0.0,,9.5
25/08/2024,8,21,12.2,85,3.22,0.0,0.0,,9.8
25/08/2024,9,33,14.0,78,3.18,0.0,0.0,,10.2
25/08/2024,10,52,16.1,68,3.74,0.0,0.0,,10.3
25/08/2024,11,68,17.8,59,4.21,0.0,0.0,,9.7
25/08/2024,12,77,18.9,55,3.81,0.0,0.0,,9.6
25/08/2024,13,75,20.1,49,4.11,0.0,0.0,,9.1
25/08/2024,14,83,20.9,44,4.12,0.0,0.0,,8.1
25/08/2024,15,98,20.5,46,3.1,0.0,0.0,,8.4
25/08/2024,16,96,21.2,42,3.45,0.0,0.0,,7.8
25/08/2024,17,99,21.1,42,3.18,0.0,0.0,,7.8
25/08/2024,18,101,21.2,41,2.82,0.0,0.0,,7.4
25/08/2024,19,91,20.6,42,2.71,0.0,0.0,,7.2
25/08/2024,20,71,19.5,49,1.73,0.0,0.0,,8.6
25/08/2024,21,54,17.4,57,1.78,0.0,0.0,,8.6
25/08/2024,22,43,16.0,61,2.06,0.0,0.0,,8.4
25/08/2024,23,35,14.6,70,2.33,0.0,0.0,,9.2
25/09/2023,0,20,12.6,78,2.24,0.0,0.0,,8.9
25/09/2023,1,10,12.2,80,2.42,0.0,0.0,,8.8
25/09/2023,2,6,12.0,82,2.09,0.0,0.0,,9.0
25/09/2023,3,4,10.4,88,2.42,0.0,0.0,,8.5
25/09/2023,4,4,10.1,90,2.09,0.0,0.0,,8.5
25/09/2023,5,8,9.6,92,2.09,0.0,0.0,,8.3
25/09/2023,6,22,9.1,93,2.15,0.0,0.0,,8.1
25/09/2023,7,95,9.1,94,1.86,0.0,0.0,,8.2
25/09/2023,8,315,8.9,95,1.7,0.0,0.0,,8.2
25/09/2023,9,263,11.0,89,2.39,0.0,0.0,,9.2
25/09/2023,10,94,13.4,82,1.79,0.0,0.0,,10.4
25/09/2023,11,78,16.1,75,1.71,0.0,0.0,,11.7
25/09/2023,12,107,18.5,68,1.2,0.0,0.0,,12.6
25/09/2023,13,110,20.4,64,1.04,0.0,0.0,,13.2
25/09/2023,14,97,21.4,61,1.22,0.0,0.0,,13.6
25/09/2023,15,97,22.3,61,1.14,0.0,0.0,,14.3
25/09/2023,16,127,22.5,61,1.17,0.0,0.0,,14.6
25/09/2023,17,210,22.8,60,1.63,0.0,0.0,,14.7
25/09/2023,18,329,22.5,61,2.06,0.0,0.0,,14.6
25/09/2023,19,282,21.0,69,2.31,0.0,0.0,,15.1
25/09/2023,20,145,19.0,73,2.02,0.0,0.0,,14.1
25/09/2023,21,85,19.2,71,1.84,0.0,0.0,,13.9
25/09/2023,22,72,17.5,80,1.91,0.0,0.0,,13.9
25/09/2023,23,50,17.6,79,1.63,0.0,0.0,,13.9
25/09/2024,0,26,13.1,93,2.19,0.0,0.0,,12.0
25/09/2024,1,15,13.0,92,2.28,0.0,0.0,,11.8
25/09/2024,2,9,12.9,93,2.42,0.0,0.0,,11.7
25/09/2024,3,6,13.3,93,1.93,0.2,0.0,,12.1
25/09/2024,4,5,13.1,93,2.2,0.4,0.0,,11.9
25/09/2024,5,9,12.9,92,1.91,0.3,0.0,,11.6
25/09/2024,6,19,12.1,95,1.8,0.0,0.0,,11.4
25/09/2024,7,73,12.4,95,2.44,0.0,0.0,,11.6
25/09/2024,8,214,12.4,95,3.27,0.0,0.0,,11.6
25/09/2024,9,171,13.0,93,4.05,0.0,0.0,,11.9
25/09/2024,10,64,13.9,90,5.38,0.0,0.0,,12.3
25/09/2024,11,64,15.1,82,5.41,0.0,0.0,,12.1
25/09/2024,12,92,15.4,80,4.14,0.0,0.0,,11.9
25/09/2024,13,86,15.2,84,2.65,0.3,0.0,,12.5
25/09/2024,14,70,15.6,85,2.55,0.1,0.0,,13.0
25/09/2024,15,56,17.0,80,2.8,0.1,0.0,,13.6
25/09/2024,16,62,16.7,87,3.74,0.4,0.0,,14.6
25/09/2024,17,101,15.9,91,6.08,1.8,0.0,,14.4
25/09/2024,18,166,15.6,91,4.98,1.7,0.0,,14.1
25/09/2024,19,134,15.5,91,4.65,1.4,0.0,,14.1
25/09/2024,20,71,15.4,92,4.56,1.5,0.0,,14.1
25/09/2024,21,41,15.6,91,6.56,3.6,0.0,,14.2
25/09/2024,22,40,16.0,91,7.07,3.8,0.0,,14.5
25/09/2024,23,34,16.5,90,5.85,0.4,0.0,,14.9
25/10/2023,0,33,11.0,85,3.64,0.0,0.0,,8.6
25/10/2023,1,15,11.1,84,4.05,0.0,0.0,,8.4
25/10/2023,2,7,12.3,78,4.53,0.8,0.0,,8.5
25/10/2023,3,3,11.9,86,4.53,4.4,0.0,,9.6
25/10/2023,4,3,11.9,86,5.24,0.1,0.0,,9.6
25/10/2023,5,6,11.8,86,6.48,2.1,0.0,,9.4
25/10/2023,6,15,12.0,89,5.66,3.5,0.0,,10.3
25/10/2023,7,52,13.2,88,7.63,1.0,0.0,,11.3
25/10/2023,8,186,13.4,92,5.59,0.5,0.0,,12.1
25/10/2023,9,214,13.4,92,4.84,0.1,0.0,,12.1
25/10/2023,10,82,13.6,91,5.42,0.1,0.0,,12.2
25/10/2023,11,64,13.8,88,5.32,0.2,0.0,,11.9
25/10/2023,12,87,13.6,91,4.09,0.4,0.0,,12.1
25/10/2023,13,58,13.2,92,3.62,0.5,0.0,,11.9
25/10/2023,14,71,13.4,87,4.1,0.6,0.0,,11.4
25/10/2023,15,72,13.8,88,4.74,0.1,0.0,,11.9
25/10/2023,16,91,14.8,84,5.3,0.1,0.0,,12.1
25/10/2023,17,147,15.1,78,5.11,0.1,0.0,,11.2
25/10/2023,18,252,14.1,78,4.7,0.1,0.0,,10.4
25/10/2023,19,234,13.1,80,3.73,0.0,0.0,,9.8
25/10/2023,20,134,12.2,85,2.79,0.0,0.0,,9.8
25/10/2023,21,74,11.8,88,2.72,0.0,0.0,,9.9
25/10/2023,22,72,11.2,90,2.69,0.0,0.0,,9.6
25/10/2023,23,83,11.1,91,2.39,0.0,0.0,,9.7
25/10/2024,0,41,13.6,93,2.98,0.0,0.0,,12.4
25/10/2024,1,24,13.5,93,3.06,0.0,0.0,,12.4
25/10/2024,2,16,13.3,94,3.16,0.0,0.0,,12.4
25/10/2024,3,9,13.8,89,1.28,0.1,0.0,,12.0
25/10/2024,4,8,12.1,95,2.17,0.1,0.0,,11.2
25/10/2024,5,10,12.0,96,2.48,0.0,0.0,,11.4
25/10/2024,6,17,12.1,96,2.58,0.0,0.0,,11.5
25/10/2024,7,49,12.2,96,2.73,0.0,0.0,,11.6
25/10/2024,8,134,12.2,96,3.09,0.0,0.0,,11.6
25/10/2024,9,153,12.3,95,3.22,0.0,0.0,,11.5
25/10/2024,10,78,13.6,91,4.17,0.0,0.0,,12.1
25/10/2024,11,71,14.9,90,3.44,0.0,0.0,,13.2
25/10/2024,12,99,16.6,83,3.93,0.0,0.0,,13.8
25/10/2024,13,97,18.2,77,4.01,0.0,0.0,,14.1
25/10/2024,14,94,19.5,69,5.82,0.0,0.0,,13.6
25/10/2024,15,86,18.3,78,4.16,0.1,0.0,,14.4
25/10/2024,16,100,18.0,78,3.99,0.0,0.0,,14.2
25/10/2024,17,138,17.9,79,3.65,0.0,0.0,,14.1
25/10/2024,18,161,17.2,84,2.26,0.0,0.0,,14.5
25/10/2024,19,134,15.7,91,1.63,0.0,0.0,,14.2
25/10/2024,20,95,14.6,94,1.75,1.3,0.0,,13.8
25/10/2024,21,63,14.4,96,1.13,0.7,0.0,,13.9
25/10/2024,22,57,13.3,97,1.66,0.0,0.0,,12.9
25/10/2024,23,52,12.9,98,1.58,0.0,0.0,,12.6
25/11/2023,0,44,2.9,75,2.72,0.0,0.0,,-1.1
25/11/2023,1,28,2.8,77,3.05,0.0,0.0,,-0.9
25/11/2023,2,24,2.6,79,3.09,0.0,0.0,,-0.6
25/11/2023,3,14,3.2,79,3.16,0.0,0.0,,-0.1
25/11/2023,4,11,2.8,82,3.36,0.0,0.0,,0.2
25/11/2023,5,9,2.6,86,3.26,0.0,0.0,,0.4
25/11/2023,6,9,2.3,89,3.04,0.0,0.0,,0.7
25/11/2023,7,16,2.0,91,3.05,0.0,0.0,,0.8
25/11/2023,8,36,2.0,92,3.01,0.0,0.0,,0.9
25/11/2023,9,58,2.1,92,3.23,0.0,0.0,,1.0
25/11/2023,10,73,3.0,91,3.55,0.0,0.0,,1.6
25/11/2023,11,86,5.2,82,4.94,0.0,0.0,,2.4
25/11/2023,12,108,6.6,76,5.94,0.0,0.0,,2.6
25/11/2023,13,103,7.2,70,5.53,0.0,0.0,,2.1
25/11/2023,14,105,7.8,64,5.24,0.0,0.0,,1.4
25/11/2023,15,115,7.9,62,5.73,0.0,0.0,,1.1
25/11/2023,16,117,7.6,62,5.52,0.0,0.0,,0.8
25/11/2023,17,114,7.2,62,4.74,0.0,0.0,,0.3
25/11/2023,18,109,6.3,64,3.76,0.0,0.0,,0.0
25/11/2023,19,105,4.9,70,3.14,0.0,0.0,,-0.1
25/11/2023,20,76,3.8,77,2.22,0.0,0.0,,0.1
25/11/2023,21,52,2.5,84,2.25,0.0,0.0,,0.2
25/11/2023,22,42,2.0,87,2.12,0.0,0.0,,0.2
25/11/2023,23,41,1.7,89,2.09,0.0,0.0,,0.1
25/11/2024,0,19,15.6,55,6.35,0.0,0.0,,6.6
25/11/2024,1,10,16.4,52,6.52,0.0,0.0,,6.5
25/11/2024,2,6,16.8,51,6.55,0.0,0.0,,6.6
25/11/2024,3,4,16.9,54,6.05,0.0,0.0,,7.4
25/11/2024,4,4,17.3,52,6.52,0.0,0.0,,7.4
25/11/2024,5,10,17.6,51,6.7,0.0,0.0,,7.4
25/11/2024,6,23,17.7,52,6.21,0.0,0.0,,7.8
25/11/2024,7,54,17.5,54,5.34,0.0,0.0,,8.1
25/11/2024,8,170,16.7,59,5.13,0.1,0.0,,8.8
25/11/2024,9,141,15.4,71,5.31,0.7,0.0,,10.1
25/11/2024,10,41,14.5,81,5.8,1.1,0.0,,11.2
25/11/2024,11,28,14.1,86,5.99,1.2,0.0,,11.9
25/11/2024,12,39,13.4,93,5.31,1.5,0.0,,12.3
25/11/2024,13,45,12.1,94,4.36,2.1,0.0,,11.2
25/11/2024,14,47,10.9,90,3.1,0.9,0.0,,9.3
25/11/2024,15,50,9.7,91,2.95,0.6,0.0,,8.4
25/11/2024,16,70,9.8,89,3.18,0.4,0.0,,8.1
25/11/2024,17,118,9.9,90,3.05,0.1,0.0,,8.3
25/11/2024,18,184,9.7,91,3.04,0.0,0.0,,8.4
25/11/2024,19,161,9.2,93,3.02,0.0,0.0,,8.1
25/11/2024,20,92,8.9,93,2.94,0.0,0.0,,7.9
25/11/2024,21,58,8.6,94,2.63,0.0,0.0,,7.6
25/11/2024,22,49,8.2,94,2.98,0.0,0.0,,7.4
25/11/2024,23,33,8.3,93,2.65,0.0,0.0,,7.3
25/12/2023,0,13,11.0,80,6.82,0.0,0.0,,7.8
25/12/2023,1,10,11.2,80,6.16,0.0,0.0,,7.8
25/12/2023,2,8,11.3,80,6.05,0.0,0.0,,7.9
25/12/2023,3,4,11.2,78,6.16,0.0,0.0,,7.6
25/12/2023,4,3,11.1,79,6.41,0.0,0.0,,7.6
25/12/2023,5,3,11.3,79,6.44,0.0,0.0,,7.8
25/12/2023,6,4,11.2,81,6.49,0.0,0.0,,8.1
25/12/2023,7,5,11.4,81,6.95,0.0,0.0,,8.4
25/12/2023,8,7,11.2,82,6.95,0.0,0.0,,8.4
25/12/2023,9,9,10.8,85,6.41,0.0,0.0,,8.4
25/12/2023,10,15,10.6,85,5.92,0.0,0.0,,8.2
25/12/2023,11,22,11.2,81,5.94,0.0,0.0,,8.1
25/12/2023,12,30,11.4,80,5.99,0.0,0.0,,8.1
25/12/2023,13,24,11.9,80,5.34,0.0,0.0,,8.5
25/12/2023,14,24,12.6,78,7.03,0.0,0.0,,8.9
25/12/2023,15,29,11.6,82,5.36,0.0,0.0,,8.6
25/12/2023,16,35,11.6,82,5.48,0.0,0.0,,8.6
25/12/2023,17,35,11.6,81,4.97,0.0,0.0,,8.5
25/12/2023,18,32,11.4,81,5.38,0.0,0.0,,8.3
25/12/2023,19,30,11.2,81,6.09,0.0,0.0,,8.1
25/12/2023,20,23,11.0,82,5.52,0.0,0.0,,8.1
25/12/2023,21,20,10.4,85,5.23,0.0,0.0,,8.0
25/12/2023,22,16,10.6,84,5.23,0.0,0.0,,8.0
25/12/2023,23,13,10.9,81,5.7,0.0,0.0,,7.8
25/12/2024,0,13,9.6,96,1.82,0.0,0.0,,9.1
25/12/2024,1,11,9.9,96,2.06,0.0,0.0,,9.2
25/12/2024,2,8,9.9,96,2.2,0.0,0.0,,9.4
25/12/2024,3,4,8.9,97,0.99,0.0,0.0,,8.4
25/12/2024,4,3,8.9,97,1.0,0.0,0.0,,8.5
25/12/2024,5,4,9.3,96,1.4,0.0,0.0,,8.6
25/12/2024,6,5,9.4,96,1.53,0.0,0.0,,8.8
25/12/2024,7,6,9.4,97,1.53,0.0,0.0,,8.9
25/12/2024,8,7,9.4,98,1.41,0.0,0.0,,9.0
25/12/2024,9,9,9.3,98,1.51,0.0,0.0,,9.0
25/12/2024,10,13,9.3,98,1.63,0.0,0.0,,9.1
25/12/2024,11,19,9.6,98,1.83,0.0,0.0,,9.2
25/12/2024,12,26,9.9,97,2.02,0.0,0.0,,9.5
25/12/2024,13,25,10.6,92,2.12,0.0,0.0,,9.3
25/12/2024,14,24,10.7,89,1.64,0.0,0.0,,8.9
25/12/2024,15,26,9.9,93,0.69,0.0,0.0,,8.7
25/12/2024,16,29,10.0,91,0.38,0.0,0.0,,8.6
25/12/2024,17,31,9.9,93,0.3,0.0,0.0,,8.8
25/12/2024,18,31,9.1,95,0.67,0.0,0.0,,8.4
25/12/2024,19,31,9.1,95,1.2,0.0,0.0,,8.4
25/12/2024,20,25,9.0,96,1.25,0.0,0.0,,8.4
25/12/2024,21,22,8.7,97,0.64,0.0,0.0,,8.2
25/12/2024,22,19,8.4,97,0.38,0.0,0.0,,8.1
25/12/2024,23,15,8.2,98,0.68,0.0,0.0,,7.9
26/01/2023,0,22,0.9,86,1.24,0.0,0.0,,-1.3
26/01/2023,1,10,1.0,86,1.0,0.0,0.0,,-1.0
26/01/2023,2,6,0.1,91,0.61,0.0,0.0,,-1.3
26/01/2023,3,4,0.4,87,1.53,0.0,0.0,,-1.5
26/01/2023,4,3,0.6,87,1.71,0.0,0.0,,-1.3
26/01/2023,5,6,0.6,87,1.93,0.0,0.0,,-1.2
26/01/2023,6,14,0.8,87,1.68,0.0,0.0,,-1.2
26/01/2023,7,58,0.8,86,0.81,0.0,0.0,,-1.2
26/01/2023,8,206,0.9,86,0.95,0.0,0.0,,-1.2
26/01/2023,9,195,0.8,86,1.04,0.0,0.0,,-1.2
26/01/2023,10,72,0.9,86,0.64,0.0,0.0,,-1.1
26/01/2023,11,55,1.1,86,0.73,0.0,0.0,,-0.9
26/01/2023,12,76,1.9,85,2.12,0.0,0.0,,-0.4
26/01/2023,13,72,2.5,85,2.4,0.0,0.0,,0.3
26/01/2023,14,60,2.2,90,2.14,0.1,0.0,,0.7
26/01/2023,15,56,2.9,88,2.9,0.0,0.0,,1.1
26/01/2023,16,73,3.5,89,3.75,0.1,0.0,,1.8
26/01/2023,17,118,4.1,89,4.4,0.1,0.0,,2.5
26/01/2023,18,184,4.2,92,4.85,0.1,0.0,,3.1
26/01/2023,19,180,4.6,91,4.59,0.0,0.0,,3.3
26/01/2023,20,98,4.4,89,4.37,0.0,0.0,,2.8
26/01/2023,21,56,3.2,92,3.45,0.0,0.0,,2.0
26/01/2023,22,50,2.7,94,2.72,0.0,0.0,,1.8
26/01/2023,23,44,3.0,92,3.7,0.0,0.0,,2.0
26/01/2024,0,38,9.9,93,3.19,0.0,0.0,,8.9
26/01/2024,1,25,9.7,95,3.58,0.0,0.0,,8.9
26/01/2024,2,19,10.0,95,3.67,0.0,0.0,,9.3
26/01/2024,3,16,10.6,95,4.31,0.0,0.0,,9.8
26/01/2024,4,15,10.8,94,4.55,0.0,0.0,,9.9
26/01/2024,5,17,10.7,94,4.98,0.0,0.0,,9.8
26/01/2024,6,22,10.8,93,5.98,0.2,0.0,,9.6
26/01/2024,7,60,10.8,93,5.87,0.2,0.0,,9.7
26/01/2024,8,151,10.9,92,6.01,0.0,0.0,,9.8
26/01/2024,9,130,11.1,91,6.09,0.0,0.0,,9.7
26/01/2024,10,61,11.2,91,6.58,1.4,0.0,,9.9
26/01/2024,11,52,11.8,89,6.22,0.0,0.0,,10.0
26/01/2024,12,78,11.9,90,6.43,0.1,0.0,,10.2
26/01/2024,13,78,11.2,82,5.92,0.0,0.0,,8.2
26/01/2024,14,76,11.7,73,5.96,0.0,0.0,,7.1
26/01/2024,15,73,11.4,58,5.52,0.0,0.0,,3.5
26/01/2024,16,89,11.0,55,5.3,0.0,0.0,,2.4
26/01/2024,17,121,10.4,55,4.39,0.0,0.0,,1.8
26/01/2024,18,150,8.7,60,2.77,0.0,0.0,,1.5
26/01/2024,19,134,5.2,75,2.7,0.0,0.0,,1.1
26/01/2024,20,86,3.7,82,2.92,0.0,0.0,,0.9
26/01/2024,21,55,2.7,86,2.76,0.0,0.0,,0.6
26/01/2024,22,45,1.6,88,2.94,0.0,0.0,,-0.2
26/01/2024,23,41,2.3,85,1.82,0.0,0.0,,0.1
26/02/2023,0,26,3.4,68,5.35,0.0,0.0,,-1.9
26/02/2023,1,20,2.5,69,4.96,0.0,0.0,,-2.5
26/02/2023,2,17,2.0,69,4.66,0.0,0.0,,-3.1
26/02/2023,3,11,1.3,67,4.8,0.0,0.0,,-4.1
26/02/2023,4,8,0.7,65,4.85,0.0,0.0,,-5.2
26/02/2023,5,6,0.2,65,4.79,0.0,0.0,,-5.6
26/02/2023,6,5,-0.2,67,4.65,0.0,0.0,,-5.6
26/02/2023,7,9,-0.7,72,4.03,0.0,0.0,,-5.1
26/02/2023,8,15,-1.0,77,3.96,0.0,0.0,,-4.7
26/02/2023,9,30,-1.1,78,3.89,0.0,0.0,,-4.6
26/02/2023,10,42,0.4,75,4.05,0.0,0.0,,-3.5
26/02/2023,11,53,1.7,68,6.59,0.0,0.0,,-3.5
26/02/2023,12,62,2.8,57,7.44,0.0,0.0,,-4.9
26/02/2023,13,61,3.7,46,8.02,0.0,0.0,,-6.8
26/02/2023,14,61,4.8,41,8.56,0.0,0.0,,-7.4
26/02/2023,15,69,5.1,42,8.56,0.0,0.0,,-6.8
26/02/2023,16,66,5.1,41,8.53,0.0,0.0,,-7.2
26/02/2023,17,63,5.1,38,8.8,0.0,0.0,,-8.0
26/02/2023,18,68,4.4,41,8.9,0.0,0.0,,-7.8
26/02/2023,19,58,3.2,46,7.04,0.0,0.0,,-7.4
26/02/2023,20,38,2.1,48,6.24,0.0,0.0,,-7.7
26/02/2023,21,25,1.6,50,5.96,0.0,0.0,,-7.7
26/02/2023,22,23,1.4,51,6.21,0.0,0.0,,-7.8
26/02/2023,23,17,1.0,52,6.3,0.0,0.0,,-7.7
26/02/2024,0,10,7.3,91,3.34,1.5,0.0,,5.9
26/02/2024,1,6,7.8,92,3.16,0.0,0.0,,6.6
26/02/2024,2,4,7.5,94,3.31,0.0,0.0,,6.6
26/02/2024,3,3,8.2,91,3.83,0.5,0.0,,6.8
26/02/2024,4,4,7.4,94,2.71,0.0,0.0,,6.4
26/02/2024,5,7,6.3,96,2.25,0.0,0.0,,5.8
26/02/2024,6,16,5.9,97,2.01,0.0,0.0,,5.4
26/02/2024,7,52,5.0,98,1.98,0.0,0.0,,4.8
26/02/2024,8,173,4.8,99,1.92,0.0,0.0,,4.6
26/02/2024,9,145,6.1,97,1.43,0.1,0.0,,5.7
26/02/2024,10,49,6.6,96,2.08,0.1,0.0,,6.0
26/02/2024,11,44,7.3,96,2.44,0.4,0.0,,6.7
26/02/2024,12,54,8.8,89,3.32,0.2,0.0,,7.1
26/02/2024,13,46,9.0,87,4.16,0.2,0.0,,6.9
26/02/2024,14,36,8.9,89,4.75,0.4,0.0,,7.3
26/02/2024,15,40,7.7,96,5.76,1.6,0.0,,7.1
26/02/2024,16,57,7.1,93,6.79,1.1,0.0,,6.1
26/02/2024,17,97,6.9,89,7.86,0.3,0.0,,5.2
26/02/2024,18,151,6.2,90,8.27,0.1,0.0,,4.6
26/02/2024,19,135,5.8,89,8.48,0.3,0.0,,4.2
26/02/2024,20,71,5.4,89,8.54,0.3,0.0,,3.8
26/02/2024,21,41,5.2,91,8.29,0.3,0.0,,3.9
26/02/2024,22,31,5.2,91,8.16,0.4,0.0,,3.8
26/02/2024,23,22,5.4,88,7.97,0.1,0.0,,3.6
26/03/2023,0,41,9.9,74,4.44,0.0,0.0,,5.4
26/03/2023,1,24,9.6,77,4.73,0.3,0.0,,5.8
26/03/2023,3,20,8.9,87,5.1,0.8,0.0,,6.9
26/03/2023,4,12,8.8,87,5.41,0.7,0.0,,6.8
26/03/2023,5,10,9.2,83,7.41,0.0,0.0,,6.4
26/03/2023,6,8,9.2,81,9.77,0.1,0.0,,6.1
26/03/2023,7,9,8.8,77,8.77,0.0,0.0,,4.9
26/03/2023,8,17,8.0,77,7.83,0.0,0.0,,4.2
26/03/2023,9,30,8.4,77,7.1,0.0,0.0,,4.5
26/03/2023,10,44,9.7,74,6.6,0.0,0.0,,5.3
26/03/2023,11,57,9.6,73,7.79,0.0,0.0,,4.9
26/03/2023,12,72,9.9,72,7.34,0.1,0.0,,5.1
26/03/2023,13,71,10.8,70,6.56,0.2,0.0,,5.5
26/03/2023,14,68,9.9,78,4.18,0.1,0.0,,6.3
26/03/2023,15,78,10.6,70,6.04,0.5,0.0,,5.4
26/03/2023,16,84,11.1,64,5.42,0.2,0.0,,4.7
26/03/2023,17,80,10.9,65,5.06,0.0,0.0,,4.6
26/03/2023,18,83,10.9,67,4.96,0.2,0.0,,4.9
26/03/2023,19,76,9.5,76,5.32,0.5,0.0,,5.4
26/03/2023,20,50,8.6,79,4.61,0.0,0.0,,5.2
26/03/2023,21,37,8.2,78,4.15,0.0,0.0,,4.7
26/03/2023,22,30,8.1,81,5.57,0.0,0.0,,5.0
26/03/2023,23,25,7.8,76,6.3,0.0,0.0,,3.9
26/03/2024,0,19,7.7,68,2.47,0.0,0.0,,2.2
26/03/2024,1,9,7.3,71,2.37,0.0,0.0,,2.4
26/03/2024,2,6,7.1,73,2.28,0.0,0.0,,2.6
26/03/2024,3,4,7.0,76,1.94,0.1,0.0,,3.1
26/03/2024,4,3,7.7,77,1.96,0.1,0.0,,3.9
26/03/2024,5,8,7.9,82,2.18,0.0,0.0,,5.0
26/03/2024,6,18,8.2,88,2.21,0.1,0.0,,6.4
26/03/2024,7,63,8.7,90,2.62,0.0,0.0,,7.1
26/03/2024,8,204,8.9,90,2.53,0.0,0.0,,7.2
26/03/2024,9,175,9.1,91,3.0,0.1,0.0,,7.7
26/03/2024,10,60,9.7,88,3.28,0.2,0.0,,7.8
26/03/2024,11,49,9.4,91,3.12,0.4,0.0,,7.9
26/03/2024,12,70,9.6,91,2.64,0.6,0.0,,8.2
26/03/2024,13,71,11.8,79,3.86,0.0,0.0,,8.2
26/03/2024,14,61,12.5,75,4.89,0.0,0.0,,8.1
26/03/2024,15,57,11.6,81,4.74,0.1,0.0,,8.4
26/03/2024,16,65,12.1,81,4.32,0.2,0.0,,8.8
26/03/2024,17,102,12.0,81,5.5,0.3,0.0,,8.9
26/03/2024,18,170,11.1,89,4.7,1.2,0.0,,9.4
26/03/2024,19,155,10.9,90,3.09,1.4,0.0,,9.3
26/03/2024,20,85,10.6,91,3.61,0.8,0.0,,9.2
26/03/2024,21,54,10.1,92,3.89,1.5,0.0,,8.9
26/03/2024,22,52,8.1,89,6.43,0.1,0.0,,6.3
26/03/2024,23,39,6.1,90,5.92,0.0,0.0,,4.5
26/04/2023,0,26,5.2,84,2.06,0.0,0.0,,2.7
26/04/2023,1,12,4.9,83,2.14,0.0,0.0,,2.3
26/04/2023,2,6,5.3,83,1.88,0.0,0.0,,2.6
26/04/2023,3,4,4.7,85,2.33,0.0,0.0,,2.5
26/04/2023,4,3,4.7,84,2.59,0.0,0.0,,2.2
26/04/2023,5,6,4.6,82,2.51,0.0,0.0,,1.8
26/04/2023,6,18,4.8,79,2.47,0.0,0.0,,1.5
26/04/2023,7,57,4.9,78,2.35,0.0,0.0,,1.5
26/04/2023,8,199,5.3,78,2.16,0.0,0.0,,1.9
26/04/2023,9,204,6.2,76,2.31,0.0,0.0,,2.3
26/04/2023,10,81,7.1,75,2.21,0.0,0.0,,3.0
26/04/2023,11,65,8.0,75,2.24,0.0,0.0,,3.8
26/04/2023,12,88,9.9,70,2.38,0.0,0.0,,4.8
26/04/2023,13,84,11.4,64,2.34,0.0,0.0,,4.8
26/04/2023,14,80,11.4,57,2.35,0.0,0.0,,3.2
26/04/2023,15,68,11.6,57,1.9,0.0,0.0,,3.5
26/04/2023,16,84,11.9,59,1.87,0.0,0.0,,4.0
26/04/2023,17,133,12.0,61,1.9,0.2,0.0,,4.7
26/04/2023,18,221,11.2,71,1.2,0.2,0.0,,6.2
26/04/2023,19,211,10.9,76,1.03,0.0,0.0,,6.9
26/04/2023,20,119,10.6,78,1.36,0.0,0.0,,6.9
26/04/2023,21,67,10.1,78,1.61,0.0,0.0,,6.4
26/04/2023,22,65,9.8,80,1.35,0.0,0.0,,6.4
26/04/2023,23,60,9.4,84,1.14,0.0,0.0,,6.8
26/04/2024,0,42,5.6,82,2.28,0.0,0.0,,2.7
26/04/2024,1,25,4.8,86,2.6,0.0,0.0,,2.6
26/04/2024,2,14,5.1,86,2.06,0.0,0.0,,3.0
26/04/2024,3,7,6.1,86,2.15,0.0,0.0,,3.8
26/04/2024,4,6,5.2,90,1.97,0.0,0.0,,3.6
26/04/2024,5,10,4.4,92,2.11,0.0,0.0,,3.2
26/04/2024,6,20,3.5,94,2.62,0.0,0.0,,2.7
26/04/2024,7,62,3.5,95,2.06,0.0,0.0,,2.8
26/04/2024,8,195,5.6,89,1.73,0.0,0.0,,4.0
26/04/2024,9,171,7.7,84,1.57,0.0,0.0,,5.2
26/04/2024,10,89,10.1,78,1.77,0.0,0.0,,6.3
26/04/2024,11,81,11.7,72,2.94,0.0,0.0,,6.8
26/04/2024,12,109,12.2,65,4.44,0.5,0.0,,5.8
26/04/2024,13,103,12.0,76,4.73,0.4,0.0,,7.9
26/04/2024,14,100,13.1,68,5.02,0.1,0.0,,7.3
26/04/2024,15,94,12.9,66,3.35,2.3,0.0,,6.6
26/04/2024,16,115,13.9,61,2.38,0.0,0.0,,6.4
26/04/2024,17,163,14.8,58,2.73,0.0,0.0,,6.5
26/04/2024,18,201,15.1,59,2.97,0.0,0.0,,7.2
26/04/2024,19,183,13.9,66,3.82,1.4,0.0,,7.7
26/04/2024,20,122,13.1,70,2.72,0.1,0.0,,7.6
26/04/2024,21,79,11.4,79,1.63,0.1,0.0,,7.8
26/04/2024,22,67,10.3,85,1.94,0.0,0.0,,7.9
26/04/2024,23,57,9.6,89,1.84,0.0,0.0,,7.9
26/05/2023,0,49,13.4,73,3.86,0.0,0.0,,8.6
26/05/2023,1,28,12.6,75,3.76,0.0,0.0,,8.4
26/05/2023,2,14,12.7,76,3.4,0.0,0.0,,8.6
26/05/2023,3,7,12.1,78,3.58,0.0,0.0,,8.4
26/05/2023,4,6,11.1,83,2.89,0.0,0.0,,8.2
26/05/2023,5,10,10.2,87,2.73,0.0,0.0,,8.2
26/05/2023,6,21,9.6,90,2.89,0.0,0.0,,8.1
26/05/2023,7,72,10.1,87,3.7,0.0,0.0,,8.1
26/05/2023,8,211,11.4,82,3.49,0.0,0.0,,8.4
26/05/2023,9,186,13.0,77,3.58,0.0,0.0,,9.0
26/05/2023,10,95,14.8,72,3.67,0.0,0.0,,9.8
26/05/2023,11,86,16.5,68,3.86,0.0,0.0,,10.6
26/05/2023,12,115,18.0,64,4.19,0.0,0.0,,11.1
26/05/2023,13,110,19.2,60,4.5,0.0,0.0,,11.2
26/05/2023,14,107,20.5,54,4.33,0.0,0.0,,11.0
26/05/2023,15,104,21.0,54,4.55,0.0,0.0,,11.3
26/05/2023,16,130,21.4,53,5.05,0.0,0.0,,11.5
26/05/2023,17,182,21.2,54,5.52,0.0,0.0,,11.6
26/05/2023,18,226,20.7,53,5.62,0.0,0.0,,10.9
26/05/2023,19,206,19.9,55,5.67,0.0,0.0,,10.5
26/05/2023,20,134,18.9,58,5.26,0.0,0.0,,10.4
26/05/2023,21,85,17.4,63,4.44,0.0,0.0,,10.4
26/05/2023,22,70,15.8,68,4.36,0.0,0.0,,9.8
26/05/2023,23,64,14.9,70,4.22,0.0,0.0,,9.6
26/05/2024,0,61,14.5,90,2.36,0.0,0.0,,12.9
26/05/2024,1,44,14.3,90,2.19,0.1,0.0,,12.8
26/05/2024,2,34,14.4,89,2.64,0.0,0.0,,12.6
26/05/2024,3,20,15.4,85,2.88,0.4,0.0,,12.9
26/05/2024,4,14,15.1,85,2.66,0.1,0.0,,12.6
26/05/2024,5,11,14.9,86,2.16,0.0,0.0,,12.6
26/05/2024,6,12,14.2,92,1.34,0.5,0.0,,12.9
26/05/2024,7,20,14.8,88,2.66,0.0,0.0,,12.8
26/05/2024,8,33,15.3,86,3.83,0.7,0.0,,13.0
26/05/2024,9,51,15.6,85,2.25,0.2,0.0,,13.1
26/05/2024,10,73,16.6,79,4.06,0.0,0.0,,12.9
26/05/2024,11,96,16.9,78,4.86,0.2,0.0,,13.1
26/05/2024,12,116,18.2,72,5.65,0.3,0.0,,13.1
26/05/2024,13,101,18.8,69,5.39,0.3,0.0,,12.9
26/05/2024,14,110,19.5,67,5.29,0.0,0.0,,13.2
26/05/2024,15,117,20.5,54,5.95,0.1,0.0,,10.9
26/05/2024,16,103,20.4,55,5.83,0.0,0.0,,11.1
26/05/2024,17,117,20.1,55,5.57,0.0,0.0,,10.7
26/05/2024,18,118,18.8,60,5.66,0.2,0.0,,10.9
26/05/2024,19,108,18.8,64,4.18,0.0,0.0,,11.9
26/05/2024,20,82,18.0,65,4.02,0.2,0.0,,11.4
26/05/2024,21,61,16.6,73,3.21,0.0,0.0,,11.6
26/05/2024,22,51,13.9,89,1.91,0.0,0.0,,12.2
26/05/2024,23,37,13.6,90,1.63,0.0,0.0,,12.1
26/06/2023,0,35,21.0,65,5.06,0.0,0.0,,14.1
26/06/2023,1,17,19.8,69,4.84,0.0,0.0,,14.0
26/06/2023,2,9,19.1,75,4.42,0.0,0.0,,14.6
26/06/2023,3,6,18.3,74,4.44,0.0,0.0,,13.6
26/06/2023,4,5,17.2,75,4.22,0.0,0.0,,12.6
26/06/2023,5,8,16.2,79,3.58,0.0,0.0,,12.6
26/06/2023,6,24,15.4,84,3.1,0.0,0.0,,12.8
26/06/2023,7,84,15.8,84,3.67,0.0,0.0,,13.1
26/06/2023,8,289,16.9,77,4.97,0.0,0.0,,12.9
26/06/2023,9,250,18.0,71,4.47,0.0,0.0,,12.6
26/06/2023,10,93,19.3,62,4.57,0.0,0.0,,11.9
26/06/2023,11,80,20.3,56,4.84,0.0,0.0,,11.1
26/06/2023,12,100,20.8,51,4.38,0.0,0.0,,10.3
26/06/2023,13,99,21.7,46,4.7,0.0,0.0,,9.6
26/06/2023,14,94,22.6,45,4.61,0.0,0.0,,9.9
26/06/2023,15,89,23.0,43,4.96,0.0,0.0,,9.6
26/06/2023,16,113,23.1,42,5.14,0.0,0.0,,9.4
26/06/2023,17,191,23.1,41,5.41,0.0,0.0,,9.1
26/06/2023,18,298,22.6,40,5.61,0.0,0.0,,8.2
26/06/2023,19,267,22.0,38,5.24,0.0,0.0,,7.2
26/06/2023,20,149,21.3,40,4.94,0.0,0.0,,7.1
26/06/2023,21,85,20.0,45,3.32,0.0,0.0,,7.8
26/06/2023,22,74,18.4,52,1.97,0.0,0.0,,8.2
26/06/2023,23,57,17.5,57,1.98,0.0,0.0,,8.9
26/06/2024,0,47,21.6,74,2.69,0.0,0.0,,16.9
26/06/2024,1,24,21.4,72,2.65,0.0,0.0,,16.2
26/06/2024,2,14,20.9,74,2.63,0.0,0.0,,16.0
26/06/2024,3,7,19.0,84,2.14,0.0,0.0,,16.2
26/06/2024,4,6,17.6,89,2.61,0.0,0.0,,15.9
26/06/2024,5,9,17.0,92,2.4,0.0,0.0,,15.6
26/06/2024,6,24,16.5,93,2.34,0.0,0.0,,15.4
26/06/2024,7,81,18.2,89,1.93,0.0,0.0,,16.4
26/06/2024,8,246,19.5,85,1.84,0.0,0.0,,17.0
26/06/2024,9,235,21.1,81,1.71,0.0,0.0,,17.8
26/06/2024,10,100,22.8,77,1.39,0.0,0.0,,18.5
26/06/2024,11,88,24.5,72,1.3,0.0,0.0,,19.0
26/06/2024,12,111,26.0,67,1.36,0.0,0.0,,19.4
26/06/2024,13,107,27.2,60,1.28,0.0,0.0,,18.8
26/06/2024,14,101,27.9,53,1.02,0.0,0.0,,17.5
26/06/2024,15,97,29.5,44,0.5,0.0,0.0,,15.9
26/06/2024,16,114,29.7,44,0.76,0.0,0.0,,16.0
26/06/2024,17,175,29.5,45,1.1,0.0,0.0,,16.2
26/06/2024,18,261,29.4,45,1.89,0.0,0.0,,16.4
26/06/2024,19,245,28.7,48,2.77,0.0,0.0,,16.6
26/06/2024,20,155,27.8,55,2.48,0.0,0.0,,17.9
26/06/2024,21,96,26.0,62,2.06,0.0,0.0,,18.1
26/06/2024,22,94,24.5,66,3.69,0.0,0.0,,17.8
26/06/2024,23,89,23.0,74,2.62,0.0,0.0,,18.1
26/07/2023,0,34,13.8,76,1.96,0.0,0.0,,9.6
26/07/2023,1,16,12.8,82,1.8,0.0,0.0,,9.8
26/07/2023,2,8,12.9,86,1.99,0.0,0.0,,10.6
26/07/2023,3,4,12.1,89,1.96,0.0,0.0,,10.3
26/07/2023,4,4,12.2,88,2.04,0.0,0.0,,10.2
26/07/2023,5,8,12.1,88,2.04,0.0,0.0,,10.1
26/07/2023,6,20,11.7,89,1.96,0.0,0.0,,10.0
26/07/2023,7,61,11.9,89,2.19,0.0,0.0,,10.1
26/07/2023,8,200,13.4,84,2.24,0.0,0.0,,10.8
26/07/2023,9,210,15.4,78,2.2,0.0,0.0,,11.6
26/07/2023,10,84,17.2,67,2.33,0.0,0.0,,11.1
26/07/2023,11,72,18.8,55,2.79,0.0,0.0,,9.6
26/07/2023,12,97,20.0,50,3.45,0.0,0.0,,9.3
26/07/2023,13,87,21.2,44,3.93,0.0,0.0,,8.6
26/07/2023,14,88,21.5,49,3.48,0.0,0.0,,10.2
26/07/2023,15,82,21.8,50,3.89,0.1,0.0,,10.9
26/07/2023,16,98,22.1,50,4.05,0.0,0.0,,11.2
26/07/2023,17,149,22.0,50,4.22,0.0,0.0,,11.2
26/07/2023,18,241,23.0,47,4.33,0.0,0.0,,11.1
26/07/2023,19,225,22.9,45,4.69,0.0,0.0,,10.4
26/07/2023,20,137,21.8,51,3.54,0.0,0.0,,11.2
26/07/2023,21,84,20.6,58,2.61,0.0,0.0,,12.0
26/07/2023,22,74,19.7,63,1.75,0.0,0.0,,12.5
26/07/2023,23,72,19.4,66,2.2,0.0,0.0,,12.9
26/07/2024,0,52,21.5,80,2.4,1.5,0.0,,17.9
26/07/2024,1,32,21.1,86,1.22,0.4,0.0,,18.7
26/07/2024,2,19,20.8,90,1.12,0.1,0.0,,19.0
26/07/2024,3,9,20.5,92,1.98,0.6,0.0,,19.1
26/07/2024,4,8,20.1,92,1.8,0.1,0.0,,18.8
26/07/2024,5,11,20.0,94,2.02,0.8,0.0,,19.0
26/07/2024,6,19,19.6,94,2.36,0.8,0.0,,18.6
26/07/2024,7,40,19.2,93,2.5,0.5,0.0,,18.0
26/07/2024,8,75,19.1,91,2.34,0.1,0.0,,17.5
26/07/2024,9,78,18.9,88,3.2,0.3,0.0,,16.8
26/07/2024,10,51,19.1,84,2.5,0.1,0.0,,16.2
26/07/2024,11,56,19.8,78,2.64,0.0,0.0,,15.9
26/07/2024,12,80,20.9,72,2.16,0.0,0.0,,15.7
26/07/2024,13,72,23.1,63,2.2,0.0,0.0,,15.8
26/07/2024,14,75,23.9,58,2.51,0.0,0.0,,15.1
26/07/2024,15,78,21.5,71,0.51,0.0,0.0,,16.0
26/07/2024,16,81,22.4,68,0.78,0.0,0.0,,16.2
26/07/2024,17,90,22.9,66,1.4,0.0,0.0,,16.2
26/07/2024,18,97,22.8,67,1.3,0.0,0.0,,16.3
26/07/2024,19,90,22.1,70,1.2,0.4,0.0,,16.4
26/07/2024,20,44,20.9,82,1.84,0.9,0.0,,17.8
26/07/2024,21,28,20.5,84,1.4,0.1,0.0,,17.7
26/07/2024,22,28,19.9,90,1.12,0.4,0.0,,18.2
26/07/2024,23,36,19.8,90,0.95,0.4,0.0,,18.1
26/08/2023,0,40,15.2,82,1.9,0.0,0.0,,12.2
26/08/2023,1,28,14.5,86,1.58,0.0,0.0,,12.1
26/08/2023,2,21,16.0,80,1.96,0.0,0.0,,12.6
26/08/2023,3,11,15.1,82,2.0,0.0,0.0,,12.1
26/08/2023,4,9,14.7,80,2.39,0.0,0.0,,11.2
26/08/2023,5,10,14.5,79,2.88,0.0,0.0,,10.9
26/08/2023,6,12,14.1,83,3.0,0.0,0.0,,11.2
26/08/2023,7,17,13.9,85,3.08,0.0,0.0,,11.3
26/08/2023,8,31,14.2,84,3.55,0.0,0.0,,11.6
26/08/2023,9,49,15.4,79,3.88,0.0,0.0,,11.9
26/08/2023,10,63,17.2,70,5.48,0.0,0.0,,11.8
26/08/2023,11,129,18.6,63,5.69,0.0,0.0,,11.3
26/08/2023,12,88,19.9,54,5.76,0.1,0.0,,10.3
26/08/2023,13,83,21.1,47,6.14,0.1,0.0,,9.4
26/08/2023,14,90,20.1,57,3.83,0.2,0.0,,11.4
26/08/2023,15,103,20.2,57,4.33,0.0,0.0,,11.5
26/08/2023,16,113,21.4,51,4.11,0.0,0.0,,10.9
26/08/2023,17,100,21.4,50,4.18,0.0,0.0,,10.4
26/08/2023,18,113,21.0,51,3.91,0.1,0.0,,10.5
26/08/2023,19,111,20.8,51,3.14,0.0,0.0,,10.4
26/08/2023,20,88,19.5,56,3.42,0.0,0.0,,10.4
26/08/2023,21,68,17.9,63,1.77,0.0,0.0,,10.9
26/08/2023,22,49,16.2,78,1.71,0.0,0.0,,12.3
26/08/2023,23,55,16.3,74,0.72,0.0,0.0,,11.7
26/08/2024,0,25,14.6,73,1.68,0.0,0.0,,9.9
26/08/2024,1,13,14.8,74,0.58,0.0,0.0,,10.1
26/08/2024,2,8,13.2,84,1.0,0.0,0.0,,10.5
26/08/2024,3,5,14.2,77,1.0,0.0,0.0,,10.3
26/08/2024,4,5,13.8,80,1.66,0.0,0.0,,10.3
26/08/2024,5,8,13.8,79,1.26,0.0,0.0,,10.2
26/08/2024,6,18,13.4,82,1.0,0.0,0.0,,10.4
26/08/2024,7,54,12.1,86,1.86,0.0,0.0,,9.9
26/08/2024,8,177,13.4,82,1.4,0.0,0.0,,10.4
26/08/2024,9,169,15.6,73,1.33,0.0,0.0,,10.7
26/08/2024,10,66,18.0,63,1.49,0.0,0.0,,10.9
26/08/2024,11,58,19.8,54,1.93,0.0,0.0,,10.2
26/08/2024,12,70,20.9,50,2.2,0.0,0.0,,10.1
26/08/2024,13,74,22.1,46,2.52,0.0,0.0,,9.9
26/08/2024,14,71,22.6,44,2.6,0.0,0.0,,9.8
26/08/2024,15,75,23.0,44,2.71,0.0,0.0,,10.1
26/08/2024,16,86,23.0,45,2.6,0.0,0.0,,10.4
26/08/2024,17,138,23.0,46,2.4,0.0,0.0,,10.6
26/08/2024,18,224,22.5,47,1.92,0.0,0.0,,10.6
26/08/2024,19,176,22.0,48,1.22,0.0,0.0,,10.4
26/08/2024,20,97,20.8,59,1.08,0.0,0.0,,12.6
26/08/2024,21,64,18.5,64,2.32,0.0,0.0,,11.6
26/08/2024,22,51,16.8,72,2.11,0.0,0.0,,11.6
26/08/2024,23,39,16.1,75,1.8,0.0,0.0,,11.6
26/09/2023,0,23,16.2,83,2.2,0.0,0.0,,13.4
26/09/2023,1,11,16.6,80,1.62,0.0,0.0,,13.1
26/09/2023,2,7,15.6,83,1.94,0.0,0.0,,12.8
26/09/2023,3,4,14.4,87,2.0,0.0,0.0,,12.3
26/09/2023,4,4,13.9,87,2.0,0.0,0.0,,11.8
26/09/2023,5,9,13.3,88,1.72,0.0,0.0,,11.4
26/09/2023,6,25,13.1,88,1.7,0.0,0.0,,11.1
26/09/2023,7,111,12.6,91,1.63,0.0,0.0,,11.1
26/09/2023,8,365,12.6,90,1.78,0.0,0.0,,10.9
26/09/2023,9,291,13.8,85,2.58,0.0,0.0,,11.4
26/09/2023,10,114,15.4,80,1.84,0.0,0.0,,11.9
26/09/2023,11,95,17.0,76,1.53,0.0,0.0,,12.8
26/09/2023,12,123,18.8,72,1.44,0.0,0.0,,13.6
26/09/2023,13,122,20.0,69,1.5,0.0,0.0,,14.1
26/09/2023,14,115,22.1,62,1.77,0.0,0.0,,14.6
26/09/2023,15,116,23.3,58,1.36,0.0,0.0,,14.7
26/09/2023,16,139,23.6,56,1.92,0.0,0.0,,14.4
26/09/2023,17,229,23.5,56,2.56,0.0,0.0,,14.2
26/09/2023,18,351,23.0,60,2.36,0.0,0.0,,14.9
26/09/2023,19,318,21.1,76,2.0,0.0,0.0,,16.8
26/09/2023,20,185,20.0,71,1.94,0.0,0.0,,14.6
26/09/2023,21,102,17.0,85,2.69,0.0,0.0,,14.5
26/09/2023,22,92,16.5,86,2.42,0.0,0.0,,14.1
26/09/2023,23,73,15.8,85,2.76,0.0,0.0,,13.2
26/09/2024,0,17,16.2,92,4.31,0.4,0.0,,14.9
26/09/2024,1,11,16.0,93,4.0,2.0,0.0,,14.9
26/09/2024,2,7,15.9,94,2.93,0.7,0.0,,14.9
26/09/2024,3,5,15.4,94,3.26,0.1,0.0,,14.4
26/09/2024,4,5,15.6,94,3.54,0.0,0.0,,14.6
26/09/2024,5,9,15.1,93,3.92,0.0,0.0,,13.9
26/09/2024,6,18,15.2,91,4.84,0.0,0.0,,13.8
26/09/2024,7,68,15.4,90,6.33,0.0,0.0,,13.8
26/09/2024,8,220,15.3,88,6.58,0.0,0.0,,13.4
26/09/2024,9,196,15.9,88,6.57,0.0,0.0,,13.9
26/09/2024,10,80,16.6,86,6.59,0.0,0.0,,14.2
26/09/2024,11,68,17.5,83,6.62,0.0,0.0,,14.6
26/09/2024,12,95,18.0,83,7.15,0.7,0.0,,15.0
26/09/2024,13,85,18.8,75,7.41,0.3,0.0,,14.1
26/09/2024,14,64,18.5,76,8.82,0.3,0.0,,14.1
26/09/2024,15,49,16.4,89,6.36,1.7,0.0,,14.6
26/09/2024,16,53,16.0,89,5.95,2.0,0.0,,14.1
26/09/2024,17,111,16.0,90,6.37,0.5,0.0,,14.4
26/09/2024,18,213,16.0,88,6.68,1.6,0.0,,14.1
26/09/2024,19,199,15.9,81,7.29,0.0,0.0,,12.6
26/09/2024,20,119,15.1,80,7.27,0.0,0.0,,11.6
26/09/2024,21,74,14.8,77,7.21,0.1,0.0,,10.7
26/09/2024,22,64,14.4,75,7.03,0.0,0.0,,10.0
26/09/2024,23,63,13.9,74,6.47,0.0,0.0,,9.4
26/10/2023,0,38,11.1,90,2.55,0.0,0.0,,9.6
26/10/2023,1,17,10.9,91,2.18,0.0,0.0,,9.4
26/10/2023,2,10,10.1,94,2.11,0.0,0.0,,9.1
26/10/2023,3,5,11.1,94,2.51,0.8,0.0,,10.1
26/10/2023,4,4,11.6,94,2.92,0.9,0.0,,10.7
26/10/2023,5,6,12.1,95,2.64,0.7,0.0,,11.4
26/10/2023,6,15,12.6,96,2.69,0.0,0.0,,12.0
26/10/2023,7,57,13.1,96,3.1,0.1,0.0,,12.5
26/10/2023,8,201,13.4,94,4.12,0.1,0.0,,12.6
26/10/2023,9,229,13.6,89,5.05,0.0,0.0,,11.8
26/10/2023,10,92,13.2,87,4.66,0.0,0.0,,11.1
26/10/2023,11,73,13.6,83,4.79,0.0,0.0,,10.9
26/10/2023,12,100,14.4,78,4.44,0.0,0.0,,10.5
26/10/2023,13,96,15.1,75,3.96,0.0,0.0,,10.7
26/10/2023,14,91,15.9,70,5.3,0.0,0.0,,10.4
26/10/2023,15,88,14.6,82,3.35,0.1,0.0,,11.6
26/10/2023,16,102,14.2,81,3.92,0.3,0.0,,11.1
26/10/2023,17,153,13.8,85,3.67,0.2,0.0,,11.3
26/10/2023,18,236,13.4,90,4.02,0.6,0.0,,11.8
26/10/2023,19,207,13.1,91,4.3,0.7,0.0,,11.8
26/10/2023,20,89,13.1,92,4.24,1.5,0.0,,11.7
26/10/2023,21,48,13.1,92,3.41,2.9,0.0,,11.8
26/10/2023,22,42,12.8,92,3.61,2.6,0.0,,11.6
26/10/2023,23,41,12.8,93,3.11,3.3,0.0,,11.7
26/10/2024,0,45,12.7,97,1.77,0.2,0.0,,12.3
26/10/2024,1,26,12.1,97,2.03,0.8,0.0,,11.7
26/10/2024,2,20,12.3,97,1.41,0.4,0.0,,11.9
26/10/2024,3,15,13.6,97,0.9,1.4,0.0,,13.2
26/10/2024,4,12,13.5,98,1.78,1.5,0.0,,13.1
26/10/2024,5,11,13.3,98,1.36,0.5,0.0,,13.0
26/10/2024,6,12,12.1,100,1.63,0.1,0.0,,12.1
26/10/2024,7,15,12.4,100,1.19,0.0,0.0,,12.4
26/10/2024,8,28,12.4,100,1.28,0.0,0.0,,12.4
26/10/2024,9,46,11.9,100,1.08,0.0,0.0,,11.9
26/10/2024,10,61,13.0,98,1.01,0.1,0.0,,12.6
26/10/2024,11,73,13.9,96,1.73,0.1,0.0,,13.1
26/10/2024,12,92,14.6,94,1.49,0.0,0.0,,13.6
26/10/2024,13,93,15.9,89,1.31,0.0,0.0,,14.1
26/10/2024,14,95,17.2,82,1.7,0.0,0.0,,14.2
26/10/2024,15,108,17.4,85,1.57,0.1,0.0,,14.9
26/10/2024,16,118,17.5,85,0.67,0.0,0.0,,14.9
26/10/2024,17,121,17.8,84,0.84,0.0,0.0,,15.0
26/10/2024,18,123,16.8,93,0.86,0.0,0.0,,15.6
26/10/2024,19,121,15.1,93,1.23,0.5,0.0,,14.0
26/10/2024,20,92,14.9,95,0.94,0.2,0.0,,14.1
26/10/2024,21,65,14.6,96,1.38,0.0,0.0,,13.9
26/10/2024,22,51,14.1,97,1.66,0.0,0.0,,13.6
26/10/2024,23,55,13.4,99,1.39,0.0,0.0,,13.2
26/11/2023,0,39,1.4,90,2.16,0.0,0.0,,0.0
26/11/2023,1,29,1.5,91,2.14,0.0,0.0,,0.2
26/11/2023,2,28,1.3,92,2.22,0.0,0.0,,0.2
26/11/2023,3,14,0.4,95,2.12,0.0,0.0,,-0.3
26/11/2023,4,12,0.1,95,2.11,0.0,0.0,,-0.6
26/11/2023,5,9,0.2,95,2.01,0.0,0.0,,-0.5
26/11/2023,6,7,-0.2,96,2.2,0.0,0.0,,-0.9
26/11/2023,7,9,-0.6,96,2.31,0.0,0.0,,-1.1
26/11/2023,8,20,-0.9,96,2.73,0.0,0.0,,-1.5
26/11/2023,9,37,-0.2,95,1.94,0.0,0.0,,-0.9
26/11/2023,10,55,0.1,96,1.44,0.0,0.0,,-0.4
26/11/2023,11,68,2.1,90,2.08,0.0,0.0,,0.7
26/11/2023,12,86,4.0,84,1.36,0.0,0.0,,1.6
26/11/2023,13,80,5.8,78,1.7,0.0,0.0,,2.3
26/11/2023,14,76,6.8,72,2.33,0.0,0.0,,2.2
26/11/2023,15,91,6.7,70,3.85,0.0,0.0,,1.6
26/11/2023,16,97,6.6,70,3.45,0.0,0.0,,1.5
26/11/2023,17,96,6.4,70,3.08,0.0,0.0,,1.5
26/11/2023,18,85,4.8,79,1.78,0.0,0.0,,1.5
26/11/2023,19,73,5.2,77,2.28,0.0,0.0,,1.5
26/11/2023,20,51,4.8,77,2.64,0.0,0.0,,1.1
26/11/2023,21,37,4.8,75,2.82,0.0,0.0,,0.7
26/11/2023,22,29,4.3,77,2.98,0.0,0.0,,0.6
26/11/2023,23,21,4.6,76,3.54,0.0,0.0,,0.8
26/11/2024,0,15,8.4,92,2.87,0.2,0.0,,7.2
26/11/2024,1,8,8.1,94,3.28,0.1,0.0,,7.2
26/11/2024,2,5,8.0,93,3.16,0.0,0.0,,7.0
26/11/2024,3,3,8.1,96,1.77,0.1,0.0,,7.4
26/11/2024,4,4,7.7,94,2.34,0.6,0.0,,6.8
26/11/2024,5,8,7.7,93,2.87,0.5,0.0,,6.7
26/11/2024,6,19,7.8,95,3.0,0.6,0.0,,7.2
26/11/2024,7,72,8.2,95,2.77,0.0,0.0,,7.5
26/11/2024,8,252,8.4,94,2.91,0.0,0.0,,7.6
26/11/2024,9,215,8.2,94,3.04,0.0,0.0,,7.3
26/11/2024,10,78,7.8,95,2.85,0.0,0.0,,7.2
26/11/2024,11,71,8.6,91,3.44,0.0,0.0,,7.2
26/11/2024,12,96,9.1,86,4.21,0.0,0.0,,6.9
26/11/2024,13,90,10.1,79,3.78,0.0,0.0,,6.6
26/11/2024,14,85,10.9,74,3.15,0.0,0.0,,6.3
26/11/2024,15,82,10.6,77,3.44,0.0,0.0,,6.7
26/11/2024,16,96,10.9,72,2.91,0.0,0.0,,6.0
26/11/2024,17,155,10.6,73,2.14,0.0,0.0,,6.1
26/11/2024,18,240,9.2,79,1.82,0.0,0.0,,5.8
26/11/2024,19,210,8.5,83,2.04,0.0,0.0,,5.8
26/11/2024,20,120,8.1,86,2.31,0.0,0.0,,5.9
26/11/2024,21,67,7.9,89,2.45,0.0,0.0,,6.2
26/11/2024,22,64,7.5,91,2.5,0.0,0.0,,6.2
26/11/2024,23,55,7.4,93,2.8,0.0,0.0,,6.3
26/12/2023,0,9,10.7,80,5.99,0.0,0.0,,7.4
26/12/2023,1,6,10.7,80,5.82,0.0,0.0,,7.3
26/12/2023,2,5,10.6,79,6.16,0.0,0.0,,7.2
26/12/2023,3,3,10.8,76,6.1,0.0,0.0,,6.8
26/12/2023,4,3,10.6,77,6.19,0.0,0.0,,6.7
26/12/2023,5,5,10.1,79,6.14,0.0,0.0,,6.6
26/12/2023,6,9,10.3,78,6.13,0.0,0.0,,6.6
26/12/2023,7,20,10.3,78,5.71,0.0,0.0,,6.7
26/12/2023,8,43,10.4,78,5.39,0.0,0.0,,6.7
26/12/2023,9,49,10.4,78,5.02,0.0,0.0,,6.8
26/12/2023,10,35,10.4,79,4.74,0.0,0.0,,6.9
26/12/2023,11,37,10.8,80,4.25,0.0,0.0,,7.4
26/12/2023,12,48,11.2,79,3.81,0.0,0.0,,7.8
26/12/2023,13,48,11.4,81,3.04,0.0,0.0,,8.2
26/12/2023,14,48,11.6,80,3.48,0.0,0.0,,8.4
26/12/2023,15,52,11.0,85,3.73,0.0,0.0,,8.6
26/12/2023,16,57,11.3,83,3.44,0.0,0.0,,8.6
26/12/2023,17,71,11.1,85,3.08,0.0,0.0,,8.6
26/12/2023,18,73,10.5,89,2.22,0.0,0.0,,8.7
26/12/2023,19,60,10.4,91,2.19,0.0,0.0,,8.9
26/12/2023,20,39,10.4,92,2.31,0.0,0.0,,9.1
26/12/2023,21,28,10.5,91,2.75,0.0,0.0,,9.1
26/12/2023,22,25,10.6,89,3.64,0.0,0.0,,8.8
26/12/2023,23,21,10.4,88,4.12,0.0,0.0,,8.5
26/12/2024,0,10,8.4,98,0.96,0.0,0.0,,8.0
26/12/2024,1,8,8.4,98,1.17,0.0,0.0,,8.1
26/12/2024,2,6,8.4,98,1.32,0.0,0.0,,8.1
26/12/2024,3,4,8.1,99,1.14,0.0,0.0,,7.9
26/12/2024,4,3,8.1,99,1.39,0.0,0.0,,7.9
26/12/2024,5,6,8.1,98,1.57,0.0,0.0,,7.8
26/12/2024,6,9,7.9,98,1.6,0.0,0.0,,7.6
26/12/2024,7,16,7.8,97,1.71,0.0,0.0,,7.3
26/12/2024,8,36,7.7,96,1.56,0.0,0.0,,7.0
26/12/2024,9,42,7.3,96,1.65,0.0,0.0,,6.8
26/12/2024,10,35,6.9,97,2.11,0.0,0.0,,6.4
26/12/2024,11,38,6.6,96,2.6,0.0,0.0,,6.0
26/12/2024,12,46,6.5,92,2.16,0.0,0.0,,5.3
26/12/2024,13,49,6.9,87,1.33,0.0,0.0,,4.9
26/12/2024,14,52,7.8,81,1.36,0.0,0.0,,4.7
26/12/2024,15,56,7.3,85,1.81,0.0,0.0,,5.1
26/12/2024,16,58,7.8,83,1.68,0.0,0.0,,5.1
26/12/2024,17,66,7.8,84,1.57,0.0,0.0,,5.3
26/12/2024,18,70,6.7,89,1.49,0.0,0.0,,4.9
26/12/2024,19,60,6.2,89,1.77,0.0,0.0,,4.6
26/12/2024,20,45,5.6,90,1.84,0.0,0.0,,4.1
26/12/2024,21,32,5.0,91,1.77,0.0,0.0,,3.7
26/12/2024,22,28,4.4,92,1.67,0.0,0.0,,3.2
26/12/2024,23,21,4.0,93,1.53,0.0,0.0,,2.9
27/01/2023,0,29,3.0,93,4.02,0.0,0.0,,2.0
27/01/2023,1,16,3.8,92,4.04,0.0,0.0,,2.6
27/01/2023,2,10,4.5,92,4.49,0.0,0.0,,3.3
27/01/2023,3,6,4.0,93,3.08,0.1,0.0,,3.0
27/01/2023,4,4,4.3,93,4.43,0.2,0.0,,3.2
27/01/2023,5,8,3.9,93,4.06,0.0,0.0,,2.8
27/01/2023,6,14,4.0,91,4.37,0.0,0.0,,2.7
27/01/2023,7,54,3.8,89,4.59,0.0,0.0,,2.1
27/01/2023,8,164,3.5,89,4.02,0.0,0.0,,1.8
27/01/2023,9,155,3.5,89,4.37,0.0,0.0,,1.8
27/01/2023,10,74,3.5,90,4.54,0.0,0.0,,1.9
27/01/2023,11,64,3.6,90,4.55,0.0,0.0,,2.0
27/01/2023,12,83,3.8,85,5.33,0.1,0.0,,1.5
27/01/2023,13,77,4.1,81,5.66,0.1,0.0,,1.1
27/01/2023,14,79,4.3,79,5.49,0.0,0.0,,1.0
27/01/2023,15,76,4.3,78,5.68,0.0,0.0,,0.9
27/01/2023,16,94,4.7,76,6.23,0.0,0.0,,0.8
27/01/2023,17,127,4.5,75,5.64,0.0,0.0,,0.5
27/01/2023,18,161,4.3,75,4.85,0.0,0.0,,0.2
27/01/2023,19,141,3.9,77,4.12,0.0,0.0,,0.2
27/01/2023,20,84,3.8,81,4.49,0.0,0.0,,0.8
27/01/2023,21,50,3.8,83,4.47,0.0,0.0,,1.2
27/01/2023,22,44,3.5,85,4.55,0.0,0.0,,1.3
27/01/2023,23,38,3.6,85,4.51,0.0,0.0,,1.4
27/01/2024,0,37,2.9,84,0.63,0.0,0.0,,0.4
27/01/2024,1,24,2.4,87,0.14,0.0,0.0,,0.4
27/01/2024,2,21,2.0,89,0.3,0.0,0.0,,0.3
27/01/2024,3,13,2.0,93,0.45,0.0,0.0,,0.9
27/01/2024,4,9,1.6,95,0.2,0.0,0.0,,0.9
27/01/2024,5,9,1.4,97,0.64,0.0,0.0,,0.9
27/01/2024,6,9,0.9,98,1.52,0.0,0.0,,0.6
27/01/2024,7,14,-0.8,99,1.8,0.0,0.0,,-0.9
27/01/2024,8,29,-2.1,100,2.41,0.0,0.0,,-2.2
27/01/2024,9,46,-2.8,99,2.69,0.0,0.0,,-2.9
27/01/2024,10,57,-1.9,99,1.63,0.0,0.0,,-2.0
27/01/2024,11,69,-0.1,94,2.11,0.0,0.0,,-0.9
27/01/2024,12,82,2.5,85,1.49,0.0,0.0,,0.2
27/01/2024,13,85,4.7,79,1.56,0.0,0.0,,1.4
27/01/2024,14,85,6.4,74,1.7,0.0,0.0,,2.2
27/01/2024,15,96,6.7,70,2.1,0.0,0.0,,1.6
27/01/2024,16,99,7.3,66,2.33,0.0,0.0,,1.4
27/01/2024,17,94,7.4,66,2.24,0.0,0.0,,1.4
27/01/2024,18,95,5.7,77,1.7,0.0,0.0,,1.9
27/01/2024,19,86,2.8,85,2.53,0.0,0.0,,0.6
27/01/2024,20,66,2.2,86,2.32,0.0,0.0,,0.1
27/01/2024,21,46,1.6,86,2.35,0.0,0.0,,-0.4
27/01/2024,22,36,0.7,89,2.42,0.0,0.0,,-0.9
27/01/2024,23,35,-0.1,90,2.87,0.0,0.0,,-1.5
27/02/2023,0,9,0.8,55,6.16,0.0,0.0,,-7.3
27/02/2023,1,5,0.6,57,5.92,0.0,0.0,,-7.1
27/02/2023,2,4,0.3,59,5.75,0.0,0.0,,-6.8
27/02/2023,3,3,0.1,59,5.8,0.0,0.0,,-6.9
27/02/2023,4,2,-0.2,61,5.83,0.0,0.0,,-6.9
27/02/2023,5,5,-0.6,62,5.94,0.0,0.0,,-6.9
27/02/2023,6,13,-0.9,62,5.74,0.0,0.0,,-7.2
27/02/2023,7,43,-1.1,64,5.71,0.0,0.0,,-7.1
27/02/2023,8,155,-1.4,66,5.63,0.0,0.0,,-6.8
27/02/2023,9,157,-1.5,69,5.41,0.0,0.0,,-6.4
27/02/2023,10,55,-0.3,68,5.02,0.0,0.0,,-5.6
27/02/2023,11,45,1.1,63,6.13,0.0,0.0,,-5.2
27/02/2023,12,57,2.7,56,6.94,0.0,0.0,,-5.3
27/02/2023,13,58,4.0,50,7.12,0.0,0.0,,-5.7
27/02/2023,14,55,5.4,42,7.08,0.0,0.0,,-6.6
27/02/2023,15,51,6.2,39,6.97,0.0,0.0,,-6.7
27/02/2023,16,62,6.4,39,7.08,0.0,0.0,,-6.6
27/02/2023,17,101,6.4,41,7.18,0.0,0.0,,-6.1
27/02/2023,18,169,5.8,45,7.1,0.0,0.0,,-5.3
27/02/2023,19,158,4.6,52,5.85,0.0,0.0,,-4.5
27/02/2023,20,82,3.3,58,5.82,0.0,0.0,,-4.2
27/02/2023,21,42,2.6,60,5.72,0.0,0.0,,-4.3
27/02/2023,22,35,2.0,62,5.1,0.0,0.0,,-4.5
27/02/2023,23,23,1.4,64,4.83,0.0,0.0,,-4.7
27/02/2024,0,10,5.7,87,7.72,0.0,0.0,,3.6
27/02/2024,1,6,5.8,86,7.27,0.0,0.0,,3.7
27/02/2024,2,4,5.8,86,6.94,0.0,0.0,,3.6
27/02/2024,3,3,5.7,85,6.38,0.0,0.0,,3.5
27/02/2024,4,3,5.2,85,5.94,0.0,0.0,,2.8
27/02/2024,5,7,4.7,85,5.33,0.0,0.0,,2.3
27/02/2024,6,18,4.2,85,5.61,0.0,0.0,,2.0
27/02/2024,7,68,4.2,85,5.3,0.0,0.0,,1.9
27/02/2024,8,229,4.0,85,5.32,0.0,0.0,,1.7
27/02/2024,9,194,3.9,85,5.2,0.0,0.0,,1.5
27/02/2024,10,67,4.2,83,4.5,0.0,0.0,,1.6
27/02/2024,11,61,5.2,80,5.81,0.0,0.0,,2.0
27/02/2024,12,77,6.1,77,6.32,0.0,0.0,,2.2
27/02/2024,13,78,7.5,72,5.93,0.0,0.0,,2.8
27/02/2024,14,70,9.1,67,5.51,0.0,0.0,,3.2
27/02/2024,15,65,8.4,72,5.38,0.0,0.0,,3.5
27/02/2024,16,85,9.0,68,5.6,0.0,0.0,,3.5
27/02/2024,17,141,9.5,65,5.8,0.0,0.0,,3.2
27/02/2024,18,220,9.7,62,5.57,0.0,0.0,,2.8
27/02/2024,19,207,9.1,66,4.46,0.0,0.0,,3.1
27/02/2024,20,114,7.6,73,3.8,0.0,0.0,,3.0
27/02/2024,21,64,7.0,76,3.91,0.0,0.0,,3.0
27/02/2024,22,58,6.5,76,3.8,0.0,0.0,,2.5
27/02/2024,23,46,5.4,80,3.42,0.0,0.0,,2.2
27/03/2023,0,12,6.3,79,5.54,0.0,0.0,,3.0
27/03/2023,1,6,5.4,82,4.15,0.0,0.0,,2.5
27/03/2023,2,4,5.8,76,4.4,0.0,0.0,,2.0
27/03/2023,3,3,5.9,72,4.35,0.0,0.0,,1.1
27/03/2023,4,3,5.8,70,3.88,0.0,0.0,,0.9
27/03/2023,5,6,5.4,73,3.22,0.0,0.0,,0.9
27/03/2023,6,18,4.2,79,2.7,0.0,0.0,,1.0
27/03/2023,7,72,4.0,81,2.69,0.0,0.0,,1.0
27/03/2023,8,253,3.2,86,2.48,0.0,0.0,,1.1
27/03/2023,9,225,4.5,83,2.91,0.0,0.0,,1.9
27/03/2023,10,79,6.1,75,3.67,0.0,0.0,,2.0
27/03/2023,11,63,7.3,66,3.86,0.0,0.0,,1.5
27/03/2023,12,83,8.5,56,3.58,0.0,0.0,,0.2
27/03/2023,13,87,9.4,49,5.19,0.0,0.0,,-0.9
27/03/2023,14,78,8.9,50,5.19,0.0,0.0,,-1.0
27/03/2023,15,69,9.4,47,4.93,0.0,0.0,,-1.4
27/03/2023,16,93,9.4,45,4.66,0.0,0.0,,-1.9
27/03/2023,17,154,9.6,43,4.47,0.0,0.0,,-2.2
27/03/2023,18,247,9.6,42,4.88,0.0,0.0,,-2.5
27/03/2023,19,229,9.2,45,3.85,0.0,0.0,,-2.1
27/03/2023,20,119,6.8,58,1.92,0.0,0.0,,-0.9
27/03/2023,21,63,5.4,64,1.84,0.0,0.0,,-0.9
27/03/2023,22,54,5.6,63,1.9,0.0,0.0,,-0.9
27/03/2023,23,38,5.3,63,2.06,0.0,0.0,,-1.1
27/03/2024,0,19,5.5,88,4.22,0.0,0.0,,3.7
27/03/2024,1,10,4.7,90,2.69,0.0,0.0,,3.2
27/03/2024,2,7,5.1,90,2.38,0.0,0.0,,3.5
27/03/2024,3,5,5.3,91,2.1,0.1,0.0,,4.1
27/03/2024,4,4,5.7,92,3.14,0.0,0.0,,4.5
27/03/2024,5,8,5.8,93,3.0,0.1,0.0,,4.8
27/03/2024,6,19,5.9,93,3.2,0.0,0.0,,4.8
27/03/2024,7,70,5.9,94,3.1,0.0,0.0,,4.9
27/03/2024,8,209,5.8,94,3.4,0.0,0.0,,4.8
27/03/2024,9,188,6.5,90,4.39,0.0,0.0,,4.9
27/03/2024,10,75,7.3,82,5.79,0.1,0.0,,4.6
27/03/2024,11,67,8.1,76,6.38,0.1,0.0,,4.2
27/03/2024,12,92,8.6,71,7.18,0.1,0.0,,3.7
27/03/2024,13,92,9.6,62,7.25,0.1,0.0,,2.7
27/03/2024,14,85,10.9,53,7.29,0.0,0.0,,1.8
27/03/2024,15,76,12.6,50,6.98,0.0,0.0,,2.4
27/03/2024,16,88,12.6,49,7.96,0.0,0.0,,2.2
27/03/2024,17,133,11.4,56,6.32,0.0,0.0,,3.0
27/03/2024,18,213,11.5,61,7.5,0.1,0.0,,4.3
27/03/2024,19,195,9.9,74,7.03,0.5,0.0,,5.4
27/03/2024,20,116,9.1,76,6.62,0.0,0.0,,5.0
27/03/2024,21,69,8.4,78,5.94,0.0,0.0,,4.9
27/03/2024,22,66,8.2,79,5.79,0.0,0.0,,4.8
27/03/2024,23,55,7.7,80,5.34,0.0,0.0,,4.4
27/04/2023,0,33,9.3,85,1.06,0.0,0.0,,6.8
27/04/2023,1,15,9.2,85,0.9,0.0,0.0,,6.8
27/04/2023,2,8,9.4,80,1.71,0.0,0.0,,6.2
27/04/2023,3,5,9.2,82,1.53,0.0,0.0,,6.2
27/04/2023,4,4,7.7,86,1.88,0.0,0.0,,5.4
27/04/2023,5,7,8.2,82,1.61,0.0,0.0,,5.3
27/04/2023,6,18,7.2,87,1.9,0.0,0.0,,5.2
27/04/2023,7,57,6.8,89,1.6,0.0,0.0,,5.1
27/04/2023,8,194,8.2,85,2.66,0.0,0.0,,5.8
27/04/2023,9,199,9.8,82,2.33,0.0,0.0,,6.8
27/04/2023,10,81,11.6,77,2.64,0.0,0.0,,7.7
27/04/2023,11,66,13.6,72,2.82,0.0,0.0,,8.6
27/04/2023,12,91,15.8,64,3.24,0.0,0.0,,8.9
27/04/2023,13,89,17.3,61,3.62,0.0,0.0,,9.7
27/04/2023,14,85,18.0,54,3.01,0.0,0.0,,8.6
27/04/2023,15,79,18.2,53,3.52,0.0,0.0,,8.6
27/04/2023,16,89,18.4,54,3.13,0.0,0.0,,8.8
27/04/2023,17,128,17.9,58,2.94,0.0,0.0,,9.4
27/04/2023,18,196,16.8,68,2.53,0.2,0.0,,10.9
27/04/2023,19,181,15.6,79,2.43,0.7,0.0,,12.1
27/04/2023,20,101,14.7,87,2.6,0.3,0.0,,12.5
27/04/2023,21,58,14.4,88,3.22,0.3,0.0,,12.4
27/04/2023,22,55,14.0,91,3.01,0.2,0.0,,12.6
27/04/2023,23,51,13.8,92,3.01,0.0,0.0,,12.5
27/04/2024,0,42,9.4,94,1.32,2.5,0.0,,8.4
27/04/2024,1,30,9.1,93,2.62,0.0,0.0,,7.9
27/04/2024,2,24,9.1,94,2.41,0.2,0.0,,8.1
27/04/2024,3,14,9.3,93,2.42,0.3,0.0,,8.3
27/04/2024,4,12,9.2,92,2.28,0.5,0.0,,7.9
27/04/2024,5,10,8.9,94,2.42,0.2,0.0,,8.1
27/04/2024,6,11,8.7,95,2.38,0.6,0.0,,7.9
27/04/2024,7,17,8.1,96,1.84,0.0,0.0,,7.4
27/04/2024,8,34,8.9,94,2.66,0.0,0.0,,8.1
27/04/2024,9,56,10.1,89,3.04,0.0,0.0,,8.4
27/04/2024,10,72,11.9,81,3.72,0.0,0.0,,8.8
27/04/2024,11,82,13.1,81,3.83,0.0,0.0,,9.9
27/04/2024,12,100,13.9,76,4.17,0.1,0.0,,9.6
27/04/2024,13,92,13.8,70,4.62,0.2,0.0,,8.4
27/04/2024,14,59,13.8,77,4.81,0.1,0.0,,9.8
27/04/2024,15,62,15.0,74,3.04,0.1,0.0,,10.4
27/04/2024,16,62,13.4,85,3.57,0.9,0.0,,10.9
27/04/2024,17,80,14.5,83,3.5,1.2,0.0,,11.6
27/04/2024,18,81,14.4,80,4.17,0.4,0.0,,11.1
27/04/2024,19,77,14.9,78,3.28,3.6,0.0,,11.1
27/04/2024,20,65,13.8,87,2.72,2.1,0.0,,11.6
27/04/2024,21,44,12.7,89,2.7,0.9,0.0,,10.9
27/04/2024,22,29,12.1,91,3.01,1.2,0.0,,10.7
27/04/2024,23,29,11.9,90,3.75,0.6,0.0,,10.3
27/05/2023,0,53,14.3,72,4.0,0.0,0.0,,9.2
27/05/2023,1,36,13.6,73,3.7,0.0,0.0,,8.9
27/05/2023,2,25,13.4,72,3.76,0.0,0.0,,8.4
27/05/2023,3,14,12.8,72,3.19,0.0,0.0,,7.8
27/05/2023,4,12,12.1,71,3.0,0.0,0.0,,6.9
27/05/2023,5,11,11.6,69,3.14,0.0,0.0,,6.1
27/05/2023,6,13,11.1,69,2.92,0.0,0.0,,5.7
27/05/2023,7,20,11.6,70,3.22,0.0,0.0,,6.2
27/05/2023,8,39,12.8,69,3.0,0.0,0.0,,7.2
27/05/2023,9,63,14.4,66,3.56,0.0,0.0,,8.1
27/05/2023,10,82,16.1,63,3.76,0.0,0.0,,9.1
27/05/2023,11,91,17.9,61,3.83,0.0,0.0,,10.2
27/05/2023,12,110,19.6,58,3.68,0.0,0.0,,11.1
27/05/2023,13,107,21.1,55,3.68,0.0,0.0,,11.6
27/05/2023,14,111,22.2,50,3.7,0.0,0.0,,11.4
27/05/2023,15,132,23.0,50,3.69,0.0,0.0,,11.9
27/05/2023,16,142,23.5,50,3.82,0.0,0.0,,12.4
27/05/2023,17,137,23.6,50,4.17,0.0,0.0,,12.6
27/05/2023,18,140,23.0,51,4.61,0.0,0.0,,12.4
27/05/2023,19,134,22.5,52,4.28,0.0,0.0,,12.2
27/05/2023,20,105,22.1,54,3.24,0.0,0.0,,12.5
27/05/2023,21,75,20.1,65,2.12,0.0,0.0,,13.4
27/05/2023,22,67,17.8,74,2.24,0.0,0.0,,13.1
27/05/2023,23,58,16.9,77,2.84,0.0,0.0,,12.8
27/05/2024,0,22,13.3,90,1.71,0.0,0.0,,11.8
27/05/2024,1,13,12.5,92,1.53,0.0,0.0,,11.2
27/05/2024,2,8,12.0,93,1.79,0.0,0.0,,10.9
27/05/2024,3,5,12.4,94,2.15,0.1,0.0,,11.6
27/05/2024,4,4,12.8,92,1.46,0.1,0.0,,11.6
27/05/2024,5,9,11.8,96,1.51,0.0,0.0,,11.1
27/05/2024,6,23,11.8,95,1.25,0.0,0.0,,11.1
27/05/2024,7,79,12.6,93,1.8,0.0,0.0,,11.5
27/05/2024,8,261,13.4,89,1.9,0.0,0.0,,11.6
27/05/2024,9,228,14.2,76,2.2,0.0,0.0,,10.1
27/05/2024,10,85,15.1,70,2.4,0.0,0.0,,9.7
27/05/2024,11,73,15.7,69,2.69,0.1,0.0,,9.9
27/05/2024,12,90,16.6,61,3.38,0.0,0.0,,9.1
27/05/2024,13,76,14.1,72,4.62,0.5,0.0,,9.1
27/05/2024,14,77,15.8,68,4.11,0.1,0.0,,9.9
27/05/2024,15,60,16.7,60,4.63,0.0,0.0,,8.9
27/05/2024,16,88,14.8,66,5.01,0.1,0.0,,8.4
27/05/2024,17,160,14.8,66,3.75,0.1,0.0,,8.6
27/05/2024,18,254,15.9,57,3.91,0.0,0.0,,7.4
27/05/2024,19,225,15.4,58,3.41,0.0,0.0,,7.2
27/05/2024,20,127,13.4,75,3.62,0.1,0.0,,9.1
27/05/2024,21,76,13.0,79,1.3,0.0,0.0,,9.4
27/05/2024,22,69,11.2,87,1.89,0.0,0.0,,9.1
27/05/2024,23,51,10.6,89,1.94,0.0,0.0,,8.9
27/06/2023,0,29,16.6,62,2.13,0.0,0.0,,9.3
27/06/2023,1,15,15.8,66,2.0,0.0,0.0,,9.4
27/06/2023,2,9,15.8,68,1.63,0.0,0.0,,9.9
27/06/2023,3,5,15.6,69,1.92,0.0,0.0,,10.1
27/06/2023,4,4,14.5,76,2.01,0.0,0.0,,10.2
27/06/2023,5,8,13.7,81,1.93,0.0,0.0,,10.5
27/06/2023,6,26,13.4,84,1.92,0.0,0.0,,10.8
27/06/2023,7,95,14.2,84,2.3,0.0,0.0,,11.4
27/06/2023,8,317,15.8,79,2.32,0.0,0.0,,12.2
27/06/2023,9,278,17.2,74,2.82,0.0,0.0,,12.5
27/06/2023,10,103,18.5,67,2.56,0.0,0.0,,12.2
27/06/2023,11,90,19.9,59,2.39,0.0,0.0,,11.6
27/06/2023,12,110,20.7,53,2.42,0.0,0.0,,10.9
27/06/2023,13,108,21.6,48,2.69,0.0,0.0,,10.2
27/06/2023,14,105,23.1,42,2.41,0.0,0.0,,9.6
27/06/2023,15,105,24.0,39,2.92,0.0,0.0,,9.2
27/06/2023,16,127,24.0,39,2.92,0.0,0.0,,9.3
27/06/2023,17,202,24.3,38,3.02,0.0,0.0,,9.2
27/06/2023,18,309,24.6,38,3.34,0.0,0.0,,9.3
27/06/2023,19,290,24.1,39,3.47,0.0,0.0,,9.4
27/06/2023,20,165,23.5,41,3.85,0.0,0.0,,9.5
27/06/2023,21,101,21.7,47,4.48,0.0,0.0,,10.1
27/06/2023,22,93,20.0,53,3.22,0.0,0.0,,10.1
27/06/2023,23,86,19.0,57,3.0,0.0,0.0,,10.4
27/06/2024,0,55,21.2,83,2.1,0.0,0.0,,18.2
27/06/2024,1,28,21.2,81,1.56,0.0,0.0,,17.8
27/06/2024,2,16,19.9,86,1.36,0.0,0.0,,17.5
27/06/2024,3,8,19.5,89,1.3,0.0,0.0,,17.6
27/06/2024,4,7,19.0,90,1.21,0.0,0.0,,17.4
27/06/2024,5,10,18.3,93,1.35,0.0,0.0,,17.2
27/06/2024,6,24,18.0,94,1.49,0.0,0.0,,17.0
27/06/2024,7,79,19.1,90,0.45,0.0,0.0,,17.5
27/06/2024,8,258,21.0,84,0.76,0.0,0.0,,18.0
27/06/2024,9,235,23.0,76,1.7,0.0,0.0,,18.5
27/06/2024,10,104,25.0,71,2.21,0.0,0.0,,19.4
27/06/2024,11,86,26.9,64,2.83,0.0,0.0,,19.5
27/06/2024,12,107,28.0,57,3.05,0.0,0.0,,18.9
27/06/2024,13,103,28.5,54,4.42,0.0,0.0,,18.2
27/06/2024,14,98,28.3,52,4.97,0.1,0.0,,17.5
27/06/2024,15,93,25.5,66,5.31,0.0,0.0,,18.8
27/06/2024,16,115,25.5,65,4.6,0.1,0.0,,18.5
27/06/2024,17,175,26.2,60,4.11,0.0,0.0,,17.9
27/06/2024,18,253,26.0,59,3.98,0.0,0.0,,17.4
27/06/2024,19,232,24.5,50,4.42,0.0,0.0,,13.4
27/06/2024,20,150,23.1,50,3.61,0.0,0.0,,12.1
27/06/2024,21,98,21.9,55,2.95,0.0,0.0,,12.3
27/06/2024,22,96,20.7,60,2.97,0.0,0.0,,12.6
27/06/2024,23,92,19.3,73,3.61,0.0,0.0,,14.3
27/07/2023,0,47,19.5,65,2.52,0.0,0.0,,12.8
27/07/2023,1,23,19.5,66,3.74,0.0,0.0,,13.1
27/07/2023,2,12,18.6,79,4.22,0.0,0.0,,14.9
27/07/2023,3,6,18.5,85,4.52,0.3,0.0,,15.9
27/07/2023,4,5,18.2,86,3.89,0.0,0.0,,15.9
27/07/2023,5,8,18.0,84,4.74,0.0,0.0,,15.3
27/07/2023,6,19,17.4,87,4.69,0.0,0.0,,15.2
27/07/2023,7,55,18.0,87,5.31,0.0,0.0,,15.8
27/07/2023,8,173,18.6,84,5.6,0.0,0.0,,15.9
27/07/2023,9,190,18.9,78,6.22,0.0,0.0,,15.0
27/07/2023,10,78,20.0,70,7.34,0.0,0.0,,14.4
27/07/2023,11,67,21.6,62,7.74,0.0,0.0,,13.9
27/07/2023,12,86,22.3,59,7.42,0.0,0.0,,13.8
27/07/2023,13,71,22.7,59,6.74,0.0,0.0,,14.4
27/07/2023,14,70,20.1,73,5.69,0.0,0.0,,15.2
27/07/2023,15,48,20.2,74,5.33,0.4,0.0,,15.4
27/07/2023,16,52,19.2,84,4.65,1.1,0.0,,16.4
27/07/2023,17,99,19.0,87,4.66,2.3,0.0,,16.9
27/07/2023,18,145,18.6,87,4.4,3.8,0.0,,16.5
27/07/2023,19,149,18.7,88,4.12,1.2,0.0,,16.8
27/07/2023,20,91,18.8,89,3.58,0.3,0.0,,16.9
27/07/2023,21,53,18.6,90,3.48,0.3,0.0,,16.9
27/07/2023,22,46,18.5,90,3.26,0.1,0.0,,16.9
27/07/2023,23,47,18.5,90,2.82,0.2,0.0,,16.9
27/07/2024,0,44,19.5,93,0.76,0.3,0.0,,18.4
27/07/2024,1,24,19.4,92,0.73,0.1,0.0,,18.0
27/07/2024,2,18,19.2,94,1.33,0.2,0.0,,18.2
27/07/2024,3,11,19.0,93,1.28,1.7,0.0,,18.0
27/07/2024,4,9,18.8,95,0.98,0.3,0.0,,18.0
27/07/2024,5,9,18.9,93,0.45,0.1,0.0,,17.8
27/07/2024,6,9,18.9,92,0.5,0.5,0.0,,17.6
27/07/2024,7,13,18.5,94,1.03,0.4,0.0,,17.5
27/07/2024,8,21,18.1,94,2.6,0.1,0.0,,17.1
27/07/2024,9,27,18.4,90,2.6,0.0,0.0,,16.7
27/07/2024,10,34,18.5,88,2.63,0.0,0.0,,16.5
27/07/2024,11,51,18.8,85,2.81,0.2,0.0,,16.2
27/07/2024,12,44,18.9,84,2.73,0.4,0.0,,16.0
27/07/2024,13,44,18.9,83,2.11,0.3,0.0,,15.9
27/07/2024,14,42,19.7,78,2.44,1.0,0.0,,15.9
27/07/2024,15,48,18.6,78,2.28,0.4,0.0,,14.8
27/07/2024,16,51,18.8,79,1.84,0.2,0.0,,15.1
27/07/2024,17,48,19.4,75,2.05,0.0,0.0,,14.9
27/07/2024,18,60,18.8,83,1.97,2.9,0.0,,15.9
27/07/2024,19,66,18.4,87,2.33,0.7,0.0,,16.1
27/07/2024,20,57,18.5,86,2.48,0.1,0.0,,16.0
27/07/2024,21,57,18.1,88,1.52,0.0,0.0,,16.1
27/07/2024,22,49,16.5,93,1.8,0.0,0.0,,15.4
27/07/2024,23,45,16.7,91,1.66,0.0,0.0,,15.2
27/08/2023,0,43,14.6,88,1.39,0.0,0.0,,12.6
27/08/2023,1,29,14.3,88,1.71,0.0,0.0,,12.4
27/08/2023,2,22,14.1,88,1.64,0.0,0.0,,12.2
27/08/2023,3,13,13.1,92,2.0,0.0,0.0,,11.9
27/08/2023,4,9,12.8,94,2.04,0.0,0.0,,11.8
27/08/2023,5,7,12.2,96,1.77,0.0,0.0,,11.6
27/08/2023,6,8,12.4,95,2.2,0.0,0.0,,11.6
27/08/2023,7,10,12.0,95,2.1,0.0,0.0,,11.2
27/08/2023,8,22,12.8,93,3.1,0.0,0.0,,11.6
27/08/2023,9,39,14.1,86,3.08,0.0,0.0,,11.8
27/08/2023,10,57,15.9,76,4.6,0.0,0.0,,11.8
27/08/2023,11,79,17.5,66,4.3,0.0,0.0,,11.1
27/08/2023,12,90,18.7,58,4.94,0.1,0.0,,10.1
27/08/2023,13,81,19.8,52,5.28,0.1,0.0,,9.6
27/08/2023,14,87,18.8,58,5.22,0.1,0.0,,10.2
27/08/2023,15,103,19.6,58,4.32,0.1,0.0,,11.1
27/08/2023,16,109,20.9,53,4.88,0.1,0.0,,10.9
27/08/2023,17,95,20.5,53,5.21,0.0,0.0,,10.6
27/08/2023,18,83,19.1,64,4.15,0.1,0.0,,12.1
27/08/2023,19,61,18.9,65,3.95,0.0,0.0,,12.2
27/08/2023,20,62,18.1,68,3.86,0.0,0.0,,12.2
27/08/2023,21,46,16.7,75,3.08,0.0,0.0,,12.1
27/08/2023,22,38,15.9,77,3.38,0.0,0.0,,12.0
27/08/2023,23,29,15.1,80,3.2,0.0,0.0,,11.7
27/08/2024,0,23,14.9,81,2.69,0.0,0.0,,11.6
27/08/2024,1,14,14.4,82,2.22,0.0,0.0,,11.4
27/08/2024,2,9,13.8,86,2.19,0.0,0.0,,11.5
27/08/2024,3,5,13.9,86,1.75,0.0,0.0,,11.6
27/08/2024,4,5,13.4,89,1.65,0.0,0.0,,11.6
27/08/2024,5,8,12.8,92,2.24,0.0,0.0,,11.4
27/08/2024,6,18,12.6,92,1.94,0.0,0.0,,11.4
27/08/2024,7,60,12.1,94,1.8,0.0,0.0,,11.1
27/08/2024,8,203,13.4,89,2.02,0.0,0.0,,11.6
27/08/2024,9,206,15.2,81,1.14,0.0,0.0,,12.1
27/08/2024,10,75,17.9,69,1.36,0.0,0.0,,12.2
27/08/2024,11,66,20.4,60,1.75,0.0,0.0,,12.2
27/08/2024,12,81,22.3,51,2.34,0.0,0.0,,11.8
27/08/2024,13,82,23.5,47,2.25,0.0,0.0,,11.6
27/08/2024,14,80,24.5,44,2.25,0.0,0.0,,11.6
27/08/2024,15,82,25.4,41,2.06,0.0,0.0,,11.4
27/08/2024,16,97,25.9,40,2.15,0.0,0.0,,11.3
27/08/2024,17,153,26.0,40,2.33,0.0,0.0,,11.4
27/08/2024,18,248,26.0,41,2.7,0.0,0.0,,11.6
27/08/2024,19,207,25.4,43,2.91,0.0,0.0,,11.8
27/08/2024,20,118,23.1,54,2.01,0.0,0.0,,13.4
27/08/2024,21,75,20.5,62,2.3,0.0,0.0,,12.9
27/08/2024,22,66,19.5,65,2.47,0.0,0.0,,12.8
27/08/2024,23,55,17.5,75,2.82,0.0,0.0,,13.1
27/09/2023,0,37,15.1,87,2.97,0.0,0.0,,13.0
27/09/2023,1,18,15.1,88,2.2,0.0,0.0,,13.2
27/09/2023,2,10,15.8,89,1.42,0.0,0.0,,13.9
27/09/2023,3,5,14.9,92,1.26,0.0,0.0,,13.6
27/09/2023,4,4,14.6,94,1.28,0.0,0.0,,13.6
27/09/2023,5,8,14.5,96,0.3,0.0,0.0,,13.9
27/09/2023,6,23,13.9,100,0.57,0.0,0.0,,13.9
27/09/2023,7,102,12.9,100,0.92,0.0,0.0,,12.9
27/09/2023,8,317,12.1,100,1.42,0.0,0.0,,12.1
27/09/2023,9,277,13.1,99,1.84,0.0,0.0,,12.9
27/09/2023,10,113,15.0,96,0.85,0.0,0.0,,14.4
27/09/2023,11,98,17.2,88,1.68,0.0,0.0,,15.3
27/09/2023,12,138,20.4,77,3.0,0.0,0.0,,16.1
27/09/2023,13,135,22.6,65,3.91,0.0,0.0,,15.8
27/09/2023,14,123,23.9,56,3.85,0.0,0.0,,14.6
27/09/2023,15,118,23.6,58,4.27,0.0,0.0,,14.9
27/09/2023,16,139,25.0,54,4.38,0.0,0.0,,15.0
27/09/2023,17,216,24.9,55,3.79,0.0,0.0,,15.2
27/09/2023,18,338,23.4,60,3.04,0.0,0.0,,15.1
27/09/2023,19,299,22.2,64,2.8,0.0,0.0,,15.0
27/09/2023,20,165,21.5,65,2.73,0.0,0.0,,14.6
27/09/2023,21,100,21.4,63,3.1,0.0,0.0,,14.1
27/09/2023,22,98,21.4,65,3.29,0.0,0.0,,14.6
27/09/2023,23,86,21.5,69,4.42,0.0,0.0,,15.6
27/09/2024,0,38,13.4,73,6.65,0.0,0.0,,8.7
27/09/2024,1,24,13.1,73,7.07,0.0,0.0,,8.4
27/09/2024,2,17,12.7,77,6.95,0.0,0.0,,8.7
27/09/2024,3,9,12.3,78,6.14,0.0,0.0,,8.6
27/09/2024,4,8,12.1,80,6.25,0.0,0.0,,8.8
27/09/2024,5,10,11.6,83,5.63,0.0,0.0,,8.9
27/09/2024,6,19,11.4,83,5.66,0.0,0.0,,8.8
27/09/2024,7,60,11.9,80,6.28,0.0,0.0,,8.6
27/09/2024,8,180,11.6,80,6.52,0.0,0.0,,8.2
27/09/2024,9,163,12.1,78,6.91,0.0,0.0,,8.4
27/09/2024,10,84,13.1,74,7.82,0.0,0.0,,8.6
27/09/2024,11,81,14.2,65,8.44,0.0,0.0,,7.8
27/09/2024,12,108,15.1,64,8.05,0.0,0.0,,8.4
27/09/2024,13,103,16.0,60,7.95,0.0,0.0,,8.2
27/09/2024,14,93,14.4,66,8.45,0.2,0.0,,8.1
27/09/2024,15,75,14.9,66,8.08,0.3,0.0,,8.6
27/09/2024,16,101,13.9,70,6.12,0.1,0.0,,8.6
27/09/2024,17,152,14.4,69,4.92,0.0,0.0,,8.6
27/09/2024,18,165,13.4,77,3.12,0.2,0.0,,9.4
27/09/2024,19,127,13.4,76,3.2,0.0,0.0,,9.4
27/09/2024,20,98,12.1,84,4.17,0.0,0.0,,9.5
27/09/2024,21,62,12.1,84,5.15,0.5,0.0,,9.5
27/09/2024,22,56,11.9,86,5.01,0.3,0.0,,9.7
27/09/2024,23,44,11.4,89,5.01,0.4,0.0,,9.7
27/10/2023,0,31,12.6,93,5.81,0.8,0.0,,11.5
27/10/2023,1,20,12.1,94,4.3,0.5,0.0,,11.2
27/10/2023,2,13,11.9,94,3.65,0.0,0.0,,11.0
27/10/2023,3,7,11.6,89,4.3,0.4,0.0,,9.9
27/10/2023,4,6,11.1,91,4.02,0.0,0.0,,9.8
27/10/2023,5,9,11.0,94,4.44,0.0,0.0,,10.0
27/10/2023,6,16,10.8,94,4.68,0.0,0.0,,9.8
27/10/2023,7,50,10.8,94,4.53,0.0,0.0,,9.8
27/10/2023,8,160,11.1,93,4.95,0.0,0.0,,10.0
27/10/2023,9,177,11.5,90,5.45,0.0,0.0,,9.9
27/10/2023,10,85,11.9,89,5.8,0.0,0.0,,10.1
27/10/2023,11,79,12.9,82,6.23,0.0,0.0,,9.9
27/10/2023,12,109,13.9,74,6.66,0.0,0.0,,9.4
27/10/2023,13,104,14.6,69,7.01,0.1,0.0,,9.1
27/10/2023,14,100,15.2,65,6.09,0.0,0.0,,8.8
27/10/2023,15,97,14.9,74,5.34,0.2,0.0,,10.4
27/10/2023,16,112,13.9,77,4.22,0.6,0.0,,9.9
27/10/2023,17,145,13.6,79,3.45,0.0,0.0,,10.0
27/10/2023,18,143,12.1,86,3.2,1.1,0.0,,9.9
27/10/2023,19,128,11.5,91,2.97,0.6,0.0,,10.1
27/10/2023,20,91,11.4,91,3.58,1.0,0.0,,9.9
27/10/2023,21,57,10.9,90,4.53,0.1,0.0,,9.2
27/10/2023,22,48,9.9,89,4.66,0.0,0.0,,8.3
27/10/2023,23,47,9.7,90,5.06,0.0,0.0,,8.1
27/10/2024,0,47,12.9,100,1.56,0.0,0.0,,12.8
27/10/2024,1,36,12.6,100,1.59,0.0,0.0,,12.6
27/10/2024,2,44,12.7,100,2.31,0.0,0.0,,12.6
27/10/2024,3,14,13.7,96,1.33,0.5,0.0,,13.1
27/10/2024,4,10,13.6,97,2.69,0.8,0.0,,13.1
27/10/2024,5,9,13.3,97,2.59,0.8,0.0,,12.8
27/10/2024,6,9,12.9,97,2.25,0.8,0.0,,12.6
27/10/2024,7,12,13.1,97,2.54,0.1,0.0,,12.6
27/10/2024,8,26,13.2,96,2.56,0.0,0.0,,12.7
27/10/2024,9,42,13.4,96,1.96,0.0,0.0,,12.8
27/10/2024,10,58,13.8,94,2.17,0.0,0.0,,12.9
27/10/2024,11,69,13.9,94,1.92,0.1,0.0,,12.9
27/10/2024,12,86,14.4,92,2.58,0.0,0.0,,13.1
27/10/2024,13,82,15.5,87,2.78,0.0,0.0,,13.4
27/10/2024,14,86,16.2,84,2.66,0.0,0.0,,13.4
27/10/2024,15,93,15.8,85,2.25,0.0,0.0,,13.3
27/10/2024,16,99,15.9,85,2.33,0.0,0.0,,13.3
27/10/2024,17,94,16.0,84,1.77,0.0,0.0,,13.2
27/10/2024,18,92,15.9,85,1.12,0.0,0.0,,13.4
27/10/2024,19,78,15.3,89,0.98,0.0,0.0,,13.5
27/10/2024,20,60,15.1,90,1.4,0.0,0.0,,13.4
27/10/2024,21,45,14.8,91,1.32,0.0,0.0,,13.4
27/10/2024,22,38,14.7,91,1.2,0.0,0.0,,13.2
27/10/2024,23,31,14.2,92,1.3,0.0,0.0,,12.9
27/11/2023,0,13,4.4,76,3.72,0.0,0.0,,0.6
27/11/2023,1,7,4.8,74,3.85,0.0,0.0,,0.5
27/11/2023,2,4,4.7,75,3.86,0.0,0.0,,0.6
27/11/2023,3,3,4.7,76,3.91,0.0,0.0,,0.8
27/11/2023,4,2,4.7,77,4.16,0.2,0.0,,1.0
27/11/2023,5,5,4.6,79,4.48,0.2,0.0,,1.2
27/11/2023,6,14,4.4,84,4.57,0.4,0.0,,2.0
27/11/2023,7,58,4.4,87,4.74,0.3,0.0,,2.4
27/11/2023,8,210,4.8,89,4.85,0.3,0.0,,3.1
27/11/2023,9,185,5.3,88,5.52,0.0,0.0,,3.5
27/11/2023,10,56,5.7,89,5.94,0.0,0.0,,4.1
27/11/2023,11,35,6.1,89,5.94,0.1,0.0,,4.4
27/11/2023,12,43,6.3,90,5.99,0.1,0.0,,4.8
27/11/2023,13,47,6.8,92,5.7,0.4,0.0,,5.6
27/11/2023,14,43,7.2,92,5.8,0.9,0.0,,5.9
27/11/2023,15,46,7.6,92,5.3,0.9,0.0,,6.4
27/11/2023,16,63,8.1,92,5.08,0.4,0.0,,6.8
27/11/2023,17,105,8.5,92,5.59,0.7,0.0,,7.3
27/11/2023,18,196,9.0,90,5.65,0.2,0.0,,7.4
27/11/2023,19,175,9.1,91,5.71,0.1,0.0,,7.7
27/11/2023,20,89,8.4,90,5.52,0.6,0.0,,6.8
27/11/2023,21,46,8.1,92,5.51,0.0,0.0,,6.8
27/11/2023,22,44,7.7,91,5.61,0.0,0.0,,6.4
27/11/2023,23,29,7.7,91,5.69,0.1,0.0,,6.4
27/11/2024,0,26,7.4,94,2.93,0.0,0.0,,6.4
27/11/2024,1,13,7.4,94,3.13,0.0,0.0,,6.6
27/11/2024,2,8,7.8,95,3.67,0.0,0.0,,7.0
27/11/2024,3,4,8.9,96,4.2,0.3,0.0,,8.3
27/11/2024,4,4,9.4,96,4.75,0.1,0.0,,8.8
27/11/2024,5,7,9.9,95,4.8,0.0,0.0,,9.1
27/11/2024,6,17,9.9,93,5.48,0.0,0.0,,8.9
27/11/2024,7,64,9.6,93,5.4,0.0,0.0,,8.6
27/11/2024,8,181,9.6,90,5.25,0.0,0.0,,8.0
27/11/2024,9,172,9.6,86,5.58,0.0,0.0,,7.5
27/11/2024,10,74,9.4,89,5.96,3.3,0.0,,7.6
27/11/2024,11,65,9.8,88,5.96,3.7,0.0,,7.8
27/11/2024,12,94,10.9,81,6.29,0.0,0.0,,7.9
27/11/2024,13,89,12.4,77,4.92,0.0,0.0,,8.6
27/11/2024,14,79,12.6,79,6.26,0.0,0.0,,9.0
27/11/2024,15,70,12.8,83,5.66,0.0,0.0,,9.9
27/11/2024,16,81,13.1,85,5.05,0.0,0.0,,10.6
27/11/2024,17,108,13.1,89,4.92,0.4,0.0,,11.3
27/11/2024,18,173,13.4,86,5.04,0.2,0.0,,11.1
27/11/2024,19,171,12.9,92,4.22,0.4,0.0,,11.6
27/11/2024,20,103,11.6,89,4.08,0.2,0.0,,9.9
27/11/2024,21,63,10.8,90,3.09,0.0,0.0,,9.2
27/11/2024,22,60,9.5,89,3.04,0.0,0.0,,7.8
27/11/2024,23,51,8.6,88,2.6,0.0,0.0,,6.8
27/12/2023,0,13,10.1,89,3.96,0.2,0.0,,8.4
27/12/2023,1,9,9.6,91,3.67,0.0,0.0,,8.3
27/12/2023,2,6,8.8,94,3.23,0.0,0.0,,7.9
27/12/2023,3,4,9.5,91,3.52,0.0,0.0,,8.1
27/12/2023,4,3,9.6,92,3.83,0.0,0.0,,8.2
27/12/2023,5,6,9.5,91,4.05,0.0,0.0,,8.1
27/12/2023,6,10,9.4,91,4.27,0.0,0.0,,8.0
27/12/2023,7,21,9.4,90,4.61,0.0,0.0,,7.8
27/12/2023,8,53,8.9,89,4.98,0.0,0.0,,7.2
27/12/2023,9,60,7.9,91,4.81,0.0,0.0,,6.5
27/12/2023,10,42,7.3,92,4.65,0.0,0.0,,6.1
27/12/2023,11,46,7.6,90,4.6,0.0,0.0,,5.9
27/12/2023,12,58,8.1,87,4.32,0.0,0.0,,6.0
27/12/2023,13,57,8.8,81,4.49,0.0,0.0,,5.8
27/12/2023,14,61,9.7,76,4.32,0.0,0.0,,5.7
27/12/2023,15,63,10.2,71,4.63,0.0,0.0,,5.2
27/12/2023,16,70,10.1,72,3.52,0.0,0.0,,5.2
27/12/2023,17,83,9.9,56,4.74,0.0,0.0,,1.6
27/12/2023,18,95,9.4,56,4.84,0.0,0.0,,1.0
27/12/2023,19,76,9.3,55,5.85,0.0,0.0,,0.7
27/12/2023,20,51,9.3,59,6.75,0.0,0.0,,1.8
27/12/2023,21,33,9.6,65,7.41,0.0,0.0,,3.3
27/12/2023,22,28,10.1,69,7.55,0.1,0.0,,4.7
27/12/2023,23,25,9.5,83,6.63,1.4,0.0,,6.8
27/12/2024,0,15,3.5,93,1.43,0.0,0.0,,2.5
27/12/2024,1,11,3.2,94,1.39,0.0,0.0,,2.2
27/12/2024,2,8,2.8,93,1.39,0.0,0.0,,1.8
27/12/2024,3,5,2.6,93,1.46,0.0,0.0,,1.6
27/12/2024,4,5,2.2,93,1.45,0.0,0.0,,1.1
27/12/2024,5,6,0.8,94,1.32,0.0,0.0,,-0.1
27/12/2024,6,9,0.2,94,1.07,0.0,0.0,,-0.6
27/12/2024,7,19,-0.2,95,0.85,0.0,0.0,,-0.9
27/12/2024,8,38,-0.7,96,0.98,0.0,0.0,,-1.3
27/12/2024,9,43,-0.9,95,1.2,0.0,0.0,,-1.6
27/12/2024,10,37,-1.2,96,1.15,0.0,0.0,,-1.9
27/12/2024,11,44,0.3,95,1.17,0.0,0.0,,-0.4
27/12/2024,12,52,1.5,92,0.57,0.0,0.0,,0.3
27/12/2024,13,54,2.8,88,0.61,0.0,0.0,,0.9
27/12/2024,14,56,3.8,85,0.66,0.0,0.0,,1.5
27/12/2024,15,59,5.0,83,0.5,0.0,0.0,,2.3
27/12/2024,16,62,5.3,82,0.38,0.0,0.0,,2.5
27/12/2024,17,68,5.0,86,0.28,0.0,0.0,,2.8
27/12/2024,18,67,3.6,89,0.25,0.0,0.0,,2.0
27/12/2024,19,60,3.1,91,0.21,0.0,0.0,,1.8
27/12/2024,20,44,2.7,93,0.21,0.0,0.0,,1.7
27/12/2024,21,33,2.0,96,0.36,0.0,0.0,,1.5
27/12/2024,22,28,1.2,99,0.87,0.0,0.0,,1.1
27/12/2024,23,22,0.7,100,1.03,0.0,0.0,,0.6
28/01/2023,0,34,3.5,85,4.51,0.0,0.0,,1.3
28/01/2023,1,22,3.5,85,5.07,0.0,0.0,,1.2
28/01/2023,2,19,3.4,86,4.26,0.0,0.0,,1.3
28/01/2023,3,13,3.5,86,3.86,0.0,0.0,,1.3
28/01/2023,4,9,3.5,85,4.4,0.0,0.0,,1.2
28/01/2023,5,9,3.2,84,4.93,0.0,0.0,,0.8
28/01/2023,6,8,2.9,81,5.25,0.0,0.0,,0.0
28/01/2023,7,13,2.2,81,5.02,0.0,0.0,,-0.7
28/01/2023,8,29,1.1,84,4.16,0.0,0.0,,-1.2
28/01/2023,9,43,1.1,83,3.82,0.0,0.0,,-1.4
28/01/2023,10,56,1.4,81,3.8,0.0,0.0,,-1.5
28/01/2023,11,64,2.1,76,4.9,0.0,0.0,,-1.8
28/01/2023,12,76,2.8,73,5.44,0.0,0.0,,-1.5
28/01/2023,13,74,3.2,71,4.99,0.0,0.0,,-1.6
28/01/2023,14,76,3.3,73,4.92,0.0,0.0,,-1.0
28/01/2023,15,86,3.5,71,4.53,0.0,0.0,,-1.3
28/01/2023,16,87,3.7,67,4.18,0.0,0.0,,-1.9
28/01/2023,17,87,3.5,65,4.25,0.0,0.0,,-2.5
28/01/2023,18,84,3.2,64,3.36,0.0,0.0,,-3.0
28/01/2023,19,79,2.0,70,2.38,0.0,0.0,,-2.9
28/01/2023,20,62,0.8,76,1.92,0.0,0.0,,-3.0
28/01/2023,21,41,-0.4,82,1.9,0.0,0.0,,-3.0
28/01/2023,22,31,-1.3,86,1.9,0.0,0.0,,-3.3
28/01/2023,23,30,-1.9,88,1.92,0.0,0.0,,-3.5
28/01/2024,0,34,-0.2,91,2.8,0.0,0.0,,-1.5
28/01/2024,1,26,-0.4,92,2.84,0.0,0.0,,-1.6
28/01/2024,2,22,-0.2,92,2.36,0.0,0.0,,-1.5
28/01/2024,3,14,-0.2,94,2.64,0.0,0.0,,-1.0
28/01/2024,4,10,-0.9,95,2.88,0.0,0.0,,-1.6
28/01/2024,5,8,-0.4,94,2.2,0.0,0.0,,-1.2
28/01/2024,6,7,-0.9,94,2.42,0.0,0.0,,-1.7
28/01/2024,7,9,-0.6,93,2.22,0.0,0.0,,-1.5
28/01/2024,8,16,-0.3,93,2.19,0.0,0.0,,-1.4
28/01/2024,9,31,-0.1,92,2.4,0.0,0.0,,-1.2
28/01/2024,10,46,0.6,91,2.62,0.0,0.0,,-0.8
28/01/2024,11,57,2.7,86,3.47,0.0,0.0,,0.6
28/01/2024,12,75,4.7,81,2.76,0.0,0.0,,1.7
28/01/2024,13,68,6.4,77,2.41,0.0,0.0,,2.8
28/01/2024,14,75,7.9,74,2.77,0.0,0.0,,3.5
28/01/2024,15,84,7.9,79,2.58,0.0,0.0,,4.4
28/01/2024,16,85,8.9,78,2.62,0.0,0.0,,5.2
28/01/2024,17,83,9.1,80,2.62,0.0,0.0,,5.8
28/01/2024,18,78,7.9,86,2.05,0.0,0.0,,5.8
28/01/2024,19,64,5.6,92,2.47,0.0,0.0,,4.3
28/01/2024,20,46,4.8,92,2.64,0.0,0.0,,3.6
28/01/2024,21,33,4.8,91,2.44,0.0,0.0,,3.5
28/01/2024,22,30,4.3,91,2.57,0.0,0.0,,3.0
28/01/2024,23,24,4.8,90,2.55,0.0,0.0,,3.2
28/02/2023,0,11,0.8,67,4.34,0.0,0.0,,-4.6
28/02/2023,1,5,0.2,69,3.86,0.0,0.0,,-4.7
28/02/2023,2,3,-0.1,74,3.54,0.0,0.0,,-4.1
28/02/2023,3,3,-0.6,76,3.58,0.0,0.0,,-4.2
28/02/2023,4,3,-1.0,78,3.58,0.0,0.0,,-4.4
28/02/2023,5,6,-1.4,79,3.58,0.0,0.0,,-4.6
28/02/2023,6,14,-1.9,80,3.31,0.0,0.0,,-4.8
28/02/2023,7,49,-2.2,82,3.64,0.0,0.0,,-4.8
28/02/2023,8,176,-2.5,84,3.74,0.0,0.0,,-4.8
28/02/2023,9,181,-2.5,84,3.67,0.0,0.0,,-4.9
28/02/2023,10,63,-0.9,78,3.64,0.0,0.0,,-4.2
28/02/2023,11,51,0.9,72,3.98,0.0,0.0,,-3.5
28/02/2023,12,65,2.7,65,4.29,0.0,0.0,,-3.2
28/02/2023,13,64,4.0,55,5.24,0.0,0.0,,-4.2
28/02/2023,14,57,4.8,47,5.74,0.0,0.0,,-5.6
28/02/2023,15,53,4.9,46,5.74,0.0,0.0,,-5.8
28/02/2023,16,66,5.2,44,5.66,0.0,0.0,,-6.1
28/02/2023,17,107,4.9,43,5.61,0.0,0.0,,-6.5
28/02/2023,18,175,4.3,43,5.25,0.0,0.0,,-7.1
28/02/2023,19,173,3.8,44,4.18,0.0,0.0,,-7.2
28/02/2023,20,92,3.2,46,3.09,0.0,0.0,,-7.2
28/02/2023,21,49,2.9,49,3.0,0.0,0.0,,-6.9
28/02/2023,22,46,2.5,52,2.77,0.0,0.0,,-6.4
28/02/2023,23,36,1.4,58,2.56,0.0,0.0,,-6.0
28/02/2024,0,22,4.2,86,3.4,0.0,0.0,,2.0
28/02/2024,1,10,3.0,91,2.91,0.0,0.0,,1.8
28/02/2024,2,7,2.3,93,2.4,0.0,0.0,,1.4
28/02/2024,3,4,3.7,89,2.12,0.0,0.0,,2.0
28/02/2024,4,4,2.0,94,2.55,0.0,0.0,,1.2
28/02/2024,5,8,1.5,94,2.51,0.0,0.0,,0.6
28/02/2024,6,16,1.7,94,1.91,0.0,0.0,,0.9
28/02/2024,7,66,0.6,97,1.78,0.0,0.0,,0.1
28/02/2024,8,204,-0.2,97,2.01,0.0,0.0,,-0.5
28/02/2024,9,190,-0.2,97,1.99,0.0,0.0,,-0.6
28/02/2024,10,78,2.8,91,1.68,0.0,0.0,,1.4
28/02/2024,11,67,5.9,83,1.6,0.0,0.0,,3.2
28/02/2024,12,94,8.1,76,2.02,0.0,0.0,,4.1
28/02/2024,13,89,9.9,69,2.41,0.0,0.0,,4.5
28/02/2024,14,81,10.8,65,2.66,0.0,0.0,,4.5
28/02/2024,15,75,9.4,73,3.12,0.0,0.0,,4.9
28/02/2024,16,87,9.9,72,3.4,0.0,0.0,,5.2
28/02/2024,17,133,10.2,71,3.77,0.0,0.0,,5.2
28/02/2024,18,217,10.4,72,3.13,0.0,0.0,,5.6
28/02/2024,19,200,10.1,75,2.33,0.0,0.0,,5.8
28/02/2024,20,118,9.4,78,2.51,0.0,0.0,,5.8
28/02/2024,21,66,9.1,80,2.86,0.0,0.0,,5.9
28/02/2024,22,61,8.6,83,2.63,0.0,0.0,,5.9
28/02/2024,23,52,8.6,83,2.7,0.0,0.0,,5.9
28/03/2023,0,17,5.6,62,2.28,0.0,0.0,,-1.0
28/03/2023,1,8,3.7,72,2.0,0.0,0.0,,-0.9
28/03/2023,2,5,5.2,72,2.24,0.0,0.0,,0.6
28/03/2023,3,3,4.8,71,2.47,0.0,0.0,,-0.1
28/03/2023,4,4,4.3,70,2.55,0.0,0.0,,-0.7
28/03/2023,5,8,3.0,76,2.27,0.0,0.0,,-0.9
28/03/2023,6,21,3.3,75,2.52,0.0,0.0,,-0.7
28/03/2023,7,86,3.7,75,3.05,0.0,0.0,,-0.4
28/03/2023,8,285,3.8,74,3.54,0.0,0.0,,-0.3
28/03/2023,9,255,4.2,74,3.36,0.0,0.0,,0.1
28/03/2023,10,93,4.7,73,3.71,0.0,0.0,,0.2
28/03/2023,11,76,6.4,69,3.92,0.0,0.0,,1.1
28/03/2023,12,98,8.1,63,4.37,0.0,0.0,,1.6
28/03/2023,13,103,9.4,56,5.36,0.0,0.0,,0.9
28/03/2023,14,98,9.4,52,5.5,0.0,0.0,,0.2
28/03/2023,15,88,10.1,55,5.37,0.2,0.0,,1.5
28/03/2023,16,105,11.0,51,5.48,0.0,0.0,,1.2
28/03/2023,17,162,10.4,54,5.33,0.0,0.0,,1.5
28/03/2023,18,263,9.9,58,4.74,0.2,0.0,,2.1
28/03/2023,19,254,9.4,60,5.22,0.0,0.0,,2.1
28/03/2023,20,136,8.6,64,3.21,0.0,0.0,,2.2
28/03/2023,21,75,9.1,61,3.71,0.0,0.0,,2.1
28/03/2023,22,69,8.7,69,3.4,0.5,0.0,,3.4
28/03/2023,23,57,8.9,71,3.28,0.0,0.0,,3.8
28/03/2024,0,28,7.5,78,5.25,0.0,0.0,,3.9
28/03/2024,1,12,7.5,75,5.41,0.0,0.0,,3.3
28/03/2024,2,6,7.8,72,5.54,0.0,0.0,,3.1
28/03/2024,3,4,7.8,81,6.86,1.1,0.0,,4.7
28/03/2024,4,4,7.7,83,7.31,0.8,0.0,,5.0
28/03/2024,5,9,7.4,87,7.04,0.5,0.0,,5.4
28/03/2024,6,18,7.3,88,6.37,0.2,0.0,,5.4
28/03/2024,7,64,6.3,85,5.56,0.0,0.0,,4.0
28/03/2024,8,223,5.4,87,4.49,0.0,0.0,,3.4
28/03/2024,9,195,6.3,84,6.28,0.0,0.0,,3.8
28/03/2024,10,82,7.4,77,8.54,0.0,0.0,,3.6
28/03/2024,11,70,8.9,65,10.03,0.0,0.0,,2.8
28/03/2024,12,88,10.0,59,10.82,0.0,0.0,,2.3
28/03/2024,13,85,10.4,58,9.13,0.0,0.0,,2.7
28/03/2024,14,75,12.0,50,9.9,0.0,0.0,,1.8
28/03/2024,15,72,11.1,58,10.67,0.1,0.0,,3.0
28/03/2024,16,88,11.5,54,10.68,0.0,0.0,,2.6
28/03/2024,17,139,11.6,57,9.26,0.0,0.0,,3.2
28/03/2024,18,212,11.8,54,10.91,0.0,0.0,,2.8
28/03/2024,19,185,10.9,61,8.91,0.0,0.0,,3.7
28/03/2024,20,108,10.1,63,8.0,0.0,0.0,,3.5
28/03/2024,21,68,9.9,61,7.84,0.0,0.0,,2.8
28/03/2024,22,63,9.6,61,6.68,0.0,0.0,,2.5
28/03/2024,23,55,9.4,61,5.63,0.0,0.0,,2.2
28/04/2023,0,34,13.9,93,2.92,0.1,0.0,,12.9
28/04/2023,1,19,14.1,93,3.31,0.1,0.0,,13.1
28/04/2023,2,10,13.8,94,2.86,0.0,0.0,,12.9
28/04/2023,3,5,14.4,94,2.62,0.7,0.0,,13.4
28/04/2023,4,4,14.4,92,3.94,4.1,0.0,,13.2
28/04/2023,5,6,14.2,92,3.45,0.8,0.0,,13.0
28/04/2023,6,13,14.2,93,3.26,0.0,0.0,,13.1
28/04/2023,7,42,14.0,93,2.6,0.6,0.0,,12.9
28/04/2023,8,121,14.4,92,3.31,0.3,0.0,,13.1
28/04/2023,9,135,15.1,89,3.98,0.3,0.0,,13.2
28/04/2023,10,71,15.4,88,4.74,0.3,0.0,,13.4
28/04/2023,11,62,16.9,78,5.2,0.1,0.0,,12.9
28/04/2023,12,83,17.3,76,5.04,0.1,0.0,,12.9
28/04/2023,13,79,18.3,71,4.82,0.1,0.0,,12.9
28/04/2023,14,79,19.4,73,4.4,0.1,0.0,,14.4
28/04/2023,15,79,20.4,67,4.53,0.0,0.0,,14.1
28/04/2023,16,99,20.8,63,4.61,0.0,0.0,,13.4
28/04/2023,17,133,20.8,59,4.81,0.0,0.0,,12.5
28/04/2023,18,167,20.1,62,4.7,0.0,0.0,,12.7
28/04/2023,19,149,19.2,65,4.48,0.0,0.0,,12.6
28/04/2023,20,104,17.2,74,4.44,0.0,0.0,,12.6
28/04/2023,21,65,15.1,80,3.83,0.0,0.0,,11.7
28/04/2023,22,54,13.8,83,3.22,0.0,0.0,,10.9
28/04/2023,23,50,12.8,86,2.86,0.0,0.0,,10.5
28/04/2024,0,29,12.4,86,5.92,1.8,0.0,,10.1
28/04/2024,1,23,11.8,91,4.63,1.9,0.0,,10.3
28/04/2024,2,24,11.8,88,5.94,0.1,0.0,,9.9
28/04/2024,3,14,10.6,90,4.71,0.0,0.0,,9.1
28/04/2024,4,11,10.4,89,5.35,0.0,0.0,,8.6
28/04/2024,5,9,9.8,89,5.64,0.0,0.0,,8.0
28/04/2024,6,10,9.6,89,6.04,0.0,0.0,,7.9
28/04/2024,7,13,9.4,89,6.13,0.0,0.0,,7.8
28/04/2024,8,23,10.0,87,6.82,0.0,0.0,,7.9
28/04/2024,9,41,10.6,85,6.22,0.0,0.0,,8.1
28/04/2024,10,53,11.4,79,7.86,0.0,0.0,,7.9
28/04/2024,11,68,12.1,74,7.85,0.1,0.0,,7.6
28/04/2024,12,87,12.9,66,7.79,0.1,0.0,,6.6
28/04/2024,13,86,13.2,61,7.65,0.1,0.0,,5.9
28/04/2024,14,90,14.1,57,7.3,0.1,0.0,,5.7
28/04/2024,15,108,14.9,51,6.5,0.1,0.0,,4.9
28/04/2024,16,113,15.2,48,5.96,0.0,0.0,,4.3
28/04/2024,17,110,15.4,47,5.13,0.0,0.0,,4.2
28/04/2024,18,119,15.3,47,4.7,0.0,0.0,,4.0
28/04/2024,19,107,14.9,49,3.78,0.0,0.0,,4.2
28/04/2024,20,67,13.9,57,2.46,0.0,0.0,,5.4
28/04/2024,21,51,11.6,66,2.06,0.0,0.0,,5.3
28/04/2024,22,43,10.7,72,2.11,0.0,0.0,,5.8
28/04/2024,23,30,8.9,81,2.02,0.0,0.0,,5.9
28/05/2023,0,52,16.2,77,3.14,0.0,0.0,,12.2
28/05/2023,1,35,15.4,78,2.95,0.0,0.0,,11.6
28/05/2023,2,27,14.9,72,3.32,0.0,0.0,,9.9
28/05/2023,3,16,14.1,72,3.07,0.0,0.0,,9.1
28/05/2023,4,11,13.4,73,3.1,0.0,0.0,,8.7
28/05/2023,5,9,12.7,77,2.82,0.0,0.0,,8.8
28/05/2023,6,9,12.0,81,2.25,0.0,0.0,,8.9
28/05/2023,7,13,12.6,80,2.75,0.0,0.0,,9.3
28/05/2023,8,28,13.9,78,2.32,0.0,0.0,,10.1
28/05/2023,9,48,15.9,72,2.4,0.0,0.0,,10.9
28/05/2023,10,73,18.1,66,2.73,0.0,0.0,,11.8
28/05/2023,11,90,20.4,60,3.28,0.0,0.0,,12.2
28/05/2023,12,105,22.4,51,3.89,0.0,0.0,,11.9
28/05/2023,13,100,23.6,44,4.47,0.0,0.0,,10.7
28/05/2023,14,105,24.6,42,5.02,0.0,0.0,,10.7
28/05/2023,15,121,25.0,42,5.02,0.0,0.0,,11.3
28/05/2023,16,130,25.4,42,5.23,0.0,0.0,,11.6
28/05/2023,17,137,25.4,40,5.67,0.0,0.0,,10.8
28/05/2023,18,140,24.8,40,6.03,0.0,0.0,,10.4
28/05/2023,19,124,24.0,43,5.9,0.0,0.0,,10.6
28/05/2023,20,98,22.7,49,5.24,0.0,0.0,,11.5
28/05/2023,21,74,20.9,55,4.88,0.0,0.0,,11.4
28/05/2023,22,63,19.5,56,4.65,0.0,0.0,,10.6
28/05/2023,23,56,18.4,60,4.43,0.0,0.0,,10.4
28/05/2024,0,26,9.9,91,2.19,0.0,0.0,,8.4
28/05/2024,1,14,9.6,90,1.97,0.0,0.0,,8.1
28/05/2024,2,8,9.6,90,2.06,0.0,0.0,,8.1
28/05/2024,3,5,10.4,86,2.26,0.0,0.0,,8.2
28/05/2024,4,5,10.6,88,2.08,0.0,0.0,,8.6
28/05/2024,5,9,10.4,89,2.24,0.0,0.0,,8.8
28/05/2024,6,25,10.9,87,2.91,0.0,0.0,,8.9
28/05/2024,7,89,11.5,85,3.96,0.1,0.0,,9.1
28/05/2024,8,283,12.0,84,4.24,0.0,0.0,,9.4
28/05/2024,9,235,12.8,82,4.59,0.0,0.0,,9.7
28/05/2024,10,78,13.6,79,5.74,0.0,0.0,,10.1
28/05/2024,11,53,13.4,83,5.26,0.5,0.0,,10.4
28/05/2024,12,71,13.6,83,5.15,0.1,0.0,,10.9
28/05/2024,13,68,14.6,83,5.47,1.5,0.0,,11.8
28/05/2024,14,63,15.2,85,5.28,0.7,0.0,,12.8
28/05/2024,15,61,15.9,80,6.22,0.1,0.0,,12.5
28/05/2024,16,86,16.1,81,5.52,0.1,0.0,,12.8
28/05/2024,17,149,16.6,77,6.09,0.0,0.0,,12.5
28/05/2024,18,243,16.4,81,4.22,0.0,0.0,,13.1
28/05/2024,19,225,16.5,83,4.38,0.7,0.0,,13.5
28/05/2024,20,134,16.5,84,4.3,0.0,0.0,,13.6
28/05/2024,21,81,16.0,83,3.94,0.0,0.0,,13.2
28/05/2024,22,72,15.5,83,3.81,0.0,0.0,,12.7
28/05/2024,23,61,14.9,84,3.94,0.0,0.0,,12.4
28/06/2023,0,49,17.9,62,2.82,0.0,0.0,,10.6
28/06/2023,1,24,16.8,67,1.8,0.0,0.0,,10.7
28/06/2023,2,14,16.0,74,1.43,0.0,0.0,,11.5
28/06/2023,3,6,15.9,76,1.17,0.0,0.0,,11.6
28/06/2023,4,5,15.9,79,0.92,0.0,0.0,,12.2
28/06/2023,5,9,15.9,78,0.86,0.1,0.0,,12.1
28/06/2023,6,25,15.4,82,1.0,0.8,0.0,,12.2
28/06/2023,7,84,15.9,81,0.73,0.0,0.0,,12.6
28/06/2023,8,266,17.0,78,0.6,0.0,0.0,,13.0
28/06/2023,9,253,18.2,73,0.99,0.0,0.0,,13.3
28/06/2023,10,107,19.9,67,1.7,0.0,0.0,,13.7
28/06/2023,11,94,21.0,63,1.64,0.0,0.0,,13.7
28/06/2023,12,117,22.0,58,1.8,0.0,0.0,,13.4
28/06/2023,13,110,22.5,57,1.89,0.0,0.0,,13.5
28/06/2023,14,109,24.5,50,1.75,0.0,0.0,,13.4
28/06/2023,15,100,25.1,48,1.92,0.0,0.0,,13.4
28/06/2023,16,123,25.0,49,2.14,0.0,0.0,,13.6
28/06/2023,17,193,24.8,50,1.98,0.0,0.0,,13.7
28/06/2023,18,296,24.5,51,1.7,0.0,0.0,,13.8
28/06/2023,19,273,24.5,52,1.8,0.0,0.0,,13.9
28/06/2023,20,165,24.2,52,1.96,0.0,0.0,,13.9
28/06/2023,21,97,23.6,55,1.5,0.0,0.0,,14.1
28/06/2023,22,97,22.9,60,1.75,0.0,0.0,,14.8
28/06/2023,23,93,22.0,66,2.28,0.0,0.0,,15.3
28/06/2024,0,62,17.8,82,2.76,0.0,0.0,,14.7
28/06/2024,1,36,16.9,85,2.41,0.0,0.0,,14.2
28/06/2024,2,22,16.0,83,2.26,0.0,0.0,,13.2
28/06/2024,3,12,16.1,77,3.47,0.0,0.0,,12.1
28/06/2024,4,8,15.4,76,3.69,0.0,0.0,,11.2
28/06/2024,5,11,15.1,75,3.19,0.0,0.0,,10.6
28/06/2024,6,22,14.8,74,3.26,0.0,0.0,,10.1
28/06/2024,7,66,14.2,78,3.32,0.0,0.0,,10.5
28/06/2024,8,186,14.7,76,3.0,0.0,0.0,,10.6
28/06/2024,9,179,15.7,71,3.72,0.0,0.0,,10.5
28/06/2024,10,93,16.5,66,3.2,0.0,0.0,,10.1
28/06/2024,11,85,17.3,64,2.08,0.0,0.0,,10.5
28/06/2024,12,112,18.2,62,1.66,0.0,0.0,,10.8
28/06/2024,13,103,19.2,59,1.25,0.0,0.0,,11.1
28/06/2024,14,105,20.0,58,1.14,0.0,0.0,,11.4
28/06/2024,15,103,21.0,53,1.53,0.0,0.0,,11.1
28/06/2024,16,120,21.2,52,1.64,0.0,0.0,,11.0
28/06/2024,17,170,21.9,51,0.89,0.0,0.0,,11.1
28/06/2024,18,200,22.0,50,0.71,0.0,0.0,,11.1
28/06/2024,19,181,21.9,50,1.02,0.0,0.0,,11.1
28/06/2024,20,133,21.5,51,1.1,0.0,0.0,,10.9
28/06/2024,21,89,20.3,59,1.6,0.0,0.0,,12.1
28/06/2024,22,74,18.1,67,2.31,0.0,0.0,,11.9
28/06/2024,23,73,16.8,70,2.59,0.0,0.0,,11.1
28/07/2023,0,32,18.4,89,2.97,0.0,0.0,,16.6
28/07/2023,1,20,18.1,89,3.36,0.0,0.0,,16.4
28/07/2023,2,13,17.8,92,2.61,0.0,0.0,,16.5
28/07/2023,3,6,18.0,91,3.69,0.1,0.0,,16.5
28/07/2023,4,5,18.0,91,3.97,0.0,0.0,,16.4
28/07/2023,5,8,17.9,91,3.75,0.0,0.0,,16.5
28/07/2023,6,12,17.7,94,3.48,0.4,0.0,,16.6
28/07/2023,7,35,17.9,94,3.04,1.0,0.0,,16.9
28/07/2023,8,100,17.9,94,3.05,0.4,0.0,,17.0
28/07/2023,9,91,18.7,91,3.26,0.0,0.0,,17.1
28/07/2023,10,42,19.6,87,4.4,0.1,0.0,,17.5
28/07/2023,11,43,20.2,85,4.11,0.2,0.0,,17.5
28/07/2023,12,57,21.4,80,4.68,0.2,0.0,,17.8
28/07/2023,13,57,21.5,81,3.97,0.1,0.0,,18.0
28/07/2023,14,56,20.3,89,2.69,0.9,0.0,,18.4
28/07/2023,15,53,21.5,87,2.42,1.5,0.0,,19.2
28/07/2023,16,61,23.5,82,2.85,0.1,0.0,,20.3
28/07/2023,17,85,21.6,81,1.98,2.8,0.0,,18.2
28/07/2023,18,79,23.4,78,2.87,0.0,0.0,,19.3
28/07/2023,19,84,24.0,70,3.64,0.1,0.0,,18.0
28/07/2023,20,72,21.8,78,2.31,0.8,0.0,,17.9
28/07/2023,21,49,21.5,82,1.34,0.1,0.0,,18.3
28/07/2023,22,41,20.1,87,2.08,0.2,0.0,,17.9
28/07/2023,23,37,19.7,88,1.41,0.1,0.0,,17.7
28/07/2024,0,39,15.9,90,2.5,0.0,0.0,,14.2
28/07/2024,1,28,15.1,88,2.19,0.0,0.0,,13.2
28/07/2024,2,23,13.5,91,1.86,0.0,0.0,,12.1
28/07/2024,3,15,13.2,92,1.63,0.0,0.0,,12.1
28/07/2024,4,11,11.7,95,2.34,0.0,0.0,,10.9
28/07/2024,5,11,11.6,96,2.0,0.0,0.0,,10.9
28/07/2024,6,11,10.8,98,2.42,0.0,0.0,,10.4
28/07/2024,7,17,11.6,98,1.35,0.0,0.0,,11.3
28/07/2024,8,28,13.4,93,0.92,0.0,0.0,,12.3
28/07/2024,9,38,15.4,86,0.54,0.0,0.0,,13.1
28/07/2024,10,59,17.4,78,1.14,0.0,0.0,,13.5
28/07/2024,11,80,19.2,72,1.6,0.0,0.0,,14.0
28/07/2024,12,91,20.9,65,1.9,0.0,0.0,,13.9
28/07/2024,13,91,22.4,55,2.77,0.0,0.0,,13.1
28/07/2024,14,97,23.4,50,3.47,0.0,0.0,,12.3
28/07/2024,15,115,24.0,48,3.57,0.0,0.0,,12.4
28/07/2024,16,119,24.4,48,3.86,0.0,0.0,,12.6
28/07/2024,17,117,24.5,48,4.12,0.0,0.0,,12.7
28/07/2024,18,121,24.4,49,4.18,0.0,0.0,,12.9
28/07/2024,19,117,24.0,50,4.08,0.0,0.0,,13.1
28/07/2024,20,92,23.2,54,3.52,0.0,0.0,,13.6
28/07/2024,21,76,21.3,64,2.31,0.0,0.0,,14.3
28/07/2024,22,70,19.1,73,2.1,0.0,0.0,,14.2
28/07/2024,23,64,18.1,76,2.24,0.0,0.0,,13.9
28/08/2023,0,25,14.2,84,2.72,0.0,0.0,,11.5
28/08/2023,1,12,13.8,87,2.65,0.0,0.0,,11.6
28/08/2023,2,7,13.9,88,2.82,0.0,0.0,,12.0
28/08/2023,3,4,14.1,87,3.06,0.0,0.0,,11.9
28/08/2023,4,4,13.8,88,3.2,0.1,0.0,,11.9
28/08/2023,5,8,13.4,92,2.31,0.8,0.0,,12.1
28/08/2023,6,18,13.1,96,1.4,0.6,0.0,,12.4
28/08/2023,7,62,13.6,94,1.7,0.0,0.0,,12.7
28/08/2023,8,219,14.1,93,2.16,0.0,0.0,,12.9
28/08/2023,9,200,15.0,88,3.13,0.0,0.0,,13.1
28/08/2023,10,67,15.9,85,3.38,0.0,0.0,,13.5
28/08/2023,11,60,17.1,80,2.62,0.1,0.0,,13.7
28/08/2023,12,65,18.5,68,1.75,0.1,0.0,,12.6
28/08/2023,13,70,18.5,66,1.75,0.1,0.0,,11.9
28/08/2023,14,71,18.5,67,1.39,0.1,0.0,,12.2
28/08/2023,15,65,20.1,61,1.73,0.0,0.0,,12.4
28/08/2023,16,86,20.9,56,2.2,0.0,0.0,,11.6
28/08/2023,17,150,18.6,66,3.64,0.2,0.0,,12.1
28/08/2023,18,264,19.5,61,2.4,0.1,0.0,,11.8
28/08/2023,19,218,19.9,55,3.62,0.1,0.0,,10.5
28/08/2023,20,112,18.5,60,3.41,0.0,0.0,,10.8
28/08/2023,21,63,16.9,68,2.53,0.0,0.0,,10.9
28/08/2023,22,51,16.1,72,2.62,0.0,0.0,,11.1
28/08/2023,23,38,15.1,76,2.69,0.0,0.0,,10.9
28/08/2024,0,33,16.5,81,2.9,0.0,0.0,,13.1
28/08/2024,1,19,15.8,84,2.56,0.0,0.0,,13.1
28/08/2024,2,11,14.9,89,2.66,0.0,0.0,,13.1
28/08/2024,3,6,14.8,90,2.5,0.0,0.0,,13.1
28/08/2024,4,6,15.0,90,2.01,0.0,0.0,,13.4
28/08/2024,5,9,13.8,94,2.12,0.0,0.0,,12.9
28/08/2024,6,19,13.2,96,2.1,0.0,0.0,,12.7
28/08/2024,7,57,12.6,98,2.2,0.0,0.0,,12.4
28/08/2024,8,183,14.2,96,1.73,0.0,0.0,,13.6
28/08/2024,9,187,16.7,86,1.25,0.0,0.0,,14.3
28/08/2024,10,81,19.5,77,1.28,0.0,0.0,,15.4
28/08/2024,11,75,22.4,68,1.56,0.0,0.0,,16.2
28/08/2024,12,90,24.8,59,2.27,0.0,0.0,,16.2
28/08/2024,13,87,26.3,54,2.33,0.0,0.0,,16.1
28/08/2024,14,82,27.5,51,2.55,0.0,0.0,,16.4
28/08/2024,15,78,29.7,43,3.2,0.0,0.0,,15.9
28/08/2024,16,91,30.6,36,3.93,0.0,0.0,,13.9
28/08/2024,17,144,30.8,32,4.3,0.0,0.0,,12.2
28/08/2024,18,228,30.4,32,4.11,0.0,0.0,,11.9
28/08/2024,19,192,29.5,35,3.1,0.0,0.0,,12.6
28/08/2024,20,113,26.6,47,1.96,0.0,0.0,,14.3
28/08/2024,21,75,23.4,55,2.56,0.0,0.0,,13.9
28/08/2024,22,70,22.5,58,2.22,0.0,0.0,,13.9
28/08/2024,23,61,22.1,61,2.37,0.0,0.0,,14.1
28/09/2023,0,45,20.9,76,4.43,0.0,0.0,,16.5
28/09/2023,1,21,19.6,82,4.08,0.0,0.0,,16.5
28/09/2023,2,12,17.8,92,2.28,0.0,0.0,,16.4
28/09/2023,3,6,17.6,93,2.18,0.0,0.0,,16.5
28/09/2023,4,5,17.3,94,1.9,0.0,0.0,,16.3
28/09/2023,5,9,16.8,95,1.6,0.0,0.0,,16.0
28/09/2023,6,24,15.9,97,1.71,0.0,0.0,,15.4
28/09/2023,7,102,15.8,97,1.51,0.0,0.0,,15.4
28/09/2023,8,330,14.4,99,2.15,0.0,0.0,,14.2
28/09/2023,9,281,15.9,94,1.87,0.0,0.0,,14.9
28/09/2023,10,116,17.3,78,2.16,0.0,0.0,,13.4
28/09/2023,11,99,18.6,71,2.58,0.0,0.0,,13.3
28/09/2023,12,131,19.2,67,2.22,0.0,0.0,,12.9
28/09/2023,13,130,20.0,63,2.25,0.0,0.0,,12.8
28/09/2023,14,120,20.3,60,2.79,0.0,0.0,,12.2
28/09/2023,15,117,21.1,57,2.89,0.0,0.0,,12.2
28/09/2023,16,144,21.6,53,3.05,0.0,0.0,,11.6
28/09/2023,17,228,21.6,52,3.01,0.0,0.0,,11.4
28/09/2023,18,326,21.6,53,3.36,0.0,0.0,,11.6
28/09/2023,19,298,20.4,62,1.5,0.0,0.0,,12.8
28/09/2023,20,173,19.7,64,2.4,0.0,0.0,,12.6
28/09/2023,21,107,19.3,66,3.09,0.0,0.0,,12.8
28/09/2023,22,103,18.5,70,3.0,0.0,0.0,,12.9
28/09/2023,23,90,18.2,72,3.62,0.0,0.0,,13.1
28/09/2024,0,39,11.1,87,4.48,0.2,0.0,,9.0
28/09/2024,1,29,11.0,85,4.13,0.0,0.0,,8.6
28/09/2024,2,29,10.1,87,3.08,0.0,0.0,,7.9
28/09/2024,3,16,10.4,85,3.4,0.0,0.0,,8.0
28/09/2024,4,13,9.4,86,2.69,0.0,0.0,,7.3
28/09/2024,5,11,7.8,91,2.21,0.0,0.0,,6.5
28/09/2024,6,12,7.2,92,1.99,0.0,0.0,,6.0
28/09/2024,7,17,6.4,95,1.93,0.0,0.0,,5.7
28/09/2024,8,38,6.7,95,1.78,0.0,0.0,,5.9
28/09/2024,9,61,8.5,92,2.63,0.0,0.0,,7.2
28/09/2024,10,79,10.1,86,2.24,0.0,0.0,,7.8
28/09/2024,11,94,11.6,77,2.24,0.0,0.0,,7.7
28/09/2024,12,115,12.6,66,2.3,0.0,0.0,,6.4
28/09/2024,13,103,12.8,64,2.87,0.2,0.0,,6.2
28/09/2024,14,109,13.1,61,2.79,0.0,0.0,,5.8
28/09/2024,15,120,13.4,58,2.77,0.1,0.0,,5.3
28/09/2024,16,124,13.8,54,2.8,0.0,0.0,,4.7
28/09/2024,17,132,13.6,54,2.93,0.0,0.0,,4.5
28/09/2024,18,130,13.4,54,1.92,0.0,0.0,,4.4
28/09/2024,19,123,13.1,53,0.4,0.0,0.0,,3.8
28/09/2024,20,96,10.4,68,1.38,0.0,0.0,,4.8
28/09/2024,21,65,8.9,78,2.11,0.0,0.0,,5.3
28/09/2024,22,56,8.4,81,1.98,0.0,0.0,,5.2
28/09/2024,23,49,7.2,87,2.15,0.0,0.0,,5.2
28/10/2023,0,39,9.9,91,5.16,0.0,0.0,,8.5
28/10/2023,1,30,10.2,90,5.68,0.0,0.0,,8.6
28/10/2023,2,28,10.6,89,5.9,0.0,0.0,,8.9
28/10/2023,3,15,11.1,89,5.91,0.1,0.0,,9.3
28/10/2023,4,12,10.8,90,6.08,0.0,0.0,,9.2
28/10/2023,5,11,10.9,90,6.4,0.0,0.0,,9.3
28/10/2023,6,11,10.6,90,5.77,0.3,0.0,,9.1
28/10/2023,7,14,10.6,92,5.26,0.0,0.0,,9.3
28/10/2023,8,28,10.4,91,5.35,0.0,0.0,,9.1
28/10/2023,9,48,10.4,90,5.38,0.0,0.0,,8.8
28/10/2023,10,60,11.2,87,5.89,0.0,0.0,,9.1
28/10/2023,11,73,12.6,80,6.65,0.0,0.0,,9.2
28/10/2023,12,90,13.2,80,6.55,1.4,0.0,,9.8
28/10/2023,13,88,13.6,81,7.15,0.0,0.0,,10.4
28/10/2023,14,91,13.9,82,6.64,0.0,0.0,,10.9
28/10/2023,15,96,14.0,78,6.89,0.4,0.0,,10.2
28/10/2023,16,74,13.8,83,6.15,1.0,0.0,,10.9
28/10/2023,17,68,13.6,85,6.31,0.2,0.0,,11.1
28/10/2023,18,62,13.8,83,7.89,0.3,0.0,,11.0
28/10/2023,19,53,13.4,87,8.04,1.0,0.0,,11.3
28/10/2023,20,47,13.9,84,8.41,0.1,0.0,,11.2
28/10/2023,21,28,14.2,83,8.64,0.1,0.0,,11.3
28/10/2023,22,27,14.4,82,8.69,0.1,0.0,,11.4
28/10/2023,23,29,14.9,79,9.08,0.0,0.0,,11.2
28/10/2024,0,17,14.4,90,0.78,0.0,0.0,,12.6
28/10/2024,1,10,11.9,96,1.78,0.0,0.0,,11.4
28/10/2024,2,7,12.5,96,1.25,0.0,0.0,,11.9
28/10/2024,3,4,12.9,97,1.12,0.0,0.0,,12.4
28/10/2024,4,5,12.5,97,1.36,0.0,0.0,,12.1
28/10/2024,5,9,10.4,100,1.61,0.0,0.0,,10.4
28/10/2024,6,18,10.4,100,1.35,0.0,0.0,,10.4
28/10/2024,7,58,10.8,99,0.98,0.0,0.0,,10.6
28/10/2024,8,192,10.9,99,0.85,0.0,0.0,,10.7
28/10/2024,9,183,11.2,100,0.92,0.0,0.0,,11.1
28/10/2024,10,70,12.1,99,1.38,0.0,0.0,,11.9
28/10/2024,11,61,12.6,98,1.33,0.0,0.0,,12.4
28/10/2024,12,80,14.3,92,1.51,0.0,0.0,,13.1
28/10/2024,13,81,15.8,86,1.8,0.0,0.0,,13.4
28/10/2024,14,77,17.0,78,1.86,0.0,0.0,,13.1
28/10/2024,15,75,17.1,74,2.74,0.0,0.0,,12.4
28/10/2024,16,87,17.5,70,3.02,0.0,0.0,,11.9
28/10/2024,17,137,17.4,69,2.37,0.0,0.0,,11.7
28/10/2024,18,216,15.9,80,1.42,0.0,0.0,,12.6
28/10/2024,19,177,13.8,89,2.02,0.0,0.0,,11.9
28/10/2024,20,102,12.4,93,2.27,0.0,0.0,,11.2
28/10/2024,21,63,11.4,95,2.37,0.0,0.0,,10.6
28/10/2024,22,54,11.6,93,1.91,0.0,0.0,,10.6
28/10/2024,23,41,10.9,94,2.13,0.0,0.0,,10.0
28/11/2023,0,14,7.3,89,5.17,0.0,0.0,,5.6
28/11/2023,1,6,6.4,90,5.02,0.0,0.0,,4.8
28/11/2023,2,5,6.2,89,5.41,0.0,0.0,,4.4
28/11/2023,3,3,6.4,89,6.09,0.1,0.0,,4.8
28/11/2023,4,3,6.1,90,5.37,0.0,0.0,,4.6
28/11/2023,5,6,6.2,90,5.64,0.0,0.0,,4.6
28/11/2023,6,18,6.2,89,5.25,0.0,0.0,,4.6
28/11/2023,7,80,5.8,90,4.7,0.1,0.0,,4.3
28/11/2023,8,285,5.4,91,3.94,0.0,0.0,,4.0
28/11/2023,9,252,4.3,93,3.13,0.0,0.0,,3.3
28/11/2023,10,87,4.4,92,3.01,0.0,0.0,,3.2
28/11/2023,11,71,4.7,87,3.7,0.0,0.0,,2.6
28/11/2023,12,95,5.1,80,3.3,0.0,0.0,,1.9
28/11/2023,13,96,5.4,76,3.11,0.0,0.0,,1.5
28/11/2023,14,88,6.0,72,3.14,0.0,0.0,,1.3
28/11/2023,15,86,6.4,67,3.04,0.0,0.0,,0.6
28/11/2023,16,104,6.5,65,2.68,0.0,0.0,,0.4
28/11/2023,17,173,6.0,71,1.48,0.0,0.0,,1.0
28/11/2023,18,272,5.1,74,1.65,0.0,0.0,,0.8
28/11/2023,19,245,4.3,78,1.3,0.0,0.0,,0.9
28/11/2023,20,132,2.7,86,1.44,0.0,0.0,,0.6
28/11/2023,21,68,1.4,93,2.28,0.0,0.0,,0.3
28/11/2023,22,64,1.5,93,1.91,0.0,0.0,,0.4
28/11/2023,23,64,0.9,94,2.12,0.0,0.0,,0.1
28/11/2024,0,27,7.3,93,1.98,0.0,0.0,,6.2
28/11/2024,1,15,7.2,92,2.16,0.0,0.0,,5.9
28/11/2024,2,8,7.1,91,1.68,0.0,0.0,,5.8
28/11/2024,3,5,7.4,91,1.75,0.0,0.0,,6.1
28/11/2024,4,4,7.2,88,2.23,0.0,0.0,,5.4
28/11/2024,5,8,6.6,88,1.66,0.0,0.0,,4.8
28/11/2024,6,18,5.5,91,1.0,0.0,0.0,,4.1
28/11/2024,7,67,5.4,89,1.12,0.0,0.0,,3.8
28/11/2024,8,228,5.1,90,0.83,0.0,0.0,,3.7
28/11/2024,9,208,5.3,89,0.85,0.0,0.0,,3.6
28/11/2024,10,84,5.3,88,1.08,0.0,0.0,,3.5
28/11/2024,11,75,5.7,86,0.96,0.0,0.0,,3.6
28/11/2024,12,100,6.6,80,1.25,0.0,0.0,,3.5
28/11/2024,13,100,7.3,77,1.39,0.0,0.0,,3.7
28/11/2024,14,97,7.9,76,1.53,0.0,0.0,,4.0
28/11/2024,15,88,8.8,73,1.68,0.0,0.0,,4.2
28/11/2024,16,104,8.8,73,1.76,0.0,0.0,,4.1
28/11/2024,17,153,8.4,76,1.51,0.0,0.0,,4.3
28/11/2024,18,221,7.0,81,1.53,0.0,0.0,,4.0
28/11/2024,19,202,6.2,83,1.57,0.0,0.0,,3.7
28/11/2024,20,118,5.8,85,2.01,0.0,0.0,,3.4
28/11/2024,21,73,5.2,86,2.15,0.0,0.0,,3.0
28/11/2024,22,66,4.6,88,2.09,0.0,0.0,,2.8
28/11/2024,23,60,3.8,90,1.73,0.0,0.0,,2.4
28/12/2023,0,17,9.9,83,7.1,0.0,0.0,,7.2
28/12/2023,1,11,10.2,84,7.0,0.0,0.0,,7.7
28/12/2023,2,8,10.5,86,6.62,0.0,0.0,,8.2
28/12/2023,3,4,10.2,87,5.64,0.0,0.0,,8.2
28/12/2023,4,4,10.2,89,5.56,0.0,0.0,,8.5
28/12/2023,5,6,10.1,90,5.64,0.0,0.0,,8.6
28/12/2023,6,10,9.9,91,5.4,0.0,0.0,,8.4
28/12/2023,7,23,9.7,91,5.38,0.0,0.0,,8.2
28/12/2023,8,58,9.6,91,5.33,0.0,0.0,,8.1
28/12/2023,9,66,9.4,92,4.92,0.0,0.0,,8.2
28/12/2023,10,46,9.6,93,4.78,0.0,0.0,,8.4
28/12/2023,11,49,10.6,90,5.47,0.0,0.0,,9.1
28/12/2023,12,63,11.1,85,5.8,0.0,0.0,,8.6
28/12/2023,13,57,11.5,82,6.22,0.0,0.0,,8.6
28/12/2023,14,64,11.9,76,7.15,0.0,0.0,,7.8
28/12/2023,15,67,12.1,72,7.8,0.0,0.0,,7.2
28/12/2023,16,71,12.1,73,6.44,0.0,0.0,,7.4
28/12/2023,17,86,11.4,78,5.33,0.0,0.0,,7.8
28/12/2023,18,104,10.4,86,5.29,0.0,0.0,,8.1
28/12/2023,19,85,9.8,89,5.64,0.0,0.0,,8.1
28/12/2023,20,56,9.2,89,5.44,0.0,0.0,,7.6
28/12/2023,21,39,8.9,88,5.23,0.0,0.0,,7.1
28/12/2023,22,32,8.6,88,5.17,0.0,0.0,,6.7
28/12/2023,23,28,8.4,86,5.53,0.0,0.0,,6.2
28/12/2024,0,16,0.3,99,0.96,0.0,0.0,,0.2
28/12/2024,1,10,-0.2,100,0.84,0.0,0.0,,-0.2
28/12/2024,2,10,-0.7,100,0.72,0.0,0.0,,-0.8
28/12/2024,3,6,0.2,99,0.68,0.0,0.0,,0.2
28/12/2024,4,5,0.3,100,0.57,0.0,0.0,,0.2
28/12/2024,5,6,0.4,99,0.85,0.0,0.0,,0.3
28/12/2024,6,8,0.5,100,1.2,0.0,0.0,,0.4
28/12/2024,7,9,0.4,100,1.36,0.0,0.0,,0.3
28/12/2024,8,14,0.2,99,1.51,0.0,0.0,,0.1
28/12/2024,9,22,0.1,99,1.49,0.0,0.0,,-0.1
28/12/2024,10,29,-0.1,99,1.46,0.0,0.0,,-0.2
28/12/2024,11,36,0.0,99,1.5,0.0,0.0,,-0.2
28/12/2024,12,41,0.1,99,1.55,0.0,0.0,,-0.2
28/12/2024,13,42,0.6,94,1.61,0.0,0.0,,-0.2
28/12/2024,14,43,1.5,91,2.5,0.0,0.0,,0.3
28/12/2024,15,44,0.8,94,1.52,0.0,0.0,,-0.1
28/12/2024,16,46,1.2,92,1.43,0.0,0.0,,0.1
28/12/2024,17,44,1.2,92,1.3,0.0,0.0,,0.1
28/12/2024,18,45,1.0,94,1.01,0.0,0.0,,0.2
28/12/2024,19,46,0.9,95,0.83,0.0,0.0,,0.2
28/12/2024,20,38,0.9,96,0.81,0.0,0.0,,0.4
28/12/2024,21,28,1.0,96,0.78,0.0,0.0,,0.5
28/12/2024,22,24,1.2,95,1.03,0.0,0.0,,0.5
28/12/2024,23,20,1.2,95,1.1,0.0,0.0,,0.6
29/01/2023,0,29,-3.2,90,2.92,0.0,0.0,,-4.6
29/01/2023,1,21,-3.7,91,2.59,0.0,0.0,,-4.9
29/01/2023,2,21,-1.0,90,1.36,0.0,0.0,,-2.5
29/01/2023,3,13,-0.1,84,1.25,0.0,0.0,,-2.3
29/01/2023,4,10,0.2,84,1.24,0.0,0.0,,-2.2
29/01/2023,5,7,-0.2,90,0.99,0.0,0.0,,-1.6
29/01/2023,6,6,-0.1,87,0.76,0.0,0.0,,-2.0
29/01/2023,7,7,-1.4,93,1.39,0.0,0.0,,-2.3
29/01/2023,8,14,-1.5,94,1.53,0.0,0.0,,-2.2
29/01/2023,9,27,-1.5,94,1.46,0.0,0.0,,-2.3
29/01/2023,10,42,-1.4,94,1.22,0.0,0.0,,-2.2
29/01/2023,11,57,0.0,90,1.14,0.0,0.0,,-1.5
29/01/2023,12,79,2.1,81,0.71,0.0,0.0,,-0.8
29/01/2023,13,71,3.5,73,1.3,0.0,0.0,,-0.9
29/01/2023,14,69,4.2,69,2.56,0.0,0.0,,-0.9
29/01/2023,15,79,4.4,67,2.69,0.0,0.0,,-1.2
29/01/2023,16,83,4.6,67,2.3,0.0,0.0,,-1.0
29/01/2023,17,81,4.7,67,2.52,0.0,0.0,,-1.0
29/01/2023,18,77,4.6,67,2.51,0.0,0.0,,-1.0
29/01/2023,19,61,4.0,71,1.77,0.0,0.0,,-0.7
29/01/2023,20,44,3.8,72,2.62,0.0,0.0,,-0.8
29/01/2023,21,30,3.8,72,2.77,0.0,0.0,,-0.7
29/01/2023,22,25,3.9,73,3.14,0.0,0.0,,-0.5
29/01/2023,23,20,3.8,76,3.34,0.0,0.0,,-0.2
29/01/2024,0,11,5.5,86,2.71,0.0,0.0,,3.3
29/01/2024,1,7,5.1,87,2.73,0.0,0.0,,3.0
29/01/2024,2,5,5.1,88,2.65,0.0,0.0,,3.3
29/01/2024,3,4,3.4,93,3.76,0.0,0.0,,2.4
29/01/2024,4,4,4.1,93,2.73,0.0,0.0,,3.1
29/01/2024,5,7,4.9,92,2.83,0.0,0.0,,3.7
29/01/2024,6,17,5.2,92,2.93,0.0,0.0,,3.9
29/01/2024,7,64,5.2,92,2.82,0.0,0.0,,4.0
29/01/2024,8,214,5.1,93,2.7,0.0,0.0,,4.0
29/01/2024,9,184,5.0,93,2.6,0.0,0.0,,4.0
29/01/2024,10,64,5.2,93,2.6,0.0,0.0,,4.2
29/01/2024,11,56,6.8,90,3.5,0.0,0.0,,5.2
29/01/2024,12,72,8.4,88,2.91,0.0,0.0,,6.4
29/01/2024,13,73,9.8,84,3.24,0.0,0.0,,7.2
29/01/2024,14,68,11.2,81,3.51,0.0,0.0,,8.1
29/01/2024,15,68,12.4,76,3.5,0.0,0.0,,8.2
29/01/2024,16,83,12.6,75,3.6,0.0,0.0,,8.3
29/01/2024,17,131,12.6,76,3.31,0.0,0.0,,8.4
29/01/2024,18,211,11.3,81,2.75,0.0,0.0,,8.1
29/01/2024,19,178,9.4,86,2.71,0.0,0.0,,7.2
29/01/2024,20,95,8.7,88,2.6,0.0,0.0,,6.8
29/01/2024,21,56,8.5,88,2.61,0.0,0.0,,6.7
29/01/2024,22,46,8.6,88,2.83,0.0,0.0,,6.8
29/01/2024,23,31,8.6,88,2.7,0.0,0.0,,6.7
29/02/2024,0,27,8.4,85,3.31,0.0,0.0,,5.9
29/02/2024,1,14,8.6,84,4.01,0.0,0.0,,6.1
29/02/2024,2,8,8.8,84,4.39,0.0,0.0,,6.3
29/02/2024,3,5,8.4,86,4.54,0.0,0.0,,6.2
29/02/2024,4,4,8.5,87,4.67,0.0,0.0,,6.4
29/02/2024,5,8,8.6,87,4.3,0.0,0.0,,6.7
29/02/2024,6,17,8.8,89,4.15,0.0,0.0,,7.1
29/02/2024,7,64,8.9,90,4.39,0.0,0.0,,7.4
29/02/2024,8,203,8.9,91,4.81,0.0,0.0,,7.5
29/02/2024,9,185,9.1,90,4.95,0.0,0.0,,7.7
29/02/2024,10,73,9.3,90,4.95,0.2,0.0,,7.8
29/02/2024,11,57,9.4,91,4.98,0.3,0.0,,8.1
29/02/2024,12,73,9.6,91,5.04,0.1,0.0,,8.2
29/02/2024,13,71,9.6,93,5.2,0.2,0.0,,8.4
29/02/2024,14,67,10.3,89,6.53,0.1,0.0,,8.5
29/02/2024,15,60,9.9,92,5.46,0.1,0.0,,8.6
29/02/2024,16,71,9.7,93,5.25,0.1,0.0,,8.6
29/02/2024,17,119,9.9,93,5.31,0.1,0.0,,8.9
29/02/2024,18,189,10.3,91,5.5,0.0,0.0,,8.9
29/02/2024,19,179,10.1,92,5.12,0.0,0.0,,8.9
29/02/2024,20,104,9.9,93,4.9,0.0,0.0,,8.7
29/02/2024,21,64,9.4,93,5.1,0.0,0.0,,8.3
29/02/2024,22,47,9.4,93,5.4,0.0,0.0,,8.3
29/02/2024,23,43,9.4,93,5.48,0.2,0.0,,8.4
29/03/2023,0,27,9.3,69,3.07,0.0,0.0,,4.0
29/03/2023,1,10,9.4,70,2.94,0.0,0.0,,4.2
29/03/2023,2,5,9.1,72,2.43,0.0,0.0,,4.2
29/03/2023,3,4,9.6,73,2.28,0.0,0.0,,4.9
29/03/2023,4,3,9.9,74,2.06,0.0,0.0,,5.5
29/03/2023,5,7,9.6,77,1.84,0.0,0.0,,5.9
29/03/2023,6,18,9.6,79,2.18,0.0,0.0,,6.1
29/03/2023,7,75,9.5,79,2.68,0.0,0.0,,6.1
29/03/2023,8,253,9.2,85,2.94,0.4,0.0,,6.8
29/03/2023,9,242,9.4,86,3.67,0.0,0.0,,7.2
29/03/2023,10,94,11.1,83,3.31,0.0,0.0,,8.2
29/03/2023,11,79,13.1,76,3.83,0.0,0.0,,9.1
29/03/2023,12,107,14.9,70,4.18,0.0,0.0,,9.4
29/03/2023,13,107,16.7,62,4.18,0.0,0.0,,9.5
29/03/2023,14,98,18.5,55,4.1,0.0,0.0,,9.4
29/03/2023,15,92,19.2,53,5.3,0.0,0.0,,9.6
29/03/2023,16,108,19.6,48,6.14,0.0,0.0,,8.4
29/03/2023,17,168,19.5,51,5.67,0.0,0.0,,9.2
29/03/2023,18,266,19.2,55,4.9,0.0,0.0,,9.9
29/03/2023,19,259,18.5,52,5.24,0.0,0.0,,8.4
29/03/2023,20,142,17.0,59,4.57,0.0,0.0,,8.9
29/03/2023,21,83,16.5,61,4.81,0.0,0.0,,8.9
29/03/2023,22,76,16.6,59,5.48,0.1,0.0,,8.4
29/03/2023,23,68,16.1,64,5.02,0.2,0.0,,9.3
29/03/2024,0,29,9.4,60,5.29,0.0,0.0,,2.1
29/03/2024,1,17,9.4,60,3.92,0.0,0.0,,2.0
29/03/2024,2,10,8.4,69,2.33,0.5,0.0,,3.0
29/03/2024,3,6,8.6,89,2.52,1.1,0.0,,6.9
29/03/2024,4,6,8.6,90,1.92,0.5,0.0,,7.0
29/03/2024,5,10,8.6,90,2.28,0.2,0.0,,7.1
29/03/2024,6,17,8.7,90,2.55,0.1,0.0,,7.1
29/03/2024,7,56,8.4,91,3.26,0.0,0.0,,7.0
29/03/2024,8,155,8.9,89,3.92,0.2,0.0,,7.2
29/03/2024,9,139,9.4,89,4.46,0.0,0.0,,7.6
29/03/2024,10,73,10.1,89,4.71,0.0,0.0,,8.2
29/03/2024,11,68,11.8,80,6.4,0.1,0.0,,8.4
29/03/2024,12,94,12.3,74,6.35,0.0,0.0,,7.8
29/03/2024,13,89,12.7,69,5.97,0.0,0.0,,7.2
29/03/2024,14,87,13.1,65,5.33,0.0,0.0,,6.7
29/03/2024,15,86,13.6,64,5.63,0.1,0.0,,6.9
29/03/2024,16,98,13.6,60,4.83,0.0,0.0,,5.9
29/03/2024,17,120,13.1,65,4.63,0.0,0.0,,6.6
29/03/2024,18,149,12.4,68,4.8,0.0,0.0,,6.8
29/03/2024,19,89,11.2,78,4.69,0.3,0.0,,7.4
29/03/2024,20,54,10.2,86,4.63,0.9,0.0,,8.1
29/03/2024,21,35,9.8,86,4.55,1.1,0.0,,7.4
29/03/2024,22,38,9.1,84,3.6,0.2,0.0,,6.6
29/03/2024,23,31,8.9,86,3.0,0.6,0.0,,6.7
29/04/2023,0,38,11.8,90,2.58,0.0,0.0,,10.2
29/04/2023,1,26,11.0,93,2.06,0.0,0.0,,9.9
29/04/2023,2,21,10.2,95,1.91,0.0,0.0,,9.6
29/04/2023,3,13,9.4,97,1.72,0.0,0.0,,8.9
29/04/2023,4,11,8.3,98,1.92,0.0,0.0,,8.1
29/04/2023,5,9,7.8,99,1.86,0.0,0.0,,7.7
29/04/2023,6,11,7.4,99,1.77,0.0,0.0,,7.3
29/04/2023,7,16,8.2,99,1.28,0.0,0.0,,8.0
29/04/2023,8,28,10.1,93,1.73,0.0,0.0,,8.9
29/04/2023,9,45,10.6,93,1.97,0.0,0.0,,9.6
29/04/2023,10,57,11.4,91,1.8,0.0,0.0,,10.0
29/04/2023,11,69,12.6,86,1.94,0.1,0.0,,10.2
29/04/2023,12,78,13.8,79,2.31,0.1,0.0,,10.2
29/04/2023,13,76,14.8,72,2.9,0.1,0.0,,9.8
29/04/2023,14,80,14.4,70,2.9,0.0,0.0,,8.9
29/04/2023,15,91,15.2,67,3.14,0.1,0.0,,9.2
29/04/2023,16,98,15.5,66,3.42,0.0,0.0,,9.1
29/04/2023,17,100,15.7,64,3.62,0.0,0.0,,8.9
29/04/2023,18,106,15.4,64,3.8,0.0,0.0,,8.6
29/04/2023,19,103,14.9,64,3.94,0.0,0.0,,8.2
29/04/2023,20,77,13.9,69,3.22,0.0,0.0,,8.2
29/04/2023,21,50,12.9,70,2.77,0.0,0.0,,7.7
29/04/2023,22,40,12.6,71,2.92,0.0,0.0,,7.4
29/04/2023,23,38,12.1,72,2.62,0.0,0.0,,7.2
29/04/2024,0,18,8.2,85,1.9,0.0,0.0,,5.8
29/04/2024,1,10,7.8,87,1.82,0.0,0.0,,5.7
29/04/2024,2,6,7.1,90,2.02,0.0,0.0,,5.7
29/04/2024,3,4,7.6,94,1.93,0.0,0.0,,6.6
29/04/2024,4,4,7.2,93,2.11,0.0,0.0,,6.2
29/04/2024,5,9,6.3,94,2.75,0.0,0.0,,5.5
29/04/2024,6,21,6.5,93,2.42,0.0,0.0,,5.4
29/04/2024,7,74,7.3,91,1.4,0.0,0.0,,6.0
29/04/2024,8,252,8.0,92,2.33,0.0,0.0,,6.7
29/04/2024,9,220,9.6,89,2.41,0.0,0.0,,7.9
29/04/2024,10,86,11.6,85,2.83,0.0,0.0,,9.2
29/04/2024,11,76,13.9,77,3.31,0.0,0.0,,9.9
29/04/2024,12,98,15.6,61,3.98,0.1,0.0,,8.1
29/04/2024,13,98,16.4,56,4.2,0.2,0.0,,7.7
29/04/2024,14,91,17.5,51,4.3,0.0,0.0,,7.2
29/04/2024,15,86,17.7,51,3.81,0.0,0.0,,7.4
29/04/2024,16,102,17.8,51,4.1,0.0,0.0,,7.3
29/04/2024,17,167,17.9,51,4.01,0.0,0.0,,7.4
29/04/2024,18,261,17.2,53,3.52,0.0,0.0,,7.6
29/04/2024,19,233,16.9,55,3.3,0.0,0.0,,7.8
29/04/2024,20,132,15.7,65,2.0,0.0,0.0,,9.1
29/04/2024,21,75,14.1,73,1.68,0.0,0.0,,9.2
29/04/2024,22,64,13.5,75,2.91,0.0,0.0,,9.2
29/04/2024,23,45,12.8,79,2.45,0.0,0.0,,9.2
29/05/2023,0,33,17.5,64,4.48,0.0,0.0,,10.6
29/05/2023,1,19,16.8,67,4.74,0.0,0.0,,10.6
29/05/2023,2,14,16.5,66,4.96,0.0,0.0,,10.1
29/05/2023,3,8,15.6,67,4.92,0.0,0.0,,9.4
29/05/2023,4,6,14.6,69,4.65,0.0,0.0,,8.9
29/05/2023,5,7,13.7,72,4.83,0.0,0.0,,8.8
29/05/2023,6,9,13.1,75,4.98,0.0,0.0,,8.6
29/05/2023,7,20,13.1,77,5.41,0.0,0.0,,9.2
29/05/2023,8,60,13.9,77,4.92,0.0,0.0,,10.1
29/05/2023,9,87,15.2,74,4.79,0.0,0.0,,10.6
29/05/2023,10,79,16.8,69,5.16,0.0,0.0,,11.1
29/05/2023,11,88,18.2,64,5.32,0.0,0.0,,11.4
29/05/2023,12,105,19.9,59,5.46,0.0,0.0,,11.6
29/05/2023,13,99,21.2,55,5.56,0.0,0.0,,11.8
29/05/2023,14,106,22.2,53,6.13,0.0,0.0,,12.2
29/05/2023,15,121,22.9,51,6.35,0.0,0.0,,12.2
29/05/2023,16,132,23.2,50,6.66,0.0,0.0,,12.4
29/05/2023,17,146,23.0,52,7.0,0.0,0.0,,12.6
29/05/2023,18,165,22.4,53,7.24,0.0,0.0,,12.4
29/05/2023,19,148,21.5,55,7.43,0.0,0.0,,11.9
29/05/2023,20,99,20.1,57,6.96,0.0,0.0,,11.4
29/05/2023,21,70,18.6,61,6.04,0.0,0.0,,11.1
29/05/2023,22,59,17.1,62,6.09,0.0,0.0,,9.9
29/05/2023,23,39,16.2,62,5.97,0.0,0.0,,8.8
29/05/2024,0,33,14.7,84,3.94,0.0,0.0,,12.1
29/05/2024,1,16,14.5,86,4.12,0.4,0.0,,12.1
29/05/2024,2,9,14.3,86,4.53,0.0,0.0,,12.1
29/05/2024,3,5,14.6,86,4.96,0.1,0.0,,12.2
29/05/2024,4,5,14.4,86,5.08,0.0,0.0,,12.1
29/05/2024,5,8,14.2,87,4.44,0.0,0.0,,12.1
29/05/2024,6,17,13.9,89,3.96,0.4,0.0,,12.0
29/05/2024,7,48,13.8,89,4.1,0.1,0.0,,12.1
29/05/2024,8,156,14.0,90,4.53,4.3,0.0,,12.4
29/05/2024,9,161,14.6,89,5.38,0.9,0.0,,12.8
29/05/2024,10,71,14.9,88,4.96,3.1,0.0,,12.9
29/05/2024,11,64,15.4,88,5.44,1.5,0.0,,13.4
29/05/2024,12,69,15.7,85,5.94,0.1,0.0,,13.1
29/05/2024,13,57,15.8,86,5.83,0.8,0.0,,13.4
29/05/2024,14,51,16.9,82,6.24,0.5,0.0,,13.9
29/05/2024,15,49,15.8,89,4.71,6.9,0.0,,14.1
29/05/2024,16,61,17.5,78,6.06,0.2,0.0,,13.5
29/05/2024,17,83,16.7,83,5.16,0.5,0.0,,13.9
29/05/2024,18,153,16.5,89,3.82,1.2,0.0,,14.8
29/05/2024,19,147,16.2,91,4.44,0.7,0.0,,14.7
29/05/2024,20,77,16.1,93,4.61,0.4,0.0,,15.1
29/05/2024,21,57,15.8,91,3.53,0.2,0.0,,14.4
29/05/2024,22,56,14.4,93,2.75,0.0,0.0,,13.3
29/05/2024,23,43,13.9,94,2.56,0.2,0.0,,13.0
29/06/2023,0,60,21.4,69,1.7,0.0,0.0,,15.4
29/06/2023,1,30,21.1,70,1.78,0.0,0.0,,15.5
29/06/2023,2,18,19.5,83,1.66,0.0,0.0,,16.5
29/06/2023,3,8,20.1,78,1.0,0.0,0.0,,16.1
29/06/2023,4,6,19.8,80,1.49,0.0,0.0,,16.3
29/06/2023,5,9,19.4,83,1.08,0.0,0.0,,16.5
29/06/2023,6,22,19.1,85,1.49,0.1,0.0,,16.5
29/06/2023,7,78,19.0,87,1.55,0.3,0.0,,16.8
29/06/2023,8,261,19.4,85,1.65,0.1,0.0,,16.9
29/06/2023,9,246,20.0,82,1.75,0.1,0.0,,16.9
29/06/2023,10,101,21.3,76,1.61,0.1,0.0,,16.8
29/06/2023,11,88,22.4,71,1.43,0.1,0.0,,16.8
29/06/2023,12,113,23.4,65,1.84,0.3,0.0,,16.3
29/06/2023,13,110,24.5,57,3.14,0.1,0.0,,15.6
29/06/2023,14,104,23.1,69,2.51,0.0,0.0,,17.0
29/06/2023,15,95,25.0,57,3.86,0.0,0.0,,15.8
29/06/2023,16,119,25.0,52,3.98,0.0,0.0,,14.6
29/06/2023,17,188,24.6,53,4.39,0.0,0.0,,14.4
29/06/2023,18,260,22.5,61,5.8,0.1,0.0,,14.6
29/06/2023,19,245,21.8,66,5.03,0.0,0.0,,15.1
29/06/2023,20,155,21.4,66,4.52,0.0,0.0,,14.9
29/06/2023,21,98,20.6,68,4.47,0.1,0.0,,14.4
29/06/2023,22,92,19.6,70,4.3,0.2,0.0,,14.0
29/06/2023,23,90,19.1,71,4.11,0.0,0.0,,13.9
29/06/2024,0,65,15.8,73,3.72,0.0,0.0,,10.9
29/06/2024,1,42,14.6,77,3.26,0.0,0.0,,10.5
29/06/2024,2,33,13.8,79,2.56,0.0,0.0,,10.2
29/06/2024,3,22,14.2,76,3.49,2.6,0.0,,10.0
29/06/2024,4,15,13.9,77,3.18,0.1,0.0,,9.9
29/06/2024,5,12,13.2,79,2.53,0.0,0.0,,9.6
29/06/2024,6,12,12.5,80,3.13,0.0,0.0,,9.2
29/06/2024,7,21,13.0,80,3.04,0.0,0.0,,9.6
29/06/2024,8,37,14.2,77,2.62,0.0,0.0,,10.2
29/06/2024,9,57,15.9,73,3.54,0.0,0.0,,11.1
29/06/2024,10,75,18.1,69,3.41,0.0,0.0,,12.3
29/06/2024,11,84,19.7,65,3.41,0.0,0.0,,13.0
29/06/2024,12,98,20.1,64,2.83,0.0,0.0,,13.1
29/06/2024,13,96,20.5,66,3.83,0.2,0.0,,13.9
29/06/2024,14,91,22.5,59,3.74,0.0,0.0,,14.1
29/06/2024,15,98,19.4,76,4.6,9.6,0.0,,15.1
29/06/2024,16,106,18.5,77,4.56,12.1,0.0,,14.2
29/06/2024,17,109,19.3,74,3.88,0.0,0.0,,14.6
29/06/2024,18,110,20.5,74,3.98,0.0,0.0,,15.6
29/06/2024,19,92,20.3,71,4.9,0.0,0.0,,14.8
29/06/2024,20,81,19.8,69,5.19,0.0,0.0,,13.8
29/06/2024,21,58,18.8,71,3.71,0.0,0.0,,13.5
29/06/2024,22,50,18.1,75,3.13,0.0,0.0,,13.6
29/06/2024,23,44,17.7,80,3.37,0.0,0.0,,14.2
29/07/2023,0,31,18.1,94,2.24,0.0,0.0,,17.1
29/07/2023,1,23,18.8,91,1.77,0.0,0.0,,17.2
29/07/2023,2,18,17.7,95,2.22,0.0,0.0,,16.9
29/07/2023,3,11,18.0,94,1.91,0.2,0.0,,17.0
29/07/2023,4,9,18.4,87,4.13,0.0,0.0,,16.2
29/07/2023,5,10,17.9,88,3.62,0.1,0.0,,15.8
29/07/2023,6,10,17.1,90,3.26,0.0,0.0,,15.4
29/07/2023,7,16,16.6,91,3.14,0.0,0.0,,15.2
29/07/2023,8,27,17.4,89,3.11,0.0,0.0,,15.6
29/07/2023,9,46,18.5,85,3.47,0.0,0.0,,15.9
29/07/2023,10,60,19.9,77,5.33,0.0,0.0,,15.7
29/07/2023,11,73,20.9,72,5.35,0.1,0.0,,15.6
29/07/2023,12,79,21.9,69,4.86,0.1,0.0,,16.0
29/07/2023,13,77,21.2,72,5.08,0.7,0.0,,16.0
29/07/2023,14,77,23.1,67,5.45,0.1,0.0,,16.5
29/07/2023,15,92,20.5,83,2.83,2.6,0.0,,17.5
29/07/2023,16,100,23.0,73,4.47,0.1,0.0,,18.0
29/07/2023,17,73,23.5,68,3.49,0.0,0.0,,17.3
29/07/2023,18,65,22.0,68,5.08,0.0,0.0,,15.8
29/07/2023,19,77,21.0,74,1.72,0.1,0.0,,16.1
29/07/2023,20,72,21.0,74,1.2,0.0,0.0,,16.3
29/07/2023,21,54,20.1,79,2.16,0.0,0.0,,16.3
29/07/2023,22,43,18.4,86,1.39,0.1,0.0,,16.0
29/07/2023,23,42,17.5,92,1.7,0.0,0.0,,16.2
29/07/2024,0,34,17.5,77,2.42,0.0,0.0,,13.4
29/07/2024,1,21,17.2,77,2.62,0.0,0.0,,13.1
29/07/2024,2,12,16.7,78,2.44,0.0,0.0,,12.9
29/07/2024,3,7,15.6,83,2.06,0.0,0.0,,12.8
29/07/2024,4,8,15.2,84,2.28,0.0,0.0,,12.6
29/07/2024,5,10,14.9,85,2.5,0.0,0.0,,12.4
29/07/2024,6,21,14.2,89,1.94,0.0,0.0,,12.4
29/07/2024,7,52,14.8,86,2.56,0.0,0.0,,12.5
29/07/2024,8,131,16.5,81,2.46,0.0,0.0,,13.3
29/07/2024,9,126,18.5,73,3.04,0.0,0.0,,13.6
29/07/2024,10,67,20.5,68,2.71,0.0,0.0,,14.4
29/07/2024,11,71,22.4,64,2.91,0.0,0.0,,15.2
29/07/2024,12,88,24.1,60,3.01,0.0,0.0,,15.9
29/07/2024,13,84,26.0,57,3.21,0.0,0.0,,16.8
29/07/2024,14,83,27.2,55,3.26,0.0,0.0,,17.3
29/07/2024,15,79,28.3,46,3.21,0.0,0.0,,15.6
29/07/2024,16,93,28.9,45,3.32,0.0,0.0,,15.7
29/07/2024,17,136,29.2,45,3.37,0.0,0.0,,16.1
29/07/2024,18,186,29.3,45,3.61,0.0,0.0,,16.2
29/07/2024,19,160,28.9,48,3.58,0.0,0.0,,16.8
29/07/2024,20,102,28.0,55,2.73,0.0,0.0,,18.1
29/07/2024,21,78,25.8,66,1.88,0.0,0.0,,18.9
29/07/2024,22,76,23.7,73,1.96,0.0,0.0,,18.6
29/07/2024,23,77,22.6,78,2.0,0.0,0.0,,18.6
29/08/2023,0,22,14.1,81,2.9,0.0,0.0,,10.8
29/08/2023,1,12,13.2,85,2.55,0.0,0.0,,10.8
29/08/2023,2,7,13.1,89,2.16,0.0,0.0,,11.4
29/08/2023,3,4,12.2,95,2.14,0.0,0.0,,11.5
29/08/2023,4,4,12.1,96,2.39,0.0,0.0,,11.5
29/08/2023,5,8,11.6,97,1.8,0.0,0.0,,11.2
29/08/2023,6,20,11.1,99,1.61,0.0,0.0,,10.9
29/08/2023,7,74,10.6,100,1.99,0.0,0.0,,10.6
29/08/2023,8,264,12.2,97,2.04,0.0,0.0,,11.9
29/08/2023,9,253,14.1,90,1.73,0.0,0.0,,12.4
29/08/2023,10,90,16.1,81,1.75,0.0,0.0,,12.9
29/08/2023,11,70,17.8,75,2.0,0.0,0.0,,13.2
29/08/2023,12,89,19.0,66,2.8,0.1,0.0,,12.6
29/08/2023,13,87,19.7,60,2.42,0.2,0.0,,11.6
29/08/2023,14,82,18.1,68,3.45,0.1,0.0,,12.1
29/08/2023,15,85,18.5,68,1.56,0.4,0.0,,12.4
29/08/2023,16,106,20.1,56,1.56,0.2,0.0,,11.1
29/08/2023,17,170,20.7,53,1.77,0.0,0.0,,10.9
29/08/2023,18,297,20.5,53,3.18,0.0,0.0,,10.5
29/08/2023,19,256,19.8,56,3.24,0.0,0.0,,10.6
29/08/2023,20,131,18.6,63,3.11,0.0,0.0,,11.4
29/08/2023,21,77,16.1,79,2.25,0.0,0.0,,12.5
29/08/2023,22,66,15.4,81,2.33,0.0,0.0,,12.2
29/08/2023,23,58,14.8,83,2.01,0.0,0.0,,11.9
29/08/2024,0,48,22.0,62,2.84,0.0,0.0,,14.4
29/08/2024,1,26,21.4,65,3.0,0.0,0.0,,14.4
29/08/2024,2,15,20.1,71,3.04,0.0,0.0,,14.6
29/08/2024,3,8,19.4,74,3.27,0.0,0.0,,14.6
29/08/2024,4,6,18.3,80,3.31,0.0,0.0,,14.7
29/08/2024,5,10,17.4,82,2.8,0.0,0.0,,14.3
29/08/2024,6,20,16.5,85,2.37,0.0,0.0,,13.9
29/08/2024,7,56,15.9,88,2.59,0.0,0.0,,13.9
29/08/2024,8,187,16.5,90,3.56,0.0,0.0,,14.8
29/08/2024,9,197,17.5,87,4.04,0.0,0.0,,15.4
29/08/2024,10,86,19.1,79,3.4,0.0,0.0,,15.5
29/08/2024,11,78,21.0,73,3.11,0.0,0.0,,15.9
29/08/2024,12,95,22.7,65,2.76,0.0,0.0,,15.9
29/08/2024,13,92,24.2,59,2.25,0.0,0.0,,15.6
29/08/2024,14,92,25.1,55,2.5,0.0,0.0,,15.4
29/08/2024,15,95,24.0,62,2.62,0.4,0.0,,16.1
29/08/2024,16,107,24.2,60,2.48,0.4,0.0,,16.0
29/08/2024,17,154,24.1,59,3.12,0.0,0.0,,15.6
29/08/2024,18,233,23.8,59,3.33,0.0,0.0,,15.2
29/08/2024,19,206,23.1,60,3.13,0.0,0.0,,15.1
29/08/2024,20,126,22.1,65,2.82,0.0,0.0,,15.2
29/08/2024,21,81,20.9,70,2.35,0.1,0.0,,15.2
29/08/2024,22,71,19.9,72,3.89,0.6,0.0,,14.8
29/08/2024,23,64,18.8,74,3.0,0.0,0.0,,14.1
29/09/2023,0,55,18.7,71,4.05,0.0,0.0,,13.2
29/09/2023,1,32,18.1,75,3.83,0.0,0.0,,13.5
29/09/2023,2,17,18.1,78,3.47,0.0,0.0,,14.3
29/09/2023,3,10,18.7,79,4.0,0.0,0.0,,15.0
29/09/2023,4,7,19.2,81,4.71,0.0,0.0,,15.9
29/09/2023,5,10,18.5,85,4.24,0.0,0.0,,16.0
29/09/2023,6,23,18.3,87,4.46,0.0,0.0,,16.0
29/09/2023,7,88,19.1,82,5.02,0.0,0.0,,15.9
29/09/2023,8,248,19.0,82,5.52,0.0,0.0,,15.9
29/09/2023,9,211,19.0,80,6.11,0.0,0.0,,15.6
29/09/2023,10,106,19.2,74,7.32,0.0,0.0,,14.4
29/09/2023,11,95,19.3,70,7.0,0.0,0.0,,13.8
29/09/2023,12,123,20.7,62,7.14,0.0,0.0,,13.1
29/09/2023,13,117,21.5,58,6.4,0.0,0.0,,12.8
29/09/2023,14,119,20.4,64,5.61,0.0,0.0,,13.4
29/09/2023,15,120,20.8,62,4.75,0.1,0.0,,13.3
29/09/2023,16,148,21.4,57,4.78,0.0,0.0,,12.5
29/09/2023,17,207,21.0,59,4.52,0.0,0.0,,12.8
29/09/2023,18,260,20.5,60,4.0,0.0,0.0,,12.4
29/09/2023,19,234,19.0,62,3.42,0.0,0.0,,11.6
29/09/2023,20,152,16.6,66,2.97,0.0,0.0,,10.2
29/09/2023,21,93,15.0,75,2.06,0.0,0.0,,10.6
29/09/2023,22,79,14.1,82,1.77,0.0,0.0,,10.9
29/09/2023,23,75,12.8,89,1.94,0.0,0.0,,11.1
29/09/2024,0,47,6.7,90,2.24,0.0,0.0,,5.1
29/09/2024,1,38,6.6,89,2.26,0.0,0.0,,4.8
29/09/2024,2,31,8.3,81,0.65,0.0,0.0,,5.2
29/09/2024,3,19,5.3,94,2.56,0.0,0.0,,4.4
29/09/2024,4,14,4.8,95,2.35,0.0,0.0,,4.2
29/09/2024,5,10,4.5,95,2.35,0.0,0.0,,3.8
29/09/2024,6,9,4.6,94,1.88,0.0,0.0,,3.7
29/09/2024,7,12,4.2,93,2.11,0.0,0.0,,3.0
29/09/2024,8,27,4.6,90,1.8,0.0,0.0,,3.2
29/09/2024,9,42,6.7,82,2.88,0.0,0.0,,3.8
29/09/2024,10,61,8.8,78,2.55,0.0,0.0,,5.1
29/09/2024,11,74,10.4,75,2.58,0.0,0.0,,6.1
29/09/2024,12,91,12.0,70,3.67,0.0,0.0,,6.7
29/09/2024,13,82,12.4,68,4.31,0.0,0.0,,6.6
29/09/2024,14,86,13.2,62,4.85,0.0,0.0,,6.2
29/09/2024,15,96,13.4,67,6.5,0.0,0.0,,7.3
29/09/2024,16,102,13.8,64,6.35,0.0,0.0,,7.0
29/09/2024,17,105,14.4,61,5.38,0.0,0.0,,6.9
29/09/2024,18,106,14.9,55,4.85,0.0,0.0,,6.1
29/09/2024,19,94,13.9,62,3.34,0.0,0.0,,6.8
29/09/2024,20,65,13.1,66,3.18,0.0,0.0,,6.8
29/09/2024,21,49,11.9,71,3.63,0.0,0.0,,6.8
29/09/2024,22,41,11.5,73,3.65,0.0,0.0,,6.8
29/09/2024,23,29,11.1,76,4.01,0.0,0.0,,6.9
29/10/2023,0,17,14.4,83,9.82,0.7,0.0,,11.6
29/10/2023,1,20,13.9,85,8.92,0.9,0.0,,11.6
29/10/2023,2,36,13.9,85,8.57,0.1,0.0,,11.4
29/10/2023,3,11,13.8,83,8.46,0.0,0.0,,10.9
29/10/2023,4,9,13.7,81,7.89,0.0,0.0,,10.5
29/10/2023,5,8,13.4,81,6.8,0.0,0.0,,10.1
29/10/2023,6,7,13.1,80,6.24,0.0,0.0,,9.8
29/10/2023,7,10,12.1,83,4.79,0.0,0.0,,9.4
29/10/2023,8,20,11.4,88,4.06,0.0,0.0,,9.6
29/10/2023,9,24,12.0,91,4.6,0.6,0.0,,10.6
29/10/2023,10,27,13.1,87,5.84,0.0,0.0,,10.9
29/10/2023,11,45,14.1,77,6.15,0.0,0.0,,10.2
29/10/2023,12,65,14.4,77,6.79,0.3,0.0,,10.4
29/10/2023,13,74,13.9,82,7.28,1.0,0.0,,10.9
29/10/2023,14,82,14.3,80,8.3,0.1,0.0,,10.9
29/10/2023,15,93,16.0,64,9.23,0.0,0.0,,9.4
29/10/2023,16,101,16.1,60,8.51,0.1,0.0,,8.5
29/10/2023,17,101,15.0,63,8.58,0.0,0.0,,8.1
29/10/2023,18,94,14.1,69,6.57,0.0,0.0,,8.4
29/10/2023,19,75,13.4,73,6.19,0.0,0.0,,8.7
29/10/2023,20,54,12.9,76,5.61,0.0,0.0,,8.8
29/10/2023,21,41,12.2,78,4.96,0.0,0.0,,8.4
29/10/2023,22,33,11.9,79,4.21,0.0,0.0,,8.3
29/10/2023,23,25,11.6,80,3.88,0.0,0.0,,8.3
29/10/2024,0,21,10.1,96,2.47,0.0,0.0,,9.5
29/10/2024,1,11,9.1,97,2.98,0.0,0.0,,8.8
29/10/2024,2,7,8.9,98,2.78,0.0,0.0,,8.5
29/10/2024,3,4,9.4,97,2.09,0.0,0.0,,9.1
29/10/2024,4,5,8.8,98,2.47,0.0,0.0,,8.4
29/10/2024,5,8,8.6,98,2.22,0.0,0.0,,8.4
29/10/2024,6,20,8.1,99,2.1,0.0,0.0,,8.0
29/10/2024,7,61,7.6,99,2.41,0.0,0.0,,7.4
29/10/2024,8,197,7.4,99,2.21,0.0,0.0,,7.3
29/10/2024,9,198,7.9,100,1.76,0.0,0.0,,7.9
29/10/2024,10,78,9.8,99,2.37,0.0,0.0,,9.6
29/10/2024,11,67,10.4,98,2.64,0.0,0.0,,10.1
29/10/2024,12,87,11.6,93,2.44,0.0,0.0,,10.5
29/10/2024,13,89,12.9,88,2.31,0.0,0.0,,10.9
29/10/2024,14,82,14.4,81,2.17,0.0,0.0,,11.1
29/10/2024,15,77,13.6,83,2.0,0.0,0.0,,10.9
29/10/2024,16,92,14.2,81,2.23,0.0,0.0,,11.0
29/10/2024,17,142,14.4,80,1.84,0.0,0.0,,10.9
29/10/2024,18,223,14.0,83,0.82,0.0,0.0,,11.1
29/10/2024,19,191,13.6,83,0.55,0.0,0.0,,10.8
29/10/2024,20,108,12.6,90,0.89,0.0,0.0,,11.0
29/10/2024,21,68,12.0,94,1.36,0.0,0.0,,11.1
29/10/2024,22,63,11.1,96,1.73,0.0,0.0,,10.4
29/10/2024,23,53,10.0,99,2.14,0.0,0.0,,9.8
29/11/2023,0,26,0.6,94,2.28,0.0,0.0,,-0.3
29/11/2023,1,11,0.7,93,2.14,0.0,0.0,,-0.3
29/11/2023,2,6,0.9,94,2.05,0.0,0.0,,0.1
29/11/2023,3,4,-0.3,97,2.77,0.0,0.0,,-0.8
29/11/2023,4,3,0.5,97,2.2,0.0,0.0,,0.1
29/11/2023,5,6,2.6,94,2.14,0.0,0.0,,1.8
29/11/2023,6,18,1.4,95,2.27,0.0,0.0,,0.7
29/11/2023,7,75,1.4,95,2.27,0.0,0.0,,0.7
29/11/2023,8,240,1.8,94,2.5,0.0,0.0,,0.9
29/11/2023,9,231,1.5,94,2.25,0.0,0.0,,0.7
29/11/2023,10,87,1.9,95,2.02,0.0,0.0,,1.2
29/11/2023,11,76,4.0,91,2.58,0.0,0.0,,2.7
29/11/2023,12,107,5.6,86,1.8,0.0,0.0,,3.5
29/11/2023,13,108,6.9,82,2.13,0.0,0.0,,4.1
29/11/2023,14,94,7.8,76,2.97,0.0,0.0,,3.8
29/11/2023,15,87,8.4,71,3.5,0.0,0.0,,3.3
29/11/2023,16,104,8.1,70,3.54,0.0,0.0,,3.0
29/11/2023,17,159,7.7,74,2.88,0.0,0.0,,3.3
29/11/2023,18,248,5.9,83,1.84,0.0,0.0,,3.3
29/11/2023,19,227,5.1,88,1.8,0.0,0.0,,3.3
29/11/2023,20,126,4.4,92,1.63,0.0,0.0,,3.2
29/11/2023,21,71,3.0,95,1.81,0.0,0.0,,2.3
29/11/2023,22,71,2.8,95,1.81,0.0,0.0,,2.1
29/11/2023,23,60,2.8,95,1.73,0.0,0.0,,2.1
29/11/2024,0,37,3.3,92,1.69,0.0,0.0,,2.0
29/11/2024,1,21,3.0,92,1.84,0.0,0.0,,1.8
29/11/2024,2,13,2.8,91,1.84,0.0,0.0,,1.5
29/11/2024,3,7,2.3,93,2.23,0.0,0.0,,1.4
29/11/2024,4,6,2.1,93,2.29,0.0,0.0,,1.0
29/11/2024,5,8,1.5,93,1.87,0.0,0.0,,0.5
29/11/2024,6,18,1.1,93,1.77,0.0,0.0,,0.2
29/11/2024,7,56,1.1,93,2.25,0.0,0.0,,0.2
29/11/2024,8,168,1.2,93,2.82,0.0,0.0,,0.2
29/11/2024,9,158,1.2,93,3.07,0.0,0.0,,0.2
29/11/2024,10,81,1.4,93,2.97,0.0,0.0,,0.3
29/11/2024,11,75,2.5,91,2.13,0.0,0.0,,1.1
29/11/2024,12,103,3.8,86,2.42,0.0,0.0,,1.6
29/11/2024,13,96,5.2,81,2.38,0.0,0.0,,2.1
29/11/2024,14,95,6.4,76,2.36,0.0,0.0,,2.5
29/11/2024,15,93,7.8,74,2.33,0.0,0.0,,3.5
29/11/2024,16,106,7.9,73,2.11,0.0,0.0,,3.5
29/11/2024,17,145,7.3,75,2.47,0.0,0.0,,3.2
29/11/2024,18,173,6.1,76,3.07,0.0,0.0,,2.0
29/11/2024,19,149,5.1,78,2.71,0.0,0.0,,1.5
29/11/2024,20,101,4.3,80,2.23,0.0,0.0,,1.2
29/11/2024,21,63,3.8,82,2.79,0.0,0.0,,1.1
29/11/2024,22,55,3.7,83,3.06,0.0,0.0,,1.0
29/11/2024,23,48,3.3,84,2.7,0.0,0.0,,0.9
29/12/2023,0,19,8.2,84,5.67,0.0,0.0,,5.7
29/12/2023,1,13,8.1,84,5.89,0.0,0.0,,5.6
29/12/2023,2,9,8.1,87,5.81,0.0,0.0,,5.9
29/12/2023,3,5,8.2,90,5.52,0.0,0.0,,6.7
29/12/2023,4,4,8.7,88,5.52,0.0,0.0,,6.8
29/12/2023,5,6,8.9,88,5.38,0.0,0.0,,6.9
29/12/2023,6,10,9.9,83,6.15,0.0,0.0,,7.1
29/12/2023,7,20,10.0,83,6.51,0.0,0.0,,7.2
29/12/2023,8,45,10.1,82,6.87,0.0,0.0,,7.2
29/12/2023,9,53,9.9,83,6.75,0.0,0.0,,7.2
29/12/2023,10,45,9.4,86,6.45,0.0,0.0,,7.1
29/12/2023,11,52,10.1,83,6.73,0.0,0.0,,7.4
29/12/2023,12,62,10.8,82,5.85,0.0,0.0,,7.8
29/12/2023,13,59,11.4,78,7.45,0.0,0.0,,7.8
29/12/2023,14,64,11.7,77,8.14,0.0,0.0,,7.8
29/12/2023,15,68,10.9,80,7.99,0.0,0.0,,7.7
29/12/2023,16,75,11.1,79,7.0,0.0,0.0,,7.7
29/12/2023,17,80,10.9,81,6.56,0.0,0.0,,7.7
29/12/2023,18,84,10.6,84,6.28,0.3,0.0,,7.9
29/12/2023,19,71,10.2,88,5.73,0.6,0.0,,8.4
29/12/2023,20,50,9.9,89,5.3,0.4,0.0,,8.1
29/12/2023,21,36,10.2,88,4.89,0.1,0.0,,8.4
29/12/2023,22,31,9.9,90,4.63,0.3,0.0,,8.3
29/12/2023,23,27,9.2,92,4.47,0.0,0.0,,7.9
29/12/2024,0,17,1.4,96,0.92,0.0,0.0,,0.8
29/12/2024,1,11,1.4,96,1.57,0.0,0.0,,0.8
29/12/2024,2,11,1.2,93,1.43,0.0,0.0,,0.2
29/12/2024,3,7,1.2,93,0.76,0.0,0.0,,0.2
29/12/2024,4,6,1.2,92,0.67,0.0,0.0,,0.1
29/12/2024,5,5,1.5,91,1.03,0.0,0.0,,0.2
29/12/2024,6,6,1.6,92,1.22,0.0,0.0,,0.4
29/12/2024,7,6,1.6,93,1.17,0.0,0.0,,0.6
29/12/2024,8,11,1.6,93,1.57,0.0,0.0,,0.6
29/12/2024,9,15,1.6,93,1.47,0.0,0.0,,0.6
29/12/2024,10,24,1.6,93,1.49,0.0,0.0,,0.7
29/12/2024,11,33,2.0,92,1.75,0.0,0.0,,0.8
29/12/2024,12,38,2.6,90,1.57,0.0,0.0,,1.0
29/12/2024,13,37,3.1,88,1.42,0.0,0.0,,1.4
29/12/2024,14,41,3.8,86,1.23,0.0,0.0,,1.8
29/12/2024,15,45,4.5,89,1.41,0.0,0.0,,2.9
29/12/2024,16,45,4.7,89,1.35,0.0,0.0,,3.0
29/12/2024,17,43,4.6,90,1.3,0.0,0.0,,3.0
29/12/2024,18,44,4.3,92,1.51,0.0,0.0,,3.0
29/12/2024,19,44,4.0,93,1.58,0.0,0.0,,2.9
29/12/2024,20,35,3.8,93,1.63,0.0,0.0,,2.8
29/12/2024,21,31,3.7,94,1.57,0.0,0.0,,2.8
29/12/2024,22,25,3.7,94,1.47,0.0,0.0,,2.8
29/12/2024,23,19,3.5,94,1.73,0.0,0.0,,2.7
30/01/2023,0,9,3.7,80,3.54,0.0,0.0,,0.6
30/01/2023,1,5,4.0,81,3.85,0.0,0.0,,1.0
30/01/2023,2,3,4.0,83,3.81,0.0,0.0,,1.3
30/01/2023,3,2,4.0,85,3.83,0.0,0.0,,1.6
30/01/2023,4,2,4.3,82,4.03,0.0,0.0,,1.6
30/01/2023,5,5,3.9,84,3.86,0.0,0.0,,1.5
30/01/2023,6,15,3.3,88,4.16,0.0,0.0,,1.5
30/01/2023,7,64,3.7,86,4.94,0.0,0.0,,1.5
30/01/2023,8,217,4.3,84,5.24,0.0,0.0,,1.9
30/01/2023,9,186,4.9,83,5.22,0.0,0.0,,2.3
30/01/2023,10,64,5.2,85,5.22,0.0,0.0,,2.9
30/01/2023,11,50,5.8,84,5.34,0.0,0.0,,3.4
30/01/2023,12,66,6.4,84,5.3,0.0,0.0,,4.0
30/01/2023,13,69,7.4,83,5.51,0.0,0.0,,4.7
30/01/2023,14,61,7.2,87,4.8,0.0,0.0,,5.2
30/01/2023,15,60,8.3,85,5.39,0.0,0.0,,5.9
30/01/2023,16,79,8.8,81,4.7,0.0,0.0,,5.8
30/01/2023,17,131,9.0,81,4.11,0.0,0.0,,5.9
30/01/2023,18,213,8.4,82,2.36,0.0,0.0,,5.4
30/01/2023,19,200,5.8,86,2.22,0.0,0.0,,3.7
30/01/2023,20,104,4.1,89,2.2,0.0,0.0,,2.5
30/01/2023,21,58,3.8,91,2.02,0.0,0.0,,2.5
30/01/2023,22,46,3.1,92,1.94,0.0,0.0,,2.0
30/01/2023,23,30,1.1,96,2.68,0.0,0.0,,0.6
30/01/2024,0,17,8.9,88,2.61,0.0,0.0,,7.1
30/01/2024,1,8,9.6,87,2.92,0.0,0.0,,7.6
30/01/2024,2,5,10.1,88,3.07,0.0,0.0,,8.1
30/01/2024,3,4,9.6,91,2.38,0.0,0.0,,8.1
30/01/2024,4,4,9.2,93,2.79,0.0,0.0,,8.1
30/01/2024,5,7,8.4,94,3.01,0.0,0.0,,7.5
30/01/2024,6,19,8.1,95,2.5,0.0,0.0,,7.4
30/01/2024,7,71,8.9,94,2.82,0.0,0.0,,8.0
30/01/2024,8,234,9.4,94,2.39,0.0,0.0,,8.4
30/01/2024,9,203,9.1,94,2.13,0.0,0.0,,8.2
30/01/2024,10,73,9.1,95,1.91,0.0,0.0,,8.3
30/01/2024,11,62,10.2,92,2.01,0.0,0.0,,9.1
30/01/2024,12,82,10.6,91,3.0,0.0,0.0,,9.1
30/01/2024,13,77,10.9,86,3.51,0.0,0.0,,8.7
30/01/2024,14,74,10.9,85,3.16,0.0,0.0,,8.6
30/01/2024,15,69,10.7,78,2.98,0.0,0.0,,6.9
30/01/2024,16,81,10.9,71,2.69,0.0,0.0,,5.8
30/01/2024,17,139,11.0,70,2.57,0.0,0.0,,5.8
30/01/2024,18,219,10.3,74,1.78,0.0,0.0,,5.8
30/01/2024,19,189,7.1,86,2.42,0.0,0.0,,4.9
30/01/2024,20,105,6.7,87,2.3,0.0,0.0,,4.7
30/01/2024,21,62,7.2,82,1.73,0.0,0.0,,4.3
30/01/2024,22,57,6.7,82,1.8,0.0,0.0,,3.9
30/01/2024,23,44,6.2,85,2.31,0.0,0.0,,3.8
30/03/2023,0,33,15.1,66,4.16,0.2,0.0,,8.9
30/03/2023,1,16,14.4,70,5.99,1.2,0.0,,8.9
30/03/2023,2,10,13.9,78,3.58,0.3,0.0,,10.1
30/03/2023,3,7,13.6,77,4.1,0.0,0.0,,9.7
30/03/2023,4,5,13.5,78,5.02,0.2,0.0,,9.7
30/03/2023,5,7,13.0,79,6.3,0.6,0.0,,9.4
30/03/2023,6,19,12.2,84,5.85,0.0,0.0,,9.6
30/03/2023,7,77,12.3,83,6.11,0.0,0.0,,9.5
30/03/2023,8,263,11.4,84,5.67,0.0,0.0,,8.9
30/03/2023,9,242,12.1,84,6.5,0.0,0.0,,9.4
30/03/2023,10,92,13.1,79,7.49,0.0,0.0,,9.4
30/03/2023,11,76,14.2,70,7.02,0.0,0.0,,8.9
30/03/2023,12,100,15.4,65,7.38,0.0,0.0,,8.9
30/03/2023,13,99,15.9,65,7.68,0.1,0.0,,9.3
30/03/2023,14,88,13.6,74,6.62,0.1,0.0,,9.1
30/03/2023,15,85,15.1,68,7.84,0.7,0.0,,9.4
30/03/2023,16,106,15.4,62,8.03,0.9,0.0,,8.2
30/03/2023,17,158,15.3,65,8.18,0.4,0.0,,8.6
30/03/2023,18,249,15.1,68,6.23,0.0,0.0,,9.1
30/03/2023,19,238,15.2,62,5.87,0.0,0.0,,7.9
30/03/2023,20,140,14.2,62,5.45,0.0,0.0,,7.2
30/03/2023,21,83,13.8,64,5.06,0.0,0.0,,7.2
30/03/2023,22,71,13.2,68,5.33,0.0,0.0,,7.4
30/03/2023,23,55,12.4,77,6.3,0.7,0.0,,8.4
30/03/2024,0,18,8.7,89,2.93,0.1,0.0,,7.0
30/03/2024,1,13,8.4,90,3.51,0.5,0.0,,6.9
30/03/2024,2,11,8.1,90,2.71,1.5,0.0,,6.4
30/03/2024,3,7,7.6,91,2.22,2.3,0.0,,6.2
30/03/2024,4,6,7.2,89,2.79,1.4,0.0,,5.6
30/03/2024,5,8,7.1,89,1.68,1.4,0.0,,5.4
30/03/2024,6,8,6.9,90,1.46,0.8,0.0,,5.4
30/03/2024,7,11,6.9,91,1.2,0.2,0.0,,5.5
30/03/2024,8,22,6.8,91,1.9,0.6,0.0,,5.6
30/03/2024,9,37,7.1,91,1.17,1.1,0.0,,5.7
30/03/2024,10,44,7.7,88,1.94,0.8,0.0,,5.8
30/03/2024,11,49,8.0,87,4.03,0.3,0.0,,6.0
30/03/2024,12,62,8.6,85,3.04,0.1,0.0,,6.3
30/03/2024,13,64,10.1,78,2.83,0.0,0.0,,6.4
30/03/2024,14,70,11.6,68,0.89,0.0,0.0,,5.9
30/03/2024,15,79,11.4,70,2.53,0.1,0.0,,6.1
30/03/2024,16,80,11.7,67,3.05,0.0,0.0,,5.8
30/03/2024,17,81,12.2,65,3.22,0.0,0.0,,5.8
30/03/2024,18,82,12.1,64,2.75,0.0,0.0,,5.6
30/03/2024,19,77,11.6,64,3.44,0.0,0.0,,5.1
30/03/2024,20,62,10.8,70,2.92,0.0,0.0,,5.4
30/03/2024,21,42,8.8,79,2.46,0.0,0.0,,5.4
30/03/2024,22,37,7.3,86,2.51,0.0,0.0,,5.2
30/03/2024,23,36,7.0,85,2.6,0.0,0.0,,4.7
30/04/2023,0,32,11.9,72,2.62,0.0,0.0,,7.1
30/04/2023,1,23,11.4,74,2.16,0.0,0.0,,6.8
30/04/2023,2,20,8.4,89,1.72,0.0,0.0,,6.8
30/04/2023,3,12,7.8,90,2.06,0.0,0.0,,6.3
30/04/2023,4,9,7.9,89,1.84,0.0,0.0,,6.2
30/04/2023,5,9,7.3,92,1.68,0.0,0.0,,6.1
30/04/2023,6,7,7.2,92,1.71,0.0,0.0,,6.1
30/04/2023,7,11,7.4,91,2.44,0.0,0.0,,6.2
30/04/2023,8,20,8.4,88,2.72,0.0,0.0,,6.7
30/04/2023,9,34,10.1,84,2.2,0.0,0.0,,7.4
30/04/2023,10,52,11.9,79,2.58,0.0,0.0,,8.4
30/04/2023,11,72,13.9,74,2.92,0.0,0.0,,9.2
30/04/2023,12,85,15.6,63,3.88,0.0,0.0,,8.6
30/04/2023,13,80,16.4,56,3.91,0.0,0.0,,7.6
30/04/2023,14,83,16.8,56,3.08,0.0,0.0,,8.0
30/04/2023,15,98,17.0,52,2.44,0.0,0.0,,7.0
30/04/2023,16,104,16.5,53,2.06,0.0,0.0,,6.9
30/04/2023,17,99,17.1,51,1.41,0.0,0.0,,6.8
30/04/2023,18,97,16.8,52,1.57,0.0,0.0,,6.8
30/04/2023,19,90,16.3,55,2.3,0.0,0.0,,7.2
30/04/2023,20,69,15.5,63,2.19,0.0,0.0,,8.6
30/04/2023,21,48,13.1,77,2.08,0.0,0.0,,9.2
30/04/2023,22,39,14.1,68,0.91,0.0,0.0,,8.1
30/04/2023,23,35,13.4,71,0.95,0.0,0.0,,8.2
30/04/2024,0,25,11.8,85,2.28,0.0,0.0,,9.4
30/04/2024,1,12,11.1,91,2.37,0.0,0.0,,9.6
30/04/2024,2,7,10.8,94,2.38,0.0,0.0,,9.9
30/04/2024,3,4,12.2,87,3.27,0.0,0.0,,10.1
30/04/2024,4,4,11.7,90,2.82,0.1,0.0,,10.1
30/04/2024,5,8,10.6,95,2.22,0.0,0.0,,9.8
30/04/2024,6,21,10.0,96,2.16,0.0,0.0,,9.4
30/04/2024,7,69,9.9,96,2.48,0.0,0.0,,9.4
30/04/2024,8,216,10.9,93,2.98,0.0,0.0,,9.8
30/04/2024,9,191,11.8,89,2.55,0.0,0.0,,10.1
30/04/2024,10,76,12.2,88,2.77,0.1,0.0,,10.4
30/04/2024,11,69,13.6,82,3.41,0.0,0.0,,10.4
30/04/2024,12,90,13.9,79,2.69,0.0,0.0,,10.4
30/04/2024,13,91,16.0,72,2.36,0.0,0.0,,10.9
30/04/2024,14,87,17.7,63,5.19,0.1,0.0,,10.6
30/04/2024,15,85,18.0,63,6.34,0.2,0.0,,10.8
30/04/2024,16,102,18.5,68,5.24,0.0,0.0,,12.6
30/04/2024,17,155,17.5,70,5.66,0.1,0.0,,12.0
30/04/2024,18,230,18.5,68,5.35,0.0,0.0,,12.4
30/04/2024,19,213,17.7,67,4.34,0.0,0.0,,11.4
30/04/2024,20,130,16.8,72,3.1,0.0,0.0,,11.6
30/04/2024,21,74,15.1,81,3.72,0.4,0.0,,12.0
30/04/2024,22,61,13.7,92,1.71,0.8,0.0,,12.4
30/04/2024,23,55,13.1,92,1.77,0.2,0.0,,11.9
30/05/2023,0,20,15.2,61,5.75,0.0,0.0,,7.8
30/05/2023,1,10,14.5,59,5.24,0.0,0.0,,6.5
30/05/2023,2,6,13.9,61,4.8,0.0,0.0,,6.4
30/05/2023,3,3,13.4,60,4.79,0.0,0.0,,5.8
30/05/2023,4,3,12.6,62,4.74,0.0,0.0,,5.6
30/05/2023,5,8,12.0,65,4.61,0.0,0.0,,5.6
30/05/2023,6,24,11.4,65,4.43,0.0,0.0,,5.1
30/05/2023,7,94,11.6,64,4.74,0.0,0.0,,5.1
30/05/2023,8,319,12.5,62,4.57,0.0,0.0,,5.4
30/05/2023,9,271,13.6,59,4.96,0.0,0.0,,5.8
30/05/2023,10,98,15.2,57,4.97,0.0,0.0,,6.7
30/05/2023,11,84,16.9,55,5.11,0.0,0.0,,7.8
30/05/2023,12,108,18.5,53,5.42,0.0,0.0,,8.7
30/05/2023,13,106,19.9,51,5.87,0.0,0.0,,9.6
30/05/2023,14,96,21.2,47,5.95,0.0,0.0,,9.5
30/05/2023,15,96,21.6,44,6.4,0.0,0.0,,8.9
30/05/2023,16,118,21.7,41,6.58,0.0,0.0,,7.7
30/05/2023,17,191,21.4,39,6.81,0.0,0.0,,6.7
30/05/2023,18,321,20.9,40,6.66,0.0,0.0,,6.7
30/05/2023,19,296,20.1,41,6.52,0.0,0.0,,6.7
30/05/2023,20,159,19.2,44,6.02,0.0,0.0,,6.7
30/05/2023,21,93,17.9,50,4.84,0.0,0.0,,7.4
30/05/2023,22,88,16.6,56,4.66,0.0,0.0,,7.8
30/05/2023,23,66,16.0,60,4.72,0.0,0.0,,8.4
30/05/2024,0,28,14.1,94,2.94,0.5,0.0,,13.1
30/05/2024,1,16,13.9,93,3.35,0.2,0.0,,12.8
30/05/2024,2,9,13.6,92,3.45,0.0,0.0,,12.4
30/05/2024,3,6,12.4,94,3.2,0.0,0.0,,11.4
30/05/2024,4,5,12.5,93,3.52,0.0,0.0,,11.4
30/05/2024,5,9,12.0,94,3.28,0.0,0.0,,11.1
30/05/2024,6,20,11.4,95,3.28,0.0,0.0,,10.6
30/05/2024,7,65,11.8,94,3.73,0.0,0.0,,10.8
30/05/2024,8,217,12.9,88,4.87,0.0,0.0,,11.0
30/05/2024,9,181,13.9,85,5.5,0.0,0.0,,11.3
30/05/2024,10,78,14.6,83,5.0,0.0,0.0,,11.8
30/05/2024,11,70,14.4,81,4.72,0.2,0.0,,11.1
30/05/2024,12,79,15.9,75,4.44,0.1,0.0,,11.4
30/05/2024,13,74,16.3,68,4.66,0.1,0.0,,10.3
30/05/2024,14,65,14.6,70,6.95,1.3,0.0,,9.3
30/05/2024,15,60,13.8,76,6.69,0.9,0.0,,9.6
30/05/2024,16,79,14.4,70,5.89,0.4,0.0,,9.1
30/05/2024,17,137,14.5,68,5.45,0.1,0.0,,8.7
30/05/2024,18,214,14.4,75,5.0,0.3,0.0,,10.1
30/05/2024,19,201,15.1,71,4.66,0.0,0.0,,9.8
30/05/2024,20,120,13.4,75,4.78,0.1,0.0,,9.1
30/05/2024,21,76,13.4,78,3.98,0.0,0.0,,9.5
30/05/2024,22,74,12.3,83,3.19,0.0,0.0,,9.5
30/05/2024,23,64,11.7,87,3.31,0.0,0.0,,9.6
30/06/2023,0,62,18.6,75,3.92,0.0,0.0,,14.2
30/06/2023,1,35,18.2,76,4.05,0.1,0.0,,13.9
30/06/2023,2,21,16.7,84,3.67,0.0,0.0,,14.1
30/06/2023,3,10,16.6,80,3.85,0.1,0.0,,13.2
30/06/2023,4,8,16.4,81,3.26,0.1,0.0,,13.1
30/06/2023,5,11,16.0,82,3.09,0.0,0.0,,13.1
30/06/2023,6,23,15.6,85,3.28,0.0,0.0,,13.1
30/06/2023,7,70,15.1,88,3.11,0.0,0.0,,13.2
30/06/2023,8,214,15.8,85,3.48,0.0,0.0,,13.3
30/06/2023,9,201,17.2,75,2.78,0.0,0.0,,12.8
30/06/2023,10,101,18.8,64,2.8,0.0,0.0,,11.8
30/06/2023,11,91,20.0,56,2.55,0.0,0.0,,10.9
30/06/2023,12,118,21.3,49,3.2,0.0,0.0,,10.1
30/06/2023,13,111,21.1,49,3.79,0.0,0.0,,10.0
30/06/2023,14,113,22.4,43,3.98,0.0,0.0,,9.1
30/06/2023,15,113,22.8,42,3.55,0.0,0.0,,9.1
30/06/2023,16,137,24.4,36,4.37,0.0,0.0,,8.4
30/06/2023,17,190,24.4,34,5.32,0.0,0.0,,7.6
30/06/2023,18,232,23.8,34,5.5,0.0,0.0,,7.1
30/06/2023,19,210,23.7,32,4.4,0.0,0.0,,5.9
30/06/2023,20,147,22.2,38,7.09,0.0,0.0,,7.4
30/06/2023,21,94,21.1,41,5.6,0.0,0.0,,7.5
30/06/2023,22,80,20.2,46,4.34,0.0,0.0,,8.2
30/06/2023,23,72,19.9,52,5.2,0.0,0.0,,9.8
30/06/2024,0,41,17.4,84,3.03,0.8,0.0,,14.6
30/06/2024,1,33,17.1,88,4.2,1.4,0.0,,15.1
30/06/2024,2,30,16.3,88,4.66,0.1,0.0,,14.3
30/06/2024,3,18,15.6,93,4.95,0.5,0.0,,14.5
30/06/2024,4,14,15.4,93,4.41,0.3,0.0,,14.4
30/06/2024,5,10,14.8,90,4.9,0.0,0.0,,13.2
30/06/2024,6,9,14.2,88,4.14,0.0,0.0,,12.2
30/06/2024,7,13,14.1,88,4.22,0.0,0.0,,12.1
30/06/2024,8,27,14.4,88,3.52,0.0,0.0,,12.4
30/06/2024,9,44,15.7,83,3.62,0.0,0.0,,12.9
30/06/2024,10,70,17.3,78,3.13,0.0,0.0,,13.4
30/06/2024,11,92,18.8,74,2.75,0.0,0.0,,14.1
30/06/2024,12,106,20.3,69,2.73,0.0,0.0,,14.4
30/06/2024,13,102,21.3,64,3.05,0.0,0.0,,14.2
30/06/2024,14,104,22.2,59,3.35,0.0,0.0,,13.9
30/06/2024,15,117,21.5,61,2.86,0.0,0.0,,13.6
30/06/2024,16,120,21.6,60,3.03,0.0,0.0,,13.4
30/06/2024,17,119,21.9,59,2.98,0.1,0.0,,13.4
30/06/2024,18,119,22.1,58,3.45,0.1,0.0,,13.6
30/06/2024,19,107,21.8,59,3.75,0.0,0.0,,13.5
30/06/2024,20,70,20.8,64,3.51,0.2,0.0,,13.7
30/06/2024,21,58,19.0,76,2.77,0.1,0.0,,14.7
30/06/2024,22,58,17.9,83,1.84,0.2,0.0,,14.9
30/06/2024,23,51,17.3,86,1.3,0.1,0.0,,14.9
30/07/2023,0,36,17.4,91,1.96,0.0,0.0,,15.9
30/07/2023,1,25,16.8,87,2.19,0.0,0.0,,14.6
30/07/2023,2,21,16.5,88,3.4,0.2,0.0,,14.6
30/07/2023,3,12,16.5,87,3.98,0.1,0.0,,14.4
30/07/2023,4,10,15.9,84,4.39,0.0,0.0,,13.1
30/07/2023,5,8,15.1,85,3.7,0.0,0.0,,12.6
30/07/2023,6,9,14.4,87,3.26,0.0,0.0,,12.2
30/07/2023,7,13,14.1,87,3.58,0.0,0.0,,11.9
30/07/2023,8,20,15.1,82,4.72,0.0,0.0,,12.1
30/07/2023,9,36,16.8,74,5.92,0.0,0.0,,12.1
30/07/2023,10,54,18.0,68,6.28,0.0,0.0,,12.1
30/07/2023,11,69,18.9,64,6.11,0.1,0.0,,12.1
30/07/2023,12,79,20.1,58,5.66,0.0,0.0,,11.6
30/07/2023,13,76,21.1,52,6.18,0.0,0.0,,11.1
30/07/2023,14,80,21.6,52,5.03,0.0,0.0,,11.4
30/07/2023,15,92,22.5,48,5.13,0.0,0.0,,10.9
30/07/2023,16,102,22.0,47,5.5,0.0,0.0,,10.1
30/07/2023,17,105,22.5,47,5.43,0.0,0.0,,10.6
30/07/2023,18,96,21.6,52,5.39,0.0,0.0,,11.4
30/07/2023,19,89,21.4,55,5.09,0.0,0.0,,12.1
30/07/2023,20,69,21.0,58,4.74,0.0,0.0,,12.6
30/07/2023,21,51,20.5,60,3.38,0.0,0.0,,12.6
30/07/2023,22,42,19.9,63,3.11,0.0,0.0,,12.6
30/07/2023,23,33,19.5,65,3.33,0.0,0.0,,12.8
30/07/2024,0,40,21.6,82,2.2,0.0,0.0,,18.5
30/07/2024,1,22,20.7,85,2.1,0.0,0.0,,18.0
30/07/2024,2,13,20.0,86,2.01,0.0,0.0,,17.7
30/07/2024,3,7,19.9,87,2.1,0.0,0.0,,17.6
30/07/2024,4,8,19.6,87,1.7,0.0,0.0,,17.4
30/07/2024,5,12,19.5,88,1.8,0.0,0.0,,17.4
30/07/2024,6,22,19.2,88,1.39,0.0,0.0,,17.2
30/07/2024,7,53,19.5,86,0.89,0.0,0.0,,17.1
30/07/2024,8,137,20.9,81,1.14,0.0,0.0,,17.6
30/07/2024,9,145,23.0,76,0.92,0.0,0.0,,18.5
30/07/2024,10,79,25.4,71,0.9,0.0,0.0,,19.6
30/07/2024,11,77,27.7,65,1.02,0.0,0.0,,20.5
30/07/2024,12,90,29.7,59,1.0,0.0,0.0,,20.9
30/07/2024,13,85,31.2,54,1.22,0.0,0.0,,20.9
30/07/2024,14,80,32.3,51,1.1,0.0,0.0,,21.0
30/07/2024,15,79,33.7,46,1.2,0.0,0.0,,20.5
30/07/2024,16,86,33.8,46,1.22,0.0,0.0,,20.5
30/07/2024,17,128,32.2,50,0.64,0.0,0.0,,20.5
30/07/2024,18,183,32.8,49,0.4,0.0,0.0,,20.6
30/07/2024,19,164,33.0,47,1.22,0.0,0.0,,20.2
30/07/2024,20,109,31.8,54,1.75,0.0,0.0,,21.3
30/07/2024,21,82,29.2,66,1.63,0.0,0.0,,22.1
30/07/2024,22,80,26.8,75,1.92,0.0,0.0,,21.9
30/07/2024,23,80,25.6,81,2.38,0.0,0.0,,22.1
30/08/2023,0,32,13.8,87,2.01,0.0,0.0,,11.6
30/08/2023,1,17,13.0,90,1.81,0.0,0.0,,11.4
30/08/2023,2,10,12.9,93,1.56,0.0,0.0,,11.9
30/08/2023,3,5,12.9,92,1.86,0.0,0.0,,11.6
30/08/2023,4,5,14.2,83,2.3,0.0,0.0,,11.4
30/08/2023,5,7,14.7,79,2.42,0.0,0.0,,11.1
30/08/2023,6,19,14.2,81,2.51,0.3,0.0,,11.1
30/08/2023,7,65,14.1,82,2.2,0.0,0.0,,11.1
30/08/2023,8,222,14.6,79,3.22,0.3,0.0,,11.1
30/08/2023,9,226,15.1,82,3.96,0.5,0.0,,12.1
30/08/2023,10,84,16.8,77,4.4,0.0,0.0,,12.7
30/08/2023,11,70,17.3,74,4.4,0.0,0.0,,12.6
30/08/2023,12,92,18.6,68,5.5,0.1,0.0,,12.6
30/08/2023,13,91,19.5,62,5.71,0.1,0.0,,11.9
30/08/2023,14,92,19.4,52,4.92,0.0,0.0,,9.4
30/08/2023,15,88,19.1,49,5.15,0.0,0.0,,8.3
30/08/2023,16,105,19.9,46,5.22,0.0,0.0,,7.8
30/08/2023,17,168,20.0,45,5.44,0.0,0.0,,7.6
30/08/2023,18,276,19.6,44,5.06,0.0,0.0,,7.2
30/08/2023,19,243,19.0,45,4.74,0.0,0.0,,6.7
30/08/2023,20,132,17.8,51,2.86,0.0,0.0,,7.4
30/08/2023,21,79,15.4,61,1.92,0.0,0.0,,7.8
30/08/2023,22,72,14.9,66,2.06,0.0,0.0,,8.6
30/08/2023,23,67,14.0,73,1.84,0.0,0.0,,9.2
30/08/2024,0,38,17.5,80,3.61,0.4,0.0,,14.1
30/08/2024,1,26,16.6,82,3.71,0.0,0.0,,13.6
30/08/2024,2,15,16.4,82,3.32,0.0,0.0,,13.2
30/08/2024,3,8,15.9,89,3.42,0.2,0.0,,14.1
30/08/2024,4,7,15.8,90,3.34,0.1,0.0,,14.1
30/08/2024,5,10,15.8,90,3.86,0.0,0.0,,14.1
30/08/2024,6,19,15.3,89,2.81,0.0,0.0,,13.6
30/08/2024,7,50,15.0,90,2.63,0.0,0.0,,13.4
30/08/2024,8,131,15.4,88,3.4,0.0,0.0,,13.4
30/08/2024,9,134,16.4,82,3.03,0.0,0.0,,13.4
30/08/2024,10,56,17.5,77,2.89,0.0,0.0,,13.4
30/08/2024,11,43,17.6,78,2.82,0.5,0.0,,13.7
30/08/2024,12,53,17.9,82,3.26,0.6,0.0,,14.7
30/08/2024,13,66,19.8,77,2.9,0.0,0.0,,15.7
30/08/2024,14,61,22.0,70,3.41,0.4,0.0,,16.4
30/08/2024,15,56,18.8,84,4.03,2.7,0.0,,16.0
30/08/2024,16,63,18.9,89,4.0,2.2,0.0,,17.0
30/08/2024,17,99,19.4,88,3.95,2.1,0.0,,17.4
30/08/2024,18,111,18.9,91,4.1,3.8,0.0,,17.4
30/08/2024,19,108,18.6,90,4.2,0.6,0.0,,17.0
30/08/2024,20,82,18.2,89,4.36,0.0,0.0,,16.4
30/08/2024,21,58,17.8,89,3.81,0.1,0.0,,16.0
30/08/2024,22,50,17.6,89,3.65,0.0,0.0,,15.9
30/08/2024,23,48,17.5,89,3.21,0.0,0.0,,15.8
30/09/2023,0,62,11.7,93,2.44,0.0,0.0,,10.6
30/09/2023,1,42,11.9,92,1.87,0.0,0.0,,10.6
30/09/2023,2,38,12.2,92,1.25,0.0,0.0,,11.1
30/09/2023,3,22,11.7,96,0.8,0.0,0.0,,11.1
30/09/2023,4,15,11.4,98,0.22,0.0,0.0,,11.1
30/09/2023,5,13,9.4,100,1.46,0.0,0.0,,9.4
30/09/2023,6,14,10.3,100,1.2,0.0,0.0,,10.3
30/09/2023,7,24,10.2,100,0.71,0.0,0.0,,10.2
30/09/2023,8,46,9.2,100,0.28,0.0,0.0,,9.2
30/09/2023,9,76,10.1,98,1.28,0.0,0.0,,9.8
30/09/2023,10,94,11.7,97,0.57,0.0,0.0,,11.2
30/09/2023,11,113,14.4,88,0.72,0.0,0.0,,12.4
30/09/2023,12,135,16.8,73,0.94,0.0,0.0,,11.9
30/09/2023,13,125,18.4,66,0.76,0.0,0.0,,11.9
30/09/2023,14,134,20.2,65,2.39,0.0,0.0,,13.3
30/09/2023,15,157,20.8,61,2.42,0.0,0.0,,13.1
30/09/2023,16,169,21.6,56,2.44,0.0,0.0,,12.6
30/09/2023,17,173,21.9,54,2.33,0.0,0.0,,12.3
30/09/2023,18,176,21.7,57,2.06,0.0,0.0,,12.7
30/09/2023,19,172,20.0,69,1.3,0.0,0.0,,14.1
30/09/2023,20,131,17.4,77,1.99,0.0,0.0,,13.3
30/09/2023,21,85,15.9,84,2.7,0.0,0.0,,13.2
30/09/2023,22,76,15.2,87,2.42,0.0,0.0,,13.1
30/09/2023,23,72,14.8,89,1.92,0.0,0.0,,12.9
30/09/2024,0,17,11.6,74,4.84,0.0,0.0,,7.1
30/09/2024,1,10,12.0,73,5.25,0.0,0.0,,7.2
30/09/2024,2,7,12.4,72,5.28,0.0,0.0,,7.4
30/09/2024,3,4,11.4,83,5.3,0.0,0.0,,8.6
30/09/2024,4,4,11.6,84,4.86,0.0,0.0,,9.0
30/09/2024,5,8,11.7,88,4.9,0.0,0.0,,9.8
30/09/2024,6,20,13.1,88,5.41,0.0,0.0,,11.1
30/09/2024,7,71,13.6,88,5.92,0.0,0.0,,11.8
30/09/2024,8,245,14.2,86,6.66,0.0,0.0,,11.9
30/09/2024,9,215,14.6,86,7.07,0.2,0.0,,12.2
30/09/2024,10,79,15.1,85,7.31,0.0,0.0,,12.6
30/09/2024,11,67,15.8,83,7.1,0.0,0.0,,13.0
30/09/2024,12,88,16.7,80,6.99,0.0,0.0,,13.3
30/09/2024,13,91,17.7,74,9.0,0.1,0.0,,13.1
30/09/2024,14,82,18.0,72,9.47,0.0,0.0,,12.9
30/09/2024,15,78,17.1,71,8.45,0.0,0.0,,11.9
30/09/2024,16,96,17.1,71,8.21,0.0,0.0,,11.9
30/09/2024,17,163,16.5,76,6.59,0.0,0.0,,12.3
30/09/2024,18,243,16.1,76,6.76,0.0,0.0,,12.0
30/09/2024,19,191,15.9,77,6.45,0.0,0.0,,11.8
30/09/2024,20,123,15.7,76,6.31,0.0,0.0,,11.6
30/09/2024,21,71,15.5,76,6.16,0.0,0.0,,11.2
30/09/2024,22,62,15.4,73,6.06,0.0,0.0,,10.6
30/09/2024,23,42,15.1,75,5.81,0.0,0.0,,10.7
30/10/2023,0,15,11.6,81,4.55,0.0,0.0,,8.4
30/10/2023,1,10,12.1,81,4.18,0.0,0.0,,9.0
30/10/2023,2,6,12.2,82,3.77,0.1,0.0,,9.4
30/10/2023,3,4,12.2,90,3.57,0.0,0.0,,10.6
30/10/2023,4,4,12.1,91,2.91,0.2,0.0,,10.7
30/10/2023,5,8,12.1,92,2.18,0.1,0.0,,10.8
30/10/2023,6,16,11.8,93,2.78,0.7,0.0,,10.7
30/10/2023,7,41,11.8,92,3.33,0.0,0.0,,10.4
30/10/2023,8,135,10.5,93,3.31,0.0,0.0,,9.4
30/10/2023,9,124,10.9,91,2.58,0.0,0.0,,9.6
30/10/2023,10,44,11.3,92,2.76,0.7,0.0,,10.0
30/10/2023,11,28,11.4,93,2.61,1.5,0.0,,10.4
30/10/2023,12,39,12.1,92,2.39,1.1,0.0,,10.9
30/10/2023,13,42,12.5,90,2.94,0.6,0.0,,10.9
30/10/2023,14,42,12.8,89,2.16,0.5,0.0,,11.1
30/10/2023,15,48,12.8,92,2.77,2.6,0.0,,11.6
30/10/2023,16,62,12.8,92,2.9,0.7,0.0,,11.6
30/10/2023,17,107,12.4,91,3.14,0.2,0.0,,10.9
30/10/2023,18,177,12.1,93,3.23,0.0,0.0,,10.9
30/10/2023,19,154,11.6,94,1.78,0.0,0.0,,10.6
30/10/2023,20,85,10.8,93,2.55,0.1,0.0,,9.6
30/10/2023,21,51,10.4,92,3.22,0.0,0.0,,9.1
30/10/2023,22,44,10.1,90,4.25,0.0,0.0,,8.6
30/10/2023,23,32,9.5,91,4.12,0.0,0.0,,8.1
30/10/2024,0,31,10.3,98,1.83,0.0,0.0,,10.0
30/10/2024,1,16,11.0,97,0.95,0.0,0.0,,10.6
30/10/2024,2,10,11.2,95,1.0,0.0,0.0,,10.4
30/10/2024,3,6,10.9,95,0.87,0.0,0.0,,10.1
30/10/2024,4,5,11.0,94,0.95,0.0,0.0,,10.1
30/10/2024,5,9,11.1,94,0.95,0.0,0.0,,10.1
30/10/2024,6,19,11.2,93,1.1,0.0,0.0,,10.1
30/10/2024,7,54,11.2,94,0.75,0.0,0.0,,10.2
30/10/2024,8,176,11.1,95,1.04,0.0,0.0,,10.4
30/10/2024,9,179,10.6,98,0.97,0.0,0.0,,10.2
30/10/2024,10,78,11.6,92,1.2,0.0,0.0,,10.4
30/10/2024,11,70,12.5,86,1.56,0.0,0.0,,10.3
30/10/2024,12,94,13.5,83,1.95,0.0,0.0,,10.6
30/10/2024,13,92,14.6,79,2.5,0.0,0.0,,11.1
30/10/2024,14,85,15.1,78,2.77,0.0,0.0,,11.3
30/10/2024,15,82,14.1,83,3.22,0.0,0.0,,11.2
30/10/2024,16,89,14.6,80,3.23,0.0,0.0,,11.2
30/10/2024,17,133,14.7,79,3.26,0.0,0.0,,11.1
30/10/2024,18,201,14.4,80,2.63,0.0,0.0,,11.0
30/10/2024,19,176,13.8,83,2.49,0.0,0.0,,10.9
30/10/2024,20,106,12.9,88,2.08,0.0,0.0,,10.9
30/10/2024,21,67,12.9,87,2.06,0.0,0.0,,10.9
30/10/2024,22,66,12.9,87,1.83,0.0,0.0,,10.8
30/10/2024,23,60,12.8,88,1.79,0.0,0.0,,10.8
30/11/2023,0,34,2.7,95,1.84,0.0,0.0,,2.0
30/11/2023,1,14,2.7,95,1.68,0.0,0.0,,1.9
30/11/2023,2,7,2.6,95,1.43,0.0,0.0,,1.9
30/11/2023,3,5,2.5,97,1.49,0.0,0.0,,2.0
30/11/2023,4,3,1.8,98,1.5,0.0,0.0,,1.4
30/11/2023,5,6,1.2,98,1.75,0.0,0.0,,0.9
30/11/2023,6,18,1.6,96,1.49,0.0,0.0,,1.1
30/11/2023,7,75,0.3,97,2.4,0.0,0.0,,-0.1
30/11/2023,8,254,0.2,96,2.43,0.0,0.0,,-0.3
30/11/2023,9,230,-0.8,96,2.56,0.0,0.0,,-1.4
30/11/2023,10,89,-0.1,95,1.71,0.0,0.0,,-0.8
30/11/2023,11,72,2.0,90,2.58,0.0,0.0,,0.6
30/11/2023,12,99,3.5,83,2.32,0.0,0.0,,0.9
30/11/2023,13,99,4.4,79,1.9,0.0,0.0,,1.0
30/11/2023,14,89,4.3,79,1.66,0.0,0.0,,1.0
30/11/2023,15,83,6.4,70,2.66,0.0,0.0,,1.4
30/11/2023,16,101,6.7,69,2.77,0.0,0.0,,1.4
30/11/2023,17,164,5.8,77,2.73,0.8,0.0,,2.0
30/11/2023,18,238,4.6,84,2.77,0.2,0.0,,2.0
30/11/2023,19,218,2.6,91,2.1,0.0,0.0,,1.2
30/11/2023,20,119,2.0,93,1.98,0.0,0.0,,1.0
30/11/2023,21,71,2.5,93,2.42,0.1,0.0,,1.5
30/11/2023,22,68,2.7,93,2.22,0.6,0.14,,1.7
30/11/2023,23,61,2.8,94,2.12,0.0,0.0,,1.9
30/11/2024,0,42,3.0,85,2.66,0.0,0.0,,0.6
30/11/2024,1,31,2.5,85,2.47,0.0,0.0,,0.3
30/11/2024,2,25,2.1,86,2.3,0.0,0.0,,0.1
30/11/2024,3,15,1.8,89,1.99,0.0,0.0,,0.2
30/11/2024,4,12,1.1,92,1.23,0.0,0.0,,-0.1
30/11/2024,5,10,0.9,92,1.24,0.0,0.0,,-0.2
30/11/2024,6,10,0.7,94,1.63,0.0,0.0,,-0.2
30/11/2024,7,16,0.4,95,1.87,0.0,0.0,,-0.3
30/11/2024,8,32,0.2,95,1.77,0.0,0.0,,-0.6
30/11/2024,9,50,0.0,95,1.84,0.0,0.0,,-0.7
30/11/2024,10,66,0.2,95,1.75,0.0,0.0,,-0.6
30/11/2024,11,80,1.2,92,1.17,0.0,0.0,,0.1
30/11/2024,12,94,2.6,90,1.03,0.0,0.0,,1.1
30/11/2024,13,93,4.1,87,0.99,0.0,0.0,,2.0
30/11/2024,14,97,5.6,82,1.25,0.0,0.0,,2.8
30/11/2024,15,102,6.0,83,1.17,0.0,0.0,,3.2
30/11/2024,16,106,6.3,83,1.28,0.0,0.0,,3.6
30/11/2024,17,99,6.2,84,1.26,0.0,0.0,,3.8
30/11/2024,18,95,5.6,87,1.41,0.0,0.0,,3.6
30/11/2024,19,93,5.2,88,1.56,0.0,0.0,,3.4
30/11/2024,20,72,4.8,89,1.49,0.0,0.0,,3.2
30/11/2024,21,50,4.3,91,1.46,0.0,0.0,,3.0
30/11/2024,22,42,3.6,93,1.23,0.0,0.0,,2.5
30/11/2024,23,42,3.5,94,1.36,0.0,0.0,,2.5
30/12/2023,0,21,8.9,91,4.42,0.0,0.0,,7.6
30/12/2023,1,14,8.6,92,4.58,0.0,0.0,,7.4
30/12/2023,2,13,8.4,92,4.43,0.0,0.0,,7.2
30/12/2023,3,8,7.8,92,3.28,0.0,0.0,,6.6
30/12/2023,4,6,7.2,94,2.83,0.0,0.0,,6.2
30/12/2023,5,6,7.2,95,2.98,0.0,0.0,,6.4
30/12/2023,6,7,7.8,95,3.04,0.0,0.0,,7.1
30/12/2023,7,10,8.6,93,3.33,0.0,0.0,,7.7
30/12/2023,8,17,8.9,94,3.74,0.0,0.0,,7.9
30/12/2023,9,29,9.1,93,4.34,0.0,0.0,,8.1
30/12/2023,10,39,9.1,93,4.68,0.0,0.0,,7.9
30/12/2023,11,50,9.0,92,5.55,0.0,0.0,,7.7
30/12/2023,12,59,9.4,87,6.22,0.0,0.0,,7.4
30/12/2023,13,54,10.1,83,6.45,0.0,0.0,,7.4
30/12/2023,14,61,10.7,81,6.87,0.0,0.0,,7.6
30/12/2023,15,68,10.9,88,5.79,0.1,0.0,,9.0
30/12/2023,16,71,11.8,82,6.1,0.1,0.0,,8.8
30/12/2023,17,70,11.1,85,5.6,0.0,0.0,,8.8
30/12/2023,18,66,10.6,86,5.73,0.0,0.0,,8.4
30/12/2023,19,61,10.4,85,6.41,0.0,0.0,,8.0
30/12/2023,20,50,10.0,85,6.48,0.0,0.0,,7.6
30/12/2023,21,36,9.9,83,6.25,0.0,0.0,,7.1
30/12/2023,22,30,9.7,80,6.3,0.0,0.0,,6.3
30/12/2023,23,27,8.6,85,6.2,0.0,0.0,,6.2
30/12/2024,0,14,3.4,93,1.83,0.0,0.0,,2.5
30/12/2024,1,11,3.3,93,1.7,0.0,0.0,,2.3
30/12/2024,2,7,3.3,93,1.49,0.0,0.0,,2.2
30/12/2024,3,5,4.1,96,0.96,0.0,0.0,,3.5
30/12/2024,4,5,4.0,96,1.2,0.0,0.0,,3.4
30/12/2024,5,7,3.8,94,1.63,0.0,0.0,,3.0
30/12/2024,6,10,3.8,93,1.71,0.0,0.0,,2.7
30/12/2024,7,23,3.7,92,1.51,0.0,0.0,,2.5
30/12/2024,8,53,3.7,91,1.41,0.0,0.0,,2.4
30/12/2024,9,57,3.6,91,1.53,0.0,0.0,,2.2
30/12/2024,10,36,3.3,92,1.7,0.0,0.0,,2.1
30/12/2024,11,38,3.4,90,1.95,0.0,0.0,,1.9
30/12/2024,12,49,3.7,86,2.2,0.0,0.0,,1.6
30/12/2024,13,47,3.7,86,2.05,0.0,0.0,,1.5
30/12/2024,14,50,3.6,86,1.75,0.0,0.0,,1.5
30/12/2024,15,52,3.8,87,1.93,0.1,0.0,,1.8
30/12/2024,16,55,3.5,88,1.81,0.0,0.0,,1.7
30/12/2024,17,68,3.4,88,1.9,0.0,0.0,,1.6
30/12/2024,18,79,3.0,89,1.9,0.0,0.0,,1.5
30/12/2024,19,64,2.8,89,2.1,0.0,0.0,,1.1
30/12/2024,20,45,2.5,89,2.17,0.0,0.0,,0.9
30/12/2024,21,32,2.5,90,1.7,0.0,0.0,,1.0
30/12/2024,22,28,2.4,91,1.32,0.0,0.0,,1.1
30/12/2024,23,21,2.4,91,1.04,0.0,0.0,,1.1
31/01/2023,0,16,0.2,97,2.72,0.0,0.0,,-0.2
31/01/2023,1,7,0.0,97,2.5,0.0,0.0,,-0.4
31/01/2023,2,5,0.3,96,2.2,0.0,0.0,,-0.2
31/01/2023,3,3,-0.1,96,2.1,0.0,0.0,,-0.6
31/01/2023,4,3,-0.4,97,2.31,0.0,0.0,,-0.9
31/01/2023,5,8,-0.7,97,2.2,0.0,0.0,,-1.1
31/01/2023,6,24,-0.8,97,2.1,0.0,0.0,,-1.2
31/01/2023,7,89,-1.2,97,2.52,0.0,0.0,,-1.6
31/01/2023,8,265,-0.9,96,2.22,0.0,0.0,,-1.5
31/01/2023,9,237,-0.9,95,2.16,0.0,0.0,,-1.6
31/01/2023,10,106,0.9,93,2.36,0.0,0.0,,-0.1
31/01/2023,11,85,3.0,87,3.11,0.0,0.0,,1.1
31/01/2023,12,119,4.3,86,2.62,0.0,0.0,,2.2
31/01/2023,13,135,6.2,81,3.44,0.0,0.0,,3.2
31/01/2023,14,138,5.3,86,3.62,0.0,0.0,,3.2
31/01/2023,15,117,7.1,82,4.3,0.0,0.0,,4.2
31/01/2023,16,134,7.9,77,6.05,0.0,0.0,,4.1
31/01/2023,17,182,8.2,76,5.02,0.0,0.0,,4.2
31/01/2023,18,268,8.1,77,3.54,0.0,0.0,,4.3
31/01/2023,19,260,7.6,80,3.38,0.0,0.0,,4.3
31/01/2023,20,146,7.3,80,3.88,0.0,0.0,,4.2
31/01/2023,21,74,7.3,80,4.02,0.0,0.0,,4.1
31/01/2023,22,66,7.4,81,4.14,0.0,0.0,,4.3
31/01/2023,23,62,7.3,84,4.05,0.0,0.0,,4.8
31/01/2024,0,22,6.2,84,2.16,0.0,0.0,,3.7
31/01/2024,1,10,6.3,85,1.81,0.0,0.0,,4.0
31/01/2024,2,6,6.7,81,1.24,0.0,0.0,,3.7
31/01/2024,3,4,6.1,84,1.06,0.0,0.0,,3.6
31/01/2024,4,4,4.9,90,1.49,0.0,0.0,,3.5
31/01/2024,5,7,5.4,88,0.99,0.0,0.0,,3.6
31/01/2024,6,17,4.7,94,1.17,0.0,0.0,,3.8
31/01/2024,7,65,4.2,96,1.56,0.0,0.0,,3.5
31/01/2024,8,203,3.8,97,1.44,0.0,0.0,,3.3
31/01/2024,9,188,2.3,98,2.69,0.0,0.0,,2.0
31/01/2024,10,73,3.0,96,2.26,0.0,0.0,,2.5
31/01/2024,11,63,5.8,88,1.84,0.0,0.0,,4.0
31/01/2024,12,87,7.7,83,1.72,0.0,0.0,,4.9
31/01/2024,13,85,9.1,80,2.6,0.0,0.0,,5.8
31/01/2024,14,80,11.1,75,3.04,0.0,0.0,,6.8
31/01/2024,15,69,10.1,72,3.91,0.0,0.0,,5.3
31/01/2024,16,82,9.9,72,3.73,0.0,0.0,,5.1
31/01/2024,17,128,10.0,69,3.42,0.0,0.0,,4.6
31/01/2024,18,202,9.4,73,1.6,0.0,0.0,,4.8
31/01/2024,19,187,6.2,86,2.59,0.0,0.0,,4.1
31/01/2024,20,104,7.2,82,2.21,0.0,0.0,,4.4
31/01/2024,21,65,5.9,88,2.75,0.0,0.0,,4.1
31/01/2024,22,62,6.1,88,3.28,0.0,0.0,,4.3
31/01/2024,23,50,6.4,88,3.26,0.0,0.0,,4.7
31/03/2023,0,35,11.8,79,5.85,1.3,0.0,,8.4
31/03/2023,1,19,11.4,84,6.5,0.2,0.0,,8.8
31/03/2023,2,12,11.6,85,6.4,0.4,0.0,,9.2
31/03/2023,3,8,11.6,82,7.23,0.1,0.0,,8.6
31/03/2023,4,6,10.6,91,6.5,2.0,0.0,,9.2
31/03/2023,5,8,11.4,85,7.45,0.1,0.0,,9.0
31/03/2023,6,16,11.1,83,8.14,0.0,0.0,,8.3
31/03/2023,7,57,10.8,82,8.85,0.0,0.0,,7.8
31/03/2023,8,182,10.7,80,9.2,0.0,0.0,,7.3
31/03/2023,9,167,10.9,78,8.85,0.0,0.0,,7.3
31/03/2023,10,81,11.9,73,10.27,0.0,0.0,,7.2
31/03/2023,11,68,12.1,72,9.77,0.0,0.0,,7.2
31/03/2023,12,92,12.9,66,10.51,0.0,0.0,,6.8
31/03/2023,13,87,13.6,64,9.78,0.0,0.0,,6.8
31/03/2023,14,81,12.6,70,9.99,0.3,0.0,,7.2
31/03/2023,15,81,12.8,69,9.86,0.1,0.0,,7.2
31/03/2023,16,83,14.8,57,10.27,0.0,0.0,,6.2
31/03/2023,17,128,13.5,70,8.94,3.1,0.0,,8.1
31/03/2023,18,178,13.1,65,9.48,0.0,0.0,,6.7
31/03/2023,19,158,12.5,68,9.08,0.0,0.0,,6.7
31/03/2023,20,101,11.4,68,8.8,0.0,0.0,,5.6
31/03/2023,21,59,11.1,68,8.29,0.0,0.0,,5.4
31/03/2023,22,52,10.6,70,8.33,0.0,0.0,,5.3
31/03/2023,23,49,10.0,73,7.21,0.0,0.0,,5.3
31/03/2024,0,29,6.3,87,2.2,0.0,0.0,,4.3
31/03/2024,1,23,5.9,89,2.38,0.0,0.0,,4.2
31/03/2024,3,21,7.2,87,3.24,0.0,0.0,,5.2
31/03/2024,4,13,7.3,89,2.69,0.0,0.0,,5.6
31/03/2024,5,10,6.1,95,2.06,0.0,0.0,,5.3
31/03/2024,6,9,5.7,96,2.41,0.0,0.0,,5.1
31/03/2024,7,10,5.9,94,2.2,0.0,0.0,,5.1
31/03/2024,8,18,6.7,92,2.69,0.0,0.0,,5.4
31/03/2024,9,28,8.4,86,3.48,0.0,0.0,,6.3
31/03/2024,10,44,10.4,80,3.42,0.0,0.0,,7.0
31/03/2024,11,59,12.7,72,4.4,0.0,0.0,,7.8
31/03/2024,12,72,14.1,70,5.52,0.0,0.0,,8.7
31/03/2024,13,63,12.9,77,6.73,2.9,0.0,,9.1
31/03/2024,14,59,13.4,76,5.3,0.2,0.0,,9.2
31/03/2024,15,61,12.5,81,4.26,0.8,0.0,,9.2
31/03/2024,16,32,12.8,76,4.21,0.1,0.0,,8.6
31/03/2024,17,53,13.0,74,4.92,0.1,0.0,,8.6
31/03/2024,18,61,13.2,70,5.48,0.0,0.0,,7.9
31/03/2024,19,65,12.6,73,4.65,0.1,0.0,,7.8
31/03/2024,20,52,11.2,78,2.42,0.1,0.0,,7.6
31/03/2024,21,40,9.2,86,2.4,0.0,0.0,,6.9
31/03/2024,22,34,8.9,86,2.88,0.0,0.0,,6.7
31/03/2024,23,32,8.6,86,2.9,0.0,0.0,,6.5
31/05/2023,0,33,15.4,64,4.8,0.0,0.0,,8.7
31/05/2023,1,15,14.9,67,4.8,0.0,0.0,,8.9
31/05/2023,2,7,13.4,79,4.96,0.0,0.0,,9.8
31/05/2023,3,4,12.6,81,4.68,0.0,0.0,,9.5
31/05/2023,4,4,12.3,82,4.4,0.0,0.0,,9.2
31/05/2023,5,9,12.1,82,3.99,0.0,0.0,,9.1
31/05/2023,6,25,11.8,83,4.03,0.0,0.0,,8.9
31/05/2023,7,93,12.5,80,4.43,0.0,0.0,,9.1
31/05/2023,8,293,13.9,75,3.77,0.0,0.0,,9.6
31/05/2023,9,265,15.8,69,4.33,0.0,0.0,,10.1
31/05/2023,10,103,17.9,61,4.97,0.0,0.0,,10.2
31/05/2023,11,90,19.8,56,5.09,0.0,0.0,,10.6
31/05/2023,12,121,21.4,51,5.16,0.0,0.0,,10.8
31/05/2023,13,121,22.9,47,5.45,0.0,0.0,,10.9
31/05/2023,14,109,23.8,47,5.48,0.0,0.0,,11.9
31/05/2023,15,103,24.8,45,5.95,0.0,0.0,,12.1
31/05/2023,16,123,25.5,40,6.25,0.0,0.0,,10.9
31/05/2023,17,189,25.5,38,6.25,0.0,0.0,,10.0
31/05/2023,18,304,25.7,36,6.11,0.0,0.0,,9.4
31/05/2023,19,293,25.0,38,6.26,0.0,0.0,,9.6
31/05/2023,20,173,24.0,43,5.4,0.0,0.0,,10.6
31/05/2023,21,106,22.0,50,5.11,0.0,0.0,,11.2
31/05/2023,22,96,20.6,51,5.36,0.0,0.0,,10.1
31/05/2023,23,89,19.8,54,5.04,0.0,0.0,,10.1
31/05/2024,0,42,11.1,91,3.02,0.0,0.0,,9.8
31/05/2024,1,27,10.6,94,2.77,0.0,0.0,,9.6
31/05/2024,2,16,10.6,94,2.73,0.0,0.0,,9.7
31/05/2024,3,9,11.5,93,3.54,0.7,0.0,,10.4
31/05/2024,4,6,11.9,92,3.91,0.0,0.0,,10.6
31/05/2024,5,10,11.7,92,3.75,0.0,0.0,,10.5
31/05/2024,6,19,11.9,93,3.82,0.5,0.0,,10.8
31/05/2024,7,56,12.1,92,5.17,0.2,0.0,,10.8
31/05/2024,8,168,12.4,88,5.12,0.0,0.0,,10.6
31/05/2024,9,158,13.4,84,5.22,0.1,0.0,,10.8
31/05/2024,10,79,13.9,79,5.66,0.2,0.0,,10.4
31/05/2024,11,74,14.9,73,5.5,0.1,0.0,,10.1
31/05/2024,12,98,16.0,71,5.45,0.0,0.0,,10.8
31/05/2024,13,94,16.2,69,5.87,0.0,0.0,,10.6
31/05/2024,14,87,16.9,65,6.45,0.1,0.0,,10.3
31/05/2024,15,70,13.7,82,5.66,0.8,0.0,,10.7
31/05/2024,16,98,13.4,83,6.11,0.2,0.0,,10.4
31/05/2024,17,136,14.1,78,6.47,0.1,0.0,,10.2
31/05/2024,18,157,14.8,74,6.54,0.1,0.0,,10.2
31/05/2024,19,137,14.4,78,5.58,0.0,0.0,,10.7
31/05/2024,20,92,14.2,82,4.88,0.1,0.0,,11.1
31/05/2024,21,61,13.6,87,4.38,0.4,0.0,,11.6
31/05/2024,22,52,13.4,90,4.7,0.1,0.0,,11.7
31/05/2024,23,50,12.9,91,4.9,0.0,0.0,,11.4
31/07/2023,0,23,19.4,66,3.67,0.0,0.0,,12.9
31/07/2023,1,12,19.0,70,3.58,0.0,0.0,,13.4
31/07/2023,2,8,18.9,70,3.91,0.0,0.0,,13.4
31/07/2023,3,4,18.0,74,4.22,0.0,0.0,,13.4
31/07/2023,4,4,17.5,75,4.46,0.0,0.0,,13.1
31/07/2023,5,7,17.2,75,4.34,0.0,0.0,,12.8
31/07/2023,6,15,16.7,77,4.42,0.0,0.0,,12.6
31/07/2023,7,41,16.5,78,4.88,0.0,0.0,,12.6
31/07/2023,8,128,17.4,75,5.3,0.0,0.0,,12.9
31/07/2023,9,134,18.1,74,4.95,0.0,0.0,,13.3
31/07/2023,10,57,19.4,68,7.34,0.0,0.0,,13.4
31/07/2023,11,50,20.3,66,7.69,0.0,0.0,,13.8
31/07/2023,12,52,19.4,73,6.66,0.4,0.0,,14.4
31/07/2023,13,46,19.6,75,5.95,1.3,0.0,,15.1
31/07/2023,14,45,19.5,81,6.95,0.4,0.0,,16.1
31/07/2023,15,46,19.8,82,7.14,1.2,0.0,,16.6
31/07/2023,16,44,20.0,81,5.95,1.1,0.0,,16.6
31/07/2023,17,87,21.0,79,5.95,0.5,0.0,,17.1
31/07/2023,18,132,22.3,69,6.22,0.1,0.0,,16.2
31/07/2023,19,85,21.5,69,6.66,0.5,0.0,,15.7
31/07/2023,20,56,19.9,80,7.16,0.8,0.0,,16.3
31/07/2023,21,34,19.9,78,7.78,0.0,0.0,,15.9
31/07/2023,22,25,19.6,79,8.06,2.6,0.0,,15.9
31/07/2023,23,17,19.0,86,8.13,2.7,0.0,,16.6
31/07/2024,0,44,25.1,81,2.5,0.0,0.0,,21.6
31/07/2024,1,20,24.0,84,1.84,0.0,0.0,,21.2
31/07/2024,2,11,23.8,84,4.79,0.0,0.0,,20.9
31/07/2024,3,8,22.4,88,1.6,2.4,0.0,,20.3
31/07/2024,4,7,22.0,90,2.79,0.9,0.0,,20.4
31/07/2024,5,9,21.6,91,3.24,0.1,0.0,,20.2
31/07/2024,6,13,21.8,87,4.58,0.0,0.0,,19.5
31/07/2024,7,35,21.5,88,2.82,0.0,0.0,,19.5
31/07/2024,8,100,22.3,87,1.63,0.0,0.0,,20.1
31/07/2024,9,118,23.9,83,1.77,0.0,0.0,,20.7
31/07/2024,10,68,25.7,76,2.82,0.0,0.0,,21.0
31/07/2024,11,65,27.5,69,2.35,0.0,0.0,,21.2
31/07/2024,12,78,29.1,62,1.49,0.0,0.0,,21.2
31/07/2024,13,77,30.2,58,2.19,0.0,0.0,,20.9
31/07/2024,14,78,31.3,53,1.99,0.0,0.0,,20.5
31/07/2024,15,77,28.4,61,1.34,0.0,0.0,,20.2
31/07/2024,16,85,27.5,64,3.47,0.0,0.0,,20.1
31/07/2024,17,118,26.7,71,1.3,0.5,0.0,,21.0
31/07/2024,18,168,27.3,69,0.76,0.4,0.0,,21.1
31/07/2024,19,151,28.0,66,2.41,0.0,0.0,,21.0
31/07/2024,20,94,27.6,68,2.1,0.0,0.0,,21.3
31/07/2024,21,70,26.1,79,1.13,0.0,0.0,,22.1
31/07/2024,22,63,24.1,89,1.2,0.0,0.0,,22.1
31/07/2024,23,74,23.1,93,1.84,0.0,0.0,,22.0
31/08/2023,0,37,13.6,78,1.6,0.0,0.0,,9.8
31/08/2023,1,21,12.4,85,2.24,0.0,0.0,,10.0
31/08/2023,2,13,13.6,80,1.39,0.0,0.0,,10.2
31/08/2023,3,7,13.4,82,1.49,0.0,0.0,,10.4
31/08/2023,4,5,12.4,87,1.7,0.0,0.0,,10.4
31/08/2023,5,8,12.4,88,1.78,0.0,0.0,,10.4
31/08/2023,6,19,13.6,82,1.91,0.0,0.0,,10.6
31/08/2023,7,64,13.8,81,2.06,0.0,0.0,,10.6
31/08/2023,8,225,14.3,79,2.3,0.0,0.0,,10.8
31/08/2023,9,221,15.1,76,1.94,0.0,0.0,,10.9
31/08/2023,10,84,15.8,71,2.72,0.0,0.0,,10.6
31/08/2023,11,68,15.5,75,2.95,0.1,0.0,,11.0
31/08/2023,12,78,16.0,75,3.28,0.0,0.0,,11.6
31/08/2023,13,79,16.4,76,3.68,0.1,0.0,,12.1
31/08/2023,14,63,16.2,78,3.61,0.1,0.0,,12.4
31/08/2023,15,56,16.1,82,4.46,0.6,0.0,,13.1
31/08/2023,16,71,17.0,82,5.5,0.1,0.0,,13.9
31/08/2023,17,132,17.4,83,5.85,0.0,0.0,,14.4
31/08/2023,18,229,18.2,82,4.24,0.0,0.0,,15.1
31/08/2023,19,216,18.6,87,4.24,3.1,0.0,,16.4
31/08/2023,20,122,18.2,89,4.75,0.4,0.0,,16.4
31/08/2023,21,77,17.9,90,3.55,1.4,0.0,,16.2
31/08/2023,22,64,17.5,91,2.82,1.1,0.0,,16.0
31/08/2023,23,62,17.2,92,3.02,0.3,0.0,,15.9
31/08/2024,0,39,16.9,91,2.93,0.0,0.0,,15.4
31/08/2024,1,28,16.2,93,2.63,0.0,0.0,,15.1
31/08/2024,2,24,15.8,93,2.84,0.0,0.0,,14.7
31/08/2024,3,14,15.8,94,2.18,0.0,0.0,,14.9
31/08/2024,4,11,15.8,94,2.0,0.0,0.0,,14.8
31/08/2024,5,11,15.4,95,1.92,0.0,0.0,,14.6
31/08/2024,6,13,15.1,95,2.31,0.0,0.0,,14.4
31/08/2024,7,19,14.9,95,1.87,0.0,0.0,,14.1
31/08/2024,8,34,15.5,94,2.75,0.0,0.0,,14.5
31/08/2024,9,55,16.9,89,2.34,0.0,0.0,,15.1
31/08/2024,10,69,18.6,85,2.19,0.0,0.0,,15.9
31/08/2024,11,81,20.8,79,2.06,0.0,0.0,,17.0
31/08/2024,12,92,22.7,75,1.86,0.0,0.0,,18.0
31/08/2024,13,84,24.5,71,2.02,0.0,0.0,,19.0
31/08/2024,14,83,25.5,68,0.54,0.3,0.0,,19.2
31/08/2024,15,108,19.9,91,2.84,0.8,0.0,,18.2
31/08/2024,16,117,21.2,87,2.66,0.1,0.0,,18.9
31/08/2024,17,121,22.9,82,3.9,0.0,0.0,,19.7
31/08/2024,18,121,22.7,83,3.76,0.0,0.0,,19.6
31/08/2024,19,124,23.2,81,2.28,0.0,0.0,,19.9
31/08/2024,20,104,22.5,87,1.8,0.0,0.0,,20.1
31/08/2024,21,78,20.9,93,2.11,0.0,0.0,,19.6
31/08/2024,22,57,20.1,94,2.2,0.0,0.0,,19.1
31/08/2024,23,52,19.6,95,1.84,0.0,0.0,,18.7
31/10/2023,0,18,9.1,91,4.16,0.0,0.0,,7.8
31/10/2023,1,9,8.9,91,3.77,0.0,0.0,,7.4
31/10/2023,2,7,8.6,91,3.28,0.0,0.0,,7.2
31/10/2023,3,4,7.8,94,2.06,0.0,0.0,,6.9
31/10/2023,4,4,8.0,94,1.94,0.0,0.0,,7.1
31/10/2023,5,7,7.8,95,2.6,0.0,0.0,,7.1
31/10/2023,6,16,7.9,95,2.65,0.0,0.0,,7.2
31/10/2023,7,55,8.0,95,2.53,0.0,0.0,,7.3
31/10/2023,8,191,8.1,96,2.64,0.0,0.0,,7.5
31/10/2023,9,196,8.3,96,2.34,0.0,0.0,,7.7
31/10/2023,10,80,9.6,93,3.19,0.0,0.0,,8.6
31/10/2023,11,68,11.4,87,5.06,0.0,0.0,,9.3
31/10/2023,12,88,12.2,82,5.44,0.0,0.0,,9.3
31/10/2023,13,89,13.2,77,5.2,0.0,0.0,,9.2
31/10/2023,14,85,13.9,75,5.82,0.1,0.0,,9.4
31/10/2023,15,85,14.5,75,5.28,0.0,0.0,,10.1
31/10/2023,16,100,14.8,71,5.35,0.1,0.0,,9.6
31/10/2023,17,152,14.9,71,4.68,0.0,0.0,,9.6
31/10/2023,18,225,14.1,76,4.81,0.0,0.0,,9.9
31/10/2023,19,182,13.6,78,4.9,0.0,0.0,,9.9
31/10/2023,20,111,13.4,78,4.28,0.0,0.0,,9.6
31/10/2023,21,75,13.4,79,4.3,0.0,0.0,,9.9
31/10/2023,22,59,13.4,80,4.98,0.3,0.0,,10.1
31/10/2023,23,54,13.7,78,5.95,0.0,0.0,,9.9
31/10/2024,0,33,12.4,90,1.82,0.0,0.0,,10.7
31/10/2024,1,18,11.6,93,1.89,0.0,0.0,,10.6
31/10/2024,2,11,11.4,94,1.9,0.0,0.0,,10.4
31/10/2024,3,7,11.7,92,1.43,0.0,0.0,,10.4
31/10/2024,4,6,11.4,93,1.43,0.0,0.0,,10.4
31/10/2024,5,9,11.2,93,1.75,0.0,0.0,,10.2
31/10/2024,6,18,11.0,94,2.08,0.0,0.0,,10.1
31/10/2024,7,49,10.9,94,1.94,0.0,0.0,,9.9
31/10/2024,8,138,10.7,94,2.15,0.0,0.0,,9.7
31/10/2024,9,151,9.9,97,1.74,0.0,0.0,,9.4
31/10/2024,10,74,10.4,94,1.6,0.0,0.0,,9.4
31/10/2024,11,65,11.7,88,1.35,0.0,0.0,,9.9
31/10/2024,12,87,13.2,84,1.36,0.0,0.0,,10.6
31/10/2024,13,85,14.6,78,1.45,0.0,0.0,,10.9
31/10/2024,14,82,15.6,74,1.86,0.0,0.0,,11.0
31/10/2024,15,79,12.4,88,2.23,0.0,0.0,,10.5
31/10/2024,16,92,12.8,87,2.16,0.0,0.0,,10.8
31/10/2024,17,131,12.8,88,1.99,0.0,0.0,,10.8
31/10/2024,18,170,12.6,88,1.88,0.0,0.0,,10.7
31/10/2024,19,148,12.0,92,1.0,0.0,0.0,,10.8
31/10/2024,20,102,12.0,93,1.01,0.0,0.0,,10.9
31/10/2024,21,68,12.1,92,1.36,0.0,0.0,,10.8
31/10/2024,22,58,12.1,91,1.46,0.0,0.0,,10.7
31/10/2024,23,51,11.9,92,1.15,0.0,0.0,,10.7
31/12/2023,0,20,8.8,86,6.5,0.0,0.0,,6.6
31/12/2023,1,14,9.3,84,6.7,0.0,0.0,,6.7
31/12/2023,2,12,9.3,86,6.8,0.0,0.0,,7.0
31/12/2023,3,7,9.8,80,7.3,0.0,0.0,,6.6
31/12/2023,4,5,10.4,77,7.92,0.0,0.0,,6.4
31/12/2023,5,4,10.4,75,8.1,0.1,0.0,,6.2
31/12/2023,6,5,10.6,74,8.89,0.3,0.0,,6.1
31/12/2023,7,6,9.2,83,8.6,1.2,0.0,,6.6
31/12/2023,8,11,8.6,81,8.59,0.1,0.0,,5.6
31/12/2023,9,18,8.6,81,9.3,0.1,0.0,,5.6
31/12/2023,10,32,7.8,81,8.12,0.0,0.0,,4.8
31/12/2023,11,45,7.8,79,7.85,0.0,0.0,,4.4
31/12/2023,12,52,8.6,74,8.35,0.0,0.0,,4.3
31/12/2023,13,51,9.6,71,7.46,0.0,0.0,,4.7
31/12/2023,14,56,10.4,64,8.77,0.0,0.0,,4.0
31/12/2023,15,59,10.1,65,10.12,0.1,0.0,,3.8
31/12/2023,16,59,10.1,62,10.14,0.0,0.0,,3.2
31/12/2023,17,58,9.6,64,8.58,0.0,0.0,,3.1
31/12/2023,18,53,9.6,65,8.28,0.0,0.0,,3.2
31/12/2023,19,54,8.6,70,8.14,0.0,0.0,,3.5
31/12/2023,20,48,8.4,72,7.72,0.0,0.0,,3.7
31/12/2023,21,33,8.1,75,7.16,0.0,0.0,,3.9
31/12/2023,22,29,7.8,77,7.07,0.0,0.0,,4.0
31/12/2023,23,26,7.4,78,7.31,0.0,0.0,,4.0
31/12/2024,0,15,2.5,91,1.06,0.0,0.0,,1.1
31/12/2024,1,11,2.6,91,0.82,0.0,0.0,,1.2
31/12/2024,2,8,2.7,92,1.5,0.0,0.0,,1.5
31/12/2024,3,5,1.7,93,1.9,0.0,0.0,,0.7
31/12/2024,4,5,1.8,93,1.92,0.0,0.0,,0.8
31/12/2024,5,6,1.9,94,2.06,0.0,0.0,,1.0
31/12/2024,6,8,2.0,94,2.46,0.0,0.0,,1.1
31/12/2024,7,20,2.1,94,2.6,0.0,0.0,,1.2
31/12/2024,8,40,2.3,93,2.57,0.0,0.0,,1.4
31/12/2024,9,45,2.3,94,2.28,0.0,0.0,,1.5
31/12/2024,10,35,2.5,94,2.33,0.0,0.0,,1.7
31/12/2024,11,40,3.0,91,2.53,0.0,0.0,,1.8
31/12/2024,12,52,3.5,89,2.37,0.0,0.0,,1.9
31/12/2024,13,51,4.3,86,2.6,0.0,0.0,,2.2
31/12/2024,14,52,5.2,83,2.88,0.0,0.0,,2.5
31/12/2024,15,55,4.6,83,3.63,0.0,0.0,,2.0
31/12/2024,16,61,4.8,83,2.72,0.0,0.0,,2.1
31/12/2024,17,61,5.1,84,3.22,0.0,0.0,,2.6
31/12/2024,18,54,5.3,86,3.55,0.0,0.0,,3.1
31/12/2024,19,49,5.3,87,3.69,0.0,0.0,,3.3
31/12/2024,20,44,5.3,88,3.97,0.0,0.0,,3.5
31/12/2024,21,32,5.3,88,4.33,0.0,0.0,,3.5
31/12/2024,22,25,5.6,89,4.37,0.0,0.0,,3.8
31/12/2024,23,24,5.6,89,4.21,0.0,0.0,,4.0
