DATE,HOUR,RENTED_BIKE_COUNT
01/01/2022,0,575
01/01/2022,1,466
01/01/2022,2,328
01/01/2022,3,250
01/01/2022,4,246
01/01/2022,5,288
01/01/2022,6,488
01/01/2022,7,625
01/01/2022,8,699
01/01/2022,9,923
01/01/2022,10,1069
01/01/2022,11,1348
01/01/2022,12,1680
01/01/2022,13,1928
01/01/2022,14,2200
01/01/2022,15,2559
01/01/2022,16,2570
01/01/2022,17,2363
01/01/2022,18,1947
01/01/2022,19,1545
01/01/2022,20,1411
01/01/2022,21,1701
01/01/2022,22,1180
01/01/2022,23,792
01/01/2023,0,1567
01/01/2023,1,1653
01/01/2023,2,1150
01/01/2023,3,824
01/01/2023,4,653
01/01/2023,5,549
01/01/2023,6,798
01/01/2023,7,1042
01/01/2023,8,1187
01/01/2023,9,1315
01/01/2023,10,1592
01/01/2023,11,1683
01/01/2023,12,2047
01/01/2023,13,2427
01/01/2023,14,2516
01/01/2023,15,2814
01/01/2023,16,2797
01/01/2023,17,2545
01/01/2023,18,2056
01/01/2023,19,1699
01/01/2023,20,1516
01/01/2023,21,1412
01/01/2023,22,1198
01/01/2023,23,997
01/01/2024,0,1312
01/01/2024,1,1775
01/01/2024,2,1355
01/01/2024,3,951
01/01/2024,4,697
01/01/2024,5,647
01/01/2024,6,912
01/01/2024,7,1033
01/01/2024,8,1173
01/01/2024,9,1225
01/01/2024,10,1550
01/01/2024,11,1830
01/01/2024,12,2416
01/01/2024,13,2807
01/01/2024,14,3154
01/01/2024,15,3392
01/01/2024,16,3568
01/01/2024,17,3519
01/01/2024,18,2982
01/01/2024,19,2596
01/01/2024,20,2368
01/01/2024,21,2228
01/01/2024,22,1863
01/01/2024,23,1274
01/02/2022,0,273
01/02/2022,1,214
01/02/2022,2,154
01/02/2022,3,64
01/02/2022,4,33
01/02/2022,5,54
01/02/2022,6,81
01/02/2022,7,123
01/02/2022,8,208
01/02/2022,9,221
01/02/2022,10,302
01/02/2022,11,490
01/02/2022,12,655
01/02/2022,13,832
01/02/2022,14,1038
01/02/2022,15,1151
01/02/2022,16,1485
01/02/2022,17,1404
01/02/2022,18,1203
01/02/2022,19,1107
01/02/2022,20,939
01/02/2022,21,968
01/02/2022,22,698
01/02/2022,23,514
01/02/2023,0,1508
01/02/2023,1,1144
01/02/2023,2,739
01/02/2023,3,496
01/02/2023,4,394
01/02/2023,5,822
01/02/2023,6,1652
01/02/2023,7,3875
01/02/2023,8,7401
01/02/2023,9,3677
01/02/2023,10,2498
01/02/2023,11,3001
01/02/2023,12,3310
01/02/2023,13,3180
01/02/2023,14,3160
01/02/2023,15,3285
01/02/2023,16,3791
01/02/2023,17,5672
01/02/2023,18,7674
01/02/2023,19,4550
01/02/2023,20,3368
01/02/2023,21,3021
01/02/2023,22,2643
01/02/2023,23,1615
01/02/2024,0,1720
01/02/2024,1,1302
01/02/2024,2,744
01/02/2024,3,560
01/02/2024,4,536
01/02/2024,5,1034
01/02/2024,6,2312
01/02/2024,7,5387
01/02/2024,8,8918
01/02/2024,9,4558
01/02/2024,10,3035
01/02/2024,11,3345
01/02/2024,12,3774
01/02/2024,13,3930
01/02/2024,14,3925
01/02/2024,15,4303
01/02/2024,16,5019
01/02/2024,17,7416
01/02/2024,18,9680
01/02/2024,19,5823
01/02/2024,20,4524
01/02/2024,21,4138
01/02/2024,22,3447
01/02/2024,23,2114
01/03/2022,0,1322
01/03/2022,1,885
01/03/2022,2,328
01/03/2022,3,147
01/03/2022,4,78
01/03/2022,5,69
01/03/2022,6,110
01/03/2022,7,243
01/03/2022,8,690
01/03/2022,9,1273
01/03/2022,10,1679
01/03/2022,11,2012
01/03/2022,12,2615
01/03/2022,13,3266
01/03/2022,14,4108
01/03/2022,15,4863
01/03/2022,16,5376
01/03/2022,17,5082
01/03/2022,18,4382
01/03/2022,19,3301
01/03/2022,20,2680
01/03/2022,21,2305
01/03/2022,22,1897
01/03/2022,23,1033
01/03/2023,0,2718
01/03/2023,1,2275
01/03/2023,2,1528
01/03/2023,3,1114
01/03/2023,4,679
01/03/2023,5,728
01/03/2023,6,925
01/03/2023,7,1387
01/03/2023,8,2256
01/03/2023,9,2889
01/03/2023,10,3785
01/03/2023,11,4297
01/03/2023,12,4857
01/03/2023,13,5537
01/03/2023,14,5968
01/03/2023,15,6457
01/03/2023,16,6411
01/03/2023,17,6058
01/03/2023,18,4887
01/03/2023,19,3881
01/03/2023,20,3404
01/03/2023,21,3066
01/03/2023,22,2723
01/03/2023,23,1808
01/03/2024,0,1985
01/03/2024,1,1541
01/03/2024,2,1057
01/03/2024,3,704
01/03/2024,4,490
01/03/2024,5,556
01/03/2024,6,737
01/03/2024,7,969
01/03/2024,8,1628
01/03/2024,9,2111
01/03/2024,10,2351
01/03/2024,11,2654
01/03/2024,12,2924
01/03/2024,13,2961
01/03/2024,14,2951
01/03/2024,15,3068
01/03/2024,16,3090
01/03/2024,17,3009
01/03/2024,18,2596
01/03/2024,19,1926
01/03/2024,20,1670
01/03/2024,21,1603
01/03/2024,22,1448
01/03/2024,23,1175
01/04/2022,0,2169
01/04/2022,1,1111
01/04/2022,2,699
01/04/2022,3,411
01/04/2022,4,386
01/04/2022,5,793
01/04/2022,6,1938
01/04/2022,7,5572
01/04/2022,8,9196
01/04/2022,9,4793
01/04/2022,10,3753
01/04/2022,11,4856
01/04/2022,12,5599
01/04/2022,13,5591
01/04/2022,14,5965
01/04/2022,15,6950
01/04/2022,16,7982
01/04/2022,17,10513
01/04/2022,18,12842
01/04/2022,19,7364
01/04/2022,20,5489
01/04/2022,21,5154
01/04/2022,22,4634
01/04/2022,23,3562
01/04/2023,0,4154
01/04/2023,1,3166
01/04/2023,2,1886
01/04/2023,3,1215
01/04/2023,4,844
01/04/2023,5,883
01/04/2023,6,1373
01/04/2023,7,2503
01/04/2023,8,4828
01/04/2023,9,6159
01/04/2023,10,7160
01/04/2023,11,8322
01/04/2023,12,9571
01/04/2023,13,11020
01/04/2023,14,12040
01/04/2023,15,13350
01/04/2023,16,14019
01/04/2023,17,13937
01/04/2023,18,12788
01/04/2023,19,10475
01/04/2023,20,9473
01/04/2023,21,9148
01/04/2023,22,7929
01/04/2023,23,5734
01/04/2024,0,1969
01/04/2024,1,1152
01/04/2024,2,741
01/04/2024,3,484
01/04/2024,4,582
01/04/2024,5,1370
01/04/2024,6,3538
01/04/2024,7,9430
01/04/2024,8,12928
01/04/2024,9,6324
01/04/2024,10,4592
01/04/2024,11,5185
01/04/2024,12,6105
01/04/2024,13,5875
01/04/2024,14,6091
01/04/2024,15,7324
01/04/2024,16,9387
01/04/2024,17,13482
01/04/2024,18,17983
01/04/2024,19,10737
01/04/2024,20,8460
01/04/2024,21,7293
01/04/2024,22,5793
01/04/2024,23,3232
01/05/2022,0,4053
01/05/2022,1,2695
01/05/2022,2,1901
01/05/2022,3,1159
01/05/2022,4,757
01/05/2022,5,634
01/05/2022,6,974
01/05/2022,7,1654
01/05/2022,8,2747
01/05/2022,9,3880
01/05/2022,10,5297
01/05/2022,11,6274
01/05/2022,12,7707
01/05/2022,13,9059
01/05/2022,14,10148
01/05/2022,15,10898
01/05/2022,16,10781
01/05/2022,17,9607
01/05/2022,18,8283
01/05/2022,19,6612
01/05/2022,20,5890
01/05/2022,21,5405
01/05/2022,22,4271
01/05/2022,23,3110
01/05/2023,0,2279
01/05/2023,1,1657
01/05/2023,2,1128
01/05/2023,3,699
01/05/2023,4,602
01/05/2023,5,922
01/05/2023,6,1857
01/05/2023,7,4419
01/05/2023,8,6002
01/05/2023,9,6262
01/05/2023,10,6896
01/05/2023,11,8021
01/05/2023,12,9535
01/05/2023,13,10459
01/05/2023,14,12001
01/05/2023,15,12970
01/05/2023,16,14184
01/05/2023,17,14658
01/05/2023,18,14567
01/05/2023,19,11563
01/05/2023,20,9657
01/05/2023,21,8300
01/05/2023,22,6587
01/05/2023,23,3937
01/05/2024,0,4034
01/05/2024,1,2999
01/05/2024,2,1941
01/05/2024,3,1290
01/05/2024,4,892
01/05/2024,5,1239
01/05/2024,6,2157
01/05/2024,7,5074
01/05/2024,8,6880
01/05/2024,9,7336
01/05/2024,10,8326
01/05/2024,11,9038
01/05/2024,12,9731
01/05/2024,13,10717
01/05/2024,14,11436
01/05/2024,15,12209
01/05/2024,16,13370
01/05/2024,17,14459
01/05/2024,18,14919
01/05/2024,19,12185
01/05/2024,20,10482
01/05/2024,21,9179
01/05/2024,22,7205
01/05/2024,23,4402
01/06/2022,0,6211
01/06/2022,1,4775
01/06/2022,2,3117
01/06/2022,3,2058
01/06/2022,4,1958
01/06/2022,5,1528
01/06/2022,6,1839
01/06/2022,7,2889
01/06/2022,8,4328
01/06/2022,9,5382
01/06/2022,10,6422
01/06/2022,11,7331
01/06/2022,12,8496
01/06/2022,13,9273
01/06/2022,14,9706
01/06/2022,15,10581
01/06/2022,16,12052
01/06/2022,17,13554
01/06/2022,18,12836
01/06/2022,19,12530
01/06/2022,20,11526
01/06/2022,21,10106
01/06/2022,22,8018
01/06/2022,23,5126
01/06/2023,0,4059
01/06/2023,1,2570
01/06/2023,2,1663
01/06/2023,3,1001
01/06/2023,4,940
01/06/2023,5,1983
01/06/2023,6,4757
01/06/2023,7,12481
01/06/2023,8,17459
01/06/2023,9,8588
01/06/2023,10,5709
01/06/2023,11,6613
01/06/2023,12,7184
01/06/2023,13,6783
01/06/2023,14,6609
01/06/2023,15,7656
01/06/2023,16,11000
01/06/2023,17,16065
01/06/2023,18,22048
01/06/2023,19,14820
01/06/2023,20,12525
01/06/2023,21,11458
01/06/2023,22,9439
01/06/2023,23,5754
01/06/2024,0,4004
01/06/2024,1,2906
01/06/2024,2,1970
01/06/2024,3,1411
01/06/2024,4,1064
01/06/2024,5,1303
01/06/2024,6,2048
01/06/2024,7,3472
01/06/2024,8,5654
01/06/2024,9,6838
01/06/2024,10,7389
01/06/2024,11,8198
01/06/2024,12,8937
01/06/2024,13,9748
01/06/2024,14,10007
01/06/2024,15,10904
01/06/2024,16,11841
01/06/2024,17,12739
01/06/2024,18,12550
01/06/2024,19,11526
01/06/2024,20,10446
01/06/2024,21,9602
01/06/2024,22,7850
01/06/2024,23,5475
01/07/2022,0,2034
01/07/2022,1,1793
01/07/2022,2,1288
01/07/2022,3,721
01/07/2022,4,579
01/07/2022,5,1228
01/07/2022,6,2797
01/07/2022,7,7151
01/07/2022,8,11517
01/07/2022,9,6324
01/07/2022,10,5116
01/07/2022,11,5519
01/07/2022,12,6240
01/07/2022,13,5647
01/07/2022,14,5529
01/07/2022,15,6270
01/07/2022,16,8053
01/07/2022,17,12337
01/07/2022,18,17484
01/07/2022,19,12949
01/07/2022,20,10983
01/07/2022,21,10243
01/07/2022,22,9284
01/07/2022,23,6400
01/07/2023,0,4789
01/07/2023,1,3726
01/07/2023,2,2568
01/07/2023,3,1699
01/07/2023,4,1214
01/07/2023,5,1406
01/07/2023,6,2184
01/07/2023,7,3226
01/07/2023,8,5107
01/07/2023,9,5819
01/07/2023,10,6094
01/07/2023,11,6287
01/07/2023,12,6755
01/07/2023,13,6845
01/07/2023,14,6398
01/07/2023,15,6699
01/07/2023,16,7222
01/07/2023,17,8074
01/07/2023,18,9008
01/07/2023,19,9523
01/07/2023,20,9985
01/07/2023,21,9796
01/07/2023,22,8367
01/07/2023,23,6056
01/07/2024,0,3004
01/07/2024,1,1869
01/07/2024,2,1181
01/07/2024,3,906
01/07/2024,4,922
01/07/2024,5,2216
01/07/2024,6,5205
01/07/2024,7,12223
01/07/2024,8,15322
01/07/2024,9,7663
01/07/2024,10,5324
01/07/2024,11,5996
01/07/2024,12,6350
01/07/2024,13,5629
01/07/2024,14,5706
01/07/2024,15,6700
01/07/2024,16,8832
01/07/2024,17,14570
01/07/2024,18,21098
01/07/2024,19,14744
01/07/2024,20,12592
01/07/2024,21,11051
01/07/2024,22,8404
01/07/2024,23,4900
01/08/2022,0,872
01/08/2022,1,821
01/08/2022,2,489
01/08/2022,3,122
01/08/2022,4,58
01/08/2022,5,104
01/08/2022,6,290
01/08/2022,7,954
01/08/2022,8,4456
01/08/2022,9,3907
01/08/2022,10,3233
01/08/2022,11,4186
01/08/2022,12,4788
01/08/2022,13,4668
01/08/2022,14,4643
01/08/2022,15,5029
01/08/2022,16,6432
01/08/2022,17,10131
01/08/2022,18,15162
01/08/2022,19,11224
01/08/2022,20,9910
01/08/2022,21,7989
01/08/2022,22,6404
01/08/2022,23,2170
01/08/2023,0,3388
01/08/2023,1,2279
01/08/2023,2,1493
01/08/2023,3,1037
01/08/2023,4,955
01/08/2023,5,2052
01/08/2023,6,4345
01/08/2023,7,8938
01/08/2023,8,13000
01/08/2023,9,6555
01/08/2023,10,4378
01/08/2023,11,4847
01/08/2023,12,5102
01/08/2023,13,4555
01/08/2023,14,4453
01/08/2023,15,4929
01/08/2023,16,6378
01/08/2023,17,11406
01/08/2023,18,16871
01/08/2023,19,12014
01/08/2023,20,10891
01/08/2023,21,9896
01/08/2023,22,8125
01/08/2023,23,4877
01/08/2024,0,3217
01/08/2024,1,2147
01/08/2024,2,1387
01/08/2024,3,896
01/08/2024,4,840
01/08/2024,5,1961
01/08/2024,6,4033
01/08/2024,7,8144
01/08/2024,8,13085
01/08/2024,9,6565
01/08/2024,10,4274
01/08/2024,11,5028
01/08/2024,12,5227
01/08/2024,13,4843
01/08/2024,14,4701
01/08/2024,15,5067
01/08/2024,16,6359
01/08/2024,17,11246
01/08/2024,18,15653
01/08/2024,19,10986
01/08/2024,20,9676
01/08/2024,21,8619
01/08/2024,22,7184
01/08/2024,23,4348
01/09/2022,0,3932
01/09/2022,1,2608
01/09/2022,2,1450
01/09/2022,3,919
01/09/2022,4,782
01/09/2022,5,1555
01/09/2022,6,3761
01/09/2022,7,9998
01/09/2022,8,14427
01/09/2022,9,7193
01/09/2022,10,5084
01/09/2022,11,6026
01/09/2022,12,6275
01/09/2022,13,5722
01/09/2022,14,5937
01/09/2022,15,6702
01/09/2022,16,9921
01/09/2022,17,13895
01/09/2022,18,20572
01/09/2022,19,14316
01/09/2022,20,12144
01/09/2022,21,11139
01/09/2022,22,9213
01/09/2022,23,5778
01/09/2023,0,4077
01/09/2023,1,2795
01/09/2023,2,1772
01/09/2023,3,1147
01/09/2023,4,980
01/09/2023,5,2017
01/09/2023,6,4695
01/09/2023,7,11924
01/09/2023,8,16066
01/09/2023,9,7784
01/09/2023,10,5578
01/09/2023,11,6373
01/09/2023,12,6818
01/09/2023,13,6512
01/09/2023,14,6582
01/09/2023,15,8156
01/09/2023,16,10305
01/09/2023,17,16125
01/09/2023,18,21353
01/09/2023,19,14665
01/09/2023,20,12151
01/09/2023,21,11426
01/09/2023,22,10134
01/09/2023,23,6798
01/09/2024,0,3966
01/09/2024,1,2631
01/09/2024,2,1768
01/09/2024,3,1268
01/09/2024,4,900
01/09/2024,5,1047
01/09/2024,6,1711
01/09/2024,7,2550
01/09/2024,8,3568
01/09/2024,9,4431
01/09/2024,10,4908
01/09/2024,11,5136
01/09/2024,12,5753
01/09/2024,13,6118
01/09/2024,14,6140
01/09/2024,15,6528
01/09/2024,16,8075
01/09/2024,17,9964
01/09/2024,18,10626
01/09/2024,19,10207
01/09/2024,20,9505
01/09/2024,21,8273
01/09/2024,22,6152
01/09/2024,23,3943
01/10/2022,0,5338
01/10/2022,1,4189
01/10/2022,2,2708
01/10/2022,3,1652
01/10/2022,4,1275
01/10/2022,5,1333
01/10/2022,6,1842
01/10/2022,7,2896
01/10/2022,8,5384
01/10/2022,9,6477
01/10/2022,10,6960
01/10/2022,11,7843
01/10/2022,12,8728
01/10/2022,13,9519
01/10/2022,14,9733
01/10/2022,15,10735
01/10/2022,16,12151
01/10/2022,17,12563
01/10/2022,18,12307
01/10/2022,19,10490
01/10/2022,20,9657
01/10/2022,21,9132
01/10/2022,22,8118
01/10/2022,23,6133
01/10/2023,0,3915
01/10/2023,1,2443
01/10/2023,2,1613
01/10/2023,3,1268
01/10/2023,4,887
01/10/2023,5,821
01/10/2023,6,1284
01/10/2023,7,2091
01/10/2023,8,3143
01/10/2023,9,4349
01/10/2023,10,5224
01/10/2023,11,6197
01/10/2023,12,7475
01/10/2023,13,8756
01/10/2023,14,10090
01/10/2023,15,11855
01/10/2023,16,13035
01/10/2023,17,13793
01/10/2023,18,12707
01/10/2023,19,10366
01/10/2023,20,9639
01/10/2023,21,8367
01/10/2023,22,6416
01/10/2023,23,5284
01/10/2024,0,4444
01/10/2024,1,3074
01/10/2024,2,2030
01/10/2024,3,1425
01/10/2024,4,1054
01/10/2024,5,887
01/10/2024,6,939
01/10/2024,7,1478
01/10/2024,8,2052
01/10/2024,9,1274
01/10/2024,10,3160
01/10/2024,11,5143
01/10/2024,12,6508
01/10/2024,13,7776
01/10/2024,14,9170
01/10/2024,15,10784
01/10/2024,16,11821
01/10/2024,17,12788
01/10/2024,18,11961
01/10/2024,19,9359
01/10/2024,20,8048
01/10/2024,21,7081
01/10/2024,22,5818
01/10/2024,23,3674
01/11/2022,0,2807
01/11/2022,1,1877
01/11/2022,2,1174
01/11/2022,3,743
01/11/2022,4,591
01/11/2022,5,1480
01/11/2022,6,3268
01/11/2022,7,9755
01/11/2022,8,15510
01/11/2022,9,7472
01/11/2022,10,4936
01/11/2022,11,5849
01/11/2022,12,6475
01/11/2022,13,6152
01/11/2022,14,6294
01/11/2022,15,7103
01/11/2022,16,10064
01/11/2022,17,13575
01/11/2022,18,18035
01/11/2022,19,11497
01/11/2022,20,9365
01/11/2022,21,8076
01/11/2022,22,6716
01/11/2022,23,4104
01/11/2023,0,3463
01/11/2023,1,2217
01/11/2023,2,1406
01/11/2023,3,1027
01/11/2023,4,890
01/11/2023,5,1856
01/11/2023,6,4284
01/11/2023,7,11507
01/11/2023,8,17341
01/11/2023,9,8268
01/11/2023,10,5639
01/11/2023,11,6746
01/11/2023,12,6966
01/11/2023,13,7083
01/11/2023,14,7098
01/11/2023,15,8146
01/11/2023,16,10625
01/11/2023,17,15603
01/11/2023,18,20378
01/11/2023,19,13240
01/11/2023,20,10711
01/11/2023,21,10088
01/11/2023,22,8299
01/11/2023,23,5106
01/11/2024,0,2953
01/11/2024,1,2004
01/11/2024,2,1385
01/11/2024,3,962
01/11/2024,4,821
01/11/2024,5,1846
01/11/2024,6,3873
01/11/2024,7,10758
01/11/2024,8,15165
01/11/2024,9,7273
01/11/2024,10,5200
01/11/2024,11,6168
01/11/2024,12,6736
01/11/2024,13,6579
01/11/2024,14,6921
01/11/2024,15,8463
01/11/2024,16,10187
01/11/2024,17,14182
01/11/2024,18,16851
01/11/2024,19,10464
01/11/2024,20,8455
01/11/2024,21,7695
01/11/2024,22,6805
01/11/2024,23,4629
01/12/2022,0,1241
01/12/2022,1,1001
01/12/2022,2,595
01/12/2022,3,399
01/12/2022,4,342
01/12/2022,5,781
01/12/2022,6,1708
01/12/2022,7,4719
01/12/2022,8,8526
01/12/2022,9,4126
01/12/2022,10,2583
01/12/2022,11,2756
01/12/2022,12,3074
01/12/2022,13,2955
01/12/2022,14,2976
01/12/2022,15,3232
01/12/2022,16,4557
01/12/2022,17,5813
01/12/2022,18,7772
01/12/2022,19,4714
01/12/2022,20,3385
01/12/2022,21,3089
01/12/2022,22,2809
01/12/2022,23,1751
01/12/2023,0,1653
01/12/2023,1,1121
01/12/2023,2,777
01/12/2023,3,501
01/12/2023,4,530
01/12/2023,5,1051
01/12/2023,6,2340
01/12/2023,7,6166
01/12/2023,8,10080
01/12/2023,9,4738
01/12/2023,10,3179
01/12/2023,11,3504
01/12/2023,12,3780
01/12/2023,13,3777
01/12/2023,14,3831
01/12/2023,15,4656
01/12/2023,16,5463
01/12/2023,17,7513
01/12/2023,18,9124
01/12/2023,19,5341
01/12/2023,20,3917
01/12/2023,21,3736
01/12/2023,22,3357
01/12/2023,23,2356
01/12/2024,0,1823
01/12/2024,1,1377
01/12/2024,2,964
01/12/2024,3,685
01/12/2024,4,497
01/12/2024,5,468
01/12/2024,6,597
01/12/2024,7,954
01/12/2024,8,1729
01/12/2024,9,2311
01/12/2024,10,2902
01/12/2024,11,3305
01/12/2024,12,4123
01/12/2024,13,4458
01/12/2024,14,4640
01/12/2024,15,4918
01/12/2024,16,5016
01/12/2024,17,4880
01/12/2024,18,4251
01/12/2024,19,3481
01/12/2024,20,2064
01/12/2024,21,1205
01/12/2024,22,1001
01/12/2024,23,1035
02/01/2022,0,585
02/01/2022,1,423
02/01/2022,2,281
02/01/2022,3,184
02/01/2022,4,163
02/01/2022,5,168
02/01/2022,6,184
02/01/2022,7,257
02/01/2022,8,487
02/01/2022,9,752
02/01/2022,10,1018
02/01/2022,11,1295
02/01/2022,12,1775
02/01/2022,13,2156
02/01/2022,14,2522
02/01/2022,15,2866
02/01/2022,16,2734
02/01/2022,17,2467
02/01/2022,18,2039
02/01/2022,19,1665
02/01/2022,20,1497
02/01/2022,21,1610
02/01/2022,22,1117
02/01/2022,23,667
02/01/2023,0,854
02/01/2023,1,578
02/01/2023,2,309
02/01/2023,3,241
02/01/2023,4,240
02/01/2023,5,702
02/01/2023,6,1293
02/01/2023,7,3120
02/01/2023,8,5971
02/01/2023,9,2786
02/01/2023,10,1766
02/01/2023,11,2070
02/01/2023,12,2400
02/01/2023,13,2388
02/01/2023,14,2439
02/01/2023,15,2612
02/01/2023,16,3106
02/01/2023,17,4604
02/01/2023,18,6473
02/01/2023,19,3890
02/01/2023,20,2996
02/01/2023,21,2447
02/01/2023,22,1992
02/01/2023,23,1332
02/01/2024,0,1072
02/01/2024,1,649
02/01/2024,2,485
02/01/2024,3,395
02/01/2024,4,463
02/01/2024,5,1013
02/01/2024,6,2283
02/01/2024,7,5108
02/01/2024,8,8417
02/01/2024,9,4134
02/01/2024,10,2723
02/01/2024,11,3004
02/01/2024,12,3355
02/01/2024,13,3303
02/01/2024,14,3524
02/01/2024,15,3854
02/01/2024,16,4653
02/01/2024,17,7149
02/01/2024,18,9852
02/01/2024,19,6259
02/01/2024,20,4900
02/01/2024,21,4288
02/01/2024,22,3408
02/01/2024,23,2110
02/02/2022,0,450
02/02/2022,1,299
02/02/2022,2,169
02/02/2022,3,147
02/02/2022,4,116
02/02/2022,5,152
02/02/2022,6,180
02/02/2022,7,331
02/02/2022,8,643
02/02/2022,9,919
02/02/2022,10,1243
02/02/2022,11,1596
02/02/2022,12,1881
02/02/2022,13,2228
02/02/2022,14,2487
02/02/2022,15,2566
02/02/2022,16,2628
02/02/2022,17,2485
02/02/2022,18,1947
02/02/2022,19,1582
02/02/2022,20,1484
02/02/2022,21,1519
02/02/2022,22,1071
02/02/2022,23,616
02/02/2023,0,1336
02/02/2023,1,986
02/02/2023,2,637
02/02/2023,3,443
02/02/2023,4,375
02/02/2023,5,789
02/02/2023,6,1626
02/02/2023,7,3913
02/02/2023,8,7473
02/02/2023,9,3501
02/02/2023,10,2375
02/02/2023,11,2690
02/02/2023,12,2965
02/02/2023,13,3084
02/02/2023,14,2990
02/02/2023,15,3233
02/02/2023,16,3888
02/02/2023,17,5468
02/02/2023,18,7459
02/02/2023,19,4484
02/02/2023,20,3515
02/02/2023,21,3066
02/02/2023,22,2770
02/02/2023,23,1689
02/02/2024,0,1683
02/02/2024,1,1238
02/02/2024,2,879
02/02/2024,3,650
02/02/2024,4,549
02/02/2024,5,1039
02/02/2024,6,2375
02/02/2024,7,5373
02/02/2024,8,9195
02/02/2024,9,4589
02/02/2024,10,3183
02/02/2024,11,3706
02/02/2024,12,4178
02/02/2024,13,4296
02/02/2024,14,4478
02/02/2024,15,4771
02/02/2024,16,5643
02/02/2024,17,7910
02/02/2024,18,9591
02/02/2024,19,5620
02/02/2024,20,4150
02/02/2024,21,3864
02/02/2024,22,3453
02/02/2024,23,2561
02/03/2022,0,652
02/03/2022,1,476
02/03/2022,2,294
02/03/2022,3,183
02/03/2022,4,257
02/03/2022,5,574
02/03/2022,6,1272
02/03/2022,7,3484
02/03/2022,8,6125
02/03/2022,9,3300
02/03/2022,10,2616
02/03/2022,11,3030
02/03/2022,12,3543
02/03/2022,13,3421
02/03/2022,14,3414
02/03/2022,15,3830
02/03/2022,16,4304
02/03/2022,17,6072
02/03/2022,18,7881
02/03/2022,19,4867
02/03/2022,20,3602
02/03/2022,21,3332
02/03/2022,22,2779
02/03/2022,23,1315
02/03/2023,0,1454
02/03/2023,1,829
02/03/2023,2,505
02/03/2023,3,386
02/03/2023,4,373
02/03/2023,5,964
02/03/2023,6,2170
02/03/2023,7,5629
02/03/2023,8,9234
02/03/2023,9,4617
02/03/2023,10,3342
02/03/2023,11,3834
02/03/2023,12,4256
02/03/2023,13,4150
02/03/2023,14,4189
02/03/2023,15,4534
02/03/2023,16,5569
02/03/2023,17,7595
02/03/2023,18,10164
02/03/2023,19,6198
02/03/2023,20,4913
02/03/2023,21,4540
02/03/2023,22,3805
02/03/2023,23,2204
02/03/2024,0,1196
02/03/2024,1,847
02/03/2024,2,666
02/03/2024,3,487
02/03/2024,4,373
02/03/2024,5,442
02/03/2024,6,686
02/03/2024,7,1054
02/03/2024,8,1923
02/03/2024,9,2616
02/03/2024,10,2972
02/03/2024,11,3280
02/03/2024,12,3615
02/03/2024,13,3836
02/03/2024,14,3678
02/03/2024,15,3739
02/03/2024,16,3957
02/03/2024,17,4034
02/03/2024,18,3656
02/03/2024,19,2745
02/03/2024,20,2259
02/03/2024,21,2403
02/03/2024,22,2340
02/03/2024,23,1811
02/04/2022,0,2549
02/04/2022,1,1315
02/04/2022,2,773
02/04/2022,3,521
02/04/2022,4,365
02/04/2022,5,505
02/04/2022,6,857
02/04/2022,7,1621
02/04/2022,8,2995
02/04/2022,9,3935
02/04/2022,10,4608
02/04/2022,11,5816
02/04/2022,12,7083
02/04/2022,13,8452
02/04/2022,14,9627
02/04/2022,15,10245
02/04/2022,16,10259
02/04/2022,17,9049
02/04/2022,18,7111
02/04/2022,19,4657
02/04/2022,20,4108
02/04/2022,21,3988
02/04/2022,22,3677
02/04/2022,23,3175
02/04/2023,0,4819
02/04/2023,1,3018
02/04/2023,2,1997
02/04/2023,3,1296
02/04/2023,4,768
02/04/2023,5,670
02/04/2023,6,1116
02/04/2023,7,2016
02/04/2023,8,3425
02/04/2023,9,4798
02/04/2023,10,6260
02/04/2023,11,7915
02/04/2023,12,9908
02/04/2023,13,11803
02/04/2023,14,13213
02/04/2023,15,14716
02/04/2023,16,15089
02/04/2023,17,15381
02/04/2023,18,14065
02/04/2023,19,11501
02/04/2023,20,9684
02/04/2023,21,8482
02/04/2023,22,6325
02/04/2023,23,4151
02/04/2024,0,2279
02/04/2024,1,1493
02/04/2024,2,925
02/04/2024,3,690
02/04/2024,4,578
02/04/2024,5,1454
02/04/2024,6,3930
02/04/2024,7,10459
02/04/2024,8,14824
02/04/2024,9,7111
02/04/2024,10,4945
02/04/2024,11,5859
02/04/2024,12,6487
02/04/2024,13,6388
02/04/2024,14,6573
02/04/2024,15,7406
02/04/2024,16,10204
02/04/2024,17,14553
02/04/2024,18,19677
02/04/2024,19,12274
02/04/2024,20,9849
02/04/2024,21,8873
02/04/2024,22,7087
02/04/2024,23,4033
02/05/2022,0,2434
02/05/2022,1,1470
02/05/2022,2,858
02/05/2022,3,556
02/05/2022,4,544
02/05/2022,5,1241
02/05/2022,6,3045
02/05/2022,7,8086
02/05/2022,8,12940
02/05/2022,9,6740
02/05/2022,10,4814
02/05/2022,11,5627
02/05/2022,12,6390
02/05/2022,13,6071
02/05/2022,14,6138
02/05/2022,15,6833
02/05/2022,16,8953
02/05/2022,17,13005
02/05/2022,18,19158
02/05/2022,19,11872
02/05/2022,20,9657
02/05/2022,21,8578
02/05/2022,22,6806
02/05/2022,23,4028
02/05/2023,0,2699
02/05/2023,1,1750
02/05/2023,2,1054
02/05/2023,3,736
02/05/2023,4,640
02/05/2023,5,1558
02/05/2023,6,4001
02/05/2023,7,10631
02/05/2023,8,15237
02/05/2023,9,8068
02/05/2023,10,5793
02/05/2023,11,6507
02/05/2023,12,7243
02/05/2023,13,6857
02/05/2023,14,7119
02/05/2023,15,7531
02/05/2023,16,9960
02/05/2023,17,14886
02/05/2023,18,21132
02/05/2023,19,13901
02/05/2023,20,11337
02/05/2023,21,9948
02/05/2023,22,7963
02/05/2023,23,4807
02/05/2024,0,2898
02/05/2024,1,1850
02/05/2024,2,1205
02/05/2024,3,850
02/05/2024,4,787
02/05/2024,5,1814
02/05/2024,6,4647
02/05/2024,7,11554
02/05/2024,8,15527
02/05/2024,9,8209
02/05/2024,10,5976
02/05/2024,11,6785
02/05/2024,12,7348
02/05/2024,13,6925
02/05/2024,14,6833
02/05/2024,15,7765
02/05/2024,16,10559
02/05/2024,17,15532
02/05/2024,18,21298
02/05/2024,19,13850
02/05/2024,20,11147
02/05/2024,21,10099
02/05/2024,22,7916
02/05/2024,23,4799
02/06/2022,0,3811
02/06/2022,1,2343
02/06/2022,2,1343
02/06/2022,3,833
02/06/2022,4,947
02/06/2022,5,1727
02/06/2022,6,3938
02/06/2022,7,10046
02/06/2022,8,14438
02/06/2022,9,7175
02/06/2022,10,5003
02/06/2022,11,5868
02/06/2022,12,6299
02/06/2022,13,6092
02/06/2022,14,6042
02/06/2022,15,6871
02/06/2022,16,10052
02/06/2022,17,14112
02/06/2022,18,20731
02/06/2022,19,14148
02/06/2022,20,10590
02/06/2022,21,9411
02/06/2022,22,9960
02/06/2022,23,5792
02/06/2023,0,4079
02/06/2023,1,2827
02/06/2023,2,1658
02/06/2023,3,1089
02/06/2023,4,890
02/06/2023,5,1965
02/06/2023,6,4676
02/06/2023,7,11981
02/06/2023,8,16656
02/06/2023,9,8069
02/06/2023,10,5899
02/06/2023,11,6916
02/06/2023,12,7736
02/06/2023,13,7191
02/06/2023,14,7354
02/06/2023,15,9016
02/06/2023,16,11334
02/06/2023,17,16593
02/06/2023,18,21498
02/06/2023,19,15020
02/06/2023,20,11837
02/06/2023,21,11063
02/06/2023,22,9975
02/06/2023,23,6676
02/06/2024,0,4515
02/06/2024,1,2946
02/06/2024,2,2142
02/06/2024,3,1601
02/06/2024,4,849
02/06/2024,5,1003
02/06/2024,6,1841
02/06/2024,7,2558
02/06/2024,8,3970
02/06/2024,9,5454
02/06/2024,10,6219
02/06/2024,11,6858
02/06/2024,12,8158
02/06/2024,13,8813
02/06/2024,14,9539
02/06/2024,15,10504
02/06/2024,16,11618
02/06/2024,17,12532
02/06/2024,18,12330
02/06/2024,19,11413
02/06/2024,20,10262
02/06/2024,21,8744
02/06/2024,22,6338
02/06/2024,23,3969
02/07/2022,0,5259
02/07/2022,1,4099
02/07/2022,2,2850
02/07/2022,3,1757
02/07/2022,4,1201
02/07/2022,5,1295
02/07/2022,6,1824
02/07/2022,7,2848
02/07/2022,8,4382
02/07/2022,9,5318
02/07/2022,10,5476
02/07/2022,11,5958
02/07/2022,12,6183
02/07/2022,13,6399
02/07/2022,14,6220
02/07/2022,15,6213
02/07/2022,16,7072
02/07/2022,17,7995
02/07/2022,18,8567
02/07/2022,19,8607
02/07/2022,20,9263
02/07/2022,21,9228
02/07/2022,22,7890
02/07/2022,23,5920
02/07/2023,0,4860
02/07/2023,1,3323
02/07/2023,2,2273
02/07/2023,3,1505
02/07/2023,4,1114
02/07/2023,5,1158
02/07/2023,6,1766
02/07/2023,7,2559
02/07/2023,8,3658
02/07/2023,9,4532
02/07/2023,10,5248
02/07/2023,11,5573
02/07/2023,12,6162
02/07/2023,13,6713
02/07/2023,14,6945
02/07/2023,15,7524
02/07/2023,16,8279
02/07/2023,17,9327
02/07/2023,18,9671
02/07/2023,19,9930
02/07/2023,20,10058
02/07/2023,21,8991
02/07/2023,22,6732
02/07/2023,23,4618
02/07/2024,0,3513
02/07/2024,1,2209
02/07/2024,2,1487
02/07/2024,3,1027
02/07/2024,4,936
02/07/2024,5,2192
02/07/2024,6,4071
02/07/2024,7,2365
02/07/2024,8,1610
02/07/2024,9,377
02/07/2024,10,165
02/07/2024,11,117
02/07/2024,12,102
02/07/2024,13,152
02/07/2024,14,250
02/07/2024,15,352
02/07/2024,16,647
02/07/2024,17,2727
02/07/2024,18,4084
02/07/2024,19,3380
02/07/2024,20,2683
02/07/2024,21,2829
02/07/2024,22,1734
02/07/2024,23,414
02/08/2022,0,885
02/08/2022,1,435
02/08/2022,2,169
02/08/2022,3,131
02/08/2022,4,165
02/08/2022,5,807
02/08/2022,6,1817
02/08/2022,7,3457
02/08/2022,8,7236
02/08/2022,9,4910
02/08/2022,10,3214
02/08/2022,11,4011
02/08/2022,12,4333
02/08/2022,13,3423
02/08/2022,14,1661
02/08/2022,15,597
02/08/2022,16,1448
02/08/2022,17,2180
02/08/2022,18,2930
02/08/2022,19,4616
02/08/2022,20,4734
02/08/2022,21,3093
02/08/2022,22,962
02/08/2022,23,315
02/08/2023,0,3305
02/08/2023,1,2156
02/08/2023,2,1405
02/08/2023,3,989
02/08/2023,4,886
02/08/2023,5,1900
02/08/2023,6,4262
02/08/2023,7,8580
02/08/2023,8,12754
02/08/2023,9,6432
02/08/2023,10,4306
02/08/2023,11,4929
02/08/2023,12,5307
02/08/2023,13,4602
02/08/2023,14,4449
02/08/2023,15,4711
02/08/2023,16,6275
02/08/2023,17,11209
02/08/2023,18,16949
02/08/2023,19,12223
02/08/2023,20,11262
02/08/2023,21,10414
02/08/2023,22,8767
02/08/2023,23,5311
02/08/2024,0,3049
02/08/2024,1,2137
02/08/2024,2,1348
02/08/2024,3,877
02/08/2024,4,818
02/08/2024,5,1899
02/08/2024,6,4078
02/08/2024,7,7963
02/08/2024,8,12341
02/08/2024,9,6036
02/08/2024,10,3879
02/08/2024,11,4795
02/08/2024,12,5425
02/08/2024,13,4923
02/08/2024,14,4643
02/08/2024,15,5085
02/08/2024,16,6730
02/08/2024,17,11154
02/08/2024,18,14681
02/08/2024,19,10379
02/08/2024,20,8403
02/08/2024,21,7934
02/08/2024,22,7036
02/08/2024,23,4540
02/09/2022,0,3909
02/09/2022,1,2625
02/09/2022,2,1595
02/09/2022,3,1032
02/09/2022,4,828
02/09/2022,5,1628
02/09/2022,6,3854
02/09/2022,7,10103
02/09/2022,8,14558
02/09/2022,9,7322
02/09/2022,10,5182
02/09/2022,11,6214
02/09/2022,12,6702
02/09/2022,13,6459
02/09/2022,14,6731
02/09/2022,15,8039
02/09/2022,16,10307
02/09/2022,17,15275
02/09/2022,18,20844
02/09/2022,19,14376
02/09/2022,20,12150
02/09/2022,21,11283
02/09/2022,22,10134
02/09/2022,23,6865
02/09/2023,0,4948
02/09/2023,1,3461
02/09/2023,2,2361
02/09/2023,3,1616
02/09/2023,4,1172
02/09/2023,5,1394
02/09/2023,6,2343
02/09/2023,7,3533
02/09/2023,8,5745
02/09/2023,9,6943
02/09/2023,10,7155
02/09/2023,11,7857
02/09/2023,12,8334
02/09/2023,13,8362
02/09/2023,14,8241
02/09/2023,15,8880
02/09/2023,16,10368
02/09/2023,17,12188
02/09/2023,18,13096
02/09/2023,19,12365
02/09/2023,20,11443
02/09/2023,21,10606
02/09/2023,22,8810
02/09/2023,23,6146
02/09/2024,0,2644
02/09/2024,1,1504
02/09/2024,2,999
02/09/2024,3,788
02/09/2024,4,599
02/09/2024,5,507
02/09/2024,6,2174
02/09/2024,7,8501
02/09/2024,8,12250
02/09/2024,9,4600
02/09/2024,10,2938
02/09/2024,11,4212
02/09/2024,12,4850
02/09/2024,13,5072
02/09/2024,14,5323
02/09/2024,15,6830
02/09/2024,16,9167
02/09/2024,17,14008
02/09/2024,18,19234
02/09/2024,19,13006
02/09/2024,20,11370
02/09/2024,21,10196
02/09/2024,22,8379
02/09/2024,23,4643
02/10/2022,0,5215
02/10/2022,1,3433
02/10/2022,2,2300
02/10/2022,3,1485
02/10/2022,4,1030
02/10/2022,5,885
02/10/2022,6,723
02/10/2022,7,1118
02/10/2022,8,2041
02/10/2022,9,3903
02/10/2022,10,5206
02/10/2022,11,6117
02/10/2022,12,6977
02/10/2022,13,7092
02/10/2022,14,7463
02/10/2022,15,7045
02/10/2022,16,7633
02/10/2022,17,1704
02/10/2022,18,260
02/10/2022,19,441
02/10/2022,20,808
02/10/2022,21,711
02/10/2022,22,571
02/10/2022,23,355
02/10/2023,0,4193
02/10/2023,1,2823
02/10/2023,2,1863
02/10/2023,3,1078
02/10/2023,4,877
02/10/2023,5,1027
02/10/2023,6,1642
02/10/2023,7,2703
02/10/2023,8,3960
02/10/2023,9,5077
02/10/2023,10,6155
02/10/2023,11,7385
02/10/2023,12,8670
02/10/2023,13,9931
02/10/2023,14,11352
02/10/2023,15,12696
02/10/2023,16,14383
02/10/2023,17,15296
02/10/2023,18,14285
02/10/2023,19,11512
02/10/2023,20,10441
02/10/2023,21,9568
02/10/2023,22,8271
02/10/2023,23,5847
02/10/2024,0,2838
02/10/2024,1,1619
02/10/2024,2,1096
02/10/2024,3,745
02/10/2024,4,749
02/10/2024,5,1936
02/10/2024,6,4426
02/10/2024,7,11367
02/10/2024,8,15108
02/10/2024,9,7725
02/10/2024,10,5691
02/10/2024,11,6472
02/10/2024,12,6828
02/10/2024,13,6835
02/10/2024,14,7087
02/10/2024,15,8525
02/10/2024,16,10516
02/10/2024,17,15035
02/10/2024,18,18972
02/10/2024,19,12190
02/10/2024,20,9921
02/10/2024,21,8841
02/10/2024,22,7567
02/10/2024,23,4750
02/11/2022,0,2862
02/11/2022,1,1865
02/11/2022,2,1091
02/11/2022,3,684
02/11/2022,4,611
02/11/2022,5,1394
02/11/2022,6,3213
02/11/2022,7,9701
02/11/2022,8,15450
02/11/2022,9,7499
02/11/2022,10,5090
02/11/2022,11,6058
02/11/2022,12,6713
02/11/2022,13,6607
02/11/2022,14,6477
02/11/2022,15,7463
02/11/2022,16,9789
02/11/2022,17,13360
02/11/2022,18,17345
02/11/2022,19,10726
02/11/2022,20,8750
02/11/2022,21,7733
02/11/2022,22,6651
02/11/2022,23,4007
02/11/2023,0,3537
02/11/2023,1,2322
02/11/2023,2,1424
02/11/2023,3,1019
02/11/2023,4,871
02/11/2023,5,1887
02/11/2023,6,4517
02/11/2023,7,12439
02/11/2023,8,18255
02/11/2023,9,8914
02/11/2023,10,6292
02/11/2023,11,7437
02/11/2023,12,7835
02/11/2023,13,7679
02/11/2023,14,7696
02/11/2023,15,8833
02/11/2023,16,12576
02/11/2023,17,17135
02/11/2023,18,21486
02/11/2023,19,14115
02/11/2023,20,11571
02/11/2023,21,10448
02/11/2023,22,8909
02/11/2023,23,5394
02/11/2024,0,3549
02/11/2024,1,2693
02/11/2024,2,1776
02/11/2024,3,1227
02/11/2024,4,935
02/11/2024,5,1121
02/11/2024,6,1717
02/11/2024,7,2968
02/11/2024,8,5169
02/11/2024,9,6406
02/11/2024,10,6895
02/11/2024,11,7628
02/11/2024,12,8868
02/11/2024,13,9371
02/11/2024,14,9897
02/11/2024,15,10668
02/11/2024,16,11416
02/11/2024,17,11589
02/11/2024,18,9818
02/11/2024,19,8156
02/11/2024,20,7483
02/11/2024,21,7019
02/11/2024,22,6055
02/11/2024,23,3949
02/12/2022,0,1380
02/12/2022,1,1062
02/12/2022,2,744
02/12/2022,3,429
02/12/2022,4,352
02/12/2022,5,797
02/12/2022,6,1782
02/12/2022,7,4621
02/12/2022,8,8543
02/12/2022,9,4182
02/12/2022,10,2775
02/12/2022,11,3216
02/12/2022,12,3584
02/12/2022,13,3457
02/12/2022,14,3656
02/12/2022,15,4369
02/12/2022,16,5229
02/12/2022,17,6778
02/12/2022,18,8533
02/12/2022,19,5206
02/12/2022,20,3866
02/12/2022,21,3628
02/12/2022,22,3361
02/12/2022,23,2517
02/12/2023,0,2023
02/12/2023,1,1610
02/12/2023,2,1107
02/12/2023,3,847
02/12/2023,4,580
02/12/2023,5,666
02/12/2023,6,952
02/12/2023,7,1498
02/12/2023,8,2791
02/12/2023,9,3665
02/12/2023,10,3919
02/12/2023,11,4209
02/12/2023,12,4702
02/12/2023,13,4946
02/12/2023,14,5021
02/12/2023,15,5108
02/12/2023,16,5466
02/12/2023,17,5204
02/12/2023,18,4490
02/12/2023,19,3605
02/12/2023,20,3120
02/12/2023,21,2623
02/12/2023,22,2541
02/12/2023,23,2112
02/12/2024,0,1058
02/12/2024,1,693
02/12/2024,2,537
02/12/2024,3,456
02/12/2024,4,477
02/12/2024,5,1057
02/12/2024,6,2325
02/12/2024,7,6084
02/12/2024,8,9646
02/12/2024,9,4870
02/12/2024,10,3356
02/12/2024,11,3971
02/12/2024,12,4203
02/12/2024,13,4046
02/12/2024,14,4253
02/12/2024,15,5365
02/12/2024,16,6289
02/12/2024,17,8928
02/12/2024,18,11407
02/12/2024,19,6835
02/12/2024,20,4909
02/12/2024,21,4304
02/12/2024,22,3334
02/12/2024,23,1994
03/01/2022,0,487
03/01/2022,1,351
03/01/2022,2,215
03/01/2022,3,174
03/01/2022,4,204
03/01/2022,5,501
03/01/2022,6,982
03/01/2022,7,2514
03/01/2022,8,5025
03/01/2022,9,2464
03/01/2022,10,1803
03/01/2022,11,2105
03/01/2022,12,2398
03/01/2022,13,2522
03/01/2022,14,2621
03/01/2022,15,2919
03/01/2022,16,3327
03/01/2022,17,4513
03/01/2022,18,6613
03/01/2022,19,4075
03/01/2022,20,2527
03/01/2022,21,2654
03/01/2022,22,1681
03/01/2022,23,894
03/01/2023,0,961
03/01/2023,1,781
03/01/2023,2,501
03/01/2023,3,348
03/01/2023,4,296
03/01/2023,5,725
03/01/2023,6,1476
03/01/2023,7,3241
03/01/2023,8,6410
03/01/2023,9,3125
03/01/2023,10,2050
03/01/2023,11,2265
03/01/2023,12,2606
03/01/2023,13,2574
03/01/2023,14,2588
03/01/2023,15,2715
03/01/2023,16,3351
03/01/2023,17,4839
03/01/2023,18,6610
03/01/2023,19,4160
03/01/2023,20,3117
03/01/2023,21,2751
03/01/2023,22,2359
03/01/2023,23,1403
03/01/2024,0,1531
03/01/2024,1,1119
03/01/2024,2,727
03/01/2024,3,560
03/01/2024,4,559
03/01/2024,5,1137
03/01/2024,6,2606
03/01/2024,7,5359
03/01/2024,8,6669
03/01/2024,9,1725
03/01/2024,10,1825
03/01/2024,11,2552
03/01/2024,12,2611
03/01/2024,13,2228
03/01/2024,14,1606
03/01/2024,15,2527
03/01/2024,16,3660
03/01/2024,17,6274
03/01/2024,18,8557
03/01/2024,19,5264
03/01/2024,20,4065
03/01/2024,21,3733
03/01/2024,22,3048
03/01/2024,23,1865
03/02/2022,0,501
03/02/2022,1,334
03/02/2022,2,189
03/02/2022,3,152
03/02/2022,4,154
03/02/2022,5,397
03/02/2022,6,805
03/02/2022,7,2093
03/02/2022,8,4253
03/02/2022,9,2320
03/02/2022,10,1807
03/02/2022,11,2117
03/02/2022,12,2419
03/02/2022,13,2462
03/02/2022,14,2598
03/02/2022,15,2624
03/02/2022,16,2943
03/02/2022,17,3722
03/02/2022,18,4987
03/02/2022,19,3103
03/02/2022,20,2352
03/02/2022,21,2340
03/02/2022,22,1367
03/02/2022,23,798
03/02/2023,0,1396
03/02/2023,1,1177
03/02/2023,2,703
03/02/2023,3,483
03/02/2023,4,375
03/02/2023,5,775
03/02/2023,6,1596
03/02/2023,7,3841
03/02/2023,8,7377
03/02/2023,9,3604
03/02/2023,10,2531
03/02/2023,11,2934
03/02/2023,12,3230
03/02/2023,13,3152
03/02/2023,14,3321
03/02/2023,15,3577
03/02/2023,16,4213
03/02/2023,17,6088
03/02/2023,18,7464
03/02/2023,19,4367
03/02/2023,20,3172
03/02/2023,21,2855
03/02/2023,22,2596
03/02/2023,23,1866
03/02/2024,0,2062
03/02/2024,1,1239
03/02/2024,2,779
03/02/2024,3,1546
03/02/2024,4,767
03/02/2024,5,698
03/02/2024,6,929
03/02/2024,7,1416
03/02/2024,8,2587
03/02/2024,9,3324
03/02/2024,10,3671
03/02/2024,11,3839
03/02/2024,12,4390
03/02/2024,13,4956
03/02/2024,14,5065
03/02/2024,15,5090
03/02/2024,16,5112
03/02/2024,17,4883
03/02/2024,18,4309
03/02/2024,19,3333
03/02/2024,20,2470
03/02/2024,21,1638
03/02/2024,22,1914
03/02/2024,23,1678
03/03/2022,0,1000
03/03/2022,1,599
03/03/2022,2,407
03/03/2022,3,255
03/03/2022,4,296
03/03/2022,5,558
03/03/2022,6,1289
03/03/2022,7,3720
03/03/2022,8,6523
03/03/2022,9,3434
03/03/2022,10,2671
03/03/2022,11,3216
03/03/2022,12,3670
03/03/2022,13,3692
03/03/2022,14,3898
03/03/2022,15,4194
03/03/2022,16,4992
03/03/2022,17,6575
03/03/2022,18,8743
03/03/2022,19,5431
03/03/2022,20,4101
03/03/2022,21,3774
03/03/2022,22,3198
03/03/2022,23,1459
03/03/2023,0,1712
03/03/2023,1,1280
03/03/2023,2,821
03/03/2023,3,556
03/03/2023,4,477
03/03/2023,5,954
03/03/2023,6,2235
03/03/2023,7,6179
03/03/2023,8,9699
03/03/2023,9,4892
03/03/2023,10,3505
03/03/2023,11,4196
03/03/2023,12,4598
03/03/2023,13,4534
03/03/2023,14,4684
03/03/2023,15,5537
03/03/2023,16,6835
03/03/2023,17,8871
03/03/2023,18,11333
03/03/2023,19,6864
03/03/2023,20,5361
03/03/2023,21,4868
03/03/2023,22,4271
03/03/2023,23,2952
03/03/2024,0,1632
03/03/2024,1,1098
03/03/2024,2,858
03/03/2024,3,592
03/03/2024,4,403
03/03/2024,5,394
03/03/2024,6,612
03/03/2024,7,1020
03/03/2024,8,1772
03/03/2024,9,2563
03/03/2024,10,3161
03/03/2024,11,3474
03/03/2024,12,4261
03/03/2024,13,4667
03/03/2024,14,4995
03/03/2024,15,5404
03/03/2024,16,5332
03/03/2024,17,5225
03/03/2024,18,4604
03/03/2024,19,3542
03/03/2024,20,3097
03/03/2024,21,2948
03/03/2024,22,2204
03/03/2024,23,1515
03/04/2022,0,2188
03/04/2022,1,1135
03/04/2022,2,680
03/04/2022,3,395
03/04/2022,4,288
03/04/2022,5,325
03/04/2022,6,572
03/04/2022,7,1098
03/04/2022,8,2040
03/04/2022,9,3026
03/04/2022,10,4113
03/04/2022,11,5312
03/04/2022,12,7185
03/04/2022,13,9140
03/04/2022,14,10662
03/04/2022,15,11809
03/04/2022,16,11875
03/04/2022,17,10762
03/04/2022,18,8303
03/04/2022,19,5768
03/04/2022,20,4779
03/04/2022,21,4109
03/04/2022,22,3295
03/04/2022,23,2480
03/04/2023,0,3041
03/04/2023,1,1635
03/04/2023,2,957
03/04/2023,3,630
03/04/2023,4,628
03/04/2023,5,1490
03/04/2023,6,3545
03/04/2023,7,9915
03/04/2023,8,14332
03/04/2023,9,7197
03/04/2023,10,5229
03/04/2023,11,6230
03/04/2023,12,6972
03/04/2023,13,6826
03/04/2023,14,6785
03/04/2023,15,8191
03/04/2023,16,10740
03/04/2023,17,15631
03/04/2023,18,21634
03/04/2023,19,14148
03/04/2023,20,11898
03/04/2023,21,10326
03/04/2023,22,8503
03/04/2023,23,4792
03/04/2024,0,2863
03/04/2024,1,1856
03/04/2024,2,1114
03/04/2024,3,818
03/04/2024,4,680
03/04/2024,5,1527
03/04/2024,6,3968
03/04/2024,7,10470
03/04/2024,8,13895
03/04/2024,9,6304
03/04/2024,10,3979
03/04/2024,11,3718
03/04/2024,12,4516
03/04/2024,13,4791
03/04/2024,14,5272
03/04/2024,15,6734
03/04/2024,16,8697
03/04/2024,17,12853
03/04/2024,18,18243
03/04/2024,19,11029
03/04/2024,20,9486
03/04/2024,21,8603
03/04/2024,22,7076
03/04/2024,23,4013
03/05/2022,0,2984
03/05/2022,1,1780
03/05/2022,2,1163
03/05/2022,3,690
03/05/2022,4,562
03/05/2022,5,1329
03/05/2022,6,3186
03/05/2022,7,8624
03/05/2022,8,13899
03/05/2022,9,7405
03/05/2022,10,5224
03/05/2022,11,6078
03/05/2022,12,6673
03/05/2022,13,6299
03/05/2022,14,6429
03/05/2022,15,7074
03/05/2022,16,9129
03/05/2022,17,13427
03/05/2022,18,18753
03/05/2022,19,11864
03/05/2022,20,9506
03/05/2022,21,8420
03/05/2022,22,6938
03/05/2022,23,4183
03/05/2023,0,3127
03/05/2023,1,2089
03/05/2023,2,1383
03/05/2023,3,831
03/05/2023,4,743
03/05/2023,5,1647
03/05/2023,6,4138
03/05/2023,7,11330
03/05/2023,8,16673
03/05/2023,9,8698
03/05/2023,10,6187
03/05/2023,11,7169
03/05/2023,12,7754
03/05/2023,13,7261
03/05/2023,14,7160
03/05/2023,15,8165
03/05/2023,16,10420
03/05/2023,17,15515
03/05/2023,18,21547
03/05/2023,19,13964
03/05/2023,20,11600
03/05/2023,21,10523
03/05/2023,22,8631
03/05/2023,23,5144
03/05/2024,0,3252
03/05/2024,1,2252
03/05/2024,2,1385
03/05/2024,3,952
03/05/2024,4,809
03/05/2024,5,1831
03/05/2024,6,4585
03/05/2024,7,11323
03/05/2024,8,15645
03/05/2024,9,8418
03/05/2024,10,6172
03/05/2024,11,7242
03/05/2024,12,7858
03/05/2024,13,7320
03/05/2024,14,7641
03/05/2024,15,8906
03/05/2024,16,10734
03/05/2024,17,15806
03/05/2024,18,20131
03/05/2024,19,13458
03/05/2024,20,10767
03/05/2024,21,9888
03/05/2024,22,8620
03/05/2024,23,5602
03/06/2022,0,4336
03/06/2022,1,2663
03/06/2022,2,1659
03/06/2022,3,1045
03/06/2022,4,959
03/06/2022,5,1579
03/06/2022,6,3687
03/06/2022,7,9952
03/06/2022,8,14368
03/06/2022,9,7169
03/06/2022,10,5251
03/06/2022,11,6055
03/06/2022,12,6538
03/06/2022,13,6244
03/06/2022,14,6361
03/06/2022,15,7769
03/06/2022,16,9653
03/06/2022,17,14459
03/06/2022,18,18946
03/06/2022,19,13151
03/06/2022,20,11448
03/06/2022,21,10784
03/06/2022,22,9963
03/06/2022,23,6710
03/06/2023,0,5049
03/06/2023,1,3571
03/06/2023,2,2417
03/06/2023,3,1569
03/06/2023,4,1098
03/06/2023,5,1341
03/06/2023,6,2032
03/06/2023,7,3261
03/06/2023,8,5582
03/06/2023,9,6628
03/06/2023,10,7135
03/06/2023,11,8014
03/06/2023,12,8712
03/06/2023,13,9129
03/06/2023,14,9505
03/06/2023,15,9974
03/06/2023,16,11171
03/06/2023,17,12502
03/06/2023,18,12810
03/06/2023,19,12039
03/06/2023,20,11454
03/06/2023,21,10481
03/06/2023,22,9109
03/06/2023,23,6182
03/06/2024,0,2853
03/06/2024,1,1623
03/06/2024,2,1102
03/06/2024,3,792
03/06/2024,4,806
03/06/2024,5,2146
03/06/2024,6,5137
03/06/2024,7,12513
03/06/2024,8,15755
03/06/2024,9,7674
03/06/2024,10,5230
03/06/2024,11,6051
03/06/2024,12,6538
03/06/2024,13,5971
03/06/2024,14,5932
03/06/2024,15,7732
03/06/2024,16,10325
03/06/2024,17,16231
03/06/2024,18,22302
03/06/2024,19,14871
03/06/2024,20,12203
03/06/2024,21,10662
03/06/2024,22,8265
03/06/2024,23,4608
03/07/2022,0,5254
03/07/2022,1,3546
03/07/2022,2,2447
03/07/2022,3,1418
03/07/2022,4,1058
03/07/2022,5,1043
03/07/2022,6,1535
03/07/2022,7,2087
03/07/2022,8,2987
03/07/2022,9,3594
03/07/2022,10,4061
03/07/2022,11,4388
03/07/2022,12,4903
03/07/2022,13,4962
03/07/2022,14,5161
03/07/2022,15,5652
03/07/2022,16,6426
03/07/2022,17,7462
03/07/2022,18,8323
03/07/2022,19,8981
03/07/2022,20,9370
03/07/2022,21,8565
03/07/2022,22,6670
03/07/2022,23,4584
03/07/2023,0,3138
03/07/2023,1,1917
03/07/2023,2,1189
03/07/2023,3,930
03/07/2023,4,853
03/07/2023,5,2097
03/07/2023,6,4804
03/07/2023,7,11068
03/07/2023,8,14515
03/07/2023,9,7557
03/07/2023,10,5253
03/07/2023,11,5687
03/07/2023,12,5877
03/07/2023,13,5299
03/07/2023,14,4978
03/07/2023,15,5706
03/07/2023,16,7279
03/07/2023,17,12803
03/07/2023,18,19402
03/07/2023,19,13812
03/07/2023,20,12047
03/07/2023,21,10898
03/07/2023,22,8770
03/07/2023,23,5147
03/07/2024,0,495
03/07/2024,1,820
03/07/2024,2,659
03/07/2024,3,614
03/07/2024,4,677
03/07/2024,5,1753
03/07/2024,6,4109
03/07/2024,7,9030
03/07/2024,8,13319
03/07/2024,9,7578
03/07/2024,10,5506
03/07/2024,11,6152
03/07/2024,12,6671
03/07/2024,13,6422
03/07/2024,14,6205
03/07/2024,15,7075
03/07/2024,16,8987
03/07/2024,17,14080
03/07/2024,18,18924
03/07/2024,19,12632
03/07/2024,20,10679
03/07/2024,21,9939
03/07/2024,22,7854
03/07/2024,23,4737
03/08/2022,0,343
03/08/2022,1,478
03/08/2022,2,350
03/08/2022,3,211
03/08/2022,4,63
03/08/2022,5,95
03/08/2022,6,166
03/08/2022,7,343
03/08/2022,8,1741
03/08/2022,9,1939
03/08/2022,10,2289
03/08/2022,11,3520
03/08/2022,12,4732
03/08/2022,13,4848
03/08/2022,14,4816
03/08/2022,15,5404
03/08/2022,16,6539
03/08/2022,17,10102
03/08/2022,18,14784
03/08/2022,19,9795
03/08/2022,20,8954
03/08/2022,21,8530
03/08/2022,22,7568
03/08/2022,23,4540
03/08/2023,0,3711
03/08/2023,1,2387
03/08/2023,2,1515
03/08/2023,3,1057
03/08/2023,4,938
03/08/2023,5,2004
03/08/2023,6,4385
03/08/2023,7,8732
03/08/2023,8,12715
03/08/2023,9,6304
03/08/2023,10,4395
03/08/2023,11,5003
03/08/2023,12,5084
03/08/2023,13,4559
03/08/2023,14,4316
03/08/2023,15,4851
03/08/2023,16,6224
03/08/2023,17,10979
03/08/2023,18,16168
03/08/2023,19,12205
03/08/2023,20,10890
03/08/2023,21,10059
03/08/2023,22,8543
03/08/2023,23,5221
03/08/2024,0,3532
03/08/2024,1,2542
03/08/2024,2,1672
03/08/2024,3,1103
03/08/2024,4,884
03/08/2024,5,1220
03/08/2024,6,1941
03/08/2024,7,2678
03/08/2024,8,4405
03/08/2024,9,4968
03/08/2024,10,4910
03/08/2024,11,4905
03/08/2024,12,5280
03/08/2024,13,5164
03/08/2024,14,4820
03/08/2024,15,4930
03/08/2024,16,5462
03/08/2024,17,6339
03/08/2024,18,6803
03/08/2024,19,7275
03/08/2024,20,6657
03/08/2024,21,6743
03/08/2024,22,6602
03/08/2024,23,4387
03/09/2022,0,5410
03/09/2022,1,3969
03/09/2022,2,2562
03/09/2022,3,1638
03/09/2022,4,1100
03/09/2022,5,1213
03/09/2022,6,1947
03/09/2022,7,3229
03/09/2022,8,5241
03/09/2022,9,6576
03/09/2022,10,7292
03/09/2022,11,7981
03/09/2022,12,8823
03/09/2022,13,9271
03/09/2022,14,9666
03/09/2022,15,10972
03/09/2022,16,12266
03/09/2022,17,12772
03/09/2022,18,12405
03/09/2022,19,11175
03/09/2022,20,10296
03/09/2022,21,10030
03/09/2022,22,8635
03/09/2022,23,6245
03/09/2023,0,4781
03/09/2023,1,3195
03/09/2023,2,2215
03/09/2023,3,1228
03/09/2023,4,662
03/09/2023,5,808
03/09/2023,6,1484
03/09/2023,7,1439
03/09/2023,8,1952
03/09/2023,9,2997
03/09/2023,10,4767
03/09/2023,11,5739
03/09/2023,12,7023
03/09/2023,13,7609
03/09/2023,14,8262
03/09/2023,15,9342
03/09/2023,16,10424
03/09/2023,17,11179
03/09/2023,18,11554
03/09/2023,19,10568
03/09/2023,20,9630
03/09/2023,21,8671
03/09/2023,22,6519
03/09/2023,23,4288
03/09/2024,0,3052
03/09/2024,1,1988
03/09/2024,2,1256
03/09/2024,3,902
03/09/2024,4,879
03/09/2024,5,2206
03/09/2024,6,5242
03/09/2024,7,12554
03/09/2024,8,16178
03/09/2024,9,7596
03/09/2024,10,5045
03/09/2024,11,5590
03/09/2024,12,5783
03/09/2024,13,5316
03/09/2024,14,5214
03/09/2024,15,6045
03/09/2024,16,9683
03/09/2024,17,14697
03/09/2024,18,20420
03/09/2024,19,13765
03/09/2024,20,11804
03/09/2024,21,10730
03/09/2024,22,8433
03/09/2024,23,4527
03/10/2022,0,543
03/10/2022,1,557
03/10/2022,2,313
03/10/2022,3,125
03/10/2022,4,112
03/10/2022,5,101
03/10/2022,6,95
03/10/2022,7,101
03/10/2022,8,155
03/10/2022,9,207
03/10/2022,10,179
03/10/2022,11,170
03/10/2022,12,185
03/10/2022,13,312
03/10/2022,14,268
03/10/2022,15,804
03/10/2022,16,2231
03/10/2022,17,2110
03/10/2022,18,1281
03/10/2022,19,320
03/10/2022,20,151
03/10/2022,21,126
03/10/2022,22,257
03/10/2022,23,109
03/10/2023,0,4684
03/10/2023,1,2932
03/10/2023,2,1862
03/10/2023,3,1320
03/10/2023,4,1017
03/10/2023,5,1072
03/10/2023,6,1612
03/10/2023,7,2514
03/10/2023,8,3856
03/10/2023,9,5206
03/10/2023,10,6183
03/10/2023,11,7490
03/10/2023,12,8677
03/10/2023,13,9891
03/10/2023,14,11201
03/10/2023,15,13001
03/10/2023,16,14474
03/10/2023,17,15137
03/10/2023,18,14041
03/10/2023,19,11157
03/10/2023,20,9848
03/10/2023,21,8667
03/10/2023,22,6804
03/10/2023,23,4410
03/10/2024,0,3689
03/10/2024,1,2669
03/10/2024,2,1708
03/10/2024,3,1208
03/10/2024,4,927
03/10/2024,5,1152
03/10/2024,6,1830
03/10/2024,7,2740
03/10/2024,8,4057
03/10/2024,9,5475
03/10/2024,10,6488
03/10/2024,11,7633
03/10/2024,12,8879
03/10/2024,13,10274
03/10/2024,14,11222
03/10/2024,15,12002
03/10/2024,16,12538
03/10/2024,17,12777
03/10/2024,18,11293
03/10/2024,19,9312
03/10/2024,20,8487
03/10/2024,21,7527
03/10/2024,22,6078
03/10/2024,23,4039
03/11/2022,0,2853
03/11/2022,1,1817
03/11/2022,2,1181
03/11/2022,3,748
03/11/2022,4,620
03/11/2022,5,1409
03/11/2022,6,3190
03/11/2022,7,9542
03/11/2022,8,15323
03/11/2022,9,7387
03/11/2022,10,5060
03/11/2022,11,5722
03/11/2022,12,6150
03/11/2022,13,5796
03/11/2022,14,5535
03/11/2022,15,5836
03/11/2022,16,8413
03/11/2022,17,11711
03/11/2022,18,15586
03/11/2022,19,9651
03/11/2022,20,7673
03/11/2022,21,6651
03/11/2022,22,5493
03/11/2022,23,3323
03/11/2023,0,3714
03/11/2023,1,2444
03/11/2023,2,1536
03/11/2023,3,1110
03/11/2023,4,928
03/11/2023,5,1914
03/11/2023,6,4253
03/11/2023,7,11816
03/11/2023,8,17322
03/11/2023,9,8402
03/11/2023,10,6151
03/11/2023,11,7076
03/11/2023,12,7645
03/11/2023,13,5689
03/11/2023,14,6825
03/11/2023,15,8713
03/11/2023,16,10588
03/11/2023,17,10428
03/11/2023,18,11825
03/11/2023,19,6575
03/11/2023,20,6528
03/11/2023,21,6983
03/11/2023,22,7021
03/11/2023,23,4945
03/11/2024,0,3344
03/11/2024,1,2235
03/11/2024,2,1496
03/11/2024,3,1138
03/11/2024,4,1084
03/11/2024,5,1063
03/11/2024,6,1429
03/11/2024,7,2123
03/11/2024,8,3739
03/11/2024,9,5178
03/11/2024,10,6129
03/11/2024,11,6987
03/11/2024,12,8177
03/11/2024,13,8915
03/11/2024,14,9856
03/11/2024,15,10823
03/11/2024,16,11732
03/11/2024,17,11048
03/11/2024,18,8987
03/11/2024,19,7472
03/11/2024,20,6556
03/11/2024,21,5541
03/11/2024,22,4569
03/11/2024,23,2988
03/12/2022,0,1372
03/12/2022,1,783
03/12/2022,2,2874
03/12/2022,3,1463
03/12/2022,4,623
03/12/2022,5,524
03/12/2022,6,522
03/12/2022,7,480
03/12/2022,8,1019
03/12/2022,9,1585
03/12/2022,10,1848
03/12/2022,11,2659
03/12/2022,12,3497
03/12/2022,13,4260
03/12/2022,14,4203
03/12/2022,15,4461
03/12/2022,16,4694
03/12/2022,17,4526
03/12/2022,18,3861
03/12/2022,19,3144
03/12/2022,20,2731
03/12/2022,21,2594
03/12/2022,22,2369
03/12/2022,23,1823
03/12/2023,0,2036
03/12/2023,1,1402
03/12/2023,2,1035
03/12/2023,3,725
03/12/2023,4,498
03/12/2023,5,479
03/12/2023,6,603
03/12/2023,7,1124
03/12/2023,8,1821
03/12/2023,9,2570
03/12/2023,10,2952
03/12/2023,11,3454
03/12/2023,12,4093
03/12/2023,13,4613
03/12/2023,14,4634
03/12/2023,15,4866
03/12/2023,16,5092
03/12/2023,17,4919
03/12/2023,18,4057
03/12/2023,19,3196
03/12/2023,20,3043
03/12/2023,21,2885
03/12/2023,22,2339
03/12/2023,23,1735
03/12/2024,0,1562
03/12/2024,1,1101
03/12/2024,2,705
03/12/2024,3,532
03/12/2024,4,508
03/12/2024,5,1139
03/12/2024,6,2447
03/12/2024,7,6557
03/12/2024,8,10335
03/12/2024,9,4828
03/12/2024,10,3089
03/12/2024,11,3477
03/12/2024,12,3675
03/12/2024,13,3461
03/12/2024,14,3501
03/12/2024,15,4030
03/12/2024,16,5876
03/12/2024,17,7730
03/12/2024,18,9846
03/12/2024,19,5853
03/12/2024,20,4622
03/12/2024,21,4198
03/12/2024,22,3481
03/12/2024,23,2166
04/01/2022,0,652
04/01/2022,1,503
04/01/2022,2,336
04/01/2022,3,249
04/01/2022,4,260
04/01/2022,5,554
04/01/2022,6,1163
04/01/2022,7,2840
04/01/2022,8,5773
04/01/2022,9,2826
04/01/2022,10,1914
04/01/2022,11,2293
04/01/2022,12,2649
04/01/2022,13,2575
04/01/2022,14,2601
04/01/2022,15,2698
04/01/2022,16,3273
04/01/2022,17,4502
04/01/2022,18,6430
04/01/2022,19,3857
04/01/2022,20,2796
04/01/2022,21,2940
04/01/2022,22,1667
04/01/2022,23,990
04/01/2023,0,1242
04/01/2023,1,898
04/01/2023,2,582
04/01/2023,3,349
04/01/2023,4,365
04/01/2023,5,748
04/01/2023,6,1543
04/01/2023,7,3615
04/01/2023,8,7009
04/01/2023,9,3500
04/01/2023,10,2208
04/01/2023,11,2646
04/01/2023,12,2873
04/01/2023,13,2895
04/01/2023,14,2902
04/01/2023,15,3127
04/01/2023,16,3670
04/01/2023,17,5388
04/01/2023,18,7137
04/01/2023,19,4411
04/01/2023,20,3494
04/01/2023,21,3004
04/01/2023,22,2543
04/01/2023,23,1572
04/01/2024,0,1461
04/01/2024,1,1096
04/01/2024,2,702
04/01/2024,3,520
04/01/2024,4,518
04/01/2024,5,1024
04/01/2024,6,2388
04/01/2024,7,5238
04/01/2024,8,8927
04/01/2024,9,4301
04/01/2024,10,2841
04/01/2024,11,3309
04/01/2024,12,3600
04/01/2024,13,3654
04/01/2024,14,3738
04/01/2024,15,4043
04/01/2024,16,4714
04/01/2024,17,7290
04/01/2024,18,9649
04/01/2024,19,6008
04/01/2024,20,4687
04/01/2024,21,4456
04/01/2024,22,3612
04/01/2024,23,2332
04/02/2022,0,548
04/02/2022,1,452
04/02/2022,2,307
04/02/2022,3,209
04/02/2022,4,233
04/02/2022,5,420
04/02/2022,6,948
04/02/2022,7,2314
04/02/2022,8,4664
04/02/2022,9,2404
04/02/2022,10,1866
04/02/2022,11,2150
04/02/2022,12,2347
04/02/2022,13,2386
04/02/2022,14,2504
04/02/2022,15,2482
04/02/2022,16,2814
04/02/2022,17,3540
04/02/2022,18,4687
04/02/2022,19,2772
04/02/2022,20,1805
04/02/2022,21,1997
04/02/2022,22,1212
04/02/2022,23,719
04/02/2023,0,1598
04/02/2023,1,1384
04/02/2023,2,1004
04/02/2023,3,678
04/02/2023,4,433
04/02/2023,5,510
04/02/2023,6,666
04/02/2023,7,1105
04/02/2023,8,1973
04/02/2023,9,2671
04/02/2023,10,2917
04/02/2023,11,3282
04/02/2023,12,3769
04/02/2023,13,4030
04/02/2023,14,4149
04/02/2023,15,4433
04/02/2023,16,4438
04/02/2023,17,4170
04/02/2023,18,3637
04/02/2023,19,2681
04/02/2023,20,2368
04/02/2023,21,2355
04/02/2023,22,2021
04/02/2023,23,1667
04/02/2024,0,1688
04/02/2024,1,1263
04/02/2024,2,922
04/02/2024,3,656
04/02/2024,4,484
04/02/2024,5,460
04/02/2024,6,713
04/02/2024,7,1022
04/02/2024,8,1824
04/02/2024,9,2498
04/02/2024,10,3071
04/02/2024,11,3568
04/02/2024,12,4492
04/02/2024,13,5432
04/02/2024,14,5879
04/02/2024,15,6479
04/02/2024,16,6294
04/02/2024,17,5957
04/02/2024,18,4854
04/02/2024,19,3983
04/02/2024,20,3571
04/02/2024,21,3293
04/02/2024,22,2710
04/02/2024,23,1840
04/03/2022,0,1055
04/03/2022,1,663
04/03/2022,2,411
04/03/2022,3,304
04/03/2022,4,358
04/03/2022,5,585
04/03/2022,6,1376
04/03/2022,7,3924
04/03/2022,8,6724
04/03/2022,9,3677
04/03/2022,10,2889
04/03/2022,11,3636
04/03/2022,12,4126
04/03/2022,13,3936
04/03/2022,14,3723
04/03/2022,15,3607
04/03/2022,16,4176
04/03/2022,17,5595
04/03/2022,18,7025
04/03/2022,19,4184
04/03/2022,20,3344
04/03/2022,21,3143
04/03/2022,22,2974
04/03/2022,23,1527
04/03/2023,0,2565
04/03/2023,1,2005
04/03/2023,2,1354
04/03/2023,3,868
04/03/2023,4,591
04/03/2023,5,641
04/03/2023,6,871
04/03/2023,7,1664
04/03/2023,8,3049
04/03/2023,9,3985
04/03/2023,10,4411
04/03/2023,11,5113
04/03/2023,12,6044
04/03/2023,13,6910
04/03/2023,14,7271
04/03/2023,15,7770
04/03/2023,16,8029
04/03/2023,17,7726
04/03/2023,18,6583
04/03/2023,19,4823
04/03/2023,20,4305
04/03/2023,21,4278
04/03/2023,22,3632
04/03/2023,23,2798
04/03/2024,0,1240
04/03/2024,1,769
04/03/2024,2,479
04/03/2024,3,406
04/03/2024,4,447
04/03/2024,5,1074
04/03/2024,6,2544
04/03/2024,7,6415
04/03/2024,8,9446
04/03/2024,9,4946
04/03/2024,10,3617
04/03/2024,11,4024
04/03/2024,12,4593
04/03/2024,13,4492
04/03/2024,14,4591
04/03/2024,15,5146
04/03/2024,16,6349
04/03/2024,17,9539
04/03/2024,18,12625
04/03/2024,19,7766
04/03/2024,20,6003
04/03/2024,21,5108
04/03/2024,22,4138
04/03/2024,23,2363
04/04/2022,0,1534
04/04/2022,1,809
04/04/2022,2,414
04/04/2022,3,284
04/04/2022,4,335
04/04/2022,5,825
04/04/2022,6,2092
04/04/2022,7,5969
04/04/2022,8,9373
04/04/2022,9,4926
04/04/2022,10,3627
04/04/2022,11,4573
04/04/2022,12,5365
04/04/2022,13,5194
04/04/2022,14,5216
04/04/2022,15,6149
04/04/2022,16,7508
04/04/2022,17,10420
04/04/2022,18,14504
04/04/2022,19,8537
04/04/2022,20,6644
04/04/2022,21,5933
04/04/2022,22,4658
04/04/2022,23,2749
04/04/2023,0,3260
04/04/2023,1,2114
04/04/2023,2,1270
04/04/2023,3,804
04/04/2023,4,709
04/04/2023,5,1642
04/04/2023,6,3833
04/04/2023,7,10677
04/04/2023,8,15602
04/04/2023,9,7799
04/04/2023,10,5381
04/04/2023,11,6378
04/04/2023,12,6854
04/04/2023,13,6567
04/04/2023,14,6561
04/04/2023,15,7089
04/04/2023,16,10277
04/04/2023,17,14028
04/04/2023,18,16143
04/04/2023,19,6653
04/04/2023,20,2177
04/04/2023,21,647
04/04/2023,22,245
04/04/2023,23,151
04/04/2024,0,2876
04/04/2024,1,1871
04/04/2024,2,1164
04/04/2024,3,898
04/04/2024,4,703
04/04/2024,5,1494
04/04/2024,6,3923
04/04/2024,7,10576
04/04/2024,8,14800
04/04/2024,9,7427
04/04/2024,10,5243
04/04/2024,11,6336
04/04/2024,12,6833
04/04/2024,13,6613
04/04/2024,14,6637
04/04/2024,15,7720
04/04/2024,16,10202
04/04/2024,17,14143
04/04/2024,18,18822
04/04/2024,19,11522
04/04/2024,20,9371
04/04/2024,21,8632
04/04/2024,22,7120
04/04/2024,23,4242
04/05/2022,0,3437
04/05/2022,1,1958
04/05/2022,2,1288
04/05/2022,3,727
04/05/2022,4,586
04/05/2022,5,1302
04/05/2022,6,3130
04/05/2022,7,8526
04/05/2022,8,13797
04/05/2022,9,7308
04/05/2022,10,5280
04/05/2022,11,6084
04/05/2022,12,6895
04/05/2022,13,6680
04/05/2022,14,6658
04/05/2022,15,7345
04/05/2022,16,9377
04/05/2022,17,13729
04/05/2022,18,18952
04/05/2022,19,12526
04/05/2022,20,10163
04/05/2022,21,9334
04/05/2022,22,8321
04/05/2022,23,5940
04/05/2023,0,3481
04/05/2023,1,2421
04/05/2023,2,1607
04/05/2023,3,991
04/05/2023,4,810
04/05/2023,5,1696
04/05/2023,6,3970
04/05/2023,7,10829
04/05/2023,8,16086
04/05/2023,9,8339
04/05/2023,10,6053
04/05/2023,11,7256
04/05/2023,12,7700
04/05/2023,13,7541
04/05/2023,14,7234
04/05/2023,15,8128
04/05/2023,16,10601
04/05/2023,17,14365
04/05/2023,18,18375
04/05/2023,19,11356
04/05/2023,20,9024
04/05/2023,21,8206
04/05/2023,22,7221
04/05/2023,23,4656
04/05/2024,0,4283
04/05/2024,1,3037
04/05/2024,2,2011
04/05/2024,3,1332
04/05/2024,4,1027
04/05/2024,5,1239
04/05/2024,6,1907
04/05/2024,7,3237
04/05/2024,8,5110
04/05/2024,9,6360
04/05/2024,10,6844
04/05/2024,11,7645
04/05/2024,12,8384
04/05/2024,13,8782
04/05/2024,14,8875
04/05/2024,15,9783
04/05/2024,16,10813
04/05/2024,17,11881
04/05/2024,18,11664
04/05/2024,19,10795
04/05/2024,20,9779
04/05/2024,21,9244
04/05/2024,22,7655
04/05/2024,23,5403
04/06/2022,0,5828
04/06/2022,1,3848
04/06/2022,2,2528
04/06/2022,3,1551
04/06/2022,4,1075
04/06/2022,5,1264
04/06/2022,6,1838
04/06/2022,7,2855
04/06/2022,8,4667
04/06/2022,9,5778
04/06/2022,10,6327
04/06/2022,11,6931
04/06/2022,12,7873
04/06/2022,13,8721
04/06/2022,14,8671
04/06/2022,15,9389
04/06/2022,16,10266
04/06/2022,17,10867
04/06/2022,18,11239
04/06/2022,19,10492
04/06/2022,20,10459
04/06/2022,21,10043
04/06/2022,22,8665
04/06/2022,23,6309
04/06/2023,0,5031
04/06/2023,1,3581
04/06/2023,2,2349
04/06/2023,3,1417
04/06/2023,4,907
04/06/2023,5,1002
04/06/2023,6,1509
04/06/2023,7,2334
04/06/2023,8,3737
04/06/2023,9,4968
04/06/2023,10,5668
04/06/2023,11,6273
04/06/2023,12,7693
04/06/2023,13,8784
04/06/2023,14,8875
04/06/2023,15,9630
04/06/2023,16,10539
04/06/2023,17,11908
04/06/2023,18,12538
04/06/2023,19,12184
04/06/2023,20,11560
04/06/2023,21,10089
04/06/2023,22,7488
04/06/2023,23,5312
04/06/2024,0,3220
04/06/2024,1,2004
04/06/2024,2,1331
04/06/2024,3,995
04/06/2024,4,868
04/06/2024,5,2235
04/06/2024,6,5343
04/06/2024,7,13057
04/06/2024,8,16941
04/06/2024,9,9500
04/06/2024,10,5622
04/06/2024,11,6301
04/06/2024,12,6712
04/06/2024,13,6268
04/06/2024,14,6177
04/06/2024,15,6752
04/06/2024,16,10601
04/06/2024,17,16116
04/06/2024,18,21789
04/06/2024,19,14699
04/06/2024,20,12576
04/06/2024,21,11085
04/06/2024,22,8917
04/06/2024,23,5140
04/07/2022,0,3319
04/07/2022,1,1844
04/07/2022,2,1217
04/07/2022,3,784
04/07/2022,4,765
04/07/2022,5,1815
04/07/2022,6,3949
04/07/2022,7,9411
04/07/2022,8,12996
04/07/2022,9,6651
04/07/2022,10,4760
04/07/2022,11,5210
04/07/2022,12,5255
04/07/2022,13,4130
04/07/2022,14,4204
04/07/2022,15,5171
04/07/2022,16,6714
04/07/2022,17,10893
04/07/2022,18,17311
04/07/2022,19,12207
04/07/2022,20,10627
04/07/2022,21,9786
04/07/2022,22,7585
04/07/2022,23,4906
04/07/2023,0,3476
04/07/2023,1,2268
04/07/2023,2,1443
04/07/2023,3,1097
04/07/2023,4,910
04/07/2023,5,2159
04/07/2023,6,4921
04/07/2023,7,11320
04/07/2023,8,15602
04/07/2023,9,7734
04/07/2023,10,5716
04/07/2023,11,6140
04/07/2023,12,6030
04/07/2023,13,4192
04/07/2023,14,662
04/07/2023,15,220
04/07/2023,16,375
04/07/2023,17,1853
04/07/2023,18,1138
04/07/2023,19,206
04/07/2023,20,219
04/07/2023,21,411
04/07/2023,22,701
04/07/2023,23,980
04/07/2024,0,3349
04/07/2024,1,2295
04/07/2024,2,1490
04/07/2024,3,1104
04/07/2024,4,947
04/07/2024,5,2249
04/07/2024,6,5175
04/07/2024,7,11877
04/07/2024,8,15805
04/07/2024,9,8320
04/07/2024,10,5783
04/07/2024,11,6369
04/07/2024,12,6595
04/07/2024,13,5984
04/07/2024,14,5617
04/07/2024,15,6415
04/07/2024,16,8417
04/07/2024,17,13142
04/07/2024,18,17591
04/07/2024,19,10447
04/07/2024,20,8108
04/07/2024,21,7311
04/07/2024,22,2013
04/07/2024,23,1934
04/08/2022,0,3523
04/08/2022,1,2166
04/08/2022,2,1411
04/08/2022,3,973
04/08/2022,4,740
04/08/2022,5,1602
04/08/2022,6,3369
04/08/2022,7,7463
04/08/2022,8,11505
04/08/2022,9,6129
04/08/2022,10,4366
04/08/2022,11,5048
04/08/2022,12,5328
04/08/2022,13,5025
04/08/2022,14,4737
04/08/2022,15,5211
04/08/2022,16,6687
04/08/2022,17,11036
04/08/2022,18,16534
04/08/2022,19,12126
04/08/2022,20,10728
04/08/2022,21,9670
04/08/2022,22,8258
04/08/2022,23,5181
04/08/2023,0,3519
04/08/2023,1,2435
04/08/2023,2,1531
04/08/2023,3,1075
04/08/2023,4,931
04/08/2023,5,1845
04/08/2023,6,4138
04/08/2023,7,8322
04/08/2023,8,12197
04/08/2023,9,6273
04/08/2023,10,4381
04/08/2023,11,4927
04/08/2023,12,5269
04/08/2023,13,4741
04/08/2023,14,4291
04/08/2023,15,4963
04/08/2023,16,6611
04/08/2023,17,11105
04/08/2023,18,15347
04/08/2023,19,11049
04/08/2023,20,9740
04/08/2023,21,9248
04/08/2023,22,8451
04/08/2023,23,5372
04/08/2024,0,3440
04/08/2024,1,2286
04/08/2024,2,1583
04/08/2024,3,1042
04/08/2024,4,746
04/08/2024,5,981
04/08/2024,6,1451
04/08/2024,7,1982
04/08/2024,8,2921
04/08/2024,9,3382
04/08/2024,10,3419
04/08/2024,11,3654
04/08/2024,12,4080
04/08/2024,13,4294
04/08/2024,14,4155
04/08/2024,15,4459
04/08/2024,16,4916
04/08/2024,17,5710
04/08/2024,18,6493
04/08/2024,19,6827
04/08/2024,20,6670
04/08/2024,21,6463
04/08/2024,22,5324
04/08/2024,23,3335
04/09/2022,0,5438
04/09/2022,1,3649
04/09/2022,2,2193
04/09/2022,3,1437
04/09/2022,4,946
04/09/2022,5,657
04/09/2022,6,748
04/09/2022,7,1619
04/09/2022,8,1571
04/09/2022,9,695
04/09/2022,10,958
04/09/2022,11,1879
04/09/2022,12,909
04/09/2022,13,409
04/09/2022,14,1576
04/09/2022,15,3635
04/09/2022,16,4378
04/09/2022,17,3804
04/09/2022,18,1129
04/09/2022,19,350
04/09/2022,20,304
04/09/2022,21,231
04/09/2022,22,173
04/09/2022,23,663
04/09/2023,0,2774
04/09/2023,1,1397
04/09/2023,2,1002
04/09/2023,3,682
04/09/2023,4,375
04/09/2023,5,1223
04/09/2023,6,3842
04/09/2023,7,10477
04/09/2023,8,14749
04/09/2023,9,7285
04/09/2023,10,5297
04/09/2023,11,5959
04/09/2023,12,6370
04/09/2023,13,5869
04/09/2023,14,6070
04/09/2023,15,7239
04/09/2023,16,9628
04/09/2023,17,15043
04/09/2023,18,21393
04/09/2023,19,14428
04/09/2023,20,12522
04/09/2023,21,10829
04/09/2023,22,8555
04/09/2023,23,5030
04/09/2024,0,3103
04/09/2024,1,1996
04/09/2024,2,1243
04/09/2024,3,937
04/09/2024,4,893
04/09/2024,5,2225
04/09/2024,6,5142
04/09/2024,7,12832
04/09/2024,8,16182
04/09/2024,9,7594
04/09/2024,10,4882
04/09/2024,11,5612
04/09/2024,12,5646
04/09/2024,13,5122
04/09/2024,14,4936
04/09/2024,15,5749
04/09/2024,16,9342
04/09/2024,17,14768
04/09/2024,18,20143
04/09/2024,19,13733
04/09/2024,20,11592
04/09/2024,21,10175
04/09/2024,22,8181
04/09/2024,23,4822
04/10/2022,0,169
04/10/2022,1,135
04/10/2022,2,278
04/10/2022,3,257
04/10/2022,4,356
04/10/2022,5,865
04/10/2022,6,1932
04/10/2022,7,6348
04/10/2022,8,11849
04/10/2022,9,6664
04/10/2022,10,4873
04/10/2022,11,5651
04/10/2022,12,6314
04/10/2022,13,6154
04/10/2022,14,5894
04/10/2022,15,6720
04/10/2022,16,9092
04/10/2022,17,12548
04/10/2022,18,17246
04/10/2022,19,12147
04/10/2022,20,9892
04/10/2022,21,8933
04/10/2022,22,7314
04/10/2022,23,4485
04/10/2023,0,3178
04/10/2023,1,1757
04/10/2023,2,1048
04/10/2023,3,748
04/10/2023,4,788
04/10/2023,5,1946
04/10/2023,6,4593
04/10/2023,7,12226
04/10/2023,8,16421
04/10/2023,9,8360
04/10/2023,10,6013
04/10/2023,11,7051
04/10/2023,12,7456
04/10/2023,13,7331
04/10/2023,14,7419
04/10/2023,15,6787
04/10/2023,16,2524
04/10/2023,17,1377
04/10/2023,18,6089
04/10/2023,19,6397
04/10/2023,20,6768
04/10/2023,21,6599
04/10/2023,22,5754
04/10/2023,23,3907
04/10/2024,0,2994
04/10/2024,1,1827
04/10/2024,2,1168
04/10/2024,3,832
04/10/2024,4,896
04/10/2024,5,1770
04/10/2024,6,3792
04/10/2024,7,9512
04/10/2024,8,13289
04/10/2024,9,7645
04/10/2024,10,6090
04/10/2024,11,7475
04/10/2024,12,7890
04/10/2024,13,7719
04/10/2024,14,8083
04/10/2024,15,9421
04/10/2024,16,11177
04/10/2024,17,15666
04/10/2024,18,18907
04/10/2024,19,12564
04/10/2024,20,10478
04/10/2024,21,9502
04/10/2024,22,8063
04/10/2024,23,5200
04/11/2022,0,2377
04/11/2022,1,1568
04/11/2022,2,929
04/11/2022,3,587
04/11/2022,4,534
04/11/2022,5,1165
04/11/2022,6,2682
04/11/2022,7,7803
04/11/2022,8,12790
04/11/2022,9,6124
04/11/2022,10,4221
04/11/2022,11,5141
04/11/2022,12,5592
04/11/2022,13,5409
04/11/2022,14,5623
04/11/2022,15,6690
04/11/2022,16,8062
04/11/2022,17,10807
04/11/2022,18,13059
04/11/2022,19,7702
04/11/2022,20,5618
04/11/2022,21,5153
04/11/2022,22,4864
04/11/2022,23,3201
04/11/2023,0,4137
04/11/2023,1,2979
04/11/2023,2,2098
04/11/2023,3,1415
04/11/2023,4,1100
04/11/2023,5,1261
04/11/2023,6,1887
04/11/2023,7,3198
04/11/2023,8,5577
04/11/2023,9,6951
04/11/2023,10,7438
04/11/2023,11,8221
04/11/2023,12,9503
04/11/2023,13,10220
04/11/2023,14,10473
04/11/2023,15,11439
04/11/2023,16,12075
04/11/2023,17,12348
04/11/2023,18,10824
04/11/2023,19,9241
04/11/2023,20,8351
04/11/2023,21,8196
04/11/2023,22,6889
04/11/2023,23,5198
04/11/2024,0,2247
04/11/2024,1,1201
04/11/2024,2,678
04/11/2024,3,569
04/11/2024,4,672
04/11/2024,5,1649
04/11/2024,6,3733
04/11/2024,7,10695
04/11/2024,8,14755
04/11/2024,9,7116
04/11/2024,10,4925
04/11/2024,11,5642
04/11/2024,12,6151
04/11/2024,13,5865
04/11/2024,14,6038
04/11/2024,15,7453
04/11/2024,16,9556
04/11/2024,17,13669
04/11/2024,18,16913
04/11/2024,19,10148
04/11/2024,20,7805
04/11/2024,21,7001
04/11/2024,22,5563
04/11/2024,23,3190
04/12/2022,0,1678
04/12/2022,1,1117
04/12/2022,2,780
04/12/2022,3,526
04/12/2022,4,324
04/12/2022,5,359
04/12/2022,6,448
04/12/2022,7,808
04/12/2022,8,1346
04/12/2022,9,1927
04/12/2022,10,2251
04/12/2022,11,2511
04/12/2022,12,2899
04/12/2022,13,3229
04/12/2022,14,3171
04/12/2022,15,3303
04/12/2022,16,3364
04/12/2022,17,3162
04/12/2022,18,2799
04/12/2022,19,2150
04/12/2022,20,1891
04/12/2022,21,1921
04/12/2022,22,1691
04/12/2022,23,1218
04/12/2023,0,1377
04/12/2023,1,914
04/12/2023,2,571
04/12/2023,3,429
04/12/2023,4,484
04/12/2023,5,1161
04/12/2023,6,2730
04/12/2023,7,6608
04/12/2023,8,10624
04/12/2023,9,5189
04/12/2023,10,3468
04/12/2023,11,4044
04/12/2023,12,4275
04/12/2023,13,4252
04/12/2023,14,4416
04/12/2023,15,5272
04/12/2023,16,6625
04/12/2023,17,9351
04/12/2023,18,12154
04/12/2023,19,7544
04/12/2023,20,5747
04/12/2023,21,5242
04/12/2023,22,4351
04/12/2023,23,2726
04/12/2024,0,1919
04/12/2024,1,1304
04/12/2024,2,894
04/12/2024,3,573
04/12/2024,4,510
04/12/2024,5,1069
04/12/2024,6,2397
04/12/2024,7,6491
04/12/2024,8,10387
04/12/2024,9,4788
04/12/2024,10,3197
04/12/2024,11,3668
04/12/2024,12,3656
04/12/2024,13,3718
04/12/2024,14,3650
04/12/2024,15,4567
04/12/2024,16,5830
04/12/2024,17,8119
04/12/2024,18,10032
04/12/2024,19,6103
04/12/2024,20,4549
04/12/2024,21,4263
04/12/2024,22,3463
04/12/2024,23,2222
05/01/2022,0,695
05/01/2022,1,519
05/01/2022,2,336
05/01/2022,3,231
05/01/2022,4,247
05/01/2022,5,540
05/01/2022,6,1029
05/01/2022,7,2743
05/01/2022,8,5685
05/01/2022,9,2823
05/01/2022,10,2037
05/01/2022,11,2302
05/01/2022,12,2575
05/01/2022,13,2566
05/01/2022,14,2708
05/01/2022,15,2932
05/01/2022,16,3253
05/01/2022,17,4824
05/01/2022,18,6445
05/01/2022,19,3999
05/01/2022,20,3023
05/01/2022,21,3111
05/01/2022,22,1840
05/01/2022,23,946
05/01/2023,0,1387
05/01/2023,1,1035
05/01/2023,2,591
05/01/2023,3,437
05/01/2023,4,384
05/01/2023,5,745
05/01/2023,6,1518
05/01/2023,7,3636
05/01/2023,8,7168
05/01/2023,9,3442
05/01/2023,10,2250
05/01/2023,11,2671
05/01/2023,12,2916
05/01/2023,13,2897
05/01/2023,14,2885
05/01/2023,15,3057
05/01/2023,16,3770
05/01/2023,17,5340
05/01/2023,18,7217
05/01/2023,19,4428
05/01/2023,20,3420
05/01/2023,21,3076
05/01/2023,22,2645
05/01/2023,23,1796
05/01/2024,0,1744
05/01/2024,1,1386
05/01/2024,2,825
05/01/2024,3,619
05/01/2024,4,585
05/01/2024,5,1064
05/01/2024,6,2298
05/01/2024,7,5229
05/01/2024,8,9188
05/01/2024,9,4554
05/01/2024,10,3208
05/01/2024,11,3763
05/01/2024,12,4119
05/01/2024,13,4110
05/01/2024,14,4233
05/01/2024,15,4633
05/01/2024,16,5511
05/01/2024,17,8087
05/01/2024,18,9942
05/01/2024,19,5905
05/01/2024,20,4347
05/01/2024,21,3790
05/01/2024,22,3473
05/01/2024,23,2312
05/02/2022,0,587
05/02/2022,1,414
05/02/2022,2,305
05/02/2022,3,225
05/02/2022,4,167
05/02/2022,5,238
05/02/2022,6,332
05/02/2022,7,556
05/02/2022,8,1287
05/02/2022,9,1681
05/02/2022,10,1832
05/02/2022,11,2003
05/02/2022,12,2297
05/02/2022,13,2463
05/02/2022,14,2412
05/02/2022,15,2373
05/02/2022,16,2378
05/02/2022,17,2252
05/02/2022,18,1743
05/02/2022,19,1454
05/02/2022,20,1260
05/02/2022,21,1476
05/02/2022,22,975
05/02/2022,23,629
05/02/2023,0,1658
05/02/2023,1,1136
05/02/2023,2,798
05/02/2023,3,519
05/02/2023,4,362
05/02/2023,5,337
05/02/2023,6,425
05/02/2023,7,811
05/02/2023,8,1305
05/02/2023,9,1911
05/02/2023,10,2332
05/02/2023,11,2652
05/02/2023,12,3360
05/02/2023,13,3886
05/02/2023,14,4204
05/02/2023,15,4465
05/02/2023,16,4439
05/02/2023,17,4282
05/02/2023,18,3680
05/02/2023,19,2783
05/02/2023,20,2583
05/02/2023,21,2419
05/02/2023,22,2011
05/02/2023,23,1448
05/02/2024,0,1399
05/02/2024,1,698
05/02/2024,2,153
05/02/2024,3,189
05/02/2024,4,352
05/02/2024,5,760
05/02/2024,6,1389
05/02/2024,7,1894
05/02/2024,8,2395
05/02/2024,9,1342
05/02/2024,10,819
05/02/2024,11,963
05/02/2024,12,1032
05/02/2024,13,1213
05/02/2024,14,1547
05/02/2024,15,2212
05/02/2024,16,2637
05/02/2024,17,2327
05/02/2024,18,1509
05/02/2024,19,916
05/02/2024,20,638
05/02/2024,21,601
05/02/2024,22,757
05/02/2024,23,468
05/03/2022,0,1166
05/03/2022,1,768
05/03/2022,2,537
05/03/2022,3,353
05/03/2022,4,330
05/03/2022,5,390
05/03/2022,6,647
05/03/2022,7,1078
05/03/2022,8,2136
05/03/2022,9,2618
05/03/2022,10,3032
05/03/2022,11,3558
05/03/2022,12,4009
05/03/2022,13,4191
05/03/2022,14,4367
05/03/2022,15,4635
05/03/2022,16,4879
05/03/2022,17,4489
05/03/2022,18,3316
05/03/2022,19,2339
05/03/2022,20,2014
05/03/2022,21,1927
05/03/2022,22,1728
05/03/2022,23,1480
05/03/2023,0,2515
05/03/2023,1,1664
05/03/2023,2,1148
05/03/2023,3,780
05/03/2023,4,554
05/03/2023,5,491
05/03/2023,6,645
05/03/2023,7,1207
05/03/2023,8,2071
05/03/2023,9,2985
05/03/2023,10,3810
05/03/2023,11,4447
05/03/2023,12,5849
05/03/2023,13,6990
05/03/2023,14,7861
05/03/2023,15,8796
05/03/2023,16,9091
05/03/2023,17,8356
05/03/2023,18,6890
05/03/2023,19,5081
05/03/2023,20,4440
05/03/2023,21,4160
05/03/2023,22,3153
05/03/2023,23,2153
05/03/2024,0,1730
05/03/2024,1,1222
05/03/2024,2,784
05/03/2024,3,520
05/03/2024,4,521
05/03/2024,5,1227
05/03/2024,6,3005
05/03/2024,7,7655
05/03/2024,8,10955
05/03/2024,9,5214
05/03/2024,10,3476
05/03/2024,11,4133
05/03/2024,12,4081
05/03/2024,13,4204
05/03/2024,14,4032
05/03/2024,15,4735
05/03/2024,16,6705
05/03/2024,17,9288
05/03/2024,18,12526
05/03/2024,19,7354
05/03/2024,20,5832
05/03/2024,21,5078
05/03/2024,22,4182
05/03/2024,23,2322
05/04/2022,0,2352
05/04/2022,1,1186
05/04/2022,2,674
05/04/2022,3,462
05/04/2022,4,393
05/04/2022,5,868
05/04/2022,6,2281
05/04/2022,7,6304
05/04/2022,8,10270
05/04/2022,9,5264
05/04/2022,10,3858
05/04/2022,11,4851
05/04/2022,12,5585
05/04/2022,13,5202
05/04/2022,14,5323
05/04/2022,15,5986
05/04/2022,16,7705
05/04/2022,17,10389
05/04/2022,18,14316
05/04/2022,19,8616
05/04/2022,20,6878
05/04/2022,21,6059
05/04/2022,22,4886
05/04/2022,23,3130
05/04/2023,0,193
05/04/2023,1,200
05/04/2023,2,108
05/04/2023,3,88
05/04/2023,4,64
05/04/2023,5,85
05/04/2023,6,139
05/04/2023,7,345
05/04/2023,8,485
05/04/2023,9,232
05/04/2023,10,139
05/04/2023,11,122
05/04/2023,12,86
05/04/2023,13,130
05/04/2023,14,706
05/04/2023,15,990
05/04/2023,16,1317
05/04/2023,17,3345
05/04/2023,18,4861
05/04/2023,19,2809
05/04/2023,20,1586
05/04/2023,21,1627
05/04/2023,22,1767
05/04/2023,23,1679
05/04/2024,0,2901
05/04/2024,1,1968
05/04/2024,2,1288
05/04/2024,3,881
05/04/2024,4,987
05/04/2024,5,1527
05/04/2024,6,4006
05/04/2024,7,10325
05/04/2024,8,14227
05/04/2024,9,7008
05/04/2024,10,5591
05/04/2024,11,6796
05/04/2024,12,7721
05/04/2024,13,7464
05/04/2024,14,7982
05/04/2024,15,9493
05/04/2024,16,11676
05/04/2024,17,16073
05/04/2024,18,18519
05/04/2024,19,11232
05/04/2024,20,8480
05/04/2024,21,7983
05/04/2024,22,7000
05/04/2024,23,4701
05/05/2022,0,5656
05/05/2022,1,4187
05/05/2022,2,2785
05/05/2022,3,1650
05/05/2022,4,1050
05/05/2022,5,925
05/05/2022,6,1347
05/05/2022,7,2083
05/05/2022,8,3315
05/05/2022,9,4623
05/05/2022,10,5852
05/05/2022,11,6989
05/05/2022,12,8285
05/05/2022,13,9672
05/05/2022,14,10775
05/05/2022,15,11768
05/05/2022,16,12855
05/05/2022,17,13216
05/05/2022,18,12592
05/05/2022,19,11192
05/05/2022,20,9699
05/05/2022,21,8829
05/05/2022,22,7224
05/05/2022,23,4984
05/05/2023,0,3361
05/05/2023,1,1111
05/05/2023,2,890
05/05/2023,3,786
05/05/2023,4,510
05/05/2023,5,625
05/05/2023,6,369
05/05/2023,7,255
05/05/2023,8,337
05/05/2023,9,613
05/05/2023,10,833
05/05/2023,11,814
05/05/2023,12,1116
05/05/2023,13,745
05/05/2023,14,544
05/05/2023,15,269
05/05/2023,16,213
05/05/2023,17,248
05/05/2023,18,323
05/05/2023,19,217
05/05/2023,20,284
05/05/2023,21,382
05/05/2023,22,389
05/05/2023,23,348
05/05/2024,0,4475
05/05/2024,1,2956
05/05/2024,2,1798
05/05/2024,3,768
05/05/2024,4,231
05/05/2024,5,297
05/05/2024,6,605
05/05/2024,7,489
05/05/2024,8,299
05/05/2024,9,199
05/05/2024,10,98
05/05/2024,11,125
05/05/2024,12,119
05/05/2024,13,153
05/05/2024,14,138
05/05/2024,15,142
05/05/2024,16,168
05/05/2024,17,171
05/05/2024,18,154
05/05/2024,19,101
05/05/2024,20,124
05/05/2024,21,214
05/05/2024,22,229
05/05/2024,23,255
05/06/2022,0,5107
05/06/2022,1,3428
05/06/2022,2,2348
05/06/2022,3,1474
05/06/2022,4,1119
05/06/2022,5,980
05/06/2022,6,1387
05/06/2022,7,1810
05/06/2022,8,2816
05/06/2022,9,4162
05/06/2022,10,5181
05/06/2022,11,5729
05/06/2022,12,6921
05/06/2022,13,7691
05/06/2022,14,8136
05/06/2022,15,8753
05/06/2022,16,9463
05/06/2022,17,9486
05/06/2022,18,9089
05/06/2022,19,7364
05/06/2022,20,6756
05/06/2022,21,6327
05/06/2022,22,6034
05/06/2022,23,4848
05/06/2023,0,3703
05/06/2023,1,2161
05/06/2023,2,1399
05/06/2023,3,867
05/06/2023,4,816
05/06/2023,5,1834
05/06/2023,6,4045
05/06/2023,7,9186
05/06/2023,8,13471
05/06/2023,9,7646
05/06/2023,10,6304
05/06/2023,11,7173
05/06/2023,12,7869
05/06/2023,13,7672
05/06/2023,14,7711
05/06/2023,15,8705
05/06/2023,16,10888
05/06/2023,17,15742
05/06/2023,18,20828
05/06/2023,19,14818
05/06/2023,20,12729
05/06/2023,21,11864
05/06/2023,22,10257
05/06/2023,23,6617
05/06/2024,0,3514
05/06/2024,1,2267
05/06/2024,2,1459
05/06/2024,3,976
05/06/2024,4,895
05/06/2024,5,2189
05/06/2024,6,5303
05/06/2024,7,13153
05/06/2024,8,17194
05/06/2024,9,8382
05/06/2024,10,5826
05/06/2024,11,6545
05/06/2024,12,6833
05/06/2024,13,6508
05/06/2024,14,6525
05/06/2024,15,8028
05/06/2024,16,10402
05/06/2024,17,15745
05/06/2024,18,20578
05/06/2024,19,13886
05/06/2024,20,11232
05/06/2024,21,10719
05/06/2024,22,9084
05/06/2024,23,5928
05/07/2022,0,3389
05/07/2022,1,2186
05/07/2022,2,1489
05/07/2022,3,880
05/07/2022,4,780
05/07/2022,5,1856
05/07/2022,6,3963
05/07/2022,7,9354
05/07/2022,8,13535
05/07/2022,9,6871
05/07/2022,10,4773
05/07/2022,11,5293
05/07/2022,12,5465
05/07/2022,13,4461
05/07/2022,14,4439
05/07/2022,15,5067
05/07/2022,16,6733
05/07/2022,17,9722
05/07/2022,18,16104
05/07/2022,19,10823
05/07/2022,20,10091
05/07/2022,21,9498
05/07/2022,22,7708
05/07/2022,23,4797
05/07/2023,0,370
05/07/2023,1,278
05/07/2023,2,374
05/07/2023,3,366
05/07/2023,4,373
05/07/2023,5,915
05/07/2023,6,2457
05/07/2023,7,7465
05/07/2023,8,12009
05/07/2023,9,7033
05/07/2023,10,5129
05/07/2023,11,6267
05/07/2023,12,6584
05/07/2023,13,6130
05/07/2023,14,6159
05/07/2023,15,7085
05/07/2023,16,9001
05/07/2023,17,14810
05/07/2023,18,21657
05/07/2023,19,15213
05/07/2023,20,13612
05/07/2023,21,12300
05/07/2023,22,10112
05/07/2023,23,6240
05/07/2024,0,480
05/07/2024,1,757
05/07/2024,2,622
05/07/2024,3,473
05/07/2024,4,610
05/07/2024,5,977
05/07/2024,6,2971
05/07/2024,7,8869
05/07/2024,8,13759
05/07/2024,9,7538
05/07/2024,10,5549
05/07/2024,11,6413
05/07/2024,12,6958
05/07/2024,13,6646
05/07/2024,14,6830
05/07/2024,15,7843
05/07/2024,16,9922
05/07/2024,17,15139
05/07/2024,18,19250
05/07/2024,19,13180
05/07/2024,20,11298
05/07/2024,21,10211
05/07/2024,22,8844
05/07/2024,23,5854
05/08/2022,0,3726
05/08/2022,1,2565
05/08/2022,2,1531
05/08/2022,3,855
05/08/2022,4,712
05/08/2022,5,1405
05/08/2022,6,3144
05/08/2022,7,6933
05/08/2022,8,11161
05/08/2022,9,5481
05/08/2022,10,4026
05/08/2022,11,4977
05/08/2022,12,5383
05/08/2022,13,4948
05/08/2022,14,4770
05/08/2022,15,5145
05/08/2022,16,6857
05/08/2022,17,11256
05/08/2022,18,15838
05/08/2022,19,11455
05/08/2022,20,9960
05/08/2022,21,9516
05/08/2022,22,8470
05/08/2022,23,5751
05/08/2023,0,4169
05/08/2023,1,2865
05/08/2023,2,1839
05/08/2023,3,1275
05/08/2023,4,1037
05/08/2023,5,1315
05/08/2023,6,2047
05/08/2023,7,2783
05/08/2023,8,4337
05/08/2023,9,4741
05/08/2023,10,4850
05/08/2023,11,4892
05/08/2023,12,5202
05/08/2023,13,5047
05/08/2023,14,4894
05/08/2023,15,4837
05/08/2023,16,5652
05/08/2023,17,6588
05/08/2023,18,7443
05/08/2023,19,8055
05/08/2023,20,8476
05/08/2023,21,8176
05/08/2023,22,6918
05/08/2023,23,4888
05/08/2024,0,2212
05/08/2024,1,1188
05/08/2024,2,815
05/08/2024,3,603
05/08/2024,4,576
05/08/2024,5,1297
05/08/2024,6,3286
05/08/2024,7,7446
05/08/2024,8,12023
05/08/2024,9,5954
05/08/2024,10,3947
05/08/2024,11,4263
05/08/2024,12,4404
05/08/2024,13,3698
05/08/2024,14,3737
05/08/2024,15,4413
05/08/2024,16,4759
05/08/2024,17,9447
05/08/2024,18,15027
05/08/2024,19,10497
05/08/2024,20,8848
05/08/2024,21,7820
05/08/2024,22,5705
05/08/2024,23,1191
05/09/2022,0,838
05/09/2022,1,477
05/09/2022,2,280
05/09/2022,3,226
05/09/2022,4,127
05/09/2022,5,122
05/09/2022,6,228
05/09/2022,7,798
05/09/2022,8,607
05/09/2022,9,190
05/09/2022,10,91
05/09/2022,11,73
05/09/2022,12,61
05/09/2022,13,63
05/09/2022,14,50
05/09/2022,15,91
05/09/2022,16,136
05/09/2022,17,138
05/09/2022,18,182
05/09/2022,19,131
05/09/2022,20,95
05/09/2022,21,65
05/09/2022,22,76
05/09/2022,23,63
05/09/2023,0,3139
05/09/2023,1,2061
05/09/2023,2,1273
05/09/2023,3,917
05/09/2023,4,888
05/09/2023,5,2047
05/09/2023,6,5151
05/09/2023,7,12587
05/09/2023,8,17073
05/09/2023,9,8082
05/09/2023,10,5433
05/09/2023,11,6014
05/09/2023,12,5969
05/09/2023,13,5555
05/09/2023,14,5454
05/09/2023,15,6377
05/09/2023,16,9916
05/09/2023,17,14044
05/09/2023,18,16843
05/09/2023,19,11681
05/09/2023,20,10908
05/09/2023,21,10101
05/09/2023,22,8336
05/09/2023,23,4846
05/09/2024,0,3281
05/09/2024,1,2012
05/09/2024,2,1261
05/09/2024,3,911
05/09/2024,4,901
05/09/2024,5,2149
05/09/2024,6,5132
05/09/2024,7,12401
05/09/2024,8,15987
05/09/2024,9,7552
05/09/2024,10,5016
05/09/2024,11,4222
05/09/2024,12,2095
05/09/2024,13,1665
05/09/2024,14,1022
05/09/2024,15,2267
05/09/2024,16,6261
05/09/2024,17,10755
05/09/2024,18,16059
05/09/2024,19,11345
05/09/2024,20,9321
05/09/2024,21,8602
05/09/2024,22,7931
05/09/2024,23,4326
05/10/2022,0,3152
05/10/2022,1,2055
05/10/2022,2,1293
05/10/2022,3,831
05/10/2022,4,611
05/10/2022,5,1175
05/10/2022,6,3234
05/10/2022,7,9826
05/10/2022,8,15933
05/10/2022,9,8285
05/10/2022,10,5798
05/10/2022,11,6730
05/10/2022,12,7314
05/10/2022,13,7077
05/10/2022,14,6996
05/10/2022,15,7985
05/10/2022,16,10330
05/10/2022,17,14975
05/10/2022,18,20145
05/10/2022,19,12918
05/10/2022,20,10627
05/10/2022,21,9692
05/10/2022,22,7952
05/10/2022,23,4903
05/10/2023,0,2707
05/10/2023,1,1736
05/10/2023,2,1101
05/10/2023,3,746
05/10/2023,4,793
05/10/2023,5,1756
05/10/2023,6,4413
05/10/2023,7,11827
05/10/2023,8,16327
05/10/2023,9,8095
05/10/2023,10,5734
05/10/2023,11,6760
05/10/2023,12,7254
05/10/2023,13,7298
05/10/2023,14,7238
05/10/2023,15,8091
05/10/2023,16,11024
05/10/2023,17,15978
05/10/2023,18,20981
05/10/2023,19,13151
05/10/2023,20,10523
05/10/2023,21,9528
05/10/2023,22,8075
05/10/2023,23,4944
05/10/2024,0,3843
05/10/2024,1,2660
05/10/2024,2,1801
05/10/2024,3,1227
05/10/2024,4,941
05/10/2024,5,1186
05/10/2024,6,1847
05/10/2024,7,3206
05/10/2024,8,5261
05/10/2024,9,6592
05/10/2024,10,7041
05/10/2024,11,7836
05/10/2024,12,9057
05/10/2024,13,9671
05/10/2024,14,10224
05/10/2024,15,11174
05/10/2024,16,12163
05/10/2024,17,13544
05/10/2024,18,13495
05/10/2024,19,10393
05/10/2024,20,9726
05/10/2024,21,10172
05/10/2024,22,7464
05/10/2024,23,4951
05/11/2022,0,2829
05/11/2022,1,2057
05/11/2022,2,1362
05/11/2022,3,854
05/11/2022,4,657
05/11/2022,5,731
05/11/2022,6,1123
05/11/2022,7,1871
05/11/2022,8,3697
05/11/2022,9,4937
05/11/2022,10,5254
05/11/2022,11,6137
05/11/2022,12,7077
05/11/2022,13,7736
05/11/2022,14,7889
05/11/2022,15,8337
05/11/2022,16,8618
05/11/2022,17,8250
05/11/2022,18,6818
05/11/2022,19,5514
05/11/2022,20,4843
05/11/2022,21,4808
05/11/2022,22,4384
05/11/2022,23,3508
05/11/2023,0,4434
05/11/2023,1,1838
05/11/2023,2,1338
05/11/2023,3,981
05/11/2023,4,686
05/11/2023,5,408
05/11/2023,6,288
05/11/2023,7,586
05/11/2023,8,1998
05/11/2023,9,1972
05/11/2023,10,331
05/11/2023,11,1032
05/11/2023,12,3407
05/11/2023,13,4712
05/11/2023,14,4632
05/11/2023,15,5525
05/11/2023,16,5645
05/11/2023,17,6707
05/11/2023,18,5910
05/11/2023,19,2922
05/11/2023,20,521
05/11/2023,21,1116
05/11/2023,22,1429
05/11/2023,23,856
05/11/2024,0,2195
05/11/2024,1,1425
05/11/2024,2,893
05/11/2024,3,750
05/11/2024,4,663
05/11/2024,5,1624
05/11/2024,6,3770
05/11/2024,7,10951
05/11/2024,8,15282
05/11/2024,9,7018
05/11/2024,10,4734
05/11/2024,11,5567
05/11/2024,12,5798
05/11/2024,13,5670
05/11/2024,14,5587
05/11/2024,15,6286
05/11/2024,16,9180
05/11/2024,17,12569
05/11/2024,18,15150
05/11/2024,19,9032
05/11/2024,20,6906
05/11/2024,21,6405
05/11/2024,22,5227
05/11/2024,23,2952
05/12/2022,0,1083
05/12/2022,1,728
05/12/2022,2,434
05/12/2022,3,324
05/12/2022,4,317
05/12/2022,5,813
05/12/2022,6,1770
05/12/2022,7,4640
05/12/2022,8,8151
05/12/2022,9,3909
05/12/2022,10,2572
05/12/2022,11,2868
05/12/2022,12,3224
05/12/2022,13,3092
05/12/2022,14,3057
05/12/2022,15,3618
05/12/2022,16,4665
05/12/2022,17,6241
05/12/2022,18,8558
05/12/2022,19,5215
05/12/2022,20,4097
05/12/2022,21,3545
05/12/2022,22,2917
05/12/2022,23,1855
05/12/2023,0,1976
05/12/2023,1,1374
05/12/2023,2,877
05/12/2023,3,658
05/12/2023,4,571
05/12/2023,5,1310
05/12/2023,6,3002
05/12/2023,7,7808
05/12/2023,8,12565
05/12/2023,9,5970
05/12/2023,10,4179
05/12/2023,11,4574
05/12/2023,12,4812
05/12/2023,13,4872
05/12/2023,14,4812
05/12/2023,15,5435
05/12/2023,16,7577
05/12/2023,17,10170
05/12/2023,18,12997
05/12/2023,19,8116
05/12/2023,20,6498
05/12/2023,21,5907
05/12/2023,22,5051
05/12/2023,23,2963
05/12/2024,0,1791
05/12/2024,1,1198
05/12/2024,2,828
05/12/2024,3,566
05/12/2024,4,546
05/12/2024,5,1152
05/12/2024,6,2594
05/12/2024,7,6942
05/12/2024,8,10874
05/12/2024,9,5189
05/12/2024,10,3381
05/12/2024,11,3841
05/12/2024,12,3950
05/12/2024,13,3977
05/12/2024,14,3951
05/12/2024,15,4356
05/12/2024,16,2397
05/12/2024,17,3209
05/12/2024,18,5945
05/12/2024,19,4291
05/12/2024,20,3598
05/12/2024,21,3748
05/12/2024,22,3145
05/12/2024,23,2116
06/01/2022,0,802
06/01/2022,1,599
06/01/2022,2,356
06/01/2022,3,271
06/01/2022,4,280
06/01/2022,5,506
06/01/2022,6,1092
06/01/2022,7,2799
06/01/2022,8,5866
06/01/2022,9,2933
06/01/2022,10,2089
06/01/2022,11,2501
06/01/2022,12,2858
06/01/2022,13,2764
06/01/2022,14,2890
06/01/2022,15,3080
06/01/2022,16,3475
06/01/2022,17,4885
06/01/2022,18,6618
06/01/2022,19,3923
06/01/2022,20,2936
06/01/2022,21,3200
06/01/2022,22,1933
06/01/2022,23,1055
06/01/2023,0,1413
06/01/2023,1,1121
06/01/2023,2,678
06/01/2023,3,429
06/01/2023,4,397
06/01/2023,5,739
06/01/2023,6,1485
06/01/2023,7,3616
06/01/2023,8,7046
06/01/2023,9,3623
06/01/2023,10,2430
06/01/2023,11,3017
06/01/2023,12,3273
06/01/2023,13,3239
06/01/2023,14,3298
06/01/2023,15,3499
06/01/2023,16,4153
06/01/2023,17,5867
06/01/2023,18,6743
06/01/2023,19,4030
06/01/2023,20,1396
06/01/2023,21,760
06/01/2023,22,461
06/01/2023,23,412
06/01/2024,0,1945
06/01/2024,1,1554
06/01/2024,2,1081
06/01/2024,3,732
06/01/2024,4,534
06/01/2024,5,552
06/01/2024,6,876
06/01/2024,7,1327
06/01/2024,8,2447
06/01/2024,9,3150
06/01/2024,10,3341
06/01/2024,11,3734
06/01/2024,12,4190
06/01/2024,13,4690
06/01/2024,14,4602
06/01/2024,15,4929
06/01/2024,16,4691
06/01/2024,17,4815
06/01/2024,18,3382
06/01/2024,19,1558
06/01/2024,20,640
06/01/2024,21,795
06/01/2024,22,833
06/01/2024,23,782
06/02/2022,0,529
06/02/2022,1,358
06/02/2022,2,262
06/02/2022,3,189
06/02/2022,4,154
06/02/2022,5,183
06/02/2022,6,253
06/02/2022,7,413
06/02/2022,8,847
06/02/2022,9,1186
06/02/2022,10,1501
06/02/2022,11,1709
06/02/2022,12,2213
06/02/2022,13,2459
06/02/2022,14,2525
06/02/2022,15,2804
06/02/2022,16,2792
06/02/2022,17,2557
06/02/2022,18,2149
06/02/2022,19,1622
06/02/2022,20,1402
06/02/2022,21,1453
06/02/2022,22,923
06/02/2022,23,595
06/02/2023,0,1267
06/02/2023,1,760
06/02/2023,2,487
06/02/2023,3,324
06/02/2023,4,323
06/02/2023,5,830
06/02/2023,6,1736
06/02/2023,7,4255
06/02/2023,8,7433
06/02/2023,9,3734
06/02/2023,10,2548
06/02/2023,11,3094
06/02/2023,12,3523
06/02/2023,13,3574
06/02/2023,14,3656
06/02/2023,15,3895
06/02/2023,16,4621
06/02/2023,17,6828
06/02/2023,18,9267
06/02/2023,19,5597
06/02/2023,20,4610
06/02/2023,21,3878
06/02/2023,22,3196
06/02/2023,23,1870
06/02/2024,0,481
06/02/2024,1,524
06/02/2024,2,401
06/02/2024,3,344
06/02/2024,4,377
06/02/2024,5,794
06/02/2024,6,1719
06/02/2024,7,3774
06/02/2024,8,6519
06/02/2024,9,3498
06/02/2024,10,2483
06/02/2024,11,2918
06/02/2024,12,3152
06/02/2024,13,3247
06/02/2024,14,3347
06/02/2024,15,3580
06/02/2024,16,4301
06/02/2024,17,6479
06/02/2024,18,8608
06/02/2024,19,5029
06/02/2024,20,4225
06/02/2024,21,3812
06/02/2024,22,3414
06/02/2024,23,2245
06/03/2022,0,1031
06/03/2022,1,574
06/03/2022,2,400
06/03/2022,3,255
06/03/2022,4,180
06/03/2022,5,224
06/03/2022,6,363
06/03/2022,7,664
06/03/2022,8,1259
06/03/2022,9,1737
06/03/2022,10,2333
06/03/2022,11,2739
06/03/2022,12,3639
06/03/2022,13,4446
06/03/2022,14,4961
06/03/2022,15,5466
06/03/2022,16,5592
06/03/2022,17,4717
06/03/2022,18,3486
06/03/2022,19,2651
06/03/2022,20,2137
06/03/2022,21,1981
06/03/2022,22,1698
06/03/2022,23,1340
06/03/2023,0,1630
06/03/2023,1,939
06/03/2023,2,578
06/03/2023,3,425
06/03/2023,4,423
06/03/2023,5,1142
06/03/2023,6,2513
06/03/2023,7,7040
06/03/2023,8,10702
06/03/2023,9,5347
06/03/2023,10,3758
06/03/2023,11,4237
06/03/2023,12,4795
06/03/2023,13,4743
06/03/2023,14,4914
06/03/2023,15,6041
06/03/2023,16,7450
06/03/2023,17,10308
06/03/2023,18,14325
06/03/2023,19,8756
06/03/2023,20,7124
06/03/2023,21,6139
06/03/2023,22,5113
06/03/2023,23,2961
06/03/2024,0,1773
06/03/2024,1,1225
06/03/2024,2,743
06/03/2024,3,578
06/03/2024,4,515
06/03/2024,5,1200
06/03/2024,6,3002
06/03/2024,7,8060
06/03/2024,8,11731
06/03/2024,9,5344
06/03/2024,10,3830
06/03/2024,11,4328
06/03/2024,12,4668
06/03/2024,13,4429
06/03/2024,14,4566
06/03/2024,15,5611
06/03/2024,16,7043
06/03/2024,17,9926
06/03/2024,18,13160
06/03/2024,19,7644
06/03/2024,20,5842
06/03/2024,21,5039
06/03/2024,22,4185
06/03/2024,23,2397
06/04/2022,0,2726
06/04/2022,1,1410
06/04/2022,2,714
06/04/2022,3,467
06/04/2022,4,409
06/04/2022,5,894
06/04/2022,6,2248
06/04/2022,7,6366
06/04/2022,8,10403
06/04/2022,9,5493
06/04/2022,10,3933
06/04/2022,11,4905
06/04/2022,12,5874
06/04/2022,13,5486
06/04/2022,14,5615
06/04/2022,15,6546
06/04/2022,16,7913
06/04/2022,17,11018
06/04/2022,18,14834
06/04/2022,19,8676
06/04/2022,20,7107
06/04/2022,21,6300
06/04/2022,22,5208
06/04/2022,23,3243
06/04/2023,0,1633
06/04/2023,1,1044
06/04/2023,2,760
06/04/2023,3,448
06/04/2023,4,360
06/04/2023,5,571
06/04/2023,6,1148
06/04/2023,7,4069
06/04/2023,8,6222
06/04/2023,9,2651
06/04/2023,10,2493
06/04/2023,11,3207
06/04/2023,12,2364
06/04/2023,13,1539
06/04/2023,14,2287
06/04/2023,15,2664
06/04/2023,16,4884
06/04/2023,17,7803
06/04/2023,18,7136
06/04/2023,19,792
06/04/2023,20,1012
06/04/2023,21,2164
06/04/2023,22,2812
06/04/2023,23,2080
06/04/2024,0,3524
06/04/2024,1,2484
06/04/2024,2,1821
06/04/2024,3,1246
06/04/2024,4,1025
06/04/2024,5,980
06/04/2024,6,1824
06/04/2024,7,2939
06/04/2024,8,5122
06/04/2024,9,6244
06/04/2024,10,7066
06/04/2024,11,8014
06/04/2024,12,9692
06/04/2024,13,11280
06/04/2024,14,12274
06/04/2024,15,13396
06/04/2024,16,13966
06/04/2024,17,13938
06/04/2024,18,11467
06/04/2024,19,8494
06/04/2024,20,7504
06/04/2024,21,6762
06/04/2024,22,5801
06/04/2024,23,3901
06/05/2022,0,3775
06/05/2022,1,2303
06/05/2022,2,1359
06/05/2022,3,897
06/05/2022,4,677
06/05/2022,5,1176
06/05/2022,6,2559
06/05/2022,7,6091
06/05/2022,8,10448
06/05/2022,9,6444
06/05/2022,10,5616
06/05/2022,11,6713
06/05/2022,12,7361
06/05/2022,13,7697
06/05/2022,14,8117
06/05/2022,15,8861
06/05/2022,16,10177
06/05/2022,17,13744
06/05/2022,18,17874
06/05/2022,19,12327
06/05/2022,20,10229
06/05/2022,21,9376
06/05/2022,22,8134
06/05/2022,23,5615
06/05/2023,0,832
06/05/2023,1,701
06/05/2023,2,189
06/05/2023,3,70
06/05/2023,4,62
06/05/2023,5,49
06/05/2023,6,60
06/05/2023,7,42
06/05/2023,8,72
06/05/2023,9,81
06/05/2023,10,82
06/05/2023,11,124
06/05/2023,12,123
06/05/2023,13,233
06/05/2023,14,736
06/05/2023,15,1224
06/05/2023,16,3092
06/05/2023,17,4596
06/05/2023,18,4604
06/05/2023,19,4473
06/05/2023,20,4421
06/05/2023,21,4787
06/05/2023,22,4159
06/05/2023,23,3296
06/05/2024,0,366
06/05/2024,1,178
06/05/2024,2,105
06/05/2024,3,179
06/05/2024,4,150
06/05/2024,5,280
06/05/2024,6,490
06/05/2024,7,391
06/05/2024,8,549
06/05/2024,9,370
06/05/2024,10,541
06/05/2024,11,598
06/05/2024,12,727
06/05/2024,13,991
06/05/2024,14,1644
06/05/2024,15,2046
06/05/2024,16,2201
06/05/2024,17,2846
06/05/2024,18,3069
06/05/2024,19,2992
06/05/2024,20,2362
06/05/2024,21,1043
06/05/2024,22,637
06/05/2024,23,934
06/06/2022,0,3766
06/06/2022,1,2148
06/06/2022,2,1395
06/06/2022,3,791
06/06/2022,4,446
06/06/2022,5,383
06/06/2022,6,574
06/06/2022,7,436
06/06/2022,8,662
06/06/2022,9,714
06/06/2022,10,1801
06/06/2022,11,4025
06/06/2022,12,6231
06/06/2022,13,8480
06/06/2022,14,10332
06/06/2022,15,11922
06/06/2022,16,13572
06/06/2022,17,13947
06/06/2022,18,13820
06/06/2022,19,12215
06/06/2022,20,9732
06/06/2022,21,8021
06/06/2022,22,6872
06/06/2022,23,4362
06/06/2023,0,5035
06/06/2023,1,3595
06/06/2023,2,2355
06/06/2023,3,1524
06/06/2023,4,1087
06/06/2023,5,1369
06/06/2023,6,2058
06/06/2023,7,2937
06/06/2023,8,4285
06/06/2023,9,5647
06/06/2023,10,6670
06/06/2023,11,8025
06/06/2023,12,9153
06/06/2023,13,9891
06/06/2023,14,8917
06/06/2023,15,8577
06/06/2023,16,12188
06/06/2023,17,13473
06/06/2023,18,13708
06/06/2023,19,12809
06/06/2023,20,11492
06/06/2023,21,9784
06/06/2023,22,7817
06/06/2023,23,4970
06/06/2024,0,4627
06/06/2024,1,3400
06/06/2024,2,2268
06/06/2024,3,1587
06/06/2024,4,1114
06/06/2024,5,1400
06/06/2024,6,2113
06/06/2024,7,2965
06/06/2024,8,4289
06/06/2024,9,5704
06/06/2024,10,6290
06/06/2024,11,6747
06/06/2024,12,7678
06/06/2024,13,8061
06/06/2024,14,8251
06/06/2024,15,8853
06/06/2024,16,9874
06/06/2024,17,11390
06/06/2024,18,11201
06/06/2024,19,11182
06/06/2024,20,10485
06/06/2024,21,8723
06/06/2024,22,7048
06/06/2024,23,4940
06/07/2022,0,3518
06/07/2022,1,2345
06/07/2022,2,1475
06/07/2022,3,992
06/07/2022,4,798
06/07/2022,5,1777
06/07/2022,6,3903
06/07/2022,7,9642
06/07/2022,8,13557
06/07/2022,9,6684
06/07/2022,10,4418
06/07/2022,11,5119
06/07/2022,12,5426
06/07/2022,13,4980
06/07/2022,14,4639
06/07/2022,15,5477
06/07/2022,16,7667
06/07/2022,17,11408
06/07/2022,18,17103
06/07/2022,19,11739
06/07/2022,20,9780
06/07/2022,21,6914
06/07/2022,22,1825
06/07/2022,23,1479
06/07/2023,0,4212
06/07/2023,1,2781
06/07/2023,2,1834
06/07/2023,3,1182
06/07/2023,4,998
06/07/2023,5,2125
06/07/2023,6,4936
06/07/2023,7,12025
06/07/2023,8,16044
06/07/2023,9,8023
06/07/2023,10,5294
06/07/2023,11,6212
06/07/2023,12,6431
06/07/2023,13,5657
06/07/2023,14,5412
06/07/2023,15,6378
06/07/2023,16,9017
06/07/2023,17,13576
06/07/2023,18,20443
06/07/2023,19,14042
06/07/2023,20,12408
06/07/2023,21,11399
06/07/2023,22,9424
06/07/2023,23,5663
06/07/2024,0,4624
06/07/2024,1,3153
06/07/2024,2,2164
06/07/2024,3,1339
06/07/2024,4,312
06/07/2024,5,360
06/07/2024,6,1016
06/07/2024,7,1562
06/07/2024,8,3186
06/07/2024,9,4618
06/07/2024,10,5264
06/07/2024,11,5699
06/07/2024,12,6695
06/07/2024,13,6943
06/07/2024,14,6975
06/07/2024,15,7143
06/07/2024,16,7621
06/07/2024,17,6520
06/07/2024,18,5879
06/07/2024,19,5087
06/07/2024,20,2359
06/07/2024,21,1713
06/07/2024,22,2434
06/07/2024,23,2697
06/08/2022,0,4480
06/08/2022,1,3293
06/08/2022,2,2118
06/08/2022,3,1271
06/08/2022,4,965
06/08/2022,5,1109
06/08/2022,6,1756
06/08/2022,7,2643
06/08/2022,8,4184
06/08/2022,9,4942
06/08/2022,10,5143
06/08/2022,11,4025
06/08/2022,12,4156
06/08/2022,13,5212
06/08/2022,14,5530
06/08/2022,15,4956
06/08/2022,16,5935
06/08/2022,17,7139
06/08/2022,18,7412
06/08/2022,19,7202
06/08/2022,20,7110
06/08/2022,21,6289
06/08/2022,22,5364
06/08/2022,23,4177
06/08/2023,0,3885
06/08/2023,1,2543
06/08/2023,2,1770
06/08/2023,3,1164
06/08/2023,4,858
06/08/2023,5,978
06/08/2023,6,1617
06/08/2023,7,2074
06/08/2023,8,3053
06/08/2023,9,3396
06/08/2023,10,3622
06/08/2023,11,3938
06/08/2023,12,4699
06/08/2023,13,4428
06/08/2023,14,4185
06/08/2023,15,4201
06/08/2023,16,4434
06/08/2023,17,6218
06/08/2023,18,7190
06/08/2023,19,7601
06/08/2023,20,7731
06/08/2023,21,7056
06/08/2023,22,5606
06/08/2023,23,3830
06/08/2024,0,1394
06/08/2024,1,1393
06/08/2024,2,973
06/08/2024,3,759
06/08/2024,4,706
06/08/2024,5,1985
06/08/2024,6,4051
06/08/2024,7,8585
06/08/2024,8,11029
06/08/2024,9,4429
06/08/2024,10,3811
06/08/2024,11,4575
06/08/2024,12,4915
06/08/2024,13,4359
06/08/2024,14,4268
06/08/2024,15,4642
06/08/2024,16,6285
06/08/2024,17,10952
06/08/2024,18,16001
06/08/2024,19,11470
06/08/2024,20,9746
06/08/2024,21,8828
06/08/2024,22,7221
06/08/2024,23,4162
06/09/2022,0,113
06/09/2022,1,94
06/09/2022,2,52
06/09/2022,3,38
06/09/2022,4,41
06/09/2022,5,108
06/09/2022,6,347
06/09/2022,7,1612
06/09/2022,8,4694
06/09/2022,9,4507
06/09/2022,10,4334
06/09/2022,11,5518
06/09/2022,12,6515
06/09/2022,13,6173
06/09/2022,14,6186
06/09/2022,15,7190
06/09/2022,16,9761
06/09/2022,17,13605
06/09/2022,18,19682
06/09/2022,19,14307
06/09/2022,20,12072
06/09/2022,21,10928
06/09/2022,22,9016
06/09/2022,23,5468
06/09/2023,0,3328
06/09/2023,1,2107
06/09/2023,2,1352
06/09/2023,3,1040
06/09/2023,4,882
06/09/2023,5,2116
06/09/2023,6,5044
06/09/2023,7,12581
06/09/2023,8,16648
06/09/2023,9,7878
06/09/2023,10,5197
06/09/2023,11,5831
06/09/2023,12,6088
06/09/2023,13,5488
06/09/2023,14,5536
06/09/2023,15,6077
06/09/2023,16,9464
06/09/2023,17,15453
06/09/2023,18,22046
06/09/2023,19,15013
06/09/2023,20,12473
06/09/2023,21,11399
06/09/2023,22,9068
06/09/2023,23,5561
06/09/2024,0,2918
06/09/2024,1,1697
06/09/2024,2,897
06/09/2024,3,584
06/09/2024,4,586
06/09/2024,5,1385
06/09/2024,6,3882
06/09/2024,7,10402
06/09/2024,8,14264
06/09/2024,9,5663
06/09/2024,10,3049
06/09/2024,11,2722
06/09/2024,12,1881
06/09/2024,13,3669
06/09/2024,14,5453
06/09/2024,15,7368
06/09/2024,16,9322
06/09/2024,17,13968
06/09/2024,18,17052
06/09/2024,19,11811
06/09/2024,20,9790
06/09/2024,21,8872
06/09/2024,22,8392
06/09/2024,23,4910
06/10/2022,0,3551
06/10/2022,1,2228
06/10/2022,2,1404
06/10/2022,3,916
06/10/2022,4,736
06/10/2022,5,1492
06/10/2022,6,3697
06/10/2022,7,10550
06/10/2022,8,16320
06/10/2022,9,8373
06/10/2022,10,5962
06/10/2022,11,6660
06/10/2022,12,7176
06/10/2022,13,6945
06/10/2022,14,6801
06/10/2022,15,7620
06/10/2022,16,9124
06/10/2022,17,11974
06/10/2022,18,14479
06/10/2022,19,10879
06/10/2022,20,9962
06/10/2022,21,9336
06/10/2022,22,8132
06/10/2022,23,5081
06/10/2023,0,3253
06/10/2023,1,2155
06/10/2023,2,1361
06/10/2023,3,941
06/10/2023,4,844
06/10/2023,5,1723
06/10/2023,6,4243
06/10/2023,7,11778
06/10/2023,8,17083
06/10/2023,9,8764
06/10/2023,10,6449
06/10/2023,11,7655
06/10/2023,12,8492
06/10/2023,13,8075
06/10/2023,14,8276
06/10/2023,15,9695
06/10/2023,16,11905
06/10/2023,17,17042
06/10/2023,18,21062
06/10/2023,19,13498
06/10/2023,20,10814
06/10/2023,21,10061
06/10/2023,22,9081
06/10/2023,23,5828
06/10/2024,0,4046
06/10/2024,1,2670
06/10/2024,2,1782
06/10/2024,3,1196
06/10/2024,4,857
06/10/2024,5,863
06/10/2024,6,1406
06/10/2024,7,2325
06/10/2024,8,3538
06/10/2024,9,4753
06/10/2024,10,5549
06/10/2024,11,6027
06/10/2024,12,7017
06/10/2024,13,5589
06/10/2024,14,4552
06/10/2024,15,5126
06/10/2024,16,6057
06/10/2024,17,7956
06/10/2024,18,7976
06/10/2024,19,7577
06/10/2024,20,7017
06/10/2024,21,6388
06/10/2024,22,4952
06/10/2024,23,3416
06/11/2022,0,3152
06/11/2022,1,1995
06/11/2022,2,1390
06/11/2022,3,833
06/11/2022,4,614
06/11/2022,5,659
06/11/2022,6,973
06/11/2022,7,1567
06/11/2022,8,2767
06/11/2022,9,3972
06/11/2022,10,4714
06/11/2022,11,5422
06/11/2022,12,6516
06/11/2022,13,7479
06/11/2022,14,8308
06/11/2022,15,9216
06/11/2022,16,9420
06/11/2022,17,8615
06/11/2022,18,6943
06/11/2022,19,5703
06/11/2022,20,5237
06/11/2022,21,4685
06/11/2022,22,4036
06/11/2022,23,2746
06/11/2023,0,238
06/11/2023,1,339
06/11/2023,2,55
06/11/2023,3,77
06/11/2023,4,223
06/11/2023,5,903
06/11/2023,6,1537
06/11/2023,7,656
06/11/2023,8,1891
06/11/2023,9,2371
06/11/2023,10,2829
06/11/2023,11,2074
06/11/2023,12,2149
06/11/2023,13,2095
06/11/2023,14,2403
06/11/2023,15,2759
06/11/2023,16,3423
06/11/2023,17,6673
06/11/2023,18,5039
06/11/2023,19,4592
06/11/2023,20,2721
06/11/2023,21,928
06/11/2023,22,960
06/11/2023,23,765
06/11/2024,0,2169
06/11/2024,1,1341
06/11/2024,2,879
06/11/2024,3,717
06/11/2024,4,645
06/11/2024,5,1613
06/11/2024,6,3579
06/11/2024,7,10373
06/11/2024,8,14997
06/11/2024,9,6777
06/11/2024,10,4437
06/11/2024,11,4962
06/11/2024,12,5361
06/11/2024,13,5334
06/11/2024,14,5466
06/11/2024,15,6574
06/11/2024,16,8364
06/11/2024,17,11813
06/11/2024,18,14487
06/11/2024,19,8582
06/11/2024,20,6667
06/11/2024,21,5927
06/11/2024,22,4979
06/11/2024,23,2869
06/12/2022,0,1440
06/12/2022,1,1037
06/12/2022,2,892
06/12/2022,3,931
06/12/2022,4,389
06/12/2022,5,865
06/12/2022,6,2153
06/12/2022,7,4528
06/12/2022,8,5824
06/12/2022,9,2682
06/12/2022,10,2261
06/12/2022,11,2968
06/12/2022,12,3429
06/12/2022,13,3447
06/12/2022,14,3335
06/12/2022,15,3612
06/12/2022,16,5024
06/12/2022,17,6700
06/12/2022,18,9241
06/12/2022,19,5595
06/12/2022,20,4594
06/12/2022,21,4155
06/12/2022,22,3464
06/12/2022,23,2266
06/12/2023,0,2105
06/12/2023,1,1588
06/12/2023,2,996
06/12/2023,3,664
06/12/2023,4,594
06/12/2023,5,1264
06/12/2023,6,3057
06/12/2023,7,7984
06/12/2023,8,12816
06/12/2023,9,6037
06/12/2023,10,4170
06/12/2023,11,4506
06/12/2023,12,4649
06/12/2023,13,1936
06/12/2023,14,1955
06/12/2023,15,2520
06/12/2023,16,1560
06/12/2023,17,3518
06/12/2023,18,6896
06/12/2023,19,4854
06/12/2023,20,4104
06/12/2023,21,4316
06/12/2023,22,3818
06/12/2023,23,2447
06/12/2024,0,1734
06/12/2024,1,1347
06/12/2024,2,893
06/12/2024,3,640
06/12/2024,4,533
06/12/2024,5,1120
06/12/2024,6,2427
06/12/2024,7,6326
06/12/2024,8,9879
06/12/2024,9,4818
06/12/2024,10,3343
06/12/2024,11,3623
06/12/2024,12,3756
06/12/2024,13,3609
06/12/2024,14,3861
06/12/2024,15,4617
06/12/2024,16,5566
06/12/2024,17,7636
06/12/2024,18,9069
06/12/2024,19,5336
06/12/2024,20,3774
06/12/2024,21,3428
06/12/2024,22,3177
06/12/2024,23,2270
07/01/2022,0,739
07/01/2022,1,528
07/01/2022,2,374
07/01/2022,3,289
07/01/2022,4,263
07/01/2022,5,514
07/01/2022,6,1098
07/01/2022,7,2654
07/01/2022,8,5585
07/01/2022,9,2956
07/01/2022,10,2229
07/01/2022,11,2656
07/01/2022,12,2962
07/01/2022,13,3001
07/01/2022,14,3042
07/01/2022,15,3205
07/01/2022,16,3844
07/01/2022,17,5094
07/01/2022,18,6431
07/01/2022,19,3896
07/01/2022,20,2861
07/01/2022,21,3139
07/01/2022,22,1917
07/01/2022,23,1143
07/01/2023,0,710
07/01/2023,1,769
07/01/2023,2,645
07/01/2023,3,460
07/01/2023,4,273
07/01/2023,5,314
07/01/2023,6,436
07/01/2023,7,644
07/01/2023,8,1304
07/01/2023,9,1860
07/01/2023,10,1856
07/01/2023,11,2194
07/01/2023,12,2675
07/01/2023,13,2891
07/01/2023,14,3097
07/01/2023,15,3310
07/01/2023,16,3400
07/01/2023,17,3315
07/01/2023,18,2873
07/01/2023,19,2240
07/01/2023,20,1880
07/01/2023,21,2025
07/01/2023,22,1856
07/01/2023,23,1465
07/01/2024,0,863
07/01/2024,1,678
07/01/2024,2,583
07/01/2024,3,465
07/01/2024,4,273
07/01/2024,5,243
07/01/2024,6,339
07/01/2024,7,529
07/01/2024,8,931
07/01/2024,9,1276
07/01/2024,10,1452
07/01/2024,11,1653
07/01/2024,12,1938
07/01/2024,13,2170
07/01/2024,14,2309
07/01/2024,15,2417
07/01/2024,16,2589
07/01/2024,17,2408
07/01/2024,18,2070
07/01/2024,19,1572
07/01/2024,20,1443
07/01/2024,21,1258
07/01/2024,22,1120
07/01/2024,23,874
07/02/2022,0,495
07/02/2022,1,332
07/02/2022,2,195
07/02/2022,3,149
07/02/2022,4,193
07/02/2022,5,462
07/02/2022,6,990
07/02/2022,7,2596
07/02/2022,8,4962
07/02/2022,9,2675
07/02/2022,10,1918
07/02/2022,11,2305
07/02/2022,12,2551
07/02/2022,13,2519
07/02/2022,14,2599
07/02/2022,15,2601
07/02/2022,16,3041
07/02/2022,17,4289
07/02/2022,18,6087
07/02/2022,19,3666
07/02/2022,20,2705
07/02/2022,21,2702
07/02/2022,22,1563
07/02/2022,23,854
07/02/2023,0,1483
07/02/2023,1,1109
07/02/2023,2,756
07/02/2023,3,461
07/02/2023,4,398
07/02/2023,5,906
07/02/2023,6,1852
07/02/2023,7,4560
07/02/2023,8,8265
07/02/2023,9,4130
07/02/2023,10,2866
07/02/2023,11,3332
07/02/2023,12,3698
07/02/2023,13,3738
07/02/2023,14,3656
07/02/2023,15,3876
07/02/2023,16,4851
07/02/2023,17,7031
07/02/2023,18,9611
07/02/2023,19,5892
07/02/2023,20,4619
07/02/2023,21,4075
07/02/2023,22,3301
07/02/2023,23,2062
07/02/2024,0,1236
07/02/2024,1,874
07/02/2024,2,1632
07/02/2024,3,705
07/02/2024,4,519
07/02/2024,5,946
07/02/2024,6,2121
07/02/2024,7,4873
07/02/2024,8,8580
07/02/2024,9,4507
07/02/2024,10,3008
07/02/2024,11,3358
07/02/2024,12,3565
07/02/2024,13,1753
07/02/2024,14,3513
07/02/2024,15,3794
07/02/2024,16,4547
07/02/2024,17,6805
07/02/2024,18,8785
07/02/2024,19,5289
07/02/2024,20,4087
07/02/2024,21,3579
07/02/2024,22,3251
07/02/2024,23,2048
07/03/2022,0,804
07/03/2022,1,442
07/03/2022,2,266
07/03/2022,3,196
07/03/2022,4,239
07/03/2022,5,568
07/03/2022,6,1358
07/03/2022,7,3631
07/03/2022,8,6358
07/03/2022,9,3185
07/03/2022,10,2387
07/03/2022,11,2998
07/03/2022,12,3438
07/03/2022,13,3344
07/03/2022,14,3464
07/03/2022,15,3738
07/03/2022,16,4461
07/03/2022,17,6087
07/03/2022,18,8293
07/03/2022,19,5058
07/03/2022,20,3872
07/03/2022,21,3391
07/03/2022,22,2781
07/03/2022,23,1715
07/03/2023,0,2174
07/03/2023,1,1474
07/03/2023,2,915
07/03/2023,3,621
07/03/2023,4,479
07/03/2023,5,1188
07/03/2023,6,2794
07/03/2023,7,7940
07/03/2023,8,11995
07/03/2023,9,5848
07/03/2023,10,3941
07/03/2023,11,4755
07/03/2023,12,5076
07/03/2023,13,5105
07/03/2023,14,5196
07/03/2023,15,5953
07/03/2023,16,8251
07/03/2023,17,11368
07/03/2023,18,15177
07/03/2023,19,9378
07/03/2023,20,7469
07/03/2023,21,6748
07/03/2023,22,5452
07/03/2023,23,3196
07/03/2024,0,1814
07/03/2024,1,1281
07/03/2024,2,835
07/03/2024,3,591
07/03/2024,4,580
07/03/2024,5,1207
07/03/2024,6,2907
07/03/2024,7,7870
07/03/2024,8,11545
07/03/2024,9,5405
07/03/2024,10,3454
07/03/2024,11,3667
07/03/2024,12,3944
07/03/2024,13,3797
07/03/2024,14,2852
07/03/2024,15,2212
07/03/2024,16,4709
07/03/2024,17,7366
07/03/2024,18,10564
07/03/2024,19,6279
07/03/2024,20,4848
07/03/2024,21,4432
07/03/2024,22,3743
07/03/2024,23,2186
07/04/2022,0,3174
07/04/2022,1,1601
07/04/2022,2,794
07/04/2022,3,495
07/04/2022,4,415
07/04/2022,5,900
07/04/2022,6,2247
07/04/2022,7,6566
07/04/2022,8,10641
07/04/2022,9,5565
07/04/2022,10,3978
07/04/2022,11,5031
07/04/2022,12,5795
07/04/2022,13,5646
07/04/2022,14,5726
07/04/2022,15,6406
07/04/2022,16,8103
07/04/2022,17,10693
07/04/2022,18,14193
07/04/2022,19,8308
07/04/2022,20,6315
07/04/2022,21,6057
07/04/2022,22,4866
07/04/2022,23,3265
07/04/2023,0,1862
07/04/2023,1,1484
07/04/2023,2,962
07/04/2023,3,601
07/04/2023,4,633
07/04/2023,5,1096
07/04/2023,6,2617
07/04/2023,7,7639
07/04/2023,8,12302
07/04/2023,9,6373
07/04/2023,10,4850
07/04/2023,11,5948
07/04/2023,12,6710
07/04/2023,13,6654
07/04/2023,14,6778
07/04/2023,15,8021
07/04/2023,16,9745
07/04/2023,17,13004
07/04/2023,18,15148
07/04/2023,19,8633
07/04/2023,20,5873
07/04/2023,21,5468
07/04/2023,22,4958
07/04/2023,23,3284
07/04/2024,0,3438
07/04/2024,1,2427
07/04/2024,2,1471
07/04/2024,3,1078
07/04/2024,4,666
07/04/2024,5,623
07/04/2024,6,1043
07/04/2024,7,2025
07/04/2024,8,3424
07/04/2024,9,4759
07/04/2024,10,6106
07/04/2024,11,7276
07/04/2024,12,9245
07/04/2024,13,11188
07/04/2024,14,12705
07/04/2024,15,13997
07/04/2024,16,14494
07/04/2024,17,14108
07/04/2024,18,12816
07/04/2024,19,9698
07/04/2024,20,7919
07/04/2024,21,6657
07/04/2024,22,4905
07/04/2024,23,3137
07/05/2022,0,4728
07/05/2022,1,3059
07/05/2022,2,1955
07/05/2022,3,1194
07/05/2022,4,582
07/05/2022,5,769
07/05/2022,6,1290
07/05/2022,7,2125
07/05/2022,8,4078
07/05/2022,9,4749
07/05/2022,10,5691
07/05/2022,11,6793
07/05/2022,12,7922
07/05/2022,13,8596
07/05/2022,14,9281
07/05/2022,15,10121
07/05/2022,16,11044
07/05/2022,17,11387
07/05/2022,18,10416
07/05/2022,19,8976
07/05/2022,20,8438
07/05/2022,21,8127
07/05/2022,22,6847
07/05/2022,23,5184
07/05/2023,0,2887
07/05/2023,1,2123
07/05/2023,2,1456
07/05/2023,3,956
07/05/2023,4,672
07/05/2023,5,628
07/05/2023,6,958
07/05/2023,7,1649
07/05/2023,8,2647
07/05/2023,9,3683
07/05/2023,10,4500
07/05/2023,11,5296
07/05/2023,12,6647
07/05/2023,13,7709
07/05/2023,14,8316
07/05/2023,15,9378
07/05/2023,16,10181
07/05/2023,17,10790
07/05/2023,18,10071
07/05/2023,19,9004
07/05/2023,20,7771
07/05/2023,21,6864
07/05/2023,22,5034
07/05/2023,23,3528
07/05/2024,0,1056
07/05/2024,1,697
07/05/2024,2,411
07/05/2024,3,360
07/05/2024,4,323
07/05/2024,5,438
07/05/2024,6,814
07/05/2024,7,3709
07/05/2024,8,3201
07/05/2024,9,2230
07/05/2024,10,2949
07/05/2024,11,3675
07/05/2024,12,3846
07/05/2024,13,2196
07/05/2024,14,1622
07/05/2024,15,3112
07/05/2024,16,5311
07/05/2024,17,5430
07/05/2024,18,6995
07/05/2024,19,5181
07/05/2024,20,5563
07/05/2024,21,5887
07/05/2024,22,5313
07/05/2024,23,3074
07/06/2022,0,3230
07/06/2022,1,1956
07/06/2022,2,1071
07/06/2022,3,663
07/06/2022,4,677
07/06/2022,5,1724
07/06/2022,6,4138
07/06/2022,7,10441
07/06/2022,8,14747
07/06/2022,9,7288
07/06/2022,10,5098
07/06/2022,11,6056
07/06/2022,12,6718
07/06/2022,13,6335
07/06/2022,14,6470
07/06/2022,15,7160
07/06/2022,16,10490
07/06/2022,17,14484
07/06/2022,18,21074
07/06/2022,19,13879
07/06/2022,20,11515
07/06/2022,21,10387
07/06/2022,22,8670
07/06/2022,23,5117
07/06/2023,0,3409
07/06/2023,1,2009
07/06/2023,2,1259
07/06/2023,3,886
07/06/2023,4,807
07/06/2023,5,1978
07/06/2023,6,4531
07/06/2023,7,11957
07/06/2023,8,16786
07/06/2023,9,8118
07/06/2023,10,5614
07/06/2023,11,6460
07/06/2023,12,7095
07/06/2023,13,6833
07/06/2023,14,6971
07/06/2023,15,8092
07/06/2023,16,10969
07/06/2023,17,16428
07/06/2023,18,22629
07/06/2023,19,15054
07/06/2023,20,12472
07/06/2023,21,11427
07/06/2023,22,9299
07/06/2023,23,5501
07/06/2024,0,3735
07/06/2024,1,2216
07/06/2024,2,1421
07/06/2024,3,912
07/06/2024,4,881
07/06/2024,5,1870
07/06/2024,6,4279
07/06/2024,7,9386
07/06/2024,8,13462
07/06/2024,9,7752
07/06/2024,10,6298
07/06/2024,11,7293
07/06/2024,12,7784
07/06/2024,13,7550
07/06/2024,14,8004
07/06/2024,15,8875
07/06/2024,16,10893
07/06/2024,17,15319
07/06/2024,18,18895
07/06/2024,19,13109
07/06/2024,20,9395
07/06/2024,21,7135
07/06/2024,22,6529
07/06/2024,23,3164
07/07/2022,0,1947
07/07/2022,1,1659
07/07/2022,2,1130
07/07/2022,3,750
07/07/2022,4,686
07/07/2022,5,1560
07/07/2022,6,3375
07/07/2022,7,8863
07/07/2022,8,12935
07/07/2022,9,6272
07/07/2022,10,4294
07/07/2022,11,5017
07/07/2022,12,5397
07/07/2022,13,4821
07/07/2022,14,3590
07/07/2022,15,4846
07/07/2022,16,7182
07/07/2022,17,9095
07/07/2022,18,10927
07/07/2022,19,5821
07/07/2022,20,4161
07/07/2022,21,4158
07/07/2022,22,4470
07/07/2022,23,3907
07/07/2023,0,3990
07/07/2023,1,2709
07/07/2023,2,1657
07/07/2023,3,1190
07/07/2023,4,1043
07/07/2023,5,2045
07/07/2023,6,4687
07/07/2023,7,11511
07/07/2023,8,15753
07/07/2023,9,7923
07/07/2023,10,5577
07/07/2023,11,6282
07/07/2023,12,6627
07/07/2023,13,6267
07/07/2023,14,6360
07/07/2023,15,7288
07/07/2023,16,9439
07/07/2023,17,14785
07/07/2023,18,19974
07/07/2023,19,14354
07/07/2023,20,12641
07/07/2023,21,11737
07/07/2023,22,10416
07/07/2023,23,6951
07/07/2024,0,2729
07/07/2024,1,2121
07/07/2024,2,1528
07/07/2024,3,1044
07/07/2024,4,777
07/07/2024,5,957
07/07/2024,6,1495
07/07/2024,7,2242
07/07/2024,8,3441
07/07/2024,9,4596
07/07/2024,10,5248
07/07/2024,11,5805
07/07/2024,12,6664
07/07/2024,13,7133
07/07/2024,14,7739
07/07/2024,15,8161
07/07/2024,16,8924
07/07/2024,17,6634
07/07/2024,18,778
07/07/2024,19,520
07/07/2024,20,664
07/07/2024,21,665
07/07/2024,22,1170
07/07/2024,23,1427
07/08/2022,0,3701
07/08/2022,1,2478
07/08/2022,2,1643
07/08/2022,3,1109
07/08/2022,4,787
07/08/2022,5,834
07/08/2022,6,1259
07/08/2022,7,1954
07/08/2022,8,2440
07/08/2022,9,3063
07/08/2022,10,3532
07/08/2022,11,4141
07/08/2022,12,5100
07/08/2022,13,5137
07/08/2022,14,5439
07/08/2022,15,6254
07/08/2022,16,6728
07/08/2022,17,7858
07/08/2022,18,8286
07/08/2022,19,8121
07/08/2022,20,7943
07/08/2022,21,5842
07/08/2022,22,2411
07/08/2022,23,1883
07/08/2023,0,2692
07/08/2023,1,1703
07/08/2023,2,1116
07/08/2023,3,777
07/08/2023,4,726
07/08/2023,5,1886
07/08/2023,6,4314
07/08/2023,7,8612
07/08/2023,8,12296
07/08/2023,9,6171
07/08/2023,10,4199
07/08/2023,11,4727
07/08/2023,12,5011
07/08/2023,13,4553
07/08/2023,14,4159
07/08/2023,15,4763
07/08/2023,16,6206
07/08/2023,17,11075
07/08/2023,18,15722
07/08/2023,19,12070
07/08/2023,20,10499
07/08/2023,21,9626
07/08/2023,22,7957
07/08/2023,23,4694
07/08/2024,0,2897
07/08/2024,1,1890
07/08/2024,2,1266
07/08/2024,3,921
07/08/2024,4,818
07/08/2024,5,1955
07/08/2024,6,4416
07/08/2024,7,8767
07/08/2024,8,13267
07/08/2024,9,5961
07/08/2024,10,1744
07/08/2024,11,3772
07/08/2024,12,4659
07/08/2024,13,4381
07/08/2024,14,4221
07/08/2024,15,4707
07/08/2024,16,6411
07/08/2024,17,11136
07/08/2024,18,16196
07/08/2024,19,11480
07/08/2024,20,9613
07/08/2024,21,8881
07/08/2024,22,7413
07/08/2024,23,4269
07/09/2022,0,3638
07/09/2022,1,2524
07/09/2022,2,1513
07/09/2022,3,941
07/09/2022,4,738
07/09/2022,5,1480
07/09/2022,6,3692
07/09/2022,7,9939
07/09/2022,8,14604
07/09/2022,9,7440
07/09/2022,10,5192
07/09/2022,11,6060
07/09/2022,12,6423
07/09/2022,13,6150
07/09/2022,14,6148
07/09/2022,15,7270
07/09/2022,16,9848
07/09/2022,17,14277
07/09/2022,18,20587
07/09/2022,19,13884
07/09/2022,20,11772
07/09/2022,21,10826
07/09/2022,22,9212
07/09/2022,23,5766
07/09/2023,0,3606
07/09/2023,1,2389
07/09/2023,2,1518
07/09/2023,3,1017
07/09/2023,4,903
07/09/2023,5,2108
07/09/2023,6,5115
07/09/2023,7,7315
07/09/2023,8,136
07/09/2023,9,36
07/09/2023,10,25
07/09/2023,11,5375
07/09/2023,12,5927
07/09/2023,13,5647
07/09/2023,14,5490
07/09/2023,15,6488
07/09/2023,16,9956
07/09/2023,17,14011
07/09/2023,18,6152
07/09/2023,19,10983
07/09/2023,20,11850
07/09/2023,21,11052
07/09/2023,22,9291
07/09/2023,23,5492
07/09/2024,0,3715
07/09/2024,1,2902
07/09/2024,2,2065
07/09/2024,3,1402
07/09/2024,4,1110
07/09/2024,5,1375
07/09/2024,6,2184
07/09/2024,7,3416
07/09/2024,8,5492
07/09/2024,9,6390
07/09/2024,10,6217
07/09/2024,11,6790
07/09/2024,12,7818
07/09/2024,13,7587
07/09/2024,14,7584
07/09/2024,15,8256
07/09/2024,16,9194
07/09/2024,17,10685
07/09/2024,18,11045
07/09/2024,19,10602
07/09/2024,20,10042
07/09/2024,21,9500
07/09/2024,22,8015
07/09/2024,23,5590
07/10/2022,0,3652
07/10/2022,1,2408
07/10/2022,2,1449
07/10/2022,3,950
07/10/2022,4,750
07/10/2022,5,1504
07/10/2022,6,3531
07/10/2022,7,10031
07/10/2022,8,15560
07/10/2022,9,7992
07/10/2022,10,5960
07/10/2022,11,6990
07/10/2022,12,7635
07/10/2022,13,7339
07/10/2022,14,7581
07/10/2022,15,8840
07/10/2022,16,11137
07/10/2022,17,15632
07/10/2022,18,19009
07/10/2022,19,12155
07/10/2022,20,9736
07/10/2022,21,8856
07/10/2022,22,7912
07/10/2022,23,5374
07/10/2023,0,4556
07/10/2023,1,3161
07/10/2023,2,2155
07/10/2023,3,1364
07/10/2023,4,998
07/10/2023,5,1215
07/10/2023,6,2031
07/10/2023,7,3301
07/10/2023,8,6015
07/10/2023,9,7139
07/10/2023,10,7992
07/10/2023,11,8791
07/10/2023,12,10127
07/10/2023,13,10767
07/10/2023,14,11267
07/10/2023,15,12223
07/10/2023,16,13126
07/10/2023,17,13656
07/10/2023,18,13643
07/10/2023,19,11251
07/10/2023,20,10659
07/10/2023,21,9032
07/10/2023,22,5804
07/10/2023,23,6711
07/10/2024,0,2314
07/10/2024,1,1489
07/10/2024,2,944
07/10/2024,3,716
07/10/2024,4,848
07/10/2024,5,2018
07/10/2024,6,4592
07/10/2024,7,11537
07/10/2024,8,15302
07/10/2024,9,7712
07/10/2024,10,5662
07/10/2024,11,6287
07/10/2024,12,6497
07/10/2024,13,6421
07/10/2024,14,6498
07/10/2024,15,7422
07/10/2024,16,9624
07/10/2024,17,14574
07/10/2024,18,19543
07/10/2024,19,12558
07/10/2024,20,10480
07/10/2024,21,9290
07/10/2024,22,7403
07/10/2024,23,4154
07/11/2022,0,2174
07/11/2022,1,1215
07/11/2022,2,812
07/11/2022,3,537
07/11/2022,4,547
07/11/2022,5,1238
07/11/2022,6,2995
07/11/2022,7,8546
07/11/2022,8,14223
07/11/2022,9,6838
07/11/2022,10,4686
07/11/2022,11,5312
07/11/2022,12,5944
07/11/2022,13,5867
07/11/2022,14,5856
07/11/2022,15,6858
07/11/2022,16,8883
07/11/2022,17,11803
07/11/2022,18,16384
07/11/2022,19,10219
07/11/2022,20,8543
07/11/2022,21,7575
07/11/2022,22,5922
07/11/2022,23,3697
07/11/2023,0,764
07/11/2023,1,814
07/11/2023,2,608
07/11/2023,3,505
07/11/2023,4,548
07/11/2023,5,1330
07/11/2023,6,3208
07/11/2023,7,9046
07/11/2023,8,13489
07/11/2023,9,6747
07/11/2023,10,4640
07/11/2023,11,5125
07/11/2023,12,5415
07/11/2023,13,5569
07/11/2023,14,5373
07/11/2023,15,6235
07/11/2023,16,9123
07/11/2023,17,12131
07/11/2023,18,15034
07/11/2023,19,9428
07/11/2023,20,7385
07/11/2023,21,6791
07/11/2023,22,5771
07/11/2023,23,3298
07/11/2024,0,2042
07/11/2024,1,1405
07/11/2024,2,864
07/11/2024,3,614
07/11/2024,4,599
07/11/2024,5,1505
07/11/2024,6,3354
07/11/2024,7,9757
07/11/2024,8,14477
07/11/2024,9,6469
07/11/2024,10,4274
07/11/2024,11,5158
07/11/2024,12,5513
07/11/2024,13,5413
07/11/2024,14,5596
07/11/2024,15,6436
07/11/2024,16,9063
07/11/2024,17,12128
07/11/2024,18,14925
07/11/2024,19,9022
07/11/2024,20,7147
07/11/2024,21,6326
07/11/2024,22,5277
07/11/2024,23,3067
07/12/2022,0,1799
07/12/2022,1,1172
07/12/2022,2,597
07/12/2022,3,393
07/12/2022,4,316
07/12/2022,5,799
07/12/2022,6,1883
07/12/2022,7,5028
07/12/2022,8,9400
07/12/2022,9,4847
07/12/2022,10,3407
07/12/2022,11,4004
07/12/2022,12,4326
07/12/2022,13,4187
07/12/2022,14,3935
07/12/2022,15,4410
07/12/2022,16,5460
07/12/2022,17,7448
07/12/2022,18,10092
07/12/2022,19,6443
07/12/2022,20,5136
07/12/2022,21,4601
07/12/2022,22,3992
07/12/2022,23,2520
07/12/2023,0,1961
07/12/2023,1,1368
07/12/2023,2,865
07/12/2023,3,682
07/12/2023,4,579
07/12/2023,5,1268
07/12/2023,6,2831
07/12/2023,7,7338
07/12/2023,8,11640
07/12/2023,9,5795
07/12/2023,10,4090
07/12/2023,11,4589
07/12/2023,12,4906
07/12/2023,13,4929
07/12/2023,14,4723
07/12/2023,15,5286
07/12/2023,16,7075
07/12/2023,17,9794
07/12/2023,18,12432
07/12/2023,19,7815
07/12/2023,20,6164
07/12/2023,21,5903
07/12/2023,22,5056
07/12/2023,23,3137
07/12/2024,0,2001
07/12/2024,1,1626
07/12/2024,2,1232
07/12/2024,3,863
07/12/2024,4,564
07/12/2024,5,682
07/12/2024,6,921
07/12/2024,7,1421
07/12/2024,8,2759
07/12/2024,9,3379
07/12/2024,10,3550
07/12/2024,11,3799
07/12/2024,12,4188
07/12/2024,13,4452
07/12/2024,14,4829
07/12/2024,15,5190
07/12/2024,16,5069
07/12/2024,17,4275
07/12/2024,18,3937
07/12/2024,19,2818
07/12/2024,20,2418
07/12/2024,21,2461
07/12/2024,22,2312
07/12/2024,23,1741
08/01/2022,0,882
08/01/2022,1,656
08/01/2022,2,492
08/01/2022,3,343
08/01/2022,4,282
08/01/2022,5,373
08/01/2022,6,476
08/01/2022,7,773
08/01/2022,8,1600
08/01/2022,9,2161
08/01/2022,10,2215
08/01/2022,11,2661
08/01/2022,12,3223
08/01/2022,13,3319
08/01/2022,14,3370
08/01/2022,15,3265
08/01/2022,16,3367
08/01/2022,17,3287
08/01/2022,18,2753
08/01/2022,19,2250
08/01/2022,20,2187
08/01/2022,21,2527
08/01/2022,22,1791
08/01/2022,23,1109
08/01/2023,0,1567
08/01/2023,1,1052
08/01/2023,2,762
08/01/2023,3,518
08/01/2023,4,369
08/01/2023,5,346
08/01/2023,6,412
08/01/2023,7,650
08/01/2023,8,1145
08/01/2023,9,1515
08/01/2023,10,1869
08/01/2023,11,2175
08/01/2023,12,2640
08/01/2023,13,3206
08/01/2023,14,3181
08/01/2023,15,3556
08/01/2023,16,3515
08/01/2023,17,3561
08/01/2023,18,2907
08/01/2023,19,2353
08/01/2023,20,2020
08/01/2023,21,2123
08/01/2023,22,1824
08/01/2023,23,1354
08/01/2024,0,741
08/01/2024,1,496
08/01/2024,2,379
08/01/2024,3,298
08/01/2024,4,328
08/01/2024,5,820
08/01/2024,6,1707
08/01/2024,7,3444
08/01/2024,8,6151
08/01/2024,9,2930
08/01/2024,10,2006
08/01/2024,11,2299
08/01/2024,12,2659
08/01/2024,13,2618
08/01/2024,14,2799
08/01/2024,15,2877
08/01/2024,16,3536
08/01/2024,17,5668
08/01/2024,18,7577
08/01/2024,19,4578
08/01/2024,20,3591
08/01/2024,21,3057
08/01/2024,22,2766
08/01/2024,23,1629
08/02/2022,0,663
08/02/2022,1,477
08/02/2022,2,325
08/02/2022,3,236
08/02/2022,4,255
08/02/2022,5,517
08/02/2022,6,1095
08/02/2022,7,2830
08/02/2022,8,5580
08/02/2022,9,2733
08/02/2022,10,1995
08/02/2022,11,2530
08/02/2022,12,2810
08/02/2022,13,2808
08/02/2022,14,2907
08/02/2022,15,3037
08/02/2022,16,3573
08/02/2022,17,5101
08/02/2022,18,6656
08/02/2022,19,3965
08/02/2022,20,3029
08/02/2022,21,2983
08/02/2022,22,1797
08/02/2022,23,1020
08/02/2023,0,1634
08/02/2023,1,1224
08/02/2023,2,817
08/02/2023,3,518
08/02/2023,4,426
08/02/2023,5,871
08/02/2023,6,1853
08/02/2023,7,4503
08/02/2023,8,8291
08/02/2023,9,4300
08/02/2023,10,2864
08/02/2023,11,3437
08/02/2023,12,3781
08/02/2023,13,3945
08/02/2023,14,3974
08/02/2023,15,4208
08/02/2023,16,4991
08/02/2023,17,7065
08/02/2023,18,9290
08/02/2023,19,5509
08/02/2023,20,4271
08/02/2023,21,3918
08/02/2023,22,3183
08/02/2023,23,1976
08/02/2024,0,1676
08/02/2024,1,1238
08/02/2024,2,851
08/02/2024,3,598
08/02/2024,4,509
08/02/2024,5,876
08/02/2024,6,1948
08/02/2024,7,4396
08/02/2024,8,7812
08/02/2024,9,4310
08/02/2024,10,3162
08/02/2024,11,3683
08/02/2024,12,4261
08/02/2024,13,4534
08/02/2024,14,5046
08/02/2024,15,5940
08/02/2024,16,6946
08/02/2024,17,7336
08/02/2024,18,6928
08/02/2024,19,4441
08/02/2024,20,3545
08/02/2024,21,3189
08/02/2024,22,2670
08/02/2024,23,1871
08/03/2022,0,1042
08/03/2022,1,683
08/03/2022,2,446
08/03/2022,3,295
08/03/2022,4,267
08/03/2022,5,646
08/03/2022,6,1403
08/03/2022,7,3989
08/03/2022,8,6892
08/03/2022,9,3524
08/03/2022,10,2642
08/03/2022,11,3387
08/03/2022,12,3668
08/03/2022,13,3629
08/03/2022,14,3823
08/03/2022,15,4195
08/03/2022,16,5157
08/03/2022,17,6796
08/03/2022,18,9066
08/03/2022,19,5552
08/03/2022,20,4351
08/03/2022,21,3827
08/03/2022,22,3347
08/03/2022,23,2538
08/03/2023,0,2129
08/03/2023,1,1546
08/03/2023,2,927
08/03/2023,3,637
08/03/2023,4,565
08/03/2023,5,1132
08/03/2023,6,2770
08/03/2023,7,7978
08/03/2023,8,12457
08/03/2023,9,5905
08/03/2023,10,4175
08/03/2023,11,4807
08/03/2023,12,5234
08/03/2023,13,4846
08/03/2023,14,4680
08/03/2023,15,5644
08/03/2023,16,7174
08/03/2023,17,9742
08/03/2023,18,14048
08/03/2023,19,8450
08/03/2023,20,7013
08/03/2023,21,6602
08/03/2023,22,5704
08/03/2023,23,2263
08/03/2024,0,1775
08/03/2024,1,1236
08/03/2024,2,789
08/03/2024,3,571
08/03/2024,4,510
08/03/2024,5,1053
08/03/2024,6,2600
08/03/2024,7,7265
08/03/2024,8,10446
08/03/2024,9,4868
08/03/2024,10,3308
08/03/2024,11,4078
08/03/2024,12,4226
08/03/2024,13,4201
08/03/2024,14,4314
08/03/2024,15,5356
08/03/2024,16,6412
08/03/2024,17,8453
08/03/2024,18,9907
08/03/2024,19,5503
08/03/2024,20,3838
08/03/2024,21,3581
08/03/2024,22,3238
08/03/2024,23,2180
08/04/2022,0,3005
08/04/2022,1,1508
08/04/2022,2,781
08/04/2022,3,469
08/04/2022,4,406
08/04/2022,5,869
08/04/2022,6,2157
08/04/2022,7,6290
08/04/2022,8,10188
08/04/2022,9,5630
08/04/2022,10,4430
08/04/2022,11,5639
08/04/2022,12,6509
08/04/2022,13,6228
08/04/2022,14,6940
08/04/2022,15,8060
08/04/2022,16,9661
08/04/2022,17,12651
08/04/2022,18,15936
08/04/2022,19,9833
08/04/2022,20,7671
08/04/2022,21,7242
08/04/2022,22,6599
08/04/2022,23,4825
08/04/2023,0,2849
08/04/2023,1,2116
08/04/2023,2,1448
08/04/2023,3,916
08/04/2023,4,692
08/04/2023,5,792
08/04/2023,6,1243
08/04/2023,7,2378
08/04/2023,8,4507
08/04/2023,9,5738
08/04/2023,10,6212
08/04/2023,11,7258
08/04/2023,12,8571
08/04/2023,13,9347
08/04/2023,14,10182
08/04/2023,15,10885
08/04/2023,16,11144
08/04/2023,17,10528
08/04/2023,18,9192
08/04/2023,19,6625
08/04/2023,20,5427
08/04/2023,21,5325
08/04/2023,22,4933
08/04/2023,23,3672
08/04/2024,0,2319
08/04/2024,1,1417
08/04/2024,2,819
08/04/2024,3,622
08/04/2024,4,629
08/04/2024,5,1488
08/04/2024,6,4082
08/04/2024,7,10530
08/04/2024,8,14087
08/04/2024,9,6804
08/04/2024,10,4631
08/04/2024,11,5842
08/04/2024,12,6235
08/04/2024,13,6070
08/04/2024,14,6258
08/04/2024,15,7686
08/04/2024,16,9933
08/04/2024,17,14408
08/04/2024,18,19595
08/04/2024,19,12133
08/04/2024,20,9955
08/04/2024,21,8864
08/04/2024,22,7288
08/04/2024,23,4114
08/05/2022,0,4283
08/05/2022,1,2880
08/05/2022,2,1914
08/05/2022,3,1085
08/05/2022,4,803
08/05/2022,5,680
08/05/2022,6,988
08/05/2022,7,1651
08/05/2022,8,2592
08/05/2022,9,3542
08/05/2022,10,4466
08/05/2022,11,5260
08/05/2022,12,6209
08/05/2022,13,6996
08/05/2022,14,7490
08/05/2022,15,8310
08/05/2022,16,8037
08/05/2022,17,6605
08/05/2022,18,5012
08/05/2022,19,2204
08/05/2022,20,551
08/05/2022,21,294
08/05/2022,22,467
08/05/2022,23,1122
08/05/2023,0,2517
08/05/2023,1,1538
08/05/2023,2,923
08/05/2023,3,539
08/05/2023,4,590
08/05/2023,5,1573
08/05/2023,6,3950
08/05/2023,7,10656
08/05/2023,8,14966
08/05/2023,9,7505
08/05/2023,10,5235
08/05/2023,11,6337
08/05/2023,12,6896
08/05/2023,13,6692
08/05/2023,14,6643
08/05/2023,15,7844
08/05/2023,16,10653
08/05/2023,17,15462
08/05/2023,18,21920
08/05/2023,19,13895
08/05/2023,20,10870
08/05/2023,21,9632
08/05/2023,22,7554
08/05/2023,23,4259
08/05/2024,0,2283
08/05/2024,1,1609
08/05/2024,2,1034
08/05/2024,3,739
08/05/2024,4,666
08/05/2024,5,1626
08/05/2024,6,4353
08/05/2024,7,11195
08/05/2024,8,15113
08/05/2024,9,7548
08/05/2024,10,5364
08/05/2024,11,6199
08/05/2024,12,7030
08/05/2024,13,6675
08/05/2024,14,6857
08/05/2024,15,8145
08/05/2024,16,10746
08/05/2024,17,16010
08/05/2024,18,21000
08/05/2024,19,13031
08/05/2024,20,9875
08/05/2024,21,8874
08/05/2024,22,6935
08/05/2024,23,3930
08/06/2022,0,3503
08/06/2022,1,2124
08/06/2022,2,1413
08/06/2022,3,864
08/06/2022,4,702
08/06/2022,5,1709
08/06/2022,6,4085
08/06/2022,7,10999
08/06/2022,8,15884
08/06/2022,9,7605
08/06/2022,10,5206
08/06/2022,11,6150
08/06/2022,12,6596
08/06/2022,13,6353
08/06/2022,14,6408
08/06/2022,15,7462
08/06/2022,16,10180
08/06/2022,17,14687
08/06/2022,18,20937
08/06/2022,19,13723
08/06/2022,20,11457
08/06/2022,21,10635
08/06/2022,22,8721
08/06/2022,23,5472
08/06/2023,0,3634
08/06/2023,1,2520
08/06/2023,2,1515
08/06/2023,3,948
08/06/2023,4,873
08/06/2023,5,2004
08/06/2023,6,4839
08/06/2023,7,12727
08/06/2023,8,17389
08/06/2023,9,8470
08/06/2023,10,5866
08/06/2023,11,6280
08/06/2023,12,6441
08/06/2023,13,5712
08/06/2023,14,3268
08/06/2023,15,6319
08/06/2023,16,10467
08/06/2023,17,15273
08/06/2023,18,21672
08/06/2023,19,14257
08/06/2023,20,8312
08/06/2023,21,4654
08/06/2023,22,4197
08/06/2023,23,1551
08/06/2024,0,2504
08/06/2024,1,1980
08/06/2024,2,1326
08/06/2024,3,754
08/06/2024,4,536
08/06/2024,5,853
08/06/2024,6,995
08/06/2024,7,758
08/06/2024,8,350
08/06/2024,9,125
08/06/2024,10,443
08/06/2024,11,1642
08/06/2024,12,3684
08/06/2024,13,4946
08/06/2024,14,6245
08/06/2024,15,7887
08/06/2024,16,9477
08/06/2024,17,10465
08/06/2024,18,10941
08/06/2024,19,10400
08/06/2024,20,9923
08/06/2024,21,9117
08/06/2024,22,7488
08/06/2024,23,5328
08/07/2022,0,3254
08/07/2022,1,1572
08/07/2022,2,903
08/07/2022,3,725
08/07/2022,4,648
08/07/2022,5,1399
08/07/2022,6,3251
08/07/2022,7,8081
08/07/2022,8,10765
08/07/2022,9,5355
08/07/2022,10,4102
08/07/2022,11,5048
08/07/2022,12,4923
08/07/2022,13,5226
08/07/2022,14,5713
08/07/2022,15,6825
08/07/2022,16,8338
08/07/2022,17,12399
08/07/2022,18,16761
08/07/2022,19,11849
08/07/2022,20,10269
08/07/2022,21,9580
08/07/2022,22,8268
08/07/2022,23,5079
08/07/2023,0,5298
08/07/2023,1,3852
08/07/2023,2,2553
08/07/2023,3,1663
08/07/2023,4,1249
08/07/2023,5,1490
08/07/2023,6,2247
08/07/2023,7,3384
08/07/2023,8,5705
08/07/2023,9,6414
08/07/2023,10,6997
08/07/2023,11,7473
08/07/2023,12,8199
08/07/2023,13,7967
08/07/2023,14,8035
08/07/2023,15,8201
08/07/2023,16,9365
08/07/2023,17,10408
08/07/2023,18,10696
08/07/2023,19,9812
08/07/2023,20,9590
08/07/2023,21,9687
08/07/2023,22,8235
08/07/2023,23,5903
08/07/2024,0,1252
08/07/2024,1,897
08/07/2024,2,591
08/07/2024,3,249
08/07/2024,4,221
08/07/2024,5,369
08/07/2024,6,1371
08/07/2024,7,5281
08/07/2024,8,7256
08/07/2024,9,3270
08/07/2024,10,2154
08/07/2024,11,1259
08/07/2024,12,747
08/07/2024,13,244
08/07/2024,14,322
08/07/2024,15,1350
08/07/2024,16,3008
08/07/2024,17,5868
08/07/2024,18,2055
08/07/2024,19,513
08/07/2024,20,2358
08/07/2024,21,2953
08/07/2024,22,3090
08/07/2024,23,2410
08/08/2022,0,2110
08/08/2022,1,1471
08/08/2022,2,995
08/08/2022,3,675
08/08/2022,4,622
08/08/2022,5,760
08/08/2022,6,519
08/08/2022,7,1177
08/08/2022,8,1333
08/08/2022,9,1751
08/08/2022,10,1967
08/08/2022,11,1810
08/08/2022,12,169
08/08/2022,13,129
08/08/2022,14,196
08/08/2022,15,252
08/08/2022,16,1217
08/08/2022,17,755
08/08/2022,18,347
08/08/2022,19,795
08/08/2022,20,581
08/08/2022,21,474
08/08/2022,22,682
08/08/2022,23,830
08/08/2023,0,3143
08/08/2023,1,2085
08/08/2023,2,1257
08/08/2023,3,981
08/08/2023,4,856
08/08/2023,5,2090
08/08/2023,6,4608
08/08/2023,7,9198
08/08/2023,8,13351
08/08/2023,9,6631
08/08/2023,10,4406
08/08/2023,11,4836
08/08/2023,12,4959
08/08/2023,13,4556
08/08/2023,14,4262
08/08/2023,15,4556
08/08/2023,16,6176
08/08/2023,17,11178
08/08/2023,18,17103
08/08/2023,19,12509
08/08/2023,20,11386
08/08/2023,21,10003
08/08/2023,22,8492
08/08/2023,23,4971
08/08/2024,0,2982
08/08/2024,1,1995
08/08/2024,2,1200
08/08/2024,3,939
08/08/2024,4,791
08/08/2024,5,1632
08/08/2024,6,3157
08/08/2024,7,6423
08/08/2024,8,10180
08/08/2024,9,5802
08/08/2024,10,4030
08/08/2024,11,4980
08/08/2024,12,4724
08/08/2024,13,3678
08/08/2024,14,4445
08/08/2024,15,5354
08/08/2024,16,6455
08/08/2024,17,11305
08/08/2024,18,15937
08/08/2024,19,11159
08/08/2024,20,9717
08/08/2024,21,8863
08/08/2024,22,7291
08/08/2024,23,4356
08/09/2022,0,4237
08/09/2022,1,2850
08/09/2022,2,1672
08/09/2022,3,1109
08/09/2022,4,754
08/09/2022,5,1489
08/09/2022,6,3369
08/09/2022,7,9418
08/09/2022,8,13948
08/09/2022,9,7222
08/09/2022,10,5698
08/09/2022,11,6425
08/09/2022,12,7218
08/09/2022,13,7390
08/09/2022,14,8440
08/09/2022,15,10172
08/09/2022,16,13167
08/09/2022,17,15128
08/09/2022,18,16665
08/09/2022,19,12120
08/09/2022,20,10502
08/09/2022,21,9966
08/09/2022,22,8830
08/09/2022,23,6048
08/09/2023,0,3787
08/09/2023,1,2605
08/09/2023,2,1590
08/09/2023,3,1091
08/09/2023,4,915
08/09/2023,5,2041
08/09/2023,6,5030
08/09/2023,7,12208
08/09/2023,8,16174
08/09/2023,9,8010
08/09/2023,10,5690
08/09/2023,11,6625
08/09/2023,12,6943
08/09/2023,13,6403
08/09/2023,14,6666
08/09/2023,15,8325
08/09/2023,16,10590
08/09/2023,17,16206
08/09/2023,18,20668
08/09/2023,19,14504
08/09/2023,20,12201
08/09/2023,21,11237
08/09/2023,22,10493
08/09/2023,23,6671
08/09/2024,0,4185
08/09/2024,1,2856
08/09/2024,2,1918
08/09/2024,3,1298
08/09/2024,4,963
08/09/2024,5,1138
08/09/2024,6,1657
08/09/2024,7,2459
08/09/2024,8,3777
08/09/2024,9,4688
08/09/2024,10,5289
08/09/2024,11,5625
08/09/2024,12,6306
08/09/2024,13,6818
08/09/2024,14,6969
08/09/2024,15,7576
08/09/2024,16,8713
08/09/2024,17,10273
08/09/2024,18,10675
08/09/2024,19,10054
08/09/2024,20,9694
08/09/2024,21,8348
08/09/2024,22,6147
08/09/2024,23,4004
08/10/2022,0,4513
08/10/2022,1,3176
08/10/2022,2,2061
08/10/2022,3,1211
08/10/2022,4,886
08/10/2022,5,989
08/10/2022,6,1568
08/10/2022,7,2721
08/10/2022,8,4860
08/10/2022,9,6188
08/10/2022,10,6862
08/10/2022,11,7819
08/10/2022,12,9057
08/10/2022,13,9652
08/10/2022,14,10619
08/10/2022,15,11773
08/10/2022,16,12837
08/10/2022,17,13133
08/10/2022,18,12863
08/10/2022,19,10328
08/10/2022,20,10105
08/10/2022,21,10260
08/10/2022,22,7773
08/10/2022,23,5499
08/10/2023,0,5155
08/10/2023,1,3173
08/10/2023,2,2187
08/10/2023,3,1404
08/10/2023,4,942
08/10/2023,5,1014
08/10/2023,6,1565
08/10/2023,7,2357
08/10/2023,8,3770
08/10/2023,9,5038
08/10/2023,10,5827
08/10/2023,11,6616
08/10/2023,12,7445
08/10/2023,13,6438
08/10/2023,14,7508
08/10/2023,15,9628
08/10/2023,16,11046
08/10/2023,17,11698
08/10/2023,18,10680
08/10/2023,19,8984
08/10/2023,20,8472
08/10/2023,21,8198
08/10/2023,22,7113
08/10/2023,23,5355
08/10/2024,0,2895
08/10/2024,1,1850
08/10/2024,2,1127
08/10/2024,3,883
08/10/2024,4,881
08/10/2024,5,1888
08/10/2024,6,4477
08/10/2024,7,11774
08/10/2024,8,16670
08/10/2024,9,8419
08/10/2024,10,6040
08/10/2024,11,6731
08/10/2024,12,6994
08/10/2024,13,6732
08/10/2024,14,6833
08/10/2024,15,7370
08/10/2024,16,10220
08/10/2024,17,15265
08/10/2024,18,19861
08/10/2024,19,12438
08/10/2024,20,10399
08/10/2024,21,9656
08/10/2024,22,8060
08/10/2024,23,5218
08/11/2022,0,2616
08/11/2022,1,1746
08/11/2022,2,1059
08/11/2022,3,716
08/11/2022,4,660
08/11/2022,5,1393
08/11/2022,6,3172
08/11/2022,7,9528
08/11/2022,8,15546
08/11/2022,9,7467
08/11/2022,10,4863
08/11/2022,11,5832
08/11/2022,12,6289
08/11/2022,13,6021
08/11/2022,14,6009
08/11/2022,15,6764
08/11/2022,16,9755
08/11/2022,17,13057
08/11/2022,18,16926
08/11/2022,19,11114
08/11/2022,20,8881
08/11/2022,21,7979
08/11/2022,22,6618
08/11/2022,23,3930
08/11/2023,0,2410
08/11/2023,1,1515
08/11/2023,2,965
08/11/2023,3,673
08/11/2023,4,648
08/11/2023,5,1433
08/11/2023,6,3492
08/11/2023,7,9714
08/11/2023,8,14816
08/11/2023,9,7317
08/11/2023,10,5125
08/11/2023,11,5850
08/11/2023,12,6370
08/11/2023,13,6301
08/11/2023,14,6537
08/11/2023,15,7592
08/11/2023,16,10222
08/11/2023,17,13806
08/11/2023,18,16769
08/11/2023,19,10552
08/11/2023,20,8521
08/11/2023,21,7776
08/11/2023,22,6650
08/11/2023,23,4042
08/11/2024,0,2272
08/11/2024,1,1533
08/11/2024,2,988
08/11/2024,3,716
08/11/2024,4,570
08/11/2024,5,1499
08/11/2024,6,3206
08/11/2024,7,9362
08/11/2024,8,13945
08/11/2024,9,6712
08/11/2024,10,4481
08/11/2024,11,5586
08/11/2024,12,6094
08/11/2024,13,6094
08/11/2024,14,6692
08/11/2024,15,8069
08/11/2024,16,9524
08/11/2024,17,12969
08/11/2024,18,14973
08/11/2024,19,9008
08/11/2024,20,6758
08/11/2024,21,6343
08/11/2024,22,5643
08/11/2024,23,3601
08/12/2022,0,2044
08/12/2022,1,1473
08/12/2022,2,934
08/12/2022,3,604
08/12/2022,4,480
08/12/2022,5,922
08/12/2022,6,2000
08/12/2022,7,5551
08/12/2022,8,9751
08/12/2022,9,5152
08/12/2022,10,3413
08/12/2022,11,4045
08/12/2022,12,4372
08/12/2022,13,4405
08/12/2022,14,4287
08/12/2022,15,4669
08/12/2022,16,6015
08/12/2022,17,7824
08/12/2022,18,10453
08/12/2022,19,6438
08/12/2022,20,5034
08/12/2022,21,4611
08/12/2022,22,3953
08/12/2022,23,2549
08/12/2023,0,2419
08/12/2023,1,1716
08/12/2023,2,1148
08/12/2023,3,799
08/12/2023,4,658
08/12/2023,5,1200
08/12/2023,6,2895
08/12/2023,7,7594
08/12/2023,8,12279
08/12/2023,9,6311
08/12/2023,10,4555
08/12/2023,11,5203
08/12/2023,12,5704
08/12/2023,13,5756
08/12/2023,14,5713
08/12/2023,15,6649
08/12/2023,16,7885
08/12/2023,17,10966
08/12/2023,18,12770
08/12/2023,19,8124
08/12/2023,20,6454
08/12/2023,21,5886
08/12/2023,22,5365
08/12/2023,23,3847
08/12/2024,0,1690
08/12/2024,1,1234
08/12/2024,2,918
08/12/2024,3,594
08/12/2024,4,431
08/12/2024,5,436
08/12/2024,6,542
08/12/2024,7,943
08/12/2024,8,1654
08/12/2024,9,2157
08/12/2024,10,2583
08/12/2024,11,2735
08/12/2024,12,3049
08/12/2024,13,3381
08/12/2024,14,3532
08/12/2024,15,3662
08/12/2024,16,3681
08/12/2024,17,3592
08/12/2024,18,3085
08/12/2024,19,2608
08/12/2024,20,2318
08/12/2024,21,2159
08/12/2024,22,1810
08/12/2024,23,1341
09/01/2022,0,851
09/01/2022,1,621
09/01/2022,2,408
09/01/2022,3,296
09/01/2022,4,229
09/01/2022,5,231
09/01/2022,6,321
09/01/2022,7,509
09/01/2022,8,892
09/01/2022,9,1290
09/01/2022,10,1590
09/01/2022,11,2022
09/01/2022,12,2458
09/01/2022,13,2791
09/01/2022,14,3146
09/01/2022,15,3287
09/01/2022,16,3399
09/01/2022,17,3194
09/01/2022,18,2572
09/01/2022,19,2077
09/01/2022,20,1864
09/01/2022,21,2041
09/01/2022,22,1375
09/01/2022,23,840
09/01/2023,0,1142
09/01/2023,1,716
09/01/2023,2,478
09/01/2023,3,374
09/01/2023,4,371
09/01/2023,5,852
09/01/2023,6,1738
09/01/2023,7,4101
09/01/2023,8,7461
09/01/2023,9,3841
09/01/2023,10,2472
09/01/2023,11,2989
09/01/2023,12,3297
09/01/2023,13,3267
09/01/2023,14,3168
09/01/2023,15,3277
09/01/2023,16,3994
09/01/2023,17,5893
09/01/2023,18,7989
09/01/2023,19,5012
09/01/2023,20,3817
09/01/2023,21,3346
09/01/2023,22,2913
09/01/2023,23,1626
09/01/2024,0,1277
09/01/2024,1,1002
09/01/2024,2,632
09/01/2024,3,505
09/01/2024,4,470
09/01/2024,5,971
09/01/2024,6,1999
09/01/2024,7,3721
09/01/2024,8,4130
09/01/2024,9,1181
09/01/2024,10,768
09/01/2024,11,784
09/01/2024,12,687
09/01/2024,13,632
09/01/2024,14,789
09/01/2024,15,968
09/01/2024,16,979
09/01/2024,17,2433
09/01/2024,18,3929
09/01/2024,19,2705
09/01/2024,20,2213
09/01/2024,21,2233
09/01/2024,22,1995
09/01/2024,23,1222
09/02/2022,0,717
09/02/2022,1,493
09/02/2022,2,333
09/02/2022,3,247
09/02/2022,4,260
09/02/2022,5,510
09/02/2022,6,1070
09/02/2022,7,2886
09/02/2022,8,5800
09/02/2022,9,3129
09/02/2022,10,2201
09/02/2022,11,2698
09/02/2022,12,3037
09/02/2022,13,3070
09/02/2022,14,3190
09/02/2022,15,3398
09/02/2022,16,4050
09/02/2022,17,5357
09/02/2022,18,7077
09/02/2022,19,4192
09/02/2022,20,3105
09/02/2022,21,3145
09/02/2022,22,1857
09/02/2022,23,1068
09/02/2023,0,1634
09/02/2023,1,1167
09/02/2023,2,794
09/02/2023,3,538
09/02/2023,4,404
09/02/2023,5,863
09/02/2023,6,1894
09/02/2023,7,4558
09/02/2023,8,8394
09/02/2023,9,4286
09/02/2023,10,2958
09/02/2023,11,3369
09/02/2023,12,3794
09/02/2023,13,3765
09/02/2023,14,3920
09/02/2023,15,4255
09/02/2023,16,5158
09/02/2023,17,7306
09/02/2023,18,9756
09/02/2023,19,6151
09/02/2023,20,4792
09/02/2023,21,4421
09/02/2023,22,3676
09/02/2023,23,1759
09/02/2024,0,1668
09/02/2024,1,1209
09/02/2024,2,907
09/02/2024,3,664
09/02/2024,4,487
09/02/2024,5,453
09/02/2024,6,573
09/02/2024,7,829
09/02/2024,8,1348
09/02/2024,9,1861
09/02/2024,10,2190
09/02/2024,11,2604
09/02/2024,12,2851
09/02/2024,13,3202
09/02/2024,14,3296
09/02/2024,15,3522
09/02/2024,16,3777
09/02/2024,17,3493
09/02/2024,18,2783
09/02/2024,19,2186
09/02/2024,20,1990
09/02/2024,21,1997
09/02/2024,22,1692
09/02/2024,23,1300
09/03/2022,0,1883
09/03/2022,1,1029
09/03/2022,2,579
09/03/2022,3,380
09/03/2022,4,544
09/03/2022,5,409
09/03/2022,6,622
09/03/2022,7,1147
09/03/2022,8,1943
09/03/2022,9,2703
09/03/2022,10,3592
09/03/2022,11,4600
09/03/2022,12,5951
09/03/2022,13,7118
09/03/2022,14,8673
09/03/2022,15,9063
09/03/2022,16,9406
09/03/2022,17,7964
09/03/2022,18,5974
09/03/2022,19,4052
09/03/2022,20,3534
09/03/2022,21,3070
09/03/2022,22,2531
09/03/2022,23,1853
09/03/2023,0,333
09/03/2023,1,606
09/03/2023,2,704
09/03/2023,3,477
09/03/2023,4,459
09/03/2023,5,1014
09/03/2023,6,2455
09/03/2023,7,6789
09/03/2023,8,8717
09/03/2023,9,3379
09/03/2023,10,2870
09/03/2023,11,3716
09/03/2023,12,4084
09/03/2023,13,4264
09/03/2023,14,4300
09/03/2023,15,5072
09/03/2023,16,7361
09/03/2023,17,10008
09/03/2023,18,13606
09/03/2023,19,8297
09/03/2023,20,6599
09/03/2023,21,5890
09/03/2023,22,5266
09/03/2023,23,3033
09/03/2024,0,1861
09/03/2024,1,1507
09/03/2024,2,1017
09/03/2024,3,687
09/03/2024,4,542
09/03/2024,5,636
09/03/2024,6,913
09/03/2024,7,1657
09/03/2024,8,2964
09/03/2024,9,3844
09/03/2024,10,4038
09/03/2024,11,4361
09/03/2024,12,5156
09/03/2024,13,5693
09/03/2024,14,5769
09/03/2024,15,6228
09/03/2024,16,6067
09/03/2024,17,5751
09/03/2024,18,4959
09/03/2024,19,3651
09/03/2024,20,3025
09/03/2024,21,2987
09/03/2024,22,2846
09/03/2024,23,2027
09/04/2022,0,5254
09/04/2022,1,3145
09/04/2022,2,1527
09/04/2022,3,782
09/04/2022,4,520
09/04/2022,5,615
09/04/2022,6,1032
09/04/2022,7,1028
09/04/2022,8,2347
09/04/2022,9,4211
09/04/2022,10,5323
09/04/2022,11,6708
09/04/2022,12,8489
09/04/2022,13,10190
09/04/2022,14,11239
09/04/2022,15,12557
09/04/2022,16,12846
09/04/2022,17,13078
09/04/2022,18,11289
09/04/2022,19,8838
09/04/2022,20,8197
09/04/2022,21,7513
09/04/2022,22,6513
09/04/2022,23,4748
09/04/2023,0,3118
09/04/2023,1,2110
09/04/2023,2,1410
09/04/2023,3,932
09/04/2023,4,692
09/04/2023,5,630
09/04/2023,6,915
09/04/2023,7,1696
09/04/2023,8,2989
09/04/2023,9,4297
09/04/2023,10,5543
09/04/2023,11,6526
09/04/2023,12,8222
09/04/2023,13,9986
09/04/2023,14,11066
09/04/2023,15,11672
09/04/2023,16,11844
09/04/2023,17,11147
09/04/2023,18,9684
09/04/2023,19,7479
09/04/2023,20,6236
09/04/2023,21,5758
09/04/2023,22,4364
09/04/2023,23,3015
09/04/2024,0,2711
09/04/2024,1,1717
09/04/2024,2,1124
09/04/2024,3,796
09/04/2024,4,711
09/04/2024,5,1455
09/04/2024,6,4112
09/04/2024,7,10834
09/04/2024,8,15041
09/04/2024,9,7314
09/04/2024,10,5188
09/04/2024,11,6282
09/04/2024,12,6979
09/04/2024,13,6711
09/04/2024,14,6892
09/04/2024,15,7835
09/04/2024,16,11039
09/04/2024,17,15271
09/04/2024,18,19647
09/04/2024,19,12270
09/04/2024,20,9604
09/04/2024,21,9082
09/04/2024,22,7735
09/04/2024,23,4911
09/05/2022,0,1498
09/05/2022,1,1140
09/05/2022,2,744
09/05/2022,3,462
09/05/2022,4,489
09/05/2022,5,1236
09/05/2022,6,3090
09/05/2022,7,8483
09/05/2022,8,12786
09/05/2022,9,6431
09/05/2022,10,4630
09/05/2022,11,5605
09/05/2022,12,6114
09/05/2022,13,6023
09/05/2022,14,6252
09/05/2022,15,6909
09/05/2022,16,9695
09/05/2022,17,13969
09/05/2022,18,20831
09/05/2022,19,14216
09/05/2022,20,11506
09/05/2022,21,10177
09/05/2022,22,8306
09/05/2022,23,5013
09/05/2023,0,2687
09/05/2023,1,1806
09/05/2023,2,1092
09/05/2023,3,689
09/05/2023,4,665
09/05/2023,5,1637
09/05/2023,6,4268
09/05/2023,7,11700
09/05/2023,8,16713
09/05/2023,9,8128
09/05/2023,10,5609
09/05/2023,11,6432
09/05/2023,12,7003
09/05/2023,13,6593
09/05/2023,14,6616
09/05/2023,15,7650
09/05/2023,16,10800
09/05/2023,17,15714
09/05/2023,18,22074
09/05/2023,19,14171
09/05/2023,20,11354
09/05/2023,21,10213
09/05/2023,22,8094
09/05/2023,23,4665
09/05/2024,0,2766
09/05/2024,1,1791
09/05/2024,2,1085
09/05/2024,3,823
09/05/2024,4,720
09/05/2024,5,1696
09/05/2024,6,4447
09/05/2024,7,11885
09/05/2024,8,16031
09/05/2024,9,7838
09/05/2024,10,5544
09/05/2024,11,6424
09/05/2024,12,6896
09/05/2024,13,6578
09/05/2024,14,6408
09/05/2024,15,7459
09/05/2024,16,11062
09/05/2024,17,15364
09/05/2024,18,20135
09/05/2024,19,12537
09/05/2024,20,9645
09/05/2024,21,8930
09/05/2024,22,7539
09/05/2024,23,4410
09/06/2022,0,3846
09/06/2022,1,2408
09/06/2022,2,1612
09/06/2022,3,991
09/06/2022,4,844
09/06/2022,5,1414
09/06/2022,6,3592
09/06/2022,7,8665
09/06/2022,8,7017
09/06/2022,9,4003
09/06/2022,10,3748
09/06/2022,11,5157
09/06/2022,12,5072
09/06/2022,13,3178
09/06/2022,14,4002
09/06/2022,15,5822
09/06/2022,16,9220
09/06/2022,17,13366
09/06/2022,18,18864
09/06/2022,19,12997
09/06/2022,20,10767
09/06/2022,21,10225
09/06/2022,22,8666
09/06/2022,23,5334
09/06/2023,0,792
09/06/2023,1,794
09/06/2023,2,555
09/06/2023,3,507
09/06/2023,4,606
09/06/2023,5,1544
09/06/2023,6,4070
09/06/2023,7,11286
09/06/2023,8,16637
09/06/2023,9,8135
09/06/2023,10,5663
09/06/2023,11,6731
09/06/2023,12,7475
09/06/2023,13,7004
09/06/2023,14,7253
09/06/2023,15,8707
09/06/2023,16,11188
09/06/2023,17,16790
09/06/2023,18,21325
09/06/2023,19,14860
09/06/2023,20,12448
09/06/2023,21,11460
09/06/2023,22,10373
09/06/2023,23,6880
09/06/2024,0,4161
09/06/2024,1,2806
09/06/2024,2,1982
09/06/2024,3,1298
09/06/2024,4,879
09/06/2024,5,990
09/06/2024,6,1610
09/06/2024,7,2576
09/06/2024,8,3870
09/06/2024,9,5151
09/06/2024,10,5835
09/06/2024,11,6414
09/06/2024,12,7737
09/06/2024,13,8274
09/06/2024,14,8438
09/06/2024,15,8999
09/06/2024,16,9740
09/06/2024,17,10807
09/06/2024,18,11462
09/06/2024,19,11227
09/06/2024,20,10463
09/06/2024,21,8961
09/06/2024,22,6478
09/06/2024,23,4065
09/07/2022,0,4271
09/07/2022,1,3310
09/07/2022,2,2390
09/07/2022,3,1439
09/07/2022,4,1029
09/07/2022,5,1166
09/07/2022,6,1682
09/07/2022,7,2684
09/07/2022,8,4433
09/07/2022,9,5211
09/07/2022,10,5728
09/07/2022,11,6311
09/07/2022,12,6928
09/07/2022,13,7032
09/07/2022,14,6882
09/07/2022,15,7305
09/07/2022,16,7974
09/07/2022,17,8988
09/07/2022,18,8874
09/07/2022,19,8839
09/07/2022,20,9251
09/07/2022,21,8943
09/07/2022,22,7958
09/07/2022,23,6010
09/07/2023,0,4778
09/07/2023,1,3235
09/07/2023,2,2182
09/07/2023,3,1439
09/07/2023,4,981
09/07/2023,5,1030
09/07/2023,6,1598
09/07/2023,7,1779
09/07/2023,8,3318
09/07/2023,9,2949
09/07/2023,10,1452
09/07/2023,11,330
09/07/2023,12,376
09/07/2023,13,774
09/07/2023,14,1243
09/07/2023,15,3900
09/07/2023,16,5965
09/07/2023,17,7106
09/07/2023,18,7605
09/07/2023,19,7149
09/07/2023,20,7073
09/07/2023,21,6794
09/07/2023,22,5204
09/07/2023,23,3573
09/07/2024,0,2082
09/07/2024,1,1652
09/07/2024,2,1128
09/07/2024,3,856
09/07/2024,4,755
09/07/2024,5,1893
09/07/2024,6,4283
09/07/2024,7,10196
09/07/2024,8,13655
09/07/2024,9,6945
09/07/2024,10,4799
09/07/2024,11,5246
09/07/2024,12,4654
09/07/2024,13,4773
09/07/2024,14,3590
09/07/2024,15,4355
09/07/2024,16,6048
09/07/2024,17,10680
09/07/2024,18,16117
09/07/2024,19,9725
09/07/2024,20,7710
09/07/2024,21,5730
09/07/2024,22,2987
09/07/2024,23,1179
09/08/2022,0,102
09/08/2022,1,13
09/08/2022,2,4
09/08/2022,3,7
09/08/2022,4,2
09/08/2022,5,7
09/08/2022,6,28
09/08/2022,7,73
09/08/2022,8,105
09/08/2022,9,49
09/08/2022,10,10
09/08/2022,11,2
09/08/2022,12,3
09/08/2022,13,3
09/08/2022,14,8
09/08/2022,15,13
09/08/2022,16,8
09/08/2022,17,4
09/08/2022,18,11
09/08/2022,19,7
09/08/2022,20,2
09/08/2022,21,8
09/08/2022,22,9
09/08/2022,23,4
09/08/2023,0,3438
09/08/2023,1,2267
09/08/2023,2,1419
09/08/2023,3,1018
09/08/2023,4,870
09/08/2023,5,1974
09/08/2023,6,4550
09/08/2023,7,9139
09/08/2023,8,13898
09/08/2023,9,7074
09/08/2023,10,4803
09/08/2023,11,5419
09/08/2023,12,5839
09/08/2023,13,5394
09/08/2023,14,5348
09/08/2023,15,6095
09/08/2023,16,7780
09/08/2023,17,12701
09/08/2023,18,17846
09/08/2023,19,12192
09/08/2023,20,10398
09/08/2023,21,9092
09/08/2023,22,5248
09/08/2023,23,1769
09/08/2024,0,3041
09/08/2024,1,2174
09/08/2024,2,1371
09/08/2024,3,976
09/08/2024,4,835
09/08/2024,5,1925
09/08/2024,6,4162
09/08/2024,7,8360
09/08/2024,8,12578
09/08/2024,9,6371
09/08/2024,10,4324
09/08/2024,11,5108
09/08/2024,12,5290
09/08/2024,13,4874
09/08/2024,14,4829
09/08/2024,15,5473
09/08/2024,16,6818
09/08/2024,17,10303
09/08/2024,18,12749
09/08/2024,19,9694
09/08/2024,20,8272
09/08/2024,21,8000
09/08/2024,22,7167
09/08/2024,23,4789
09/09/2022,0,4646
09/09/2022,1,3412
09/09/2022,2,2194
09/09/2022,3,1417
09/09/2022,4,1009
09/09/2022,5,975
09/09/2022,6,1331
09/09/2022,7,2024
09/09/2022,8,2959
09/09/2022,9,3910
09/09/2022,10,4559
09/09/2022,11,5098
09/09/2022,12,5659
09/09/2022,13,5927
09/09/2022,14,6077
09/09/2022,15,7216
09/09/2022,16,8378
09/09/2022,17,9600
09/09/2022,18,10102
09/09/2022,19,8958
09/09/2022,20,8347
09/09/2022,21,7864
09/09/2022,22,6649
09/09/2022,23,4911
09/09/2023,0,4976
09/09/2023,1,3546
09/09/2023,2,2394
09/09/2023,3,1640
09/09/2023,4,1176
09/09/2023,5,1375
09/09/2023,6,2365
09/09/2023,7,3749
09/09/2023,8,6038
09/09/2023,9,6996
09/09/2023,10,7133
09/09/2023,11,7598
09/09/2023,12,8176
09/09/2023,13,8250
09/09/2023,14,8268
09/09/2023,15,8869
09/09/2023,16,10180
09/09/2023,17,12179
09/09/2023,18,13191
09/09/2023,19,12090
09/09/2023,20,11144
09/09/2023,21,10850
09/09/2023,22,8866
09/09/2023,23,6285
09/09/2024,0,2714
09/09/2024,1,1595
09/09/2024,2,978
09/09/2024,3,776
09/09/2024,4,794
09/09/2024,5,2166
09/09/2024,6,5104
09/09/2024,7,12290
09/09/2024,8,15145
09/09/2024,9,7252
09/09/2024,10,4814
09/09/2024,11,5175
09/09/2024,12,5444
09/09/2024,13,4662
09/09/2024,14,4970
09/09/2024,15,6487
09/09/2024,16,8916
09/09/2024,17,13801
09/09/2024,18,19860
09/09/2024,19,13271
09/09/2024,20,11366
09/09/2024,21,10115
09/09/2024,22,8310
09/09/2024,23,4523
09/10/2022,0,4783
09/10/2022,1,3146
09/10/2022,2,2055
09/10/2022,3,1269
09/10/2022,4,904
09/10/2022,5,775
09/10/2022,6,1078
09/10/2022,7,1716
09/10/2022,8,1500
09/10/2022,9,1312
09/10/2022,10,736
09/10/2022,11,280
09/10/2022,12,218
09/10/2022,13,196
09/10/2022,14,163
09/10/2022,15,141
09/10/2022,16,212
09/10/2022,17,215
09/10/2022,18,168
09/10/2022,19,126
09/10/2022,20,204
09/10/2022,21,806
09/10/2022,22,1443
09/10/2022,23,1523
09/10/2023,0,4344
09/10/2023,1,2761
09/10/2023,2,1835
09/10/2023,3,1284
09/10/2023,4,998
09/10/2023,5,1094
09/10/2023,6,1617
09/10/2023,7,2325
09/10/2023,8,2109
09/10/2023,9,3004
09/10/2023,10,4077
09/10/2023,11,5485
09/10/2023,12,8541
09/10/2023,13,10684
09/10/2023,14,11872
09/10/2023,15,13424
09/10/2023,16,14675
09/10/2023,17,14822
09/10/2023,18,13219
09/10/2023,19,10600
09/10/2023,20,9018
09/10/2023,21,5025
09/10/2023,22,4707
09/10/2023,23,3609
09/10/2024,0,4037
09/10/2024,1,2876
09/10/2024,2,1929
09/10/2024,3,1360
09/10/2024,4,1082
09/10/2024,5,1196
09/10/2024,6,1848
09/10/2024,7,2785
09/10/2024,8,4097
09/10/2024,9,5631
09/10/2024,10,6761
09/10/2024,11,7774
09/10/2024,12,9024
09/10/2024,13,10349
09/10/2024,14,11150
09/10/2024,15,12073
09/10/2024,16,12955
09/10/2024,17,13502
09/10/2024,18,12371
09/10/2024,19,10087
09/10/2024,20,8992
09/10/2024,21,8050
09/10/2024,22,6326
09/10/2024,23,4084
09/11/2022,0,2776
09/11/2022,1,1754
09/11/2022,2,1152
09/11/2022,3,709
09/11/2022,4,589
09/11/2022,5,1312
09/11/2022,6,3040
09/11/2022,7,9242
09/11/2022,8,15756
09/11/2022,9,7554
09/11/2022,10,5013
09/11/2022,11,5971
09/11/2022,12,6314
09/11/2022,13,6151
09/11/2022,14,6258
09/11/2022,15,7145
09/11/2022,16,9408
09/11/2022,17,12629
09/11/2022,18,16795
09/11/2022,19,10368
09/11/2022,20,8479
09/11/2022,21,7734
09/11/2022,22,6648
09/11/2022,23,4305
09/11/2023,0,2745
09/11/2023,1,1827
09/11/2023,2,1188
09/11/2023,3,794
09/11/2023,4,717
09/11/2023,5,1529
09/11/2023,6,3791
09/11/2023,7,10434
09/11/2023,8,16119
09/11/2023,9,8082
09/11/2023,10,5646
09/11/2023,11,6489
09/11/2023,12,6938
09/11/2023,13,6758
09/11/2023,14,6519
09/11/2023,15,6733
09/11/2023,16,3321
09/11/2023,17,4103
09/11/2023,18,10007
09/11/2023,19,7233
09/11/2023,20,6602
09/11/2023,21,6749
09/11/2023,22,6153
09/11/2023,23,3793
09/11/2024,0,2912
09/11/2024,1,2192
09/11/2024,2,1465
09/11/2024,3,1006
09/11/2024,4,800
09/11/2024,5,973
09/11/2024,6,1321
09/11/2024,7,2600
09/11/2024,8,4635
09/11/2024,9,5761
09/11/2024,10,6162
09/11/2024,11,6789
09/11/2024,12,7971
09/11/2024,13,8634
09/11/2024,14,8946
09/11/2024,15,9801
09/11/2024,16,10267
09/11/2024,17,9684
09/11/2024,18,7880
09/11/2024,19,6357
09/11/2024,20,5852
09/11/2024,21,5631
09/11/2024,22,4878
09/11/2024,23,3320
09/12/2022,0,2052
09/12/2022,1,1498
09/12/2022,2,1015
09/12/2022,3,631
09/12/2022,4,509
09/12/2022,5,954
09/12/2022,6,1700
09/12/2022,7,4758
09/12/2022,8,9434
09/12/2022,9,5316
09/12/2022,10,3755
09/12/2022,11,4236
09/12/2022,12,4681
09/12/2022,13,4753
09/12/2022,14,4781
09/12/2022,15,5485
09/12/2022,16,6451
09/12/2022,17,8285
09/12/2022,18,10014
09/12/2022,19,6224
09/12/2022,20,4753
09/12/2022,21,4240
09/12/2022,22,3880
09/12/2022,23,2808
09/12/2023,0,3270
09/12/2023,1,2569
09/12/2023,2,1808
09/12/2023,3,1163
09/12/2023,4,808
09/12/2023,5,851
09/12/2023,6,1252
09/12/2023,7,1856
09/12/2023,8,3612
09/12/2023,9,4567
09/12/2023,10,5010
09/12/2023,11,5418
09/12/2023,12,6174
09/12/2023,13,6567
09/12/2023,14,6882
09/12/2023,15,7439
09/12/2023,16,7882
09/12/2023,17,7638
09/12/2023,18,6607
09/12/2023,19,5375
09/12/2023,20,5198
09/12/2023,21,4957
09/12/2023,22,4481
09/12/2023,23,3519
09/12/2024,0,1100
09/12/2024,1,754
09/12/2024,2,483
09/12/2024,3,442
09/12/2024,4,447
09/12/2024,5,1106
09/12/2024,6,2359
09/12/2024,7,5938
09/12/2024,8,9177
09/12/2024,9,4432
09/12/2024,10,2907
09/12/2024,11,3338
09/12/2024,12,3542
09/12/2024,13,3600
09/12/2024,14,3675
09/12/2024,15,4569
09/12/2024,16,5279
09/12/2024,17,7477
09/12/2024,18,9694
09/12/2024,19,5756
09/12/2024,20,4475
09/12/2024,21,3980
09/12/2024,22,3130
09/12/2024,23,1920
10/01/2022,0,601
10/01/2022,1,421
10/01/2022,2,268
10/01/2022,3,223
10/01/2022,4,248
10/01/2022,5,532
10/01/2022,6,1161
10/01/2022,7,2783
10/01/2022,8,5641
10/01/2022,9,2955
10/01/2022,10,2098
10/01/2022,11,2519
10/01/2022,12,2821
10/01/2022,13,2817
10/01/2022,14,2890
10/01/2022,15,2863
10/01/2022,16,3377
10/01/2022,17,4674
10/01/2022,18,6878
10/01/2022,19,4388
10/01/2022,20,3221
10/01/2022,21,3316
10/01/2022,22,1514
10/01/2022,23,493
10/01/2023,0,1315
10/01/2023,1,1049
10/01/2023,2,647
10/01/2023,3,409
10/01/2023,4,422
10/01/2023,5,827
10/01/2023,6,1805
10/01/2023,7,4045
10/01/2023,8,7869
10/01/2023,9,3812
10/01/2023,10,2578
10/01/2023,11,3033
10/01/2023,12,3529
10/01/2023,13,3409
10/01/2023,14,3509
10/01/2023,15,3734
10/01/2023,16,4619
10/01/2023,17,6496
10/01/2023,18,8752
10/01/2023,19,5387
10/01/2023,20,4220
10/01/2023,21,3758
10/01/2023,22,3349
10/01/2023,23,2034
10/01/2024,0,1007
10/01/2024,1,804
10/01/2024,2,519
10/01/2024,3,379
10/01/2024,4,364
10/01/2024,5,792
10/01/2024,6,1617
10/01/2024,7,3370
10/01/2024,8,5950
10/01/2024,9,3024
10/01/2024,10,2037
10/01/2024,11,2507
10/01/2024,12,2839
10/01/2024,13,2959
10/01/2024,14,3053
10/01/2024,15,3238
10/01/2024,16,4108
10/01/2024,17,6010
10/01/2024,18,7775
10/01/2024,19,4644
10/01/2024,20,3607
10/01/2024,21,3246
10/01/2024,22,2648
10/01/2024,23,1685
10/02/2022,0,785
10/02/2022,1,555
10/02/2022,2,366
10/02/2022,3,271
10/02/2022,4,256
10/02/2022,5,544
10/02/2022,6,1139
10/02/2022,7,3001
10/02/2022,8,5927
10/02/2022,9,3086
10/02/2022,10,2349
10/02/2022,11,2927
10/02/2022,12,3142
10/02/2022,13,3068
10/02/2022,14,3144
10/02/2022,15,3531
10/02/2022,16,4024
10/02/2022,17,5406
10/02/2022,18,7214
10/02/2022,19,4262
10/02/2022,20,3348
10/02/2022,21,3405
10/02/2022,22,2015
10/02/2022,23,1160
10/02/2023,0,1014
10/02/2023,1,699
10/02/2023,2,580
10/02/2023,3,450
10/02/2023,4,308
10/02/2023,5,384
10/02/2023,6,537
10/02/2023,7,1038
10/02/2023,8,3030
10/02/2023,9,2307
10/02/2023,10,2270
10/02/2023,11,3057
10/02/2023,12,3398
10/02/2023,13,3505
10/02/2023,14,3769
10/02/2023,15,4100
10/02/2023,16,4957
10/02/2023,17,6945
10/02/2023,18,8481
10/02/2023,19,5195
10/02/2023,20,3901
10/02/2023,21,3422
10/02/2023,22,3258
10/02/2023,23,2240
10/02/2024,0,1134
10/02/2024,1,751
10/02/2024,2,521
10/02/2024,3,396
10/02/2024,4,320
10/02/2024,5,343
10/02/2024,6,420
10/02/2024,7,703
10/02/2024,8,943
10/02/2024,9,1003
10/02/2024,10,1194
10/02/2024,11,1523
10/02/2024,12,1791
10/02/2024,13,2178
10/02/2024,14,2361
10/02/2024,15,2722
10/02/2024,16,2856
10/02/2024,17,2641
10/02/2024,18,2284
10/02/2024,19,1973
10/02/2024,20,1843
10/02/2024,21,1696
10/02/2024,22,1503
10/02/2024,23,1086
10/03/2022,0,1164
10/03/2022,1,783
10/03/2022,2,476
10/03/2022,3,318
10/03/2022,4,344
10/03/2022,5,640
10/03/2022,6,1451
10/03/2022,7,4003
10/03/2022,8,6873
10/03/2022,9,3603
10/03/2022,10,2812
10/03/2022,11,3413
10/03/2022,12,3857
10/03/2022,13,3842
10/03/2022,14,4184
10/03/2022,15,4476
10/03/2022,16,5572
10/03/2022,17,7401
10/03/2022,18,9849
10/03/2022,19,6363
10/03/2022,20,4861
10/03/2022,21,4245
10/03/2022,22,3659
10/03/2022,23,2239
10/03/2023,0,2233
10/03/2023,1,1602
10/03/2023,2,986
10/03/2023,3,660
10/03/2023,4,549
10/03/2023,5,1045
10/03/2023,6,2415
10/03/2023,7,7060
10/03/2023,8,11255
10/03/2023,9,5917
10/03/2023,10,4344
10/03/2023,11,5215
10/03/2023,12,5766
10/03/2023,13,6003
10/03/2023,14,6140
10/03/2023,15,7393
10/03/2023,16,9382
10/03/2023,17,12682
10/03/2023,18,15283
10/03/2023,19,9038
10/03/2023,20,6911
10/03/2023,21,6566
10/03/2023,22,6111
10/03/2023,23,4266
10/03/2024,0,1915
10/03/2024,1,1382
10/03/2024,2,1027
10/03/2024,3,641
10/03/2024,4,467
10/03/2024,5,454
10/03/2024,6,655
10/03/2024,7,1141
10/03/2024,8,2001
10/03/2024,9,2773
10/03/2024,10,3512
10/03/2024,11,4201
10/03/2024,12,5299
10/03/2024,13,6309
10/03/2024,14,7064
10/03/2024,15,7663
10/03/2024,16,7196
10/03/2024,17,6596
10/03/2024,18,5817
10/03/2024,19,4122
10/03/2024,20,3435
10/03/2024,21,3276
10/03/2024,22,2553
10/03/2024,23,1705
10/04/2022,0,5473
10/04/2022,1,3297
10/04/2022,2,1403
10/04/2022,3,795
10/04/2022,4,492
10/04/2022,5,504
10/04/2022,6,786
10/04/2022,7,1642
10/04/2022,8,2877
10/04/2022,9,4193
10/04/2022,10,5605
10/04/2022,11,7007
10/04/2022,12,8548
10/04/2022,13,10297
10/04/2022,14,11789
10/04/2022,15,13318
10/04/2022,16,13804
10/04/2022,17,13684
10/04/2022,18,12131
10/04/2022,19,9323
10/04/2022,20,7963
10/04/2022,21,6912
10/04/2022,22,5342
10/04/2022,23,3682
10/04/2023,0,2254
10/04/2023,1,1276
10/04/2023,2,793
10/04/2023,3,559
10/04/2023,4,504
10/04/2023,5,1299
10/04/2023,6,3431
10/04/2023,7,9697
10/04/2023,8,13993
10/04/2023,9,6905
10/04/2023,10,4821
10/04/2023,11,5843
10/04/2023,12,6513
10/04/2023,13,6198
10/04/2023,14,6290
10/04/2023,15,7580
10/04/2023,16,9906
10/04/2023,17,14256
10/04/2023,18,19626
10/04/2023,19,12148
10/04/2023,20,9606
10/04/2023,21,8647
10/04/2023,22,7049
10/04/2023,23,3923
10/04/2024,0,3860
10/04/2024,1,2954
10/04/2024,2,1895
10/04/2024,3,1281
10/04/2024,4,1382
10/04/2024,5,1126
10/04/2024,6,1645
10/04/2024,7,2615
10/04/2024,8,3999
10/04/2024,9,5202
10/04/2024,10,6670
10/04/2024,11,8025
10/04/2024,12,9387
10/04/2024,13,10751
10/04/2024,14,12168
10/04/2024,15,12931
10/04/2024,16,13277
10/04/2024,17,13030
10/04/2024,18,10454
10/04/2024,19,8254
10/04/2024,20,7105
10/04/2024,21,6534
10/04/2024,22,5283
10/04/2024,23,3516
10/05/2022,0,3447
10/05/2022,1,2055
10/05/2022,2,1250
10/05/2022,3,792
10/05/2022,4,681
10/05/2022,5,1424
10/05/2022,6,3455
10/05/2022,7,9254
10/05/2022,8,14790
10/05/2022,9,7352
10/05/2022,10,5064
10/05/2022,11,5836
10/05/2022,12,6522
10/05/2022,13,6222
10/05/2022,14,6251
10/05/2022,15,6952
10/05/2022,16,9726
10/05/2022,17,14066
10/05/2022,18,20519
10/05/2022,19,13336
10/05/2022,20,10656
10/05/2022,21,9891
10/05/2022,22,8268
10/05/2022,23,4138
10/05/2023,0,3156
10/05/2023,1,2075
10/05/2023,2,1307
10/05/2023,3,816
10/05/2023,4,699
10/05/2023,5,1589
10/05/2023,6,4290
10/05/2023,7,11389
10/05/2023,8,16842
10/05/2023,9,8126
10/05/2023,10,5612
10/05/2023,11,6541
10/05/2023,12,7183
10/05/2023,13,7032
10/05/2023,14,6730
10/05/2023,15,7769
10/05/2023,16,10823
10/05/2023,17,16102
10/05/2023,18,21549
10/05/2023,19,14061
10/05/2023,20,11434
10/05/2023,21,10064
10/05/2023,22,8590
10/05/2023,23,5041
10/05/2024,0,3223
10/05/2024,1,2110
10/05/2024,2,1324
10/05/2024,3,958
10/05/2024,4,881
10/05/2024,5,1751
10/05/2024,6,4353
10/05/2024,7,11546
10/05/2024,8,16076
10/05/2024,9,8049
10/05/2024,10,5805
10/05/2024,11,6938
10/05/2024,12,7778
10/05/2024,13,7270
10/05/2024,14,7757
10/05/2024,15,9080
10/05/2024,16,11364
10/05/2024,17,16625
10/05/2024,18,20090
10/05/2024,19,13018
10/05/2024,20,10347
10/05/2024,21,9141
10/05/2024,22,8395
10/05/2024,23,5268
10/06/2022,0,3942
10/06/2022,1,2581
10/06/2022,2,1656
10/06/2022,3,993
10/06/2022,4,825
10/06/2022,5,1616
10/06/2022,6,3778
10/06/2022,7,10055
10/06/2022,8,14720
10/06/2022,9,7249
10/06/2022,10,5399
10/06/2022,11,6212
10/06/2022,12,7046
10/06/2022,13,5239
10/06/2022,14,1510
10/06/2022,15,5332
10/06/2022,16,7744
10/06/2022,17,11985
10/06/2022,18,16374
10/06/2022,19,10062
10/06/2022,20,7698
10/06/2022,21,8434
10/06/2022,22,8866
10/06/2022,23,5890
10/06/2023,0,5126
10/06/2023,1,3811
10/06/2023,2,2466
10/06/2023,3,1658
10/06/2023,4,1133
10/06/2023,5,1300
10/06/2023,6,2084
10/06/2023,7,3485
10/06/2023,8,5832
10/06/2023,9,6733
10/06/2023,10,7149
10/06/2023,11,8381
10/06/2023,12,8924
10/06/2023,13,9512
10/06/2023,14,9195
10/06/2023,15,7384
10/06/2023,16,6411
10/06/2023,17,8993
10/06/2023,18,10034
10/06/2023,19,9104
10/06/2023,20,8667
10/06/2023,21,8035
10/06/2023,22,5051
10/06/2023,23,1453
10/06/2024,0,2960
10/06/2024,1,1696
10/06/2024,2,1061
10/06/2024,3,801
10/06/2024,4,809
10/06/2024,5,2134
10/06/2024,6,5332
10/06/2024,7,12638
10/06/2024,8,16006
10/06/2024,9,7516
10/06/2024,10,5114
10/06/2024,11,5972
10/06/2024,12,6149
10/06/2024,13,5748
10/06/2024,14,5679
10/06/2024,15,7223
10/06/2024,16,9715
10/06/2024,17,15421
10/06/2024,18,21721
10/06/2024,19,14517
10/06/2024,20,12336
10/06/2024,21,10791
10/06/2024,22,8587
10/06/2024,23,4890
10/07/2022,0,5238
10/07/2022,1,3582
10/07/2022,2,2339
10/07/2022,3,1470
10/07/2022,4,976
10/07/2022,5,1006
10/07/2022,6,1439
10/07/2022,7,2087
10/07/2022,8,3187
10/07/2022,9,3883
10/07/2022,10,4247
10/07/2022,11,4434
10/07/2022,12,5123
10/07/2022,13,5199
10/07/2022,14,5016
10/07/2022,15,5632
10/07/2022,16,6573
10/07/2022,17,7648
10/07/2022,18,8347
10/07/2022,19,8573
10/07/2022,20,7949
10/07/2022,21,6832
10/07/2022,22,5595
10/07/2022,23,4125
10/07/2023,0,2845
10/07/2023,1,1728
10/07/2023,2,1112
10/07/2023,3,792
10/07/2023,4,724
10/07/2023,5,915
10/07/2023,6,1704
10/07/2023,7,6218
10/07/2023,8,10053
10/07/2023,9,5911
10/07/2023,10,4439
10/07/2023,11,5371
10/07/2023,12,5793
10/07/2023,13,5550
10/07/2023,14,5770
10/07/2023,15,6601
10/07/2023,16,8482
10/07/2023,17,13280
10/07/2023,18,19384
10/07/2023,19,14124
10/07/2023,20,12676
10/07/2023,21,11426
10/07/2023,22,8958
10/07/2023,23,5298
10/07/2024,0,452
10/07/2024,1,790
10/07/2024,2,465
10/07/2024,3,451
10/07/2024,4,528
10/07/2024,5,1627
10/07/2024,6,4433
10/07/2024,7,11524
10/07/2024,8,14880
10/07/2024,9,7387
10/07/2024,10,4783
10/07/2024,11,5575
10/07/2024,12,5735
10/07/2024,13,5373
10/07/2024,14,5466
10/07/2024,15,6296
10/07/2024,16,8326
10/07/2024,17,11595
10/07/2024,18,16733
10/07/2024,19,12054
10/07/2024,20,10153
10/07/2024,21,9736
10/07/2024,22,8007
10/07/2024,23,4712
10/08/2022,0,2
10/08/2022,1,4
10/08/2022,2,10
10/08/2022,3,8
10/08/2022,4,5
10/08/2022,5,22
10/08/2022,6,235
10/08/2022,7,4645
10/08/2022,8,9414
10/08/2022,9,5638
10/08/2022,10,4294
10/08/2022,11,5052
10/08/2022,12,5703
10/08/2022,13,5423
10/08/2022,14,5525
10/08/2022,15,6026
10/08/2022,16,7085
10/08/2022,17,10739
10/08/2022,18,15215
10/08/2022,19,8680
10/08/2022,20,8092
10/08/2022,21,4255
10/08/2022,22,1376
10/08/2022,23,715
10/08/2023,0,1305
10/08/2023,1,972
10/08/2023,2,699
10/08/2023,3,357
10/08/2023,4,174
10/08/2023,5,381
10/08/2023,6,1006
10/08/2023,7,653
10/08/2023,8,729
10/08/2023,9,294
10/08/2023,10,148
10/08/2023,11,158
10/08/2023,12,125
10/08/2023,13,109
10/08/2023,14,90
10/08/2023,15,129
10/08/2023,16,127
10/08/2023,17,163
10/08/2023,18,238
10/08/2023,19,222
10/08/2023,20,263
10/08/2023,21,359
10/08/2023,22,318
10/08/2023,23,314
10/08/2024,0,3502
10/08/2024,1,2652
10/08/2024,2,1824
10/08/2024,3,1257
10/08/2024,4,910
10/08/2024,5,1295
10/08/2024,6,2020
10/08/2024,7,2899
10/08/2024,8,4452
10/08/2024,9,5199
10/08/2024,10,5049
10/08/2024,11,5311
10/08/2024,12,5769
10/08/2024,13,5559
10/08/2024,14,5476
10/08/2024,15,5835
10/08/2024,16,6669
10/08/2024,17,7493
10/08/2024,18,7743
10/08/2024,19,7797
10/08/2024,20,7689
10/08/2024,21,7354
10/08/2024,22,6333
10/08/2024,23,4443
10/09/2022,0,4009
10/09/2022,1,2524
10/09/2022,2,1482
10/09/2022,3,992
10/09/2022,4,720
10/09/2022,5,717
10/09/2022,6,1099
10/09/2022,7,1672
10/09/2022,8,2180
10/09/2022,9,2430
10/09/2022,10,2965
10/09/2022,11,3712
10/09/2022,12,4286
10/09/2022,13,4663
10/09/2022,14,5436
10/09/2022,15,6552
10/09/2022,16,7575
10/09/2022,17,8796
10/09/2022,18,9590
10/09/2022,19,9144
10/09/2022,20,8630
10/09/2022,21,8089
10/09/2022,22,6521
10/09/2022,23,4910
10/09/2023,0,4956
10/09/2023,1,3346
10/09/2023,2,2250
10/09/2023,3,1540
10/09/2023,4,1060
10/09/2023,5,1110
10/09/2023,6,1815
10/09/2023,7,2696
10/09/2023,8,4298
10/09/2023,9,5357
10/09/2023,10,5908
10/09/2023,11,6334
10/09/2023,12,7826
10/09/2023,13,8046
10/09/2023,14,8119
10/09/2023,15,9197
10/09/2023,16,10725
10/09/2023,17,12429
10/09/2023,18,12862
10/09/2023,19,11720
10/09/2023,20,10588
10/09/2023,21,9357
10/09/2023,22,7243
10/09/2023,23,4750
10/09/2024,0,2987
10/09/2024,1,1932
10/09/2024,2,1202
10/09/2024,3,904
10/09/2024,4,876
10/09/2024,5,2211
10/09/2024,6,5189
10/09/2024,7,12713
10/09/2024,8,15883
10/09/2024,9,7293
10/09/2024,10,4686
10/09/2024,11,5193
10/09/2024,12,5285
10/09/2024,13,4848
10/09/2024,14,4756
10/09/2024,15,5484
10/09/2024,16,8999
10/09/2024,17,13403
10/09/2024,18,19289
10/09/2024,19,13258
10/09/2024,20,10829
10/09/2024,21,9923
10/09/2024,22,8291
10/09/2024,23,4548
10/10/2022,0,1932
10/10/2022,1,1178
10/10/2022,2,965
10/10/2022,3,728
10/10/2022,4,555
10/10/2022,5,587
10/10/2022,6,868
10/10/2022,7,1584
10/10/2022,8,2683
10/10/2022,9,3567
10/10/2022,10,4586
10/10/2022,11,5032
10/10/2022,12,4501
10/10/2022,13,5129
10/10/2022,14,4151
10/10/2022,15,2790
10/10/2022,16,3956
10/10/2022,17,4356
10/10/2022,18,4974
10/10/2022,19,4357
10/10/2022,20,4027
10/10/2022,21,3960
10/10/2022,22,3544
10/10/2022,23,2483
10/10/2023,0,2699
10/10/2023,1,1551
10/10/2023,2,998
10/10/2023,3,711
10/10/2023,4,801
10/10/2023,5,1878
10/10/2023,6,4411
10/10/2023,7,11669
10/10/2023,8,16676
10/10/2023,9,8494
10/10/2023,10,6196
10/10/2023,11,7091
10/10/2023,12,7640
10/10/2023,13,7326
10/10/2023,14,7421
10/10/2023,15,8473
10/10/2023,16,11293
10/10/2023,17,16806
10/10/2023,18,22470
10/10/2023,19,14478
10/10/2023,20,11961
10/10/2023,21,10477
10/10/2023,22,8601
10/10/2023,23,5165
10/10/2024,0,2895
10/10/2024,1,1747
10/10/2024,2,1067
10/10/2024,3,822
10/10/2024,4,861
10/10/2024,5,1939
10/10/2024,6,4623
10/10/2024,7,11689
10/10/2024,8,16118
10/10/2024,9,8321
10/10/2024,10,5862
10/10/2024,11,6461
10/10/2024,12,6805
10/10/2024,13,6635
10/10/2024,14,6507
10/10/2024,15,7398
10/10/2024,16,10245
10/10/2024,17,15392
10/10/2024,18,19770
10/10/2024,19,12584
10/10/2024,20,10536
10/10/2024,21,9663
10/10/2024,22,7770
10/10/2024,23,4413
10/11/2022,0,3000
10/11/2022,1,2058
10/11/2022,2,1167
10/11/2022,3,786
10/11/2022,4,659
10/11/2022,5,1382
10/11/2022,6,3014
10/11/2022,7,9104
10/11/2022,8,15521
10/11/2022,9,7394
10/11/2022,10,4996
10/11/2022,11,5790
10/11/2022,12,6455
10/11/2022,13,6098
10/11/2022,14,6111
10/11/2022,15,7016
10/11/2022,16,9776
10/11/2022,17,12691
10/11/2022,18,16850
10/11/2022,19,10754
10/11/2022,20,8742
10/11/2022,21,8211
10/11/2022,22,7002
10/11/2022,23,4280
10/11/2023,0,2651
10/11/2023,1,1698
10/11/2023,2,1031
10/11/2023,3,778
10/11/2023,4,654
10/11/2023,5,1342
10/11/2023,6,3147
10/11/2023,7,8629
10/11/2023,8,13067
10/11/2023,9,6546
10/11/2023,10,4506
10/11/2023,11,5305
10/11/2023,12,5741
10/11/2023,13,5542
10/11/2023,14,5904
10/11/2023,15,7212
10/11/2023,16,8293
10/11/2023,17,10936
10/11/2023,18,12574
10/11/2023,19,7228
10/11/2023,20,5127
10/11/2023,21,4654
10/11/2023,22,4236
10/11/2023,23,2856
10/11/2024,0,2989
10/11/2024,1,2007
10/11/2024,2,1375
10/11/2024,3,996
10/11/2024,4,682
10/11/2024,5,690
10/11/2024,6,1046
10/11/2024,7,1844
10/11/2024,8,3187
10/11/2024,9,4085
10/11/2024,10,5126
10/11/2024,11,5754
10/11/2024,12,7018
10/11/2024,13,8240
10/11/2024,14,9054
10/11/2024,15,9840
10/11/2024,16,10510
10/11/2024,17,9595
10/11/2024,18,7571
10/11/2024,19,6413
10/11/2024,20,5696
10/11/2024,21,5214
10/11/2024,22,4067
10/11/2024,23,2694
10/12/2022,0,2491
10/12/2022,1,1953
10/12/2022,2,1320
10/12/2022,3,903
10/12/2022,4,515
10/12/2022,5,614
10/12/2022,6,790
10/12/2022,7,1384
10/12/2022,8,2669
10/12/2022,9,3497
10/12/2022,10,3749
10/12/2022,11,4148
10/12/2022,12,4775
10/12/2022,13,5056
10/12/2022,14,4799
10/12/2022,15,5202
10/12/2022,16,5207
10/12/2022,17,5043
10/12/2022,18,4271
10/12/2022,19,3409
10/12/2022,20,3040
10/12/2022,21,3036
10/12/2022,22,2859
10/12/2022,23,2230
10/12/2023,0,3262
10/12/2023,1,2214
10/12/2023,2,1658
10/12/2023,3,1107
10/12/2023,4,665
10/12/2023,5,588
10/12/2023,6,782
10/12/2023,7,1303
10/12/2023,8,2332
10/12/2023,9,3410
10/12/2023,10,3907
10/12/2023,11,4454
10/12/2023,12,5555
10/12/2023,13,6200
10/12/2023,14,6613
10/12/2023,15,7075
10/12/2023,16,7121
10/12/2023,17,6640
10/12/2023,18,5845
10/12/2023,19,4908
10/12/2023,20,4547
10/12/2023,21,4314
10/12/2023,22,3551
10/12/2023,23,2636
10/12/2024,0,1555
10/12/2024,1,1141
10/12/2024,2,707
10/12/2024,3,523
10/12/2024,4,526
10/12/2024,5,1089
10/12/2024,6,2511
10/12/2024,7,6328
10/12/2024,8,10140
10/12/2024,9,4865
10/12/2024,10,3248
10/12/2024,11,3657
10/12/2024,12,3803
10/12/2024,13,3699
10/12/2024,14,3719
10/12/2024,15,4190
10/12/2024,16,5690
10/12/2024,17,7612
10/12/2024,18,9841
10/12/2024,19,5872
10/12/2024,20,4733
10/12/2024,21,4207
10/12/2024,22,3496
10/12/2024,23,2220
11/01/2022,0,346
11/01/2022,1,311
11/01/2022,2,216
11/01/2022,3,150
11/01/2022,4,171
11/01/2022,5,361
11/01/2022,6,741
11/01/2022,7,1809
11/01/2022,8,3953
11/01/2022,9,2036
11/01/2022,10,1350
11/01/2022,11,1604
11/01/2022,12,1924
11/01/2022,13,1833
11/01/2022,14,1816
11/01/2022,15,1955
11/01/2022,16,2327
11/01/2022,17,3386
11/01/2022,18,4694
11/01/2022,19,2814
11/01/2022,20,1967
11/01/2022,21,2088
11/01/2022,22,1173
11/01/2022,23,685
11/01/2023,0,1543
11/01/2023,1,1159
11/01/2023,2,756
11/01/2023,3,476
11/01/2023,4,410
11/01/2023,5,875
11/01/2023,6,1754
11/01/2023,7,4110
11/01/2023,8,7985
11/01/2023,9,3979
11/01/2023,10,2727
11/01/2023,11,3207
11/01/2023,12,3656
11/01/2023,13,3657
11/01/2023,14,3629
11/01/2023,15,3826
11/01/2023,16,4638
11/01/2023,17,6597
11/01/2023,18,8657
11/01/2023,19,5266
11/01/2023,20,4078
11/01/2023,21,3700
11/01/2023,22,3295
11/01/2023,23,2008
11/01/2024,0,1367
11/01/2024,1,1079
11/01/2024,2,723
11/01/2024,3,514
11/01/2024,4,464
11/01/2024,5,996
11/01/2024,6,2092
11/01/2024,7,4451
11/01/2024,8,7843
11/01/2024,9,3777
11/01/2024,10,2585
11/01/2024,11,3123
11/01/2024,12,3311
11/01/2024,13,3430
11/01/2024,14,3274
11/01/2024,15,3522
11/01/2024,16,4407
11/01/2024,17,6626
11/01/2024,18,8659
11/01/2024,19,5491
11/01/2024,20,4312
11/01/2024,21,3889
11/01/2024,22,3507
11/01/2024,23,2132
11/02/2022,0,789
11/02/2022,1,566
11/02/2022,2,371
11/02/2022,3,256
11/02/2022,4,244
11/02/2022,5,512
11/02/2022,6,1077
11/02/2022,7,2775
11/02/2022,8,5786
11/02/2022,9,3235
11/02/2022,10,2446
11/02/2022,11,3005
11/02/2022,12,3412
11/02/2022,13,3527
11/02/2022,14,3471
11/02/2022,15,3772
11/02/2022,16,4469
11/02/2022,17,5747
11/02/2022,18,7257
11/02/2022,19,4356
11/02/2022,20,3179
11/02/2022,21,3256
11/02/2022,22,2209
11/02/2022,23,1283
11/02/2023,0,1978
11/02/2023,1,1614
11/02/2023,2,1135
11/02/2023,3,762
11/02/2023,4,471
11/02/2023,5,527
11/02/2023,6,725
11/02/2023,7,1176
11/02/2023,8,2306
11/02/2023,9,3080
11/02/2023,10,3421
11/02/2023,11,3979
11/02/2023,12,4443
11/02/2023,13,4947
11/02/2023,14,5050
11/02/2023,15,5248
11/02/2023,16,5617
11/02/2023,17,5349
11/02/2023,18,4589
11/02/2023,19,3548
11/02/2023,20,3005
11/02/2023,21,2932
11/02/2023,22,2649
11/02/2023,23,2074
11/02/2024,0,938
11/02/2024,1,751
11/02/2024,2,571
11/02/2024,3,421
11/02/2024,4,286
11/02/2024,5,317
11/02/2024,6,388
11/02/2024,7,718
11/02/2024,8,1152
11/02/2024,9,1517
11/02/2024,10,1961
11/02/2024,11,2242
11/02/2024,12,2758
11/02/2024,13,3077
11/02/2024,14,3142
11/02/2024,15,2974
11/02/2024,16,3050
11/02/2024,17,3272
11/02/2024,18,2893
11/02/2024,19,2516
11/02/2024,20,2312
11/02/2024,21,2125
11/02/2024,22,1910
11/02/2024,23,1553
11/03/2022,0,1516
11/03/2022,1,811
11/03/2022,2,503
11/03/2022,3,351
11/03/2022,4,328
11/03/2022,5,622
11/03/2022,6,1526
11/03/2022,7,4154
11/03/2022,8,7023
11/03/2022,9,3679
11/03/2022,10,2960
11/03/2022,11,3700
11/03/2022,12,4383
11/03/2022,13,4516
11/03/2022,14,4954
11/03/2022,15,5550
11/03/2022,16,6440
11/03/2022,17,8903
11/03/2022,18,10759
11/03/2022,19,6752
11/03/2022,20,5435
11/03/2022,21,4840
11/03/2022,22,4358
11/03/2022,23,3212
11/03/2023,0,3293
11/03/2023,1,2512
11/03/2023,2,1686
11/03/2023,3,1078
11/03/2023,4,699
11/03/2023,5,741
11/03/2023,6,1057
11/03/2023,7,1891
11/03/2023,8,3661
11/03/2023,9,4790
11/03/2023,10,5437
11/03/2023,11,6119
11/03/2023,12,7447
11/03/2023,13,8782
11/03/2023,14,9604
11/03/2023,15,10381
11/03/2023,16,11155
11/03/2023,17,10555
11/03/2023,18,9209
11/03/2023,19,7039
11/03/2023,20,6551
11/03/2023,21,6404
11/03/2023,22,5572
11/03/2023,23,3904
11/03/2024,0,1434
11/03/2024,1,824
11/03/2024,2,587
11/03/2024,3,452
11/03/2024,4,469
11/03/2024,5,1233
11/03/2024,6,2947
11/03/2024,7,7689
11/03/2024,8,10759
11/03/2024,9,5073
11/03/2024,10,3372
11/03/2024,11,3923
11/03/2024,12,4317
11/03/2024,13,4088
11/03/2024,14,4243
11/03/2024,15,4954
11/03/2024,16,6695
11/03/2024,17,10062
11/03/2024,18,13908
11/03/2024,19,8234
11/03/2024,20,6389
11/03/2024,21,5715
11/03/2024,22,4665
11/03/2024,23,2608
11/04/2022,0,3370
11/04/2022,1,1540
11/04/2022,2,739
11/04/2022,3,432
11/04/2022,4,470
11/04/2022,5,1053
11/04/2022,6,2547
11/04/2022,7,7115
11/04/2022,8,10736
11/04/2022,9,5812
11/04/2022,10,4316
11/04/2022,11,5238
11/04/2022,12,6079
11/04/2022,13,5893
11/04/2022,14,5992
11/04/2022,15,6742
11/04/2022,16,8874
11/04/2022,17,12719
11/04/2022,18,18507
11/04/2022,19,12429
11/04/2022,20,10255
11/04/2022,21,9038
11/04/2022,22,7323
11/04/2022,23,4512
11/04/2023,0,2715
11/04/2023,1,1828
11/04/2023,2,1123
11/04/2023,3,726
11/04/2023,4,615
11/04/2023,5,1360
11/04/2023,6,3531
11/04/2023,7,9679
11/04/2023,8,13771
11/04/2023,9,5647
11/04/2023,10,1347
11/04/2023,11,1941
11/04/2023,12,2326
11/04/2023,13,1115
11/04/2023,14,1045
11/04/2023,15,1952
11/04/2023,16,4774
11/04/2023,17,8484
11/04/2023,18,12357
11/04/2023,19,7738
11/04/2023,20,6552
11/04/2023,21,6150
11/04/2023,22,5402
11/04/2023,23,3179
11/04/2024,0,2802
11/04/2024,1,1616
11/04/2024,2,1063
11/04/2024,3,712
11/04/2024,4,751
11/04/2024,5,1492
11/04/2024,6,4050
11/04/2024,7,8284
11/04/2024,8,10385
11/04/2024,9,6552
11/04/2024,10,4647
11/04/2024,11,5384
11/04/2024,12,6147
11/04/2024,13,6239
11/04/2024,14,6336
11/04/2024,15,7360
11/04/2024,16,10347
11/04/2024,17,14201
11/04/2024,18,18923
11/04/2024,19,11720
11/04/2024,20,9709
11/04/2024,21,8772
11/04/2024,22,7282
11/04/2024,23,4293
11/05/2022,0,3132
11/05/2022,1,2176
11/05/2022,2,1218
11/05/2022,3,827
11/05/2022,4,672
11/05/2022,5,1411
11/05/2022,6,3468
11/05/2022,7,9362
11/05/2022,8,14616
11/05/2022,9,7212
11/05/2022,10,5111
11/05/2022,11,5957
11/05/2022,12,6656
11/05/2022,13,6371
11/05/2022,14,6414
11/05/2022,15,7324
11/05/2022,16,9811
11/05/2022,17,14387
11/05/2022,18,20193
11/05/2022,19,12812
11/05/2022,20,10293
11/05/2022,21,9624
11/05/2022,22,8036
11/05/2022,23,5075
11/05/2023,0,3477
11/05/2023,1,2352
11/05/2023,2,1432
11/05/2023,3,882
11/05/2023,4,760
11/05/2023,5,1589
11/05/2023,6,4277
11/05/2023,7,11473
11/05/2023,8,16631
11/05/2023,9,8287
11/05/2023,10,5651
11/05/2023,11,6609
11/05/2023,12,7129
11/05/2023,13,6829
11/05/2023,14,6623
11/05/2023,15,7287
11/05/2023,16,10993
11/05/2023,17,15506
11/05/2023,18,21244
11/05/2023,19,13965
11/05/2023,20,11263
11/05/2023,21,10416
11/05/2023,22,8646
11/05/2023,23,5345
11/05/2024,0,4084
11/05/2024,1,3005
11/05/2024,2,1952
11/05/2024,3,1356
11/05/2024,4,1038
11/05/2024,5,1245
11/05/2024,6,1962
11/05/2024,7,3236
11/05/2024,8,5349
11/05/2024,9,6571
11/05/2024,10,7065
11/05/2024,11,7494
11/05/2024,12,7969
11/05/2024,13,5598
11/05/2024,14,1191
11/05/2024,15,462
11/05/2024,16,271
11/05/2024,17,164
11/05/2024,18,114
11/05/2024,19,137
11/05/2024,20,102
11/05/2024,21,156
11/05/2024,22,574
11/05/2024,23,1120
11/06/2022,0,5019
11/06/2022,1,3845
11/06/2022,2,2706
11/06/2022,3,1584
11/06/2022,4,1073
11/06/2022,5,1242
11/06/2022,6,1774
11/06/2022,7,2935
11/06/2022,8,5079
11/06/2022,9,6274
11/06/2022,10,6600
11/06/2022,11,7500
11/06/2022,12,7881
11/06/2022,13,8665
11/06/2022,14,8408
11/06/2022,15,8893
11/06/2022,16,9861
11/06/2022,17,10797
11/06/2022,18,11499
11/06/2022,19,10938
11/06/2022,20,10841
11/06/2022,21,10600
11/06/2022,22,9169
11/06/2022,23,6923
11/06/2023,0,726
11/06/2023,1,554
11/06/2023,2,635
11/06/2023,3,480
11/06/2023,4,324
11/06/2023,5,496
11/06/2023,6,751
11/06/2023,7,993
11/06/2023,8,2624
11/06/2023,9,3911
11/06/2023,10,4886
11/06/2023,11,5911
11/06/2023,12,6204
11/06/2023,13,7738
11/06/2023,14,8731
11/06/2023,15,9942
11/06/2023,16,10819
11/06/2023,17,11396
11/06/2023,18,11916
11/06/2023,19,11349
11/06/2023,20,10646
11/06/2023,21,8913
11/06/2023,22,6821
11/06/2023,23,4505
11/06/2024,0,3234
11/06/2024,1,2054
11/06/2024,2,1453
11/06/2024,3,977
11/06/2024,4,911
11/06/2024,5,2273
11/06/2024,6,5365
11/06/2024,7,13215
11/06/2024,8,17115
11/06/2024,9,8183
11/06/2024,10,5288
11/06/2024,11,5999
11/06/2024,12,6286
11/06/2024,13,5610
11/06/2024,14,5514
11/06/2024,15,5992
11/06/2024,16,9931
11/06/2024,17,15197
11/06/2024,18,21227
11/06/2024,19,14197
11/06/2024,20,11258
11/06/2024,21,9788
11/06/2024,22,9222
11/06/2024,23,5049
11/07/2022,0,2962
11/07/2022,1,1248
11/07/2022,2,972
11/07/2022,3,726
11/07/2022,4,685
11/07/2022,5,1661
11/07/2022,6,3699
11/07/2022,7,9291
11/07/2022,8,12944
11/07/2022,9,6108
11/07/2022,10,4278
11/07/2022,11,4880
11/07/2022,12,5220
11/07/2022,13,4587
11/07/2022,14,5021
11/07/2022,15,5582
11/07/2022,16,6308
11/07/2022,17,9335
11/07/2022,18,15375
11/07/2022,19,11620
11/07/2022,20,10632
11/07/2022,21,9711
11/07/2022,22,8171
11/07/2022,23,5163
11/07/2023,0,3494
11/07/2023,1,2264
11/07/2023,2,1448
11/07/2023,3,990
11/07/2023,4,866
11/07/2023,5,2013
11/07/2023,6,4561
11/07/2023,7,10110
11/07/2023,8,5618
11/07/2023,9,1004
11/07/2023,10,395
11/07/2023,11,839
11/07/2023,12,1897
11/07/2023,13,488
11/07/2023,14,229
11/07/2023,15,165
11/07/2023,16,304
11/07/2023,17,401
11/07/2023,18,687
11/07/2023,19,2652
11/07/2023,20,3872
11/07/2023,21,4745
11/07/2023,22,4810
11/07/2023,23,2967
11/07/2024,0,3300
11/07/2024,1,2268
11/07/2024,2,1485
11/07/2024,3,1073
11/07/2024,4,921
11/07/2024,5,2126
11/07/2024,6,5024
11/07/2024,7,12226
11/07/2024,8,15591
11/07/2024,9,7457
11/07/2024,10,4965
11/07/2024,11,5423
11/07/2024,12,5976
11/07/2024,13,5562
11/07/2024,14,5320
11/07/2024,15,6469
11/07/2024,16,9410
11/07/2024,17,14107
11/07/2024,18,19268
11/07/2024,19,13156
11/07/2024,20,11399
11/07/2024,21,10352
11/07/2024,22,8911
11/07/2024,23,5092
11/08/2022,0,1153
11/08/2022,1,502
11/08/2022,2,176
11/08/2022,3,189
11/08/2022,4,41
11/08/2022,5,117
11/08/2022,6,855
11/08/2022,7,2027
11/08/2022,8,4388
11/08/2022,9,3741
11/08/2022,10,3257
11/08/2022,11,3558
11/08/2022,12,3353
11/08/2022,13,3821
11/08/2022,14,4715
11/08/2022,15,5357
11/08/2022,16,6847
11/08/2022,17,10165
11/08/2022,18,14210
11/08/2022,19,10217
11/08/2022,20,8866
11/08/2022,21,8450
11/08/2022,22,7648
11/08/2022,23,4716
11/08/2023,0,447
11/08/2023,1,346
11/08/2023,2,146
11/08/2023,3,116
11/08/2023,4,85
11/08/2023,5,116
11/08/2023,6,216
11/08/2023,7,316
11/08/2023,8,793
11/08/2023,9,785
11/08/2023,10,464
11/08/2023,11,384
11/08/2023,12,591
11/08/2023,13,1199
11/08/2023,14,1840
11/08/2023,15,2104
11/08/2023,16,4150
11/08/2023,17,7504
11/08/2023,18,9148
11/08/2023,19,5630
11/08/2023,20,3415
11/08/2023,21,1855
11/08/2023,22,2960
11/08/2023,23,2616
11/08/2024,0,3436
11/08/2024,1,2256
11/08/2024,2,1515
11/08/2024,3,1057
11/08/2024,4,793
11/08/2024,5,904
11/08/2024,6,1456
11/08/2024,7,2090
11/08/2024,8,3036
11/08/2024,9,3834
11/08/2024,10,3901
11/08/2024,11,4031
11/08/2024,12,4861
11/08/2024,13,4719
11/08/2024,14,4872
11/08/2024,15,5162
11/08/2024,16,6021
11/08/2024,17,7186
11/08/2024,18,7849
11/08/2024,19,7668
11/08/2024,20,7311
11/08/2024,21,6884
11/08/2024,22,5281
11/08/2024,23,3506
11/09/2022,0,3748
11/09/2022,1,2486
11/09/2022,2,1743
11/09/2022,3,1084
11/09/2022,4,795
11/09/2022,5,774
11/09/2022,6,1102
11/09/2022,7,1784
11/09/2022,8,2657
11/09/2022,9,3280
11/09/2022,10,4129
11/09/2022,11,4839
11/09/2022,12,5928
11/09/2022,13,6875
11/09/2022,14,7819
11/09/2022,15,8878
11/09/2022,16,8497
11/09/2022,17,5666
11/09/2022,18,3292
11/09/2022,19,6066
11/09/2022,20,7212
11/09/2022,21,7380
11/09/2022,22,6497
11/09/2022,23,5237
11/09/2023,0,3103
11/09/2023,1,1700
11/09/2023,2,1089
11/09/2023,3,833
11/09/2023,4,829
11/09/2023,5,2162
11/09/2023,6,5150
11/09/2023,7,12954
11/09/2023,8,16338
11/09/2023,9,7942
11/09/2023,10,5469
11/09/2023,11,6275
11/09/2023,12,6542
11/09/2023,13,6072
11/09/2023,14,6209
11/09/2023,15,7392
11/09/2023,16,10675
11/09/2023,17,17457
11/09/2023,18,24478
11/09/2023,19,16071
11/09/2023,20,13454
11/09/2023,21,11825
11/09/2023,22,9678
11/09/2023,23,5664
11/09/2024,0,3155
11/09/2024,1,2145
11/09/2024,2,1280
11/09/2024,3,995
11/09/2024,4,834
11/09/2024,5,2125
11/09/2024,6,5142
11/09/2024,7,12555
11/09/2024,8,15722
11/09/2024,9,7185
11/09/2024,10,4509
11/09/2024,11,5136
11/09/2024,12,5090
11/09/2024,13,4886
11/09/2024,14,4677
11/09/2024,15,4982
11/09/2024,16,7614
11/09/2024,17,12151
11/09/2024,18,17071
11/09/2024,19,11356
11/09/2024,20,9551
11/09/2024,21,7839
11/09/2024,22,5703
11/09/2024,23,2378
11/10/2022,0,2063
11/10/2022,1,1207
11/10/2022,2,703
11/10/2022,3,487
11/10/2022,4,571
11/10/2022,5,1353
11/10/2022,6,3147
11/10/2022,7,9025
11/10/2022,8,13851
11/10/2022,9,6933
11/10/2022,10,4963
11/10/2022,11,5447
11/10/2022,12,6173
11/10/2022,13,6045
11/10/2022,14,6278
11/10/2022,15,7073
11/10/2022,16,9806
11/10/2022,17,13591
11/10/2022,18,18265
11/10/2022,19,11628
11/10/2022,20,9711
11/10/2022,21,8331
11/10/2022,22,6849
11/10/2022,23,4030
11/10/2023,0,3452
11/10/2023,1,2161
11/10/2023,2,1306
11/10/2023,3,956
11/10/2023,4,841
11/10/2023,5,1856
11/10/2023,6,4620
11/10/2023,7,12556
11/10/2023,8,18034
11/10/2023,9,9066
11/10/2023,10,6567
11/10/2023,11,7588
11/10/2023,12,8036
11/10/2023,13,7699
11/10/2023,14,8027
11/10/2023,15,8855
11/10/2023,16,11627
11/10/2023,17,17508
11/10/2023,18,22590
11/10/2023,19,14559
11/10/2023,20,11831
11/10/2023,21,10736
11/10/2023,22,8556
11/10/2023,23,5146
11/10/2024,0,3081
11/10/2024,1,2202
11/10/2024,2,1339
11/10/2024,3,955
11/10/2024,4,1077
11/10/2024,5,1899
11/10/2024,6,4203
11/10/2024,7,11592
11/10/2024,8,16521
11/10/2024,9,8541
11/10/2024,10,6097
11/10/2024,11,7285
11/10/2024,12,7681
11/10/2024,13,7352
11/10/2024,14,7790
11/10/2024,15,8842
11/10/2024,16,10942
11/10/2024,17,16477
11/10/2024,18,19612
11/10/2024,19,12585
11/10/2024,20,10238
11/10/2024,21,9398
11/10/2024,22,8150
11/10/2024,23,5422
11/11/2022,0,3299
11/11/2022,1,2064
11/11/2022,2,1328
11/11/2022,3,860
11/11/2022,4,699
11/11/2022,5,1318
11/11/2022,6,2909
11/11/2022,7,8895
11/11/2022,8,14670
11/11/2022,9,7316
11/11/2022,10,5358
11/11/2022,11,6398
11/11/2022,12,7218
11/11/2022,13,7157
11/11/2022,14,7467
11/11/2022,15,8839
11/11/2022,16,10369
11/11/2022,17,14181
11/11/2022,18,16578
11/11/2022,19,10854
11/11/2022,20,8217
11/11/2022,21,7788
11/11/2022,22,7052
11/11/2022,23,4998
11/11/2023,0,2297
11/11/2023,1,1691
11/11/2023,2,1133
11/11/2023,3,820
11/11/2023,4,595
11/11/2023,5,783
11/11/2023,6,1210
11/11/2023,7,1970
11/11/2023,8,3660
11/11/2023,9,4734
11/11/2023,10,4780
11/11/2023,11,5140
11/11/2023,12,5907
11/11/2023,13,6315
11/11/2023,14,6280
11/11/2023,15,6454
11/11/2023,16,6425
11/11/2023,17,6321
11/11/2023,18,5117
11/11/2023,19,4046
11/11/2023,20,3487
11/11/2023,21,3442
11/11/2023,22,2893
11/11/2023,23,2297
11/11/2024,0,1982
11/11/2024,1,1217
11/11/2024,2,791
11/11/2024,3,601
11/11/2024,4,685
11/11/2024,5,1582
11/11/2024,6,3621
11/11/2024,7,10283
11/11/2024,8,14227
11/11/2024,9,6787
11/11/2024,10,4681
11/11/2024,11,5535
11/11/2024,12,6096
11/11/2024,13,5836
11/11/2024,14,5911
11/11/2024,15,7768
11/11/2024,16,9603
11/11/2024,17,13951
11/11/2024,18,17316
11/11/2024,19,10821
11/11/2024,20,8677
11/11/2024,21,7638
11/11/2024,22,6248
11/11/2024,23,3467
11/12/2022,0,2240
11/12/2022,1,1513
11/12/2022,2,1218
11/12/2022,3,790
11/12/2022,4,483
11/12/2022,5,421
11/12/2022,6,565
11/12/2022,7,956
11/12/2022,8,1651
11/12/2022,9,2390
11/12/2022,10,2778
11/12/2022,11,3132
11/12/2022,12,3702
11/12/2022,13,4269
11/12/2022,14,4383
11/12/2022,15,4874
11/12/2022,16,4700
11/12/2022,17,4417
11/12/2022,18,3713
11/12/2022,19,3083
11/12/2022,20,2608
11/12/2022,21,2528
11/12/2022,22,2103
11/12/2022,23,1612
11/12/2023,0,1717
11/12/2023,1,773
11/12/2023,2,413
11/12/2023,3,330
11/12/2023,4,265
11/12/2023,5,416
11/12/2023,6,746
11/12/2023,7,1475
11/12/2023,8,2151
11/12/2023,9,2129
11/12/2023,10,2357
11/12/2023,11,1107
11/12/2023,12,227
11/12/2023,13,200
11/12/2023,14,254
11/12/2023,15,495
11/12/2023,16,1274
11/12/2023,17,1651
11/12/2023,18,414
11/12/2023,19,331
11/12/2023,20,316
11/12/2023,21,862
11/12/2023,22,731
11/12/2023,23,562
11/12/2024,0,1695
11/12/2024,1,1234
11/12/2024,2,837
11/12/2024,3,592
11/12/2024,4,575
11/12/2024,5,1181
11/12/2024,6,2590
11/12/2024,7,6641
11/12/2024,8,10650
11/12/2024,9,5077
11/12/2024,10,3581
11/12/2024,11,3973
11/12/2024,12,4180
11/12/2024,13,3969
11/12/2024,14,4098
11/12/2024,15,4590
11/12/2024,16,5476
11/12/2024,17,8050
11/12/2024,18,9861
11/12/2024,19,5855
11/12/2024,20,4409
11/12/2024,21,4051
11/12/2024,22,3289
11/12/2024,23,2104
12/01/2022,0,492
12/01/2022,1,381
12/01/2022,2,262
12/01/2022,3,220
12/01/2022,4,170
12/01/2022,5,425
12/01/2022,6,876
12/01/2022,7,2102
12/01/2022,8,4569
12/01/2022,9,2387
12/01/2022,10,1590
12/01/2022,11,1811
12/01/2022,12,2066
12/01/2022,13,2112
12/01/2022,14,2091
12/01/2022,15,2175
12/01/2022,16,2650
12/01/2022,17,3722
12/01/2022,18,5124
12/01/2022,19,3095
12/01/2022,20,2220
12/01/2022,21,2504
12/01/2022,22,1398
12/01/2022,23,857
12/01/2023,0,1657
12/01/2023,1,1234
12/01/2023,2,778
12/01/2023,3,546
12/01/2023,4,427
12/01/2023,5,860
12/01/2023,6,1778
12/01/2023,7,4238
12/01/2023,8,8151
12/01/2023,9,4194
12/01/2023,10,2795
12/01/2023,11,3373
12/01/2023,12,3826
12/01/2023,13,3858
12/01/2023,14,4008
12/01/2023,15,4194
12/01/2023,16,5156
12/01/2023,17,7121
12/01/2023,18,9294
12/01/2023,19,5767
12/01/2023,20,4639
12/01/2023,21,4188
12/01/2023,22,3669
12/01/2023,23,1844
12/01/2024,0,1663
12/01/2024,1,1275
12/01/2024,2,769
12/01/2024,3,585
12/01/2024,4,508
12/01/2024,5,949
12/01/2024,6,2156
12/01/2024,7,4543
12/01/2024,8,8102
12/01/2024,9,4243
12/01/2024,10,2949
12/01/2024,11,3331
12/01/2024,12,3750
12/01/2024,13,3658
12/01/2024,14,3691
12/01/2024,15,4043
12/01/2024,16,4897
12/01/2024,17,7063
12/01/2024,18,8569
12/01/2024,19,5037
12/01/2024,20,3736
12/01/2024,21,3372
12/01/2024,22,3052
12/01/2024,23,2038
12/02/2022,0,1039
12/02/2022,1,723
12/02/2022,2,539
12/02/2022,3,337
12/02/2022,4,304
12/02/2022,5,343
12/02/2022,6,488
12/02/2022,7,816
12/02/2022,8,1734
12/02/2022,9,2418
12/02/2022,10,2726
12/02/2022,11,3378
12/02/2022,12,3822
12/02/2022,13,4392
12/02/2022,14,4569
12/02/2022,15,4997
12/02/2022,16,5072
12/02/2022,17,4901
12/02/2022,18,3792
12/02/2022,19,2855
12/02/2022,20,2816
12/02/2022,21,3177
12/02/2022,22,2054
12/02/2022,23,1244
12/02/2023,0,1992
12/02/2023,1,1344
12/02/2023,2,973
12/02/2023,3,664
12/02/2023,4,401
12/02/2023,5,381
12/02/2023,6,501
12/02/2023,7,860
12/02/2023,8,1469
12/02/2023,9,2101
12/02/2023,10,2567
12/02/2023,11,3029
12/02/2023,12,3667
12/02/2023,13,4310
12/02/2023,14,4534
12/02/2023,15,4989
12/02/2023,16,4896
12/02/2023,17,4638
12/02/2023,18,4056
12/02/2023,19,3242
12/02/2023,20,2969
12/02/2023,21,2857
12/02/2023,22,2499
12/02/2023,23,1753
12/02/2024,0,1271
12/02/2024,1,966
12/02/2024,2,697
12/02/2024,3,550
12/02/2024,4,368
12/02/2024,5,381
12/02/2024,6,520
12/02/2024,7,835
12/02/2024,8,1304
12/02/2024,9,1922
12/02/2024,10,2421
12/02/2024,11,3121
12/02/2024,12,3763
12/02/2024,13,4653
12/02/2024,14,5350
12/02/2024,15,5960
12/02/2024,16,6117
12/02/2024,17,5839
12/02/2024,18,4778
12/02/2024,19,3706
12/02/2024,20,3408
12/02/2024,21,3119
12/02/2024,22,2548
12/02/2024,23,1849
12/03/2022,0,2257
12/03/2022,1,1195
12/03/2022,2,740
12/03/2022,3,427
12/03/2022,4,347
12/03/2022,5,427
12/03/2022,6,644
12/03/2022,7,1227
12/03/2022,8,2499
12/03/2022,9,3237
12/03/2022,10,4054
12/03/2022,11,4849
12/03/2022,12,5796
12/03/2022,13,6713
12/03/2022,14,7637
12/03/2022,15,8275
12/03/2022,16,8428
12/03/2022,17,7581
12/03/2022,18,5943
12/03/2022,19,3438
12/03/2022,20,1061
12/03/2022,21,1270
12/03/2022,22,1726
12/03/2022,23,919
12/03/2023,0,3510
12/03/2023,1,2298
12/03/2023,2,1521
12/03/2023,3,1051
12/03/2023,4,656
12/03/2023,5,528
12/03/2023,6,619
12/03/2023,7,532
12/03/2023,8,380
12/03/2023,9,384
12/03/2023,10,225
12/03/2023,11,169
12/03/2023,12,263
12/03/2023,13,1276
12/03/2023,14,2032
12/03/2023,15,3171
12/03/2023,16,4251
12/03/2023,17,4375
12/03/2023,18,3693
12/03/2023,19,2570
12/03/2023,20,2319
12/03/2023,21,2105
12/03/2023,22,1739
12/03/2023,23,1252
12/03/2024,0,1852
12/03/2024,1,1339
12/03/2024,2,813
12/03/2024,3,569
12/03/2024,4,560
12/03/2024,5,1230
12/03/2024,6,3055
12/03/2024,7,4281
12/03/2024,8,2870
12/03/2024,9,1875
12/03/2024,10,2137
12/03/2024,11,3265
12/03/2024,12,3627
12/03/2024,13,3381
12/03/2024,14,3256
12/03/2024,15,3648
12/03/2024,16,5631
12/03/2024,17,5785
12/03/2024,18,8744
12/03/2024,19,5770
12/03/2024,20,4831
12/03/2024,21,4640
12/03/2024,22,4075
12/03/2024,23,2468
12/04/2022,0,3681
12/04/2022,1,1788
12/04/2022,2,942
12/04/2022,3,580
12/04/2022,4,521
12/04/2022,5,1026
12/04/2022,6,2471
12/04/2022,7,6717
12/04/2022,8,10995
12/04/2022,9,5848
12/04/2022,10,4295
12/04/2022,11,5106
12/04/2022,12,5959
12/04/2022,13,5667
12/04/2022,14,5633
12/04/2022,15,6186
12/04/2022,16,8294
12/04/2022,17,11234
12/04/2022,18,14398
12/04/2022,19,8717
12/04/2022,20,4453
12/04/2022,21,1133
12/04/2022,22,1770
12/04/2022,23,1573
12/04/2023,0,2330
12/04/2023,1,1696
12/04/2023,2,1049
12/04/2023,3,735
12/04/2023,4,535
12/04/2023,5,1258
12/04/2023,6,3240
12/04/2023,7,9525
12/04/2023,8,13798
12/04/2023,9,6750
12/04/2023,10,4545
12/04/2023,11,5225
12/04/2023,12,5700
12/04/2023,13,5425
12/04/2023,14,5519
12/04/2023,15,6542
12/04/2023,16,8559
12/04/2023,17,11881
12/04/2023,18,16279
12/04/2023,19,9598
12/04/2023,20,7420
12/04/2023,21,6800
12/04/2023,22,5751
12/04/2023,23,3460
12/04/2024,0,2980
12/04/2024,1,2021
12/04/2024,2,1276
12/04/2024,3,826
12/04/2024,4,726
12/04/2024,5,1456
12/04/2024,6,3822
12/04/2024,7,10238
12/04/2024,8,14406
12/04/2024,9,7367
12/04/2024,10,5621
12/04/2024,11,6718
12/04/2024,12,7252
12/04/2024,13,7348
12/04/2024,14,7393
12/04/2024,15,9276
12/04/2024,16,11155
12/04/2024,17,15819
12/04/2024,18,19243
12/04/2024,19,12094
12/04/2024,20,9624
12/04/2024,21,8949
12/04/2024,22,7946
12/04/2024,23,5087
12/05/2022,0,3946
12/05/2022,1,2448
12/05/2022,2,1414
12/05/2022,3,890
12/05/2022,4,665
12/05/2022,5,1430
12/05/2022,6,3349
12/05/2022,7,9407
12/05/2022,8,14593
12/05/2022,9,7127
12/05/2022,10,5032
12/05/2022,11,5969
12/05/2022,12,6405
12/05/2022,13,6041
12/05/2022,14,6051
12/05/2022,15,6881
12/05/2022,16,9534
12/05/2022,17,14162
12/05/2022,18,20039
12/05/2022,19,13263
12/05/2022,20,11015
12/05/2022,21,9956
12/05/2022,22,8669
12/05/2022,23,5404
12/05/2023,0,3605
12/05/2023,1,2477
12/05/2023,2,1565
12/05/2023,3,988
12/05/2023,4,780
12/05/2023,5,1580
12/05/2023,6,4023
12/05/2023,7,10745
12/05/2023,8,16083
12/05/2023,9,8066
12/05/2023,10,5933
12/05/2023,11,6915
12/05/2023,12,7885
12/05/2023,13,7591
12/05/2023,14,7718
12/05/2023,15,9307
12/05/2023,16,11178
12/05/2023,17,16168
12/05/2023,18,20423
12/05/2023,19,13378
12/05/2023,20,10730
12/05/2023,21,9770
12/05/2023,22,8812
12/05/2023,23,5573
12/05/2024,0,1563
12/05/2024,1,1382
12/05/2024,2,1092
12/05/2024,3,717
12/05/2024,4,649
12/05/2024,5,704
12/05/2024,6,1061
12/05/2024,7,1836
12/05/2024,8,3256
12/05/2024,9,4867
12/05/2024,10,5848
12/05/2024,11,6815
12/05/2024,12,8684
12/05/2024,13,10004
12/05/2024,14,11049
12/05/2024,15,12059
12/05/2024,16,12897
12/05/2024,17,13442
12/05/2024,18,12349
12/05/2024,19,10990
12/05/2024,20,8892
12/05/2024,21,7608
12/05/2024,22,5620
12/05/2024,23,3620
12/06/2022,0,5703
12/06/2022,1,3993
12/06/2022,2,2776
12/06/2022,3,1588
12/06/2022,4,1135
12/06/2022,5,1036
12/06/2022,6,1452
12/06/2022,7,2238
12/06/2022,8,3543
12/06/2022,9,4652
12/06/2022,10,5334
12/06/2022,11,6053
12/06/2022,12,7331
12/06/2022,13,7769
12/06/2022,14,8276
12/06/2022,15,9157
12/06/2022,16,10491
12/06/2022,17,11034
12/06/2022,18,10334
12/06/2022,19,9788
12/06/2022,20,9497
12/06/2022,21,8669
12/06/2022,22,6912
12/06/2022,23,4695
12/06/2023,0,3176
12/06/2023,1,1992
12/06/2023,2,1236
12/06/2023,3,860
12/06/2023,4,765
12/06/2023,5,2140
12/06/2023,6,4939
12/06/2023,7,12679
12/06/2023,8,16271
12/06/2023,9,7964
12/06/2023,10,5501
12/06/2023,11,6457
12/06/2023,12,6903
12/06/2023,13,6462
12/06/2023,14,6425
12/06/2023,15,7884
12/06/2023,16,10567
12/06/2023,17,10822
12/06/2023,18,18188
12/06/2023,19,13916
12/06/2023,20,12331
12/06/2023,21,11213
12/06/2023,22,9268
12/06/2023,23,5412
12/06/2024,0,3450
12/06/2024,1,2299
12/06/2024,2,1477
12/06/2024,3,1028
12/06/2024,4,919
12/06/2024,5,2179
12/06/2024,6,5331
12/06/2024,7,12792
12/06/2024,8,16721
12/06/2024,9,8038
12/06/2024,10,5273
12/06/2024,11,5897
12/06/2024,12,6156
12/06/2024,13,5779
12/06/2024,14,5711
12/06/2024,15,6941
12/06/2024,16,9666
12/06/2024,17,15298
12/06/2024,18,20845
12/06/2024,19,13751
12/06/2024,20,11795
12/06/2024,21,10468
12/06/2024,22,8841
12/06/2024,23,5087
12/07/2022,0,3471
12/07/2022,1,2356
12/07/2022,2,1420
12/07/2022,3,961
12/07/2022,4,849
12/07/2022,5,1816
12/07/2022,6,4128
12/07/2022,7,10010
12/07/2022,8,14251
12/07/2022,9,6754
12/07/2022,10,4742
12/07/2022,11,5317
12/07/2022,12,5787
12/07/2022,13,5416
12/07/2022,14,5746
12/07/2022,15,6760
12/07/2022,16,8612
12/07/2022,17,12552
12/07/2022,18,18405
12/07/2022,19,12621
12/07/2022,20,11124
12/07/2022,21,10218
12/07/2022,22,8639
12/07/2022,23,5369
12/07/2023,0,1871
12/07/2023,1,1591
12/07/2023,2,1109
12/07/2023,3,809
12/07/2023,4,549
12/07/2023,5,1061
12/07/2023,6,3075
12/07/2023,7,8955
12/07/2023,8,13235
12/07/2023,9,6948
12/07/2023,10,4670
12/07/2023,11,5801
12/07/2023,12,6178
12/07/2023,13,6023
12/07/2023,14,6313
12/07/2023,15,7294
12/07/2023,16,9281
12/07/2023,17,14002
12/07/2023,18,19720
12/07/2023,19,13486
12/07/2023,20,11669
12/07/2023,21,10498
12/07/2023,22,8855
12/07/2023,23,5423
12/07/2024,0,3539
12/07/2024,1,2411
12/07/2024,2,1639
12/07/2024,3,1127
12/07/2024,4,951
12/07/2024,5,2138
12/07/2024,6,4763
12/07/2024,7,11876
12/07/2024,8,15241
12/07/2024,9,7572
12/07/2024,10,5148
12/07/2024,11,6038
12/07/2024,12,6651
12/07/2024,13,6266
12/07/2024,14,6661
12/07/2024,15,7857
12/07/2024,16,9470
12/07/2024,17,14264
12/07/2024,18,18511
12/07/2024,19,12317
12/07/2024,20,10175
12/07/2024,21,9677
12/07/2024,22,8437
12/07/2024,23,5744
12/08/2022,0,3663
12/08/2022,1,2459
12/08/2022,2,1470
12/08/2022,3,949
12/08/2022,4,762
12/08/2022,5,1361
12/08/2022,6,2962
12/08/2022,7,6650
12/08/2022,8,10841
12/08/2022,9,6096
12/08/2022,10,4556
12/08/2022,11,5231
12/08/2022,12,5795
12/08/2022,13,5282
12/08/2022,14,5053
12/08/2022,15,5626
12/08/2022,16,7052
12/08/2022,17,11369
12/08/2022,18,15716
12/08/2022,19,11465
12/08/2022,20,9702
12/08/2022,21,9151
12/08/2022,22,8224
12/08/2022,23,5675
12/08/2023,0,2368
12/08/2023,1,1900
12/08/2023,2,1393
12/08/2023,3,989
12/08/2023,4,494
12/08/2023,5,709
12/08/2023,6,1206
12/08/2023,7,1923
12/08/2023,8,2987
12/08/2023,9,4039
12/08/2023,10,4574
12/08/2023,11,5149
12/08/2023,12,6238
12/08/2023,13,5723
12/08/2023,14,3350
12/08/2023,15,3418
12/08/2023,16,4931
12/08/2023,17,7018
12/08/2023,18,8156
12/08/2023,19,8386
12/08/2023,20,8101
12/08/2023,21,7974
12/08/2023,22,6766
12/08/2023,23,4990
12/08/2024,0,2485
12/08/2024,1,1487
12/08/2024,2,970
12/08/2024,3,814
12/08/2024,4,772
12/08/2024,5,2011
12/08/2024,6,4415
12/08/2024,7,8754
12/08/2024,8,12388
12/08/2024,9,6284
12/08/2024,10,4145
12/08/2024,11,4678
12/08/2024,12,4902
12/08/2024,13,4434
12/08/2024,14,4417
12/08/2024,15,4441
12/08/2024,16,6231
12/08/2024,17,11012
12/08/2024,18,16384
12/08/2024,19,11707
12/08/2024,20,10120
12/08/2024,21,8881
12/08/2024,22,7252
12/08/2024,23,4244
12/09/2022,0,4459
12/09/2022,1,3070
12/09/2022,2,2209
12/09/2022,3,1472
12/09/2022,4,1037
12/09/2022,5,895
12/09/2022,6,1217
12/09/2022,7,2107
12/09/2022,8,3099
12/09/2022,9,4279
12/09/2022,10,5321
12/09/2022,11,6506
12/09/2022,12,7637
12/09/2022,13,8588
12/09/2022,14,9784
12/09/2022,15,10970
12/09/2022,16,11778
12/09/2022,17,12820
12/09/2022,18,12385
12/09/2022,19,11266
12/09/2022,20,10158
12/09/2022,21,8931
12/09/2022,22,7076
12/09/2022,23,4790
12/09/2023,0,3714
12/09/2023,1,2213
12/09/2023,2,1422
12/09/2023,3,1015
12/09/2023,4,902
12/09/2023,5,2201
12/09/2023,6,5497
12/09/2023,7,13581
12/09/2023,8,17852
12/09/2023,9,8563
12/09/2023,10,5655
12/09/2023,11,6279
12/09/2023,12,6598
12/09/2023,13,6035
12/09/2023,14,6019
12/09/2023,15,7211
12/09/2023,16,11339
12/09/2023,17,16863
12/09/2023,18,22921
12/09/2023,19,15056
12/09/2023,20,13050
12/09/2023,21,11976
12/09/2023,22,9628
12/09/2023,23,5575
12/09/2024,0,1918
12/09/2024,1,978
12/09/2024,2,460
12/09/2024,3,398
12/09/2024,4,394
12/09/2024,5,762
12/09/2024,6,891
12/09/2024,7,1335
12/09/2024,8,1849
12/09/2024,9,1476
12/09/2024,10,995
12/09/2024,11,2395
12/09/2024,12,3342
12/09/2024,13,2517
12/09/2024,14,665
12/09/2024,15,600
12/09/2024,16,2165
12/09/2024,17,4326
12/09/2024,18,8112
12/09/2024,19,5703
12/09/2024,20,5628
12/09/2024,21,5998
12/09/2024,22,5598
12/09/2024,23,3517
12/10/2022,0,2706
12/10/2022,1,1913
12/10/2022,2,1119
12/10/2022,3,691
12/10/2022,4,689
12/10/2022,5,1305
12/10/2022,6,3323
12/10/2022,7,9630
12/10/2022,8,15478
12/10/2022,9,7432
12/10/2022,10,5401
12/10/2022,11,5951
12/10/2022,12,6970
12/10/2022,13,6794
12/10/2022,14,6804
12/10/2022,15,7638
12/10/2022,16,10303
12/10/2022,17,14530
12/10/2022,18,19445
12/10/2022,19,12244
12/10/2022,20,9945
12/10/2022,21,8987
12/10/2022,22,7396
12/10/2022,23,4580
12/10/2023,0,3386
12/10/2023,1,2129
12/10/2023,2,1390
12/10/2023,3,930
12/10/2023,4,818
12/10/2023,5,1813
12/10/2023,6,4367
12/10/2023,7,12548
12/10/2023,8,18156
12/10/2023,9,8869
12/10/2023,10,6270
12/10/2023,11,7163
12/10/2023,12,7875
12/10/2023,13,7269
12/10/2023,14,7546
12/10/2023,15,8385
12/10/2023,16,12280
12/10/2023,17,17120
12/10/2023,18,21762
12/10/2023,19,14178
12/10/2023,20,11819
12/10/2023,21,10811
12/10/2023,22,9032
12/10/2023,23,5478
12/10/2024,0,3912
12/10/2024,1,2818
12/10/2024,2,1857
12/10/2024,3,1313
12/10/2024,4,1091
12/10/2024,5,1234
12/10/2024,6,1859
12/10/2024,7,3287
12/10/2024,8,5453
12/10/2024,9,6788
12/10/2024,10,7084
12/10/2024,11,7931
12/10/2024,12,9229
12/10/2024,13,9998
12/10/2024,14,10435
12/10/2024,15,11453
12/10/2024,16,12340
12/10/2024,17,13197
12/10/2024,18,11853
12/10/2024,19,9642
12/10/2024,20,8996
12/10/2024,21,8378
12/10/2024,22,6749
12/10/2024,23,4787
12/11/2022,0,3969
12/11/2022,1,2945
12/11/2022,2,2090
12/11/2022,3,1305
12/11/2022,4,815
12/11/2022,5,877
12/11/2022,6,1350
12/11/2022,7,2371
12/11/2022,8,4236
12/11/2022,9,5473
12/11/2022,10,6157
12/11/2022,11,7185
12/11/2022,12,8167
12/11/2022,13,8828
12/11/2022,14,2840
12/11/2022,15,1298
12/11/2022,16,2467
12/11/2022,17,1198
12/11/2022,18,1260
12/11/2022,19,494
12/11/2022,20,85
12/11/2022,21,91
12/11/2022,22,329
12/11/2022,23,1087
12/11/2023,0,1971
12/11/2023,1,1343
12/11/2023,2,940
12/11/2023,3,669
12/11/2023,4,490
12/11/2023,5,521
12/11/2023,6,731
12/11/2023,7,1273
12/11/2023,8,2147
12/11/2023,9,2994
12/11/2023,10,3266
12/11/2023,11,3727
12/11/2023,12,4537
12/11/2023,13,5049
12/11/2023,14,5115
12/11/2023,15,5268
12/11/2023,16,5366
12/11/2023,17,5029
12/11/2023,18,4186
12/11/2023,19,3255
12/11/2023,20,3010
12/11/2023,21,2958
12/11/2023,22,2558
12/11/2023,23,1872
12/11/2024,0,2477
12/11/2024,1,1630
12/11/2024,2,1017
12/11/2024,3,767
12/11/2024,4,711
12/11/2024,5,1685
12/11/2024,6,4031
12/11/2024,7,11031
12/11/2024,8,15852
12/11/2024,9,7434
12/11/2024,10,4960
12/11/2024,11,5721
12/11/2024,12,6075
12/11/2024,13,5857
12/11/2024,14,6147
12/11/2024,15,6990
12/11/2024,16,9701
12/11/2024,17,13546
12/11/2024,18,16897
12/11/2024,19,10340
12/11/2024,20,8342
12/11/2024,21,7520
12/11/2024,22,6074
12/11/2024,23,3490
12/12/2022,0,1321
12/12/2022,1,852
12/12/2022,2,583
12/12/2022,3,387
12/12/2022,4,403
12/12/2022,5,906
12/12/2022,6,2007
12/12/2022,7,5292
12/12/2022,8,8931
12/12/2022,9,4559
12/12/2022,10,3266
12/12/2022,11,3639
12/12/2022,12,3938
12/12/2022,13,3922
12/12/2022,14,3917
12/12/2022,15,3561
12/12/2022,16,2095
12/12/2022,17,656
12/12/2022,18,609
12/12/2022,19,1187
12/12/2022,20,1806
12/12/2022,21,2045
12/12/2022,22,1954
12/12/2022,23,1262
12/12/2023,0,957
12/12/2023,1,952
12/12/2023,2,602
12/12/2023,3,435
12/12/2023,4,310
12/12/2023,5,904
12/12/2023,6,2192
12/12/2023,7,5474
12/12/2023,8,9362
12/12/2023,9,5200
12/12/2023,10,3890
12/12/2023,11,4171
12/12/2023,12,4419
12/12/2023,13,4630
12/12/2023,14,4619
12/12/2023,15,5260
12/12/2023,16,6454
12/12/2023,17,9217
12/12/2023,18,11923
12/12/2023,19,7506
12/12/2023,20,6032
12/12/2023,21,5530
12/12/2023,22,4507
12/12/2023,23,2904
12/12/2024,0,1718
12/12/2024,1,1224
12/12/2024,2,828
12/12/2024,3,599
12/12/2024,4,524
12/12/2024,5,1122
12/12/2024,6,2537
12/12/2024,7,6405
12/12/2024,8,10008
12/12/2024,9,4957
12/12/2024,10,3288
12/12/2024,11,3618
12/12/2024,12,3833
12/12/2024,13,3670
12/12/2024,14,3781
12/12/2024,15,4006
12/12/2024,16,5198
12/12/2024,17,7158
12/12/2024,18,8825
12/12/2024,19,5416
12/12/2024,20,4097
12/12/2024,21,3905
12/12/2024,22,3231
12/12/2024,23,2020
13/01/2022,0,616
13/01/2022,1,512
13/01/2022,2,314
13/01/2022,3,213
13/01/2022,4,235
13/01/2022,5,458
13/01/2022,6,934
13/01/2022,7,2350
13/01/2022,8,4900
13/01/2022,9,2483
13/01/2022,10,1671
13/01/2022,11,1840
13/01/2022,12,2090
13/01/2022,13,1958
13/01/2022,14,1896
13/01/2022,15,2176
13/01/2022,16,2423
13/01/2022,17,3352
13/01/2022,18,4550
13/01/2022,19,2692
13/01/2022,20,1999
13/01/2022,21,2217
13/01/2022,22,1262
13/01/2022,23,737
13/01/2023,0,666
13/01/2023,1,267
13/01/2023,2,85
13/01/2023,3,104
13/01/2023,4,61
13/01/2023,5,89
13/01/2023,6,74
13/01/2023,7,186
13/01/2023,8,524
13/01/2023,9,533
13/01/2023,10,809
13/01/2023,11,1399
13/01/2023,12,1647
13/01/2023,13,1552
13/01/2023,14,802
13/01/2023,15,686
13/01/2023,16,847
13/01/2023,17,1200
13/01/2023,18,2340
13/01/2023,19,1852
13/01/2023,20,1618
13/01/2023,21,1553
13/01/2023,22,1145
13/01/2023,23,753
13/01/2024,0,1837
13/01/2024,1,1449
13/01/2024,2,1076
13/01/2024,3,736
13/01/2024,4,500
13/01/2024,5,592
13/01/2024,6,841
13/01/2024,7,1305
13/01/2024,8,2422
13/01/2024,9,3058
13/01/2024,10,3346
13/01/2024,11,3515
13/01/2024,12,4146
13/01/2024,13,4442
13/01/2024,14,4461
13/01/2024,15,4739
13/01/2024,16,4858
13/01/2024,17,4511
13/01/2024,18,3875
13/01/2024,19,3004
13/01/2024,20,2608
13/01/2024,21,2570
13/01/2024,22,2366
13/01/2024,23,1844
13/02/2022,0,934
13/02/2022,1,662
13/02/2022,2,442
13/02/2022,3,273
13/02/2022,4,213
13/02/2022,5,234
13/02/2022,6,347
13/02/2022,7,640
13/02/2022,8,1248
13/02/2022,9,1748
13/02/2022,10,2313
13/02/2022,11,2881
13/02/2022,12,3526
13/02/2022,13,4038
13/02/2022,14,4456
13/02/2022,15,4779
13/02/2022,16,4887
13/02/2022,17,4512
13/02/2022,18,3743
13/02/2022,19,2817
13/02/2022,20,2363
13/02/2022,21,2638
13/02/2022,22,1664
13/02/2022,23,1029
13/02/2023,0,1585
13/02/2023,1,967
13/02/2023,2,639
13/02/2023,3,450
13/02/2023,4,433
13/02/2023,5,974
13/02/2023,6,1937
13/02/2023,7,4625
13/02/2023,8,8194
13/02/2023,9,4390
13/02/2023,10,2962
13/02/2023,11,3503
13/02/2023,12,3882
13/02/2023,13,3934
13/02/2023,14,3933
13/02/2023,15,4239
13/02/2023,16,4982
13/02/2023,17,7529
13/02/2023,18,10674
13/02/2023,19,6674
13/02/2023,20,5128
13/02/2023,21,4542
13/02/2023,22,3570
13/02/2023,23,2206
13/02/2024,0,1552
13/02/2024,1,929
13/02/2024,2,577
13/02/2024,3,416
13/02/2024,4,445
13/02/2024,5,993
13/02/2024,6,2163
13/02/2024,7,4929
13/02/2024,8,8521
13/02/2024,9,4518
13/02/2024,10,3367
13/02/2024,11,3985
13/02/2024,12,4351
13/02/2024,13,4622
13/02/2024,14,4880
13/02/2024,15,5193
13/02/2024,16,6185
13/02/2024,17,9410
13/02/2024,18,12300
13/02/2024,19,7525
13/02/2024,20,6238
13/02/2024,21,5439
13/02/2024,22,4429
13/02/2024,23,2531
13/03/2022,0,170
13/03/2022,1,50
13/03/2022,2,39
13/03/2022,3,36
13/03/2022,4,39
13/03/2022,5,48
13/03/2022,6,86
13/03/2022,7,178
13/03/2022,8,401
13/03/2022,9,718
13/03/2022,10,1251
13/03/2022,11,1408
13/03/2022,12,1442
13/03/2022,13,1771
13/03/2022,14,2575
13/03/2022,15,3270
13/03/2022,16,3846
13/03/2022,17,3888
13/03/2022,18,3566
13/03/2022,19,3116
13/03/2022,20,2986
13/03/2022,21,2692
13/03/2022,22,2215
13/03/2022,23,1776
13/03/2023,0,963
13/03/2023,1,651
13/03/2023,2,408
13/03/2023,3,330
13/03/2023,4,334
13/03/2023,5,970
13/03/2023,6,2155
13/03/2023,7,6178
13/03/2023,8,9684
13/03/2023,9,4687
13/03/2023,10,3207
13/03/2023,11,3897
13/03/2023,12,4315
13/03/2023,13,4087
13/03/2023,14,4306
13/03/2023,15,4870
13/03/2023,16,6534
13/03/2023,17,8837
13/03/2023,18,12295
13/03/2023,19,7339
13/03/2023,20,5726
13/03/2023,21,5162
13/03/2023,22,4280
13/03/2023,23,2554
13/03/2024,0,1684
13/03/2024,1,1304
13/03/2024,2,802
13/03/2024,3,650
13/03/2024,4,505
13/03/2024,5,1194
13/03/2024,6,2961
13/03/2024,7,7988
13/03/2024,8,11805
13/03/2024,9,5742
13/03/2024,10,4034
13/03/2024,11,4709
13/03/2024,12,5041
13/03/2024,13,4765
13/03/2024,14,5028
13/03/2024,15,5839
13/03/2024,16,7425
13/03/2024,17,10235
13/03/2024,18,13112
13/03/2024,19,7597
13/03/2024,20,5875
13/03/2024,21,5432
13/03/2024,22,4491
13/03/2024,23,2651
13/04/2022,0,2442
13/04/2022,1,970
13/04/2022,2,195
13/04/2022,3,177
13/04/2022,4,183
13/04/2022,5,429
13/04/2022,6,1036
13/04/2022,7,3987
13/04/2022,8,8149
13/04/2022,9,4299
13/04/2022,10,3091
13/04/2022,11,3609
13/04/2022,12,4017
13/04/2022,13,3874
13/04/2022,14,3715
13/04/2022,15,3763
13/04/2022,16,5389
13/04/2022,17,7767
13/04/2022,18,11127
13/04/2022,19,6752
13/04/2022,20,5004
13/04/2022,21,4803
13/04/2022,22,4290
13/04/2022,23,3008
13/04/2023,0,2497
13/04/2023,1,1789
13/04/2023,2,1112
13/04/2023,3,711
13/04/2023,4,552
13/04/2023,5,1272
13/04/2023,6,3263
13/04/2023,7,9419
13/04/2023,8,14025
13/04/2023,9,6798
13/04/2023,10,4469
13/04/2023,11,5268
13/04/2023,12,5684
13/04/2023,13,5602
13/04/2023,14,5433
13/04/2023,15,6176
13/04/2023,16,9029
13/04/2023,17,12295
13/04/2023,18,16693
13/04/2023,19,10422
13/04/2023,20,8352
13/04/2023,21,7563
13/04/2023,22,6519
13/04/2023,23,4037
13/04/2024,0,3860
13/04/2024,1,2795
13/04/2024,2,1822
13/04/2024,3,1229
13/04/2024,4,837
13/04/2024,5,995
13/04/2024,6,1573
13/04/2024,7,2787
13/04/2024,8,4941
13/04/2024,9,6406
13/04/2024,10,7055
13/04/2024,11,7876
13/04/2024,12,9181
13/04/2024,13,10251
13/04/2024,14,10574
13/04/2024,15,11231
13/04/2024,16,12439
13/04/2024,17,13054
13/04/2024,18,12644
13/04/2024,19,10960
13/04/2024,20,9601
13/04/2024,21,8685
13/04/2024,22,7126
13/04/2024,23,4989
13/05/2022,0,4316
13/05/2022,1,2525
13/05/2022,2,1639
13/05/2022,3,970
13/05/2022,4,652
13/05/2022,5,1393
13/05/2022,6,3324
13/05/2022,7,8878
13/05/2022,8,14023
13/05/2022,9,7282
13/05/2022,10,5396
13/05/2022,11,6322
13/05/2022,12,7049
13/05/2022,13,6959
13/05/2022,14,7143
13/05/2022,15,8380
13/05/2022,16,10094
13/05/2022,17,14337
13/05/2022,18,18669
13/05/2022,19,11804
13/05/2022,20,9547
13/05/2022,21,9100
13/05/2022,22,8380
13/05/2022,23,5665
13/05/2023,0,4335
13/05/2023,1,3317
13/05/2023,2,2036
13/05/2023,3,1383
13/05/2023,4,984
13/05/2023,5,1116
13/05/2023,6,1740
13/05/2023,7,3017
13/05/2023,8,5372
13/05/2023,9,6388
13/05/2023,10,7154
13/05/2023,11,8025
13/05/2023,12,9242
13/05/2023,13,10230
13/05/2023,14,10627
13/05/2023,15,11782
13/05/2023,16,12329
13/05/2023,17,12606
13/05/2023,18,11821
13/05/2023,19,10192
13/05/2023,20,9202
13/05/2023,21,8823
13/05/2023,22,7315
13/05/2023,23,5494
13/05/2024,0,2696
13/05/2024,1,1615
13/05/2024,2,1010
13/05/2024,3,749
13/05/2024,4,838
13/05/2024,5,1858
13/05/2024,6,4629
13/05/2024,7,11777
13/05/2024,8,15441
13/05/2024,9,7540
13/05/2024,10,5174
13/05/2024,11,6260
13/05/2024,12,6774
13/05/2024,13,6374
13/05/2024,14,6307
13/05/2024,15,7973
13/05/2024,16,10224
13/05/2024,17,15793
13/05/2024,18,21638
13/05/2024,19,14287
13/05/2024,20,11399
13/05/2024,21,9873
13/05/2024,22,7930
13/05/2024,23,4450
13/06/2022,0,3375
13/06/2022,1,1837
13/06/2022,2,571
13/06/2022,3,307
13/06/2022,4,438
13/06/2022,5,1293
13/06/2022,6,3383
13/06/2022,7,9718
13/06/2022,8,14262
13/06/2022,9,7055
13/06/2022,10,4905
13/06/2022,11,5595
13/06/2022,12,5979
13/06/2022,13,4991
13/06/2022,14,4874
13/06/2022,15,5598
13/06/2022,16,8981
13/06/2022,17,13604
13/06/2022,18,21219
13/06/2022,19,14539
13/06/2022,20,12111
13/06/2022,21,10888
13/06/2022,22,9105
13/06/2022,23,5313
13/06/2023,0,3607
13/06/2023,1,2377
13/06/2023,2,1478
13/06/2023,3,999
13/06/2023,4,793
13/06/2023,5,2148
13/06/2023,6,5149
13/06/2023,7,13464
13/06/2023,8,17981
13/06/2023,9,8389
13/06/2023,10,5605
13/06/2023,11,6699
13/06/2023,12,7098
13/06/2023,13,6723
13/06/2023,14,6239
13/06/2023,15,7116
13/06/2023,16,11122
13/06/2023,17,16729
13/06/2023,18,23234
13/06/2023,19,15749
13/06/2023,20,13322
13/06/2023,21,11956
13/06/2023,22,9921
13/06/2023,23,5686
13/06/2024,0,3630
13/06/2024,1,2349
13/06/2024,2,1438
13/06/2024,3,992
13/06/2024,4,1022
13/06/2024,5,2191
13/06/2024,6,5301
13/06/2024,7,12879
13/06/2024,8,16302
13/06/2024,9,7804
13/06/2024,10,5098
13/06/2024,11,5699
13/06/2024,12,5954
13/06/2024,13,5398
13/06/2024,14,5177
13/06/2024,15,6066
13/06/2024,16,9546
13/06/2024,17,14223
13/06/2024,18,19603
13/06/2024,19,13260
13/06/2024,20,11602
13/06/2024,21,10892
13/06/2024,22,8860
13/06/2024,23,5280
13/07/2022,0,3631
13/07/2022,1,2388
13/07/2022,2,1336
13/07/2022,3,639
13/07/2022,4,460
13/07/2022,5,794
13/07/2022,6,887
13/07/2022,7,1097
13/07/2022,8,885
13/07/2022,9,300
13/07/2022,10,85
13/07/2022,11,124
13/07/2022,12,115
13/07/2022,13,101
13/07/2022,14,66
13/07/2022,15,103
13/07/2022,16,111
13/07/2022,17,183
13/07/2022,18,340
13/07/2022,19,597
13/07/2022,20,1235
13/07/2022,21,1554
13/07/2022,22,2720
13/07/2022,23,2172
13/07/2023,0,3130
13/07/2023,1,1893
13/07/2023,2,954
13/07/2023,3,807
13/07/2023,4,752
13/07/2023,5,1646
13/07/2023,6,4074
13/07/2023,7,10206
13/07/2023,8,7734
13/07/2023,9,3068
13/07/2023,10,445
13/07/2023,11,151
13/07/2023,12,162
13/07/2023,13,279
13/07/2023,14,125
13/07/2023,15,217
13/07/2023,16,496
13/07/2023,17,426
13/07/2023,18,566
13/07/2023,19,1932
13/07/2023,20,798
13/07/2023,21,261
13/07/2023,22,669
13/07/2023,23,374
13/07/2024,0,4238
13/07/2024,1,3057
13/07/2024,2,2087
13/07/2024,3,1493
13/07/2024,4,1032
13/07/2024,5,1414
13/07/2024,6,2280
13/07/2024,7,3378
13/07/2024,8,5268
13/07/2024,9,6205
13/07/2024,10,6155
13/07/2024,11,6326
13/07/2024,12,7016
13/07/2024,13,6793
13/07/2024,14,6412
13/07/2024,15,6573
13/07/2024,16,7468
13/07/2024,17,8546
13/07/2024,18,9041
13/07/2024,19,8772
13/07/2024,20,8649
13/07/2024,21,8338
13/07/2024,22,7078
13/07/2024,23,4425
13/08/2022,0,4595
13/08/2022,1,3281
13/08/2022,2,2173
13/08/2022,3,1393
13/08/2022,4,1054
13/08/2022,5,1079
13/08/2022,6,1708
13/08/2022,7,2494
13/08/2022,8,4152
13/08/2022,9,4880
13/08/2022,10,5104
13/08/2022,11,3045
13/08/2022,12,445
13/08/2022,13,419
13/08/2022,14,455
13/08/2022,15,2063
13/08/2022,16,4298
13/08/2022,17,6005
13/08/2022,18,6653
13/08/2022,19,5957
13/08/2022,20,6014
13/08/2022,21,5841
13/08/2022,22,5367
13/08/2022,23,3876
13/08/2023,0,4026
13/08/2023,1,2776
13/08/2023,2,1902
13/08/2023,3,1292
13/08/2023,4,864
13/08/2023,5,902
13/08/2023,6,1439
13/08/2023,7,2136
13/08/2023,8,3234
13/08/2023,9,4118
13/08/2023,10,4422
13/08/2023,11,4925
13/08/2023,12,5623
13/08/2023,13,5821
13/08/2023,14,5950
13/08/2023,15,6831
13/08/2023,16,7537
13/08/2023,17,8782
13/08/2023,18,9338
13/08/2023,19,9386
13/08/2023,20,9138
13/08/2023,21,7975
13/08/2023,22,6360
13/08/2023,23,4256
13/08/2024,0,2690
13/08/2024,1,1956
13/08/2024,2,1205
13/08/2024,3,915
13/08/2024,4,848
13/08/2024,5,2131
13/08/2024,6,4617
13/08/2024,7,9381
13/08/2024,8,13043
13/08/2024,9,6491
13/08/2024,10,4223
13/08/2024,11,4629
13/08/2024,12,4767
13/08/2024,13,4155
13/08/2024,14,4273
13/08/2024,15,4681
13/08/2024,16,6156
13/08/2024,17,9018
13/08/2024,18,11377
13/08/2024,19,9531
13/08/2024,20,8848
13/08/2024,21,8356
13/08/2024,22,6874
13/08/2024,23,3908
13/09/2022,0,3478
13/09/2022,1,1926
13/09/2022,2,1050
13/09/2022,3,749
13/09/2022,4,667
13/09/2022,5,1521
13/09/2022,6,3591
13/09/2022,7,9376
13/09/2022,8,13466
13/09/2022,9,7249
13/09/2022,10,5152
13/09/2022,11,5833
13/09/2022,12,6205
13/09/2022,13,5636
13/09/2022,14,5383
13/09/2022,15,6383
13/09/2022,16,8931
13/09/2022,17,13631
13/09/2022,18,19792
13/09/2022,19,13393
13/09/2022,20,11179
13/09/2022,21,10428
13/09/2022,22,8439
13/09/2022,23,4211
13/09/2023,0,3750
13/09/2023,1,2408
13/09/2023,2,1436
13/09/2023,3,982
13/09/2023,4,952
13/09/2023,5,2146
13/09/2023,6,3625
13/09/2023,7,6794
13/09/2023,8,11212
13/09/2023,9,4475
13/09/2023,10,2205
13/09/2023,11,927
13/09/2023,12,524
13/09/2023,13,322
13/09/2023,14,279
13/09/2023,15,336
13/09/2023,16,406
13/09/2023,17,528
13/09/2023,18,682
13/09/2023,19,431
13/09/2023,20,559
13/09/2023,21,1514
13/09/2023,22,3705
13/09/2023,23,3065
13/09/2024,0,2797
13/09/2024,1,1654
13/09/2024,2,703
13/09/2024,3,684
13/09/2024,4,514
13/09/2024,5,1143
13/09/2024,6,2380
13/09/2024,7,7683
13/09/2024,8,10903
13/09/2024,9,5928
13/09/2024,10,4032
13/09/2024,11,3123
13/09/2024,12,3197
13/09/2024,13,1135
13/09/2024,14,1522
13/09/2024,15,619
13/09/2024,16,2470
13/09/2024,17,7211
13/09/2024,18,6994
13/09/2024,19,3387
13/09/2024,20,2688
13/09/2024,21,1338
13/09/2024,22,2010
13/09/2024,23,1710
13/10/2022,0,3252
13/10/2022,1,2155
13/10/2022,2,1266
13/10/2022,3,820
13/10/2022,4,733
13/10/2022,5,1342
13/10/2022,6,3398
13/10/2022,7,9882
13/10/2022,8,15860
13/10/2022,9,7937
13/10/2022,10,5521
13/10/2022,11,6442
13/10/2022,12,7070
13/10/2022,13,6822
13/10/2022,14,6879
13/10/2022,15,7635
13/10/2022,16,10636
13/10/2022,17,14567
13/10/2022,18,19057
13/10/2022,19,12471
13/10/2022,20,10059
13/10/2022,21,9298
13/10/2022,22,7694
13/10/2022,23,4913
13/10/2023,0,3676
13/10/2023,1,2324
13/10/2023,2,1567
13/10/2023,3,1130
13/10/2023,4,852
13/10/2023,5,1763
13/10/2023,6,4357
13/10/2023,7,11841
13/10/2023,8,17250
13/10/2023,9,8909
13/10/2023,10,6506
13/10/2023,11,7560
13/10/2023,12,8448
13/10/2023,13,7944
13/10/2023,14,8163
13/10/2023,15,9950
13/10/2023,16,12249
13/10/2023,17,17393
13/10/2023,18,21017
13/10/2023,19,13693
13/10/2023,20,10873
13/10/2023,21,10162
13/10/2023,22,9720
13/10/2023,23,6311
13/10/2024,0,3788
13/10/2024,1,2521
13/10/2024,2,1723
13/10/2024,3,1156
13/10/2024,4,767
13/10/2024,5,885
13/10/2024,6,1494
13/10/2024,7,2530
13/10/2024,8,3892
13/10/2024,9,5408
13/10/2024,10,6223
13/10/2024,11,6850
13/10/2024,12,8255
13/10/2024,13,8913
13/10/2024,14,9579
13/10/2024,15,10609
13/10/2024,16,11053
13/10/2024,17,11829
13/10/2024,18,10588
13/10/2024,19,8959
13/10/2024,20,8238
13/10/2024,21,7598
13/10/2024,22,5676
13/10/2024,23,3629
13/11/2022,0,1900
13/11/2022,1,1518
13/11/2022,2,1165
13/11/2022,3,833
13/11/2022,4,584
13/11/2022,5,500
13/11/2022,6,740
13/11/2022,7,1330
13/11/2022,8,2160
13/11/2022,9,3238
13/11/2022,10,3650
13/11/2022,11,4107
13/11/2022,12,5104
13/11/2022,13,5759
13/11/2022,14,6077
13/11/2022,15,6791
13/11/2022,16,7104
13/11/2022,17,7006
13/11/2022,18,6210
13/11/2022,19,5511
13/11/2022,20,4950
13/11/2022,21,4704
13/11/2022,22,4033
13/11/2022,23,2900
13/11/2023,0,1436
13/11/2023,1,851
13/11/2023,2,612
13/11/2023,3,467
13/11/2023,4,510
13/11/2023,5,1297
13/11/2023,6,3030
13/11/2023,7,7808
13/11/2023,8,11765
13/11/2023,9,5602
13/11/2023,10,3760
13/11/2023,11,4341
13/11/2023,12,4628
13/11/2023,13,4460
13/11/2023,14,4574
13/11/2023,15,5476
13/11/2023,16,7197
13/11/2023,17,9968
13/11/2023,18,13044
13/11/2023,19,7809
13/11/2023,20,6165
13/11/2023,21,5637
13/11/2023,22,4689
13/11/2023,23,2742
13/11/2024,0,2356
13/11/2024,1,1545
13/11/2024,2,1056
13/11/2024,3,752
13/11/2024,4,681
13/11/2024,5,1645
13/11/2024,6,3751
13/11/2024,7,10529
13/11/2024,8,15864
13/11/2024,9,7858
13/11/2024,10,6444
13/11/2024,11,6756
13/11/2024,12,7056
13/11/2024,13,7029
13/11/2024,14,6905
13/11/2024,15,7407
13/11/2024,16,9167
13/11/2024,17,13563
13/11/2024,18,16786
13/11/2024,19,10509
13/11/2024,20,8388
13/11/2024,21,7367
13/11/2024,22,5906
13/11/2024,23,3640
13/12/2022,0,1160
13/12/2022,1,1121
13/12/2022,2,675
13/12/2022,3,503
13/12/2022,4,412
13/12/2022,5,893
13/12/2022,6,1811
13/12/2022,7,4606
13/12/2022,8,8155
13/12/2022,9,4185
13/12/2022,10,2876
13/12/2022,11,3301
13/12/2022,12,3446
13/12/2022,13,3369
13/12/2022,14,2153
13/12/2022,15,2161
13/12/2022,16,1625
13/12/2022,17,2655
13/12/2022,18,2851
13/12/2022,19,2667
13/12/2022,20,2113
13/12/2022,21,1928
13/12/2022,22,1673
13/12/2022,23,1151
13/12/2023,0,2164
13/12/2023,1,1534
13/12/2023,2,1035
13/12/2023,3,700
13/12/2023,4,601
13/12/2023,5,1243
13/12/2023,6,2799
13/12/2023,7,7181
13/12/2023,8,11561
13/12/2023,9,6064
13/12/2023,10,4329
13/12/2023,11,4846
13/12/2023,12,5187
13/12/2023,13,5060
13/12/2023,14,5244
13/12/2023,15,5504
13/12/2023,16,6877
13/12/2023,17,9547
13/12/2023,18,12290
13/12/2023,19,7890
13/12/2023,20,6354
13/12/2023,21,5922
13/12/2023,22,4928
13/12/2023,23,3237
13/12/2024,0,1734
13/12/2024,1,1296
13/12/2024,2,898
13/12/2024,3,656
13/12/2024,4,552
13/12/2024,5,1087
13/12/2024,6,2345
13/12/2024,7,6107
13/12/2024,8,9679
13/12/2024,9,4702
13/12/2024,10,3518
13/12/2024,11,3816
13/12/2024,12,3889
13/12/2024,13,3930
13/12/2024,14,4074
13/12/2024,15,4326
13/12/2024,16,5396
13/12/2024,17,7259
13/12/2024,18,8149
13/12/2024,19,4824
13/12/2024,20,3408
13/12/2024,21,3057
13/12/2024,22,2855
13/12/2024,23,2010
14/01/2022,0,576
14/01/2022,1,459
14/01/2022,2,303
14/01/2022,3,231
14/01/2022,4,204
14/01/2022,5,401
14/01/2022,6,889
14/01/2022,7,2198
14/01/2022,8,4585
14/01/2022,9,2373
14/01/2022,10,1753
14/01/2022,11,2123
14/01/2022,12,2418
14/01/2022,13,2360
14/01/2022,14,2508
14/01/2022,15,2649
14/01/2022,16,3105
14/01/2022,17,4357
14/01/2022,18,5630
14/01/2022,19,3266
14/01/2022,20,2429
14/01/2022,21,2571
14/01/2022,22,1714
14/01/2022,23,981
14/01/2023,0,774
14/01/2023,1,1001
14/01/2023,2,739
14/01/2023,3,527
14/01/2023,4,370
14/01/2023,5,397
14/01/2023,6,437
14/01/2023,7,648
14/01/2023,8,1321
14/01/2023,9,1726
14/01/2023,10,849
14/01/2023,11,488
14/01/2023,12,614
14/01/2023,13,673
14/01/2023,14,1230
14/01/2023,15,1648
14/01/2023,16,2065
14/01/2023,17,2402
14/01/2023,18,2089
14/01/2023,19,1831
14/01/2023,20,1408
14/01/2023,21,636
14/01/2023,22,928
14/01/2023,23,1095
14/01/2024,0,1666
14/01/2024,1,1187
14/01/2024,2,854
14/01/2024,3,629
14/01/2024,4,448
14/01/2024,5,381
14/01/2024,6,533
14/01/2024,7,886
14/01/2024,8,1512
14/01/2024,9,2012
14/01/2024,10,2246
14/01/2024,11,1956
14/01/2024,12,555
14/01/2024,13,208
14/01/2024,14,303
14/01/2024,15,1028
14/01/2024,16,1634
14/01/2024,17,1951
14/01/2024,18,1944
14/01/2024,19,1583
14/01/2024,20,1578
14/01/2024,21,1484
14/01/2024,22,1356
14/01/2024,23,1078
14/02/2022,0,644
14/02/2022,1,481
14/02/2022,2,307
14/02/2022,3,219
14/02/2022,4,259
14/02/2022,5,541
14/02/2022,6,1158
14/02/2022,7,3030
14/02/2022,8,6035
14/02/2022,9,3249
14/02/2022,10,2493
14/02/2022,11,3057
14/02/2022,12,3374
14/02/2022,13,3412
14/02/2022,14,3252
14/02/2022,15,2239
14/02/2022,16,586
14/02/2022,17,753
14/02/2022,18,2734
14/02/2022,19,2351
14/02/2022,20,2114
14/02/2022,21,2297
14/02/2022,22,1373
14/02/2022,23,807
14/02/2023,0,1645
14/02/2023,1,1227
14/02/2023,2,772
14/02/2023,3,520
14/02/2023,4,444
14/02/2023,5,868
14/02/2023,6,1899
14/02/2023,7,4579
14/02/2023,8,8574
14/02/2023,9,4320
14/02/2023,10,2929
14/02/2023,11,3557
14/02/2023,12,4045
14/02/2023,13,3925
14/02/2023,14,4161
14/02/2023,15,4259
14/02/2023,16,5099
14/02/2023,17,7114
14/02/2023,18,9924
14/02/2023,19,5997
14/02/2023,20,4483
14/02/2023,21,4065
14/02/2023,22,3472
14/02/2023,23,2091
14/02/2024,0,1886
14/02/2024,1,1290
14/02/2024,2,850
14/02/2024,3,631
14/02/2024,4,532
14/02/2024,5,1213
14/02/2024,6,2835
14/02/2024,7,6298
14/02/2024,8,10560
14/02/2024,9,5628
14/02/2024,10,3777
14/02/2024,11,4556
14/02/2024,12,5180
14/02/2024,13,5163
14/02/2024,14,5352
14/02/2024,15,5888
14/02/2024,16,7317
14/02/2024,17,10523
14/02/2024,18,13802
14/02/2024,19,8535
14/02/2024,20,7060
14/02/2024,21,6138
14/02/2024,22,5123
14/02/2024,23,3026
14/03/2022,0,1123
14/03/2022,1,634
14/03/2022,2,395
14/03/2022,3,255
14/03/2022,4,329
14/03/2022,5,633
14/03/2022,6,1530
14/03/2022,7,4168
14/03/2022,8,6638
14/03/2022,9,3520
14/03/2022,10,2813
14/03/2022,11,3120
14/03/2022,12,976
14/03/2022,13,89
14/03/2022,14,154
14/03/2022,15,253
14/03/2022,16,984
14/03/2022,17,2341
14/03/2022,18,4447
14/03/2022,19,3573
14/03/2022,20,3087
14/03/2022,21,3064
14/03/2022,22,2558
14/03/2022,23,1692
14/03/2023,0,1868
14/03/2023,1,1313
14/03/2023,2,854
14/03/2023,3,528
14/03/2023,4,498
14/03/2023,5,1087
14/03/2023,6,2615
14/03/2023,7,7608
14/03/2023,8,11785
14/03/2023,9,5744
14/03/2023,10,4146
14/03/2023,11,4554
14/03/2023,12,5068
14/03/2023,13,5019
14/03/2023,14,5141
14/03/2023,15,5811
14/03/2023,16,8305
14/03/2023,17,11087
14/03/2023,18,15049
14/03/2023,19,9010
14/03/2023,20,7366
14/03/2023,21,6722
14/03/2023,22,5608
14/03/2023,23,3234
14/03/2024,0,1951
14/03/2024,1,1442
14/03/2024,2,834
14/03/2024,3,657
14/03/2024,4,545
14/03/2024,5,1271
14/03/2024,6,3073
14/03/2024,7,8422
14/03/2024,8,12156
14/03/2024,9,5757
14/03/2024,10,4030
14/03/2024,11,4718
14/03/2024,12,5186
14/03/2024,13,5033
14/03/2024,14,5079
14/03/2024,15,5999
14/03/2024,16,8218
14/03/2024,17,10939
14/03/2024,18,13970
14/03/2024,19,8277
14/03/2024,20,6209
14/03/2024,21,5546
14/03/2024,22,4833
14/03/2024,23,2858
14/04/2022,0,3234
14/04/2022,1,1607
14/04/2022,2,804
14/04/2022,3,503
14/04/2022,4,482
14/04/2022,5,865
14/04/2022,6,2269
14/04/2022,7,6505
14/04/2022,8,10126
14/04/2022,9,5094
14/04/2022,10,3556
14/04/2022,11,4294
14/04/2022,12,4951
14/04/2022,13,4895
14/04/2022,14,4802
14/04/2022,15,5286
14/04/2022,16,7185
14/04/2022,17,9980
14/04/2022,18,14163
14/04/2022,19,8896
14/04/2022,20,7216
14/04/2022,21,6862
14/04/2022,22,5519
14/04/2022,23,3546
14/04/2023,0,3008
14/04/2023,1,2206
14/04/2023,2,1300
14/04/2023,3,861
14/04/2023,4,713
14/04/2023,5,1276
14/04/2023,6,3182
14/04/2023,7,9261
14/04/2023,8,13697
14/04/2023,9,6839
14/04/2023,10,5150
14/04/2023,11,6201
14/04/2023,12,6784
14/04/2023,13,6727
14/04/2023,14,6977
14/04/2023,15,8556
14/04/2023,16,10168
14/04/2023,17,14206
14/04/2023,18,18218
14/04/2023,19,11311
14/04/2023,20,9223
14/04/2023,21,8944
14/04/2023,22,7828
14/04/2023,23,5154
14/04/2024,0,4171
14/04/2024,1,2715
14/04/2024,2,1840
14/04/2024,3,1232
14/04/2024,4,775
14/04/2024,5,721
14/04/2024,6,1225
14/04/2024,7,2125
14/04/2024,8,3529
14/04/2024,9,5055
14/04/2024,10,5938
14/04/2024,11,6899
14/04/2024,12,8354
14/04/2024,13,9402
14/04/2024,14,9792
14/04/2024,15,10551
14/04/2024,16,11932
14/04/2024,17,12355
14/04/2024,18,11849
14/04/2024,19,10214
14/04/2024,20,9316
14/04/2024,21,7841
14/04/2024,22,5936
14/04/2024,23,3987
14/05/2022,0,5084
14/05/2022,1,3594
14/05/2022,2,2314
14/05/2022,3,1419
14/05/2022,4,848
14/05/2022,5,990
14/05/2022,6,1532
14/05/2022,7,2599
14/05/2022,8,4491
14/05/2022,9,5686
14/05/2022,10,6480
14/05/2022,11,7337
14/05/2022,12,8235
14/05/2022,13,9235
14/05/2022,14,9475
14/05/2022,15,10456
14/05/2022,16,11161
14/05/2022,17,11377
14/05/2022,18,10415
14/05/2022,19,8606
14/05/2022,20,7798
14/05/2022,21,7523
14/05/2022,22,6481
14/05/2022,23,4827
14/05/2023,0,4694
14/05/2023,1,3065
14/05/2023,2,2070
14/05/2023,3,1239
14/05/2023,4,820
14/05/2023,5,792
14/05/2023,6,1398
14/05/2023,7,2170
14/05/2023,8,3694
14/05/2023,9,5108
14/05/2023,10,6014
14/05/2023,11,6936
14/05/2023,12,8886
14/05/2023,13,9733
14/05/2023,14,10800
14/05/2023,15,11993
14/05/2023,16,12794
14/05/2023,17,13598
14/05/2023,18,13201
14/05/2023,19,11619
14/05/2023,20,9793
14/05/2023,21,8462
14/05/2023,22,6678
14/05/2023,23,4282
14/05/2024,0,2949
14/05/2024,1,2042
14/05/2024,2,1162
14/05/2024,3,891
14/05/2024,4,828
14/05/2024,5,1969
14/05/2024,6,4911
14/05/2024,7,12510
14/05/2024,8,16683
14/05/2024,9,8293
14/05/2024,10,5741
14/05/2024,11,6767
14/05/2024,12,7297
14/05/2024,13,6857
14/05/2024,14,6972
14/05/2024,15,8151
14/05/2024,16,10686
14/05/2024,17,16055
14/05/2024,18,21082
14/05/2024,19,13920
14/05/2024,20,11416
14/05/2024,21,10254
14/05/2024,22,9205
14/05/2024,23,5693
14/06/2022,0,3662
14/06/2022,1,2353
14/06/2022,2,1435
14/06/2022,3,945
14/06/2022,4,762
14/06/2022,5,1803
14/06/2022,6,4128
14/06/2022,7,11168
14/06/2022,8,15827
14/06/2022,9,7589
14/06/2022,10,5141
14/06/2022,11,6129
14/06/2022,12,6537
14/06/2022,13,6350
14/06/2022,14,6411
14/06/2022,15,6955
14/06/2022,16,9283
14/06/2022,17,12963
14/06/2022,18,17312
14/06/2022,19,12101
14/06/2022,20,9574
14/06/2022,21,8504
14/06/2022,22,6697
14/06/2022,23,3060
14/06/2023,0,3759
14/06/2023,1,2538
14/06/2023,2,1589
14/06/2023,3,1038
14/06/2023,4,908
14/06/2023,5,1990
14/06/2023,6,4982
14/06/2023,7,12999
14/06/2023,8,17723
14/06/2023,9,8657
14/06/2023,10,5714
14/06/2023,11,6725
14/06/2023,12,7045
14/06/2023,13,4808
14/06/2023,14,3201
14/06/2023,15,5250
14/06/2023,16,9429
14/06/2023,17,15273
14/06/2023,18,22007
14/06/2023,19,14901
14/06/2023,20,12396
14/06/2023,21,11284
14/06/2023,22,9538
14/06/2023,23,5808
14/06/2024,0,3766
14/06/2024,1,2519
14/06/2024,2,1655
14/06/2024,3,1087
14/06/2024,4,997
14/06/2024,5,2218
14/06/2024,6,5005
14/06/2024,7,12123
14/06/2024,8,15486
14/06/2024,9,7498
14/06/2024,10,5098
14/06/2024,11,5973
14/06/2024,12,6310
14/06/2024,13,5951
14/06/2024,14,6158
14/06/2024,15,7640
14/06/2024,16,10075
14/06/2024,17,15492
14/06/2024,18,19373
14/06/2024,19,13447
14/06/2024,20,10997
14/06/2024,21,10376
14/06/2024,22,9433
14/06/2024,23,6095
14/07/2022,0,1854
14/07/2022,1,1326
14/07/2022,2,796
14/07/2022,3,459
14/07/2022,4,422
14/07/2022,5,869
14/07/2022,6,2060
14/07/2022,7,6947
14/07/2022,8,11577
14/07/2022,9,6060
14/07/2022,10,4378
14/07/2022,11,5189
14/07/2022,12,5668
14/07/2022,13,5425
14/07/2022,14,5671
14/07/2022,15,6253
14/07/2022,16,8094
14/07/2022,17,12115
14/07/2022,18,17789
14/07/2022,19,13026
14/07/2022,20,11457
14/07/2022,21,10614
14/07/2022,22,9072
14/07/2022,23,5663
14/07/2023,0,150
14/07/2023,1,161
14/07/2023,2,114
14/07/2023,3,79
14/07/2023,4,149
14/07/2023,5,346
14/07/2023,6,753
14/07/2023,7,1708
14/07/2023,8,3120
14/07/2023,9,2123
14/07/2023,10,552
14/07/2023,11,486
14/07/2023,12,304
14/07/2023,13,612
14/07/2023,14,512
14/07/2023,15,695
14/07/2023,16,963
14/07/2023,17,1340
14/07/2023,18,1881
14/07/2023,19,1389
14/07/2023,20,1897
14/07/2023,21,1999
14/07/2023,22,1463
14/07/2023,23,1430
14/07/2024,0,3641
14/07/2024,1,2513
14/07/2024,2,1618
14/07/2024,3,1176
14/07/2024,4,900
14/07/2024,5,1017
14/07/2024,6,1613
14/07/2024,7,2420
14/07/2024,8,3562
14/07/2024,9,4417
14/07/2024,10,4784
14/07/2024,11,5029
14/07/2024,12,5536
14/07/2024,13,6051
14/07/2024,14,6214
14/07/2024,15,6556
14/07/2024,16,7434
14/07/2024,17,8215
14/07/2024,18,9070
14/07/2024,19,8737
14/07/2024,20,8677
14/07/2024,21,7846
14/07/2024,22,5796
14/07/2024,23,3831
14/08/2022,0,3326
14/08/2022,1,2068
14/08/2022,2,1579
14/08/2022,3,994
14/08/2022,4,768
14/08/2022,5,741
14/08/2022,6,1234
14/08/2022,7,1723
14/08/2022,8,2645
14/08/2022,9,3475
14/08/2022,10,3991
14/08/2022,11,4337
14/08/2022,12,4945
14/08/2022,13,5311
14/08/2022,14,5468
14/08/2022,15,6265
14/08/2022,16,6856
14/08/2022,17,5185
14/08/2022,18,4469
14/08/2022,19,4209
14/08/2022,20,4922
14/08/2022,21,5045
14/08/2022,22,4468
14/08/2022,23,3760
14/08/2023,0,2986
14/08/2023,1,1916
14/08/2023,2,1264
14/08/2023,3,891
14/08/2023,4,797
14/08/2023,5,1776
14/08/2023,6,3752
14/08/2023,7,7490
14/08/2023,8,10568
14/08/2023,9,6261
14/08/2023,10,5147
14/08/2023,11,5578
14/08/2023,12,5759
14/08/2023,13,5437
14/08/2023,14,5560
14/08/2023,15,6166
14/08/2023,16,7975
14/08/2023,17,11935
14/08/2023,18,16421
14/08/2023,19,12556
14/08/2023,20,11204
14/08/2023,21,10292
14/08/2023,22,8909
14/08/2023,23,5712
14/08/2024,0,2901
14/08/2024,1,1814
14/08/2024,2,1239
14/08/2024,3,949
14/08/2024,4,911
14/08/2024,5,2132
14/08/2024,6,4530
14/08/2024,7,9009
14/08/2024,8,12154
14/08/2024,9,6267
14/08/2024,10,4241
14/08/2024,11,4565
14/08/2024,12,4751
14/08/2024,13,4405
14/08/2024,14,4362
14/08/2024,15,5004
14/08/2024,16,5516
14/08/2024,17,8203
14/08/2024,18,12409
14/08/2024,19,9710
14/08/2024,20,8354
14/08/2024,21,7962
14/08/2024,22,7014
14/08/2024,23,4327
14/09/2022,0,3201
14/09/2022,1,2092
14/09/2022,2,1190
14/09/2022,3,736
14/09/2022,4,701
14/09/2022,5,1589
14/09/2022,6,3885
14/09/2022,7,10552
14/09/2022,8,14715
14/09/2022,9,7484
14/09/2022,10,5040
14/09/2022,11,5989
14/09/2022,12,6410
14/09/2022,13,6078
14/09/2022,14,6248
14/09/2022,15,7336
14/09/2022,16,10025
14/09/2022,17,14822
14/09/2022,18,20695
14/09/2022,19,13804
14/09/2022,20,11736
14/09/2022,21,10624
14/09/2022,22,9090
14/09/2022,23,5613
14/09/2023,0,2617
14/09/2023,1,1866
14/09/2023,2,1253
14/09/2023,3,908
14/09/2023,4,850
14/09/2023,5,1848
14/09/2023,6,4700
14/09/2023,7,11672
14/09/2023,8,15893
14/09/2023,9,8017
14/09/2023,10,5672
14/09/2023,11,6528
14/09/2023,12,7042
14/09/2023,13,6798
14/09/2023,14,6552
14/09/2023,15,7455
14/09/2023,16,11273
14/09/2023,17,16208
14/09/2023,18,21942
14/09/2023,19,14592
14/09/2023,20,12542
14/09/2023,21,12036
14/09/2023,22,10061
14/09/2023,23,6342
14/09/2024,0,1838
14/09/2024,1,1644
14/09/2024,2,1298
14/09/2024,3,1095
14/09/2024,4,829
14/09/2024,5,1033
14/09/2024,6,1529
14/09/2024,7,2457
14/09/2024,8,4087
14/09/2024,9,4986
14/09/2024,10,5307
14/09/2024,11,5760
14/09/2024,12,6261
14/09/2024,13,6596
14/09/2024,14,6212
14/09/2024,15,6748
14/09/2024,16,7081
14/09/2024,17,8421
14/09/2024,18,8789
14/09/2024,19,8257
14/09/2024,20,7668
14/09/2024,21,7381
14/09/2024,22,6217
14/09/2024,23,4412
14/10/2022,0,3482
14/10/2022,1,2343
14/10/2022,2,1318
14/10/2022,3,966
14/10/2022,4,816
14/10/2022,5,1447
14/10/2022,6,3309
14/10/2022,7,9542
14/10/2022,8,15496
14/10/2022,9,7977
14/10/2022,10,5703
14/10/2022,11,6778
14/10/2022,12,7688
14/10/2022,13,7391
14/10/2022,14,7750
14/10/2022,15,8917
14/10/2022,16,10879
14/10/2022,17,15325
14/10/2022,18,18596
14/10/2022,19,12179
14/10/2022,20,9834
14/10/2022,21,9086
14/10/2022,22,8030
14/10/2022,23,5563
14/10/2023,0,4469
14/10/2023,1,3288
14/10/2023,2,2224
14/10/2023,3,1447
14/10/2023,4,1064
14/10/2023,5,1180
14/10/2023,6,1784
14/10/2023,7,1833
14/10/2023,8,1218
14/10/2023,9,2512
14/10/2023,10,3060
14/10/2023,11,1228
14/10/2023,12,1361
14/10/2023,13,3558
14/10/2023,14,6294
14/10/2023,15,8273
14/10/2023,16,10111
14/10/2023,17,11343
14/10/2023,18,10093
14/10/2023,19,8485
14/10/2023,20,7785
14/10/2023,21,7701
14/10/2023,22,6469
14/10/2023,23,4857
14/10/2024,0,2721
14/10/2024,1,1578
14/10/2024,2,1055
14/10/2024,3,746
14/10/2024,4,774
14/10/2024,5,2017
14/10/2024,6,4537
14/10/2024,7,11769
14/10/2024,8,15641
14/10/2024,9,7625
14/10/2024,10,5317
14/10/2024,11,5998
14/10/2024,12,4852
14/10/2024,13,4796
14/10/2024,14,5989
14/10/2024,15,7432
14/10/2024,16,9817
14/10/2024,17,14521
14/10/2024,18,19359
14/10/2024,19,12799
14/10/2024,20,10602
14/10/2024,21,9349
14/10/2024,22,7742
14/10/2024,23,4276
14/11/2022,0,2277
14/11/2022,1,1370
14/11/2022,2,847
14/11/2022,3,562
14/11/2022,4,537
14/11/2022,5,1338
14/11/2022,6,3054
14/11/2022,7,7763
14/11/2022,8,13510
14/11/2022,9,6600
14/11/2022,10,4467
14/11/2022,11,5126
14/11/2022,12,5672
14/11/2022,13,5852
14/11/2022,14,5796
14/11/2022,15,6451
14/11/2022,16,8211
14/11/2022,17,11653
14/11/2022,18,15838
14/11/2022,19,10001
14/11/2022,20,8010
14/11/2022,21,6972
14/11/2022,22,5757
14/11/2022,23,3413
14/11/2023,0,1909
14/11/2023,1,1324
14/11/2023,2,828
14/11/2023,3,630
14/11/2023,4,589
14/11/2023,5,1382
14/11/2023,6,3271
14/11/2023,7,8623
14/11/2023,8,13516
14/11/2023,9,6459
14/11/2023,10,4403
14/11/2023,11,5085
14/11/2023,12,5363
14/11/2023,13,5348
14/11/2023,14,5419
14/11/2023,15,6193
14/11/2023,16,8463
14/11/2023,17,11439
14/11/2023,18,14600
14/11/2023,19,9079
14/11/2023,20,7180
14/11/2023,21,6515
14/11/2023,22,5516
14/11/2023,23,3132
14/11/2024,0,2712
14/11/2024,1,1880
14/11/2024,2,1116
14/11/2024,3,856
14/11/2024,4,743
14/11/2024,5,1682
14/11/2024,6,3768
14/11/2024,7,8359
14/11/2024,8,13773
14/11/2024,9,9728
14/11/2024,10,3304
14/11/2024,11,3734
14/11/2024,12,5316
14/11/2024,13,5409
14/11/2024,14,5792
14/11/2024,15,6125
14/11/2024,16,6035
14/11/2024,17,9840
14/11/2024,18,13917
14/11/2024,19,9014
14/11/2024,20,7501
14/11/2024,21,7140
14/11/2024,22,6173
14/11/2024,23,3556
14/12/2022,0,881
14/12/2022,1,756
14/12/2022,2,399
14/12/2022,3,284
14/12/2022,4,242
14/12/2022,5,602
14/12/2022,6,1288
14/12/2022,7,3335
14/12/2022,8,5807
14/12/2022,9,2787
14/12/2022,10,1861
14/12/2022,11,2069
14/12/2022,12,2352
14/12/2022,13,2271
14/12/2022,14,2259
14/12/2022,15,2494
14/12/2022,16,3007
14/12/2022,17,4293
14/12/2022,18,5615
14/12/2022,19,3356
14/12/2022,20,2644
14/12/2022,21,2316
14/12/2022,22,2138
14/12/2022,23,1430
14/12/2023,0,2400
14/12/2023,1,1706
14/12/2023,2,1140
14/12/2023,3,757
14/12/2023,4,665
14/12/2023,5,1264
14/12/2023,6,2935
14/12/2023,7,7080
14/12/2023,8,8410
14/12/2023,9,871
14/12/2023,10,401
14/12/2023,11,440
14/12/2023,12,354
14/12/2023,13,336
14/12/2023,14,328
14/12/2023,15,396
14/12/2023,16,612
14/12/2023,17,760
14/12/2023,18,516
14/12/2023,19,218
14/12/2023,20,197
14/12/2023,21,130
14/12/2023,22,134
14/12/2023,23,486
14/12/2024,0,1931
14/12/2024,1,1609
14/12/2024,2,1086
14/12/2024,3,749
14/12/2024,4,563
14/12/2024,5,592
14/12/2024,6,878
14/12/2024,7,1415
14/12/2024,8,2499
14/12/2024,9,3141
14/12/2024,10,3229
14/12/2024,11,3546
14/12/2024,12,3938
14/12/2024,13,4400
14/12/2024,14,4763
14/12/2024,15,5053
14/12/2024,16,4234
14/12/2024,17,4845
14/12/2024,18,4330
14/12/2024,19,3069
14/12/2024,20,2408
14/12/2024,21,2420
14/12/2024,22,2089
14/12/2024,23,1711
15/01/2022,0,771
15/01/2022,1,570
15/01/2022,2,419
15/01/2022,3,321
15/01/2022,4,247
15/01/2022,5,321
15/01/2022,6,457
15/01/2022,7,787
15/01/2022,8,1509
15/01/2022,9,1877
15/01/2022,10,2227
15/01/2022,11,2583
15/01/2022,12,2906
15/01/2022,13,2940
15/01/2022,14,3019
15/01/2022,15,3067
15/01/2022,16,3145
15/01/2022,17,3127
15/01/2022,18,2540
15/01/2022,19,2063
15/01/2022,20,1940
15/01/2022,21,2326
15/01/2022,22,1656
15/01/2022,23,1001
15/01/2023,0,1216
15/01/2023,1,640
15/01/2023,2,320
15/01/2023,3,182
15/01/2023,4,100
15/01/2023,5,93
15/01/2023,6,113
15/01/2023,7,168
15/01/2023,8,248
15/01/2023,9,335
15/01/2023,10,487
15/01/2023,11,773
15/01/2023,12,1073
15/01/2023,13,1203
15/01/2023,14,1359
15/01/2023,15,1598
15/01/2023,16,1620
15/01/2023,17,1788
15/01/2023,18,1659
15/01/2023,19,1530
15/01/2023,20,1362
15/01/2023,21,1367
15/01/2023,22,1238
15/01/2023,23,943
15/01/2024,0,844
15/01/2024,1,615
15/01/2024,2,398
15/01/2024,3,352
15/01/2024,4,390
15/01/2024,5,863
15/01/2024,6,1909
15/01/2024,7,3846
15/01/2024,8,6804
15/01/2024,9,3343
15/01/2024,10,2170
15/01/2024,11,2556
15/01/2024,12,2909
15/01/2024,13,2909
15/01/2024,14,2919
15/01/2024,15,3109
15/01/2024,16,3809
15/01/2024,17,6176
15/01/2024,18,7896
15/01/2024,19,4817
15/01/2024,20,3739
15/01/2024,21,3009
15/01/2024,22,2590
15/01/2024,23,1572
15/02/2022,0,574
15/02/2022,1,490
15/02/2022,2,319
15/02/2022,3,214
15/02/2022,4,222
15/02/2022,5,462
15/02/2022,6,1019
15/02/2022,7,2424
15/02/2022,8,4593
15/02/2022,9,2379
15/02/2022,10,1789
15/02/2022,11,2163
15/02/2022,12,2418
15/02/2022,13,2326
15/02/2022,14,2302
15/02/2022,15,2367
15/02/2022,16,2824
15/02/2022,17,3980
15/02/2022,18,5237
15/02/2022,19,3175
15/02/2022,20,2229
15/02/2022,21,2224
15/02/2022,22,1302
15/02/2022,23,718
15/02/2023,0,1610
15/02/2023,1,1164
15/02/2023,2,736
15/02/2023,3,505
15/02/2023,4,450
15/02/2023,5,923
15/02/2023,6,1905
15/02/2023,7,4628
15/02/2023,8,8836
15/02/2023,9,4576
15/02/2023,10,3100
15/02/2023,11,3846
15/02/2023,12,4161
15/02/2023,13,4053
15/02/2023,14,4267
15/02/2023,15,4540
15/02/2023,16,5526
15/02/2023,17,7777
15/02/2023,18,10368
15/02/2023,19,6166
15/02/2023,20,4836
15/02/2023,21,4536
15/02/2023,22,3693
15/02/2023,23,2466
15/02/2024,0,2167
15/02/2024,1,1595
15/02/2024,2,897
15/02/2024,3,623
15/02/2024,4,514
15/02/2024,5,1100
15/02/2024,6,2505
15/02/2024,7,5379
15/02/2024,8,4529
15/02/2024,9,586
15/02/2024,10,206
15/02/2024,11,186
15/02/2024,12,138
15/02/2024,13,167
15/02/2024,14,446
15/02/2024,15,1526
15/02/2024,16,2977
15/02/2024,17,5430
15/02/2024,18,7549
15/02/2024,19,4935
15/02/2024,20,3973
15/02/2024,21,3675
15/02/2024,22,3136
15/02/2024,23,2074
15/03/2022,0,1139
15/03/2022,1,713
15/03/2022,2,447
15/03/2022,3,316
15/03/2022,4,316
15/03/2022,5,603
15/03/2022,6,1533
15/03/2022,7,4148
15/03/2022,8,7033
15/03/2022,9,3595
15/03/2022,10,2830
15/03/2022,11,3400
15/03/2022,12,3997
15/03/2022,13,3906
15/03/2022,14,4246
15/03/2022,15,4705
15/03/2022,16,5853
15/03/2022,17,8072
15/03/2022,18,10931
15/03/2022,19,6593
15/03/2022,20,5271
15/03/2022,21,4662
15/03/2022,22,3659
15/03/2022,23,2296
15/03/2023,0,2256
15/03/2023,1,1532
15/03/2023,2,974
15/03/2023,3,625
15/03/2023,4,490
15/03/2023,5,1091
15/03/2023,6,2761
15/03/2023,7,8182
15/03/2023,8,12711
15/03/2023,9,6067
15/03/2023,10,4178
15/03/2023,11,4787
15/03/2023,12,5187
15/03/2023,13,4914
15/03/2023,14,4763
15/03/2023,15,5334
15/03/2023,16,7162
15/03/2023,17,10046
15/03/2023,18,13459
15/03/2023,19,7917
15/03/2023,20,6254
15/03/2023,21,5166
15/03/2023,22,4562
15/03/2023,23,2599
15/03/2024,0,2173
15/03/2024,1,1462
15/03/2024,2,1020
15/03/2024,3,657
15/03/2024,4,608
15/03/2024,5,1222
15/03/2024,6,3044
15/03/2024,7,8180
15/03/2024,8,11923
15/03/2024,9,5800
15/03/2024,10,4150
15/03/2024,11,4985
15/03/2024,12,5696
15/03/2024,13,5518
15/03/2024,14,5931
15/03/2024,15,7272
15/03/2024,16,8583
15/03/2024,17,11661
15/03/2024,18,13830
15/03/2024,19,7972
15/03/2024,20,5891
15/03/2024,21,5316
15/03/2024,22,4912
15/03/2024,23,3227
15/04/2022,0,3574
15/04/2022,1,1760
15/04/2022,2,971
15/04/2022,3,592
15/04/2022,4,516
15/04/2022,5,943
15/04/2022,6,2342
15/04/2022,7,6737
15/04/2022,8,10949
15/04/2022,9,5710
15/04/2022,10,4302
15/04/2022,11,5549
15/04/2022,12,6360
15/04/2022,13,6211
15/04/2022,14,6572
15/04/2022,15,7493
15/04/2022,16,9187
15/04/2022,17,12475
15/04/2022,18,15584
15/04/2022,19,9596
15/04/2022,20,7043
15/04/2022,21,6527
15/04/2022,22,5971
15/04/2022,23,4305
15/04/2023,0,4333
15/04/2023,1,2987
15/04/2023,2,2072
15/04/2023,3,1306
15/04/2023,4,919
15/04/2023,5,949
15/04/2023,6,1510
15/04/2023,7,2514
15/04/2023,8,4413
15/04/2023,9,3247
15/04/2023,10,886
15/04/2023,11,302
15/04/2023,12,1568
15/04/2023,13,3388
15/04/2023,14,5349
15/04/2023,15,7399
15/04/2023,16,8649
15/04/2023,17,9831
15/04/2023,18,8708
15/04/2023,19,6653
15/04/2023,20,5850
15/04/2023,21,5738
15/04/2023,22,4955
15/04/2023,23,3779
15/04/2024,0,2801
15/04/2024,1,1572
15/04/2024,2,956
15/04/2024,3,720
15/04/2024,4,674
15/04/2024,5,1664
15/04/2024,6,4238
15/04/2024,7,8680
15/04/2024,8,3766
15/04/2024,9,213
15/04/2024,10,220
15/04/2024,11,810
15/04/2024,12,957
15/04/2024,13,253
15/04/2024,14,440
15/04/2024,15,968
15/04/2024,16,1427
15/04/2024,17,2512
15/04/2024,18,6621
15/04/2024,19,5468
15/04/2024,20,5098
15/04/2024,21,4947
15/04/2024,22,4570
15/04/2024,23,2906
15/05/2022,0,4202
15/05/2022,1,2844
15/05/2022,2,1905
15/05/2022,3,1221
15/05/2022,4,772
15/05/2022,5,745
15/05/2022,6,1106
15/05/2022,7,1930
15/05/2022,8,3134
15/05/2022,9,4490
15/05/2022,10,5532
15/05/2022,11,6545
15/05/2022,12,8404
15/05/2022,13,9644
15/05/2022,14,10793
15/05/2022,15,12029
15/05/2022,16,12833
15/05/2022,17,12761
15/05/2022,18,11794
15/05/2022,19,9871
15/05/2022,20,7870
15/05/2022,21,6808
15/05/2022,22,5507
15/05/2022,23,3613
15/05/2023,0,2924
15/05/2023,1,1667
15/05/2023,2,1020
15/05/2023,3,705
15/05/2023,4,677
15/05/2023,5,1705
15/05/2023,6,4309
15/05/2023,7,11323
15/05/2023,8,15882
15/05/2023,9,7996
15/05/2023,10,5572
15/05/2023,11,6400
15/05/2023,12,7129
15/05/2023,13,7001
15/05/2023,14,7030
15/05/2023,15,7901
15/05/2023,16,10333
15/05/2023,17,15867
15/05/2023,18,23005
15/05/2023,19,15358
15/05/2023,20,12529
15/05/2023,21,11056
15/05/2023,22,8745
15/05/2023,23,4975
15/05/2024,0,4528
15/05/2024,1,3277
15/05/2024,2,2170
15/05/2024,3,1498
15/05/2024,4,1134
15/05/2024,5,1214
15/05/2024,6,1845
15/05/2024,7,2793
15/05/2024,8,4283
15/05/2024,9,6119
15/05/2024,10,7211
15/05/2024,11,7141
15/05/2024,12,6162
15/05/2024,13,3606
15/05/2024,14,284
15/05/2024,15,159
15/05/2024,16,203
15/05/2024,17,156
15/05/2024,18,169
15/05/2024,19,149
15/05/2024,20,91
15/05/2024,21,127
15/05/2024,22,133
15/05/2024,23,126
15/06/2022,0,1605
15/06/2022,1,949
15/06/2022,2,165
15/06/2022,3,73
15/06/2022,4,179
15/06/2022,5,634
15/06/2022,6,1623
15/06/2022,7,3860
15/06/2022,8,4222
15/06/2022,9,2092
15/06/2022,10,368
15/06/2022,11,524
15/06/2022,12,1580
15/06/2022,13,3055
15/06/2022,14,1791
15/06/2022,15,3283
15/06/2022,16,4797
15/06/2022,17,7607
15/06/2022,18,11626
15/06/2022,19,7932
15/06/2022,20,7050
15/06/2022,21,4966
15/06/2022,22,1829
15/06/2022,23,1664
15/06/2023,0,3984
15/06/2023,1,2633
15/06/2023,2,1690
15/06/2023,3,1062
15/06/2023,4,949
15/06/2023,5,2024
15/06/2023,6,5084
15/06/2023,7,12821
15/06/2023,8,17318
15/06/2023,9,8395
15/06/2023,10,5648
15/06/2023,11,6382
15/06/2023,12,7166
15/06/2023,13,6582
15/06/2023,14,6479
15/06/2023,15,7509
15/06/2023,16,11278
15/06/2023,17,15783
15/06/2023,18,21795
15/06/2023,19,14691
15/06/2023,20,12581
15/06/2023,21,11591
15/06/2023,22,9984
15/06/2023,23,5836
15/06/2024,0,4690
15/06/2024,1,3302
15/06/2024,2,1818
15/06/2024,3,905
15/06/2024,4,426
15/06/2024,5,472
15/06/2024,6,776
15/06/2024,7,2224
15/06/2024,8,4529
15/06/2024,9,5806
15/06/2024,10,6137
15/06/2024,11,5672
15/06/2024,12,4568
15/06/2024,13,6928
15/06/2024,14,7350
15/06/2024,15,8024
15/06/2024,16,8993
15/06/2024,17,9996
15/06/2024,18,10406
15/06/2024,19,10011
15/06/2024,20,9731
15/06/2024,21,9122
15/06/2024,22,7955
15/06/2024,23,5707
15/07/2022,0,4012
15/07/2022,1,2700
15/07/2022,2,1572
15/07/2022,3,1074
15/07/2022,4,854
15/07/2022,5,1628
15/07/2022,6,3534
15/07/2022,7,9026
15/07/2022,8,12992
15/07/2022,9,6581
15/07/2022,10,4798
15/07/2022,11,5453
15/07/2022,12,5793
15/07/2022,13,5694
15/07/2022,14,5857
15/07/2022,15,6507
15/07/2022,16,8250
15/07/2022,17,12571
15/07/2022,18,17522
15/07/2022,19,12976
15/07/2022,20,11153
15/07/2022,21,10299
15/07/2022,22,9473
15/07/2022,23,6844
15/07/2023,0,1960
15/07/2023,1,1411
15/07/2023,2,853
15/07/2023,3,566
15/07/2023,4,464
15/07/2023,5,549
15/07/2023,6,444
15/07/2023,7,765
15/07/2023,8,1856
15/07/2023,9,2163
15/07/2023,10,3263
15/07/2023,11,3850
15/07/2023,12,5498
15/07/2023,13,5708
15/07/2023,14,4341
15/07/2023,15,2191
15/07/2023,16,1635
15/07/2023,17,2584
15/07/2023,18,4560
15/07/2023,19,4828
15/07/2023,20,5006
15/07/2023,21,5434
15/07/2023,22,5352
15/07/2023,23,4112
15/07/2024,0,2699
15/07/2024,1,1680
15/07/2024,2,1118
15/07/2024,3,861
15/07/2024,4,857
15/07/2024,5,2141
15/07/2024,6,5195
15/07/2024,7,11995
15/07/2024,8,14676
15/07/2024,9,6917
15/07/2024,10,4429
15/07/2024,11,5107
15/07/2024,12,5304
15/07/2024,13,5343
15/07/2024,14,5847
15/07/2024,15,6213
15/07/2024,16,8316
15/07/2024,17,13568
15/07/2024,18,19435
15/07/2024,19,12663
15/07/2024,20,10527
15/07/2024,21,9532
15/07/2024,22,7745
15/07/2024,23,4326
15/08/2022,0,3614
15/08/2022,1,2386
15/08/2022,2,1624
15/08/2022,3,1117
15/08/2022,4,822
15/08/2022,5,877
15/08/2022,6,1391
15/08/2022,7,1895
15/08/2022,8,2793
15/08/2022,9,3638
15/08/2022,10,4286
15/08/2022,11,4972
15/08/2022,12,5598
15/08/2022,13,6348
15/08/2022,14,6756
15/08/2022,15,7101
15/08/2022,16,7132
15/08/2022,17,6631
15/08/2022,18,3317
15/08/2022,19,1269
15/08/2022,20,2444
15/08/2022,21,2880
15/08/2022,22,2854
15/08/2022,23,2151
15/08/2023,0,4409
15/08/2023,1,2909
15/08/2023,2,2135
15/08/2023,3,1457
15/08/2023,4,1132
15/08/2023,5,1382
15/08/2023,6,2207
15/08/2023,7,2870
15/08/2023,8,4084
15/08/2023,9,4662
15/08/2023,10,4802
15/08/2023,11,5407
15/08/2023,12,5796
15/08/2023,13,6160
15/08/2023,14,6268
15/08/2023,15,6942
15/08/2023,16,8132
15/08/2023,17,9348
15/08/2023,18,10657
15/08/2023,19,10787
15/08/2023,20,9999
15/08/2023,21,8875
15/08/2023,22,7062
15/08/2023,23,4613
15/08/2024,0,2894
15/08/2024,1,1918
15/08/2024,2,1525
15/08/2024,3,1227
15/08/2024,4,978
15/08/2024,5,1332
15/08/2024,6,1990
15/08/2024,7,2557
15/08/2024,8,3440
15/08/2024,9,4083
15/08/2024,10,4212
15/08/2024,11,4295
15/08/2024,12,4734
15/08/2024,13,4762
15/08/2024,14,4752
15/08/2024,15,5322
15/08/2024,16,5806
15/08/2024,17,6671
15/08/2024,18,7547
15/08/2024,19,7821
15/08/2024,20,7654
15/08/2024,21,7223
15/08/2024,22,5777
15/08/2024,23,3889
15/09/2022,0,3796
15/09/2022,1,2460
15/09/2022,2,1445
15/09/2022,3,956
15/09/2022,4,793
15/09/2022,5,1637
15/09/2022,6,4056
15/09/2022,7,11044
15/09/2022,8,15943
15/09/2022,9,7782
15/09/2022,10,5254
15/09/2022,11,6230
15/09/2022,12,6702
15/09/2022,13,6432
15/09/2022,14,6349
15/09/2022,15,6933
15/09/2022,16,10304
15/09/2022,17,14733
15/09/2022,18,20687
15/09/2022,19,13675
15/09/2022,20,11639
15/09/2022,21,10852
15/09/2022,22,9087
15/09/2022,23,5239
15/09/2023,0,4266
15/09/2023,1,2748
15/09/2023,2,1458
15/09/2023,3,1007
15/09/2023,4,851
15/09/2023,5,649
15/09/2023,6,987
15/09/2023,7,1351
15/09/2023,8,4432
15/09/2023,9,2994
15/09/2023,10,1794
15/09/2023,11,2199
15/09/2023,12,2337
15/09/2023,13,2090
15/09/2023,14,4659
15/09/2023,15,6538
15/09/2023,16,8776
15/09/2023,17,12170
15/09/2023,18,15667
15/09/2023,19,10321
15/09/2023,20,8788
15/09/2023,21,8615
15/09/2023,22,7624
15/09/2023,23,4450
15/09/2024,0,3435
15/09/2024,1,2377
15/09/2024,2,1628
15/09/2024,3,1117
15/09/2024,4,841
15/09/2024,5,896
15/09/2024,6,1436
15/09/2024,7,2200
15/09/2024,8,2991
15/09/2024,9,3920
15/09/2024,10,4076
15/09/2024,11,4137
15/09/2024,12,4405
15/09/2024,13,4626
15/09/2024,14,4794
15/09/2024,15,5283
15/09/2024,16,6176
15/09/2024,17,7255
15/09/2024,18,8396
15/09/2024,19,8085
15/09/2024,20,7730
15/09/2024,21,7306
15/09/2024,22,5652
15/09/2024,23,4123
15/10/2022,0,4528
15/10/2022,1,3401
15/10/2022,2,2274
15/10/2022,3,1385
15/10/2022,4,1002
15/10/2022,5,1013
15/10/2022,6,1610
15/10/2022,7,2742
15/10/2022,8,5025
15/10/2022,9,6416
15/10/2022,10,6944
15/10/2022,11,7971
15/10/2022,12,9167
15/10/2022,13,10111
15/10/2022,14,11000
15/10/2022,15,11304
15/10/2022,16,12000
15/10/2022,17,12700
15/10/2022,18,10932
15/10/2022,19,9072
15/10/2022,20,8578
15/10/2022,21,8618
15/10/2022,22,7298
15/10/2022,23,5427
15/10/2023,0,3995
15/10/2023,1,2540
15/10/2023,2,1847
15/10/2023,3,1275
15/10/2023,4,829
15/10/2023,5,878
15/10/2023,6,1236
15/10/2023,7,2157
15/10/2023,8,3588
15/10/2023,9,5076
15/10/2023,10,6428
15/10/2023,11,7444
15/10/2023,12,9098
15/10/2023,13,10594
15/10/2023,14,11802
15/10/2023,15,12917
15/10/2023,16,13821
15/10/2023,17,13743
15/10/2023,18,12034
15/10/2023,19,9995
15/10/2023,20,9317
15/10/2023,21,7962
15/10/2023,22,6497
15/10/2023,23,4257
15/10/2024,0,2956
15/10/2024,1,1782
15/10/2024,2,824
15/10/2024,3,390
15/10/2024,4,514
15/10/2024,5,1598
15/10/2024,6,3852
15/10/2024,7,10553
15/10/2024,8,12117
15/10/2024,9,3847
15/10/2024,10,3894
15/10/2024,11,5125
15/10/2024,12,5901
15/10/2024,13,5838
15/10/2024,14,6017
15/10/2024,15,6363
15/10/2024,16,9446
15/10/2024,17,14332
15/10/2024,18,18780
15/10/2024,19,11830
15/10/2024,20,9662
15/10/2024,21,8447
15/10/2024,22,7341
15/10/2024,23,4210
15/11/2022,0,2371
15/11/2022,1,1605
15/11/2022,2,1043
15/11/2022,3,639
15/11/2022,4,562
15/11/2022,5,1304
15/11/2022,6,2921
15/11/2022,7,8152
15/11/2022,8,14589
15/11/2022,9,7016
15/11/2022,10,4655
15/11/2022,11,5444
15/11/2022,12,6005
15/11/2022,13,4588
15/11/2022,14,4477
15/11/2022,15,5132
15/11/2022,16,7430
15/11/2022,17,10839
15/11/2022,18,14989
15/11/2022,19,9436
15/11/2022,20,4230
15/11/2022,21,2547
15/11/2022,22,2956
15/11/2022,23,2247
15/11/2023,0,2237
15/11/2023,1,1522
15/11/2023,2,992
15/11/2023,3,670
15/11/2023,4,652
15/11/2023,5,1375
15/11/2023,6,3276
15/11/2023,7,8809
15/11/2023,8,14269
15/11/2023,9,7462
15/11/2023,10,6002
15/11/2023,11,6160
15/11/2023,12,6514
15/11/2023,13,6596
15/11/2023,14,6317
15/11/2023,15,6635
15/11/2023,16,8009
15/11/2023,17,11929
15/11/2023,18,15180
15/11/2023,19,9493
15/11/2023,20,7202
15/11/2023,21,6897
15/11/2023,22,5673
15/11/2023,23,3498
15/11/2024,0,2805
15/11/2024,1,2058
15/11/2024,2,1293
15/11/2024,3,873
15/11/2024,4,801
15/11/2024,5,1664
15/11/2024,6,3391
15/11/2024,7,7890
15/11/2024,8,12953
15/11/2024,9,6844
15/11/2024,10,5059
15/11/2024,11,6278
15/11/2024,12,6861
15/11/2024,13,6878
15/11/2024,14,7217
15/11/2024,15,8264
15/11/2024,16,10271
15/11/2024,17,13930
15/11/2024,18,16258
15/11/2024,19,10216
15/11/2024,20,8040
15/11/2024,21,7708
15/11/2024,22,6762
15/11/2024,23,4517
15/12/2022,0,1264
15/12/2022,1,944
15/12/2022,2,708
15/12/2022,3,474
15/12/2022,4,339
15/12/2022,5,738
15/12/2022,6,1533
15/12/2022,7,3863
15/12/2022,8,6684
15/12/2022,9,2924
15/12/2022,10,1971
15/12/2022,11,2170
15/12/2022,12,991
15/12/2022,13,468
15/12/2022,14,392
15/12/2022,15,694
15/12/2022,16,1019
15/12/2022,17,1648
15/12/2022,18,2239
15/12/2022,19,1591
15/12/2022,20,1270
15/12/2022,21,1188
15/12/2022,22,1073
15/12/2022,23,837
15/12/2023,0,523
15/12/2023,1,156
15/12/2023,2,124
15/12/2023,3,85
15/12/2023,4,75
15/12/2023,5,141
15/12/2023,6,225
15/12/2023,7,315
15/12/2023,8,630
15/12/2023,9,214
15/12/2023,10,207
15/12/2023,11,198
15/12/2023,12,278
15/12/2023,13,231
15/12/2023,14,493
15/12/2023,15,1868
15/12/2023,16,3056
15/12/2023,17,5197
15/12/2023,18,6132
15/12/2023,19,3269
15/12/2023,20,2038
15/12/2023,21,2162
15/12/2023,22,1403
15/12/2023,23,474
15/12/2024,0,1891
15/12/2024,1,1453
15/12/2024,2,1040
15/12/2024,3,764
15/12/2024,4,470
15/12/2024,5,479
15/12/2024,6,610
15/12/2024,7,1030
15/12/2024,8,1693
15/12/2024,9,2331
15/12/2024,10,2726
15/12/2024,11,2793
15/12/2024,12,3421
15/12/2024,13,3598
15/12/2024,14,3670
15/12/2024,15,3640
15/12/2024,16,3640
15/12/2024,17,3516
15/12/2024,18,3088
15/12/2024,19,2353
15/12/2024,20,2103
15/12/2024,21,1938
15/12/2024,22,1671
15/12/2024,23,1327
16/01/2022,0,751
16/01/2022,1,570
16/01/2022,2,469
16/01/2022,3,303
16/01/2022,4,193
16/01/2022,5,222
16/01/2022,6,344
16/01/2022,7,492
16/01/2022,8,915
16/01/2022,9,1189
16/01/2022,10,1527
16/01/2022,11,1865
16/01/2022,12,2286
16/01/2022,13,2455
16/01/2022,14,2724
16/01/2022,15,2760
16/01/2022,16,2767
16/01/2022,17,2530
16/01/2022,18,2019
16/01/2022,19,1543
16/01/2022,20,1438
16/01/2022,21,1480
16/01/2022,22,958
16/01/2022,23,632
16/01/2023,0,828
16/01/2023,1,569
16/01/2023,2,404
16/01/2023,3,284
16/01/2023,4,287
16/01/2023,5,699
16/01/2023,6,1444
16/01/2023,7,3107
16/01/2023,8,6020
16/01/2023,9,3014
16/01/2023,10,1988
16/01/2023,11,2414
16/01/2023,12,2672
16/01/2023,13,2629
16/01/2023,14,2642
16/01/2023,15,2869
16/01/2023,16,3412
16/01/2023,17,5077
16/01/2023,18,6757
16/01/2023,19,4124
16/01/2023,20,3302
16/01/2023,21,2915
16/01/2023,22,2468
16/01/2023,23,1386
16/01/2024,0,1147
16/01/2024,1,870
16/01/2024,2,575
16/01/2024,3,463
16/01/2024,4,417
16/01/2024,5,905
16/01/2024,6,2117
16/01/2024,7,4302
16/01/2024,8,7731
16/01/2024,9,3750
16/01/2024,10,2520
16/01/2024,11,2854
16/01/2024,12,3107
16/01/2024,13,3336
16/01/2024,14,3275
16/01/2024,15,3572
16/01/2024,16,4327
16/01/2024,17,6722
16/01/2024,18,8710
16/01/2024,19,5234
16/01/2024,20,4154
16/01/2024,21,3710
16/01/2024,22,3134
16/01/2024,23,1840
16/02/2022,0,508
16/02/2022,1,408
16/02/2022,2,287
16/02/2022,3,194
16/02/2022,4,213
16/02/2022,5,408
16/02/2022,6,912
16/02/2022,7,2326
16/02/2022,8,4704
16/02/2022,9,2402
16/02/2022,10,1588
16/02/2022,11,1968
16/02/2022,12,2047
16/02/2022,13,2080
16/02/2022,14,1993
16/02/2022,15,2122
16/02/2022,16,2485
16/02/2022,17,3317
16/02/2022,18,4630
16/02/2022,19,2680
16/02/2022,20,1867
16/02/2022,21,1716
16/02/2022,22,1069
16/02/2022,23,591
16/02/2023,0,1824
16/02/2023,1,1363
16/02/2023,2,898
16/02/2023,3,587
16/02/2023,4,500
16/02/2023,5,912
16/02/2023,6,1991
16/02/2023,7,4817
16/02/2023,8,8641
16/02/2023,9,4383
16/02/2023,10,2881
16/02/2023,11,3264
16/02/2023,12,3525
16/02/2023,13,3573
16/02/2023,14,3541
16/02/2023,15,3900
16/02/2023,16,4749
16/02/2023,17,6884
16/02/2023,18,9451
16/02/2023,19,5518
16/02/2023,20,4389
16/02/2023,21,4123
16/02/2023,22,3467
16/02/2023,23,2215
16/02/2024,0,1625
16/02/2024,1,1188
16/02/2024,2,789
16/02/2024,3,603
16/02/2024,4,517
16/02/2024,5,1031
16/02/2024,6,2305
16/02/2024,7,5034
16/02/2024,8,8904
16/02/2024,9,4648
16/02/2024,10,3300
16/02/2024,11,3927
16/02/2024,12,4537
16/02/2024,13,4569
16/02/2024,14,4731
16/02/2024,15,5199
16/02/2024,16,6201
16/02/2024,17,8980
16/02/2024,18,10660
16/02/2024,19,6042
16/02/2024,20,4672
16/02/2024,21,4162
16/02/2024,22,3841
16/02/2024,23,2491
16/03/2022,0,1411
16/03/2022,1,876
16/03/2022,2,512
16/03/2022,3,377
16/03/2022,4,294
16/03/2022,5,637
16/03/2022,6,1572
16/03/2022,7,4565
16/03/2022,8,7697
16/03/2022,9,4098
16/03/2022,10,3054
16/03/2022,11,3760
16/03/2022,12,4402
16/03/2022,13,4349
16/03/2022,14,4577
16/03/2022,15,5064
16/03/2022,16,6430
16/03/2022,17,8456
16/03/2022,18,11483
16/03/2022,19,6931
16/03/2022,20,5651
16/03/2022,21,5049
16/03/2022,22,4171
16/03/2022,23,2728
16/03/2023,0,1930
16/03/2023,1,1404
16/03/2023,2,893
16/03/2023,3,545
16/03/2023,4,490
16/03/2023,5,1041
16/03/2023,6,2570
16/03/2023,7,7738
16/03/2023,8,11994
16/03/2023,9,5712
16/03/2023,10,3981
16/03/2023,11,4528
16/03/2023,12,5086
16/03/2023,13,4883
16/03/2023,14,4729
16/03/2023,15,5142
16/03/2023,16,7228
16/03/2023,17,9483
16/03/2023,18,12654
16/03/2023,19,7328
16/03/2023,20,5907
16/03/2023,21,5552
16/03/2023,22,4897
16/03/2023,23,2838
16/03/2024,0,2689
16/03/2024,1,2100
16/03/2024,2,1425
16/03/2024,3,954
16/03/2024,4,641
16/03/2024,5,704
16/03/2024,6,1102
16/03/2024,7,2050
16/03/2024,8,3679
16/03/2024,9,4840
16/03/2024,10,5216
16/03/2024,11,6076
16/03/2024,12,7460
16/03/2024,13,8505
16/03/2024,14,9085
16/03/2024,15,9966
16/03/2024,16,10365
16/03/2024,17,9564
16/03/2024,18,8033
16/03/2024,19,6201
16/03/2024,20,5180
16/03/2024,21,5060
16/03/2024,22,4357
16/03/2024,23,3125
16/04/2022,0,5295
16/04/2022,1,2805
16/04/2022,2,1408
16/04/2022,3,720
16/04/2022,4,519
16/04/2022,5,646
16/04/2022,6,1039
16/04/2022,7,1946
16/04/2022,8,3696
16/04/2022,9,4763
16/04/2022,10,5770
16/04/2022,11,6696
16/04/2022,12,8029
16/04/2022,13,9371
16/04/2022,14,10177
16/04/2022,15,11252
16/04/2022,16,11800
16/04/2022,17,11458
16/04/2022,18,9656
16/04/2022,19,7200
16/04/2022,20,6064
16/04/2022,21,5461
16/04/2022,22,4753
16/04/2022,23,3703
16/04/2023,0,3521
16/04/2023,1,2382
16/04/2023,2,1625
16/04/2023,3,979
16/04/2023,4,691
16/04/2023,5,660
16/04/2023,6,1018
16/04/2023,7,1629
16/04/2023,8,2796
16/04/2023,9,3814
16/04/2023,10,4656
16/04/2023,11,5671
16/04/2023,12,6669
16/04/2023,13,7671
16/04/2023,14,8248
16/04/2023,15,8424
16/04/2023,16,9548
16/04/2023,17,9322
16/04/2023,18,7179
16/04/2023,19,6465
16/04/2023,20,5929
16/04/2023,21,5628
16/04/2023,22,4635
16/04/2023,23,3027
16/04/2024,0,2111
16/04/2024,1,1423
16/04/2024,2,591
16/04/2024,3,376
16/04/2024,4,475
16/04/2024,5,1210
16/04/2024,6,1449
16/04/2024,7,2334
16/04/2024,8,3053
16/04/2024,9,3693
16/04/2024,10,3280
16/04/2024,11,4201
16/04/2024,12,5232
16/04/2024,13,5327
16/04/2024,14,5742
16/04/2024,15,6516
16/04/2024,16,9753
16/04/2024,17,12896
16/04/2024,18,16219
16/04/2024,19,10075
16/04/2024,20,8291
16/04/2024,21,7502
16/04/2024,22,6084
16/04/2024,23,3512
16/05/2022,0,2728
16/05/2022,1,1417
16/05/2022,2,895
16/05/2022,3,646
16/05/2022,4,557
16/05/2022,5,1388
16/05/2022,6,3473
16/05/2022,7,9274
16/05/2022,8,13851
16/05/2022,9,6908
16/05/2022,10,4773
16/05/2022,11,5990
16/05/2022,12,6594
16/05/2022,13,6150
16/05/2022,14,6398
16/05/2022,15,7126
16/05/2022,16,9670
16/05/2022,17,14056
16/05/2022,18,20978
16/05/2022,19,13895
16/05/2022,20,10850
16/05/2022,21,9605
16/05/2022,22,8112
16/05/2022,23,4666
16/05/2023,0,3497
16/05/2023,1,2234
16/05/2023,2,1353
16/05/2023,3,863
16/05/2023,4,706
16/05/2023,5,1849
16/05/2023,6,4495
16/05/2023,7,12375
16/05/2023,8,17184
16/05/2023,9,8409
16/05/2023,10,5547
16/05/2023,11,6515
16/05/2023,12,6711
16/05/2023,13,6072
16/05/2023,14,6006
16/05/2023,15,6740
16/05/2023,16,9843
16/05/2023,17,15470
16/05/2023,18,22295
16/05/2023,19,14856
16/05/2023,20,12569
16/05/2023,21,11419
16/05/2023,22,9301
16/05/2023,23,5404
16/05/2024,0,297
16/05/2024,1,446
16/05/2024,2,453
16/05/2024,3,359
16/05/2024,4,559
16/05/2024,5,1367
16/05/2024,6,3796
16/05/2024,7,10023
16/05/2024,8,14243
16/05/2024,9,7426
16/05/2024,10,5326
16/05/2024,11,6295
16/05/2024,12,6927
16/05/2024,13,6462
16/05/2024,14,6819
16/05/2024,15,7858
16/05/2024,16,11306
16/05/2024,17,15838
16/05/2024,18,20547
16/05/2024,19,13308
16/05/2024,20,10372
16/05/2024,21,9454
16/05/2024,22,7845
16/05/2024,23,4445
16/06/2022,0,1785
16/06/2022,1,1346
16/06/2022,2,897
16/06/2022,3,589
16/06/2022,4,568
16/06/2022,5,905
16/06/2022,6,1662
16/06/2022,7,4796
16/06/2022,8,10190
16/06/2022,9,6180
16/06/2022,10,4751
16/06/2022,11,5559
16/06/2022,12,6263
16/06/2022,13,6272
16/06/2022,14,6265
16/06/2022,15,7255
16/06/2022,16,10506
16/06/2022,17,14276
16/06/2022,18,19162
16/06/2022,19,13413
16/06/2022,20,11492
16/06/2022,21,10767
16/06/2022,22,9173
16/06/2022,23,5882
16/06/2023,0,4217
16/06/2023,1,2784
16/06/2023,2,1818
16/06/2023,3,1137
16/06/2023,4,965
16/06/2023,5,2060
16/06/2023,6,4784
16/06/2023,7,12292
16/06/2023,8,16549
16/06/2023,9,8236
16/06/2023,10,5757
16/06/2023,11,6545
16/06/2023,12,7324
16/06/2023,13,6860
16/06/2023,14,6870
16/06/2023,15,8520
16/06/2023,16,10925
16/06/2023,17,16207
16/06/2023,18,21039
16/06/2023,19,14546
16/06/2023,20,12067
16/06/2023,21,11163
16/06/2023,22,10511
16/06/2023,23,7227
16/06/2024,0,4524
16/06/2024,1,2766
16/06/2024,2,2002
16/06/2024,3,1377
16/06/2024,4,970
16/06/2024,5,1155
16/06/2024,6,1698
16/06/2024,7,2464
16/06/2024,8,3879
16/06/2024,9,5028
16/06/2024,10,5684
16/06/2024,11,5754
16/06/2024,12,6901
16/06/2024,13,7243
16/06/2024,14,7328
16/06/2024,15,8232
16/06/2024,16,9013
16/06/2024,17,10224
16/06/2024,18,10551
16/06/2024,19,10828
16/06/2024,20,10643
16/06/2024,21,9266
16/06/2024,22,6952
16/06/2024,23,4423
16/07/2022,0,5453
16/07/2022,1,4202
16/07/2022,2,2731
16/07/2022,3,1567
16/07/2022,4,1073
16/07/2022,5,1201
16/07/2022,6,1867
16/07/2022,7,2776
16/07/2022,8,4173
16/07/2022,9,5222
16/07/2022,10,5265
16/07/2022,11,5120
16/07/2022,12,5610
16/07/2022,13,4937
16/07/2022,14,5453
16/07/2022,15,6059
16/07/2022,16,5627
16/07/2022,17,4571
16/07/2022,18,5582
16/07/2022,19,6313
16/07/2022,20,6455
16/07/2022,21,7082
16/07/2022,22,6876
16/07/2022,23,5298
16/07/2023,0,3881
16/07/2023,1,2723
16/07/2023,2,1851
16/07/2023,3,1300
16/07/2023,4,849
16/07/2023,5,761
16/07/2023,6,796
16/07/2023,7,1331
16/07/2023,8,2238
16/07/2023,9,2995
16/07/2023,10,3346
16/07/2023,11,3693
16/07/2023,12,1910
16/07/2023,13,3009
16/07/2023,14,4367
16/07/2023,15,5623
16/07/2023,16,6822
16/07/2023,17,7614
16/07/2023,18,7765
16/07/2023,19,7319
16/07/2023,20,7246
16/07/2023,21,6688
16/07/2023,22,5446
16/07/2023,23,3777
16/07/2024,0,2903
16/07/2024,1,1982
16/07/2024,2,1271
16/07/2024,3,982
16/07/2024,4,869
16/07/2024,5,2346
16/07/2024,6,5332
16/07/2024,7,12391
16/07/2024,8,15622
16/07/2024,9,7377
16/07/2024,10,4650
16/07/2024,11,5089
16/07/2024,12,5669
16/07/2024,13,4341
16/07/2024,14,3814
16/07/2024,15,1853
16/07/2024,16,864
16/07/2024,17,1632
16/07/2024,18,6870
16/07/2024,19,3152
16/07/2024,20,2069
16/07/2024,21,1618
16/07/2024,22,752
16/07/2024,23,555
16/08/2022,0,2154
16/08/2022,1,1441
16/08/2022,2,857
16/08/2022,3,662
16/08/2022,4,597
16/08/2022,5,1486
16/08/2022,6,3276
16/08/2022,7,7891
16/08/2022,8,11094
16/08/2022,9,6051
16/08/2022,10,4395
16/08/2022,11,5189
16/08/2022,12,5361
16/08/2022,13,5083
16/08/2022,14,5196
16/08/2022,15,5759
16/08/2022,16,7675
16/08/2022,17,11537
16/08/2022,18,18349
16/08/2022,19,13795
16/08/2022,20,12097
16/08/2022,21,10483
16/08/2022,22,8569
16/08/2022,23,5282
16/08/2023,0,3215
16/08/2023,1,2023
16/08/2023,2,1301
16/08/2023,3,978
16/08/2023,4,819
16/08/2023,5,2037
16/08/2023,6,4647
16/08/2023,7,10510
16/08/2023,8,13586
16/08/2023,9,7042
16/08/2023,10,4762
16/08/2023,11,5548
16/08/2023,12,5435
16/08/2023,13,5122
16/08/2023,14,5377
16/08/2023,15,6405
16/08/2023,16,8642
16/08/2023,17,12934
16/08/2023,18,19296
16/08/2023,19,13589
16/08/2023,20,11858
16/08/2023,21,10752
16/08/2023,22,8884
16/08/2023,23,5123
16/08/2024,0,2801
16/08/2024,1,1686
16/08/2024,2,1142
16/08/2024,3,874
16/08/2024,4,856
16/08/2024,5,1813
16/08/2024,6,3856
16/08/2024,7,8340
16/08/2024,8,10440
16/08/2024,9,5963
16/08/2024,10,4401
16/08/2024,11,4879
16/08/2024,12,5056
16/08/2024,13,4510
16/08/2024,14,5168
16/08/2024,15,6176
16/08/2024,16,7375
16/08/2024,17,10686
16/08/2024,18,14751
16/08/2024,19,10241
16/08/2024,20,8958
16/08/2024,21,8517
16/08/2024,22,7593
16/08/2024,23,4767
16/09/2022,0,3555
16/09/2022,1,2053
16/09/2022,2,1345
16/09/2022,3,917
16/09/2022,4,812
16/09/2022,5,1568
16/09/2022,6,3741
16/09/2022,7,10430
16/09/2022,8,15339
16/09/2022,9,8009
16/09/2022,10,5506
16/09/2022,11,6302
16/09/2022,12,6912
16/09/2022,13,6380
16/09/2022,14,6223
16/09/2022,15,6825
16/09/2022,16,5065
16/09/2022,17,7397
16/09/2022,18,11040
16/09/2022,19,7664
16/09/2022,20,6027
16/09/2022,21,4320
16/09/2022,22,3367
16/09/2022,23,1391
16/09/2023,0,2318
16/09/2023,1,1736
16/09/2023,2,1563
16/09/2023,3,1224
16/09/2023,4,978
16/09/2023,5,1117
16/09/2023,6,1898
16/09/2023,7,3090
16/09/2023,8,5406
16/09/2023,9,6307
16/09/2023,10,7029
16/09/2023,11,7663
16/09/2023,12,8908
16/09/2023,13,8882
16/09/2023,14,7898
16/09/2023,15,9117
16/09/2023,16,8765
16/09/2023,17,3310
16/09/2023,18,1424
16/09/2023,19,2638
16/09/2023,20,1442
16/09/2023,21,380
16/09/2023,22,998
16/09/2023,23,553
16/09/2024,0,3602
16/09/2024,1,2235
16/09/2024,2,1474
16/09/2024,3,1072
16/09/2024,4,790
16/09/2024,5,491
16/09/2024,6,350
16/09/2024,7,889
16/09/2024,8,1731
16/09/2024,9,2493
16/09/2024,10,3132
16/09/2024,11,3752
16/09/2024,12,3996
16/09/2024,13,4107
16/09/2024,14,4278
16/09/2024,15,4848
16/09/2024,16,5777
16/09/2024,17,6995
16/09/2024,18,7716
16/09/2024,19,7219
16/09/2024,20,7169
16/09/2024,21,6467
16/09/2024,22,5194
16/09/2024,23,3511
16/10/2022,0,5112
16/10/2022,1,3440
16/10/2022,2,2301
16/10/2022,3,1407
16/10/2022,4,1056
16/10/2022,5,831
16/10/2022,6,1124
16/10/2022,7,2103
16/10/2022,8,3438
16/10/2022,9,4302
16/10/2022,10,5594
16/10/2022,11,6565
16/10/2022,12,7767
16/10/2022,13,8433
16/10/2022,14,8438
16/10/2022,15,9123
16/10/2022,16,10398
16/10/2022,17,10911
16/10/2022,18,9538
16/10/2022,19,8355
16/10/2022,20,7748
16/10/2022,21,7160
16/10/2022,22,5694
16/10/2022,23,3849
16/10/2023,0,2905
16/10/2023,1,1854
16/10/2023,2,1084
16/10/2023,3,783
16/10/2023,4,782
16/10/2023,5,1828
16/10/2023,6,4551
16/10/2023,7,12014
16/10/2023,8,16763
16/10/2023,9,8258
16/10/2023,10,6000
16/10/2023,11,7032
16/10/2023,12,7506
16/10/2023,13,7232
16/10/2023,14,7219
16/10/2023,15,8752
16/10/2023,16,11421
16/10/2023,17,16353
16/10/2023,18,21517
16/10/2023,19,13494
16/10/2023,20,10820
16/10/2023,21,9457
16/10/2023,22,7714
16/10/2023,23,4404
16/10/2024,0,2862
16/10/2024,1,1811
16/10/2024,2,1187
16/10/2024,3,889
16/10/2024,4,1226
16/10/2024,5,1922
16/10/2024,6,4354
16/10/2024,7,11446
16/10/2024,8,16021
16/10/2024,9,7809
16/10/2024,10,5526
16/10/2024,11,6365
16/10/2024,12,6832
16/10/2024,13,6635
16/10/2024,14,6877
16/10/2024,15,8486
16/10/2024,16,10494
16/10/2024,17,16134
16/10/2024,18,20158
16/10/2024,19,12771
16/10/2024,20,10397
16/10/2024,21,9162
16/10/2024,22,7345
16/10/2024,23,4388
16/11/2022,0,1923
16/11/2022,1,1406
16/11/2022,2,884
16/11/2022,3,621
16/11/2022,4,542
16/11/2022,5,1127
16/11/2022,6,2575
16/11/2022,7,6833
16/11/2022,8,13107
16/11/2022,9,7044
16/11/2022,10,5282
16/11/2022,11,5784
16/11/2022,12,6379
16/11/2022,13,6229
16/11/2022,14,6264
16/11/2022,15,6747
16/11/2022,16,8265
16/11/2022,17,11872
16/11/2022,18,15353
16/11/2022,19,9380
16/11/2022,20,7585
16/11/2022,21,6985
16/11/2022,22,5759
16/11/2022,23,3751
16/11/2023,0,2451
16/11/2023,1,1704
16/11/2023,2,1094
16/11/2023,3,778
16/11/2023,4,729
16/11/2023,5,1456
16/11/2023,6,3310
16/11/2023,7,7026
16/11/2023,8,11932
16/11/2023,9,3100
16/11/2023,10,326
16/11/2023,11,306
16/11/2023,12,218
16/11/2023,13,200
16/11/2023,14,238
16/11/2023,15,370
16/11/2023,16,900
16/11/2023,17,1780
16/11/2023,18,3386
16/11/2023,19,3249
16/11/2023,20,3437
16/11/2023,21,3705
16/11/2023,22,3807
16/11/2023,23,2546
16/11/2024,0,3601
16/11/2024,1,2760
16/11/2024,2,1777
16/11/2024,3,1307
16/11/2024,4,887
16/11/2024,5,1067
16/11/2024,6,1657
16/11/2024,7,2681
16/11/2024,8,4723
16/11/2024,9,6044
16/11/2024,10,6490
16/11/2024,11,7160
16/11/2024,12,8270
16/11/2024,13,8655
16/11/2024,14,7113
16/11/2024,15,2482
16/11/2024,16,1221
16/11/2024,17,1105
16/11/2024,18,496
16/11/2024,19,1056
16/11/2024,20,1907
16/11/2024,21,2543
16/11/2024,22,2861
16/11/2024,23,2513
16/12/2022,0,845
16/12/2022,1,735
16/12/2022,2,479
16/12/2022,3,312
16/12/2022,4,250
16/12/2022,5,429
16/12/2022,6,885
16/12/2022,7,2089
16/12/2022,8,3847
16/12/2022,9,1924
16/12/2022,10,1353
16/12/2022,11,1531
16/12/2022,12,1821
16/12/2022,13,1944
16/12/2022,14,2008
16/12/2022,15,2222
16/12/2022,16,2743
16/12/2022,17,3480
16/12/2022,18,4158
16/12/2022,19,2533
16/12/2022,20,1885
16/12/2022,21,1690
16/12/2022,22,1625
16/12/2022,23,1165
16/12/2023,0,734
16/12/2023,1,537
16/12/2023,2,549
16/12/2023,3,309
16/12/2023,4,226
16/12/2023,5,348
16/12/2023,6,477
16/12/2023,7,644
16/12/2023,8,1255
16/12/2023,9,1662
16/12/2023,10,2063
16/12/2023,11,2449
16/12/2023,12,2600
16/12/2023,13,2828
16/12/2023,14,2481
16/12/2023,15,2607
16/12/2023,16,2644
16/12/2023,17,2308
16/12/2023,18,1992
16/12/2023,19,1465
16/12/2023,20,1253
16/12/2023,21,1367
16/12/2023,22,1234
16/12/2023,23,1027
16/12/2024,0,1130
16/12/2024,1,757
16/12/2024,2,579
16/12/2024,3,435
16/12/2024,4,460
16/12/2024,5,1060
16/12/2024,6,2329
16/12/2024,7,5732
16/12/2024,8,8990
16/12/2024,9,4323
16/12/2024,10,3050
16/12/2024,11,3482
16/12/2024,12,3393
16/12/2024,13,3183
16/12/2024,14,3044
16/12/2024,15,2757
16/12/2024,16,3254
16/12/2024,17,5644
16/12/2024,18,7862
16/12/2024,19,4832
16/12/2024,20,3770
16/12/2024,21,3397
16/12/2024,22,2811
16/12/2024,23,1778
17/01/2022,0,416
17/01/2022,1,339
17/01/2022,2,210
17/01/2022,3,177
17/01/2022,4,178
17/01/2022,5,417
17/01/2022,6,1001
17/01/2022,7,2400
17/01/2022,8,4964
17/01/2022,9,2422
17/01/2022,10,1767
17/01/2022,11,2061
17/01/2022,12,2341
17/01/2022,13,2252
17/01/2022,14,1717
17/01/2022,15,1375
17/01/2022,16,2030
17/01/2022,17,2250
17/01/2022,18,2091
17/01/2022,19,1680
17/01/2022,20,1389
17/01/2022,21,1594
17/01/2022,22,959
17/01/2022,23,571
17/01/2023,0,1187
17/01/2023,1,1003
17/01/2023,2,589
17/01/2023,3,378
17/01/2023,4,358
17/01/2023,5,723
17/01/2023,6,1570
17/01/2023,7,3504
17/01/2023,8,6864
17/01/2023,9,3469
17/01/2023,10,2299
17/01/2023,11,2629
17/01/2023,12,2816
17/01/2023,13,2897
17/01/2023,14,2749
17/01/2023,15,2893
17/01/2023,16,3497
17/01/2023,17,5204
17/01/2023,18,7093
17/01/2023,19,4457
17/01/2023,20,3545
17/01/2023,21,3231
17/01/2023,22,2654
17/01/2023,23,1728
17/01/2024,0,1466
17/01/2024,1,1047
17/01/2024,2,729
17/01/2024,3,536
17/01/2024,4,474
17/01/2024,5,1049
17/01/2024,6,2284
17/01/2024,7,4931
17/01/2024,8,8694
17/01/2024,9,4306
17/01/2024,10,2833
17/01/2024,11,2047
17/01/2024,12,720
17/01/2024,13,504
17/01/2024,14,399
17/01/2024,15,386
17/01/2024,16,527
17/01/2024,17,872
17/01/2024,18,949
17/01/2024,19,471
17/01/2024,20,518
17/01/2024,21,558
17/01/2024,22,258
17/01/2024,23,192
17/02/2022,0,478
17/02/2022,1,389
17/02/2022,2,269
17/02/2022,3,189
17/02/2022,4,187
17/02/2022,5,400
17/02/2022,6,829
17/02/2022,7,2171
17/02/2022,8,4461
17/02/2022,9,2298
17/02/2022,10,1501
17/02/2022,11,1943
17/02/2022,12,2097
17/02/2022,13,2154
17/02/2022,14,2241
17/02/2022,15,2304
17/02/2022,16,2915
17/02/2022,17,3848
17/02/2022,18,5229
17/02/2022,19,3169
17/02/2022,20,2337
17/02/2022,21,2447
17/02/2022,22,1546
17/02/2022,23,788
17/02/2023,0,1787
17/02/2023,1,1414
17/02/2023,2,937
17/02/2023,3,624
17/02/2023,4,472
17/02/2023,5,873
17/02/2023,6,1846
17/02/2023,7,4383
17/02/2023,8,8460
17/02/2023,9,4437
17/02/2023,10,3148
17/02/2023,11,3810
17/02/2023,12,4422
17/02/2023,13,4321
17/02/2023,14,4507
17/02/2023,15,4920
17/02/2023,16,5909
17/02/2023,17,8163
17/02/2023,18,10020
17/02/2023,19,5823
17/02/2023,20,4505
17/02/2023,21,4151
17/02/2023,22,3866
17/02/2023,23,2674
17/02/2024,0,2159
17/02/2024,1,1724
17/02/2024,2,1167
17/02/2024,3,820
17/02/2024,4,554
17/02/2024,5,655
17/02/2024,6,947
17/02/2024,7,1532
17/02/2024,8,2884
17/02/2024,9,3820
17/02/2024,10,4092
17/02/2024,11,4671
17/02/2024,12,5508
17/02/2024,13,6147
17/02/2024,14,6525
17/02/2024,15,7240
17/02/2024,16,7807
17/02/2024,17,7228
17/02/2024,18,6078
17/02/2024,19,4432
17/02/2024,20,3877
17/02/2024,21,3805
17/02/2024,22,3233
17/02/2024,23,2514
17/03/2022,0,1730
17/03/2022,1,976
17/03/2022,2,614
17/03/2022,3,434
17/03/2022,4,332
17/03/2022,5,677
17/03/2022,6,1636
17/03/2022,7,4679
17/03/2022,8,7912
17/03/2022,9,4053
17/03/2022,10,3066
17/03/2022,11,3856
17/03/2022,12,4399
17/03/2022,13,4229
17/03/2022,14,4262
17/03/2022,15,4506
17/03/2022,16,5629
17/03/2022,17,7626
17/03/2022,18,8892
17/03/2022,19,1422
17/03/2022,20,1489
17/03/2022,21,1794
17/03/2022,22,1025
17/03/2022,23,1041
17/03/2023,0,2178
17/03/2023,1,1506
17/03/2023,2,960
17/03/2023,3,624
17/03/2023,4,482
17/03/2023,5,1030
17/03/2023,6,2475
17/03/2023,7,7399
17/03/2023,8,11375
17/03/2023,9,5677
17/03/2023,10,4050
17/03/2023,11,4970
17/03/2023,12,5445
17/03/2023,13,5279
17/03/2023,14,5547
17/03/2023,15,6693
17/03/2023,16,7985
17/03/2023,17,11103
17/03/2023,18,13914
17/03/2023,19,8104
17/03/2023,20,6281
17/03/2023,21,5968
17/03/2023,22,5444
17/03/2023,23,3617
17/03/2024,0,2832
17/03/2024,1,1919
17/03/2024,2,1297
17/03/2024,3,935
17/03/2024,4,603
17/03/2024,5,509
17/03/2024,6,651
17/03/2024,7,1156
17/03/2024,8,2300
17/03/2024,9,3515
17/03/2024,10,4474
17/03/2024,11,4991
17/03/2024,12,5837
17/03/2024,13,6766
17/03/2024,14,6965
17/03/2024,15,7626
17/03/2024,16,7498
17/03/2024,17,6879
17/03/2024,18,5650
17/03/2024,19,4174
17/03/2024,20,3603
17/03/2024,21,3185
17/03/2024,22,2739
17/03/2024,23,1887
17/04/2022,0,4555
17/04/2022,1,2336
17/04/2022,2,1076
17/04/2022,3,659
17/04/2022,4,416
17/04/2022,5,467
17/04/2022,6,784
17/04/2022,7,1491
17/04/2022,8,2684
17/04/2022,9,3929
17/04/2022,10,5066
17/04/2022,11,6077
17/04/2022,12,7631
17/04/2022,13,9370
17/04/2022,14,10536
17/04/2022,15,11861
17/04/2022,16,11883
17/04/2022,17,11627
17/04/2022,18,10088
17/04/2022,19,7797
17/04/2022,20,6418
17/04/2022,21,5719
17/04/2022,22,4362
17/04/2022,23,3080
17/04/2023,0,2360
17/04/2023,1,1395
17/04/2023,2,868
17/04/2023,3,569
17/04/2023,4,578
17/04/2023,5,1371
17/04/2023,6,3465
17/04/2023,7,9968
17/04/2023,8,14145
17/04/2023,9,6899
17/04/2023,10,4887
17/04/2023,11,5740
17/04/2023,12,6437
17/04/2023,13,5955
17/04/2023,14,5909
17/04/2023,15,7104
17/04/2023,16,9602
17/04/2023,17,13816
17/04/2023,18,19175
17/04/2023,19,11541
17/04/2023,20,9333
17/04/2023,21,8550
17/04/2023,22,7015
17/04/2023,23,4209
17/04/2024,0,2563
17/04/2024,1,1805
17/04/2024,2,1092
17/04/2024,3,723
17/04/2024,4,611
17/04/2024,5,1461
17/04/2024,6,3867
17/04/2024,7,10200
17/04/2024,8,14690
17/04/2024,9,7213
17/04/2024,10,5013
17/04/2024,11,5919
17/04/2024,12,6611
17/04/2024,13,6264
17/04/2024,14,6446
17/04/2024,15,7449
17/04/2024,16,9581
17/04/2024,17,14098
17/04/2024,18,18572
17/04/2024,19,11320
17/04/2024,20,8889
17/04/2024,21,8202
17/04/2024,22,6834
17/04/2024,23,3879
17/05/2022,0,3312
17/05/2022,1,2044
17/05/2022,2,1242
17/05/2022,3,773
17/05/2022,4,649
17/05/2022,5,1436
17/05/2022,6,3664
17/05/2022,7,9789
17/05/2022,8,14987
17/05/2022,9,7335
17/05/2022,10,5068
17/05/2022,11,5892
17/05/2022,12,6491
17/05/2022,13,6158
17/05/2022,14,5959
17/05/2022,15,6844
17/05/2022,16,9712
17/05/2022,17,14422
17/05/2022,18,20401
17/05/2022,19,13530
17/05/2022,20,11212
17/05/2022,21,10086
17/05/2022,22,8560
17/05/2022,23,5079
17/05/2023,0,3576
17/05/2023,1,2407
17/05/2023,2,1543
17/05/2023,3,968
17/05/2023,4,772
17/05/2023,5,1837
17/05/2023,6,4638
17/05/2023,7,12078
17/05/2023,8,17101
17/05/2023,9,8453
17/05/2023,10,5695
17/05/2023,11,6521
17/05/2023,12,6733
17/05/2023,13,6488
17/05/2023,14,6411
17/05/2023,15,7416
17/05/2023,16,10391
17/05/2023,17,16068
17/05/2023,18,22049
17/05/2023,19,14503
17/05/2023,20,12044
17/05/2023,21,11052
17/05/2023,22,9186
17/05/2023,23,5594
17/05/2024,0,3196
17/05/2024,1,2082
17/05/2024,2,1310
17/05/2024,3,902
17/05/2024,4,823
17/05/2024,5,1763
17/05/2024,6,4463
17/05/2024,7,11659
17/05/2024,8,16153
17/05/2024,9,8134
17/05/2024,10,5850
17/05/2024,11,7166
17/05/2024,12,7631
17/05/2024,13,7281
17/05/2024,14,7678
17/05/2024,15,9374
17/05/2024,16,11216
17/05/2024,17,16531
17/05/2024,18,20039
17/05/2024,19,13049
17/05/2024,20,10556
17/05/2024,21,9763
17/05/2024,22,8775
17/05/2024,23,5418
17/06/2022,0,4230
17/06/2022,1,2879
17/06/2022,2,1753
17/06/2022,3,1031
17/06/2022,4,846
17/06/2022,5,1584
17/06/2022,6,3565
17/06/2022,7,9810
17/06/2022,8,14308
17/06/2022,9,7262
17/06/2022,10,5200
17/06/2022,11,6324
17/06/2022,12,6941
17/06/2022,13,6651
17/06/2022,14,6791
17/06/2022,15,8338
17/06/2022,16,10485
17/06/2022,17,14701
17/06/2022,18,19330
17/06/2022,19,12890
17/06/2022,20,10359
17/06/2022,21,10233
17/06/2022,22,9351
17/06/2022,23,6518
17/06/2023,0,5288
17/06/2023,1,3858
17/06/2023,2,2546
17/06/2023,3,1663
17/06/2023,4,1179
17/06/2023,5,1341
17/06/2023,6,2277
17/06/2023,7,3440
17/06/2023,8,5781
17/06/2023,9,6862
17/06/2023,10,6996
17/06/2023,11,7614
17/06/2023,12,8225
17/06/2023,13,8523
17/06/2023,14,8096
17/06/2023,15,8578
17/06/2023,16,9752
17/06/2023,17,11304
17/06/2023,18,12211
17/06/2023,19,11234
17/06/2023,20,11031
17/06/2023,21,10918
17/06/2023,22,9465
17/06/2023,23,6697
17/06/2024,0,3211
17/06/2024,1,1900
17/06/2024,2,1208
17/06/2024,3,854
17/06/2024,4,946
17/06/2024,5,2150
17/06/2024,6,5263
17/06/2024,7,12706
17/06/2024,8,15507
17/06/2024,9,7426
17/06/2024,10,4941
17/06/2024,11,5630
17/06/2024,12,5932
17/06/2024,13,5514
17/06/2024,14,5712
17/06/2024,15,7213
17/06/2024,16,9593
17/06/2024,17,15054
17/06/2024,18,21450
17/06/2024,19,14540
17/06/2024,20,12346
17/06/2024,21,11043
17/06/2024,22,8785
17/06/2024,23,5053
17/07/2022,0,4756
17/07/2022,1,3178
17/07/2022,2,2076
17/07/2022,3,1356
17/07/2022,4,913
17/07/2022,5,912
17/07/2022,6,1391
17/07/2022,7,2129
17/07/2022,8,3032
17/07/2022,9,4067
17/07/2022,10,4092
17/07/2022,11,4606
17/07/2022,12,5064
17/07/2022,13,6245
17/07/2022,14,6464
17/07/2022,15,7370
17/07/2022,16,8443
17/07/2022,17,9438
17/07/2022,18,10248
17/07/2022,19,10607
17/07/2022,20,10525
17/07/2022,21,9460
17/07/2022,22,7349
17/07/2022,23,4923
17/07/2023,0,2772
17/07/2023,1,1783
17/07/2023,2,1118
17/07/2023,3,815
17/07/2023,4,711
17/07/2023,5,1710
17/07/2023,6,2415
17/07/2023,7,7123
17/07/2023,8,11857
17/07/2023,9,6161
17/07/2023,10,4517
17/07/2023,11,5282
17/07/2023,12,5724
17/07/2023,13,5795
17/07/2023,14,5966
17/07/2023,15,5783
17/07/2023,16,4578
17/07/2023,17,11002
17/07/2023,18,18177
17/07/2023,19,12732
17/07/2023,20,11179
17/07/2023,21,9200
17/07/2023,22,7195
17/07/2023,23,3751
17/07/2024,0,667
17/07/2024,1,546
17/07/2024,2,228
17/07/2024,3,220
17/07/2024,4,330
17/07/2024,5,986
17/07/2024,6,2051
17/07/2024,7,1167
17/07/2024,8,1314
17/07/2024,9,357
17/07/2024,10,1259
17/07/2024,11,2399
17/07/2024,12,3155
17/07/2024,13,3319
17/07/2024,14,2675
17/07/2024,15,2798
17/07/2024,16,3331
17/07/2024,17,3188
17/07/2024,18,5049
17/07/2024,19,4923
17/07/2024,20,5030
17/07/2024,21,5027
17/07/2024,22,1646
17/07/2024,23,336
17/08/2022,0,3605
17/08/2022,1,2262
17/08/2022,2,1527
17/08/2022,3,915
17/08/2022,4,801
17/08/2022,5,1603
17/08/2022,6,3667
17/08/2022,7,8938
17/08/2022,8,12563
17/08/2022,9,6563
17/08/2022,10,4329
17/08/2022,11,5198
17/08/2022,12,5414
17/08/2022,13,4998
17/08/2022,14,4773
17/08/2022,15,5526
17/08/2022,16,7840
17/08/2022,17,12230
17/08/2022,18,18198
17/08/2022,19,12560
17/08/2022,20,11129
17/08/2022,21,9989
17/08/2022,22,8376
17/08/2022,23,5008
17/08/2023,0,3544
17/08/2023,1,2317
17/08/2023,2,1488
17/08/2023,3,1035
17/08/2023,4,941
17/08/2023,5,1983
17/08/2023,6,4822
17/08/2023,7,11180
17/08/2023,8,14119
17/08/2023,9,7134
17/08/2023,10,4676
17/08/2023,11,5211
17/08/2023,12,5454
17/08/2023,13,5043
17/08/2023,14,4927
17/08/2023,15,6139
17/08/2023,16,8780
17/08/2023,17,13023
17/08/2023,18,18948
17/08/2023,19,13520
17/08/2023,20,11642
17/08/2023,21,10593
17/08/2023,22,9068
17/08/2023,23,5356
17/08/2024,0,3300
17/08/2024,1,2399
17/08/2024,2,1685
17/08/2024,3,1142
17/08/2024,4,864
17/08/2024,5,1298
17/08/2024,6,2071
17/08/2024,7,2939
17/08/2024,8,4184
17/08/2024,9,4860
17/08/2024,10,4808
17/08/2024,11,4986
17/08/2024,12,5448
17/08/2024,13,5450
17/08/2024,14,5369
17/08/2024,15,5438
17/08/2024,16,6316
17/08/2024,17,6434
17/08/2024,18,6425
17/08/2024,19,6739
17/08/2024,20,6872
17/08/2024,21,6803
17/08/2024,22,5929
17/08/2024,23,4203
17/09/2022,0,1048
17/09/2022,1,2049
17/09/2022,2,1681
17/09/2022,3,1115
17/09/2022,4,779
17/09/2022,5,835
17/09/2022,6,1250
17/09/2022,7,1867
17/09/2022,8,3605
17/09/2022,9,5145
17/09/2022,10,5761
17/09/2022,11,6818
17/09/2022,12,7820
17/09/2022,13,8397
17/09/2022,14,8671
17/09/2022,15,9202
17/09/2022,16,10637
17/09/2022,17,12050
17/09/2022,18,12067
17/09/2022,19,10968
17/09/2022,20,10272
17/09/2022,21,9796
17/09/2022,22,8840
17/09/2022,23,6599
17/09/2023,0,625
17/09/2023,1,1097
17/09/2023,2,1135
17/09/2023,3,832
17/09/2023,4,729
17/09/2023,5,777
17/09/2023,6,1199
17/09/2023,7,1977
17/09/2023,8,3252
17/09/2023,9,4579
17/09/2023,10,5462
17/09/2023,11,6184
17/09/2023,12,7264
17/09/2023,13,7674
17/09/2023,14,8292
17/09/2023,15,9004
17/09/2023,16,9966
17/09/2023,17,11663
17/09/2023,18,11994
17/09/2023,19,10886
17/09/2023,20,10123
17/09/2023,21,8938
17/09/2023,22,6916
17/09/2023,23,4530
17/09/2024,0,2834
17/09/2024,1,1758
17/09/2024,2,1146
17/09/2024,3,796
17/09/2024,4,558
17/09/2024,5,699
17/09/2024,6,1100
17/09/2024,7,1633
17/09/2024,8,2024
17/09/2024,9,2039
17/09/2024,10,2418
17/09/2024,11,2665
17/09/2024,12,3061
17/09/2024,13,3086
17/09/2024,14,3472
17/09/2024,15,4053
17/09/2024,16,4592
17/09/2024,17,6169
17/09/2024,18,6905
17/09/2024,19,6683
17/09/2024,20,6688
17/09/2024,21,6238
17/09/2024,22,5114
17/09/2024,23,3670
17/10/2022,0,2900
17/10/2022,1,1622
17/10/2022,2,946
17/10/2022,3,684
17/10/2022,4,602
17/10/2022,5,1365
17/10/2022,6,3239
17/10/2022,7,9187
17/10/2022,8,14220
17/10/2022,9,7016
17/10/2022,10,4732
17/10/2022,11,5640
17/10/2022,12,6225
17/10/2022,13,5978
17/10/2022,14,5981
17/10/2022,15,6930
17/10/2022,16,8972
17/10/2022,17,12390
17/10/2022,18,16291
17/10/2022,19,9993
17/10/2022,20,7778
17/10/2022,21,7235
17/10/2022,22,6054
17/10/2022,23,3649
17/10/2023,0,2880
17/10/2023,1,1818
17/10/2023,2,1185
17/10/2023,3,805
17/10/2023,4,814
17/10/2023,5,1780
17/10/2023,6,4442
17/10/2023,7,12059
17/10/2023,8,17656
17/10/2023,9,8729
17/10/2023,10,6360
17/10/2023,11,7259
17/10/2023,12,7744
17/10/2023,13,7443
17/10/2023,14,7361
17/10/2023,15,8267
17/10/2023,16,11748
17/10/2023,17,16663
17/10/2023,18,21102
17/10/2023,19,13333
17/10/2023,20,10563
17/10/2023,21,9400
17/10/2023,22,7944
17/10/2023,23,4419
17/10/2024,0,3190
17/10/2024,1,2117
17/10/2024,2,1256
17/10/2024,3,901
17/10/2024,4,824
17/10/2024,5,1865
17/10/2024,6,4295
17/10/2024,7,11782
17/10/2024,8,16368
17/10/2024,9,7990
17/10/2024,10,5565
17/10/2024,11,6468
17/10/2024,12,6932
17/10/2024,13,6481
17/10/2024,14,6404
17/10/2024,15,7692
17/10/2024,16,11058
17/10/2024,17,15808
17/10/2024,18,19348
17/10/2024,19,12452
17/10/2024,20,10292
17/10/2024,21,9371
17/10/2024,22,7895
17/10/2024,23,4806
17/11/2022,0,2643
17/11/2022,1,1852
17/11/2022,2,1117
17/11/2022,3,795
17/11/2022,4,647
17/11/2022,5,1311
17/11/2022,6,2757
17/11/2022,7,6713
17/11/2022,8,12696
17/11/2022,9,9325
17/11/2022,10,5068
17/11/2022,11,5767
17/11/2022,12,6522
17/11/2022,13,6363
17/11/2022,14,6250
17/11/2022,15,6601
17/11/2022,16,8428
17/11/2022,17,12585
17/11/2022,18,15671
17/11/2022,19,9881
17/11/2022,20,8016
17/11/2022,21,7260
17/11/2022,22,6219
17/11/2022,23,4089
17/11/2023,0,1615
17/11/2023,1,1227
17/11/2023,2,896
17/11/2023,3,663
17/11/2023,4,636
17/11/2023,5,1188
17/11/2023,6,2820
17/11/2023,7,6571
17/11/2023,8,11421
17/11/2023,9,6013
17/11/2023,10,4373
17/11/2023,11,4548
17/11/2023,12,4871
17/11/2023,13,4649
17/11/2023,14,4825
17/11/2023,15,5265
17/11/2023,16,6307
17/11/2023,17,8699
17/11/2023,18,9968
17/11/2023,19,5724
17/11/2023,20,4168
17/11/2023,21,3854
17/11/2023,22,3474
17/11/2023,23,2328
17/11/2024,0,2507
17/11/2024,1,1670
17/11/2024,2,1271
17/11/2024,3,857
17/11/2024,4,596
17/11/2024,5,673
17/11/2024,6,965
17/11/2024,7,1591
17/11/2024,8,2744
17/11/2024,9,3459
17/11/2024,10,4011
17/11/2024,11,4360
17/11/2024,12,5026
17/11/2024,13,5737
17/11/2024,14,6179
17/11/2024,15,6338
17/11/2024,16,6495
17/11/2024,17,5829
17/11/2024,18,4558
17/11/2024,19,3570
17/11/2024,20,3088
17/11/2024,21,2932
17/11/2024,22,2436
17/11/2024,23,1718
17/12/2022,0,1264
17/12/2022,1,1122
17/12/2022,2,808
17/12/2022,3,583
17/12/2022,4,323
17/12/2022,5,367
17/12/2022,6,453
17/12/2022,7,484
17/12/2022,8,986
17/12/2022,9,1464
17/12/2022,10,1631
17/12/2022,11,1939
17/12/2022,12,2095
17/12/2022,13,2191
17/12/2022,14,2064
17/12/2022,15,2100
17/12/2022,16,2244
17/12/2022,17,2128
17/12/2022,18,1669
17/12/2022,19,1285
17/12/2022,20,1098
17/12/2022,21,1139
17/12/2022,22,1083
17/12/2022,23,885
17/12/2023,0,1013
17/12/2023,1,755
17/12/2023,2,568
17/12/2023,3,426
17/12/2023,4,311
17/12/2023,5,297
17/12/2023,6,345
17/12/2023,7,555
17/12/2023,8,996
17/12/2023,9,1322
17/12/2023,10,1540
17/12/2023,11,1598
17/12/2023,12,1742
17/12/2023,13,2014
17/12/2023,14,2074
17/12/2023,15,2120
17/12/2023,16,2217
17/12/2023,17,2074
17/12/2023,18,1862
17/12/2023,19,1425
17/12/2023,20,1301
17/12/2023,21,1287
17/12/2023,22,1119
17/12/2023,23,940
17/12/2024,0,1476
17/12/2024,1,1048
17/12/2024,2,726
17/12/2024,3,537
17/12/2024,4,493
17/12/2024,5,1090
17/12/2024,6,2294
17/12/2024,7,5987
17/12/2024,8,9403
17/12/2024,9,4521
17/12/2024,10,2928
17/12/2024,11,3333
17/12/2024,12,3207
17/12/2024,13,3315
17/12/2024,14,3395
17/12/2024,15,3734
17/12/2024,16,4743
17/12/2024,17,6548
17/12/2024,18,8241
17/12/2024,19,4944
17/12/2024,20,3771
17/12/2024,21,3290
17/12/2024,22,2720
17/12/2024,23,1672
18/01/2022,0,493
18/01/2022,1,341
18/01/2022,2,255
18/01/2022,3,202
18/01/2022,4,182
18/01/2022,5,363
18/01/2022,6,882
18/01/2022,7,2019
18/01/2022,8,4220
18/01/2022,9,2140
18/01/2022,10,1533
18/01/2022,11,1847
18/01/2022,12,2144
18/01/2022,13,2186
18/01/2022,14,2198
18/01/2022,15,2365
18/01/2022,16,2714
18/01/2022,17,3801
18/01/2022,18,5352
18/01/2022,19,3260
18/01/2022,20,2472
18/01/2022,21,2622
18/01/2022,22,1577
18/01/2022,23,844
18/01/2023,0,1387
18/01/2023,1,1139
18/01/2023,2,707
18/01/2023,3,487
18/01/2023,4,386
18/01/2023,5,763
18/01/2023,6,1652
18/01/2023,7,3650
18/01/2023,8,7293
18/01/2023,9,3737
18/01/2023,10,2471
18/01/2023,11,2954
18/01/2023,12,3243
18/01/2023,13,3096
18/01/2023,14,3042
18/01/2023,15,3292
18/01/2023,16,3854
18/01/2023,17,5429
18/01/2023,18,7157
18/01/2023,19,4473
18/01/2023,20,3448
18/01/2023,21,3142
18/01/2023,22,2836
18/01/2023,23,1723
18/01/2024,0,336
18/01/2024,1,413
18/01/2024,2,381
18/01/2024,3,335
18/01/2024,4,381
18/01/2024,5,678
18/01/2024,6,1562
18/01/2024,7,3057
18/01/2024,8,5699
18/01/2024,9,3083
18/01/2024,10,2180
18/01/2024,11,2661
18/01/2024,12,3161
18/01/2024,13,3365
18/01/2024,14,3555
18/01/2024,15,4082
18/01/2024,16,4815
18/01/2024,17,7152
18/01/2024,18,9072
18/01/2024,19,5548
18/01/2024,20,4413
18/01/2024,21,4174
18/01/2024,22,3489
18/01/2024,23,2189
18/02/2022,0,648
18/02/2022,1,499
18/02/2022,2,331
18/02/2022,3,235
18/02/2022,4,194
18/02/2022,5,434
18/02/2022,6,893
18/02/2022,7,2315
18/02/2022,8,4646
18/02/2022,9,2538
18/02/2022,10,2076
18/02/2022,11,2394
18/02/2022,12,2838
18/02/2022,13,3019
18/02/2022,14,3017
18/02/2022,15,3417
18/02/2022,16,3888
18/02/2022,17,5172
18/02/2022,18,6175
18/02/2022,19,3638
18/02/2022,20,2840
18/02/2022,21,2870
18/02/2022,22,1809
18/02/2022,23,1064
18/02/2023,0,2380
18/02/2023,1,1852
18/02/2023,2,1299
18/02/2023,3,836
18/02/2023,4,570
18/02/2023,5,602
18/02/2023,6,808
18/02/2023,7,1281
18/02/2023,8,2431
18/02/2023,9,3191
18/02/2023,10,3415
18/02/2023,11,3763
18/02/2023,12,4590
18/02/2023,13,4849
18/02/2023,14,4766
18/02/2023,15,4974
18/02/2023,16,5184
18/02/2023,17,5074
18/02/2023,18,4563
18/02/2023,19,3742
18/02/2023,20,3327
18/02/2023,21,3348
18/02/2023,22,3132
18/02/2023,23,2442
18/02/2024,0,2099
18/02/2024,1,1447
18/02/2024,2,1046
18/02/2024,3,755
18/02/2024,4,473
18/02/2024,5,454
18/02/2024,6,682
18/02/2024,7,1109
18/02/2024,8,2041
18/02/2024,9,2820
18/02/2024,10,3390
18/02/2024,11,3772
18/02/2024,12,4494
18/02/2024,13,4810
18/02/2024,14,4437
18/02/2024,15,1951
18/02/2024,16,1236
18/02/2024,17,436
18/02/2024,18,460
18/02/2024,19,389
18/02/2024,20,416
18/02/2024,21,183
18/02/2024,22,98
18/02/2024,23,95
18/03/2022,0,696
18/03/2022,1,455
18/03/2022,2,389
18/03/2022,3,280
18/03/2022,4,260
18/03/2022,5,584
18/03/2022,6,1400
18/03/2022,7,4000
18/03/2022,8,6829
18/03/2022,9,3600
18/03/2022,10,2766
18/03/2022,11,3318
18/03/2022,12,3742
18/03/2022,13,3635
18/03/2022,14,3581
18/03/2022,15,3939
18/03/2022,16,4925
18/03/2022,17,6735
18/03/2022,18,8592
18/03/2022,19,4961
18/03/2022,20,3835
18/03/2022,21,3532
18/03/2022,22,3299
18/03/2022,23,2496
18/03/2023,0,2974
18/03/2023,1,2362
18/03/2023,2,1513
18/03/2023,3,967
18/03/2023,4,641
18/03/2023,5,692
18/03/2023,6,1067
18/03/2023,7,1882
18/03/2023,8,3632
18/03/2023,9,4833
18/03/2023,10,5453
18/03/2023,11,6071
18/03/2023,12,7299
18/03/2023,13,7981
18/03/2023,14,8756
18/03/2023,15,9531
18/03/2023,16,9919
18/03/2023,17,9053
18/03/2023,18,7329
18/03/2023,19,5477
18/03/2023,20,4909
18/03/2023,21,4816
18/03/2023,22,4192
18/03/2023,23,3268
18/03/2024,0,1412
18/03/2024,1,832
18/03/2024,2,582
18/03/2024,3,418
18/03/2024,4,472
18/03/2024,5,1246
18/03/2024,6,3100
18/03/2024,7,8059
18/03/2024,8,11480
18/03/2024,9,5579
18/03/2024,10,4006
18/03/2024,11,4502
18/03/2024,12,5050
18/03/2024,13,4971
18/03/2024,14,5047
18/03/2024,15,6168
18/03/2024,16,7706
18/03/2024,17,10677
18/03/2024,18,14571
18/03/2024,19,8315
18/03/2024,20,6223
18/03/2024,21,5729
18/03/2024,22,4780
18/03/2024,23,2688
18/04/2022,0,2818
18/04/2022,1,1246
18/04/2022,2,662
18/04/2022,3,441
18/04/2022,4,434
18/04/2022,5,1031
18/04/2022,6,2563
18/04/2022,7,7099
18/04/2022,8,11091
18/04/2022,9,5517
18/04/2022,10,3936
18/04/2022,11,4921
18/04/2022,12,5659
18/04/2022,13,5556
18/04/2022,14,5916
18/04/2022,15,6661
18/04/2022,16,8538
18/04/2022,17,11923
18/04/2022,18,17333
18/04/2022,19,10581
18/04/2022,20,8572
18/04/2022,21,7335
18/04/2022,22,5885
18/04/2022,23,3494
18/04/2023,0,2774
18/04/2023,1,1947
18/04/2023,2,1234
18/04/2023,3,802
18/04/2023,4,536
18/04/2023,5,910
18/04/2023,6,910
18/04/2023,7,1446
18/04/2023,8,1653
18/04/2023,9,776
18/04/2023,10,637
18/04/2023,11,1319
18/04/2023,12,2078
18/04/2023,13,3594
18/04/2023,14,4690
18/04/2023,15,5936
18/04/2023,16,9112
18/04/2023,17,11964
18/04/2023,18,16124
18/04/2023,19,10602
18/04/2023,20,8653
18/04/2023,21,8106
18/04/2023,22,6434
18/04/2023,23,3827
18/04/2024,0,2890
18/04/2024,1,2077
18/04/2024,2,1289
18/04/2024,3,863
18/04/2024,4,681
18/04/2024,5,1567
18/04/2024,6,4112
18/04/2024,7,10965
18/04/2024,8,15029
18/04/2024,9,7389
18/04/2024,10,5093
18/04/2024,11,5932
18/04/2024,12,6454
18/04/2024,13,6179
18/04/2024,14,6098
18/04/2024,15,7089
18/04/2024,16,10203
18/04/2024,17,14472
18/04/2024,18,19296
18/04/2024,19,12152
18/04/2024,20,9833
18/04/2024,21,8915
18/04/2024,22,7545
18/04/2024,23,4328
18/05/2022,0,3609
18/05/2022,1,2186
18/05/2022,2,1338
18/05/2022,3,836
18/05/2022,4,722
18/05/2022,5,1475
18/05/2022,6,3550
18/05/2022,7,9141
18/05/2022,8,6850
18/05/2022,9,599
18/05/2022,10,1922
18/05/2022,11,4128
18/05/2022,12,5571
18/05/2022,13,5832
18/05/2022,14,6146
18/05/2022,15,7024
18/05/2022,16,9410
18/05/2022,17,13822
18/05/2022,18,18172
18/05/2022,19,12459
18/05/2022,20,10091
18/05/2022,21,9573
18/05/2022,22,8220
18/05/2022,23,5140
18/05/2023,0,3586
18/05/2023,1,2482
18/05/2023,2,1565
18/05/2023,3,1007
18/05/2023,4,763
18/05/2023,5,1721
18/05/2023,6,4223
18/05/2023,7,11482
18/05/2023,8,16253
18/05/2023,9,8044
18/05/2023,10,5425
18/05/2023,11,6359
18/05/2023,12,6727
18/05/2023,13,5978
18/05/2023,14,3246
18/05/2023,15,5086
18/05/2023,16,9255
18/05/2023,17,14130
18/05/2023,18,19651
18/05/2023,19,12905
18/05/2023,20,11002
18/05/2023,21,10270
18/05/2023,22,8755
18/05/2023,23,5320
18/05/2024,0,4111
18/05/2024,1,2972
18/05/2024,2,1904
18/05/2024,3,1290
18/05/2024,4,958
18/05/2024,5,1248
18/05/2024,6,2068
18/05/2024,7,3465
18/05/2024,8,5560
18/05/2024,9,6905
18/05/2024,10,7546
18/05/2024,11,8093
18/05/2024,12,9111
18/05/2024,13,9934
18/05/2024,14,10214
18/05/2024,15,11026
18/05/2024,16,12166
18/05/2024,17,13210
18/05/2024,18,13149
18/05/2024,19,11652
18/05/2024,20,10395
18/05/2024,21,9520
18/05/2024,22,7971
18/05/2024,23,5577
18/06/2022,0,5404
18/06/2022,1,4140
18/06/2022,2,2881
18/06/2022,3,1693
18/06/2022,4,1095
18/06/2022,5,1150
18/06/2022,6,1797
18/06/2022,7,2927
18/06/2022,8,4755
18/06/2022,9,5791
18/06/2022,10,6367
18/06/2022,11,7244
18/06/2022,12,8249
18/06/2022,13,8551
18/06/2022,14,8331
18/06/2022,15,9387
18/06/2022,16,10211
18/06/2022,17,10974
18/06/2022,18,10340
18/06/2022,19,8866
18/06/2022,20,9142
18/06/2022,21,9217
18/06/2022,22,8290
18/06/2022,23,6324
18/06/2023,0,5191
18/06/2023,1,3607
18/06/2023,2,2486
18/06/2023,3,1619
18/06/2023,4,1003
18/06/2023,5,1096
18/06/2023,6,1663
18/06/2023,7,2562
18/06/2023,8,3883
18/06/2023,9,4975
18/06/2023,10,5598
18/06/2023,11,5967
18/06/2023,12,6668
18/06/2023,13,7063
18/06/2023,14,6810
18/06/2023,15,7266
18/06/2023,16,8151
18/06/2023,17,9358
18/06/2023,18,10612
18/06/2023,19,10888
18/06/2023,20,11310
18/06/2023,21,9780
18/06/2023,22,7692
18/06/2023,23,5084
18/06/2024,0,3367
18/06/2024,1,2263
18/06/2024,2,1516
18/06/2024,3,1052
18/06/2024,4,1004
18/06/2024,5,2312
18/06/2024,6,5419
18/06/2024,7,13233
18/06/2024,8,16543
18/06/2024,9,7700
18/06/2024,10,5084
18/06/2024,11,5661
18/06/2024,12,5868
18/06/2024,13,5465
18/06/2024,14,5355
18/06/2024,15,5907
18/06/2024,16,9680
18/06/2024,17,14745
18/06/2024,18,20734
18/06/2024,19,14126
18/06/2024,20,12190
18/06/2024,21,11327
18/06/2024,22,9281
18/06/2024,23,5205
18/07/2022,0,3530
18/07/2022,1,2057
18/07/2022,2,1191
18/07/2022,3,815
18/07/2022,4,823
18/07/2022,5,1700
18/07/2022,6,3883
18/07/2022,7,9315
18/07/2022,8,13127
18/07/2022,9,6469
18/07/2022,10,4418
18/07/2022,11,5281
18/07/2022,12,5599
18/07/2022,13,5508
18/07/2022,14,5659
18/07/2022,15,6215
18/07/2022,16,7885
18/07/2022,17,12844
18/07/2022,18,19400
18/07/2022,19,13766
18/07/2022,20,12209
18/07/2022,21,10947
18/07/2022,22,8834
18/07/2022,23,5359
18/07/2023,0,1789
18/07/2023,1,1058
18/07/2023,2,867
18/07/2023,3,700
18/07/2023,4,593
18/07/2023,5,1119
18/07/2023,6,2106
18/07/2023,7,6234
18/07/2023,8,5621
18/07/2023,9,1188
18/07/2023,10,431
18/07/2023,11,498
18/07/2023,12,964
18/07/2023,13,2231
18/07/2023,14,3989
18/07/2023,15,5605
18/07/2023,16,7224
18/07/2023,17,11804
18/07/2023,18,17038
18/07/2023,19,12628
18/07/2023,20,10998
18/07/2023,21,10071
18/07/2023,22,8423
18/07/2023,23,5008
18/07/2024,0,564
18/07/2024,1,677
18/07/2024,2,528
18/07/2024,3,321
18/07/2024,4,76
18/07/2024,5,119
18/07/2024,6,165
18/07/2024,7,278
18/07/2024,8,667
18/07/2024,9,221
18/07/2024,10,133
18/07/2024,11,163
18/07/2024,12,133
18/07/2024,13,114
18/07/2024,14,118
18/07/2024,15,339
18/07/2024,16,1721
18/07/2024,17,4518
18/07/2024,18,8149
18/07/2024,19,6106
18/07/2024,20,5186
18/07/2024,21,5080
18/07/2024,22,4663
18/07/2024,23,2828
18/08/2022,0,3578
18/08/2022,1,2487
18/08/2022,2,1531
18/08/2022,3,982
18/08/2022,4,790
18/08/2022,5,1591
18/08/2022,6,3562
18/08/2022,7,9050
18/08/2022,8,12575
18/08/2022,9,6508
18/08/2022,10,4597
18/08/2022,11,5354
18/08/2022,12,5642
18/08/2022,13,5220
18/08/2022,14,5350
18/08/2022,15,6135
18/08/2022,16,8748
18/08/2022,17,12566
18/08/2022,18,18271
18/08/2022,19,12971
18/08/2022,20,10831
18/08/2022,21,10017
18/08/2022,22,8644
18/08/2022,23,5195
18/08/2023,0,3631
18/08/2023,1,2421
18/08/2023,2,1556
18/08/2023,3,1121
18/08/2023,4,929
18/08/2023,5,1964
18/08/2023,6,4593
18/08/2023,7,10868
18/08/2023,8,13710
18/08/2023,9,6911
18/08/2023,10,4610
18/08/2023,11,5419
18/08/2023,12,5636
18/08/2023,13,5140
18/08/2023,14,5524
18/08/2023,15,6937
18/08/2023,16,8522
18/08/2023,17,12311
18/08/2023,18,15208
18/08/2023,19,10926
18/08/2023,20,9990
18/08/2023,21,9403
18/08/2023,22,8752
18/08/2023,23,5614
18/08/2024,0,3322
18/08/2024,1,2195
18/08/2024,2,1447
18/08/2024,3,1047
18/08/2024,4,752
18/08/2024,5,983
18/08/2024,6,1609
18/08/2024,7,2301
18/08/2024,8,3044
18/08/2024,9,3568
18/08/2024,10,3872
18/08/2024,11,4025
18/08/2024,12,4548
18/08/2024,13,4369
18/08/2024,14,4595
18/08/2024,15,5093
18/08/2024,16,5940
18/08/2024,17,7190
18/08/2024,18,7855
18/08/2024,19,7700
18/08/2024,20,5404
18/08/2024,21,5100
18/08/2024,22,4497
18/08/2024,23,3052
18/09/2022,0,5861
18/09/2022,1,3832
18/09/2022,2,2522
18/09/2022,3,1639
18/09/2022,4,1020
18/09/2022,5,910
18/09/2022,6,1389
18/09/2022,7,2364
18/09/2022,8,3589
18/09/2022,9,4827
18/09/2022,10,5690
18/09/2022,11,6143
18/09/2022,12,7199
18/09/2022,13,7937
18/09/2022,14,8045
18/09/2022,15,8648
18/09/2022,16,9546
18/09/2022,17,11438
18/09/2022,18,12529
18/09/2022,19,11173
18/09/2022,20,9843
18/09/2022,21,8984
18/09/2022,22,7062
18/09/2022,23,4670
18/09/2023,0,3120
18/09/2023,1,1776
18/09/2023,2,1115
18/09/2023,3,874
18/09/2023,4,908
18/09/2023,5,2113
18/09/2023,6,5134
18/09/2023,7,12898
18/09/2023,8,16855
18/09/2023,9,8091
18/09/2023,10,5523
18/09/2023,11,6282
18/09/2023,12,6631
18/09/2023,13,6277
18/09/2023,14,6259
18/09/2023,15,7764
18/09/2023,16,10839
18/09/2023,17,16769
18/09/2023,18,24042
18/09/2023,19,15981
18/09/2023,20,13674
18/09/2023,21,12087
18/09/2023,22,9721
18/09/2023,23,5610
18/09/2024,0,2898
18/09/2024,1,1854
18/09/2024,2,1253
18/09/2024,3,866
18/09/2024,4,721
18/09/2024,5,746
18/09/2024,6,1247
18/09/2024,7,2088
18/09/2024,8,2752
18/09/2024,9,3511
18/09/2024,10,3822
18/09/2024,11,4150
18/09/2024,12,4578
18/09/2024,13,4832
18/09/2024,14,5131
18/09/2024,15,5531
18/09/2024,16,6570
18/09/2024,17,8084
18/09/2024,18,9031
18/09/2024,19,8695
18/09/2024,20,8223
18/09/2024,21,7103
18/09/2024,22,4903
18/09/2024,23,2777
18/10/2022,0,2506
18/10/2022,1,1728
18/10/2022,2,1061
18/10/2022,3,615
18/10/2022,4,539
18/10/2022,5,1270
18/10/2022,6,3153
18/10/2022,7,9199
18/10/2022,8,14600
18/10/2022,9,7218
18/10/2022,10,4893
18/10/2022,11,5726
18/10/2022,12,6291
18/10/2022,13,6014
18/10/2022,14,5955
18/10/2022,15,6654
18/10/2022,16,9162
18/10/2022,17,12612
18/10/2022,18,16737
18/10/2022,19,10455
18/10/2022,20,8492
18/10/2022,21,7452
18/10/2022,22,6285
18/10/2022,23,3711
18/10/2023,0,3056
18/10/2023,1,1930
18/10/2023,2,1234
18/10/2023,3,902
18/10/2023,4,779
18/10/2023,5,1743
18/10/2023,6,4265
18/10/2023,7,11862
18/10/2023,8,17609
18/10/2023,9,8999
18/10/2023,10,6314
18/10/2023,11,7320
18/10/2023,12,7992
18/10/2023,13,7556
18/10/2023,14,7637
18/10/2023,15,8749
18/10/2023,16,11270
18/10/2023,17,16561
18/10/2023,18,20735
18/10/2023,19,13401
18/10/2023,20,10801
18/10/2023,21,9951
18/10/2023,22,8291
18/10/2023,23,4967
18/10/2024,0,3191
18/10/2024,1,2151
18/10/2024,2,1391
18/10/2024,3,1026
18/10/2024,4,904
18/10/2024,5,1832
18/10/2024,6,3666
18/10/2024,7,10825
18/10/2024,8,15290
18/10/2024,9,3746
18/10/2024,10,1488
18/10/2024,11,1292
18/10/2024,12,247
18/10/2024,13,121
18/10/2024,14,112
18/10/2024,15,234
18/10/2024,16,1770
18/10/2024,17,4905
18/10/2024,18,7579
18/10/2024,19,5387
18/10/2024,20,2559
18/10/2024,21,3152
18/10/2024,22,3286
18/10/2024,23,2530
18/11/2022,0,3087
18/11/2022,1,2009
18/11/2022,2,1349
18/11/2022,3,797
18/11/2022,4,685
18/11/2022,5,1167
18/11/2022,6,2595
18/11/2022,7,6792
18/11/2022,8,13349
18/11/2022,9,7071
18/11/2022,10,5335
18/11/2022,11,6279
18/11/2022,12,7119
18/11/2022,13,6963
18/11/2022,14,7226
18/11/2022,15,7934
18/11/2022,16,9514
18/11/2022,17,12997
18/11/2022,18,15288
18/11/2022,19,9456
18/11/2022,20,7676
18/11/2022,21,6779
18/11/2022,22,6397
18/11/2022,23,4438
18/11/2023,0,1794
18/11/2023,1,1394
18/11/2023,2,971
18/11/2023,3,641
18/11/2023,4,505
18/11/2023,5,634
18/11/2023,6,1032
18/11/2023,7,1640
18/11/2023,8,3027
18/11/2023,9,3692
18/11/2023,10,3885
18/11/2023,11,4225
18/11/2023,12,4824
18/11/2023,13,5139
18/11/2023,14,4987
18/11/2023,15,5180
18/11/2023,16,5457
18/11/2023,17,5396
18/11/2023,18,4446
18/11/2023,19,3569
18/11/2023,20,3189
18/11/2023,21,3181
18/11/2023,22,2913
18/11/2023,23,2301
18/11/2024,0,1373
18/11/2024,1,833
18/11/2024,2,528
18/11/2024,3,456
18/11/2024,4,494
18/11/2024,5,1336
18/11/2024,6,2902
18/11/2024,7,7874
18/11/2024,8,11477
18/11/2024,9,5206
18/11/2024,10,3416
18/11/2024,11,3908
18/11/2024,12,4311
18/11/2024,13,4289
18/11/2024,14,4367
18/11/2024,15,5342
18/11/2024,16,6503
18/11/2024,17,9539
18/11/2024,18,11815
18/11/2024,19,7257
18/11/2024,20,5452
18/11/2024,21,4743
18/11/2024,22,4004
18/11/2024,23,2254
18/12/2022,0,1029
18/12/2022,1,733
18/12/2022,2,524
18/12/2022,3,389
18/12/2022,4,255
18/12/2022,5,210
18/12/2022,6,247
18/12/2022,7,479
18/12/2022,8,805
18/12/2022,9,1093
18/12/2022,10,1258
18/12/2022,11,1404
18/12/2022,12,1537
18/12/2022,13,1721
18/12/2022,14,1731
18/12/2022,15,1686
18/12/2022,16,1786
18/12/2022,17,1798
18/12/2022,18,1486
18/12/2022,19,1199
18/12/2022,20,1101
18/12/2022,21,1105
18/12/2022,22,1005
18/12/2022,23,887
18/12/2023,0,735
18/12/2023,1,542
18/12/2023,2,345
18/12/2023,3,303
18/12/2023,4,355
18/12/2023,5,786
18/12/2023,6,1771
18/12/2023,7,4031
18/12/2023,8,6478
18/12/2023,9,3093
18/12/2023,10,2071
18/12/2023,11,2252
18/12/2023,12,2337
18/12/2023,13,2506
18/12/2023,14,2549
18/12/2023,15,2919
18/12/2023,16,3573
18/12/2023,17,5198
18/12/2023,18,6644
18/12/2023,19,3939
18/12/2023,20,3072
18/12/2023,21,2861
18/12/2023,22,2427
18/12/2023,23,1462
18/12/2024,0,1359
18/12/2024,1,1012
18/12/2024,2,677
18/12/2024,3,518
18/12/2024,4,428
18/12/2024,5,986
18/12/2024,6,2173
18/12/2024,7,5526
18/12/2024,8,8663
18/12/2024,9,3976
18/12/2024,10,2534
18/12/2024,11,2768
18/12/2024,12,3172
18/12/2024,13,2971
18/12/2024,14,3181
18/12/2024,15,3536
18/12/2024,16,4310
18/12/2024,17,6119
18/12/2024,18,7416
18/12/2024,19,4316
18/12/2024,20,3288
18/12/2024,21,3038
18/12/2024,22,2566
18/12/2024,23,1602
19/01/2022,0,663
19/01/2022,1,490
19/01/2022,2,332
19/01/2022,3,235
19/01/2022,4,225
19/01/2022,5,438
19/01/2022,6,1030
19/01/2022,7,2548
19/01/2022,8,5074
19/01/2022,9,1773
19/01/2022,10,567
19/01/2022,11,509
19/01/2022,12,563
19/01/2022,13,530
19/01/2022,14,504
19/01/2022,15,744
19/01/2022,16,1067
19/01/2022,17,1779
19/01/2022,18,2519
19/01/2022,19,1548
19/01/2022,20,1206
19/01/2022,21,1364
19/01/2022,22,889
19/01/2022,23,501
19/01/2023,0,1425
19/01/2023,1,1068
19/01/2023,2,749
19/01/2023,3,431
19/01/2023,4,369
19/01/2023,5,740
19/01/2023,6,1587
19/01/2023,7,3731
19/01/2023,8,7323
19/01/2023,9,3758
19/01/2023,10,2405
19/01/2023,11,2829
19/01/2023,12,3227
19/01/2023,13,3119
19/01/2023,14,3269
19/01/2023,15,3396
19/01/2023,16,4087
19/01/2023,17,5668
19/01/2023,18,7401
19/01/2023,19,4239
19/01/2023,20,2819
19/01/2023,21,2277
19/01/2023,22,1872
19/01/2023,23,570
19/01/2024,0,1789
19/01/2024,1,1304
19/01/2024,2,904
19/01/2024,3,607
19/01/2024,4,560
19/01/2024,5,1007
19/01/2024,6,2221
19/01/2024,7,4794
19/01/2024,8,8600
19/01/2024,9,4404
19/01/2024,10,3119
19/01/2024,11,3799
19/01/2024,12,4180
19/01/2024,13,4047
19/01/2024,14,4129
19/01/2024,15,4562
19/01/2024,16,5455
19/01/2024,17,7774
19/01/2024,18,9176
19/01/2024,19,5289
19/01/2024,20,3872
19/01/2024,21,3504
19/01/2024,22,3226
19/01/2024,23,2210
19/02/2022,0,868
19/02/2022,1,607
19/02/2022,2,476
19/02/2022,3,287
19/02/2022,4,272
19/02/2022,5,330
19/02/2022,6,461
19/02/2022,7,843
19/02/2022,8,1671
19/02/2022,9,2186
19/02/2022,10,2372
19/02/2022,11,2809
19/02/2022,12,3341
19/02/2022,13,3610
19/02/2022,14,3514
19/02/2022,15,3436
19/02/2022,16,3166
19/02/2022,17,1957
19/02/2022,18,1699
19/02/2022,19,1377
19/02/2022,20,1240
19/02/2022,21,1293
19/02/2022,22,1125
19/02/2022,23,712
19/02/2023,0,2400
19/02/2023,1,1520
19/02/2023,2,1174
19/02/2023,3,719
19/02/2023,4,487
19/02/2023,5,279
19/02/2023,6,246
19/02/2023,7,382
19/02/2023,8,877
19/02/2023,9,1346
19/02/2023,10,2087
19/02/2023,11,2866
19/02/2023,12,3748
19/02/2023,13,4307
19/02/2023,14,4534
19/02/2023,15,4980
19/02/2023,16,4861
19/02/2023,17,4657
19/02/2023,18,3922
19/02/2023,19,3020
19/02/2023,20,2692
19/02/2023,21,2678
19/02/2023,22,2228
19/02/2023,23,1590
19/02/2024,0,139
19/02/2024,1,100
19/02/2024,2,122
19/02/2024,3,117
19/02/2024,4,134
19/02/2024,5,379
19/02/2024,6,1159
19/02/2024,7,1421
19/02/2024,8,2879
19/02/2024,9,1878
19/02/2024,10,1367
19/02/2024,11,1439
19/02/2024,12,1788
19/02/2024,13,1138
19/02/2024,14,1022
19/02/2024,15,1416
19/02/2024,16,1797
19/02/2024,17,2206
19/02/2024,18,4175
19/02/2024,19,3646
19/02/2024,20,3497
19/02/2024,21,3218
19/02/2024,22,2954
19/02/2024,23,1927
19/03/2022,0,1723
19/03/2022,1,983
19/03/2022,2,417
19/03/2022,3,60
19/03/2022,4,35
19/03/2022,5,33
19/03/2022,6,50
19/03/2022,7,74
19/03/2022,8,116
19/03/2022,9,113
19/03/2022,10,103
19/03/2022,11,138
19/03/2022,12,508
19/03/2022,13,1271
19/03/2022,14,1996
19/03/2022,15,2755
19/03/2022,16,3424
19/03/2022,17,3705
19/03/2022,18,3464
19/03/2022,19,2930
19/03/2022,20,2660
19/03/2022,21,2457
19/03/2022,22,2341
19/03/2022,23,2129
19/03/2023,0,2948
19/03/2023,1,1759
19/03/2023,2,1316
19/03/2023,3,853
19/03/2023,4,525
19/03/2023,5,549
19/03/2023,6,802
19/03/2023,7,1450
19/03/2023,8,2548
19/03/2023,9,3783
19/03/2023,10,4511
19/03/2023,11,5728
19/03/2023,12,7068
19/03/2023,13,8204
19/03/2023,14,9390
19/03/2023,15,10191
19/03/2023,16,10402
19/03/2023,17,9726
19/03/2023,18,7850
19/03/2023,19,5588
19/03/2023,20,4944
19/03/2023,21,4498
19/03/2023,22,3535
19/03/2023,23,2458
19/03/2024,0,1919
19/03/2024,1,1336
19/03/2024,2,831
19/03/2024,3,549
19/03/2024,4,555
19/03/2024,5,1262
19/03/2024,6,3369
19/03/2024,7,7818
19/03/2024,8,11784
19/03/2024,9,5584
19/03/2024,10,3047
19/03/2024,11,2035
19/03/2024,12,3054
19/03/2024,13,3644
19/03/2024,14,3957
19/03/2024,15,4397
19/03/2024,16,6397
19/03/2024,17,8844
19/03/2024,18,10978
19/03/2024,19,6238
19/03/2024,20,4731
19/03/2024,21,4481
19/03/2024,22,3777
19/03/2024,23,2083
19/04/2022,0,2618
19/04/2022,1,1657
19/04/2022,2,1087
19/04/2022,3,685
19/04/2022,4,560
19/04/2022,5,1088
19/04/2022,6,2686
19/04/2022,7,7661
19/04/2022,8,12323
19/04/2022,9,6086
19/04/2022,10,4366
19/04/2022,11,5424
19/04/2022,12,6054
19/04/2022,13,5624
19/04/2022,14,5758
19/04/2022,15,6480
19/04/2022,16,8643
19/04/2022,17,12100
19/04/2022,18,17195
19/04/2022,19,10583
19/04/2022,20,8356
19/04/2022,21,7383
19/04/2022,22,6265
19/04/2022,23,3747
19/04/2023,0,2753
19/04/2023,1,2033
19/04/2023,2,1159
19/04/2023,3,842
19/04/2023,4,662
19/04/2023,5,1400
19/04/2023,6,3552
19/04/2023,7,10325
19/04/2023,8,15216
19/04/2023,9,7749
19/04/2023,10,5479
19/04/2023,11,6688
19/04/2023,12,7404
19/04/2023,13,6960
19/04/2023,14,6974
19/04/2023,15,7844
19/04/2023,16,10641
19/04/2023,17,15423
19/04/2023,18,20898
19/04/2023,19,13316
19/04/2023,20,10782
19/04/2023,21,9572
19/04/2023,22,8193
19/04/2023,23,4881
19/04/2024,0,3117
19/04/2024,1,2122
19/04/2024,2,1345
19/04/2024,3,1009
19/04/2024,4,774
19/04/2024,5,1578
19/04/2024,6,4012
19/04/2024,7,10765
19/04/2024,8,15178
19/04/2024,9,7587
19/04/2024,10,5441
19/04/2024,11,6598
19/04/2024,12,7143
19/04/2024,13,7004
19/04/2024,14,7278
19/04/2024,15,8956
19/04/2024,16,10707
19/04/2024,17,15353
19/04/2024,18,18522
19/04/2024,19,11668
19/04/2024,20,9154
19/04/2024,21,8441
19/04/2024,22,7744
19/04/2024,23,5112
19/05/2022,0,3935
19/05/2022,1,2379
19/05/2022,2,1415
19/05/2022,3,955
19/05/2022,4,716
19/05/2022,5,1473
19/05/2022,6,3593
19/05/2022,7,9572
19/05/2022,8,14399
19/05/2022,9,7165
19/05/2022,10,5021
19/05/2022,11,5891
19/05/2022,12,6535
19/05/2022,13,6185
19/05/2022,14,6309
19/05/2022,15,7101
19/05/2022,16,9941
19/05/2022,17,14072
19/05/2022,18,18981
19/05/2022,19,12344
19/05/2022,20,10462
19/05/2022,21,9567
19/05/2022,22,8184
19/05/2022,23,5132
19/05/2023,0,3640
19/05/2023,1,2588
19/05/2023,2,1663
19/05/2023,3,1033
19/05/2023,4,909
19/05/2023,5,1747
19/05/2023,6,4272
19/05/2023,7,11303
19/05/2023,8,16395
19/05/2023,9,8332
19/05/2023,10,6091
19/05/2023,11,7119
19/05/2023,12,7627
19/05/2023,13,7318
19/05/2023,14,7537
19/05/2023,15,9152
19/05/2023,16,11415
19/05/2023,17,16689
19/05/2023,18,20992
19/05/2023,19,14485
19/05/2023,20,11967
19/05/2023,21,10975
19/05/2023,22,10087
19/05/2023,23,6714
19/05/2024,0,4496
19/05/2024,1,2878
19/05/2024,2,1868
19/05/2024,3,1274
19/05/2024,4,940
19/05/2024,5,969
19/05/2024,6,1719
19/05/2024,7,2835
19/05/2024,8,4023
19/05/2024,9,5290
19/05/2024,10,6339
19/05/2024,11,6999
19/05/2024,12,8048
19/05/2024,13,9063
19/05/2024,14,9350
19/05/2024,15,10338
19/05/2024,16,11172
19/05/2024,17,12472
19/05/2024,18,12269
19/05/2024,19,11301
19/05/2024,20,9995
19/05/2024,21,8337
19/05/2024,22,6267
19/05/2024,23,3953
19/06/2022,0,5584
19/06/2022,1,3816
19/06/2022,2,2774
19/06/2022,3,1712
19/06/2022,4,1121
19/06/2022,5,928
19/06/2022,6,1326
19/06/2022,7,2049
19/06/2022,8,3052
19/06/2022,9,4182
19/06/2022,10,5100
19/06/2022,11,5947
19/06/2022,12,7419
19/06/2022,13,8320
19/06/2022,14,8934
19/06/2022,15,9745
19/06/2022,16,10363
19/06/2022,17,10858
19/06/2022,18,10475
19/06/2022,19,9843
19/06/2022,20,9531
19/06/2022,21,8700
19/06/2022,22,6956
19/06/2022,23,4716
19/06/2023,0,3522
19/06/2023,1,2113
19/06/2023,2,1362
19/06/2023,3,925
19/06/2023,4,898
19/06/2023,5,2181
19/06/2023,6,5087
19/06/2023,7,12336
19/06/2023,8,15290
19/06/2023,9,7353
19/06/2023,10,4936
19/06/2023,11,5601
19/06/2023,12,5750
19/06/2023,13,5388
19/06/2023,14,5027
19/06/2023,15,6499
19/06/2023,16,9158
19/06/2023,17,14100
19/06/2023,18,21239
19/06/2023,19,14168
19/06/2023,20,12719
19/06/2023,21,11438
19/06/2023,22,9283
19/06/2023,23,5504
19/06/2024,0,3680
19/06/2024,1,2367
19/06/2024,2,1521
19/06/2024,3,1073
19/06/2024,4,977
19/06/2024,5,2280
19/06/2024,6,5448
19/06/2024,7,13130
19/06/2024,8,16142
19/06/2024,9,7723
19/06/2024,10,5031
19/06/2024,11,5474
19/06/2024,12,5589
19/06/2024,13,5221
19/06/2024,14,5087
19/06/2024,15,6252
19/06/2024,16,8601
19/06/2024,17,13621
19/06/2024,18,19200
19/06/2024,19,13109
19/06/2024,20,11235
19/06/2024,21,10428
19/06/2024,22,8702
19/06/2024,23,5088
19/07/2022,0,3584
19/07/2022,1,2377
19/07/2022,2,1553
19/07/2022,3,948
19/07/2022,4,818
19/07/2022,5,1847
19/07/2022,6,3931
19/07/2022,7,9585
19/07/2022,8,13679
19/07/2022,9,6929
19/07/2022,10,4843
19/07/2022,11,5441
19/07/2022,12,5911
19/07/2022,13,5377
19/07/2022,14,5147
19/07/2022,15,5878
19/07/2022,16,7687
19/07/2022,17,12564
19/07/2022,18,19080
19/07/2022,19,13934
19/07/2022,20,12111
19/07/2022,21,10987
19/07/2022,22,9157
19/07/2022,23,5546
19/07/2023,0,3377
19/07/2023,1,2210
19/07/2023,2,1467
19/07/2023,3,1034
19/07/2023,4,853
19/07/2023,5,1865
19/07/2023,6,4316
19/07/2023,7,10437
19/07/2023,8,14898
19/07/2023,9,7554
19/07/2023,10,5203
19/07/2023,11,5757
19/07/2023,12,6090
19/07/2023,13,5731
19/07/2023,14,5558
19/07/2023,15,6180
19/07/2023,16,7778
19/07/2023,17,13255
19/07/2023,18,18858
19/07/2023,19,13410
19/07/2023,20,11852
19/07/2023,21,10872
19/07/2023,22,9186
19/07/2023,23,5485
19/07/2024,0,2070
19/07/2024,1,1360
19/07/2024,2,1020
19/07/2024,3,749
19/07/2024,4,688
19/07/2024,5,1655
19/07/2024,6,3868
19/07/2024,7,9387
19/07/2024,8,13092
19/07/2024,9,6882
19/07/2024,10,5088
19/07/2024,11,5763
19/07/2024,12,6312
19/07/2024,13,6033
19/07/2024,14,6031
19/07/2024,15,6597
19/07/2024,16,8337
19/07/2024,17,12992
19/07/2024,18,17009
19/07/2024,19,11946
19/07/2024,20,9674
19/07/2024,21,9055
19/07/2024,22,7825
19/07/2024,23,5188
19/08/2022,0,3868
19/08/2022,1,2663
19/08/2022,2,1552
19/08/2022,3,1052
19/08/2022,4,813
19/08/2022,5,1559
19/08/2022,6,3558
19/08/2022,7,8913
19/08/2022,8,12608
19/08/2022,9,6661
19/08/2022,10,4953
19/08/2022,11,5756
19/08/2022,12,4095
19/08/2022,13,4251
19/08/2022,14,3855
19/08/2022,15,2612
19/08/2022,16,301
19/08/2022,17,1143
19/08/2022,18,3686
19/08/2022,19,2839
19/08/2022,20,1420
19/08/2022,21,1972
19/08/2022,22,1936
19/08/2022,23,1694
19/08/2023,0,4266
19/08/2023,1,3124
19/08/2023,2,2096
19/08/2023,3,1491
19/08/2023,4,1078
19/08/2023,5,1343
19/08/2023,6,2177
19/08/2023,7,3146
19/08/2023,8,5008
19/08/2023,9,5475
19/08/2023,10,5853
19/08/2023,11,6041
19/08/2023,12,6578
19/08/2023,13,6497
19/08/2023,14,6226
19/08/2023,15,6441
19/08/2023,16,7314
19/08/2023,17,8515
19/08/2023,18,9500
19/08/2023,19,9686
19/08/2023,20,9581
19/08/2023,21,9332
19/08/2023,22,7890
19/08/2023,23,5643
19/08/2024,0,2276
19/08/2024,1,1436
19/08/2024,2,958
19/08/2024,3,730
19/08/2024,4,829
19/08/2024,5,2037
19/08/2024,6,4583
19/08/2024,7,10276
19/08/2024,8,12420
19/08/2024,9,5907
19/08/2024,10,3916
19/08/2024,11,4370
19/08/2024,12,4503
19/08/2024,13,4141
19/08/2024,14,4169
19/08/2024,15,5388
19/08/2024,16,7126
19/08/2024,17,11127
19/08/2024,18,15663
19/08/2024,19,11374
19/08/2024,20,9889
19/08/2024,21,8828
19/08/2024,22,7162
19/08/2024,23,3895
19/09/2022,0,3397
19/09/2022,1,1928
19/09/2022,2,1141
19/09/2022,3,741
19/09/2022,4,772
19/09/2022,5,1601
19/09/2022,6,4051
19/09/2022,7,10654
19/09/2022,8,15093
19/09/2022,9,7533
19/09/2022,10,4911
19/09/2022,11,5779
19/09/2022,12,6026
19/09/2022,13,5750
19/09/2022,14,5820
19/09/2022,15,6999
19/09/2022,16,9967
19/09/2022,17,15094
19/09/2022,18,22128
19/09/2022,19,14976
19/09/2022,20,12591
19/09/2022,21,11259
19/09/2022,22,9410
19/09/2022,23,5581
19/09/2023,0,3625
19/09/2023,1,2319
19/09/2023,2,1465
19/09/2023,3,988
19/09/2023,4,956
19/09/2023,5,2261
19/09/2023,6,5274
19/09/2023,7,13484
19/09/2023,8,18251
19/09/2023,9,8841
19/09/2023,10,5741
19/09/2023,11,6598
19/09/2023,12,7130
19/09/2023,13,6682
19/09/2023,14,6701
19/09/2023,15,7678
19/09/2023,16,11405
19/09/2023,17,16843
19/09/2023,18,22329
19/09/2023,19,14905
19/09/2023,20,12721
19/09/2023,21,11442
19/09/2023,22,9634
19/09/2023,23,5612
19/09/2024,0,2104
19/09/2024,1,1340
19/09/2024,2,933
19/09/2024,3,707
19/09/2024,4,725
19/09/2024,5,1732
19/09/2024,6,4042
19/09/2024,7,10002
19/09/2024,8,13153
19/09/2024,9,6569
19/09/2024,10,4661
19/09/2024,11,5304
19/09/2024,12,5371
19/09/2024,13,5075
19/09/2024,14,5162
19/09/2024,15,6017
19/09/2024,16,8960
19/09/2024,17,12751
19/09/2024,18,17851
19/09/2024,19,11883
19/09/2024,20,9908
19/09/2024,21,9039
19/09/2024,22,7748
19/09/2024,23,4451
19/10/2022,0,2589
19/10/2022,1,1725
19/10/2022,2,1149
19/10/2022,3,694
19/10/2022,4,639
19/10/2022,5,1266
19/10/2022,6,3158
19/10/2022,7,9035
19/10/2022,8,15101
19/10/2022,9,7931
19/10/2022,10,5146
19/10/2022,11,6051
19/10/2022,12,6516
19/10/2022,13,6476
19/10/2022,14,6567
19/10/2022,15,7279
19/10/2022,16,9541
19/10/2022,17,13598
19/10/2022,18,17279
19/10/2022,19,10879
19/10/2022,20,8711
19/10/2022,21,7713
19/10/2022,22,6645
19/10/2022,23,3979
19/10/2023,0,3453
19/10/2023,1,2253
19/10/2023,2,1430
19/10/2023,3,1047
19/10/2023,4,831
19/10/2023,5,1731
19/10/2023,6,3255
19/10/2023,7,1983
19/10/2023,8,1842
19/10/2023,9,1837
19/10/2023,10,1566
19/10/2023,11,3026
19/10/2023,12,4042
19/10/2023,13,4733
19/10/2023,14,5301
19/10/2023,15,6197
19/10/2023,16,8782
19/10/2023,17,12023
19/10/2023,18,14761
19/10/2023,19,10063
19/10/2023,20,8822
19/10/2023,21,7967
19/10/2023,22,6899
19/10/2023,23,4353
19/10/2024,0,2440
19/10/2024,1,1929
19/10/2024,2,666
19/10/2024,3,637
19/10/2024,4,720
19/10/2024,5,917
19/10/2024,6,1404
19/10/2024,7,2675
19/10/2024,8,4436
19/10/2024,9,5903
19/10/2024,10,6593
19/10/2024,11,7403
19/10/2024,12,8577
19/10/2024,13,9037
19/10/2024,14,9234
19/10/2024,15,9939
19/10/2024,16,10328
19/10/2024,17,10915
19/10/2024,18,9094
19/10/2024,19,7307
19/10/2024,20,6613
19/10/2024,21,5717
19/10/2024,22,4912
19/10/2024,23,3449
19/11/2022,0,3622
19/11/2022,1,2652
19/11/2022,2,1747
19/11/2022,3,1204
19/11/2022,4,783
19/11/2022,5,859
19/11/2022,6,1278
19/11/2022,7,2123
19/11/2022,8,4102
19/11/2022,9,5306
19/11/2022,10,6142
19/11/2022,11,6822
19/11/2022,12,7569
19/11/2022,13,8316
19/11/2022,14,8771
19/11/2022,15,9755
19/11/2022,16,10085
19/11/2022,17,9457
19/11/2022,18,7930
19/11/2022,19,6634
19/11/2022,20,6275
19/11/2022,21,6103
19/11/2022,22,5225
19/11/2022,23,4054
19/11/2023,0,2033
19/11/2023,1,1545
19/11/2023,2,1143
19/11/2023,3,778
19/11/2023,4,553
19/11/2023,5,560
19/11/2023,6,774
19/11/2023,7,1284
19/11/2023,8,2272
19/11/2023,9,3191
19/11/2023,10,3726
19/11/2023,11,4279
19/11/2023,12,5270
19/11/2023,13,6065
19/11/2023,14,6642
19/11/2023,15,7023
19/11/2023,16,7393
19/11/2023,17,6621
19/11/2023,18,5494
19/11/2023,19,4348
19/11/2023,20,3920
19/11/2023,21,3838
19/11/2023,22,3438
19/11/2023,23,2389
19/11/2024,0,1730
19/11/2024,1,1151
19/11/2024,2,756
19/11/2024,3,591
19/11/2024,4,622
19/11/2024,5,1338
19/11/2024,6,3083
19/11/2024,7,8636
19/11/2024,8,13047
19/11/2024,9,6078
19/11/2024,10,3934
19/11/2024,11,4617
19/11/2024,12,4808
19/11/2024,13,4740
19/11/2024,14,4993
19/11/2024,15,5579
19/11/2024,16,7838
19/11/2024,17,10826
19/11/2024,18,13286
19/11/2024,19,7977
19/11/2024,20,6064
19/11/2024,21,5577
19/11/2024,22,4651
19/11/2024,23,2742
19/12/2022,0,713
19/12/2022,1,409
19/12/2022,2,280
19/12/2022,3,391
19/12/2022,4,272
19/12/2022,5,605
19/12/2022,6,1189
19/12/2022,7,2830
19/12/2022,8,5295
19/12/2022,9,2600
19/12/2022,10,1679
19/12/2022,11,1856
19/12/2022,12,2199
19/12/2022,13,2199
19/12/2022,14,2399
19/12/2022,15,2433
19/12/2022,16,3025
19/12/2022,17,4257
19/12/2022,18,5499
19/12/2022,19,3343
19/12/2022,20,2736
19/12/2022,21,2380
19/12/2022,22,1993
19/12/2022,23,1272
19/12/2023,0,1136
19/12/2023,1,951
19/12/2023,2,561
19/12/2023,3,414
19/12/2023,4,431
19/12/2023,5,905
19/12/2023,6,1972
19/12/2023,7,4798
19/12/2023,8,7695
19/12/2023,9,3506
19/12/2023,10,2385
19/12/2023,11,2720
19/12/2023,12,2940
19/12/2023,13,3074
19/12/2023,14,2785
19/12/2023,15,2483
19/12/2023,16,3546
19/12/2023,17,4851
19/12/2023,18,6871
19/12/2023,19,4557
19/12/2023,20,3041
19/12/2023,21,1975
19/12/2023,22,1638
19/12/2023,23,919
19/12/2024,0,1312
19/12/2024,1,1046
19/12/2024,2,713
19/12/2024,3,535
19/12/2024,4,464
19/12/2024,5,973
19/12/2024,6,2112
19/12/2024,7,5378
19/12/2024,8,8493
19/12/2024,9,3992
19/12/2024,10,2586
19/12/2024,11,2999
19/12/2024,12,3178
19/12/2024,13,3119
19/12/2024,14,3257
19/12/2024,15,3804
19/12/2024,16,4679
19/12/2024,17,6291
19/12/2024,18,7783
19/12/2024,19,4715
19/12/2024,20,3680
19/12/2024,21,3454
19/12/2024,22,2903
19/12/2024,23,1898
20/01/2022,0,452
20/01/2022,1,330
20/01/2022,2,228
20/01/2022,3,165
20/01/2022,4,163
20/01/2022,5,309
20/01/2022,6,683
20/01/2022,7,1703
20/01/2022,8,3595
20/01/2022,9,1829
20/01/2022,10,1287
20/01/2022,11,1641
20/01/2022,12,2043
20/01/2022,13,2066
20/01/2022,14,1997
20/01/2022,15,2241
20/01/2022,16,2496
20/01/2022,17,3635
20/01/2022,18,4777
20/01/2022,19,2896
20/01/2022,20,2207
20/01/2022,21,2511
20/01/2022,22,1492
20/01/2022,23,820
20/01/2023,0,766
20/01/2023,1,788
20/01/2023,2,546
20/01/2023,3,420
20/01/2023,4,337
20/01/2023,5,535
20/01/2023,6,1136
20/01/2023,7,2449
20/01/2023,8,4889
20/01/2023,9,2426
20/01/2023,10,1846
20/01/2023,11,2219
20/01/2023,12,2525
20/01/2023,13,2561
20/01/2023,14,2865
20/01/2023,15,3448
20/01/2023,16,4005
20/01/2023,17,4332
20/01/2023,18,4143
20/01/2023,19,2572
20/01/2023,20,2031
20/01/2023,21,1769
20/01/2023,22,1664
20/01/2023,23,1126
20/01/2024,0,1945
20/01/2024,1,1535
20/01/2024,2,1091
20/01/2024,3,793
20/01/2024,4,552
20/01/2024,5,619
20/01/2024,6,877
20/01/2024,7,1384
20/01/2024,8,2528
20/01/2024,9,3184
20/01/2024,10,3269
20/01/2024,11,3467
20/01/2024,12,3545
20/01/2024,13,3062
20/01/2024,14,2946
20/01/2024,15,2672
20/01/2024,16,1377
20/01/2024,17,852
20/01/2024,18,672
20/01/2024,19,694
20/01/2024,20,837
20/01/2024,21,1127
20/01/2024,22,1373
20/01/2024,23,1382
20/02/2022,0,542
20/02/2022,1,389
20/02/2022,2,237
20/02/2022,3,137
20/02/2022,4,137
20/02/2022,5,179
20/02/2022,6,253
20/02/2022,7,428
20/02/2022,8,857
20/02/2022,9,1238
20/02/2022,10,1444
20/02/2022,11,1719
20/02/2022,12,2163
20/02/2022,13,2403
20/02/2022,14,2569
20/02/2022,15,2663
20/02/2022,16,2749
20/02/2022,17,2514
20/02/2022,18,2090
20/02/2022,19,1647
20/02/2022,20,1317
20/02/2022,21,1297
20/02/2022,22,1171
20/02/2022,23,703
20/02/2023,0,1332
20/02/2023,1,866
20/02/2023,2,551
20/02/2023,3,413
20/02/2023,4,390
20/02/2023,5,904
20/02/2023,6,1891
20/02/2023,7,4509
20/02/2023,8,7921
20/02/2023,9,3987
20/02/2023,10,2646
20/02/2023,11,2985
20/02/2023,12,3301
20/02/2023,13,3157
20/02/2023,14,3194
20/02/2023,15,3462
20/02/2023,16,4099
20/02/2023,17,5993
20/02/2023,18,8204
20/02/2023,19,4718
20/02/2023,20,3603
20/02/2023,21,3232
20/02/2023,22,2691
20/02/2023,23,1676
20/02/2024,0,1628
20/02/2024,1,955
20/02/2024,2,418
20/02/2024,3,379
20/02/2024,4,430
20/02/2024,5,956
20/02/2024,6,2228
20/02/2024,7,4893
20/02/2024,8,8400
20/02/2024,9,4378
20/02/2024,10,2925
20/02/2024,11,3437
20/02/2024,12,3628
20/02/2024,13,3373
20/02/2024,14,2062
20/02/2024,15,1019
20/02/2024,16,573
20/02/2024,17,859
20/02/2024,18,1429
20/02/2024,19,1946
20/02/2024,20,2253
20/02/2024,21,2673
20/02/2024,22,2484
20/02/2024,23,1114
20/03/2022,0,1603
20/03/2022,1,847
20/03/2022,2,498
20/03/2022,3,294
20/03/2022,4,232
20/03/2022,5,234
20/03/2022,6,411
20/03/2022,7,761
20/03/2022,8,1362
20/03/2022,9,1792
20/03/2022,10,2148
20/03/2022,11,3037
20/03/2022,12,4086
20/03/2022,13,5257
20/03/2022,14,6292
20/03/2022,15,7135
20/03/2022,16,7186
20/03/2022,17,6397
20/03/2022,18,4972
20/03/2022,19,3438
20/03/2022,20,2932
20/03/2022,21,2651
20/03/2022,22,2207
20/03/2022,23,1620
20/03/2023,0,1824
20/03/2023,1,1001
20/03/2023,2,650
20/03/2023,3,466
20/03/2023,4,396
20/03/2023,5,1073
20/03/2023,6,2586
20/03/2023,7,7554
20/03/2023,8,11449
20/03/2023,9,5660
20/03/2023,10,4070
20/03/2023,11,4816
20/03/2023,12,5279
20/03/2023,13,5122
20/03/2023,14,5446
20/03/2023,15,6076
20/03/2023,16,8332
20/03/2023,17,11540
20/03/2023,18,15696
20/03/2023,19,9313
20/03/2023,20,7588
20/03/2023,21,6739
20/03/2023,22,5673
20/03/2023,23,3242
20/03/2024,0,1661
20/03/2024,1,1097
20/03/2024,2,758
20/03/2024,3,538
20/03/2024,4,482
20/03/2024,5,1160
20/03/2024,6,3003
20/03/2024,7,8216
20/03/2024,8,11780
20/03/2024,9,5543
20/03/2024,10,3935
20/03/2024,11,4211
20/03/2024,12,4410
20/03/2024,13,4303
20/03/2024,14,4558
20/03/2024,15,5277
20/03/2024,16,6676
20/03/2024,17,9424
20/03/2024,18,11995
20/03/2024,19,6846
20/03/2024,20,5189
20/03/2024,21,4653
20/03/2024,22,4129
20/03/2024,23,2457
20/04/2022,0,2950
20/04/2022,1,1778
20/04/2022,2,1173
20/04/2022,3,720
20/04/2022,4,577
20/04/2022,5,1111
20/04/2022,6,2704
20/04/2022,7,7673
20/04/2022,8,12304
20/04/2022,9,6297
20/04/2022,10,4454
20/04/2022,11,5412
20/04/2022,12,6175
20/04/2022,13,5859
20/04/2022,14,5934
20/04/2022,15,6946
20/04/2022,16,8769
20/04/2022,17,12459
20/04/2022,18,17470
20/04/2022,19,10865
20/04/2022,20,8484
20/04/2022,21,7689
20/04/2022,22,6298
20/04/2022,23,3957
20/04/2023,0,3407
20/04/2023,1,2292
20/04/2023,2,1428
20/04/2023,3,842
20/04/2023,4,469
20/04/2023,5,1050
20/04/2023,6,2839
20/04/2023,7,7103
20/04/2023,8,12689
20/04/2023,9,6892
20/04/2023,10,4679
20/04/2023,11,5542
20/04/2023,12,6071
20/04/2023,13,5736
20/04/2023,14,5774
20/04/2023,15,5927
20/04/2023,16,9234
20/04/2023,17,12208
20/04/2023,18,16871
20/04/2023,19,10648
20/04/2023,20,8848
20/04/2023,21,8453
20/04/2023,22,7280
20/04/2023,23,4513
20/04/2024,0,4226
20/04/2024,1,3088
20/04/2024,2,2052
20/04/2024,3,1407
20/04/2024,4,899
20/04/2024,5,1037
20/04/2024,6,1691
20/04/2024,7,2726
20/04/2024,8,4464
20/04/2024,9,4519
20/04/2024,10,1057
20/04/2024,11,2004
20/04/2024,12,1566
20/04/2024,13,1720
20/04/2024,14,1098
20/04/2024,15,651
20/04/2024,16,554
20/04/2024,17,571
20/04/2024,18,389
20/04/2024,19,379
20/04/2024,20,928
20/04/2024,21,1144
20/04/2024,22,1503
20/04/2024,23,1804
20/05/2022,0,4022
20/05/2022,1,2583
20/05/2022,2,1683
20/05/2022,3,1004
20/05/2022,4,771
20/05/2022,5,1473
20/05/2022,6,3396
20/05/2022,7,9111
20/05/2022,8,14025
20/05/2022,9,7140
20/05/2022,10,5190
20/05/2022,11,6160
20/05/2022,12,6978
20/05/2022,13,6752
20/05/2022,14,7000
20/05/2022,15,8080
20/05/2022,16,10266
20/05/2022,17,14771
20/05/2022,18,18767
20/05/2022,19,12769
20/05/2022,20,10327
20/05/2022,21,9857
20/05/2022,22,8912
20/05/2022,23,6392
20/05/2023,0,5000
20/05/2023,1,3757
20/05/2023,2,2411
20/05/2023,3,1473
20/05/2023,4,1127
20/05/2023,5,1340
20/05/2023,6,1982
20/05/2023,7,3306
20/05/2023,8,5758
20/05/2023,9,6885
20/05/2023,10,7241
20/05/2023,11,8227
20/05/2023,12,8994
20/05/2023,13,9547
20/05/2023,14,9661
20/05/2023,15,10594
20/05/2023,16,11822
20/05/2023,17,12816
20/05/2023,18,12876
20/05/2023,19,11741
20/05/2023,20,10341
20/05/2023,21,9594
20/05/2023,22,8013
20/05/2023,23,5691
20/05/2024,0,2748
20/05/2024,1,1616
20/05/2024,2,1072
20/05/2024,3,749
20/05/2024,4,691
20/05/2024,5,1807
20/05/2024,6,4657
20/05/2024,7,11498
20/05/2024,8,15162
20/05/2024,9,7444
20/05/2024,10,5247
20/05/2024,11,6057
20/05/2024,12,6565
20/05/2024,13,6158
20/05/2024,14,6208
20/05/2024,15,7675
20/05/2024,16,10066
20/05/2024,17,15677
20/05/2024,18,20871
20/05/2024,19,13574
20/05/2024,20,10973
20/05/2024,21,9592
20/05/2024,22,7797
20/05/2024,23,4407
20/06/2022,0,3490
20/06/2022,1,2059
20/06/2022,2,1258
20/06/2022,3,809
20/06/2022,4,776
20/06/2022,5,1714
20/06/2022,6,3899
20/06/2022,7,10369
20/06/2022,8,14398
20/06/2022,9,7003
20/06/2022,10,4895
20/06/2022,11,5721
20/06/2022,12,6457
20/06/2022,13,6051
20/06/2022,14,6240
20/06/2022,15,7024
20/06/2022,16,9931
20/06/2022,17,14360
20/06/2022,18,20934
20/06/2022,19,14435
20/06/2022,20,12677
20/06/2022,21,11254
20/06/2022,22,9566
20/06/2022,23,5734
20/06/2023,0,3698
20/06/2023,1,2412
20/06/2023,2,1563
20/06/2023,3,1092
20/06/2023,4,920
20/06/2023,5,2269
20/06/2023,6,5073
20/06/2023,7,12870
20/06/2023,8,16751
20/06/2023,9,8244
20/06/2023,10,5495
20/06/2023,11,6412
20/06/2023,12,4128
20/06/2023,13,3307
20/06/2023,14,3980
20/06/2023,15,3453
20/06/2023,16,9704
20/06/2023,17,14622
20/06/2023,18,20727
20/06/2023,19,13642
20/06/2023,20,11547
20/06/2023,21,7425
20/06/2023,22,2123
20/06/2023,23,330
20/06/2024,0,3648
20/06/2024,1,2347
20/06/2024,2,1598
20/06/2024,3,1102
20/06/2024,4,998
20/06/2024,5,2242
20/06/2024,6,5243
20/06/2024,7,12713
20/06/2024,8,15673
20/06/2024,9,7527
20/06/2024,10,4901
20/06/2024,11,5200
20/06/2024,12,5403
20/06/2024,13,4924
20/06/2024,14,4970
20/06/2024,15,6054
20/06/2024,16,9323
20/06/2024,17,13786
20/06/2024,18,19131
20/06/2024,19,13164
20/06/2024,20,11230
20/06/2024,21,10753
20/06/2024,22,9013
20/06/2024,23,5344
20/07/2022,0,3841
20/07/2022,1,2444
20/07/2022,2,1648
20/07/2022,3,1024
20/07/2022,4,837
20/07/2022,5,1800
20/07/2022,6,3788
20/07/2022,7,8958
20/07/2022,8,13754
20/07/2022,9,7087
20/07/2022,10,4925
20/07/2022,11,5729
20/07/2022,12,6013
20/07/2022,13,5838
20/07/2022,14,5679
20/07/2022,15,6448
20/07/2022,16,8196
20/07/2022,17,13203
20/07/2022,18,18220
20/07/2022,19,10271
20/07/2022,20,9359
20/07/2022,21,3416
20/07/2022,22,1689
20/07/2022,23,935
20/07/2023,0,3727
20/07/2023,1,2474
20/07/2023,2,1642
20/07/2023,3,1008
20/07/2023,4,943
20/07/2023,5,2022
20/07/2023,6,4437
20/07/2023,7,10174
20/07/2023,8,14621
20/07/2023,9,7329
20/07/2023,10,4979
20/07/2023,11,5497
20/07/2023,12,5786
20/07/2023,13,5536
20/07/2023,14,5296
20/07/2023,15,5769
20/07/2023,16,7527
20/07/2023,17,12612
20/07/2023,18,18312
20/07/2023,19,12988
20/07/2023,20,11534
20/07/2023,21,10868
20/07/2023,22,9189
20/07/2023,23,5607
20/07/2024,0,4038
20/07/2024,1,2945
20/07/2024,2,2028
20/07/2024,3,1366
20/07/2024,4,1009
20/07/2024,5,1352
20/07/2024,6,1893
20/07/2024,7,2969
20/07/2024,8,4407
20/07/2024,9,1544
20/07/2024,10,2709
20/07/2024,11,5138
20/07/2024,12,6110
20/07/2024,13,6280
20/07/2024,14,6594
20/07/2024,15,6513
20/07/2024,16,7447
20/07/2024,17,8299
20/07/2024,18,4195
20/07/2024,19,677
20/07/2024,20,1120
20/07/2024,21,1400
20/07/2024,22,2170
20/07/2024,23,2287
20/08/2022,0,1891
20/08/2022,1,1790
20/08/2022,2,1441
20/08/2022,3,993
20/08/2022,4,701
20/08/2022,5,906
20/08/2022,6,1513
20/08/2022,7,2531
20/08/2022,8,4127
20/08/2022,9,5191
20/08/2022,10,5472
20/08/2022,11,5900
20/08/2022,12,6478
20/08/2022,13,6594
20/08/2022,14,6144
20/08/2022,15,6645
20/08/2022,16,7556
20/08/2022,17,8654
20/08/2022,18,9620
20/08/2022,19,9716
20/08/2022,20,9007
20/08/2022,21,8481
20/08/2022,22,7567
20/08/2022,23,5556
20/08/2023,0,4440
20/08/2023,1,2933
20/08/2023,2,1995
20/08/2023,3,1261
20/08/2023,4,998
20/08/2023,5,1083
20/08/2023,6,1725
20/08/2023,7,2393
20/08/2023,8,3604
20/08/2023,9,4166
20/08/2023,10,4071
20/08/2023,11,4937
20/08/2023,12,6029
20/08/2023,13,5981
20/08/2023,14,6013
20/08/2023,15,6421
20/08/2023,16,7208
20/08/2023,17,8502
20/08/2023,18,9894
20/08/2023,19,10234
20/08/2023,20,9572
20/08/2023,21,8480
20/08/2023,22,6478
20/08/2023,23,4173
20/08/2024,0,2752
20/08/2024,1,1906
20/08/2024,2,1281
20/08/2024,3,915
20/08/2024,4,890
20/08/2024,5,2110
20/08/2024,6,4836
20/08/2024,7,10944
20/08/2024,8,13648
20/08/2024,9,6393
20/08/2024,10,4101
20/08/2024,11,4490
20/08/2024,12,4635
20/08/2024,13,4026
20/08/2024,14,4106
20/08/2024,15,4912
20/08/2024,16,7573
20/08/2024,17,11415
20/08/2024,18,16349
20/08/2024,19,11310
20/08/2024,20,9080
20/08/2024,21,8076
20/08/2024,22,6972
20/08/2024,23,3943
20/09/2022,0,3694
20/09/2022,1,2253
20/09/2022,2,1342
20/09/2022,3,884
20/09/2022,4,776
20/09/2022,5,1642
20/09/2022,6,4200
20/09/2022,7,11288
20/09/2022,8,16301
20/09/2022,9,8121
20/09/2022,10,5420
20/09/2022,11,6322
20/09/2022,12,6762
20/09/2022,13,6499
20/09/2022,14,6424
20/09/2022,15,7479
20/09/2022,16,10923
20/09/2022,17,15975
20/09/2022,18,22289
20/09/2022,19,14789
20/09/2022,20,12354
20/09/2022,21,11197
20/09/2022,22,9375
20/09/2022,23,5355
20/09/2023,0,3735
20/09/2023,1,2355
20/09/2023,2,1372
20/09/2023,3,608
20/09/2023,4,337
20/09/2023,5,633
20/09/2023,6,1259
20/09/2023,7,1178
20/09/2023,8,1389
20/09/2023,9,683
20/09/2023,10,289
20/09/2023,11,275
20/09/2023,12,200
20/09/2023,13,255
20/09/2023,14,272
20/09/2023,15,211
20/09/2023,16,269
20/09/2023,17,501
20/09/2023,18,1559
20/09/2023,19,3117
20/09/2023,20,4150
20/09/2023,21,4938
20/09/2023,22,4892
20/09/2023,23,3305
20/09/2024,0,3109
20/09/2024,1,1996
20/09/2024,2,1132
20/09/2024,3,225
20/09/2024,4,229
20/09/2024,5,806
20/09/2024,6,2526
20/09/2024,7,7852
20/09/2024,8,11653
20/09/2024,9,5871
20/09/2024,10,3348
20/09/2024,11,1951
20/09/2024,12,3204
20/09/2024,13,1511
20/09/2024,14,389
20/09/2024,15,309
20/09/2024,16,340
20/09/2024,17,408
20/09/2024,18,495
20/09/2024,19,369
20/09/2024,20,604
20/09/2024,21,436
20/09/2024,22,233
20/09/2024,23,132
20/10/2022,0,2865
20/10/2022,1,1866
20/10/2022,2,1220
20/10/2022,3,776
20/10/2022,4,598
20/10/2022,5,1259
20/10/2022,6,3113
20/10/2022,7,9111
20/10/2022,8,14775
20/10/2022,9,7240
20/10/2022,10,5077
20/10/2022,11,6215
20/10/2022,12,6719
20/10/2022,13,6683
20/10/2022,14,6588
20/10/2022,15,7551
20/10/2022,16,10124
20/10/2022,17,13709
20/10/2022,18,17354
20/10/2022,19,11073
20/10/2022,20,9024
20/10/2022,21,8350
20/10/2022,22,7339
20/10/2022,23,4479
20/10/2023,0,3137
20/10/2023,1,2070
20/10/2023,2,1378
20/10/2023,3,1052
20/10/2023,4,782
20/10/2023,5,1581
20/10/2023,6,3776
20/10/2023,7,10499
20/10/2023,8,15844
20/10/2023,9,8016
20/10/2023,10,5988
20/10/2023,11,7132
20/10/2023,12,7769
20/10/2023,13,7634
20/10/2023,14,7930
20/10/2023,15,9266
20/10/2023,16,10856
20/10/2023,17,14511
20/10/2023,18,15715
20/10/2023,19,9661
20/10/2023,20,7648
20/10/2023,21,7198
20/10/2023,22,6655
20/10/2023,23,4144
20/10/2024,0,2919
20/10/2024,1,1982
20/10/2024,2,1441
20/10/2024,3,992
20/10/2024,4,752
20/10/2024,5,768
20/10/2024,6,1261
20/10/2024,7,2184
20/10/2024,8,3593
20/10/2024,9,4591
20/10/2024,10,5562
20/10/2024,11,6488
20/10/2024,12,7540
20/10/2024,13,8498
20/10/2024,14,9415
20/10/2024,15,10484
20/10/2024,16,10605
20/10/2024,17,10519
20/10/2024,18,7986
20/10/2024,19,6535
20/10/2024,20,6467
20/10/2024,21,5238
20/10/2024,22,4016
20/10/2024,23,2652
20/11/2022,0,3976
20/11/2022,1,2635
20/11/2022,2,1711
20/11/2022,3,1164
20/11/2022,4,742
20/11/2022,5,703
20/11/2022,6,982
20/11/2022,7,1865
20/11/2022,8,2767
20/11/2022,9,4207
20/11/2022,10,4895
20/11/2022,11,5778
20/11/2022,12,7285
20/11/2022,13,8379
20/11/2022,14,9332
20/11/2022,15,10029
20/11/2022,16,10206
20/11/2022,17,9560
20/11/2022,18,7860
20/11/2022,19,6617
20/11/2022,20,6172
20/11/2022,21,5540
20/11/2022,22,4512
20/11/2022,23,3010
20/11/2023,0,1766
20/11/2023,1,1021
20/11/2023,2,692
20/11/2023,3,554
20/11/2023,4,599
20/11/2023,5,1390
20/11/2023,6,3156
20/11/2023,7,8485
20/11/2023,8,12713
20/11/2023,9,6259
20/11/2023,10,4303
20/11/2023,11,5075
20/11/2023,12,5203
20/11/2023,13,5289
20/11/2023,14,5502
20/11/2023,15,6403
20/11/2023,16,8278
20/11/2023,17,11459
20/11/2023,18,14493
20/11/2023,19,9119
20/11/2023,20,7129
20/11/2023,21,6368
20/11/2023,22,5190
20/11/2023,23,3091
20/11/2024,0,1952
20/11/2024,1,1389
20/11/2024,2,884
20/11/2024,3,727
20/11/2024,4,592
20/11/2024,5,1432
20/11/2024,6,3183
20/11/2024,7,8950
20/11/2024,8,13906
20/11/2024,9,6501
20/11/2024,10,4326
20/11/2024,11,4940
20/11/2024,12,5034
20/11/2024,13,4960
20/11/2024,14,4735
20/11/2024,15,4423
20/11/2024,16,6241
20/11/2024,17,9854
20/11/2024,18,12884
20/11/2024,19,7987
20/11/2024,20,6148
20/11/2024,21,5571
20/11/2024,22,4699
20/11/2024,23,2771
20/12/2022,0,1092
20/12/2022,1,814
20/12/2022,2,531
20/12/2022,3,377
20/12/2022,4,324
20/12/2022,5,666
20/12/2022,6,1372
20/12/2022,7,3467
20/12/2022,8,6567
20/12/2022,9,3199
20/12/2022,10,2086
20/12/2022,11,2420
20/12/2022,12,2674
20/12/2022,13,2720
20/12/2022,14,2873
20/12/2022,15,3141
20/12/2022,16,3829
20/12/2022,17,5047
20/12/2022,18,6434
20/12/2022,19,4033
20/12/2022,20,3273
20/12/2022,21,3053
20/12/2022,22,2534
20/12/2022,23,1756
20/12/2023,0,495
20/12/2023,1,451
20/12/2023,2,381
20/12/2023,3,301
20/12/2023,4,258
20/12/2023,5,494
20/12/2023,6,1143
20/12/2023,7,2539
20/12/2023,8,3920
20/12/2023,9,1864
20/12/2023,10,1337
20/12/2023,11,1532
20/12/2023,12,1730
20/12/2023,13,1829
20/12/2023,14,2019
20/12/2023,15,2237
20/12/2023,16,2710
20/12/2023,17,3771
20/12/2023,18,4448
20/12/2023,19,2749
20/12/2023,20,1991
20/12/2023,21,1911
20/12/2023,22,1627
20/12/2023,23,1082
20/12/2024,0,1638
20/12/2024,1,1223
20/12/2024,2,880
20/12/2024,3,616
20/12/2024,4,525
20/12/2024,5,1001
20/12/2024,6,2173
20/12/2024,7,5581
20/12/2024,8,8612
20/12/2024,9,4111
20/12/2024,10,2823
20/12/2024,11,3344
20/12/2024,12,3577
20/12/2024,13,3525
20/12/2024,14,3834
20/12/2024,15,4333
20/12/2024,16,5197
20/12/2024,17,6971
20/12/2024,18,7940
20/12/2024,19,4593
20/12/2024,20,3249
20/12/2024,21,1950
20/12/2024,22,1609
20/12/2024,23,900
21/01/2022,0,673
21/01/2022,1,509
21/01/2022,2,336
21/01/2022,3,248
21/01/2022,4,213
21/01/2022,5,407
21/01/2022,6,858
21/01/2022,7,2137
21/01/2022,8,4530
21/01/2022,9,2443
21/01/2022,10,1746
21/01/2022,11,2304
21/01/2022,12,2448
21/01/2022,13,2557
21/01/2022,14,2674
21/01/2022,15,2771
21/01/2022,16,3367
21/01/2022,17,4432
21/01/2022,18,5515
21/01/2022,19,3498
21/01/2022,20,2435
21/01/2022,21,2514
21/01/2022,22,1625
21/01/2022,23,976
21/01/2023,0,1021
21/01/2023,1,876
21/01/2023,2,587
21/01/2023,3,417
21/01/2023,4,280
21/01/2023,5,309
21/01/2023,6,336
21/01/2023,7,485
21/01/2023,8,804
21/01/2023,9,1088
21/01/2023,10,1267
21/01/2023,11,1555
21/01/2023,12,1870
21/01/2023,13,2004
21/01/2023,14,2291
21/01/2023,15,2351
21/01/2023,16,2400
21/01/2023,17,2300
21/01/2023,18,1771
21/01/2023,19,1518
21/01/2023,20,1339
21/01/2023,21,1305
21/01/2023,22,1134
21/01/2023,23,918
21/01/2024,0,1350
21/01/2024,1,1042
21/01/2024,2,849
21/01/2024,3,568
21/01/2024,4,433
21/01/2024,5,405
21/01/2024,6,551
21/01/2024,7,850
21/01/2024,8,1597
21/01/2024,9,2068
21/01/2024,10,2471
21/01/2024,11,2664
21/01/2024,12,3025
21/01/2024,13,2522
21/01/2024,14,1691
21/01/2024,15,1223
21/01/2024,16,1763
21/01/2024,17,1957
21/01/2024,18,2000
21/01/2024,19,1890
21/01/2024,20,1746
21/01/2024,21,1731
21/01/2024,22,1508
21/01/2024,23,1086
21/02/2022,0,496
21/02/2022,1,298
21/02/2022,2,223
21/02/2022,3,171
21/02/2022,4,224
21/02/2022,5,443
21/02/2022,6,1009
21/02/2022,7,2426
21/02/2022,8,4963
21/02/2022,9,2633
21/02/2022,10,1970
21/02/2022,11,2161
21/02/2022,12,2070
21/02/2022,13,2198
21/02/2022,14,2394
21/02/2022,15,2372
21/02/2022,16,2923
21/02/2022,17,3982
21/02/2022,18,5482
21/02/2022,19,3252
21/02/2022,20,2398
21/02/2022,21,2072
21/02/2022,22,1724
21/02/2022,23,794
21/02/2023,0,1346
21/02/2023,1,1029
21/02/2023,2,687
21/02/2023,3,426
21/02/2023,4,420
21/02/2023,5,864
21/02/2023,6,1773
21/02/2023,7,4299
21/02/2023,8,7882
21/02/2023,9,3827
21/02/2023,10,2650
21/02/2023,11,3135
21/02/2023,12,3452
21/02/2023,13,3508
21/02/2023,14,3622
21/02/2023,15,3893
21/02/2023,16,4634
21/02/2023,17,6591
21/02/2023,18,8880
21/02/2023,19,5268
21/02/2023,20,4134
21/02/2023,21,3937
21/02/2023,22,3253
21/02/2023,23,2074
21/02/2024,0,1127
21/02/2024,1,676
21/02/2024,2,377
21/02/2024,3,205
21/02/2024,4,92
21/02/2024,5,127
21/02/2024,6,311
21/02/2024,7,348
21/02/2024,8,830
21/02/2024,9,408
21/02/2024,10,229
21/02/2024,11,223
21/02/2024,12,214
21/02/2024,13,242
21/02/2024,14,211
21/02/2024,15,342
21/02/2024,16,583
21/02/2024,17,771
21/02/2024,18,800
21/02/2024,19,422
21/02/2024,20,300
21/02/2024,21,285
21/02/2024,22,307
21/02/2024,23,189
21/03/2022,0,1007
21/03/2022,1,544
21/03/2022,2,325
21/03/2022,3,224
21/03/2022,4,276
21/03/2022,5,624
21/03/2022,6,1487
21/03/2022,7,4448
21/03/2022,8,7323
21/03/2022,9,3728
21/03/2022,10,2870
21/03/2022,11,3502
21/03/2022,12,4024
21/03/2022,13,4032
21/03/2022,14,4089
21/03/2022,15,4519
21/03/2022,16,5215
21/03/2022,17,6961
21/03/2022,18,9804
21/03/2022,19,5776
21/03/2022,20,4623
21/03/2022,21,4050
21/03/2022,22,3215
21/03/2022,23,2083
21/03/2023,0,2285
21/03/2023,1,1618
21/03/2023,2,991
21/03/2023,3,618
21/03/2023,4,555
21/03/2023,5,1195
21/03/2023,6,3002
21/03/2023,7,8616
21/03/2023,8,13165
21/03/2023,9,6415
21/03/2023,10,4438
21/03/2023,11,5450
21/03/2023,12,5915
21/03/2023,13,5745
21/03/2023,14,5878
21/03/2023,15,6587
21/03/2023,16,9506
21/03/2023,17,13289
21/03/2023,18,17577
21/03/2023,19,10661
21/03/2023,20,8769
21/03/2023,21,7957
21/03/2023,22,6437
21/03/2023,23,3763
21/03/2024,0,1856
21/03/2024,1,1257
21/03/2024,2,795
21/03/2024,3,596
21/03/2024,4,523
21/03/2024,5,1177
21/03/2024,6,3040
21/03/2024,7,8417
21/03/2024,8,12071
21/03/2024,9,5865
21/03/2024,10,3981
21/03/2024,11,4548
21/03/2024,12,4952
21/03/2024,13,4936
21/03/2024,14,5046
21/03/2024,15,5620
21/03/2024,16,7660
21/03/2024,17,10228
21/03/2024,18,13173
21/03/2024,19,7794
21/03/2024,20,5558
21/03/2024,21,5064
21/03/2024,22,5125
21/03/2024,23,2866
21/04/2022,0,2986
21/04/2022,1,1987
21/04/2022,2,1267
21/04/2022,3,775
21/04/2022,4,554
21/04/2022,5,1109
21/04/2022,6,2766
21/04/2022,7,7811
21/04/2022,8,13105
21/04/2022,9,7063
21/04/2022,10,4574
21/04/2022,11,5404
21/04/2022,12,6081
21/04/2022,13,5739
21/04/2022,14,5834
21/04/2022,15,6580
21/04/2022,16,8484
21/04/2022,17,12240
21/04/2022,18,17036
21/04/2022,19,10598
21/04/2022,20,8565
21/04/2022,21,7761
21/04/2022,22,6486
21/04/2022,23,4221
21/04/2023,0,3210
21/04/2023,1,2304
21/04/2023,2,1401
21/04/2023,3,906
21/04/2023,4,759
21/04/2023,5,1426
21/04/2023,6,3537
21/04/2023,7,9865
21/04/2023,8,14232
21/04/2023,9,7421
21/04/2023,10,5281
21/04/2023,11,6637
21/04/2023,12,7489
21/04/2023,13,7118
21/04/2023,14,7478
21/04/2023,15,8952
21/04/2023,16,11134
21/04/2023,17,15629
21/04/2023,18,19394
21/04/2023,19,12320
21/04/2023,20,9361
21/04/2023,21,8835
21/04/2023,22,8003
21/04/2023,23,5259
21/04/2024,0,2166
21/04/2024,1,1692
21/04/2024,2,1357
21/04/2024,3,1002
21/04/2024,4,688
21/04/2024,5,722
21/04/2024,6,1151
21/04/2024,7,1880
21/04/2024,8,3226
21/04/2024,9,4513
21/04/2024,10,5633
21/04/2024,11,6616
21/04/2024,12,8288
21/04/2024,13,9611
21/04/2024,14,9695
21/04/2024,15,10779
21/04/2024,16,10579
21/04/2024,17,10533
21/04/2024,18,9329
21/04/2024,19,7836
21/04/2024,20,7208
21/04/2024,21,6297
21/04/2024,22,4970
21/04/2024,23,3454
21/05/2022,0,5404
21/05/2022,1,3891
21/05/2022,2,2526
21/05/2022,3,1499
21/05/2022,4,973
21/05/2022,5,1051
21/05/2022,6,1565
21/05/2022,7,2791
21/05/2022,8,4804
21/05/2022,9,5716
21/05/2022,10,6440
21/05/2022,11,7246
21/05/2022,12,8421
21/05/2022,13,9107
21/05/2022,14,9462
21/05/2022,15,10330
21/05/2022,16,11278
21/05/2022,17,12184
21/05/2022,18,11971
21/05/2022,19,10523
21/05/2022,20,9456
21/05/2022,21,8826
21/05/2022,22,7749
21/05/2022,23,5699
21/05/2023,0,4684
21/05/2023,1,3329
21/05/2023,2,1932
21/05/2023,3,768
21/05/2023,4,649
21/05/2023,5,778
21/05/2023,6,1295
21/05/2023,7,1954
21/05/2023,8,3309
21/05/2023,9,4643
21/05/2023,10,5822
21/05/2023,11,6911
21/05/2023,12,8434
21/05/2023,13,9475
21/05/2023,14,10020
21/05/2023,15,10952
21/05/2023,16,11694
21/05/2023,17,12448
21/05/2023,18,11338
21/05/2023,19,9458
21/05/2023,20,8577
21/05/2023,21,7924
21/05/2023,22,6212
21/05/2023,23,4059
21/05/2024,0,3002
21/05/2024,1,1911
21/05/2024,2,1182
21/05/2024,3,852
21/05/2024,4,778
21/05/2024,5,1909
21/05/2024,6,4959
21/05/2024,7,12547
21/05/2024,8,16816
21/05/2024,9,8195
21/05/2024,10,5661
21/05/2024,11,6270
21/05/2024,12,6704
21/05/2024,13,6269
21/05/2024,14,6086
21/05/2024,15,6775
21/05/2024,16,10459
21/05/2024,17,15720
21/05/2024,18,21449
21/05/2024,19,14006
21/05/2024,20,11513
21/05/2024,21,10165
21/05/2024,22,8418
21/05/2024,23,4652
21/06/2022,0,3858
21/06/2022,1,2529
21/06/2022,2,1585
21/06/2022,3,982
21/06/2022,4,809
21/06/2022,5,1812
21/06/2022,6,4085
21/06/2022,7,10768
21/06/2022,8,15166
21/06/2022,9,7233
21/06/2022,10,4686
21/06/2022,11,5667
21/06/2022,12,5807
21/06/2022,13,5497
21/06/2022,14,5329
21/06/2022,15,5910
21/06/2022,16,9238
21/06/2022,17,13553
21/06/2022,18,20023
21/06/2022,19,14353
21/06/2022,20,12504
21/06/2022,21,11444
21/06/2022,22,9795
21/06/2022,23,5943
21/06/2023,0,230
21/06/2023,1,238
21/06/2023,2,217
21/06/2023,3,99
21/06/2023,4,102
21/06/2023,5,184
21/06/2023,6,370
21/06/2023,7,1072
21/06/2023,8,3678
21/06/2023,9,1754
21/06/2023,10,1265
21/06/2023,11,2132
21/06/2023,12,1770
21/06/2023,13,2558
21/06/2023,14,2826
21/06/2023,15,4975
21/06/2023,16,7721
21/06/2023,17,10672
21/06/2023,18,12449
21/06/2023,19,9351
21/06/2023,20,8694
21/06/2023,21,8463
21/06/2023,22,7682
21/06/2023,23,5049
21/06/2024,0,3889
21/06/2024,1,2606
21/06/2024,2,1723
21/06/2024,3,1284
21/06/2024,4,1052
21/06/2024,5,2204
21/06/2024,6,5026
21/06/2024,7,12371
21/06/2024,8,15285
21/06/2024,9,7276
21/06/2024,10,5018
21/06/2024,11,5584
21/06/2024,12,5859
21/06/2024,13,5579
21/06/2024,14,5919
21/06/2024,15,7721
21/06/2024,16,9965
21/06/2024,17,14559
21/06/2024,18,18508
21/06/2024,19,13042
21/06/2024,20,10963
21/06/2024,21,10148
21/06/2024,22,9590
21/06/2024,23,6057
21/07/2022,0,878
21/07/2022,1,690
21/07/2022,2,387
21/07/2022,3,180
21/07/2022,4,94
21/07/2022,5,151
21/07/2022,6,246
21/07/2022,7,313
21/07/2022,8,719
21/07/2022,9,1315
21/07/2022,10,2807
21/07/2022,11,4008
21/07/2022,12,4757
21/07/2022,13,5133
21/07/2022,14,5372
21/07/2022,15,6198
21/07/2022,16,7599
21/07/2022,17,11024
21/07/2022,18,15180
21/07/2022,19,11465
21/07/2022,20,10228
21/07/2022,21,9724
21/07/2022,22,8449
21/07/2022,23,5548
21/07/2023,0,4005
21/07/2023,1,2679
21/07/2023,2,1654
21/07/2023,3,1191
21/07/2023,4,948
21/07/2023,5,1959
21/07/2023,6,4240
21/07/2023,7,9168
21/07/2023,8,13918
21/07/2023,9,6965
21/07/2023,10,4831
21/07/2023,11,5558
21/07/2023,12,5913
21/07/2023,13,5434
21/07/2023,14,5156
21/07/2023,15,5726
21/07/2023,16,7682
21/07/2023,17,12423
21/07/2023,18,16963
21/07/2023,19,11870
21/07/2023,20,9744
21/07/2023,21,8782
21/07/2023,22,8345
21/07/2023,23,5711
21/07/2024,0,1604
21/07/2024,1,1289
21/07/2024,2,892
21/07/2024,3,232
21/07/2024,4,155
21/07/2024,5,251
21/07/2024,6,673
21/07/2024,7,1182
21/07/2024,8,1739
21/07/2024,9,1726
21/07/2024,10,3346
21/07/2024,11,4210
21/07/2024,12,5408
21/07/2024,13,6173
21/07/2024,14,6323
21/07/2024,15,6700
21/07/2024,16,7485
21/07/2024,17,8122
21/07/2024,18,8541
21/07/2024,19,8026
21/07/2024,20,7510
21/07/2024,21,7089
21/07/2024,22,5317
21/07/2024,23,3486
21/08/2022,0,4752
21/08/2022,1,3130
21/08/2022,2,1990
21/08/2022,3,1292
21/08/2022,4,871
21/08/2022,5,923
21/08/2022,6,1421
21/08/2022,7,2239
21/08/2022,8,3238
21/08/2022,9,4238
21/08/2022,10,4498
21/08/2022,11,4710
21/08/2022,12,5944
21/08/2022,13,5980
21/08/2022,14,6153
21/08/2022,15,6759
21/08/2022,16,7956
21/08/2022,17,8894
21/08/2022,18,9646
21/08/2022,19,9827
21/08/2022,20,9207
21/08/2022,21,8283
21/08/2022,22,6361
21/08/2022,23,4088
21/08/2023,0,2902
21/08/2023,1,1771
21/08/2023,2,1150
21/08/2023,3,823
21/08/2023,4,766
21/08/2023,5,2096
21/08/2023,6,5296
21/08/2023,7,11550
21/08/2023,8,12947
21/08/2023,9,6560
21/08/2023,10,4394
21/08/2023,11,5047
21/08/2023,12,5353
21/08/2023,13,4869
21/08/2023,14,4835
21/08/2023,15,5038
21/08/2023,16,8192
21/08/2023,17,13239
21/08/2023,18,18667
21/08/2023,19,13207
21/08/2023,20,11467
21/08/2023,21,10330
21/08/2023,22,8518
21/08/2023,23,4964
21/08/2024,0,2627
21/08/2024,1,1237
21/08/2024,2,371
21/08/2024,3,374
21/08/2024,4,476
21/08/2024,5,853
21/08/2024,6,314
21/08/2024,7,307
21/08/2024,8,459
21/08/2024,9,427
21/08/2024,10,703
21/08/2024,11,1367
21/08/2024,12,1242
21/08/2024,13,2490
21/08/2024,14,3066
21/08/2024,15,4620
21/08/2024,16,6135
21/08/2024,17,8038
21/08/2024,18,9525
21/08/2024,19,6645
21/08/2024,20,6508
21/08/2024,21,6464
21/08/2024,22,5450
21/08/2024,23,3399
21/09/2022,0,3841
21/09/2022,1,2464
21/09/2022,2,1384
21/09/2022,3,880
21/09/2022,4,756
21/09/2022,5,1566
21/09/2022,6,3959
21/09/2022,7,11116
21/09/2022,8,16279
21/09/2022,9,8078
21/09/2022,10,5648
21/09/2022,11,6543
21/09/2022,12,7077
21/09/2022,13,6787
21/09/2022,14,6738
21/09/2022,15,7946
21/09/2022,16,10718
21/09/2022,17,16246
21/09/2022,18,21619
21/09/2022,19,14135
21/09/2022,20,11942
21/09/2022,21,10895
21/09/2022,22,9410
21/09/2022,23,5545
21/09/2023,0,2793
21/09/2023,1,1981
21/09/2023,2,1363
21/09/2023,3,978
21/09/2023,4,932
21/09/2023,5,1744
21/09/2023,6,4523
21/09/2023,7,12426
21/09/2023,8,17213
21/09/2023,9,8502
21/09/2023,10,5988
21/09/2023,11,7144
21/09/2023,12,7491
21/09/2023,13,7271
21/09/2023,14,6975
21/09/2023,15,8043
21/09/2023,16,11496
21/09/2023,17,16494
21/09/2023,18,21904
21/09/2023,19,14479
21/09/2023,20,12256
21/09/2023,21,11293
21/09/2023,22,9769
21/09/2023,23,5781
21/09/2024,0,842
21/09/2024,1,951
21/09/2024,2,412
21/09/2024,3,598
21/09/2024,4,178
21/09/2024,5,132
21/09/2024,6,155
21/09/2024,7,144
21/09/2024,8,172
21/09/2024,9,1032
21/09/2024,10,2647
21/09/2024,11,4229
21/09/2024,12,6033
21/09/2024,13,7175
21/09/2024,14,7782
21/09/2024,15,8817
21/09/2024,16,9755
21/09/2024,17,10435
21/09/2024,18,10259
21/09/2024,19,8954
21/09/2024,20,8900
21/09/2024,21,8846
21/09/2024,22,8019
21/09/2024,23,5641
21/10/2022,0,3324
21/10/2022,1,2175
21/10/2022,2,1303
21/10/2022,3,854
21/10/2022,4,703
21/10/2022,5,1273
21/10/2022,6,2971
21/10/2022,7,8867
21/10/2022,8,14791
21/10/2022,9,7425
21/10/2022,10,5414
21/10/2022,11,6459
21/10/2022,12,7296
21/10/2022,13,7101
21/10/2022,14,7392
21/10/2022,15,8910
21/10/2022,16,10545
21/10/2022,17,14455
21/10/2022,18,16924
21/10/2022,19,10626
21/10/2022,20,8828
21/10/2022,21,7978
21/10/2022,22,7259
21/10/2022,23,4850
21/10/2023,0,3278
21/10/2023,1,2388
21/10/2023,2,1696
21/10/2023,3,1179
21/10/2023,4,858
21/10/2023,5,1087
21/10/2023,6,1587
21/10/2023,7,1911
21/10/2023,8,1569
21/10/2023,9,4658
21/10/2023,10,5957
21/10/2023,11,7242
21/10/2023,12,8494
21/10/2023,13,9367
21/10/2023,14,9980
21/10/2023,15,10703
21/10/2023,16,11345
21/10/2023,17,11015
21/10/2023,18,9253
21/10/2023,19,7249
21/10/2023,20,6317
21/10/2023,21,6094
21/10/2023,22,5363
21/10/2023,23,3910
21/10/2024,0,1975
21/10/2024,1,1196
21/10/2024,2,820
21/10/2024,3,658
21/10/2024,4,758
21/10/2024,5,1821
21/10/2024,6,4281
21/10/2024,7,11247
21/10/2024,8,14658
21/10/2024,9,6437
21/10/2024,10,4588
21/10/2024,11,5629
21/10/2024,12,6056
21/10/2024,13,5864
21/10/2024,14,6010
21/10/2024,15,7483
21/10/2024,16,8912
21/10/2024,17,14078
21/10/2024,18,18623
21/10/2024,19,10768
21/10/2024,20,7522
21/10/2024,21,7142
21/10/2024,22,5400
21/10/2024,23,2488
21/11/2022,0,2440
21/11/2022,1,1366
21/11/2022,2,894
21/11/2022,3,578
21/11/2022,4,560
21/11/2022,5,1295
21/11/2022,6,2916
21/11/2022,7,8677
21/11/2022,8,13791
21/11/2022,9,7023
21/11/2022,10,4925
21/11/2022,11,5752
21/11/2022,12,6143
21/11/2022,13,5766
21/11/2022,14,5562
21/11/2022,15,6673
21/11/2022,16,8741
21/11/2022,17,12251
21/11/2022,18,16198
21/11/2022,19,10444
21/11/2022,20,8452
21/11/2022,21,7540
21/11/2022,22,6160
21/11/2022,23,3659
21/11/2023,0,2030
21/11/2023,1,1435
21/11/2023,2,922
21/11/2023,3,620
21/11/2023,4,641
21/11/2023,5,1364
21/11/2023,6,3304
21/11/2023,7,8968
21/11/2023,8,14249
21/11/2023,9,7037
21/11/2023,10,4753
21/11/2023,11,5238
21/11/2023,12,5621
21/11/2023,13,5713
21/11/2023,14,5842
21/11/2023,15,6297
21/11/2023,16,8947
21/11/2023,17,12076
21/11/2023,18,15220
21/11/2023,19,9539
21/11/2023,20,7682
21/11/2023,21,6493
21/11/2023,22,5349
21/11/2023,23,3327
21/11/2024,0,2071
21/11/2024,1,1473
21/11/2024,2,945
21/11/2024,3,603
21/11/2024,4,610
21/11/2024,5,1381
21/11/2024,6,3100
21/11/2024,7,8988
21/11/2024,8,13646
21/11/2024,9,6581
21/11/2024,10,4383
21/11/2024,11,5053
21/11/2024,12,5360
21/11/2024,13,4907
21/11/2024,14,2813
21/11/2024,15,4753
21/11/2024,16,7553
21/11/2024,17,10495
21/11/2024,18,13230
21/11/2024,19,8338
21/11/2024,20,6703
21/11/2024,21,6160
21/11/2024,22,5155
21/11/2024,23,3159
21/12/2022,0,1472
21/12/2022,1,1075
21/12/2022,2,791
21/12/2022,3,470
21/12/2022,4,242
21/12/2022,5,309
21/12/2022,6,500
21/12/2022,7,924
21/12/2022,8,1518
21/12/2022,9,675
21/12/2022,10,639
21/12/2022,11,869
21/12/2022,12,1048
21/12/2022,13,1117
21/12/2022,14,1520
21/12/2022,15,1822
21/12/2022,16,2464
21/12/2022,17,3190
21/12/2022,18,3878
21/12/2022,19,1735
21/12/2022,20,1529
21/12/2022,21,1487
21/12/2022,22,1404
21/12/2022,23,1106
21/12/2023,0,878
21/12/2023,1,671
21/12/2023,2,464
21/12/2023,3,354
21/12/2023,4,299
21/12/2023,5,587
21/12/2023,6,1315
21/12/2023,7,2939
21/12/2023,8,4850
21/12/2023,9,2258
21/12/2023,10,1464
21/12/2023,11,1610
21/12/2023,12,1749
21/12/2023,13,1803
21/12/2023,14,1807
21/12/2023,15,2135
21/12/2023,16,2707
21/12/2023,17,3521
21/12/2023,18,4486
21/12/2023,19,2693
21/12/2023,20,2059
21/12/2023,21,1989
21/12/2023,22,1615
21/12/2023,23,1099
21/12/2024,0,1207
21/12/2024,1,1222
21/12/2024,2,779
21/12/2024,3,411
21/12/2024,4,302
21/12/2024,5,256
21/12/2024,6,335
21/12/2024,7,476
21/12/2024,8,1201
21/12/2024,9,1729
21/12/2024,10,1974
21/12/2024,11,2202
21/12/2024,12,2580
21/12/2024,13,2819
21/12/2024,14,2785
21/12/2024,15,2851
21/12/2024,16,2950
21/12/2024,17,2961
21/12/2024,18,2459
21/12/2024,19,1914
21/12/2024,20,1670
21/12/2024,21,1697
21/12/2024,22,1466
21/12/2024,23,1207
22/01/2022,0,819
22/01/2022,1,565
22/01/2022,2,431
22/01/2022,3,310
22/01/2022,4,228
22/01/2022,5,309
22/01/2022,6,448
22/01/2022,7,713
22/01/2022,8,1461
22/01/2022,9,1966
22/01/2022,10,2174
22/01/2022,11,2594
22/01/2022,12,3023
22/01/2022,13,3286
22/01/2022,14,3542
22/01/2022,15,3705
22/01/2022,16,3686
22/01/2022,17,3585
22/01/2022,18,2711
22/01/2022,19,1672
22/01/2022,20,2126
22/01/2022,21,2359
22/01/2022,22,1566
22/01/2022,23,1022
22/01/2023,0,896
22/01/2023,1,608
22/01/2023,2,425
22/01/2023,3,281
22/01/2023,4,214
22/01/2023,5,230
22/01/2023,6,335
22/01/2023,7,457
22/01/2023,8,672
22/01/2023,9,676
22/01/2023,10,754
22/01/2023,11,837
22/01/2023,12,1139
22/01/2023,13,1304
22/01/2023,14,1367
22/01/2023,15,1725
22/01/2023,16,1836
22/01/2023,17,1780
22/01/2023,18,1501
22/01/2023,19,1238
22/01/2023,20,1255
22/01/2023,21,1246
22/01/2023,22,1108
22/01/2023,23,868
22/01/2024,0,846
22/01/2024,1,608
22/01/2024,2,394
22/01/2024,3,318
22/01/2024,4,324
22/01/2024,5,700
22/01/2024,6,1490
22/01/2024,7,2847
22/01/2024,8,5010
22/01/2024,9,2501
22/01/2024,10,1646
22/01/2024,11,1890
22/01/2024,12,2028
22/01/2024,13,2124
22/01/2024,14,1904
22/01/2024,15,2161
22/01/2024,16,2591
22/01/2024,17,4022
22/01/2024,18,5224
22/01/2024,19,2912
22/01/2024,20,2157
22/01/2024,21,1899
22/01/2024,22,1614
22/01/2024,23,931
22/02/2022,0,639
22/02/2022,1,441
22/02/2022,2,312
22/02/2022,3,208
22/02/2022,4,217
22/02/2022,5,460
22/02/2022,6,960
22/02/2022,7,2467
22/02/2022,8,4934
22/02/2022,9,2573
22/02/2022,10,1825
22/02/2022,11,2188
22/02/2022,12,2461
22/02/2022,13,2416
22/02/2022,14,2346
22/02/2022,15,2482
22/02/2022,16,2823
22/02/2022,17,3859
22/02/2022,18,5222
22/02/2022,19,3068
22/02/2022,20,2168
22/02/2022,21,1944
22/02/2022,22,1602
22/02/2022,23,780
22/02/2023,0,1575
22/02/2023,1,1243
22/02/2023,2,786
22/02/2023,3,526
22/02/2023,4,472
22/02/2023,5,859
22/02/2023,6,1776
22/02/2023,7,4521
22/02/2023,8,8432
22/02/2023,9,4278
22/02/2023,10,2988
22/02/2023,11,3745
22/02/2023,12,4124
22/02/2023,13,4045
22/02/2023,14,4123
22/02/2023,15,4379
22/02/2023,16,5054
22/02/2023,17,7401
22/02/2023,18,9886
22/02/2023,19,5910
22/02/2023,20,4501
22/02/2023,21,4112
22/02/2023,22,3403
22/02/2023,23,2183
22/02/2024,0,185
22/02/2024,1,151
22/02/2024,2,102
22/02/2024,3,81
22/02/2024,4,72
22/02/2024,5,185
22/02/2024,6,379
22/02/2024,7,721
22/02/2024,8,1602
22/02/2024,9,1043
22/02/2024,10,703
22/02/2024,11,869
22/02/2024,12,1131
22/02/2024,13,1288
22/02/2024,14,1388
22/02/2024,15,1532
22/02/2024,16,1784
22/02/2024,17,2539
22/02/2024,18,4153
22/02/2024,19,2599
22/02/2024,20,2077
22/02/2024,21,1793
22/02/2024,22,1589
22/02/2024,23,1171
22/03/2022,0,1307
22/03/2022,1,713
22/03/2022,2,479
22/03/2022,3,327
22/03/2022,4,315
22/03/2022,5,630
22/03/2022,6,1651
22/03/2022,7,4790
22/03/2022,8,8100
22/03/2022,9,4127
22/03/2022,10,3112
22/03/2022,11,3820
22/03/2022,12,4468
22/03/2022,13,4308
22/03/2022,14,4360
22/03/2022,15,5025
22/03/2022,16,6307
22/03/2022,17,8496
22/03/2022,18,11211
22/03/2022,19,6609
22/03/2022,20,5123
22/03/2022,21,4585
22/03/2022,22,3734
22/03/2022,23,2442
22/03/2023,0,2614
22/03/2023,1,1774
22/03/2023,2,1008
22/03/2023,3,722
22/03/2023,4,549
22/03/2023,5,1244
22/03/2023,6,2987
22/03/2023,7,8852
22/03/2023,8,13488
22/03/2023,9,6618
22/03/2023,10,4661
22/03/2023,11,5655
22/03/2023,12,6250
22/03/2023,13,6135
22/03/2023,14,6196
22/03/2023,15,7156
22/03/2023,16,9594
22/03/2023,17,12911
22/03/2023,18,16963
22/03/2023,19,10651
22/03/2023,20,9069
22/03/2023,21,8423
22/03/2023,22,6962
22/03/2023,23,4069
22/03/2024,0,2194
22/03/2024,1,1553
22/03/2024,2,989
22/03/2024,3,653
22/03/2024,4,583
22/03/2024,5,1219
22/03/2024,6,3061
22/03/2024,7,8190
22/03/2024,8,12161
22/03/2024,9,5907
22/03/2024,10,4267
22/03/2024,11,5060
22/03/2024,12,5459
22/03/2024,13,5431
22/03/2024,14,5440
22/03/2024,15,5778
22/03/2024,16,5251
22/03/2024,17,2929
22/03/2024,18,1131
22/03/2024,19,431
22/03/2024,20,367
22/03/2024,21,1047
22/03/2024,22,1914
22/03/2024,23,658
22/04/2022,0,3343
22/04/2022,1,2050
22/04/2022,2,1274
22/04/2022,3,863
22/04/2022,4,615
22/04/2022,5,1133
22/04/2022,6,2643
22/04/2022,7,7269
22/04/2022,8,11699
22/04/2022,9,5883
22/04/2022,10,3995
22/04/2022,11,4588
22/04/2022,12,5179
22/04/2022,13,4810
22/04/2022,14,5097
22/04/2022,15,5905
22/04/2022,16,7329
22/04/2022,17,10333
22/04/2022,18,13624
22/04/2022,19,8181
22/04/2022,20,6670
22/04/2022,21,6443
22/04/2022,22,6023
22/04/2022,23,4306
22/04/2023,0,4276
22/04/2023,1,3080
22/04/2023,2,2082
22/04/2023,3,1334
22/04/2023,4,881
22/04/2023,5,1000
22/04/2023,6,1491
22/04/2023,7,2604
22/04/2023,8,4738
22/04/2023,9,5962
22/04/2023,10,6721
22/04/2023,11,7548
22/04/2023,12,8914
22/04/2023,13,9861
22/04/2023,14,10300
22/04/2023,15,11221
22/04/2023,16,12287
22/04/2023,17,12412
22/04/2023,18,11788
22/04/2023,19,9935
22/04/2023,20,8749
22/04/2023,21,8396
22/04/2023,22,7166
22/04/2023,23,5275
22/04/2024,0,2485
22/04/2024,1,1591
22/04/2024,2,1051
22/04/2024,3,700
22/04/2024,4,751
22/04/2024,5,1671
22/04/2024,6,4407
22/04/2024,7,11056
22/04/2024,8,14662
22/04/2024,9,7198
22/04/2024,10,4859
22/04/2024,11,5882
22/04/2024,12,6498
22/04/2024,13,6232
22/04/2024,14,6605
22/04/2024,15,7899
22/04/2024,16,10186
22/04/2024,17,15569
22/04/2024,18,21471
22/04/2024,19,13596
22/04/2024,20,10955
22/04/2024,21,9590
22/04/2024,22,7482
22/04/2024,23,4221
22/05/2022,0,4813
22/05/2022,1,3299
22/05/2022,2,2307
22/05/2022,3,1404
22/05/2022,4,897
22/05/2022,5,852
22/05/2022,6,1143
22/05/2022,7,1915
22/05/2022,8,3100
22/05/2022,9,4449
22/05/2022,10,5349
22/05/2022,11,6419
22/05/2022,12,7802
22/05/2022,13,8965
22/05/2022,14,9312
22/05/2022,15,10472
22/05/2022,16,11409
22/05/2022,17,12024
22/05/2022,18,11972
22/05/2022,19,11194
22/05/2022,20,10001
22/05/2022,21,8708
22/05/2022,22,6764
22/05/2022,23,4626
22/05/2023,0,3058
22/05/2023,1,1840
22/05/2023,2,1095
22/05/2023,3,733
22/05/2023,4,792
22/05/2023,5,1735
22/05/2023,6,4394
22/05/2023,7,11396
22/05/2023,8,16032
22/05/2023,9,7792
22/05/2023,10,5337
22/05/2023,11,6358
22/05/2023,12,6986
22/05/2023,13,6577
22/05/2023,14,6332
22/05/2023,15,7594
22/05/2023,16,10667
22/05/2023,17,15740
22/05/2023,18,21554
22/05/2023,19,11084
22/05/2023,20,9427
22/05/2023,21,9392
22/05/2023,22,8059
22/05/2023,23,4860
22/05/2024,0,3320
22/05/2024,1,2122
22/05/2024,2,1291
22/05/2024,3,970
22/05/2024,4,885
22/05/2024,5,1903
22/05/2024,6,4802
22/05/2024,7,12358
22/05/2024,8,16647
22/05/2024,9,8164
22/05/2024,10,5727
22/05/2024,11,6307
22/05/2024,12,6842
22/05/2024,13,6487
22/05/2024,14,6359
22/05/2024,15,7805
22/05/2024,16,10150
22/05/2024,17,15886
22/05/2024,18,20767
22/05/2024,19,13744
22/05/2024,20,11256
22/05/2024,21,9768
22/05/2024,22,8224
22/05/2024,23,4891
22/06/2022,0,4227
22/06/2022,1,2896
22/06/2022,2,1823
22/06/2022,3,1115
22/06/2022,4,885
22/06/2022,5,1831
22/06/2022,6,3994
22/06/2022,7,10508
22/06/2022,8,15147
22/06/2022,9,7416
22/06/2022,10,5030
22/06/2022,11,5768
22/06/2022,12,6226
22/06/2022,13,5973
22/06/2022,14,5841
22/06/2022,15,6755
22/06/2022,16,9551
22/06/2022,17,14091
22/06/2022,18,20364
22/06/2022,19,13904
22/06/2022,20,11973
22/06/2022,21,11193
22/06/2022,22,9494
22/06/2022,23,6163
22/06/2023,0,3597
22/06/2023,1,2566
22/06/2023,2,1697
22/06/2023,3,1147
22/06/2023,4,908
22/06/2023,5,1981
22/06/2023,6,4679
22/06/2023,7,12246
22/06/2023,8,16484
22/06/2023,9,8077
22/06/2023,10,5552
22/06/2023,11,6604
22/06/2023,12,7165
22/06/2023,13,6713
22/06/2023,14,6696
22/06/2023,15,7518
22/06/2023,16,11332
22/06/2023,17,15987
22/06/2023,18,21274
22/06/2023,19,14595
22/06/2023,20,10878
22/06/2023,21,9989
22/06/2023,22,8973
22/06/2023,23,5723
22/06/2024,0,4829
22/06/2024,1,3408
22/06/2024,2,2355
22/06/2024,3,1636
22/06/2024,4,1058
22/06/2024,5,1420
22/06/2024,6,2186
22/06/2024,7,2970
22/06/2024,8,4014
22/06/2024,9,2655
22/06/2024,10,384
22/06/2024,11,242
22/06/2024,12,214
22/06/2024,13,186
22/06/2024,14,506
22/06/2024,15,777
22/06/2024,16,2114
22/06/2024,17,4512
22/06/2024,18,5318
22/06/2024,19,4294
22/06/2024,20,5003
22/06/2024,21,5111
22/06/2024,22,3516
22/06/2024,23,1422
22/07/2022,0,4006
22/07/2022,1,2660
22/07/2022,2,1557
22/07/2022,3,942
22/07/2022,4,834
22/07/2022,5,1552
22/07/2022,6,3422
22/07/2022,7,7796
22/07/2022,8,12820
22/07/2022,9,6937
22/07/2022,10,4843
22/07/2022,11,5714
22/07/2022,12,5932
22/07/2022,13,4442
22/07/2022,14,4162
22/07/2022,15,4724
22/07/2022,16,7102
22/07/2022,17,12103
22/07/2022,18,15747
22/07/2022,19,11475
22/07/2022,20,9813
22/07/2022,21,9631
22/07/2022,22,8990
22/07/2022,23,6026
22/07/2023,0,4311
22/07/2023,1,3212
22/07/2023,2,2173
22/07/2023,3,1499
22/07/2023,4,1002
22/07/2023,5,1296
22/07/2023,6,2088
22/07/2023,7,3197
22/07/2023,8,4971
22/07/2023,9,5493
22/07/2023,10,5756
22/07/2023,11,5902
22/07/2023,12,6554
22/07/2023,13,6885
22/07/2023,14,6925
22/07/2023,15,4071
22/07/2023,16,6186
22/07/2023,17,4942
22/07/2023,18,876
22/07/2023,19,1411
22/07/2023,20,2150
22/07/2023,21,719
22/07/2023,22,1320
22/07/2023,23,1818
22/07/2024,0,2588
22/07/2024,1,1561
22/07/2024,2,972
22/07/2024,3,563
22/07/2024,4,340
22/07/2024,5,438
22/07/2024,6,1824
22/07/2024,7,5847
22/07/2024,8,9262
22/07/2024,9,4667
22/07/2024,10,1022
22/07/2024,11,1386
22/07/2024,12,3233
22/07/2024,13,1934
22/07/2024,14,1582
22/07/2024,15,1792
22/07/2024,16,3252
22/07/2024,17,7838
22/07/2024,18,12524
22/07/2024,19,8306
22/07/2024,20,4299
22/07/2024,21,5746
22/07/2024,22,3991
22/07/2024,23,709
22/08/2022,0,2979
22/08/2022,1,1742
22/08/2022,2,1084
22/08/2022,3,720
22/08/2022,4,692
22/08/2022,5,1711
22/08/2022,6,4120
22/08/2022,7,9558
22/08/2022,8,11755
22/08/2022,9,6150
22/08/2022,10,4320
22/08/2022,11,5182
22/08/2022,12,5578
22/08/2022,13,5189
22/08/2022,14,5265
22/08/2022,15,6039
22/08/2022,16,8422
22/08/2022,17,12357
22/08/2022,18,18658
22/08/2022,19,12410
22/08/2022,20,10610
22/08/2022,21,7682
22/08/2022,22,1956
22/08/2022,23,1909
22/08/2023,0,3187
22/08/2023,1,2112
22/08/2023,2,1381
22/08/2023,3,1024
22/08/2023,4,722
22/08/2023,5,1882
22/08/2023,6,4717
22/08/2023,7,11327
22/08/2023,8,11293
22/08/2023,9,5317
22/08/2023,10,2476
22/08/2023,11,3444
22/08/2023,12,4584
22/08/2023,13,4563
22/08/2023,14,3339
22/08/2023,15,2886
22/08/2023,16,4798
22/08/2023,17,5845
22/08/2023,18,6855
22/08/2023,19,6547
22/08/2023,20,5692
22/08/2023,21,2917
22/08/2023,22,2380
22/08/2023,23,2393
22/08/2024,0,2544
22/08/2024,1,1782
22/08/2024,2,1104
22/08/2024,3,894
22/08/2024,4,803
22/08/2024,5,1850
22/08/2024,6,4300
22/08/2024,7,10255
22/08/2024,8,12961
22/08/2024,9,6187
22/08/2024,10,3646
22/08/2024,11,3914
22/08/2024,12,4266
22/08/2024,13,3614
22/08/2024,14,2617
22/08/2024,15,3722
22/08/2024,16,5113
22/08/2024,17,10334
22/08/2024,18,12911
22/08/2024,19,8459
22/08/2024,20,6998
22/08/2024,21,7144
22/08/2024,22,6564
22/08/2024,23,3895
22/09/2022,0,3802
22/09/2022,1,2577
22/09/2022,2,1384
22/09/2022,3,923
22/09/2022,4,820
22/09/2022,5,1513
22/09/2022,6,3933
22/09/2022,7,10821
22/09/2022,8,16195
22/09/2022,9,7939
22/09/2022,10,5527
22/09/2022,11,6480
22/09/2022,12,6964
22/09/2022,13,6551
22/09/2022,14,6601
22/09/2022,15,7561
22/09/2022,16,11285
22/09/2022,17,15645
22/09/2022,18,21077
22/09/2022,19,13893
22/09/2022,20,11662
22/09/2022,21,10877
22/09/2022,22,9499
22/09/2022,23,5776
22/09/2023,0,3964
22/09/2023,1,2594
22/09/2023,2,1667
22/09/2023,3,1107
22/09/2023,4,995
22/09/2023,5,1905
22/09/2023,6,4587
22/09/2023,7,12402
22/09/2023,8,17044
22/09/2023,9,8727
22/09/2023,10,6266
22/09/2023,11,7477
22/09/2023,12,8210
22/09/2023,13,7772
22/09/2023,14,8219
22/09/2023,15,9848
22/09/2023,16,12225
22/09/2023,17,17997
22/09/2023,18,22595
22/09/2023,19,14872
22/09/2023,20,12153
22/09/2023,21,11548
22/09/2023,22,10160
22/09/2023,23,6665
22/09/2024,0,4424
22/09/2024,1,2999
22/09/2024,2,2041
22/09/2024,3,1405
22/09/2024,4,944
22/09/2024,5,968
22/09/2024,6,1504
22/09/2024,7,2496
22/09/2024,8,3788
22/09/2024,9,4990
22/09/2024,10,6050
22/09/2024,11,6860
22/09/2024,12,8302
22/09/2024,13,9331
22/09/2024,14,10111
22/09/2024,15,11483
22/09/2024,16,13224
22/09/2024,17,14385
22/09/2024,18,13713
22/09/2024,19,11108
22/09/2024,20,10038
22/09/2024,21,8443
22/09/2024,22,6763
22/09/2024,23,4193
22/10/2022,0,4136
22/10/2022,1,2963
22/10/2022,2,1971
22/10/2022,3,1224
22/10/2022,4,868
22/10/2022,5,978
22/10/2022,6,1394
22/10/2022,7,2524
22/10/2022,8,4581
22/10/2022,9,6129
22/10/2022,10,6529
22/10/2022,11,7502
22/10/2022,12,8474
22/10/2022,13,9323
22/10/2022,14,9754
22/10/2022,15,10762
22/10/2022,16,11387
22/10/2022,17,11251
22/10/2022,18,9703
22/10/2022,19,8275
22/10/2022,20,7652
22/10/2022,21,7660
22/10/2022,22,6714
22/10/2022,23,5156
22/10/2023,0,3296
22/10/2023,1,2245
22/10/2023,2,1608
22/10/2023,3,1063
22/10/2023,4,743
22/10/2023,5,711
22/10/2023,6,1088
22/10/2023,7,1877
22/10/2023,8,3177
22/10/2023,9,4569
22/10/2023,10,5623
22/10/2023,11,6731
22/10/2023,12,8113
22/10/2023,13,9236
22/10/2023,14,10105
22/10/2023,15,10994
22/10/2023,16,11416
22/10/2023,17,10964
22/10/2023,18,9644
22/10/2023,19,8026
22/10/2023,20,7149
22/10/2023,21,6726
22/10/2023,22,5371
22/10/2023,23,3588
22/10/2024,0,2102
22/10/2024,1,1508
22/10/2024,2,665
22/10/2024,3,400
22/10/2024,4,588
22/10/2024,5,928
22/10/2024,6,1472
22/10/2024,7,5185
22/10/2024,8,2974
22/10/2024,9,1171
22/10/2024,10,481
22/10/2024,11,654
22/10/2024,12,856
22/10/2024,13,764
22/10/2024,14,808
22/10/2024,15,993
22/10/2024,16,1450
22/10/2024,17,948
22/10/2024,18,921
22/10/2024,19,505
22/10/2024,20,394
22/10/2024,21,413
22/10/2024,22,375
22/10/2024,23,265
22/11/2022,0,2637
22/11/2022,1,1714
22/11/2022,2,1015
22/11/2022,3,689
22/11/2022,4,548
22/11/2022,5,1291
22/11/2022,6,2956
22/11/2022,7,8827
22/11/2022,8,14514
22/11/2022,9,7450
22/11/2022,10,5107
22/11/2022,11,5549
22/11/2022,12,6039
22/11/2022,13,5725
22/11/2022,14,5567
22/11/2022,15,6171
22/11/2022,16,8446
22/11/2022,17,11654
22/11/2022,18,15660
22/11/2022,19,9404
22/11/2022,20,7326
22/11/2022,21,6465
22/11/2022,22,3046
22/11/2022,23,2944
22/11/2023,0,2341
22/11/2023,1,1531
22/11/2023,2,1032
22/11/2023,3,696
22/11/2023,4,649
22/11/2023,5,1343
22/11/2023,6,3356
22/11/2023,7,9107
22/11/2023,8,14419
22/11/2023,9,7202
22/11/2023,10,4947
22/11/2023,11,5608
22/11/2023,12,6076
22/11/2023,13,5966
22/11/2023,14,5941
22/11/2023,15,7029
22/11/2023,16,8733
22/11/2023,17,12201
22/11/2023,18,15626
22/11/2023,19,9787
22/11/2023,20,7662
22/11/2023,21,7482
22/11/2023,22,6302
22/11/2023,23,3908
22/11/2024,0,2397
22/11/2024,1,1652
22/11/2024,2,1052
22/11/2024,3,783
22/11/2024,4,648
22/11/2024,5,1392
22/11/2024,6,2997
22/11/2024,7,8472
22/11/2024,8,12885
22/11/2024,9,6349
22/11/2024,10,4328
22/11/2024,11,5111
22/11/2024,12,5404
22/11/2024,13,5361
22/11/2024,14,5908
22/11/2024,15,6660
22/11/2024,16,8154
22/11/2024,17,10690
22/11/2024,18,12186
22/11/2024,19,7361
22/11/2024,20,5287
22/11/2024,21,4912
22/11/2024,22,4462
22/11/2024,23,2964
22/12/2022,0,972
22/12/2022,1,852
22/12/2022,2,547
22/12/2022,3,345
22/12/2022,4,280
22/12/2022,5,493
22/12/2022,6,1016
22/12/2022,7,2396
22/12/2022,8,4564
22/12/2022,9,2159
22/12/2022,10,1525
22/12/2022,11,1670
22/12/2022,12,1732
22/12/2022,13,1670
22/12/2022,14,1781
22/12/2022,15,1802
22/12/2022,16,2180
22/12/2022,17,3059
22/12/2022,18,3610
22/12/2022,19,2165
22/12/2022,20,1579
22/12/2022,21,1436
22/12/2022,22,1217
22/12/2022,23,825
22/12/2023,0,904
22/12/2023,1,649
22/12/2023,2,496
22/12/2023,3,375
22/12/2023,4,299
22/12/2023,5,515
22/12/2023,6,1148
22/12/2023,7,2814
22/12/2023,8,4707
22/12/2023,9,2228
22/12/2023,10,1549
22/12/2023,11,1901
22/12/2023,12,2025
22/12/2023,13,2101
22/12/2023,14,2119
22/12/2023,15,2501
22/12/2023,16,3040
22/12/2023,17,4084
22/12/2023,18,4411
22/12/2023,19,2642
22/12/2023,20,1877
22/12/2023,21,1707
22/12/2023,22,1664
22/12/2023,23,1178
22/12/2024,0,1234
22/12/2024,1,963
22/12/2024,2,731
22/12/2024,3,545
22/12/2024,4,322
22/12/2024,5,332
22/12/2024,6,437
22/12/2024,7,682
22/12/2024,8,1229
22/12/2024,9,1644
22/12/2024,10,1866
22/12/2024,11,1919
22/12/2024,12,2105
22/12/2024,13,2536
22/12/2024,14,2516
22/12/2024,15,2772
22/12/2024,16,2836
22/12/2024,17,2846
22/12/2024,18,2419
22/12/2024,19,2014
22/12/2024,20,1780
22/12/2024,21,1726
22/12/2024,22,1393
22/12/2024,23,1131
23/01/2022,0,734
23/01/2022,1,526
23/01/2022,2,358
23/01/2022,3,255
23/01/2022,4,206
23/01/2022,5,230
23/01/2022,6,345
23/01/2022,7,576
23/01/2022,8,1045
23/01/2022,9,1480
23/01/2022,10,1716
23/01/2022,11,2181
23/01/2022,12,2760
23/01/2022,13,3137
23/01/2022,14,3744
23/01/2022,15,3820
23/01/2022,16,3963
23/01/2022,17,3498
23/01/2022,18,2633
23/01/2022,19,2061
23/01/2022,20,2100
23/01/2022,21,2087
23/01/2022,22,1386
23/01/2022,23,856
23/01/2023,0,825
23/01/2023,1,569
23/01/2023,2,432
23/01/2023,3,340
23/01/2023,4,232
23/01/2023,5,258
23/01/2023,6,324
23/01/2023,7,528
23/01/2023,8,730
23/01/2023,9,1040
23/01/2023,10,1385
23/01/2023,11,1599
23/01/2023,12,2070
23/01/2023,13,2349
23/01/2023,14,2612
23/01/2023,15,2847
23/01/2023,16,2684
23/01/2023,17,2410
23/01/2023,18,1915
23/01/2023,19,1462
23/01/2023,20,1296
23/01/2023,21,1170
23/01/2023,22,983
23/01/2023,23,820
23/01/2024,0,791
23/01/2024,1,549
23/01/2024,2,346
23/01/2024,3,286
23/01/2024,4,285
23/01/2024,5,685
23/01/2024,6,1384
23/01/2024,7,2836
23/01/2024,8,5118
23/01/2024,9,2458
23/01/2024,10,1469
23/01/2024,11,1600
23/01/2024,12,1772
23/01/2024,13,1721
23/01/2024,14,1761
23/01/2024,15,1836
23/01/2024,16,2121
23/01/2024,17,3443
23/01/2024,18,4530
23/01/2024,19,2450
23/01/2024,20,1954
23/01/2024,21,1761
23/01/2024,22,1545
23/01/2024,23,897
23/02/2022,0,551
23/02/2022,1,426
23/02/2022,2,253
23/02/2022,3,220
23/02/2022,4,200
23/02/2022,5,401
23/02/2022,6,874
23/02/2022,7,2256
23/02/2022,8,4747
23/02/2022,9,2433
23/02/2022,10,1856
23/02/2022,11,2120
23/02/2022,12,2352
23/02/2022,13,2422
23/02/2022,14,2261
23/02/2022,15,2433
23/02/2022,16,2676
23/02/2022,17,3781
23/02/2022,18,5214
23/02/2022,19,3031
23/02/2022,20,2195
23/02/2022,21,1958
23/02/2022,22,1713
23/02/2022,23,858
23/02/2023,0,1773
23/02/2023,1,1261
23/02/2023,2,805
23/02/2023,3,541
23/02/2023,4,482
23/02/2023,5,849
23/02/2023,6,1960
23/02/2023,7,4752
23/02/2023,8,8963
23/02/2023,9,4488
23/02/2023,10,3110
23/02/2023,11,3786
23/02/2023,12,4119
23/02/2023,13,4342
23/02/2023,14,4170
23/02/2023,15,4655
23/02/2023,16,5413
23/02/2023,17,7559
23/02/2023,18,9958
23/02/2023,19,6028
23/02/2023,20,4863
23/02/2023,21,4506
23/02/2023,22,3918
23/02/2023,23,2418
23/02/2024,0,967
23/02/2024,1,649
23/02/2024,2,404
23/02/2024,3,374
23/02/2024,4,367
23/02/2024,5,695
23/02/2024,6,1538
23/02/2024,7,3382
23/02/2024,8,6158
23/02/2024,9,3247
23/02/2024,10,2431
23/02/2024,11,2876
23/02/2024,12,3459
23/02/2024,13,3586
23/02/2024,14,3785
23/02/2024,15,4223
23/02/2024,16,5138
23/02/2024,17,7215
23/02/2024,18,8665
23/02/2024,19,4893
23/02/2024,20,3553
23/02/2024,21,3317
23/02/2024,22,2865
23/02/2024,23,1955
23/03/2022,0,1507
23/03/2022,1,889
23/03/2022,2,496
23/03/2022,3,396
23/03/2022,4,346
23/03/2022,5,701
23/03/2022,6,1701
23/03/2022,7,4736
23/03/2022,8,7992
23/03/2022,9,4085
23/03/2022,10,3026
23/03/2022,11,3522
23/03/2022,12,3746
23/03/2022,13,3444
23/03/2022,14,3567
23/03/2022,15,3972
23/03/2022,16,5114
23/03/2022,17,7091
23/03/2022,18,9937
23/03/2022,19,5696
23/03/2022,20,4599
23/03/2022,21,4159
23/03/2022,22,3670
23/03/2022,23,2398
23/03/2023,0,2647
23/03/2023,1,1826
23/03/2023,2,1110
23/03/2023,3,732
23/03/2023,4,593
23/03/2023,5,1152
23/03/2023,6,2305
23/03/2023,7,7390
23/03/2023,8,11536
23/03/2023,9,6376
23/03/2023,10,4467
23/03/2023,11,5387
23/03/2023,12,5970
23/03/2023,13,5882
23/03/2023,14,5857
23/03/2023,15,6577
23/03/2023,16,9482
23/03/2023,17,13281
23/03/2023,18,16714
23/03/2023,19,10451
23/03/2023,20,8592
23/03/2023,21,7726
23/03/2023,22,6671
23/03/2023,23,4033
23/03/2024,0,859
23/03/2024,1,1115
23/03/2024,2,906
23/03/2024,3,759
23/03/2024,4,565
23/03/2024,5,706
23/03/2024,6,1055
23/03/2024,7,1920
23/03/2024,8,3343
23/03/2024,9,4341
23/03/2024,10,4877
23/03/2024,11,5914
23/03/2024,12,7241
23/03/2024,13,8508
23/03/2024,14,9192
23/03/2024,15,10456
23/03/2024,16,11326
23/03/2024,17,11566
23/03/2024,18,9844
23/03/2024,19,7270
23/03/2024,20,6775
23/03/2024,21,6130
23/03/2024,22,5262
23/03/2024,23,3622
23/04/2022,0,4210
23/04/2022,1,2957
23/04/2022,2,1994
23/04/2022,3,1171
23/04/2022,4,775
23/04/2022,5,870
23/04/2022,6,1226
23/04/2022,7,2129
23/04/2022,8,3792
23/04/2022,9,4891
23/04/2022,10,5663
23/04/2022,11,6457
23/04/2022,12,7762
23/04/2022,13,9240
23/04/2022,14,9587
23/04/2022,15,10676
23/04/2022,16,11613
23/04/2022,17,12103
23/04/2022,18,11272
23/04/2022,19,9799
23/04/2022,20,8727
23/04/2022,21,8001
23/04/2022,22,6750
23/04/2022,23,4887
23/04/2023,0,4398
23/04/2023,1,2944
23/04/2023,2,1916
23/04/2023,3,1316
23/04/2023,4,835
23/04/2023,5,779
23/04/2023,6,1177
23/04/2023,7,2031
23/04/2023,8,3412
23/04/2023,9,4186
23/04/2023,10,5738
23/04/2023,11,6723
23/04/2023,12,8341
23/04/2023,13,9464
23/04/2023,14,10446
23/04/2023,15,11451
23/04/2023,16,11728
23/04/2023,17,11554
23/04/2023,18,10232
23/04/2023,19,8428
23/04/2023,20,7507
23/04/2023,21,6844
23/04/2023,22,5314
23/04/2023,23,3679
23/04/2024,0,2862
23/04/2024,1,1957
23/04/2024,2,1219
23/04/2024,3,809
23/04/2024,4,750
23/04/2024,5,1692
23/04/2024,6,4679
23/04/2024,7,11698
23/04/2024,8,15750
23/04/2024,9,7731
23/04/2024,10,5322
23/04/2024,11,6228
23/04/2024,12,6901
23/04/2024,13,6566
23/04/2024,14,6405
23/04/2024,15,7410
23/04/2024,16,10522
23/04/2024,17,14315
23/04/2024,18,17011
23/04/2024,19,4894
23/04/2024,20,3410
23/04/2024,21,5648
23/04/2024,22,4793
23/04/2024,23,3317
23/05/2022,0,3163
23/05/2022,1,1727
23/05/2022,2,1242
23/05/2022,3,736
23/05/2022,4,661
23/05/2022,5,1447
23/05/2022,6,3511
23/05/2022,7,9435
23/05/2022,8,13912
23/05/2022,9,6875
23/05/2022,10,4805
23/05/2022,11,5558
23/05/2022,12,6138
23/05/2022,13,5688
23/05/2022,14,5691
23/05/2022,15,6540
23/05/2022,16,9342
23/05/2022,17,14057
23/05/2022,18,20532
23/05/2022,19,13763
23/05/2022,20,11657
23/05/2022,21,10497
23/05/2022,22,6989
23/05/2022,23,5262
23/05/2023,0,3308
23/05/2023,1,2272
23/05/2023,2,1338
23/05/2023,3,863
23/05/2023,4,778
23/05/2023,5,1887
23/05/2023,6,4650
23/05/2023,7,12557
23/05/2023,8,17677
23/05/2023,9,8462
23/05/2023,10,5604
23/05/2023,11,6565
23/05/2023,12,7229
23/05/2023,13,6735
23/05/2023,14,6352
23/05/2023,15,7472
23/05/2023,16,11031
23/05/2023,17,16305
23/05/2023,18,23070
23/05/2023,19,15457
23/05/2023,20,12934
23/05/2023,21,11554
23/05/2023,22,9434
23/05/2023,23,5559
23/05/2024,0,3422
23/05/2024,1,2189
23/05/2024,2,1283
23/05/2024,3,1040
23/05/2024,4,917
23/05/2024,5,1873
23/05/2024,6,4826
23/05/2024,7,12325
23/05/2024,8,16644
23/05/2024,9,8150
23/05/2024,10,5553
23/05/2024,11,6307
23/05/2024,12,6744
23/05/2024,13,6349
23/05/2024,14,6323
23/05/2024,15,7227
23/05/2024,16,10625
23/05/2024,17,15534
23/05/2024,18,20534
23/05/2024,19,13685
23/05/2024,20,10997
23/05/2024,21,10107
23/05/2024,22,8296
23/05/2024,23,4702
23/06/2022,0,4391
23/06/2022,1,2904
23/06/2022,2,1781
23/06/2022,3,1081
23/06/2022,4,949
23/06/2022,5,1802
23/06/2022,6,3869
23/06/2022,7,10030
23/06/2022,8,9235
23/06/2022,9,2808
23/06/2022,10,3191
23/06/2022,11,4421
23/06/2022,12,2679
23/06/2022,13,116
23/06/2022,14,245
23/06/2022,15,462
23/06/2022,16,947
23/06/2022,17,227
23/06/2022,18,221
23/06/2022,19,197
23/06/2022,20,983
23/06/2022,21,783
23/06/2022,22,397
23/06/2022,23,851
23/06/2023,0,4050
23/06/2023,1,2746
23/06/2023,2,1723
23/06/2023,3,1237
23/06/2023,4,1006
23/06/2023,5,1919
23/06/2023,6,4278
23/06/2023,7,11594
23/06/2023,8,15757
23/06/2023,9,8247
23/06/2023,10,5738
23/06/2023,11,6760
23/06/2023,12,7264
23/06/2023,13,6911
23/06/2023,14,6927
23/06/2023,15,8752
23/06/2023,16,11066
23/06/2023,17,15971
23/06/2023,18,20377
23/06/2023,19,14068
23/06/2023,20,11878
23/06/2023,21,11167
23/06/2023,22,10370
23/06/2023,23,6711
23/06/2024,0,1192
23/06/2024,1,954
23/06/2024,2,664
23/06/2024,3,366
23/06/2024,4,340
23/06/2024,5,303
23/06/2024,6,892
23/06/2024,7,1743
23/06/2024,8,2903
23/06/2024,9,4312
23/06/2024,10,5090
23/06/2024,11,5706
23/06/2024,12,6486
23/06/2024,13,7080
23/06/2024,14,6883
23/06/2024,15,7339
23/06/2024,16,8255
23/06/2024,17,9739
23/06/2024,18,10059
23/06/2024,19,9257
23/06/2024,20,8256
23/06/2024,21,5373
23/06/2024,22,1593
23/06/2024,23,1664
23/07/2022,0,4870
23/07/2022,1,3586
23/07/2022,2,2309
23/07/2022,3,1467
23/07/2022,4,1064
23/07/2022,5,1226
23/07/2022,6,1775
23/07/2022,7,2858
23/07/2022,8,4711
23/07/2022,9,5784
23/07/2022,10,6069
23/07/2022,11,6711
23/07/2022,12,7331
23/07/2022,13,7652
23/07/2022,14,7759
23/07/2022,15,7097
23/07/2022,16,2815
23/07/2022,17,1457
23/07/2022,18,930
23/07/2022,19,802
23/07/2022,20,590
23/07/2022,21,485
23/07/2022,22,226
23/07/2022,23,257
23/07/2023,0,1166
23/07/2023,1,927
23/07/2023,2,882
23/07/2023,3,432
23/07/2023,4,383
23/07/2023,5,195
23/07/2023,6,62
23/07/2023,7,62
23/07/2023,8,101
23/07/2023,9,132
23/07/2023,10,150
23/07/2023,11,197
23/07/2023,12,434
23/07/2023,13,647
23/07/2023,14,1555
23/07/2023,15,2406
23/07/2023,16,3665
23/07/2023,17,3503
23/07/2023,18,3435
23/07/2023,19,4198
23/07/2023,20,2566
23/07/2023,21,1177
23/07/2023,22,1738
23/07/2023,23,1824
23/07/2024,0,759
23/07/2024,1,843
23/07/2024,2,701
23/07/2024,3,625
23/07/2024,4,526
23/07/2024,5,1151
23/07/2024,6,2943
23/07/2024,7,7527
23/07/2024,8,11936
23/07/2024,9,5468
23/07/2024,10,1994
23/07/2024,11,1125
23/07/2024,12,1219
23/07/2024,13,2522
23/07/2024,14,3147
23/07/2024,15,4216
23/07/2024,16,5812
23/07/2024,17,10587
23/07/2024,18,14881
23/07/2024,19,9169
23/07/2024,20,8141
23/07/2024,21,7614
23/07/2024,22,6510
23/07/2024,23,3902
23/08/2022,0,1860
23/08/2022,1,1121
23/08/2022,2,862
23/08/2022,3,614
23/08/2022,4,179
23/08/2022,5,225
23/08/2022,6,762
23/08/2022,7,5608
23/08/2022,8,11171
23/08/2022,9,6209
23/08/2022,10,4466
23/08/2022,11,5306
23/08/2022,12,5689
23/08/2022,13,5223
23/08/2022,14,5094
23/08/2022,15,5743
23/08/2022,16,8643
23/08/2022,17,12655
23/08/2022,18,19060
23/08/2022,19,13980
23/08/2022,20,12261
23/08/2022,21,10957
23/08/2022,22,9010
23/08/2022,23,5522
23/08/2023,0,2118
23/08/2023,1,1387
23/08/2023,2,971
23/08/2023,3,805
23/08/2023,4,645
23/08/2023,5,1258
23/08/2023,6,1984
23/08/2023,7,7651
23/08/2023,8,10246
23/08/2023,9,4773
23/08/2023,10,1122
23/08/2023,11,398
23/08/2023,12,262
23/08/2023,13,259
23/08/2023,14,156
23/08/2023,15,261
23/08/2023,16,738
23/08/2023,17,2616
23/08/2023,18,6307
23/08/2023,19,3683
23/08/2023,20,2941
23/08/2023,21,2235
23/08/2023,22,2603
23/08/2023,23,2424
23/08/2024,0,2908
23/08/2024,1,2083
23/08/2024,2,1424
23/08/2024,3,1003
23/08/2024,4,899
23/08/2024,5,1937
23/08/2024,6,4065
23/08/2024,7,7654
23/08/2024,8,12257
23/08/2024,9,6333
23/08/2024,10,4265
23/08/2024,11,4949
23/08/2024,12,5386
23/08/2024,13,4858
23/08/2024,14,5325
23/08/2024,15,6341
23/08/2024,16,8133
23/08/2024,17,12738
23/08/2024,18,16123
23/08/2024,19,11393
23/08/2024,20,9381
23/08/2024,21,8688
23/08/2024,22,7993
23/08/2024,23,5171
23/09/2022,0,4169
23/09/2022,1,2658
23/09/2022,2,1573
23/09/2022,3,1021
23/09/2022,4,854
23/09/2022,5,1559
23/09/2022,6,3711
23/09/2022,7,10407
23/09/2022,8,15683
23/09/2022,9,8080
23/09/2022,10,5544
23/09/2022,11,3107
23/09/2022,12,5224
23/09/2022,13,6402
23/09/2022,14,7114
23/09/2022,15,8984
23/09/2022,16,11222
23/09/2022,17,15801
23/09/2022,18,19745
23/09/2022,19,12429
23/09/2022,20,9733
23/09/2022,21,9153
23/09/2022,22,8914
23/09/2022,23,5906
23/09/2023,0,5035
23/09/2023,1,3670
23/09/2023,2,2382
23/09/2023,3,1609
23/09/2023,4,1203
23/09/2023,5,1378
23/09/2023,6,2215
23/09/2023,7,3695
23/09/2023,8,6150
23/09/2023,9,7359
23/09/2023,10,7929
23/09/2023,11,8772
23/09/2023,12,10010
23/09/2023,13,10340
23/09/2023,14,10844
23/09/2023,15,11940
23/09/2023,16,13296
23/09/2023,17,14601
23/09/2023,18,14493
23/09/2023,19,12042
23/09/2023,20,11298
23/09/2023,21,10946
23/09/2023,22,8765
23/09/2023,23,6486
23/09/2024,0,2828
23/09/2024,1,1630
23/09/2024,2,1001
23/09/2024,3,730
23/09/2024,4,822
23/09/2024,5,2007
23/09/2024,6,4911
23/09/2024,7,12311
23/09/2024,8,15708
23/09/2024,9,7408
23/09/2024,10,5083
23/09/2024,11,6119
23/09/2024,12,6421
23/09/2024,13,5823
23/09/2024,14,6143
23/09/2024,15,7782
23/09/2024,16,10260
23/09/2024,17,16418
23/09/2024,18,22850
23/09/2024,19,15043
23/09/2024,20,12373
23/09/2024,21,10955
23/09/2024,22,8772
23/09/2024,23,4897
23/10/2022,0,4623
23/10/2022,1,3104
23/10/2022,2,2038
23/10/2022,3,1231
23/10/2022,4,815
23/10/2022,5,754
23/10/2022,6,980
23/10/2022,7,1890
23/10/2022,8,3041
23/10/2022,9,4226
23/10/2022,10,5034
23/10/2022,11,6076
23/10/2022,12,7413
23/10/2022,13,8524
23/10/2022,14,9542
23/10/2022,15,10271
23/10/2022,16,10775
23/10/2022,17,10274
23/10/2022,18,8315
23/10/2022,19,6680
23/10/2022,20,5901
23/10/2022,21,5460
23/10/2022,22,4437
23/10/2022,23,3148
23/10/2023,0,2625
23/10/2023,1,1530
23/10/2023,2,1009
23/10/2023,3,724
23/10/2023,4,766
23/10/2023,5,1676
23/10/2023,6,4106
23/10/2023,7,11273
23/10/2023,8,16046
23/10/2023,9,8051
23/10/2023,10,5720
23/10/2023,11,6609
23/10/2023,12,7110
23/10/2023,13,6899
23/10/2023,14,7111
23/10/2023,15,8710
23/10/2023,16,11389
23/10/2023,17,16358
23/10/2023,18,20801
23/10/2023,19,13095
23/10/2023,20,10785
23/10/2023,21,9440
23/10/2023,22,7743
23/10/2023,23,4543
23/10/2024,0,405
23/10/2024,1,721
23/10/2024,2,609
23/10/2024,3,365
23/10/2024,4,492
23/10/2024,5,981
23/10/2024,6,2452
23/10/2024,7,8396
23/10/2024,8,13009
23/10/2024,9,6271
23/10/2024,10,4487
23/10/2024,11,5258
23/10/2024,12,5906
23/10/2024,13,5883
23/10/2024,14,5980
23/10/2024,15,7154
23/10/2024,16,9370
23/10/2024,17,13507
23/10/2024,18,17011
23/10/2024,19,10364
23/10/2024,20,8199
23/10/2024,21,7367
23/10/2024,22,6136
23/10/2024,23,3355
23/11/2022,0,2468
23/11/2022,1,1737
23/11/2022,2,1024
23/11/2022,3,758
23/11/2022,4,613
23/11/2022,5,1204
23/11/2022,6,2902
23/11/2022,7,8686
23/11/2022,8,14908
23/11/2022,9,7368
23/11/2022,10,5099
23/11/2022,11,5718
23/11/2022,12,6361
23/11/2022,13,6055
23/11/2022,14,5933
23/11/2022,15,6620
23/11/2022,16,8963
23/11/2022,17,12381
23/11/2022,18,15686
23/11/2022,19,9789
23/11/2022,20,7552
23/11/2022,21,7063
23/11/2022,22,5796
23/11/2022,23,3554
23/11/2023,0,2739
23/11/2023,1,1765
23/11/2023,2,882
23/11/2023,3,554
23/11/2023,4,509
23/11/2023,5,1225
23/11/2023,6,2971
23/11/2023,7,8242
23/11/2023,8,13743
23/11/2023,9,7091
23/11/2023,10,4945
23/11/2023,11,5542
23/11/2023,12,5807
23/11/2023,13,5743
23/11/2023,14,5608
23/11/2023,15,6252
23/11/2023,16,8427
23/11/2023,17,10796
23/11/2023,18,12846
23/11/2023,19,7532
23/11/2023,20,5589
23/11/2023,21,5229
23/11/2023,22,4394
23/11/2023,23,2721
23/11/2024,0,2584
23/11/2024,1,1959
23/11/2024,2,1365
23/11/2024,3,950
23/11/2024,4,664
23/11/2024,5,853
23/11/2024,6,1110
23/11/2024,7,2045
23/11/2024,8,3645
23/11/2024,9,4718
23/11/2024,10,4999
23/11/2024,11,5325
23/11/2024,12,6117
23/11/2024,13,6614
23/11/2024,14,6711
23/11/2024,15,7019
23/11/2024,16,7208
23/11/2024,17,6922
23/11/2024,18,5709
23/11/2024,19,4602
23/11/2024,20,3959
23/11/2024,21,3956
23/11/2024,22,3428
23/11/2024,23,2614
23/12/2022,0,754
23/12/2022,1,665
23/12/2022,2,417
23/12/2022,3,253
23/12/2022,4,237
23/12/2022,5,389
23/12/2022,6,769
23/12/2022,7,1952
23/12/2022,8,3713
23/12/2022,9,1804
23/12/2022,10,1279
23/12/2022,11,1415
23/12/2022,12,1522
23/12/2022,13,1540
23/12/2022,14,1605
23/12/2022,15,1702
23/12/2022,16,2076
23/12/2022,17,2535
23/12/2022,18,2930
23/12/2022,19,1688
23/12/2022,20,1331
23/12/2022,21,1161
23/12/2022,22,1131
23/12/2022,23,855
23/12/2023,0,1103
23/12/2023,1,910
23/12/2023,2,677
23/12/2023,3,486
23/12/2023,4,357
23/12/2023,5,421
23/12/2023,6,536
23/12/2023,7,780
23/12/2023,8,1465
23/12/2023,9,1874
23/12/2023,10,2125
23/12/2023,11,2255
23/12/2023,12,2618
23/12/2023,13,2780
23/12/2023,14,2805
23/12/2023,15,3040
23/12/2023,16,3008
23/12/2023,17,3160
23/12/2023,18,2535
23/12/2023,19,1946
23/12/2023,20,1782
23/12/2023,21,1767
23/12/2023,22,1585
23/12/2023,23,1312
23/12/2024,0,987
23/12/2024,1,635
23/12/2024,2,440
23/12/2024,3,354
23/12/2024,4,437
23/12/2024,5,932
23/12/2024,6,1997
23/12/2024,7,4967
23/12/2024,8,7884
23/12/2024,9,3610
23/12/2024,10,2376
23/12/2024,11,2772
23/12/2024,12,3049
23/12/2024,13,3229
23/12/2024,14,3601
23/12/2024,15,3778
23/12/2024,16,4643
23/12/2024,17,6461
23/12/2024,18,7835
23/12/2024,19,4936
23/12/2024,20,3608
23/12/2024,21,3208
23/12/2024,22,2683
23/12/2024,23,1719
24/01/2022,0,628
24/01/2022,1,419
24/01/2022,2,279
24/01/2022,3,223
24/01/2022,4,222
24/01/2022,5,519
24/01/2022,6,1165
24/01/2022,7,2858
24/01/2022,8,5772
24/01/2022,9,2998
24/01/2022,10,2090
24/01/2022,11,2691
24/01/2022,12,3010
24/01/2022,13,2965
24/01/2022,14,3163
24/01/2022,15,3273
24/01/2022,16,3829
24/01/2022,17,5111
24/01/2022,18,7342
24/01/2022,19,4581
24/01/2022,20,3577
24/01/2022,21,3675
24/01/2022,22,2313
24/01/2022,23,1185
24/01/2023,0,694
24/01/2023,1,465
24/01/2023,2,313
24/01/2023,3,214
24/01/2023,4,146
24/01/2023,5,141
24/01/2023,6,181
24/01/2023,7,303
24/01/2023,8,526
24/01/2023,9,615
24/01/2023,10,657
24/01/2023,11,835
24/01/2023,12,924
24/01/2023,13,1012
24/01/2023,14,1051
24/01/2023,15,1108
24/01/2023,16,1128
24/01/2023,17,1099
24/01/2023,18,974
24/01/2023,19,740
24/01/2023,20,605
24/01/2023,21,588
24/01/2023,22,520
24/01/2023,23,426
24/01/2024,0,789
24/01/2024,1,595
24/01/2024,2,381
24/01/2024,3,286
24/01/2024,4,297
24/01/2024,5,704
24/01/2024,6,1448
24/01/2024,7,2961
24/01/2024,8,5368
24/01/2024,9,2537
24/01/2024,10,1608
24/01/2024,11,1869
24/01/2024,12,2051
24/01/2024,13,2055
24/01/2024,14,2127
24/01/2024,15,2170
24/01/2024,16,2901
24/01/2024,17,4225
24/01/2024,18,5481
24/01/2024,19,3176
24/01/2024,20,2379
24/01/2024,21,2176
24/01/2024,22,1918
24/01/2024,23,1271
24/02/2022,0,568
24/02/2022,1,448
24/02/2022,2,308
24/02/2022,3,227
24/02/2022,4,215
24/02/2022,5,434
24/02/2022,6,883
24/02/2022,7,2399
24/02/2022,8,4922
24/02/2022,9,2618
24/02/2022,10,1991
24/02/2022,11,2362
24/02/2022,12,2628
24/02/2022,13,2692
24/02/2022,14,2739
24/02/2022,15,2868
24/02/2022,16,3338
24/02/2022,17,4375
24/02/2022,18,5759
24/02/2022,19,3478
24/02/2022,20,2724
24/02/2022,21,2524
24/02/2022,22,2141
24/02/2022,23,1091
24/02/2023,0,2028
24/02/2023,1,1518
24/02/2023,2,946
24/02/2023,3,615
24/02/2023,4,548
24/02/2023,5,905
24/02/2023,6,1891
24/02/2023,7,4603
24/02/2023,8,8673
24/02/2023,9,4597
24/02/2023,10,3269
24/02/2023,11,3905
24/02/2023,12,4325
24/02/2023,13,4252
24/02/2023,14,4319
24/02/2023,15,4839
24/02/2023,16,5814
24/02/2023,17,7772
24/02/2023,18,9640
24/02/2023,19,5301
24/02/2023,20,3883
24/02/2023,21,3494
24/02/2023,22,3198
24/02/2023,23,2251
24/02/2024,0,1807
24/02/2024,1,1484
24/02/2024,2,1041
24/02/2024,3,750
24/02/2024,4,525
24/02/2024,5,574
24/02/2024,6,850
24/02/2024,7,1345
24/02/2024,8,2623
24/02/2024,9,3174
24/02/2024,10,3463
24/02/2024,11,3985
24/02/2024,12,4409
24/02/2024,13,4875
24/02/2024,14,4887
24/02/2024,15,4986
24/02/2024,16,5131
24/02/2024,17,4851
24/02/2024,18,2753
24/02/2024,19,591
24/02/2024,20,362
24/02/2024,21,396
24/02/2024,22,471
24/02/2024,23,371
24/03/2022,0,1513
24/03/2022,1,887
24/03/2022,2,536
24/03/2022,3,406
24/03/2022,4,382
24/03/2022,5,721
24/03/2022,6,1695
24/03/2022,7,4826
24/03/2022,8,8046
24/03/2022,9,4053
24/03/2022,10,2776
24/03/2022,11,3497
24/03/2022,12,3816
24/03/2022,13,3909
24/03/2022,14,3888
24/03/2022,15,4118
24/03/2022,16,5902
24/03/2022,17,8166
24/03/2022,18,11408
24/03/2022,19,6675
24/03/2022,20,4954
24/03/2022,21,4612
24/03/2022,22,5056
24/03/2022,23,3077
24/03/2023,0,2893
24/03/2023,1,1958
24/03/2023,2,1192
24/03/2023,3,729
24/03/2023,4,608
24/03/2023,5,1172
24/03/2023,6,2793
24/03/2023,7,8345
24/03/2023,8,12547
24/03/2023,9,6442
24/03/2023,10,4785
24/03/2023,11,5735
24/03/2023,12,6332
24/03/2023,13,6340
24/03/2023,14,6548
24/03/2023,15,7733
24/03/2023,16,9610
24/03/2023,17,12886
24/03/2023,18,15782
24/03/2023,19,9682
24/03/2023,20,7229
24/03/2023,21,6729
24/03/2023,22,6612
24/03/2023,23,4352
24/03/2024,0,3120
24/03/2024,1,2150
24/03/2024,2,1455
24/03/2024,3,983
24/03/2024,4,667
24/03/2024,5,562
24/03/2024,6,889
24/03/2024,7,1603
24/03/2024,8,2736
24/03/2024,9,3830
24/03/2024,10,5116
24/03/2024,11,6106
24/03/2024,12,8005
24/03/2024,13,9990
24/03/2024,14,11677
24/03/2024,15,13323
24/03/2024,16,13754
24/03/2024,17,13556
24/03/2024,18,11928
24/03/2024,19,9080
24/03/2024,20,7397
24/03/2024,21,6284
24/03/2024,22,4876
24/03/2024,23,3058
24/04/2022,0,4350
24/04/2022,1,2968
24/04/2022,2,1940
24/04/2022,3,1333
24/04/2022,4,910
24/04/2022,5,658
24/04/2022,6,779
24/04/2022,7,1374
24/04/2022,8,2613
24/04/2022,9,3523
24/04/2022,10,4614
24/04/2022,11,6004
24/04/2022,12,7480
24/04/2022,13,8742
24/04/2022,14,9741
24/04/2022,15,11028
24/04/2022,16,11444
24/04/2022,17,11686
24/04/2022,18,10727
24/04/2022,19,9021
24/04/2022,20,7471
24/04/2022,21,6469
24/04/2022,22,4904
24/04/2022,23,3288
24/04/2023,0,2732
24/04/2023,1,1711
24/04/2023,2,1051
24/04/2023,3,709
24/04/2023,4,647
24/04/2023,5,1579
24/04/2023,6,3785
24/04/2023,7,10478
24/04/2023,8,14580
24/04/2023,9,7308
24/04/2023,10,5156
24/04/2023,11,6151
24/04/2023,12,6814
24/04/2023,13,6556
24/04/2023,14,6354
24/04/2023,15,7688
24/04/2023,16,10140
24/04/2023,17,14396
24/04/2023,18,20471
24/04/2023,19,12421
24/04/2023,20,10035
24/04/2023,21,8636
24/04/2023,22,7138
24/04/2023,23,4087
24/04/2024,0,2544
24/04/2024,1,1729
24/04/2024,2,1018
24/04/2024,3,660
24/04/2024,4,250
24/04/2024,5,157
24/04/2024,6,241
24/04/2024,7,763
24/04/2024,8,1672
24/04/2024,9,1171
24/04/2024,10,2689
24/04/2024,11,3970
24/04/2024,12,4902
24/04/2024,13,5083
24/04/2024,14,5443
24/04/2024,15,6608
24/04/2024,16,8570
24/04/2024,17,12241
24/04/2024,18,15433
24/04/2024,19,10089
24/04/2024,20,7880
24/04/2024,21,6897
24/04/2024,22,5721
24/04/2024,23,3551
24/05/2022,0,3691
24/05/2022,1,2221
24/05/2022,2,1349
24/05/2022,3,883
24/05/2022,4,707
24/05/2022,5,1532
24/05/2022,6,3892
24/05/2022,7,10259
24/05/2022,8,15040
24/05/2022,9,7355
24/05/2022,10,5011
24/05/2022,11,5786
24/05/2022,12,6140
24/05/2022,13,5667
24/05/2022,14,5650
24/05/2022,15,6327
24/05/2022,16,9380
24/05/2022,17,14226
24/05/2022,18,20799
24/05/2022,19,14052
24/05/2022,20,11840
24/05/2022,21,10724
24/05/2022,22,8857
24/05/2022,23,5530
24/05/2023,0,3703
24/05/2023,1,2353
24/05/2023,2,1543
24/05/2023,3,968
24/05/2023,4,902
24/05/2023,5,1878
24/05/2023,6,4622
24/05/2023,7,12519
24/05/2023,8,17462
24/05/2023,9,8569
24/05/2023,10,5814
24/05/2023,11,6611
24/05/2023,12,7313
24/05/2023,13,6922
24/05/2023,14,6976
24/05/2023,15,8090
24/05/2023,16,10961
24/05/2023,17,16297
24/05/2023,18,21844
24/05/2023,19,14398
24/05/2023,20,12010
24/05/2023,21,10941
24/05/2023,22,9419
24/05/2023,23,5590
24/05/2024,0,3442
24/05/2024,1,2350
24/05/2024,2,1495
24/05/2024,3,1006
24/05/2024,4,850
24/05/2024,5,1879
24/05/2024,6,4446
24/05/2024,7,11745
24/05/2024,8,15816
24/05/2024,9,8094
24/05/2024,10,5938
24/05/2024,11,6806
24/05/2024,12,7592
24/05/2024,13,7144
24/05/2024,14,7574
24/05/2024,15,9038
24/05/2024,16,11290
24/05/2024,17,16119
24/05/2024,18,19367
24/05/2024,19,12925
24/05/2024,20,10438
24/05/2024,21,9913
24/05/2024,22,8891
24/05/2024,23,5759
24/06/2022,0,241
24/06/2022,1,269
24/06/2022,2,623
24/06/2022,3,581
24/06/2022,4,526
24/06/2022,5,871
24/06/2022,6,1558
24/06/2022,7,5798
24/06/2022,8,10787
24/06/2022,9,5887
24/06/2022,10,4580
24/06/2022,11,5672
24/06/2022,12,6113
24/06/2022,13,5766
24/06/2022,14,4867
24/06/2022,15,6858
24/06/2022,16,9365
24/06/2022,17,13861
24/06/2022,18,19171
24/06/2022,19,12999
24/06/2022,20,10205
24/06/2022,21,9879
24/06/2022,22,9161
24/06/2022,23,6530
24/06/2023,0,5115
24/06/2023,1,3808
24/06/2023,2,2597
24/06/2023,3,1728
24/06/2023,4,1221
24/06/2023,5,1474
24/06/2023,6,2259
24/06/2023,7,3435
24/06/2023,8,5631
24/06/2023,9,6512
24/06/2023,10,6900
24/06/2023,11,7305
24/06/2023,12,8056
24/06/2023,13,7980
24/06/2023,14,8069
24/06/2023,15,8203
24/06/2023,16,9137
24/06/2023,17,10056
24/06/2023,18,10440
24/06/2023,19,10351
24/06/2023,20,10638
24/06/2023,21,10036
24/06/2023,22,8562
24/06/2023,23,6412
24/06/2024,0,1633
24/06/2024,1,1062
24/06/2024,2,836
24/06/2024,3,662
24/06/2024,4,742
24/06/2024,5,1869
24/06/2024,6,4620
24/06/2024,7,11682
24/06/2024,8,14745
24/06/2024,9,7148
24/06/2024,10,4778
24/06/2024,11,5580
24/06/2024,12,5670
24/06/2024,13,5422
24/06/2024,14,5643
24/06/2024,15,7054
24/06/2024,16,9476
24/06/2024,17,14755
24/06/2024,18,20961
24/06/2024,19,14625
24/06/2024,20,12577
24/06/2024,21,11313
24/06/2024,22,8872
24/06/2024,23,5061
24/07/2022,0,449
24/07/2022,1,914
24/07/2022,2,829
24/07/2022,3,735
24/07/2022,4,608
24/07/2022,5,660
24/07/2022,6,991
24/07/2022,7,1803
24/07/2022,8,3055
24/07/2022,9,3679
24/07/2022,10,4106
24/07/2022,11,5097
24/07/2022,12,6261
24/07/2022,13,6341
24/07/2022,14,6036
24/07/2022,15,7404
24/07/2022,16,8375
24/07/2022,17,9164
24/07/2022,18,9284
24/07/2022,19,9240
24/07/2022,20,8731
24/07/2022,21,8149
24/07/2022,22,6685
24/07/2022,23,4629
24/07/2023,0,1477
24/07/2023,1,920
24/07/2023,2,766
24/07/2023,3,625
24/07/2023,4,634
24/07/2023,5,1559
24/07/2023,6,3534
24/07/2023,7,8040
24/07/2023,8,12653
24/07/2023,9,6571
24/07/2023,10,4686
24/07/2023,11,5520
24/07/2023,12,6102
24/07/2023,13,5535
24/07/2023,14,5376
24/07/2023,15,6062
24/07/2023,16,7751
24/07/2023,17,13088
24/07/2023,18,19013
24/07/2023,19,13909
24/07/2023,20,12121
24/07/2023,21,10960
24/07/2023,22,8848
24/07/2023,23,5319
24/07/2024,0,2720
24/07/2024,1,1046
24/07/2024,2,532
24/07/2024,3,531
24/07/2024,4,522
24/07/2024,5,591
24/07/2024,6,1998
24/07/2024,7,4890
24/07/2024,8,6371
24/07/2024,9,4327
24/07/2024,10,3352
24/07/2024,11,4238
24/07/2024,12,5147
24/07/2024,13,5049
24/07/2024,14,4910
24/07/2024,15,5554
24/07/2024,16,6948
24/07/2024,17,11703
24/07/2024,18,15917
24/07/2024,19,11012
24/07/2024,20,9345
24/07/2024,21,8616
24/07/2024,22,7237
24/07/2024,23,4203
24/08/2022,0,3807
24/08/2022,1,2541
24/08/2022,2,1569
24/08/2022,3,1024
24/08/2022,4,809
24/08/2022,5,1684
24/08/2022,6,3783
24/08/2022,7,9626
24/08/2022,8,13745
24/08/2022,9,7089
24/08/2022,10,4818
24/08/2022,11,5733
24/08/2022,12,6011
24/08/2022,13,5881
24/08/2022,14,5939
24/08/2022,15,6996
24/08/2022,16,9445
24/08/2022,17,13839
24/08/2022,18,19663
24/08/2022,19,13793
24/08/2022,20,11740
24/08/2022,21,10768
24/08/2022,22,9024
24/08/2022,23,5551
24/08/2023,0,2253
24/08/2023,1,1691
24/08/2023,2,1238
24/08/2023,3,406
24/08/2023,4,254
24/08/2023,5,704
24/08/2023,6,1263
24/08/2023,7,6227
24/08/2023,8,10780
24/08/2023,9,6057
24/08/2023,10,4415
24/08/2023,11,4766
24/08/2023,12,5303
24/08/2023,13,5254
24/08/2023,14,5260
24/08/2023,15,6020
24/08/2023,16,9234
24/08/2023,17,13180
24/08/2023,18,18476
24/08/2023,19,12653
24/08/2023,20,10247
24/08/2023,21,9708
24/08/2023,22,8241
24/08/2023,23,5119
24/08/2024,0,3847
24/08/2024,1,2904
24/08/2024,2,1936
24/08/2024,3,1358
24/08/2024,4,1004
24/08/2024,5,1319
24/08/2024,6,2141
24/08/2024,7,3087
24/08/2024,8,4648
24/08/2024,9,5412
24/08/2024,10,5457
24/08/2024,11,4563
24/08/2024,12,3443
24/08/2024,13,4290
24/08/2024,14,4658
24/08/2024,15,5610
24/08/2024,16,5897
24/08/2024,17,7390
24/08/2024,18,7103
24/08/2024,19,6454
24/08/2024,20,6017
24/08/2024,21,6862
24/08/2024,22,6011
24/08/2024,23,4102
24/09/2022,0,4851
24/09/2022,1,3487
24/09/2022,2,2203
24/09/2022,3,1389
24/09/2022,4,969
24/09/2022,5,1001
24/09/2022,6,1667
24/09/2022,7,3049
24/09/2022,8,5209
24/09/2022,9,6575
24/09/2022,10,7118
24/09/2022,11,8151
24/09/2022,12,9474
24/09/2022,13,10242
24/09/2022,14,10755
24/09/2022,15,12134
24/09/2022,16,13427
24/09/2022,17,14447
24/09/2022,18,13574
24/09/2022,19,11165
24/09/2022,20,10663
24/09/2022,21,10121
24/09/2022,22,8705
24/09/2022,23,6371
24/09/2023,0,4982
24/09/2023,1,1303
24/09/2023,2,276
24/09/2023,3,1253
24/09/2023,4,1091
24/09/2023,5,1122
24/09/2023,6,1668
24/09/2023,7,2731
24/09/2023,8,4274
24/09/2023,9,5764
24/09/2023,10,6716
24/09/2023,11,7655
24/09/2023,12,9449
24/09/2023,13,10472
24/09/2023,14,11048
24/09/2023,15,12421
24/09/2023,16,13994
24/09/2023,17,14514
24/09/2023,18,13591
24/09/2023,19,11678
24/09/2023,20,10666
24/09/2023,21,9377
24/09/2023,22,6844
24/09/2023,23,4490
24/09/2024,0,3175
24/09/2024,1,1966
24/09/2024,2,1204
24/09/2024,3,904
24/09/2024,4,856
24/09/2024,5,2071
24/09/2024,6,4986
24/09/2024,7,13096
24/09/2024,8,17655
24/09/2024,9,8018
24/09/2024,10,5488
24/09/2024,11,6254
24/09/2024,12,6590
24/09/2024,13,6120
24/09/2024,14,5939
24/09/2024,15,7092
24/09/2024,16,10817
24/09/2024,17,16257
24/09/2024,18,22101
24/09/2024,19,14008
24/09/2024,20,11878
24/09/2024,21,10707
24/09/2024,22,8978
24/09/2024,23,5007
24/10/2022,0,2355
24/10/2022,1,1376
24/10/2022,2,907
24/10/2022,3,590
24/10/2022,4,570
24/10/2022,5,1338
24/10/2022,6,3055
24/10/2022,7,8987
24/10/2022,8,13732
24/10/2022,9,6823
24/10/2022,10,4750
24/10/2022,11,5475
24/10/2022,12,6085
24/10/2022,13,5864
24/10/2022,14,5884
24/10/2022,15,7046
24/10/2022,16,9164
24/10/2022,17,12191
24/10/2022,18,16296
24/10/2022,19,10229
24/10/2022,20,8163
24/10/2022,21,7315
24/10/2022,22,6168
24/10/2022,23,3612
24/10/2023,0,2979
24/10/2023,1,1870
24/10/2023,2,1192
24/10/2023,3,898
24/10/2023,4,791
24/10/2023,5,1867
24/10/2023,6,4267
24/10/2023,7,12027
24/10/2023,8,17536
24/10/2023,9,8518
24/10/2023,10,5848
24/10/2023,11,6925
24/10/2023,12,7319
24/10/2023,13,7023
24/10/2023,14,6921
24/10/2023,15,7688
24/10/2023,16,11428
24/10/2023,17,15871
24/10/2023,18,20239
24/10/2023,19,13192
24/10/2023,20,10804
24/10/2023,21,9785
24/10/2023,22,8102
24/10/2023,23,4676
24/10/2024,0,2451
24/10/2024,1,1675
24/10/2024,2,1047
24/10/2024,3,798
24/10/2024,4,739
24/10/2024,5,1685
24/10/2024,6,3743
24/10/2024,7,10488
24/10/2024,8,15051
24/10/2024,9,6997
24/10/2024,10,4877
24/10/2024,11,5819
24/10/2024,12,6182
24/10/2024,13,6142
24/10/2024,14,6174
24/10/2024,15,7231
24/10/2024,16,9971
24/10/2024,17,14075
24/10/2024,18,17234
24/10/2024,19,10622
24/10/2024,20,8601
24/10/2024,21,7710
24/10/2024,22,6313
24/10/2024,23,3751
24/11/2022,0,2809
24/11/2022,1,1899
24/11/2022,2,1031
24/11/2022,3,731
24/11/2022,4,581
24/11/2022,5,1241
24/11/2022,6,2864
24/11/2022,7,8623
24/11/2022,8,14549
24/11/2022,9,7172
24/11/2022,10,4923
24/11/2022,11,5678
24/11/2022,12,6272
24/11/2022,13,5967
24/11/2022,14,5999
24/11/2022,15,6667
24/11/2022,16,9190
24/11/2022,17,12127
24/11/2022,18,15477
24/11/2022,19,10148
24/11/2022,20,8417
24/11/2022,21,8233
24/11/2022,22,4302
24/11/2022,23,2032
24/11/2023,0,2071
24/11/2023,1,1297
24/11/2023,2,829
24/11/2023,3,608
24/11/2023,4,557
24/11/2023,5,1137
24/11/2023,6,2535
24/11/2023,7,7011
24/11/2023,8,10836
24/11/2023,9,5330
24/11/2023,10,3788
24/11/2023,11,4232
24/11/2023,12,4403
24/11/2023,13,4270
24/11/2023,14,4458
24/11/2023,15,5119
24/11/2023,16,6052
24/11/2023,17,8170
24/11/2023,18,9192
24/11/2023,19,5271
24/11/2023,20,3844
24/11/2023,21,3454
24/11/2023,22,3217
24/11/2023,23,2212
24/11/2024,0,2470
24/11/2024,1,1661
24/11/2024,2,1232
24/11/2024,3,825
24/11/2024,4,598
24/11/2024,5,575
24/11/2024,6,852
24/11/2024,7,1492
24/11/2024,8,2478
24/11/2024,9,3386
24/11/2024,10,4134
24/11/2024,11,4658
24/11/2024,12,5569
24/11/2024,13,6254
24/11/2024,14,6682
24/11/2024,15,7054
24/11/2024,16,7092
24/11/2024,17,6557
24/11/2024,18,5339
24/11/2024,19,4382
24/11/2024,20,4054
24/11/2024,21,3623
24/11/2024,22,2847
24/11/2024,23,2087
24/12/2022,0,853
24/12/2022,1,740
24/12/2022,2,581
24/12/2022,3,383
24/12/2022,4,238
24/12/2022,5,254
24/12/2022,6,355
24/12/2022,7,561
24/12/2022,8,1046
24/12/2022,9,1337
24/12/2022,10,1418
24/12/2022,11,1639
24/12/2022,12,1853
24/12/2022,13,1987
24/12/2022,14,2027
24/12/2022,15,2095
24/12/2022,16,2231
24/12/2022,17,2021
24/12/2022,18,1666
24/12/2022,19,1327
24/12/2022,20,1077
24/12/2022,21,1083
24/12/2022,22,964
24/12/2022,23,876
24/12/2023,0,1145
24/12/2023,1,930
24/12/2023,2,648
24/12/2023,3,328
24/12/2023,4,165
24/12/2023,5,173
24/12/2023,6,226
24/12/2023,7,305
24/12/2023,8,551
24/12/2023,9,871
24/12/2023,10,1033
24/12/2023,11,1134
24/12/2023,12,1567
24/12/2023,13,1812
24/12/2023,14,1935
24/12/2023,15,2155
24/12/2023,16,2264
24/12/2023,17,2098
24/12/2023,18,1844
24/12/2023,19,1495
24/12/2023,20,1321
24/12/2023,21,1362
24/12/2023,22,1207
24/12/2023,23,1022
24/12/2024,0,1358
24/12/2024,1,1037
24/12/2024,2,713
24/12/2024,3,533
24/12/2024,4,469
24/12/2024,5,961
24/12/2024,6,2008
24/12/2024,7,4964
24/12/2024,8,7936
24/12/2024,9,3705
24/12/2024,10,2575
24/12/2024,11,3043
24/12/2024,12,3393
24/12/2024,13,3404
24/12/2024,14,3723
24/12/2024,15,4239
24/12/2024,16,5138
24/12/2024,17,6765
24/12/2024,18,7502
24/12/2024,19,4529
24/12/2024,20,3169
24/12/2024,21,2723
24/12/2024,22,2323
24/12/2024,23,1572
25/01/2022,0,854
25/01/2022,1,638
25/01/2022,2,443
25/01/2022,3,227
25/01/2022,4,177
25/01/2022,5,440
25/01/2022,6,967
25/01/2022,7,2131
25/01/2022,8,3130
25/01/2022,9,1645
25/01/2022,10,1113
25/01/2022,11,1236
25/01/2022,12,1458
25/01/2022,13,1734
25/01/2022,14,2191
25/01/2022,15,2562
25/01/2022,16,3111
25/01/2022,17,4365
25/01/2022,18,6206
25/01/2022,19,3996
25/01/2022,20,3131
25/01/2022,21,3221
25/01/2022,22,1943
25/01/2022,23,1068
25/01/2023,0,422
25/01/2023,1,274
25/01/2023,2,204
25/01/2023,3,120
25/01/2023,4,133
25/01/2023,5,378
25/01/2023,6,815
25/01/2023,7,1708
25/01/2023,8,3476
25/01/2023,9,1863
25/01/2023,10,1232
25/01/2023,11,1378
25/01/2023,12,1621
25/01/2023,13,1579
25/01/2023,14,1775
25/01/2023,15,1893
25/01/2023,16,2296
25/01/2023,17,3309
25/01/2023,18,4549
25/01/2023,19,2755
25/01/2023,20,2111
25/01/2023,21,1877
25/01/2023,22,1582
25/01/2023,23,979
25/01/2024,0,1022
25/01/2024,1,782
25/01/2024,2,508
25/01/2024,3,385
25/01/2024,4,357
25/01/2024,5,781
25/01/2024,6,1657
25/01/2024,7,3524
25/01/2024,8,6115
25/01/2024,9,2950
25/01/2024,10,1946
25/01/2024,11,2274
25/01/2024,12,2567
25/01/2024,13,2587
25/01/2024,14,2630
25/01/2024,15,2828
25/01/2024,16,3542
25/01/2024,17,5257
25/01/2024,18,6746
25/01/2024,19,4181
25/01/2024,20,3144
25/01/2024,21,2666
25/01/2024,22,2317
25/01/2024,23,1608
25/02/2022,0,796
25/02/2022,1,591
25/02/2022,2,395
25/02/2022,3,266
25/02/2022,4,243
25/02/2022,5,481
25/02/2022,6,958
25/02/2022,7,2448
25/02/2022,8,5132
25/02/2022,9,2776
25/02/2022,10,2299
25/02/2022,11,2815
25/02/2022,12,3165
25/02/2022,13,3188
25/02/2022,14,3299
25/02/2022,15,3578
25/02/2022,16,4008
25/02/2022,17,5245
25/02/2022,18,6266
25/02/2022,19,3958
25/02/2022,20,2965
25/02/2022,21,2680
25/02/2022,22,2576
25/02/2022,23,1438
25/02/2023,0,1994
25/02/2023,1,1612
25/02/2023,2,1163
25/02/2023,3,722
25/02/2023,4,506
25/02/2023,5,551
25/02/2023,6,786
25/02/2023,7,1322
25/02/2023,8,2504
25/02/2023,9,3184
25/02/2023,10,3548
25/02/2023,11,3850
25/02/2023,12,4376
25/02/2023,13,4987
25/02/2023,14,4976
25/02/2023,15,5109
25/02/2023,16,5124
25/02/2023,17,4923
25/02/2023,18,4146
25/02/2023,19,3091
25/02/2023,20,2713
25/02/2023,21,2657
25/02/2023,22,2292
25/02/2023,23,1887
25/02/2024,0,351
25/02/2024,1,281
25/02/2024,2,275
25/02/2024,3,202
25/02/2024,4,133
25/02/2024,5,120
25/02/2024,6,190
25/02/2024,7,453
25/02/2024,8,625
25/02/2024,9,1087
25/02/2024,10,1679
25/02/2024,11,2340
25/02/2024,12,3202
25/02/2024,13,3605
25/02/2024,14,3954
25/02/2024,15,4306
25/02/2024,16,4642
25/02/2024,17,4893
25/02/2024,18,4369
25/02/2024,19,3255
25/02/2024,20,2931
25/02/2024,21,2634
25/02/2024,22,2239
25/02/2024,23,1619
25/03/2022,0,1959
25/03/2022,1,1094
25/03/2022,2,642
25/03/2022,3,429
25/03/2022,4,387
25/03/2022,5,712
25/03/2022,6,1654
25/03/2022,7,4835
25/03/2022,8,8090
25/03/2022,9,4371
25/03/2022,10,3314
25/03/2022,11,4019
25/03/2022,12,4613
25/03/2022,13,4658
25/03/2022,14,4738
25/03/2022,15,5359
25/03/2022,16,6455
25/03/2022,17,8446
25/03/2022,18,10182
25/03/2022,19,3812
25/03/2022,20,234
25/03/2022,21,138
25/03/2022,22,126
25/03/2022,23,135
25/03/2023,0,3660
25/03/2023,1,2735
25/03/2023,2,1795
25/03/2023,3,1188
25/03/2023,4,744
25/03/2023,5,819
25/03/2023,6,1186
25/03/2023,7,2270
25/03/2023,8,4124
25/03/2023,9,5533
25/03/2023,10,6217
25/03/2023,11,7251
25/03/2023,12,8441
25/03/2023,13,9450
25/03/2023,14,10170
25/03/2023,15,10941
25/03/2023,16,11207
25/03/2023,17,10649
25/03/2023,18,9046
25/03/2023,19,7220
25/03/2023,20,6544
25/03/2023,21,6303
25/03/2023,22,5348
25/03/2023,23,4117
25/03/2024,0,2330
25/03/2024,1,1338
25/03/2024,2,798
25/03/2024,3,594
25/03/2024,4,730
25/03/2024,5,1485
25/03/2024,6,3553
25/03/2024,7,8889
25/03/2024,8,12048
25/03/2024,9,5745
25/03/2024,10,3858
25/03/2024,11,4306
25/03/2024,12,4287
25/03/2024,13,1122
25/03/2024,14,408
25/03/2024,15,522
25/03/2024,16,895
25/03/2024,17,1466
25/03/2024,18,1053
25/03/2024,19,1062
25/03/2024,20,534
25/03/2024,21,429
25/03/2024,22,467
25/03/2024,23,829
25/04/2022,0,2217
25/04/2022,1,1006
25/04/2022,2,558
25/04/2022,3,384
25/04/2022,4,438
25/04/2022,5,791
25/04/2022,6,1806
25/04/2022,7,6084
25/04/2022,8,10903
25/04/2022,9,5610
25/04/2022,10,4104
25/04/2022,11,4989
25/04/2022,12,5784
25/04/2022,13,5611
25/04/2022,14,5819
25/04/2022,15,6531
25/04/2022,16,8011
25/04/2022,17,11598
25/04/2022,18,17079
25/04/2022,19,10789
25/04/2022,20,8653
25/04/2022,21,6333
25/04/2022,22,3600
25/04/2022,23,1111
25/04/2023,0,2888
25/04/2023,1,1915
25/04/2023,2,1223
25/04/2023,3,825
25/04/2023,4,659
25/04/2023,5,1485
25/04/2023,6,3642
25/04/2023,7,8068
25/04/2023,8,11170
25/04/2023,9,6085
25/04/2023,10,2864
25/04/2023,11,2949
25/04/2023,12,1120
25/04/2023,13,1013
25/04/2023,14,1232
25/04/2023,15,2196
25/04/2023,16,2878
25/04/2023,17,4186
25/04/2023,18,6681
25/04/2023,19,5295
25/04/2023,20,5202
25/04/2023,21,5755
25/04/2023,22,5404
25/04/2023,23,3473
25/04/2024,0,2667
25/04/2024,1,1878
25/04/2024,2,1226
25/04/2024,3,796
25/04/2024,4,753
25/04/2024,5,1497
25/04/2024,6,3967
25/04/2024,7,10261
25/04/2024,8,14590
25/04/2024,9,7454
25/04/2024,10,5315
25/04/2024,11,6080
25/04/2024,12,6903
25/04/2024,13,6821
25/04/2024,14,6867
25/04/2024,15,7662
25/04/2024,16,10350
25/04/2024,17,14868
25/04/2024,18,19255
25/04/2024,19,11948
25/04/2024,20,9538
25/04/2024,21,8705
25/04/2024,22,6936
25/04/2024,23,4356
25/05/2022,0,4044
25/05/2022,1,2471
25/05/2022,2,1456
25/05/2022,3,1124
25/05/2022,4,724
25/05/2022,5,1525
25/05/2022,6,3849
25/05/2022,7,10151
25/05/2022,8,15012
25/05/2022,9,7478
25/05/2022,10,5057
25/05/2022,11,5949
25/05/2022,12,6397
25/05/2022,13,6342
25/05/2022,14,6196
25/05/2022,15,7175
25/05/2022,16,9808
25/05/2022,17,14077
25/05/2022,18,12789
25/05/2022,19,5451
25/05/2022,20,2774
25/05/2022,21,1305
25/05/2022,22,840
25/05/2022,23,2172
25/05/2023,0,3728
25/05/2023,1,2491
25/05/2023,2,1577
25/05/2023,3,1027
25/05/2023,4,828
25/05/2023,5,1963
25/05/2023,6,4661
25/05/2023,7,12371
25/05/2023,8,17379
25/05/2023,9,8287
25/05/2023,10,5725
25/05/2023,11,6620
25/05/2023,12,7181
25/05/2023,13,6701
25/05/2023,14,6564
25/05/2023,15,7563
25/05/2023,16,11126
25/05/2023,17,16147
25/05/2023,18,21359
25/05/2023,19,14012
25/05/2023,20,11606
25/05/2023,21,10840
25/05/2023,22,9317
25/05/2023,23,5831
25/05/2024,0,4405
25/05/2024,1,3225
25/05/2024,2,2124
25/05/2024,3,1486
25/05/2024,4,990
25/05/2024,5,1353
25/05/2024,6,2099
25/05/2024,7,3353
25/05/2024,8,5604
25/05/2024,9,6789
25/05/2024,10,7318
25/05/2024,11,8230
25/05/2024,12,9209
25/05/2024,13,9631
25/05/2024,14,10007
25/05/2024,15,10643
25/05/2024,16,11959
25/05/2024,17,12559
25/05/2024,18,12220
25/05/2024,19,11036
25/05/2024,20,10179
25/05/2024,21,9591
25/05/2024,22,7948
25/05/2024,23,5471
25/06/2022,0,5431
25/06/2022,1,4222
25/06/2022,2,2898
25/06/2022,3,1786
25/06/2022,4,1140
25/06/2022,5,1287
25/06/2022,6,1733
25/06/2022,7,2834
25/06/2022,8,4812
25/06/2022,9,5845
25/06/2022,10,6281
25/06/2022,11,7080
25/06/2022,12,7767
25/06/2022,13,7792
25/06/2022,14,7523
25/06/2022,15,7786
25/06/2022,16,8486
25/06/2022,17,9254
25/06/2022,18,9924
25/06/2022,19,9551
25/06/2022,20,9405
25/06/2022,21,9297
25/06/2022,22,8358
25/06/2022,23,6267
25/06/2023,0,5162
25/06/2023,1,3390
25/06/2023,2,2400
25/06/2023,3,1575
25/06/2023,4,1040
25/06/2023,5,1187
25/06/2023,6,1719
25/06/2023,7,2614
25/06/2023,8,3705
25/06/2023,9,4674
25/06/2023,10,5177
25/06/2023,11,5304
25/06/2023,12,6240
25/06/2023,13,6579
25/06/2023,14,6605
25/06/2023,15,7078
25/06/2023,16,8341
25/06/2023,17,9828
25/06/2023,18,10306
25/06/2023,19,10074
25/06/2023,20,9865
25/06/2023,21,9044
25/06/2023,22,6924
25/06/2023,23,4735
25/06/2024,0,3479
25/06/2024,1,2379
25/06/2024,2,1547
25/06/2024,3,1088
25/06/2024,4,953
25/06/2024,5,2316
25/06/2024,6,5433
25/06/2024,7,13201
25/06/2024,8,16428
25/06/2024,9,7891
25/06/2024,10,5264
25/06/2024,11,6080
25/06/2024,12,6500
25/06/2024,13,6071
25/06/2024,14,5972
25/06/2024,15,6911
25/06/2024,16,10968
25/06/2024,17,15704
25/06/2024,18,21564
25/06/2024,19,14965
25/06/2024,20,12896
25/06/2024,21,11684
25/06/2024,22,9498
25/06/2024,23,5452
25/07/2022,0,3375
25/07/2022,1,1977
25/07/2022,2,1193
25/07/2022,3,808
25/07/2022,4,803
25/07/2022,5,1745
25/07/2022,6,3767
25/07/2022,7,8218
25/07/2022,8,12518
25/07/2022,9,6432
25/07/2022,10,4793
25/07/2022,11,5301
25/07/2022,12,5806
25/07/2022,13,5493
25/07/2022,14,5286
25/07/2022,15,5556
25/07/2022,16,6946
25/07/2022,17,12002
25/07/2022,18,19014
25/07/2022,19,14025
25/07/2022,20,11406
25/07/2022,21,4033
25/07/2022,23,5415
25/07/2023,0,3475
25/07/2023,1,2288
25/07/2023,2,1258
25/07/2023,3,879
25/07/2023,4,781
25/07/2023,5,1892
25/07/2023,6,4319
25/07/2023,7,9545
25/07/2023,8,14389
25/07/2023,9,7371
25/07/2023,10,4785
25/07/2023,11,5533
25/07/2023,12,5952
25/07/2023,13,5378
25/07/2023,14,5184
25/07/2023,15,5789
25/07/2023,16,7412
25/07/2023,17,12966
25/07/2023,18,18393
25/07/2023,19,13265
25/07/2023,20,11398
25/07/2023,21,7047
25/07/2023,22,5555
25/07/2023,23,3851
25/07/2024,0,2925
25/07/2024,1,2043
25/07/2024,2,1394
25/07/2024,3,947
25/07/2024,4,870
25/07/2024,5,1951
25/07/2024,6,3974
25/07/2024,7,8386
25/07/2024,8,13282
25/07/2024,9,7097
25/07/2024,10,4722
25/07/2024,11,5002
25/07/2024,12,5100
25/07/2024,13,4699
25/07/2024,14,4703
25/07/2024,15,5275
25/07/2024,16,6839
25/07/2024,17,11717
25/07/2024,18,16151
25/07/2024,19,10812
25/07/2024,20,7141
25/07/2024,21,1845
25/07/2024,22,2471
25/07/2024,23,1846
25/08/2022,0,3643
25/08/2022,1,2504
25/08/2022,2,1554
25/08/2022,3,985
25/08/2022,4,783
25/08/2022,5,1611
25/08/2022,6,3826
25/08/2022,7,9894
25/08/2022,8,13487
25/08/2022,9,6069
25/08/2022,10,3334
25/08/2022,11,1221
25/08/2022,12,774
25/08/2022,13,1061
25/08/2022,14,2191
25/08/2022,15,4566
25/08/2022,16,6055
25/08/2022,17,10873
25/08/2022,18,14877
25/08/2022,19,11936
25/08/2022,20,10320
25/08/2022,21,9810
25/08/2022,22,8404
25/08/2022,23,5400
25/08/2023,0,3623
25/08/2023,1,2456
25/08/2023,2,1584
25/08/2023,3,1151
25/08/2023,4,967
25/08/2023,5,1847
25/08/2023,6,4180
25/08/2023,7,8343
25/08/2023,8,11751
25/08/2023,9,6775
25/08/2023,10,5073
25/08/2023,11,5773
25/08/2023,12,6211
25/08/2023,13,5909
25/08/2023,14,6131
25/08/2023,15,7753
25/08/2023,16,9851
25/08/2023,17,14320
25/08/2023,18,19347
25/08/2023,19,13538
25/08/2023,20,11206
25/08/2023,21,10360
25/08/2023,22,9337
25/08/2023,23,6107
25/08/2024,0,3333
25/08/2024,1,2301
25/08/2024,2,1570
25/08/2024,3,1133
25/08/2024,4,835
25/08/2024,5,922
25/08/2024,6,1452
25/08/2024,7,2125
25/08/2024,8,3281
25/08/2024,9,3937
25/08/2024,10,4238
25/08/2024,11,4331
25/08/2024,12,5261
25/08/2024,13,5378
25/08/2024,14,5371
25/08/2024,15,5762
25/08/2024,16,6177
25/08/2024,17,6388
25/08/2024,18,7584
25/08/2024,19,7494
25/08/2024,20,7299
25/08/2024,21,7025
25/08/2024,22,5079
25/08/2024,23,3446
25/09/2022,0,5794
25/09/2022,1,3882
25/09/2022,2,1107
25/09/2022,3,1660
25/09/2022,4,994
25/09/2022,5,836
25/09/2022,6,1389
25/09/2022,7,2379
25/09/2022,8,3649
25/09/2022,9,5089
25/09/2022,10,5903
25/09/2022,11,6811
25/09/2022,12,8774
25/09/2022,13,9638
25/09/2022,14,10542
25/09/2022,15,12028
25/09/2022,16,13239
25/09/2022,17,13791
25/09/2022,18,13260
25/09/2022,19,11245
25/09/2022,20,10107
25/09/2022,21,8788
25/09/2022,22,7082
25/09/2022,23,4778
25/09/2023,0,3435
25/09/2023,1,1553
25/09/2023,2,877
25/09/2023,3,558
25/09/2023,4,391
25/09/2023,5,1550
25/09/2023,6,4529
25/09/2023,7,12679
25/09/2023,8,17145
25/09/2023,9,8481
25/09/2023,10,5952
25/09/2023,11,6844
25/09/2023,12,7214
25/09/2023,13,7069
25/09/2023,14,7057
25/09/2023,15,8565
25/09/2023,16,11396
25/09/2023,17,14530
25/09/2023,18,14830
25/09/2023,19,12529
25/09/2023,20,5320
25/09/2023,21,2200
25/09/2023,22,1545
25/09/2023,23,1145
25/09/2024,0,3291
25/09/2024,1,2048
25/09/2024,2,1356
25/09/2024,3,974
25/09/2024,4,844
25/09/2024,5,2091
25/09/2024,6,4972
25/09/2024,7,12908
25/09/2024,8,17121
25/09/2024,9,8284
25/09/2024,10,5681
25/09/2024,11,6135
25/09/2024,12,6614
25/09/2024,13,6021
25/09/2024,14,6308
25/09/2024,15,7719
25/09/2024,16,10021
25/09/2024,17,15637
25/09/2024,18,21098
25/09/2024,19,13687
25/09/2024,20,11619
25/09/2024,21,10219
25/09/2024,22,8340
25/09/2024,23,4742
25/10/2022,0,2488
25/10/2022,1,1633
25/10/2022,2,1054
25/10/2022,3,647
25/10/2022,4,586
25/10/2022,5,1349
25/10/2022,6,3150
25/10/2022,7,9350
25/10/2022,8,15007
25/10/2022,9,7386
25/10/2022,10,4904
25/10/2022,11,5744
25/10/2022,12,6445
25/10/2022,13,6256
25/10/2022,14,6355
25/10/2022,15,6980
25/10/2022,16,9722
25/10/2022,17,13243
25/10/2022,18,17248
25/10/2022,19,10835
25/10/2022,20,8802
25/10/2022,21,7953
25/10/2022,22,6583
25/10/2022,23,4109
25/10/2023,0,3109
25/10/2023,1,1966
25/10/2023,2,1327
25/10/2023,3,917
25/10/2023,4,857
25/10/2023,5,1752
25/10/2023,6,4231
25/10/2023,7,11807
25/10/2023,8,17443
25/10/2023,9,8649
25/10/2023,10,6023
25/10/2023,11,7035
25/10/2023,12,7694
25/10/2023,13,7486
25/10/2023,14,7529
25/10/2023,15,9065
25/10/2023,16,11734
25/10/2023,17,16721
25/10/2023,18,20597
25/10/2023,19,13053
25/10/2023,20,10870
25/10/2023,21,9852
25/10/2023,22,8141
25/10/2023,23,4919
25/10/2024,0,2640
25/10/2024,1,1795
25/10/2024,2,1200
25/10/2024,3,860
25/10/2024,4,760
25/10/2024,5,1596
25/10/2024,6,3572
25/10/2024,7,10296
25/10/2024,8,14785
25/10/2024,9,7340
25/10/2024,10,5285
25/10/2024,11,6420
25/10/2024,12,7050
25/10/2024,13,6971
25/10/2024,14,7327
25/10/2024,15,8822
25/10/2024,16,10773
25/10/2024,17,14749
25/10/2024,18,16838
25/10/2024,19,10474
25/10/2024,20,8211
25/10/2024,21,7571
25/10/2024,22,6728
25/10/2024,23,4393
25/11/2022,0,5778
25/11/2022,1,2831
25/11/2022,2,1341
25/11/2022,3,899
25/11/2022,4,680
25/11/2022,5,1157
25/11/2022,6,2558
25/11/2022,7,7900
25/11/2022,8,13848
25/11/2022,9,7033
25/11/2022,10,5090
25/11/2022,11,5826
25/11/2022,12,6486
25/11/2022,13,6343
25/11/2022,14,6604
25/11/2022,15,7717
25/11/2022,16,9536
25/11/2022,17,12568
25/11/2022,18,14613
25/11/2022,19,8878
25/11/2022,20,6797
25/11/2022,21,6495
25/11/2022,22,2733
25/11/2022,23,1453
25/11/2023,0,1854
25/11/2023,1,1408
25/11/2023,2,967
25/11/2023,3,734
25/11/2023,4,541
25/11/2023,5,661
25/11/2023,6,1019
25/11/2023,7,1552
25/11/2023,8,2786
25/11/2023,9,3507
25/11/2023,10,3718
25/11/2023,11,4015
25/11/2023,12,4443
25/11/2023,13,5046
25/11/2023,14,4828
25/11/2023,15,4943
25/11/2023,16,5170
25/11/2023,17,4966
25/11/2023,18,4125
25/11/2023,19,3245
25/11/2023,20,3028
25/11/2023,21,3015
25/11/2023,22,2769
25/11/2023,23,2214
25/11/2024,0,1634
25/11/2024,1,1090
25/11/2024,2,704
25/11/2024,3,545
25/11/2024,4,576
25/11/2024,5,1392
25/11/2024,6,3102
25/11/2024,7,8513
25/11/2024,8,12610
25/11/2024,9,6124
25/11/2024,10,4202
25/11/2024,11,4809
25/11/2024,12,5221
25/11/2024,13,5136
25/11/2024,14,5305
25/11/2024,15,6482
25/11/2024,16,7806
25/11/2024,17,11137
25/11/2024,18,14203
25/11/2024,19,8797
25/11/2024,20,7162
25/11/2024,21,6170
25/11/2024,22,5048
25/11/2024,23,2808
25/12/2022,0,903
25/12/2022,1,663
25/12/2022,2,494
25/12/2022,3,355
25/12/2022,4,238
25/12/2022,5,214
25/12/2022,6,247
25/12/2022,7,418
25/12/2022,8,732
25/12/2022,9,973
25/12/2022,10,1204
25/12/2022,11,1343
25/12/2022,12,1564
25/12/2022,13,1673
25/12/2022,14,1717
25/12/2022,15,1915
25/12/2022,16,1969
25/12/2022,17,1861
25/12/2022,18,1550
25/12/2022,19,1265
25/12/2022,20,1210
25/12/2022,21,1123
25/12/2022,22,1075
25/12/2022,23,917
25/12/2023,0,978
25/12/2023,1,571
25/12/2023,2,409
25/12/2023,3,334
25/12/2023,4,231
25/12/2023,5,235
25/12/2023,6,308
25/12/2023,7,313
25/12/2023,8,438
25/12/2023,9,531
25/12/2023,10,690
25/12/2023,11,865
25/12/2023,12,1331
25/12/2023,13,1727
25/12/2023,14,1827
25/12/2023,15,2252
25/12/2023,16,2496
25/12/2023,17,2383
25/12/2023,18,2052
25/12/2023,19,1689
25/12/2023,20,1648
25/12/2023,21,1585
25/12/2023,22,1348
25/12/2023,23,1089
25/12/2024,0,1397
25/12/2024,1,1097
25/12/2024,2,848
25/12/2024,3,622
25/12/2024,4,405
25/12/2024,5,470
25/12/2024,6,553
25/12/2024,7,786
25/12/2024,8,1363
25/12/2024,9,1797
25/12/2024,10,2205
25/12/2024,11,2392
25/12/2024,12,2794
25/12/2024,13,3034
25/12/2024,14,3380
25/12/2024,15,3457
25/12/2024,16,3534
25/12/2024,17,3457
25/12/2024,18,2918
25/12/2024,19,2287
25/12/2024,20,2173
25/12/2024,21,2035
25/12/2024,22,1294
25/12/2024,23,947
26/01/2022,0,844
26/01/2022,1,608
26/01/2022,2,447
26/01/2022,3,284
26/01/2022,4,272
26/01/2022,5,498
26/01/2022,6,1108
26/01/2022,7,2766
26/01/2022,8,5869
26/01/2022,9,3196
26/01/2022,10,2312
26/01/2022,11,2837
26/01/2022,12,3150
26/01/2022,13,3079
26/01/2022,14,3226
26/01/2022,15,3339
26/01/2022,16,3768
26/01/2022,17,5090
26/01/2022,18,6793
26/01/2022,19,4312
26/01/2022,20,3180
26/01/2022,21,3244
26/01/2022,22,1947
26/01/2022,23,1070
26/01/2023,0,793
26/01/2023,1,647
26/01/2023,2,444
26/01/2023,3,252
26/01/2023,4,180
26/01/2023,5,294
26/01/2023,6,501
26/01/2023,7,773
26/01/2023,8,1116
26/01/2023,9,617
26/01/2023,10,412
26/01/2023,11,642
26/01/2023,12,704
26/01/2023,13,628
26/01/2023,14,742
26/01/2023,15,1053
26/01/2023,16,1465
26/01/2023,17,2138
26/01/2023,18,3088
26/01/2023,19,2040
26/01/2023,20,1798
26/01/2023,21,1587
26/01/2023,22,1501
26/01/2023,23,925
26/01/2024,0,1327
26/01/2024,1,997
26/01/2024,2,661
26/01/2024,3,497
26/01/2024,4,422
26/01/2024,5,800
26/01/2024,6,1768
26/01/2024,7,3825
26/01/2024,8,7123
26/01/2024,9,3538
26/01/2024,10,2586
26/01/2024,11,3036
26/01/2024,12,3413
26/01/2024,13,3377
26/01/2024,14,3579
26/01/2024,15,3811
26/01/2024,16,4635
26/01/2024,17,6568
26/01/2024,18,7775
26/01/2024,19,4477
26/01/2024,20,3399
26/01/2024,21,2894
26/01/2024,22,2742
26/01/2024,23,1817
26/02/2022,0,1097
26/02/2022,1,741
26/02/2022,2,533
26/02/2022,3,317
26/02/2022,4,294
26/02/2022,5,312
26/02/2022,6,471
26/02/2022,7,913
26/02/2022,8,1679
26/02/2022,9,2224
26/02/2022,10,2563
26/02/2022,11,3098
26/02/2022,12,3503
26/02/2022,13,3530
26/02/2022,14,3318
26/02/2022,15,2778
26/02/2022,16,3004
26/02/2022,17,2900
26/02/2022,18,1195
26/02/2022,19,281
26/02/2022,20,678
26/02/2022,21,1003
26/02/2022,22,1195
26/02/2022,23,775
26/02/2023,0,1817
26/02/2023,1,834
26/02/2023,2,297
26/02/2023,3,622
26/02/2023,4,388
26/02/2023,5,365
26/02/2023,6,510
26/02/2023,7,999
26/02/2023,8,1730
26/02/2023,9,2396
26/02/2023,10,2734
26/02/2023,11,3338
26/02/2023,12,4326
26/02/2023,13,4889
26/02/2023,14,5566
26/02/2023,15,5980
26/02/2023,16,6107
26/02/2023,17,5899
26/02/2023,18,4627
26/02/2023,19,3426
26/02/2023,20,2936
26/02/2023,21,2850
26/02/2023,22,2455
26/02/2023,23,1767
26/02/2024,0,1314
26/02/2024,1,872
26/02/2024,2,536
26/02/2024,3,432
26/02/2024,4,479
26/02/2024,5,1001
26/02/2024,6,2184
26/02/2024,7,4906
26/02/2024,8,8367
26/02/2024,9,4409
26/02/2024,10,3046
26/02/2024,11,3751
26/02/2024,12,4334
26/02/2024,13,4361
26/02/2024,14,4557
26/02/2024,15,4853
26/02/2024,16,5676
26/02/2024,17,8631
26/02/2024,18,11511
26/02/2024,19,6784
26/02/2024,20,5300
26/02/2024,21,4696
26/02/2024,22,3803
26/02/2024,23,2224
26/03/2022,0,166
26/03/2022,1,123
26/03/2022,2,77
26/03/2022,3,50
26/03/2022,4,34
26/03/2022,5,38
26/03/2022,6,122
26/03/2022,7,234
26/03/2022,8,181
26/03/2022,9,219
26/03/2022,10,695
26/03/2022,11,2002
26/03/2022,12,2928
26/03/2022,13,3731
26/03/2022,14,4565
26/03/2022,15,5571
26/03/2022,16,6683
26/03/2022,17,7329
26/03/2022,18,6384
26/03/2022,19,5007
26/03/2022,20,4435
26/03/2022,21,4294
26/03/2022,22,3757
26/03/2022,23,3278
26/03/2023,0,3543
26/03/2023,1,2327
26/03/2023,2,1599
26/03/2023,3,990
26/03/2023,4,617
26/03/2023,5,551
26/03/2023,6,922
26/03/2023,7,1668
26/03/2023,8,2908
26/03/2023,9,4186
26/03/2023,10,5097
26/03/2023,11,6301
26/03/2023,12,8097
26/03/2023,13,9618
26/03/2023,14,10931
26/03/2023,15,11805
26/03/2023,16,11635
26/03/2023,17,10331
26/03/2023,18,8134
26/03/2023,19,5704
26/03/2023,20,4780
26/03/2023,21,4038
26/03/2023,22,3216
26/03/2023,23,2289
26/03/2024,0,297
26/03/2024,1,149
26/03/2024,2,96
26/03/2024,3,72
26/03/2024,4,63
26/03/2024,5,119
26/03/2024,6,224
26/03/2024,7,494
26/03/2024,8,1087
26/03/2024,9,1060
26/03/2024,10,1889
26/03/2024,11,2976
26/03/2024,12,3869
26/03/2024,13,4194
26/03/2024,14,4510
26/03/2024,15,5444
26/03/2024,16,7889
26/03/2024,17,10356
26/03/2024,18,13778
26/03/2024,19,8304
26/03/2024,20,6770
26/03/2024,21,6135
26/03/2024,22,4853
26/03/2024,23,2890
26/04/2022,0,1389
26/04/2022,1,779
26/04/2022,2,446
26/04/2022,3,177
26/04/2022,4,289
26/04/2022,5,825
26/04/2022,6,2388
26/04/2022,7,7711
26/04/2022,8,12922
26/04/2022,9,6648
26/04/2022,10,4736
26/04/2022,11,5760
26/04/2022,12,6398
26/04/2022,13,5878
26/04/2022,14,5925
26/04/2022,15,6602
26/04/2022,16,8553
26/04/2022,17,12720
26/04/2022,18,19173
26/04/2022,19,12354
26/04/2022,20,9877
26/04/2022,21,9087
26/04/2022,22,7205
26/04/2022,23,4503
26/04/2023,0,2546
26/04/2023,1,1886
26/04/2023,2,1152
26/04/2023,3,721
26/04/2023,4,629
26/04/2023,5,1408
26/04/2023,6,2906
26/04/2023,7,9324
26/04/2023,8,14302
26/04/2023,9,7248
26/04/2023,10,4875
26/04/2023,11,5583
26/04/2023,12,5766
26/04/2023,13,5897
26/04/2023,14,6258
26/04/2023,15,6925
26/04/2023,16,9162
26/04/2023,17,13288
26/04/2023,18,17722
26/04/2023,19,10436
26/04/2023,20,8109
26/04/2023,21,7346
26/04/2023,22,6175
26/04/2023,23,3897
26/04/2024,0,3166
26/04/2024,1,2166
26/04/2024,2,1367
26/04/2024,3,947
26/04/2024,4,771
26/04/2024,5,1522
26/04/2024,6,4031
26/04/2024,7,10342
26/04/2024,8,14794
26/04/2024,9,8162
26/04/2024,10,5826
26/04/2024,11,6948
26/04/2024,12,7542
26/04/2024,13,7467
26/04/2024,14,7457
26/04/2024,15,9051
26/04/2024,16,10989
26/04/2024,17,15655
26/04/2024,18,18931
26/04/2024,19,12168
26/04/2024,20,9461
26/04/2024,21,8860
26/04/2024,22,7756
26/04/2024,23,5384
26/05/2022,0,2864
26/05/2022,1,2080
26/05/2022,2,1265
26/05/2022,3,819
26/05/2022,4,678
26/05/2022,5,1444
26/05/2022,6,3692
26/05/2022,7,9952
26/05/2022,8,14793
26/05/2022,9,7084
26/05/2022,10,4923
26/05/2022,11,6033
26/05/2022,12,6605
26/05/2022,13,6317
26/05/2022,14,6206
26/05/2022,15,7035
26/05/2022,16,9970
26/05/2022,17,14127
26/05/2022,18,19822
26/05/2022,19,13039
26/05/2022,20,10445
26/05/2022,21,9583
26/05/2022,22,8439
26/05/2022,23,5451
26/05/2023,0,2341
26/05/2023,1,1657
26/05/2023,2,1369
26/05/2023,3,933
26/05/2023,4,867
26/05/2023,5,1796
26/05/2023,6,4310
26/05/2023,7,11582
26/05/2023,8,16382
26/05/2023,9,8353
26/05/2023,10,5867
26/05/2023,11,7259
26/05/2023,12,7706
26/05/2023,13,7314
26/05/2023,14,7661
26/05/2023,15,9222
26/05/2023,16,11440
26/05/2023,17,16514
26/05/2023,18,20632
26/05/2023,19,13590
26/05/2023,20,11450
26/05/2023,21,10813
26/05/2023,22,9675
26/05/2023,23,6697
26/05/2024,0,4599
26/05/2024,1,3427
26/05/2024,2,2207
26/05/2024,3,1478
26/05/2024,4,968
26/05/2024,5,980
26/05/2024,6,1463
26/05/2024,7,2549
26/05/2024,8,4163
26/05/2024,9,5482
26/05/2024,10,6325
26/05/2024,11,7007
26/05/2024,12,8151
26/05/2024,13,5958
26/05/2024,14,911
26/05/2024,15,928
26/05/2024,16,498
26/05/2024,17,358
26/05/2024,18,1153
26/05/2024,19,791
26/05/2024,20,602
26/05/2024,21,376
26/05/2024,22,1015
26/05/2024,23,1304
26/06/2022,0,5608
26/06/2022,1,3809
26/06/2022,2,2581
26/06/2022,3,1585
26/06/2022,4,1089
26/06/2022,5,935
26/06/2022,6,1235
26/06/2022,7,1915
26/06/2022,8,2958
26/06/2022,9,3906
26/06/2022,10,4480
26/06/2022,11,5211
26/06/2022,12,6469
26/06/2022,13,7073
26/06/2022,14,7260
26/06/2022,15,7740
26/06/2022,16,7930
26/06/2022,17,8308
26/06/2022,18,8274
26/06/2022,19,7956
26/06/2022,20,7912
26/06/2022,21,7587
26/06/2022,22,6255
26/06/2022,23,4391
26/06/2023,0,3454
26/06/2023,1,2039
26/06/2023,2,1303
26/06/2023,3,773
26/06/2023,4,181
26/06/2023,5,90
26/06/2023,6,382
26/06/2023,7,2826
26/06/2023,8,3523
26/06/2023,9,1899
26/06/2023,10,2193
26/06/2023,11,3557
26/06/2023,12,4480
26/06/2023,13,2101
26/06/2023,14,474
26/06/2023,15,1982
26/06/2023,16,5060
26/06/2023,17,8516
26/06/2023,18,8046
26/06/2023,19,1237
26/06/2023,20,1932
26/06/2023,21,1599
26/06/2023,22,498
26/06/2023,23,1143
26/06/2024,0,3727
26/06/2024,1,2432
26/06/2024,2,1569
26/06/2024,3,1015
26/06/2024,4,1010
26/06/2024,5,2247
26/06/2024,6,5279
26/06/2024,7,12857
26/06/2024,8,16305
26/06/2024,9,7707
26/06/2024,10,5183
26/06/2024,11,5880
26/06/2024,12,6091
26/06/2024,13,5886
26/06/2024,14,5662
26/06/2024,15,7289
26/06/2024,16,9841
26/06/2024,17,14852
26/06/2024,18,20148
26/06/2024,19,13985
26/06/2024,20,12194
26/06/2024,21,10977
26/06/2024,22,9174
26/06/2024,23,5521
26/07/2022,0,3878
26/07/2022,1,2500
26/07/2022,2,1630
26/07/2022,3,1018
26/07/2022,4,856
26/07/2022,5,1879
26/07/2022,6,3960
26/07/2022,7,8325
26/07/2022,8,12781
26/07/2022,9,6545
26/07/2022,10,4526
26/07/2022,11,5191
26/07/2022,12,5725
26/07/2022,13,5162
26/07/2022,14,4795
26/07/2022,15,5591
26/07/2022,16,6904
26/07/2022,17,11813
26/07/2022,18,18100
26/07/2022,19,13000
26/07/2022,20,11522
26/07/2022,21,10498
26/07/2022,22,8899
26/07/2022,23,5517
26/07/2023,0,2973
26/07/2023,1,2091
26/07/2023,2,1308
26/07/2023,3,909
26/07/2023,4,883
26/07/2023,5,1814
26/07/2023,6,3907
26/07/2023,7,8823
26/07/2023,8,13671
26/07/2023,9,5858
26/07/2023,10,4558
26/07/2023,11,5239
26/07/2023,12,5121
26/07/2023,13,5024
26/07/2023,14,4583
26/07/2023,15,5747
26/07/2023,16,7466
26/07/2023,17,12585
26/07/2023,18,16217
26/07/2023,19,9419
26/07/2023,20,8099
26/07/2023,21,7988
26/07/2023,22,7368
26/07/2023,23,4827
26/07/2024,0,1447
26/07/2024,1,1413
26/07/2024,2,1100
26/07/2024,3,882
26/07/2024,4,773
26/07/2024,5,1775
26/07/2024,6,3877
26/07/2024,7,8053
26/07/2024,8,12629
26/07/2024,9,6603
26/07/2024,10,4557
26/07/2024,11,5043
26/07/2024,12,5697
26/07/2024,13,4212
26/07/2024,14,4386
26/07/2024,15,4620
26/07/2024,16,2850
26/07/2024,17,6435
26/07/2024,18,11143
26/07/2024,19,8052
26/07/2024,20,6529
26/07/2024,21,6481
26/07/2024,22,5583
26/07/2024,23,3312
26/08/2022,0,3836
26/08/2022,1,2635
26/08/2022,2,1609
26/08/2022,3,1053
26/08/2022,4,822
26/08/2022,5,1541
26/08/2022,6,3591
26/08/2022,7,9625
26/08/2022,8,13433
26/08/2022,9,6799
26/08/2022,10,4903
26/08/2022,11,5882
26/08/2022,12,6407
26/08/2022,13,6182
26/08/2022,14,6452
26/08/2022,15,7745
26/08/2022,16,9830
26/08/2022,17,14570
26/08/2022,18,19098
26/08/2022,19,13688
26/08/2022,20,11398
26/08/2022,21,10447
26/08/2022,22,9344
26/08/2022,23,6404
26/08/2023,0,4521
26/08/2023,1,3281
26/08/2023,2,2246
26/08/2023,3,1500
26/08/2023,4,1108
26/08/2023,5,1304
26/08/2023,6,2203
26/08/2023,7,3342
26/08/2023,8,5317
26/08/2023,9,5984
26/08/2023,10,6241
26/08/2023,11,6778
26/08/2023,12,7522
26/08/2023,13,7815
26/08/2023,14,7488
26/08/2023,15,7955
26/08/2023,16,9251
26/08/2023,17,10490
26/08/2023,18,11409
26/08/2023,19,10776
26/08/2023,20,9935
26/08/2023,21,9407
26/08/2023,22,7921
26/08/2023,23,5630
26/08/2024,0,2403
26/08/2024,1,1462
26/08/2024,2,1017
26/08/2024,3,816
26/08/2024,4,821
26/08/2024,5,2027
26/08/2024,6,4627
26/08/2024,7,10724
26/08/2024,8,13177
26/08/2024,9,6377
26/08/2024,10,4194
26/08/2024,11,4915
26/08/2024,12,5139
26/08/2024,13,4609
26/08/2024,14,4610
26/08/2024,15,6224
26/08/2024,16,7087
26/08/2024,17,7645
26/08/2024,18,14359
26/08/2024,19,10660
26/08/2024,20,9459
26/08/2024,21,8683
26/08/2024,22,7073
26/08/2024,23,4127
26/09/2022,0,3418
26/09/2022,1,1898
26/09/2022,2,1179
26/09/2022,3,729
26/09/2022,4,731
26/09/2022,5,1599
26/09/2022,6,3982
26/09/2022,7,10590
26/09/2022,8,15549
26/09/2022,9,7496
26/09/2022,10,5454
26/09/2022,11,6189
26/09/2022,12,6760
26/09/2022,13,6524
26/09/2022,14,6468
26/09/2022,15,7758
26/09/2022,16,10746
26/09/2022,17,15753
26/09/2022,18,22633
26/09/2022,19,14583
26/09/2022,20,12335
26/09/2022,21,10938
26/09/2022,22,9005
26/09/2022,23,5273
26/09/2023,0,1226
26/09/2023,1,366
26/09/2023,2,149
26/09/2023,3,138
26/09/2023,4,145
26/09/2023,5,205
26/09/2023,6,445
26/09/2023,7,2728
26/09/2023,8,2414
26/09/2023,9,719
26/09/2023,10,437
26/09/2023,11,441
26/09/2023,12,1092
26/09/2023,13,1064
26/09/2023,14,1160
26/09/2023,15,402
26/09/2023,16,717
26/09/2023,17,997
26/09/2023,18,2149
26/09/2023,19,1494
26/09/2023,20,2254
26/09/2023,21,1694
26/09/2023,22,3304
26/09/2023,23,1403
26/09/2024,0,2888
26/09/2024,1,2039
26/09/2024,2,1293
26/09/2024,3,899
26/09/2024,4,782
26/09/2024,5,1562
26/09/2024,6,3377
26/09/2024,7,9904
26/09/2024,8,14900
26/09/2024,9,7721
26/09/2024,10,5433
26/09/2024,11,6190
26/09/2024,12,6553
26/09/2024,13,5925
26/09/2024,14,6029
26/09/2024,15,6868
26/09/2024,16,10208
26/09/2024,17,15298
26/09/2024,18,20167
26/09/2024,19,13351
26/09/2024,20,11064
26/09/2024,21,10085
26/09/2024,22,8609
26/09/2024,23,4955
26/10/2022,0,2899
26/10/2022,1,1967
26/10/2022,2,1137
26/10/2022,3,714
26/10/2022,4,650
26/10/2022,5,1311
26/10/2022,6,3205
26/10/2022,7,9358
26/10/2022,8,15269
26/10/2022,9,7405
26/10/2022,10,5146
26/10/2022,11,5983
26/10/2022,12,6862
26/10/2022,13,6576
26/10/2022,14,6627
26/10/2022,15,7458
26/10/2022,16,9921
26/10/2022,17,13361
26/10/2022,18,17405
26/10/2022,19,10897
26/10/2022,20,9083
26/10/2022,21,8350
26/10/2022,22,7107
26/10/2022,23,4347
26/10/2023,0,3366
26/10/2023,1,2201
26/10/2023,2,1391
26/10/2023,3,925
26/10/2023,4,911
26/10/2023,5,1787
26/10/2023,6,4295
26/10/2023,7,11814
26/10/2023,8,17365
26/10/2023,9,8349
26/10/2023,10,5899
26/10/2023,11,6780
26/10/2023,12,7078
26/10/2023,13,7118
26/10/2023,14,6775
26/10/2023,15,7499
26/10/2023,16,10756
26/10/2023,17,12396
26/10/2023,18,12585
26/10/2023,19,8664
26/10/2023,20,7432
26/10/2023,21,7850
26/10/2023,22,6935
26/10/2023,23,4384
26/10/2024,0,3461
26/10/2024,1,2562
26/10/2024,2,1763
26/10/2024,3,1199
26/10/2024,4,858
26/10/2024,5,1073
26/10/2024,6,1538
26/10/2024,7,2993
26/10/2024,8,5346
26/10/2024,9,6265
26/10/2024,10,6753
26/10/2024,11,7926
26/10/2024,12,8651
26/10/2024,13,9265
26/10/2024,14,9638
26/10/2024,15,10443
26/10/2024,16,11491
26/10/2024,17,11611
26/10/2024,18,9885
26/10/2024,19,8160
26/10/2024,20,7512
26/10/2024,21,6960
26/10/2024,22,5869
26/10/2024,23,4274
26/11/2022,0,2051
26/11/2022,1,1999
26/11/2022,2,1379
26/11/2022,3,969
26/11/2022,4,693
26/11/2022,5,769
26/11/2022,6,1092
26/11/2022,7,1857
26/11/2022,8,3552
26/11/2022,9,4777
26/11/2022,10,5057
26/11/2022,11,5503
26/11/2022,12,6154
26/11/2022,13,6450
26/11/2022,14,6436
26/11/2022,15,6791
26/11/2022,16,6760
26/11/2022,17,6419
26/11/2022,18,5217
26/11/2022,19,4017
26/11/2022,20,3514
26/11/2022,21,3476
26/11/2022,22,3097
26/11/2022,23,2518
26/11/2023,0,2014
26/11/2023,1,1490
26/11/2023,2,1071
26/11/2023,3,731
26/11/2023,4,568
26/11/2023,5,509
26/11/2023,6,748
26/11/2023,7,1201
26/11/2023,8,2037
26/11/2023,9,2795
26/11/2023,10,3221
26/11/2023,11,3527
26/11/2023,12,4454
26/11/2023,13,5006
26/11/2023,14,5072
26/11/2023,15,5432
26/11/2023,16,5574
26/11/2023,17,5291
26/11/2023,18,4603
26/11/2023,19,3884
26/11/2023,20,3515
26/11/2023,21,3524
26/11/2023,22,2789
26/11/2023,23,2005
26/11/2024,0,1716
26/11/2024,1,347
26/11/2024,2,111
26/11/2024,3,100
26/11/2024,4,78
26/11/2024,5,132
26/11/2024,6,355
26/11/2024,7,1384
26/11/2024,8,3888
26/11/2024,9,3859
26/11/2024,10,2492
26/11/2024,11,2730
26/11/2024,12,2521
26/11/2024,13,1889
26/11/2024,14,1085
26/11/2024,15,1621
26/11/2024,16,1936
26/11/2024,17,1757
26/11/2024,18,3569
26/11/2024,19,1291
26/11/2024,20,1162
26/11/2024,21,748
26/11/2024,22,385
26/11/2024,23,221
26/12/2022,0,963
26/12/2022,1,588
26/12/2022,2,379
26/12/2022,3,261
26/12/2022,4,265
26/12/2022,5,562
26/12/2022,6,1119
26/12/2022,7,2604
26/12/2022,8,4816
26/12/2022,9,2499
26/12/2022,10,1781
26/12/2022,11,1993
26/12/2022,12,2265
26/12/2022,13,2334
26/12/2022,14,2620
26/12/2022,15,2689
26/12/2022,16,3244
26/12/2022,17,4383
26/12/2022,18,5482
26/12/2022,19,3345
26/12/2022,20,2698
26/12/2022,21,2362
26/12/2022,22,2011
26/12/2022,23,1319
26/12/2023,0,1123
26/12/2023,1,720
26/12/2023,2,542
26/12/2023,3,366
26/12/2023,4,440
26/12/2023,5,785
26/12/2023,6,1843
26/12/2023,7,3863
26/12/2023,8,6270
26/12/2023,9,3145
26/12/2023,10,2397
26/12/2023,11,2894
26/12/2023,12,3061
26/12/2023,13,3240
26/12/2023,14,3536
26/12/2023,15,3866
26/12/2023,16,4664
26/12/2023,17,6486
26/12/2023,18,7985
26/12/2023,19,5048
26/12/2023,20,4044
26/12/2023,21,3593
26/12/2023,22,3020
26/12/2023,23,1852
26/12/2024,0,1098
26/12/2024,1,800
26/12/2024,2,549
26/12/2024,3,451
26/12/2024,4,385
26/12/2024,5,858
26/12/2024,6,1787
26/12/2024,7,4576
26/12/2024,8,7306
26/12/2024,9,3449
26/12/2024,10,2422
26/12/2024,11,2710
26/12/2024,12,2996
26/12/2024,13,2991
26/12/2024,14,3345
26/12/2024,15,3579
26/12/2024,16,4360
26/12/2024,17,5768
26/12/2024,18,6626
26/12/2024,19,3863
26/12/2024,20,2880
26/12/2024,21,2680
26/12/2024,22,2196
26/12/2024,23,1433
27/01/2022,0,826
27/01/2022,1,610
27/01/2022,2,405
27/01/2022,3,286
27/01/2022,4,231
27/01/2022,5,502
27/01/2022,6,1036
27/01/2022,7,2723
27/01/2022,8,5726
27/01/2022,9,3033
27/01/2022,10,2222
27/01/2022,11,2607
27/01/2022,12,2941
27/01/2022,13,2959
27/01/2022,14,3054
27/01/2022,15,3128
27/01/2022,16,3634
27/01/2022,17,4822
27/01/2022,18,6207
27/01/2022,19,3862
27/01/2022,20,2939
27/01/2022,21,2949
27/01/2022,22,1719
27/01/2022,23,983
27/01/2023,0,849
27/01/2023,1,671
27/01/2023,2,465
27/01/2023,3,273
27/01/2023,4,241
27/01/2023,5,440
27/01/2023,6,952
27/01/2023,7,1956
27/01/2023,8,3807
27/01/2023,9,1969
27/01/2023,10,1392
27/01/2023,11,1553
27/01/2023,12,1801
27/01/2023,13,1884
27/01/2023,14,1923
27/01/2023,15,2009
27/01/2023,16,2369
27/01/2023,17,3416
27/01/2023,18,4188
27/01/2023,19,2419
27/01/2023,20,1694
27/01/2023,21,1568
27/01/2023,22,1366
27/01/2023,23,1016
27/01/2024,0,1693
27/01/2024,1,1323
27/01/2024,2,921
27/01/2024,3,656
27/01/2024,4,441
27/01/2024,5,548
27/01/2024,6,777
27/01/2024,7,1149
27/01/2024,8,2105
27/01/2024,9,2741
27/01/2024,10,3026
27/01/2024,11,3324
27/01/2024,12,3852
27/01/2024,13,4247
27/01/2024,14,4055
27/01/2024,15,4147
27/01/2024,16,4341
27/01/2024,17,4051
27/01/2024,18,3438
27/01/2024,19,2608
27/01/2024,20,2282
27/01/2024,21,2353
27/01/2024,22,2049
27/01/2024,23,1574
27/02/2022,0,648
27/02/2022,1,498
27/02/2022,2,366
27/02/2022,3,253
27/02/2022,4,192
27/02/2022,5,207
27/02/2022,6,310
27/02/2022,7,594
27/02/2022,8,1130
27/02/2022,9,1749
27/02/2022,10,2143
27/02/2022,11,2716
27/02/2022,12,3526
27/02/2022,13,4217
27/02/2022,14,4918
27/02/2022,15,5544
27/02/2022,16,5204
27/02/2022,17,4608
27/02/2022,18,3632
27/02/2022,19,2716
27/02/2022,20,2401
27/02/2022,21,2314
27/02/2022,22,1965
27/02/2022,23,1105
27/02/2023,0,1482
27/02/2023,1,885
27/02/2023,2,605
27/02/2023,3,416
27/02/2023,4,390
27/02/2023,5,940
27/02/2023,6,1885
27/02/2023,7,4749
27/02/2023,8,8494
27/02/2023,9,4380
27/02/2023,10,3102
27/02/2023,11,3827
27/02/2023,12,4359
27/02/2023,13,4419
27/02/2023,14,4548
27/02/2023,15,5026
27/02/2023,16,5738
27/02/2023,17,8195
27/02/2023,18,11208
27/02/2023,19,6773
27/02/2023,20,5547
27/02/2023,21,4703
27/02/2023,22,3885
27/02/2023,23,2342
27/02/2024,0,1745
27/02/2024,1,1178
27/02/2024,2,794
27/02/2024,3,563
27/02/2024,4,498
27/02/2024,5,1025
27/02/2024,6,2476
27/02/2024,7,5738
27/02/2024,8,9614
27/02/2024,9,4786
27/02/2024,10,3313
27/02/2024,11,3898
27/02/2024,12,4214
27/02/2024,13,4332
27/02/2024,14,4386
27/02/2024,15,4930
27/02/2024,16,5928
27/02/2024,17,8902
27/02/2024,18,11576
27/02/2024,19,7010
27/02/2024,20,5503
27/02/2024,21,5091
27/02/2024,22,4168
27/02/2024,23,2522
27/03/2022,0,2275
27/03/2022,1,1209
27/03/2022,2,755
27/03/2022,3,448
27/03/2022,4,307
27/03/2022,5,310
27/03/2022,6,511
27/03/2022,7,950
27/03/2022,8,1776
27/03/2022,9,2737
27/03/2022,10,3572
27/03/2022,11,4418
27/03/2022,12,5939
27/03/2022,13,7247
27/03/2022,14,8593
27/03/2022,15,9523
27/03/2022,16,9217
27/03/2022,17,7402
27/03/2022,18,5452
27/03/2022,19,3829
27/03/2022,20,3159
27/03/2022,21,2862
27/03/2022,22,2409
27/03/2022,23,1913
27/03/2023,0,1744
27/03/2023,1,1002
27/03/2023,2,625
27/03/2023,3,462
27/03/2023,4,457
27/03/2023,5,1202
27/03/2023,6,2846
27/03/2023,7,8168
27/03/2023,8,12409
27/03/2023,9,6258
27/03/2023,10,4457
27/03/2023,11,5301
27/03/2023,12,5954
27/03/2023,13,5915
27/03/2023,14,6048
27/03/2023,15,7133
27/03/2023,16,8917
27/03/2023,17,11842
27/03/2023,18,15668
27/03/2023,19,9259
27/03/2023,20,7189
27/03/2023,21,6479
27/03/2023,22,5549
27/03/2023,23,3101
27/03/2024,0,2141
27/03/2024,1,1421
27/03/2024,2,957
27/03/2024,3,649
27/03/2024,4,640
27/03/2024,5,1296
27/03/2024,6,3289
27/03/2024,7,8854
27/03/2024,8,13082
27/03/2024,9,6481
27/03/2024,10,4694
27/03/2024,11,5109
27/03/2024,12,5856
27/03/2024,13,5707
27/03/2024,14,5835
27/03/2024,15,6887
27/03/2024,16,8621
27/03/2024,17,12088
27/03/2024,18,15355
27/03/2024,19,9198
27/03/2024,20,7233
27/03/2024,21,6893
27/03/2024,22,5794
27/03/2024,23,3363
27/04/2022,0,3428
27/04/2022,1,2088
27/04/2022,2,1233
27/04/2022,3,832
27/04/2022,4,572
27/04/2022,5,1156
27/04/2022,6,2982
27/04/2022,7,7999
27/04/2022,8,12922
27/04/2022,9,6804
27/04/2022,10,4767
27/04/2022,11,5620
27/04/2022,12,6400
27/04/2022,13,6060
27/04/2022,14,6077
27/04/2022,15,6701
27/04/2022,16,8522
27/04/2022,17,12712
27/04/2022,18,18327
27/04/2022,19,11733
27/04/2022,20,9443
27/04/2022,21,8427
27/04/2022,22,6868
27/04/2022,23,4461
27/04/2023,0,2813
27/04/2023,1,2033
27/04/2023,2,1227
27/04/2023,3,842
27/04/2023,4,650
27/04/2023,5,1352
27/04/2023,6,3580
27/04/2023,7,10122
27/04/2023,8,15293
27/04/2023,9,8003
27/04/2023,10,5645
27/04/2023,11,6590
27/04/2023,12,7322
27/04/2023,13,7190
27/04/2023,14,6877
27/04/2023,15,7709
27/04/2023,16,10051
27/04/2023,17,14596
27/04/2023,18,19574
27/04/2023,19,12366
27/04/2023,20,9750
27/04/2023,21,8973
27/04/2023,22,7318
27/04/2023,23,4644
27/04/2024,0,4180
27/04/2024,1,3000
27/04/2024,2,2031
27/04/2024,3,1373
27/04/2024,4,967
27/04/2024,5,1103
27/04/2024,6,1823
27/04/2024,7,3135
27/04/2024,8,5539
27/04/2024,9,6445
27/04/2024,10,6927
27/04/2024,11,8100
27/04/2024,12,9428
27/04/2024,13,9632
27/04/2024,14,9953
27/04/2024,15,10858
27/04/2024,16,11799
27/04/2024,17,12327
27/04/2024,18,12424
27/04/2024,19,10658
27/04/2024,20,9469
27/04/2024,21,8513
27/04/2024,22,6993
27/04/2024,23,5200
27/05/2022,0,4258
27/05/2022,1,2678
27/05/2022,2,1656
27/05/2022,3,1012
27/05/2022,4,1003
27/05/2022,5,1563
27/05/2022,6,3765
27/05/2022,7,9781
27/05/2022,8,14317
27/05/2022,9,7456
27/05/2022,10,5378
27/05/2022,11,6545
27/05/2022,12,7129
27/05/2022,13,6943
27/05/2022,14,7082
27/05/2022,15,8387
27/05/2022,16,10707
27/05/2022,17,15190
27/05/2022,18,19398
27/05/2022,19,13100
27/05/2022,20,10633
27/05/2022,21,10063
27/05/2022,22,9156
27/05/2022,23,6454
27/05/2023,0,5179
27/05/2023,1,3895
27/05/2023,2,2545
27/05/2023,3,1572
27/05/2023,4,1223
27/05/2023,5,1321
27/05/2023,6,1861
27/05/2023,7,2621
27/05/2023,8,3224
27/05/2023,9,2193
27/05/2023,10,1873
27/05/2023,11,366
27/05/2023,12,226
27/05/2023,13,208
27/05/2023,14,203
27/05/2023,15,569
27/05/2023,16,431
27/05/2023,17,224
27/05/2023,18,138
27/05/2023,19,215
27/05/2023,20,285
27/05/2023,21,184
27/05/2023,22,458
27/05/2023,23,627
27/05/2024,0,1487
27/05/2024,1,1036
27/05/2024,2,699
27/05/2024,3,574
27/05/2024,4,699
27/05/2024,5,1746
27/05/2024,6,4321
27/05/2024,7,10966
27/05/2024,8,14622
27/05/2024,9,7323
27/05/2024,10,5288
27/05/2024,11,6220
27/05/2024,12,6597
27/05/2024,13,6234
27/05/2024,14,6312
27/05/2024,15,8042
27/05/2024,16,10454
27/05/2024,17,16040
27/05/2024,18,21748
27/05/2024,19,14167
27/05/2024,20,11681
27/05/2024,21,10224
27/05/2024,22,8215
27/05/2024,23,4557
27/06/2022,0,3047
27/06/2022,1,1165
27/06/2022,2,724
27/06/2022,3,420
27/06/2022,4,358
27/06/2022,5,1114
27/06/2022,6,2529
27/06/2022,7,7487
27/06/2022,8,11621
27/06/2022,9,5948
27/06/2022,10,3765
27/06/2022,11,2308
27/06/2022,12,1160
27/06/2022,13,1050
27/06/2022,14,567
27/06/2022,15,1756
27/06/2022,16,1614
27/06/2022,17,5214
27/06/2022,18,10686
27/06/2022,19,7367
27/06/2022,20,7141
27/06/2022,21,7046
27/06/2022,22,6460
27/06/2022,23,4207
27/06/2023,0,1249
27/06/2023,1,539
27/06/2023,2,448
27/06/2023,3,578
27/06/2023,4,624
27/06/2023,5,1513
27/06/2023,6,3861
27/06/2023,7,10401
27/06/2023,8,15081
27/06/2023,9,7649
27/06/2023,10,5048
27/06/2023,11,6202
27/06/2023,12,6587
27/06/2023,13,6233
27/06/2023,14,5995
27/06/2023,15,7182
27/06/2023,16,10502
27/06/2023,17,14819
27/06/2023,18,20887
27/06/2023,19,14644
27/06/2023,20,12790
27/06/2023,21,11737
27/06/2023,22,9576
27/06/2023,23,5647
27/06/2024,0,3884
27/06/2024,1,2565
27/06/2024,2,1569
27/06/2024,3,1161
27/06/2024,4,964
27/06/2024,5,2221
27/06/2024,6,5104
27/06/2024,7,12517
27/06/2024,8,15967
27/06/2024,9,7834
27/06/2024,10,5045
27/06/2024,11,5848
27/06/2024,12,6119
27/06/2024,13,5762
27/06/2024,14,5891
27/06/2024,15,6795
27/06/2024,16,10229
27/06/2024,17,14552
27/06/2024,18,19782
27/06/2024,19,13876
27/06/2024,20,11796
27/06/2024,21,10976
27/06/2024,22,8943
27/06/2024,23,5537
27/07/2022,0,3823
27/07/2022,1,2450
27/07/2022,2,1465
27/07/2022,3,939
27/07/2022,4,885
27/07/2022,5,1669
27/07/2022,6,3803
27/07/2022,7,8001
27/07/2022,8,12805
27/07/2022,9,6631
27/07/2022,10,4696
27/07/2022,11,5555
27/07/2022,12,5854
27/07/2022,13,5425
27/07/2022,14,5263
27/07/2022,15,5647
27/07/2022,16,7035
27/07/2022,17,11682
27/07/2022,18,17783
27/07/2022,19,12895
27/07/2022,20,11569
27/07/2022,21,10736
27/07/2022,22,9050
27/07/2022,23,5645
27/07/2023,0,3348
27/07/2023,1,2340
27/07/2023,2,1448
27/07/2023,3,1001
27/07/2023,4,941
27/07/2023,5,1875
27/07/2023,6,4320
27/07/2023,7,9268
27/07/2023,8,13911
27/07/2023,9,6988
27/07/2023,10,4900
27/07/2023,11,5299
27/07/2023,12,5874
27/07/2023,13,5209
27/07/2023,14,5071
27/07/2023,15,5581
27/07/2023,16,6967
27/07/2023,17,11407
27/07/2023,18,17215
27/07/2023,19,12025
27/07/2023,20,10728
27/07/2023,21,10008
27/07/2023,22,8796
27/07/2023,23,5375
27/07/2024,0,2405
27/07/2024,1,2259
27/07/2024,2,1670
27/07/2024,3,1170
27/07/2024,4,875
27/07/2024,5,1192
27/07/2024,6,1955
27/07/2024,7,2938
27/07/2024,8,4470
27/07/2024,9,5119
27/07/2024,10,5190
27/07/2024,11,5429
27/07/2024,12,5944
27/07/2024,13,4543
27/07/2024,14,3003
27/07/2024,15,2707
27/07/2024,16,2700
27/07/2024,17,2408
27/07/2024,18,2113
27/07/2024,19,3331
27/07/2024,20,3624
27/07/2024,21,4093
27/07/2024,22,4113
27/07/2024,23,3150
27/08/2022,0,5065
27/08/2022,1,3382
27/08/2022,2,1257
27/08/2022,3,1128
27/08/2022,4,813
27/08/2022,5,1074
27/08/2022,6,1767
27/08/2022,7,2711
27/08/2022,8,4762
27/08/2022,9,6022
27/08/2022,10,6771
27/08/2022,11,7556
27/08/2022,12,8495
27/08/2022,13,9448
27/08/2022,14,9821
27/08/2022,15,11182
27/08/2022,16,12352
27/08/2022,17,13893
27/08/2022,18,14202
27/08/2022,19,12958
27/08/2022,20,11716
27/08/2022,21,10939
27/08/2022,22,9143
27/08/2022,23,6718
27/08/2023,0,4561
27/08/2023,1,3040
27/08/2023,2,2144
27/08/2023,3,1310
27/08/2023,4,995
27/08/2023,5,1068
27/08/2023,6,1738
27/08/2023,7,2524
27/08/2023,8,3827
27/08/2023,9,4855
27/08/2023,10,5240
27/08/2023,11,5820
27/08/2023,12,7188
27/08/2023,13,7385
27/08/2023,14,7842
27/08/2023,15,8891
27/08/2023,16,9827
27/08/2023,17,10906
27/08/2023,18,9409
27/08/2023,19,7381
27/08/2023,20,6972
27/08/2023,21,5155
27/08/2023,22,4702
27/08/2023,23,3235
27/08/2024,0,2861
27/08/2024,1,1854
27/08/2024,2,1150
27/08/2024,3,933
27/08/2024,4,884
27/08/2024,5,2038
27/08/2024,6,4371
27/08/2024,7,9553
27/08/2024,8,7055
27/08/2024,9,2141
27/08/2024,10,3442
27/08/2024,11,4573
27/08/2024,12,5171
27/08/2024,13,5097
27/08/2024,14,5091
27/08/2024,15,6003
27/08/2024,16,9073
27/08/2024,17,13090
27/08/2024,18,17940
27/08/2024,19,12889
27/08/2024,20,10858
27/08/2024,21,9993
27/08/2024,22,8214
27/08/2024,23,4796
27/09/2022,0,3514
27/09/2022,1,2226
27/09/2022,2,1264
27/09/2022,3,794
27/09/2022,4,748
27/09/2022,5,1653
27/09/2022,6,4058
27/09/2022,7,11278
27/09/2022,8,16612
27/09/2022,9,8165
27/09/2022,10,5674
27/09/2022,11,6406
27/09/2022,12,7056
27/09/2022,13,6577
27/09/2022,14,6431
27/09/2022,15,7364
27/09/2022,16,11054
27/09/2022,17,16081
27/09/2022,18,21973
27/09/2022,19,14352
27/09/2022,20,11540
27/09/2022,21,10515
27/09/2022,22,9701
27/09/2022,23,5654
27/09/2023,0,1105
27/09/2023,1,551
27/09/2023,2,392
27/09/2023,3,271
27/09/2023,4,171
27/09/2023,5,317
27/09/2023,6,1029
27/09/2023,7,4433
27/09/2023,8,7371
27/09/2023,9,3739
27/09/2023,10,2895
27/09/2023,11,4263
27/09/2023,12,6181
27/09/2023,13,6934
27/09/2023,14,8286
27/09/2023,15,10633
27/09/2023,16,12555
27/09/2023,17,13720
27/09/2023,18,14635
27/09/2023,19,10755
27/09/2023,20,9279
27/09/2023,21,8770
27/09/2023,22,7775
27/09/2023,23,5297
27/09/2024,0,3533
27/09/2024,1,2340
27/09/2024,2,1484
27/09/2024,3,1080
27/09/2024,4,917
27/09/2024,5,1929
27/09/2024,6,4656
27/09/2024,7,12162
27/09/2024,8,16330
27/09/2024,9,8086
27/09/2024,10,5770
27/09/2024,11,6506
27/09/2024,12,6954
27/09/2024,13,6411
27/09/2024,14,6998
27/09/2024,15,8468
27/09/2024,16,10904
27/09/2024,17,16565
27/09/2024,18,20458
27/09/2024,19,13204
27/09/2024,20,11190
27/09/2024,21,10276
27/09/2024,22,9171
27/09/2024,23,6180
27/10/2022,0,3208
27/10/2022,1,2147
27/10/2022,2,1255
27/10/2022,3,806
27/10/2022,4,612
27/10/2022,5,1309
27/10/2022,6,3107
27/10/2022,7,9393
27/10/2022,8,15047
27/10/2022,9,7424
27/10/2022,10,5258
27/10/2022,11,6145
27/10/2022,12,6916
27/10/2022,13,6616
27/10/2022,14,6650
27/10/2022,15,7265
27/10/2022,16,10081
27/10/2022,17,13402
27/10/2022,18,17116
27/10/2022,19,10856
27/10/2022,20,8755
27/10/2022,21,8267
27/10/2022,22,7404
27/10/2022,23,4487
27/10/2023,0,3194
27/10/2023,1,2217
27/10/2023,2,1422
27/10/2023,3,1013
27/10/2023,4,900
27/10/2023,5,1645
27/10/2023,6,3929
27/10/2023,7,11018
27/10/2023,8,16390
27/10/2023,9,8393
27/10/2023,10,6133
27/10/2023,11,7311
27/10/2023,12,7936
27/10/2023,13,7930
27/10/2023,14,8356
27/10/2023,15,10386
27/10/2023,16,12375
27/10/2023,17,16783
27/10/2023,18,19331
27/10/2023,19,12416
27/10/2023,20,9943
27/10/2023,21,9408
27/10/2023,22,8297
27/10/2023,23,5540
27/10/2024,0,3664
27/10/2024,1,2397
27/10/2024,2,1687
27/10/2024,3,1132
27/10/2024,4,800
27/10/2024,5,866
27/10/2024,6,1240
27/10/2024,7,2026
27/10/2024,8,3412
27/10/2024,9,4683
27/10/2024,10,5315
27/10/2024,11,5909
27/10/2024,12,7271
27/10/2024,13,7550
27/10/2024,14,6144
27/10/2024,15,6655
27/10/2024,16,8219
27/10/2024,17,8764
27/10/2024,18,7640
27/10/2024,19,6573
27/10/2024,20,6232
27/10/2024,21,5588
27/10/2024,22,4310
27/10/2024,23,2877
27/11/2022,0,2460
27/11/2022,1,1669
27/11/2022,2,1104
27/11/2022,3,817
27/11/2022,4,523
27/11/2022,5,423
27/11/2022,6,681
27/11/2022,7,1193
27/11/2022,8,2131
27/11/2022,9,3072
27/11/2022,10,3436
27/11/2022,11,3990
27/11/2022,12,5276
27/11/2022,13,5813
27/11/2022,14,6107
27/11/2022,15,6660
27/11/2022,16,7103
27/11/2022,17,6534
27/11/2022,18,5632
27/11/2022,19,4553
27/11/2022,20,3993
27/11/2022,21,3960
27/11/2022,22,3244
27/11/2022,23,2351
27/11/2023,0,1592
27/11/2023,1,707
27/11/2023,2,242
27/11/2023,3,163
27/11/2023,4,183
27/11/2023,5,379
27/11/2023,6,1445
27/11/2023,7,4412
27/11/2023,8,4210
27/11/2023,9,1737
27/11/2023,10,707
27/11/2023,11,694
27/11/2023,12,1630
27/11/2023,13,2534
27/11/2023,14,3211
27/11/2023,15,4555
27/11/2023,16,6271
27/11/2023,17,8760
27/11/2023,18,10551
27/11/2023,19,6540
27/11/2023,20,5416
27/11/2023,21,4719
27/11/2023,22,4360
27/11/2023,23,2679
27/11/2024,0,374
27/11/2024,1,208
27/11/2024,2,135
27/11/2024,3,96
27/11/2024,4,111
27/11/2024,5,195
27/11/2024,6,318
27/11/2024,7,1266
27/11/2024,8,2353
27/11/2024,9,1124
27/11/2024,10,648
27/11/2024,11,637
27/11/2024,12,617
27/11/2024,13,420
27/11/2024,14,333
27/11/2024,15,973
27/11/2024,16,1500
27/11/2024,17,2255
27/11/2024,18,2722
27/11/2024,19,1309
27/11/2024,20,1196
27/11/2024,21,1161
27/11/2024,22,679
27/11/2024,23,267
27/12/2022,0,1119
27/12/2022,1,847
27/12/2022,2,618
27/12/2022,3,375
27/12/2022,4,296
27/12/2022,5,603
27/12/2022,6,1239
27/12/2022,7,2951
27/12/2022,8,5500
27/12/2022,9,2806
27/12/2022,10,1902
27/12/2022,11,2362
27/12/2022,12,2562
27/12/2022,13,2608
27/12/2022,14,2764
27/12/2022,15,2991
27/12/2022,16,3648
27/12/2022,17,4697
27/12/2022,18,6046
27/12/2022,19,3763
27/12/2022,20,2857
27/12/2022,21,2564
27/12/2022,22,2338
27/12/2022,23,1434
27/12/2023,0,1447
27/12/2023,1,1067
27/12/2023,2,740
27/12/2023,3,579
27/12/2023,4,463
27/12/2023,5,837
27/12/2023,6,1948
27/12/2023,7,4385
27/12/2023,8,7526
27/12/2023,9,3728
27/12/2023,10,2681
27/12/2023,11,3279
27/12/2023,12,3408
27/12/2023,13,3676
27/12/2023,14,4004
27/12/2023,15,4366
27/12/2023,16,5061
27/12/2023,17,6837
27/12/2023,18,8168
27/12/2023,19,5043
27/12/2023,20,3930
27/12/2023,21,3688
27/12/2023,22,3207
27/12/2023,23,2076
27/12/2024,0,1206
27/12/2024,1,914
27/12/2024,2,611
27/12/2024,3,505
27/12/2024,4,386
27/12/2024,5,858
27/12/2024,6,1737
27/12/2024,7,4419
27/12/2024,8,7115
27/12/2024,9,3427
27/12/2024,10,2408
27/12/2024,11,2695
27/12/2024,12,2967
27/12/2024,13,3204
27/12/2024,14,3434
27/12/2024,15,3559
27/12/2024,16,4434
27/12/2024,17,5687
27/12/2024,18,6378
27/12/2024,19,3662
27/12/2024,20,2686
27/12/2024,21,2387
27/12/2024,22,2123
27/12/2024,23,1530
28/01/2022,0,727
28/01/2022,1,555
28/01/2022,2,359
28/01/2022,3,288
28/01/2022,4,251
28/01/2022,5,456
28/01/2022,6,918
28/01/2022,7,2423
28/01/2022,8,5017
28/01/2022,9,2816
28/01/2022,10,2221
28/01/2022,11,2672
28/01/2022,12,2985
28/01/2022,13,3115
28/01/2022,14,3425
28/01/2022,15,3754
28/01/2022,16,4311
28/01/2022,17,4888
28/01/2022,18,4922
28/01/2022,19,3053
28/01/2022,20,2229
28/01/2022,21,2382
28/01/2022,22,1530
28/01/2022,23,847
28/01/2023,0,1014
28/01/2023,1,855
28/01/2023,2,595
28/01/2023,3,416
28/01/2023,4,276
28/01/2023,5,319
28/01/2023,6,422
28/01/2023,7,617
28/01/2023,8,1285
28/01/2023,9,1649
28/01/2023,10,1792
28/01/2023,11,2135
28/01/2023,12,2358
28/01/2023,13,2541
28/01/2023,14,2565
28/01/2023,15,2637
28/01/2023,16,2579
28/01/2023,17,2557
28/01/2023,18,2278
28/01/2023,19,1726
28/01/2023,20,1451
28/01/2023,21,1401
28/01/2023,22,1300
28/01/2023,23,1122
28/01/2024,0,1494
28/01/2024,1,1030
28/01/2024,2,792
28/01/2024,3,539
28/01/2024,4,397
28/01/2024,5,342
28/01/2024,6,476
28/01/2024,7,832
28/01/2024,8,1454
28/01/2024,9,2107
28/01/2024,10,2388
28/01/2024,11,2590
28/01/2024,12,3088
28/01/2024,13,3408
28/01/2024,14,3524
28/01/2024,15,3749
28/01/2024,16,4009
28/01/2024,17,3755
28/01/2024,18,3046
28/01/2024,19,2424
28/01/2024,20,2101
28/01/2024,21,1922
28/01/2024,22,1667
28/01/2024,23,1252
28/02/2022,0,706
28/02/2022,1,488
28/02/2022,2,300
28/02/2022,3,201
28/02/2022,4,241
28/02/2022,5,474
28/02/2022,6,1071
28/02/2022,7,2612
28/02/2022,8,5131
28/02/2022,9,3093
28/02/2022,10,2602
28/02/2022,11,3167
28/02/2022,12,3511
28/02/2022,13,3903
28/02/2022,14,4094
28/02/2022,15,4286
28/02/2022,16,4929
28/02/2022,17,6236
28/02/2022,18,7691
28/02/2022,19,4913
28/02/2022,20,4037
28/02/2022,21,3712
28/02/2022,22,3330
28/02/2022,23,1809
28/02/2023,0,1810
28/02/2023,1,1352
28/02/2023,2,785
28/02/2023,3,541
28/02/2023,4,486
28/02/2023,5,931
28/02/2023,6,2059
28/02/2023,7,5004
28/02/2023,8,9382
28/02/2023,9,4708
28/02/2023,10,3420
28/02/2023,11,4043
28/02/2023,12,4456
28/02/2023,13,4577
28/02/2023,14,4645
28/02/2023,15,5078
28/02/2023,16,5902
28/02/2023,17,8189
28/02/2023,18,10501
28/02/2023,19,6596
28/02/2023,20,5355
28/02/2023,21,4958
28/02/2023,22,4389
28/02/2023,23,3034
28/02/2024,0,1949
28/02/2024,1,1399
28/02/2024,2,916
28/02/2024,3,636
28/02/2024,4,569
28/02/2024,5,1120
28/02/2024,6,2530
28/02/2024,7,5990
28/02/2024,8,10070
28/02/2024,9,5003
28/02/2024,10,3563
28/02/2024,11,4315
28/02/2024,12,4776
28/02/2024,13,4779
28/02/2024,14,4751
28/02/2024,15,5093
28/02/2024,16,5962
28/02/2024,17,8911
28/02/2024,18,11617
28/02/2024,19,7101
28/02/2024,20,5599
28/02/2024,21,5126
28/02/2024,22,4346
28/02/2024,23,2816
28/03/2022,0,1160
28/03/2022,1,633
28/03/2022,2,397
28/03/2022,3,274
28/03/2022,4,299
28/03/2022,5,706
28/03/2022,6,1778
28/03/2022,7,5049
28/03/2022,8,8225
28/03/2022,9,4233
28/03/2022,10,3195
28/03/2022,11,4062
28/03/2022,12,4675
28/03/2022,13,4746
28/03/2022,14,4954
28/03/2022,15,5540
28/03/2022,16,7155
28/03/2022,17,9206
28/03/2022,18,12714
28/03/2022,19,7694
28/03/2022,20,5861
28/03/2022,21,4975
28/03/2022,22,4138
28/03/2022,23,2603
28/03/2023,0,2253
28/03/2023,1,1488
28/03/2023,2,928
28/03/2023,3,565
28/03/2023,4,559
28/03/2023,5,1206
28/03/2023,6,2978
28/03/2023,7,9058
28/03/2023,8,14114
28/03/2023,9,6831
28/03/2023,10,4773
28/03/2023,11,5440
28/03/2023,12,6107
28/03/2023,13,5940
28/03/2023,14,5943
28/03/2023,15,6723
28/03/2023,16,9584
28/03/2023,17,13243
28/03/2023,18,17827
28/03/2023,19,10474
28/03/2023,20,7916
28/03/2023,21,7089
28/03/2023,22,6997
28/03/2023,23,3811
28/03/2024,0,2415
28/03/2024,1,1698
28/03/2024,2,1047
28/03/2024,3,720
28/03/2024,4,542
28/03/2024,5,618
28/03/2024,6,2254
28/03/2024,7,4740
28/03/2024,8,3437
28/03/2024,9,4213
28/03/2024,10,3611
28/03/2024,11,3143
28/03/2024,12,2957
28/03/2024,13,2274
28/03/2024,14,3304
28/03/2024,15,4895
28/03/2024,16,7320
28/03/2024,17,9501
28/03/2024,18,11612
28/03/2024,19,4507
28/03/2024,20,3067
28/03/2024,21,3975
28/03/2024,22,3903
28/03/2024,23,2547
28/04/2022,0,3768
28/04/2022,1,2302
28/04/2022,2,1385
28/04/2022,3,804
28/04/2022,4,669
28/04/2022,5,1209
28/04/2022,6,2943
28/04/2022,7,8095
28/04/2022,8,13416
28/04/2022,9,7097
28/04/2022,10,5183
28/04/2022,11,5889
28/04/2022,12,6667
28/04/2022,13,6452
28/04/2022,14,6269
28/04/2022,15,6816
28/04/2022,16,8468
28/04/2022,17,12284
28/04/2022,18,17604
28/04/2022,19,11160
28/04/2022,20,9102
28/04/2022,21,8471
28/04/2022,22,6732
28/04/2022,23,4242
28/04/2023,0,3396
28/04/2023,1,2408
28/04/2023,2,1451
28/04/2023,3,893
28/04/2023,4,731
28/04/2023,5,1381
28/04/2023,6,3568
28/04/2023,7,9885
28/04/2023,8,15174
28/04/2023,9,8256
28/04/2023,10,6291
28/04/2023,11,7289
28/04/2023,12,8069
28/04/2023,13,7620
28/04/2023,14,7945
28/04/2023,15,8847
28/04/2023,16,10767
28/04/2023,17,14613
28/04/2023,18,17991
28/04/2023,19,11661
28/04/2023,20,9355
28/04/2023,21,5360
28/04/2023,22,2187
28/04/2023,23,591
28/04/2024,0,4444
28/04/2024,1,3092
28/04/2024,2,1951
28/04/2024,3,1347
28/04/2024,4,922
28/04/2024,5,866
28/04/2024,6,1539
28/04/2024,7,2211
28/04/2024,8,3592
28/04/2024,9,5201
28/04/2024,10,6091
28/04/2024,11,6808
28/04/2024,12,8052
28/04/2024,13,8854
28/04/2024,14,9699
28/04/2024,15,10430
28/04/2024,16,11213
28/04/2024,17,12104
28/04/2024,18,11889
28/04/2024,19,10655
28/04/2024,20,9441
28/04/2024,21,7995
28/04/2024,22,5603
28/04/2024,23,4037
28/05/2022,0,5689
28/05/2022,1,4089
28/05/2022,2,2683
28/05/2022,3,1622
28/05/2022,4,1168
28/05/2022,5,1211
28/05/2022,6,1744
28/05/2022,7,2997
28/05/2022,8,4961
28/05/2022,9,6309
28/05/2022,10,6868
28/05/2022,11,7603
28/05/2022,12,8588
28/05/2022,13,9033
28/05/2022,14,9077
28/05/2022,15,9765
28/05/2022,16,10507
28/05/2022,17,11780
28/05/2022,18,11612
28/05/2022,19,10929
28/05/2022,20,10888
28/05/2022,21,10041
28/05/2022,22,8720
28/05/2022,23,6467
28/05/2023,0,805
28/05/2023,1,212
28/05/2023,2,299
28/05/2023,3,232
28/05/2023,4,171
28/05/2023,5,129
28/05/2023,6,66
28/05/2023,7,107
28/05/2023,8,122
28/05/2023,9,149
28/05/2023,10,149
28/05/2023,11,169
28/05/2023,12,179
28/05/2023,13,242
28/05/2023,14,318
28/05/2023,15,212
28/05/2023,16,194
28/05/2023,17,218
28/05/2023,18,197
28/05/2023,19,151
28/05/2023,20,158
28/05/2023,21,159
28/05/2023,22,176
28/05/2023,23,178
28/05/2024,0,3075
28/05/2024,1,1999
28/05/2024,2,1253
28/05/2024,3,925
28/05/2024,4,828
28/05/2024,5,2025
28/05/2024,6,5030
28/05/2024,7,12839
28/05/2024,8,16902
28/05/2024,9,8275
28/05/2024,10,5645
28/05/2024,11,6405
28/05/2024,12,7112
28/05/2024,13,6684
28/05/2024,14,6708
28/05/2024,15,7544
28/05/2024,16,11390
28/05/2024,17,16646
28/05/2024,18,21646
28/05/2024,19,14761
28/05/2024,20,11901
28/05/2024,21,10276
28/05/2024,22,8570
28/05/2024,23,4905
28/06/2022,0,3088
28/06/2022,1,2047
28/06/2022,2,1325
28/06/2022,3,716
28/06/2022,4,443
28/06/2022,5,1255
28/06/2022,6,3184
28/06/2022,7,8531
28/06/2022,8,12646
28/06/2022,9,6342
28/06/2022,10,4125
28/06/2022,11,3943
28/06/2022,12,4359
28/06/2022,13,2506
28/06/2022,14,1708
28/06/2022,15,3496
28/06/2022,16,6116
28/06/2022,17,9066
28/06/2022,18,11475
28/06/2022,19,9033
28/06/2022,20,5447
28/06/2022,21,6348
28/06/2022,22,3259
28/06/2022,23,1531
28/06/2023,0,3548
28/06/2023,1,2493
28/06/2023,2,1704
28/06/2023,3,1044
28/06/2023,4,909
28/06/2023,5,1894
28/06/2023,6,4611
28/06/2023,7,11534
28/06/2023,8,16236
28/06/2023,9,8176
28/06/2023,10,5513
28/06/2023,11,6497
28/06/2023,12,6771
28/06/2023,13,6177
28/06/2023,14,6232
28/06/2023,15,7191
28/06/2023,16,9860
28/06/2023,17,15028
28/06/2023,18,20232
28/06/2023,19,13418
28/06/2023,20,11649
28/06/2023,21,10718
28/06/2023,22,8895
28/06/2023,23,5599
28/06/2024,0,3868
28/06/2024,1,2586
28/06/2024,2,1780
28/06/2024,3,1188
28/06/2024,4,1050
28/06/2024,5,2117
28/06/2024,6,5091
28/06/2024,7,12112
28/06/2024,8,15643
28/06/2024,9,7770
28/06/2024,10,4394
28/06/2024,11,1492
28/06/2024,12,6367
28/06/2024,13,6003
28/06/2024,14,6146
28/06/2024,15,7687
28/06/2024,16,9719
28/06/2024,17,14600
28/06/2024,18,17833
28/06/2024,19,13422
28/06/2024,20,11231
28/06/2024,21,10593
28/06/2024,22,9210
28/06/2024,23,6239
28/07/2022,0,3916
28/07/2022,1,2610
28/07/2022,2,1529
28/07/2022,3,1016
28/07/2022,4,906
28/07/2022,5,1706
28/07/2022,6,3779
28/07/2022,7,7916
28/07/2022,8,12509
28/07/2022,9,6415
28/07/2022,10,4308
28/07/2022,11,5019
28/07/2022,12,5493
28/07/2022,13,5013
28/07/2022,14,4706
28/07/2022,15,5319
28/07/2022,16,6977
28/07/2022,17,11383
28/07/2022,18,17270
28/07/2022,19,12489
28/07/2022,20,11119
28/07/2022,21,9924
28/07/2022,22,8607
28/07/2022,23,5432
28/07/2023,0,3618
28/07/2023,1,2484
28/07/2023,2,1620
28/07/2023,3,1206
28/07/2023,4,890
28/07/2023,5,1825
28/07/2023,6,4125
28/07/2023,7,8479
28/07/2023,8,13011
28/07/2023,9,6606
28/07/2023,10,4663
28/07/2023,11,5265
28/07/2023,12,5492
28/07/2023,13,4943
28/07/2023,14,4916
28/07/2023,15,5576
28/07/2023,16,7297
28/07/2023,17,11742
28/07/2023,18,15533
28/07/2023,19,11282
28/07/2023,20,9712
28/07/2023,21,9188
28/07/2023,22,8182
28/07/2023,23,5611
28/07/2024,0,2762
28/07/2024,1,2014
28/07/2024,2,1444
28/07/2024,3,1037
28/07/2024,4,771
28/07/2024,5,939
28/07/2024,6,1419
28/07/2024,7,2095
28/07/2024,8,3308
28/07/2024,9,3630
28/07/2024,10,4274
28/07/2024,11,4450
28/07/2024,12,5192
28/07/2024,13,5167
28/07/2024,14,5224
28/07/2024,15,5635
28/07/2024,16,6355
28/07/2024,17,7402
28/07/2024,18,7883
28/07/2024,19,7723
28/07/2024,20,7488
28/07/2024,21,6726
28/07/2024,22,5443
28/07/2024,23,3653
28/08/2022,0,5551
28/08/2022,1,3619
28/08/2022,2,2219
28/08/2022,3,1394
28/08/2022,4,862
28/08/2022,5,861
28/08/2022,6,1401
28/08/2022,7,2291
28/08/2022,8,3609
28/08/2022,9,4789
28/08/2022,10,5714
28/08/2022,11,6556
28/08/2022,12,7972
28/08/2022,13,8677
28/08/2022,14,9574
28/08/2022,15,10642
28/08/2022,16,11793
28/08/2022,17,12978
28/08/2022,18,13608
28/08/2022,19,12963
28/08/2022,20,11309
28/08/2022,21,9768
28/08/2022,22,7347
28/08/2022,23,4939
28/08/2023,0,1417
28/08/2023,1,851
28/08/2023,2,466
28/08/2023,3,367
28/08/2023,4,450
28/08/2023,5,1103
28/08/2023,6,792
28/08/2023,7,720
28/08/2023,8,664
28/08/2023,9,318
28/08/2023,10,237
28/08/2023,11,637
28/08/2023,12,1429
28/08/2023,13,817
28/08/2023,14,1833
28/08/2023,15,4226
28/08/2023,16,6869
28/08/2023,17,5565
28/08/2023,18,7253
28/08/2023,19,7364
28/08/2023,20,6887
28/08/2023,21,7083
28/08/2023,22,5887
28/08/2023,23,3682
28/08/2024,0,3161
28/08/2024,1,2019
28/08/2024,2,1379
28/08/2024,3,981
28/08/2024,4,948
28/08/2024,5,2107
28/08/2024,6,4917
28/08/2024,7,11766
28/08/2024,8,14447
28/08/2024,9,6911
28/08/2024,10,4597
28/08/2024,11,5178
28/08/2024,12,5298
28/08/2024,13,4857
28/08/2024,14,5057
28/08/2024,15,6041
28/08/2024,16,8373
28/08/2024,17,13109
28/08/2024,18,18374
28/08/2024,19,12783
28/08/2024,20,10783
28/08/2024,21,10007
28/08/2024,22,8313
28/08/2024,23,4834
28/09/2022,0,3782
28/09/2022,1,2383
28/09/2022,2,1431
28/09/2022,3,907
28/09/2022,4,819
28/09/2022,5,1610
28/09/2022,6,4006
28/09/2022,7,11396
28/09/2022,8,16595
28/09/2022,9,8441
28/09/2022,10,5688
28/09/2022,11,6585
28/09/2022,12,7140
28/09/2022,13,6849
28/09/2022,14,6753
28/09/2022,15,8068
28/09/2022,16,10746
28/09/2022,17,16132
28/09/2022,18,21299
28/09/2022,19,13704
28/09/2022,20,11852
28/09/2022,21,10639
28/09/2022,22,9155
28/09/2022,23,5637
28/09/2023,0,4141
28/09/2023,1,2963
28/09/2023,2,2086
28/09/2023,3,1359
28/09/2023,4,1010
28/09/2023,5,967
28/09/2023,6,1456
28/09/2023,7,2269
28/09/2023,8,3413
28/09/2023,9,4113
28/09/2023,10,5019
28/09/2023,11,5687
28/09/2023,12,6393
28/09/2023,13,7092
28/09/2023,14,7516
28/09/2023,15,8160
28/09/2023,16,9364
28/09/2023,17,10101
28/09/2023,18,9289
28/09/2023,19,8090
28/09/2023,20,7812
28/09/2023,21,7308
28/09/2023,22,6074
28/09/2023,23,4375
28/09/2024,0,4724
28/09/2024,1,3393
28/09/2024,2,2263
28/09/2024,3,1453
28/09/2024,4,1122
28/09/2024,5,1309
28/09/2024,6,2129
28/09/2024,7,3523
28/09/2024,8,5719
28/09/2024,9,6873
28/09/2024,10,7370
28/09/2024,11,7924
28/09/2024,12,8855
28/09/2024,13,9309
28/09/2024,14,9423
28/09/2024,15,10811
28/09/2024,16,12241
28/09/2024,17,12778
28/09/2024,18,12894
28/09/2024,19,11104
28/09/2024,20,10389
28/09/2024,21,9581
28/09/2024,22,8096
28/09/2024,23,5714
28/10/2022,0,3289
28/10/2022,1,2188
28/10/2022,2,1408
28/10/2022,3,883
28/10/2022,4,687
28/10/2022,5,1244
28/10/2022,6,3017
28/10/2022,7,8701
28/10/2022,8,14434
28/10/2022,9,7493
28/10/2022,10,5413
28/10/2022,11,6595
28/10/2022,12,7333
28/10/2022,13,7126
28/10/2022,14,7445
28/10/2022,15,8953
28/10/2022,16,10612
28/10/2022,17,14413
28/10/2022,18,16688
28/10/2022,19,10449
28/10/2022,20,8381
28/10/2022,21,7863
28/10/2022,22,7409
28/10/2022,23,5001
28/10/2023,0,4192
28/10/2023,1,3042
28/10/2023,2,2071
28/10/2023,3,1333
28/10/2023,4,928
28/10/2023,5,1170
28/10/2023,6,1828
28/10/2023,7,3185
28/10/2023,8,5891
28/10/2023,9,6708
28/10/2023,10,7529
28/10/2023,11,8774
28/10/2023,12,9498
28/10/2023,13,10471
28/10/2023,14,11065
28/10/2023,15,12095
28/10/2023,16,12816
28/10/2023,17,12730
28/10/2023,18,10612
28/10/2023,19,8515
28/10/2023,20,7799
28/10/2023,21,7486
28/10/2023,22,6377
28/10/2023,23,4646
28/10/2024,0,2073
28/10/2024,1,1384
28/10/2024,2,867
28/10/2024,3,658
28/10/2024,4,671
28/10/2024,5,1714
28/10/2024,6,3846
28/10/2024,7,10540
28/10/2024,8,14597
28/10/2024,9,6786
28/10/2024,10,4665
28/10/2024,11,5630
28/10/2024,12,5956
28/10/2024,13,5939
28/10/2024,14,6063
28/10/2024,15,7591
28/10/2024,16,9633
28/10/2024,17,14493
28/10/2024,18,18016
28/10/2024,19,11065
28/10/2024,20,8898
28/10/2024,21,8031
28/10/2024,22,6429
28/10/2024,23,3735
28/11/2022,0,1952
28/11/2022,1,1065
28/11/2022,2,709
28/11/2022,3,519
28/11/2022,4,501
28/11/2022,5,1108
28/11/2022,6,2171
28/11/2022,7,4907
28/11/2022,8,9188
28/11/2022,9,5763
28/11/2022,10,4063
28/11/2022,11,4164
28/11/2022,12,5010
28/11/2022,13,2452
28/11/2022,14,1650
28/11/2022,15,3303
28/11/2022,16,3122
28/11/2022,17,1162
28/11/2022,18,1659
28/11/2022,19,1619
28/11/2022,20,212
28/11/2022,21,202
28/11/2022,22,268
28/11/2022,23,267
28/11/2023,0,1864
28/11/2023,1,1318
28/11/2023,2,822
28/11/2023,3,557
28/11/2023,4,591
28/11/2023,5,1243
28/11/2023,6,2851
28/11/2023,7,7733
28/11/2023,8,12197
28/11/2023,9,5967
28/11/2023,10,3914
28/11/2023,11,4138
28/11/2023,12,4295
28/11/2023,13,4134
28/11/2023,14,3964
28/11/2023,15,4396
28/11/2023,16,6298
28/11/2023,17,8712
28/11/2023,18,11101
28/11/2023,19,6731
28/11/2023,20,5205
28/11/2023,21,4820
28/11/2023,22,3981
28/11/2023,23,2318
28/11/2024,0,318
28/11/2024,1,271
28/11/2024,2,180
28/11/2024,3,159
28/11/2024,4,158
28/11/2024,5,201
28/11/2024,6,275
28/11/2024,7,957
28/11/2024,8,1887
28/11/2024,9,1377
28/11/2024,10,1239
28/11/2024,11,1493
28/11/2024,12,1698
28/11/2024,13,1914
28/11/2024,14,2073
28/11/2024,15,2567
28/11/2024,16,3786
28/11/2024,17,4595
28/11/2024,18,5361
28/11/2024,19,3361
28/11/2024,20,2762
28/11/2024,21,2504
28/11/2024,22,2339
28/11/2024,23,1477
28/12/2022,0,1314
28/12/2022,1,1061
28/12/2022,2,705
28/12/2022,3,346
28/12/2022,4,257
28/12/2022,5,459
28/12/2022,6,950
28/12/2022,7,2450
28/12/2022,8,4931
28/12/2022,9,2605
28/12/2022,10,1919
28/12/2022,11,2314
28/12/2022,12,2483
28/12/2022,13,2503
28/12/2022,14,2588
28/12/2022,15,2707
28/12/2022,16,3155
28/12/2022,17,4264
28/12/2022,18,5350
28/12/2022,19,3200
28/12/2022,20,2595
28/12/2022,21,2343
28/12/2022,22,2058
28/12/2022,23,1455
28/12/2023,0,1620
28/12/2023,1,1247
28/12/2023,2,827
28/12/2023,3,665
28/12/2023,4,511
28/12/2023,5,835
28/12/2023,6,1872
28/12/2023,7,4498
28/12/2023,8,7459
28/12/2023,9,3803
28/12/2023,10,2848
28/12/2023,11,3235
28/12/2023,12,3503
28/12/2023,13,3715
28/12/2023,14,3911
28/12/2023,15,4265
28/12/2023,16,5070
28/12/2023,17,6444
28/12/2023,18,7981
28/12/2023,19,4982
28/12/2023,20,3862
28/12/2023,21,3704
28/12/2023,22,3336
28/12/2023,23,2160
28/12/2024,0,1372
28/12/2024,1,1169
28/12/2024,2,843
28/12/2024,3,608
28/12/2024,4,417
28/12/2024,5,498
28/12/2024,6,670
28/12/2024,7,1055
28/12/2024,8,2038
28/12/2024,9,2299
28/12/2024,10,2467
28/12/2024,11,2625
28/12/2024,12,2921
28/12/2024,13,3078
28/12/2024,14,2962
28/12/2024,15,3191
28/12/2024,16,3199
28/12/2024,17,3191
28/12/2024,18,2652
28/12/2024,19,1982
28/12/2024,20,1827
28/12/2024,21,1720
28/12/2024,22,1676
28/12/2024,23,1269
29/01/2022,0,674
29/01/2022,1,562
29/01/2022,2,358
29/01/2022,3,267
29/01/2022,4,201
29/01/2022,5,263
29/01/2022,6,391
29/01/2022,7,693
29/01/2022,8,1344
29/01/2022,9,1801
29/01/2022,10,2103
29/01/2022,11,2400
29/01/2022,12,2766
29/01/2022,13,2795
29/01/2022,14,2891
29/01/2022,15,3202
29/01/2022,16,3019
29/01/2022,17,2828
29/01/2022,18,2226
29/01/2022,19,1740
29/01/2022,20,1645
29/01/2022,21,1820
29/01/2022,22,1269
29/01/2022,23,762
29/01/2023,0,1203
29/01/2023,1,804
29/01/2023,2,612
29/01/2023,3,445
29/01/2023,4,284
29/01/2023,5,255
29/01/2023,6,355
29/01/2023,7,593
29/01/2023,8,959
29/01/2023,9,1317
29/01/2023,10,1626
29/01/2023,11,1883
29/01/2023,12,2482
29/01/2023,13,2744
29/01/2023,14,3042
29/01/2023,15,3165
29/01/2023,16,3085
29/01/2023,17,2976
29/01/2023,18,2620
29/01/2023,19,2125
29/01/2023,20,1806
29/01/2023,21,1680
29/01/2023,22,1280
29/01/2023,23,1006
29/01/2024,0,1030
29/01/2024,1,669
29/01/2024,2,472
29/01/2024,3,374
29/01/2024,4,421
29/01/2024,5,895
29/01/2024,6,1990
29/01/2024,7,4262
29/01/2024,8,7432
29/01/2024,9,3742
29/01/2024,10,2530
29/01/2024,11,3045
29/01/2024,12,3340
29/01/2024,13,3426
29/01/2024,14,3437
29/01/2024,15,3782
29/01/2024,16,4362
29/01/2024,17,6803
29/01/2024,18,9017
29/01/2024,19,5325
29/01/2024,20,4149
29/01/2024,21,3611
29/01/2024,22,2886
29/01/2024,23,1803
29/02/2024,0,2119
29/02/2024,1,1548
29/02/2024,2,940
29/02/2024,3,706
29/02/2024,4,569
29/02/2024,5,1086
29/02/2024,6,2377
29/02/2024,7,5789
29/02/2024,8,9616
29/02/2024,9,4877
29/02/2024,10,3554
29/02/2024,11,4103
29/02/2024,12,4502
29/02/2024,13,4473
29/02/2024,14,4687
29/02/2024,15,5293
29/02/2024,16,6156
29/02/2024,17,8714
29/02/2024,18,10583
29/02/2024,19,6172
29/02/2024,20,4539
29/02/2024,21,3956
29/02/2024,22,3405
29/02/2024,23,2249
29/03/2022,0,1499
29/03/2022,1,835
29/03/2022,2,559
29/03/2022,3,369
29/03/2022,4,345
29/03/2022,5,723
29/03/2022,6,1923
29/03/2022,7,5580
29/03/2022,8,9192
29/03/2022,9,4845
29/03/2022,10,3468
29/03/2022,11,4250
29/03/2022,12,5001
29/03/2022,13,4978
29/03/2022,14,5100
29/03/2022,15,5871
29/03/2022,16,7457
29/03/2022,17,10017
29/03/2022,18,13508
29/03/2022,19,7969
29/03/2022,20,6188
29/03/2022,21,5645
29/03/2022,22,4580
29/03/2022,23,2936
29/03/2023,0,2536
29/03/2023,1,1645
29/03/2023,2,1068
29/03/2023,3,648
29/03/2023,4,572
29/03/2023,5,1278
29/03/2023,6,3013
29/03/2023,7,9299
29/03/2023,8,14183
29/03/2023,9,6989
29/03/2023,10,5022
29/03/2023,11,6050
29/03/2023,12,6617
29/03/2023,13,6513
29/03/2023,14,6703
29/03/2023,15,7694
29/03/2023,16,10286
29/03/2023,17,14040
29/03/2023,18,18024
29/03/2023,19,11216
29/03/2023,20,9006
29/03/2023,21,8141
29/03/2023,22,6789
29/03/2023,23,4063
29/03/2024,0,2070
29/03/2024,1,1584
29/03/2024,2,947
29/03/2024,3,704
29/03/2024,4,622
29/03/2024,5,1255
29/03/2024,6,2958
29/03/2024,7,7634
29/03/2024,8,10901
29/03/2024,9,2307
29/03/2024,10,509
29/03/2024,11,741
29/03/2024,12,997
29/03/2024,13,1020
29/03/2024,14,2611
29/03/2024,15,4597
29/03/2024,16,6545
29/03/2024,17,9342
29/03/2024,18,11300
29/03/2024,19,6582
29/03/2024,20,4899
29/03/2024,21,4593
29/03/2024,22,4407
29/03/2024,23,2890
29/04/2022,0,2141
29/04/2022,1,534
29/04/2022,2,188
29/04/2022,3,88
29/04/2022,4,54
29/04/2022,5,82
29/04/2022,6,174
29/04/2022,7,607
29/04/2022,8,4710
29/04/2022,9,4552
29/04/2022,10,4105
29/04/2022,11,5323
29/04/2022,12,6204
29/04/2022,13,6042
29/04/2022,14,6253
29/04/2022,15,6799
29/04/2022,16,8150
29/04/2022,17,11215
29/04/2022,18,14063
29/04/2022,19,9389
29/04/2022,20,7376
29/04/2022,21,6915
29/04/2022,22,6084
29/04/2022,23,4259
29/04/2023,0,563
29/04/2023,1,377
29/04/2023,2,208
29/04/2023,3,145
29/04/2023,4,186
29/04/2023,5,230
29/04/2023,6,633
29/04/2023,7,351
29/04/2023,8,366
29/04/2023,9,527
29/04/2023,10,230
29/04/2023,11,178
29/04/2023,12,343
29/04/2023,13,813
29/04/2023,14,2778
29/04/2023,15,4758
29/04/2023,16,6042
29/04/2023,17,6205
29/04/2023,18,5895
29/04/2023,19,4677
29/04/2023,20,4053
29/04/2023,21,4315
29/04/2023,22,4078
29/04/2023,23,3378
29/04/2024,0,3165
29/04/2024,1,1847
29/04/2024,2,1141
29/04/2024,3,760
29/04/2024,4,721
29/04/2024,5,1696
29/04/2024,6,4368
29/04/2024,7,10711
29/04/2024,8,14836
29/04/2024,9,8070
29/04/2024,10,5920
29/04/2024,11,6592
29/04/2024,12,7221
29/04/2024,13,6679
29/04/2024,14,6588
29/04/2024,15,7291
29/04/2024,16,9411
29/04/2024,17,15095
29/04/2024,18,21018
29/04/2024,19,13642
29/04/2024,20,11291
29/04/2024,21,9946
29/04/2024,22,7467
29/04/2024,23,4627
29/05/2022,0,5356
29/05/2022,1,3566
29/05/2022,2,2441
29/05/2022,3,1571
29/05/2022,4,957
29/05/2022,5,925
29/05/2022,6,1393
29/05/2022,7,2138
29/05/2022,8,3345
29/05/2022,9,4605
29/05/2022,10,5476
29/05/2022,11,6379
29/05/2022,12,7795
29/05/2022,13,8389
29/05/2022,14,8750
29/05/2022,15,9826
29/05/2022,16,10480
29/05/2022,17,11360
29/05/2022,18,11568
29/05/2022,19,11147
29/05/2022,20,10308
29/05/2022,21,9350
29/05/2022,22,7148
29/05/2022,23,4510
29/05/2023,0,254
29/05/2023,1,227
29/05/2023,2,337
29/05/2023,3,260
29/05/2023,4,181
29/05/2023,5,480
29/05/2023,6,793
29/05/2023,7,1337
29/05/2023,8,2551
29/05/2023,9,3640
29/05/2023,10,4863
29/05/2023,11,6136
29/05/2023,12,7522
29/05/2023,13,8740
29/05/2023,14,9669
29/05/2023,15,10551
29/05/2023,16,11948
29/05/2023,17,12645
29/05/2023,18,13307
29/05/2023,19,12887
29/05/2023,20,11444
29/05/2023,21,9961
29/05/2023,22,7652
29/05/2023,23,4691
29/05/2024,0,3253
29/05/2024,1,2169
29/05/2024,2,1345
29/05/2024,3,918
29/05/2024,4,860
29/05/2024,5,2016
29/05/2024,6,4937
29/05/2024,7,12548
29/05/2024,8,16834
29/05/2024,9,8339
29/05/2024,10,5713
29/05/2024,11,6401
29/05/2024,12,6921
29/05/2024,13,6496
29/05/2024,14,6532
29/05/2024,15,7816
29/05/2024,16,10399
29/05/2024,17,16277
29/05/2024,18,20761
29/05/2024,19,14161
29/05/2024,20,11401
29/05/2024,21,10110
29/05/2024,22,8621
29/05/2024,23,4987
29/06/2022,0,548
29/06/2022,1,203
29/06/2022,2,175
29/06/2022,3,257
29/06/2022,4,161
29/06/2022,5,836
29/06/2022,6,2000
29/06/2022,7,5689
29/06/2022,8,9653
29/06/2022,9,3919
29/06/2022,10,3110
29/06/2022,11,2607
29/06/2022,12,513
29/06/2022,13,1039
29/06/2022,14,2239
29/06/2022,15,2938
29/06/2022,16,2946
29/06/2022,17,4729
29/06/2022,18,4109
29/06/2022,19,2581
29/06/2022,20,404
29/06/2022,21,902
29/06/2022,22,767
29/06/2022,23,331
29/06/2023,0,3847
29/06/2023,1,2653
29/06/2023,2,1653
29/06/2023,3,1023
29/06/2023,4,857
29/06/2023,5,1756
29/06/2023,6,3023
29/06/2023,7,4190
29/06/2023,8,1933
29/06/2023,9,350
29/06/2023,10,161
29/06/2023,11,139
29/06/2023,12,256
29/06/2023,13,235
29/06/2023,14,174
29/06/2023,15,187
29/06/2023,16,1275
29/06/2023,17,1419
29/06/2023,18,1396
29/06/2023,19,1033
29/06/2023,20,1023
29/06/2023,21,1959
29/06/2023,22,2813
29/06/2023,23,1971
29/06/2024,0,4794
29/06/2024,1,3613
29/06/2024,2,2432
29/06/2024,3,1542
29/06/2024,4,1169
29/06/2024,5,1515
29/06/2024,6,2343
29/06/2024,7,3396
29/06/2024,8,5279
29/06/2024,9,6317
29/06/2024,10,6494
29/06/2024,11,6812
29/06/2024,12,7359
29/06/2024,13,6758
29/06/2024,14,7735
29/06/2024,15,8375
29/06/2024,16,8840
29/06/2024,17,8981
29/06/2024,18,4865
29/06/2024,19,533
29/06/2024,20,193
29/06/2024,21,185
29/06/2024,22,168
29/06/2024,23,299
29/07/2022,0,3831
29/07/2022,1,2596
29/07/2022,2,1633
29/07/2022,3,1034
29/07/2022,4,887
29/07/2022,5,1657
29/07/2022,6,3474
29/07/2022,7,7480
29/07/2022,8,11502
29/07/2022,9,6110
29/07/2022,10,4315
29/07/2022,11,5047
29/07/2022,12,5277
29/07/2022,13,4954
29/07/2022,14,4841
29/07/2022,15,5422
29/07/2022,16,6800
29/07/2022,17,10985
29/07/2022,18,15463
29/07/2022,19,11159
29/07/2022,20,9617
29/07/2022,21,9149
29/07/2022,22,8253
29/07/2022,23,5698
29/07/2023,0,4254
29/07/2023,1,3081
29/07/2023,2,2048
29/07/2023,3,1463
29/07/2023,4,1089
29/07/2023,5,1368
29/07/2023,6,2079
29/07/2023,7,2968
29/07/2023,8,4502
29/07/2023,9,4986
29/07/2023,10,5103
29/07/2023,11,5298
29/07/2023,12,5696
29/07/2023,13,5624
29/07/2023,14,5428
29/07/2023,15,5577
29/07/2023,16,6130
29/07/2023,17,7147
29/07/2023,18,8025
29/07/2023,19,8585
29/07/2023,20,8624
29/07/2023,21,8578
29/07/2023,22,7127
29/07/2023,23,5152
29/07/2024,0,2606
29/07/2024,1,1682
29/07/2024,2,1076
29/07/2024,3,768
29/07/2024,4,809
29/07/2024,5,1768
29/07/2024,6,3884
29/07/2024,7,7905
29/07/2024,8,11363
29/07/2024,9,5540
29/07/2024,10,3911
29/07/2024,11,4593
29/07/2024,12,5282
29/07/2024,13,4822
29/07/2024,14,4896
29/07/2024,15,5669
29/07/2024,16,6886
29/07/2024,17,11605
29/07/2024,18,16193
29/07/2024,19,10466
29/07/2024,20,8704
29/07/2024,21,8104
29/07/2024,22,6488
29/07/2024,23,3798
29/08/2022,0,3675
29/08/2022,1,1940
29/08/2022,2,1190
29/08/2022,3,684
29/08/2022,4,323
29/08/2022,5,1133
29/08/2022,6,1202
29/08/2022,7,1568
29/08/2022,8,2020
29/08/2022,9,679
29/08/2022,10,1385
29/08/2022,11,1473
29/08/2022,12,993
29/08/2022,13,1927
29/08/2022,14,3676
29/08/2022,15,5711
29/08/2022,16,8433
29/08/2022,17,11336
29/08/2022,18,15701
29/08/2022,19,11473
29/08/2022,20,10358
29/08/2022,21,9249
29/08/2022,22,7926
29/08/2022,23,4826
29/08/2023,0,2787
29/08/2023,1,1972
29/08/2023,2,602
29/08/2023,3,647
29/08/2023,4,633
29/08/2023,5,1554
29/08/2023,6,2815
29/08/2023,7,3109
29/08/2023,8,4345
29/08/2023,9,3263
29/08/2023,10,1483
29/08/2023,11,292
29/08/2023,12,131
29/08/2023,13,298
29/08/2023,14,1124
29/08/2023,15,2370
29/08/2023,16,3484
29/08/2023,17,3596
29/08/2023,18,3192
29/08/2023,19,4549
29/08/2023,20,5330
29/08/2023,21,6390
29/08/2023,22,6033
29/08/2023,23,3965
29/08/2024,0,3379
29/08/2024,1,2207
29/08/2024,2,1381
29/08/2024,3,1053
29/08/2024,4,928
29/08/2024,5,2097
29/08/2024,6,4816
29/08/2024,7,11549
29/08/2024,8,14633
29/08/2024,9,6941
29/08/2024,10,4476
29/08/2024,11,5093
29/08/2024,12,5137
29/08/2024,13,4791
29/08/2024,14,4722
29/08/2024,15,5694
29/08/2024,16,8391
29/08/2024,17,12959
29/08/2024,18,18374
29/08/2024,19,12919
29/08/2024,20,11204
29/08/2024,21,10222
29/08/2024,22,8528
29/08/2024,23,5172
29/09/2022,0,3928
29/09/2022,1,2408
29/09/2022,2,1431
29/09/2022,3,925
29/09/2022,4,814
29/09/2022,5,1570
29/09/2022,6,3760
29/09/2022,7,10834
29/09/2022,8,16284
29/09/2022,9,8017
29/09/2022,10,5645
29/09/2022,11,6374
29/09/2022,12,7055
29/09/2022,13,6653
29/09/2022,14,6603
29/09/2022,15,7368
29/09/2022,16,10873
29/09/2022,17,15305
29/09/2022,18,20404
29/09/2022,19,13466
29/09/2022,20,11478
29/09/2022,21,10532
29/09/2022,22,8832
29/09/2022,23,5657
29/09/2023,0,3216
29/09/2023,1,2022
29/09/2023,2,1422
29/09/2023,3,858
29/09/2023,4,747
29/09/2023,5,811
29/09/2023,6,1150
29/09/2023,7,1778
29/09/2023,8,2221
29/09/2023,9,2487
29/09/2023,10,3050
29/09/2023,11,3898
29/09/2023,12,4445
29/09/2023,13,5131
29/09/2023,14,5994
29/09/2023,15,6917
29/09/2023,16,8200
29/09/2023,17,9061
29/09/2023,18,8843
29/09/2023,19,7567
29/09/2023,20,7293
29/09/2023,21,6717
29/09/2023,22,5840
29/09/2023,23,4318
29/09/2024,0,4485
29/09/2024,1,3038
29/09/2024,2,2017
29/09/2024,3,1415
29/09/2024,4,985
29/09/2024,5,1018
29/09/2024,6,1741
29/09/2024,7,2739
29/09/2024,8,4285
29/09/2024,9,5486
29/09/2024,10,6396
29/09/2024,11,6696
29/09/2024,12,8086
29/09/2024,13,8633
29/09/2024,14,8960
29/09/2024,15,10230
29/09/2024,16,11576
29/09/2024,17,13144
29/09/2024,18,12915
29/09/2024,19,11048
29/09/2024,20,10146
29/09/2024,21,8779
29/09/2024,22,6491
29/09/2024,23,4256
29/10/2022,0,4208
29/10/2022,1,3236
29/10/2022,2,2066
29/10/2022,3,1314
29/10/2022,4,900
29/10/2022,5,984
29/10/2022,6,1407
29/10/2022,7,2755
29/10/2022,8,5006
29/10/2022,9,6099
29/10/2022,10,6367
29/10/2022,11,7922
29/10/2022,12,8692
29/10/2022,13,9353
29/10/2022,14,9975
29/10/2022,15,10664
29/10/2022,16,11785
29/10/2022,17,11442
29/10/2022,18,9368
29/10/2022,19,7945
29/10/2022,20,7222
29/10/2022,21,6797
29/10/2022,22,6227
29/10/2022,23,4588
29/10/2023,0,3981
29/10/2023,1,2675
29/10/2023,2,1820
29/10/2023,3,1271
29/10/2023,4,813
29/10/2023,5,866
29/10/2023,6,1233
29/10/2023,7,2096
29/10/2023,8,3681
29/10/2023,9,5009
29/10/2023,10,6127
29/10/2023,11,7298
29/10/2023,12,8992
29/10/2023,13,10027
29/10/2023,14,11128
29/10/2023,15,12242
29/10/2023,16,12905
29/10/2023,17,12510
29/10/2023,18,10210
29/10/2023,19,8486
29/10/2023,20,7722
29/10/2023,21,7000
29/10/2023,22,5576
29/10/2023,23,3782
29/10/2024,0,2525
29/10/2024,1,1643
29/10/2024,2,1088
29/10/2024,3,780
29/10/2024,4,790
29/10/2024,5,1724
29/10/2024,6,4132
29/10/2024,7,11503
29/10/2024,8,15851
29/10/2024,9,7429
29/10/2024,10,4283
29/10/2024,11,3945
29/10/2024,12,5316
29/10/2024,13,5725
29/10/2024,14,5738
29/10/2024,15,6608
29/10/2024,16,7606
29/10/2024,17,12618
29/10/2024,18,17094
29/10/2024,19,10931
29/10/2024,20,8770
29/10/2024,21,8082
29/10/2024,22,6509
29/10/2024,23,3813
29/11/2022,0,1273
29/11/2022,1,847
29/11/2022,2,479
29/11/2022,3,121
29/11/2022,4,200
29/11/2022,5,440
29/11/2022,6,1149
29/11/2022,7,4480
29/11/2022,8,9563
29/11/2022,9,5093
29/11/2022,10,3460
29/11/2022,11,4088
29/11/2022,12,4415
29/11/2022,13,4341
29/11/2022,14,4344
29/11/2022,15,4594
29/11/2022,16,6480
29/11/2022,17,8012
29/11/2022,18,10244
29/11/2022,19,5944
29/11/2022,20,4389
29/11/2022,21,3758
29/11/2022,22,3026
29/11/2022,23,1840
29/11/2023,0,1787
29/11/2023,1,1257
29/11/2023,2,784
29/11/2023,3,627
29/11/2023,4,534
29/11/2023,5,1127
29/11/2023,6,2798
29/11/2023,7,7375
29/11/2023,8,11980
29/11/2023,9,5844
29/11/2023,10,3864
29/11/2023,11,4250
29/11/2023,12,4422
29/11/2023,13,4105
29/11/2023,14,3869
29/11/2023,15,4428
29/11/2023,16,4756
29/11/2023,17,7515
29/11/2023,18,9828
29/11/2023,19,5676
29/11/2023,20,4173
29/11/2023,21,3878
29/11/2023,22,3272
29/11/2023,23,2043
29/11/2024,0,1292
29/11/2024,1,932
29/11/2024,2,675
29/11/2024,3,469
29/11/2024,4,420
29/11/2024,5,855
29/11/2024,6,1635
29/11/2024,7,4400
29/11/2024,8,7211
29/11/2024,9,3653
29/11/2024,10,2661
29/11/2024,11,3154
29/11/2024,12,3368
29/11/2024,13,3266
29/11/2024,14,3499
29/11/2024,15,4000
29/11/2024,16,5167
29/11/2024,17,6526
29/11/2024,18,5980
29/11/2024,19,4117
29/11/2024,20,3122
29/11/2024,21,2941
29/11/2024,22,2731
29/11/2024,23,1840
29/12/2022,0,1289
29/12/2022,1,1011
29/12/2022,2,653
29/12/2022,3,430
29/12/2022,4,326
29/12/2022,5,599
29/12/2022,6,1146
29/12/2022,7,2766
29/12/2022,8,5345
29/12/2022,9,2735
29/12/2022,10,2045
29/12/2022,11,2351
29/12/2022,12,2552
29/12/2022,13,2655
29/12/2022,14,2805
29/12/2022,15,2965
29/12/2022,16,3617
29/12/2022,17,4554
29/12/2022,18,5408
29/12/2022,19,3421
29/12/2022,20,2651
29/12/2022,21,2386
29/12/2022,22,2205
29/12/2022,23,1478
29/12/2023,0,1845
29/12/2023,1,1366
29/12/2023,2,978
29/12/2023,3,682
29/12/2023,4,549
29/12/2023,5,822
29/12/2023,6,1801
29/12/2023,7,4322
29/12/2023,8,7202
29/12/2023,9,4069
29/12/2023,10,3332
29/12/2023,11,3600
29/12/2023,12,4021
29/12/2023,13,4390
29/12/2023,14,4723
29/12/2023,15,5240
29/12/2023,16,6032
29/12/2023,17,6508
29/12/2023,18,6656
29/12/2023,19,4326
29/12/2023,20,3382
29/12/2023,21,3165
29/12/2023,22,3049
29/12/2023,23,2108
29/12/2024,0,1232
29/12/2024,1,946
29/12/2024,2,774
29/12/2024,3,547
29/12/2024,4,366
29/12/2024,5,400
29/12/2024,6,480
29/12/2024,7,786
29/12/2024,8,1385
29/12/2024,9,1801
29/12/2024,10,1983
29/12/2024,11,2169
29/12/2024,12,2752
29/12/2024,13,2870
29/12/2024,14,3246
29/12/2024,15,3306
29/12/2024,16,3253
29/12/2024,17,3307
29/12/2024,18,2679
29/12/2024,19,2301
29/12/2024,20,2065
29/12/2024,21,1934
29/12/2024,22,1728
29/12/2024,23,1302
30/01/2022,0,617
30/01/2022,1,404
30/01/2022,2,241
30/01/2022,3,207
30/01/2022,4,144
30/01/2022,5,172
30/01/2022,6,280
30/01/2022,7,470
30/01/2022,8,832
30/01/2022,9,1216
30/01/2022,10,1452
30/01/2022,11,1755
30/01/2022,12,2148
30/01/2022,13,2384
30/01/2022,14,2720
30/01/2022,15,2802
30/01/2022,16,2845
30/01/2022,17,2564
30/01/2022,18,2019
30/01/2022,19,1659
30/01/2022,20,1594
30/01/2022,21,1567
30/01/2022,22,1106
30/01/2022,23,692
30/01/2023,0,858
30/01/2023,1,603
30/01/2023,2,412
30/01/2023,3,285
30/01/2023,4,310
30/01/2023,5,666
30/01/2023,6,1492
30/01/2023,7,3428
30/01/2023,8,6304
30/01/2023,9,3131
30/01/2023,10,2065
30/01/2023,11,2514
30/01/2023,12,2788
30/01/2023,13,2809
30/01/2023,14,2803
30/01/2023,15,3073
30/01/2023,16,3694
30/01/2023,17,5397
30/01/2023,18,7376
30/01/2023,19,4602
30/01/2023,20,3588
30/01/2023,21,3097
30/01/2023,22,2655
30/01/2023,23,1660
30/01/2024,0,1395
30/01/2024,1,1092
30/01/2024,2,681
30/01/2024,3,525
30/01/2024,4,417
30/01/2024,5,938
30/01/2024,6,2131
30/01/2024,7,4769
30/01/2024,8,8280
30/01/2024,9,4041
30/01/2024,10,2776
30/01/2024,11,3129
30/01/2024,12,3386
30/01/2024,13,3697
30/01/2024,14,3729
30/01/2024,15,4068
30/01/2024,16,4915
30/01/2024,17,7589
30/01/2024,18,9673
30/01/2024,19,5653
30/01/2024,20,4474
30/01/2024,21,3949
30/01/2024,22,3332
30/01/2024,23,1962
30/03/2022,0,1802
30/03/2022,1,1016
30/03/2022,2,629
30/03/2022,3,425
30/03/2022,4,407
30/03/2022,5,763
30/03/2022,6,1937
30/03/2022,7,5530
30/03/2022,8,9336
30/03/2022,9,4741
30/03/2022,10,3440
30/03/2022,11,4152
30/03/2022,12,4236
30/03/2022,13,1942
30/03/2022,14,1860
30/03/2022,15,2854
30/03/2022,16,3732
30/03/2022,17,5541
30/03/2022,18,9654
30/03/2022,19,6349
30/03/2022,20,5222
30/03/2022,21,4892
30/03/2022,22,4417
30/03/2022,23,2945
30/03/2023,0,2818
30/03/2023,1,1898
30/03/2023,2,1145
30/03/2023,3,730
30/03/2023,4,646
30/03/2023,5,1232
30/03/2023,6,3169
30/03/2023,7,9446
30/03/2023,8,14659
30/03/2023,9,7323
30/03/2023,10,5128
30/03/2023,11,6328
30/03/2023,12,7053
30/03/2023,13,6650
30/03/2023,14,6694
30/03/2023,15,7742
30/03/2023,16,10659
30/03/2023,17,14387
30/03/2023,18,18883
30/03/2023,19,11551
30/03/2023,20,9358
30/03/2023,21,8446
30/03/2023,22,7205
30/03/2023,23,4282
30/03/2024,0,2588
30/03/2024,1,2020
30/03/2024,2,1383
30/03/2024,3,973
30/03/2024,4,725
30/03/2024,5,839
30/03/2024,6,1255
30/03/2024,7,2047
30/03/2024,8,3734
30/03/2024,9,4625
30/03/2024,10,5122
30/03/2024,11,5648
30/03/2024,12,6986
30/03/2024,13,8002
30/03/2024,14,8651
30/03/2024,15,8845
30/03/2024,16,9095
30/03/2024,17,8899
30/03/2024,18,7887
30/03/2024,19,5711
30/03/2024,20,4950
30/03/2024,21,4633
30/03/2024,22,4107
30/03/2024,23,3010
30/04/2022,0,4178
30/04/2022,1,3058
30/04/2022,2,2007
30/04/2022,3,1290
30/04/2022,4,795
30/04/2022,5,788
30/04/2022,6,1204
30/04/2022,7,2035
30/04/2022,8,3700
30/04/2022,9,4834
30/04/2022,10,5536
30/04/2022,11,6576
30/04/2022,12,7541
30/04/2022,13,8598
30/04/2022,14,9101
30/04/2022,15,9096
30/04/2022,16,9227
30/04/2022,17,9335
30/04/2022,18,8123
30/04/2022,19,6840
30/04/2022,20,6439
30/04/2022,21,5972
30/04/2022,22,5269
30/04/2022,23,4017
30/04/2023,0,2933
30/04/2023,1,2126
30/04/2023,2,1549
30/04/2023,3,1044
30/04/2023,4,725
30/04/2023,5,724
30/04/2023,6,1144
30/04/2023,7,1782
30/04/2023,8,3085
30/04/2023,9,4305
30/04/2023,10,5184
30/04/2023,11,6070
30/04/2023,12,8046
30/04/2023,13,8955
30/04/2023,14,9642
30/04/2023,15,10704
30/04/2023,16,11201
30/04/2023,17,10564
30/04/2023,18,8772
30/04/2023,19,5232
30/04/2023,20,2304
30/04/2023,21,2034
30/04/2023,22,2677
30/04/2023,23,2321
30/04/2024,0,3103
30/04/2024,1,2116
30/04/2024,2,1274
30/04/2024,3,881
30/04/2024,4,782
30/04/2024,5,1814
30/04/2024,6,4686
30/04/2024,7,11295
30/04/2024,8,16123
30/04/2024,9,8749
30/04/2024,10,6380
30/04/2024,11,7188
30/04/2024,12,7509
30/04/2024,13,7014
30/04/2024,14,7155
30/04/2024,15,7922
30/04/2024,16,9849
30/04/2024,17,14867
30/04/2024,18,19341
30/04/2024,19,12454
30/04/2024,20,10118
30/04/2024,21,9401
30/04/2024,22,7847
30/04/2024,23,5144
30/05/2022,0,3383
30/05/2022,1,1990
30/05/2022,2,1220
30/05/2022,3,779
30/05/2022,4,740
30/05/2022,5,1447
30/05/2022,6,3274
30/05/2022,7,9835
30/05/2022,8,14077
30/05/2022,9,6995
30/05/2022,10,4817
30/05/2022,11,5566
30/05/2022,12,5994
30/05/2022,13,5717
30/05/2022,14,5809
30/05/2022,15,6589
30/05/2022,16,9227
30/05/2022,17,12914
30/05/2022,18,18336
30/05/2022,19,11174
30/05/2022,20,9437
30/05/2022,21,9148
30/05/2022,22,8083
30/05/2022,23,4972
30/05/2023,0,3375
30/05/2023,1,1969
30/05/2023,2,1185
30/05/2023,3,880
30/05/2023,4,747
30/05/2023,5,1879
30/05/2023,6,4596
30/05/2023,7,11925
30/05/2023,8,16198
30/05/2023,9,7867
30/05/2023,10,5386
30/05/2023,11,6163
30/05/2023,12,6444
30/05/2023,13,6140
30/05/2023,14,6153
30/05/2023,15,7148
30/05/2023,16,10638
30/05/2023,17,15430
30/05/2023,18,21454
30/05/2023,19,14579
30/05/2023,20,12257
30/05/2023,21,11328
30/05/2023,22,9428
30/05/2023,23,5446
30/05/2024,0,3475
30/05/2024,1,2228
30/05/2024,2,1480
30/05/2024,3,954
30/05/2024,4,870
30/05/2024,5,1899
30/05/2024,6,4889
30/05/2024,7,12477
30/05/2024,8,16857
30/05/2024,9,8174
30/05/2024,10,5572
30/05/2024,11,6607
30/05/2024,12,6915
30/05/2024,13,6561
30/05/2024,14,6512
30/05/2024,15,7362
30/05/2024,16,11184
30/05/2024,17,15550
30/05/2024,18,20182
30/05/2024,19,13207
30/05/2024,20,10839
30/05/2024,21,9923
30/05/2024,22,8505
30/05/2024,23,5224
30/06/2022,0,234
30/06/2022,1,319
30/06/2022,2,184
30/06/2022,3,72
30/06/2022,4,64
30/06/2022,5,62
30/06/2022,6,111
30/06/2022,7,222
30/06/2022,8,529
30/06/2022,9,162
30/06/2022,10,119
30/06/2022,11,317
30/06/2022,12,382
30/06/2022,13,259
30/06/2022,14,353
30/06/2022,15,262
30/06/2022,16,184
30/06/2022,17,132
30/06/2022,18,264
30/06/2022,19,295
30/06/2022,20,290
30/06/2022,21,683
30/06/2022,22,1527
30/06/2022,23,1768
30/06/2023,0,1328
30/06/2023,1,1052
30/06/2023,2,729
30/06/2023,3,610
30/06/2023,4,619
30/06/2023,5,1248
30/06/2023,6,2653
30/06/2023,7,6587
30/06/2023,8,9637
30/06/2023,9,6495
30/06/2023,10,5258
30/06/2023,11,5256
30/06/2023,12,5305
30/06/2023,13,6078
30/06/2023,14,6265
30/06/2023,15,7360
30/06/2023,16,9561
30/06/2023,17,13650
30/06/2023,18,17703
30/06/2023,19,12401
30/06/2023,20,10553
30/06/2023,21,9906
30/06/2023,22,8835
30/06/2023,23,6163
30/06/2024,0,296
30/06/2024,1,253
30/06/2024,2,179
30/06/2024,3,274
30/06/2024,4,320
30/06/2024,5,167
30/06/2024,6,559
30/06/2024,7,957
30/06/2024,8,1438
30/06/2024,9,1192
30/06/2024,10,2433
30/06/2024,11,3225
30/06/2024,12,4402
30/06/2024,13,5482
30/06/2024,14,6259
30/06/2024,15,7000
30/06/2024,16,8123
30/06/2024,17,8810
30/06/2024,18,9166
30/06/2024,19,8953
30/06/2024,20,8488
30/06/2024,21,7618
30/06/2024,22,6015
30/06/2024,23,3969
30/07/2022,0,4600
30/07/2022,1,3362
30/07/2022,2,2158
30/07/2022,3,1337
30/07/2022,4,986
30/07/2022,5,1288
30/07/2022,6,1859
30/07/2022,7,2660
30/07/2022,8,3880
30/07/2022,9,4534
30/07/2022,10,4642
30/07/2022,11,4599
30/07/2022,12,4816
30/07/2022,13,4927
30/07/2022,14,4723
30/07/2022,15,4945
30/07/2022,16,5637
30/07/2022,17,6893
30/07/2022,18,7768
30/07/2022,19,6636
30/07/2022,20,6380
30/07/2022,21,7191
30/07/2022,22,6639
30/07/2022,23,5132
30/07/2023,0,4057
30/07/2023,1,2720
30/07/2023,2,1904
30/07/2023,3,1279
30/07/2023,4,892
30/07/2023,5,1062
30/07/2023,6,1503
30/07/2023,7,2084
30/07/2023,8,3172
30/07/2023,9,3678
30/07/2023,10,3906
30/07/2023,11,3832
30/07/2023,12,4692
30/07/2023,13,4469
30/07/2023,14,4521
30/07/2023,15,5101
30/07/2023,16,6054
30/07/2023,17,6460
30/07/2023,18,3836
30/07/2023,19,2827
30/07/2023,20,2807
30/07/2023,21,3753
30/07/2023,22,3736
30/07/2023,23,3523
30/07/2024,0,2721
30/07/2024,1,1906
30/07/2024,2,1231
30/07/2024,3,902
30/07/2024,4,873
30/07/2024,5,1919
30/07/2024,6,3999
30/07/2024,7,8632
30/07/2024,8,13457
30/07/2024,9,6772
30/07/2024,10,4638
30/07/2024,11,4990
30/07/2024,12,5581
30/07/2024,13,5099
30/07/2024,14,4881
30/07/2024,15,5302
30/07/2024,16,6898
30/07/2024,17,11592
30/07/2024,18,17007
30/07/2024,19,11424
30/07/2024,20,9820
30/07/2024,21,8961
30/07/2024,22,7520
30/07/2024,23,4383
30/08/2022,0,3436
30/08/2022,1,1636
30/08/2022,2,375
30/08/2022,3,77
30/08/2022,4,40
30/08/2022,5,103
30/08/2022,6,258
30/08/2022,7,331
30/08/2022,8,467
30/08/2022,9,162
30/08/2022,10,127
30/08/2022,11,228
30/08/2022,12,148
30/08/2022,13,128
30/08/2022,14,152
30/08/2022,15,231
30/08/2022,16,308
30/08/2022,17,462
30/08/2022,18,421
30/08/2022,19,330
30/08/2022,20,741
30/08/2022,21,2166
30/08/2022,22,2666
30/08/2022,23,1821
30/08/2023,0,2891
30/08/2023,1,2035
30/08/2023,2,1220
30/08/2023,3,962
30/08/2023,4,803
30/08/2023,5,1823
30/08/2023,6,3951
30/08/2023,7,9403
30/08/2023,8,12498
30/08/2023,9,6175
30/08/2023,10,4572
30/08/2023,11,5595
30/08/2023,12,4698
30/08/2023,13,1612
30/08/2023,14,2491
30/08/2023,15,3757
30/08/2023,16,3709
30/08/2023,17,2985
30/08/2023,18,4523
30/08/2023,19,5094
30/08/2023,20,5955
30/08/2023,21,5814
30/08/2023,22,4453
30/08/2023,23,3718
30/08/2024,0,3563
30/08/2024,1,2330
30/08/2024,2,1487
30/08/2024,3,1076
30/08/2024,4,963
30/08/2024,5,2009
30/08/2024,6,4615
30/08/2024,7,11158
30/08/2024,8,14073
30/08/2024,9,6562
30/08/2024,10,4712
30/08/2024,11,5398
30/08/2024,12,5546
30/08/2024,13,5062
30/08/2024,14,5383
30/08/2024,15,6951
30/08/2024,16,8745
30/08/2024,17,13049
30/08/2024,18,17935
30/08/2024,19,12560
30/08/2024,20,10369
30/08/2024,21,9684
30/08/2024,22,8498
30/08/2024,23,5604
30/09/2022,0,4128
30/09/2022,1,2784
30/09/2022,2,1613
30/09/2022,3,1101
30/09/2022,4,914
30/09/2022,5,1557
30/09/2022,6,3662
30/09/2022,7,10464
30/09/2022,8,15861
30/09/2022,9,8496
30/09/2022,10,6149
30/09/2022,11,6894
30/09/2022,12,7779
30/09/2022,13,7424
30/09/2022,14,7495
30/09/2022,15,8662
30/09/2022,16,11159
30/09/2022,17,15952
30/09/2022,18,19874
30/09/2022,19,13403
30/09/2022,20,11028
30/09/2022,21,10378
30/09/2022,22,9325
30/09/2022,23,6555
30/09/2023,0,3347
30/09/2023,1,1806
30/09/2023,2,812
30/09/2023,3,472
30/09/2023,4,618
30/09/2023,5,685
30/09/2023,6,1108
30/09/2023,7,1960
30/09/2023,8,2808
30/09/2023,9,3722
30/09/2023,10,4300
30/09/2023,11,4404
30/09/2023,12,3113
30/09/2023,13,2801
30/09/2023,14,3634
30/09/2023,15,6444
30/09/2023,16,8193
30/09/2023,17,9560
30/09/2023,18,9202
30/09/2023,19,7967
30/09/2023,20,7917
30/09/2023,21,7629
30/09/2023,22,6581
30/09/2023,23,4612
30/09/2024,0,2922
30/09/2024,1,1611
30/09/2024,2,1097
30/09/2024,3,789
30/09/2024,4,828
30/09/2024,5,2039
30/09/2024,6,4790
30/09/2024,7,12251
30/09/2024,8,15915
30/09/2024,9,7738
30/09/2024,10,5421
30/09/2024,11,6155
30/09/2024,12,6407
30/09/2024,13,6089
30/09/2024,14,6187
30/09/2024,15,7796
30/09/2024,16,10090
30/09/2024,17,15788
30/09/2024,18,20896
30/09/2024,19,13854
30/09/2024,20,11733
30/09/2024,21,11013
30/09/2024,22,9313
30/09/2024,23,5835
30/10/2022,0,4652
30/10/2022,1,3434
30/10/2022,2,2400
30/10/2022,3,1622
30/10/2022,4,1036
30/10/2022,5,776
30/10/2022,6,1018
30/10/2022,7,1758
30/10/2022,8,3041
30/10/2022,9,4292
30/10/2022,10,4932
30/10/2022,11,5759
30/10/2022,12,7315
30/10/2022,13,8339
30/10/2022,14,9179
30/10/2022,15,10217
30/10/2022,16,10870
30/10/2022,17,10408
30/10/2022,18,8504
30/10/2022,19,6938
30/10/2022,20,6388
30/10/2022,21,5872
30/10/2022,22,4675
30/10/2022,23,3271
30/10/2023,0,2642
30/10/2023,1,1536
30/10/2023,2,1016
30/10/2023,3,720
30/10/2023,4,710
30/10/2023,5,1724
30/10/2023,6,4169
30/10/2023,7,11365
30/10/2023,8,16408
30/10/2023,9,7998
30/10/2023,10,5709
30/10/2023,11,6883
30/10/2023,12,7308
30/10/2023,13,7327
30/10/2023,14,7277
30/10/2023,15,8848
30/10/2023,16,11561
30/10/2023,17,16455
30/10/2023,18,21119
30/10/2023,19,13203
30/10/2023,20,10916
30/10/2023,21,9602
30/10/2023,22,7933
30/10/2023,23,4526
30/10/2024,0,2704
30/10/2024,1,1661
30/10/2024,2,1057
30/10/2024,3,775
30/10/2024,4,733
30/10/2024,5,1706
30/10/2024,6,3897
30/10/2024,7,11164
30/10/2024,8,16011
30/10/2024,9,7550
30/10/2024,10,5036
30/10/2024,11,6104
30/10/2024,12,6417
30/10/2024,13,6480
30/10/2024,14,6607
30/10/2024,15,8015
30/10/2024,16,10069
30/10/2024,17,14685
30/10/2024,18,18021
30/10/2024,19,11332
30/10/2024,20,9020
30/10/2024,21,8164
30/10/2024,22,6698
30/10/2024,23,3956
30/11/2022,0,1341
30/11/2022,1,937
30/11/2022,2,624
30/11/2022,3,374
30/11/2022,4,343
30/11/2022,5,819
30/11/2022,6,1812
30/11/2022,7,5015
30/11/2022,8,9232
30/11/2022,9,4469
30/11/2022,10,2697
30/11/2022,11,2908
30/11/2022,12,3070
30/11/2022,13,3013
30/11/2022,14,3029
30/11/2022,15,3489
30/11/2022,16,4503
30/11/2022,17,5639
30/11/2022,18,7676
30/11/2022,19,4489
30/11/2022,20,3192
30/11/2022,21,2709
30/11/2022,22,2380
30/11/2022,23,1588
30/11/2023,0,1500
30/11/2023,1,1029
30/11/2023,2,669
30/11/2023,3,488
30/11/2023,4,443
30/11/2023,5,971
30/11/2023,6,2288
30/11/2023,7,6008
30/11/2023,8,9813
30/11/2023,9,4799
30/11/2023,10,3077
30/11/2023,11,3264
30/11/2023,12,3611
30/11/2023,13,3383
30/11/2023,14,3414
30/11/2023,15,3888
30/11/2023,16,5410
30/11/2023,17,6986
30/11/2023,18,8680
30/11/2023,19,5332
30/11/2023,20,4126
30/11/2023,21,3902
30/11/2023,22,3178
30/11/2023,23,2091
30/11/2024,0,1805
30/11/2024,1,1584
30/11/2024,2,1136
30/11/2024,3,784
30/11/2024,4,532
30/11/2024,5,656
30/11/2024,6,772
30/11/2024,7,1346
30/11/2024,8,2631
30/11/2024,9,3299
30/11/2024,10,3467
30/11/2024,11,3648
30/11/2024,12,3921
30/11/2024,13,4341
30/11/2024,14,4394
30/11/2024,15,4374
30/11/2024,16,3274
30/11/2024,17,2717
30/11/2024,18,2482
30/11/2024,19,2123
30/11/2024,20,2062
30/11/2024,21,2282
30/11/2024,22,2108
30/11/2024,23,1682
30/12/2022,0,1174
30/12/2022,1,918
30/12/2022,2,730
30/12/2022,3,472
30/12/2022,4,368
30/12/2022,5,550
30/12/2022,6,1002
30/12/2022,7,2280
30/12/2022,8,4726
30/12/2022,9,2677
30/12/2022,10,2238
30/12/2022,11,2564
30/12/2022,12,2975
30/12/2022,13,3073
30/12/2022,14,3490
30/12/2022,15,3634
30/12/2022,16,4108
30/12/2022,17,4533
30/12/2022,18,4260
30/12/2022,19,2811
30/12/2022,20,2111
30/12/2022,21,2076
30/12/2022,22,1837
30/12/2022,23,1451
30/12/2023,0,1850
30/12/2023,1,1561
30/12/2023,2,1063
30/12/2023,3,779
30/12/2023,4,549
30/12/2023,5,544
30/12/2023,6,801
30/12/2023,7,1028
30/12/2023,8,1054
30/12/2023,9,591
30/12/2023,10,416
30/12/2023,11,314
30/12/2023,12,241
30/12/2023,13,202
30/12/2023,14,232
30/12/2023,15,363
30/12/2023,16,550
30/12/2023,17,698
30/12/2023,18,614
30/12/2023,19,471
30/12/2023,20,405
30/12/2023,21,242
30/12/2023,22,282
30/12/2023,23,364
30/12/2024,0,1198
30/12/2024,1,755
30/12/2024,2,555
30/12/2024,3,422
30/12/2024,4,461
30/12/2024,5,913
30/12/2024,6,1812
30/12/2024,7,4678
30/12/2024,8,7416
30/12/2024,9,3706
30/12/2024,10,2696
30/12/2024,11,3185
30/12/2024,12,3567
30/12/2024,13,3541
30/12/2024,14,4024
30/12/2024,15,4204
30/12/2024,16,4971
30/12/2024,17,6483
30/12/2024,18,7841
30/12/2024,19,4816
30/12/2024,20,3774
30/12/2024,21,3520
30/12/2024,22,3018
30/12/2024,23,1923
31/01/2022,0,544
31/01/2022,1,357
31/01/2022,2,244
31/01/2022,3,172
31/01/2022,4,168
31/01/2022,5,162
31/01/2022,6,222
31/01/2022,7,447
31/01/2022,8,703
31/01/2022,9,942
31/01/2022,10,1325
31/01/2022,11,1657
31/01/2022,12,2114
31/01/2022,13,2442
31/01/2022,14,2708
31/01/2022,15,2878
31/01/2022,16,2949
31/01/2022,17,2633
31/01/2022,18,2041
31/01/2022,19,1703
31/01/2022,20,1505
31/01/2022,21,1031
31/01/2022,22,362
31/01/2022,23,243
31/01/2023,0,1317
31/01/2023,1,963
31/01/2023,2,672
31/01/2023,3,394
31/01/2023,4,361
31/01/2023,5,720
31/01/2023,6,1555
31/01/2023,7,3786
31/01/2023,8,7279
31/01/2023,9,3543
31/01/2023,10,2350
31/01/2023,11,2827
31/01/2023,12,3040
31/01/2023,13,3138
31/01/2023,14,3240
31/01/2023,15,3725
31/01/2023,16,4155
31/01/2023,17,6028
31/01/2023,18,8224
31/01/2023,19,5020
31/01/2023,20,4111
31/01/2023,21,3553
31/01/2023,22,2949
31/01/2023,23,1881
31/01/2024,0,1695
31/01/2024,1,1109
31/01/2024,2,628
31/01/2024,3,471
31/01/2024,4,775
31/01/2024,5,986
31/01/2024,6,2175
31/01/2024,7,5025
31/01/2024,8,8975
31/01/2024,9,4466
31/01/2024,10,3028
31/01/2024,11,3575
31/01/2024,12,3928
31/01/2024,13,3951
31/01/2024,14,4166
31/01/2024,15,4485
31/01/2024,16,5501
31/01/2024,17,7773
31/01/2024,18,9957
31/01/2024,19,5954
31/01/2024,20,4596
31/01/2024,21,4213
31/01/2024,22,3595
31/01/2024,23,2187
31/03/2022,0,1958
31/03/2022,1,1153
31/03/2022,2,633
31/03/2022,3,471
31/03/2022,4,370
31/03/2022,5,774
31/03/2022,6,1900
31/03/2022,7,5595
31/03/2022,8,9314
31/03/2022,9,4766
31/03/2022,10,3532
31/03/2022,11,4342
31/03/2022,12,4956
31/03/2022,13,4838
31/03/2022,14,4924
31/03/2022,15,5683
31/03/2022,16,6835
31/03/2022,17,9006
31/03/2022,18,12727
31/03/2022,19,7697
31/03/2022,20,5985
31/03/2022,21,5169
31/03/2022,22,4713
31/03/2022,23,3178
31/03/2023,0,2991
31/03/2023,1,2035
31/03/2023,2,1288
31/03/2023,3,849
31/03/2023,4,604
31/03/2023,5,1190
31/03/2023,6,3057
31/03/2023,7,8996
31/03/2023,8,13850
31/03/2023,9,7381
31/03/2023,10,5450
31/03/2023,11,6575
31/03/2023,12,7448
31/03/2023,13,7415
31/03/2023,14,7806
31/03/2023,15,9176
31/03/2023,16,11251
31/03/2023,17,15212
31/03/2023,18,18698
31/03/2023,19,11569
31/03/2023,20,9411
31/03/2023,21,8605
31/03/2023,22,7772
31/03/2023,23,5261
31/03/2024,0,2611
31/03/2024,1,1744
31/03/2024,2,1218
31/03/2024,3,866
31/03/2024,4,655
31/03/2024,5,587
31/03/2024,6,887
31/03/2024,7,1599
31/03/2024,8,2966
31/03/2024,9,3968
31/03/2024,10,4953
31/03/2024,11,6127
31/03/2024,12,7800
31/03/2024,13,9694
31/03/2024,14,10916
31/03/2024,15,11853
31/03/2024,16,12174
31/03/2024,17,11475
31/03/2024,18,9043
31/03/2024,19,7088
31/03/2024,20,6165
31/03/2024,21,5303
31/03/2024,22,3946
31/03/2024,23,2661
31/05/2022,0,3606
31/05/2022,1,2277
31/05/2022,2,1439
31/05/2022,3,880
31/05/2022,4,770
31/05/2022,5,1611
31/05/2022,6,4028
31/05/2022,7,10439
31/05/2022,8,15586
31/05/2022,9,7380
31/05/2022,10,5299
31/05/2022,11,6170
31/05/2022,12,6473
31/05/2022,13,6397
31/05/2022,14,6546
31/05/2022,15,7212
31/05/2022,16,10194
31/05/2022,17,14425
31/05/2022,18,20005
31/05/2022,19,13682
31/05/2022,20,11573
31/05/2022,21,11014
31/05/2022,22,9743
31/05/2022,23,6754
31/05/2023,0,3591
31/05/2023,1,2422
31/05/2023,2,1497
31/05/2023,3,945
31/05/2023,4,825
31/05/2023,5,1897
31/05/2023,6,4478
31/05/2023,7,12849
31/05/2023,8,17149
31/05/2023,9,8262
31/05/2023,10,5469
31/05/2023,11,6384
31/05/2023,12,6791
31/05/2023,13,6517
31/05/2023,14,6545
31/05/2023,15,7745
31/05/2023,16,10562
31/05/2023,17,15981
31/05/2023,18,22185
31/05/2023,19,14861
31/05/2023,20,12788
31/05/2023,21,11398
31/05/2023,22,9479
31/05/2023,23,5701
31/05/2024,0,3731
31/05/2024,1,2428
31/05/2024,2,1667
31/05/2024,3,1114
31/05/2024,4,967
31/05/2024,5,1924
31/05/2024,6,4679
31/05/2024,7,12108
31/05/2024,8,16303
31/05/2024,9,8036
31/05/2024,10,5786
31/05/2024,11,6719
31/05/2024,12,7323
31/05/2024,13,6964
31/05/2024,14,7440
31/05/2024,15,9161
31/05/2024,16,11475
31/05/2024,17,16509
31/05/2024,18,18198
31/05/2024,19,12251
31/05/2024,20,10015
31/05/2024,21,9292
31/05/2024,22,7972
31/05/2024,23,4833
31/07/2022,0,4446
31/07/2022,1,2928
31/07/2022,2,1992
31/07/2022,3,1352
31/07/2022,4,924
31/07/2022,5,978
31/07/2022,6,1243
31/07/2022,7,1426
31/07/2022,8,2617
31/07/2022,9,2331
31/07/2022,10,2146
31/07/2022,11,1220
31/07/2022,12,963
31/07/2022,13,272
31/07/2022,14,270
31/07/2022,15,282
31/07/2022,16,986
31/07/2022,17,593
31/07/2022,18,1167
31/07/2022,19,629
31/07/2022,20,179
31/07/2022,21,215
31/07/2022,22,163
31/07/2022,23,499
31/07/2023,0,2803
31/07/2023,1,1657
31/07/2023,2,1078
31/07/2023,3,777
31/07/2023,4,787
31/07/2023,5,1721
31/07/2023,6,3835
31/07/2023,7,7950
31/07/2023,8,11946
31/07/2023,9,6265
31/07/2023,10,4352
31/07/2023,11,4918
31/07/2023,12,5206
31/07/2023,13,4831
31/07/2023,14,4540
31/07/2023,15,3951
31/07/2023,16,5408
31/07/2023,17,10794
31/07/2023,18,16159
31/07/2023,19,12392
31/07/2023,20,10883
31/07/2023,21,9831
31/07/2023,22,8054
31/07/2023,23,4939
31/07/2024,0,3067
31/07/2024,1,2092
31/07/2024,2,1389
31/07/2024,3,982
31/07/2024,4,940
31/07/2024,5,1923
31/07/2024,6,4178
31/07/2024,7,8638
31/07/2024,8,13327
31/07/2024,9,6705
31/07/2024,10,4631
31/07/2024,11,5150
31/07/2024,12,5562
31/07/2024,13,4973
31/07/2024,14,4744
31/07/2024,15,5234
31/07/2024,16,6621
31/07/2024,17,11091
31/07/2024,18,16284
31/07/2024,19,11256
31/07/2024,20,9664
31/07/2024,21,8886
31/07/2024,22,7864
31/07/2024,23,4665
31/08/2022,0,1717
31/08/2022,1,1467
31/08/2022,2,986
31/08/2022,3,727
31/08/2022,4,691
31/08/2022,5,1241
31/08/2022,6,2816
31/08/2022,7,7714
31/08/2022,8,11637
31/08/2022,9,6295
31/08/2022,10,4660
31/08/2022,11,5620
31/08/2022,12,6022
31/08/2022,13,5901
31/08/2022,14,5901
31/08/2022,15,6475
31/08/2022,16,9615
31/08/2022,17,14569
31/08/2022,18,19773
31/08/2022,19,14032
31/08/2022,20,11862
31/08/2022,21,10563
31/08/2022,22,8665
31/08/2022,23,5370
31/08/2023,0,3032
31/08/2023,1,2044
31/08/2023,2,1442
31/08/2023,3,1054
31/08/2023,4,897
31/08/2023,5,1834
31/08/2023,6,4262
31/08/2023,7,10745
31/08/2023,8,14255
31/08/2023,9,7011
31/08/2023,10,5022
31/08/2023,11,6013
31/08/2023,12,6361
31/08/2023,13,5959
31/08/2023,14,6132
31/08/2023,15,7176
31/08/2023,16,10289
31/08/2023,17,15027
31/08/2023,18,21662
31/08/2023,19,15358
31/08/2023,20,13151
31/08/2023,21,12086
31/08/2023,22,10092
31/08/2023,23,6159
31/08/2024,0,4105
31/08/2024,1,3061
31/08/2024,2,1995
31/08/2024,3,1450
31/08/2024,4,1111
31/08/2024,5,1386
31/08/2024,6,2224
31/08/2024,7,3332
31/08/2024,8,4912
31/08/2024,9,5811
31/08/2024,10,5809
31/08/2024,11,6157
31/08/2024,12,6504
31/08/2024,13,6327
31/08/2024,14,6103
31/08/2024,15,6584
31/08/2024,16,7866
31/08/2024,17,9196
31/08/2024,18,10075
31/08/2024,19,9831
31/08/2024,20,9421
31/08/2024,21,8872
31/08/2024,22,7271
31/08/2024,23,5138
31/10/2022,0,2417
31/10/2022,1,1435
31/10/2022,2,930
31/10/2022,3,602
31/10/2022,4,606
31/10/2022,5,1291
31/10/2022,6,3073
31/10/2022,7,9200
31/10/2022,8,14409
31/10/2022,9,6918
31/10/2022,10,4947
31/10/2022,11,5826
31/10/2022,12,6511
31/10/2022,13,6552
31/10/2022,14,6443
31/10/2022,15,7564
31/10/2022,16,10082
31/10/2022,17,13310
31/10/2022,18,18135
31/10/2022,19,11454
31/10/2022,20,9475
31/10/2022,21,8161
31/10/2022,22,6793
31/10/2022,23,3984
31/10/2023,0,2978
31/10/2023,1,1895
31/10/2023,2,1175
31/10/2023,3,839
31/10/2023,4,787
31/10/2023,5,1787
31/10/2023,6,4368
31/10/2023,7,12096
31/10/2023,8,18082
31/10/2023,9,8666
31/10/2023,10,5960
31/10/2023,11,7016
31/10/2023,12,7550
31/10/2023,13,7457
31/10/2023,14,7296
31/10/2023,15,8313
31/10/2023,16,11899
31/10/2023,17,16166
31/10/2023,18,20743
31/10/2023,19,13420
31/10/2023,20,11037
31/10/2023,21,10144
31/10/2023,22,8413
31/10/2023,23,5019
31/10/2024,0,2763
31/10/2024,1,1851
31/10/2024,2,1173
31/10/2024,3,862
31/10/2024,4,757
31/10/2024,5,1684
31/10/2024,6,3932
31/10/2024,7,11164
31/10/2024,8,15889
31/10/2024,9,7541
31/10/2024,10,5250
31/10/2024,11,6133
31/10/2024,12,6564
31/10/2024,13,6247
31/10/2024,14,6547
31/10/2024,15,7715
31/10/2024,16,10595
31/10/2024,17,14418
31/10/2024,18,17572
31/10/2024,19,11446
31/10/2024,20,8920
31/10/2024,21,8242
31/10/2024,22,6551
31/10/2024,23,3998
31/12/2022,0,1346
31/12/2022,1,1164
31/12/2022,2,825
31/12/2022,3,592
31/12/2022,4,401
31/12/2022,5,383
31/12/2022,6,483
31/12/2022,7,768
31/12/2022,8,1447
31/12/2022,9,1897
31/12/2022,10,2053
31/12/2022,11,2321
31/12/2022,12,2668
31/12/2022,13,2828
31/12/2022,14,2834
31/12/2022,15,3023
31/12/2022,16,3246
31/12/2022,17,3017
31/12/2022,18,2528
31/12/2022,19,2026
31/12/2022,20,1750
31/12/2022,21,1747
31/12/2022,22,1618
31/12/2022,23,1382
31/12/2023,0,368
31/12/2023,1,270
31/12/2023,2,346
31/12/2023,3,370
31/12/2023,4,238
31/12/2023,5,197
31/12/2023,6,129
31/12/2023,7,74
31/12/2023,8,304
31/12/2023,9,764
31/12/2023,10,961
31/12/2023,11,1216
31/12/2023,12,1413
31/12/2023,13,1869
31/12/2023,14,2069
31/12/2023,15,2425
31/12/2023,16,2771
31/12/2023,17,2914
31/12/2023,18,2472
31/12/2023,19,1928
31/12/2023,20,1689
31/12/2023,21,1637
31/12/2023,22,1459
31/12/2023,23,1247
31/12/2024,0,1431
31/12/2024,1,1076
31/12/2024,2,784
31/12/2024,3,611
31/12/2024,4,503
31/12/2024,5,831
31/12/2024,6,1647
31/12/2024,7,4371
31/12/2024,8,7115
31/12/2024,9,3571
31/12/2024,10,2726
31/12/2024,11,3074
31/12/2024,12,3423
31/12/2024,13,3461
31/12/2024,14,4087
31/12/2024,15,4671
31/12/2024,16,5176
31/12/2024,17,5796
31/12/2024,18,5910
31/12/2024,19,3675
31/12/2024,20,2787
31/12/2024,21,2420
31/12/2024,22,2159
31/12/2024,23,1637
